start_ts,end_ts,duration_samples,duration_minutes,triggering_channels,peak_score
2026-06-17 21:23:36.766021+00:00,2026-06-17 21:25:36.766349+00:00,5,2.5,pressure_hpa,3.1195197625786535
2026-06-18 00:52:06.800466+00:00,2026-06-18 00:55:06.800949+00:00,7,3.5,pressure_hpa,5.395926075751417
2026-06-18 04:01:34.059663+00:00,2026-06-18 04:03:04.059919+00:00,4,2.0,pressure_hpa,3.37245379736764
2026-06-18 11:29:45.984633+00:00,2026-06-18 11:39:45.986272+00:00,21,10.5,co2_ppm,9.057447341542849
2026-06-18 12:52:15.998055+00:00,2026-06-18 12:54:15.998380+00:00,5,2.5,pressure_hpa,4.384189936601703
2026-06-18 21:18:12.766108+00:00,2026-06-18 21:20:11.482043+00:00,5,2.5,pressure_hpa,4.046944556863405
2026-06-19 13:53:42.901650+00:00,2026-06-19 14:01:12.902850+00:00,16,8.0,pressure_hpa,6.744907594771065
2026-06-19 18:51:42.950024+00:00,2026-06-19 18:53:12.950268+00:00,4,2.0,co2_ppm,4.181842708754891
2026-06-19 18:54:12.950432+00:00,2026-06-19 19:06:12.952391+00:00,25,12.5,co2_ppm,7.01470389855659
2026-06-20 03:29:43.034085+00:00,2026-06-20 03:31:13.034344+00:00,4,2.0,pressure_hpa,5.39592607582043
2026-06-20 13:10:13.127638+00:00,2026-06-20 13:11:43.127872+00:00,4,2.0,co2_ppm,3.4848689239624084
2026-06-20 13:12:43.128031+00:00,2026-06-20 13:41:43.132707+00:00,59,29.5,co2_ppm,7.149602050451909
2026-06-21 02:20:43.255719+00:00,2026-06-21 02:22:13.255954+00:00,4,2.0,pressure_hpa,3.7096991771251075
2026-06-21 02:23:43.256195+00:00,2026-06-21 02:30:43.257322+00:00,15,7.5,pressure_hpa,5.058680696078298
2026-06-21 07:57:13.309897+00:00,2026-06-21 08:07:13.311501+00:00,21,10.5,co2_ppm,8.993210126354603
2026-06-21 09:17:13.322845+00:00,2026-06-21 09:19:13.323167+00:00,5,2.5,co2_ppm,4.046944556859572
2026-06-21 13:50:13.367078+00:00,2026-06-21 13:52:43.367495+00:00,6,3.0,pressure_hpa,4.721435316313162
2026-06-22 03:06:43.500390+00:00,2026-06-22 03:12:43.501385+00:00,13,6.5,co2_ppm,5.058680696074464
2026-06-22 03:25:43.503522+00:00,2026-06-22 03:28:13.503932+00:00,6,3.0,co2_ppm,3.5410764872521248
2026-06-22 03:29:13.504094+00:00,2026-06-22 03:35:13.505088+00:00,13,6.5,co2_ppm,4.890058006205315
2026-06-22 03:37:43.505499+00:00,2026-06-22 03:39:43.505824+00:00,5,2.5,co2_ppm,3.5410764872521248
2026-06-22 08:16:13.551155+00:00,2026-06-22 08:27:13.552947+00:00,23,11.5,"mass_pm10,mass_pm2_5",22.602244699729482
2026-06-22 09:15:13.560772+00:00,2026-06-22 09:35:13.564032+00:00,41,20.5,"co2_ppm,mass_pm10,mass_pm2_5",39.46158190611443
2026-06-22 09:37:13.564354+00:00,2026-06-22 09:38:43.564606+00:00,4,2.0,mass_pm2_5,3.9447247743217693
2026-06-22 11:44:24.703521+00:00,2026-06-22 11:49:54.704448+00:00,12,6.0,co2_ppm,5.772847382579094
2026-06-22 12:16:07.005820+00:00,2026-06-22 12:36:51.363423+00:00,25,12.5,co2_ppm,10.579495047900952
2026-06-22 14:35:21.382657+00:00,2026-06-22 14:39:21.383295+00:00,9,4.5,pressure_hpa,3.878321866983234
2026-06-22 14:40:21.383467+00:00,2026-06-22 14:46:51.384521+00:00,14,7.0,pressure_hpa,3.70969917712383
2026-06-22 17:41:51.412936+00:00,2026-06-22 17:52:51.414730+00:00,23,11.5,"co2_ppm,mass_pm10,mass_pm2_5",7.11962468336406
2026-06-22 18:17:21.418660+00:00,2026-06-22 18:25:51.420029+00:00,18,9.0,co2_ppm,4.196831392298814
2026-06-22 18:52:51.424341+00:00,2026-06-22 19:00:51.425647+00:00,17,8.5,"mass_pm10,mass_pm2_5",7.0467374566365235
2026-06-22 21:42:51.451759+00:00,2026-06-22 21:44:51.452080+00:00,5,2.5,pressure_hpa,3.8783218669942565
2026-06-22 21:45:51.452245+00:00,2026-06-22 21:48:21.452586+00:00,6,3.0,pressure_hpa,3.541076487255959
2026-06-22 21:54:51.453639+00:00,2026-06-22 21:56:51.453955+00:00,5,2.5,co2_ppm,3.22792006320942
2026-06-23 05:12:51.524677+00:00,2026-06-23 05:49:51.530741+00:00,75,37.5,co2_ppm,13.658437879401053
2026-06-23 07:33:21.547522+00:00,2026-06-23 08:01:51.552301+00:00,58,29.0,"co2_ppm,mass_pm10,mass_pm2_5",46.52303069561436
2026-06-23 08:50:21.560183+00:00,2026-06-23 08:52:51.560584+00:00,6,3.0,co2_ppm,3.439902873330636
2026-06-23 09:11:51.563659+00:00,2026-06-23 09:20:51.565115+00:00,19,9.5,co2_ppm,4.336012025206683
2026-06-23 10:32:51.576774+00:00,2026-06-23 10:36:51.577422+00:00,9,4.5,pressure_hpa,4.046944556840401
2026-06-23 11:02:21.581552+00:00,2026-06-23 11:04:21.581868+00:00,5,2.5,pressure_hpa,4.721435316313162
2026-06-23 15:47:21.627696+00:00,2026-06-23 15:51:21.628349+00:00,9,4.5,pressure_hpa,4.316740860654811
2026-06-23 15:53:21.628678+00:00,2026-06-23 16:02:21.630139+00:00,19,9.5,co2_ppm,3.7096991771251075
2026-06-23 17:19:21.642623+00:00,2026-06-23 17:39:51.645938+00:00,42,21.0,co2_ppm,6.359484303636469
2026-06-23 19:38:21.665018+00:00,2026-06-23 20:06:51.669605+00:00,58,29.0,"co2_ppm,mass_pm10,mass_pm2_5",590.805094019927
2026-06-23 20:14:21.670822+00:00,2026-06-23 20:28:21.673097+00:00,29,14.5,"mass_pm10,mass_pm2_5",164.35395558078028
2026-06-23 20:29:21.673261+00:00,2026-06-23 20:30:51.673498+00:00,4,2.0,"mass_pm10,mass_pm2_5",145.70603616691315
2026-06-23 20:31:51.673658+00:00,2026-06-23 20:40:51.675130+00:00,19,9.5,"mass_pm10,mass_pm2_5",218.19538341963255
2026-06-23 21:00:21.678292+00:00,2026-06-23 21:10:21.680802+00:00,21,10.5,co2_ppm,4.327982373308152
2026-06-23 21:19:51.682365+00:00,2026-06-23 21:23:21.682912+00:00,8,4.0,co2_ppm,3.7096991771212733
2026-06-24 04:31:21.752430+00:00,2026-06-24 05:12:51.761590+00:00,84,42.0,co2_ppm,16.66955734135014
2026-06-24 09:15:51.802088+00:00,2026-06-24 09:33:51.805045+00:00,37,18.5,"co2_ppm,mass_pm10,mass_pm2_5",4.857198621146809
2026-06-24 12:55:51.837927+00:00,2026-06-24 12:59:51.838577+00:00,9,4.5,co2_ppm,4.046944556859572
2026-06-24 13:12:21.840613+00:00,2026-06-24 13:27:51.843136+00:00,32,16.0,co2_ppm,5.530824227708081
2026-06-24 17:52:21.886162+00:00,2026-06-24 17:56:51.886901+00:00,10,5.0,pressure_hpa,4.046944556862128
2026-06-24 20:46:21.914430+00:00,2026-06-24 20:49:51.915003+00:00,8,4.0,co2_ppm,3.812339075302495
2026-06-24 23:32:21.941400+00:00,2026-06-24 23:36:51.942133+00:00,10,5.0,co2_ppm,4.271774810018436
2026-06-25 05:39:18.612150+00:00,2026-06-25 06:25:18.619771+00:00,93,46.5,"co2_ppm,mass_pm10,mass_pm2_5",961.9186874144851
2026-06-25 07:13:48.627689+00:00,2026-06-25 07:18:18.628443+00:00,10,5.0,pressure_hpa,4.384189936601703
2026-06-25 15:02:48.704732+00:00,2026-06-25 15:10:18.705973+00:00,16,8.0,co2_ppm,4.568141961909668
2026-06-25 15:14:48.706699+00:00,2026-06-25 15:17:48.707192+00:00,7,3.5,"mass_pm10,mass_pm2_5",185.93058852974357
2026-06-25 15:20:48.707694+00:00,2026-06-25 15:23:18.708099+00:00,6,3.0,"mass_pm10,mass_pm2_5",821.7186180807356
2026-06-25 15:26:48.708687+00:00,2026-06-25 15:29:18.709094+00:00,6,3.0,"mass_pm10,mass_pm2_5",831.2345484942862
2026-06-25 15:30:18.709258+00:00,2026-06-25 15:33:48.709842+00:00,8,4.0,"mass_pm10,mass_pm2_5",575.4657486012626
2026-06-25 15:36:18.710256+00:00,2026-06-25 15:37:48.710510+00:00,4,2.0,"mass_pm10,mass_pm2_5",187.97357582956658
2026-06-25 15:38:48.710672+00:00,2026-06-25 15:40:48.711004+00:00,5,2.5,"mass_pm10,mass_pm2_5",1123.5571515906797
2026-06-25 15:42:48.711332+00:00,2026-06-25 15:45:48.711818+00:00,7,3.5,"mass_pm10,mass_pm2_5",212.63452678432677
2026-06-25 16:40:48.720830+00:00,2026-06-25 16:45:48.721657+00:00,11,5.5,"mass_pm10,mass_pm2_5",10.523771524821937
2026-06-25 21:30:18.768538+00:00,2026-06-25 21:33:18.769045+00:00,7,3.5,co2_ppm,3.5223406328222193
2026-06-25 21:35:48.769450+00:00,2026-06-25 21:38:48.769943+00:00,7,3.5,co2_ppm,4.299878591663295
2026-06-26 00:36:18.799023+00:00,2026-06-26 00:38:48.799434+00:00,6,3.0,co2_ppm,4.046944556859572
2026-06-26 04:15:16.441620+00:00,2026-06-26 04:16:46.441872+00:00,4,2.0,co2_ppm,4.271774810018436
2026-06-26 12:15:46.524310+00:00,2026-06-26 12:44:16.531624+00:00,58,29.0,"co2_ppm,mass_pm10,mass_pm2_5",747.5207140241579
2026-06-26 12:46:16.531936+00:00,2026-06-26 12:50:16.532623+00:00,9,4.5,"mass_pm10,mass_pm2_5",1725.135820216132
2026-06-26 12:51:16.532764+00:00,2026-06-26 12:53:16.533104+00:00,5,2.5,"mass_pm10,mass_pm2_5",184.16651435541016
2026-06-26 12:58:46.534024+00:00,2026-06-26 13:00:16.534255+00:00,4,2.0,"mass_pm10,mass_pm2_5",145.30161084029535
2026-06-26 13:01:16.534524+00:00,2026-06-26 13:04:16.535013+00:00,7,3.5,"mass_pm10,mass_pm2_5",202.87890705322314
2026-06-26 13:40:16.540933+00:00,2026-06-26 13:41:46.541184+00:00,4,2.0,co2_ppm,3.3724537973829762
2026-06-26 17:29:46.578541+00:00,2026-06-26 17:33:46.579190+00:00,9,4.5,"mass_pm10,mass_pm2_5",46.52301635758454
2026-06-26 19:51:16.603010+00:00,2026-06-26 20:11:16.606320+00:00,41,20.5,"co2_ppm,mass_pm10,mass_pm2_5",768.4912050865978
2026-06-26 20:12:46.606556+00:00,2026-06-26 20:19:16.607648+00:00,14,7.0,"mass_pm10,mass_pm2_5",363.17620338548005
2026-06-26 20:21:16.607991+00:00,2026-06-26 20:23:46.608393+00:00,6,3.0,"mass_pm10,mass_pm2_5",537.3720169708913
2026-06-26 20:24:46.608563+00:00,2026-06-26 20:26:46.608890+00:00,5,2.5,"mass_pm10,mass_pm2_5",58.760065336562306
2026-06-26 21:04:16.621168+00:00,2026-06-26 21:07:46.621724+00:00,8,4.0,pressure_hpa,3.541076487254681
2026-06-26 21:08:46.621898+00:00,2026-06-26 21:11:16.622317+00:00,6,3.0,pressure_hpa,3.912046404959958
2026-06-26 21:12:16.622487+00:00,2026-06-26 21:14:16.622803+00:00,5,2.5,pressure_hpa,3.7771482530735345
2026-06-26 21:17:46.623609+00:00,2026-06-26 21:23:16.624529+00:00,12,6.0,pressure_hpa,3.878321866983234
2026-06-27 03:02:16.681490+00:00,2026-06-27 03:04:16.681823+00:00,5,2.5,pressure_hpa,3.37245379736764
2026-06-27 03:07:46.682390+00:00,2026-06-27 03:12:16.683117+00:00,10,5.0,pressure_hpa,5.3959260757859235
2026-06-27 03:14:46.683539+00:00,2026-06-27 03:16:16.683763+00:00,4,2.0,pressure_hpa,3.37245379738681
2026-06-27 05:16:16.707402+00:00,2026-06-27 05:17:46.707660+00:00,4,2.0,co2_ppm,3.7096991771212737
2026-06-27 08:38:46.741057+00:00,2026-06-27 08:41:46.741543+00:00,7,3.5,co2_ppm,4.046944556859571
2026-06-27 10:23:46.759443+00:00,2026-06-27 10:30:46.760610+00:00,15,7.5,co2_ppm,5.058680696074464
2026-06-27 14:57:46.808659+00:00,2026-06-27 15:02:16.809388+00:00,10,5.0,co2_ppm,4.5608422783655485
2026-06-27 15:43:16.816105+00:00,2026-06-27 15:48:16.816931+00:00,11,5.5,co2_ppm,4.286566274042046
2026-06-27 15:49:16.817096+00:00,2026-06-27 16:01:16.819067+00:00,25,12.5,co2_ppm,30.43789325511636
2026-06-27 16:02:46.819317+00:00,2026-06-27 16:05:16.819722+00:00,6,3.0,"mass_pm10,mass_pm2_5",41.09715855241736
2026-06-27 16:08:46.820311+00:00,2026-06-27 16:12:46.820967+00:00,9,4.5,"mass_pm10,mass_pm2_5",244.48999670271905
2026-06-27 16:13:46.821131+00:00,2026-06-27 16:15:16.821537+00:00,4,2.0,"mass_pm10,mass_pm2_5",132.6183150542365
2026-06-27 16:25:46.823301+00:00,2026-06-27 16:27:16.823561+00:00,4,2.0,"mass_pm10,mass_pm2_5",79.66792633760477
2026-06-27 16:55:16.830054+00:00,2026-06-27 16:57:46.830473+00:00,6,3.0,"mass_pm10,mass_pm2_5",62.039795696075245
2026-06-27 16:58:46.830607+00:00,2026-06-27 17:08:16.832210+00:00,20,10.0,"mass_pm10,mass_pm2_5",47.218840466899216
2026-06-27 17:21:16.834356+00:00,2026-06-27 17:23:16.834694+00:00,5,2.5,"mass_pm10,mass_pm2_5",57.57285268713739
2026-06-27 17:24:16.834883+00:00,2026-06-27 17:25:46.835113+00:00,4,2.0,"mass_pm10,mass_pm2_5",80.72189276398697
2026-06-27 19:29:16.859206+00:00,2026-06-27 19:31:46.859626+00:00,6,3.0,"mass_pm10,mass_pm2_5",29.278916586172702
2026-06-27 19:37:16.860530+00:00,2026-06-27 19:38:46.860762+00:00,4,2.0,"mass_pm10,mass_pm2_5",29.728530032382757
2026-06-27 19:41:46.861274+00:00,2026-06-27 19:43:16.861516+00:00,4,2.0,mass_pm2_5,74.03438500004985
2026-06-27 19:59:16.864173+00:00,2026-06-27 20:03:16.865815+00:00,9,4.5,"mass_pm10,mass_pm2_5",111.22749120348479
2026-06-27 20:04:16.865988+00:00,2026-06-27 20:10:16.866972+00:00,13,6.5,"mass_pm10,mass_pm2_5",36.01240486000266
2026-06-27 22:05:46.886127+00:00,2026-06-27 22:09:46.889137+00:00,9,4.5,pressure_hpa,4.271774810023548
2026-06-28 02:15:16.934351+00:00,2026-06-28 02:38:46.938224+00:00,48,24.0,co2_ppm,6.55219594920121
2026-06-28 04:53:16.961331+00:00,2026-06-28 04:56:16.961809+00:00,7,3.5,pressure_hpa,4.384189936576782
2026-06-28 05:00:46.962580+00:00,2026-06-28 05:02:16.962807+00:00,4,2.0,pressure_hpa,3.0352084176274254
2026-06-28 06:46:46.980183+00:00,2026-06-28 06:53:16.981277+00:00,14,7.0,pressure_hpa,4.721435316340001
2026-06-28 10:40:47.024123+00:00,2026-06-28 10:44:17.024691+00:00,8,4.0,co2_ppm,4.271774810018436
2026-06-28 15:11:47.074431+00:00,2026-06-28 15:29:17.077363+00:00,36,18.0,co2_ppm,8.318719366878007
2026-06-28 18:12:47.108388+00:00,2026-06-28 18:14:17.108670+00:00,4,2.0,pressure_hpa,3.37245379738681
2026-06-29 02:11:17.195921+00:00,2026-06-29 02:13:47.196349+00:00,6,3.0,co2_ppm,4.384189936597869
2026-06-29 03:47:17.215059+00:00,2026-06-29 03:48:47.215315+00:00,4,2.0,pressure_hpa,3.37245379738681
2026-06-29 07:33:47.262124+00:00,2026-06-29 07:36:47.262628+00:00,7,3.5,co2_ppm,3.428661360672692
2026-06-29 12:59:17.329955+00:00,2026-06-29 13:44:47.337501+00:00,92,46.0,"co2_ppm,mass_pm10,mass_pm2_5",77.10744145397511
2026-06-29 14:18:47.346288+00:00,2026-06-29 14:25:17.348797+00:00,14,7.0,pressure_hpa,4.046944556855737
2026-06-29 14:26:17.348962+00:00,2026-06-29 14:36:47.350688+00:00,22,11.0,pressure_hpa,5.86806960743917
2026-06-29 16:09:47.366119+00:00,2026-06-29 16:16:47.367307+00:00,15,7.5,co2_ppm,6.600373860592396
2026-06-29 21:31:20.948235+00:00,2026-06-29 21:35:50.948989+00:00,10,5.0,co2_ppm,3.9243098733183723
2026-06-30 04:27:21.049291+00:00,2026-06-30 04:30:21.049798+00:00,7,3.5,pressure_hpa,4.721435316340001
2026-06-30 04:44:51.052232+00:00,2026-06-30 05:07:51.056016+00:00,47,23.5,co2_ppm,9.021313907999462
2026-06-30 07:23:21.084896+00:00,2026-06-30 07:41:51.087958+00:00,38,19.0,"co2_ppm,mass_pm10,mass_pm2_5",45.7741348075443
2026-06-30 17:19:21.213195+00:00,2026-06-30 17:28:21.214659+00:00,19,9.5,"mass_pm10,mass_pm2_5",19.78596172943746
2026-07-01 13:44:53.353872+00:00,2026-07-01 13:46:23.354111+00:00,4,2.0,co2_ppm,4.046944556859572
2026-07-01 15:33:23.372234+00:00,2026-07-01 15:38:23.373068+00:00,11,5.5,"co2_ppm,pressure_hpa",13.557264265479564
2026-07-01 15:45:53.374274+00:00,2026-07-01 15:58:24.996043+00:00,19,9.5,co2_ppm,19.56023202482126
2026-07-01 16:14:38.583366+00:00,2026-07-01 16:23:13.895990+00:00,15,7.5,co2_ppm,5.6657223796034
2026-07-01 17:04:13.906206+00:00,2026-07-01 17:05:43.906441+00:00,4,2.0,pressure_hpa,4.046944556840401
2026-07-01 23:45:13.972146+00:00,2026-07-01 23:49:13.972804+00:00,9,4.5,pressure_hpa,6.070416835289357
2026-07-02 06:37:44.039836+00:00,2026-07-02 06:42:44.040669+00:00,11,5.5,"mass_pm10,mass_pm2_5",6.696815285691914
2026-07-02 10:45:44.080578+00:00,2026-07-02 10:57:14.082468+00:00,24,12.0,"mass_pm10,mass_pm2_5",11.39948539947877
2026-07-02 12:29:44.097805+00:00,2026-07-02 12:36:44.098951+00:00,15,7.5,pressure_hpa,3.7096991771180785
2026-07-02 15:15:44.128851+00:00,2026-07-02 15:34:44.132039+00:00,39,19.5,co2_ppm,6.610009442870633
2026-07-02 15:40:44.133018+00:00,2026-07-02 15:42:14.133277+00:00,4,2.0,co2_ppm,3.3724537973829762
2026-07-02 18:05:44.156869+00:00,2026-07-02 18:13:14.158125+00:00,16,8.0,co2_ppm,11.803588290840416
2026-07-02 18:57:44.165560+00:00,2026-07-02 18:59:44.165881+00:00,5,2.5,co2_ppm,3.216802083657608
2026-07-02 19:02:44.166373+00:00,2026-07-02 19:05:44.166852+00:00,7,3.5,co2_ppm,3.4848689239624084
2026-07-02 22:33:14.201369+00:00,2026-07-02 22:35:44.201790+00:00,6,3.0,pressure_hpa,4.432367847986237
2026-07-02 22:36:44.201957+00:00,2026-07-02 22:43:44.203116+00:00,15,7.5,pressure_hpa,4.817791139115094
2026-07-02 22:44:44.203274+00:00,2026-07-02 22:46:44.203606+00:00,5,2.5,pressure_hpa,3.7096991771251075
2026-07-03 08:44:14.302377+00:00,2026-07-03 08:47:44.302949+00:00,8,4.0,"mass_pm10,mass_pm2_5",5.4464609065441
2026-07-03 13:00:14.344442+00:00,2026-07-03 13:03:44.345026+00:00,8,4.0,co2_ppm,3.7096991771212737
2026-07-03 13:58:14.354004+00:00,2026-07-03 14:14:14.356599+00:00,33,16.5,pressure_hpa,5.126129772016602
2026-07-03 14:34:44.359994+00:00,2026-07-03 14:43:44.361487+00:00,19,9.5,co2_ppm,19.89747740455956
2026-07-03 17:35:44.389743+00:00,2026-07-03 17:38:14.390156+00:00,6,3.0,co2_ppm,4.4591333543174905
2026-07-03 17:39:44.390410+00:00,2026-07-03 17:41:14.390650+00:00,4,2.0,co2_ppm,5.475277929868831
2026-07-05 01:37:10.224742+00:00,2026-07-05 01:38:40.224993+00:00,4,2.0,co2_ppm,3.7096991771212737
2026-07-05 19:16:10.398273+00:00,2026-07-05 19:19:10.398761+00:00,7,3.5,co2_ppm,7.124308646971537
2026-07-05 23:19:10.437755+00:00,2026-07-05 23:23:40.438492+00:00,10,5.0,co2_ppm,34.17419848014749
2026-07-05 23:31:40.439803+00:00,2026-07-05 23:35:40.440449+00:00,9,4.5,co2_ppm,5.395926075812762
2026-07-05 23:37:10.440685+00:00,2026-07-05 23:41:40.441416+00:00,10,5.0,co2_ppm,3.8783218669904223
2026-07-05 23:47:10.442295+00:00,2026-07-05 23:49:40.442701+00:00,6,3.0,co2_ppm,3.7096991771212737
2026-07-05 23:51:10.442936+00:00,2026-07-05 23:53:10.443262+00:00,5,2.5,co2_ppm,3.8783218669904223
2026-07-06 01:21:10.457588+00:00,2026-07-06 01:30:40.459136+00:00,20,10.0,co2_ppm,16.86226898691488
2026-07-06 01:56:10.463276+00:00,2026-07-06 02:08:10.465241+00:00,25,12.5,co2_ppm,37.26561446108189
2026-07-06 04:02:40.483965+00:00,2026-07-06 04:06:40.484625+00:00,9,4.5,co2_ppm,50.361976707585775
2026-07-06 07:23:40.525017+00:00,2026-07-06 07:25:10.525284+00:00,4,2.0,co2_ppm,3.2038311075138273
2026-07-06 08:33:40.536541+00:00,2026-07-06 08:36:10.536950+00:00,6,3.0,co2_ppm,11.241512657943252
2026-07-06 09:56:40.550205+00:00,2026-07-06 10:00:40.553191+00:00,9,4.5,co2_ppm,34.77374582190446
2026-07-06 10:02:10.553438+00:00,2026-07-06 10:07:40.554375+00:00,12,6.0,co2_ppm,32.91514906245785
2026-07-06 10:08:40.554539+00:00,2026-07-06 10:11:40.555020+00:00,7,3.5,co2_ppm,18.211250505868072
2026-07-06 17:33:10.627534+00:00,2026-07-06 17:35:10.627874+00:00,5,2.5,co2_ppm,3.822114303700706
2026-07-06 18:37:10.638125+00:00,2026-07-06 18:42:40.639009+00:00,12,6.0,co2_ppm,54.63375151760421
2026-07-06 19:54:10.650755+00:00,2026-07-06 19:56:40.651165+00:00,6,3.0,"mass_pm10,mass_pm2_5",28.71638503821279
2026-07-06 20:02:40.652149+00:00,2026-07-06 20:04:10.652393+00:00,4,2.0,"mass_pm10,mass_pm2_5",934.6245893847127
2026-07-06 20:05:10.652558+00:00,2026-07-06 20:12:40.653783+00:00,16,8.0,"mass_pm10,mass_pm2_5",465.5724030437809
2026-07-06 20:21:40.655265+00:00,2026-07-06 20:27:40.656248+00:00,13,6.5,"mass_pm10,mass_pm2_5",113.66946713373368
2026-07-06 21:00:10.665091+00:00,2026-07-06 21:22:10.669000+00:00,45,22.5,"mass_pm10,mass_pm2_5",76.15794235457845
2026-07-06 21:23:40.669269+00:00,2026-07-06 21:25:10.669530+00:00,4,2.0,mass_pm10,3.8065952043709546
2026-07-06 22:21:10.678763+00:00,2026-07-06 22:23:10.679091+00:00,5,2.5,co2_ppm,4.384189936597869
2026-07-06 23:35:40.691131+00:00,2026-07-06 23:38:10.691553+00:00,6,3.0,co2_ppm,3.822114303700706
2026-07-06 23:58:40.694921+00:00,2026-07-07 00:02:10.695502+00:00,8,4.0,pressure_hpa,5.39592607582043
2026-07-07 06:11:10.758960+00:00,2026-07-07 06:34:10.762763+00:00,47,23.5,co2_ppm,36.49744442945576
2026-07-07 13:25:10.837175+00:00,2026-07-07 13:27:40.837585+00:00,6,3.0,"mass_pm10,mass_pm2_5",3.8015114428773593
2026-07-07 15:41:10.859566+00:00,2026-07-07 15:45:40.861180+00:00,10,5.0,co2_ppm,5.395926075812762
2026-07-07 18:49:40.893100+00:00,2026-07-07 18:52:10.893528+00:00,6,3.0,pressure_hpa,3.597284050540705
2026-07-07 18:53:10.893694+00:00,2026-07-07 18:54:40.893945+00:00,4,2.0,pressure_hpa,4.271774810021845
2026-07-07 19:07:10.895984+00:00,2026-07-07 19:09:40.896395+00:00,6,3.0,pressure_hpa,3.541076487249968
2026-07-07 19:18:40.897848+00:00,2026-07-07 19:22:40.898495+00:00,9,4.5,co2_ppm,13.152569809793606
2026-07-07 20:03:40.905352+00:00,2026-07-07 20:07:10.905946+00:00,8,4.0,co2_ppm,11.972210980709566
2026-07-07 20:43:40.912029+00:00,2026-07-07 20:59:40.914671+00:00,33,16.5,pressure_hpa,5.958001708715036
2026-07-07 22:17:10.930433+00:00,2026-07-07 22:22:40.931308+00:00,12,6.0,co2_ppm,21.752326993120196
2026-07-08 00:14:10.949741+00:00,2026-07-08 00:15:40.949987+00:00,4,2.0,co2_ppm,7.644228607401412
2026-07-08 01:08:40.958638+00:00,2026-07-08 01:13:40.959431+00:00,11,5.5,co2_ppm,39.79495480911911
2026-07-08 02:08:10.968408+00:00,2026-07-08 02:09:40.968662+00:00,4,2.0,pressure_hpa,6.74490759477362
2026-07-08 07:59:41.030523+00:00,2026-07-08 08:01:11.030769+00:00,4,2.0,pressure_hpa,3.709699177125108
2026-07-08 08:02:41.031019+00:00,2026-07-08 08:13:41.032770+00:00,23,11.5,pressure_hpa,4.181842708748449
2026-07-08 09:18:11.043445+00:00,2026-07-08 09:32:41.045840+00:00,30,15.0,"co2_ppm,mass_pm10,mass_pm2_5",7.358081012471948
2026-07-08 09:34:11.046087+00:00,2026-07-08 09:36:41.046498+00:00,6,3.0,co2_ppm,3.3724537973829762
2026-07-08 09:41:11.047237+00:00,2026-07-08 09:43:11.047570+00:00,5,2.5,co2_ppm,3.468809620165347
2026-07-08 11:42:41.067530+00:00,2026-07-08 11:48:11.068443+00:00,12,6.0,co2_ppm,31.25140518908224
2026-07-08 13:21:11.083804+00:00,2026-07-08 13:24:11.084296+00:00,7,3.5,co2_ppm,3.8542329112948295
2026-07-08 14:47:11.097579+00:00,2026-07-08 14:58:11.259502+00:00,23,11.5,"co2_ppm,mass_pm10",12.718968607272938
2026-07-08 18:10:41.292107+00:00,2026-07-08 18:13:41.292609+00:00,7,3.5,co2_ppm,14.389136202167364
2026-07-09 01:44:11.369047+00:00,2026-07-09 01:45:41.369293+00:00,4,2.0,pressure_hpa,4.046944556864683
2026-07-09 02:33:41.377262+00:00,2026-07-09 02:39:11.378167+00:00,12,6.0,co2_ppm,25.85547911326948
2026-07-09 05:24:11.405423+00:00,2026-07-09 05:42:11.408349+00:00,37,18.5,"co2_ppm,mass_pm10,mass_pm2_5",10.994199379468503
2026-07-09 05:44:11.408673+00:00,2026-07-09 05:50:41.409757+00:00,14,7.0,co2_ppm,4.16957924040077
2026-07-09 07:51:41.429510+00:00,2026-07-09 08:07:41.432072+00:00,33,16.5,co2_ppm,6.475111290975314
2026-07-09 10:34:41.458334+00:00,2026-07-09 10:40:11.459223+00:00,12,6.0,co2_ppm,55.3082422770808
2026-07-09 13:37:41.488472+00:00,2026-07-09 13:40:41.488964+00:00,7,3.5,co2_ppm,15.513287467961689
2026-07-09 17:17:41.525347+00:00,2026-07-09 17:26:41.526902+00:00,19,9.5,co2_ppm,4.42166164545768
2026-07-09 17:28:41.527233+00:00,2026-07-09 17:30:11.527479+00:00,4,2.0,co2_ppm,8.296236341562121
2026-07-09 18:23:11.536892+00:00,2026-07-09 18:25:11.537217+00:00,5,2.5,co2_ppm,4.196831392298814
2026-07-09 18:53:41.541879+00:00,2026-07-09 18:57:41.542556+00:00,9,4.5,pressure_hpa,4.721435316340001
2026-07-09 18:58:41.542720+00:00,2026-07-09 19:00:41.543048+00:00,5,2.5,co2_ppm,5.251392341639206
2026-07-09 19:11:11.544742+00:00,2026-07-09 19:14:11.545243+00:00,7,3.5,co2_ppm,5.485858177076308
2026-07-09 19:15:41.545497+00:00,2026-07-09 19:17:41.545834+00:00,5,2.5,pressure_hpa,4.046944556863405
2026-07-10 01:32:11.607867+00:00,2026-07-10 01:40:41.609258+00:00,18,9.0,co2_ppm,42.26808759386663
2026-07-10 02:43:11.619447+00:00,2026-07-10 02:46:11.619949+00:00,7,3.5,pressure_hpa,4.721435316341918
2026-07-10 04:10:11.633677+00:00,2026-07-10 04:27:41.636560+00:00,36,18.0,co2_ppm,5.395926075812762
2026-07-10 04:52:11.640628+00:00,2026-07-10 05:10:41.643676+00:00,38,19.0,co2_ppm,34.39902873330635
2026-07-10 06:15:41.654517+00:00,2026-07-10 06:17:11.654774+00:00,4,2.0,co2_ppm,3.7096991771212737
2026-07-10 08:22:11.677627+00:00,2026-07-10 08:57:41.683621+00:00,72,36.0,"co2_ppm,mass_pm10,mass_pm2_5",14.319957662733868
2026-07-10 10:22:11.697901+00:00,2026-07-10 10:29:41.699176+00:00,16,8.0,co2_ppm,30.689329556185083
2026-07-10 11:16:11.707073+00:00,2026-07-10 11:39:41.711036+00:00,48,24.0,co2_ppm,8.487342056747156
2026-07-10 13:10:41.727072+00:00,2026-07-10 13:13:41.727555+00:00,7,3.5,pressure_hpa,3.6422501011725408
2026-07-10 13:14:41.727735+00:00,2026-07-10 13:16:11.727976+00:00,4,2.0,pressure_hpa,3.574801025224958
2026-07-10 13:18:41.728386+00:00,2026-07-10 13:23:11.729133+00:00,10,5.0,pressure_hpa,3.7096991771201235
2026-07-10 13:24:11.729295+00:00,2026-07-10 13:30:11.730314+00:00,13,6.5,pressure_hpa,3.507351949277375
2026-07-10 13:49:41.733599+00:00,2026-07-10 14:12:11.737978+00:00,46,23.0,co2_ppm,5.492281898595133
2026-07-10 16:03:11.756544+00:00,2026-07-10 16:04:41.756801+00:00,4,2.0,pressure_hpa,3.6615212657274276
2026-07-10 20:00:41.796224+00:00,2026-07-10 20:10:11.797812+00:00,20,10.0,co2_ppm,8.003957012455595
2026-07-10 20:11:11.797975+00:00,2026-07-10 20:29:11.800902+00:00,37,18.5,"co2_ppm,mass_pm10,mass_pm2_5",1460.5644866126981
2026-07-10 20:40:11.803296+00:00,2026-07-10 20:47:41.804492+00:00,16,8.0,pressure_hpa,4.432367847991245
2026-07-10 21:16:11.809125+00:00,2026-07-10 21:31:11.811551+00:00,31,15.5,"mass_pm10,mass_pm2_5",18.89150075847094
2026-07-10 21:32:41.811769+00:00,2026-07-10 21:34:41.812085+00:00,5,2.5,"mass_pm10,mass_pm2_5",42.40325721786331
2026-07-10 21:36:11.812340+00:00,2026-07-10 21:48:11.814264+00:00,25,12.5,"mass_pm10,mass_pm2_5",30.57646809206135
2026-07-10 21:49:41.814493+00:00,2026-07-10 21:57:11.815758+00:00,16,8.0,"mass_pm10,mass_pm2_5",10.606624939388917
2026-07-11 05:50:11.894704+00:00,2026-07-11 05:53:11.895200+00:00,7,3.5,pressure_hpa,4.271774810023548
2026-07-11 05:57:41.895943+00:00,2026-07-11 06:00:41.896449+00:00,7,3.5,pressure_hpa,3.822114303688778
2026-07-11 08:03:41.921079+00:00,2026-07-11 08:06:41.921551+00:00,7,3.5,co2_ppm,3.3724537973829762
2026-07-11 09:43:11.937462+00:00,2026-07-11 09:44:41.937712+00:00,4,2.0,pressure_hpa,3.8783218669942565
2026-07-11 09:46:11.937958+00:00,2026-07-11 09:52:11.938952+00:00,13,6.5,pressure_hpa,4.890058006211066
2026-07-11 13:37:41.977260+00:00,2026-07-11 13:42:41.978094+00:00,11,5.5,co2_ppm,3.255151056604438
2026-07-11 13:44:11.978349+00:00,2026-07-11 13:46:41.978769+00:00,6,3.0,co2_ppm,3.415506399051695
2026-07-11 21:50:42.061766+00:00,2026-07-11 21:53:12.062182+00:00,6,3.0,co2_ppm,12.410629974369352
2026-07-12 04:05:12.126647+00:00,2026-07-12 04:08:12.127165+00:00,7,3.5,pressure_hpa,5926.075812753282
2026-07-12 06:09:12.146881+00:00,2026-07-12 06:12:12.147366+00:00,7,3.5,co2_ppm,40.064751112909754
2026-07-12 06:13:12.147519+00:00,2026-07-12 06:21:42.148872+00:00,18,9.0,co2_ppm,22.258195062727644
2026-07-12 09:42:12.184273+00:00,2026-07-12 09:45:42.184851+00:00,8,4.0,co2_ppm,21.988398758937006
2026-07-12 09:47:12.185109+00:00,2026-07-12 09:51:12.185775+00:00,9,4.5,co2_ppm,18.9981563919241
2026-07-12 09:52:12.185936+00:00,2026-07-12 10:06:12.188222+00:00,29,14.5,co2_ppm,5.620756328971626
2026-07-12 12:21:12.212914+00:00,2026-07-12 12:24:12.213429+00:00,7,3.5,co2_ppm,3.2881424524484015
2026-07-12 12:52:12.218091+00:00,2026-07-12 13:35:42.225365+00:00,88,44.0,"co2_ppm,mass_pm10,mass_pm2_5",269.0960347808518
2026-07-12 14:00:42.229514+00:00,2026-07-12 14:16:42.232118+00:00,33,16.5,co2_ppm,6.340213139079995
2026-07-12 15:47:12.246835+00:00,2026-07-12 15:48:42.247071+00:00,4,2.0,co2_ppm,4.721435316336167
2026-07-12 16:55:12.258372+00:00,2026-07-12 16:57:12.258705+00:00,5,2.5,co2_ppm,4.721435316336167
2026-07-12 22:32:42.314714+00:00,2026-07-12 22:35:42.315225+00:00,7,3.5,co2_ppm,26.97963037906381
2026-07-12 22:39:12.315794+00:00,2026-07-12 22:40:42.316043+00:00,4,2.0,co2_ppm,44.17914474571699
2026-07-12 22:42:42.316362+00:00,2026-07-12 22:46:42.317018+00:00,9,4.5,co2_ppm,26.47376230945636
2026-07-12 22:53:12.318105+00:00,2026-07-12 22:57:12.318752+00:00,9,4.5,co2_ppm,12.478079050317012
2026-07-13 05:13:12.383427+00:00,2026-07-13 05:14:42.383660+00:00,4,2.0,pressure_hpa,3.3724537973855324
2026-07-13 05:52:12.389861+00:00,2026-07-13 05:59:12.391014+00:00,15,7.5,co2_ppm,23.382346328521965
2026-07-13 06:30:12.396187+00:00,2026-07-13 06:38:12.397527+00:00,17,8.5,co2_ppm,3.9345294302801386
2026-07-13 08:17:12.414848+00:00,2026-07-13 08:56:42.421433+00:00,80,40.0,"co2_ppm,mass_pm10,mass_pm2_5",22.837004459300953
2026-07-13 12:56:42.461489+00:00,2026-07-13 12:59:12.461901+00:00,6,3.0,pressure_hpa,4.046944556840401
2026-07-13 13:14:42.464384+00:00,2026-07-13 13:18:12.464959+00:00,8,4.0,pressure_hpa,5.733171455554893
2026-07-13 14:16:12.474377+00:00,2026-07-13 14:24:12.475879+00:00,17,8.5,co2_ppm,6.070416835289357
2026-07-13 19:38:12.529097+00:00,2026-07-13 19:39:42.529355+00:00,4,2.0,pressure_hpa,3.8221143037032626
2026-07-13 20:14:12.535109+00:00,2026-07-13 20:22:42.536510+00:00,18,9.0,co2_ppm,4.181842708754891
2026-07-13 23:38:12.569612+00:00,2026-07-13 23:40:12.569938+00:00,5,2.5,co2_ppm,4.046944556859572
2026-07-14 05:12:12.625152+00:00,2026-07-14 05:34:42.628794+00:00,46,23.0,co2_ppm,23.269931201942534
2026-07-14 11:52:12.698112+00:00,2026-07-14 11:53:42.698378+00:00,4,2.0,co2_ppm,3.5410764872521248
2026-07-14 11:54:42.698545+00:00,2026-07-14 11:57:12.698957+00:00,6,3.0,co2_ppm,3.7096991771212737
2026-07-14 14:41:12.731674+00:00,2026-07-14 14:44:42.732277+00:00,8,4.0,pressure_hpa,3.7771482530696487
2026-07-14 14:54:12.733833+00:00,2026-07-14 14:55:42.734077+00:00,4,2.0,co2_ppm,3.372453797382976
2026-07-14 15:53:12.743638+00:00,2026-07-14 15:56:42.744202+00:00,8,4.0,co2_ppm,4.046944556859571
2026-07-14 15:57:42.744384+00:00,2026-07-14 16:18:12.748384+00:00,42,21.0,co2_ppm,5.126129772022124
2026-07-14 17:26:12.759819+00:00,2026-07-14 17:27:42.760069+00:00,4,2.0,pressure_hpa,3.5410764872439775
2026-07-14 18:57:12.775250+00:00,2026-07-14 18:59:12.775585+00:00,5,2.5,pressure_hpa,3.37245379738681
2026-07-14 19:00:12.775738+00:00,2026-07-14 19:02:42.776177+00:00,6,3.0,co2_ppm,3.5410764872521248
2026-07-14 19:42:12.782841+00:00,2026-07-14 19:43:42.783100+00:00,4,2.0,pressure_hpa,3.3724537973855324
2026-07-14 20:11:12.787722+00:00,2026-07-14 20:23:42.789815+00:00,26,13.0,"co2_ppm,mass_pm10,mass_pm2_5",776.132305090237
2026-07-14 20:27:42.790489+00:00,2026-07-14 20:39:42.792483+00:00,25,12.5,"mass_pm10,mass_pm2_5",588.7535104874021
2026-07-14 21:00:12.795835+00:00,2026-07-14 21:15:12.798302+00:00,31,15.5,"mass_pm10,mass_pm2_5",12.904555925521558
2026-07-15 04:43:42.874085+00:00,2026-07-15 05:05:12.877628+00:00,44,22.0,co2_ppm,13.489815189531905
2026-07-15 06:01:42.887158+00:00,2026-07-15 06:33:42.892503+00:00,65,32.5,"co2_ppm,mass_pm10,mass_pm2_5",85.92988751785462
2026-07-15 07:20:42.900266+00:00,2026-07-15 07:23:12.900689+00:00,6,3.0,co2_ppm,3.7096991771212733
2026-07-15 14:11:12.970997+00:00,2026-07-15 14:14:12.971510+00:00,7,3.5,pressure_hpa,4.496605063165373
2026-07-15 16:03:12.989789+00:00,2026-07-15 16:14:12.991591+00:00,23,11.5,co2_ppm,4.914146961900908
2026-07-15 19:01:13.019876+00:00,2026-07-15 19:02:43.020130+00:00,4,2.0,pressure_hpa,4.72143531628249
2026-07-15 19:04:13.020375+00:00,2026-07-15 19:05:43.020621+00:00,4,2.0,"mass_pm10,mass_pm2_5",4.315941829089484
2026-07-15 19:06:43.020788+00:00,2026-07-15 19:27:43.025374+00:00,43,21.5,"co2_ppm,mass_pm10,mass_pm2_5",686.8951626490931
2026-07-15 19:57:43.030315+00:00,2026-07-15 19:59:43.030641+00:00,5,2.5,co2_ppm,4.412293718242727
2026-07-15 21:00:13.040720+00:00,2026-07-15 21:05:13.041524+00:00,11,5.5,"mass_pm10,mass_pm2_5",4.895911840024587
2026-07-15 21:06:13.041704+00:00,2026-07-15 21:08:13.042016+00:00,5,2.5,"mass_pm10,mass_pm2_5",4.288398003533474
2026-07-15 21:09:13.042193+00:00,2026-07-15 21:12:13.042707+00:00,7,3.5,"mass_pm10,mass_pm2_5",4.096684720634071
2026-07-16 05:11:13.130487+00:00,2026-07-16 06:02:43.138783+00:00,104,52.0,"co2_ppm,mass_pm10,mass_pm2_5",27.878951391699268
2026-07-16 06:58:13.147858+00:00,2026-07-16 07:01:43.148403+00:00,8,4.0,co2_ppm,4.496605063177301
2026-07-16 10:56:13.187288+00:00,2026-07-16 10:58:13.187626+00:00,5,2.5,co2_ppm,3.249819113841777
2026-07-16 12:02:43.198539+00:00,2026-07-16 12:10:43.199860+00:00,17,8.5,co2_ppm,4.239656202424313
2026-07-16 12:11:43.200022+00:00,2026-07-16 12:13:43.200356+00:00,5,2.5,co2_ppm,3.372453797382976
2026-07-16 15:30:13.233077+00:00,2026-07-16 15:36:13.234056+00:00,13,6.5,co2_ppm,3.5410764872521248
2026-07-16 17:14:13.250068+00:00,2026-07-16 17:18:13.250737+00:00,9,4.5,co2_ppm,3.597284050541841
2026-07-16 21:29:13.293587+00:00,2026-07-16 21:32:43.294163+00:00,8,4.0,co2_ppm,17.76158999955034
2026-07-17 05:12:43.371553+00:00,2026-07-17 05:16:13.372119+00:00,8,4.0,co2_ppm,9.218040379513468
2026-07-17 06:52:43.388367+00:00,2026-07-17 07:05:43.390505+00:00,27,13.5,co2_ppm,5.59827330365574
2026-07-17 08:30:13.404406+00:00,2026-07-17 09:05:13.410138+00:00,71,35.5,"co2_ppm,mass_pm10,mass_pm2_5,pressure_hpa",27.451773910697426
2026-07-17 10:02:13.419899+00:00,2026-07-17 10:05:13.420389+00:00,7,3.5,co2_ppm,8.852691218130312
2026-07-17 12:58:13.449023+00:00,2026-07-17 13:09:43.450904+00:00,24,12.0,co2_ppm,4.384189936601703
2026-07-17 15:23:13.472940+00:00,2026-07-17 15:27:13.473604+00:00,9,4.5,co2_ppm,17.536759746391475
2026-07-17 16:40:43.485657+00:00,2026-07-17 16:48:43.486974+00:00,17,8.5,co2_ppm,27.485498448671255
2026-07-17 16:50:13.487224+00:00,2026-07-17 16:53:13.487711+00:00,7,3.5,co2_ppm,33.38729259409146
2026-07-17 16:54:13.487884+00:00,2026-07-17 16:58:13.488528+00:00,9,4.5,co2_ppm,23.101308512073388
2026-07-17 19:36:13.514479+00:00,2026-07-17 19:40:13.515122+00:00,9,4.5,pressure_hpa,5.395926075812762
2026-07-17 19:55:43.517636+00:00,2026-07-17 19:57:43.517975+00:00,5,2.5,co2_ppm,3.5651654429477175
2026-07-17 20:22:13.522030+00:00,2026-07-17 20:24:43.522450+00:00,6,3.0,"mass_pm10,mass_pm2_5",4.356930079587079
2026-07-17 22:59:43.547758+00:00,2026-07-17 23:01:13.547977+00:00,4,2.0,pressure_hpa,3.37245379738681
2026-07-18 10:51:43.690630+00:00,2026-07-18 10:54:13.691017+00:00,6,3.0,co2_ppm,6.070416835289357
2026-07-18 17:59:13.765470+00:00,2026-07-18 18:00:43.765710+00:00,4,2.0,co2_ppm,4.046944556859572
2026-07-18 20:38:43.792522+00:00,2026-07-18 20:59:13.795952+00:00,42,21.0,pressure_hpa,6.070416835285522
2026-07-19 09:00:43.920809+00:00,2026-07-19 09:06:13.921712+00:00,12,6.0,pressure_hpa,4.946265569500143
2026-07-19 09:38:43.927086+00:00,2026-07-19 10:10:43.936124+00:00,65,32.5,co2_ppm,12.815324430055309
2026-07-19 12:08:43.958526+00:00,2026-07-19 12:10:13.958776+00:00,4,2.0,co2_ppm,3.260038670803543
2026-07-19 12:27:43.962197+00:00,2026-07-19 12:29:43.962543+00:00,5,2.5,co2_ppm,4.046944556859572
2026-07-19 15:24:13.995839+00:00,2026-07-19 15:37:43.998089+00:00,28,14.0,co2_ppm,4.646491898616545
2026-07-19 16:28:14.006470+00:00,2026-07-19 16:30:14.006806+00:00,5,2.5,co2_ppm,3.7771482530689333
2026-07-19 19:52:44.047266+00:00,2026-07-19 20:09:44.050204+00:00,35,17.5,pressure_hpa,4.586537164443915
2026-07-19 21:00:14.058536+00:00,2026-07-19 21:17:44.061923+00:00,36,18.0,"co2_ppm,pressure_hpa",6.2390395251465245
2026-07-19 22:31:14.077069+00:00,2026-07-19 22:45:44.079500+00:00,30,15.0,pressure_hpa,6.913530284621203
2026-07-20 01:37:14.107992+00:00,2026-07-20 01:40:14.108525+00:00,7,3.5,co2_ppm,5.227303385943613
2026-07-20 04:21:44.141309+00:00,2026-07-20 04:29:14.142717+00:00,16,8.0,co2_ppm,33.49970772067089
2026-07-20 04:46:44.148689+00:00,2026-07-20 04:51:44.149504+00:00,11,5.5,pressure_hpa,4.721435316341279
2026-07-20 05:22:14.154418+00:00,2026-07-20 05:25:14.154913+00:00,7,3.5,co2_ppm,8.937002563064887
2026-07-20 06:10:44.162366+00:00,2026-07-20 06:17:44.163524+00:00,15,7.5,co2_ppm,15.176042088223392
2026-07-20 06:23:14.164411+00:00,2026-07-20 06:30:44.165651+00:00,16,8.0,co2_ppm,27.316875758802105
2026-07-20 11:16:44.229949+00:00,2026-07-20 11:35:44.233028+00:00,39,19.5,"co2_ppm,mass_pm10,mass_pm2_5",169.2069213463544
2026-07-20 12:33:44.242772+00:00,2026-07-20 12:35:14.243016+00:00,4,2.0,co2_ppm,3.625387832186699
2026-07-20 12:37:44.243434+00:00,2026-07-20 12:39:14.243679+00:00,4,2.0,co2_ppm,3.8060549999036444
2026-07-20 13:14:14.249520+00:00,2026-07-20 13:27:44.251729+00:00,28,14.0,co2_ppm,14.299204100903818
2026-07-20 14:18:44.260576+00:00,2026-07-20 14:24:44.261573+00:00,13,6.5,co2_ppm,6.263128480854098
2026-07-20 14:45:44.265020+00:00,2026-07-20 14:47:44.265331+00:00,5,2.5,co2_ppm,8.093889113719142
2026-07-20 15:31:44.272463+00:00,2026-07-20 15:34:14.272862+00:00,6,3.0,co2_ppm,9.442870632672333
2026-07-20 16:18:14.284230+00:00,2026-07-20 16:23:44.285128+00:00,12,6.0,co2_ppm,5.328476999865102
2026-07-20 16:30:44.286243+00:00,2026-07-20 16:38:14.287440+00:00,16,8.0,co2_ppm,4.788884392283826
2026-07-20 18:23:14.307617+00:00,2026-07-20 18:48:14.311746+00:00,51,25.5,co2_ppm,28.328611898016998
2026-07-20 20:40:14.330094+00:00,2026-07-20 20:43:14.330596+00:00,7,3.5,pressure_hpa,4.046944556863405
2026-07-20 21:42:44.340402+00:00,2026-07-20 21:44:14.340650+00:00,4,2.0,co2_ppm,3.4848689239624084
2026-07-20 21:55:14.342445+00:00,2026-07-20 21:56:44.342689+00:00,4,2.0,co2_ppm,3.237555645487657
2026-07-20 22:22:44.347001+00:00,2026-07-20 22:24:44.347338+00:00,5,2.5,pressure_hpa,3.5073519492733873
2026-07-20 23:33:14.359219+00:00,2026-07-20 23:36:44.359771+00:00,8,4.0,co2_ppm,10.117361392148927
2026-07-21 00:19:14.366737+00:00,2026-07-21 00:23:44.367487+00:00,10,5.0,co2_ppm,18.21125050586807
2026-07-21 00:27:14.368026+00:00,2026-07-21 00:31:44.368767+00:00,10,5.0,co2_ppm,6.969737847924817
2026-07-21 00:33:44.369107+00:00,2026-07-21 00:37:14.369686+00:00,8,4.0,co2_ppm,7.250775664373398
2026-07-21 06:48:44.429848+00:00,2026-07-21 06:58:44.431449+00:00,21,10.5,co2_ppm,5.058680696074465
2026-07-21 07:33:44.437630+00:00,2026-07-21 07:59:14.441766+00:00,52,26.0,"co2_ppm,mass_pm10,mass_pm2_5",227.3628804537767
2026-07-21 09:17:44.454347+00:00,2026-07-21 09:24:14.455425+00:00,14,7.0,co2_ppm,5.935518683394038
2026-07-21 13:59:44.499407+00:00,2026-07-21 14:02:44.499866+00:00,7,3.5,co2_ppm,3.7771482530689333
2026-07-21 17:11:14.530471+00:00,2026-07-21 17:25:44.532821+00:00,30,15.0,"mass_pm10,mass_pm2_5",11.161384444671064
2026-07-21 18:20:44.541723+00:00,2026-07-21 18:34:14.543918+00:00,28,14.0,"mass_pm10,mass_pm2_5",190.6957491181089
2026-07-21 18:35:14.544079+00:00,2026-07-21 18:39:14.544724+00:00,9,4.5,"mass_pm10,mass_pm2_5",192.1416092592869
2026-07-21 18:40:14.544903+00:00,2026-07-21 18:47:44.549561+00:00,16,8.0,"mass_pm10,mass_pm2_5",181.9659782748191
2026-07-21 18:48:44.549717+00:00,2026-07-21 18:51:14.550119+00:00,6,3.0,"mass_pm10,mass_pm2_5",110.55726463998381
2026-07-21 18:52:14.550279+00:00,2026-07-21 18:58:14.551247+00:00,13,6.5,"mass_pm10,mass_pm2_5",150.83120616483592
2026-07-21 18:59:14.551392+00:00,2026-07-21 19:00:44.551645+00:00,4,2.0,"mass_pm10,mass_pm2_5",22.263005886333914
2026-07-21 19:21:44.555061+00:00,2026-07-21 19:25:44.555696+00:00,9,4.5,"mass_pm10,mass_pm2_5",69.91270631965631
2026-07-21 20:36:44.567103+00:00,2026-07-21 20:47:44.568887+00:00,23,11.5,"co2_ppm,mass_pm10,mass_pm2_5",11.272062146100488
2026-07-21 21:00:14.570902+00:00,2026-07-21 21:15:44.573400+00:00,32,16.0,co2_ppm,8.590882304912423
2026-07-22 02:25:44.623968+00:00,2026-07-22 02:33:14.625190+00:00,16,8.0,co2_ppm,11.46634291110212
2026-07-22 02:34:14.625352+00:00,2026-07-22 02:36:14.625674+00:00,5,2.5,co2_ppm,4.046944556859572
2026-07-22 02:56:14.628905+00:00,2026-07-22 03:00:44.629629+00:00,10,5.0,co2_ppm,5.058680696074464
2026-07-22 04:21:44.642869+00:00,2026-07-22 04:25:44.643508+00:00,9,4.5,co2_ppm,15.681910157830838
2026-07-22 04:41:44.646028+00:00,2026-07-22 04:52:44.647788+00:00,23,11.5,co2_ppm,3.8060549999036444
2026-07-22 08:41:44.711080+00:00,2026-07-22 08:52:44.712952+00:00,23,11.5,"co2_ppm,mass_pm10,mass_pm2_5",8.882072039839288
2026-07-22 08:56:14.713542+00:00,2026-07-22 08:57:44.713794+00:00,4,2.0,co2_ppm,5.8343450694725485
2026-07-22 13:03:44.754768+00:00,2026-07-22 13:09:14.755685+00:00,12,6.0,co2_ppm,4.384189936597869
2026-07-22 14:34:14.769862+00:00,2026-07-22 14:38:44.770635+00:00,10,5.0,co2_ppm,7.284500202347228
2026-07-22 16:54:44.793478+00:00,2026-07-22 16:58:44.794143+00:00,9,4.5,co2_ppm,5.56454876568191
2026-07-22 17:04:14.795043+00:00,2026-07-22 17:07:44.795620+00:00,8,4.0,co2_ppm,4.844069999877366
2026-07-22 17:45:14.802146+00:00,2026-07-22 17:49:14.802831+00:00,9,4.5,co2_ppm,5.2610279239174425
2026-07-22 18:44:44.812043+00:00,2026-07-22 19:01:14.814787+00:00,34,17.0,co2_ppm,57.10688430235172
2026-07-22 19:03:14.815122+00:00,2026-07-22 19:05:14.815458+00:00,5,2.5,co2_ppm,6.295247088448222
2026-07-22 20:03:44.825022+00:00,2026-07-22 20:07:14.825565+00:00,8,4.0,"mass_pm10,mass_pm2_5",4.073387255378809
2026-07-22 20:15:44.826987+00:00,2026-07-22 20:29:44.829436+00:00,29,14.5,co2_ppm,11.12909753136382
2026-07-22 21:01:44.835369+00:00,2026-07-22 21:03:14.835617+00:00,4,2.0,co2_ppm,3.822114303700706
2026-07-22 21:41:44.842316+00:00,2026-07-22 21:43:14.842562+00:00,4,2.0,"mass_pm10,mass_pm2_5",3.5345527633229716
2026-07-22 22:37:44.851512+00:00,2026-07-22 22:58:14.855010+00:00,42,21.0,co2_ppm,62.053149871846756
2026-07-23 02:00:14.886717+00:00,2026-07-23 02:19:14.889852+00:00,39,19.5,co2_ppm,17.424344619812043
2026-07-23 02:45:14.894233+00:00,2026-07-23 02:55:14.895919+00:00,21,10.5,co2_ppm,37.096991771212736
2026-07-23 07:13:14.938918+00:00,2026-07-23 07:36:44.942833+00:00,48,24.0,co2_ppm,12.999276455367108
2026-07-23 08:36:44.952965+00:00,2026-07-23 09:03:14.957371+00:00,54,27.0,"co2_ppm,mass_pm10,mass_pm2_5",70.20178497599527
2026-07-23 12:46:44.994957+00:00,2026-07-23 12:53:44.996098+00:00,15,7.5,"mass_pm10,mass_pm2_5",5.370266972726516
2026-07-23 14:10:15.008815+00:00,2026-07-23 14:12:45.009233+00:00,6,3.0,"mass_pm10,mass_pm2_5",3.9284833895942683
2026-07-23 14:28:15.011805+00:00,2026-07-23 14:30:45.012816+00:00,6,3.0,co2_ppm,3.642250101173614
2026-07-23 15:28:45.023212+00:00,2026-07-23 15:39:15.029548+00:00,22,11.0,co2_ppm,8.858311974459284
2026-07-23 16:28:45.040212+00:00,2026-07-23 16:30:45.040487+00:00,5,2.5,co2_ppm,3.808888994691361
2026-07-23 17:55:46.053737+00:00,2026-07-23 18:06:16.055504+00:00,22,11.0,co2_ppm,4.346718227738058
2026-07-23 18:07:46.055755+00:00,2026-07-23 18:09:46.056093+00:00,5,2.5,pressure_hpa,4.046944556864683
2026-07-23 18:12:16.056507+00:00,2026-07-23 18:14:16.056840+00:00,5,2.5,pressure_hpa,4.271774810023548
2026-07-23 19:29:46.069424+00:00,2026-07-23 19:36:16.070463+00:00,14,7.0,co2_ppm,17.42884122487522
2026-07-23 23:35:46.109884+00:00,2026-07-23 23:44:16.111302+00:00,18,9.0,co2_ppm,16.974684113494312
2026-07-24 04:54:16.162572+00:00,2026-07-24 04:56:46.162985+00:00,6,3.0,co2_ppm,20.234722784297855
2026-07-24 05:00:46.163635+00:00,2026-07-24 05:03:16.164035+00:00,6,3.0,co2_ppm,3.468809620165347
2026-07-24 09:46:46.213404+00:00,2026-07-24 10:17:16.218453+00:00,62,31.0,"co2_ppm,mass_pm10,mass_pm2_5",10.119371054454028
2026-07-24 12:23:20.038240+00:00,2026-07-24 12:25:50.038631+00:00,6,3.0,"mass_pm10,mass_pm2_5",7.482572783426189
2026-07-24 12:26:50.038787+00:00,2026-07-24 12:28:20.039042+00:00,4,2.0,"mass_pm10,mass_pm2_5",4.608828932079818
2026-07-24 13:18:20.050628+00:00,2026-07-24 13:19:50.051347+00:00,4,2.0,pressure_hpa,3.37245379738681
2026-07-24 13:32:50.059072+00:00,2026-07-24 13:36:50.059812+00:00,9,4.5,co2_ppm,5.20321443024802
2026-07-24 14:36:50.080675+00:00,2026-07-24 14:38:20.080905+00:00,4,2.0,"mass_pm10,mass_pm2_5",5.072464535812226
2026-07-24 20:03:20.213181+00:00,2026-07-24 20:14:50.216862+00:00,24,12.0,co2_ppm,10.926750303520842
2026-07-24 20:53:20.226454+00:00,2026-07-24 20:59:50.227511+00:00,14,7.0,co2_ppm,9.346514809889962
2026-07-24 21:12:50.231503+00:00,2026-07-24 21:15:20.231953+00:00,6,3.0,co2_ppm,3.5281055111083446
2026-07-25 03:18:50.386460+00:00,2026-07-25 03:23:50.387287+00:00,11,5.5,co2_ppm,5.508341202392194
2026-07-25 03:27:50.387947+00:00,2026-07-25 03:34:50.389104+00:00,15,7.5,"co2_ppm,pressure_hpa",12.429901138925826
2026-07-25 03:35:50.389267+00:00,2026-07-25 03:37:50.389601+00:00,5,2.5,co2_ppm,3.962633211924997
2026-07-25 03:38:50.389763+00:00,2026-07-25 03:41:20.390175+00:00,6,3.0,co2_ppm,7.033975063113064
2026-07-25 10:40:50.463638+00:00,2026-07-25 10:43:20.464042+00:00,6,3.0,co2_ppm,3.9505887340772006
2026-07-25 13:14:50.524110+00:00,2026-07-25 13:20:50.526059+00:00,13,6.5,co2_ppm,14.681938392327748
2026-07-25 13:37:50.532623+00:00,2026-07-25 13:40:50.533137+00:00,7,3.5,co2_ppm,11.920591789933296
2026-07-25 15:08:20.575132+00:00,2026-07-25 15:18:20.581131+00:00,21,10.5,co2_ppm,17.461816328671855
2026-07-25 17:13:50.629372+00:00,2026-07-25 17:15:50.629402+00:00,5,2.5,pressure_hpa,3.37245379738681
2026-07-25 17:23:20.630641+00:00,2026-07-25 17:25:20.630966+00:00,5,2.5,pressure_hpa,3.7096991771251075
2026-07-25 17:31:20.631966+00:00,2026-07-25 17:35:20.632634+00:00,9,4.5,pressure_hpa,3.8783218669942565
2026-07-25 18:17:50.639679+00:00,2026-07-25 18:19:20.639921+00:00,4,2.0,co2_ppm,3.597284050541841
2026-07-25 22:21:20.679979+00:00,2026-07-25 22:33:20.681969+00:00,25,12.5,co2_ppm,4.271774810018436
2026-07-26 00:31:50.703005+00:00,2026-07-26 00:39:20.704293+00:00,16,8.0,pressure_hpa,4.721435316340001
2026-07-26 08:43:50.785060+00:00,2026-07-26 08:49:50.786048+00:00,13,6.5,pressure_hpa,5.395926075816596
2026-07-26 08:57:20.787301+00:00,2026-07-26 08:58:50.787633+00:00,4,2.0,pressure_hpa,4.384189936601703
2026-07-26 08:59:50.787799+00:00,2026-07-26 09:01:20.788039+00:00,4,2.0,pressure_hpa,4.384189936601703
2026-07-26 11:14:50.810200+00:00,2026-07-26 11:16:50.810535+00:00,5,2.5,co2_ppm,3.3724537973829762
2026-07-26 16:52:20.866122+00:00,2026-07-26 16:53:50.866373+00:00,4,2.0,co2_ppm,7.901177468154401
2026-07-26 18:06:50.878421+00:00,2026-07-26 18:11:50.879248+00:00,11,5.5,"co2_ppm,mass_pm10,mass_pm2_5",57.090699777763255
2026-07-26 19:09:20.888766+00:00,2026-07-26 19:31:50.892531+00:00,46,23.0,"co2_ppm,mass_pm10,mass_pm2_5",6.257775379588411
2026-07-26 19:33:50.892866+00:00,2026-07-26 19:35:50.893198+00:00,5,2.5,"mass_pm10,mass_pm2_5",7.928807479604342
2026-07-26 19:37:20.893444+00:00,2026-07-26 19:39:50.893863+00:00,6,3.0,"mass_pm10,mass_pm2_5",5.3915946060792095
2026-07-26 20:53:50.906149+00:00,2026-07-26 21:15:20.909720+00:00,44,22.0,"co2_ppm,mass_pm10,mass_pm2_5",245.81856921568732
2026-07-26 21:33:50.912793+00:00,2026-07-26 21:36:50.913301+00:00,7,3.5,co2_ppm,4.143300379641942
2026-07-27 02:23:50.960844+00:00,2026-07-27 02:25:20.961105+00:00,4,2.0,co2_ppm,3.597284050541841
2026-07-27 04:44:50.984285+00:00,2026-07-27 05:02:20.987212+00:00,36,18.0,co2_ppm,5.781349366942244
2026-07-27 05:51:20.995371+00:00,2026-07-27 06:31:21.002019+00:00,81,40.5,"co2_ppm,mass_pm10,mass_pm2_5",519.5874606493675
2026-07-27 08:54:51.025854+00:00,2026-07-27 08:58:51.026517+00:00,9,4.5,co2_ppm,4.271774810018436
2026-07-27 09:26:21.031047+00:00,2026-07-27 09:28:51.031461+00:00,6,3.0,co2_ppm,7.4940124019605445
2026-07-27 10:42:21.043588+00:00,2026-07-27 10:44:21.043911+00:00,5,2.5,"mass_pm10,mass_pm2_5",4.596463883444189
2026-07-27 16:53:51.107179+00:00,2026-07-27 16:55:21.107431+00:00,4,2.0,co2_ppm,3.822114303700706
2026-07-27 17:38:21.114678+00:00,2026-07-27 17:41:21.115167+00:00,7,3.5,pressure_hpa,4.451639012540007
2026-07-27 17:42:21.115336+00:00,2026-07-27 17:44:21.115671+00:00,5,2.5,pressure_hpa,4.0469445568626385
2026-07-27 17:50:21.116674+00:00,2026-07-27 17:52:21.117025+00:00,5,2.5,"mass_pm10,mass_pm2_5",4.444290778703777
2026-07-27 17:56:21.117677+00:00,2026-07-27 18:04:51.119103+00:00,18,9.0,pressure_hpa,5.261027923922044
2026-07-27 19:20:21.131721+00:00,2026-07-27 19:22:51.132146+00:00,6,3.0,pressure_hpa,4.721435316340001
2026-07-27 20:37:17.720659+00:00,2026-07-27 20:51:17.726878+00:00,29,14.5,co2_ppm,4.271774810018436
2026-07-28 01:01:56.727109+00:00,2026-07-28 01:03:26.727352+00:00,4,2.0,pressure_hpa,4.721435316316996
2026-07-28 04:18:26.760776+00:00,2026-07-28 04:21:26.761266+00:00,7,3.5,pressure_hpa,6.74490759473528
2026-07-28 07:13:26.792143+00:00,2026-07-28 07:14:56.792401+00:00,4,2.0,"mass_pm10,mass_pm2_5",11.147577817844084
2026-07-28 07:32:26.795303+00:00,2026-07-28 07:35:26.795801+00:00,7,3.5,"mass_pm10,mass_pm2_5",5.71270168135725
2026-07-28 07:38:56.796380+00:00,2026-07-28 08:10:26.801631+00:00,64,32.0,"mass_pm10,mass_pm2_5",69.27234276741744
2026-07-28 10:00:56.819992+00:00,2026-07-28 10:04:26.820578+00:00,8,4.0,co2_ppm,15.51328746796169
2026-07-28 11:23:26.833650+00:00,2026-07-28 11:24:56.833891+00:00,4,2.0,co2_ppm,19.752943670386003
2026-07-28 12:56:26.849124+00:00,2026-07-28 13:13:56.852031+00:00,36,18.0,"co2_ppm,mass_pm10,mass_pm2_5",4570.8889788147535
2026-07-28 13:22:26.853431+00:00,2026-07-28 13:31:56.854994+00:00,20,10.0,co2_ppm,14.470892657861498
2026-07-28 15:00:26.869676+00:00,2026-07-28 15:01:56.869925+00:00,4,2.0,co2_ppm,3.4567651423175505
2026-07-28 15:05:56.870585+00:00,2026-07-28 15:07:26.870831+00:00,4,2.0,co2_ppm,3.447397215102598
2026-07-28 18:23:26.903360+00:00,2026-07-28 18:28:26.904188+00:00,11,5.5,co2_ppm,32.712801834614865
2026-07-28 21:41:26.967835+00:00,2026-07-28 21:48:56.969875+00:00,16,8.0,co2_ppm,4.946265569495032
2026-07-28 22:48:26.997082+00:00,2026-07-28 22:52:26.997726+00:00,9,4.5,co2_ppm,9.105625252934034
2026-07-29 00:33:27.016452+00:00,2026-07-29 00:36:27.016962+00:00,7,3.5,co2_ppm,10.960474841494673
2026-07-29 04:57:27.060543+00:00,2026-07-29 05:40:57.067824+00:00,88,44.0,"co2_ppm,mass_pm10,mass_pm2_5",23.839616904697422
2026-07-29 06:16:57.073843+00:00,2026-07-29 06:20:27.074424+00:00,8,4.0,co2_ppm,12.429901138925826
2026-07-29 06:36:27.077099+00:00,2026-07-29 06:37:57.077346+00:00,4,2.0,co2_ppm,4.046944556859571
2026-07-29 06:38:57.077512+00:00,2026-07-29 06:40:57.077849+00:00,5,2.5,co2_ppm,5.845586582130491
2026-07-29 08:53:27.100519+00:00,2026-07-29 09:23:27.105662+00:00,61,30.5,"mass_pm10,mass_pm2_5",44.22205403981901
2026-07-29 10:59:27.122004+00:00,2026-07-29 11:00:57.122264+00:00,4,2.0,co2_ppm,6.947254822608931
2026-07-29 13:10:27.181133+00:00,2026-07-29 13:13:57.185110+00:00,8,4.0,co2_ppm,4.946265569495032
2026-07-29 13:55:57.202526+00:00,2026-07-29 13:58:57.203004+00:00,7,3.5,co2_ppm,13.068258464859031
2026-07-29 15:45:57.243863+00:00,2026-07-29 15:48:27.244647+00:00,6,3.0,co2_ppm,4.046944556859572
2026-07-29 18:14:27.307862+00:00,2026-07-29 18:20:27.310089+00:00,13,6.5,co2_ppm,38.67080354332479
2026-07-29 18:42:27.319050+00:00,2026-07-29 18:44:57.319684+00:00,6,3.0,co2_ppm,4.046944556859572
2026-07-29 19:13:57.330025+00:00,2026-07-29 19:29:57.339684+00:00,33,16.5,"mass_pm10,mass_pm2_5",11.36019878251485
2026-07-29 20:16:27.356987+00:00,2026-07-29 20:23:57.362606+00:00,16,8.0,pressure_hpa,4.384189936601703
2026-07-29 22:53:27.416954+00:00,2026-07-29 22:56:27.417466+00:00,7,3.5,co2_ppm,4.496605063177301
2026-07-30 02:52:27.458880+00:00,2026-07-30 02:55:27.459373+00:00,7,3.5,co2_ppm,16.41260848059715
2026-07-30 05:07:57.481598+00:00,2026-07-30 05:09:27.481855+00:00,4,2.0,pressure_hpa,4.721435316290158
2026-07-30 05:10:57.482099+00:00,2026-07-30 05:13:57.482603+00:00,7,3.5,pressure_hpa,4.721435316290158
2026-07-30 07:05:57.501628+00:00,2026-07-30 07:21:57.504202+00:00,33,16.5,"co2_ppm,mass_pm10,mass_pm2_5",17.515423476337737
2026-07-30 16:52:57.633440+00:00,2026-07-30 17:07:57.640702+00:00,31,15.5,co2_ppm,4.476165949253768
2026-07-30 20:20:57.695188+00:00,2026-07-30 20:23:57.695694+00:00,7,3.5,co2_ppm,10.201672737083502
2026-07-30 20:27:27.696273+00:00,2026-07-30 20:29:27.696615+00:00,5,2.5,"mass_pm10,mass_pm2_5",4.499959254800237
2026-07-31 01:37:27.749390+00:00,2026-07-31 01:40:27.749881+00:00,7,3.5,co2_ppm,16.637438733756014
2026-07-31 01:44:27.750550+00:00,2026-07-31 01:48:27.751213+00:00,9,4.5,co2_ppm,21.471289176671615
2026-07-31 02:29:27.758023+00:00,2026-07-31 02:38:27.759510+00:00,19,9.5,co2_ppm,4.721435316336167
2026-07-31 03:48:27.772135+00:00,2026-07-31 03:53:27.772975+00:00,11,5.5,co2_ppm,35.74801025225955
2026-07-31 04:18:57.777183+00:00,2026-07-31 04:20:57.777531+00:00,5,2.5,co2_ppm,4.046944556859571
2026-07-31 06:12:57.798299+00:00,2026-07-31 06:16:27.798883+00:00,8,4.0,co2_ppm,12.140833670578713
2026-07-31 06:25:57.800462+00:00,2026-07-31 06:27:27.800711+00:00,4,2.0,"mass_pm10,mass_pm2_5",4.384628856918495
2026-07-31 06:28:57.800963+00:00,2026-07-31 06:30:57.801304+00:00,5,2.5,"mass_pm10,mass_pm2_5",6.639375157851345
2026-07-31 09:00:31.990449+00:00,2026-07-31 09:02:01.993159+00:00,4,2.0,co2_ppm,9.246144161158325
2026-07-31 09:43:47.918714+00:00,2026-07-31 09:57:47.921144+00:00,29,14.5,co2_ppm,7.419398354242547
2026-07-31 10:14:47.928899+00:00,2026-07-31 10:16:47.930756+00:00,5,2.5,"mass_pm10,mass_pm2_5",3.31974310321411
2026-07-31 11:25:47.960738+00:00,2026-07-31 11:27:17.960966+00:00,4,2.0,co2_ppm,3.822114303700706
2026-07-31 14:13:48.001577+00:00,2026-07-31 14:16:18.001988+00:00,6,3.0,co2_ppm,16.187778227438287
2026-07-31 14:33:48.005277+00:00,2026-07-31 15:07:18.010869+00:00,68,34.0,"co2_ppm,mass_pm10,mass_pm2_5",19.652070766872953
2026-07-31 17:21:18.033734+00:00,2026-07-31 17:23:18.034071+00:00,5,2.5,pressure_hpa,3.7096991771251075
2026-07-31 17:37:48.039073+00:00,2026-07-31 17:46:18.040450+00:00,18,9.0,co2_ppm,29.677593416970186
2026-07-31 19:38:18.064227+00:00,2026-07-31 19:39:48.064486+00:00,4,2.0,co2_ppm,3.260038670803543
2026-07-31 23:41:18.110222+00:00,2026-07-31 23:47:48.111312+00:00,14,7.0,pressure_hpa,4.2717748100073605
2026-07-31 23:56:48.112835+00:00,2026-07-31 23:58:18.113091+00:00,4,2.0,pressure_hpa,3.7096991771040204
2026-08-01 00:23:18.117284+00:00,2026-08-01 00:28:18.118143+00:00,11,5.5,co2_ppm,20.796798417195017
2026-08-01 00:35:18.119299+00:00,2026-08-01 00:37:18.119632+00:00,5,2.5,co2_ppm,5.845586582130491
2026-08-01 01:38:18.129919+00:00,2026-08-01 01:40:18.130263+00:00,5,2.5,pressure_hpa,4.721435316313162
2026-08-01 03:16:48.146557+00:00,2026-08-01 03:20:18.147159+00:00,8,4.0,co2_ppm,4.865969050509722
2026-08-01 03:24:48.147911+00:00,2026-08-01 03:26:18.148163+00:00,4,2.0,co2_ppm,4.046944556859571
2026-08-01 21:01:48.327520+00:00,2026-08-01 21:04:18.327940+00:00,6,3.0,co2_ppm,4.271774810018436
2026-08-01 21:45:18.334729+00:00,2026-08-01 21:47:18.335057+00:00,5,2.5,pressure_hpa,4.384189936576782
2026-08-02 01:13:48.369649+00:00,2026-08-02 01:15:18.369911+00:00,4,2.0,pressure_hpa,5.395926075759085
2026-08-02 04:08:18.398933+00:00,2026-08-02 04:10:18.399263+00:00,5,2.5,pressure_hpa,6.913530284642769
2026-08-02 04:13:18.399763+00:00,2026-08-02 04:29:18.402440+00:00,33,16.5,pressure_hpa,8.543549620012165
2026-08-02 04:32:48.403036+00:00,2026-08-02 04:34:18.403282+00:00,4,2.0,pressure_hpa,6.5200773415900475
2026-08-02 09:32:48.453913+00:00,2026-08-02 09:50:48.456946+00:00,37,18.5,"co2_ppm,mass_pm10,mass_pm2_5",7.905642670835625
2026-08-02 11:15:18.471163+00:00,2026-08-02 11:24:18.472630+00:00,19,9.5,co2_ppm,6.239039525158506
2026-08-02 12:23:18.494321+00:00,2026-08-02 12:32:48.498371+00:00,20,10.0,co2_ppm,7.7566437339808445
2026-08-02 12:41:48.501805+00:00,2026-08-02 12:49:18.504779+00:00,16,8.0,co2_ppm,4.316740860650209
2026-08-02 14:28:48.533775+00:00,2026-08-02 14:32:18.534346+00:00,8,4.0,co2_ppm,5.395926075812762
2026-08-02 14:43:48.536256+00:00,2026-08-02 14:48:48.537093+00:00,11,5.5,co2_ppm,7.4193983542425475
2026-08-02 17:30:48.564218+00:00,2026-08-02 17:42:18.566167+00:00,24,12.0,co2_ppm,4.856333468231486
2026-08-03 07:23:18.708355+00:00,2026-08-03 07:25:18.708709+00:00,5,2.5,co2_ppm,5.395926075812762
2026-08-03 07:30:48.709642+00:00,2026-08-03 07:33:18.710061+00:00,6,3.0,co2_ppm,4.721435316336167
2026-08-03 08:51:48.723404+00:00,2026-08-03 08:53:18.723652+00:00,4,2.0,co2_ppm,4.046944556859572
2026-08-03 09:59:48.734832+00:00,2026-08-03 10:39:18.741492+00:00,80,40.0,"co2_ppm,mass_pm10,mass_pm2_5",42.717748100184366
2026-08-03 13:00:48.776146+00:00,2026-08-03 13:03:18.776533+00:00,6,3.0,co2_ppm,3.757877088512459
2026-08-03 13:57:18.785796+00:00,2026-08-03 14:35:48.795298+00:00,78,39.0,"co2_ppm,mass_pm10,mass_pm2_5",14.501551328746796
2026-08-03 15:28:18.805445+00:00,2026-08-03 16:18:18.819307+00:00,101,50.5,"co2_ppm,mass_pm10,mass_pm2_5",16.71920196951028
2026-08-04 05:40:19.032979+00:00,2026-08-04 05:41:49.033223+00:00,4,2.0,co2_ppm,3.8783218669904223
2026-08-04 08:33:49.077824+00:00,2026-08-04 09:09:19.097535+00:00,72,36.0,"mass_pm10,mass_pm2_5",37.956541290565546
2026-08-04 11:21:49.158413+00:00,2026-08-04 11:24:19.158914+00:00,6,3.0,pressure_hpa,6.74490759477362
2026-08-04 13:07:19.205114+00:00,2026-08-04 13:12:49.208128+00:00,12,6.0,"mass_pm10,mass_pm2_5",75.93279441533296
2026-08-04 13:35:19.213707+00:00,2026-08-04 13:36:49.214486+00:00,4,2.0,"mass_pm10,mass_pm2_5",14.853015818480042
2026-08-04 16:41:49.302375+00:00,2026-08-04 16:44:19.303944+00:00,6,3.0,"mass_pm10,mass_pm2_5",7.65586232573502
2026-08-04 16:46:49.304366+00:00,2026-08-04 16:52:19.307471+00:00,12,6.0,"mass_pm10,mass_pm2_5",65.07569810199301
2026-08-04 17:01:49.312843+00:00,2026-08-04 17:10:19.316142+00:00,18,9.0,co2_ppm,4.946265569495032
2026-08-04 18:54:49.358217+00:00,2026-08-04 18:59:19.362052+00:00,10,5.0,co2_ppm,52.94752461891272
2026-08-05 03:10:19.542646+00:00,2026-08-05 03:28:19.547541+00:00,37,18.5,co2_ppm,5.283510949233329
2026-08-05 06:36:19.596796+00:00,2026-08-05 07:08:19.604239+00:00,65,32.5,co2_ppm,11.12909753136382
2026-08-05 07:36:19.608992+00:00,2026-08-05 07:40:49.609758+00:00,10,5.0,"mass_pm10,mass_pm2_5",25.384433459459675
2026-08-05 08:36:49.619346+00:00,2026-08-05 08:39:49.619767+00:00,7,3.5,co2_ppm,5.73317145555106
2026-08-05 09:38:49.629835+00:00,2026-08-05 10:26:49.637892+00:00,97,48.5,co2_ppm,9.510319708619992
2026-08-05 15:31:49.691759+00:00,2026-08-05 15:36:19.692517+00:00,10,5.0,"mass_pm10,mass_pm2_5",25.457250154904102
2026-08-05 15:37:19.692684+00:00,2026-08-05 15:40:19.693151+00:00,7,3.5,"mass_pm10,mass_pm2_5",61.485082944067216
2026-08-05 15:46:19.694166+00:00,2026-08-05 15:54:19.695993+00:00,17,8.5,co2_ppm,5.648860110616485
2026-08-05 17:11:49.708904+00:00,2026-08-05 17:13:49.709235+00:00,5,2.5,pressure_hpa,6.74490759477362
2026-08-06 05:30:19.857080+00:00,2026-08-06 06:08:49.863510+00:00,78,39.0,co2_ppm,377.3574268535956
2026-08-06 08:46:49.890733+00:00,2026-08-06 09:04:49.893816+00:00,37,18.5,co2_ppm,6.622272911224753
2026-08-06 10:10:49.904900+00:00,2026-08-06 10:39:19.909695+00:00,58,29.0,co2_ppm,6.744907594696939
2026-08-06 11:26:49.917762+00:00,2026-08-06 11:32:49.918771+00:00,13,6.5,co2_ppm,21.583704303251046
2026-08-06 12:19:49.926779+00:00,2026-08-06 12:21:19.927036+00:00,4,2.0,"mass_pm10,mass_pm2_5",11.424224965672567
2026-08-06 12:23:19.927361+00:00,2026-08-06 12:25:19.927688+00:00,5,2.5,mass_pm2_5,34.77469509653926
2026-08-06 12:30:19.928575+00:00,2026-08-06 12:32:49.928970+00:00,6,3.0,"mass_pm10,mass_pm2_5",33.66758388270952
2026-08-06 13:19:49.936608+00:00,2026-08-06 13:27:49.937884+00:00,17,8.5,co2_ppm,4.384189936597869
2026-08-06 17:53:49.989987+00:00,2026-08-06 17:55:19.990236+00:00,4,2.0,co2_ppm,3.097661265744363
2026-08-06 18:06:49.992181+00:00,2026-08-06 18:12:49.993210+00:00,13,6.5,co2_ppm,3.8433247049421086
2026-08-06 18:16:19.993801+00:00,2026-08-06 18:21:49.994729+00:00,12,6.0,"mass_pm10,mass_pm2_5",28.46988714902216
2026-08-06 18:28:19.995832+00:00,2026-08-06 18:33:49.996748+00:00,12,6.0,"mass_pm10,mass_pm2_5",22.711320216425964
2026-08-06 18:36:49.997263+00:00,2026-08-06 18:39:49.997774+00:00,7,3.5,"mass_pm10,mass_pm2_5",10.672473501718205
2026-08-06 18:55:20.000405+00:00,2026-08-06 19:02:20.001594+00:00,15,7.5,"mass_pm10,mass_pm2_5",24.40648454441221
2026-08-06 20:04:20.012078+00:00,2026-08-06 20:05:50.012335+00:00,4,2.0,"mass_pm10,mass_pm2_5",23.173186611644027
2026-08-07 03:57:20.098263+00:00,2026-08-07 04:00:50.098851+00:00,8,4.0,pressure_hpa,3.709699177114564
2026-08-07 06:11:50.120924+00:00,2026-08-07 06:23:20.122860+00:00,24,12.0,co2_ppm,7.194568101083682
2026-08-07 08:54:50.148043+00:00,2026-08-07 08:56:20.148296+00:00,4,2.0,co2_ppm,3.5972840505418406
2026-08-07 12:53:20.228277+00:00,2026-08-07 13:01:20.229547+00:00,17,8.5,co2_ppm,4.660117974565567
2026-08-07 14:59:50.252083+00:00,2026-08-07 15:02:20.252495+00:00,6,3.0,pressure_hpa,4.384189936589242
2026-08-07 15:03:20.252641+00:00,2026-08-07 15:07:50.253379+00:00,10,5.0,pressure_hpa,4.384189936601703
2026-08-07 15:43:50.260226+00:00,2026-08-07 15:52:20.261664+00:00,18,9.0,co2_ppm,16.468816043886864
2026-08-07 16:18:20.269849+00:00,2026-08-07 16:22:20.270511+00:00,9,4.5,pressure_hpa,3.6422501011782153
2026-08-07 17:08:20.278152+00:00,2026-08-07 17:18:50.279863+00:00,22,11.0,co2_ppm,5.935518683394038
2026-08-07 20:08:20.318371+00:00,2026-08-07 20:13:50.319281+00:00,12,6.0,co2_ppm,7.074658632732287
2026-08-07 20:19:20.320166+00:00,2026-08-07 20:24:20.320992+00:00,11,5.5,co2_ppm,3.561311210036423
2026-08-07 21:06:20.330317+00:00,2026-08-07 21:33:20.335757+00:00,55,27.5,co2_ppm,22.739974176639496
2026-08-08 02:42:50.395839+00:00,2026-08-08 02:44:20.396063+00:00,4,2.0,co2_ppm,7.869058860560277
2026-08-08 02:45:20.396216+00:00,2026-08-08 02:46:50.396485+00:00,4,2.0,co2_ppm,8.093889113719142
2026-08-08 02:49:20.396860+00:00,2026-08-08 02:51:50.397271+00:00,6,3.0,co2_ppm,8.318719366878007
2026-08-08 05:19:50.420870+00:00,2026-08-08 05:21:20.421141+00:00,4,2.0,co2_ppm,4.721435316336167
2026-08-08 05:29:20.422458+00:00,2026-08-08 05:42:50.424694+00:00,28,14.0,co2_ppm,16.958624809697252
2026-08-08 11:02:20.485819+00:00,2026-08-08 11:06:20.486466+00:00,9,4.5,co2_ppm,5.227303385943613
2026-08-08 13:12:50.512930+00:00,2026-08-08 13:14:20.513184+00:00,4,2.0,co2_ppm,19.93494911341937
2026-08-08 13:26:50.515278+00:00,2026-08-08 13:30:50.515890+00:00,9,4.5,co2_ppm,4.046944556859571
2026-08-08 15:25:20.538128+00:00,2026-08-08 15:28:50.538698+00:00,8,4.0,pressure_hpa,4.046944556862128
2026-08-08 15:29:50.538867+00:00,2026-08-08 15:36:50.540026+00:00,15,7.5,pressure_hpa,4.721435316341279
2026-08-08 20:47:50.602785+00:00,2026-08-08 21:03:50.605365+00:00,33,16.5,co2_ppm,10.623229461756374
2026-08-08 22:22:50.621650+00:00,2026-08-08 22:28:50.622611+00:00,13,6.5,co2_ppm,9.442870632672333
2026-08-08 22:41:50.624702+00:00,2026-08-08 22:43:50.625010+00:00,5,2.5,co2_ppm,3.672227468261463
2026-08-08 22:46:50.626285+00:00,2026-08-08 22:49:20.627490+00:00,6,3.0,co2_ppm,5.058680696074465
2026-08-08 23:04:20.630140+00:00,2026-08-08 23:05:50.630357+00:00,4,2.0,co2_ppm,3.7771482530689333
2026-08-08 23:23:20.633597+00:00,2026-08-08 23:32:20.635076+00:00,19,9.5,co2_ppm,8.43113449345744
2026-08-08 23:35:20.635571+00:00,2026-08-08 23:46:20.637365+00:00,23,11.5,co2_ppm,7.588021044111696
2026-08-09 04:11:20.690736+00:00,2026-08-09 04:13:20.691062+00:00,5,2.5,pressure_hpa,3.7096991771040204
2026-08-09 04:20:50.692288+00:00,2026-08-09 04:44:50.696273+00:00,49,24.5,co2_ppm,7.689194658033186
2026-08-09 10:01:50.753941+00:00,2026-08-09 10:22:50.759930+00:00,43,21.5,co2_ppm,9.892531138990062
2026-08-09 16:26:50.835932+00:00,2026-08-09 16:30:20.836494+00:00,8,4.0,co2_ppm,3.5410764872521248
2026-08-09 19:16:20.869813+00:00,2026-08-09 19:23:50.870990+00:00,16,8.0,"mass_pm10,mass_pm2_5",6.753079587947221
2026-08-09 21:25:20.897766+00:00,2026-08-09 21:34:20.899279+00:00,19,9.5,"mass_pm10,mass_pm2_5",7.463038168379177
2026-08-10 06:01:20.993289+00:00,2026-08-10 06:04:50.993859+00:00,8,4.0,"mass_pm10,mass_pm2_5",4.932542267070318
2026-08-10 07:36:51.011391+00:00,2026-08-10 07:50:21.013683+00:00,28,14.0,"mass_pm10,mass_pm2_5",156.6465438926688
2026-08-10 09:36:51.031402+00:00,2026-08-10 09:43:21.032430+00:00,14,7.0,co2_ppm,15.253867945086077
2026-08-10 10:40:51.044407+00:00,2026-08-10 10:45:51.045244+00:00,11,5.5,co2_ppm,7.782585686268407
2026-08-10 10:53:51.046597+00:00,2026-08-10 11:00:21.047670+00:00,14,7.0,"co2_ppm,mass_pm10,mass_pm2_5",9.198879198585836
2026-08-10 11:11:51.049595+00:00,2026-08-10 11:13:51.049924+00:00,5,2.5,co2_ppm,4.721435316336167
2026-08-10 12:03:21.058437+00:00,2026-08-10 12:04:51.058668+00:00,4,2.0,co2_ppm,3.260038670803543
2026-08-10 12:05:51.058841+00:00,2026-08-10 12:08:51.059349+00:00,7,3.5,co2_ppm,4.046944556859571
2026-08-10 13:45:21.078647+00:00,2026-08-10 14:17:51.088113+00:00,66,33.0,"co2_ppm,mass_pm10,mass_pm2_5",30.865059463503837
2026-08-10 15:59:51.108656+00:00,2026-08-10 16:07:51.109978+00:00,17,8.5,co2_ppm,4.817791139118537
2026-08-10 16:09:21.110231+00:00,2026-08-10 16:13:51.110971+00:00,10,5.0,co2_ppm,6.889441328939508
2026-08-10 16:16:21.111371+00:00,2026-08-10 16:20:21.112068+00:00,9,4.5,co2_ppm,5.588637721377503
2026-08-10 16:22:51.112445+00:00,2026-08-10 16:25:21.112852+00:00,6,3.0,co2_ppm,3.4567651423175505
2026-08-10 16:30:51.113749+00:00,2026-08-10 16:40:21.115260+00:00,20,10.0,co2_ppm,7.545865371644409
2026-08-10 22:02:51.177970+00:00,2026-08-10 22:05:21.178398+00:00,6,3.0,pressure_hpa,5.058680696078298
2026-08-10 22:07:21.179356+00:00,2026-08-10 22:11:21.180007+00:00,9,4.5,pressure_hpa,4.046944556863405
2026-08-10 22:52:51.186666+00:00,2026-08-10 23:16:51.192854+00:00,49,24.5,co2_ppm,6.092899860605244
2026-08-11 01:53:21.228118+00:00,2026-08-11 02:28:21.238504+00:00,71,35.5,co2_ppm,11.09162582250401
2026-08-11 04:37:51.266388+00:00,2026-08-11 05:07:51.271453+00:00,61,30.5,co2_ppm,9.057447341542849
2026-08-11 05:41:51.277007+00:00,2026-08-11 05:49:51.278287+00:00,17,8.5,pressure_hpa,6.744907594745504
2026-08-11 07:45:51.305481+00:00,2026-08-11 08:01:51.308106+00:00,33,16.5,"mass_pm10,mass_pm2_5",39.48447141335138
2026-08-11 08:26:51.312264+00:00,2026-08-11 08:29:21.312691+00:00,6,3.0,co2_ppm,4.890058006205315
2026-08-11 13:18:21.370744+00:00,2026-08-11 13:22:21.371381+00:00,9,4.5,co2_ppm,6.491973559962229
2026-08-11 17:12:51.419357+00:00,2026-08-11 17:14:21.419603+00:00,4,2.0,co2_ppm,3.8542329112948295
2026-08-11 18:29:51.432194+00:00,2026-08-11 18:35:21.433096+00:00,12,6.0,co2_ppm,5.935518683394038
2026-08-11 20:12:51.450103+00:00,2026-08-11 20:25:21.452741+00:00,26,13.0,co2_ppm,20.403345474167004
2026-08-11 20:48:21.456544+00:00,2026-08-11 20:49:51.456785+00:00,4,2.0,pressure_hpa,3.4567651423155135
2026-08-11 20:57:51.458103+00:00,2026-08-11 20:59:51.458425+00:00,5,2.5,pressure_hpa,3.3724537973812723
2026-08-12 06:31:51.566998+00:00,2026-08-12 06:33:21.567314+00:00,4,2.0,co2_ppm,4.046944556859572
2026-08-12 08:40:51.593888+00:00,2026-08-12 08:43:51.594352+00:00,7,3.5,co2_ppm,4.496605063177301
2026-08-12 10:00:51.607115+00:00,2026-08-12 10:06:21.608017+00:00,12,6.0,co2_ppm,3.840588022014567
2026-08-12 10:16:51.609727+00:00,2026-08-12 10:22:21.610650+00:00,12,6.0,co2_ppm,7.344454936522926
2026-08-12 13:10:51.641050+00:00,2026-08-12 13:18:21.642299+00:00,16,8.0,co2_ppm,6.475111290975314
2026-08-12 15:17:21.666592+00:00,2026-08-12 15:30:21.668890+00:00,27,13.5,co2_ppm,7.149602050451909
2026-08-12 18:19:51.700494+00:00,2026-08-12 18:23:21.701088+00:00,8,4.0,co2_ppm,3.2191604429564773
2026-08-12 18:27:21.701772+00:00,2026-08-12 18:29:51.702328+00:00,6,3.0,co2_ppm,7.909937088407344
2026-08-12 20:13:21.730569+00:00,2026-08-12 20:15:51.730981+00:00,6,3.0,co2_ppm,4.660117974565567
2026-08-12 21:02:51.738830+00:00,2026-08-12 21:08:51.739822+00:00,13,6.5,pressure_hpa,4.890058006195251
2026-08-13 06:56:51.858892+00:00,2026-08-13 06:59:21.859325+00:00,6,3.0,co2_ppm,3.7771482530689333
2026-08-13 14:14:21.946086+00:00,2026-08-13 14:17:51.946646+00:00,8,4.0,co2_ppm,4.181842708754891
2026-08-13 15:24:21.957639+00:00,2026-08-13 15:26:21.957972+00:00,5,2.5,co2_ppm,3.822114303700706
2026-08-13 18:36:21.994603+00:00,2026-08-13 18:51:52.000182+00:00,32,16.0,"mass_pm10,mass_pm2_5",17.963243106591637
2026-08-13 19:17:52.009161+00:00,2026-08-13 19:45:52.016677+00:00,57,28.5,co2_ppm,26.44099748118716
2026-08-13 19:47:22.017982+00:00,2026-08-13 19:49:52.019275+00:00,6,3.0,"mass_pm10,mass_pm2_5",49.22087152937655
2026-08-13 20:01:52.025522+00:00,2026-08-13 20:04:22.026002+00:00,6,3.0,"mass_pm10,mass_pm2_5",21.270464615195774
2026-08-13 21:00:22.041576+00:00,2026-08-13 21:06:22.043118+00:00,13,6.5,"mass_pm10,mass_pm2_5",637.9923415557441
2026-08-13 21:13:22.046540+00:00,2026-08-13 21:28:52.057970+00:00,32,16.0,"mass_pm10,mass_pm2_5",798.6597344812308
2026-08-14 00:39:22.150610+00:00,2026-08-14 00:41:22.151196+00:00,5,2.5,co2_ppm,4.271774810018436
2026-08-14 05:17:22.257400+00:00,2026-08-14 05:25:52.258750+00:00,18,9.0,"mass_pm10,mass_pm2_5",9.459969769209906
2026-08-14 05:56:52.263705+00:00,2026-08-14 05:58:22.263936+00:00,4,2.0,co2_ppm,6.112572507756644
2026-08-14 07:46:52.292647+00:00,2026-08-14 07:48:22.292917+00:00,4,2.0,co2_ppm,5.395926075812762
2026-08-14 07:49:52.293148+00:00,2026-08-14 07:52:52.293659+00:00,7,3.5,co2_ppm,8.318719366878007
2026-08-14 07:57:22.294400+00:00,2026-08-14 07:59:52.294790+00:00,6,3.0,co2_ppm,6.239039525158506
2026-08-14 12:16:22.339705+00:00,2026-08-14 12:35:22.342936+00:00,39,19.5,co2_ppm,19.054363955213816
2026-08-14 16:58:22.389991+00:00,2026-08-14 16:59:52.390213+00:00,4,2.0,pressure_hpa,3.0352084176485126
2026-08-14 18:35:52.406469+00:00,2026-08-14 18:44:22.407874+00:00,18,9.0,"co2_ppm,mass_pm10,mass_pm2_5",5.993012111463798
2026-08-14 20:18:22.427183+00:00,2026-08-14 20:23:22.428007+00:00,11,5.5,"mass_pm10,mass_pm2_5",7.664667721324946
2026-08-15 02:13:52.490317+00:00,2026-08-15 02:25:22.492628+00:00,24,12.0,pressure_hpa,5.058680696078298
2026-08-15 02:52:52.497141+00:00,2026-08-15 02:58:52.498145+00:00,13,6.5,co2_ppm,5.171095822653896
2026-08-15 04:04:52.508980+00:00,2026-08-15 04:09:22.509794+00:00,10,5.0,co2_ppm,3.409925506242787
2026-08-15 10:31:22.585887+00:00,2026-08-15 10:37:52.586997+00:00,14,7.0,"mass_pm10,mass_pm2_5",20.836124519188257
2026-08-15 13:17:22.618547+00:00,2026-08-15 13:19:52.618971+00:00,6,3.0,"mass_pm10,mass_pm2_5",5.609427002799872
2026-08-15 17:16:52.659032+00:00,2026-08-15 17:18:22.659297+00:00,4,2.0,co2_ppm,3.2881424524484015
2026-08-15 17:24:22.660201+00:00,2026-08-15 17:29:52.661098+00:00,12,6.0,co2_ppm,6.239039525158506
2026-08-15 19:39:22.686473+00:00,2026-08-15 19:42:52.687056+00:00,8,4.0,"mass_pm10,mass_pm2_5",4.123823269152227
2026-08-16 08:55:22.836369+00:00,2026-08-16 08:56:52.836621+00:00,4,2.0,"mass_pm10,mass_pm2_5",4.460979520527907
2026-08-16 14:53:22.896113+00:00,2026-08-16 14:58:22.896947+00:00,11,5.5,co2_ppm,4.552812626467017
2026-08-16 18:19:22.931056+00:00,2026-08-16 18:21:22.931404+00:00,5,2.5,"mass_pm10,mass_pm2_5",3.664876146070276
2026-08-17 00:25:22.995730+00:00,2026-08-17 00:28:52.996297+00:00,8,4.0,co2_ppm,3.9120464049642525
2026-08-17 02:11:53.014054+00:00,2026-08-17 02:13:23.014299+00:00,4,2.0,co2_ppm,3.372453797382976
2026-08-17 02:15:23.014646+00:00,2026-08-17 02:19:23.015320+00:00,9,4.5,co2_ppm,4.496605063177301
2026-08-17 03:00:23.022064+00:00,2026-08-17 03:02:23.022396+00:00,5,2.5,co2_ppm,8.633481721300418
2026-08-17 07:10:23.064515+00:00,2026-08-17 07:42:23.069982+00:00,65,32.5,co2_ppm,6.660596249831378
2026-08-17 09:30:23.088749+00:00,2026-08-17 09:33:53.089326+00:00,8,4.0,co2_ppm,4.384189936597869
2026-08-17 15:57:41.266166+00:00,2026-08-17 16:09:41.271264+00:00,25,12.5,"co2_ppm,pressure_hpa",7.419398354165867
2026-08-17 17:22:41.308370+00:00,2026-08-17 17:24:11.309705+00:00,4,2.0,co2_ppm,3.597284050541841
2026-08-17 17:31:11.310874+00:00,2026-08-17 17:33:11.311212+00:00,5,2.5,"mass_pm10,mass_pm2_5",4.21753072950551
2026-08-17 21:17:11.424351+00:00,2026-08-17 21:20:41.424944+00:00,8,4.0,co2_ppm,8.88079499977517
2026-08-18 01:37:41.474859+00:00,2026-08-18 01:39:11.475097+00:00,4,2.0,co2_ppm,8.543549620036872
2026-08-18 05:17:41.531573+00:00,2026-08-18 05:28:41.533344+00:00,23,11.5,pressure_hpa,5.395926075805093
2026-08-18 06:26:41.547093+00:00,2026-08-18 06:38:41.549334+00:00,25,12.5,"mass_pm10,mass_pm2_5",5.642673954640482
2026-08-19 01:44:13.814995+00:00,2026-08-19 01:55:13.816777+00:00,23,11.5,pressure_hpa,5.733171455554893
2026-08-19 04:31:43.845487+00:00,2026-08-19 05:04:13.851104+00:00,66,33.0,co2_ppm,9.491048544063519
2026-08-19 05:06:13.851437+00:00,2026-08-19 05:10:13.852065+00:00,9,4.5,co2_ppm,3.5651654429477175
2026-08-19 07:36:13.878573+00:00,2026-08-19 07:38:43.878983+00:00,6,3.0,pressure_hpa,5.395926075751417
2026-08-19 08:12:43.884523+00:00,2026-08-19 08:14:13.884779+00:00,4,2.0,co2_ppm,3.3724537973829762
2026-08-19 09:52:43.903427+00:00,2026-08-19 09:55:13.903838+00:00,6,3.0,co2_ppm,4.721435316336167
2026-08-19 10:14:43.907048+00:00,2026-08-19 10:16:43.907375+00:00,5,2.5,pressure_hpa,4.946265569500143
2026-08-19 10:20:13.907964+00:00,2026-08-19 10:24:43.908696+00:00,10,5.0,"mass_pm10,mass_pm2_5",130.32214124259423
2026-08-19 10:33:13.910087+00:00,2026-08-19 11:10:13.916365+00:00,75,37.5,"co2_ppm,mass_pm10,mass_pm2_5",18.716911984149455
2026-08-19 13:18:43.937387+00:00,2026-08-19 13:20:13.937638+00:00,4,2.0,co2_ppm,3.1701065695399975
2026-08-19 15:35:13.959703+00:00,2026-08-19 15:58:43.963605+00:00,48,24.0,co2_ppm,7.494341771962169
2026-08-19 16:01:43.964110+00:00,2026-08-19 16:03:13.964334+00:00,4,2.0,co2_ppm,3.372453797382976
2026-08-19 17:48:43.981587+00:00,2026-08-19 17:54:43.982587+00:00,13,6.5,pressure_hpa,4.046944556863405
2026-08-19 19:11:43.995221+00:00,2026-08-19 19:13:43.995554+00:00,5,2.5,"mass_pm10,mass_pm2_5",3.6898425452039767
2026-08-19 23:07:44.035355+00:00,2026-08-19 23:15:14.036571+00:00,16,8.0,pressure_hpa,6.070416835220344
2026-08-20 01:34:14.059175+00:00,2026-08-20 01:58:44.063235+00:00,50,25.0,pressure_hpa,5.39592607582043
2026-08-20 09:26:14.140180+00:00,2026-08-20 09:29:14.140674+00:00,7,3.5,co2_ppm,3.8221143037007064
2026-08-20 11:09:44.157139+00:00,2026-08-20 11:25:14.159695+00:00,32,16.0,"co2_ppm,mass_pm10,mass_pm2_5",35.34333825021191
2026-08-20 14:55:14.193813+00:00,2026-08-20 14:56:44.194064+00:00,4,2.0,pressure_hpa,4.046944556813563
2026-08-20 15:36:44.200631+00:00,2026-08-20 15:38:14.200887+00:00,4,2.0,co2_ppm,3.822114303700706
2026-08-20 15:42:44.201802+00:00,2026-08-20 15:47:44.202604+00:00,11,5.5,co2_ppm,3.822114303700706
2026-08-20 17:06:14.215340+00:00,2026-08-20 17:14:14.216682+00:00,17,8.5,co2_ppm,4.5865371644408475
2026-08-20 17:20:14.217639+00:00,2026-08-20 17:22:14.217932+00:00,5,2.5,pressure_hpa,4.721435316336167
2026-08-20 18:47:14.231551+00:00,2026-08-20 18:54:14.232674+00:00,15,7.5,pressure_hpa,3.8221143037032626
2026-08-20 22:16:44.265437+00:00,2026-08-20 22:20:14.265996+00:00,8,4.0,pressure_hpa,3.7096991771251075
2026-08-20 23:40:14.278976+00:00,2026-08-20 23:42:14.279292+00:00,5,2.5,pressure_hpa,4.721435316343834
2026-08-21 05:08:14.332771+00:00,2026-08-21 05:11:44.333356+00:00,8,4.0,pressure_hpa,3.822114303697298
2026-08-21 07:51:14.359387+00:00,2026-08-21 07:58:14.360526+00:00,15,7.5,co2_ppm,5.246039240373518
2026-08-21 08:29:44.365644+00:00,2026-08-21 08:32:14.366064+00:00,6,3.0,pressure_hpa,3.7096991771251075
2026-08-21 10:18:44.383981+00:00,2026-08-21 10:27:14.385359+00:00,18,9.0,pressure_hpa,6.74490759477362
2026-08-21 12:01:44.401130+00:00,2026-08-21 12:37:14.406846+00:00,72,36.0,"co2_ppm,mass_pm10,mass_pm2_5",17.021997572633488
2026-08-21 14:42:14.429323+00:00,2026-08-21 14:49:14.430449+00:00,15,7.5,co2_ppm,4.046944556859572
2026-08-21 15:14:44.434641+00:00,2026-08-21 15:16:14.434884+00:00,4,2.0,pressure_hpa,4.046944556813563
2026-08-21 16:29:44.447038+00:00,2026-08-21 16:32:44.449421+00:00,7,3.5,pressure_hpa,4.046944556849347
2026-08-21 18:15:44.466298+00:00,2026-08-21 18:18:14.466715+00:00,6,3.0,pressure_hpa,4.046944556863405
2026-08-21 18:26:14.468001+00:00,2026-08-21 18:27:44.468222+00:00,4,2.0,pressure_hpa,3.37245379738681
2026-08-21 19:25:14.478391+00:00,2026-08-21 19:29:14.479028+00:00,9,4.5,co2_ppm,3.5410764872521248
2026-08-21 20:25:14.488163+00:00,2026-08-21 20:29:44.488913+00:00,10,5.0,pressure_hpa,3.147623544226667
2026-08-22 07:15:14.596076+00:00,2026-08-22 07:26:14.597915+00:00,23,11.5,pressure_hpa,6.070416835258684
2026-08-22 07:55:14.602713+00:00,2026-08-22 07:56:44.602944+00:00,4,2.0,co2_ppm,3.119519762579253
2026-08-22 07:59:14.603359+00:00,2026-08-22 08:18:14.606406+00:00,39,19.5,co2_ppm,4.721435316336167
2026-08-22 08:20:14.606735+00:00,2026-08-22 08:47:14.611173+00:00,55,27.5,"mass_pm10,mass_pm2_5",10.099917211853192
2026-08-22 09:10:44.615042+00:00,2026-08-22 09:12:14.615296+00:00,4,2.0,pressure_hpa,4.721435316336167
2026-08-22 09:36:14.620242+00:00,2026-08-22 09:43:14.621387+00:00,15,7.5,pressure_hpa,7.4193983542425475
2026-08-22 09:48:14.622207+00:00,2026-08-22 09:55:14.623343+00:00,15,7.5,pressure_hpa,9.442870632680002
2026-08-22 12:37:14.651943+00:00,2026-08-22 12:42:14.652885+00:00,11,5.5,pressure_hpa,4.721435316343834
2026-08-22 12:51:44.654464+00:00,2026-08-22 12:55:44.655114+00:00,9,4.5,pressure_hpa,5.39592607582043
2026-08-22 14:09:44.669099+00:00,2026-08-22 14:50:14.675725+00:00,82,41.0,co2_ppm,40.37308974581334
2026-08-22 15:04:44.678102+00:00,2026-08-22 15:06:14.678343+00:00,4,2.0,pressure_hpa,4.721435316336167
2026-08-22 17:23:44.701392+00:00,2026-08-22 17:52:14.706208+00:00,58,29.0,co2_ppm,19.093276883645157
2026-08-22 17:53:14.706375+00:00,2026-08-22 17:54:44.706623+00:00,4,2.0,"mass_pm10,mass_pm2_5",144.31722050018567
2026-08-22 18:04:44.708780+00:00,2026-08-22 18:08:44.709438+00:00,9,4.5,"mass_pm10,mass_pm2_5",841.1077921575702
2026-08-22 18:54:44.716876+00:00,2026-08-22 19:00:44.717839+00:00,13,6.5,"mass_pm10,mass_pm2_5",366.4991693765608
2026-08-22 19:01:44.718007+00:00,2026-08-22 19:15:14.720247+00:00,28,14.0,"mass_pm10,mass_pm2_5",484.40762356558986
2026-08-22 20:57:14.739398+00:00,2026-08-22 20:59:44.739833+00:00,6,3.0,pressure_hpa,3.4567651423155135
2026-08-23 00:29:14.774229+00:00,2026-08-23 00:30:44.774440+00:00,4,2.0,pressure_hpa,6.070416835297025
2026-08-23 00:57:44.778746+00:00,2026-08-23 00:59:14.779001+00:00,4,2.0,co2_ppm,5.73317145555106
2026-08-23 05:22:14.823614+00:00,2026-08-23 05:30:44.824989+00:00,18,9.0,co2_ppm,4.833850442915598
2026-08-23 05:48:14.827862+00:00,2026-08-23 05:59:14.829631+00:00,23,11.5,co2_ppm,5.508341202392194
2026-08-23 06:23:44.833662+00:00,2026-08-23 06:25:44.833993+00:00,5,2.5,pressure_hpa,3.3724537973906443
2026-08-23 10:45:14.879105+00:00,2026-08-23 10:51:14.880093+00:00,13,6.5,pressure_hpa,4.046944556863405
2026-08-23 11:19:14.884568+00:00,2026-08-23 11:21:44.884945+00:00,6,3.0,pressure_hpa,4.046944556863405
2026-08-23 12:07:14.892344+00:00,2026-08-23 12:12:14.893154+00:00,11,5.5,pressure_hpa,4.384189936601703
2026-08-23 15:19:44.924349+00:00,2026-08-23 15:27:14.925585+00:00,16,8.0,co2_ppm,4.721435316336167
2026-08-23 18:47:44.958461+00:00,2026-08-23 18:51:44.959128+00:00,9,4.5,pressure_hpa,4.721435316336167
2026-08-23 20:34:44.975965+00:00,2026-08-23 20:36:44.976311+00:00,5,2.5,co2_ppm,3.447397215102598
2026-08-23 20:43:44.977467+00:00,2026-08-23 20:52:44.978984+00:00,19,9.5,"co2_ppm,pressure_hpa",4.403279297715131
2026-08-23 21:00:14.980225+00:00,2026-08-23 21:05:44.981138+00:00,12,6.0,co2_ppm,3.7096991771212733
2026-08-23 21:06:44.981304+00:00,2026-08-23 21:09:14.981718+00:00,6,3.0,co2_ppm,3.597284050541841
2026-08-24 02:00:15.033512+00:00,2026-08-24 02:02:45.033918+00:00,6,3.0,pressure_hpa,4.721435316343834
2026-08-24 03:21:15.046997+00:00,2026-08-24 03:38:45.049882+00:00,36,18.0,"co2_ppm,mass_pm10,mass_pm2_5",6.266205196115924
2026-08-24 03:42:45.050534+00:00,2026-08-24 03:49:45.051663+00:00,15,7.5,"co2_ppm,pressure_hpa",3.661521265730088
2026-08-24 04:01:15.053658+00:00,2026-08-24 04:15:45.056007+00:00,30,15.0,co2_ppm,5.958001708709924
2026-08-24 13:23:15.152958+00:00,2026-08-24 13:24:45.153204+00:00,4,2.0,co2_ppm,3.7096991771212737
2026-08-24 17:21:15.196965+00:00,2026-08-24 17:28:45.198167+00:00,16,8.0,pressure_hpa,7.4193983542425475
2026-08-25 01:55:15.281217+00:00,2026-08-25 01:56:45.281467+00:00,4,2.0,co2_ppm,4.384189936597869
2026-08-25 04:18:45.306216+00:00,2026-08-25 04:21:45.306695+00:00,7,3.5,pressure_hpa,3.37245379738681
2026-08-25 05:30:15.318006+00:00,2026-08-25 05:49:45.321194+00:00,40,20.0,pressure_hpa,6.295247088432034
2026-08-25 07:13:45.334949+00:00,2026-08-25 07:17:45.335595+00:00,9,4.5,co2_ppm,3.9120464049642525
2026-08-25 07:25:15.336754+00:00,2026-08-25 07:31:15.337708+00:00,13,6.5,co2_ppm,4.721435316336167
2026-08-25 10:24:15.366120+00:00,2026-08-25 10:25:45.366380+00:00,4,2.0,pressure_hpa,4.721435316343834
2026-08-25 10:30:45.367198+00:00,2026-08-25 10:32:15.367448+00:00,4,2.0,pressure_hpa,3.3724537973906443
2026-08-25 10:46:15.369730+00:00,2026-08-25 10:47:45.369970+00:00,4,2.0,pressure_hpa,5.39592607582043
2026-08-25 15:24:15.415382+00:00,2026-08-25 15:36:15.419989+00:00,25,12.5,pressure_hpa,6.407662215035322
2026-08-25 17:00:45.433703+00:00,2026-08-25 17:02:15.433951+00:00,4,2.0,pressure_hpa,3.37245379736764
2026-08-25 17:03:45.434208+00:00,2026-08-25 17:06:45.434685+00:00,7,3.5,pressure_hpa,3.7096991771040204
2026-08-25 18:14:15.445760+00:00,2026-08-25 18:29:45.448311+00:00,32,16.0,"co2_ppm,mass_pm10,mass_pm2_5",6.7449075947659525
2026-08-26 07:03:15.581636+00:00,2026-08-26 07:38:45.587374+00:00,72,36.0,"co2_ppm,mass_pm10,mass_pm2_5,pressure_hpa",95.57190989901565
2026-08-26 08:48:15.598861+00:00,2026-08-26 08:49:45.599103+00:00,4,2.0,pressure_hpa,5.39592607582043
2026-08-26 08:50:45.599269+00:00,2026-08-26 08:52:15.599521+00:00,4,2.0,pressure_hpa,4.046944556867239
2026-08-26 09:36:45.606735+00:00,2026-08-26 09:40:15.607312+00:00,8,4.0,co2_ppm,3.8783218669904223
2026-08-26 13:57:15.649899+00:00,2026-08-26 14:03:15.650893+00:00,13,6.5,pressure_hpa,4.384189936601703
2026-08-26 15:52:15.668974+00:00,2026-08-26 15:54:15.669311+00:00,5,2.5,pressure_hpa,4.046944556867239
2026-08-26 18:42:15.697053+00:00,2026-08-26 18:45:15.697575+00:00,7,3.5,"mass_pm10,mass_pm2_5",4.4254645155796615
2026-08-26 18:47:45.698000+00:00,2026-08-26 18:50:45.698498+00:00,7,3.5,"mass_pm10,mass_pm2_5",4.228460653160147
2026-08-27 04:39:15.801095+00:00,2026-08-27 04:41:15.801407+00:00,5,2.5,pressure_hpa,3.0352084176274254
2026-08-27 05:10:15.806210+00:00,2026-08-27 05:12:45.806625+00:00,6,3.0,"mass_pm10,mass_pm2_5",4.567698443553611
2026-08-27 07:11:45.826050+00:00,2026-08-27 07:41:45.834829+00:00,61,30.5,"co2_ppm,mass_pm10,mass_pm2_5",89.50597194319272
2026-08-27 09:05:45.848560+00:00,2026-08-27 09:07:15.848799+00:00,4,2.0,pressure_hpa,3.3724537973523034
2026-08-27 12:02:15.878312+00:00,2026-08-27 12:05:15.878795+00:00,7,3.5,co2_ppm,3.2881424524484015
2026-08-27 15:36:45.913641+00:00,2026-08-27 15:46:15.915188+00:00,20,10.0,pressure_hpa,8.093889113634793
2026-08-27 16:00:15.917404+00:00,2026-08-27 16:02:45.917814+00:00,6,3.0,pressure_hpa,4.384189936601703
2026-08-27 16:32:45.922714+00:00,2026-08-27 16:40:45.924036+00:00,17,8.5,pressure_hpa,8.09388911372681
2026-08-28 00:55:46.007813+00:00,2026-08-28 00:58:16.008216+00:00,6,3.0,pressure_hpa,3.7096991771251075
2026-08-28 05:05:16.050830+00:00,2026-08-28 05:29:16.054723+00:00,49,24.5,co2_ppm,6.295247088448222
2026-08-28 06:49:16.069786+00:00,2026-08-28 06:51:16.070107+00:00,5,2.5,pressure_hpa,3.372453797375308
2026-08-28 07:00:16.071545+00:00,2026-08-28 07:37:16.077510+00:00,75,37.5,"mass_pm10,mass_pm2_5,pressure_hpa",13.027767722600714
2026-08-28 07:38:16.077671+00:00,2026-08-28 07:41:16.078134+00:00,7,3.5,"mass_pm10,mass_pm2_5",3.6088314455492725
2026-08-28 08:55:46.090349+00:00,2026-08-28 08:57:46.090703+00:00,5,2.5,co2_ppm,4.21556724672872
2026-08-28 09:06:16.092091+00:00,2026-08-28 09:07:46.092318+00:00,4,2.0,co2_ppm,3.642250101173614
2026-08-28 10:50:46.108995+00:00,2026-08-28 10:53:16.109383+00:00,6,3.0,pressure_hpa,4.046944556864683
2026-08-28 11:36:46.116501+00:00,2026-08-28 11:40:46.117137+00:00,9,4.5,pressure_hpa,4.384189936601703
2026-08-28 11:45:46.117951+00:00,2026-08-28 11:48:16.118369+00:00,6,3.0,pressure_hpa,3.37245379738681
2026-08-28 13:46:46.139785+00:00,2026-08-28 13:49:46.140268+00:00,7,3.5,co2_ppm,3.4206317087741613
2026-08-28 13:51:46.140607+00:00,2026-08-28 14:20:16.145283+00:00,58,29.0,co2_ppm,6.3113063922452834
2026-08-28 14:56:46.151271+00:00,2026-08-28 14:58:46.151593+00:00,5,2.5,pressure_hpa,3.37245379738681
2026-08-28 18:48:16.189131+00:00,2026-08-28 18:50:46.189541+00:00,6,3.0,co2_ppm,3.2038311075138273
2026-08-28 22:36:46.230280+00:00,2026-08-28 22:38:46.230605+00:00,5,2.5,pressure_hpa,3.5972840505443973
2026-08-28 22:40:16.230850+00:00,2026-08-28 22:47:46.232061+00:00,16,8.0,pressure_hpa,5.395926075816596
2026-08-29 00:14:16.246108+00:00,2026-08-29 00:15:46.246342+00:00,4,2.0,co2_ppm,3.237555645487657
2026-08-29 01:53:46.263117+00:00,2026-08-29 01:57:46.263782+00:00,9,4.5,pressure_hpa,7.419398354165867
2026-08-29 02:26:46.268472+00:00,2026-08-29 02:47:46.271911+00:00,43,21.5,"co2_ppm,mass_pm10,mass_pm2_5",11.719276945905841
2026-08-29 02:51:16.272447+00:00,2026-08-29 03:03:46.274462+00:00,26,13.0,"co2_ppm,mass_pm10,mass_pm2_5",26.867215252484375
2026-08-29 03:06:46.274925+00:00,2026-08-29 03:08:16.275160+00:00,4,2.0,co2_ppm,3.9120464049642525
2026-08-29 03:12:46.275900+00:00,2026-08-29 03:14:16.276121+00:00,4,2.0,co2_ppm,3.8783218669904223
2026-08-29 04:45:16.291817+00:00,2026-08-29 04:47:46.292244+00:00,6,3.0,pressure_hpa,3.37245379738681
2026-08-29 05:01:16.294423+00:00,2026-08-29 05:03:46.294846+00:00,6,3.0,co2_ppm,6.7449075947659525
2026-08-29 05:10:16.295909+00:00,2026-08-29 05:12:46.296330+00:00,6,3.0,co2_ppm,8.093889113719143
2026-08-29 09:19:46.339909+00:00,2026-08-29 09:21:16.340151+00:00,4,2.0,pressure_hpa,3.7096991771251075
2026-08-29 12:16:46.369093+00:00,2026-08-29 12:24:16.370327+00:00,16,8.0,pressure_hpa,5.171095822659009
2026-08-29 16:52:16.416154+00:00,2026-08-29 16:54:16.416473+00:00,5,2.5,co2_ppm,4.721435316336167
2026-08-29 19:35:46.442558+00:00,2026-08-29 19:42:16.443604+00:00,14,7.0,pressure_hpa,4.721435316323387
2026-08-30 06:48:46.551940+00:00,2026-08-30 06:52:46.552581+00:00,9,4.5,pressure_hpa,3.3724537973829762
2026-08-30 06:53:46.552739+00:00,2026-08-30 06:56:16.553147+00:00,6,3.0,pressure_hpa,3.7096991771251075
2026-08-30 07:00:46.553850+00:00,2026-08-30 07:04:16.554413+00:00,8,4.0,pressure_hpa,3.3724537973829762
2026-08-30 07:06:16.554728+00:00,2026-08-30 07:07:46.554967+00:00,4,2.0,pressure_hpa,3.3724537973829762
2026-08-30 08:22:46.566910+00:00,2026-08-30 08:25:46.567381+00:00,7,3.5,co2_ppm,3.5651654429477175
2026-08-30 08:26:46.567560+00:00,2026-08-30 08:54:16.572040+00:00,56,28.0,co2_ppm,6.744907594765952
2026-08-30 09:40:16.579418+00:00,2026-08-30 09:42:46.579822+00:00,6,3.0,pressure_hpa,4.721435316336167
2026-08-30 14:13:46.623270+00:00,2026-08-30 14:19:16.624147+00:00,12,6.0,pressure_hpa,6.070416835289357
2026-08-30 16:38:16.646522+00:00,2026-08-30 16:43:16.647340+00:00,11,5.5,pressure_hpa,3.7096991771251075
2026-08-30 16:44:46.647582+00:00,2026-08-30 16:50:16.654142+00:00,12,6.0,pressure_hpa,4.046944556863405
2026-08-30 16:51:16.654298+00:00,2026-08-30 16:57:46.655381+00:00,14,7.0,pressure_hpa,6.7449075947659525
2026-08-30 18:24:46.671443+00:00,2026-08-30 18:30:16.672357+00:00,12,6.0,pressure_hpa,4.046944556863405
2026-08-30 19:15:16.679790+00:00,2026-08-30 19:17:16.680125+00:00,5,2.5,pressure_hpa,3.37245379738681
2026-08-30 20:22:46.691159+00:00,2026-08-30 20:44:16.694743+00:00,44,22.0,"co2_ppm,pressure_hpa",9.892531138990062
2026-08-30 20:55:46.696624+00:00,2026-08-30 20:59:46.697275+00:00,9,4.5,pressure_hpa,4.72143531628249
2026-08-31 00:11:46.733344+00:00,2026-08-31 00:15:46.733985+00:00,9,4.5,pressure_hpa,3.7096991771212737
2026-08-31 01:38:46.748052+00:00,2026-08-31 01:40:16.748298+00:00,4,2.0,pressure_hpa,3.3724537973829762
2026-08-31 03:18:46.764282+00:00,2026-08-31 03:26:46.765617+00:00,17,8.5,pressure_hpa,8.09388911372681
2026-08-31 04:28:46.775923+00:00,2026-08-31 04:30:16.776177+00:00,4,2.0,co2_ppm,3.3724537973829762
2026-08-31 09:05:46.827600+00:00,2026-08-31 09:11:16.828479+00:00,12,6.0,pressure_hpa,6.070416835297025
2026-08-31 09:55:16.835653+00:00,2026-08-31 10:12:46.838514+00:00,36,18.0,"co2_ppm,mass_pm10,mass_pm2_5",11.362111940888676
2026-08-31 10:13:46.838692+00:00,2026-08-31 10:16:46.839162+00:00,7,3.5,"mass_pm10,mass_pm2_5",3.853473806073749
2026-08-31 16:26:16.901474+00:00,2026-08-31 16:30:46.902223+00:00,10,5.0,co2_ppm,3.9120464049642525
2026-08-31 16:43:16.904230+00:00,2026-08-31 16:51:16.905535+00:00,17,8.5,pressure_hpa,6.070416835228012
2026-08-31 17:28:16.912992+00:00,2026-08-31 17:46:16.915926+00:00,37,18.5,co2_ppm,10.67943702504609
2026-08-31 18:13:16.920357+00:00,2026-08-31 18:26:16.922533+00:00,27,13.5,"mass_pm10,mass_pm2_5",7.169988195347675
2026-08-31 21:45:16.954881+00:00,2026-08-31 21:46:46.955112+00:00,4,2.0,co2_ppm,4.271774810018436
2026-08-31 23:01:46.967595+00:00,2026-08-31 23:03:16.967845+00:00,4,2.0,co2_ppm,4.046944556859572
2026-09-01 02:12:47.003328+00:00,2026-09-01 02:15:17.003705+00:00,6,3.0,pressure_hpa,3.5972840505443973
2026-09-01 02:45:17.008634+00:00,2026-09-01 02:46:47.008851+00:00,4,2.0,pressure_hpa,3.7096991771040204
2026-09-01 03:59:47.021480+00:00,2026-09-01 04:03:47.022124+00:00,9,4.5,pressure_hpa,4.384189936576782
2026-09-01 04:36:17.030293+00:00,2026-09-01 04:41:17.031139+00:00,11,5.5,pressure_hpa,3.5972840505333212
2026-09-01 06:38:47.055868+00:00,2026-09-01 06:53:17.058273+00:00,30,15.0,pressure_hpa,5.1261297720150685
2026-09-01 07:04:17.060051+00:00,2026-09-01 07:24:17.063285+00:00,41,20.5,"co2_ppm,pressure_hpa",7.194568101064086
2026-09-01 07:27:17.063776+00:00,2026-09-01 07:31:47.064515+00:00,10,5.0,co2_ppm,4.721435316336167
2026-09-01 09:36:47.085965+00:00,2026-09-01 09:41:47.086768+00:00,11,5.5,"mass_pm10,mass_pm2_5",6.403901777449581
2026-09-01 09:42:47.086925+00:00,2026-09-01 09:51:17.088247+00:00,18,9.0,"mass_pm10,mass_pm2_5",4.360954127283326
2026-09-01 11:43:47.112319+00:00,2026-09-01 11:48:47.113126+00:00,11,5.5,pressure_hpa,4.721435316340001
2026-09-01 11:50:17.113370+00:00,2026-09-01 12:00:17.114952+00:00,21,10.5,pressure_hpa,6.407662215035322
2026-09-01 13:01:47.124981+00:00,2026-09-01 13:07:17.125846+00:00,12,6.0,pressure_hpa,4.721435316343834
2026-09-01 13:10:47.126426+00:00,2026-09-01 13:16:17.127294+00:00,12,6.0,co2_ppm,14.951211835064527
2026-09-01 13:25:47.128829+00:00,2026-09-01 13:29:17.129388+00:00,8,4.0,co2_ppm,4.181842708754891
2026-09-01 14:40:17.140672+00:00,2026-09-01 14:41:47.140920+00:00,4,2.0,pressure_hpa,3.7096991771040204
2026-09-01 14:42:47.141154+00:00,2026-09-01 14:49:47.142315+00:00,15,7.5,pressure_hpa,4.384189936601703
2026-09-01 15:56:47.154765+00:00,2026-09-01 16:03:47.155876+00:00,15,7.5,co2_ppm,7.4193983542425475
2026-09-01 17:47:47.172626+00:00,2026-09-01 17:49:47.173063+00:00,5,2.5,co2_ppm,3.7096991771212737
2026-09-01 18:24:17.178648+00:00,2026-09-01 18:27:17.179133+00:00,7,3.5,co2_ppm,4.721435316336167
2026-09-01 18:42:47.181573+00:00,2026-09-01 18:49:47.182705+00:00,15,7.5,co2_ppm,5.73317145555106
2026-09-01 21:00:17.203640+00:00,2026-09-01 21:03:47.204199+00:00,8,4.0,pressure_hpa,4.946265569500143
2026-09-01 23:36:47.233282+00:00,2026-09-01 23:38:17.233492+00:00,4,2.0,co2_ppm,3.372453797382976
2026-09-02 04:14:17.277545+00:00,2026-09-02 04:17:17.278079+00:00,7,3.5,co2_ppm,5.058680696074464
2026-09-02 07:14:17.306415+00:00,2026-09-02 07:18:47.307123+00:00,10,5.0,pressure_hpa,4.046944556867239
2026-09-02 08:07:47.314996+00:00,2026-09-02 08:14:47.316111+00:00,15,7.5,co2_ppm,3.4762216065332217
2026-09-02 10:29:47.338720+00:00,2026-09-02 10:34:47.339511+00:00,11,5.5,co2_ppm,7.503709699177121
2026-09-02 14:20:17.397162+00:00,2026-09-02 14:21:47.397404+00:00,4,2.0,pressure_hpa,5.39592607582043
2026-09-02 15:40:47.411169+00:00,2026-09-02 15:50:47.412769+00:00,21,10.5,"co2_ppm,mass_pm10,mass_pm2_5",5.78593585123655
2026-09-02 15:51:47.412934+00:00,2026-09-02 15:55:47.413594+00:00,9,4.5,co2_ppm,4.609020189756734
2026-09-02 16:09:47.415900+00:00,2026-09-02 16:21:17.417762+00:00,24,12.0,pressure_hpa,4.721435316340001
2026-09-03 00:41:47.504060+00:00,2026-09-03 00:46:47.504878+00:00,11,5.5,pressure_hpa,4.271774810004804
2026-09-03 00:49:47.505369+00:00,2026-09-03 00:52:17.505778+00:00,6,3.0,pressure_hpa,3.597284050530765
2026-09-03 02:57:17.526287+00:00,2026-09-03 02:59:17.526612+00:00,5,2.5,pressure_hpa,3.372453797363806
2026-09-03 03:00:47.526855+00:00,2026-09-03 03:02:47.527180+00:00,5,2.5,pressure_hpa,3.3724537973829762
2026-09-03 03:04:17.527428+00:00,2026-09-03 03:27:17.531204+00:00,47,23.5,pressure_hpa,9.442870632680002
2026-09-03 04:57:17.545934+00:00,2026-09-03 05:41:17.554483+00:00,89,44.5,co2_ppm,23.337380277890194
2026-09-03 06:44:17.564733+00:00,2026-09-03 06:47:47.565319+00:00,8,4.0,co2_ppm,4.046944556859572
2026-09-03 10:14:17.601675+00:00,2026-09-03 10:18:17.602340+00:00,9,4.5,"mass_pm10,mass_pm2_5",6.809079083891446
2026-09-03 12:12:47.621133+00:00,2026-09-03 12:14:47.621455+00:00,5,2.5,co2_ppm,3.7096991771212737
2026-09-03 12:17:47.621948+00:00,2026-09-03 12:19:47.622284+00:00,5,2.5,"mass_pm10,mass_pm2_5",3.8754630905154523
2026-09-03 14:02:17.639222+00:00,2026-09-03 14:04:17.639541+00:00,5,2.5,pressure_hpa,4.384189936576782
2026-09-03 15:24:17.652632+00:00,2026-09-03 15:53:47.657508+00:00,60,30.0,pressure_hpa,7.0821529744716605
2026-09-03 16:00:17.658556+00:00,2026-09-03 16:10:47.660277+00:00,22,11.0,co2_ppm,4.384189936597869
2026-09-03 16:13:17.660673+00:00,2026-09-03 16:15:47.661099+00:00,6,3.0,co2_ppm,3.597284050541841
2026-09-03 16:32:47.663925+00:00,2026-09-03 16:36:17.664499+00:00,8,4.0,pressure_hpa,4.721435316340001
2026-09-03 22:56:47.729012+00:00,2026-09-03 22:58:47.729339+00:00,5,2.5,pressure_hpa,4.721435316343834
2026-09-03 23:47:17.737185+00:00,2026-09-03 23:56:47.738724+00:00,20,10.0,pressure_hpa,5.39592607582043
2026-09-04 01:09:17.755644+00:00,2026-09-04 01:40:47.761033+00:00,64,32.0,co2_ppm,6.0704168352893575
2026-09-04 02:56:47.773619+00:00,2026-09-04 02:58:47.773959+00:00,5,2.5,co2_ppm,4.21556724672872
2026-09-04 04:03:17.784466+00:00,2026-09-04 04:06:17.784973+00:00,7,3.5,"mass_pm10,mass_pm2_5",4.2473905564712435
2026-09-04 04:08:47.785381+00:00,2026-09-04 04:10:47.785726+00:00,5,2.5,"mass_pm10,mass_pm2_5",3.9336134762744788
2026-09-04 04:12:47.786064+00:00,2026-09-04 04:16:17.786630+00:00,8,4.0,"mass_pm10,mass_pm2_5",4.06912188089277
2026-09-04 04:17:47.786882+00:00,2026-09-04 04:19:47.787214+00:00,5,2.5,"mass_pm10,mass_pm2_5",4.337312246821666
2026-09-04 09:52:47.843216+00:00,2026-09-04 09:58:17.844120+00:00,12,6.0,pressure_hpa,4.046944556840401
2026-09-04 10:25:47.848680+00:00,2026-09-04 10:27:47.849002+00:00,5,2.5,pressure_hpa,3.0352084176485126
2026-09-04 11:50:17.864130+00:00,2026-09-04 11:54:17.864787+00:00,9,4.5,pressure_hpa,6.74490759477362
2026-09-04 13:32:17.880869+00:00,2026-09-04 13:35:17.881373+00:00,7,3.5,pressure_hpa,3.5972840505443973
2026-09-04 15:34:17.901501+00:00,2026-09-04 15:37:17.901994+00:00,7,3.5,pressure_hpa,4.046944556849347
2026-09-04 16:43:47.912856+00:00,2026-09-04 16:51:17.914096+00:00,16,8.0,pressure_hpa,4.384189936605537
2026-09-04 17:39:47.922015+00:00,2026-09-04 17:47:47.923366+00:00,17,8.5,pressure_hpa,5.3959260757859235
2026-09-04 18:16:47.928072+00:00,2026-09-04 18:18:17.928316+00:00,4,2.0,"mass_pm10,mass_pm2_5",5.173460258946876
2026-09-04 18:19:47.928548+00:00,2026-09-04 18:34:47.931019+00:00,31,15.5,"mass_pm10,mass_pm2_5",6.371465275282958
2026-09-04 18:37:47.931512+00:00,2026-09-04 18:41:17.932110+00:00,8,4.0,"mass_pm10,mass_pm2_5",4.619792540158427
2026-09-04 21:46:47.962721+00:00,2026-09-04 21:51:17.963466+00:00,10,5.0,pressure_hpa,3.4473972150972965
2026-09-05 00:59:47.994377+00:00,2026-09-05 01:02:17.994778+00:00,6,3.0,pressure_hpa,4.046944556867239
2026-09-05 02:27:48.009063+00:00,2026-09-05 02:47:48.012320+00:00,41,20.5,pressure_hpa,6.74490759477362
2026-09-05 04:35:18.030079+00:00,2026-09-05 04:38:48.030616+00:00,8,4.0,pressure_hpa,3.7096991771212737
2026-09-05 06:23:18.049955+00:00,2026-09-05 06:27:48.050673+00:00,10,5.0,pressure_hpa,3.8783218669813166
2026-09-05 06:28:48.050829+00:00,2026-09-05 06:30:18.051075+00:00,4,2.0,pressure_hpa,4.2717748100073605
2026-09-05 08:33:48.074845+00:00,2026-09-05 08:43:18.076374+00:00,20,10.0,pressure_hpa,7.756643733944421
2026-09-05 08:48:18.077191+00:00,2026-09-05 08:56:18.078533+00:00,17,8.5,pressure_hpa,4.946265569497588
2026-09-05 16:05:48.154461+00:00,2026-09-05 16:15:48.156106+00:00,21,10.5,"co2_ppm,mass_pm10",9.105625252934034
2026-09-05 19:28:18.190580+00:00,2026-09-05 19:30:18.190907+00:00,5,2.5,co2_ppm,5.395926075812762
2026-09-06 01:44:48.252216+00:00,2026-09-06 01:48:18.252752+00:00,8,4.0,pressure_hpa,3.7096991771040204
2026-09-06 03:52:48.276263+00:00,2026-09-06 03:54:18.276502+00:00,4,2.0,mass_pm10,5.900851461095003
2026-09-06 05:40:48.295580+00:00,2026-09-06 05:42:48.295911+00:00,5,2.5,pressure_hpa,4.046944556863405
2026-09-06 08:09:18.320446+00:00,2026-09-06 08:23:48.322807+00:00,30,15.0,pressure_hpa,7.756643733940588
2026-09-06 08:24:48.322984+00:00,2026-09-06 08:26:48.323330+00:00,5,2.5,pressure_hpa,4.496605063162818
2026-09-06 09:28:18.333440+00:00,2026-09-06 09:30:48.333876+00:00,6,3.0,pressure_hpa,4.046944556859572
2026-09-06 10:36:48.344666+00:00,2026-09-06 10:39:18.345103+00:00,6,3.0,pressure_hpa,3.3724537973812723
2026-09-06 15:22:18.394755+00:00,2026-09-06 15:23:48.395024+00:00,4,2.0,pressure_hpa,4.046944556859572
2026-09-06 20:32:18.445960+00:00,2026-09-06 20:34:18.446291+00:00,5,2.5,pressure_hpa,3.147623544220703
2026-09-07 04:50:48.530306+00:00,2026-09-07 04:54:48.530957+00:00,9,4.5,pressure_hpa,7.419398354165867
2026-09-07 05:10:18.533489+00:00,2026-09-07 05:12:18.533822+00:00,5,2.5,pressure_hpa,4.046944556813563
2026-09-07 06:12:48.543767+00:00,2026-09-07 06:17:48.544636+00:00,11,5.5,pressure_hpa,4.384189936601703
2026-09-07 07:30:18.556464+00:00,2026-09-07 07:31:48.556682+00:00,4,2.0,pressure_hpa,3.5972840505443973
2026-09-07 10:34:48.586697+00:00,2026-09-07 10:36:48.587025+00:00,5,2.5,pressure_hpa,3.3724537973829762
2026-09-07 14:36:48.626994+00:00,2026-09-07 14:46:18.628573+00:00,20,10.0,co2_ppm,9.038176176986376
2026-09-07 16:19:48.645686+00:00,2026-09-07 16:23:48.646338+00:00,9,4.5,pressure_hpa,5.395926075816596
2026-09-07 16:31:18.647574+00:00,2026-09-07 16:37:18.648564+00:00,13,6.5,pressure_hpa,4.721435316313162
2026-09-07 17:45:18.659721+00:00,2026-09-07 17:56:18.661497+00:00,23,11.5,pressure_hpa,4.946265569500143
2026-09-07 18:08:18.663420+00:00,2026-09-07 18:15:18.664549+00:00,15,7.5,co2_ppm,6.913530284635101
2026-09-07 18:26:48.666402+00:00,2026-09-07 18:29:18.666814+00:00,6,3.0,co2_ppm,4.451639012545528
2026-09-07 20:52:48.690636+00:00,2026-09-07 20:59:48.691792+00:00,15,7.5,pressure_hpa,4.046944556864683
2026-09-07 21:03:18.692362+00:00,2026-09-07 21:10:48.693590+00:00,16,8.0,co2_ppm,4.299878591663295
2026-09-07 21:11:48.693745+00:00,2026-09-07 21:19:18.694903+00:00,16,8.0,co2_ppm,3.661521265730088
2026-09-07 21:42:48.698743+00:00,2026-09-07 21:47:18.699490+00:00,10,5.0,pressure_hpa,5.395926075751417
2026-09-08 04:36:18.768808+00:00,2026-09-08 04:38:18.769119+00:00,5,2.5,pressure_hpa,4.046944556859572
2026-09-08 06:43:48.793412+00:00,2026-09-08 06:47:18.793958+00:00,8,4.0,co2_ppm,6.7449075947659525
2026-09-08 06:55:18.798514+00:00,2026-09-08 06:56:48.798767+00:00,4,2.0,co2_ppm,4.721435316336167
2026-09-08 06:57:48.798933+00:00,2026-09-08 07:01:18.799484+00:00,8,4.0,co2_ppm,4.721435316336167
2026-09-08 07:44:48.806655+00:00,2026-09-08 07:46:18.806918+00:00,4,2.0,co2_ppm,4.271774810018436
2026-09-08 08:13:18.811388+00:00,2026-09-08 08:17:18.812044+00:00,9,4.5,pressure_hpa,5.39592607582043
2026-09-08 08:18:48.812289+00:00,2026-09-08 08:55:18.818295+00:00,74,37.0,co2_ppm,10.387157695939566
2026-09-08 12:56:48.863100+00:00,2026-09-08 12:58:18.863334+00:00,4,2.0,co2_ppm,3.9345294302801386
2026-09-08 13:04:48.864387+00:00,2026-09-08 13:24:48.867632+00:00,41,20.5,co2_ppm,4.432367847989054
2026-09-08 17:08:48.904711+00:00,2026-09-08 17:20:18.906580+00:00,24,12.0,co2_ppm,4.833850442915598
2026-09-08 18:17:18.918613+00:00,2026-09-08 18:18:48.918857+00:00,4,2.0,pressure_hpa,6.070416835220344
2026-09-08 18:19:48.919026+00:00,2026-09-08 18:28:48.920458+00:00,19,9.5,pressure_hpa,6.070416835220344
2026-09-08 18:30:48.920759+00:00,2026-09-08 18:35:18.921490+00:00,10,5.0,pressure_hpa,3.7096991771251075
2026-09-08 18:36:18.921661+00:00,2026-09-08 18:38:18.921988+00:00,5,2.5,pressure_hpa,3.7096991771212737
2026-09-08 20:14:18.941099+00:00,2026-09-08 20:46:18.946372+00:00,65,32.5,"mass_pm10,mass_pm2_5,pressure_hpa",24.06014796473995
2026-09-08 20:53:48.947586+00:00,2026-09-08 20:59:48.948544+00:00,13,6.5,co2_ppm,4.82757345615228
2026-09-08 23:20:18.971938+00:00,2026-09-08 23:34:48.974237+00:00,30,15.0,pressure_hpa,8.768379873203406
2026-09-08 23:36:18.974487+00:00,2026-09-08 23:38:18.974801+00:00,5,2.5,pressure_hpa,5.395926075751417
2026-09-09 03:16:19.015901+00:00,2026-09-09 03:30:49.018286+00:00,30,15.0,pressure_hpa,6.7449075947659525
2026-09-09 05:16:49.035727+00:00,2026-09-09 05:44:49.040292+00:00,57,28.5,co2_ppm,8.965791802798643
2026-09-09 06:26:49.047130+00:00,2026-09-09 06:30:49.047809+00:00,9,4.5,co2_ppm,5.20321443024802
2026-09-09 07:04:49.053729+00:00,2026-09-09 07:13:19.058293+00:00,18,9.0,pressure_hpa,8.093889113634793
2026-09-09 07:14:19.058464+00:00,2026-09-09 07:15:49.058718+00:00,4,2.0,pressure_hpa,6.744907594696939
2026-09-09 07:38:19.062369+00:00,2026-09-09 07:43:19.063186+00:00,11,5.5,pressure_hpa,6.7449075947659525
2026-09-09 08:28:19.070493+00:00,2026-09-09 08:29:49.070734+00:00,4,2.0,co2_ppm,8.768379873195737
2026-09-09 08:31:49.071051+00:00,2026-09-09 08:33:49.071361+00:00,5,2.5,co2_ppm,6.7449075947659525
2026-09-09 10:31:19.090420+00:00,2026-09-09 10:36:19.091858+00:00,11,5.5,"mass_pm10,mass_pm2_5",32.857521020521574
2026-09-09 10:37:19.092018+00:00,2026-09-09 10:57:49.095364+00:00,42,21.0,"mass_pm10,mass_pm2_5",5.51829124907764
2026-09-09 15:28:49.143708+00:00,2026-09-09 15:55:19.148218+00:00,54,27.0,co2_ppm,8.262511803588291
2026-09-09 15:59:49.148966+00:00,2026-09-09 16:27:19.153484+00:00,56,28.0,pressure_hpa,5.058680696078298
2026-09-09 21:00:19.199902+00:00,2026-09-09 21:06:49.200978+00:00,14,7.0,pressure_hpa,5.058680696078298
2026-09-10 06:34:49.295373+00:00,2026-09-10 06:36:49.295715+00:00,5,2.5,"mass_pm10,mass_pm2_5",21.23736924182652
2026-09-10 06:37:49.295876+00:00,2026-09-10 07:14:49.301864+00:00,75,37.5,"co2_ppm,mass_pm10,mass_pm2_5",18.322565197593736
2026-09-10 07:37:19.305604+00:00,2026-09-10 07:44:49.306844+00:00,16,8.0,co2_ppm,4.271774810018436
2026-09-10 10:50:49.338820+00:00,2026-09-10 10:54:19.339396+00:00,8,4.0,co2_ppm,4.384189936597869
2026-09-10 14:27:49.376830+00:00,2026-09-10 14:32:49.377669+00:00,11,5.5,co2_ppm,4.552812626467017
2026-09-10 15:38:19.388374+00:00,2026-09-10 15:45:49.389650+00:00,16,8.0,pressure_hpa,8.09388911372681
2026-09-10 17:46:49.409447+00:00,2026-09-10 17:52:19.410380+00:00,12,6.0,pressure_hpa,66.79332104261026
2026-09-10 19:02:19.423434+00:00,2026-09-10 19:10:49.424746+00:00,18,9.0,"co2_ppm,mass_pm10,mass_pm2_5",94.49626548726944
2026-09-10 19:37:49.429193+00:00,2026-09-10 19:40:19.429597+00:00,6,3.0,mass_pm2_5,360.65846189385024
2026-09-10 19:49:49.431176+00:00,2026-09-10 19:57:19.432391+00:00,16,8.0,"mass_pm10,mass_pm2_5",325.04072242882745
2026-09-10 20:04:49.433591+00:00,2026-09-10 20:08:49.434229+00:00,9,4.5,"mass_pm10,mass_pm2_5",258.3705401520078
2026-09-10 20:09:49.434383+00:00,2026-09-10 20:15:19.435315+00:00,12,6.0,"mass_pm10,mass_pm2_5",133.2124206330051
2026-09-10 20:17:49.435717+00:00,2026-09-10 20:21:19.436312+00:00,8,4.0,co2_ppm,4.33784815163087
2026-09-10 21:40:49.449138+00:00,2026-09-10 21:50:19.450656+00:00,20,10.0,pressure_hpa,5729.293133672995
2026-09-11 03:17:19.505863+00:00,2026-09-11 03:36:49.509055+00:00,40,20.0,pressure_hpa,7.0821529744716605
2026-09-11 05:18:49.525986+00:00,2026-09-11 05:39:19.529275+00:00,42,21.0,co2_ppm,7.869058860560277
2026-09-11 05:42:49.529849+00:00,2026-09-11 05:46:19.530371+00:00,8,4.0,co2_ppm,3.740357848006574
2026-09-11 06:10:49.534313+00:00,2026-09-11 06:52:19.542320+00:00,84,42.0,pressure_hpa,45.86537164445065
2026-09-11 08:14:49.556214+00:00,2026-09-11 08:16:49.556542+00:00,5,2.5,pressure_hpa,4.046944556867239
2026-09-11 08:32:49.559162+00:00,2026-09-11 08:35:49.559663+00:00,7,3.5,pressure_hpa,4.046944556867239
2026-09-11 09:20:49.567058+00:00,2026-09-11 10:06:49.574714+00:00,93,46.5,pressure_hpa,8.431134493441146
2026-09-11 10:21:19.577094+00:00,2026-09-11 10:24:19.577574+00:00,7,3.5,co2_ppm,4.143300379641942
2026-09-11 11:21:19.586846+00:00,2026-09-11 11:30:19.588312+00:00,19,9.5,pressure_hpa,9.442870632580316
2026-09-11 12:46:49.600900+00:00,2026-09-11 12:52:49.601881+00:00,13,6.5,pressure_hpa,4.721435316343834
2026-09-11 14:40:19.619986+00:00,2026-09-11 14:45:19.620879+00:00,11,5.5,pressure_hpa,4.046944556863405
2026-09-11 15:22:19.631019+00:00,2026-09-11 15:24:49.631433+00:00,6,3.0,co2_ppm,3.9505887340772006
2026-09-11 18:22:19.660404+00:00,2026-09-11 18:27:49.661309+00:00,12,6.0,pressure_hpa,3.3724537973822093
2026-09-11 19:09:49.668154+00:00,2026-09-11 19:12:19.668545+00:00,6,3.0,pressure_hpa,3.311136455611743
2026-09-11 19:17:49.669467+00:00,2026-09-11 19:36:49.672598+00:00,39,19.5,"co2_ppm,pressure_hpa",6.034917321632694
2026-09-11 19:45:19.673980+00:00,2026-09-11 19:54:49.675555+00:00,20,10.0,"mass_pm10,mass_pm2_5",16.31198993006182
2026-09-11 20:16:19.679090+00:00,2026-09-11 20:17:49.679332+00:00,4,2.0,"mass_pm10,mass_pm2_5",5.808861841284602
2026-09-11 20:24:19.680382+00:00,2026-09-11 20:27:19.680886+00:00,7,3.5,"mass_pm10,mass_pm2_5",35.010457876842295
2026-09-11 20:33:49.681958+00:00,2026-09-11 20:37:19.682530+00:00,8,4.0,"mass_pm10,mass_pm2_5",27.899807529620745
2026-09-11 21:00:19.686364+00:00,2026-09-11 21:04:19.689911+00:00,9,4.5,pressure_hpa,4.586537164433486
2026-09-11 21:08:19.690568+00:00,2026-09-11 21:12:49.691316+00:00,10,5.0,pressure_hpa,3.5410764872439775
2026-09-11 22:59:19.714306+00:00,2026-09-11 23:03:19.714961+00:00,9,4.5,pressure_hpa,4.046944556863405
2026-09-11 23:10:49.716189+00:00,2026-09-11 23:14:19.716751+00:00,8,4.0,pressure_hpa,4.384189936605537
2026-09-11 23:18:19.717432+00:00,2026-09-11 23:22:19.718099+00:00,9,4.5,pressure_hpa,4.721435316336167
2026-09-12 00:26:19.728995+00:00,2026-09-12 00:32:49.730072+00:00,14,7.0,pressure_hpa,4.2155672467325545
2026-09-12 05:34:19.781377+00:00,2026-09-12 05:39:19.782197+00:00,11,5.5,pressure_hpa,5.620756328955439
2026-09-12 06:56:49.795409+00:00,2026-09-12 06:59:19.795820+00:00,6,3.0,pressure_hpa,4.384189936576782
2026-09-12 07:14:19.798258+00:00,2026-09-12 07:19:19.799089+00:00,11,5.5,"co2_ppm,pressure_hpa",4.384189936601703
2026-09-12 07:20:19.799247+00:00,2026-09-12 07:48:49.804082+00:00,58,29.0,"co2_ppm,pressure_hpa",8.768379873195737
2026-09-12 10:30:49.832514+00:00,2026-09-12 10:48:19.835388+00:00,36,18.0,co2_ppm,6.4076622150276545
2026-09-12 11:54:49.846333+00:00,2026-09-12 11:56:19.846576+00:00,4,2.0,pressure_hpa,4.721435316340001
2026-09-12 13:12:19.862263+00:00,2026-09-12 13:18:19.863229+00:00,13,6.5,pressure_hpa,3.7096991771251075
2026-09-12 14:41:49.882855+00:00,2026-09-12 15:18:49.889041+00:00,75,37.5,pressure_hpa,6.070416835294469
2026-09-12 18:00:19.914874+00:00,2026-09-12 18:08:49.916245+00:00,18,9.0,pressure_hpa,6.070416835228012
2026-09-12 18:11:49.916733+00:00,2026-09-12 18:14:49.917231+00:00,7,3.5,pressure_hpa,3.7096991771040204
2026-09-12 22:22:49.959184+00:00,2026-09-12 22:27:19.959903+00:00,10,5.0,pressure_hpa,4.046944556840401
2026-09-12 22:35:19.961208+00:00,2026-09-12 22:37:19.961535+00:00,5,2.5,pressure_hpa,3.0352084176312593
2026-09-12 23:41:19.972685+00:00,2026-09-12 23:48:19.973816+00:00,15,7.5,pressure_hpa,5.395926075759085
2026-09-13 01:22:49.988896+00:00,2026-09-13 11:06:47.090243+00:00,10,5.0,"co2_ppm,mass_pm10,mass_pm2_5,pressure_hpa",4068.037722432358
2026-09-14 21:36:07.261498+00:00,2026-09-14 21:39:37.262065+00:00,8,4.0,co2_ppm,3.5410764872521248
2026-09-14 21:42:37.262575+00:00,2026-09-14 21:46:07.263136+00:00,8,4.0,co2_ppm,3.822114303700706
2026-09-14 21:47:07.263294+00:00,2026-09-14 21:50:07.263784+00:00,7,3.5,co2_ppm,4.181842708754891
2026-09-14 21:51:07.263943+00:00,2026-09-14 21:53:37.264340+00:00,6,3.0,co2_ppm,3.7771482530689333
2026-09-15 02:39:37.311361+00:00,2026-09-15 02:44:07.312095+00:00,10,5.0,pressure_hpa,3.3724537973855324
2026-09-15 05:59:37.345912+00:00,2026-09-15 06:21:07.349745+00:00,44,22.0,"co2_ppm,pressure_hpa",5.781349366942244
2026-09-15 06:33:07.351675+00:00,2026-09-15 06:37:37.352400+00:00,10,5.0,pressure_hpa,5.395926075759085
2026-09-15 07:27:07.360539+00:00,2026-09-15 07:34:37.361752+00:00,16,8.0,"co2_ppm,pressure_hpa",6.070416835297025
2026-09-15 08:04:37.366699+00:00,2026-09-15 08:09:07.367465+00:00,10,5.0,pressure_hpa,4.721435316336167
2026-09-15 08:37:07.372090+00:00,2026-09-15 08:42:07.372902+00:00,11,5.5,co2_ppm,4.721435316336167
2026-09-15 09:51:07.384164+00:00,2026-09-15 09:57:07.385129+00:00,13,6.5,co2_ppm,4.991231620126805
2026-09-15 13:29:37.420261+00:00,2026-09-15 13:33:07.420840+00:00,8,4.0,pressure_hpa,3.3724537973906443
2026-09-15 13:38:07.421665+00:00,2026-09-15 13:45:07.422809+00:00,15,7.5,pressure_hpa,4.721435316343834
2026-09-15 14:48:07.433089+00:00,2026-09-15 14:57:07.434571+00:00,19,9.5,"co2_ppm,pressure_hpa",5.395926075816596
2026-09-15 15:17:37.437945+00:00,2026-09-15 15:49:07.443111+00:00,64,32.0,"mass_pm10,mass_pm2_5,pressure_hpa",15.3449589729571
2026-09-15 16:08:07.446198+00:00,2026-09-15 16:12:37.446934+00:00,10,5.0,co2_ppm,4.259941638799549
2026-09-15 18:01:37.464938+00:00,2026-09-15 18:09:07.466166+00:00,16,8.0,pressure_hpa,6.070416835289357
2026-09-15 21:30:07.500940+00:00,2026-09-15 21:34:07.501554+00:00,9,4.5,pressure_hpa,4.046944556813563
2026-09-15 21:52:07.504526+00:00,2026-09-15 21:55:37.505096+00:00,8,4.0,pressure_hpa,4.046944556867239
2026-09-16 02:01:07.546279+00:00,2026-09-16 02:02:37.546548+00:00,4,2.0,pressure_hpa,7.419398354250215
2026-09-16 02:03:37.546692+00:00,2026-09-16 02:17:37.548985+00:00,29,14.5,pressure_hpa,8.09388911372681
2026-09-16 02:27:37.550581+00:00,2026-09-16 02:45:37.553519+00:00,37,18.5,pressure_hpa,8.768379873203406
2026-09-16 05:09:07.580100+00:00,2026-09-16 05:10:37.580346+00:00,4,2.0,co2_ppm,3.822114303700706
2026-09-16 05:45:37.586069+00:00,2026-09-16 05:48:37.586567+00:00,7,3.5,pressure_hpa,4.72143531628249
2026-09-16 07:30:37.603122+00:00,2026-09-16 07:32:37.603449+00:00,5,2.5,"mass_pm10,mass_pm2_5",6.377413333548758
2026-09-16 07:37:37.604276+00:00,2026-09-16 07:42:07.605009+00:00,10,5.0,pressure_hpa,4.721435316343834
2026-09-16 10:19:07.633420+00:00,2026-09-16 10:33:07.635685+00:00,29,14.5,co2_ppm,22.87647825891452
2026-09-16 11:42:07.647678+00:00,2026-09-16 11:46:37.648398+00:00,10,5.0,co2_ppm,4.046944556859572
2026-09-16 13:32:07.665706+00:00,2026-09-16 13:42:07.667346+00:00,21,10.5,co2_ppm,4.271774810018436
2026-09-16 16:16:37.692579+00:00,2026-09-16 16:18:07.692821+00:00,4,2.0,pressure_hpa,3.37245379738681
2026-09-16 16:47:37.697686+00:00,2026-09-16 16:49:07.697939+00:00,4,2.0,co2_ppm,3.1239572017863355
2026-09-16 16:53:07.698600+00:00,2026-09-16 16:57:07.699247+00:00,9,4.5,co2_ppm,3.8509291900880704
2026-09-16 17:48:07.707586+00:00,2026-09-16 17:49:37.707826+00:00,4,2.0,pressure_hpa,4.046944556859572
2026-09-16 18:57:37.718978+00:00,2026-09-16 19:22:37.726355+00:00,51,25.5,co2_ppm,26.84117603201205
2026-09-16 19:25:07.726866+00:00,2026-09-16 19:30:07.727684+00:00,11,5.5,"mass_pm10,mass_pm2_5",41.535224866290704
2026-09-16 19:42:07.729643+00:00,2026-09-16 19:43:37.729891+00:00,4,2.0,"mass_pm10,mass_pm2_5",4.2808233436414325
2026-09-16 20:18:37.735529+00:00,2026-09-16 20:21:07.735934+00:00,6,3.0,"mass_pm10,mass_pm2_5",7.735924381996614
2026-09-16 20:56:37.741779+00:00,2026-09-16 20:59:37.742273+00:00,7,3.5,co2_ppm,4.114393632807231
2026-09-16 21:28:37.747104+00:00,2026-09-16 21:30:37.747443+00:00,5,2.5,co2_ppm,3.4567651423175505
2026-09-16 21:32:37.747773+00:00,2026-09-16 21:34:37.748108+00:00,5,2.5,co2_ppm,3.3242758859917907
2026-09-16 23:36:37.768171+00:00,2026-09-16 23:38:07.768420+00:00,4,2.0,pressure_hpa,3.147623544214739
2026-09-17 05:24:07.830579+00:00,2026-09-17 05:49:07.834615+00:00,51,25.5,co2_ppm,17.115203021718603
2026-09-17 07:21:07.849650+00:00,2026-09-17 07:45:07.853561+00:00,49,24.5,co2_ppm,7.0821529745042495
2026-09-17 09:29:37.870659+00:00,2026-09-17 09:34:07.871415+00:00,10,5.0,pressure_hpa,3.5972840505469534
2026-09-17 15:03:37.930683+00:00,2026-09-17 15:09:37.931660+00:00,13,6.5,co2_ppm,4.721435316336167
2026-09-17 15:25:37.934276+00:00,2026-09-17 15:27:37.934604+00:00,5,2.5,pressure_hpa,4.046944556867239
2026-09-17 16:32:37.947984+00:00,2026-09-17 17:03:07.952967+00:00,62,31.0,"mass_pm10,mass_pm2_5",313.1508182972517
2026-09-17 17:30:07.957420+00:00,2026-09-17 17:32:07.957749+00:00,5,2.5,pressure_hpa,5.395926075812762
2026-09-17 17:41:37.959300+00:00,2026-09-17 18:01:07.962500+00:00,40,20.0,co2_ppm,6.913530284635101
2026-09-17 22:06:08.002848+00:00,2026-09-17 22:10:38.003586+00:00,10,5.0,pressure_hpa,3.372453797384893
2026-09-17 22:16:38.004596+00:00,2026-09-17 22:21:08.005340+00:00,10,5.0,pressure_hpa,3.7096991771251075
2026-09-18 08:09:08.111586+00:00,2026-09-18 08:16:08.112768+00:00,15,7.5,"mass_pm10,mass_pm2_5",4.764574001485026
2026-09-18 09:10:38.122170+00:00,2026-09-18 09:43:38.127594+00:00,67,33.5,"co2_ppm,mass_pm10,mass_pm2_5",91.98044157731945
2026-09-18 14:32:38.180014+00:00,2026-09-18 14:37:08.180740+00:00,10,5.0,co2_ppm,3.822114303700706
2026-09-18 14:42:08.181559+00:00,2026-09-18 14:55:38.183769+00:00,28,14.0,co2_ppm,5.6657223796034
2026-09-18 15:05:08.185333+00:00,2026-09-18 15:14:08.186810+00:00,19,9.5,pressure_hpa,4.384189936601703
2026-09-18 16:03:38.197869+00:00,2026-09-18 16:07:38.198540+00:00,9,4.5,co2_ppm,5.058680696074464
2026-09-18 16:23:08.201050+00:00,2026-09-18 16:24:38.201289+00:00,4,2.0,co2_ppm,5.73317145555106
2026-09-18 20:48:08.248289+00:00,2026-09-18 21:26:08.254554+00:00,77,38.5,"co2_ppm,pressure_hpa",6.665555740709881
2026-09-19 05:51:38.342882+00:00,2026-09-19 05:55:38.343549+00:00,9,4.5,pressure_hpa,4.046944556859572
2026-09-19 06:10:08.348288+00:00,2026-09-19 06:15:38.349211+00:00,12,6.0,pressure_hpa,4.721435316343834
2026-09-19 07:26:38.360822+00:00,2026-09-19 08:14:08.368618+00:00,96,48.0,co2_ppm,47.214353163361665
2026-09-19 16:16:08.449297+00:00,2026-09-19 16:19:38.449876+00:00,8,4.0,pressure_hpa,5.395926075759085
2026-09-19 16:30:08.451596+00:00,2026-09-19 16:33:08.452078+00:00,7,3.5,pressure_hpa,4.721435316343834
2026-09-19 16:34:08.452242+00:00,2026-09-19 16:38:08.452903+00:00,9,4.5,pressure_hpa,6.070416835297025
2026-09-19 17:36:08.462451+00:00,2026-09-19 17:38:08.462787+00:00,5,2.5,co2_ppm,4.271774810018436
2026-09-19 17:39:08.462954+00:00,2026-09-19 17:43:08.463612+00:00,9,4.5,co2_ppm,5.395926075812762
2026-09-19 20:32:38.493962+00:00,2026-09-19 20:40:38.495261+00:00,17,8.5,pressure_hpa,6.744907594689272
2026-09-19 20:41:38.495429+00:00,2026-09-19 20:48:08.496498+00:00,14,7.0,pressure_hpa,4.72143531628249
