fault_id,channel,fault_type,param_type,param_value,channel_mad_used,start_idx,end_idx,n_samples,start_ts,end_ts,day,split,overlaps_real_event
0,scd_temp_c,gradual_shift,amplitude_mad_multiple,0.5,0.0133514404296875,183443,183502,60,2026-08-21 03:30:44.316635+00:00,2026-08-21 04:00:14.321606+00:00,2026-08-21,train,False
1,scd_temp_c,gradual_shift,amplitude_mad_multiple,0.5,0.0133514404296875,204389,204448,60,2026-08-28 10:03:46.101369+00:00,2026-08-28 10:33:16.106111+00:00,2026-08-28,train,False
2,scd_temp_c,gradual_shift,amplitude_mad_multiple,0.5,0.0133514404296875,121806,121865,60,2026-07-30 08:53:27.551260+00:00,2026-07-30 09:22:57.556468+00:00,2026-07-30,train,False
3,scd_temp_c,gradual_shift,amplitude_mad_multiple,0.5,0.0133514404296875,149276,149335,60,2026-08-08 21:52:50.616728+00:00,2026-08-08 22:22:20.621628+00:00,2026-08-09,train,False
4,scd_temp_c,gradual_shift,amplitude_mad_multiple,0.5,0.0133514404296875,34742,34801,60,2026-06-30 02:46:21.022152+00:00,2026-06-30 03:15:51.026998+00:00,2026-06-30,train,False
5,scd_temp_c,gradual_shift,amplitude_mad_multiple,0.5,0.0133514404296875,29536,29595,60,2026-06-28 07:20:16.987822+00:00,2026-06-28 07:49:46.992721+00:00,2026-06-28,train,False
6,scd_temp_c,gradual_shift,amplitude_mad_multiple,0.5,0.0133514404296875,125664,125723,60,2026-07-31 17:06:48.031394+00:00,2026-07-31 17:36:18.038811+00:00,2026-07-31,train,True
7,scd_temp_c,gradual_shift,amplitude_mad_multiple,0.5,0.0133514404296875,149394,149453,60,2026-08-08 22:51:50.627883+00:00,2026-08-08 23:21:20.633276+00:00,2026-08-09,train,True
8,scd_temp_c,gradual_shift,amplitude_mad_multiple,0.5,0.0133514404296875,201562,201621,60,2026-08-27 10:30:15.862364+00:00,2026-08-27 10:59:45.867211+00:00,2026-08-27,train,False
9,scd_temp_c,gradual_shift,amplitude_mad_multiple,0.5,0.0133514404296875,168045,168104,60,2026-08-15 10:17:22.583563+00:00,2026-08-15 10:46:52.588472+00:00,2026-08-15,train,True
10,scd_temp_c,gradual_shift,amplitude_mad_multiple,0.5,0.0133514404296875,143666,143725,60,2026-08-06 23:07:50.046826+00:00,2026-08-06 23:37:20.051836+00:00,2026-08-07,train,False
11,scd_temp_c,gradual_shift,amplitude_mad_multiple,0.5,0.0133514404296875,148533,148592,60,2026-08-08 15:41:20.540917+00:00,2026-08-08 16:10:50.545873+00:00,2026-08-08,train,False
12,scd_temp_c,gradual_shift,amplitude_mad_multiple,0.5,0.0133514404296875,78881,78940,60,2026-07-15 11:10:12.938592+00:00,2026-07-15 11:39:42.943507+00:00,2026-07-15,test,False
13,scd_temp_c,gradual_shift,amplitude_mad_multiple,0.5,0.0133514404296875,6686,6745,60,2026-06-20 05:10:13.050448+00:00,2026-06-20 05:39:43.055188+00:00,2026-06-20,train,False
14,scd_temp_c,gradual_shift,amplitude_mad_multiple,0.5,0.0133514404296875,117392,117451,60,2026-07-28 20:06:26.923347+00:00,2026-07-28 20:35:56.933618+00:00,2026-07-28,train,False
15,scd_temp_c,gradual_shift,amplitude_mad_multiple,0.5,0.0133514404296875,54921,54980,60,2026-07-07 03:30:10.729841+00:00,2026-07-07 03:59:40.734661+00:00,2026-07-07,train,False
16,scd_temp_c,gradual_shift,amplitude_mad_multiple,0.5,0.0133514404296875,108781,108840,60,2026-07-25 20:20:20.659886+00:00,2026-07-25 20:49:50.664771+00:00,2026-07-25,train,False
17,scd_temp_c,gradual_shift,amplitude_mad_multiple,0.5,0.0133514404296875,223079,223138,60,2026-09-03 21:48:47.717838+00:00,2026-09-03 22:18:17.722702+00:00,2026-09-04,train,False
18,scd_temp_c,gradual_shift,amplitude_mad_multiple,0.5,0.0133514404296875,62218,62277,60,2026-07-09 16:18:41.515584+00:00,2026-07-09 16:48:11.520449+00:00,2026-07-09,train,False
19,scd_temp_c,gradual_shift,amplitude_mad_multiple,1.0,0.0133514404296875,16741,16800,60,2026-06-23 17:06:51.640613+00:00,2026-06-23 17:36:21.645378+00:00,2026-06-23,train,True
20,scd_temp_c,gradual_shift,amplitude_mad_multiple,1.0,0.0133514404296875,74009,74068,60,2026-07-13 18:34:12.517455+00:00,2026-07-13 19:03:42.523345+00:00,2026-07-13,train,False
21,scd_temp_c,gradual_shift,amplitude_mad_multiple,1.0,0.0133514404296875,78406,78465,60,2026-07-15 07:12:42.898951+00:00,2026-07-15 07:42:12.903816+00:00,2026-07-15,test,True
22,scd_temp_c,gradual_shift,amplitude_mad_multiple,1.0,0.0133514404296875,172567,172626,60,2026-08-16 23:58:22.991219+00:00,2026-08-17 00:27:52.996134+00:00,2026-08-17,test,True
23,scd_temp_c,gradual_shift,amplitude_mad_multiple,1.0,0.0133514404296875,147715,147774,60,2026-08-08 08:52:20.458205+00:00,2026-08-08 09:21:50.463088+00:00,2026-08-08,train,False
24,scd_temp_c,gradual_shift,amplitude_mad_multiple,1.0,0.0133514404296875,208512,208571,60,2026-08-29 20:25:16.450522+00:00,2026-08-29 20:54:46.455319+00:00,2026-08-29,test,False
25,scd_temp_c,gradual_shift,amplitude_mad_multiple,1.0,0.0133514404296875,175807,175866,60,2026-08-18 02:58:41.495127+00:00,2026-08-18 03:28:11.501249+00:00,2026-08-18,train,False
26,scd_temp_c,gradual_shift,amplitude_mad_multiple,1.0,0.0133514404296875,107160,107219,60,2026-07-25 06:49:50.425301+00:00,2026-07-25 07:19:20.430128+00:00,2026-07-25,train,False
27,scd_temp_c,gradual_shift,amplitude_mad_multiple,1.0,0.0133514404296875,212368,212427,60,2026-08-31 04:33:16.776645+00:00,2026-08-31 05:02:46.781450+00:00,2026-08-31,train,False
28,scd_temp_c,gradual_shift,amplitude_mad_multiple,1.0,0.0133514404296875,43568,43627,60,2026-07-03 04:51:44.263884+00:00,2026-07-03 05:21:14.268721+00:00,2026-07-03,train,False
29,scd_temp_c,gradual_shift,amplitude_mad_multiple,1.0,0.0133514404296875,6005,6064,60,2026-06-19 23:29:42.995083+00:00,2026-06-19 23:59:12.999851+00:00,2026-06-20,train,False
30,scd_temp_c,gradual_shift,amplitude_mad_multiple,1.0,0.0133514404296875,24720,24779,60,2026-06-26 15:12:16.555905+00:00,2026-06-26 15:41:46.560721+00:00,2026-06-26,test,False
31,scd_temp_c,gradual_shift,amplitude_mad_multiple,1.0,0.0133514404296875,190387,190446,60,2026-08-23 13:22:44.904665+00:00,2026-08-23 13:52:14.909483+00:00,2026-08-23,train,False
32,scd_temp_c,gradual_shift,amplitude_mad_multiple,1.0,0.0133514404296875,122402,122461,60,2026-07-30 13:51:27.600940+00:00,2026-07-30 14:20:57.605846+00:00,2026-07-30,train,False
33,scd_temp_c,gradual_shift,amplitude_mad_multiple,1.0,0.0133514404296875,42285,42344,60,2026-07-02 18:10:14.157607+00:00,2026-07-02 18:39:44.162578+00:00,2026-07-02,train,True
34,scd_temp_c,gradual_shift,amplitude_mad_multiple,1.0,0.0133514404296875,134537,134596,60,2026-08-03 19:03:18.874946+00:00,2026-08-03 19:32:48.884264+00:00,2026-08-03,test,False
35,scd_temp_c,gradual_shift,amplitude_mad_multiple,1.0,0.0133514404296875,184060,184119,60,2026-08-21 08:39:14.367190+00:00,2026-08-21 09:08:44.371997+00:00,2026-08-21,train,False
36,scd_temp_c,gradual_shift,amplitude_mad_multiple,1.0,0.0133514404296875,117968,118027,60,2026-07-29 00:54:27.019912+00:00,2026-07-29 01:23:57.024778+00:00,2026-07-29,train,False
37,scd_temp_c,gradual_shift,amplitude_mad_multiple,1.0,0.0133514404296875,100894,100953,60,2026-07-23 02:36:44.892813+00:00,2026-07-23 03:06:14.897771+00:00,2026-07-23,test,True
38,scd_temp_c,gradual_shift,amplitude_mad_multiple,2.0,0.0133514404296875,79109,79168,60,2026-07-15 13:04:12.957535+00:00,2026-07-15 13:33:42.962390+00:00,2026-07-15,test,False
39,scd_temp_c,gradual_shift,amplitude_mad_multiple,2.0,0.0133514404296875,165283,165342,60,2026-08-14 11:16:22.329749+00:00,2026-08-14 11:45:52.334580+00:00,2026-08-14,train,False
40,scd_temp_c,gradual_shift,amplitude_mad_multiple,2.0,0.0133514404296875,97168,97227,60,2026-07-21 19:33:44.556958+00:00,2026-07-21 20:03:14.561727+00:00,2026-07-21,train,False
41,scd_temp_c,gradual_shift,amplitude_mad_multiple,2.0,0.0133514404296875,23526,23585,60,2026-06-26 05:15:16.451446+00:00,2026-06-26 05:44:46.456395+00:00,2026-06-26,test,False
42,scd_temp_c,gradual_shift,amplitude_mad_multiple,2.0,0.0133514404296875,29252,29311,60,2026-06-28 04:58:16.962152+00:00,2026-06-28 05:27:46.967074+00:00,2026-06-28,train,True
43,scd_temp_c,gradual_shift,amplitude_mad_multiple,2.0,0.0133514404296875,253386,253445,60,2026-09-16 05:36:37.584603+00:00,2026-09-16 06:06:07.589369+00:00,2026-09-16,train,True
44,scd_temp_c,gradual_shift,amplitude_mad_multiple,2.0,0.0133514404296875,238778,238837,60,2026-09-09 08:38:19.072094+00:00,2026-09-09 09:07:49.076906+00:00,2026-09-09,train,False
45,scd_temp_c,gradual_shift,amplitude_mad_multiple,2.0,0.0133514404296875,183952,184011,60,2026-08-21 07:45:14.358364+00:00,2026-08-21 08:14:44.363185+00:00,2026-08-21,train,True
46,scd_temp_c,gradual_shift,amplitude_mad_multiple,2.0,0.0133514404296875,70696,70755,60,2026-07-12 14:57:42.238854+00:00,2026-07-12 15:27:12.243645+00:00,2026-07-12,test,False
47,scd_temp_c,gradual_shift,amplitude_mad_multiple,2.0,0.0133514404296875,255976,256035,60,2026-09-17 03:11:37.804809+00:00,2026-09-17 03:41:07.809650+00:00,2026-09-17,train,False
48,scd_temp_c,gradual_shift,amplitude_mad_multiple,2.0,0.0133514404296875,203558,203617,60,2026-08-28 03:08:16.031567+00:00,2026-08-28 03:37:46.036427+00:00,2026-08-28,train,False
49,scd_temp_c,gradual_shift,amplitude_mad_multiple,2.0,0.0133514404296875,187767,187826,60,2026-08-22 15:32:44.682718+00:00,2026-08-22 16:02:14.688108+00:00,2026-08-22,train,False
50,scd_temp_c,gradual_shift,amplitude_mad_multiple,2.0,0.0133514404296875,119578,119637,60,2026-07-29 14:19:27.210137+00:00,2026-07-29 14:48:57.227053+00:00,2026-07-29,train,False
51,scd_temp_c,gradual_shift,amplitude_mad_multiple,2.0,0.0133514404296875,71644,71703,60,2026-07-12 22:51:42.317853+00:00,2026-07-12 23:21:12.322690+00:00,2026-07-13,train,True
52,scd_temp_c,gradual_shift,amplitude_mad_multiple,2.0,0.0133514404296875,23816,23875,60,2026-06-26 07:40:16.475543+00:00,2026-06-26 08:09:46.480401+00:00,2026-06-26,test,False
53,scd_temp_c,gradual_shift,amplitude_mad_multiple,2.0,0.0133514404296875,237741,237800,60,2026-09-08 23:59:48.978288+00:00,2026-09-09 00:29:18.983150+00:00,2026-09-09,train,False
54,scd_temp_c,gradual_shift,amplitude_mad_multiple,2.0,0.0133514404296875,119486,119545,60,2026-07-29 13:33:27.193203+00:00,2026-07-29 14:02:57.203780+00:00,2026-07-29,train,True
55,scd_temp_c,gradual_shift,amplitude_mad_multiple,2.0,0.0133514404296875,53296,53355,60,2026-07-06 13:57:40.592260+00:00,2026-07-06 14:27:10.597120+00:00,2026-07-06,train,False
56,scd_temp_c,gradual_shift,amplitude_mad_multiple,2.0,0.0133514404296875,82342,82401,60,2026-07-16 16:00:43.238038+00:00,2026-07-16 16:30:13.242896+00:00,2026-07-16,test,False
57,scd_temp_c,gradual_shift,amplitude_mad_multiple,2.0,0.0133514404296875,153593,153652,60,2026-08-10 09:51:21.033751+00:00,2026-08-10 10:20:51.038441+00:00,2026-08-10,train,False
58,scd_temp_c,gradual_shift,amplitude_mad_multiple,4.0,0.0133514404296875,198452,198511,60,2026-08-26 08:35:15.596711+00:00,2026-08-26 09:04:45.601488+00:00,2026-08-26,test,True
59,scd_temp_c,gradual_shift,amplitude_mad_multiple,4.0,0.0133514404296875,190293,190352,60,2026-08-23 12:35:44.896950+00:00,2026-08-23 13:05:14.901767+00:00,2026-08-23,train,False
60,scd_temp_c,gradual_shift,amplitude_mad_multiple,4.0,0.0133514404296875,112611,112670,60,2026-07-27 04:15:20.979420+00:00,2026-07-27 04:44:50.984285+00:00,2026-07-27,train,False
61,scd_temp_c,gradual_shift,amplitude_mad_multiple,4.0,0.0133514404296875,163966,164025,60,2026-08-14 00:17:52.142300+00:00,2026-08-14 00:47:22.152690+00:00,2026-08-14,train,True
62,scd_temp_c,gradual_shift,amplitude_mad_multiple,4.0,0.0133514404296875,152318,152377,60,2026-08-09 23:13:50.922043+00:00,2026-08-09 23:43:20.926933+00:00,2026-08-10,train,False
63,scd_temp_c,gradual_shift,amplitude_mad_multiple,4.0,0.0133514404296875,171104,171163,60,2026-08-16 11:46:52.864884+00:00,2026-08-16 12:16:22.869816+00:00,2026-08-16,train,False
64,scd_temp_c,gradual_shift,amplitude_mad_multiple,4.0,0.0133514404296875,21924,21983,60,2026-06-25 15:36:18.710256+00:00,2026-06-25 16:05:48.715084+00:00,2026-06-25,train,True
65,scd_temp_c,gradual_shift,amplitude_mad_multiple,4.0,0.0133514404296875,111080,111139,60,2026-07-26 15:29:50.852460+00:00,2026-07-26 15:59:20.857372+00:00,2026-07-26,test,False
66,scd_temp_c,gradual_shift,amplitude_mad_multiple,4.0,0.0133514404296875,129541,129600,60,2026-08-02 01:25:18.371592+00:00,2026-08-02 01:54:48.376560+00:00,2026-08-02,train,False
67,scd_temp_c,gradual_shift,amplitude_mad_multiple,4.0,0.0133514404296875,87684,87743,60,2026-07-18 12:31:43.707789+00:00,2026-07-18 13:01:13.714296+00:00,2026-07-18,train,False
68,scd_temp_c,gradual_shift,amplitude_mad_multiple,4.0,0.0133514404296875,25910,25969,60,2026-06-27 01:07:16.662269+00:00,2026-06-27 01:36:46.667134+00:00,2026-06-27,train,False
69,scd_temp_c,gradual_shift,amplitude_mad_multiple,4.0,0.0133514404296875,157169,157228,60,2026-08-11 15:39:21.398965+00:00,2026-08-11 16:08:51.405231+00:00,2026-08-11,train,False
70,scd_temp_c,gradual_shift,amplitude_mad_multiple,4.0,0.0133514404296875,43471,43530,60,2026-07-03 04:03:14.255936+00:00,2026-07-03 04:32:44.260764+00:00,2026-07-03,train,False
71,scd_temp_c,gradual_shift,amplitude_mad_multiple,4.0,0.0133514404296875,245933,245992,60,2026-09-11 20:15:49.679004+00:00,2026-09-11 20:45:19.683872+00:00,2026-09-11,test,True
72,scd_temp_c,gradual_shift,amplitude_mad_multiple,4.0,0.0133514404296875,153312,153371,60,2026-08-10 07:30:51.010388+00:00,2026-08-10 08:00:21.015316+00:00,2026-08-10,train,True
73,scd_temp_c,gradual_shift,amplitude_mad_multiple,4.0,0.0133514404296875,90428,90487,60,2026-07-19 11:23:43.948211+00:00,2026-07-19 11:53:13.953090+00:00,2026-07-19,train,False
74,scd_temp_c,gradual_shift,amplitude_mad_multiple,4.0,0.0133514404296875,155762,155821,60,2026-08-11 03:55:51.257079+00:00,2026-08-11 04:25:21.264268+00:00,2026-08-11,train,False
75,scd_temp_c,gradual_shift,amplitude_mad_multiple,8.0,0.0133514404296875,6133,6192,60,2026-06-20 00:33:43.005463+00:00,2026-06-20 01:03:13.010291+00:00,2026-06-20,train,False
76,scd_temp_c,gradual_shift,amplitude_mad_multiple,8.0,0.0133514404296875,253532,253591,60,2026-09-16 06:49:37.596426+00:00,2026-09-16 07:19:07.601252+00:00,2026-09-16,train,False
77,scd_temp_c,gradual_shift,amplitude_mad_multiple,8.0,0.0133514404296875,127448,127507,60,2026-08-01 07:58:48.196563+00:00,2026-08-01 08:28:18.201533+00:00,2026-08-01,test,False
78,scd_temp_c,gradual_shift,amplitude_mad_multiple,8.0,0.0133514404296875,205885,205944,60,2026-08-28 22:31:46.229463+00:00,2026-08-28 23:01:16.234263+00:00,2026-08-29,test,True
79,scd_temp_c,gradual_shift,amplitude_mad_multiple,8.0,0.0133514404296875,20756,20815,60,2026-06-25 05:52:18.614307+00:00,2026-06-25 06:21:48.619187+00:00,2026-06-25,train,True
80,scd_temp_c,gradual_shift,amplitude_mad_multiple,8.0,0.0133514404296875,128024,128083,60,2026-08-01 12:46:48.244977+00:00,2026-08-01 13:16:18.249859+00:00,2026-08-01,test,False
81,scd_temp_c,gradual_shift,amplitude_mad_multiple,8.0,0.0133514404296875,130255,130314,60,2026-08-02 07:22:18.432022+00:00,2026-08-02 07:51:48.436973+00:00,2026-08-02,train,False
82,scd_temp_c,gradual_shift,amplitude_mad_multiple,8.0,0.0133514404296875,246476,246535,60,2026-09-12 00:47:19.732476+00:00,2026-09-12 01:16:49.737721+00:00,2026-09-12,train,False
83,scd_temp_c,gradual_shift,amplitude_mad_multiple,8.0,0.0133514404296875,150700,150759,60,2026-08-09 09:44:50.751133+00:00,2026-08-09 10:14:20.758547+00:00,2026-08-09,train,True
84,scd_temp_c,gradual_shift,amplitude_mad_multiple,8.0,0.0133514404296875,125530,125589,60,2026-07-31 15:59:48.019759+00:00,2026-07-31 16:29:18.024696+00:00,2026-07-31,train,False
85,scd_temp_c,gradual_shift,amplitude_mad_multiple,8.0,0.0133514404296875,71231,71290,60,2026-07-12 19:25:12.283179+00:00,2026-07-12 19:54:42.288048+00:00,2026-07-12,test,False
86,scd_temp_c,gradual_shift,amplitude_mad_multiple,8.0,0.0133514404296875,87358,87417,60,2026-07-18 09:48:43.680109+00:00,2026-07-18 10:18:13.685113+00:00,2026-07-18,train,False
87,scd_temp_c,gradual_shift,amplitude_mad_multiple,8.0,0.0133514404296875,137168,137227,60,2026-08-04 16:58:49.310854+00:00,2026-08-04 17:28:19.320624+00:00,2026-08-04,train,True
88,scd_temp_c,gradual_shift,amplitude_mad_multiple,8.0,0.0133514404296875,3855,3914,60,2026-06-19 05:34:42.820482+00:00,2026-06-19 06:04:12.825260+00:00,2026-06-19,test,False
89,scd_temp_c,gradual_shift,amplitude_mad_multiple,8.0,0.0133514404296875,217249,217308,60,2026-09-01 21:13:47.205824+00:00,2026-09-01 21:43:17.210928+00:00,2026-09-02,train,False
90,scd_temp_c,gradual_shift,amplitude_mad_multiple,8.0,0.0133514404296875,236033,236092,60,2026-09-08 09:45:48.831566+00:00,2026-09-08 10:15:18.836449+00:00,2026-09-08,train,False
91,scd_temp_c,gradual_shift,amplitude_mad_multiple,8.0,0.0133514404296875,34902,34961,60,2026-06-30 04:06:21.043604+00:00,2026-06-30 04:35:51.050711+00:00,2026-06-30,train,True
92,scd_temp_c,gradual_shift,amplitude_mad_multiple,8.0,0.0133514404296875,144301,144360,60,2026-08-07 04:25:20.102965+00:00,2026-08-07 04:54:50.107952+00:00,2026-08-07,train,False
93,scd_temp_c,gradual_shift,amplitude_mad_multiple,8.0,0.0133514404296875,27294,27353,60,2026-06-27 12:39:16.785466+00:00,2026-06-27 13:08:46.790378+00:00,2026-06-27,train,False
94,scd_temp_c,spike,amplitude_mad_multiple,0.5,0.0133514404296875,175305,175305,1,2026-08-17 22:47:41.441149+00:00,2026-08-17 22:47:41.441149+00:00,2026-08-18,train,False
95,scd_temp_c,spike,amplitude_mad_multiple,0.5,0.0133514404296875,64680,64680,1,2026-07-10 12:49:41.722683+00:00,2026-07-10 12:49:41.722683+00:00,2026-07-10,test,False
96,scd_temp_c,spike,amplitude_mad_multiple,0.5,0.0133514404296875,191125,191125,1,2026-08-23 19:31:44.965759+00:00,2026-08-23 19:31:44.965759+00:00,2026-08-23,train,False
97,scd_temp_c,spike,amplitude_mad_multiple,0.5,0.0133514404296875,83251,83251,1,2026-07-16 23:35:13.314854+00:00,2026-07-16 23:35:13.314854+00:00,2026-07-17,train,False
98,scd_temp_c,spike,amplitude_mad_multiple,0.5,0.0133514404296875,243070,243070,1,2026-09-10 20:24:19.436791+00:00,2026-09-10 20:24:19.436791+00:00,2026-09-10,train,False
99,scd_temp_c,spike,amplitude_mad_multiple,0.5,0.0133514404296875,60008,60008,1,2026-07-08 21:53:41.329402+00:00,2026-07-08 21:53:41.329402+00:00,2026-07-09,train,False
100,scd_temp_c,spike,amplitude_mad_multiple,0.5,0.0133514404296875,147865,147865,1,2026-08-08 10:07:20.470612+00:00,2026-08-08 10:07:20.470612+00:00,2026-08-08,train,False
101,scd_temp_c,spike,amplitude_mad_multiple,0.5,0.0133514404296875,82450,82450,1,2026-07-16 16:54:43.246897+00:00,2026-07-16 16:54:43.246897+00:00,2026-07-16,test,False
102,scd_temp_c,spike,amplitude_mad_multiple,0.5,0.0133514404296875,214236,214236,1,2026-08-31 20:07:16.939038+00:00,2026-08-31 20:07:16.939038+00:00,2026-08-31,train,False
103,scd_temp_c,spike,amplitude_mad_multiple,0.5,0.0133514404296875,54005,54005,1,2026-07-06 19:52:10.650425+00:00,2026-07-06 19:52:10.650425+00:00,2026-07-06,train,False
104,scd_temp_c,spike,amplitude_mad_multiple,0.5,0.0133514404296875,76091,76091,1,2026-07-14 11:55:12.698622+00:00,2026-07-14 11:55:12.698622+00:00,2026-07-14,train,True
105,scd_temp_c,spike,amplitude_mad_multiple,0.5,0.0133514404296875,238119,238119,1,2026-09-09 03:08:49.014653+00:00,2026-09-09 03:08:49.014653+00:00,2026-09-09,train,False
106,scd_temp_c,spike,amplitude_mad_multiple,0.5,0.0133514404296875,246542,246542,1,2026-09-12 01:20:19.738291+00:00,2026-09-12 01:20:19.738291+00:00,2026-09-12,train,False
107,scd_temp_c,spike,amplitude_mad_multiple,0.5,0.0133514404296875,140660,140660,1,2026-08-05 22:04:49.760820+00:00,2026-08-05 22:04:49.760820+00:00,2026-08-06,train,False
108,scd_temp_c,spike,amplitude_mad_multiple,0.5,0.0133514404296875,261429,261429,1,2026-09-19 00:38:08.286290+00:00,2026-09-19 00:38:08.286290+00:00,2026-09-19,test,False
109,scd_temp_c,spike,amplitude_mad_multiple,0.5,0.0133514404296875,24701,24701,1,2026-06-26 15:02:46.554359+00:00,2026-06-26 15:02:46.554359+00:00,2026-06-26,test,False
110,scd_temp_c,spike,amplitude_mad_multiple,0.5,0.0133514404296875,232265,232265,1,2026-09-07 02:21:48.505758+00:00,2026-09-07 02:21:48.505758+00:00,2026-09-07,test,False
111,scd_temp_c,spike,amplitude_mad_multiple,0.5,0.0133514404296875,29790,29790,1,2026-06-28 09:27:17.011460+00:00,2026-06-28 09:27:17.011460+00:00,2026-06-28,train,False
112,scd_temp_c,spike,amplitude_mad_multiple,0.5,0.0133514404296875,83004,83004,1,2026-07-16 21:31:43.293998+00:00,2026-07-16 21:31:43.293998+00:00,2026-07-17,train,True
113,scd_temp_c,spike,amplitude_mad_multiple,0.5,0.0133514404296875,107057,107057,1,2026-07-25 05:58:20.416781+00:00,2026-07-25 05:58:20.416781+00:00,2026-07-25,train,False
114,scd_temp_c,spike,amplitude_mad_multiple,1.0,0.0133514404296875,24666,24666,1,2026-06-26 14:45:16.551519+00:00,2026-06-26 14:45:16.551519+00:00,2026-06-26,test,False
115,scd_temp_c,spike,amplitude_mad_multiple,1.0,0.0133514404296875,98096,98096,1,2026-07-22 03:17:44.632428+00:00,2026-07-22 03:17:44.632428+00:00,2026-07-22,train,False
116,scd_temp_c,spike,amplitude_mad_multiple,1.0,0.0133514404296875,248751,248751,1,2026-09-12 19:44:49.933684+00:00,2026-09-12 19:44:49.933684+00:00,2026-09-12,train,False
117,scd_temp_c,spike,amplitude_mad_multiple,1.0,0.0133514404296875,19601,19601,1,2026-06-24 16:56:51.877180+00:00,2026-06-24 16:56:51.877180+00:00,2026-06-24,train,False
118,scd_temp_c,spike,amplitude_mad_multiple,1.0,0.0133514404296875,41895,41895,1,2026-07-02 14:55:14.125448+00:00,2026-07-02 14:55:14.125448+00:00,2026-07-02,train,False
119,scd_temp_c,spike,amplitude_mad_multiple,1.0,0.0133514404296875,96187,96187,1,2026-07-21 11:23:14.474665+00:00,2026-07-21 11:23:14.474665+00:00,2026-07-21,train,False
120,scd_temp_c,spike,amplitude_mad_multiple,1.0,0.0133514404296875,228870,228870,1,2026-09-05 22:04:18.216184+00:00,2026-09-05 22:04:18.216184+00:00,2026-09-06,test,False
121,scd_temp_c,spike,amplitude_mad_multiple,1.0,0.0133514404296875,72314,72314,1,2026-07-13 04:26:42.372565+00:00,2026-07-13 04:26:42.372565+00:00,2026-07-13,train,False
122,scd_temp_c,spike,amplitude_mad_multiple,1.0,0.0133514404296875,203744,203744,1,2026-08-28 04:41:16.046898+00:00,2026-08-28 04:41:16.046898+00:00,2026-08-28,train,False
123,scd_temp_c,spike,amplitude_mad_multiple,1.0,0.0133514404296875,130453,130453,1,2026-08-02 09:01:18.448637+00:00,2026-08-02 09:01:18.448637+00:00,2026-08-02,train,False
124,scd_temp_c,spike,amplitude_mad_multiple,1.0,0.0133514404296875,39560,39560,1,2026-07-01 19:27:43.929803+00:00,2026-07-01 19:27:43.929803+00:00,2026-07-01,test,False
125,scd_temp_c,spike,amplitude_mad_multiple,1.0,0.0133514404296875,71800,71800,1,2026-07-13 00:09:42.330676+00:00,2026-07-13 00:09:42.330676+00:00,2026-07-13,train,False
126,scd_temp_c,spike,amplitude_mad_multiple,1.0,0.0133514404296875,179693,179693,1,2026-08-19 20:15:44.005754+00:00,2026-08-19 20:15:44.005754+00:00,2026-08-19,train,False
127,scd_temp_c,spike,amplitude_mad_multiple,1.0,0.0133514404296875,78639,78639,1,2026-07-15 09:09:12.918198+00:00,2026-07-15 09:09:12.918198+00:00,2026-07-15,test,False
128,scd_temp_c,spike,amplitude_mad_multiple,1.0,0.0133514404296875,181988,181988,1,2026-08-20 15:23:14.198356+00:00,2026-08-20 15:23:14.198356+00:00,2026-08-20,test,False
129,scd_temp_c,spike,amplitude_mad_multiple,1.0,0.0133514404296875,109436,109436,1,2026-07-26 01:47:50.716117+00:00,2026-07-26 01:47:50.716117+00:00,2026-07-26,test,False
130,scd_temp_c,spike,amplitude_mad_multiple,1.0,0.0133514404296875,208654,208654,1,2026-08-29 21:36:16.462066+00:00,2026-08-29 21:36:16.462066+00:00,2026-08-30,train,False
131,scd_temp_c,spike,amplitude_mad_multiple,1.0,0.0133514404296875,21923,21923,1,2026-06-25 15:35:48.710181+00:00,2026-06-25 15:35:48.710181+00:00,2026-06-25,train,False
132,scd_temp_c,spike,amplitude_mad_multiple,1.0,0.0133514404296875,35299,35299,1,2026-06-30 07:24:51.085157+00:00,2026-06-30 07:24:51.085157+00:00,2026-06-30,train,True
133,scd_temp_c,spike,amplitude_mad_multiple,2.0,0.0133514404296875,151842,151842,1,2026-08-09 19:15:50.869719+00:00,2026-08-09 19:15:50.869719+00:00,2026-08-09,train,False
134,scd_temp_c,spike,amplitude_mad_multiple,2.0,0.0133514404296875,105903,105903,1,2026-07-24 20:21:20.219805+00:00,2026-07-24 20:21:20.219805+00:00,2026-07-24,train,False
135,scd_temp_c,spike,amplitude_mad_multiple,2.0,0.0133514404296875,35457,35457,1,2026-06-30 08:43:51.098241+00:00,2026-06-30 08:43:51.098241+00:00,2026-06-30,train,False
136,scd_temp_c,spike,amplitude_mad_multiple,2.0,0.0133514404296875,173114,173114,1,2026-08-17 04:31:53.037368+00:00,2026-08-17 04:31:53.037368+00:00,2026-08-17,test,False
137,scd_temp_c,spike,amplitude_mad_multiple,2.0,0.0133514404296875,135595,135595,1,2026-08-04 03:52:19.011056+00:00,2026-08-04 03:52:19.011056+00:00,2026-08-04,train,False
138,scd_temp_c,spike,amplitude_mad_multiple,2.0,0.0133514404296875,244579,244579,1,2026-09-11 08:58:49.563474+00:00,2026-09-11 08:58:49.563474+00:00,2026-09-11,test,False
139,scd_temp_c,spike,amplitude_mad_multiple,2.0,0.0133514404296875,156529,156529,1,2026-08-11 10:19:21.334386+00:00,2026-08-11 10:19:21.334386+00:00,2026-08-11,train,False
140,scd_temp_c,spike,amplitude_mad_multiple,2.0,0.0133514404296875,168872,168872,1,2026-08-15 17:10:52.658058+00:00,2026-08-15 17:10:52.658058+00:00,2026-08-15,train,False
141,scd_temp_c,spike,amplitude_mad_multiple,2.0,0.0133514404296875,188826,188826,1,2026-08-23 00:22:14.773120+00:00,2026-08-23 00:22:14.773120+00:00,2026-08-23,train,False
142,scd_temp_c,spike,amplitude_mad_multiple,2.0,0.0133514404296875,108879,108879,1,2026-07-25 21:09:20.668038+00:00,2026-07-25 21:09:20.668038+00:00,2026-07-26,test,False
143,scd_temp_c,spike,amplitude_mad_multiple,2.0,0.0133514404296875,44341,44341,1,2026-07-03 11:18:14.327684+00:00,2026-07-03 11:18:14.327684+00:00,2026-07-03,train,False
144,scd_temp_c,spike,amplitude_mad_multiple,2.0,0.0133514404296875,245268,245268,1,2026-09-11 14:43:19.620479+00:00,2026-09-11 14:43:19.620479+00:00,2026-09-11,test,True
145,scd_temp_c,spike,amplitude_mad_multiple,2.0,0.0133514404296875,113086,113086,1,2026-07-27 08:12:51.018869+00:00,2026-07-27 08:12:51.018869+00:00,2026-07-27,train,False
146,scd_temp_c,spike,amplitude_mad_multiple,2.0,0.0133514404296875,208141,208141,1,2026-08-29 17:19:46.420592+00:00,2026-08-29 17:19:46.420592+00:00,2026-08-29,test,False
147,scd_temp_c,spike,amplitude_mad_multiple,2.0,0.0133514404296875,175287,175287,1,2026-08-17 22:38:41.439642+00:00,2026-08-17 22:38:41.439642+00:00,2026-08-18,train,False
148,scd_temp_c,spike,amplitude_mad_multiple,2.0,0.0133514404296875,217943,217943,1,2026-09-02 03:00:47.265835+00:00,2026-09-02 03:00:47.265835+00:00,2026-09-02,train,False
149,scd_temp_c,spike,amplitude_mad_multiple,2.0,0.0133514404296875,121050,121050,1,2026-07-30 02:35:27.456044+00:00,2026-07-30 02:35:27.456044+00:00,2026-07-30,train,False
150,scd_temp_c,spike,amplitude_mad_multiple,2.0,0.0133514404296875,139854,139854,1,2026-08-05 15:21:49.690160+00:00,2026-08-05 15:21:49.690160+00:00,2026-08-05,test,False
151,scd_temp_c,spike,amplitude_mad_multiple,2.0,0.0133514404296875,245641,245641,1,2026-09-11 17:49:49.655105+00:00,2026-09-11 17:49:49.655105+00:00,2026-09-11,test,False
152,scd_temp_c,spike,amplitude_mad_multiple,2.0,0.0133514404296875,158645,158645,1,2026-08-12 03:57:21.541356+00:00,2026-08-12 03:57:21.541356+00:00,2026-08-12,test,False
153,scd_temp_c,spike,amplitude_mad_multiple,4.0,0.0133514404296875,29373,29373,1,2026-06-28 05:58:46.972223+00:00,2026-06-28 05:58:46.972223+00:00,2026-06-28,train,False
154,scd_temp_c,spike,amplitude_mad_multiple,4.0,0.0133514404296875,112068,112068,1,2026-07-26 23:43:50.934349+00:00,2026-07-26 23:43:50.934349+00:00,2026-07-27,train,False
155,scd_temp_c,spike,amplitude_mad_multiple,4.0,0.0133514404296875,254851,254851,1,2026-09-16 17:49:07.707747+00:00,2026-09-16 17:49:07.707747+00:00,2026-09-16,train,True
156,scd_temp_c,spike,amplitude_mad_multiple,4.0,0.0133514404296875,119029,119029,1,2026-07-29 09:44:57.109384+00:00,2026-07-29 09:44:57.109384+00:00,2026-07-29,train,False
157,scd_temp_c,spike,amplitude_mad_multiple,4.0,0.0133514404296875,69222,69222,1,2026-07-12 02:40:42.109733+00:00,2026-07-12 02:40:42.109733+00:00,2026-07-12,test,False
158,scd_temp_c,spike,amplitude_mad_multiple,4.0,0.0133514404296875,196603,196603,1,2026-08-25 17:10:45.435301+00:00,2026-08-25 17:10:45.435301+00:00,2026-08-25,train,False
159,scd_temp_c,spike,amplitude_mad_multiple,4.0,0.0133514404296875,252656,252656,1,2026-09-15 23:31:37.521826+00:00,2026-09-15 23:31:37.521826+00:00,2026-09-16,train,False
160,scd_temp_c,spike,amplitude_mad_multiple,4.0,0.0133514404296875,18577,18577,1,2026-06-24 08:24:51.793801+00:00,2026-06-24 08:24:51.793801+00:00,2026-06-24,train,False
161,scd_temp_c,spike,amplitude_mad_multiple,4.0,0.0133514404296875,92001,92001,1,2026-07-20 00:30:14.096832+00:00,2026-07-20 00:30:14.096832+00:00,2026-07-20,test,False
162,scd_temp_c,spike,amplitude_mad_multiple,4.0,0.0133514404296875,215259,215259,1,2026-09-01 04:38:47.030719+00:00,2026-09-01 04:38:47.030719+00:00,2026-09-01,train,True
163,scd_temp_c,spike,amplitude_mad_multiple,4.0,0.0133514404296875,240676,240676,1,2026-09-10 00:27:19.233855+00:00,2026-09-10 00:27:19.233855+00:00,2026-09-10,train,False
164,scd_temp_c,spike,amplitude_mad_multiple,4.0,0.0133514404296875,241985,241985,1,2026-09-10 11:21:49.343868+00:00,2026-09-10 11:21:49.343868+00:00,2026-09-10,train,False
165,scd_temp_c,spike,amplitude_mad_multiple,4.0,0.0133514404296875,40564,40564,1,2026-07-02 03:49:44.012278+00:00,2026-07-02 03:49:44.012278+00:00,2026-07-02,train,False
166,scd_temp_c,spike,amplitude_mad_multiple,4.0,0.0133514404296875,41057,41057,1,2026-07-02 07:56:14.052730+00:00,2026-07-02 07:56:14.052730+00:00,2026-07-02,train,False
167,scd_temp_c,spike,amplitude_mad_multiple,4.0,0.0133514404296875,140591,140591,1,2026-08-05 21:30:19.754966+00:00,2026-08-05 21:30:19.754966+00:00,2026-08-06,train,False
168,scd_temp_c,spike,amplitude_mad_multiple,4.0,0.0133514404296875,14889,14889,1,2026-06-23 01:40:51.490139+00:00,2026-06-23 01:40:51.490139+00:00,2026-06-23,train,False
169,scd_temp_c,spike,amplitude_mad_multiple,4.0,0.0133514404296875,217375,217375,1,2026-09-01 22:16:47.216771+00:00,2026-09-01 22:16:47.216771+00:00,2026-09-02,train,False
170,scd_temp_c,spike,amplitude_mad_multiple,4.0,0.0133514404296875,156417,156417,1,2026-08-11 09:23:21.324991+00:00,2026-08-11 09:23:21.324991+00:00,2026-08-11,train,False
171,scd_temp_c,spike,amplitude_mad_multiple,4.0,0.0133514404296875,209715,209715,1,2026-08-30 06:26:46.548392+00:00,2026-08-30 06:26:46.548392+00:00,2026-08-30,train,False
172,scd_temp_c,spike,amplitude_mad_multiple,4.0,0.0133514404296875,85776,85776,1,2026-07-17 20:37:43.524588+00:00,2026-07-17 20:37:43.524588+00:00,2026-07-17,train,False
173,scd_temp_c,spike,amplitude_mad_multiple,8.0,0.0133514404296875,193822,193822,1,2026-08-24 18:00:15.203234+00:00,2026-08-24 18:00:15.203234+00:00,2026-08-24,test,False
174,scd_temp_c,spike,amplitude_mad_multiple,8.0,0.0133514404296875,224527,224527,1,2026-09-04 09:52:47.843216+00:00,2026-09-04 09:52:47.843216+00:00,2026-09-04,train,False
175,scd_temp_c,spike,amplitude_mad_multiple,8.0,0.0133514404296875,129533,129533,1,2026-08-02 01:21:18.370918+00:00,2026-08-02 01:21:18.370918+00:00,2026-08-02,train,False
176,scd_temp_c,spike,amplitude_mad_multiple,8.0,0.0133514404296875,60557,60557,1,2026-07-09 02:28:11.376336+00:00,2026-07-09 02:28:11.376336+00:00,2026-07-09,train,False
177,scd_temp_c,spike,amplitude_mad_multiple,8.0,0.0133514404296875,170976,170976,1,2026-08-16 10:42:52.854286+00:00,2026-08-16 10:42:52.854286+00:00,2026-08-16,train,False
178,scd_temp_c,spike,amplitude_mad_multiple,8.0,0.0133514404296875,109673,109673,1,2026-07-26 03:46:20.735991+00:00,2026-07-26 03:46:20.735991+00:00,2026-07-26,test,False
179,scd_temp_c,spike,amplitude_mad_multiple,8.0,0.0133514404296875,244650,244650,1,2026-09-11 09:34:19.569283+00:00,2026-09-11 09:34:19.569283+00:00,2026-09-11,test,True
180,scd_temp_c,spike,amplitude_mad_multiple,8.0,0.0133514404296875,25684,25684,1,2026-06-26 23:14:16.642822+00:00,2026-06-26 23:14:16.642822+00:00,2026-06-27,train,False
181,scd_temp_c,spike,amplitude_mad_multiple,8.0,0.0133514404296875,25565,25565,1,2026-06-26 22:14:46.633049+00:00,2026-06-26 22:14:46.633049+00:00,2026-06-27,train,False
182,scd_temp_c,spike,amplitude_mad_multiple,8.0,0.0133514404296875,245127,245127,1,2026-09-11 13:32:49.608897+00:00,2026-09-11 13:32:49.608897+00:00,2026-09-11,test,False
183,scd_temp_c,spike,amplitude_mad_multiple,8.0,0.0133514404296875,222531,222531,1,2026-09-03 17:14:47.670770+00:00,2026-09-03 17:14:47.670770+00:00,2026-09-03,train,False
184,scd_temp_c,spike,amplitude_mad_multiple,8.0,0.0133514404296875,238072,238072,1,2026-09-09 02:45:19.010737+00:00,2026-09-09 02:45:19.010737+00:00,2026-09-09,train,False
185,scd_temp_c,spike,amplitude_mad_multiple,8.0,0.0133514404296875,85250,85250,1,2026-07-17 16:14:43.481418+00:00,2026-07-17 16:14:43.481418+00:00,2026-07-17,train,False
186,scd_temp_c,spike,amplitude_mad_multiple,8.0,0.0133514404296875,204630,204630,1,2026-08-28 12:04:16.120988+00:00,2026-08-28 12:04:16.120988+00:00,2026-08-28,train,False
187,scd_temp_c,spike,amplitude_mad_multiple,8.0,0.0133514404296875,162934,162934,1,2026-08-13 15:41:51.960542+00:00,2026-08-13 15:41:51.960542+00:00,2026-08-13,train,False
188,scd_temp_c,spike,amplitude_mad_multiple,8.0,0.0133514404296875,36429,36429,1,2026-06-30 16:49:51.208278+00:00,2026-06-30 16:49:51.208278+00:00,2026-06-30,train,False
189,scd_temp_c,spike,amplitude_mad_multiple,8.0,0.0133514404296875,84421,84421,1,2026-07-17 09:20:13.412644+00:00,2026-07-17 09:20:13.412644+00:00,2026-07-17,train,False
190,scd_temp_c,spike,amplitude_mad_multiple,8.0,0.0133514404296875,225383,225383,1,2026-09-04 17:00:47.915638+00:00,2026-09-04 17:00:47.915638+00:00,2026-09-04,train,False
191,scd_temp_c,spike,amplitude_mad_multiple,8.0,0.0133514404296875,206811,206811,1,2026-08-29 06:14:46.309220+00:00,2026-08-29 06:14:46.309220+00:00,2026-08-29,test,False
192,scd_temp_c,noise_burst,amplitude_mad_multiple,0.5,0.0133514404296875,167155,167214,60,2026-08-15 02:52:22.497081+00:00,2026-08-15 03:21:52.501910+00:00,2026-08-15,train,True
193,scd_temp_c,noise_burst,amplitude_mad_multiple,0.5,0.0133514404296875,70330,70389,60,2026-07-12 11:54:42.208534+00:00,2026-07-12 12:24:12.213429+00:00,2026-07-12,test,True
194,scd_temp_c,noise_burst,amplitude_mad_multiple,0.5,0.0133514404296875,69800,69859,60,2026-07-12 07:29:42.159985+00:00,2026-07-12 07:59:12.164886+00:00,2026-07-12,test,False
195,scd_temp_c,noise_burst,amplitude_mad_multiple,0.5,0.0133514404296875,165055,165114,60,2026-08-14 09:22:22.308421+00:00,2026-08-14 09:51:52.313461+00:00,2026-08-14,train,False
196,scd_temp_c,noise_burst,amplitude_mad_multiple,0.5,0.0133514404296875,95219,95278,60,2026-07-21 03:19:14.396056+00:00,2026-07-21 03:48:44.400865+00:00,2026-07-21,train,False
197,scd_temp_c,noise_burst,amplitude_mad_multiple,0.5,0.0133514404296875,62989,63048,60,2026-07-09 22:44:11.579889+00:00,2026-07-09 23:13:41.584864+00:00,2026-07-10,test,False
198,scd_temp_c,noise_burst,amplitude_mad_multiple,0.5,0.0133514404296875,210001,210060,60,2026-08-30 08:49:46.571310+00:00,2026-08-30 09:19:16.576050+00:00,2026-08-30,train,True
199,scd_temp_c,noise_burst,amplitude_mad_multiple,0.5,0.0133514404296875,143109,143168,60,2026-08-06 18:29:19.995999+00:00,2026-08-06 18:58:50.001000+00:00,2026-08-06,train,True
200,scd_temp_c,noise_burst,amplitude_mad_multiple,0.5,0.0133514404296875,127226,127285,60,2026-08-01 06:07:48.177886+00:00,2026-08-01 06:37:18.182852+00:00,2026-08-01,test,False
201,scd_temp_c,noise_burst,amplitude_mad_multiple,0.5,0.0133514404296875,32940,32999,60,2026-06-29 11:42:17.312138+00:00,2026-06-29 12:11:47.319840+00:00,2026-06-29,test,False
202,scd_temp_c,noise_burst,amplitude_mad_multiple,0.5,0.0133514404296875,83598,83657,60,2026-07-17 02:28:43.343045+00:00,2026-07-17 02:58:13.347764+00:00,2026-07-17,train,False
203,scd_temp_c,noise_burst,amplitude_mad_multiple,0.5,0.0133514404296875,236979,237038,60,2026-09-08 17:38:48.911675+00:00,2026-09-08 18:08:18.917123+00:00,2026-09-08,train,False
204,scd_temp_c,noise_burst,amplitude_mad_multiple,0.5,0.0133514404296875,15196,15255,60,2026-06-23 04:14:21.515153+00:00,2026-06-23 04:43:51.519977+00:00,2026-06-23,train,False
205,scd_temp_c,noise_burst,amplitude_mad_multiple,0.5,0.0133514404296875,110289,110348,60,2026-07-26 08:54:20.786797+00:00,2026-07-26 09:23:50.791769+00:00,2026-07-26,test,True
206,scd_temp_c,noise_burst,amplitude_mad_multiple,0.5,0.0133514404296875,145383,145442,60,2026-08-07 13:26:20.235835+00:00,2026-08-07 13:55:50.240685+00:00,2026-08-07,train,False
207,scd_temp_c,noise_burst,amplitude_mad_multiple,0.5,0.0133514404296875,263252,263311,60,2026-09-19 15:49:38.444922+00:00,2026-09-19 16:19:08.449790+00:00,2026-09-19,test,True
208,scd_temp_c,noise_burst,amplitude_mad_multiple,0.5,0.0133514404296875,231915,231974,60,2026-09-06 23:26:48.475272+00:00,2026-09-06 23:56:18.482003+00:00,2026-09-07,test,False
209,scd_temp_c,noise_burst,amplitude_mad_multiple,0.5,0.0133514404296875,240895,240954,60,2026-09-10 02:16:49.251655+00:00,2026-09-10 02:46:19.257288+00:00,2026-09-10,train,False
210,scd_temp_c,noise_burst,amplitude_mad_multiple,0.5,0.0133514404296875,212259,212318,60,2026-08-31 03:38:46.767606+00:00,2026-08-31 04:08:16.772625+00:00,2026-08-31,train,False
211,scd_temp_c,noise_burst,amplitude_mad_multiple,1.0,0.0133514404296875,255777,255836,60,2026-09-17 01:32:07.787146+00:00,2026-09-17 02:01:37.793272+00:00,2026-09-17,train,False
212,scd_temp_c,noise_burst,amplitude_mad_multiple,1.0,0.0133514404296875,224011,224070,60,2026-09-04 05:34:47.799517+00:00,2026-09-04 06:04:17.804394+00:00,2026-09-04,train,False
213,scd_temp_c,noise_burst,amplitude_mad_multiple,1.0,0.0133514404296875,130036,130095,60,2026-08-02 05:32:48.413083+00:00,2026-08-02 06:02:18.418550+00:00,2026-08-02,train,False
214,scd_temp_c,noise_burst,amplitude_mad_multiple,1.0,0.0133514404296875,261521,261580,60,2026-09-19 01:24:08.293936+00:00,2026-09-19 01:53:38.298811+00:00,2026-09-19,test,False
215,scd_temp_c,noise_burst,amplitude_mad_multiple,1.0,0.0133514404296875,138611,138670,60,2026-08-05 05:00:19.571824+00:00,2026-08-05 05:29:49.582719+00:00,2026-08-05,test,False
216,scd_temp_c,noise_burst,amplitude_mad_multiple,1.0,0.0133514404296875,254094,254153,60,2026-09-16 11:30:37.645793+00:00,2026-09-16 12:00:07.650598+00:00,2026-09-16,train,True
217,scd_temp_c,noise_burst,amplitude_mad_multiple,1.0,0.0133514404296875,177811,177870,60,2026-08-19 04:34:43.845987+00:00,2026-08-19 05:04:13.851104+00:00,2026-08-19,train,True
218,scd_temp_c,noise_burst,amplitude_mad_multiple,1.0,0.0133514404296875,52273,52332,60,2026-07-06 05:26:10.501372+00:00,2026-07-06 05:55:40.506241+00:00,2026-07-06,train,False
219,scd_temp_c,noise_burst,amplitude_mad_multiple,1.0,0.0133514404296875,4358,4417,60,2026-06-19 09:46:12.861410+00:00,2026-06-19 10:15:42.866224+00:00,2026-06-19,test,False
220,scd_temp_c,noise_burst,amplitude_mad_multiple,1.0,0.0133514404296875,258649,258708,60,2026-09-18 01:28:08.039257+00:00,2026-09-18 01:57:38.044151+00:00,2026-09-18,train,False
221,scd_temp_c,noise_burst,amplitude_mad_multiple,1.0,0.0133514404296875,3037,3096,60,2026-06-18 22:45:42.754158+00:00,2026-06-18 23:15:12.758845+00:00,2026-06-19,test,False
222,scd_temp_c,noise_burst,amplitude_mad_multiple,1.0,0.0133514404296875,244505,244564,60,2026-09-11 08:21:49.557388+00:00,2026-09-11 08:51:19.562235+00:00,2026-09-11,test,True
223,scd_temp_c,noise_burst,amplitude_mad_multiple,1.0,0.0133514404296875,215660,215719,60,2026-09-01 07:59:17.069065+00:00,2026-09-01 08:28:47.073830+00:00,2026-09-01,train,False
224,scd_temp_c,noise_burst,amplitude_mad_multiple,1.0,0.0133514404296875,78064,78123,60,2026-07-15 04:21:42.870429+00:00,2026-07-15 04:51:12.875307+00:00,2026-07-15,test,True
225,scd_temp_c,noise_burst,amplitude_mad_multiple,1.0,0.0133514404296875,197881,197940,60,2026-08-26 03:49:45.549917+00:00,2026-08-26 04:19:15.554790+00:00,2026-08-26,test,False
226,scd_temp_c,noise_burst,amplitude_mad_multiple,1.0,0.0133514404296875,22998,23057,60,2026-06-26 00:33:18.798532+00:00,2026-06-26 01:02:48.803362+00:00,2026-06-26,test,True
227,scd_temp_c,noise_burst,amplitude_mad_multiple,1.0,0.0133514404296875,236762,236821,60,2026-09-08 15:50:18.891525+00:00,2026-09-08 16:19:48.896400+00:00,2026-09-08,train,False
228,scd_temp_c,noise_burst,amplitude_mad_multiple,1.0,0.0133514404296875,208889,208948,60,2026-08-29 23:33:46.482022+00:00,2026-08-30 00:03:16.486740+00:00,2026-08-30,train,False
229,scd_temp_c,noise_burst,amplitude_mad_multiple,1.0,0.0133514404296875,170176,170235,60,2026-08-16 04:02:52.784386+00:00,2026-08-16 04:32:22.789328+00:00,2026-08-16,train,False
230,scd_temp_c,noise_burst,amplitude_mad_multiple,2.0,0.0133514404296875,53472,53531,60,2026-07-06 15:25:40.606699+00:00,2026-07-06 15:55:10.611449+00:00,2026-07-06,train,False
231,scd_temp_c,noise_burst,amplitude_mad_multiple,2.0,0.0133514404296875,215193,215252,60,2026-09-01 04:05:47.022448+00:00,2026-09-01 04:35:17.030124+00:00,2026-09-01,train,False
232,scd_temp_c,noise_burst,amplitude_mad_multiple,2.0,0.0133514404296875,221819,221878,60,2026-09-03 11:18:47.612229+00:00,2026-09-03 11:48:17.617075+00:00,2026-09-03,train,False
233,scd_temp_c,noise_burst,amplitude_mad_multiple,2.0,0.0133514404296875,33548,33607,60,2026-06-29 16:46:17.372230+00:00,2026-06-29 17:15:47.377147+00:00,2026-06-29,test,False
234,scd_temp_c,noise_burst,amplitude_mad_multiple,2.0,0.0133514404296875,107320,107379,60,2026-07-25 08:09:50.438428+00:00,2026-07-25 08:39:20.443276+00:00,2026-07-25,train,False
235,scd_temp_c,noise_burst,amplitude_mad_multiple,2.0,0.0133514404296875,97079,97138,60,2026-07-21 18:49:14.549789+00:00,2026-07-21 19:18:44.554546+00:00,2026-07-21,train,True
236,scd_temp_c,noise_burst,amplitude_mad_multiple,2.0,0.0133514404296875,216781,216840,60,2026-09-01 17:19:47.168139+00:00,2026-09-01 17:49:17.172987+00:00,2026-09-01,train,True
237,scd_temp_c,noise_burst,amplitude_mad_multiple,2.0,0.0133514404296875,131825,131884,60,2026-08-02 20:27:18.594045+00:00,2026-08-02 20:56:48.599054+00:00,2026-08-02,train,False
238,scd_temp_c,noise_burst,amplitude_mad_multiple,2.0,0.0133514404296875,73184,73243,60,2026-07-13 11:41:42.448843+00:00,2026-07-13 12:11:12.453774+00:00,2026-07-13,train,False
239,scd_temp_c,noise_burst,amplitude_mad_multiple,2.0,0.0133514404296875,248034,248093,60,2026-09-12 13:46:19.867836+00:00,2026-09-12 14:15:49.876048+00:00,2026-09-12,train,False
240,scd_temp_c,noise_burst,amplitude_mad_multiple,2.0,0.0133514404296875,242717,242776,60,2026-09-10 17:27:49.406387+00:00,2026-09-10 17:57:19.411192+00:00,2026-09-10,train,True
241,scd_temp_c,noise_burst,amplitude_mad_multiple,2.0,0.0133514404296875,261347,261406,60,2026-09-18 23:57:08.279474+00:00,2026-09-19 00:26:38.284378+00:00,2026-09-19,test,False
242,scd_temp_c,noise_burst,amplitude_mad_multiple,2.0,0.0133514404296875,81056,81115,60,2026-07-16 05:17:43.131551+00:00,2026-07-16 05:47:13.136309+00:00,2026-07-16,test,True
243,scd_temp_c,noise_burst,amplitude_mad_multiple,2.0,0.0133514404296875,139392,139451,60,2026-08-05 11:30:49.651098+00:00,2026-08-05 12:00:19.656119+00:00,2026-08-05,test,False
244,scd_temp_c,noise_burst,amplitude_mad_multiple,2.0,0.0133514404296875,227686,227745,60,2026-09-05 12:12:18.116282+00:00,2026-09-05 12:41:48.121136+00:00,2026-09-05,test,False
245,scd_temp_c,noise_burst,amplitude_mad_multiple,2.0,0.0133514404296875,145996,146055,60,2026-08-07 18:32:50.295780+00:00,2026-08-07 19:02:20.303425+00:00,2026-08-07,train,False
246,scd_temp_c,noise_burst,amplitude_mad_multiple,2.0,0.0133514404296875,158863,158922,60,2026-08-12 05:46:21.559548+00:00,2026-08-12 06:15:51.564404+00:00,2026-08-12,test,False
247,scd_temp_c,noise_burst,amplitude_mad_multiple,2.0,0.0133514404296875,85180,85239,60,2026-07-17 15:39:43.475639+00:00,2026-07-17 16:09:13.480507+00:00,2026-07-17,train,False
248,scd_temp_c,noise_burst,amplitude_mad_multiple,2.0,0.0133514404296875,3600,3659,60,2026-06-19 03:27:12.799775+00:00,2026-06-19 03:56:42.804603+00:00,2026-06-19,test,False
249,scd_temp_c,noise_burst,amplitude_mad_multiple,4.0,0.0133514404296875,54763,54822,60,2026-07-07 02:11:10.716624+00:00,2026-07-07 02:40:40.721496+00:00,2026-07-07,train,False
250,scd_temp_c,noise_burst,amplitude_mad_multiple,4.0,0.0133514404296875,251580,251639,60,2026-09-15 14:33:37.430722+00:00,2026-09-15 15:03:07.435556+00:00,2026-09-15,train,True
251,scd_temp_c,noise_burst,amplitude_mad_multiple,4.0,0.0133514404296875,218550,218609,60,2026-09-02 08:04:17.314432+00:00,2026-09-02 08:33:47.319203+00:00,2026-09-02,train,True
252,scd_temp_c,noise_burst,amplitude_mad_multiple,4.0,0.0133514404296875,144795,144854,60,2026-08-07 08:32:20.144309+00:00,2026-08-07 09:01:50.149411+00:00,2026-08-07,train,True
253,scd_temp_c,noise_burst,amplitude_mad_multiple,4.0,0.0133514404296875,118458,118517,60,2026-07-29 04:59:27.060869+00:00,2026-07-29 05:28:57.065813+00:00,2026-07-29,train,True
254,scd_temp_c,noise_burst,amplitude_mad_multiple,4.0,0.0133514404296875,260746,260805,60,2026-09-18 18:56:38.229900+00:00,2026-09-18 19:26:08.234724+00:00,2026-09-18,train,False
255,scd_temp_c,noise_burst,amplitude_mad_multiple,4.0,0.0133514404296875,217602,217661,60,2026-09-02 00:10:17.238546+00:00,2026-09-02 00:39:47.243242+00:00,2026-09-02,train,False
256,scd_temp_c,noise_burst,amplitude_mad_multiple,4.0,0.0133514404296875,123830,123889,60,2026-07-31 01:45:27.750715+00:00,2026-07-31 02:14:57.755647+00:00,2026-07-31,train,True
257,scd_temp_c,noise_burst,amplitude_mad_multiple,4.0,0.0133514404296875,31277,31336,60,2026-06-28 21:50:47.144801+00:00,2026-06-28 22:20:17.149669+00:00,2026-06-29,test,False
258,scd_temp_c,noise_burst,amplitude_mad_multiple,4.0,0.0133514404296875,76559,76618,60,2026-07-14 15:49:12.742967+00:00,2026-07-14 16:18:42.748466+00:00,2026-07-14,train,True
259,scd_temp_c,noise_burst,amplitude_mad_multiple,4.0,0.0133514404296875,219325,219384,60,2026-09-02 14:31:47.399055+00:00,2026-09-02 15:01:17.404724+00:00,2026-09-02,train,False
260,scd_temp_c,noise_burst,amplitude_mad_multiple,4.0,0.0133514404296875,196612,196671,60,2026-08-25 17:15:15.436040+00:00,2026-08-25 17:44:45.440917+00:00,2026-08-25,train,False
261,scd_temp_c,noise_burst,amplitude_mad_multiple,4.0,0.0133514404296875,201285,201344,60,2026-08-27 08:11:45.839703+00:00,2026-08-27 08:41:15.844496+00:00,2026-08-27,train,False
262,scd_temp_c,noise_burst,amplitude_mad_multiple,4.0,0.0133514404296875,144202,144261,60,2026-08-07 03:35:50.093438+00:00,2026-08-07 04:05:20.099609+00:00,2026-08-07,train,True
263,scd_temp_c,noise_burst,amplitude_mad_multiple,4.0,0.0133514404296875,118200,118259,60,2026-07-29 02:50:27.039112+00:00,2026-07-29 03:19:57.043971+00:00,2026-07-29,train,False
264,scd_temp_c,noise_burst,amplitude_mad_multiple,4.0,0.0133514404296875,138744,138803,60,2026-08-05 06:06:49.592051+00:00,2026-08-05 06:36:19.596796+00:00,2026-08-05,test,False
265,scd_temp_c,noise_burst,amplitude_mad_multiple,4.0,0.0133514404296875,58642,58701,60,2026-07-08 10:30:41.055637+00:00,2026-07-08 11:00:11.060475+00:00,2026-07-08,train,False
266,scd_temp_c,noise_burst,amplitude_mad_multiple,4.0,0.0133514404296875,177979,178038,60,2026-08-19 05:58:43.862753+00:00,2026-08-19 06:28:13.867523+00:00,2026-08-19,train,False
267,scd_temp_c,noise_burst,amplitude_mad_multiple,4.0,0.0133514404296875,201744,201803,60,2026-08-27 12:01:15.878138+00:00,2026-08-27 12:30:45.882989+00:00,2026-08-27,train,True
268,scd_temp_c,noise_burst,amplitude_mad_multiple,8.0,0.0133514404296875,43219,43278,60,2026-07-03 01:57:14.235197+00:00,2026-07-03 02:26:44.240025+00:00,2026-07-03,train,False
269,scd_temp_c,noise_burst,amplitude_mad_multiple,8.0,0.0133514404296875,241906,241965,60,2026-09-10 10:42:19.337450+00:00,2026-09-10 11:11:49.342277+00:00,2026-09-10,train,True
270,scd_temp_c,noise_burst,amplitude_mad_multiple,8.0,0.0133514404296875,9859,9918,60,2026-06-21 07:36:43.306579+00:00,2026-06-21 08:06:13.311338+00:00,2026-06-21,train,True
271,scd_temp_c,noise_burst,amplitude_mad_multiple,8.0,0.0133514404296875,236471,236530,60,2026-09-08 13:24:48.867632+00:00,2026-09-08 13:54:18.872432+00:00,2026-09-08,train,False
272,scd_temp_c,noise_burst,amplitude_mad_multiple,8.0,0.0133514404296875,217148,217207,60,2026-09-01 20:23:17.197746+00:00,2026-09-01 20:52:47.202454+00:00,2026-09-01,train,False
273,scd_temp_c,noise_burst,amplitude_mad_multiple,8.0,0.0133514404296875,67330,67389,60,2026-07-11 10:54:41.949675+00:00,2026-07-11 11:24:11.954608+00:00,2026-07-11,train,False
274,scd_temp_c,noise_burst,amplitude_mad_multiple,8.0,0.0133514404296875,155967,156026,60,2026-08-11 05:38:21.276431+00:00,2026-08-11 06:07:51.282549+00:00,2026-08-11,train,True
275,scd_temp_c,noise_burst,amplitude_mad_multiple,8.0,0.0133514404296875,193884,193943,60,2026-08-24 18:31:15.208381+00:00,2026-08-24 19:00:45.213355+00:00,2026-08-24,test,False
276,scd_temp_c,noise_burst,amplitude_mad_multiple,8.0,0.0133514404296875,26173,26232,60,2026-06-27 03:18:46.684211+00:00,2026-06-27 03:48:16.689109+00:00,2026-06-27,train,False
277,scd_temp_c,noise_burst,amplitude_mad_multiple,8.0,0.0133514404296875,48115,48174,60,2026-07-04 18:47:10.158355+00:00,2026-07-04 19:16:40.163086+00:00,2026-07-04,test,False
278,scd_temp_c,noise_burst,amplitude_mad_multiple,8.0,0.0133514404296875,1780,1839,60,2026-06-18 12:14:15.991877+00:00,2026-06-18 12:43:45.996675+00:00,2026-06-18,train,False
279,scd_temp_c,noise_burst,amplitude_mad_multiple,8.0,0.0133514404296875,48520,48579,60,2026-07-04 22:09:40.190963+00:00,2026-07-04 22:39:10.195792+00:00,2026-07-05,train,False
280,scd_temp_c,noise_burst,amplitude_mad_multiple,8.0,0.0133514404296875,257050,257109,60,2026-09-17 12:08:37.901927+00:00,2026-09-17 12:38:07.906773+00:00,2026-09-17,train,False
281,scd_temp_c,noise_burst,amplitude_mad_multiple,8.0,0.0133514404296875,178235,178294,60,2026-08-19 08:06:43.883555+00:00,2026-08-19 08:36:13.890763+00:00,2026-08-19,train,True
282,scd_temp_c,noise_burst,amplitude_mad_multiple,8.0,0.0133514404296875,40388,40447,60,2026-07-02 02:21:43.997828+00:00,2026-07-02 02:51:14.002647+00:00,2026-07-02,train,False
283,scd_temp_c,noise_burst,amplitude_mad_multiple,8.0,0.0133514404296875,145568,145627,60,2026-08-07 14:58:50.251926+00:00,2026-08-07 15:28:20.256714+00:00,2026-08-07,train,True
284,scd_temp_c,noise_burst,amplitude_mad_multiple,8.0,0.0133514404296875,152845,152904,60,2026-08-10 03:37:20.967571+00:00,2026-08-10 04:06:50.974310+00:00,2026-08-10,train,False
285,scd_temp_c,noise_burst,amplitude_mad_multiple,8.0,0.0133514404296875,42531,42590,60,2026-07-02 20:13:14.178185+00:00,2026-07-02 20:42:44.183026+00:00,2026-07-02,train,False
286,scd_temp_c,noise_burst,amplitude_mad_multiple,8.0,0.0133514404296875,17574,17633,60,2026-06-24 00:03:21.708873+00:00,2026-06-24 00:32:51.713662+00:00,2026-06-24,train,False
287,scd_temp_c,noise_burst,amplitude_mad_multiple,8.0,0.0133514404296875,92413,92472,60,2026-07-20 03:56:14.137088+00:00,2026-07-20 04:25:44.142167+00:00,2026-07-20,test,True
288,scd_temp_c,stuck_value,duration_samples,5.0,0.0133514404296875,239914,239918,5,2026-09-09 18:06:19.170003+00:00,2026-09-09 18:08:19.170327+00:00,2026-09-09,train,False
289,scd_temp_c,stuck_value,duration_samples,5.0,0.0133514404296875,127976,127980,5,2026-08-01 12:22:48.240980+00:00,2026-08-01 12:24:48.241308+00:00,2026-08-01,test,False
290,scd_temp_c,stuck_value,duration_samples,5.0,0.0133514404296875,160643,160647,5,2026-08-12 20:36:21.734372+00:00,2026-08-12 20:38:21.734701+00:00,2026-08-12,test,False
291,scd_temp_c,stuck_value,duration_samples,5.0,0.0133514404296875,60588,60592,5,2026-07-09 02:43:41.378892+00:00,2026-07-09 02:45:41.379198+00:00,2026-07-09,train,False
292,scd_temp_c,stuck_value,duration_samples,5.0,0.0133514404296875,99459,99463,5,2026-07-22 14:39:14.770943+00:00,2026-07-22 14:41:14.771264+00:00,2026-07-22,train,False
293,scd_temp_c,stuck_value,duration_samples,5.0,0.0133514404296875,226661,226665,5,2026-09-05 03:39:48.020760+00:00,2026-09-05 03:41:48.021081+00:00,2026-09-05,test,False
294,scd_temp_c,stuck_value,duration_samples,5.0,0.0133514404296875,30046,30050,5,2026-06-28 11:35:17.036406+00:00,2026-06-28 11:37:17.036938+00:00,2026-06-28,train,False
295,scd_temp_c,stuck_value,duration_samples,5.0,0.0133514404296875,47945,47949,5,2026-07-04 17:22:10.144593+00:00,2026-07-04 17:24:10.144913+00:00,2026-07-04,test,False
296,scd_temp_c,stuck_value,duration_samples,5.0,0.0133514404296875,222251,222255,5,2026-09-03 14:54:47.647845+00:00,2026-09-03 14:56:47.648161+00:00,2026-09-03,train,False
297,scd_temp_c,stuck_value,duration_samples,5.0,0.0133514404296875,152802,152806,5,2026-08-10 03:15:50.964029+00:00,2026-08-10 03:17:50.964358+00:00,2026-08-10,train,False
298,scd_temp_c,stuck_value,duration_samples,5.0,0.0133514404296875,106177,106181,5,2026-07-24 22:38:20.264965+00:00,2026-07-24 22:40:20.267144+00:00,2026-07-25,train,False
299,scd_temp_c,stuck_value,duration_samples,5.0,0.0133514404296875,64076,64080,5,2026-07-10 07:47:41.670020+00:00,2026-07-10 07:49:41.670353+00:00,2026-07-10,test,False
300,scd_temp_c,stuck_value,duration_samples,5.0,0.0133514404296875,253124,253128,5,2026-09-16 03:25:37.560003+00:00,2026-09-16 03:27:37.560319+00:00,2026-09-16,train,False
301,scd_temp_c,stuck_value,duration_samples,5.0,0.0133514404296875,133229,133233,5,2026-08-03 08:09:18.716180+00:00,2026-08-03 08:11:18.716516+00:00,2026-08-03,test,False
302,scd_temp_c,stuck_value,duration_samples,5.0,0.0133514404296875,196677,196681,5,2026-08-25 17:47:45.441423+00:00,2026-08-25 17:49:45.441747+00:00,2026-08-25,train,False
303,scd_temp_c,stuck_value,duration_samples,5.0,0.0133514404296875,98103,98107,5,2026-07-22 03:21:14.633019+00:00,2026-07-22 03:23:14.633336+00:00,2026-07-22,train,False
304,scd_temp_c,stuck_value,duration_samples,5.0,0.0133514404296875,113355,113359,5,2026-07-27 10:27:21.041115+00:00,2026-07-27 10:29:21.041452+00:00,2026-07-27,train,False
305,scd_temp_c,stuck_value,duration_samples,5.0,0.0133514404296875,87144,87148,5,2026-07-18 08:01:43.657721+00:00,2026-07-18 08:03:43.658061+00:00,2026-07-18,train,False
306,scd_temp_c,stuck_value,duration_samples,10.0,0.0133514404296875,187055,187064,10,2026-08-22 09:36:44.620319+00:00,2026-08-22 09:41:14.621057+00:00,2026-08-22,train,True
307,scd_temp_c,stuck_value,duration_samples,10.0,0.0133514404296875,231600,231609,10,2026-09-06 20:49:18.448743+00:00,2026-09-06 20:53:48.449482+00:00,2026-09-06,test,False
308,scd_temp_c,stuck_value,duration_samples,10.0,0.0133514404296875,237648,237657,10,2026-09-08 23:13:18.970794+00:00,2026-09-08 23:17:48.971535+00:00,2026-09-09,train,False
309,scd_temp_c,stuck_value,duration_samples,10.0,0.0133514404296875,232580,232589,10,2026-09-07 04:59:18.531687+00:00,2026-09-07 05:03:48.532420+00:00,2026-09-07,test,False
310,scd_temp_c,stuck_value,duration_samples,10.0,0.0133514404296875,118682,118691,10,2026-07-29 06:51:27.079598+00:00,2026-07-29 06:55:57.080362+00:00,2026-07-29,train,False
311,scd_temp_c,stuck_value,duration_samples,10.0,0.0133514404296875,76819,76828,10,2026-07-14 17:59:12.765529+00:00,2026-07-14 18:03:42.766280+00:00,2026-07-14,train,False
312,scd_temp_c,stuck_value,duration_samples,10.0,0.0133514404296875,169227,169236,10,2026-08-15 20:08:22.691361+00:00,2026-08-15 20:12:52.692125+00:00,2026-08-15,train,False
313,scd_temp_c,stuck_value,duration_samples,10.0,0.0133514404296875,250678,250687,10,2026-09-15 07:02:37.356512+00:00,2026-09-15 07:07:07.357251+00:00,2026-09-15,train,False
314,scd_temp_c,stuck_value,duration_samples,10.0,0.0133514404296875,189864,189873,10,2026-08-23 09:01:14.862131+00:00,2026-08-23 09:05:44.862865+00:00,2026-08-23,train,False
315,scd_temp_c,stuck_value,duration_samples,10.0,0.0133514404296875,131134,131143,10,2026-08-02 14:41:48.535924+00:00,2026-08-02 14:46:18.536673+00:00,2026-08-02,train,True
316,scd_temp_c,stuck_value,duration_samples,10.0,0.0133514404296875,182399,182408,10,2026-08-20 18:48:44.231799+00:00,2026-08-20 18:53:14.232513+00:00,2026-08-20,test,True
317,scd_temp_c,stuck_value,duration_samples,10.0,0.0133514404296875,204608,204617,10,2026-08-28 11:53:16.119188+00:00,2026-08-28 11:57:46.119938+00:00,2026-08-28,train,False
318,scd_temp_c,stuck_value,duration_samples,10.0,0.0133514404296875,240555,240564,10,2026-09-09 23:26:49.223960+00:00,2026-09-09 23:31:19.224701+00:00,2026-09-10,train,False
319,scd_temp_c,stuck_value,duration_samples,10.0,0.0133514404296875,201068,201077,10,2026-08-27 06:23:15.818158+00:00,2026-08-27 06:27:45.818895+00:00,2026-08-27,train,False
320,scd_temp_c,stuck_value,duration_samples,10.0,0.0133514404296875,113984,113993,10,2026-07-27 15:41:51.095204+00:00,2026-07-27 15:46:21.095954+00:00,2026-07-27,train,False
321,scd_temp_c,stuck_value,duration_samples,10.0,0.0133514404296875,73957,73966,10,2026-07-13 18:08:12.513195+00:00,2026-07-13 18:12:42.513937+00:00,2026-07-13,train,False
322,scd_temp_c,stuck_value,duration_samples,10.0,0.0133514404296875,130012,130021,10,2026-08-02 05:20:48.411064+00:00,2026-08-02 05:25:18.411818+00:00,2026-08-02,train,False
323,scd_temp_c,stuck_value,duration_samples,10.0,0.0133514404296875,87029,87038,10,2026-07-18 07:04:13.648235+00:00,2026-07-18 07:08:43.648950+00:00,2026-07-18,train,False
324,scd_temp_c,stuck_value,duration_samples,10.0,0.0133514404296875,246316,246325,10,2026-09-11 23:27:19.718915+00:00,2026-09-11 23:31:49.719676+00:00,2026-09-12,train,False
325,scd_temp_c,stuck_value,duration_samples,10.0,0.0133514404296875,134288,134297,10,2026-08-03 16:58:48.828397+00:00,2026-08-03 17:03:18.829872+00:00,2026-08-03,test,False
326,scd_temp_c,stuck_value,duration_samples,20.0,0.0133514404296875,124874,124893,20,2026-07-31 10:31:47.936630+00:00,2026-07-31 10:41:17.938551+00:00,2026-07-31,train,False
327,scd_temp_c,stuck_value,duration_samples,20.0,0.0133514404296875,91970,91989,20,2026-07-20 00:14:44.094210+00:00,2026-07-20 00:24:14.095798+00:00,2026-07-20,test,False
328,scd_temp_c,stuck_value,duration_samples,20.0,0.0133514404296875,169082,169101,20,2026-08-15 18:55:52.678834+00:00,2026-08-15 19:05:22.680819+00:00,2026-08-15,train,False
329,scd_temp_c,stuck_value,duration_samples,20.0,0.0133514404296875,136007,136026,20,2026-08-04 07:18:19.053956+00:00,2026-08-04 07:27:49.055519+00:00,2026-08-04,train,False
330,scd_temp_c,stuck_value,duration_samples,20.0,0.0133514404296875,33873,33892,20,2026-06-29 19:29:01.838927+00:00,2026-06-29 19:39:42.291043+00:00,2026-06-29,test,False
331,scd_temp_c,stuck_value,duration_samples,20.0,0.0133514404296875,228442,228461,20,2026-09-05 18:30:18.178371+00:00,2026-09-05 18:39:48.182056+00:00,2026-09-05,test,False
332,scd_temp_c,stuck_value,duration_samples,20.0,0.0133514404296875,96249,96268,20,2026-07-21 11:54:14.479695+00:00,2026-07-21 12:03:44.481207+00:00,2026-07-21,train,False
333,scd_temp_c,stuck_value,duration_samples,20.0,0.0133514404296875,112412,112431,20,2026-07-27 02:35:50.962849+00:00,2026-07-27 02:45:20.964415+00:00,2026-07-27,train,False
334,scd_temp_c,stuck_value,duration_samples,20.0,0.0133514404296875,52359,52378,20,2026-07-06 06:09:10.510557+00:00,2026-07-06 06:18:40.512097+00:00,2026-07-06,train,False
335,scd_temp_c,stuck_value,duration_samples,20.0,0.0133514404296875,143760,143779,20,2026-08-06 23:54:50.056352+00:00,2026-08-07 00:04:20.057942+00:00,2026-08-07,train,False
336,scd_temp_c,stuck_value,duration_samples,20.0,0.0133514404296875,232419,232438,20,2026-09-07 03:38:48.518368+00:00,2026-09-07 03:48:18.519955+00:00,2026-09-07,test,False
337,scd_temp_c,stuck_value,duration_samples,20.0,0.0133514404296875,12353,12372,20,2026-06-22 04:23:43.513072+00:00,2026-06-22 04:33:13.514629+00:00,2026-06-22,test,False
338,scd_temp_c,stuck_value,duration_samples,20.0,0.0133514404296875,256154,256173,20,2026-09-17 04:40:37.819456+00:00,2026-09-17 04:50:07.822628+00:00,2026-09-17,train,False
339,scd_temp_c,stuck_value,duration_samples,20.0,0.0133514404296875,185074,185093,20,2026-08-21 17:06:14.454864+00:00,2026-08-21 17:15:44.456403+00:00,2026-08-21,train,False
340,scd_temp_c,stuck_value,duration_samples,20.0,0.0133514404296875,76139,76158,20,2026-07-14 12:19:12.702676+00:00,2026-07-14 12:28:42.704275+00:00,2026-07-14,train,False
341,scd_temp_c,stuck_value,duration_samples,20.0,0.0133514404296875,229464,229483,20,2026-09-06 03:01:18.267825+00:00,2026-09-06 03:10:48.269383+00:00,2026-09-06,test,False
342,scd_temp_c,stuck_value,duration_samples,20.0,0.0133514404296875,76649,76668,20,2026-07-14 16:34:12.751080+00:00,2026-07-14 16:43:42.752689+00:00,2026-07-14,train,False
343,scd_temp_c,stuck_value,duration_samples,20.0,0.0133514404296875,183055,183074,20,2026-08-21 00:16:44.284980+00:00,2026-08-21 00:26:14.286506+00:00,2026-08-21,train,False
344,scd_temp_c,stuck_value,duration_samples,20.0,0.0133514404296875,229786,229805,20,2026-09-06 05:42:18.295830+00:00,2026-09-06 05:51:48.297404+00:00,2026-09-06,test,True
345,scd_temp_c,stuck_value,duration_samples,20.0,0.0133514404296875,173447,173466,20,2026-08-17 07:18:23.066018+00:00,2026-08-17 07:27:53.067556+00:00,2026-08-17,test,True
346,scd_temp_c,stuck_value,duration_samples,40.0,0.0133514404296875,198799,198838,40,2026-08-26 11:28:45.625751+00:00,2026-08-26 11:48:15.628905+00:00,2026-08-26,test,False
347,scd_temp_c,stuck_value,duration_samples,40.0,0.0133514404296875,43158,43197,40,2026-07-03 01:26:44.230211+00:00,2026-07-03 01:46:14.233381+00:00,2026-07-03,train,False
348,scd_temp_c,stuck_value,duration_samples,40.0,0.0133514404296875,230218,230257,40,2026-09-06 09:18:18.331811+00:00,2026-09-06 09:37:48.335032+00:00,2026-09-06,test,True
349,scd_temp_c,stuck_value,duration_samples,40.0,0.0133514404296875,71827,71866,40,2026-07-13 00:23:12.332943+00:00,2026-07-13 00:42:42.336146+00:00,2026-07-13,train,False
350,scd_temp_c,stuck_value,duration_samples,40.0,0.0133514404296875,33783,33822,40,2026-06-29 18:43:47.395032+00:00,2026-06-29 19:03:17.398350+00:00,2026-06-29,test,False
351,scd_temp_c,stuck_value,duration_samples,40.0,0.0133514404296875,256350,256389,40,2026-09-17 06:18:37.839436+00:00,2026-09-17 06:38:07.842600+00:00,2026-09-17,train,False
352,scd_temp_c,stuck_value,duration_samples,40.0,0.0133514404296875,52451,52490,40,2026-07-06 06:55:10.518103+00:00,2026-07-06 07:14:40.523507+00:00,2026-07-06,train,False
353,scd_temp_c,stuck_value,duration_samples,40.0,0.0133514404296875,166370,166409,40,2026-08-14 20:19:52.427419+00:00,2026-08-14 20:39:22.430673+00:00,2026-08-14,train,True
354,scd_temp_c,stuck_value,duration_samples,40.0,0.0133514404296875,83502,83541,40,2026-07-17 01:40:43.335257+00:00,2026-07-17 02:00:13.338456+00:00,2026-07-17,train,False
355,scd_temp_c,stuck_value,duration_samples,40.0,0.0133514404296875,35121,35160,40,2026-06-30 05:55:51.063996+00:00,2026-06-30 06:15:21.067243+00:00,2026-06-30,train,False
356,scd_temp_c,stuck_value,duration_samples,40.0,0.0133514404296875,158000,158039,40,2026-08-11 22:34:51.475561+00:00,2026-08-11 22:54:21.478962+00:00,2026-08-12,test,False
357,scd_temp_c,stuck_value,duration_samples,40.0,0.0133514404296875,198369,198408,40,2026-08-26 07:53:45.589814+00:00,2026-08-26 08:13:15.593047+00:00,2026-08-26,test,False
358,scd_temp_c,stuck_value,duration_samples,40.0,0.0133514404296875,207019,207058,40,2026-08-29 07:58:46.326553+00:00,2026-08-29 08:18:16.329748+00:00,2026-08-29,test,False
359,scd_temp_c,stuck_value,duration_samples,40.0,0.0133514404296875,39805,39844,40,2026-07-01 21:30:13.949976+00:00,2026-07-01 21:49:43.953188+00:00,2026-07-02,train,False
360,scd_temp_c,stuck_value,duration_samples,40.0,0.0133514404296875,147823,147862,40,2026-08-08 09:46:20.467094+00:00,2026-08-08 10:05:50.470357+00:00,2026-08-08,train,False
361,scd_temp_c,stuck_value,duration_samples,40.0,0.0133514404296875,213954,213993,40,2026-08-31 17:46:16.915926+00:00,2026-08-31 18:05:46.919105+00:00,2026-08-31,train,False
362,scd_temp_c,stuck_value,duration_samples,40.0,0.0133514404296875,40639,40678,40,2026-07-02 04:27:14.018433+00:00,2026-07-02 04:46:44.021638+00:00,2026-07-02,train,False
363,scd_temp_c,stuck_value,duration_samples,40.0,0.0133514404296875,54444,54483,40,2026-07-06 23:31:40.690492+00:00,2026-07-06 23:51:10.693695+00:00,2026-07-07,train,True
364,scd_temp_c,stuck_value,duration_samples,80.0,0.0133514404296875,138076,138155,80,2026-08-05 00:32:49.507807+00:00,2026-08-05 01:12:19.518878+00:00,2026-08-05,test,False
365,scd_temp_c,stuck_value,duration_samples,80.0,0.0133514404296875,48711,48790,80,2026-07-04 23:45:10.206554+00:00,2026-07-05 00:24:40.213103+00:00,2026-07-05,train,False
366,scd_temp_c,stuck_value,duration_samples,80.0,0.0133514404296875,190202,190281,80,2026-08-23 11:50:14.889558+00:00,2026-08-23 12:29:44.895975+00:00,2026-08-23,train,True
367,scd_temp_c,stuck_value,duration_samples,80.0,0.0133514404296875,252665,252744,80,2026-09-15 23:36:07.522588+00:00,2026-09-16 00:15:37.529050+00:00,2026-09-16,train,False
368,scd_temp_c,stuck_value,duration_samples,80.0,0.0133514404296875,55417,55496,80,2026-07-07 07:38:10.775359+00:00,2026-07-07 08:17:40.781850+00:00,2026-07-07,train,False
369,scd_temp_c,stuck_value,duration_samples,80.0,0.0133514404296875,169695,169774,80,2026-08-16 00:02:22.738009+00:00,2026-08-16 00:41:52.744684+00:00,2026-08-16,train,False
370,scd_temp_c,stuck_value,duration_samples,80.0,0.0133514404296875,55321,55400,80,2026-07-07 06:50:10.765390+00:00,2026-07-07 07:29:40.773953+00:00,2026-07-07,train,False
371,scd_temp_c,stuck_value,duration_samples,80.0,0.0133514404296875,3936,4015,80,2026-06-19 06:15:12.827063+00:00,2026-06-19 06:54:42.833530+00:00,2026-06-19,test,False
372,scd_temp_c,stuck_value,duration_samples,80.0,0.0133514404296875,198537,198616,80,2026-08-26 09:17:45.603610+00:00,2026-08-26 09:57:15.610067+00:00,2026-08-26,test,True
373,scd_temp_c,stuck_value,duration_samples,80.0,0.0133514404296875,113107,113186,80,2026-07-27 08:23:21.020613+00:00,2026-07-27 09:02:51.027174+00:00,2026-07-27,train,True
374,scd_temp_c,stuck_value,duration_samples,80.0,0.0133514404296875,250930,251009,80,2026-09-15 09:08:37.377216+00:00,2026-09-15 09:48:07.383652+00:00,2026-09-15,train,False
375,scd_temp_c,stuck_value,duration_samples,80.0,0.0133514404296875,40013,40092,80,2026-07-01 23:14:13.967055+00:00,2026-07-01 23:53:43.973553+00:00,2026-07-02,train,True
376,scd_temp_c,stuck_value,duration_samples,80.0,0.0133514404296875,51595,51674,80,2026-07-05 23:47:10.442295+00:00,2026-07-06 00:26:40.448707+00:00,2026-07-06,train,True
377,scd_temp_c,stuck_value,duration_samples,80.0,0.0133514404296875,230462,230541,80,2026-09-06 11:20:18.352137+00:00,2026-09-06 11:59:48.361656+00:00,2026-09-06,test,False
378,scd_temp_c,stuck_value,duration_samples,80.0,0.0133514404296875,180112,180191,80,2026-08-19 23:45:14.041364+00:00,2026-08-20 00:24:44.047881+00:00,2026-08-20,test,False
379,scd_temp_c,stuck_value,duration_samples,80.0,0.0133514404296875,139597,139676,80,2026-08-05 13:13:19.668726+00:00,2026-08-05 13:52:49.675416+00:00,2026-08-05,test,False
380,scd_temp_c,stuck_value,duration_samples,80.0,0.0133514404296875,206429,206508,80,2026-08-29 03:03:46.274462+00:00,2026-08-29 03:43:16.281823+00:00,2026-08-29,test,True
381,scd_temp_c,stuck_value,duration_samples,80.0,0.0133514404296875,22284,22363,80,2026-06-25 18:36:18.739769+00:00,2026-06-25 19:15:48.746344+00:00,2026-06-25,train,False
382,scd_temp_c,stuck_value,duration_samples,80.0,0.0133514404296875,6500,6579,80,2026-06-20 03:37:13.035375+00:00,2026-06-20 04:16:43.041780+00:00,2026-06-20,train,False
383,scd_temp_c,stuck_value,duration_samples,80.0,0.0133514404296875,28945,29024,80,2026-06-28 02:24:46.935948+00:00,2026-06-28 03:04:16.942478+00:00,2026-06-28,train,True
384,bme_temp_c,gradual_shift,amplitude_mad_multiple,0.5,0.00999999999999801,103466,103525,60,2026-07-24 00:02:46.114423+00:00,2026-07-24 00:32:16.119380+00:00,2026-07-24,train,False
385,bme_temp_c,gradual_shift,amplitude_mad_multiple,0.5,0.00999999999999801,122995,123054,60,2026-07-30 18:47:57.679864+00:00,2026-07-30 19:17:27.684634+00:00,2026-07-30,train,False
386,bme_temp_c,gradual_shift,amplitude_mad_multiple,0.5,0.00999999999999801,107652,107711,60,2026-07-25 10:55:50.466131+00:00,2026-07-25 11:25:20.477695+00:00,2026-07-25,train,False
387,bme_temp_c,gradual_shift,amplitude_mad_multiple,0.5,0.00999999999999801,115513,115572,60,2026-07-28 04:26:56.762190+00:00,2026-07-28 04:56:26.767114+00:00,2026-07-28,train,False
388,bme_temp_c,gradual_shift,amplitude_mad_multiple,0.5,0.00999999999999801,29969,30028,60,2026-06-28 10:56:47.026762+00:00,2026-06-28 11:26:17.034898+00:00,2026-06-28,train,False
389,bme_temp_c,gradual_shift,amplitude_mad_multiple,0.5,0.00999999999999801,241731,241790,60,2026-09-10 09:14:49.323209+00:00,2026-09-10 09:44:19.327931+00:00,2026-09-10,train,False
390,bme_temp_c,gradual_shift,amplitude_mad_multiple,0.5,0.00999999999999801,159627,159686,60,2026-08-12 12:08:21.629222+00:00,2026-08-12 12:37:51.634045+00:00,2026-08-12,test,False
391,bme_temp_c,gradual_shift,amplitude_mad_multiple,0.5,0.00999999999999801,100561,100620,60,2026-07-22 23:50:14.864383+00:00,2026-07-23 00:19:44.869967+00:00,2026-07-23,test,False
392,bme_temp_c,gradual_shift,amplitude_mad_multiple,0.5,0.00999999999999801,134342,134401,60,2026-08-03 17:25:48.838415+00:00,2026-08-03 17:55:18.853059+00:00,2026-08-03,test,False
393,bme_temp_c,gradual_shift,amplitude_mad_multiple,0.5,0.00999999999999801,82519,82578,60,2026-07-16 17:29:13.252578+00:00,2026-07-16 17:58:43.258001+00:00,2026-07-16,test,False
394,bme_temp_c,gradual_shift,amplitude_mad_multiple,0.5,0.00999999999999801,223672,223731,60,2026-09-04 02:45:17.771727+00:00,2026-09-04 03:14:47.776551+00:00,2026-09-04,train,True
395,bme_temp_c,gradual_shift,amplitude_mad_multiple,0.5,0.00999999999999801,151279,151338,60,2026-08-09 14:34:20.809911+00:00,2026-08-09 15:03:50.815085+00:00,2026-08-09,train,False
396,bme_temp_c,gradual_shift,amplitude_mad_multiple,0.5,0.00999999999999801,130983,131042,60,2026-08-02 13:26:18.517354+00:00,2026-08-02 13:55:48.524657+00:00,2026-08-02,train,False
397,bme_temp_c,gradual_shift,amplitude_mad_multiple,0.5,0.00999999999999801,239151,239210,60,2026-09-09 11:44:49.103182+00:00,2026-09-09 12:14:19.111352+00:00,2026-09-09,train,False
398,bme_temp_c,gradual_shift,amplitude_mad_multiple,0.5,0.00999999999999801,213866,213925,60,2026-08-31 17:02:16.907307+00:00,2026-08-31 17:31:46.913545+00:00,2026-08-31,train,True
399,bme_temp_c,gradual_shift,amplitude_mad_multiple,0.5,0.00999999999999801,57072,57131,60,2026-07-07 21:25:40.921856+00:00,2026-07-07 21:55:10.926765+00:00,2026-07-08,train,False
400,bme_temp_c,gradual_shift,amplitude_mad_multiple,0.5,0.00999999999999801,40449,40508,60,2026-07-02 02:52:14.002811+00:00,2026-07-02 03:21:44.007693+00:00,2026-07-02,train,False
401,bme_temp_c,gradual_shift,amplitude_mad_multiple,0.5,0.00999999999999801,181220,181279,60,2026-08-20 08:59:14.135792+00:00,2026-08-20 09:28:44.140591+00:00,2026-08-20,test,True
402,bme_temp_c,gradual_shift,amplitude_mad_multiple,0.5,0.00999999999999801,123285,123344,60,2026-07-30 21:12:57.703880+00:00,2026-07-30 21:42:27.708964+00:00,2026-07-31,train,False
403,bme_temp_c,gradual_shift,amplitude_mad_multiple,1.0,0.00999999999999801,177929,177988,60,2026-08-19 05:33:43.858672+00:00,2026-08-19 06:03:13.863483+00:00,2026-08-19,train,False
404,bme_temp_c,gradual_shift,amplitude_mad_multiple,1.0,0.00999999999999801,197380,197439,60,2026-08-25 23:39:15.506157+00:00,2026-08-26 00:08:45.512687+00:00,2026-08-26,test,False
405,bme_temp_c,gradual_shift,amplitude_mad_multiple,1.0,0.00999999999999801,77335,77394,60,2026-07-14 22:17:12.809178+00:00,2026-07-14 22:46:42.813944+00:00,2026-07-15,test,False
406,bme_temp_c,gradual_shift,amplitude_mad_multiple,1.0,0.00999999999999801,76905,76964,60,2026-07-14 18:42:12.772679+00:00,2026-07-14 19:11:42.777679+00:00,2026-07-14,train,True
407,bme_temp_c,gradual_shift,amplitude_mad_multiple,1.0,0.00999999999999801,130250,130309,60,2026-08-02 07:19:48.431602+00:00,2026-08-02 07:49:18.436560+00:00,2026-08-02,train,False
408,bme_temp_c,gradual_shift,amplitude_mad_multiple,1.0,0.00999999999999801,72168,72227,60,2026-07-13 03:13:42.360711+00:00,2026-07-13 03:43:12.365479+00:00,2026-07-13,train,False
409,bme_temp_c,gradual_shift,amplitude_mad_multiple,1.0,0.00999999999999801,176817,176876,60,2026-08-18 20:17:43.658466+00:00,2026-08-18 20:47:13.674984+00:00,2026-08-18,train,False
410,bme_temp_c,gradual_shift,amplitude_mad_multiple,1.0,0.00999999999999801,196261,196320,60,2026-08-25 14:19:45.404938+00:00,2026-08-25 14:49:15.409683+00:00,2026-08-25,train,False
411,bme_temp_c,gradual_shift,amplitude_mad_multiple,1.0,0.00999999999999801,123537,123596,60,2026-07-30 23:18:57.726507+00:00,2026-07-30 23:48:27.731376+00:00,2026-07-31,train,False
412,bme_temp_c,gradual_shift,amplitude_mad_multiple,1.0,0.00999999999999801,190703,190762,60,2026-08-23 16:00:44.931174+00:00,2026-08-23 16:30:14.935976+00:00,2026-08-23,train,False
413,bme_temp_c,gradual_shift,amplitude_mad_multiple,1.0,0.00999999999999801,132149,132208,60,2026-08-02 23:09:18.621290+00:00,2026-08-02 23:38:48.626267+00:00,2026-08-03,test,False
414,bme_temp_c,gradual_shift,amplitude_mad_multiple,1.0,0.00999999999999801,188140,188199,60,2026-08-22 18:39:14.714403+00:00,2026-08-22 19:08:44.719131+00:00,2026-08-22,train,True
415,bme_temp_c,gradual_shift,amplitude_mad_multiple,1.0,0.00999999999999801,57470,57529,60,2026-07-08 00:44:40.954756+00:00,2026-07-08 01:14:10.959533+00:00,2026-07-08,train,True
416,bme_temp_c,gradual_shift,amplitude_mad_multiple,1.0,0.00999999999999801,192238,192297,60,2026-08-24 04:48:15.061282+00:00,2026-08-24 05:17:45.068977+00:00,2026-08-24,test,False
417,bme_temp_c,gradual_shift,amplitude_mad_multiple,1.0,0.00999999999999801,187525,187584,60,2026-08-22 13:31:44.662868+00:00,2026-08-22 14:01:14.667713+00:00,2026-08-22,train,False
418,bme_temp_c,gradual_shift,amplitude_mad_multiple,1.0,0.00999999999999801,68660,68719,60,2026-07-11 21:59:42.063292+00:00,2026-07-11 22:29:12.068184+00:00,2026-07-12,test,False
419,bme_temp_c,gradual_shift,amplitude_mad_multiple,1.0,0.00999999999999801,147441,147500,60,2026-08-08 06:35:20.434103+00:00,2026-08-08 07:04:50.438935+00:00,2026-08-08,train,False
420,bme_temp_c,gradual_shift,amplitude_mad_multiple,1.0,0.00999999999999801,223991,224050,60,2026-09-04 05:24:47.797894+00:00,2026-09-04 05:54:17.802737+00:00,2026-09-04,train,False
421,bme_temp_c,gradual_shift,amplitude_mad_multiple,1.0,0.00999999999999801,65207,65266,60,2026-07-10 17:13:11.768328+00:00,2026-07-10 17:42:41.773201+00:00,2026-07-10,test,False
422,bme_temp_c,gradual_shift,amplitude_mad_multiple,1.0,0.00999999999999801,193046,193105,60,2026-08-24 11:32:15.134642+00:00,2026-08-24 12:01:45.139558+00:00,2026-08-24,test,False
423,bme_temp_c,gradual_shift,amplitude_mad_multiple,2.0,0.00999999999999801,251681,251740,60,2026-09-15 15:24:07.439036+00:00,2026-09-15 15:53:37.443842+00:00,2026-09-15,train,True
424,bme_temp_c,gradual_shift,amplitude_mad_multiple,2.0,0.00999999999999801,228115,228174,60,2026-09-05 15:46:48.151360+00:00,2026-09-05 16:16:18.156198+00:00,2026-09-05,test,True
425,bme_temp_c,gradual_shift,amplitude_mad_multiple,2.0,0.00999999999999801,103276,103335,60,2026-07-23 22:27:46.098413+00:00,2026-07-23 22:57:16.103425+00:00,2026-07-24,train,False
426,bme_temp_c,gradual_shift,amplitude_mad_multiple,2.0,0.00999999999999801,159968,160027,60,2026-08-12 14:58:51.663638+00:00,2026-08-12 15:28:21.668587+00:00,2026-08-12,test,True
427,bme_temp_c,gradual_shift,amplitude_mad_multiple,2.0,0.00999999999999801,262915,262974,60,2026-09-19 13:01:08.417166+00:00,2026-09-19 13:30:38.421979+00:00,2026-09-19,test,False
428,bme_temp_c,gradual_shift,amplitude_mad_multiple,2.0,0.00999999999999801,150795,150854,60,2026-08-09 10:32:20.762720+00:00,2026-08-09 11:01:50.767959+00:00,2026-08-09,train,False
429,bme_temp_c,gradual_shift,amplitude_mad_multiple,2.0,0.00999999999999801,28316,28375,60,2026-06-27 21:10:16.876768+00:00,2026-06-27 21:39:46.881750+00:00,2026-06-28,train,False
430,bme_temp_c,gradual_shift,amplitude_mad_multiple,2.0,0.00999999999999801,14002,14061,60,2026-06-22 18:17:21.418660+00:00,2026-06-22 18:46:51.423365+00:00,2026-06-22,test,True
431,bme_temp_c,gradual_shift,amplitude_mad_multiple,2.0,0.00999999999999801,206435,206494,60,2026-08-29 03:06:46.274925+00:00,2026-08-29 03:36:16.280678+00:00,2026-08-29,test,True
432,bme_temp_c,gradual_shift,amplitude_mad_multiple,2.0,0.00999999999999801,110225,110284,60,2026-07-26 08:22:20.781518+00:00,2026-07-26 08:51:50.786379+00:00,2026-07-26,test,True
433,bme_temp_c,gradual_shift,amplitude_mad_multiple,2.0,0.00999999999999801,63973,64032,60,2026-07-10 06:56:11.661437+00:00,2026-07-10 07:25:41.666348+00:00,2026-07-10,test,False
434,bme_temp_c,gradual_shift,amplitude_mad_multiple,2.0,0.00999999999999801,90660,90719,60,2026-07-19 13:19:43.973608+00:00,2026-07-19 13:49:13.979426+00:00,2026-07-19,train,False
435,bme_temp_c,gradual_shift,amplitude_mad_multiple,2.0,0.00999999999999801,123176,123235,60,2026-07-30 20:18:27.694767+00:00,2026-07-30 20:47:57.699694+00:00,2026-07-30,train,True
436,bme_temp_c,gradual_shift,amplitude_mad_multiple,2.0,0.00999999999999801,191314,191373,60,2026-08-23 21:06:14.981237+00:00,2026-08-23 21:35:44.986022+00:00,2026-08-24,test,True
437,bme_temp_c,gradual_shift,amplitude_mad_multiple,2.0,0.00999999999999801,257306,257365,60,2026-09-17 14:16:37.923002+00:00,2026-09-17 14:46:07.927820+00:00,2026-09-17,train,False
438,bme_temp_c,gradual_shift,amplitude_mad_multiple,2.0,0.00999999999999801,234185,234244,60,2026-09-07 18:21:48.665589+00:00,2026-09-07 18:51:18.670801+00:00,2026-09-07,test,True
439,bme_temp_c,gradual_shift,amplitude_mad_multiple,2.0,0.00999999999999801,65699,65758,60,2026-07-10 21:19:11.809613+00:00,2026-07-10 21:48:41.814331+00:00,2026-07-11,train,True
440,bme_temp_c,gradual_shift,amplitude_mad_multiple,2.0,0.00999999999999801,3593,3652,60,2026-06-19 03:23:42.799214+00:00,2026-06-19 03:53:12.804042+00:00,2026-06-19,test,False
441,bme_temp_c,gradual_shift,amplitude_mad_multiple,2.0,0.00999999999999801,262018,262077,60,2026-09-19 05:32:38.339755+00:00,2026-09-19 06:02:08.346944+00:00,2026-09-19,test,True
442,bme_temp_c,gradual_shift,amplitude_mad_multiple,4.0,0.00999999999999801,70387,70446,60,2026-07-12 12:23:12.213262+00:00,2026-07-12 12:52:42.218178+00:00,2026-07-12,test,True
443,bme_temp_c,gradual_shift,amplitude_mad_multiple,4.0,0.00999999999999801,175672,175731,60,2026-08-18 01:51:11.477312+00:00,2026-08-18 02:20:41.486988+00:00,2026-08-18,train,False
444,bme_temp_c,gradual_shift,amplitude_mad_multiple,4.0,0.00999999999999801,224619,224678,60,2026-09-04 10:38:47.850783+00:00,2026-09-04 11:08:17.857274+00:00,2026-09-04,train,False
445,bme_temp_c,gradual_shift,amplitude_mad_multiple,4.0,0.00999999999999801,40661,40720,60,2026-07-02 04:38:14.020234+00:00,2026-07-02 05:07:44.025086+00:00,2026-07-02,train,False
446,bme_temp_c,gradual_shift,amplitude_mad_multiple,4.0,0.00999999999999801,223233,223292,60,2026-09-03 23:05:47.730475+00:00,2026-09-03 23:35:17.735224+00:00,2026-09-04,train,False
447,bme_temp_c,gradual_shift,amplitude_mad_multiple,4.0,0.00999999999999801,4679,4738,60,2026-06-19 12:26:42.887521+00:00,2026-06-19 12:56:12.892326+00:00,2026-06-19,test,False
448,bme_temp_c,gradual_shift,amplitude_mad_multiple,4.0,0.00999999999999801,115333,115392,60,2026-07-28 02:56:56.746350+00:00,2026-07-28 03:26:26.752029+00:00,2026-07-28,train,False
449,bme_temp_c,gradual_shift,amplitude_mad_multiple,4.0,0.00999999999999801,123776,123835,60,2026-07-31 01:18:27.746281+00:00,2026-07-31 01:47:57.751122+00:00,2026-07-31,train,True
450,bme_temp_c,gradual_shift,amplitude_mad_multiple,4.0,0.00999999999999801,98000,98059,60,2026-07-22 02:29:44.624625+00:00,2026-07-22 02:59:14.629390+00:00,2026-07-22,train,True
451,bme_temp_c,gradual_shift,amplitude_mad_multiple,4.0,0.00999999999999801,153951,154010,60,2026-08-10 12:50:21.066287+00:00,2026-08-10 13:19:51.073962+00:00,2026-08-10,train,False
452,bme_temp_c,gradual_shift,amplitude_mad_multiple,4.0,0.00999999999999801,240453,240512,60,2026-09-09 22:35:49.215723+00:00,2026-09-09 23:05:19.220474+00:00,2026-09-10,train,False
453,bme_temp_c,gradual_shift,amplitude_mad_multiple,4.0,0.00999999999999801,86566,86625,60,2026-07-18 03:12:43.606131+00:00,2026-07-18 03:42:13.611001+00:00,2026-07-18,train,False
454,bme_temp_c,gradual_shift,amplitude_mad_multiple,4.0,0.00999999999999801,153554,153613,60,2026-08-10 09:31:51.030528+00:00,2026-08-10 10:01:21.035330+00:00,2026-08-10,train,True
455,bme_temp_c,gradual_shift,amplitude_mad_multiple,4.0,0.00999999999999801,231334,231393,60,2026-09-06 18:36:18.426725+00:00,2026-09-06 19:05:48.431561+00:00,2026-09-06,test,False
456,bme_temp_c,gradual_shift,amplitude_mad_multiple,4.0,0.00999999999999801,203383,203442,60,2026-08-28 01:40:46.015150+00:00,2026-08-28 02:10:16.022134+00:00,2026-08-28,train,False
457,bme_temp_c,gradual_shift,amplitude_mad_multiple,4.0,0.00999999999999801,11122,11181,60,2026-06-21 18:08:13.408894+00:00,2026-06-21 18:37:43.413673+00:00,2026-06-21,train,False
458,bme_temp_c,gradual_shift,amplitude_mad_multiple,4.0,0.00999999999999801,246728,246787,60,2026-09-12 02:53:19.755031+00:00,2026-09-12 03:22:49.759798+00:00,2026-09-12,train,False
459,bme_temp_c,gradual_shift,amplitude_mad_multiple,4.0,0.00999999999999801,13373,13432,60,2026-06-22 13:02:51.367617+00:00,2026-06-22 13:32:21.372445+00:00,2026-06-22,test,False
460,bme_temp_c,gradual_shift,amplitude_mad_multiple,4.0,0.00999999999999801,157438,157497,60,2026-08-11 17:53:51.426216+00:00,2026-08-11 18:23:21.431190+00:00,2026-08-11,train,False
461,bme_temp_c,gradual_shift,amplitude_mad_multiple,4.0,0.00999999999999801,205729,205788,60,2026-08-28 21:13:46.216998+00:00,2026-08-28 21:43:16.221738+00:00,2026-08-29,test,False
462,bme_temp_c,gradual_shift,amplitude_mad_multiple,8.0,0.00999999999999801,197638,197697,60,2026-08-26 01:48:15.530062+00:00,2026-08-26 02:17:45.534978+00:00,2026-08-26,test,False
463,bme_temp_c,gradual_shift,amplitude_mad_multiple,8.0,0.00999999999999801,125050,125109,60,2026-07-31 11:59:47.970866+00:00,2026-07-31 12:29:17.982474+00:00,2026-07-31,train,False
464,bme_temp_c,gradual_shift,amplitude_mad_multiple,8.0,0.00999999999999801,193856,193915,60,2026-08-24 18:17:15.206090+00:00,2026-08-24 18:46:45.211041+00:00,2026-08-24,test,False
465,bme_temp_c,gradual_shift,amplitude_mad_multiple,8.0,0.00999999999999801,55101,55160,60,2026-07-07 05:00:10.747289+00:00,2026-07-07 05:29:40.752152+00:00,2026-07-07,train,False
466,bme_temp_c,gradual_shift,amplitude_mad_multiple,8.0,0.00999999999999801,255913,255972,60,2026-09-17 02:40:07.799615+00:00,2026-09-17 03:09:37.804491+00:00,2026-09-17,train,False
467,bme_temp_c,gradual_shift,amplitude_mad_multiple,8.0,0.00999999999999801,118506,118565,60,2026-07-29 05:23:27.064886+00:00,2026-07-29 05:52:57.069851+00:00,2026-07-29,train,True
468,bme_temp_c,gradual_shift,amplitude_mad_multiple,8.0,0.00999999999999801,57304,57363,60,2026-07-07 23:21:40.941043+00:00,2026-07-07 23:51:10.945933+00:00,2026-07-08,train,False
469,bme_temp_c,gradual_shift,amplitude_mad_multiple,8.0,0.00999999999999801,89106,89165,60,2026-07-19 00:22:43.831390+00:00,2026-07-19 00:52:13.836316+00:00,2026-07-19,train,False
470,bme_temp_c,gradual_shift,amplitude_mad_multiple,8.0,0.00999999999999801,261526,261585,60,2026-09-19 01:26:38.294338+00:00,2026-09-19 01:56:08.299205+00:00,2026-09-19,test,False
471,bme_temp_c,gradual_shift,amplitude_mad_multiple,8.0,0.00999999999999801,77946,78005,60,2026-07-15 03:22:42.860554+00:00,2026-07-15 03:52:12.865440+00:00,2026-07-15,test,False
472,bme_temp_c,gradual_shift,amplitude_mad_multiple,8.0,0.00999999999999801,5742,5801,60,2026-06-19 21:18:12.973750+00:00,2026-06-19 21:47:42.978516+00:00,2026-06-20,train,False
473,bme_temp_c,gradual_shift,amplitude_mad_multiple,8.0,0.00999999999999801,135427,135486,60,2026-08-04 02:28:18.988190+00:00,2026-08-04 02:57:48.994939+00:00,2026-08-04,train,False
474,bme_temp_c,gradual_shift,amplitude_mad_multiple,8.0,0.00999999999999801,20794,20853,60,2026-06-25 06:11:18.617458+00:00,2026-06-25 06:40:48.622326+00:00,2026-06-25,train,True
475,bme_temp_c,gradual_shift,amplitude_mad_multiple,8.0,0.00999999999999801,72617,72676,60,2026-07-13 06:58:12.400907+00:00,2026-07-13 07:27:42.406659+00:00,2026-07-13,train,False
476,bme_temp_c,gradual_shift,amplitude_mad_multiple,8.0,0.00999999999999801,261858,261917,60,2026-09-19 04:12:38.326637+00:00,2026-09-19 04:42:08.331476+00:00,2026-09-19,test,False
477,bme_temp_c,gradual_shift,amplitude_mad_multiple,8.0,0.00999999999999801,184829,184888,60,2026-08-21 15:03:44.432809+00:00,2026-08-21 15:33:14.437658+00:00,2026-08-21,train,True
478,bme_temp_c,spike,amplitude_mad_multiple,0.5,0.00999999999999801,12900,12900,1,2026-06-22 08:57:13.557856+00:00,2026-06-22 08:57:13.557856+00:00,2026-06-22,test,False
479,bme_temp_c,spike,amplitude_mad_multiple,0.5,0.00999999999999801,132385,132385,1,2026-08-03 01:07:18.641163+00:00,2026-08-03 01:07:18.641163+00:00,2026-08-03,test,False
480,bme_temp_c,spike,amplitude_mad_multiple,0.5,0.00999999999999801,33894,33894,1,2026-06-29 19:40:42.291218+00:00,2026-06-29 19:40:42.291218+00:00,2026-06-29,test,False
481,bme_temp_c,spike,amplitude_mad_multiple,0.5,0.00999999999999801,10042,10042,1,2026-06-21 09:08:13.321389+00:00,2026-06-21 09:08:13.321389+00:00,2026-06-21,train,False
482,bme_temp_c,spike,amplitude_mad_multiple,0.5,0.00999999999999801,194968,194968,1,2026-08-25 03:33:15.298825+00:00,2026-08-25 03:33:15.298825+00:00,2026-08-25,train,False
483,bme_temp_c,spike,amplitude_mad_multiple,0.5,0.00999999999999801,49091,49091,1,2026-07-05 02:55:10.237296+00:00,2026-07-05 02:55:10.237296+00:00,2026-07-05,train,False
484,bme_temp_c,spike,amplitude_mad_multiple,0.5,0.00999999999999801,242326,242326,1,2026-09-10 14:12:19.374262+00:00,2026-09-10 14:12:19.374262+00:00,2026-09-10,train,False
485,bme_temp_c,spike,amplitude_mad_multiple,0.5,0.00999999999999801,175559,175559,1,2026-08-18 00:54:41.467213+00:00,2026-08-18 00:54:41.467213+00:00,2026-08-18,train,False
486,bme_temp_c,spike,amplitude_mad_multiple,0.5,0.00999999999999801,222878,222878,1,2026-09-03 20:08:17.701326+00:00,2026-09-03 20:08:17.701326+00:00,2026-09-03,train,False
487,bme_temp_c,spike,amplitude_mad_multiple,0.5,0.00999999999999801,13067,13067,1,2026-06-22 10:20:43.571399+00:00,2026-06-22 10:20:43.571399+00:00,2026-06-22,test,False
488,bme_temp_c,spike,amplitude_mad_multiple,0.5,0.00999999999999801,191144,191144,1,2026-08-23 19:41:14.967336+00:00,2026-08-23 19:41:14.967336+00:00,2026-08-23,train,False
489,bme_temp_c,spike,amplitude_mad_multiple,0.5,0.00999999999999801,79667,79667,1,2026-07-15 17:43:13.007088+00:00,2026-07-15 17:43:13.007088+00:00,2026-07-15,test,False
490,bme_temp_c,spike,amplitude_mad_multiple,0.5,0.00999999999999801,63023,63023,1,2026-07-09 23:01:11.582709+00:00,2026-07-09 23:01:11.582709+00:00,2026-07-10,test,False
491,bme_temp_c,spike,amplitude_mad_multiple,0.5,0.00999999999999801,243368,243368,1,2026-09-10 22:53:19.460923+00:00,2026-09-10 22:53:19.460923+00:00,2026-09-11,test,False
492,bme_temp_c,spike,amplitude_mad_multiple,0.5,0.00999999999999801,40144,40144,1,2026-07-02 00:19:43.977831+00:00,2026-07-02 00:19:43.977831+00:00,2026-07-02,train,False
493,bme_temp_c,spike,amplitude_mad_multiple,0.5,0.00999999999999801,117079,117079,1,2026-07-28 17:29:56.894446+00:00,2026-07-28 17:29:56.894446+00:00,2026-07-28,train,False
494,bme_temp_c,spike,amplitude_mad_multiple,0.5,0.00999999999999801,230648,230648,1,2026-09-06 12:53:18.370500+00:00,2026-09-06 12:53:18.370500+00:00,2026-09-06,test,False
495,bme_temp_c,spike,amplitude_mad_multiple,0.5,0.00999999999999801,32476,32476,1,2026-06-29 07:50:17.264880+00:00,2026-06-29 07:50:17.264880+00:00,2026-06-29,test,False
496,bme_temp_c,spike,amplitude_mad_multiple,0.5,0.00999999999999801,91895,91895,1,2026-07-19 23:37:14.087987+00:00,2026-07-19 23:37:14.087987+00:00,2026-07-20,test,False
497,bme_temp_c,spike,amplitude_mad_multiple,1.0,0.00999999999999801,140370,140370,1,2026-08-05 19:39:49.734077+00:00,2026-08-05 19:39:49.734077+00:00,2026-08-05,test,False
498,bme_temp_c,spike,amplitude_mad_multiple,1.0,0.00999999999999801,117302,117302,1,2026-07-28 19:21:26.913041+00:00,2026-07-28 19:21:26.913041+00:00,2026-07-28,train,False
499,bme_temp_c,spike,amplitude_mad_multiple,1.0,0.00999999999999801,190078,190078,1,2026-08-23 10:48:14.879607+00:00,2026-08-23 10:48:14.879607+00:00,2026-08-23,train,True
500,bme_temp_c,spike,amplitude_mad_multiple,1.0,0.00999999999999801,133682,133682,1,2026-08-03 11:55:48.755136+00:00,2026-08-03 11:55:48.755136+00:00,2026-08-03,test,False
501,bme_temp_c,spike,amplitude_mad_multiple,1.0,0.00999999999999801,199649,199649,1,2026-08-26 18:33:45.695622+00:00,2026-08-26 18:33:45.695622+00:00,2026-08-26,test,False
502,bme_temp_c,spike,amplitude_mad_multiple,1.0,0.00999999999999801,182753,182753,1,2026-08-20 21:45:44.260440+00:00,2026-08-20 21:45:44.260440+00:00,2026-08-21,train,False
503,bme_temp_c,spike,amplitude_mad_multiple,1.0,0.00999999999999801,236360,236360,1,2026-09-08 12:29:18.858703+00:00,2026-09-08 12:29:18.858703+00:00,2026-09-08,train,False
504,bme_temp_c,spike,amplitude_mad_multiple,1.0,0.00999999999999801,158841,158841,1,2026-08-12 05:35:21.557705+00:00,2026-08-12 05:35:21.557705+00:00,2026-08-12,test,False
505,bme_temp_c,spike,amplitude_mad_multiple,1.0,0.00999999999999801,52538,52538,1,2026-07-06 07:38:40.527529+00:00,2026-07-06 07:38:40.527529+00:00,2026-07-06,train,False
506,bme_temp_c,spike,amplitude_mad_multiple,1.0,0.00999999999999801,198255,198255,1,2026-08-26 06:56:45.580614+00:00,2026-08-26 06:56:45.580614+00:00,2026-08-26,test,False
507,bme_temp_c,spike,amplitude_mad_multiple,1.0,0.00999999999999801,5590,5590,1,2026-06-19 20:02:12.961477+00:00,2026-06-19 20:02:12.961477+00:00,2026-06-19,test,False
508,bme_temp_c,spike,amplitude_mad_multiple,1.0,0.00999999999999801,217070,217070,1,2026-09-01 19:44:17.191484+00:00,2026-09-01 19:44:17.191484+00:00,2026-09-01,train,False
509,bme_temp_c,spike,amplitude_mad_multiple,1.0,0.00999999999999801,162849,162849,1,2026-08-13 14:59:21.953529+00:00,2026-08-13 14:59:21.953529+00:00,2026-08-13,train,False
510,bme_temp_c,spike,amplitude_mad_multiple,1.0,0.00999999999999801,128270,128270,1,2026-08-01 14:49:48.265645+00:00,2026-08-01 14:49:48.265645+00:00,2026-08-01,test,False
511,bme_temp_c,spike,amplitude_mad_multiple,1.0,0.00999999999999801,146301,146301,1,2026-08-07 21:05:20.328012+00:00,2026-08-07 21:05:20.328012+00:00,2026-08-08,train,False
512,bme_temp_c,spike,amplitude_mad_multiple,1.0,0.00999999999999801,254801,254801,1,2026-09-16 17:24:07.703660+00:00,2026-09-16 17:24:07.703660+00:00,2026-09-16,train,False
513,bme_temp_c,spike,amplitude_mad_multiple,1.0,0.00999999999999801,87300,87300,1,2026-07-18 09:19:43.672313+00:00,2026-07-18 09:19:43.672313+00:00,2026-07-18,train,False
514,bme_temp_c,spike,amplitude_mad_multiple,1.0,0.00999999999999801,67805,67805,1,2026-07-11 14:52:11.989612+00:00,2026-07-11 14:52:11.989612+00:00,2026-07-11,train,False
515,bme_temp_c,spike,amplitude_mad_multiple,2.0,0.00999999999999801,107233,107233,1,2026-07-25 07:26:20.431275+00:00,2026-07-25 07:26:20.431275+00:00,2026-07-25,train,False
516,bme_temp_c,spike,amplitude_mad_multiple,2.0,0.00999999999999801,211424,211424,1,2026-08-30 20:41:16.694231+00:00,2026-08-30 20:41:16.694231+00:00,2026-08-30,train,True
517,bme_temp_c,spike,amplitude_mad_multiple,2.0,0.00999999999999801,200947,200947,1,2026-08-27 05:22:45.808245+00:00,2026-08-27 05:22:45.808245+00:00,2026-08-27,train,False
518,bme_temp_c,spike,amplitude_mad_multiple,2.0,0.00999999999999801,65363,65363,1,2026-07-10 18:31:11.781303+00:00,2026-07-10 18:31:11.781303+00:00,2026-07-10,test,False
519,bme_temp_c,spike,amplitude_mad_multiple,2.0,0.00999999999999801,106249,106249,1,2026-07-24 23:14:20.279833+00:00,2026-07-24 23:14:20.279833+00:00,2026-07-25,train,False
520,bme_temp_c,spike,amplitude_mad_multiple,2.0,0.00999999999999801,104685,104685,1,2026-07-24 10:12:16.217625+00:00,2026-07-24 10:12:16.217625+00:00,2026-07-24,train,True
521,bme_temp_c,spike,amplitude_mad_multiple,2.0,0.00999999999999801,220431,220431,1,2026-09-02 23:44:47.494721+00:00,2026-09-02 23:44:47.494721+00:00,2026-09-03,train,False
522,bme_temp_c,spike,amplitude_mad_multiple,2.0,0.00999999999999801,69632,69632,1,2026-07-12 06:05:42.146337+00:00,2026-07-12 06:05:42.146337+00:00,2026-07-12,test,False
523,bme_temp_c,spike,amplitude_mad_multiple,2.0,0.00999999999999801,216450,216450,1,2026-09-01 14:34:17.139702+00:00,2026-09-01 14:34:17.139702+00:00,2026-09-01,train,False
524,bme_temp_c,spike,amplitude_mad_multiple,2.0,0.00999999999999801,27170,27170,1,2026-06-27 11:37:16.771616+00:00,2026-06-27 11:37:16.771616+00:00,2026-06-27,train,False
525,bme_temp_c,spike,amplitude_mad_multiple,2.0,0.00999999999999801,28932,28932,1,2026-06-28 02:18:16.934852+00:00,2026-06-28 02:18:16.934852+00:00,2026-06-28,train,True
526,bme_temp_c,spike,amplitude_mad_multiple,2.0,0.00999999999999801,26293,26293,1,2026-06-27 04:18:46.694129+00:00,2026-06-27 04:18:46.694129+00:00,2026-06-27,train,False
527,bme_temp_c,spike,amplitude_mad_multiple,2.0,0.00999999999999801,131070,131070,1,2026-08-02 14:09:48.530654+00:00,2026-08-02 14:09:48.530654+00:00,2026-08-02,train,False
528,bme_temp_c,spike,amplitude_mad_multiple,2.0,0.00999999999999801,66883,66883,1,2026-07-11 07:11:11.908519+00:00,2026-07-11 07:11:11.908519+00:00,2026-07-11,train,False
529,bme_temp_c,spike,amplitude_mad_multiple,2.0,0.00999999999999801,42946,42946,1,2026-07-02 23:40:44.212591+00:00,2026-07-02 23:40:44.212591+00:00,2026-07-03,train,False
530,bme_temp_c,spike,amplitude_mad_multiple,2.0,0.00999999999999801,260195,260195,1,2026-09-18 14:21:08.178119+00:00,2026-09-18 14:21:08.178119+00:00,2026-09-18,train,False
531,bme_temp_c,spike,amplitude_mad_multiple,2.0,0.00999999999999801,78367,78367,1,2026-07-15 06:53:12.895732+00:00,2026-07-15 06:53:12.895732+00:00,2026-07-15,test,False
532,bme_temp_c,spike,amplitude_mad_multiple,2.0,0.00999999999999801,225690,225690,1,2026-09-04 19:34:17.940844+00:00,2026-09-04 19:34:17.940844+00:00,2026-09-04,train,False
533,bme_temp_c,spike,amplitude_mad_multiple,2.0,0.00999999999999801,154379,154379,1,2026-08-10 16:24:21.112673+00:00,2026-08-10 16:24:21.112673+00:00,2026-08-10,train,True
534,bme_temp_c,spike,amplitude_mad_multiple,2.0,0.00999999999999801,72137,72137,1,2026-07-13 02:58:12.358215+00:00,2026-07-13 02:58:12.358215+00:00,2026-07-13,train,False
535,bme_temp_c,spike,amplitude_mad_multiple,4.0,0.00999999999999801,4061,4061,1,2026-06-19 07:17:42.837283+00:00,2026-06-19 07:17:42.837283+00:00,2026-06-19,test,False
536,bme_temp_c,spike,amplitude_mad_multiple,4.0,0.00999999999999801,3406,3406,1,2026-06-19 01:50:12.784005+00:00,2026-06-19 01:50:12.784005+00:00,2026-06-19,test,False
537,bme_temp_c,spike,amplitude_mad_multiple,4.0,0.00999999999999801,262841,262841,1,2026-09-19 12:24:08.411015+00:00,2026-09-19 12:24:08.411015+00:00,2026-09-19,test,False
538,bme_temp_c,spike,amplitude_mad_multiple,4.0,0.00999999999999801,153118,153118,1,2026-08-10 05:53:50.992035+00:00,2026-08-10 05:53:50.992035+00:00,2026-08-10,train,False
539,bme_temp_c,spike,amplitude_mad_multiple,4.0,0.00999999999999801,99356,99356,1,2026-07-22 13:47:44.762032+00:00,2026-07-22 13:47:44.762032+00:00,2026-07-22,train,False
540,bme_temp_c,spike,amplitude_mad_multiple,4.0,0.00999999999999801,178655,178655,1,2026-08-19 11:36:43.920718+00:00,2026-08-19 11:36:43.920718+00:00,2026-08-19,train,False
541,bme_temp_c,spike,amplitude_mad_multiple,4.0,0.00999999999999801,166107,166107,1,2026-08-14 18:08:22.401313+00:00,2026-08-14 18:08:22.401313+00:00,2026-08-14,train,False
542,bme_temp_c,spike,amplitude_mad_multiple,4.0,0.00999999999999801,152695,152695,1,2026-08-10 02:22:20.954364+00:00,2026-08-10 02:22:20.954364+00:00,2026-08-10,train,False
543,bme_temp_c,spike,amplitude_mad_multiple,4.0,0.00999999999999801,118257,118257,1,2026-07-29 03:18:57.043808+00:00,2026-07-29 03:18:57.043808+00:00,2026-07-29,train,False
544,bme_temp_c,spike,amplitude_mad_multiple,4.0,0.00999999999999801,33838,33838,1,2026-06-29 19:11:17.399654+00:00,2026-06-29 19:11:17.399654+00:00,2026-06-29,test,False
545,bme_temp_c,spike,amplitude_mad_multiple,4.0,0.00999999999999801,88107,88107,1,2026-07-18 16:03:13.746037+00:00,2026-07-18 16:03:13.746037+00:00,2026-07-18,train,False
546,bme_temp_c,spike,amplitude_mad_multiple,4.0,0.00999999999999801,102096,102096,1,2026-07-23 12:37:44.993482+00:00,2026-07-23 12:37:44.993482+00:00,2026-07-23,test,False
547,bme_temp_c,spike,amplitude_mad_multiple,4.0,0.00999999999999801,187898,187898,1,2026-08-22 16:38:14.694023+00:00,2026-08-22 16:38:14.694023+00:00,2026-08-22,train,False
548,bme_temp_c,spike,amplitude_mad_multiple,4.0,0.00999999999999801,53418,53418,1,2026-07-06 14:58:40.602269+00:00,2026-07-06 14:58:40.602269+00:00,2026-07-06,train,False
549,bme_temp_c,spike,amplitude_mad_multiple,4.0,0.00999999999999801,193111,193111,1,2026-08-24 12:04:45.140047+00:00,2026-08-24 12:04:45.140047+00:00,2026-08-24,test,False
550,bme_temp_c,spike,amplitude_mad_multiple,4.0,0.00999999999999801,25459,25459,1,2026-06-26 21:21:46.624275+00:00,2026-06-26 21:21:46.624275+00:00,2026-06-27,train,True
551,bme_temp_c,spike,amplitude_mad_multiple,4.0,0.00999999999999801,77255,77255,1,2026-07-14 21:37:12.801925+00:00,2026-07-14 21:37:12.801925+00:00,2026-07-15,test,False
552,bme_temp_c,spike,amplitude_mad_multiple,4.0,0.00999999999999801,240759,240759,1,2026-09-10 01:08:49.240548+00:00,2026-09-10 01:08:49.240548+00:00,2026-09-10,train,False
553,bme_temp_c,spike,amplitude_mad_multiple,4.0,0.00999999999999801,196084,196084,1,2026-08-25 12:51:15.390523+00:00,2026-08-25 12:51:15.390523+00:00,2026-08-25,train,False
554,bme_temp_c,spike,amplitude_mad_multiple,4.0,0.00999999999999801,262806,262806,1,2026-09-19 12:06:38.408152+00:00,2026-09-19 12:06:38.408152+00:00,2026-09-19,test,False
555,bme_temp_c,spike,amplitude_mad_multiple,8.0,0.00999999999999801,133403,133403,1,2026-08-03 09:36:18.730910+00:00,2026-08-03 09:36:18.730910+00:00,2026-08-03,test,False
556,bme_temp_c,spike,amplitude_mad_multiple,8.0,0.00999999999999801,137415,137415,1,2026-08-04 19:02:19.363003+00:00,2026-08-04 19:02:19.363003+00:00,2026-08-04,train,False
557,bme_temp_c,spike,amplitude_mad_multiple,8.0,0.00999999999999801,35777,35777,1,2026-06-30 11:23:51.126197+00:00,2026-06-30 11:23:51.126197+00:00,2026-06-30,train,False
558,bme_temp_c,spike,amplitude_mad_multiple,8.0,0.00999999999999801,253914,253914,1,2026-09-16 10:00:37.630375+00:00,2026-09-16 10:00:37.630375+00:00,2026-09-16,train,False
559,bme_temp_c,spike,amplitude_mad_multiple,8.0,0.00999999999999801,66882,66882,1,2026-07-11 07:10:41.908438+00:00,2026-07-11 07:10:41.908438+00:00,2026-07-11,train,False
560,bme_temp_c,spike,amplitude_mad_multiple,8.0,0.00999999999999801,87883,87883,1,2026-07-18 14:11:13.726478+00:00,2026-07-18 14:11:13.726478+00:00,2026-07-18,train,False
561,bme_temp_c,spike,amplitude_mad_multiple,8.0,0.00999999999999801,86212,86212,1,2026-07-18 00:15:43.559981+00:00,2026-07-18 00:15:43.559981+00:00,2026-07-18,train,False
562,bme_temp_c,spike,amplitude_mad_multiple,8.0,0.00999999999999801,225674,225674,1,2026-09-04 19:26:17.939495+00:00,2026-09-04 19:26:17.939495+00:00,2026-09-04,train,False
563,bme_temp_c,spike,amplitude_mad_multiple,8.0,0.00999999999999801,190483,190483,1,2026-08-23 14:10:44.913011+00:00,2026-08-23 14:10:44.913011+00:00,2026-08-23,train,False
564,bme_temp_c,spike,amplitude_mad_multiple,8.0,0.00999999999999801,214205,214205,1,2026-08-31 19:51:46.936546+00:00,2026-08-31 19:51:46.936546+00:00,2026-08-31,train,False
565,bme_temp_c,spike,amplitude_mad_multiple,8.0,0.00999999999999801,17761,17761,1,2026-06-24 01:36:51.724176+00:00,2026-06-24 01:36:51.724176+00:00,2026-06-24,train,False
566,bme_temp_c,spike,amplitude_mad_multiple,8.0,0.00999999999999801,220133,220133,1,2026-09-02 21:15:47.467598+00:00,2026-09-02 21:15:47.467598+00:00,2026-09-03,train,False
567,bme_temp_c,spike,amplitude_mad_multiple,8.0,0.00999999999999801,63704,63704,1,2026-07-10 04:41:41.638886+00:00,2026-07-10 04:41:41.638886+00:00,2026-07-10,test,False
568,bme_temp_c,spike,amplitude_mad_multiple,8.0,0.00999999999999801,133275,133275,1,2026-08-03 08:32:18.720072+00:00,2026-08-03 08:32:18.720072+00:00,2026-08-03,test,False
569,bme_temp_c,spike,amplitude_mad_multiple,8.0,0.00999999999999801,8981,8981,1,2026-06-21 00:17:43.235849+00:00,2026-06-21 00:17:43.235849+00:00,2026-06-21,train,False
570,bme_temp_c,spike,amplitude_mad_multiple,8.0,0.00999999999999801,117489,117489,1,2026-07-28 20:54:56.941812+00:00,2026-07-28 20:54:56.941812+00:00,2026-07-28,train,False
571,bme_temp_c,spike,amplitude_mad_multiple,8.0,0.00999999999999801,26733,26733,1,2026-06-27 07:58:46.734313+00:00,2026-06-27 07:58:46.734313+00:00,2026-06-27,train,False
572,bme_temp_c,noise_burst,amplitude_mad_multiple,0.5,0.00999999999999801,233013,233072,60,2026-09-07 08:35:48.567110+00:00,2026-09-07 09:05:18.572008+00:00,2026-09-07,test,False
573,bme_temp_c,noise_burst,amplitude_mad_multiple,0.5,0.00999999999999801,157083,157142,60,2026-08-11 14:56:21.391615+00:00,2026-08-11 15:25:51.396743+00:00,2026-08-11,train,False
574,bme_temp_c,noise_burst,amplitude_mad_multiple,0.5,0.00999999999999801,760,819,60,2026-06-18 03:44:04.056845+00:00,2026-06-18 04:13:34.061584+00:00,2026-06-18,train,True
575,bme_temp_c,noise_burst,amplitude_mad_multiple,0.5,0.00999999999999801,204787,204846,60,2026-08-28 13:22:46.135901+00:00,2026-08-28 13:52:16.140683+00:00,2026-08-28,train,True
576,bme_temp_c,noise_burst,amplitude_mad_multiple,0.5,0.00999999999999801,149935,149994,60,2026-08-09 03:22:20.680609+00:00,2026-08-09 03:51:50.685683+00:00,2026-08-09,train,False
577,bme_temp_c,noise_burst,amplitude_mad_multiple,0.5,0.00999999999999801,183093,183152,60,2026-08-21 00:35:44.288038+00:00,2026-08-21 01:05:14.292890+00:00,2026-08-21,train,False
578,bme_temp_c,noise_burst,amplitude_mad_multiple,0.5,0.00999999999999801,220967,221026,60,2026-09-03 04:12:47.538655+00:00,2026-09-03 04:42:17.543495+00:00,2026-09-03,train,False
579,bme_temp_c,noise_burst,amplitude_mad_multiple,0.5,0.00999999999999801,107795,107854,60,2026-07-25 12:07:20.496861+00:00,2026-07-25 12:36:50.506153+00:00,2026-07-25,train,False
580,bme_temp_c,noise_burst,amplitude_mad_multiple,0.5,0.00999999999999801,1067,1126,60,2026-06-18 06:17:34.086807+00:00,2026-06-18 06:47:04.091652+00:00,2026-06-18,train,False
581,bme_temp_c,noise_burst,amplitude_mad_multiple,0.5,0.00999999999999801,179866,179925,60,2026-08-19 21:42:14.019870+00:00,2026-08-19 22:11:44.026220+00:00,2026-08-20,test,False
582,bme_temp_c,noise_burst,amplitude_mad_multiple,0.5,0.00999999999999801,122640,122699,60,2026-07-30 15:50:27.622916+00:00,2026-07-30 16:19:57.627847+00:00,2026-07-30,train,False
583,bme_temp_c,noise_burst,amplitude_mad_multiple,0.5,0.00999999999999801,120195,120254,60,2026-07-29 19:27:57.339326+00:00,2026-07-29 19:57:27.349282+00:00,2026-07-29,train,True
584,bme_temp_c,noise_burst,amplitude_mad_multiple,0.5,0.00999999999999801,245774,245833,60,2026-09-11 18:56:19.665961+00:00,2026-09-11 19:25:49.670806+00:00,2026-09-11,test,True
585,bme_temp_c,noise_burst,amplitude_mad_multiple,0.5,0.00999999999999801,219838,219897,60,2026-09-02 18:48:17.441694+00:00,2026-09-02 19:17:47.446486+00:00,2026-09-02,train,False
586,bme_temp_c,noise_burst,amplitude_mad_multiple,0.5,0.00999999999999801,87364,87423,60,2026-07-18 09:51:43.680615+00:00,2026-07-18 10:21:13.685614+00:00,2026-07-18,train,False
587,bme_temp_c,noise_burst,amplitude_mad_multiple,0.5,0.00999999999999801,85617,85676,60,2026-07-17 19:18:13.511557+00:00,2026-07-17 19:47:43.516337+00:00,2026-07-17,train,True
588,bme_temp_c,noise_burst,amplitude_mad_multiple,0.5,0.00999999999999801,221963,222022,60,2026-09-03 12:30:47.624078+00:00,2026-09-03 13:00:17.628918+00:00,2026-09-03,train,False
589,bme_temp_c,noise_burst,amplitude_mad_multiple,1.0,0.00999999999999801,238007,238066,60,2026-09-09 02:12:49.001512+00:00,2026-09-09 02:42:19.010233+00:00,2026-09-09,train,False
590,bme_temp_c,noise_burst,amplitude_mad_multiple,1.0,0.00999999999999801,207812,207871,60,2026-08-29 14:35:16.391565+00:00,2026-08-29 15:04:46.396374+00:00,2026-08-29,test,False
591,bme_temp_c,noise_burst,amplitude_mad_multiple,1.0,0.00999999999999801,182159,182218,60,2026-08-20 16:48:44.212461+00:00,2026-08-20 17:18:14.217328+00:00,2026-08-20,test,True
592,bme_temp_c,noise_burst,amplitude_mad_multiple,1.0,0.00999999999999801,155541,155600,60,2026-08-11 02:05:21.230074+00:00,2026-08-11 02:34:51.239580+00:00,2026-08-11,train,True
593,bme_temp_c,noise_burst,amplitude_mad_multiple,1.0,0.00999999999999801,14664,14723,60,2026-06-22 23:48:21.471914+00:00,2026-06-23 00:17:51.476693+00:00,2026-06-23,train,False
594,bme_temp_c,noise_burst,amplitude_mad_multiple,1.0,0.00999999999999801,88797,88856,60,2026-07-18 21:48:13.805842+00:00,2026-07-18 22:17:43.810696+00:00,2026-07-19,train,False
595,bme_temp_c,noise_burst,amplitude_mad_multiple,1.0,0.00999999999999801,154301,154360,60,2026-08-10 15:45:21.106208+00:00,2026-08-10 16:14:51.111135+00:00,2026-08-10,train,True
596,bme_temp_c,noise_burst,amplitude_mad_multiple,1.0,0.00999999999999801,87931,87990,60,2026-07-18 14:35:13.731391+00:00,2026-07-18 15:04:43.736322+00:00,2026-07-18,train,False
597,bme_temp_c,noise_burst,amplitude_mad_multiple,1.0,0.00999999999999801,140622,140681,60,2026-08-05 21:45:49.757584+00:00,2026-08-05 22:15:19.762603+00:00,2026-08-06,train,False
598,bme_temp_c,noise_burst,amplitude_mad_multiple,1.0,0.00999999999999801,253633,253692,60,2026-09-16 07:40:07.604679+00:00,2026-09-16 08:09:37.609507+00:00,2026-09-16,train,True
599,bme_temp_c,noise_burst,amplitude_mad_multiple,1.0,0.00999999999999801,181320,181379,60,2026-08-20 09:49:14.143944+00:00,2026-08-20 10:18:44.148726+00:00,2026-08-20,test,False
600,bme_temp_c,noise_burst,amplitude_mad_multiple,1.0,0.00999999999999801,87453,87512,60,2026-07-18 10:36:13.688073+00:00,2026-07-18 11:05:43.692966+00:00,2026-07-18,train,True
601,bme_temp_c,noise_burst,amplitude_mad_multiple,1.0,0.00999999999999801,105991,106050,60,2026-07-24 21:05:20.228457+00:00,2026-07-24 21:34:50.239085+00:00,2026-07-25,train,True
602,bme_temp_c,noise_burst,amplitude_mad_multiple,1.0,0.00999999999999801,233886,233945,60,2026-09-07 15:52:18.639374+00:00,2026-09-07 16:21:48.646014+00:00,2026-09-07,test,True
603,bme_temp_c,noise_burst,amplitude_mad_multiple,1.0,0.00999999999999801,39233,39292,60,2026-07-01 16:44:13.902912+00:00,2026-07-01 17:13:43.907755+00:00,2026-07-01,test,True
604,bme_temp_c,noise_burst,amplitude_mad_multiple,1.0,0.00999999999999801,47392,47451,60,2026-07-04 12:45:40.099081+00:00,2026-07-04 13:15:10.103961+00:00,2026-07-04,test,False
605,bme_temp_c,noise_burst,amplitude_mad_multiple,1.0,0.00999999999999801,180922,180981,60,2026-08-20 06:30:14.111375+00:00,2026-08-20 06:59:44.116223+00:00,2026-08-20,test,False
606,bme_temp_c,noise_burst,amplitude_mad_multiple,1.0,0.00999999999999801,2636,2695,60,2026-06-18 19:22:16.064147+00:00,2026-06-18 19:51:46.069071+00:00,2026-06-18,train,False
607,bme_temp_c,noise_burst,amplitude_mad_multiple,1.0,0.00999999999999801,74150,74209,60,2026-07-13 19:44:42.530186+00:00,2026-07-13 20:14:12.535109+00:00,2026-07-13,train,False
608,bme_temp_c,noise_burst,amplitude_mad_multiple,1.0,0.00999999999999801,254682,254741,60,2026-09-16 16:24:37.693893+00:00,2026-09-16 16:54:07.698773+00:00,2026-09-16,train,True
609,bme_temp_c,noise_burst,amplitude_mad_multiple,2.0,0.00999999999999801,97792,97851,60,2026-07-22 00:45:44.607555+00:00,2026-07-22 01:15:14.612476+00:00,2026-07-22,train,False
610,bme_temp_c,noise_burst,amplitude_mad_multiple,2.0,0.00999999999999801,232712,232771,60,2026-09-07 06:05:18.542530+00:00,2026-09-07 06:34:48.547432+00:00,2026-09-07,test,True
611,bme_temp_c,noise_burst,amplitude_mad_multiple,2.0,0.00999999999999801,123441,123500,60,2026-07-30 22:30:57.717277+00:00,2026-07-30 23:00:27.722174+00:00,2026-07-31,train,False
612,bme_temp_c,noise_burst,amplitude_mad_multiple,2.0,0.00999999999999801,112058,112117,60,2026-07-26 23:38:50.933526+00:00,2026-07-27 00:08:20.938398+00:00,2026-07-27,train,False
613,bme_temp_c,noise_burst,amplitude_mad_multiple,2.0,0.00999999999999801,126751,126810,60,2026-08-01 02:10:18.135333+00:00,2026-08-01 02:39:48.140324+00:00,2026-08-01,test,False
614,bme_temp_c,noise_burst,amplitude_mad_multiple,2.0,0.00999999999999801,178337,178396,60,2026-08-19 08:57:43.894251+00:00,2026-08-19 09:27:13.899239+00:00,2026-08-19,train,False
615,bme_temp_c,noise_burst,amplitude_mad_multiple,2.0,0.00999999999999801,23001,23060,60,2026-06-26 00:34:48.798775+00:00,2026-06-26 01:04:18.803610+00:00,2026-06-26,test,True
616,bme_temp_c,noise_burst,amplitude_mad_multiple,2.0,0.00999999999999801,118303,118362,60,2026-07-29 03:41:57.047636+00:00,2026-07-29 04:11:27.052541+00:00,2026-07-29,train,False
617,bme_temp_c,noise_burst,amplitude_mad_multiple,2.0,0.00999999999999801,160562,160621,60,2026-08-12 19:55:51.722675+00:00,2026-08-12 20:25:21.732546+00:00,2026-08-12,test,True
618,bme_temp_c,noise_burst,amplitude_mad_multiple,2.0,0.00999999999999801,66485,66544,60,2026-07-11 03:52:11.875025+00:00,2026-07-11 04:21:41.879986+00:00,2026-07-11,train,False
619,bme_temp_c,noise_burst,amplitude_mad_multiple,2.0,0.00999999999999801,178554,178613,60,2026-08-19 10:46:13.912160+00:00,2026-08-19 11:15:43.917266+00:00,2026-08-19,train,True
620,bme_temp_c,noise_burst,amplitude_mad_multiple,2.0,0.00999999999999801,259681,259740,60,2026-09-18 10:04:08.130957+00:00,2026-09-18 10:33:38.135845+00:00,2026-09-18,train,False
621,bme_temp_c,noise_burst,amplitude_mad_multiple,2.0,0.00999999999999801,30110,30169,60,2026-06-28 12:07:17.042227+00:00,2026-06-28 12:36:47.047124+00:00,2026-06-28,train,False
622,bme_temp_c,noise_burst,amplitude_mad_multiple,2.0,0.00999999999999801,8367,8426,60,2026-06-20 19:10:43.185844+00:00,2026-06-20 19:40:13.190679+00:00,2026-06-20,train,False
623,bme_temp_c,noise_burst,amplitude_mad_multiple,2.0,0.00999999999999801,15975,16034,60,2026-06-23 10:43:51.578574+00:00,2026-06-23 11:13:21.583338+00:00,2026-06-23,train,True
624,bme_temp_c,noise_burst,amplitude_mad_multiple,2.0,0.00999999999999801,133862,133921,60,2026-08-03 13:25:48.780168+00:00,2026-08-03 13:55:18.785458+00:00,2026-08-03,test,False
625,bme_temp_c,noise_burst,amplitude_mad_multiple,2.0,0.00999999999999801,90275,90334,60,2026-07-19 10:07:13.935539+00:00,2026-07-19 10:36:43.940429+00:00,2026-07-19,train,True
626,bme_temp_c,noise_burst,amplitude_mad_multiple,2.0,0.00999999999999801,86720,86779,60,2026-07-18 04:29:43.619804+00:00,2026-07-18 04:59:13.624759+00:00,2026-07-18,train,False
627,bme_temp_c,noise_burst,amplitude_mad_multiple,2.0,0.00999999999999801,181027,181086,60,2026-08-20 07:22:44.120199+00:00,2026-08-20 07:52:14.124967+00:00,2026-08-20,test,False
628,bme_temp_c,noise_burst,amplitude_mad_multiple,4.0,0.00999999999999801,227935,227994,60,2026-09-05 14:16:48.136584+00:00,2026-09-05 14:46:18.141476+00:00,2026-09-05,test,False
629,bme_temp_c,noise_burst,amplitude_mad_multiple,4.0,0.00999999999999801,96462,96521,60,2026-07-21 13:40:44.496441+00:00,2026-07-21 14:10:14.501066+00:00,2026-07-21,train,True
630,bme_temp_c,noise_burst,amplitude_mad_multiple,4.0,0.00999999999999801,104235,104294,60,2026-07-24 06:27:16.177928+00:00,2026-07-24 06:56:46.182844+00:00,2026-07-24,train,False
631,bme_temp_c,noise_burst,amplitude_mad_multiple,4.0,0.00999999999999801,162851,162910,60,2026-08-13 15:00:21.953707+00:00,2026-08-13 15:29:51.958551+00:00,2026-08-13,train,True
632,bme_temp_c,noise_burst,amplitude_mad_multiple,4.0,0.00999999999999801,58209,58268,60,2026-07-08 06:54:11.019737+00:00,2026-07-08 07:23:41.024555+00:00,2026-07-08,train,False
633,bme_temp_c,noise_burst,amplitude_mad_multiple,4.0,0.00999999999999801,67624,67683,60,2026-07-11 13:21:41.974597+00:00,2026-07-11 13:51:11.979513+00:00,2026-07-11,train,True
634,bme_temp_c,noise_burst,amplitude_mad_multiple,4.0,0.00999999999999801,117761,117820,60,2026-07-28 23:10:57.002096+00:00,2026-07-28 23:40:27.007734+00:00,2026-07-29,train,False
635,bme_temp_c,noise_burst,amplitude_mad_multiple,4.0,0.00999999999999801,6341,6400,60,2026-06-20 02:17:43.022397+00:00,2026-06-20 02:47:13.027157+00:00,2026-06-20,train,False
636,bme_temp_c,noise_burst,amplitude_mad_multiple,4.0,0.00999999999999801,77183,77242,60,2026-07-14 21:01:12.796011+00:00,2026-07-14 21:30:42.800894+00:00,2026-07-15,test,True
637,bme_temp_c,noise_burst,amplitude_mad_multiple,4.0,0.00999999999999801,198839,198898,60,2026-08-26 11:48:45.628995+00:00,2026-08-26 12:18:15.633780+00:00,2026-08-26,test,False
638,bme_temp_c,noise_burst,amplitude_mad_multiple,4.0,0.00999999999999801,247509,247568,60,2026-09-12 09:23:49.820096+00:00,2026-09-12 09:53:19.826355+00:00,2026-09-12,train,False
639,bme_temp_c,noise_burst,amplitude_mad_multiple,4.0,0.00999999999999801,8850,8909,60,2026-06-20 23:12:13.225235+00:00,2026-06-20 23:41:43.230031+00:00,2026-06-21,train,False
640,bme_temp_c,noise_burst,amplitude_mad_multiple,4.0,0.00999999999999801,11858,11917,60,2026-06-22 00:16:13.472374+00:00,2026-06-22 00:45:43.477279+00:00,2026-06-22,test,False
641,bme_temp_c,noise_burst,amplitude_mad_multiple,4.0,0.00999999999999801,220213,220272,60,2026-09-02 21:55:47.474127+00:00,2026-09-02 22:25:17.478937+00:00,2026-09-03,train,False
642,bme_temp_c,noise_burst,amplitude_mad_multiple,4.0,0.00999999999999801,217670,217729,60,2026-09-02 00:44:17.243963+00:00,2026-09-02 01:13:47.248646+00:00,2026-09-02,train,False
643,bme_temp_c,noise_burst,amplitude_mad_multiple,4.0,0.00999999999999801,56867,56926,60,2026-07-07 19:43:10.901917+00:00,2026-07-07 20:12:40.906845+00:00,2026-07-07,train,True
644,bme_temp_c,noise_burst,amplitude_mad_multiple,4.0,0.00999999999999801,175430,175489,60,2026-08-17 23:50:11.451949+00:00,2026-08-18 00:19:41.460471+00:00,2026-08-18,train,False
645,bme_temp_c,noise_burst,amplitude_mad_multiple,4.0,0.00999999999999801,58008,58067,60,2026-07-08 05:13:41.001382+00:00,2026-07-08 05:43:11.008107+00:00,2026-07-08,train,False
646,bme_temp_c,noise_burst,amplitude_mad_multiple,8.0,0.00999999999999801,203531,203590,60,2026-08-28 02:54:46.029393+00:00,2026-08-28 03:24:16.034225+00:00,2026-08-28,train,False
647,bme_temp_c,noise_burst,amplitude_mad_multiple,8.0,0.00999999999999801,153431,153490,60,2026-08-10 08:30:21.020512+00:00,2026-08-10 08:59:51.025255+00:00,2026-08-10,train,False
648,bme_temp_c,noise_burst,amplitude_mad_multiple,8.0,0.00999999999999801,43353,43412,60,2026-07-03 03:04:14.246222+00:00,2026-07-03 03:33:44.251080+00:00,2026-07-03,train,False
649,bme_temp_c,noise_burst,amplitude_mad_multiple,8.0,0.00999999999999801,19398,19457,60,2026-06-24 15:15:21.860627+00:00,2026-06-24 15:44:51.865432+00:00,2026-06-24,train,False
650,bme_temp_c,noise_burst,amplitude_mad_multiple,8.0,0.00999999999999801,7698,7757,60,2026-06-20 13:36:13.131826+00:00,2026-06-20 14:05:43.136550+00:00,2026-06-20,train,True
651,bme_temp_c,noise_burst,amplitude_mad_multiple,8.0,0.00999999999999801,52179,52238,60,2026-07-06 04:39:10.489925+00:00,2026-07-06 05:08:40.498506+00:00,2026-07-06,train,False
652,bme_temp_c,noise_burst,amplitude_mad_multiple,8.0,0.00999999999999801,97105,97164,60,2026-07-21 19:02:14.551890+00:00,2026-07-21 19:31:44.556649+00:00,2026-07-21,train,True
653,bme_temp_c,noise_burst,amplitude_mad_multiple,8.0,0.00999999999999801,107115,107174,60,2026-07-25 06:27:20.421592+00:00,2026-07-25 06:56:50.426463+00:00,2026-07-25,train,False
654,bme_temp_c,noise_burst,amplitude_mad_multiple,8.0,0.00999999999999801,75854,75913,60,2026-07-14 09:56:42.678440+00:00,2026-07-14 10:26:12.683425+00:00,2026-07-14,train,False
655,bme_temp_c,noise_burst,amplitude_mad_multiple,8.0,0.00999999999999801,179254,179313,60,2026-08-19 16:36:13.969726+00:00,2026-08-19 17:05:43.974531+00:00,2026-08-19,train,False
656,bme_temp_c,noise_burst,amplitude_mad_multiple,8.0,0.00999999999999801,44284,44343,60,2026-07-03 10:49:44.322974+00:00,2026-07-03 11:19:14.327838+00:00,2026-07-03,train,False
657,bme_temp_c,noise_burst,amplitude_mad_multiple,8.0,0.00999999999999801,215405,215464,60,2026-09-01 05:51:47.042853+00:00,2026-09-01 06:21:17.050117+00:00,2026-09-01,train,False
658,bme_temp_c,noise_burst,amplitude_mad_multiple,8.0,0.00999999999999801,160849,160908,60,2026-08-12 22:19:21.755149+00:00,2026-08-12 22:48:51.760188+00:00,2026-08-13,train,False
659,bme_temp_c,noise_burst,amplitude_mad_multiple,8.0,0.00999999999999801,29812,29871,60,2026-06-28 09:38:17.013257+00:00,2026-06-28 10:07:47.018682+00:00,2026-06-28,train,False
660,bme_temp_c,noise_burst,amplitude_mad_multiple,8.0,0.00999999999999801,187389,187448,60,2026-08-22 12:23:44.649747+00:00,2026-08-22 12:53:14.654716+00:00,2026-08-22,train,True
661,bme_temp_c,noise_burst,amplitude_mad_multiple,8.0,0.00999999999999801,243917,243976,60,2026-09-11 03:27:49.507598+00:00,2026-09-11 03:57:19.512442+00:00,2026-09-11,test,True
662,bme_temp_c,noise_burst,amplitude_mad_multiple,8.0,0.00999999999999801,228660,228719,60,2026-09-05 20:19:18.198949+00:00,2026-09-05 20:48:48.203837+00:00,2026-09-05,test,False
663,bme_temp_c,noise_burst,amplitude_mad_multiple,8.0,0.00999999999999801,85067,85126,60,2026-07-17 14:43:13.466340+00:00,2026-07-17 15:12:43.471196+00:00,2026-07-17,train,False
664,bme_temp_c,noise_burst,amplitude_mad_multiple,8.0,0.00999999999999801,48732,48791,60,2026-07-04 23:55:40.208260+00:00,2026-07-05 00:25:10.213181+00:00,2026-07-05,train,False
665,bme_temp_c,stuck_value,duration_samples,5.0,0.00999999999999801,255576,255580,5,2026-09-16 23:51:37.770615+00:00,2026-09-16 23:53:37.770938+00:00,2026-09-17,train,False
666,bme_temp_c,stuck_value,duration_samples,5.0,0.00999999999999801,240442,240446,5,2026-09-09 22:30:19.214866+00:00,2026-09-09 22:32:19.215178+00:00,2026-09-10,train,False
667,bme_temp_c,stuck_value,duration_samples,5.0,0.00999999999999801,118591,118595,5,2026-07-29 06:05:57.072023+00:00,2026-07-29 06:07:57.072357+00:00,2026-07-29,train,False
668,bme_temp_c,stuck_value,duration_samples,5.0,0.00999999999999801,103031,103035,5,2026-07-23 20:25:16.078350+00:00,2026-07-23 20:27:16.078667+00:00,2026-07-23,test,False
669,bme_temp_c,stuck_value,duration_samples,5.0,0.00999999999999801,61568,61572,5,2026-07-09 10:53:41.461435+00:00,2026-07-09 10:55:41.461746+00:00,2026-07-09,train,False
670,bme_temp_c,stuck_value,duration_samples,5.0,0.00999999999999801,59642,59646,5,2026-07-08 18:50:41.298740+00:00,2026-07-08 18:52:41.299070+00:00,2026-07-08,train,False
671,bme_temp_c,stuck_value,duration_samples,5.0,0.00999999999999801,192495,192499,5,2026-08-24 06:56:45.085073+00:00,2026-08-24 06:58:45.085406+00:00,2026-08-24,test,False
672,bme_temp_c,stuck_value,duration_samples,5.0,0.00999999999999801,20466,20470,5,2026-06-25 03:27:18.590435+00:00,2026-06-25 03:29:18.590749+00:00,2026-06-25,train,False
673,bme_temp_c,stuck_value,duration_samples,5.0,0.00999999999999801,63949,63953,5,2026-07-10 06:44:11.659488+00:00,2026-07-10 06:46:11.659791+00:00,2026-07-10,test,False
674,bme_temp_c,stuck_value,duration_samples,5.0,0.00999999999999801,231965,231969,5,2026-09-06 23:51:48.481242+00:00,2026-09-06 23:53:48.481585+00:00,2026-09-07,test,False
675,bme_temp_c,stuck_value,duration_samples,5.0,0.00999999999999801,153049,153053,5,2026-08-10 05:19:20.986365+00:00,2026-08-10 05:21:20.986680+00:00,2026-08-10,train,False
676,bme_temp_c,stuck_value,duration_samples,5.0,0.00999999999999801,13236,13240,5,2026-06-22 11:45:24.703706+00:00,2026-06-22 11:47:24.704039+00:00,2026-06-22,test,True
677,bme_temp_c,stuck_value,duration_samples,5.0,0.00999999999999801,185421,185425,5,2026-08-21 19:59:44.484008+00:00,2026-08-21 20:01:44.484338+00:00,2026-08-21,train,False
678,bme_temp_c,stuck_value,duration_samples,5.0,0.00999999999999801,132826,132830,5,2026-08-03 04:47:48.678256+00:00,2026-08-03 04:49:48.678590+00:00,2026-08-03,test,False
679,bme_temp_c,stuck_value,duration_samples,5.0,0.00999999999999801,179615,179619,5,2026-08-19 19:36:43.999334+00:00,2026-08-19 19:38:43.999685+00:00,2026-08-19,train,False
680,bme_temp_c,stuck_value,duration_samples,5.0,0.00999999999999801,2615,2619,5,2026-06-18 19:11:46.062395+00:00,2026-06-18 19:13:46.062722+00:00,2026-06-18,train,False
681,bme_temp_c,stuck_value,duration_samples,5.0,0.00999999999999801,52646,52650,5,2026-07-06 08:32:40.536381+00:00,2026-07-06 08:34:40.536706+00:00,2026-07-06,train,True
682,bme_temp_c,stuck_value,duration_samples,5.0,0.00999999999999801,66076,66080,5,2026-07-11 00:27:41.840830+00:00,2026-07-11 00:29:41.841161+00:00,2026-07-11,train,False
683,bme_temp_c,stuck_value,duration_samples,5.0,0.00999999999999801,184048,184052,5,2026-08-21 08:33:14.366215+00:00,2026-08-21 08:35:14.366517+00:00,2026-08-21,train,False
684,bme_temp_c,stuck_value,duration_samples,5.0,0.00999999999999801,133281,133285,5,2026-08-03 08:35:18.720589+00:00,2026-08-03 08:37:18.720916+00:00,2026-08-03,test,False
685,bme_temp_c,stuck_value,duration_samples,10.0,0.00999999999999801,196955,196964,10,2026-08-25 20:06:45.464150+00:00,2026-08-25 20:11:15.464909+00:00,2026-08-25,train,False
686,bme_temp_c,stuck_value,duration_samples,10.0,0.00999999999999801,135217,135226,10,2026-08-04 00:43:18.969376+00:00,2026-08-04 00:47:48.970087+00:00,2026-08-04,train,False
687,bme_temp_c,stuck_value,duration_samples,10.0,0.00999999999999801,87245,87254,10,2026-07-18 08:52:13.666084+00:00,2026-07-18 08:56:43.668486+00:00,2026-07-18,train,False
688,bme_temp_c,stuck_value,duration_samples,10.0,0.00999999999999801,26073,26082,10,2026-06-27 02:28:46.675984+00:00,2026-06-27 02:33:16.676716+00:00,2026-06-27,train,False
689,bme_temp_c,stuck_value,duration_samples,10.0,0.00999999999999801,54054,54063,10,2026-07-06 20:16:40.654429+00:00,2026-07-06 20:21:10.655175+00:00,2026-07-06,train,False
690,bme_temp_c,stuck_value,duration_samples,10.0,0.00999999999999801,105624,105633,10,2026-07-24 18:01:50.162050+00:00,2026-07-24 18:06:20.162842+00:00,2026-07-24,train,False
691,bme_temp_c,stuck_value,duration_samples,10.0,0.00999999999999801,144863,144872,10,2026-08-07 09:06:20.154300+00:00,2026-08-07 09:10:50.155044+00:00,2026-08-07,train,False
692,bme_temp_c,stuck_value,duration_samples,10.0,0.00999999999999801,248008,248017,10,2026-09-12 13:33:19.865720+00:00,2026-09-12 13:37:49.866445+00:00,2026-09-12,train,False
693,bme_temp_c,stuck_value,duration_samples,10.0,0.00999999999999801,63589,63598,10,2026-07-10 03:44:11.629342+00:00,2026-07-10 03:48:41.630128+00:00,2026-07-10,test,False
694,bme_temp_c,stuck_value,duration_samples,10.0,0.00999999999999801,175094,175103,10,2026-08-17 21:02:11.421925+00:00,2026-08-17 21:06:41.422612+00:00,2026-08-18,train,False
695,bme_temp_c,stuck_value,duration_samples,10.0,0.00999999999999801,39958,39967,10,2026-07-01 22:46:43.962542+00:00,2026-07-01 22:51:13.963282+00:00,2026-07-02,train,False
696,bme_temp_c,stuck_value,duration_samples,10.0,0.00999999999999801,186809,186818,10,2026-08-22 07:33:44.599138+00:00,2026-08-22 07:38:14.599874+00:00,2026-08-22,train,False
697,bme_temp_c,stuck_value,duration_samples,10.0,0.00999999999999801,4956,4965,10,2026-06-19 14:45:12.909940+00:00,2026-06-19 14:49:42.910670+00:00,2026-06-19,test,False
698,bme_temp_c,stuck_value,duration_samples,10.0,0.00999999999999801,174273,174282,10,2026-08-17 14:11:41.207134+00:00,2026-08-17 14:16:11.210385+00:00,2026-08-17,test,False
699,bme_temp_c,stuck_value,duration_samples,10.0,0.00999999999999801,45136,45145,10,2026-07-03 17:55:44.393022+00:00,2026-07-03 18:00:14.393742+00:00,2026-07-03,train,False
700,bme_temp_c,stuck_value,duration_samples,10.0,0.00999999999999801,146918,146927,10,2026-08-08 02:13:50.390273+00:00,2026-08-08 02:18:20.390991+00:00,2026-08-08,train,False
701,bme_temp_c,stuck_value,duration_samples,10.0,0.00999999999999801,97490,97499,10,2026-07-21 22:14:44.582925+00:00,2026-07-21 22:19:14.583675+00:00,2026-07-22,train,False
702,bme_temp_c,stuck_value,duration_samples,10.0,0.00999999999999801,125197,125206,10,2026-07-31 13:13:17.991407+00:00,2026-07-31 13:17:47.992170+00:00,2026-07-31,train,False
703,bme_temp_c,stuck_value,duration_samples,10.0,0.00999999999999801,81604,81613,10,2026-07-16 09:51:43.176443+00:00,2026-07-16 09:56:13.177175+00:00,2026-07-16,test,False
704,bme_temp_c,stuck_value,duration_samples,20.0,0.00999999999999801,250144,250163,20,2026-09-15 02:35:37.310709+00:00,2026-09-15 02:45:07.312255+00:00,2026-09-15,train,True
705,bme_temp_c,stuck_value,duration_samples,20.0,0.00999999999999801,74644,74663,20,2026-07-13 23:51:42.571826+00:00,2026-07-14 00:01:12.573333+00:00,2026-07-14,train,False
706,bme_temp_c,stuck_value,duration_samples,20.0,0.00999999999999801,141114,141133,20,2026-08-06 01:51:49.803641+00:00,2026-08-06 02:01:19.805167+00:00,2026-08-06,train,False
707,bme_temp_c,stuck_value,duration_samples,20.0,0.00999999999999801,223814,223833,20,2026-09-04 03:56:17.783313+00:00,2026-09-04 04:05:47.784875+00:00,2026-09-04,train,True
708,bme_temp_c,stuck_value,duration_samples,20.0,0.00999999999999801,83430,83449,20,2026-07-17 01:04:43.329356+00:00,2026-07-17 01:14:13.330908+00:00,2026-07-17,train,False
709,bme_temp_c,stuck_value,duration_samples,20.0,0.00999999999999801,143490,143509,20,2026-08-06 21:39:50.028208+00:00,2026-08-06 21:49:20.029774+00:00,2026-08-07,train,False
710,bme_temp_c,stuck_value,duration_samples,20.0,0.00999999999999801,21324,21343,20,2026-06-25 10:36:18.660756+00:00,2026-06-25 10:45:48.662306+00:00,2026-06-25,train,False
711,bme_temp_c,stuck_value,duration_samples,20.0,0.00999999999999801,144354,144373,20,2026-08-07 04:51:50.107452+00:00,2026-08-07 05:01:20.109049+00:00,2026-08-07,train,False
712,bme_temp_c,stuck_value,duration_samples,20.0,0.00999999999999801,112932,112951,20,2026-07-27 06:55:51.006104+00:00,2026-07-27 07:05:21.007676+00:00,2026-07-27,train,False
713,bme_temp_c,stuck_value,duration_samples,20.0,0.00999999999999801,198339,198358,20,2026-08-26 07:38:45.587374+00:00,2026-08-26 07:48:15.588937+00:00,2026-08-26,test,False
714,bme_temp_c,stuck_value,duration_samples,20.0,0.00999999999999801,223602,223621,20,2026-09-04 02:10:17.765894+00:00,2026-09-04 02:19:47.767498+00:00,2026-09-04,train,False
715,bme_temp_c,stuck_value,duration_samples,20.0,0.00999999999999801,52416,52435,20,2026-07-06 06:37:40.515217+00:00,2026-07-06 06:47:10.516780+00:00,2026-07-06,train,False
716,bme_temp_c,stuck_value,duration_samples,20.0,0.00999999999999801,21742,21761,20,2026-06-25 14:05:18.695175+00:00,2026-06-25 14:14:48.696776+00:00,2026-06-25,train,False
717,bme_temp_c,stuck_value,duration_samples,20.0,0.00999999999999801,101269,101288,20,2026-07-23 05:44:14.924108+00:00,2026-07-23 05:53:44.925686+00:00,2026-07-23,test,False
718,bme_temp_c,stuck_value,duration_samples,20.0,0.00999999999999801,140765,140784,20,2026-08-05 22:57:19.769667+00:00,2026-08-05 23:06:49.771320+00:00,2026-08-06,train,False
719,bme_temp_c,stuck_value,duration_samples,20.0,0.00999999999999801,100122,100141,20,2026-07-22 20:10:44.826182+00:00,2026-07-22 20:20:14.827686+00:00,2026-07-22,train,True
720,bme_temp_c,stuck_value,duration_samples,20.0,0.00999999999999801,165213,165232,20,2026-08-14 10:41:22.321677+00:00,2026-08-14 10:50:52.323212+00:00,2026-08-14,train,False
721,bme_temp_c,stuck_value,duration_samples,20.0,0.00999999999999801,133232,133251,20,2026-08-03 08:10:48.716438+00:00,2026-08-03 08:20:18.718038+00:00,2026-08-03,test,False
722,bme_temp_c,stuck_value,duration_samples,20.0,0.00999999999999801,248683,248702,20,2026-09-12 19:10:49.928260+00:00,2026-09-12 19:20:19.929823+00:00,2026-09-12,train,False
723,bme_temp_c,stuck_value,duration_samples,20.0,0.00999999999999801,108626,108645,20,2026-07-25 19:02:50.647094+00:00,2026-07-25 19:12:20.648667+00:00,2026-07-25,train,False
724,bme_temp_c,stuck_value,duration_samples,40.0,0.00999999999999801,20869,20908,40,2026-06-25 06:48:48.623643+00:00,2026-06-25 07:08:18.626795+00:00,2026-06-25,train,False
725,bme_temp_c,stuck_value,duration_samples,40.0,0.00999999999999801,79161,79200,40,2026-07-15 13:30:12.961804+00:00,2026-07-15 13:49:42.965059+00:00,2026-07-15,test,False
726,bme_temp_c,stuck_value,duration_samples,40.0,0.00999999999999801,159153,159192,40,2026-08-12 08:11:21.586219+00:00,2026-08-12 08:30:51.592208+00:00,2026-08-12,test,False
727,bme_temp_c,stuck_value,duration_samples,40.0,0.00999999999999801,69954,69993,40,2026-07-12 08:46:42.175124+00:00,2026-07-12 09:06:12.178337+00:00,2026-07-12,test,False
728,bme_temp_c,stuck_value,duration_samples,40.0,0.00999999999999801,91225,91264,40,2026-07-19 18:02:14.022130+00:00,2026-07-19 18:21:44.025330+00:00,2026-07-19,train,False
729,bme_temp_c,stuck_value,duration_samples,40.0,0.00999999999999801,194679,194718,40,2026-08-25 01:08:45.273720+00:00,2026-08-25 01:28:15.276871+00:00,2026-08-25,train,False
730,bme_temp_c,stuck_value,duration_samples,40.0,0.00999999999999801,247893,247932,40,2026-09-12 12:35:49.856318+00:00,2026-09-12 12:55:19.859509+00:00,2026-09-12,train,False
731,bme_temp_c,stuck_value,duration_samples,40.0,0.00999999999999801,93088,93127,40,2026-07-20 09:33:44.205506+00:00,2026-07-20 09:53:14.208692+00:00,2026-07-20,test,False
732,bme_temp_c,stuck_value,duration_samples,40.0,0.00999999999999801,48514,48553,40,2026-07-04 22:06:40.190481+00:00,2026-07-04 22:26:10.193659+00:00,2026-07-05,train,False
733,bme_temp_c,stuck_value,duration_samples,40.0,0.00999999999999801,111083,111122,40,2026-07-26 15:31:20.852707+00:00,2026-07-26 15:50:50.855953+00:00,2026-07-26,test,False
734,bme_temp_c,stuck_value,duration_samples,40.0,0.00999999999999801,92672,92711,40,2026-07-20 06:05:44.161554+00:00,2026-07-20 06:25:14.164741+00:00,2026-07-20,test,True
735,bme_temp_c,stuck_value,duration_samples,40.0,0.00999999999999801,263797,263836,40,2026-09-19 20:22:08.492229+00:00,2026-09-19 20:41:38.495429+00:00,2026-09-19,test,True
736,bme_temp_c,stuck_value,duration_samples,40.0,0.00999999999999801,120505,120544,40,2026-07-29 22:02:57.401276+00:00,2026-07-29 22:22:27.405496+00:00,2026-07-30,train,False
737,bme_temp_c,stuck_value,duration_samples,40.0,0.00999999999999801,178932,178971,40,2026-08-19 13:55:13.943478+00:00,2026-08-19 14:14:43.946625+00:00,2026-08-19,train,False
738,bme_temp_c,stuck_value,duration_samples,40.0,0.00999999999999801,242955,242994,40,2026-09-10 19:26:49.427352+00:00,2026-09-10 19:46:19.430598+00:00,2026-09-10,train,True
739,bme_temp_c,stuck_value,duration_samples,40.0,0.00999999999999801,163875,163914,40,2026-08-13 23:32:22.118210+00:00,2026-08-13 23:51:52.130702+00:00,2026-08-14,train,False
740,bme_temp_c,stuck_value,duration_samples,40.0,0.00999999999999801,64817,64856,40,2026-07-10 13:58:11.735016+00:00,2026-07-10 14:17:41.738871+00:00,2026-07-10,test,True
741,bme_temp_c,stuck_value,duration_samples,40.0,0.00999999999999801,159049,159088,40,2026-08-12 07:19:21.575963+00:00,2026-08-12 07:38:51.579178+00:00,2026-08-12,test,False
742,bme_temp_c,stuck_value,duration_samples,40.0,0.00999999999999801,105116,105155,40,2026-07-24 13:47:50.061609+00:00,2026-07-24 14:07:20.069426+00:00,2026-07-24,train,False
743,bme_temp_c,stuck_value,duration_samples,80.0,0.00999999999999801,109294,109373,80,2026-07-26 00:36:50.703873+00:00,2026-07-26 01:16:20.710664+00:00,2026-07-26,test,True
744,bme_temp_c,stuck_value,duration_samples,80.0,0.00999999999999801,259091,259170,80,2026-09-18 05:09:08.081954+00:00,2026-09-18 05:48:38.088454+00:00,2026-09-18,train,False
745,bme_temp_c,stuck_value,duration_samples,80.0,0.00999999999999801,71615,71694,80,2026-07-12 22:37:12.315468+00:00,2026-07-12 23:16:42.321943+00:00,2026-07-13,train,True
746,bme_temp_c,stuck_value,duration_samples,80.0,0.00999999999999801,126013,126092,80,2026-07-31 20:01:18.072813+00:00,2026-07-31 20:40:48.079506+00:00,2026-07-31,train,False
747,bme_temp_c,stuck_value,duration_samples,80.0,0.00999999999999801,158646,158725,80,2026-08-12 03:57:51.541441+00:00,2026-08-12 04:37:21.548029+00:00,2026-08-12,test,False
748,bme_temp_c,stuck_value,duration_samples,80.0,0.00999999999999801,166701,166780,80,2026-08-14 23:05:22.456920+00:00,2026-08-14 23:44:52.463355+00:00,2026-08-15,train,False
749,bme_temp_c,stuck_value,duration_samples,80.0,0.00999999999999801,86980,87059,80,2026-07-18 06:39:43.641608+00:00,2026-07-18 07:19:13.650705+00:00,2026-07-18,train,False
750,bme_temp_c,stuck_value,duration_samples,80.0,0.00999999999999801,15502,15581,80,2026-06-23 06:47:21.540069+00:00,2026-06-23 07:26:51.546464+00:00,2026-06-23,train,False
751,bme_temp_c,stuck_value,duration_samples,80.0,0.00999999999999801,134124,134203,80,2026-08-03 15:36:48.806825+00:00,2026-08-03 16:16:18.818968+00:00,2026-08-03,test,True
752,bme_temp_c,stuck_value,duration_samples,80.0,0.00999999999999801,199981,200060,80,2026-08-26 21:19:45.723705+00:00,2026-08-26 21:59:15.730206+00:00,2026-08-27,train,False
753,bme_temp_c,stuck_value,duration_samples,80.0,0.00999999999999801,229647,229726,80,2026-09-06 04:32:48.282809+00:00,2026-09-06 05:12:18.289296+00:00,2026-09-06,test,False
754,bme_temp_c,stuck_value,duration_samples,80.0,0.00999999999999801,207945,208024,80,2026-08-29 15:41:46.402274+00:00,2026-08-29 16:21:16.408823+00:00,2026-08-29,test,False
755,bme_temp_c,stuck_value,duration_samples,80.0,0.00999999999999801,96895,96974,80,2026-07-21 17:17:14.531451+00:00,2026-07-21 17:56:44.537838+00:00,2026-07-21,train,True
756,bme_temp_c,stuck_value,duration_samples,80.0,0.00999999999999801,168554,168633,80,2026-08-15 14:31:52.631103+00:00,2026-08-15 15:11:22.637797+00:00,2026-08-15,train,False
757,bme_temp_c,stuck_value,duration_samples,80.0,0.00999999999999801,196370,196449,80,2026-08-25 15:14:15.413707+00:00,2026-08-25 15:53:45.422788+00:00,2026-08-25,train,True
758,bme_temp_c,stuck_value,duration_samples,80.0,0.00999999999999801,110435,110514,80,2026-07-26 10:07:20.799001+00:00,2026-07-26 10:46:50.805533+00:00,2026-07-26,test,False
759,scd_humidity_pct,gradual_shift,amplitude_mad_multiple,0.5,0.0335693359375,103983,104042,60,2026-07-24 04:21:16.157108+00:00,2026-07-24 04:50:46.161985+00:00,2026-07-24,train,False
760,scd_humidity_pct,gradual_shift,amplitude_mad_multiple,0.5,0.0335693359375,193993,194052,60,2026-08-24 19:25:45.217366+00:00,2026-08-24 19:55:15.222083+00:00,2026-08-24,test,False
761,scd_humidity_pct,gradual_shift,amplitude_mad_multiple,0.5,0.0335693359375,237799,237858,60,2026-09-09 00:28:48.983062+00:00,2026-09-09 00:58:18.989453+00:00,2026-09-09,train,False
762,scd_humidity_pct,gradual_shift,amplitude_mad_multiple,0.5,0.0335693359375,242488,242547,60,2026-09-10 15:33:19.387566+00:00,2026-09-10 16:02:49.392460+00:00,2026-09-10,train,True
763,scd_humidity_pct,gradual_shift,amplitude_mad_multiple,0.5,0.0335693359375,39763,39822,60,2026-07-01 21:09:13.946510+00:00,2026-07-01 21:38:43.951380+00:00,2026-07-02,train,False
764,scd_humidity_pct,gradual_shift,amplitude_mad_multiple,0.5,0.0335693359375,53882,53941,60,2026-07-06 18:50:40.640305+00:00,2026-07-06 19:20:10.645121+00:00,2026-07-06,train,False
765,scd_humidity_pct,gradual_shift,amplitude_mad_multiple,0.5,0.0335693359375,198684,198743,60,2026-08-26 10:31:15.616382+00:00,2026-08-26 11:00:45.621215+00:00,2026-08-26,test,False
766,scd_humidity_pct,gradual_shift,amplitude_mad_multiple,0.5,0.0335693359375,167616,167675,60,2026-08-15 06:42:52.538289+00:00,2026-08-15 07:12:22.547088+00:00,2026-08-15,train,False
767,scd_humidity_pct,gradual_shift,amplitude_mad_multiple,0.5,0.0335693359375,80626,80685,60,2026-07-16 01:42:43.091840+00:00,2026-07-16 02:12:13.096711+00:00,2026-07-16,test,False
768,scd_humidity_pct,gradual_shift,amplitude_mad_multiple,0.5,0.0335693359375,224505,224564,60,2026-09-04 09:41:47.841405+00:00,2026-09-04 10:11:17.846219+00:00,2026-09-04,train,True
769,scd_humidity_pct,gradual_shift,amplitude_mad_multiple,0.5,0.0335693359375,179495,179554,60,2026-08-19 18:36:43.989464+00:00,2026-08-19 19:06:13.994312+00:00,2026-08-19,train,False
770,scd_humidity_pct,gradual_shift,amplitude_mad_multiple,0.5,0.0335693359375,51101,51160,60,2026-07-05 19:40:10.402139+00:00,2026-07-05 20:09:40.406878+00:00,2026-07-05,train,False
771,scd_humidity_pct,gradual_shift,amplitude_mad_multiple,0.5,0.0335693359375,33299,33358,60,2026-06-29 14:41:47.351509+00:00,2026-06-29 15:11:17.356370+00:00,2026-06-29,test,False
772,scd_humidity_pct,gradual_shift,amplitude_mad_multiple,0.5,0.0335693359375,184990,185049,60,2026-08-21 16:24:14.446128+00:00,2026-08-21 16:53:44.452849+00:00,2026-08-21,train,True
773,scd_humidity_pct,gradual_shift,amplitude_mad_multiple,0.5,0.0335693359375,42452,42511,60,2026-07-02 19:33:44.171459+00:00,2026-07-02 20:03:14.176527+00:00,2026-07-02,train,False
774,scd_humidity_pct,gradual_shift,amplitude_mad_multiple,0.5,0.0335693359375,208894,208953,60,2026-08-29 23:36:16.482401+00:00,2026-08-30 00:05:46.487115+00:00,2026-08-30,train,False
775,scd_humidity_pct,gradual_shift,amplitude_mad_multiple,0.5,0.0335693359375,148596,148655,60,2026-08-08 16:12:50.546184+00:00,2026-08-08 16:42:20.551017+00:00,2026-08-08,train,False
776,scd_humidity_pct,gradual_shift,amplitude_mad_multiple,0.5,0.0335693359375,124331,124390,60,2026-07-31 05:55:57.795423+00:00,2026-07-31 06:25:27.800376+00:00,2026-07-31,train,True
777,scd_humidity_pct,gradual_shift,amplitude_mad_multiple,0.5,0.0335693359375,72876,72935,60,2026-07-13 09:07:42.423272+00:00,2026-07-13 09:37:12.428156+00:00,2026-07-13,train,False
778,scd_humidity_pct,gradual_shift,amplitude_mad_multiple,0.5,0.0335693359375,259826,259885,60,2026-09-18 11:16:38.142974+00:00,2026-09-18 11:46:08.149225+00:00,2026-09-18,train,False
779,scd_humidity_pct,gradual_shift,amplitude_mad_multiple,1.0,0.0335693359375,190621,190680,60,2026-08-23 15:19:44.924349+00:00,2026-08-23 15:49:14.929288+00:00,2026-08-23,train,True
780,scd_humidity_pct,gradual_shift,amplitude_mad_multiple,1.0,0.0335693359375,203951,204010,60,2026-08-28 06:24:46.063829+00:00,2026-08-28 06:54:16.070603+00:00,2026-08-28,train,True
781,scd_humidity_pct,gradual_shift,amplitude_mad_multiple,1.0,0.0335693359375,200867,200926,60,2026-08-27 04:42:45.801631+00:00,2026-08-27 05:12:15.806536+00:00,2026-08-27,train,True
782,scd_humidity_pct,gradual_shift,amplitude_mad_multiple,1.0,0.0335693359375,152904,152963,60,2026-08-10 04:06:50.974310+00:00,2026-08-10 04:36:20.979253+00:00,2026-08-10,train,False
783,scd_humidity_pct,gradual_shift,amplitude_mad_multiple,1.0,0.0335693359375,248081,248140,60,2026-09-12 14:09:49.875058+00:00,2026-09-12 14:39:19.882441+00:00,2026-09-12,train,False
784,scd_humidity_pct,gradual_shift,amplitude_mad_multiple,1.0,0.0335693359375,153324,153383,60,2026-08-10 07:36:51.011391+00:00,2026-08-10 08:06:21.016386+00:00,2026-08-10,train,True
785,scd_humidity_pct,gradual_shift,amplitude_mad_multiple,1.0,0.0335693359375,136971,137030,60,2026-08-04 15:20:19.260255+00:00,2026-08-04 15:49:49.266699+00:00,2026-08-04,train,False
786,scd_humidity_pct,gradual_shift,amplitude_mad_multiple,1.0,0.0335693359375,73758,73817,60,2026-07-13 16:28:42.496504+00:00,2026-07-13 16:58:12.501530+00:00,2026-07-13,train,False
787,scd_humidity_pct,gradual_shift,amplitude_mad_multiple,1.0,0.0335693359375,71820,71879,60,2026-07-13 00:19:42.332369+00:00,2026-07-13 00:49:12.337216+00:00,2026-07-13,train,False
788,scd_humidity_pct,gradual_shift,amplitude_mad_multiple,1.0,0.0335693359375,193300,193359,60,2026-08-24 13:39:15.155548+00:00,2026-08-24 14:08:45.160473+00:00,2026-08-24,test,False
789,scd_humidity_pct,gradual_shift,amplitude_mad_multiple,1.0,0.0335693359375,87651,87710,60,2026-07-18 12:15:13.705020+00:00,2026-07-18 12:44:43.710022+00:00,2026-07-18,train,False
790,scd_humidity_pct,gradual_shift,amplitude_mad_multiple,1.0,0.0335693359375,193524,193583,60,2026-08-24 15:31:15.179147+00:00,2026-08-24 16:00:45.183987+00:00,2026-08-24,test,False
791,scd_humidity_pct,gradual_shift,amplitude_mad_multiple,1.0,0.0335693359375,251883,251942,60,2026-09-15 17:05:07.455606+00:00,2026-09-15 17:34:37.460476+00:00,2026-09-15,train,False
792,scd_humidity_pct,gradual_shift,amplitude_mad_multiple,1.0,0.0335693359375,24170,24229,60,2026-06-26 10:37:16.507925+00:00,2026-06-26 11:06:46.512899+00:00,2026-06-26,test,False
793,scd_humidity_pct,gradual_shift,amplitude_mad_multiple,1.0,0.0335693359375,1944,2003,60,2026-06-18 13:36:16.005196+00:00,2026-06-18 14:05:46.010012+00:00,2026-06-18,train,False
794,scd_humidity_pct,gradual_shift,amplitude_mad_multiple,1.0,0.0335693359375,207738,207797,60,2026-08-29 13:58:16.385621+00:00,2026-08-29 14:27:46.390363+00:00,2026-08-29,test,False
795,scd_humidity_pct,gradual_shift,amplitude_mad_multiple,1.0,0.0335693359375,137693,137752,60,2026-08-04 21:21:19.427977+00:00,2026-08-04 21:50:49.438632+00:00,2026-08-05,test,False
796,scd_humidity_pct,gradual_shift,amplitude_mad_multiple,1.0,0.0335693359375,130829,130888,60,2026-08-02 12:09:18.487746+00:00,2026-08-02 12:38:48.501299+00:00,2026-08-02,train,True
797,scd_humidity_pct,gradual_shift,amplitude_mad_multiple,2.0,0.0335693359375,150791,150850,60,2026-08-09 10:30:20.762380+00:00,2026-08-09 10:59:50.767625+00:00,2026-08-09,train,False
798,scd_humidity_pct,gradual_shift,amplitude_mad_multiple,2.0,0.0335693359375,136328,136387,60,2026-08-04 09:58:49.114608+00:00,2026-08-04 10:28:19.130311+00:00,2026-08-04,train,False
799,scd_humidity_pct,gradual_shift,amplitude_mad_multiple,2.0,0.0335693359375,84647,84706,60,2026-07-17 11:13:13.431583+00:00,2026-07-17 11:42:43.436565+00:00,2026-07-17,train,False
800,scd_humidity_pct,gradual_shift,amplitude_mad_multiple,2.0,0.0335693359375,72807,72866,60,2026-07-13 08:33:12.417532+00:00,2026-07-13 09:02:42.422441+00:00,2026-07-13,train,True
801,scd_humidity_pct,gradual_shift,amplitude_mad_multiple,2.0,0.0335693359375,110875,110934,60,2026-07-26 13:47:20.835500+00:00,2026-07-26 14:16:50.840378+00:00,2026-07-26,test,False
802,scd_humidity_pct,gradual_shift,amplitude_mad_multiple,2.0,0.0335693359375,236288,236347,60,2026-09-08 11:53:18.852856+00:00,2026-09-08 12:22:48.857647+00:00,2026-09-08,train,False
803,scd_humidity_pct,gradual_shift,amplitude_mad_multiple,2.0,0.0335693359375,83080,83139,60,2026-07-16 22:09:43.300223+00:00,2026-07-16 22:39:13.305048+00:00,2026-07-17,train,False
804,scd_humidity_pct,gradual_shift,amplitude_mad_multiple,2.0,0.0335693359375,51200,51259,60,2026-07-05 20:29:40.410106+00:00,2026-07-05 20:59:10.414914+00:00,2026-07-05,train,False
805,scd_humidity_pct,gradual_shift,amplitude_mad_multiple,2.0,0.0335693359375,112309,112368,60,2026-07-27 01:44:20.954268+00:00,2026-07-27 02:13:50.959195+00:00,2026-07-27,train,False
806,scd_humidity_pct,gradual_shift,amplitude_mad_multiple,2.0,0.0335693359375,35884,35943,60,2026-06-30 12:17:21.135037+00:00,2026-06-30 12:46:51.144094+00:00,2026-06-30,train,False
807,scd_humidity_pct,gradual_shift,amplitude_mad_multiple,2.0,0.0335693359375,198058,198117,60,2026-08-26 05:18:15.564308+00:00,2026-08-26 05:47:45.569232+00:00,2026-08-26,test,False
808,scd_humidity_pct,gradual_shift,amplitude_mad_multiple,2.0,0.0335693359375,26416,26475,60,2026-06-27 05:20:16.708064+00:00,2026-06-27 05:49:46.712923+00:00,2026-06-27,train,False
809,scd_humidity_pct,gradual_shift,amplitude_mad_multiple,2.0,0.0335693359375,175289,175348,60,2026-08-17 22:39:41.439799+00:00,2026-08-17 23:09:11.444894+00:00,2026-08-18,train,False
810,scd_humidity_pct,gradual_shift,amplitude_mad_multiple,2.0,0.0335693359375,68546,68605,60,2026-07-11 21:02:42.051127+00:00,2026-07-11 21:32:12.055963+00:00,2026-07-12,test,False
811,scd_humidity_pct,gradual_shift,amplitude_mad_multiple,2.0,0.0335693359375,123739,123798,60,2026-07-31 00:59:57.743210+00:00,2026-07-31 01:29:27.748070+00:00,2026-07-31,train,False
812,scd_humidity_pct,gradual_shift,amplitude_mad_multiple,2.0,0.0335693359375,51579,51638,60,2026-07-05 23:39:10.441016+00:00,2026-07-06 00:08:40.445786+00:00,2026-07-06,train,True
813,scd_humidity_pct,gradual_shift,amplitude_mad_multiple,2.0,0.0335693359375,192682,192741,60,2026-08-24 08:30:15.100558+00:00,2026-08-24 08:59:45.107339+00:00,2026-08-24,test,False
814,scd_humidity_pct,gradual_shift,amplitude_mad_multiple,2.0,0.0335693359375,250587,250646,60,2026-09-15 06:17:07.349090+00:00,2026-09-15 06:46:37.353897+00:00,2026-09-15,train,True
815,scd_humidity_pct,gradual_shift,amplitude_mad_multiple,2.0,0.0335693359375,57596,57655,60,2026-07-08 01:47:40.965046+00:00,2026-07-08 02:17:10.969897+00:00,2026-07-08,train,True
816,scd_humidity_pct,gradual_shift,amplitude_mad_multiple,4.0,0.0335693359375,251136,251195,60,2026-09-15 10:51:37.394125+00:00,2026-09-15 11:21:07.398962+00:00,2026-09-15,train,False
817,scd_humidity_pct,gradual_shift,amplitude_mad_multiple,4.0,0.0335693359375,84786,84845,60,2026-07-17 12:22:43.443179+00:00,2026-07-17 12:52:13.448060+00:00,2026-07-17,train,False
818,scd_humidity_pct,gradual_shift,amplitude_mad_multiple,4.0,0.0335693359375,146614,146673,60,2026-08-07 23:41:50.362963+00:00,2026-08-08 00:11:20.368400+00:00,2026-08-08,train,False
819,scd_humidity_pct,gradual_shift,amplitude_mad_multiple,4.0,0.0335693359375,182998,183057,60,2026-08-20 23:48:14.280303+00:00,2026-08-21 00:17:44.285142+00:00,2026-08-21,train,False
820,scd_humidity_pct,gradual_shift,amplitude_mad_multiple,4.0,0.0335693359375,53273,53332,60,2026-07-06 13:46:10.590350+00:00,2026-07-06 14:15:40.595229+00:00,2026-07-06,train,False
821,scd_humidity_pct,gradual_shift,amplitude_mad_multiple,4.0,0.0335693359375,18882,18941,60,2026-06-24 10:57:21.818657+00:00,2026-06-24 11:26:51.823467+00:00,2026-06-24,train,False
822,scd_humidity_pct,gradual_shift,amplitude_mad_multiple,4.0,0.0335693359375,183234,183293,60,2026-08-21 01:46:14.299629+00:00,2026-08-21 02:15:44.304356+00:00,2026-08-21,train,False
823,scd_humidity_pct,gradual_shift,amplitude_mad_multiple,4.0,0.0335693359375,109832,109891,60,2026-07-26 05:05:50.749180+00:00,2026-07-26 05:35:20.754039+00:00,2026-07-26,test,False
824,scd_humidity_pct,gradual_shift,amplitude_mad_multiple,4.0,0.0335693359375,236733,236792,60,2026-09-08 15:35:48.889116+00:00,2026-09-08 16:05:18.894046+00:00,2026-09-08,train,False
825,scd_humidity_pct,gradual_shift,amplitude_mad_multiple,4.0,0.0335693359375,241237,241296,60,2026-09-10 05:07:49.281176+00:00,2026-09-10 05:37:19.285953+00:00,2026-09-10,train,False
826,scd_humidity_pct,gradual_shift,amplitude_mad_multiple,4.0,0.0335693359375,34891,34950,60,2026-06-30 04:00:51.036498+00:00,2026-06-30 04:30:21.049798+00:00,2026-06-30,train,True
827,scd_humidity_pct,gradual_shift,amplitude_mad_multiple,4.0,0.0335693359375,160610,160669,60,2026-08-12 20:19:51.731647+00:00,2026-08-12 20:49:21.736535+00:00,2026-08-12,test,False
828,scd_humidity_pct,gradual_shift,amplitude_mad_multiple,4.0,0.0335693359375,80226,80285,60,2026-07-15 22:22:43.058347+00:00,2026-07-15 22:52:13.063442+00:00,2026-07-16,test,False
829,scd_humidity_pct,gradual_shift,amplitude_mad_multiple,4.0,0.0335693359375,22669,22728,60,2026-06-25 21:48:48.771578+00:00,2026-06-25 22:18:18.776399+00:00,2026-06-26,test,False
830,scd_humidity_pct,gradual_shift,amplitude_mad_multiple,4.0,0.0335693359375,174535,174594,60,2026-08-17 16:22:41.278190+00:00,2026-08-17 16:52:11.293078+00:00,2026-08-17,test,False
831,scd_humidity_pct,gradual_shift,amplitude_mad_multiple,4.0,0.0335693359375,61375,61434,60,2026-07-09 09:17:11.443352+00:00,2026-07-09 09:46:41.448198+00:00,2026-07-09,train,False
832,scd_humidity_pct,gradual_shift,amplitude_mad_multiple,4.0,0.0335693359375,151054,151113,60,2026-08-09 12:41:50.786738+00:00,2026-08-09 13:11:20.795543+00:00,2026-08-09,train,False
833,scd_humidity_pct,gradual_shift,amplitude_mad_multiple,4.0,0.0335693359375,260610,260669,60,2026-09-18 17:48:38.218639+00:00,2026-09-18 18:18:08.223577+00:00,2026-09-18,train,False
834,scd_humidity_pct,gradual_shift,amplitude_mad_multiple,8.0,0.0335693359375,85693,85752,60,2026-07-17 19:56:13.517726+00:00,2026-07-17 20:25:43.522616+00:00,2026-07-17,train,True
835,scd_humidity_pct,gradual_shift,amplitude_mad_multiple,8.0,0.0335693359375,28640,28699,60,2026-06-27 23:52:16.910454+00:00,2026-06-28 00:21:46.915300+00:00,2026-06-28,train,False
836,scd_humidity_pct,gradual_shift,amplitude_mad_multiple,8.0,0.0335693359375,122185,122244,60,2026-07-30 12:02:57.582808+00:00,2026-07-30 12:32:27.587777+00:00,2026-07-30,train,False
837,scd_humidity_pct,gradual_shift,amplitude_mad_multiple,8.0,0.0335693359375,194226,194285,60,2026-08-24 21:22:15.236081+00:00,2026-08-24 21:51:45.240868+00:00,2026-08-25,train,False
838,scd_humidity_pct,gradual_shift,amplitude_mad_multiple,8.0,0.0335693359375,77554,77613,60,2026-07-15 00:06:42.828017+00:00,2026-07-15 00:36:12.832968+00:00,2026-07-15,test,False
839,scd_humidity_pct,gradual_shift,amplitude_mad_multiple,8.0,0.0335693359375,38987,39046,60,2026-07-01 14:32:23.361570+00:00,2026-07-01 15:01:53.366385+00:00,2026-07-01,test,False
840,scd_humidity_pct,gradual_shift,amplitude_mad_multiple,8.0,0.0335693359375,167043,167102,60,2026-08-15 01:56:22.487447+00:00,2026-08-15 02:25:52.492688+00:00,2026-08-15,train,True
841,scd_humidity_pct,gradual_shift,amplitude_mad_multiple,8.0,0.0335693359375,79790,79849,60,2026-07-15 18:44:43.017158+00:00,2026-07-15 19:14:13.022015+00:00,2026-07-15,test,True
842,scd_humidity_pct,gradual_shift,amplitude_mad_multiple,8.0,0.0335693359375,149844,149903,60,2026-08-09 02:36:50.671809+00:00,2026-08-09 03:06:20.678017+00:00,2026-08-09,train,False
843,scd_humidity_pct,gradual_shift,amplitude_mad_multiple,8.0,0.0335693359375,243702,243761,60,2026-09-11 01:40:19.487742+00:00,2026-09-11 02:09:49.492581+00:00,2026-09-11,test,False
844,scd_humidity_pct,gradual_shift,amplitude_mad_multiple,8.0,0.0335693359375,76255,76314,60,2026-07-14 13:17:12.715970+00:00,2026-07-14 13:46:42.722509+00:00,2026-07-14,train,False
845,scd_humidity_pct,gradual_shift,amplitude_mad_multiple,8.0,0.0335693359375,134966,135025,60,2026-08-03 22:37:48.938470+00:00,2026-08-03 23:07:18.943721+00:00,2026-08-04,train,False
846,scd_humidity_pct,gradual_shift,amplitude_mad_multiple,8.0,0.0335693359375,212105,212164,60,2026-08-31 02:21:46.755010+00:00,2026-08-31 02:51:16.759826+00:00,2026-08-31,train,False
847,scd_humidity_pct,gradual_shift,amplitude_mad_multiple,8.0,0.0335693359375,180725,180784,60,2026-08-20 04:51:44.095281+00:00,2026-08-20 05:21:14.100046+00:00,2026-08-20,test,False
848,scd_humidity_pct,gradual_shift,amplitude_mad_multiple,8.0,0.0335693359375,199595,199654,60,2026-08-26 18:06:45.691185+00:00,2026-08-26 18:36:15.696047+00:00,2026-08-26,test,False
849,scd_humidity_pct,gradual_shift,amplitude_mad_multiple,8.0,0.0335693359375,205420,205479,60,2026-08-28 18:39:16.187626+00:00,2026-08-28 19:08:46.194938+00:00,2026-08-28,train,True
850,scd_humidity_pct,gradual_shift,amplitude_mad_multiple,8.0,0.0335693359375,140714,140773,60,2026-08-05 22:31:49.765369+00:00,2026-08-05 23:01:19.770352+00:00,2026-08-06,train,False
851,scd_humidity_pct,gradual_shift,amplitude_mad_multiple,8.0,0.0335693359375,141832,141891,60,2026-08-06 07:50:49.880821+00:00,2026-08-06 08:20:19.886229+00:00,2026-08-06,train,False
852,scd_humidity_pct,spike,amplitude_mad_multiple,0.5,0.0335693359375,189138,189138,1,2026-08-23 02:58:14.798441+00:00,2026-08-23 02:58:14.798441+00:00,2026-08-23,train,False
853,scd_humidity_pct,spike,amplitude_mad_multiple,0.5,0.0335693359375,116549,116549,1,2026-07-28 13:04:56.850541+00:00,2026-07-28 13:04:56.850541+00:00,2026-07-28,train,True
854,scd_humidity_pct,spike,amplitude_mad_multiple,0.5,0.0335693359375,100838,100838,1,2026-07-23 02:08:44.888125+00:00,2026-07-23 02:08:44.888125+00:00,2026-07-23,test,True
855,scd_humidity_pct,spike,amplitude_mad_multiple,0.5,0.0335693359375,17888,17888,1,2026-06-24 02:40:21.734463+00:00,2026-06-24 02:40:21.734463+00:00,2026-06-24,train,False
856,scd_humidity_pct,spike,amplitude_mad_multiple,0.5,0.0335693359375,42385,42385,1,2026-07-02 19:00:14.165958+00:00,2026-07-02 19:00:14.165958+00:00,2026-07-02,train,False
857,scd_humidity_pct,spike,amplitude_mad_multiple,0.5,0.0335693359375,63512,63512,1,2026-07-10 03:05:41.623005+00:00,2026-07-10 03:05:41.623005+00:00,2026-07-10,test,False
858,scd_humidity_pct,spike,amplitude_mad_multiple,0.5,0.0335693359375,175962,175962,1,2026-08-18 04:16:11.520199+00:00,2026-08-18 04:16:11.520199+00:00,2026-08-18,train,False
859,scd_humidity_pct,spike,amplitude_mad_multiple,0.5,0.0335693359375,230632,230632,1,2026-09-06 12:45:18.369146+00:00,2026-09-06 12:45:18.369146+00:00,2026-09-06,test,False
860,scd_humidity_pct,spike,amplitude_mad_multiple,0.5,0.0335693359375,136660,136660,1,2026-08-04 12:44:49.194573+00:00,2026-08-04 12:44:49.194573+00:00,2026-08-04,train,False
861,scd_humidity_pct,spike,amplitude_mad_multiple,0.5,0.0335693359375,212206,212206,1,2026-08-31 03:12:16.763224+00:00,2026-08-31 03:12:16.763224+00:00,2026-08-31,train,False
862,scd_humidity_pct,spike,amplitude_mad_multiple,0.5,0.0335693359375,137295,137295,1,2026-08-04 18:02:19.338673+00:00,2026-08-04 18:02:19.338673+00:00,2026-08-04,train,False
863,scd_humidity_pct,spike,amplitude_mad_multiple,0.5,0.0335693359375,81207,81207,1,2026-07-16 06:33:13.143791+00:00,2026-07-16 06:33:13.143791+00:00,2026-07-16,test,False
864,scd_humidity_pct,spike,amplitude_mad_multiple,0.5,0.0335693359375,62262,62262,1,2026-07-09 16:40:41.519199+00:00,2026-07-09 16:40:41.519199+00:00,2026-07-09,train,False
865,scd_humidity_pct,spike,amplitude_mad_multiple,0.5,0.0335693359375,54414,54414,1,2026-07-06 23:16:40.687974+00:00,2026-07-06 23:16:40.687974+00:00,2026-07-07,train,False
866,scd_humidity_pct,spike,amplitude_mad_multiple,0.5,0.0335693359375,8025,8025,1,2026-06-20 16:19:43.158145+00:00,2026-06-20 16:19:43.158145+00:00,2026-06-20,train,False
867,scd_humidity_pct,spike,amplitude_mad_multiple,0.5,0.0335693359375,28573,28573,1,2026-06-27 23:18:46.904935+00:00,2026-06-27 23:18:46.904935+00:00,2026-06-28,train,False
868,scd_humidity_pct,spike,amplitude_mad_multiple,0.5,0.0335693359375,32347,32347,1,2026-06-29 06:45:47.254123+00:00,2026-06-29 06:45:47.254123+00:00,2026-06-29,test,False
869,scd_humidity_pct,spike,amplitude_mad_multiple,0.5,0.0335693359375,35960,35960,1,2026-06-30 12:55:21.146019+00:00,2026-06-30 12:55:21.146019+00:00,2026-06-30,train,False
870,scd_humidity_pct,spike,amplitude_mad_multiple,0.5,0.0335693359375,117301,117301,1,2026-07-28 19:20:56.912948+00:00,2026-07-28 19:20:56.912948+00:00,2026-07-28,train,False
871,scd_humidity_pct,spike,amplitude_mad_multiple,0.5,0.0335693359375,85633,85633,1,2026-07-17 19:26:13.512854+00:00,2026-07-17 19:26:13.512854+00:00,2026-07-17,train,False
872,scd_humidity_pct,spike,amplitude_mad_multiple,1.0,0.0335693359375,26546,26546,1,2026-06-27 06:25:16.718846+00:00,2026-06-27 06:25:16.718846+00:00,2026-06-27,train,False
873,scd_humidity_pct,spike,amplitude_mad_multiple,1.0,0.0335693359375,171808,171808,1,2026-08-16 17:38:52.924156+00:00,2026-08-16 17:38:52.924156+00:00,2026-08-16,train,False
874,scd_humidity_pct,spike,amplitude_mad_multiple,1.0,0.0335693359375,262897,262897,1,2026-09-19 12:52:08.415675+00:00,2026-09-19 12:52:08.415675+00:00,2026-09-19,test,False
875,scd_humidity_pct,spike,amplitude_mad_multiple,1.0,0.0335693359375,39589,39589,1,2026-07-01 19:42:13.932189+00:00,2026-07-01 19:42:13.932189+00:00,2026-07-01,test,False
876,scd_humidity_pct,spike,amplitude_mad_multiple,1.0,0.0335693359375,90814,90814,1,2026-07-19 14:36:43.987921+00:00,2026-07-19 14:36:43.987921+00:00,2026-07-19,train,False
877,scd_humidity_pct,spike,amplitude_mad_multiple,1.0,0.0335693359375,214004,214004,1,2026-08-31 18:11:16.920010+00:00,2026-08-31 18:11:16.920010+00:00,2026-08-31,train,False
878,scd_humidity_pct,spike,amplitude_mad_multiple,1.0,0.0335693359375,43113,43113,1,2026-07-03 01:04:14.226505+00:00,2026-07-03 01:04:14.226505+00:00,2026-07-03,train,False
879,scd_humidity_pct,spike,amplitude_mad_multiple,1.0,0.0335693359375,165244,165244,1,2026-08-14 10:56:52.324226+00:00,2026-08-14 10:56:52.324226+00:00,2026-08-14,train,False
880,scd_humidity_pct,spike,amplitude_mad_multiple,1.0,0.0335693359375,222444,222444,1,2026-09-03 16:31:17.663672+00:00,2026-09-03 16:31:17.663672+00:00,2026-09-03,train,False
881,scd_humidity_pct,spike,amplitude_mad_multiple,1.0,0.0335693359375,182232,182232,1,2026-08-20 17:25:14.218407+00:00,2026-08-20 17:25:14.218407+00:00,2026-08-20,test,False
882,scd_humidity_pct,spike,amplitude_mad_multiple,1.0,0.0335693359375,90937,90937,1,2026-07-19 15:38:13.998164+00:00,2026-07-19 15:38:13.998164+00:00,2026-07-19,train,False
883,scd_humidity_pct,spike,amplitude_mad_multiple,1.0,0.0335693359375,40723,40723,1,2026-07-02 05:09:14.025348+00:00,2026-07-02 05:09:14.025348+00:00,2026-07-02,train,False
884,scd_humidity_pct,spike,amplitude_mad_multiple,1.0,0.0335693359375,237887,237887,1,2026-09-09 01:12:48.991814+00:00,2026-09-09 01:12:48.991814+00:00,2026-09-09,train,False
885,scd_humidity_pct,spike,amplitude_mad_multiple,1.0,0.0335693359375,153704,153704,1,2026-08-10 10:46:51.045413+00:00,2026-08-10 10:46:51.045413+00:00,2026-08-10,train,False
886,scd_humidity_pct,spike,amplitude_mad_multiple,1.0,0.0335693359375,38333,38333,1,2026-07-01 09:04:42.550451+00:00,2026-07-01 09:04:42.550451+00:00,2026-07-01,test,False
887,scd_humidity_pct,spike,amplitude_mad_multiple,1.0,0.0335693359375,24841,24841,1,2026-06-26 16:12:46.565856+00:00,2026-06-26 16:12:46.565856+00:00,2026-06-26,test,False
888,scd_humidity_pct,spike,amplitude_mad_multiple,1.0,0.0335693359375,62487,62487,1,2026-07-09 18:33:11.538552+00:00,2026-07-09 18:33:11.538552+00:00,2026-07-09,train,False
889,scd_humidity_pct,spike,amplitude_mad_multiple,1.0,0.0335693359375,138749,138749,1,2026-08-05 06:09:19.592447+00:00,2026-08-05 06:09:19.592447+00:00,2026-08-05,test,False
890,scd_humidity_pct,spike,amplitude_mad_multiple,1.0,0.0335693359375,107259,107259,1,2026-07-25 07:39:20.433405+00:00,2026-07-25 07:39:20.433405+00:00,2026-07-25,train,False
891,scd_humidity_pct,spike,amplitude_mad_multiple,1.0,0.0335693359375,145036,145036,1,2026-08-07 10:32:50.195133+00:00,2026-08-07 10:32:50.195133+00:00,2026-08-07,train,False
892,scd_humidity_pct,spike,amplitude_mad_multiple,2.0,0.0335693359375,114112,114112,1,2026-07-27 16:45:51.105844+00:00,2026-07-27 16:45:51.105844+00:00,2026-07-27,train,False
893,scd_humidity_pct,spike,amplitude_mad_multiple,2.0,0.0335693359375,232940,232940,1,2026-09-07 07:59:18.561111+00:00,2026-09-07 07:59:18.561111+00:00,2026-09-07,test,False
894,scd_humidity_pct,spike,amplitude_mad_multiple,2.0,0.0335693359375,31495,31495,1,2026-06-28 23:39:47.163397+00:00,2026-06-28 23:39:47.163397+00:00,2026-06-29,test,False
895,scd_humidity_pct,spike,amplitude_mad_multiple,2.0,0.0335693359375,167389,167389,1,2026-08-15 04:49:22.516358+00:00,2026-08-15 04:49:22.516358+00:00,2026-08-15,train,False
896,scd_humidity_pct,spike,amplitude_mad_multiple,2.0,0.0335693359375,158958,158958,1,2026-08-12 06:33:51.567393+00:00,2026-08-12 06:33:51.567393+00:00,2026-08-12,test,False
897,scd_humidity_pct,spike,amplitude_mad_multiple,2.0,0.0335693359375,147875,147875,1,2026-08-08 10:12:20.471424+00:00,2026-08-08 10:12:20.471424+00:00,2026-08-08,train,False
898,scd_humidity_pct,spike,amplitude_mad_multiple,2.0,0.0335693359375,69224,69224,1,2026-07-12 02:41:42.109895+00:00,2026-07-12 02:41:42.109895+00:00,2026-07-12,test,False
899,scd_humidity_pct,spike,amplitude_mad_multiple,2.0,0.0335693359375,62862,62862,1,2026-07-09 21:40:41.569441+00:00,2026-07-09 21:40:41.569441+00:00,2026-07-10,test,False
900,scd_humidity_pct,spike,amplitude_mad_multiple,2.0,0.0335693359375,125468,125468,1,2026-07-31 15:28:48.014629+00:00,2026-07-31 15:28:48.014629+00:00,2026-07-31,train,False
901,scd_humidity_pct,spike,amplitude_mad_multiple,2.0,0.0335693359375,232573,232573,1,2026-09-07 04:55:48.531119+00:00,2026-09-07 04:55:48.531119+00:00,2026-09-07,test,False
902,scd_humidity_pct,spike,amplitude_mad_multiple,2.0,0.0335693359375,3625,3625,1,2026-06-19 03:39:42.801822+00:00,2026-06-19 03:39:42.801822+00:00,2026-06-19,test,False
903,scd_humidity_pct,spike,amplitude_mad_multiple,2.0,0.0335693359375,165780,165780,1,2026-08-14 15:24:52.373840+00:00,2026-08-14 15:24:52.373840+00:00,2026-08-14,train,False
904,scd_humidity_pct,spike,amplitude_mad_multiple,2.0,0.0335693359375,26543,26543,1,2026-06-27 06:23:46.718589+00:00,2026-06-27 06:23:46.718589+00:00,2026-06-27,train,False
905,scd_humidity_pct,spike,amplitude_mad_multiple,2.0,0.0335693359375,168133,168133,1,2026-08-15 11:01:22.591602+00:00,2026-08-15 11:01:22.591602+00:00,2026-08-15,train,False
906,scd_humidity_pct,spike,amplitude_mad_multiple,2.0,0.0335693359375,134750,134750,1,2026-08-03 20:49:48.912186+00:00,2026-08-03 20:49:48.912186+00:00,2026-08-03,test,False
907,scd_humidity_pct,spike,amplitude_mad_multiple,2.0,0.0335693359375,155898,155898,1,2026-08-11 05:03:51.270720+00:00,2026-08-11 05:03:51.270720+00:00,2026-08-11,train,True
908,scd_humidity_pct,spike,amplitude_mad_multiple,2.0,0.0335693359375,188013,188013,1,2026-08-22 17:35:44.703515+00:00,2026-08-22 17:35:44.703515+00:00,2026-08-22,train,True
909,scd_humidity_pct,spike,amplitude_mad_multiple,2.0,0.0335693359375,174451,174451,1,2026-08-17 15:40:41.250352+00:00,2026-08-17 15:40:41.250352+00:00,2026-08-17,test,False
910,scd_humidity_pct,spike,amplitude_mad_multiple,2.0,0.0335693359375,69241,69241,1,2026-07-12 02:50:12.111299+00:00,2026-07-12 02:50:12.111299+00:00,2026-07-12,test,False
911,scd_humidity_pct,spike,amplitude_mad_multiple,2.0,0.0335693359375,197488,197488,1,2026-08-26 00:33:15.516723+00:00,2026-08-26 00:33:15.516723+00:00,2026-08-26,test,False
912,scd_humidity_pct,spike,amplitude_mad_multiple,4.0,0.0335693359375,131799,131799,1,2026-08-02 20:14:18.591847+00:00,2026-08-02 20:14:18.591847+00:00,2026-08-02,train,False
913,scd_humidity_pct,spike,amplitude_mad_multiple,4.0,0.0335693359375,229299,229299,1,2026-09-06 01:38:48.251262+00:00,2026-09-06 01:38:48.251262+00:00,2026-09-06,test,False
914,scd_humidity_pct,spike,amplitude_mad_multiple,4.0,0.0335693359375,168549,168549,1,2026-08-15 14:29:22.630681+00:00,2026-08-15 14:29:22.630681+00:00,2026-08-15,train,False
915,scd_humidity_pct,spike,amplitude_mad_multiple,4.0,0.0335693359375,124863,124863,1,2026-07-31 10:26:17.933547+00:00,2026-07-31 10:26:17.933547+00:00,2026-07-31,train,False
916,scd_humidity_pct,spike,amplitude_mad_multiple,4.0,0.0335693359375,167214,167214,1,2026-08-15 03:21:52.501910+00:00,2026-08-15 03:21:52.501910+00:00,2026-08-15,train,False
917,scd_humidity_pct,spike,amplitude_mad_multiple,4.0,0.0335693359375,47389,47389,1,2026-07-04 12:44:10.098833+00:00,2026-07-04 12:44:10.098833+00:00,2026-07-04,test,False
918,scd_humidity_pct,spike,amplitude_mad_multiple,4.0,0.0335693359375,27157,27157,1,2026-06-27 11:30:46.770532+00:00,2026-06-27 11:30:46.770532+00:00,2026-06-27,train,False
919,scd_humidity_pct,spike,amplitude_mad_multiple,4.0,0.0335693359375,142362,142362,1,2026-08-06 12:15:49.926143+00:00,2026-08-06 12:15:49.926143+00:00,2026-08-06,train,False
920,scd_humidity_pct,spike,amplitude_mad_multiple,4.0,0.0335693359375,54992,54992,1,2026-07-07 04:05:40.738061+00:00,2026-07-07 04:05:40.738061+00:00,2026-07-07,train,False
921,scd_humidity_pct,spike,amplitude_mad_multiple,4.0,0.0335693359375,59672,59672,1,2026-07-08 19:05:41.301267+00:00,2026-07-08 19:05:41.301267+00:00,2026-07-08,train,False
922,scd_humidity_pct,spike,amplitude_mad_multiple,4.0,0.0335693359375,251867,251867,1,2026-09-15 16:57:07.454274+00:00,2026-09-15 16:57:07.454274+00:00,2026-09-15,train,False
923,scd_humidity_pct,spike,amplitude_mad_multiple,4.0,0.0335693359375,148355,148355,1,2026-08-08 14:12:20.522628+00:00,2026-08-08 14:12:20.522628+00:00,2026-08-08,train,False
924,scd_humidity_pct,spike,amplitude_mad_multiple,4.0,0.0335693359375,173534,173534,1,2026-08-17 08:01:53.073231+00:00,2026-08-17 08:01:53.073231+00:00,2026-08-17,test,False
925,scd_humidity_pct,spike,amplitude_mad_multiple,4.0,0.0335693359375,226626,226626,1,2026-09-05 03:22:18.017871+00:00,2026-09-05 03:22:18.017871+00:00,2026-09-05,test,False
926,scd_humidity_pct,spike,amplitude_mad_multiple,4.0,0.0335693359375,55700,55700,1,2026-07-07 09:59:40.798639+00:00,2026-07-07 09:59:40.798639+00:00,2026-07-07,train,False
927,scd_humidity_pct,spike,amplitude_mad_multiple,4.0,0.0335693359375,237246,237246,1,2026-09-08 19:52:18.937368+00:00,2026-09-08 19:52:18.937368+00:00,2026-09-08,train,False
928,scd_humidity_pct,spike,amplitude_mad_multiple,4.0,0.0335693359375,222316,222316,1,2026-09-03 15:27:17.653115+00:00,2026-09-03 15:27:17.653115+00:00,2026-09-03,train,True
929,scd_humidity_pct,spike,amplitude_mad_multiple,4.0,0.0335693359375,241788,241788,1,2026-09-10 09:43:19.327776+00:00,2026-09-10 09:43:19.327776+00:00,2026-09-10,train,False
930,scd_humidity_pct,spike,amplitude_mad_multiple,4.0,0.0335693359375,50425,50425,1,2026-07-05 14:02:10.346782+00:00,2026-07-05 14:02:10.346782+00:00,2026-07-05,train,False
931,scd_humidity_pct,spike,amplitude_mad_multiple,8.0,0.0335693359375,172398,172398,1,2026-08-16 22:33:52.977095+00:00,2026-08-16 22:33:52.977095+00:00,2026-08-17,test,False
932,scd_humidity_pct,spike,amplitude_mad_multiple,8.0,0.0335693359375,170842,170842,1,2026-08-16 09:35:52.843258+00:00,2026-08-16 09:35:52.843258+00:00,2026-08-16,train,False
933,scd_humidity_pct,spike,amplitude_mad_multiple,8.0,0.0335693359375,263407,263407,1,2026-09-19 17:07:08.457659+00:00,2026-09-19 17:07:08.457659+00:00,2026-09-19,test,False
934,scd_humidity_pct,spike,amplitude_mad_multiple,8.0,0.0335693359375,231490,231490,1,2026-09-06 19:54:18.439630+00:00,2026-09-06 19:54:18.439630+00:00,2026-09-06,test,False
935,scd_humidity_pct,spike,amplitude_mad_multiple,8.0,0.0335693359375,96600,96600,1,2026-07-21 14:49:44.507366+00:00,2026-07-21 14:49:44.507366+00:00,2026-07-21,train,False
936,scd_humidity_pct,spike,amplitude_mad_multiple,8.0,0.0335693359375,35410,35410,1,2026-06-30 08:20:21.094361+00:00,2026-06-30 08:20:21.094361+00:00,2026-06-30,train,False
937,scd_humidity_pct,spike,amplitude_mad_multiple,8.0,0.0335693359375,192786,192786,1,2026-08-24 09:22:15.111047+00:00,2026-08-24 09:22:15.111047+00:00,2026-08-24,test,False
938,scd_humidity_pct,spike,amplitude_mad_multiple,8.0,0.0335693359375,12288,12288,1,2026-06-22 03:51:13.507734+00:00,2026-06-22 03:51:13.507734+00:00,2026-06-22,test,False
939,scd_humidity_pct,spike,amplitude_mad_multiple,8.0,0.0335693359375,229522,229522,1,2026-09-06 03:30:18.272573+00:00,2026-09-06 03:30:18.272573+00:00,2026-09-06,test,False
940,scd_humidity_pct,spike,amplitude_mad_multiple,8.0,0.0335693359375,32445,32445,1,2026-06-29 07:34:47.262289+00:00,2026-06-29 07:34:47.262289+00:00,2026-06-29,test,True
941,scd_humidity_pct,spike,amplitude_mad_multiple,8.0,0.0335693359375,170161,170161,1,2026-08-16 03:55:22.783137+00:00,2026-08-16 03:55:22.783137+00:00,2026-08-16,train,False
942,scd_humidity_pct,spike,amplitude_mad_multiple,8.0,0.0335693359375,132568,132568,1,2026-08-03 02:38:48.656543+00:00,2026-08-03 02:38:48.656543+00:00,2026-08-03,test,False
943,scd_humidity_pct,spike,amplitude_mad_multiple,8.0,0.0335693359375,247653,247653,1,2026-09-12 10:35:49.833316+00:00,2026-09-12 10:35:49.833316+00:00,2026-09-12,train,True
944,scd_humidity_pct,spike,amplitude_mad_multiple,8.0,0.0335693359375,107461,107461,1,2026-07-25 09:20:20.450023+00:00,2026-07-25 09:20:20.450023+00:00,2026-07-25,train,False
945,scd_humidity_pct,spike,amplitude_mad_multiple,8.0,0.0335693359375,191942,191942,1,2026-08-24 02:20:15.036801+00:00,2026-08-24 02:20:15.036801+00:00,2026-08-24,test,False
946,scd_humidity_pct,spike,amplitude_mad_multiple,8.0,0.0335693359375,141999,141999,1,2026-08-06 09:14:19.895426+00:00,2026-08-06 09:14:19.895426+00:00,2026-08-06,train,False
947,scd_humidity_pct,spike,amplitude_mad_multiple,8.0,0.0335693359375,116915,116915,1,2026-07-28 16:07:56.880889+00:00,2026-07-28 16:07:56.880889+00:00,2026-07-28,train,False
948,scd_humidity_pct,spike,amplitude_mad_multiple,8.0,0.0335693359375,10719,10719,1,2026-06-21 14:46:43.376238+00:00,2026-06-21 14:46:43.376238+00:00,2026-06-21,train,False
949,scd_humidity_pct,spike,amplitude_mad_multiple,8.0,0.0335693359375,184708,184708,1,2026-08-21 14:03:14.420847+00:00,2026-08-21 14:03:14.420847+00:00,2026-08-21,train,False
950,scd_humidity_pct,noise_burst,amplitude_mad_multiple,0.5,0.0335693359375,258026,258085,60,2026-09-17 20:16:37.984751+00:00,2026-09-17 20:46:07.989641+00:00,2026-09-17,train,False
951,scd_humidity_pct,noise_burst,amplitude_mad_multiple,0.5,0.0335693359375,39396,39455,60,2026-07-01 18:05:43.916312+00:00,2026-07-01 18:35:13.921168+00:00,2026-07-01,test,False
952,scd_humidity_pct,noise_burst,amplitude_mad_multiple,0.5,0.0335693359375,75029,75088,60,2026-07-14 03:04:12.603637+00:00,2026-07-14 03:33:42.608515+00:00,2026-07-14,train,False
953,scd_humidity_pct,noise_burst,amplitude_mad_multiple,0.5,0.0335693359375,195310,195369,60,2026-08-25 06:24:15.326886+00:00,2026-08-25 06:53:45.331730+00:00,2026-08-25,train,False
954,scd_humidity_pct,noise_burst,amplitude_mad_multiple,0.5,0.0335693359375,253770,253829,60,2026-09-16 08:48:37.615950+00:00,2026-09-16 09:18:07.620792+00:00,2026-09-16,train,False
955,scd_humidity_pct,noise_burst,amplitude_mad_multiple,0.5,0.0335693359375,196260,196319,60,2026-08-25 14:19:15.404861+00:00,2026-08-25 14:48:45.409577+00:00,2026-08-25,train,False
956,scd_humidity_pct,noise_burst,amplitude_mad_multiple,0.5,0.0335693359375,193436,193495,60,2026-08-24 14:47:15.168343+00:00,2026-08-24 15:16:45.176251+00:00,2026-08-24,test,False
957,scd_humidity_pct,noise_burst,amplitude_mad_multiple,0.5,0.0335693359375,121157,121216,60,2026-07-30 03:28:57.464918+00:00,2026-07-30 03:58:27.469753+00:00,2026-07-30,train,False
958,scd_humidity_pct,noise_burst,amplitude_mad_multiple,0.5,0.0335693359375,21154,21213,60,2026-06-25 09:11:18.646841+00:00,2026-06-25 09:40:48.651635+00:00,2026-06-25,train,False
959,scd_humidity_pct,noise_burst,amplitude_mad_multiple,0.5,0.0335693359375,109310,109369,60,2026-07-26 00:44:50.705236+00:00,2026-07-26 01:14:20.710319+00:00,2026-07-26,test,False
960,scd_humidity_pct,noise_burst,amplitude_mad_multiple,0.5,0.0335693359375,140326,140385,60,2026-08-05 19:17:49.730354+00:00,2026-08-05 19:47:19.735341+00:00,2026-08-05,test,False
961,scd_humidity_pct,noise_burst,amplitude_mad_multiple,0.5,0.0335693359375,83669,83728,60,2026-07-17 03:04:13.348728+00:00,2026-07-17 03:33:43.353522+00:00,2026-07-17,train,False
962,scd_humidity_pct,noise_burst,amplitude_mad_multiple,0.5,0.0335693359375,72087,72146,60,2026-07-13 02:33:12.354260+00:00,2026-07-13 03:02:42.358959+00:00,2026-07-13,train,False
963,scd_humidity_pct,noise_burst,amplitude_mad_multiple,0.5,0.0335693359375,161542,161601,60,2026-08-13 04:05:51.823045+00:00,2026-08-13 04:35:21.827906+00:00,2026-08-13,train,False
964,scd_humidity_pct,noise_burst,amplitude_mad_multiple,0.5,0.0335693359375,144469,144528,60,2026-08-07 05:49:20.117109+00:00,2026-08-07 06:18:50.122095+00:00,2026-08-07,train,True
965,scd_humidity_pct,noise_burst,amplitude_mad_multiple,0.5,0.0335693359375,99126,99185,60,2026-07-22 11:52:44.742951+00:00,2026-07-22 12:22:14.747880+00:00,2026-07-22,train,False
966,scd_humidity_pct,noise_burst,amplitude_mad_multiple,0.5,0.0335693359375,42912,42971,60,2026-07-02 23:23:44.209716+00:00,2026-07-02 23:53:14.214729+00:00,2026-07-03,train,False
967,scd_humidity_pct,noise_burst,amplitude_mad_multiple,0.5,0.0335693359375,117534,117593,60,2026-07-28 21:17:26.958448+00:00,2026-07-28 21:46:56.968986+00:00,2026-07-29,train,True
968,scd_humidity_pct,noise_burst,amplitude_mad_multiple,1.0,0.0335693359375,136115,136174,60,2026-08-04 08:12:19.071874+00:00,2026-08-04 08:41:49.082588+00:00,2026-08-04,train,True
969,scd_humidity_pct,noise_burst,amplitude_mad_multiple,1.0,0.0335693359375,16562,16621,60,2026-06-23 15:37:21.626107+00:00,2026-06-23 16:06:51.630870+00:00,2026-06-23,train,True
970,scd_humidity_pct,noise_burst,amplitude_mad_multiple,1.0,0.0335693359375,77441,77500,60,2026-07-14 23:10:12.818245+00:00,2026-07-14 23:39:42.823537+00:00,2026-07-15,test,False
971,scd_humidity_pct,noise_burst,amplitude_mad_multiple,1.0,0.0335693359375,16375,16434,60,2026-06-23 14:03:51.610982+00:00,2026-06-23 14:33:21.615761+00:00,2026-06-23,train,False
972,scd_humidity_pct,noise_burst,amplitude_mad_multiple,1.0,0.0335693359375,216012,216071,60,2026-09-01 10:55:17.101301+00:00,2026-09-01 11:24:47.109261+00:00,2026-09-01,train,False
973,scd_humidity_pct,noise_burst,amplitude_mad_multiple,1.0,0.0335693359375,216608,216667,60,2026-09-01 15:53:17.154186+00:00,2026-09-01 16:22:47.158916+00:00,2026-09-01,train,True
974,scd_humidity_pct,noise_burst,amplitude_mad_multiple,1.0,0.0335693359375,110696,110755,60,2026-07-26 12:17:50.820631+00:00,2026-07-26 12:47:20.825545+00:00,2026-07-26,test,False
975,scd_humidity_pct,noise_burst,amplitude_mad_multiple,1.0,0.0335693359375,238764,238823,60,2026-09-09 08:31:19.070990+00:00,2026-09-09 09:00:49.075782+00:00,2026-09-09,train,True
976,scd_humidity_pct,noise_burst,amplitude_mad_multiple,1.0,0.0335693359375,236958,237017,60,2026-09-08 17:28:18.907894+00:00,2026-09-08 17:57:48.914805+00:00,2026-09-08,train,False
977,scd_humidity_pct,noise_burst,amplitude_mad_multiple,1.0,0.0335693359375,73511,73570,60,2026-07-13 14:25:12.476026+00:00,2026-07-13 14:54:42.480927+00:00,2026-07-13,train,False
978,scd_humidity_pct,noise_burst,amplitude_mad_multiple,1.0,0.0335693359375,7432,7491,60,2026-06-20 11:23:13.110492+00:00,2026-06-20 11:52:43.115209+00:00,2026-06-20,train,False
979,scd_humidity_pct,noise_burst,amplitude_mad_multiple,1.0,0.0335693359375,188309,188368,60,2026-08-22 20:03:44.730446+00:00,2026-08-22 20:33:14.735201+00:00,2026-08-22,train,False
980,scd_humidity_pct,noise_burst,amplitude_mad_multiple,1.0,0.0335693359375,31584,31643,60,2026-06-29 00:24:17.173200+00:00,2026-06-29 00:53:47.178113+00:00,2026-06-29,test,False
981,scd_humidity_pct,noise_burst,amplitude_mad_multiple,1.0,0.0335693359375,132631,132690,60,2026-08-03 03:10:18.661839+00:00,2026-08-03 03:39:48.666827+00:00,2026-08-03,test,False
982,scd_humidity_pct,noise_burst,amplitude_mad_multiple,1.0,0.0335693359375,141209,141268,60,2026-08-06 02:39:19.811348+00:00,2026-08-06 03:08:49.816091+00:00,2026-08-06,train,False
983,scd_humidity_pct,noise_burst,amplitude_mad_multiple,1.0,0.0335693359375,77716,77775,60,2026-07-15 01:27:42.841543+00:00,2026-07-15 01:57:12.846396+00:00,2026-07-15,test,False
984,scd_humidity_pct,noise_burst,amplitude_mad_multiple,1.0,0.0335693359375,52729,52788,60,2026-07-06 09:14:10.543194+00:00,2026-07-06 09:43:40.548036+00:00,2026-07-06,train,False
985,scd_humidity_pct,noise_burst,amplitude_mad_multiple,1.0,0.0335693359375,89026,89085,60,2026-07-18 23:42:43.824730+00:00,2026-07-19 00:12:13.829656+00:00,2026-07-19,train,False
986,scd_humidity_pct,noise_burst,amplitude_mad_multiple,1.0,0.0335693359375,209448,209507,60,2026-08-30 04:13:16.526791+00:00,2026-08-30 04:42:46.531616+00:00,2026-08-30,train,False
987,scd_humidity_pct,noise_burst,amplitude_mad_multiple,2.0,0.0335693359375,256828,256887,60,2026-09-17 10:17:37.881392+00:00,2026-09-17 10:47:07.886260+00:00,2026-09-17,train,False
988,scd_humidity_pct,noise_burst,amplitude_mad_multiple,2.0,0.0335693359375,122416,122475,60,2026-07-30 13:58:27.602105+00:00,2026-07-30 14:27:57.607004+00:00,2026-07-30,train,False
989,scd_humidity_pct,noise_burst,amplitude_mad_multiple,2.0,0.0335693359375,192199,192258,60,2026-08-24 04:28:45.058111+00:00,2026-08-24 04:58:15.062936+00:00,2026-08-24,test,False
990,scd_humidity_pct,noise_burst,amplitude_mad_multiple,2.0,0.0335693359375,111647,111706,60,2026-07-26 20:13:20.899427+00:00,2026-07-26 20:42:50.904308+00:00,2026-07-26,test,False
991,scd_humidity_pct,noise_burst,amplitude_mad_multiple,2.0,0.0335693359375,252165,252224,60,2026-09-15 19:26:07.478929+00:00,2026-09-15 19:55:37.483811+00:00,2026-09-15,train,False
992,scd_humidity_pct,noise_burst,amplitude_mad_multiple,2.0,0.0335693359375,253702,253761,60,2026-09-16 08:14:37.610342+00:00,2026-09-16 08:44:07.615186+00:00,2026-09-16,train,False
993,scd_humidity_pct,noise_burst,amplitude_mad_multiple,2.0,0.0335693359375,110308,110367,60,2026-07-26 09:03:50.788456+00:00,2026-07-26 09:33:20.793357+00:00,2026-07-26,test,False
994,scd_humidity_pct,noise_burst,amplitude_mad_multiple,2.0,0.0335693359375,148094,148153,60,2026-08-08 12:01:50.497161+00:00,2026-08-08 12:31:20.502939+00:00,2026-08-08,train,False
995,scd_humidity_pct,noise_burst,amplitude_mad_multiple,2.0,0.0335693359375,145880,145939,60,2026-08-07 17:34:50.282614+00:00,2026-08-07 18:04:20.290547+00:00,2026-08-07,train,False
996,scd_humidity_pct,noise_burst,amplitude_mad_multiple,2.0,0.0335693359375,66649,66708,60,2026-07-11 05:14:11.888709+00:00,2026-07-11 05:43:41.893608+00:00,2026-07-11,train,False
997,scd_humidity_pct,noise_burst,amplitude_mad_multiple,2.0,0.0335693359375,94071,94130,60,2026-07-20 17:45:14.301394+00:00,2026-07-20 18:14:44.306206+00:00,2026-07-20,test,False
998,scd_humidity_pct,noise_burst,amplitude_mad_multiple,2.0,0.0335693359375,257732,257791,60,2026-09-17 17:49:37.960619+00:00,2026-09-17 18:19:07.965434+00:00,2026-09-17,train,True
999,scd_humidity_pct,noise_burst,amplitude_mad_multiple,2.0,0.0335693359375,254131,254190,60,2026-09-16 11:49:07.648817+00:00,2026-09-16 12:18:37.653676+00:00,2026-09-16,train,False
1000,scd_humidity_pct,noise_burst,amplitude_mad_multiple,2.0,0.0335693359375,195663,195722,60,2026-08-25 09:20:45.355715+00:00,2026-08-25 09:50:15.360537+00:00,2026-08-25,train,False
1001,scd_humidity_pct,noise_burst,amplitude_mad_multiple,2.0,0.0335693359375,119556,119615,60,2026-07-29 14:08:27.204638+00:00,2026-07-29 14:37:57.224320+00:00,2026-07-29,train,False
1002,scd_humidity_pct,noise_burst,amplitude_mad_multiple,2.0,0.0335693359375,155446,155505,60,2026-08-11 01:17:51.222237+00:00,2026-08-11 01:47:21.227130+00:00,2026-08-11,train,False
1003,scd_humidity_pct,noise_burst,amplitude_mad_multiple,2.0,0.0335693359375,161714,161773,60,2026-08-13 05:31:51.838865+00:00,2026-08-13 06:01:21.848520+00:00,2026-08-13,train,False
1004,scd_humidity_pct,noise_burst,amplitude_mad_multiple,2.0,0.0335693359375,35198,35257,60,2026-06-30 06:34:21.070365+00:00,2026-06-30 07:03:51.079024+00:00,2026-06-30,train,False
1005,scd_humidity_pct,noise_burst,amplitude_mad_multiple,2.0,0.0335693359375,143134,143193,60,2026-08-06 18:41:49.998113+00:00,2026-08-06 19:11:20.003082+00:00,2026-08-06,train,True
1006,scd_humidity_pct,noise_burst,amplitude_mad_multiple,4.0,0.0335693359375,253426,253485,60,2026-09-16 05:56:37.587837+00:00,2026-09-16 06:26:07.592606+00:00,2026-09-16,train,False
1007,scd_humidity_pct,noise_burst,amplitude_mad_multiple,4.0,0.0335693359375,96455,96514,60,2026-07-21 13:37:14.495885+00:00,2026-07-21 14:06:44.500499+00:00,2026-07-21,train,True
1008,scd_humidity_pct,noise_burst,amplitude_mad_multiple,4.0,0.0335693359375,238600,238659,60,2026-09-09 07:09:19.054462+00:00,2026-09-09 07:38:49.062426+00:00,2026-09-09,train,True
1009,scd_humidity_pct,noise_burst,amplitude_mad_multiple,4.0,0.0335693359375,30512,30571,60,2026-06-28 15:28:17.077193+00:00,2026-06-28 15:57:47.082124+00:00,2026-06-28,train,True
1010,scd_humidity_pct,noise_burst,amplitude_mad_multiple,4.0,0.0335693359375,66030,66089,60,2026-07-11 00:04:41.836993+00:00,2026-07-11 00:34:11.841901+00:00,2026-07-11,train,False
1011,scd_humidity_pct,noise_burst,amplitude_mad_multiple,4.0,0.0335693359375,203345,203404,60,2026-08-28 01:21:46.012012+00:00,2026-08-28 01:51:16.016908+00:00,2026-08-28,train,False
1012,scd_humidity_pct,noise_burst,amplitude_mad_multiple,4.0,0.0335693359375,70331,70390,60,2026-07-12 11:55:12.208625+00:00,2026-07-12 12:24:42.213509+00:00,2026-07-12,test,True
1013,scd_humidity_pct,noise_burst,amplitude_mad_multiple,4.0,0.0335693359375,163215,163274,60,2026-08-13 18:02:21.988567+00:00,2026-08-13 18:31:51.993873+00:00,2026-08-13,train,False
1014,scd_humidity_pct,noise_burst,amplitude_mad_multiple,4.0,0.0335693359375,239102,239161,60,2026-09-09 11:20:19.099112+00:00,2026-09-09 11:49:49.103982+00:00,2026-09-09,train,False
1015,scd_humidity_pct,noise_burst,amplitude_mad_multiple,4.0,0.0335693359375,171543,171602,60,2026-08-16 15:26:22.901651+00:00,2026-08-16 15:55:52.906498+00:00,2026-08-16,train,False
1016,scd_humidity_pct,noise_burst,amplitude_mad_multiple,4.0,0.0335693359375,234588,234647,60,2026-09-07 21:43:18.698826+00:00,2026-09-07 22:12:48.703688+00:00,2026-09-08,train,True
1017,scd_humidity_pct,noise_burst,amplitude_mad_multiple,4.0,0.0335693359375,178473,178532,60,2026-08-19 10:05:43.905598+00:00,2026-08-19 10:35:13.910394+00:00,2026-08-19,train,True
1018,scd_humidity_pct,noise_burst,amplitude_mad_multiple,4.0,0.0335693359375,217741,217800,60,2026-09-02 01:19:47.249584+00:00,2026-09-02 01:49:17.254544+00:00,2026-09-02,train,False
1019,scd_humidity_pct,noise_burst,amplitude_mad_multiple,4.0,0.0335693359375,222472,222531,60,2026-09-03 16:45:17.665959+00:00,2026-09-03 17:14:47.670770+00:00,2026-09-03,train,False
1020,scd_humidity_pct,noise_burst,amplitude_mad_multiple,4.0,0.0335693359375,19193,19252,60,2026-06-24 13:32:51.843947+00:00,2026-06-24 14:02:21.848738+00:00,2026-06-24,train,False
1021,scd_humidity_pct,noise_burst,amplitude_mad_multiple,4.0,0.0335693359375,22030,22089,60,2026-06-25 16:29:18.718941+00:00,2026-06-25 16:58:48.723810+00:00,2026-06-25,train,True
1022,scd_humidity_pct,noise_burst,amplitude_mad_multiple,4.0,0.0335693359375,53482,53541,60,2026-07-06 15:30:40.607502+00:00,2026-07-06 16:00:10.612243+00:00,2026-07-06,train,False
1023,scd_humidity_pct,noise_burst,amplitude_mad_multiple,4.0,0.0335693359375,110181,110240,60,2026-07-26 08:00:20.777876+00:00,2026-07-26 08:29:50.782759+00:00,2026-07-26,test,False
1024,scd_humidity_pct,noise_burst,amplitude_mad_multiple,4.0,0.0335693359375,129189,129248,60,2026-08-01 22:29:18.342087+00:00,2026-08-01 22:58:48.347029+00:00,2026-08-02,train,False
1025,scd_humidity_pct,noise_burst,amplitude_mad_multiple,8.0,0.0335693359375,64063,64122,60,2026-07-10 07:41:11.668924+00:00,2026-07-10 08:10:41.673829+00:00,2026-07-10,test,False
1026,scd_humidity_pct,noise_burst,amplitude_mad_multiple,8.0,0.0335693359375,97539,97598,60,2026-07-21 22:39:14.586892+00:00,2026-07-21 23:08:44.591629+00:00,2026-07-22,train,False
1027,scd_humidity_pct,noise_burst,amplitude_mad_multiple,8.0,0.0335693359375,254537,254596,60,2026-09-16 15:12:07.682081+00:00,2026-09-16 15:41:37.686885+00:00,2026-09-16,train,False
1028,scd_humidity_pct,noise_burst,amplitude_mad_multiple,8.0,0.0335693359375,127538,127597,60,2026-08-01 08:43:48.204152+00:00,2026-08-01 09:13:18.209090+00:00,2026-08-01,test,False
1029,scd_humidity_pct,noise_burst,amplitude_mad_multiple,8.0,0.0335693359375,96690,96749,60,2026-07-21 15:34:44.514711+00:00,2026-07-21 16:04:14.519606+00:00,2026-07-21,train,False
1030,scd_humidity_pct,noise_burst,amplitude_mad_multiple,8.0,0.0335693359375,97017,97076,60,2026-07-21 18:18:14.541342+00:00,2026-07-21 18:47:44.549561+00:00,2026-07-21,train,True
1031,scd_humidity_pct,noise_burst,amplitude_mad_multiple,8.0,0.0335693359375,140917,140976,60,2026-08-06 00:13:19.786033+00:00,2026-08-06 00:42:49.791527+00:00,2026-08-06,train,False
1032,scd_humidity_pct,noise_burst,amplitude_mad_multiple,8.0,0.0335693359375,89417,89476,60,2026-07-19 02:58:13.860171+00:00,2026-07-19 03:27:43.865097+00:00,2026-07-19,train,False
1033,scd_humidity_pct,noise_burst,amplitude_mad_multiple,8.0,0.0335693359375,27294,27353,60,2026-06-27 12:39:16.785466+00:00,2026-06-27 13:08:46.790378+00:00,2026-06-27,train,False
1034,scd_humidity_pct,noise_burst,amplitude_mad_multiple,8.0,0.0335693359375,252926,252985,60,2026-09-16 01:46:37.543931+00:00,2026-09-16 02:16:07.548750+00:00,2026-09-16,train,True
1035,scd_humidity_pct,noise_burst,amplitude_mad_multiple,8.0,0.0335693359375,104312,104371,60,2026-07-24 07:05:46.184324+00:00,2026-07-24 07:35:16.189279+00:00,2026-07-24,train,False
1036,scd_humidity_pct,noise_burst,amplitude_mad_multiple,8.0,0.0335693359375,77900,77959,60,2026-07-15 02:59:42.856730+00:00,2026-07-15 03:29:12.861615+00:00,2026-07-15,test,False
1037,scd_humidity_pct,noise_burst,amplitude_mad_multiple,8.0,0.0335693359375,139829,139888,60,2026-08-05 15:09:19.688097+00:00,2026-08-05 15:38:49.692914+00:00,2026-08-05,test,True
1038,scd_humidity_pct,noise_burst,amplitude_mad_multiple,8.0,0.0335693359375,91918,91977,60,2026-07-19 23:48:44.089866+00:00,2026-07-20 00:18:14.094785+00:00,2026-07-20,test,False
1039,scd_humidity_pct,noise_burst,amplitude_mad_multiple,8.0,0.0335693359375,20562,20621,60,2026-06-25 04:15:18.598175+00:00,2026-06-25 04:44:48.603078+00:00,2026-06-25,train,False
1040,scd_humidity_pct,noise_burst,amplitude_mad_multiple,8.0,0.0335693359375,129794,129853,60,2026-08-02 03:31:48.392823+00:00,2026-08-02 04:01:18.397765+00:00,2026-08-02,train,False
1041,scd_humidity_pct,noise_burst,amplitude_mad_multiple,8.0,0.0335693359375,83854,83913,60,2026-07-17 04:36:43.365788+00:00,2026-07-17 05:06:13.370483+00:00,2026-07-17,train,False
1042,scd_humidity_pct,noise_burst,amplitude_mad_multiple,8.0,0.0335693359375,213071,213130,60,2026-08-31 10:24:46.840458+00:00,2026-08-31 10:54:16.845250+00:00,2026-08-31,train,False
1043,scd_humidity_pct,noise_burst,amplitude_mad_multiple,8.0,0.0335693359375,214225,214284,60,2026-08-31 20:01:46.938158+00:00,2026-08-31 20:31:16.942860+00:00,2026-08-31,train,False
1044,scd_humidity_pct,stuck_value,duration_samples,5.0,0.0335693359375,71734,71738,5,2026-07-12 23:36:42.325267+00:00,2026-07-12 23:38:42.325612+00:00,2026-07-13,train,False
1045,scd_humidity_pct,stuck_value,duration_samples,5.0,0.0335693359375,8356,8360,5,2026-06-20 19:05:13.184947+00:00,2026-06-20 19:07:13.185276+00:00,2026-06-20,train,False
1046,scd_humidity_pct,stuck_value,duration_samples,5.0,0.0335693359375,25440,25444,5,2026-06-26 21:12:16.622487+00:00,2026-06-26 21:14:16.622803+00:00,2026-06-27,train,True
1047,scd_humidity_pct,stuck_value,duration_samples,5.0,0.0335693359375,170243,170247,5,2026-08-16 04:36:22.790005+00:00,2026-08-16 04:38:22.790340+00:00,2026-08-16,train,False
1048,scd_humidity_pct,stuck_value,duration_samples,5.0,0.0335693359375,127305,127309,5,2026-08-01 06:47:18.184545+00:00,2026-08-01 06:49:18.184875+00:00,2026-08-01,test,False
1049,scd_humidity_pct,stuck_value,duration_samples,5.0,0.0335693359375,78564,78568,5,2026-07-15 08:31:42.912017+00:00,2026-07-15 08:33:42.912349+00:00,2026-07-15,test,False
1050,scd_humidity_pct,stuck_value,duration_samples,5.0,0.0335693359375,66307,66311,5,2026-07-11 02:23:11.860164+00:00,2026-07-11 02:25:11.860496+00:00,2026-07-11,train,False
1051,scd_humidity_pct,stuck_value,duration_samples,5.0,0.0335693359375,57361,57365,5,2026-07-07 23:50:10.945765+00:00,2026-07-07 23:52:10.946085+00:00,2026-07-08,train,False
1052,scd_humidity_pct,stuck_value,duration_samples,5.0,0.0335693359375,139228,139232,5,2026-08-05 10:08:49.634841+00:00,2026-08-05 10:10:49.635170+00:00,2026-08-05,test,True
1053,scd_humidity_pct,stuck_value,duration_samples,5.0,0.0335693359375,4150,4154,5,2026-06-19 08:02:12.844513+00:00,2026-06-19 08:04:12.844846+00:00,2026-06-19,test,False
1054,scd_humidity_pct,stuck_value,duration_samples,5.0,0.0335693359375,191305,191309,5,2026-08-23 21:01:44.980479+00:00,2026-08-23 21:03:44.980804+00:00,2026-08-24,test,True
1055,scd_humidity_pct,stuck_value,duration_samples,5.0,0.0335693359375,79944,79948,5,2026-07-15 20:01:43.030961+00:00,2026-07-15 20:03:43.031289+00:00,2026-07-15,test,False
1056,scd_humidity_pct,stuck_value,duration_samples,5.0,0.0335693359375,111788,111792,5,2026-07-26 21:23:50.911137+00:00,2026-07-26 21:25:50.911473+00:00,2026-07-27,train,False
1057,scd_humidity_pct,stuck_value,duration_samples,5.0,0.0335693359375,138832,138836,5,2026-08-05 06:50:49.601238+00:00,2026-08-05 06:52:49.601560+00:00,2026-08-05,test,True
1058,scd_humidity_pct,stuck_value,duration_samples,5.0,0.0335693359375,54352,54356,5,2026-07-06 22:45:40.682829+00:00,2026-07-06 22:47:40.683158+00:00,2026-07-07,train,False
1059,scd_humidity_pct,stuck_value,duration_samples,5.0,0.0335693359375,233959,233963,5,2026-09-07 16:28:48.647155+00:00,2026-09-07 16:30:48.647485+00:00,2026-09-07,test,False
1060,scd_humidity_pct,stuck_value,duration_samples,5.0,0.0335693359375,230103,230107,5,2026-09-06 08:20:48.322310+00:00,2026-09-06 08:22:48.322642+00:00,2026-09-06,test,True
1061,scd_humidity_pct,stuck_value,duration_samples,5.0,0.0335693359375,125776,125780,5,2026-07-31 18:02:48.043154+00:00,2026-07-31 18:04:48.043479+00:00,2026-07-31,train,False
1062,scd_humidity_pct,stuck_value,duration_samples,5.0,0.0335693359375,112420,112424,5,2026-07-27 02:39:50.963509+00:00,2026-07-27 02:41:50.963839+00:00,2026-07-27,train,False
1063,scd_humidity_pct,stuck_value,duration_samples,10.0,0.0335693359375,62562,62571,10,2026-07-09 19:10:41.544674+00:00,2026-07-09 19:15:11.545421+00:00,2026-07-09,train,True
1064,scd_humidity_pct,stuck_value,duration_samples,10.0,0.0335693359375,145073,145082,10,2026-08-07 10:51:20.203080+00:00,2026-08-07 10:55:50.204026+00:00,2026-08-07,train,False
1065,scd_humidity_pct,stuck_value,duration_samples,10.0,0.0335693359375,155564,155573,10,2026-08-11 02:16:51.231992+00:00,2026-08-11 02:21:21.234315+00:00,2026-08-11,train,True
1066,scd_humidity_pct,stuck_value,duration_samples,10.0,0.0335693359375,111592,111601,10,2026-07-26 19:45:50.894858+00:00,2026-07-26 19:50:20.895598+00:00,2026-07-26,test,False
1067,scd_humidity_pct,stuck_value,duration_samples,10.0,0.0335693359375,39599,39608,10,2026-07-01 19:47:13.933020+00:00,2026-07-01 19:51:43.933746+00:00,2026-07-01,test,False
1068,scd_humidity_pct,stuck_value,duration_samples,10.0,0.0335693359375,72270,72279,10,2026-07-13 04:04:42.368969+00:00,2026-07-13 04:09:12.369672+00:00,2026-07-13,train,False
1069,scd_humidity_pct,stuck_value,duration_samples,10.0,0.0335693359375,4733,4742,10,2026-06-19 12:53:42.891916+00:00,2026-06-19 12:58:12.892661+00:00,2026-06-19,test,False
1070,scd_humidity_pct,stuck_value,duration_samples,10.0,0.0335693359375,84259,84268,10,2026-07-17 07:59:13.399419+00:00,2026-07-17 08:03:43.400153+00:00,2026-07-17,train,False
1071,scd_humidity_pct,stuck_value,duration_samples,10.0,0.0335693359375,153871,153880,10,2026-08-10 12:10:21.059596+00:00,2026-08-10 12:14:51.060352+00:00,2026-08-10,train,False
1072,scd_humidity_pct,stuck_value,duration_samples,10.0,0.0335693359375,251068,251077,10,2026-09-15 10:17:37.388559+00:00,2026-09-15 10:22:07.389287+00:00,2026-09-15,train,False
1073,scd_humidity_pct,stuck_value,duration_samples,10.0,0.0335693359375,47521,47530,10,2026-07-04 13:50:10.109678+00:00,2026-07-04 13:54:40.110412+00:00,2026-07-04,test,False
1074,scd_humidity_pct,stuck_value,duration_samples,10.0,0.0335693359375,16749,16758,10,2026-06-23 17:10:51.641264+00:00,2026-06-23 17:15:21.641974+00:00,2026-06-23,train,False
1075,scd_humidity_pct,stuck_value,duration_samples,10.0,0.0335693359375,79254,79263,10,2026-07-15 14:16:42.971925+00:00,2026-07-15 14:21:12.972672+00:00,2026-07-15,test,False
1076,scd_humidity_pct,stuck_value,duration_samples,10.0,0.0335693359375,40912,40921,10,2026-07-02 06:43:44.040835+00:00,2026-07-02 06:48:14.041580+00:00,2026-07-02,train,False
1077,scd_humidity_pct,stuck_value,duration_samples,10.0,0.0335693359375,181565,181574,10,2026-08-20 11:51:44.164020+00:00,2026-08-20 11:56:14.164747+00:00,2026-08-20,test,False
1078,scd_humidity_pct,stuck_value,duration_samples,10.0,0.0335693359375,259631,259640,10,2026-09-18 09:39:08.126860+00:00,2026-09-18 09:43:38.127594+00:00,2026-09-18,train,True
1079,scd_humidity_pct,stuck_value,duration_samples,10.0,0.0335693359375,223190,223199,10,2026-09-03 22:44:17.726974+00:00,2026-09-03 22:48:47.727695+00:00,2026-09-04,train,False
1080,scd_humidity_pct,stuck_value,duration_samples,10.0,0.0335693359375,130665,130674,10,2026-08-02 10:47:18.466447+00:00,2026-08-02 10:51:48.467204+00:00,2026-08-02,train,False
1081,scd_humidity_pct,stuck_value,duration_samples,10.0,0.0335693359375,242302,242311,10,2026-09-10 14:00:19.372272+00:00,2026-09-10 14:04:49.373040+00:00,2026-09-10,train,False
1082,scd_humidity_pct,stuck_value,duration_samples,20.0,0.0335693359375,164410,164429,20,2026-08-14 03:59:52.243926+00:00,2026-08-14 04:09:22.245790+00:00,2026-08-14,train,False
1083,scd_humidity_pct,stuck_value,duration_samples,20.0,0.0335693359375,261930,261949,20,2026-09-19 04:48:38.332546+00:00,2026-09-19 04:58:08.334108+00:00,2026-09-19,test,False
1084,scd_humidity_pct,stuck_value,duration_samples,20.0,0.0335693359375,73491,73510,20,2026-07-13 14:15:12.474215+00:00,2026-07-13 14:24:42.475966+00:00,2026-07-13,train,True
1085,scd_humidity_pct,stuck_value,duration_samples,20.0,0.0335693359375,263444,263463,20,2026-09-19 17:25:38.460725+00:00,2026-09-19 17:35:08.462287+00:00,2026-09-19,test,False
1086,scd_humidity_pct,stuck_value,duration_samples,20.0,0.0335693359375,47834,47853,20,2026-07-04 16:26:40.135169+00:00,2026-07-04 16:36:10.136723+00:00,2026-07-04,test,False
1087,scd_humidity_pct,stuck_value,duration_samples,20.0,0.0335693359375,92216,92235,20,2026-07-20 02:17:44.114734+00:00,2026-07-20 02:27:14.116314+00:00,2026-07-20,test,False
1088,scd_humidity_pct,stuck_value,duration_samples,20.0,0.0335693359375,248739,248758,20,2026-09-12 19:38:49.932760+00:00,2026-09-12 19:48:19.934290+00:00,2026-09-12,train,False
1089,scd_humidity_pct,stuck_value,duration_samples,20.0,0.0335693359375,97415,97434,20,2026-07-21 21:37:14.576893+00:00,2026-07-21 21:46:44.578432+00:00,2026-07-22,train,False
1090,scd_humidity_pct,stuck_value,duration_samples,20.0,0.0335693359375,14977,14996,20,2026-06-23 02:24:51.497268+00:00,2026-06-23 02:34:21.498931+00:00,2026-06-23,train,False
1091,scd_humidity_pct,stuck_value,duration_samples,20.0,0.0335693359375,92668,92687,20,2026-07-20 06:03:44.161210+00:00,2026-07-20 06:13:14.162791+00:00,2026-07-20,test,True
1092,scd_humidity_pct,stuck_value,duration_samples,20.0,0.0335693359375,108898,108917,20,2026-07-25 21:18:50.669613+00:00,2026-07-25 21:28:20.671193+00:00,2026-07-26,test,False
1093,scd_humidity_pct,stuck_value,duration_samples,20.0,0.0335693359375,212179,212198,20,2026-08-31 02:58:46.761043+00:00,2026-08-31 03:08:16.762575+00:00,2026-08-31,train,False
1094,scd_humidity_pct,stuck_value,duration_samples,20.0,0.0335693359375,5039,5058,20,2026-06-19 15:26:42.916696+00:00,2026-06-19 15:36:12.918238+00:00,2026-06-19,test,False
1095,scd_humidity_pct,stuck_value,duration_samples,20.0,0.0335693359375,222739,222758,20,2026-09-03 18:58:47.689061+00:00,2026-09-03 19:08:17.690582+00:00,2026-09-03,train,False
1096,scd_humidity_pct,stuck_value,duration_samples,20.0,0.0335693359375,153405,153424,20,2026-08-10 08:17:21.018390+00:00,2026-08-10 08:26:51.019925+00:00,2026-08-10,train,False
1097,scd_humidity_pct,stuck_value,duration_samples,20.0,0.0335693359375,199037,199056,20,2026-08-26 13:27:45.645041+00:00,2026-08-26 13:37:15.646601+00:00,2026-08-26,test,False
1098,scd_humidity_pct,stuck_value,duration_samples,20.0,0.0335693359375,197875,197894,20,2026-08-26 03:46:45.549441+00:00,2026-08-26 03:56:15.551000+00:00,2026-08-26,test,False
1099,scd_humidity_pct,stuck_value,duration_samples,20.0,0.0335693359375,237488,237507,20,2026-09-08 21:53:18.957333+00:00,2026-09-08 22:02:48.959199+00:00,2026-09-09,train,False
1100,scd_humidity_pct,stuck_value,duration_samples,20.0,0.0335693359375,24421,24440,20,2026-06-26 12:42:46.531353+00:00,2026-06-26 12:52:16.532942+00:00,2026-06-26,test,True
1101,scd_humidity_pct,stuck_value,duration_samples,20.0,0.0335693359375,150756,150775,20,2026-08-09 10:12:50.758287+00:00,2026-08-09 10:22:20.759848+00:00,2026-08-09,train,True
1102,scd_humidity_pct,stuck_value,duration_samples,40.0,0.0335693359375,239856,239895,40,2026-09-09 17:37:19.165286+00:00,2026-09-09 17:56:49.168502+00:00,2026-09-09,train,False
1103,scd_humidity_pct,stuck_value,duration_samples,40.0,0.0335693359375,188889,188928,40,2026-08-23 00:53:44.778111+00:00,2026-08-23 01:13:14.781245+00:00,2026-08-23,train,True
1104,scd_humidity_pct,stuck_value,duration_samples,40.0,0.0335693359375,22963,23002,40,2026-06-26 00:15:48.795668+00:00,2026-06-26 00:35:18.798858+00:00,2026-06-26,test,False
1105,scd_humidity_pct,stuck_value,duration_samples,40.0,0.0335693359375,162716,162755,40,2026-08-13 13:52:51.940600+00:00,2026-08-13 14:12:21.943933+00:00,2026-08-13,train,False
1106,scd_humidity_pct,stuck_value,duration_samples,40.0,0.0335693359375,72381,72420,40,2026-07-13 05:00:12.381126+00:00,2026-07-13 05:19:42.384501+00:00,2026-07-13,train,True
1107,scd_humidity_pct,stuck_value,duration_samples,40.0,0.0335693359375,166583,166622,40,2026-08-14 22:06:22.446642+00:00,2026-08-14 22:25:52.449864+00:00,2026-08-15,train,False
1108,scd_humidity_pct,stuck_value,duration_samples,40.0,0.0335693359375,220330,220369,40,2026-09-02 22:54:17.483725+00:00,2026-09-02 23:13:47.487461+00:00,2026-09-03,train,False
1109,scd_humidity_pct,stuck_value,duration_samples,40.0,0.0335693359375,50333,50372,40,2026-07-05 13:16:10.339170+00:00,2026-07-05 13:35:40.342401+00:00,2026-07-05,train,False
1110,scd_humidity_pct,stuck_value,duration_samples,40.0,0.0335693359375,145740,145779,40,2026-08-07 16:24:50.270911+00:00,2026-08-07 16:44:20.274135+00:00,2026-08-07,train,False
1111,scd_humidity_pct,stuck_value,duration_samples,40.0,0.0335693359375,157340,157379,40,2026-08-11 17:04:51.414525+00:00,2026-08-11 17:24:21.421256+00:00,2026-08-11,train,True
1112,scd_humidity_pct,stuck_value,duration_samples,40.0,0.0335693359375,106446,106485,40,2026-07-25 00:52:50.325772+00:00,2026-07-25 01:12:20.334678+00:00,2026-07-25,train,False
1113,scd_humidity_pct,stuck_value,duration_samples,40.0,0.0335693359375,179651,179690,40,2026-08-19 19:54:44.002303+00:00,2026-08-19 20:14:14.005510+00:00,2026-08-19,train,False
1114,scd_humidity_pct,stuck_value,duration_samples,40.0,0.0335693359375,114069,114108,40,2026-07-27 16:24:21.102254+00:00,2026-07-27 16:43:51.105507+00:00,2026-07-27,train,False
1115,scd_humidity_pct,stuck_value,duration_samples,40.0,0.0335693359375,230575,230614,40,2026-09-06 12:16:48.364475+00:00,2026-09-06 12:36:18.367653+00:00,2026-09-06,test,False
1116,scd_humidity_pct,stuck_value,duration_samples,40.0,0.0335693359375,207301,207340,40,2026-08-29 10:19:46.349788+00:00,2026-08-29 10:39:16.353007+00:00,2026-08-29,test,False
1117,scd_humidity_pct,stuck_value,duration_samples,40.0,0.0335693359375,212417,212456,40,2026-08-31 04:57:46.780615+00:00,2026-08-31 05:17:16.783893+00:00,2026-08-31,train,False
1118,scd_humidity_pct,stuck_value,duration_samples,40.0,0.0335693359375,137872,137911,40,2026-08-04 22:50:49.469330+00:00,2026-08-04 23:10:19.474218+00:00,2026-08-05,test,False
1119,scd_humidity_pct,stuck_value,duration_samples,40.0,0.0335693359375,52906,52945,40,2026-07-06 10:42:40.560106+00:00,2026-07-06 11:02:10.563304+00:00,2026-07-06,train,False
1120,scd_humidity_pct,stuck_value,duration_samples,40.0,0.0335693359375,188506,188545,40,2026-08-22 21:42:14.746728+00:00,2026-08-22 22:01:44.749889+00:00,2026-08-23,train,False
1121,scd_humidity_pct,stuck_value,duration_samples,40.0,0.0335693359375,17226,17265,40,2026-06-23 21:09:21.680641+00:00,2026-06-23 21:28:51.683807+00:00,2026-06-24,train,True
1122,scd_humidity_pct,stuck_value,duration_samples,80.0,0.0335693359375,135709,135788,80,2026-08-04 04:49:19.022740+00:00,2026-08-04 05:28:49.029220+00:00,2026-08-04,train,False
1123,scd_humidity_pct,stuck_value,duration_samples,80.0,0.0335693359375,13674,13753,80,2026-06-22 15:33:21.392050+00:00,2026-06-22 16:12:51.398441+00:00,2026-06-22,test,False
1124,scd_humidity_pct,stuck_value,duration_samples,80.0,0.0335693359375,182334,182413,80,2026-08-20 18:16:14.226571+00:00,2026-08-20 18:55:44.232914+00:00,2026-08-20,test,True
1125,scd_humidity_pct,stuck_value,duration_samples,80.0,0.0335693359375,109077,109156,80,2026-07-25 22:48:20.684474+00:00,2026-07-25 23:27:50.691031+00:00,2026-07-26,test,False
1126,scd_humidity_pct,stuck_value,duration_samples,80.0,0.0335693359375,31363,31442,80,2026-06-28 22:33:47.151956+00:00,2026-06-28 23:13:17.158990+00:00,2026-06-29,test,False
1127,scd_humidity_pct,stuck_value,duration_samples,80.0,0.0335693359375,78258,78337,80,2026-07-15 05:58:42.886654+00:00,2026-07-15 06:38:12.893234+00:00,2026-07-15,test,True
1128,scd_humidity_pct,stuck_value,duration_samples,80.0,0.0335693359375,225894,225973,80,2026-09-04 21:16:17.957733+00:00,2026-09-04 21:55:47.964198+00:00,2026-09-05,test,True
1129,scd_humidity_pct,stuck_value,duration_samples,80.0,0.0335693359375,235171,235250,80,2026-09-08 02:34:48.748441+00:00,2026-09-08 03:14:18.754969+00:00,2026-09-08,train,False
1130,scd_humidity_pct,stuck_value,duration_samples,80.0,0.0335693359375,249851,249930,80,2026-09-15 00:09:07.286660+00:00,2026-09-15 00:48:37.293140+00:00,2026-09-15,train,False
1131,scd_humidity_pct,stuck_value,duration_samples,80.0,0.0335693359375,25756,25835,80,2026-06-26 23:50:16.648793+00:00,2026-06-27 00:29:46.656033+00:00,2026-06-27,train,False
1132,scd_humidity_pct,stuck_value,duration_samples,80.0,0.0335693359375,120842,120921,80,2026-07-30 00:51:27.438684+00:00,2026-07-30 01:30:57.445297+00:00,2026-07-30,train,False
1133,scd_humidity_pct,stuck_value,duration_samples,80.0,0.0335693359375,170753,170832,80,2026-08-16 08:51:22.835728+00:00,2026-08-16 09:30:52.842205+00:00,2026-08-16,train,True
1134,scd_humidity_pct,stuck_value,duration_samples,80.0,0.0335693359375,184739,184818,80,2026-08-21 14:18:44.423383+00:00,2026-08-21 14:58:14.431905+00:00,2026-08-21,train,True
1135,scd_humidity_pct,stuck_value,duration_samples,80.0,0.0335693359375,206125,206204,80,2026-08-29 00:31:46.248985+00:00,2026-08-29 01:11:16.255399+00:00,2026-08-29,test,False
1136,scd_humidity_pct,stuck_value,duration_samples,80.0,0.0335693359375,149015,149094,80,2026-08-08 19:42:20.584982+00:00,2026-08-08 20:21:50.598602+00:00,2026-08-08,train,False
1137,scd_humidity_pct,stuck_value,duration_samples,80.0,0.0335693359375,254627,254706,80,2026-09-16 15:57:07.689374+00:00,2026-09-16 16:36:37.695860+00:00,2026-09-16,train,True
1138,scd_humidity_pct,stuck_value,duration_samples,80.0,0.0335693359375,64262,64341,80,2026-07-10 09:20:41.687483+00:00,2026-07-10 10:00:11.694204+00:00,2026-07-10,test,False
1139,scd_humidity_pct,stuck_value,duration_samples,80.0,0.0335693359375,209333,209412,80,2026-08-30 03:15:46.517595+00:00,2026-08-30 03:55:16.523930+00:00,2026-08-30,train,False
1140,scd_humidity_pct,stuck_value,duration_samples,80.0,0.0335693359375,186239,186318,80,2026-08-22 02:48:44.552615+00:00,2026-08-22 03:28:14.559029+00:00,2026-08-22,train,False
1141,bme_humidity_pct,gradual_shift,amplitude_mad_multiple,0.5,0.027000000000001023,34726,34785,60,2026-06-30 02:38:21.020831+00:00,2026-06-30 03:07:51.025678+00:00,2026-06-30,train,False
1142,bme_humidity_pct,gradual_shift,amplitude_mad_multiple,0.5,0.027000000000001023,245949,246008,60,2026-09-11 20:23:49.680307+00:00,2026-09-11 20:53:19.685176+00:00,2026-09-11,test,True
1143,bme_humidity_pct,gradual_shift,amplitude_mad_multiple,0.5,0.027000000000001023,223747,223806,60,2026-09-04 03:22:47.777852+00:00,2026-09-04 03:52:17.782663+00:00,2026-09-04,train,False
1144,bme_humidity_pct,gradual_shift,amplitude_mad_multiple,0.5,0.027000000000001023,203437,203496,60,2026-08-28 02:07:46.019628+00:00,2026-08-28 02:37:16.026543+00:00,2026-08-28,train,False
1145,bme_humidity_pct,gradual_shift,amplitude_mad_multiple,0.5,0.027000000000001023,31904,31963,60,2026-06-29 03:04:17.206329+00:00,2026-06-29 03:33:47.212781+00:00,2026-06-29,test,False
1146,bme_humidity_pct,gradual_shift,amplitude_mad_multiple,0.5,0.027000000000001023,35856,35915,60,2026-06-30 12:03:21.132729+00:00,2026-06-30 12:32:51.137656+00:00,2026-06-30,train,False
1147,bme_humidity_pct,gradual_shift,amplitude_mad_multiple,0.5,0.027000000000001023,177002,177061,60,2026-08-18 21:50:13.709585+00:00,2026-08-18 22:19:43.724041+00:00,2026-08-19,train,False
1148,bme_humidity_pct,gradual_shift,amplitude_mad_multiple,0.5,0.027000000000001023,26767,26826,60,2026-06-27 08:15:46.737241+00:00,2026-06-27 08:45:16.742128+00:00,2026-06-27,train,True
1149,bme_humidity_pct,gradual_shift,amplitude_mad_multiple,0.5,0.027000000000001023,30632,30691,60,2026-06-28 16:28:17.087169+00:00,2026-06-28 16:57:47.092077+00:00,2026-06-28,train,False
1150,bme_humidity_pct,gradual_shift,amplitude_mad_multiple,0.5,0.027000000000001023,104265,104324,60,2026-07-24 06:42:16.180404+00:00,2026-07-24 07:11:46.185333+00:00,2026-07-24,train,False
1151,bme_humidity_pct,gradual_shift,amplitude_mad_multiple,0.5,0.027000000000001023,1944,2003,60,2026-06-18 13:36:16.005196+00:00,2026-06-18 14:05:46.010012+00:00,2026-06-18,train,False
1152,bme_humidity_pct,gradual_shift,amplitude_mad_multiple,0.5,0.027000000000001023,190555,190614,60,2026-08-23 14:46:44.918905+00:00,2026-08-23 15:16:14.923780+00:00,2026-08-23,train,False
1153,bme_humidity_pct,gradual_shift,amplitude_mad_multiple,0.5,0.027000000000001023,141291,141350,60,2026-08-06 03:20:19.819698+00:00,2026-08-06 03:49:49.834302+00:00,2026-08-06,train,False
1154,bme_humidity_pct,gradual_shift,amplitude_mad_multiple,0.5,0.027000000000001023,20853,20912,60,2026-06-25 06:40:48.622326+00:00,2026-06-25 07:10:18.627122+00:00,2026-06-25,train,False
1155,bme_humidity_pct,gradual_shift,amplitude_mad_multiple,0.5,0.027000000000001023,143739,143798,60,2026-08-06 23:44:20.054591+00:00,2026-08-07 00:13:50.059580+00:00,2026-08-07,train,False
1156,bme_humidity_pct,gradual_shift,amplitude_mad_multiple,0.5,0.027000000000001023,12074,12133,60,2026-06-22 02:04:13.490138+00:00,2026-06-22 02:33:43.494986+00:00,2026-06-22,test,False
1157,bme_humidity_pct,gradual_shift,amplitude_mad_multiple,0.5,0.027000000000001023,17248,17307,60,2026-06-23 21:20:21.682426+00:00,2026-06-23 21:49:51.687234+00:00,2026-06-24,train,True
1158,bme_humidity_pct,gradual_shift,amplitude_mad_multiple,0.5,0.027000000000001023,128232,128291,60,2026-08-01 14:30:48.262468+00:00,2026-08-01 15:00:18.267457+00:00,2026-08-01,test,False
1159,bme_humidity_pct,gradual_shift,amplitude_mad_multiple,0.5,0.027000000000001023,129268,129327,60,2026-08-01 23:08:48.348668+00:00,2026-08-01 23:38:18.353630+00:00,2026-08-02,train,False
1160,bme_humidity_pct,gradual_shift,amplitude_mad_multiple,0.5,0.027000000000001023,88801,88860,60,2026-07-18 21:50:13.806142+00:00,2026-07-18 22:19:43.811032+00:00,2026-07-19,train,False
1161,bme_humidity_pct,gradual_shift,amplitude_mad_multiple,1.0,0.027000000000001023,164228,164287,60,2026-08-14 02:28:52.194888+00:00,2026-08-14 02:58:22.210281+00:00,2026-08-14,train,False
1162,bme_humidity_pct,gradual_shift,amplitude_mad_multiple,1.0,0.027000000000001023,102765,102824,60,2026-07-23 18:12:16.056507+00:00,2026-07-23 18:41:46.061449+00:00,2026-07-23,test,True
1163,bme_humidity_pct,gradual_shift,amplitude_mad_multiple,1.0,0.027000000000001023,157088,157147,60,2026-08-11 14:58:51.392018+00:00,2026-08-11 15:28:21.397102+00:00,2026-08-11,train,False
1164,bme_humidity_pct,gradual_shift,amplitude_mad_multiple,1.0,0.027000000000001023,94206,94265,60,2026-07-20 18:52:44.312495+00:00,2026-07-20 19:22:14.317304+00:00,2026-07-20,test,False
1165,bme_humidity_pct,gradual_shift,amplitude_mad_multiple,1.0,0.027000000000001023,186996,187055,60,2026-08-22 09:07:14.614475+00:00,2026-08-22 09:36:44.620319+00:00,2026-08-22,train,True
1166,bme_humidity_pct,gradual_shift,amplitude_mad_multiple,1.0,0.027000000000001023,153809,153868,60,2026-08-10 11:39:21.054495+00:00,2026-08-10 12:08:51.059349+00:00,2026-08-10,train,True
1167,bme_humidity_pct,gradual_shift,amplitude_mad_multiple,1.0,0.027000000000001023,40454,40513,60,2026-07-02 02:54:44.003215+00:00,2026-07-02 03:24:14.008091+00:00,2026-07-02,train,False
1168,bme_humidity_pct,gradual_shift,amplitude_mad_multiple,1.0,0.027000000000001023,181025,181084,60,2026-08-20 07:21:44.120046+00:00,2026-08-20 07:51:14.124803+00:00,2026-08-20,test,False
1169,bme_humidity_pct,gradual_shift,amplitude_mad_multiple,1.0,0.027000000000001023,207185,207244,60,2026-08-29 09:21:46.340231+00:00,2026-08-29 09:51:16.345112+00:00,2026-08-29,test,False
1170,bme_humidity_pct,gradual_shift,amplitude_mad_multiple,1.0,0.027000000000001023,19083,19142,60,2026-06-24 12:37:51.835004+00:00,2026-06-24 13:07:21.839793+00:00,2026-06-24,train,True
1171,bme_humidity_pct,gradual_shift,amplitude_mad_multiple,1.0,0.027000000000001023,161719,161778,60,2026-08-13 05:34:21.839267+00:00,2026-08-13 06:03:51.848894+00:00,2026-08-13,train,False
1172,bme_humidity_pct,gradual_shift,amplitude_mad_multiple,1.0,0.027000000000001023,206691,206750,60,2026-08-29 05:14:46.296651+00:00,2026-08-29 05:44:16.304284+00:00,2026-08-29,test,False
1173,bme_humidity_pct,gradual_shift,amplitude_mad_multiple,1.0,0.027000000000001023,28637,28696,60,2026-06-27 23:50:46.910206+00:00,2026-06-28 00:20:16.915056+00:00,2026-06-28,train,False
1174,bme_humidity_pct,gradual_shift,amplitude_mad_multiple,1.0,0.027000000000001023,235562,235621,60,2026-09-08 05:50:18.784601+00:00,2026-09-08 06:19:48.789501+00:00,2026-09-08,train,False
1175,bme_humidity_pct,gradual_shift,amplitude_mad_multiple,1.0,0.027000000000001023,109722,109781,60,2026-07-26 04:10:50.740037+00:00,2026-07-26 04:40:20.744917+00:00,2026-07-26,test,False
1176,bme_humidity_pct,gradual_shift,amplitude_mad_multiple,1.0,0.027000000000001023,193010,193069,60,2026-08-24 11:14:15.131677+00:00,2026-08-24 11:43:45.136535+00:00,2026-08-24,test,False
1177,bme_humidity_pct,gradual_shift,amplitude_mad_multiple,1.0,0.027000000000001023,237025,237084,60,2026-09-08 18:01:48.915455+00:00,2026-09-08 18:31:18.920849+00:00,2026-09-08,train,True
1178,bme_humidity_pct,gradual_shift,amplitude_mad_multiple,1.0,0.027000000000001023,261921,261980,60,2026-09-19 04:44:08.331808+00:00,2026-09-19 05:13:38.336652+00:00,2026-09-19,test,False
1179,bme_humidity_pct,gradual_shift,amplitude_mad_multiple,1.0,0.027000000000001023,153028,153087,60,2026-08-10 05:08:50.984664+00:00,2026-08-10 05:38:20.989453+00:00,2026-08-10,train,False
1180,bme_humidity_pct,gradual_shift,amplitude_mad_multiple,1.0,0.027000000000001023,184772,184831,60,2026-08-21 14:35:14.428166+00:00,2026-08-21 15:04:44.432972+00:00,2026-08-21,train,True
1181,bme_humidity_pct,gradual_shift,amplitude_mad_multiple,2.0,0.027000000000001023,68086,68145,60,2026-07-11 17:12:42.012939+00:00,2026-07-11 17:42:12.018081+00:00,2026-07-11,train,False
1182,bme_humidity_pct,gradual_shift,amplitude_mad_multiple,2.0,0.027000000000001023,77074,77133,60,2026-07-14 20:06:42.786950+00:00,2026-07-14 20:36:12.791909+00:00,2026-07-14,train,True
1183,bme_humidity_pct,gradual_shift,amplitude_mad_multiple,2.0,0.027000000000001023,223033,223092,60,2026-09-03 21:25:47.714088+00:00,2026-09-03 21:55:17.718904+00:00,2026-09-04,train,False
1184,bme_humidity_pct,gradual_shift,amplitude_mad_multiple,2.0,0.027000000000001023,104196,104255,60,2026-07-24 06:07:46.174679+00:00,2026-07-24 06:37:16.179583+00:00,2026-07-24,train,False
1185,bme_humidity_pct,gradual_shift,amplitude_mad_multiple,2.0,0.027000000000001023,216385,216444,60,2026-09-01 14:01:47.134549+00:00,2026-09-01 14:31:17.139220+00:00,2026-09-01,train,False
1186,bme_humidity_pct,gradual_shift,amplitude_mad_multiple,2.0,0.027000000000001023,13822,13881,60,2026-06-22 16:47:21.404087+00:00,2026-06-22 17:16:51.408861+00:00,2026-06-22,test,False
1187,bme_humidity_pct,gradual_shift,amplitude_mad_multiple,2.0,0.027000000000001023,58063,58122,60,2026-07-08 05:41:11.007785+00:00,2026-07-08 06:10:41.012549+00:00,2026-07-08,train,False
1188,bme_humidity_pct,gradual_shift,amplitude_mad_multiple,2.0,0.027000000000001023,43069,43128,60,2026-07-03 00:42:14.222861+00:00,2026-07-03 01:11:44.227738+00:00,2026-07-03,train,False
1189,bme_humidity_pct,gradual_shift,amplitude_mad_multiple,2.0,0.027000000000001023,137889,137948,60,2026-08-04 22:59:19.470778+00:00,2026-08-04 23:28:49.482881+00:00,2026-08-05,test,False
1190,bme_humidity_pct,gradual_shift,amplitude_mad_multiple,2.0,0.027000000000001023,21993,22052,60,2026-06-25 16:10:48.715901+00:00,2026-06-25 16:40:18.720752+00:00,2026-06-25,train,False
1191,bme_humidity_pct,gradual_shift,amplitude_mad_multiple,2.0,0.027000000000001023,90529,90588,60,2026-07-19 12:14:13.959971+00:00,2026-07-19 12:43:43.964822+00:00,2026-07-19,train,True
1192,bme_humidity_pct,gradual_shift,amplitude_mad_multiple,2.0,0.027000000000001023,258256,258315,60,2026-09-17 22:11:38.003752+00:00,2026-09-17 22:41:08.008699+00:00,2026-09-18,train,True
1193,bme_humidity_pct,gradual_shift,amplitude_mad_multiple,2.0,0.027000000000001023,208891,208950,60,2026-08-29 23:34:46.482180+00:00,2026-08-30 00:04:16.486898+00:00,2026-08-30,train,False
1194,bme_humidity_pct,gradual_shift,amplitude_mad_multiple,2.0,0.027000000000001023,197925,197984,60,2026-08-26 04:11:45.553545+00:00,2026-08-26 04:41:15.558337+00:00,2026-08-26,test,False
1195,bme_humidity_pct,gradual_shift,amplitude_mad_multiple,2.0,0.027000000000001023,96519,96578,60,2026-07-21 14:09:14.500905+00:00,2026-07-21 14:38:44.505639+00:00,2026-07-21,train,False
1196,bme_humidity_pct,gradual_shift,amplitude_mad_multiple,2.0,0.027000000000001023,178957,179016,60,2026-08-19 14:07:43.945509+00:00,2026-08-19 14:37:13.950277+00:00,2026-08-19,train,False
1197,bme_humidity_pct,gradual_shift,amplitude_mad_multiple,2.0,0.027000000000001023,5577,5636,60,2026-06-19 19:55:42.960418+00:00,2026-06-19 20:25:12.965205+00:00,2026-06-19,test,False
1198,bme_humidity_pct,gradual_shift,amplitude_mad_multiple,2.0,0.027000000000001023,112055,112114,60,2026-07-26 23:37:20.933282+00:00,2026-07-27 00:06:50.938152+00:00,2026-07-27,train,False
1199,bme_humidity_pct,gradual_shift,amplitude_mad_multiple,2.0,0.027000000000001023,245378,245437,60,2026-09-11 15:38:19.633607+00:00,2026-09-11 16:07:49.638333+00:00,2026-09-11,test,False
1200,bme_humidity_pct,gradual_shift,amplitude_mad_multiple,2.0,0.027000000000001023,21147,21206,60,2026-06-25 09:07:48.646274+00:00,2026-06-25 09:37:18.651078+00:00,2026-06-25,train,False
1201,bme_humidity_pct,gradual_shift,amplitude_mad_multiple,4.0,0.027000000000001023,239307,239366,60,2026-09-09 13:02:49.119379+00:00,2026-09-09 13:32:19.124282+00:00,2026-09-09,train,False
1202,bme_humidity_pct,gradual_shift,amplitude_mad_multiple,4.0,0.027000000000001023,50356,50415,60,2026-07-05 13:27:40.341088+00:00,2026-07-05 13:57:10.345962+00:00,2026-07-05,train,False
1203,bme_humidity_pct,gradual_shift,amplitude_mad_multiple,4.0,0.027000000000001023,49373,49432,60,2026-07-05 05:16:10.260606+00:00,2026-07-05 05:45:40.265427+00:00,2026-07-05,train,False
1204,bme_humidity_pct,gradual_shift,amplitude_mad_multiple,4.0,0.027000000000001023,243267,243326,60,2026-09-10 22:02:49.452654+00:00,2026-09-10 22:32:19.457461+00:00,2026-09-11,test,False
1205,bme_humidity_pct,gradual_shift,amplitude_mad_multiple,4.0,0.027000000000001023,158511,158570,60,2026-08-12 02:50:21.530187+00:00,2026-08-12 03:19:51.535063+00:00,2026-08-12,test,False
1206,bme_humidity_pct,gradual_shift,amplitude_mad_multiple,4.0,0.027000000000001023,197455,197514,60,2026-08-26 00:16:45.514016+00:00,2026-08-26 00:46:15.518783+00:00,2026-08-26,test,False
1207,bme_humidity_pct,gradual_shift,amplitude_mad_multiple,4.0,0.027000000000001023,95041,95100,60,2026-07-21 01:50:14.381524+00:00,2026-07-21 02:19:44.386289+00:00,2026-07-21,train,False
1208,bme_humidity_pct,gradual_shift,amplitude_mad_multiple,4.0,0.027000000000001023,228974,229033,60,2026-09-05 22:56:18.224634+00:00,2026-09-05 23:25:48.229428+00:00,2026-09-06,test,False
1209,bme_humidity_pct,gradual_shift,amplitude_mad_multiple,4.0,0.027000000000001023,152390,152449,60,2026-08-09 23:49:50.927989+00:00,2026-08-10 00:19:20.932760+00:00,2026-08-10,train,False
1210,bme_humidity_pct,gradual_shift,amplitude_mad_multiple,4.0,0.027000000000001023,159977,160036,60,2026-08-12 15:03:21.664340+00:00,2026-08-12 15:32:51.669304+00:00,2026-08-12,test,True
1211,bme_humidity_pct,gradual_shift,amplitude_mad_multiple,4.0,0.027000000000001023,197156,197215,60,2026-08-25 21:47:15.481783+00:00,2026-08-25 22:16:45.492349+00:00,2026-08-26,test,False
1212,bme_humidity_pct,gradual_shift,amplitude_mad_multiple,4.0,0.027000000000001023,203659,203718,60,2026-08-28 03:58:46.039863+00:00,2026-08-28 04:28:16.044730+00:00,2026-08-28,train,False
1213,bme_humidity_pct,gradual_shift,amplitude_mad_multiple,4.0,0.027000000000001023,179620,179679,60,2026-08-19 19:39:13.999773+00:00,2026-08-19 20:08:44.004587+00:00,2026-08-19,train,False
1214,bme_humidity_pct,gradual_shift,amplitude_mad_multiple,4.0,0.027000000000001023,29319,29378,60,2026-06-28 05:31:46.967760+00:00,2026-06-28 06:01:16.972637+00:00,2026-06-28,train,False
1215,bme_humidity_pct,gradual_shift,amplitude_mad_multiple,4.0,0.027000000000001023,226261,226320,60,2026-09-05 00:19:47.987844+00:00,2026-09-05 00:49:17.992649+00:00,2026-09-05,test,False
1216,bme_humidity_pct,gradual_shift,amplitude_mad_multiple,4.0,0.027000000000001023,70089,70148,60,2026-07-12 09:54:12.186263+00:00,2026-07-12 10:23:42.191146+00:00,2026-07-12,test,True
1217,bme_humidity_pct,gradual_shift,amplitude_mad_multiple,4.0,0.027000000000001023,261824,261883,60,2026-09-19 03:55:38.323815+00:00,2026-09-19 04:25:08.328662+00:00,2026-09-19,test,False
1218,bme_humidity_pct,gradual_shift,amplitude_mad_multiple,4.0,0.027000000000001023,102465,102524,60,2026-07-23 15:42:15.030038+00:00,2026-07-23 16:11:45.036997+00:00,2026-07-23,test,False
1219,bme_humidity_pct,gradual_shift,amplitude_mad_multiple,4.0,0.027000000000001023,32098,32157,60,2026-06-29 04:41:17.225933+00:00,2026-06-29 05:10:47.234129+00:00,2026-06-29,test,False
1220,bme_humidity_pct,gradual_shift,amplitude_mad_multiple,4.0,0.027000000000001023,84072,84131,60,2026-07-17 06:25:43.383941+00:00,2026-07-17 06:55:13.388786+00:00,2026-07-17,train,True
1221,bme_humidity_pct,gradual_shift,amplitude_mad_multiple,8.0,0.027000000000001023,149796,149855,60,2026-08-09 02:12:50.667780+00:00,2026-08-09 02:42:20.672715+00:00,2026-08-09,train,False
1222,bme_humidity_pct,gradual_shift,amplitude_mad_multiple,8.0,0.027000000000001023,105687,105746,60,2026-07-24 18:33:20.176273+00:00,2026-07-24 19:02:50.188450+00:00,2026-07-24,train,False
1223,bme_humidity_pct,gradual_shift,amplitude_mad_multiple,8.0,0.027000000000001023,219919,219978,60,2026-09-02 19:28:47.448313+00:00,2026-09-02 19:58:17.453140+00:00,2026-09-02,train,False
1224,bme_humidity_pct,gradual_shift,amplitude_mad_multiple,8.0,0.027000000000001023,178544,178603,60,2026-08-19 10:41:13.911344+00:00,2026-08-19 11:10:43.916439+00:00,2026-08-19,train,True
1225,bme_humidity_pct,gradual_shift,amplitude_mad_multiple,8.0,0.027000000000001023,54589,54648,60,2026-07-07 00:44:10.702385+00:00,2026-07-07 01:13:40.707185+00:00,2026-07-07,train,False
1226,bme_humidity_pct,gradual_shift,amplitude_mad_multiple,8.0,0.027000000000001023,141673,141732,60,2026-08-06 06:31:19.867270+00:00,2026-08-06 07:00:49.872354+00:00,2026-08-06,train,False
1227,bme_humidity_pct,gradual_shift,amplitude_mad_multiple,8.0,0.027000000000001023,205729,205788,60,2026-08-28 21:13:46.216998+00:00,2026-08-28 21:43:16.221738+00:00,2026-08-29,test,False
1228,bme_humidity_pct,gradual_shift,amplitude_mad_multiple,8.0,0.027000000000001023,232103,232162,60,2026-09-07 01:00:48.492502+00:00,2026-09-07 01:30:18.497327+00:00,2026-09-07,test,False
1229,bme_humidity_pct,gradual_shift,amplitude_mad_multiple,8.0,0.027000000000001023,104105,104164,60,2026-07-24 05:22:16.167167+00:00,2026-07-24 05:51:46.172013+00:00,2026-07-24,train,False
1230,bme_humidity_pct,gradual_shift,amplitude_mad_multiple,8.0,0.027000000000001023,245174,245233,60,2026-09-11 13:56:19.612818+00:00,2026-09-11 14:25:49.617654+00:00,2026-09-11,test,False
1231,bme_humidity_pct,gradual_shift,amplitude_mad_multiple,8.0,0.027000000000001023,10992,11051,60,2026-06-21 17:03:13.398345+00:00,2026-06-21 17:32:43.403129+00:00,2026-06-21,train,False
1232,bme_humidity_pct,gradual_shift,amplitude_mad_multiple,8.0,0.027000000000001023,177094,177153,60,2026-08-18 22:36:13.729653+00:00,2026-08-18 23:05:43.744408+00:00,2026-08-19,train,False
1233,bme_humidity_pct,gradual_shift,amplitude_mad_multiple,8.0,0.027000000000001023,202917,202976,60,2026-08-27 21:47:45.976160+00:00,2026-08-27 22:17:15.980934+00:00,2026-08-28,train,False
1234,bme_humidity_pct,gradual_shift,amplitude_mad_multiple,8.0,0.027000000000001023,112198,112257,60,2026-07-27 00:48:50.945076+00:00,2026-07-27 01:18:20.949945+00:00,2026-07-27,train,False
1235,bme_humidity_pct,gradual_shift,amplitude_mad_multiple,8.0,0.027000000000001023,4406,4465,60,2026-06-19 10:10:12.865331+00:00,2026-06-19 10:39:42.870118+00:00,2026-06-19,test,False
1236,bme_humidity_pct,gradual_shift,amplitude_mad_multiple,8.0,0.027000000000001023,181135,181194,60,2026-08-20 08:16:44.128907+00:00,2026-08-20 08:46:14.133634+00:00,2026-08-20,test,False
1237,bme_humidity_pct,gradual_shift,amplitude_mad_multiple,8.0,0.027000000000001023,90149,90208,60,2026-07-19 09:04:13.921377+00:00,2026-07-19 09:33:43.926284+00:00,2026-07-19,train,True
1238,bme_humidity_pct,gradual_shift,amplitude_mad_multiple,8.0,0.027000000000001023,39898,39957,60,2026-07-01 22:16:43.957623+00:00,2026-07-01 22:46:13.962466+00:00,2026-07-02,train,False
1239,bme_humidity_pct,gradual_shift,amplitude_mad_multiple,8.0,0.027000000000001023,201659,201718,60,2026-08-27 11:18:45.870350+00:00,2026-08-27 11:48:15.875260+00:00,2026-08-27,train,False
1240,bme_humidity_pct,spike,amplitude_mad_multiple,0.5,0.027000000000001023,50022,50022,1,2026-07-05 10:40:40.313762+00:00,2026-07-05 10:40:40.313762+00:00,2026-07-05,train,False
1241,bme_humidity_pct,spike,amplitude_mad_multiple,0.5,0.027000000000001023,31090,31090,1,2026-06-28 20:17:17.129127+00:00,2026-06-28 20:17:17.129127+00:00,2026-06-28,train,False
1242,bme_humidity_pct,spike,amplitude_mad_multiple,0.5,0.027000000000001023,199391,199391,1,2026-08-26 16:24:45.674317+00:00,2026-08-26 16:24:45.674317+00:00,2026-08-26,test,False
1243,bme_humidity_pct,spike,amplitude_mad_multiple,0.5,0.027000000000001023,210103,210103,1,2026-08-30 09:40:46.579504+00:00,2026-08-30 09:40:46.579504+00:00,2026-08-30,train,True
1244,bme_humidity_pct,spike,amplitude_mad_multiple,0.5,0.027000000000001023,45084,45084,1,2026-07-03 17:29:44.388756+00:00,2026-07-03 17:29:44.388756+00:00,2026-07-03,train,False
1245,bme_humidity_pct,spike,amplitude_mad_multiple,0.5,0.027000000000001023,191719,191719,1,2026-08-24 00:28:45.016590+00:00,2026-08-24 00:28:45.016590+00:00,2026-08-24,test,False
1246,bme_humidity_pct,spike,amplitude_mad_multiple,0.5,0.027000000000001023,20636,20636,1,2026-06-25 04:52:18.604318+00:00,2026-06-25 04:52:18.604318+00:00,2026-06-25,train,False
1247,bme_humidity_pct,spike,amplitude_mad_multiple,0.5,0.027000000000001023,55888,55888,1,2026-07-07 11:33:40.813850+00:00,2026-07-07 11:33:40.813850+00:00,2026-07-07,train,False
1248,bme_humidity_pct,spike,amplitude_mad_multiple,0.5,0.027000000000001023,228108,228108,1,2026-09-05 15:43:18.150786+00:00,2026-09-05 15:43:18.150786+00:00,2026-09-05,test,False
1249,bme_humidity_pct,spike,amplitude_mad_multiple,0.5,0.027000000000001023,38916,38916,1,2026-07-01 13:56:53.355805+00:00,2026-07-01 13:56:53.355805+00:00,2026-07-01,test,False
1250,bme_humidity_pct,spike,amplitude_mad_multiple,0.5,0.027000000000001023,110234,110234,1,2026-07-26 08:26:50.782267+00:00,2026-07-26 08:26:50.782267+00:00,2026-07-26,test,False
1251,bme_humidity_pct,spike,amplitude_mad_multiple,0.5,0.027000000000001023,117567,117567,1,2026-07-28 21:33:56.963770+00:00,2026-07-28 21:33:56.963770+00:00,2026-07-29,train,False
1252,bme_humidity_pct,spike,amplitude_mad_multiple,0.5,0.027000000000001023,749,749,1,2026-06-18 03:38:34.055962+00:00,2026-06-18 03:38:34.055962+00:00,2026-06-18,train,False
1253,bme_humidity_pct,spike,amplitude_mad_multiple,0.5,0.027000000000001023,256602,256602,1,2026-09-17 08:24:37.860001+00:00,2026-09-17 08:24:37.860001+00:00,2026-09-17,train,False
1254,bme_humidity_pct,spike,amplitude_mad_multiple,0.5,0.027000000000001023,19555,19555,1,2026-06-24 16:33:51.873431+00:00,2026-06-24 16:33:51.873431+00:00,2026-06-24,train,False
1255,bme_humidity_pct,spike,amplitude_mad_multiple,0.5,0.027000000000001023,233080,233080,1,2026-09-07 09:09:18.572661+00:00,2026-09-07 09:09:18.572661+00:00,2026-09-07,test,False
1256,bme_humidity_pct,spike,amplitude_mad_multiple,0.5,0.027000000000001023,36521,36521,1,2026-06-30 17:35:51.215939+00:00,2026-06-30 17:35:51.215939+00:00,2026-06-30,train,False
1257,bme_humidity_pct,spike,amplitude_mad_multiple,0.5,0.027000000000001023,116142,116142,1,2026-07-28 09:41:26.816754+00:00,2026-07-28 09:41:26.816754+00:00,2026-07-28,train,False
1258,bme_humidity_pct,spike,amplitude_mad_multiple,0.5,0.027000000000001023,214279,214279,1,2026-08-31 20:28:46.942462+00:00,2026-08-31 20:28:46.942462+00:00,2026-08-31,train,False
1259,bme_humidity_pct,spike,amplitude_mad_multiple,1.0,0.027000000000001023,202501,202501,1,2026-08-27 18:19:45.940226+00:00,2026-08-27 18:19:45.940226+00:00,2026-08-27,train,False
1260,bme_humidity_pct,spike,amplitude_mad_multiple,1.0,0.027000000000001023,125271,125271,1,2026-07-31 13:50:17.997645+00:00,2026-07-31 13:50:17.997645+00:00,2026-07-31,train,False
1261,bme_humidity_pct,spike,amplitude_mad_multiple,1.0,0.027000000000001023,27304,27304,1,2026-06-27 12:44:16.786303+00:00,2026-06-27 12:44:16.786303+00:00,2026-06-27,train,False
1262,bme_humidity_pct,spike,amplitude_mad_multiple,1.0,0.027000000000001023,160694,160694,1,2026-08-12 21:01:51.738666+00:00,2026-08-12 21:01:51.738666+00:00,2026-08-13,train,False
1263,bme_humidity_pct,spike,amplitude_mad_multiple,1.0,0.027000000000001023,160640,160640,1,2026-08-12 20:34:51.734142+00:00,2026-08-12 20:34:51.734142+00:00,2026-08-12,test,False
1264,bme_humidity_pct,spike,amplitude_mad_multiple,1.0,0.027000000000001023,248462,248462,1,2026-09-12 17:20:19.908455+00:00,2026-09-12 17:20:19.908455+00:00,2026-09-12,train,False
1265,bme_humidity_pct,spike,amplitude_mad_multiple,1.0,0.027000000000001023,27024,27024,1,2026-06-27 10:24:16.759524+00:00,2026-06-27 10:24:16.759524+00:00,2026-06-27,train,True
1266,bme_humidity_pct,spike,amplitude_mad_multiple,1.0,0.027000000000001023,201442,201442,1,2026-08-27 09:30:15.852631+00:00,2026-08-27 09:30:15.852631+00:00,2026-08-27,train,False
1267,bme_humidity_pct,spike,amplitude_mad_multiple,1.0,0.027000000000001023,221789,221789,1,2026-09-03 11:03:47.609785+00:00,2026-09-03 11:03:47.609785+00:00,2026-09-03,train,False
1268,bme_humidity_pct,spike,amplitude_mad_multiple,1.0,0.027000000000001023,5076,5076,1,2026-06-19 15:45:12.919704+00:00,2026-06-19 15:45:12.919704+00:00,2026-06-19,test,False
1269,bme_humidity_pct,spike,amplitude_mad_multiple,1.0,0.027000000000001023,234770,234770,1,2026-09-07 23:14:18.713726+00:00,2026-09-07 23:14:18.713726+00:00,2026-09-08,train,False
1270,bme_humidity_pct,spike,amplitude_mad_multiple,1.0,0.027000000000001023,175976,175976,1,2026-08-18 04:23:11.521347+00:00,2026-08-18 04:23:11.521347+00:00,2026-08-18,train,False
1271,bme_humidity_pct,spike,amplitude_mad_multiple,1.0,0.027000000000001023,113585,113585,1,2026-07-27 12:22:21.060638+00:00,2026-07-27 12:22:21.060638+00:00,2026-07-27,train,False
1272,bme_humidity_pct,spike,amplitude_mad_multiple,1.0,0.027000000000001023,50570,50570,1,2026-07-05 15:14:40.358751+00:00,2026-07-05 15:14:40.358751+00:00,2026-07-05,train,False
1273,bme_humidity_pct,spike,amplitude_mad_multiple,1.0,0.027000000000001023,150950,150950,1,2026-08-09 11:49:50.775819+00:00,2026-08-09 11:49:50.775819+00:00,2026-08-09,train,False
1274,bme_humidity_pct,spike,amplitude_mad_multiple,1.0,0.027000000000001023,77200,77200,1,2026-07-14 21:09:42.797404+00:00,2026-07-14 21:09:42.797404+00:00,2026-07-15,test,True
1275,bme_humidity_pct,spike,amplitude_mad_multiple,1.0,0.027000000000001023,252994,252994,1,2026-09-16 02:20:37.549472+00:00,2026-09-16 02:20:37.549472+00:00,2026-09-16,train,False
1276,bme_humidity_pct,spike,amplitude_mad_multiple,1.0,0.027000000000001023,223660,223660,1,2026-09-04 02:39:17.770746+00:00,2026-09-04 02:39:17.770746+00:00,2026-09-04,train,False
1277,bme_humidity_pct,spike,amplitude_mad_multiple,1.0,0.027000000000001023,99244,99244,1,2026-07-22 12:51:44.752735+00:00,2026-07-22 12:51:44.752735+00:00,2026-07-22,train,False
1278,bme_humidity_pct,spike,amplitude_mad_multiple,1.0,0.027000000000001023,136215,136215,1,2026-08-04 09:02:19.093099+00:00,2026-08-04 09:02:19.093099+00:00,2026-08-04,train,True
1279,bme_humidity_pct,spike,amplitude_mad_multiple,2.0,0.027000000000001023,153515,153515,1,2026-08-10 09:12:21.027372+00:00,2026-08-10 09:12:21.027372+00:00,2026-08-10,train,False
1280,bme_humidity_pct,spike,amplitude_mad_multiple,2.0,0.027000000000001023,24942,24942,1,2026-06-26 17:03:16.574189+00:00,2026-06-26 17:03:16.574189+00:00,2026-06-26,test,False
1281,bme_humidity_pct,spike,amplitude_mad_multiple,2.0,0.027000000000001023,85859,85859,1,2026-07-17 21:19:13.531480+00:00,2026-07-17 21:19:13.531480+00:00,2026-07-18,train,False
1282,bme_humidity_pct,spike,amplitude_mad_multiple,2.0,0.027000000000001023,218321,218321,1,2026-09-02 06:09:47.296084+00:00,2026-09-02 06:09:47.296084+00:00,2026-09-02,train,False
1283,bme_humidity_pct,spike,amplitude_mad_multiple,2.0,0.027000000000001023,105287,105287,1,2026-07-24 15:13:20.095202+00:00,2026-07-24 15:13:20.095202+00:00,2026-07-24,train,False
1284,bme_humidity_pct,spike,amplitude_mad_multiple,2.0,0.027000000000001023,186522,186522,1,2026-08-22 05:10:14.575495+00:00,2026-08-22 05:10:14.575495+00:00,2026-08-22,train,False
1285,bme_humidity_pct,spike,amplitude_mad_multiple,2.0,0.027000000000001023,11428,11428,1,2026-06-21 20:41:13.436602+00:00,2026-06-21 20:41:13.436602+00:00,2026-06-21,train,False
1286,bme_humidity_pct,spike,amplitude_mad_multiple,2.0,0.027000000000001023,66903,66903,1,2026-07-11 07:21:11.914037+00:00,2026-07-11 07:21:11.914037+00:00,2026-07-11,train,False
1287,bme_humidity_pct,spike,amplitude_mad_multiple,2.0,0.027000000000001023,90399,90399,1,2026-07-19 11:09:13.945817+00:00,2026-07-19 11:09:13.945817+00:00,2026-07-19,train,False
1288,bme_humidity_pct,spike,amplitude_mad_multiple,2.0,0.027000000000001023,202399,202399,1,2026-08-27 17:28:45.931834+00:00,2026-08-27 17:28:45.931834+00:00,2026-08-27,train,False
1289,bme_humidity_pct,spike,amplitude_mad_multiple,2.0,0.027000000000001023,89575,89575,1,2026-07-19 04:17:13.873325+00:00,2026-07-19 04:17:13.873325+00:00,2026-07-19,train,False
1290,bme_humidity_pct,spike,amplitude_mad_multiple,2.0,0.027000000000001023,188786,188786,1,2026-08-23 00:02:14.769567+00:00,2026-08-23 00:02:14.769567+00:00,2026-08-23,train,False
1291,bme_humidity_pct,spike,amplitude_mad_multiple,2.0,0.027000000000001023,115445,115445,1,2026-07-28 03:52:56.756540+00:00,2026-07-28 03:52:56.756540+00:00,2026-07-28,train,False
1292,bme_humidity_pct,spike,amplitude_mad_multiple,2.0,0.027000000000001023,221347,221347,1,2026-09-03 07:22:47.571433+00:00,2026-09-03 07:22:47.571433+00:00,2026-09-03,train,False
1293,bme_humidity_pct,spike,amplitude_mad_multiple,2.0,0.027000000000001023,9402,9402,1,2026-06-21 03:48:13.269750+00:00,2026-06-21 03:48:13.269750+00:00,2026-06-21,train,False
1294,bme_humidity_pct,spike,amplitude_mad_multiple,2.0,0.027000000000001023,88244,88244,1,2026-07-18 17:11:43.757557+00:00,2026-07-18 17:11:43.757557+00:00,2026-07-18,train,False
1295,bme_humidity_pct,spike,amplitude_mad_multiple,2.0,0.027000000000001023,238600,238600,1,2026-09-09 07:09:19.054462+00:00,2026-09-09 07:09:19.054462+00:00,2026-09-09,train,True
1296,bme_humidity_pct,spike,amplitude_mad_multiple,2.0,0.027000000000001023,42093,42093,1,2026-07-02 16:34:14.141797+00:00,2026-07-02 16:34:14.141797+00:00,2026-07-02,train,False
1297,bme_humidity_pct,spike,amplitude_mad_multiple,2.0,0.027000000000001023,10570,10570,1,2026-06-21 13:32:13.364168+00:00,2026-06-21 13:32:13.364168+00:00,2026-06-21,train,False
1298,bme_humidity_pct,spike,amplitude_mad_multiple,4.0,0.027000000000001023,2397,2397,1,2026-06-18 17:22:46.042094+00:00,2026-06-18 17:22:46.042094+00:00,2026-06-18,train,False
1299,bme_humidity_pct,spike,amplitude_mad_multiple,4.0,0.027000000000001023,159473,159473,1,2026-08-12 10:51:21.615499+00:00,2026-08-12 10:51:21.615499+00:00,2026-08-12,test,False
1300,bme_humidity_pct,spike,amplitude_mad_multiple,4.0,0.027000000000001023,87841,87841,1,2026-07-18 13:50:13.722887+00:00,2026-07-18 13:50:13.722887+00:00,2026-07-18,train,False
1301,bme_humidity_pct,spike,amplitude_mad_multiple,4.0,0.027000000000001023,232536,232536,1,2026-09-07 04:37:18.528098+00:00,2026-09-07 04:37:18.528098+00:00,2026-09-07,test,False
1302,bme_humidity_pct,spike,amplitude_mad_multiple,4.0,0.027000000000001023,114674,114674,1,2026-07-27 21:27:17.738192+00:00,2026-07-27 21:27:17.738192+00:00,2026-07-28,train,False
1303,bme_humidity_pct,spike,amplitude_mad_multiple,4.0,0.027000000000001023,35400,35400,1,2026-06-30 08:15:21.093431+00:00,2026-06-30 08:15:21.093431+00:00,2026-06-30,train,False
1304,bme_humidity_pct,spike,amplitude_mad_multiple,4.0,0.027000000000001023,261656,261656,1,2026-09-19 02:31:38.307772+00:00,2026-09-19 02:31:38.307772+00:00,2026-09-19,test,False
1305,bme_humidity_pct,spike,amplitude_mad_multiple,4.0,0.027000000000001023,151184,151184,1,2026-08-09 13:46:50.801394+00:00,2026-08-09 13:46:50.801394+00:00,2026-08-09,train,False
1306,bme_humidity_pct,spike,amplitude_mad_multiple,4.0,0.027000000000001023,145813,145813,1,2026-08-07 17:01:20.276999+00:00,2026-08-07 17:01:20.276999+00:00,2026-08-07,train,False
1307,bme_humidity_pct,spike,amplitude_mad_multiple,4.0,0.027000000000001023,216900,216900,1,2026-09-01 18:19:17.177779+00:00,2026-09-01 18:19:17.177779+00:00,2026-09-01,train,False
1308,bme_humidity_pct,spike,amplitude_mad_multiple,4.0,0.027000000000001023,137576,137576,1,2026-08-04 20:22:49.404766+00:00,2026-08-04 20:22:49.404766+00:00,2026-08-04,train,False
1309,bme_humidity_pct,spike,amplitude_mad_multiple,4.0,0.027000000000001023,188257,188257,1,2026-08-22 19:37:44.726110+00:00,2026-08-22 19:37:44.726110+00:00,2026-08-22,train,False
1310,bme_humidity_pct,spike,amplitude_mad_multiple,4.0,0.027000000000001023,245508,245508,1,2026-09-11 16:43:19.644129+00:00,2026-09-11 16:43:19.644129+00:00,2026-09-11,test,False
1311,bme_humidity_pct,spike,amplitude_mad_multiple,4.0,0.027000000000001023,203272,203272,1,2026-08-28 00:45:16.006112+00:00,2026-08-28 00:45:16.006112+00:00,2026-08-28,train,False
1312,bme_humidity_pct,spike,amplitude_mad_multiple,4.0,0.027000000000001023,1720,1720,1,2026-06-18 11:44:15.987000+00:00,2026-06-18 11:44:15.987000+00:00,2026-06-18,train,False
1313,bme_humidity_pct,spike,amplitude_mad_multiple,4.0,0.027000000000001023,125365,125365,1,2026-07-31 14:37:18.005867+00:00,2026-07-31 14:37:18.005867+00:00,2026-07-31,train,True
1314,bme_humidity_pct,spike,amplitude_mad_multiple,4.0,0.027000000000001023,19848,19848,1,2026-06-24 19:00:21.897215+00:00,2026-06-24 19:00:21.897215+00:00,2026-06-24,train,False
1315,bme_humidity_pct,spike,amplitude_mad_multiple,4.0,0.027000000000001023,198736,198736,1,2026-08-26 10:57:15.620637+00:00,2026-08-26 10:57:15.620637+00:00,2026-08-26,test,False
1316,bme_humidity_pct,spike,amplitude_mad_multiple,4.0,0.027000000000001023,54687,54687,1,2026-07-07 01:33:10.710423+00:00,2026-07-07 01:33:10.710423+00:00,2026-07-07,train,False
1317,bme_humidity_pct,spike,amplitude_mad_multiple,4.0,0.027000000000001023,83602,83602,1,2026-07-17 02:30:43.343359+00:00,2026-07-17 02:30:43.343359+00:00,2026-07-17,train,False
1318,bme_humidity_pct,spike,amplitude_mad_multiple,8.0,0.027000000000001023,221241,221241,1,2026-09-03 06:29:47.562397+00:00,2026-09-03 06:29:47.562397+00:00,2026-09-03,train,False
1319,bme_humidity_pct,spike,amplitude_mad_multiple,8.0,0.027000000000001023,99065,99065,1,2026-07-22 11:22:14.737872+00:00,2026-07-22 11:22:14.737872+00:00,2026-07-22,train,False
1320,bme_humidity_pct,spike,amplitude_mad_multiple,8.0,0.027000000000001023,144211,144211,1,2026-08-07 03:40:20.094427+00:00,2026-08-07 03:40:20.094427+00:00,2026-08-07,train,False
1321,bme_humidity_pct,spike,amplitude_mad_multiple,8.0,0.027000000000001023,227126,227126,1,2026-09-05 07:32:18.061233+00:00,2026-09-05 07:32:18.061233+00:00,2026-09-05,test,False
1322,bme_humidity_pct,spike,amplitude_mad_multiple,8.0,0.027000000000001023,222151,222151,1,2026-09-03 14:04:47.639627+00:00,2026-09-03 14:04:47.639627+00:00,2026-09-03,train,False
1323,bme_humidity_pct,spike,amplitude_mad_multiple,8.0,0.027000000000001023,220262,220262,1,2026-09-02 22:20:17.478139+00:00,2026-09-02 22:20:17.478139+00:00,2026-09-03,train,False
1324,bme_humidity_pct,spike,amplitude_mad_multiple,8.0,0.027000000000001023,185853,185853,1,2026-08-21 23:35:44.521166+00:00,2026-08-21 23:35:44.521166+00:00,2026-08-22,train,False
1325,bme_humidity_pct,spike,amplitude_mad_multiple,8.0,0.027000000000001023,18607,18607,1,2026-06-24 08:39:51.796259+00:00,2026-06-24 08:39:51.796259+00:00,2026-06-24,train,False
1326,bme_humidity_pct,spike,amplitude_mad_multiple,8.0,0.027000000000001023,123417,123417,1,2026-07-30 22:18:57.715289+00:00,2026-07-30 22:18:57.715289+00:00,2026-07-31,train,False
1327,bme_humidity_pct,spike,amplitude_mad_multiple,8.0,0.027000000000001023,231711,231711,1,2026-09-06 21:44:48.458456+00:00,2026-09-06 21:44:48.458456+00:00,2026-09-07,test,False
1328,bme_humidity_pct,spike,amplitude_mad_multiple,8.0,0.027000000000001023,71636,71636,1,2026-07-12 22:47:42.317188+00:00,2026-07-12 22:47:42.317188+00:00,2026-07-13,train,False
1329,bme_humidity_pct,spike,amplitude_mad_multiple,8.0,0.027000000000001023,4024,4024,1,2026-06-19 06:59:12.834256+00:00,2026-06-19 06:59:12.834256+00:00,2026-06-19,test,False
1330,bme_humidity_pct,spike,amplitude_mad_multiple,8.0,0.027000000000001023,163804,163804,1,2026-08-13 22:56:52.101608+00:00,2026-08-13 22:56:52.101608+00:00,2026-08-14,train,False
1331,bme_humidity_pct,spike,amplitude_mad_multiple,8.0,0.027000000000001023,194367,194367,1,2026-08-24 22:32:45.247507+00:00,2026-08-24 22:32:45.247507+00:00,2026-08-25,train,False
1332,bme_humidity_pct,spike,amplitude_mad_multiple,8.0,0.027000000000001023,29561,29561,1,2026-06-28 07:32:46.989885+00:00,2026-06-28 07:32:46.989885+00:00,2026-06-28,train,False
1333,bme_humidity_pct,spike,amplitude_mad_multiple,8.0,0.027000000000001023,230271,230271,1,2026-09-06 09:44:48.336189+00:00,2026-09-06 09:44:48.336189+00:00,2026-09-06,test,False
1334,bme_humidity_pct,spike,amplitude_mad_multiple,8.0,0.027000000000001023,217844,217844,1,2026-09-02 02:11:17.258080+00:00,2026-09-02 02:11:17.258080+00:00,2026-09-02,train,False
1335,bme_humidity_pct,spike,amplitude_mad_multiple,8.0,0.027000000000001023,120726,120726,1,2026-07-29 23:53:27.428959+00:00,2026-07-29 23:53:27.428959+00:00,2026-07-30,train,False
1336,bme_humidity_pct,spike,amplitude_mad_multiple,8.0,0.027000000000001023,94900,94900,1,2026-07-21 00:39:44.370073+00:00,2026-07-21 00:39:44.370073+00:00,2026-07-21,train,False
1337,bme_humidity_pct,spike,amplitude_mad_multiple,8.0,0.027000000000001023,144810,144810,1,2026-08-07 08:39:50.145522+00:00,2026-08-07 08:39:50.145522+00:00,2026-08-07,train,False
1338,bme_humidity_pct,noise_burst,amplitude_mad_multiple,0.5,0.027000000000001023,26551,26610,60,2026-06-27 06:27:46.719242+00:00,2026-06-27 06:57:16.724126+00:00,2026-06-27,train,False
1339,bme_humidity_pct,noise_burst,amplitude_mad_multiple,0.5,0.027000000000001023,198393,198452,60,2026-08-26 08:05:45.591792+00:00,2026-08-26 08:35:15.596711+00:00,2026-08-26,test,False
1340,bme_humidity_pct,noise_burst,amplitude_mad_multiple,0.5,0.027000000000001023,184315,184374,60,2026-08-21 10:46:44.388575+00:00,2026-08-21 11:16:14.393650+00:00,2026-08-21,train,False
1341,bme_humidity_pct,noise_burst,amplitude_mad_multiple,0.5,0.027000000000001023,204784,204843,60,2026-08-28 13:21:16.135652+00:00,2026-08-28 13:50:46.140444+00:00,2026-08-28,train,True
1342,bme_humidity_pct,noise_burst,amplitude_mad_multiple,0.5,0.027000000000001023,260893,260952,60,2026-09-18 20:10:08.241986+00:00,2026-09-18 20:39:38.246890+00:00,2026-09-18,train,False
1343,bme_humidity_pct,noise_burst,amplitude_mad_multiple,0.5,0.027000000000001023,227560,227619,60,2026-09-05 11:09:18.105966+00:00,2026-09-05 11:38:48.110819+00:00,2026-09-05,test,False
1344,bme_humidity_pct,noise_burst,amplitude_mad_multiple,0.5,0.027000000000001023,101491,101550,60,2026-07-23 07:35:14.942579+00:00,2026-07-23 08:04:44.947583+00:00,2026-07-23,test,True
1345,bme_humidity_pct,noise_burst,amplitude_mad_multiple,0.5,0.027000000000001023,239780,239839,60,2026-09-09 16:59:19.158804+00:00,2026-09-09 17:28:49.163875+00:00,2026-09-09,train,False
1346,bme_humidity_pct,noise_burst,amplitude_mad_multiple,0.5,0.027000000000001023,195610,195669,60,2026-08-25 08:54:15.351368+00:00,2026-08-25 09:23:45.356202+00:00,2026-08-25,train,False
1347,bme_humidity_pct,noise_burst,amplitude_mad_multiple,0.5,0.027000000000001023,89959,90018,60,2026-07-19 07:29:13.905994+00:00,2026-07-19 07:58:43.910762+00:00,2026-07-19,train,False
1348,bme_humidity_pct,noise_burst,amplitude_mad_multiple,0.5,0.027000000000001023,154223,154282,60,2026-08-10 15:06:21.096187+00:00,2026-08-10 15:35:51.102390+00:00,2026-08-10,train,False
1349,bme_humidity_pct,noise_burst,amplitude_mad_multiple,0.5,0.027000000000001023,98519,98578,60,2026-07-22 06:49:14.666957+00:00,2026-07-22 07:18:44.673102+00:00,2026-07-22,train,False
1350,bme_humidity_pct,noise_burst,amplitude_mad_multiple,0.5,0.027000000000001023,159371,159430,60,2026-08-12 10:00:21.607027+00:00,2026-08-12 10:29:51.611985+00:00,2026-08-12,test,True
1351,bme_humidity_pct,noise_burst,amplitude_mad_multiple,0.5,0.027000000000001023,164705,164764,60,2026-08-14 06:27:22.268490+00:00,2026-08-14 06:56:52.273360+00:00,2026-08-14,train,False
1352,bme_humidity_pct,noise_burst,amplitude_mad_multiple,0.5,0.027000000000001023,162826,162885,60,2026-08-13 14:47:51.951652+00:00,2026-08-13 15:17:21.956478+00:00,2026-08-13,train,False
1353,bme_humidity_pct,noise_burst,amplitude_mad_multiple,0.5,0.027000000000001023,164114,164173,60,2026-08-14 01:31:52.167859+00:00,2026-08-14 02:01:22.181621+00:00,2026-08-14,train,False
1354,bme_humidity_pct,noise_burst,amplitude_mad_multiple,0.5,0.027000000000001023,75183,75242,60,2026-07-14 04:21:12.616522+00:00,2026-07-14 04:50:42.621397+00:00,2026-07-14,train,False
1355,bme_humidity_pct,noise_burst,amplitude_mad_multiple,0.5,0.027000000000001023,182529,182588,60,2026-08-20 19:53:44.242282+00:00,2026-08-20 20:23:14.247027+00:00,2026-08-20,test,False
1356,bme_humidity_pct,noise_burst,amplitude_mad_multiple,1.0,0.027000000000001023,175167,175226,60,2026-08-17 21:38:41.429039+00:00,2026-08-17 22:08:11.434544+00:00,2026-08-18,train,False
1357,bme_humidity_pct,noise_burst,amplitude_mad_multiple,1.0,0.027000000000001023,139492,139551,60,2026-08-05 12:20:49.659923+00:00,2026-08-05 12:50:19.664880+00:00,2026-08-05,test,False
1358,bme_humidity_pct,noise_burst,amplitude_mad_multiple,1.0,0.027000000000001023,131556,131615,60,2026-08-02 18:12:48.571303+00:00,2026-08-02 18:42:18.576279+00:00,2026-08-02,train,False
1359,bme_humidity_pct,noise_burst,amplitude_mad_multiple,1.0,0.027000000000001023,48540,48599,60,2026-07-04 22:19:40.192585+00:00,2026-07-04 22:49:10.197458+00:00,2026-07-05,train,False
1360,bme_humidity_pct,noise_burst,amplitude_mad_multiple,1.0,0.027000000000001023,94502,94561,60,2026-07-20 21:20:44.336781+00:00,2026-07-20 21:50:14.341630+00:00,2026-07-21,train,True
1361,bme_humidity_pct,noise_burst,amplitude_mad_multiple,1.0,0.027000000000001023,248682,248741,60,2026-09-12 19:10:19.928193+00:00,2026-09-12 19:39:49.932899+00:00,2026-09-12,train,False
1362,bme_humidity_pct,noise_burst,amplitude_mad_multiple,1.0,0.027000000000001023,43811,43870,60,2026-07-03 06:53:14.283921+00:00,2026-07-03 07:22:44.288810+00:00,2026-07-03,train,False
1363,bme_humidity_pct,noise_burst,amplitude_mad_multiple,1.0,0.027000000000001023,62461,62520,60,2026-07-09 18:20:11.536394+00:00,2026-07-09 18:49:41.541245+00:00,2026-07-09,train,True
1364,bme_humidity_pct,noise_burst,amplitude_mad_multiple,1.0,0.027000000000001023,127873,127932,60,2026-08-01 11:31:18.232300+00:00,2026-08-01 12:00:48.237268+00:00,2026-08-01,test,False
1365,bme_humidity_pct,noise_burst,amplitude_mad_multiple,1.0,0.027000000000001023,262851,262910,60,2026-09-19 12:29:08.411862+00:00,2026-09-19 12:58:38.416741+00:00,2026-09-19,test,False
1366,bme_humidity_pct,noise_burst,amplitude_mad_multiple,1.0,0.027000000000001023,196071,196130,60,2026-08-25 12:44:45.389447+00:00,2026-08-25 13:14:15.394310+00:00,2026-08-25,train,False
1367,bme_humidity_pct,noise_burst,amplitude_mad_multiple,1.0,0.027000000000001023,206896,206955,60,2026-08-29 06:57:16.316479+00:00,2026-08-29 07:26:46.321319+00:00,2026-08-29,test,False
1368,bme_humidity_pct,noise_burst,amplitude_mad_multiple,1.0,0.027000000000001023,231859,231918,60,2026-09-06 22:58:48.470703+00:00,2026-09-06 23:28:18.475523+00:00,2026-09-07,test,False
1369,bme_humidity_pct,noise_burst,amplitude_mad_multiple,1.0,0.027000000000001023,225166,225225,60,2026-09-04 15:12:17.897886+00:00,2026-09-04 15:41:47.902736+00:00,2026-09-04,train,True
1370,bme_humidity_pct,noise_burst,amplitude_mad_multiple,1.0,0.027000000000001023,73522,73581,60,2026-07-13 14:30:42.476934+00:00,2026-07-13 15:00:12.481835+00:00,2026-07-13,train,False
1371,bme_humidity_pct,noise_burst,amplitude_mad_multiple,1.0,0.027000000000001023,25940,25999,60,2026-06-27 01:22:16.664757+00:00,2026-06-27 01:51:46.669699+00:00,2026-06-27,train,False
1372,bme_humidity_pct,noise_burst,amplitude_mad_multiple,1.0,0.027000000000001023,142991,143050,60,2026-08-06 17:30:19.985955+00:00,2026-08-06 17:59:49.991002+00:00,2026-08-06,train,True
1373,bme_humidity_pct,noise_burst,amplitude_mad_multiple,1.0,0.027000000000001023,197557,197616,60,2026-08-26 01:07:45.522249+00:00,2026-08-26 01:37:15.527038+00:00,2026-08-26,test,False
1374,bme_humidity_pct,noise_burst,amplitude_mad_multiple,2.0,0.027000000000001023,75921,75980,60,2026-07-14 10:30:12.684084+00:00,2026-07-14 10:59:42.689066+00:00,2026-07-14,train,False
1375,bme_humidity_pct,noise_burst,amplitude_mad_multiple,2.0,0.027000000000001023,261377,261436,60,2026-09-19 00:12:08.281971+00:00,2026-09-19 00:41:38.286887+00:00,2026-09-19,test,False
1376,bme_humidity_pct,noise_burst,amplitude_mad_multiple,2.0,0.027000000000001023,226139,226198,60,2026-09-04 23:18:47.977833+00:00,2026-09-04 23:48:17.982703+00:00,2026-09-05,test,False
1377,bme_humidity_pct,noise_burst,amplitude_mad_multiple,2.0,0.027000000000001023,42796,42855,60,2026-07-02 22:25:44.200116+00:00,2026-07-02 22:55:14.205010+00:00,2026-07-03,train,True
1378,bme_humidity_pct,noise_burst,amplitude_mad_multiple,2.0,0.027000000000001023,164040,164099,60,2026-08-14 00:54:52.157060+00:00,2026-08-14 01:24:22.165966+00:00,2026-08-14,train,False
1379,bme_humidity_pct,noise_burst,amplitude_mad_multiple,2.0,0.027000000000001023,214974,215033,60,2026-09-01 02:16:17.003858+00:00,2026-09-01 02:45:47.008691+00:00,2026-09-01,train,True
1380,bme_humidity_pct,noise_burst,amplitude_mad_multiple,2.0,0.027000000000001023,127671,127730,60,2026-08-01 09:50:18.215317+00:00,2026-08-01 10:19:48.220243+00:00,2026-08-01,test,False
1381,bme_humidity_pct,noise_burst,amplitude_mad_multiple,2.0,0.027000000000001023,207033,207092,60,2026-08-29 08:05:46.327705+00:00,2026-08-29 08:35:16.332548+00:00,2026-08-29,test,False
1382,bme_humidity_pct,noise_burst,amplitude_mad_multiple,2.0,0.027000000000001023,54952,55011,60,2026-07-07 03:45:40.732401+00:00,2026-07-07 04:15:10.739611+00:00,2026-07-07,train,False
1383,bme_humidity_pct,noise_burst,amplitude_mad_multiple,2.0,0.027000000000001023,220600,220659,60,2026-09-03 01:09:17.508567+00:00,2026-09-03 01:38:47.513453+00:00,2026-09-03,train,False
1384,bme_humidity_pct,noise_burst,amplitude_mad_multiple,2.0,0.027000000000001023,57445,57504,60,2026-07-08 00:32:10.952705+00:00,2026-07-08 01:01:40.957550+00:00,2026-07-08,train,False
1385,bme_humidity_pct,noise_burst,amplitude_mad_multiple,2.0,0.027000000000001023,138146,138205,60,2026-08-05 01:07:49.518132+00:00,2026-08-05 01:37:19.522910+00:00,2026-08-05,test,False
1386,bme_humidity_pct,noise_burst,amplitude_mad_multiple,2.0,0.027000000000001023,244220,244279,60,2026-09-11 05:59:19.532457+00:00,2026-09-11 06:28:49.537216+00:00,2026-09-11,test,True
1387,bme_humidity_pct,noise_burst,amplitude_mad_multiple,2.0,0.027000000000001023,191434,191493,60,2026-08-23 22:06:14.991017+00:00,2026-08-23 22:35:44.995861+00:00,2026-08-24,test,False
1388,bme_humidity_pct,noise_burst,amplitude_mad_multiple,2.0,0.027000000000001023,237700,237759,60,2026-09-08 23:39:18.974967+00:00,2026-09-09 00:08:48.979771+00:00,2026-09-09,train,False
1389,bme_humidity_pct,noise_burst,amplitude_mad_multiple,2.0,0.027000000000001023,163409,163468,60,2026-08-13 19:39:22.014235+00:00,2026-08-13 20:08:52.026792+00:00,2026-08-13,train,True
1390,bme_humidity_pct,noise_burst,amplitude_mad_multiple,2.0,0.027000000000001023,58446,58505,60,2026-07-08 08:52:41.039226+00:00,2026-07-08 09:22:11.044102+00:00,2026-07-08,train,True
1391,bme_humidity_pct,noise_burst,amplitude_mad_multiple,2.0,0.027000000000001023,182351,182410,60,2026-08-20 18:24:44.227924+00:00,2026-08-20 18:54:14.232674+00:00,2026-08-20,test,True
1392,bme_humidity_pct,noise_burst,amplitude_mad_multiple,2.0,0.027000000000001023,200014,200073,60,2026-08-26 21:36:15.726450+00:00,2026-08-26 22:05:45.731276+00:00,2026-08-27,train,False
1393,bme_humidity_pct,noise_burst,amplitude_mad_multiple,4.0,0.027000000000001023,181238,181297,60,2026-08-20 09:08:14.137242+00:00,2026-08-20 09:37:44.142102+00:00,2026-08-20,test,True
1394,bme_humidity_pct,noise_burst,amplitude_mad_multiple,4.0,0.027000000000001023,160218,160277,60,2026-08-12 17:03:51.684792+00:00,2026-08-12 17:33:21.689725+00:00,2026-08-12,test,False
1395,bme_humidity_pct,noise_burst,amplitude_mad_multiple,4.0,0.027000000000001023,228245,228304,60,2026-09-05 16:51:48.162286+00:00,2026-09-05 17:21:18.167043+00:00,2026-09-05,test,False
1396,bme_humidity_pct,noise_burst,amplitude_mad_multiple,4.0,0.027000000000001023,71930,71989,60,2026-07-13 01:14:42.341384+00:00,2026-07-13 01:44:12.346264+00:00,2026-07-13,train,False
1397,bme_humidity_pct,noise_burst,amplitude_mad_multiple,4.0,0.027000000000001023,2243,2302,60,2026-06-18 16:05:46.029574+00:00,2026-06-18 16:35:16.034362+00:00,2026-06-18,train,False
1398,bme_humidity_pct,noise_burst,amplitude_mad_multiple,4.0,0.027000000000001023,93429,93488,60,2026-07-20 12:24:14.241182+00:00,2026-07-20 12:53:44.246155+00:00,2026-07-20,test,True
1399,bme_humidity_pct,noise_burst,amplitude_mad_multiple,4.0,0.027000000000001023,98025,98084,60,2026-07-22 02:42:14.626639+00:00,2026-07-22 03:11:44.631438+00:00,2026-07-22,train,True
1400,bme_humidity_pct,noise_burst,amplitude_mad_multiple,4.0,0.027000000000001023,14446,14505,60,2026-06-22 21:59:21.454367+00:00,2026-06-22 22:28:51.459120+00:00,2026-06-23,train,False
1401,bme_humidity_pct,noise_burst,amplitude_mad_multiple,4.0,0.027000000000001023,49892,49951,60,2026-07-05 09:35:40.303136+00:00,2026-07-05 10:05:10.307971+00:00,2026-07-05,train,False
1402,bme_humidity_pct,noise_burst,amplitude_mad_multiple,4.0,0.027000000000001023,97453,97512,60,2026-07-21 21:56:14.579962+00:00,2026-07-21 22:25:44.584710+00:00,2026-07-22,train,False
1403,bme_humidity_pct,noise_burst,amplitude_mad_multiple,4.0,0.027000000000001023,183195,183254,60,2026-08-21 01:26:44.296428+00:00,2026-08-21 01:56:14.301285+00:00,2026-08-21,train,False
1404,bme_humidity_pct,noise_burst,amplitude_mad_multiple,4.0,0.027000000000001023,7094,7153,60,2026-06-20 08:34:13.083303+00:00,2026-06-20 09:03:43.088051+00:00,2026-06-20,train,False
1405,bme_humidity_pct,noise_burst,amplitude_mad_multiple,4.0,0.027000000000001023,168114,168173,60,2026-08-15 10:51:52.589328+00:00,2026-08-15 11:21:22.594961+00:00,2026-08-15,train,False
1406,bme_humidity_pct,noise_burst,amplitude_mad_multiple,4.0,0.027000000000001023,99702,99761,60,2026-07-22 16:40:44.791154+00:00,2026-07-22 17:10:14.796030+00:00,2026-07-22,train,True
1407,bme_humidity_pct,noise_burst,amplitude_mad_multiple,4.0,0.027000000000001023,255001,255060,60,2026-09-16 19:04:07.723288+00:00,2026-09-16 19:33:37.728253+00:00,2026-09-16,train,True
1408,bme_humidity_pct,noise_burst,amplitude_mad_multiple,4.0,0.027000000000001023,179041,179100,60,2026-08-19 14:49:43.952301+00:00,2026-08-19 15:19:13.957134+00:00,2026-08-19,train,False
1409,bme_humidity_pct,noise_burst,amplitude_mad_multiple,4.0,0.027000000000001023,52088,52147,60,2026-07-06 03:53:40.482485+00:00,2026-07-06 04:23:10.487313+00:00,2026-07-06,train,True
1410,bme_humidity_pct,noise_burst,amplitude_mad_multiple,4.0,0.027000000000001023,159008,159067,60,2026-08-12 06:58:51.572557+00:00,2026-08-12 07:28:21.577419+00:00,2026-08-12,test,False
1411,bme_humidity_pct,noise_burst,amplitude_mad_multiple,4.0,0.027000000000001023,140427,140486,60,2026-08-05 20:08:19.738865+00:00,2026-08-05 20:37:49.743844+00:00,2026-08-05,test,False
1412,bme_humidity_pct,noise_burst,amplitude_mad_multiple,4.0,0.027000000000001023,175261,175320,60,2026-08-17 22:25:41.437472+00:00,2026-08-17 22:55:11.442351+00:00,2026-08-18,train,False
1413,bme_humidity_pct,noise_burst,amplitude_mad_multiple,8.0,0.027000000000001023,78266,78325,60,2026-07-15 06:02:42.887323+00:00,2026-07-15 06:32:12.892254+00:00,2026-07-15,test,True
1414,bme_humidity_pct,noise_burst,amplitude_mad_multiple,8.0,0.027000000000001023,41146,41205,60,2026-07-02 08:40:44.060006+00:00,2026-07-02 09:10:14.064834+00:00,2026-07-02,train,False
1415,bme_humidity_pct,noise_burst,amplitude_mad_multiple,8.0,0.027000000000001023,6725,6784,60,2026-06-20 05:29:43.053579+00:00,2026-06-20 05:59:13.058346+00:00,2026-06-20,train,False
1416,bme_humidity_pct,noise_burst,amplitude_mad_multiple,8.0,0.027000000000001023,133079,133138,60,2026-08-03 06:54:18.703412+00:00,2026-08-03 07:23:48.708453+00:00,2026-08-03,test,True
1417,bme_humidity_pct,noise_burst,amplitude_mad_multiple,8.0,0.027000000000001023,244766,244825,60,2026-09-11 10:32:19.578893+00:00,2026-09-11 11:01:49.583677+00:00,2026-09-11,test,False
1418,bme_humidity_pct,noise_burst,amplitude_mad_multiple,8.0,0.027000000000001023,255943,256002,60,2026-09-17 02:55:07.802101+00:00,2026-09-17 03:24:37.806948+00:00,2026-09-17,train,False
1419,bme_humidity_pct,noise_burst,amplitude_mad_multiple,8.0,0.027000000000001023,92844,92903,60,2026-07-20 07:31:44.181832+00:00,2026-07-20 08:01:14.186618+00:00,2026-07-20,test,False
1420,bme_humidity_pct,noise_burst,amplitude_mad_multiple,8.0,0.027000000000001023,52475,52534,60,2026-07-06 07:07:10.522269+00:00,2026-07-06 07:36:40.527186+00:00,2026-07-06,train,True
1421,bme_humidity_pct,noise_burst,amplitude_mad_multiple,8.0,0.027000000000001023,7175,7234,60,2026-06-20 09:14:43.089808+00:00,2026-06-20 09:44:13.094585+00:00,2026-06-20,train,False
1422,bme_humidity_pct,noise_burst,amplitude_mad_multiple,8.0,0.027000000000001023,23473,23532,60,2026-06-26 04:48:46.447096+00:00,2026-06-26 05:18:16.451966+00:00,2026-06-26,test,False
1423,bme_humidity_pct,noise_burst,amplitude_mad_multiple,8.0,0.027000000000001023,255446,255505,60,2026-09-16 22:46:37.759917+00:00,2026-09-16 23:16:07.764785+00:00,2026-09-17,train,False
1424,bme_humidity_pct,noise_burst,amplitude_mad_multiple,8.0,0.027000000000001023,255103,255162,60,2026-09-16 19:55:07.731745+00:00,2026-09-16 20:24:37.736521+00:00,2026-09-16,train,True
1425,bme_humidity_pct,noise_burst,amplitude_mad_multiple,8.0,0.027000000000001023,194524,194583,60,2026-08-24 23:51:15.260337+00:00,2026-08-25 00:20:45.265152+00:00,2026-08-25,train,False
1426,bme_humidity_pct,noise_burst,amplitude_mad_multiple,8.0,0.027000000000001023,82563,82622,60,2026-07-16 17:51:13.256758+00:00,2026-07-16 18:20:43.261798+00:00,2026-07-16,test,False
1427,bme_humidity_pct,noise_burst,amplitude_mad_multiple,8.0,0.027000000000001023,27621,27680,60,2026-06-27 15:22:46.812761+00:00,2026-06-27 15:52:16.817595+00:00,2026-06-27,train,True
1428,bme_humidity_pct,noise_burst,amplitude_mad_multiple,8.0,0.027000000000001023,126164,126223,60,2026-07-31 21:16:48.085632+00:00,2026-07-31 21:46:18.090664+00:00,2026-08-01,test,False
1429,bme_humidity_pct,noise_burst,amplitude_mad_multiple,8.0,0.027000000000001023,127380,127439,60,2026-08-01 07:24:48.190835+00:00,2026-08-01 07:54:18.195816+00:00,2026-08-01,test,False
1430,bme_humidity_pct,noise_burst,amplitude_mad_multiple,8.0,0.027000000000001023,197302,197361,60,2026-08-25 23:00:15.499368+00:00,2026-08-25 23:29:45.504600+00:00,2026-08-26,test,False
1431,bme_humidity_pct,noise_burst,amplitude_mad_multiple,8.0,0.027000000000001023,207412,207471,60,2026-08-29 11:15:16.358857+00:00,2026-08-29 11:44:46.363863+00:00,2026-08-29,test,False
1432,bme_humidity_pct,noise_burst,amplitude_mad_multiple,8.0,0.027000000000001023,141437,141496,60,2026-08-06 04:33:19.847479+00:00,2026-08-06 05:02:49.852416+00:00,2026-08-06,train,False
1433,bme_humidity_pct,stuck_value,duration_samples,5.0,0.027000000000001023,217149,217153,5,2026-09-01 20:23:47.197838+00:00,2026-09-01 20:25:47.198158+00:00,2026-09-01,train,False
1434,bme_humidity_pct,stuck_value,duration_samples,5.0,0.027000000000001023,8590,8594,5,2026-06-20 21:02:13.204095+00:00,2026-06-20 21:04:13.204425+00:00,2026-06-21,train,False
1435,bme_humidity_pct,stuck_value,duration_samples,5.0,0.027000000000001023,177677,177681,5,2026-08-19 03:27:43.834912+00:00,2026-08-19 03:29:43.835236+00:00,2026-08-19,train,False
1436,bme_humidity_pct,stuck_value,duration_samples,5.0,0.027000000000001023,123485,123489,5,2026-07-30 22:52:57.720945+00:00,2026-07-30 22:54:57.721272+00:00,2026-07-31,train,False
1437,bme_humidity_pct,stuck_value,duration_samples,5.0,0.027000000000001023,18726,18730,5,2026-06-24 09:39:21.805936+00:00,2026-06-24 09:41:21.806267+00:00,2026-06-24,train,False
1438,bme_humidity_pct,stuck_value,duration_samples,5.0,0.027000000000001023,182330,182334,5,2026-08-20 18:14:14.226253+00:00,2026-08-20 18:16:14.226571+00:00,2026-08-20,test,False
1439,bme_humidity_pct,stuck_value,duration_samples,5.0,0.027000000000001023,127987,127991,5,2026-08-01 12:28:18.241892+00:00,2026-08-01 12:30:18.242227+00:00,2026-08-01,test,False
1440,bme_humidity_pct,stuck_value,duration_samples,5.0,0.027000000000001023,227104,227108,5,2026-09-05 07:21:18.059416+00:00,2026-09-05 07:23:18.059740+00:00,2026-09-05,test,False
1441,bme_humidity_pct,stuck_value,duration_samples,5.0,0.027000000000001023,56514,56518,5,2026-07-07 16:46:40.872699+00:00,2026-07-07 16:48:40.873047+00:00,2026-07-07,train,False
1442,bme_humidity_pct,stuck_value,duration_samples,5.0,0.027000000000001023,780,784,5,2026-06-18 03:54:04.058445+00:00,2026-06-18 03:56:04.058773+00:00,2026-06-18,train,False
1443,bme_humidity_pct,stuck_value,duration_samples,5.0,0.027000000000001023,69531,69535,5,2026-07-12 05:15:12.138257+00:00,2026-07-12 05:17:12.138595+00:00,2026-07-12,test,False
1444,bme_humidity_pct,stuck_value,duration_samples,5.0,0.027000000000001023,95896,95900,5,2026-07-21 08:57:44.451153+00:00,2026-07-21 08:59:44.451455+00:00,2026-07-21,train,False
1445,bme_humidity_pct,stuck_value,duration_samples,5.0,0.027000000000001023,30985,30989,5,2026-06-28 19:24:47.120423+00:00,2026-06-28 19:26:47.120758+00:00,2026-06-28,train,False
1446,bme_humidity_pct,stuck_value,duration_samples,5.0,0.027000000000001023,260163,260167,5,2026-09-18 14:05:08.175466+00:00,2026-09-18 14:07:08.175782+00:00,2026-09-18,train,False
1447,bme_humidity_pct,stuck_value,duration_samples,5.0,0.027000000000001023,92059,92063,5,2026-07-20 00:59:14.101684+00:00,2026-07-20 01:01:14.102002+00:00,2026-07-20,test,False
1448,bme_humidity_pct,stuck_value,duration_samples,5.0,0.027000000000001023,229935,229939,5,2026-09-06 06:56:48.308025+00:00,2026-09-06 06:58:48.308359+00:00,2026-09-06,test,False
1449,bme_humidity_pct,stuck_value,duration_samples,5.0,0.027000000000001023,174198,174202,5,2026-08-17 13:34:11.190606+00:00,2026-08-17 13:36:11.190950+00:00,2026-08-17,test,False
1450,bme_humidity_pct,stuck_value,duration_samples,5.0,0.027000000000001023,83943,83947,5,2026-07-17 05:21:13.372915+00:00,2026-07-17 05:23:13.373257+00:00,2026-07-17,train,False
1451,bme_humidity_pct,stuck_value,duration_samples,5.0,0.027000000000001023,257604,257608,5,2026-09-17 16:45:37.950131+00:00,2026-09-17 16:47:37.950453+00:00,2026-09-17,train,True
1452,bme_humidity_pct,stuck_value,duration_samples,10.0,0.027000000000001023,133422,133431,10,2026-08-03 09:45:48.732506+00:00,2026-08-03 09:50:18.733264+00:00,2026-08-03,test,False
1453,bme_humidity_pct,stuck_value,duration_samples,10.0,0.027000000000001023,576,585,10,2026-06-18 02:12:04.041894+00:00,2026-06-18 02:16:34.042616+00:00,2026-06-18,train,False
1454,bme_humidity_pct,stuck_value,duration_samples,10.0,0.027000000000001023,246487,246496,10,2026-09-12 00:52:49.733370+00:00,2026-09-12 00:57:19.734115+00:00,2026-09-12,train,False
1455,bme_humidity_pct,stuck_value,duration_samples,10.0,0.027000000000001023,72432,72441,10,2026-07-13 05:25:42.385487+00:00,2026-07-13 05:30:12.386229+00:00,2026-07-13,train,False
1456,bme_humidity_pct,stuck_value,duration_samples,10.0,0.027000000000001023,212631,212640,10,2026-08-31 06:44:46.803393+00:00,2026-08-31 06:49:16.804104+00:00,2026-08-31,train,False
1457,bme_humidity_pct,stuck_value,duration_samples,10.0,0.027000000000001023,13137,13146,10,2026-06-22 10:55:43.577066+00:00,2026-06-22 11:00:13.577770+00:00,2026-06-22,test,False
1458,bme_humidity_pct,stuck_value,duration_samples,10.0,0.027000000000001023,223176,223185,10,2026-09-03 22:37:17.725829+00:00,2026-09-03 22:41:47.726574+00:00,2026-09-04,train,False
1459,bme_humidity_pct,stuck_value,duration_samples,10.0,0.027000000000001023,45161,45170,10,2026-07-03 18:08:14.395065+00:00,2026-07-03 18:12:44.395817+00:00,2026-07-03,train,False
1460,bme_humidity_pct,stuck_value,duration_samples,10.0,0.027000000000001023,189492,189501,10,2026-08-23 05:55:14.828986+00:00,2026-08-23 05:59:44.829706+00:00,2026-08-23,train,True
1461,bme_humidity_pct,stuck_value,duration_samples,10.0,0.027000000000001023,138651,138660,10,2026-08-05 05:20:19.578849+00:00,2026-08-05 05:24:49.580493+00:00,2026-08-05,test,False
1462,bme_humidity_pct,stuck_value,duration_samples,10.0,0.027000000000001023,107813,107822,10,2026-07-25 12:16:20.501907+00:00,2026-07-25 12:20:50.502959+00:00,2026-07-25,train,False
1463,bme_humidity_pct,stuck_value,duration_samples,10.0,0.027000000000001023,248818,248827,10,2026-09-12 20:18:19.939164+00:00,2026-09-12 20:22:49.939862+00:00,2026-09-12,train,False
1464,bme_humidity_pct,stuck_value,duration_samples,10.0,0.027000000000001023,70363,70372,10,2026-07-12 12:11:12.211250+00:00,2026-07-12 12:15:42.212010+00:00,2026-07-12,test,False
1465,bme_humidity_pct,stuck_value,duration_samples,10.0,0.027000000000001023,35657,35666,10,2026-06-30 10:23:51.116332+00:00,2026-06-30 10:28:21.117057+00:00,2026-06-30,train,False
1466,bme_humidity_pct,stuck_value,duration_samples,10.0,0.027000000000001023,142114,142123,10,2026-08-06 10:11:49.905068+00:00,2026-08-06 10:16:19.905829+00:00,2026-08-06,train,True
1467,bme_humidity_pct,stuck_value,duration_samples,10.0,0.027000000000001023,90871,90880,10,2026-07-19 15:05:13.992662+00:00,2026-07-19 15:09:43.993430+00:00,2026-07-19,train,False
1468,bme_humidity_pct,stuck_value,duration_samples,10.0,0.027000000000001023,158317,158326,10,2026-08-12 01:13:21.512577+00:00,2026-08-12 01:17:51.513300+00:00,2026-08-12,test,False
1469,bme_humidity_pct,stuck_value,duration_samples,10.0,0.027000000000001023,96357,96366,10,2026-07-21 12:48:14.488240+00:00,2026-07-21 12:52:44.488944+00:00,2026-07-21,train,False
1470,bme_humidity_pct,stuck_value,duration_samples,10.0,0.027000000000001023,29307,29316,10,2026-06-28 05:25:46.966750+00:00,2026-06-28 05:30:16.967502+00:00,2026-06-28,train,False
1471,bme_humidity_pct,stuck_value,duration_samples,20.0,0.027000000000001023,230005,230024,20,2026-09-06 07:31:48.314108+00:00,2026-09-06 07:41:18.315775+00:00,2026-09-06,test,False
1472,bme_humidity_pct,stuck_value,duration_samples,20.0,0.027000000000001023,133840,133859,20,2026-08-03 13:14:48.778410+00:00,2026-08-03 13:24:18.779909+00:00,2026-08-03,test,False
1473,bme_humidity_pct,stuck_value,duration_samples,20.0,0.027000000000001023,85305,85324,20,2026-07-17 16:42:13.485899+00:00,2026-07-17 16:51:43.487461+00:00,2026-07-17,train,True
1474,bme_humidity_pct,stuck_value,duration_samples,20.0,0.027000000000001023,4180,4199,20,2026-06-19 08:17:12.846958+00:00,2026-06-19 08:26:42.848509+00:00,2026-06-19,test,False
1475,bme_humidity_pct,stuck_value,duration_samples,20.0,0.027000000000001023,203049,203068,20,2026-08-27 22:53:45.986910+00:00,2026-08-27 23:03:15.988446+00:00,2026-08-28,train,False
1476,bme_humidity_pct,stuck_value,duration_samples,20.0,0.027000000000001023,206294,206313,20,2026-08-29 01:56:16.263531+00:00,2026-08-29 02:05:46.265065+00:00,2026-08-29,test,True
1477,bme_humidity_pct,stuck_value,duration_samples,20.0,0.027000000000001023,41405,41424,20,2026-07-02 10:50:14.081323+00:00,2026-07-02 10:59:44.082874+00:00,2026-07-02,train,True
1478,bme_humidity_pct,stuck_value,duration_samples,20.0,0.027000000000001023,257478,257497,20,2026-09-17 15:42:37.937029+00:00,2026-09-17 15:52:07.938567+00:00,2026-09-17,train,False
1479,bme_humidity_pct,stuck_value,duration_samples,20.0,0.027000000000001023,55307,55326,20,2026-07-07 06:43:10.764246+00:00,2026-07-07 06:52:40.765800+00:00,2026-07-07,train,False
1480,bme_humidity_pct,stuck_value,duration_samples,20.0,0.027000000000001023,70772,70791,20,2026-07-12 15:35:42.245000+00:00,2026-07-12 15:45:12.246539+00:00,2026-07-12,test,False
1481,bme_humidity_pct,stuck_value,duration_samples,20.0,0.027000000000001023,136022,136041,20,2026-08-04 07:25:49.055194+00:00,2026-08-04 07:35:19.056765+00:00,2026-08-04,train,False
1482,bme_humidity_pct,stuck_value,duration_samples,20.0,0.027000000000001023,1781,1800,20,2026-06-18 12:14:45.991966+00:00,2026-06-18 12:24:15.993501+00:00,2026-06-18,train,False
1483,bme_humidity_pct,stuck_value,duration_samples,20.0,0.027000000000001023,114733,114752,20,2026-07-27 21:56:56.695708+00:00,2026-07-27 22:06:26.697287+00:00,2026-07-28,train,False
1484,bme_humidity_pct,stuck_value,duration_samples,20.0,0.027000000000001023,53339,53358,20,2026-07-06 14:19:10.595801+00:00,2026-07-06 14:28:40.597370+00:00,2026-07-06,train,False
1485,bme_humidity_pct,stuck_value,duration_samples,20.0,0.027000000000001023,199174,199193,20,2026-08-26 14:36:15.656542+00:00,2026-08-26 14:45:45.658112+00:00,2026-08-26,test,False
1486,bme_humidity_pct,stuck_value,duration_samples,20.0,0.027000000000001023,161287,161306,20,2026-08-13 01:58:21.795054+00:00,2026-08-13 02:07:51.796606+00:00,2026-08-13,train,False
1487,bme_humidity_pct,stuck_value,duration_samples,20.0,0.027000000000001023,111196,111215,20,2026-07-26 16:27:50.862087+00:00,2026-07-26 16:37:20.863658+00:00,2026-07-26,test,False
1488,bme_humidity_pct,stuck_value,duration_samples,20.0,0.027000000000001023,81949,81968,20,2026-07-16 12:44:13.205386+00:00,2026-07-16 12:53:43.206976+00:00,2026-07-16,test,False
1489,bme_humidity_pct,stuck_value,duration_samples,20.0,0.027000000000001023,218747,218766,20,2026-09-02 09:42:47.330535+00:00,2026-09-02 09:52:17.332560+00:00,2026-09-02,train,False
1490,bme_humidity_pct,stuck_value,duration_samples,40.0,0.027000000000001023,132424,132463,40,2026-08-03 01:26:48.644460+00:00,2026-08-03 01:46:18.647730+00:00,2026-08-03,test,False
1491,bme_humidity_pct,stuck_value,duration_samples,40.0,0.027000000000001023,129129,129168,40,2026-08-01 21:59:18.337046+00:00,2026-08-01 22:18:48.340310+00:00,2026-08-02,train,False
1492,bme_humidity_pct,stuck_value,duration_samples,40.0,0.027000000000001023,29835,29874,40,2026-06-28 09:49:47.015173+00:00,2026-06-28 10:09:17.018938+00:00,2026-06-28,train,False
1493,bme_humidity_pct,stuck_value,duration_samples,40.0,0.027000000000001023,58007,58046,40,2026-07-08 05:13:11.001294+00:00,2026-07-08 05:32:41.006423+00:00,2026-07-08,train,False
1494,bme_humidity_pct,stuck_value,duration_samples,40.0,0.027000000000001023,95805,95844,40,2026-07-21 08:12:14.443827+00:00,2026-07-21 08:31:44.446973+00:00,2026-07-21,train,False
1495,bme_humidity_pct,stuck_value,duration_samples,40.0,0.027000000000001023,183929,183968,40,2026-08-21 07:33:44.356563+00:00,2026-08-21 07:53:14.359717+00:00,2026-08-21,train,True
1496,bme_humidity_pct,stuck_value,duration_samples,40.0,0.027000000000001023,221471,221510,40,2026-09-03 08:24:47.583925+00:00,2026-09-03 08:44:17.587069+00:00,2026-09-03,train,False
1497,bme_humidity_pct,stuck_value,duration_samples,40.0,0.027000000000001023,263832,263871,40,2026-09-19 20:39:38.495101+00:00,2026-09-19 20:59:08.498278+00:00,2026-09-19,test,True
1498,bme_humidity_pct,stuck_value,duration_samples,40.0,0.027000000000001023,113915,113954,40,2026-07-27 15:07:21.089450+00:00,2026-07-27 15:26:51.092703+00:00,2026-07-27,train,False
1499,bme_humidity_pct,stuck_value,duration_samples,40.0,0.027000000000001023,119986,120025,40,2026-07-29 17:43:27.295897+00:00,2026-07-29 18:02:57.303132+00:00,2026-07-29,train,False
1500,bme_humidity_pct,stuck_value,duration_samples,40.0,0.027000000000001023,200903,200942,40,2026-08-27 05:00:45.804650+00:00,2026-08-27 05:20:15.807828+00:00,2026-08-27,train,True
1501,bme_humidity_pct,stuck_value,duration_samples,40.0,0.027000000000001023,85443,85482,40,2026-07-17 17:51:13.497302+00:00,2026-07-17 18:10:43.500476+00:00,2026-07-17,train,False
1502,bme_humidity_pct,stuck_value,duration_samples,40.0,0.027000000000001023,142504,142543,40,2026-08-06 13:26:49.937720+00:00,2026-08-06 13:46:19.940855+00:00,2026-08-06,train,True
1503,bme_humidity_pct,stuck_value,duration_samples,40.0,0.027000000000001023,177373,177412,40,2026-08-19 00:55:43.807025+00:00,2026-08-19 01:15:13.810256+00:00,2026-08-19,train,False
1504,bme_humidity_pct,stuck_value,duration_samples,40.0,0.027000000000001023,73888,73927,40,2026-07-13 17:33:42.507456+00:00,2026-07-13 17:53:12.510699+00:00,2026-07-13,train,False
1505,bme_humidity_pct,stuck_value,duration_samples,40.0,0.027000000000001023,93986,94025,40,2026-07-20 17:02:44.291529+00:00,2026-07-20 17:22:14.294766+00:00,2026-07-20,test,False
1506,bme_humidity_pct,stuck_value,duration_samples,40.0,0.027000000000001023,152333,152372,40,2026-08-09 23:21:20.923287+00:00,2026-08-09 23:40:50.926519+00:00,2026-08-10,train,False
1507,bme_humidity_pct,stuck_value,duration_samples,40.0,0.027000000000001023,71247,71286,40,2026-07-12 19:33:12.284506+00:00,2026-07-12 19:52:42.287712+00:00,2026-07-12,test,False
1508,bme_humidity_pct,stuck_value,duration_samples,40.0,0.027000000000001023,54787,54826,40,2026-07-07 02:23:10.718661+00:00,2026-07-07 02:42:40.721824+00:00,2026-07-07,train,False
1509,bme_humidity_pct,stuck_value,duration_samples,80.0,0.027000000000001023,214084,214163,80,2026-08-31 18:51:16.926631+00:00,2026-08-31 19:30:46.933141+00:00,2026-08-31,train,False
1510,bme_humidity_pct,stuck_value,duration_samples,80.0,0.027000000000001023,234097,234176,80,2026-09-07 17:37:48.658519+00:00,2026-09-07 18:17:18.664864+00:00,2026-09-07,test,True
1511,bme_humidity_pct,stuck_value,duration_samples,80.0,0.027000000000001023,238972,239051,80,2026-09-09 10:15:19.087810+00:00,2026-09-09 10:54:49.094874+00:00,2026-09-09,train,True
1512,bme_humidity_pct,stuck_value,duration_samples,80.0,0.027000000000001023,216119,216198,80,2026-09-01 11:48:47.113126+00:00,2026-09-01 12:28:17.119569+00:00,2026-09-01,train,True
1513,bme_humidity_pct,stuck_value,duration_samples,80.0,0.027000000000001023,130799,130878,80,2026-08-02 11:54:18.482185+00:00,2026-08-02 12:33:48.499135+00:00,2026-08-02,train,True
1514,bme_humidity_pct,stuck_value,duration_samples,80.0,0.027000000000001023,135797,135876,80,2026-08-04 05:33:19.030001+00:00,2026-08-04 06:12:49.038343+00:00,2026-08-04,train,True
1515,bme_humidity_pct,stuck_value,duration_samples,80.0,0.027000000000001023,193714,193793,80,2026-08-24 17:06:15.194589+00:00,2026-08-24 17:45:45.200868+00:00,2026-08-24,test,True
1516,bme_humidity_pct,stuck_value,duration_samples,80.0,0.027000000000001023,57753,57832,80,2026-07-08 03:06:10.977995+00:00,2026-07-08 03:45:40.984662+00:00,2026-07-08,train,False
1517,bme_humidity_pct,stuck_value,duration_samples,80.0,0.027000000000001023,245860,245939,80,2026-09-11 19:39:19.673006+00:00,2026-09-11 20:18:49.679499+00:00,2026-09-11,test,True
1518,bme_humidity_pct,stuck_value,duration_samples,80.0,0.027000000000001023,81487,81566,80,2026-07-16 08:53:13.166763+00:00,2026-07-16 09:32:43.173315+00:00,2026-07-16,test,False
1519,bme_humidity_pct,stuck_value,duration_samples,80.0,0.027000000000001023,138257,138336,80,2026-08-05 02:03:19.529812+00:00,2026-08-05 02:42:49.538176+00:00,2026-08-05,test,False
1520,bme_humidity_pct,stuck_value,duration_samples,80.0,0.027000000000001023,196717,196796,80,2026-08-25 18:07:45.444691+00:00,2026-08-25 18:47:15.451156+00:00,2026-08-25,train,True
1521,bme_humidity_pct,stuck_value,duration_samples,80.0,0.027000000000001023,208094,208173,80,2026-08-29 16:56:16.416803+00:00,2026-08-29 17:35:46.423181+00:00,2026-08-29,test,False
1522,bme_humidity_pct,stuck_value,duration_samples,80.0,0.027000000000001023,213213,213292,80,2026-08-31 11:35:46.853254+00:00,2026-08-31 12:15:16.859884+00:00,2026-08-31,train,False
1523,bme_humidity_pct,stuck_value,duration_samples,80.0,0.027000000000001023,96162,96241,80,2026-07-21 11:10:44.472627+00:00,2026-07-21 11:50:14.478995+00:00,2026-07-21,train,False
1524,bme_humidity_pct,stuck_value,duration_samples,80.0,0.027000000000001023,209610,209689,80,2026-08-30 05:34:16.539899+00:00,2026-08-30 06:13:46.546258+00:00,2026-08-30,train,False
1525,bme_humidity_pct,stuck_value,duration_samples,80.0,0.027000000000001023,153210,153289,80,2026-08-10 06:39:50.999752+00:00,2026-08-10 07:19:21.006214+00:00,2026-08-10,train,False
1526,bme_humidity_pct,stuck_value,duration_samples,80.0,0.027000000000001023,160104,160183,80,2026-08-12 16:06:51.674680+00:00,2026-08-12 16:46:21.681166+00:00,2026-08-12,test,False
1527,bme_humidity_pct,stuck_value,duration_samples,80.0,0.027000000000001023,107092,107171,80,2026-07-25 06:15:50.419675+00:00,2026-07-25 06:55:20.426205+00:00,2026-07-25,train,False
