computed_ts,window_minutes,completeness_status,index_value,index_class,dominant_component,n_rules_fired
2026-06-19 00:05:00+03:00,15,FAILED,,,,
2026-06-19 00:10:00+03:00,15,FAILED,,,,
2026-06-19 00:15:00+03:00,15,FAILED,,,,
2026-06-19 00:20:00+03:00,15,FAILED,,,,
2026-06-19 00:25:00+03:00,15,PARTIAL,13.417227523144213,Favorable,V,2
2026-06-19 00:30:00+03:00,15,PARTIAL,13.230241574709225,Favorable,V,2
2026-06-19 00:35:00+03:00,15,OK,32.971599769560136,Acceptable,M,4
2026-06-19 00:40:00+03:00,15,OK,31.736996006400375,Acceptable,M,4
2026-06-19 00:45:00+03:00,15,OK,29.49041504030311,Acceptable,M,2
2026-06-19 00:50:00+03:00,15,OK,26.711948017722747,Acceptable,M,2
2026-06-19 00:55:00+03:00,15,OK,24.2406172839507,Favorable,M,2
2026-06-19 01:00:00+03:00,15,OK,21.91970882225155,Favorable,M,2
2026-06-19 01:05:00+03:00,15,OK,19.682051696071518,Favorable,M,2
2026-06-19 01:10:00+03:00,15,OK,17.49885577294302,Favorable,M,2
2026-06-19 01:15:00+03:00,15,OK,15.649902182390392,Favorable,M,2
2026-06-19 01:20:00+03:00,15,OK,13.89305889442986,Favorable,M,2
2026-06-19 01:25:00+03:00,15,OK,12.444029850746269,Favorable,A;M;V,1
2026-06-19 01:30:00+03:00,15,OK,13.485769082420525,Favorable,V,2
2026-06-19 01:35:00+03:00,15,OK,14.170596385698856,Favorable,V,2
2026-06-19 01:40:00+03:00,15,OK,14.095939890516547,Favorable,V,2
2026-06-19 01:45:00+03:00,15,OK,13.635277152787124,Favorable,V,2
2026-06-19 01:50:00+03:00,15,OK,13.448384104424433,Favorable,V,2
2026-06-19 01:55:00+03:00,15,OK,14.058606876231169,Favorable,V,2
2026-06-19 02:00:00+03:00,15,OK,15.028233473880627,Favorable,V,2
2026-06-19 02:05:00+03:00,15,OK,15.394392735206193,Favorable,V,2
2026-06-19 02:10:00+03:00,15,OK,14.835721981231028,Favorable,V,2
2026-06-19 02:15:00+03:00,15,OK,13.90301843416066,Favorable,V,2
2026-06-19 02:20:00+03:00,15,OK,13.678874079121051,Favorable,V,2
2026-06-19 02:25:00+03:00,15,OK,14.344745458198894,Favorable,V,2
2026-06-19 02:30:00+03:00,15,OK,15.388189195762173,Favorable,V,2
2026-06-19 02:35:00+03:00,15,OK,16.634096307110994,Favorable,V,2
2026-06-19 02:40:00+03:00,15,OK,17.8673709473327,Favorable,V,2
2026-06-19 02:45:00+03:00,15,OK,17.379226275926918,Favorable,V,2
2026-06-19 02:50:00+03:00,15,OK,17.476884665518,Favorable,V,2
2026-06-19 02:55:00+03:00,15,OK,17.489090928375965,Favorable,V,2
2026-06-19 03:00:00+03:00,15,OK,18.50750251418424,Favorable,V,2
2026-06-19 03:05:00+03:00,15,OK,17.720966198716578,Favorable,V,2
2026-06-19 03:10:00+03:00,15,PARTIAL,17.19607707922226,Favorable,V,2
2026-06-19 03:15:00+03:00,15,OK,18.06862340881192,Favorable,V,2
2026-06-19 03:20:00+03:00,15,OK,19.090135702076974,Favorable,V,2
2026-06-19 03:25:00+03:00,15,OK,19.535301345485713,Favorable,V,2
2026-06-19 03:30:00+03:00,15,OK,18.26371754795519,Favorable,V,2
2026-06-19 03:35:00+03:00,15,OK,17.562323672283206,Favorable,V,2
2026-06-19 03:40:00+03:00,15,OK,17.659954444007155,Favorable,V,2
2026-06-19 03:45:00+03:00,15,PARTIAL,18.202756948910558,Favorable,V,2
2026-06-19 03:50:00+03:00,15,OK,19.32476935825213,Favorable,V,2
2026-06-19 03:55:00+03:00,15,OK,19.643561431671706,Favorable,V,2
2026-06-19 04:00:00+03:00,15,OK,19.625518721033423,Favorable,V,2
2026-06-19 04:05:00+03:00,15,PARTIAL,19.192417208331065,Favorable,V,2
2026-06-19 04:10:00+03:00,15,OK,18.915636588380718,Favorable,V,2
2026-06-19 04:15:00+03:00,15,PARTIAL,19.30672214505993,Favorable,V,2
2026-06-19 04:20:00+03:00,15,OK,19.565374511867002,Favorable,V,2
2026-06-19 04:25:00+03:00,15,OK,20.479261032742347,Favorable,V,2
2026-06-19 04:30:00+03:00,15,OK,19.992337092613862,Favorable,V,2
2026-06-19 04:35:00+03:00,15,OK,19.968286655683677,Favorable,V,2
2026-06-19 04:40:00+03:00,15,OK,19.619504427528373,Favorable,V,2
2026-06-19 04:45:00+03:00,15,OK,21.11018254957775,Favorable,V,2
2026-06-19 04:50:00+03:00,15,PARTIAL,22.593503821281608,Favorable,V,2
2026-06-19 04:55:00+03:00,15,PARTIAL,23.881981187536752,Favorable,V,2
2026-06-19 05:00:00+03:00,15,OK,23.935420340975906,Favorable,V,2
2026-06-19 05:05:00+03:00,15,OK,22.967577895355667,Favorable,V,2
2026-06-19 05:10:00+03:00,15,OK,20.905918279003235,Favorable,V,2
2026-06-19 05:15:00+03:00,15,OK,19.294690527981,Favorable,V,2
2026-06-19 05:20:00+03:00,15,OK,18.537969175767376,Favorable,V,2
2026-06-19 05:25:00+03:00,15,OK,18.76337787720023,Favorable,V,2
2026-06-19 05:30:00+03:00,15,OK,19.348831912654767,Favorable,V,2
2026-06-19 05:35:00+03:00,15,OK,19.3428163165378,Favorable,V,2
2026-06-19 05:40:00+03:00,15,PARTIAL,19.14428575464435,Favorable,V,2
2026-06-19 05:45:00+03:00,15,OK,18.477034417460963,Favorable,V,2
2026-06-19 05:50:00+03:00,15,OK,17.45247144928049,Favorable,V,2
2026-06-19 05:55:00+03:00,15,OK,16.14502072828601,Favorable,V,2
2026-06-19 06:00:00+03:00,15,OK,15.431612126363502,Favorable,V,2
2026-06-19 06:05:00+03:00,15,OK,17.45247144928049,Favorable,V,2
2026-06-19 06:10:00+03:00,15,OK,20.160677473101597,Favorable,V,2
2026-06-19 06:15:00+03:00,15,OK,21.482580347734462,Favorable,V,2
2026-06-19 06:20:00+03:00,15,OK,21.572660272316526,Favorable,V,2
2026-06-19 06:25:00+03:00,15,OK,22.611316872427984,Favorable,V,2
2026-06-19 06:30:00+03:00,15,OK,25.075455614344484,Acceptable,V,2
2026-06-19 06:35:00+03:00,15,OK,27.624689291867913,Acceptable,V,2
2026-06-19 06:40:00+03:00,15,OK,29.483390798773527,Acceptable,V,2
2026-06-19 06:45:00+03:00,15,OK,29.71757501184491,Acceptable,V,2
2026-06-19 06:50:00+03:00,15,OK,29.214188098632185,Acceptable,V,2
2026-06-19 06:55:00+03:00,15,OK,27.883911420177405,Acceptable,V,2
2026-06-19 07:00:00+03:00,15,OK,28.037113375364335,Acceptable,V,2
2026-06-19 07:05:00+03:00,15,OK,27.919264052958436,Acceptable,V,2
2026-06-19 07:10:00+03:00,15,OK,28.007650004355288,Acceptable,V,2
2026-06-19 07:15:00+03:00,15,OK,28.290423595725176,Acceptable,V,2
2026-06-19 07:20:00+03:00,15,OK,29.249294875268916,Acceptable,V,2
2026-06-19 07:25:00+03:00,15,OK,28.793061578286622,Acceptable,V,2
2026-06-19 07:30:00+03:00,15,OK,27.52454966776745,Acceptable,V,2
2026-06-19 07:35:00+03:00,15,OK,25.964585126953,Acceptable,V,2
2026-06-19 07:40:00+03:00,15,OK,25.358784020544615,Acceptable,V,2
2026-06-19 07:45:00+03:00,15,OK,25.670470261167356,Acceptable,V,2
2026-06-19 07:50:00+03:00,15,OK,25.73516959617269,Acceptable,V,2
2026-06-19 07:55:00+03:00,15,OK,26.005766729160165,Acceptable,V,2
2026-06-19 08:00:00+03:00,15,OK,26.21169508511419,Acceptable,V,2
2026-06-19 08:05:00+03:00,15,OK,26.923880175547982,Acceptable,V,2
2026-06-19 08:10:00+03:00,15,OK,27.17706842828633,Acceptable,V,2
2026-06-19 08:15:00+03:00,15,OK,26.188158699538924,Acceptable,V,2
2026-06-19 08:20:00+03:00,15,OK,24.76075837742503,Favorable,V,2
2026-06-19 08:25:00+03:00,15,OK,23.876043503821304,Favorable,V,2
2026-06-19 08:30:00+03:00,15,OK,23.9947971781305,Favorable,V,2
2026-06-19 08:35:00+03:00,15,OK,24.184803057025256,Favorable,V,2
2026-06-19 08:40:00+03:00,15,OK,23.804791299235745,Favorable,V,2
2026-06-19 08:45:00+03:00,15,OK,22.842886537330966,Favorable,V,2
2026-06-19 08:50:00+03:00,15,OK,21.704765998179635,Favorable,V,2
2026-06-19 08:55:00+03:00,15,OK,19.817961165048544,Favorable,V,2
2026-06-19 09:00:00+03:00,15,OK,18.866917701296654,Favorable,V,2
2026-06-19 09:05:00+03:00,15,OK,18.37952686262362,Favorable,V,2
2026-06-19 09:10:00+03:00,15,OK,18.672005439837996,Favorable,V,2
2026-06-19 09:15:00+03:00,15,OK,18.294195693499244,Favorable,V,2
2026-06-19 09:20:00+03:00,15,OK,21.170254057868735,Favorable,V,2
2026-06-19 09:25:00+03:00,15,OK,24.78450911228689,Favorable,V,2
2026-06-19 09:30:00+03:00,15,OK,29.20248628092241,Acceptable,V,2
2026-06-19 09:35:00+03:00,15,OK,32.52031259232998,Acceptable,V,2
2026-06-19 09:40:00+03:00,15,OK,33.41518423344124,Acceptable,V,2
2026-06-19 09:45:00+03:00,15,OK,32.75407844806185,Acceptable,V,2
2026-06-19 09:50:00+03:00,15,OK,27.63058010757117,Acceptable,V,2
2026-06-19 09:55:00+03:00,15,OK,26.199926836956983,Acceptable,V,2
2026-06-19 10:00:00+03:00,15,OK,28.8456867696352,Acceptable,V,2
2026-06-19 10:05:00+03:00,15,OK,33.5498755168064,Acceptable,V,2
2026-06-19 10:10:00+03:00,15,OK,37.12919748151111,Acceptable,V,2
2026-06-19 10:15:00+03:00,15,OK,37.5,Acceptable,A;M;V,1
2026-06-19 10:20:00+03:00,15,OK,34.235725824024875,Acceptable,V,2
2026-06-19 10:25:00+03:00,15,OK,26.570679858357927,Acceptable,V,2
2026-06-19 10:30:00+03:00,15,OK,19.102169245402056,Favorable,V,2
2026-06-19 10:35:00+03:00,15,OK,20.20275910189464,Favorable,V,2
2026-06-19 10:40:00+03:00,15,OK,25.12295708406821,Acceptable,V,2
2026-06-19 10:45:00+03:00,15,OK,26.82968367253294,Acceptable,V,2
2026-06-19 10:50:00+03:00,15,OK,25.311743789816788,Acceptable,V,2
2026-06-19 10:55:00+03:00,15,OK,20.256862016058445,Favorable,V,2
2026-06-19 11:00:00+03:00,15,OK,16.371264074962653,Favorable,V,2
2026-06-19 11:05:00+03:00,15,OK,12.444029850746269,Favorable,A;M;V,1
2026-06-19 11:10:00+03:00,15,OK,12.444029850746269,Favorable,A;M;V,1
2026-06-19 11:15:00+03:00,15,OK,12.444029850746269,Favorable,A;M;V,1
2026-06-19 11:20:00+03:00,15,OK,12.444029850746269,Favorable,A;M;V,1
2026-06-19 11:25:00+03:00,15,OK,12.444029850746269,Favorable,A;M;V,1
2026-06-19 11:30:00+03:00,15,OK,12.444029850746269,Favorable,A;M;V,1
2026-06-19 11:35:00+03:00,15,OK,13.07311180050153,Favorable,M,2
2026-06-19 11:40:00+03:00,15,OK,13.884344111657656,Favorable,M,2
2026-06-19 11:45:00+03:00,15,OK,14.459148623562271,Favorable,M,2
2026-06-19 11:50:00+03:00,15,OK,14.989737942164489,Favorable,M,2
2026-06-19 11:55:00+03:00,15,OK,15.38074483241873,Favorable,M,2
2026-06-19 12:00:00+03:00,15,OK,15.813462129397001,Favorable,M,2
2026-06-19 12:05:00+03:00,15,OK,16.113218033886795,Favorable,M,2
2026-06-19 12:10:00+03:00,15,OK,16.54975711724117,Favorable,M,2
2026-06-19 12:15:00+03:00,15,OK,17.028755533401924,Favorable,M,2
2026-06-19 12:20:00+03:00,15,OK,17.644090445661952,Favorable,M,2
2026-06-19 12:25:00+03:00,15,OK,18.147887498144,Favorable,M,2
2026-06-19 12:30:00+03:00,15,OK,18.583057201357317,Favorable,M,2
2026-06-19 12:35:00+03:00,15,OK,18.915636588381073,Favorable,M,2
2026-06-19 12:40:00+03:00,15,OK,19.311534760169042,Favorable,M,2
2026-06-19 12:45:00+03:00,15,OK,19.724149094971274,Favorable,M,2
2026-06-19 12:50:00+03:00,15,OK,20.136630205587558,Favorable,M,2
2026-06-19 12:55:00+03:00,15,OK,20.498493722883964,Favorable,M,2
2026-06-19 13:00:00+03:00,15,OK,20.85184285502512,Favorable,M,2
2026-06-19 13:05:00+03:00,15,OK,21.255550743777142,Favorable,M,2
2026-06-19 13:10:00+03:00,15,OK,21.709569585159567,Favorable,M,2
2026-06-19 13:15:00+03:00,15,OK,22.020563369153265,Favorable,M,2
2026-06-19 13:20:00+03:00,15,OK,22.27880658436248,Favorable,M,2
2026-06-19 13:25:00+03:00,15,OK,22.66119341563761,Favorable,M,2
2026-06-19 13:30:00+03:00,15,OK,23.15995884773592,Favorable,M,2
2026-06-19 13:35:00+03:00,15,OK,23.73353909465082,Favorable,M,2
2026-06-19 13:40:00+03:00,15,OK,24.215679012345994,Favorable,M,2
2026-06-19 13:45:00+03:00,15,PARTIAL,12.444029850746269,Favorable,A;V,1
2026-06-19 13:50:00+03:00,15,PARTIAL,12.444029850746269,Favorable,A;V,1
2026-06-19 13:55:00+03:00,15,OK,26.102254651082525,Acceptable,M,2
2026-06-19 14:00:00+03:00,15,OK,26.90150786382131,Acceptable,M,2
2026-06-19 14:05:00+03:00,15,OK,27.800247501095562,Acceptable,M,2
2026-06-19 14:10:00+03:00,15,OK,28.630536386087364,Acceptable,M,2
2026-06-19 14:15:00+03:00,15,OK,29.70352146838348,Acceptable,M,2
2026-06-19 14:20:00+03:00,15,OK,30.688038125811538,Acceptable,M,2
2026-06-19 14:25:00+03:00,15,OK,31.475832837596904,Acceptable,M,2
2026-06-19 14:30:00+03:00,15,OK,32.25981997538784,Acceptable,M,2
2026-06-19 14:35:00+03:00,15,OK,32.906097399479684,Acceptable,M,2
2026-06-19 14:40:00+03:00,15,PARTIAL,12.444029850746269,Favorable,A;V,1
2026-06-19 14:45:00+03:00,15,PARTIAL,12.444029850746269,Favorable,A;V,1
2026-06-19 14:50:00+03:00,15,PARTIAL,12.444029850746269,Favorable,A;V,1
2026-06-19 14:55:00+03:00,15,OK,35.216354711867496,Acceptable,M,2
2026-06-19 15:00:00+03:00,15,OK,36.01124785517637,Acceptable,M,2
2026-06-19 15:05:00+03:00,15,OK,37.055090334958635,Acceptable,M,2
2026-06-19 15:10:00+03:00,15,OK,38.02537721310002,Acceptable,M,2
2026-06-19 15:15:00+03:00,15,OK,39.17425713005836,Acceptable,M,2
2026-06-19 15:20:00+03:00,15,OK,40.443374513902064,Acceptable,M,2
2026-06-19 15:25:00+03:00,15,OK,42.23318562933443,Acceptable,M,2
2026-06-19 15:30:00+03:00,15,OK,44.30527656334112,Acceptable,M,2
2026-06-19 15:35:00+03:00,15,OK,46.51359208045247,Acceptable,M,2
2026-06-19 15:40:00+03:00,15,OK,48.99469394560548,Acceptable,M,2
2026-06-19 15:45:00+03:00,15,OK,51.6677785190128,Degraded,M,2
2026-06-19 15:50:00+03:00,15,OK,53.80704425995993,Degraded,M,2
2026-06-19 15:55:00+03:00,15,OK,56.1576354679803,Degraded,M,2
2026-06-19 16:00:00+03:00,15,OK,58.73052548191211,Degraded,M,2
2026-06-19 16:05:00+03:00,15,OK,61.167942607569046,Degraded,M,2
2026-06-19 16:10:00+03:00,15,OK,62.5,Degraded,A;M;V,1
2026-06-19 16:15:00+03:00,15,OK,62.5,Degraded,A;M;V,1
2026-06-19 16:20:00+03:00,15,OK,62.5,Degraded,A;M;V,1
2026-06-19 16:25:00+03:00,15,OK,62.5,Degraded,A;M;V,1
2026-06-19 16:30:00+03:00,15,OK,62.5,Degraded,A;M;V,1
2026-06-19 16:35:00+03:00,15,OK,62.5,Degraded,A;M;V,1
2026-06-19 16:40:00+03:00,15,OK,62.5,Degraded,A;M;V,1
2026-06-19 16:45:00+03:00,15,OK,62.5,Degraded,A;M;V,1
2026-06-19 16:50:00+03:00,15,OK,66.0199892595022,Degraded,M,2
2026-06-19 16:55:00+03:00,15,OK,69.7223667572395,Degraded,M,2
2026-06-19 17:00:00+03:00,15,OK,73.65884687592651,Degraded,M,2
2026-06-19 17:05:00+03:00,15,OK,75.95057613168767,Critical,M,2
2026-06-19 17:10:00+03:00,15,OK,77.23074074074096,Critical,M,2
2026-06-19 17:15:00+03:00,15,OK,77.18086419753082,Critical,M,2
2026-06-19 17:20:00+03:00,15,OK,76.96473251028813,Critical,M,2
2026-06-19 17:25:00+03:00,15,OK,75.92563786008225,Critical,M,2
2026-06-19 17:30:00+03:00,15,OK,74.07071230982052,Degraded,M,2
2026-06-19 17:35:00+03:00,15,OK,71.95227964126894,Degraded,M,2
2026-06-19 17:40:00+03:00,15,OK,70.5505585818024,Degraded,M,2
2026-06-19 17:45:00+03:00,15,OK,72.13376452171045,Degraded,M,2
2026-06-19 17:50:00+03:00,15,OK,75.63469135802454,Critical,M,2
2026-06-19 17:55:00+03:00,15,OK,79.97279057814143,Critical,M,2
2026-06-19 18:00:00+03:00,15,OK,83.04820246603855,Critical,M,2
2026-06-19 18:05:00+03:00,15,OK,85.96752812485506,Critical,M,2
2026-06-19 18:10:00+03:00,15,OK,87.55597014925372,Critical,A;M;V,1
2026-06-19 18:15:00+03:00,15,OK,87.55597014925372,Critical,A;M;V,1
2026-06-19 18:20:00+03:00,15,OK,87.55597014925372,Critical,A;M;V,1
2026-06-19 18:25:00+03:00,15,PARTIAL,12.444029850746269,Favorable,A;V,1
2026-06-19 18:30:00+03:00,15,OK,87.55597014925372,Critical,A;M;V,1
2026-06-19 18:35:00+03:00,15,PARTIAL,12.444029850746269,Favorable,A;V,1
2026-06-19 18:40:00+03:00,15,OK,87.55597014925372,Critical,A;M;V,1
2026-06-19 18:45:00+03:00,15,OK,87.55597014925372,Critical,A;M;V,1
2026-06-19 18:50:00+03:00,15,OK,87.55597014925372,Critical,A;M;V,1
2026-06-19 18:55:00+03:00,15,OK,87.55597014925372,Critical,A;M;V,1
2026-06-19 19:00:00+03:00,15,OK,87.55597014925372,Critical,A;M;V,1
2026-06-19 19:05:00+03:00,15,OK,87.55597014925372,Critical,A;M;V,1
2026-06-19 19:10:00+03:00,15,OK,87.55597014925372,Critical,A;M;V,1
2026-06-19 19:15:00+03:00,15,OK,87.55597014925372,Critical,A;M;V,1
2026-06-19 19:20:00+03:00,15,OK,87.55597014925372,Critical,A;M;V,1
2026-06-19 19:25:00+03:00,15,OK,87.55597014925372,Critical,A;M;V,1
2026-06-19 19:30:00+03:00,15,OK,87.55597014925372,Critical,A;M;V,1
2026-06-19 19:35:00+03:00,15,OK,87.55597014925372,Critical,A;M;V,1
2026-06-19 19:40:00+03:00,15,OK,87.55597014925372,Critical,A;M;V,1
2026-06-19 19:45:00+03:00,15,OK,87.55597014925372,Critical,A;M;V,1
2026-06-19 19:50:00+03:00,15,OK,87.55597014925372,Critical,A;M;V,1
2026-06-19 19:55:00+03:00,15,PARTIAL,12.444029850746269,Favorable,A;V,1
2026-06-19 20:00:00+03:00,15,PARTIAL,12.444029850746269,Favorable,A;V,1
2026-06-19 20:05:00+03:00,15,OK,87.55597014925372,Critical,A;M;V,1
2026-06-19 20:10:00+03:00,15,PARTIAL,12.444029850746269,Favorable,A;V,1
2026-06-19 20:15:00+03:00,15,PARTIAL,12.444029850746269,Favorable,A;V,1
2026-06-19 20:20:00+03:00,15,OK,87.55597014925372,Critical,A;M;V,1
2026-06-19 20:25:00+03:00,15,OK,87.55597014925372,Critical,A;M;V,1
2026-06-19 20:30:00+03:00,15,OK,87.55597014925372,Critical,A;M;V,1
2026-06-19 20:35:00+03:00,15,OK,87.55597014925372,Critical,A;M;V,1
2026-06-19 20:40:00+03:00,15,OK,87.55597014925372,Critical,A;M;V,1
2026-06-19 20:45:00+03:00,15,OK,87.55597014925372,Critical,A;M;V,1
2026-06-19 20:50:00+03:00,15,OK,87.55597014925372,Critical,A;M;V,1
2026-06-19 20:55:00+03:00,15,OK,85.54955491578143,Critical,M,2
2026-06-19 21:00:00+03:00,15,OK,82.51823280171871,Critical,M,2
2026-06-19 21:05:00+03:00,15,OK,79.72029521936349,Critical,M,2
2026-06-19 21:10:00+03:00,15,OK,77.20580246913589,Critical,M,2
2026-06-19 21:15:00+03:00,15,OK,74.92810699588492,Degraded,M,2
2026-06-19 21:20:00+03:00,15,OK,72.89241624027689,Degraded,M,2
2026-06-19 21:25:00+03:00,15,OK,71.10753153598816,Degraded,M,2
2026-06-19 21:30:00+03:00,15,OK,69.72236675723985,Degraded,M,2
2026-06-19 21:35:00+03:00,15,OK,68.06702280332799,Degraded,M,2
2026-06-19 21:40:00+03:00,15,OK,65.93789617812443,Degraded,M,2
2026-06-19 21:45:00+03:00,15,OK,63.693218111651134,Degraded,M,2
2026-06-19 21:50:00+03:00,15,OK,62.5,Degraded,A;M;V,1
2026-06-19 21:55:00+03:00,15,OK,62.5,Degraded,A;M;V,1
2026-06-19 22:00:00+03:00,15,OK,62.5,Degraded,A;M;V,1
2026-06-19 22:05:00+03:00,15,OK,62.5,Degraded,A;M;V,1
2026-06-19 22:10:00+03:00,15,OK,62.5,Degraded,A;M;V,1
2026-06-19 22:15:00+03:00,15,OK,62.5,Degraded,A;M;V,1
2026-06-19 22:20:00+03:00,15,OK,62.5,Degraded,A;M;V,1
2026-06-19 22:25:00+03:00,15,OK,62.5,Degraded,A;M;V,1
2026-06-19 22:30:00+03:00,15,OK,62.5,Degraded,A;M;V,1
2026-06-19 22:35:00+03:00,15,OK,62.5,Degraded,A;M;V,1
2026-06-19 22:40:00+03:00,15,OK,62.5,Degraded,A;M;V,1
2026-06-19 22:45:00+03:00,15,OK,62.5,Degraded,A;M;V,1
2026-06-19 22:50:00+03:00,15,OK,62.5,Degraded,A;M;V,1
2026-06-19 22:55:00+03:00,15,OK,62.5,Degraded,A;M;V,1
2026-06-19 23:00:00+03:00,15,OK,62.5,Degraded,A;M;V,1
2026-06-19 23:05:00+03:00,15,OK,62.5,Degraded,A;M;V,1
2026-06-19 23:10:00+03:00,15,OK,60.99676321686492,Degraded,M,2
2026-06-19 23:15:00+03:00,15,OK,59.327587517390974,Degraded,M,2
2026-06-19 23:20:00+03:00,15,OK,57.64974226379684,Degraded,M,2
2026-06-19 23:25:00+03:00,15,OK,56.232448145045716,Degraded,M,2
2026-06-19 23:30:00+03:00,15,OK,55.166305845306255,Degraded,M,2
2026-06-19 23:35:00+03:00,15,OK,54.111464926419316,Degraded,M,2
2026-06-19 23:40:00+03:00,15,OK,53.634363397049185,Degraded,M,2
2026-06-19 23:45:00+03:00,15,OK,53.08390512369997,Degraded,M,2
2026-06-19 23:50:00+03:00,15,OK,52.985587383643434,Degraded,M,2
2026-06-19 23:55:00+03:00,15,OK,51.954140652339255,Degraded,M,2
2026-06-20 00:00:00+03:00,15,OK,51.15249183447267,Degraded,M,2
2026-06-20 00:05:00+03:00,15,OK,49.91829798359431,Acceptable,M,2
2026-06-20 00:10:00+03:00,15,OK,49.29718809861614,Acceptable,M,2
2026-06-20 00:15:00+03:00,15,OK,48.52854620364897,Acceptable,M,2
2026-06-20 00:20:00+03:00,15,OK,47.775800711744026,Acceptable,M,2
2026-06-20 00:25:00+03:00,15,OK,47.09630453630901,Acceptable,M,2
2026-06-20 00:30:00+03:00,15,OK,46.26697054836183,Acceptable,M,2
2026-06-20 00:35:00+03:00,15,OK,45.61683789673758,Acceptable,M,2
2026-06-20 00:40:00+03:00,15,OK,44.80068755576614,Acceptable,M,2
2026-06-20 00:45:00+03:00,15,OK,44.23917753180758,Acceptable,M,2
2026-06-20 00:50:00+03:00,15,OK,43.39315649344263,Acceptable,M,2
2026-06-20 00:55:00+03:00,15,OK,42.425489873209685,Acceptable,M,2
2026-06-20 01:00:00+03:00,15,OK,41.31145106193325,Acceptable,M,2
2026-06-20 01:05:00+03:00,15,OK,40.63849898700765,Acceptable,M,2
2026-06-20 01:10:00+03:00,15,OK,39.72897753628006,Acceptable,M,2
2026-06-20 01:15:00+03:00,15,OK,38.79780240951033,Acceptable,M,2
2026-06-20 01:20:00+03:00,15,OK,37.45053395728353,Acceptable,M,2
2026-06-20 01:25:00+03:00,15,OK,36.40535616839452,Acceptable,M,2
2026-06-20 01:30:00+03:00,15,OK,35.59305880476371,Acceptable,M,2
2026-06-20 01:35:00+03:00,15,OK,34.90551144511176,Acceptable,M,2
2026-06-20 01:40:00+03:00,15,OK,34.316696181920214,Acceptable,M,2
2026-06-20 01:45:00+03:00,15,OK,33.7256259216912,Acceptable,M,2
2026-06-20 01:50:00+03:00,15,OK,33.13540124713971,Acceptable,M,2
2026-06-20 01:55:00+03:00,15,OK,32.38245292757304,Acceptable,M,2
2026-06-20 02:00:00+03:00,15,OK,31.704341545012163,Acceptable,M,2
2026-06-20 02:05:00+03:00,15,OK,30.786575638370707,Acceptable,M,2
2026-06-20 02:10:00+03:00,15,OK,29.924901723916516,Acceptable,M,2
2026-06-20 02:15:00+03:00,15,OK,29.04804295698666,Acceptable,M,2
2026-06-20 02:20:00+03:00,15,OK,28.50779377487026,Acceptable,M,2
2026-06-20 02:25:00+03:00,15,OK,28.113721386311724,Acceptable,M,2
2026-06-20 02:30:00+03:00,15,OK,27.56931697977648,Acceptable,M,2
2026-06-20 02:35:00+03:00,15,OK,26.843812695808595,Acceptable,M,2
2026-06-20 02:40:00+03:00,15,OK,26.110491769804558,Acceptable,M,2
2026-06-20 02:45:00+03:00,15,OK,25.328207669236242,Acceptable,M,2
2026-06-20 02:50:00+03:00,15,OK,24.390246913579986,Favorable,M,2
2026-06-20 02:55:00+03:00,15,OK,23.43427983539084,Favorable,M,2
2026-06-20 03:00:00+03:00,15,OK,22.58637860082332,Favorable,M,2
2026-06-20 03:05:00+03:00,15,OK,21.575062316630895,Favorable,M,2
2026-06-20 03:10:00+03:00,15,OK,20.38068894972493,Favorable,M,2
2026-06-20 03:15:00+03:00,15,OK,19.25257897598985,Favorable,M,2
2026-06-20 03:20:00+03:00,15,OK,18.736576633600745,Favorable,M,2
2026-06-20 03:25:00+03:00,15,OK,18.22470342630444,Favorable,M,2
2026-06-20 03:30:00+03:00,15,OK,17.62700570489651,Favorable,M,2
2026-06-20 03:35:00+03:00,15,OK,16.866277918089928,Favorable,M,2
2026-06-20 03:40:00+03:00,15,OK,16.121780451306602,Favorable,M,2
2026-06-20 03:45:00+03:00,15,OK,15.154872318827518,Favorable,M,2
2026-06-20 03:50:00+03:00,15,OK,14.145712299518475,Favorable,M,2
2026-06-20 03:55:00+03:00,15,OK,13.378590290271315,Favorable,M,2
2026-06-20 04:00:00+03:00,15,OK,12.828575880543092,Favorable,M,2
2026-06-20 04:05:00+03:00,15,OK,12.444029850746269,Favorable,A;M;V,1
2026-06-20 04:10:00+03:00,15,OK,12.444029850746269,Favorable,A;M;V,1
2026-06-20 04:15:00+03:00,15,OK,12.444029850746269,Favorable,A;M;V,1
2026-06-20 04:20:00+03:00,15,OK,12.444029850746269,Favorable,A;M;V,1
2026-06-20 04:25:00+03:00,15,OK,12.444029850746269,Favorable,A;M;V,1
2026-06-20 04:30:00+03:00,15,OK,12.444029850746269,Favorable,A;M;V,1
2026-06-20 04:35:00+03:00,15,OK,12.444029850746269,Favorable,A;M;V,1
2026-06-20 04:40:00+03:00,15,OK,12.444029850746269,Favorable,A;M;V,1
2026-06-20 04:45:00+03:00,15,OK,12.444029850746269,Favorable,A;M;V,1
2026-06-20 04:50:00+03:00,15,OK,12.444029850746269,Favorable,A;M;V,1
2026-06-20 04:55:00+03:00,15,OK,12.444029850746269,Favorable,A;M;V,1
2026-06-20 05:00:00+03:00,15,OK,12.444029850746269,Favorable,A;M;V,1
2026-06-20 05:05:00+03:00,15,OK,12.444029850746269,Favorable,A;M;V,1
2026-06-20 05:10:00+03:00,15,OK,12.444029850746269,Favorable,A;M;V,1
2026-06-20 05:15:00+03:00,15,OK,12.444029850746269,Favorable,A;M;V,1
2026-06-20 05:20:00+03:00,15,OK,12.444029850746269,Favorable,A;M;V,1
2026-06-20 05:25:00+03:00,15,OK,12.444029850746269,Favorable,A;M;V,1
2026-06-20 05:30:00+03:00,15,OK,12.444029850746269,Favorable,A;M;V,1
2026-06-20 05:35:00+03:00,15,OK,12.444029850746269,Favorable,A;M;V,1
2026-06-20 05:40:00+03:00,15,OK,12.444029850746269,Favorable,A;M;V,1
2026-06-20 05:45:00+03:00,15,OK,12.444029850746269,Favorable,A;M;V,1
2026-06-20 05:50:00+03:00,15,OK,12.444029850746269,Favorable,A;M;V,1
2026-06-20 05:55:00+03:00,15,OK,12.444029850746269,Favorable,A;M;V,1
2026-06-20 06:00:00+03:00,15,OK,12.444029850746269,Favorable,A;M;V,1
2026-06-20 06:05:00+03:00,15,OK,12.444029850746269,Favorable,A;M;V,1
2026-06-20 06:10:00+03:00,15,OK,12.444029850746269,Favorable,A;M;V,1
2026-06-20 06:15:00+03:00,15,OK,12.444029850746269,Favorable,A;M;V,1
2026-06-20 06:20:00+03:00,15,OK,12.444029850746269,Favorable,A;M;V,1
2026-06-20 06:25:00+03:00,15,OK,12.444029850746269,Favorable,A;M;V,1
2026-06-20 06:30:00+03:00,15,OK,12.444029850746269,Favorable,A;M;V,1
2026-06-20 06:35:00+03:00,15,OK,12.444029850746269,Favorable,A;M;V,1
2026-06-20 06:40:00+03:00,15,OK,12.444029850746269,Favorable,A;M;V,1
2026-06-20 06:45:00+03:00,15,OK,12.444029850746269,Favorable,A;M;V,1
2026-06-20 06:50:00+03:00,15,OK,12.444029850746269,Favorable,A;M;V,1
2026-06-20 06:55:00+03:00,15,OK,12.444029850746269,Favorable,A;M;V,1
2026-06-20 07:00:00+03:00,15,OK,12.444029850746269,Favorable,A;M;V,1
2026-06-20 07:05:00+03:00,15,OK,12.444029850746269,Favorable,A;M;V,1
2026-06-20 07:10:00+03:00,15,OK,12.444029850746269,Favorable,A;M;V,1
2026-06-20 07:15:00+03:00,15,OK,12.444029850746269,Favorable,A;M;V,1
2026-06-20 07:20:00+03:00,15,OK,12.444029850746269,Favorable,A;M;V,1
2026-06-20 07:25:00+03:00,15,OK,12.444029850746269,Favorable,A;M;V,1
2026-06-20 07:30:00+03:00,15,OK,12.444029850746269,Favorable,A;M;V,1
2026-06-20 07:35:00+03:00,15,OK,13.04691803637312,Favorable,M,2
2026-06-20 07:40:00+03:00,15,OK,14.015047675805146,Favorable,M,2
2026-06-20 07:45:00+03:00,15,OK,14.989737942164489,Favorable,M,2
2026-06-20 07:50:00+03:00,15,OK,15.64122226958924,Favorable,M,2
2026-06-20 07:55:00+03:00,15,OK,16.61820715434377,Favorable,M,2
2026-06-20 08:00:00+03:00,15,OK,17.447588695545846,Favorable,M,2
2026-06-20 08:05:00+03:00,15,OK,18.625705143633173,Favorable,M,2
2026-06-20 08:10:00+03:00,15,OK,19.395752590366172,Favorable,M,2
2026-06-20 08:15:00+03:00,15,OK,20.304951571456623,Favorable,M,2
2026-06-20 08:20:00+03:00,15,OK,20.70041948436458,Favorable,M,2
2026-06-20 08:25:00+03:00,15,OK,21.44894887972757,Favorable,M,2
2026-06-20 08:30:00+03:00,15,OK,22.12086419753092,Favorable,M,2
2026-06-20 08:35:00+03:00,15,OK,22.852386831275254,Favorable,M,2
2026-06-20 08:40:00+03:00,15,OK,23.517407407407937,Favorable,M,2
2026-06-20 08:45:00+03:00,15,OK,24.223991769547386,Favorable,M,2
2026-06-20 08:50:00+03:00,15,OK,24.864074074073944,Favorable,M,2
2026-06-20 08:55:00+03:00,15,OK,25.84693087891454,Acceptable,M,2
2026-06-20 09:00:00+03:00,15,OK,26.761395643021704,Acceptable,M,2
2026-06-20 09:05:00+03:00,15,OK,27.676529421844634,Acceptable,M,2
2026-06-20 09:10:00+03:00,15,OK,28.171475140743294,Acceptable,M,2
2026-06-20 09:15:00+03:00,15,OK,28.63872009021167,Acceptable,M,2
2026-06-20 09:20:00+03:00,15,OK,29.211847717444282,Acceptable,M,2
2026-06-20 09:25:00+03:00,15,OK,30.056127265705367,Acceptable,M,2
2026-06-20 09:30:00+03:00,15,OK,31.02477246824478,Acceptable,M,2
2026-06-20 09:35:00+03:00,15,OK,31.90030718461521,Acceptable,M,2
2026-06-20 09:40:00+03:00,15,OK,32.7178360540707,Acceptable,M,2
2026-06-20 09:45:00+03:00,15,OK,33.610793844869555,Acceptable,M,2
2026-06-20 09:50:00+03:00,15,OK,34.48881970889124,Acceptable,M,2
2026-06-20 09:55:00+03:00,15,OK,35.10179700366542,Acceptable,M,2
2026-06-20 10:00:00+03:00,15,OK,35.609447693738815,Acceptable,M,2
2026-06-20 10:05:00+03:00,15,OK,36.33142250672093,Acceptable,M,2
2026-06-20 10:10:00+03:00,15,OK,37.203322405245125,Acceptable,M,2
2026-06-20 10:15:00+03:00,15,OK,38.051176909148765,Acceptable,M,2
2026-06-20 10:20:00+03:00,15,OK,38.7635410541845,Acceptable,M,2
2026-06-20 10:25:00+03:00,15,OK,39.302418151059996,Acceptable,M,2
2026-06-20 10:30:00+03:00,15,OK,39.64374482187283,Acceptable,M,2
2026-06-20 10:35:00+03:00,15,OK,39.97592898554066,Acceptable,M,2
2026-06-20 10:40:00+03:00,15,OK,40.23104690751779,Acceptable,M,2
2026-06-20 10:45:00+03:00,15,OK,40.67241248260794,Acceptable,M,2
2026-06-20 10:50:00+03:00,15,OK,41.05948783991326,Acceptable,M,2
2026-06-20 10:55:00+03:00,15,OK,41.428948540694456,Acceptable,M,2
2026-06-20 11:00:00+03:00,15,OK,41.81462980364995,Acceptable,M,2
2026-06-20 11:05:00+03:00,15,OK,41.781115526025154,Acceptable,M,2
2026-06-20 11:10:00+03:00,15,OK,41.85651643533061,Acceptable,M,2
2026-06-20 11:15:00+03:00,15,OK,41.881645100140474,Acceptable,M,2
2026-06-20 11:20:00+03:00,15,OK,42.42548987320934,Acceptable,M,2
2026-06-20 11:25:00+03:00,15,OK,43.051558260011525,Acceptable,M,2
2026-06-20 11:30:00+03:00,15,OK,43.77586546672842,Acceptable,M,2
2026-06-20 11:35:00+03:00,15,OK,44.44570243404609,Acceptable,M,2
2026-06-20 11:40:00+03:00,15,OK,44.88319918131173,Acceptable,M,2
2026-06-20 11:45:00+03:00,15,OK,44.97394321621743,Acceptable,M,2
2026-06-20 11:50:00+03:00,15,OK,44.75942565273477,Acceptable,M,2
2026-06-20 11:55:00+03:00,15,OK,44.78418328183152,Acceptable,M,2
2026-06-20 12:00:00+03:00,15,OK,44.98219169995455,Acceptable,M,2
2026-06-20 12:05:00+03:00,15,OK,45.21308336448099,Acceptable,M,2
2026-06-20 12:10:00+03:00,15,OK,45.36968743341332,Acceptable,M,2
2026-06-20 12:15:00+03:00,15,OK,45.32848151062108,Acceptable,M,2
2026-06-20 12:20:00+03:00,15,OK,45.17186203821228,Acceptable,M,2
2026-06-20 12:25:00+03:00,15,OK,45.04817372711836,Acceptable,M,2
2026-06-20 12:30:00+03:00,15,OK,45.36144657304286,Acceptable,M,2
2026-06-20 12:35:00+03:00,15,OK,45.96260371931864,Acceptable,M,2
2026-06-20 12:40:00+03:00,15,OK,46.56289894922928,Acceptable,M,2
2026-06-20 12:45:00+03:00,15,OK,46.98984399539348,Acceptable,M,2
2026-06-20 12:50:00+03:00,15,OK,47.40744496749907,Acceptable,M,2
2026-06-20 12:55:00+03:00,15,OK,47.58754354688319,Acceptable,M,2
2026-06-20 13:00:00+03:00,15,OK,47.81672243428058,Acceptable,M,2
2026-06-20 13:05:00+03:00,15,OK,47.97221277375072,Acceptable,M,2
2026-06-20 13:10:00+03:00,15,OK,48.299497697780815,Acceptable,M,2
2026-06-20 13:15:00+03:00,15,OK,48.61033907726571,Acceptable,M,2
2026-06-20 13:20:00+03:00,15,OK,48.87204033191476,Acceptable,M,2
2026-06-20 13:25:00+03:00,15,PARTIAL,12.444029850746269,Favorable,A;V,1
2026-06-20 13:30:00+03:00,15,PARTIAL,12.444029850746269,Favorable,A;V,1
2026-06-20 13:35:00+03:00,15,PARTIAL,12.444029850746269,Favorable,A;V,1
2026-06-20 13:40:00+03:00,15,PARTIAL,12.444029850746269,Favorable,A;V,1
2026-06-20 13:45:00+03:00,15,OK,49.844761602844684,Acceptable,M,2
2026-06-20 13:50:00+03:00,15,PARTIAL,12.444029850746269,Favorable,A;V,1
2026-06-20 13:55:00+03:00,15,PARTIAL,12.444029850746269,Favorable,A;V,1
2026-06-20 14:00:00+03:00,15,OK,50.49029221415919,Degraded,M,2
2026-06-20 14:05:00+03:00,15,PARTIAL,12.444029850746269,Favorable,A;V,1
2026-06-20 14:10:00+03:00,15,OK,51.610513958332795,Degraded,M,2
2026-06-20 14:15:00+03:00,15,OK,52.371528572830044,Degraded,M,2
2026-06-20 14:20:00+03:00,15,OK,53.18244143162428,Degraded,M,2
2026-06-20 14:25:00+03:00,15,OK,54.08677392196002,Degraded,M,2
2026-06-20 14:30:00+03:00,15,OK,54.943579249756,Degraded,M,2
2026-06-20 14:35:00+03:00,15,OK,55.89305178006297,Degraded,M,2
2026-06-20 14:40:00+03:00,15,OK,56.74842591527078,Degraded,M,2
2026-06-20 14:45:00+03:00,15,OK,57.49094501152438,Degraded,M,2
2026-06-20 14:50:00+03:00,15,PARTIAL,12.444029850746269,Favorable,A;V,1
2026-06-20 14:55:00+03:00,15,OK,59.7094765814698,Degraded,M,2
2026-06-20 15:00:00+03:00,15,PARTIAL,12.444029850746269,Favorable,A;V,1
2026-06-20 15:05:00+03:00,15,OK,61.54509819567342,Degraded,M,2
2026-06-20 15:10:00+03:00,15,OK,62.5,Degraded,A;M;V,1
2026-06-20 15:15:00+03:00,15,OK,62.5,Degraded,A;M;V,1
2026-06-20 15:20:00+03:00,15,OK,62.5,Degraded,A;M;V,1
2026-06-20 15:25:00+03:00,15,OK,62.5,Degraded,A;M;V,1
2026-06-20 15:30:00+03:00,15,OK,62.5,Degraded,A;M;V,1
2026-06-20 15:35:00+03:00,15,OK,62.5,Degraded,A;M;V,1
2026-06-20 15:40:00+03:00,15,OK,62.5,Degraded,A;M;V,1
2026-06-20 15:45:00+03:00,15,OK,62.5,Degraded,A;M;V,1
2026-06-20 15:50:00+03:00,15,OK,62.5,Degraded,A;M;V,1
2026-06-20 15:55:00+03:00,15,OK,62.5,Degraded,A;M;V,1
2026-06-20 16:00:00+03:00,15,OK,63.52069245514068,Degraded,M,2
2026-06-20 16:05:00+03:00,15,OK,66.77448019129761,Degraded,M,2
2026-06-20 16:10:00+03:00,15,OK,70.1489004623898,Degraded,M,2
2026-06-20 16:15:00+03:00,15,OK,73.31277506193021,Degraded,M,2
2026-06-20 16:20:00+03:00,15,OK,76.50753086419748,Critical,M,2
2026-06-20 16:25:00+03:00,15,OK,80.09905697679011,Critical,M,2
2026-06-20 16:30:00+03:00,15,OK,83.96384881450687,Critical,M,2
2026-06-20 16:35:00+03:00,15,OK,87.55597014925372,Critical,A;M;V,1
2026-06-20 16:40:00+03:00,15,OK,87.55597014925372,Critical,A;M;V,1
2026-06-20 16:45:00+03:00,15,OK,87.55597014925372,Critical,A;M;V,1
2026-06-20 16:50:00+03:00,15,OK,87.55597014925372,Critical,A;M;V,1
2026-06-20 16:55:00+03:00,15,OK,87.55597014925372,Critical,A;M;V,1
2026-06-20 17:00:00+03:00,15,OK,87.55597014925372,Critical,A;M;V,1
2026-06-20 17:05:00+03:00,15,OK,87.55597014925372,Critical,A;M;V,1
2026-06-20 17:10:00+03:00,15,OK,87.55597014925372,Critical,A;M;V,1
2026-06-20 17:15:00+03:00,15,OK,87.55597014925372,Critical,A;M;V,1
2026-06-20 17:20:00+03:00,15,OK,87.55597014925372,Critical,A;M;V,1
2026-06-20 17:25:00+03:00,15,OK,87.55597014925372,Critical,A;M;V,1
2026-06-20 17:30:00+03:00,15,OK,87.55597014925372,Critical,A;M;V,1
2026-06-20 17:35:00+03:00,15,OK,87.55597014925372,Critical,A;M;V,1
2026-06-20 17:40:00+03:00,15,OK,87.55597014925372,Critical,A;M;V,1
2026-06-20 17:45:00+03:00,15,OK,87.55597014925372,Critical,A;M;V,1
2026-06-20 17:50:00+03:00,15,OK,87.55597014925372,Critical,A;M;V,1
2026-06-20 17:55:00+03:00,15,OK,87.55597014925372,Critical,A;M;V,1
2026-06-20 18:00:00+03:00,15,OK,87.55597014925372,Critical,A;M;V,1
2026-06-20 18:05:00+03:00,15,OK,87.55597014925372,Critical,A;M;V,1
2026-06-20 18:10:00+03:00,15,OK,87.55597014925372,Critical,A;M;V,1
2026-06-20 18:15:00+03:00,15,OK,87.55597014925372,Critical,A;M;V,1
2026-06-20 18:20:00+03:00,15,OK,87.55597014925372,Critical,A;M;V,1
2026-06-20 18:25:00+03:00,15,OK,87.55597014925372,Critical,A;M;V,1
2026-06-20 18:30:00+03:00,15,OK,87.55597014925372,Critical,A;M;V,1
2026-06-20 18:35:00+03:00,15,OK,87.55597014925372,Critical,A;M;V,1
2026-06-20 18:40:00+03:00,15,OK,87.55597014925372,Critical,A;M;V,1
2026-06-20 18:45:00+03:00,15,OK,87.55597014925372,Critical,A;M;V,1
2026-06-20 18:50:00+03:00,15,OK,87.55597014925372,Critical,A;M;V,1
2026-06-20 18:55:00+03:00,15,OK,87.55597014925372,Critical,A;M;V,1
2026-06-20 19:00:00+03:00,15,OK,87.55597014925372,Critical,A;M;V,1
2026-06-20 19:05:00+03:00,15,OK,87.55597014925372,Critical,A;M;V,1
2026-06-20 19:10:00+03:00,15,OK,87.55597014925372,Critical,A;M;V,1
2026-06-20 19:15:00+03:00,15,PARTIAL,12.444029850746269,Favorable,A;V,1
2026-06-20 19:20:00+03:00,15,PARTIAL,12.444029850746269,Favorable,A;V,1
2026-06-20 19:25:00+03:00,15,PARTIAL,12.444029850746269,Favorable,A;V,1
2026-06-20 19:30:00+03:00,15,PARTIAL,12.444029850746269,Favorable,A;V,1
2026-06-20 19:35:00+03:00,15,PARTIAL,12.444029850746269,Favorable,A;V,1
2026-06-20 19:40:00+03:00,15,PARTIAL,12.444029850746269,Favorable,A;V,1
2026-06-20 19:45:00+03:00,15,PARTIAL,12.444029850746269,Favorable,A;V,1
2026-06-20 19:50:00+03:00,15,PARTIAL,12.444029850746269,Favorable,A;V,1
2026-06-20 19:55:00+03:00,15,PARTIAL,12.444029850746269,Favorable,A;V,1
2026-06-20 20:00:00+03:00,15,PARTIAL,12.444029850746269,Favorable,A;V,1
2026-06-20 20:05:00+03:00,15,OK,87.55597014925372,Critical,A;M;V,1
2026-06-20 20:10:00+03:00,15,OK,87.55597014925372,Critical,A;M;V,1
2026-06-20 20:15:00+03:00,15,OK,87.55597014925372,Critical,A;M;V,1
2026-06-20 20:20:00+03:00,15,OK,87.55597014925372,Critical,A;M;V,1
2026-06-20 20:25:00+03:00,15,OK,87.55597014925372,Critical,A;M;V,1
2026-06-20 20:30:00+03:00,15,OK,87.55597014925372,Critical,A;M;V,1
2026-06-20 20:35:00+03:00,15,OK,87.55597014925372,Critical,A;M;V,1
2026-06-20 20:40:00+03:00,15,OK,87.55597014925372,Critical,A;M;V,1
2026-06-20 20:45:00+03:00,15,OK,87.55597014925372,Critical,A;M;V,1
2026-06-20 20:50:00+03:00,15,OK,87.55597014925372,Critical,A;M;V,1
2026-06-20 20:55:00+03:00,15,OK,87.55597014925372,Critical,A;M;V,1
2026-06-20 21:00:00+03:00,15,OK,87.55597014925372,Critical,A;M;V,1
2026-06-20 21:05:00+03:00,15,OK,87.55597014925372,Critical,A;M;V,1
2026-06-20 21:10:00+03:00,15,OK,87.55597014925372,Critical,A;M;V,1
2026-06-20 21:15:00+03:00,15,OK,87.55597014925372,Critical,A;M;V,1
2026-06-20 21:20:00+03:00,15,OK,87.55597014925372,Critical,A;M;V,1
2026-06-20 21:25:00+03:00,15,OK,87.55597014925372,Critical,A;M;V,1
2026-06-20 21:30:00+03:00,15,OK,87.55597014925372,Critical,A;M;V,1
2026-06-20 21:35:00+03:00,15,OK,87.55597014925372,Critical,A;M;V,1
2026-06-20 21:40:00+03:00,15,OK,87.55597014925372,Critical,A;M;V,1
2026-06-20 21:45:00+03:00,15,OK,87.55597014925372,Critical,A;M;V,1
2026-06-20 21:50:00+03:00,15,OK,87.55597014925372,Critical,A;M;V,1
2026-06-20 21:55:00+03:00,15,OK,87.55597014925372,Critical,A;M;V,1
2026-06-20 22:00:00+03:00,15,OK,87.55597014925372,Critical,A;M;V,1
2026-06-20 22:05:00+03:00,15,OK,87.55597014925372,Critical,A;M;V,1
2026-06-20 22:10:00+03:00,15,OK,87.55597014925372,Critical,A;M;V,1
2026-06-20 22:15:00+03:00,15,OK,87.55597014925372,Critical,A;M;V,1
2026-06-20 22:20:00+03:00,15,OK,87.55597014925372,Critical,A;M;V,1
2026-06-20 22:25:00+03:00,15,OK,87.55597014925372,Critical,A;M;V,1
2026-06-20 22:30:00+03:00,15,OK,87.55597014925372,Critical,A;M;V,1
2026-06-20 22:35:00+03:00,15,OK,87.55597014925372,Critical,A;M;V,1
2026-06-20 22:40:00+03:00,15,OK,87.55597014925372,Critical,A;M;V,1
2026-06-20 22:45:00+03:00,15,OK,87.55597014925372,Critical,A;M;V,1
2026-06-20 22:50:00+03:00,15,OK,85.77590761042248,Critical,M,2
2026-06-20 22:55:00+03:00,15,OK,83.03109989799256,Critical,M,2
2026-06-20 23:00:00+03:00,15,OK,80.58740450971183,Critical,M,2
2026-06-20 23:05:00+03:00,15,OK,78.63513366659419,Critical,M,2
2026-06-20 23:10:00+03:00,15,OK,77.00629629629579,Critical,M,2
2026-06-20 23:15:00+03:00,15,OK,75.54325102880676,Critical,M,2
2026-06-20 23:20:00+03:00,15,OK,73.65060818355194,Degraded,M,2
2026-06-20 23:25:00+03:00,15,OK,71.721260815822,Degraded,M,2
2026-06-20 23:30:00+03:00,15,OK,69.8864528417736,Degraded,M,2
2026-06-20 23:35:00+03:00,15,OK,68.41808961430061,Degraded,M,2
2026-06-20 23:40:00+03:00,15,OK,66.98745596259782,Degraded,M,2
2026-06-20 23:45:00+03:00,15,OK,65.9461062210947,Degraded,M,2
2026-06-20 23:50:00+03:00,15,OK,65.05360604692565,Degraded,M,2
2026-06-20 23:55:00+03:00,15,OK,64.49706451098501,Degraded,M,2
2026-06-21 00:00:00+03:00,15,OK,63.619290353491955,Degraded,M,2
2026-06-21 00:05:00+03:00,15,OK,62.87080251848909,Degraded,M,2
2026-06-21 00:10:00+03:00,15,OK,62.5,Degraded,A;M;V,1
2026-06-21 00:15:00+03:00,15,OK,62.5,Degraded,A;M;V,1
2026-06-21 00:20:00+03:00,15,OK,62.5,Degraded,A;M;V,1
2026-06-21 00:25:00+03:00,15,OK,62.5,Degraded,A;M;V,1
2026-06-21 00:30:00+03:00,15,OK,62.5,Degraded,A;M;V,1
2026-06-21 00:35:00+03:00,15,OK,62.5,Degraded,A;M;V,1
2026-06-21 00:40:00+03:00,15,OK,62.5,Degraded,A;M;V,1
2026-06-21 00:45:00+03:00,15,OK,62.5,Degraded,A;M;V,1
2026-06-21 00:50:00+03:00,15,OK,62.5,Degraded,A;M;V,1
2026-06-21 00:55:00+03:00,15,OK,62.5,Degraded,A;M;V,1
2026-06-21 01:00:00+03:00,15,OK,62.5,Degraded,A;M;V,1
2026-06-21 01:05:00+03:00,15,OK,62.5,Degraded,A;M;V,1
2026-06-21 01:10:00+03:00,15,OK,62.5,Degraded,A;M;V,1
2026-06-21 01:15:00+03:00,15,OK,62.5,Degraded,A;M;V,1
2026-06-21 01:20:00+03:00,15,OK,62.5,Degraded,A;M;V,1
2026-06-21 01:25:00+03:00,15,OK,62.5,Degraded,A;M;V,1
2026-06-21 01:30:00+03:00,15,OK,62.5,Degraded,A;M;V,1
2026-06-21 01:35:00+03:00,15,OK,62.5,Degraded,A;M;V,1
2026-06-21 01:40:00+03:00,15,OK,62.5,Degraded,A;M;V,1
2026-06-21 01:45:00+03:00,15,OK,62.5,Degraded,A;M;V,1
2026-06-21 01:50:00+03:00,15,OK,62.5,Degraded,A;M;V,1
2026-06-21 01:55:00+03:00,15,OK,62.5,Degraded,A;M;V,1
2026-06-21 02:00:00+03:00,15,OK,62.5,Degraded,A;M;V,1
2026-06-21 02:05:00+03:00,15,OK,62.5,Degraded,A;M;V,1
2026-06-21 02:10:00+03:00,15,OK,62.5,Degraded,A;M;V,1
2026-06-21 02:15:00+03:00,15,OK,62.5,Degraded,A;M;V,1
2026-06-21 02:20:00+03:00,15,OK,62.5,Degraded,A;M;V,1
2026-06-21 02:25:00+03:00,15,OK,61.79410062081223,Degraded,M,2
2026-06-21 02:30:00+03:00,15,OK,60.90268235856334,Degraded,M,2
2026-06-21 02:35:00+03:00,15,OK,60.134732323834726,Degraded,M,2
2026-06-21 02:40:00+03:00,15,OK,59.67549866031558,Degraded,M,2
2026-06-21 02:45:00+03:00,15,OK,59.09180993905792,Degraded,M,2
2026-06-21 02:50:00+03:00,15,OK,58.48715791557354,Degraded,M,2
2026-06-21 02:55:00+03:00,15,OK,58.31107153457978,Degraded,M,2
2026-06-21 03:00:00+03:00,15,OK,58.15186033860309,Degraded,M,2
2026-06-21 03:05:00+03:00,15,OK,57.73335968770063,Degraded,M,2
2026-06-21 03:10:00+03:00,15,OK,56.873417305225935,Degraded,M,2
2026-06-21 03:15:00+03:00,15,OK,56.29065107417401,Degraded,M,2
2026-06-21 03:20:00+03:00,15,OK,55.55429756595391,Degraded,M,2
2026-06-21 03:25:00+03:00,15,OK,55.08380071501189,Degraded,M,2
2026-06-21 03:30:00+03:00,15,OK,54.300811010076124,Degraded,M,2
2026-06-21 03:35:00+03:00,15,OK,54.119695584800624,Degraded,M,2
2026-06-21 03:40:00+03:00,15,OK,53.39601643180951,Degraded,M,2
2026-06-21 03:45:00+03:00,15,OK,52.625303013946336,Degraded,M,2
2026-06-21 03:50:00+03:00,15,OK,51.64323624341463,Degraded,M,2
2026-06-21 03:55:00+03:00,15,OK,51.01348258771478,Degraded,M,2
2026-06-21 04:00:00+03:00,15,OK,50.55567903978642,Degraded,M,2
2026-06-21 04:05:00+03:00,15,OK,49.80390618872114,Acceptable,M,2
2026-06-21 04:10:00+03:00,15,OK,49.01104685185947,Acceptable,M,2
2026-06-21 04:15:00+03:00,15,OK,48.037676609105226,Acceptable,M,2
2026-06-21 04:20:00+03:00,15,OK,47.030791429047945,Acceptable,M,2
2026-06-21 04:25:00+03:00,15,OK,46.357415320138166,Acceptable,M,2
2026-06-21 04:30:00+03:00,15,OK,45.77329113177492,Acceptable,M,2
2026-06-21 04:35:00+03:00,15,OK,45.11414536893153,Acceptable,M,2
2026-06-21 04:40:00+03:00,15,OK,44.19786034816102,Acceptable,M,2
2026-06-21 04:45:00+03:00,15,OK,43.47640331273799,Acceptable,M,2
2026-06-21 04:50:00+03:00,15,PARTIAL,12.444029850746269,Favorable,A;V,1
2026-06-21 04:55:00+03:00,15,PARTIAL,12.444029850746269,Favorable,A;V,1
2026-06-21 05:00:00+03:00,15,OK,41.89839616265847,Acceptable,M,2
2026-06-21 05:05:00+03:00,15,OK,41.252681960719094,Acceptable,M,2
2026-06-21 05:10:00+03:00,15,OK,40.536720829132,Acceptable,M,2
2026-06-21 05:15:00+03:00,15,OK,39.80565318351865,Acceptable,M,2
2026-06-21 05:20:00+03:00,15,OK,39.04600677155933,Acceptable,M,2
2026-06-21 05:25:00+03:00,15,OK,38.35190709461129,Acceptable,M,2
2026-06-21 05:30:00+03:00,15,PARTIAL,12.444029850746269,Favorable,A;V,1
2026-06-21 05:35:00+03:00,15,OK,37.15390381386469,Acceptable,M,2
2026-06-21 05:40:00+03:00,15,PARTIAL,12.444029850746269,Favorable,A;V,1
2026-06-21 05:45:00+03:00,15,OK,36.25750655347232,Acceptable,M,2
2026-06-21 05:50:00+03:00,15,OK,35.675011964584705,Acceptable,M,2
2026-06-21 05:55:00+03:00,15,OK,34.93004029848757,Acceptable,M,2
2026-06-21 06:00:00+03:00,15,OK,34.13600155832969,Acceptable,M,2
2026-06-21 06:05:00+03:00,15,PARTIAL,33.348440507067075,Acceptable,M,2
2026-06-21 06:10:00+03:00,15,PARTIAL,33.24190711815901,Acceptable,M,2
2026-06-21 06:15:00+03:00,15,PARTIAL,33.08625396951513,Acceptable,M,2
2026-06-21 06:20:00+03:00,15,OK,33.356636523236695,Acceptable,M,2
2026-06-21 06:25:00+03:00,15,OK,32.89791033510126,Acceptable,M,2
2026-06-21 06:30:00+03:00,15,OK,32.49694330007794,Acceptable,M,2
2026-06-21 06:35:00+03:00,15,OK,32.58692234886077,Acceptable,M,2
2026-06-21 06:40:00+03:00,15,OK,33.356636523237206,Acceptable,M,2
2026-06-21 06:45:00+03:00,15,OK,34.17706157365983,Acceptable,M,2
2026-06-21 06:50:00+03:00,15,OK,34.88098454573184,Acceptable,M,2
2026-06-21 06:55:00+03:00,15,OK,35.47836097599871,Acceptable,M,2
2026-06-21 07:00:00+03:00,15,OK,36.46287237441113,Acceptable,M,2
2026-06-21 07:05:00+03:00,15,OK,37.260987418197736,Acceptable,M,2
2026-06-21 07:10:00+03:00,15,OK,38.11136217666004,Acceptable,M,2
2026-06-21 07:15:00+03:00,15,OK,38.86630600472277,Acceptable,M,2
2026-06-21 07:20:00+03:00,15,OK,39.66931878808784,Acceptable,M,2
2026-06-21 07:25:00+03:00,15,OK,40.40941861234128,Acceptable,M,2
2026-06-21 07:30:00+03:00,15,OK,40.950226244344286,Acceptable,M,2
2026-06-21 07:35:00+03:00,15,OK,41.5296174719167,Acceptable,M,2
2026-06-21 07:40:00+03:00,15,OK,42.316814071841314,Acceptable,M,2
2026-06-21 07:45:00+03:00,15,OK,43.30155338209961,Acceptable,M,2
2026-06-21 07:50:00+03:00,15,OK,44.33832217408437,Acceptable,M,2
2026-06-21 07:55:00+03:00,15,OK,45.105899481569175,Acceptable,M,2
2026-06-21 08:00:00+03:00,15,OK,45.789756493932096,Acceptable,M,2
2026-06-21 08:05:00+03:00,15,OK,46.472498584089074,Acceptable,M,2
2026-06-21 08:10:00+03:00,15,OK,47.39925805248552,Acceptable,M,2
2026-06-21 08:15:00+03:00,15,OK,48.1604120676966,Acceptable,M,2
2026-06-21 08:20:00+03:00,15,OK,48.888394842152096,Acceptable,M,2
2026-06-21 08:25:00+03:00,15,OK,49.517880898604474,Acceptable,M,2
2026-06-21 08:30:00+03:00,15,OK,50.40039091226979,Degraded,M,2
2026-06-21 08:35:00+03:00,15,OK,51.47145379635102,Degraded,M,2
2026-06-21 08:40:00+03:00,15,OK,52.600741947513946,Degraded,M,2
2026-06-21 08:45:00+03:00,15,OK,53.48640791954806,Degraded,M,2
2026-06-21 08:50:00+03:00,15,OK,54.341984532703876,Degraded,M,2
2026-06-21 08:55:00+03:00,15,OK,55.669938984564,Degraded,M,2
2026-06-21 09:00:00+03:00,15,OK,58.15186033860309,Degraded,M,2
2026-06-21 09:05:00+03:00,15,OK,61.116572077562,Degraded,M,2
2026-06-21 09:10:00+03:00,15,OK,62.5,Degraded,A;M;V,1
2026-06-21 09:15:00+03:00,15,OK,62.5,Degraded,A;M;V,1
2026-06-21 09:20:00+03:00,15,OK,62.5,Degraded,A;M;V,1
2026-06-21 09:25:00+03:00,15,OK,62.5,Degraded,A;M;V,1
2026-06-21 09:30:00+03:00,15,OK,62.5,Degraded,A;M;V,1
2026-06-21 09:35:00+03:00,15,OK,62.5,Degraded,A;M;V,1
2026-06-21 09:40:00+03:00,15,OK,62.5,Degraded,A;M;V,1
2026-06-21 09:45:00+03:00,15,OK,62.5,Degraded,A;M;V,1
2026-06-21 09:50:00+03:00,15,OK,62.5,Degraded,A;M;V,1
2026-06-21 09:55:00+03:00,15,OK,62.5,Degraded,A;M;V,1
2026-06-21 10:00:00+03:00,15,OK,62.5,Degraded,A;M;V,1
2026-06-21 10:05:00+03:00,15,OK,62.5,Degraded,A;M;V,1
2026-06-21 10:10:00+03:00,15,OK,62.5,Degraded,A;M;V,1
2026-06-21 10:15:00+03:00,15,OK,62.5,Degraded,A;M;V,1
2026-06-21 10:20:00+03:00,15,OK,62.5,Degraded,A;M;V,1
2026-06-21 10:25:00+03:00,15,OK,62.5,Degraded,A;M;V,1
2026-06-21 10:30:00+03:00,15,OK,62.5,Degraded,A;M;V,1
2026-06-21 10:35:00+03:00,15,OK,62.5,Degraded,A;M;V,1
2026-06-21 10:40:00+03:00,15,OK,62.5,Degraded,A;M;V,1
2026-06-21 10:45:00+03:00,15,OK,62.5,Degraded,A;M;V,1
2026-06-21 10:50:00+03:00,15,PARTIAL,12.444029850746269,Favorable,A;V,1
2026-06-21 10:55:00+03:00,15,OK,62.5,Degraded,A;M;V,1
2026-06-21 11:00:00+03:00,15,OK,62.5,Degraded,A;M;V,1
2026-06-21 11:05:00+03:00,15,PARTIAL,12.444029850746269,Favorable,A;V,1
2026-06-21 11:10:00+03:00,15,PARTIAL,12.444029850746269,Favorable,A;V,1
2026-06-21 11:15:00+03:00,15,OK,62.5,Degraded,A;M;V,1
2026-06-21 11:20:00+03:00,15,OK,62.5,Degraded,A;M;V,1
2026-06-21 11:25:00+03:00,15,OK,62.5,Degraded,A;M;V,1
2026-06-21 11:30:00+03:00,15,OK,62.5,Degraded,A;M;V,1
2026-06-21 11:35:00+03:00,15,OK,62.5,Degraded,A;M;V,1
2026-06-21 11:40:00+03:00,15,OK,62.5,Degraded,A;M;V,1
2026-06-21 11:45:00+03:00,15,OK,62.673096532970725,Degraded,M,2
2026-06-21 11:50:00+03:00,15,OK,62.796677594754875,Degraded,M,2
2026-06-21 11:55:00+03:00,15,PARTIAL,12.444029850746269,Favorable,A;V,1
2026-06-21 12:00:00+03:00,15,OK,62.70605631456163,Degraded,M,2
2026-06-21 12:05:00+03:00,15,OK,63.0189990408054,Degraded,M,2
2026-06-21 12:10:00+03:00,15,OK,62.95314269535615,Degraded,M,2
2026-06-21 12:15:00+03:00,15,PARTIAL,62.879037523652094,Degraded,M,2
2026-06-21 12:20:00+03:00,15,PARTIAL,62.83786030303379,Degraded,M,2
2026-06-21 12:25:00+03:00,15,PARTIAL,62.953142695356334,Degraded,M,2
2026-06-21 12:30:00+03:00,15,OK,62.86256729385401,Degraded,M,2
2026-06-21 12:35:00+03:00,15,OK,62.5,Degraded,A;M;V,1
2026-06-21 12:40:00+03:00,15,PARTIAL,12.444029850746269,Favorable,A;V,1
2026-06-21 12:45:00+03:00,15,OK,62.5,Degraded,A;M;V,1
2026-06-21 12:50:00+03:00,15,PARTIAL,12.444029850746269,Favorable,A;V,1
2026-06-21 12:55:00+03:00,15,PARTIAL,12.444029850746269,Favorable,A;V,1
2026-06-21 13:00:00+03:00,15,OK,62.5,Degraded,A;M;V,1
2026-06-21 13:05:00+03:00,15,OK,62.5,Degraded,A;M;V,1
2026-06-21 13:10:00+03:00,15,OK,62.5,Degraded,A;M;V,1
2026-06-21 13:15:00+03:00,15,PARTIAL,12.444029850746269,Favorable,A;V,1
2026-06-21 13:20:00+03:00,15,PARTIAL,62.5,Degraded,A;M,1
2026-06-21 13:25:00+03:00,15,PARTIAL,62.5,Degraded,A;M,1
2026-06-21 13:30:00+03:00,15,PARTIAL,62.5,Degraded,A;M,1
2026-06-21 13:35:00+03:00,15,PARTIAL,62.5,Degraded,A;M,1
2026-06-21 13:40:00+03:00,15,PARTIAL,62.5,Degraded,A;M,1
2026-06-21 13:45:00+03:00,15,PARTIAL,62.5,Degraded,A;M,1
2026-06-21 13:50:00+03:00,15,FAILED,,,,
2026-06-21 13:55:00+03:00,15,FAILED,,,,
2026-06-21 14:00:00+03:00,15,FAILED,,,,
2026-06-21 14:05:00+03:00,15,FAILED,,,,
2026-06-21 14:10:00+03:00,15,FAILED,,,,
2026-06-21 14:15:00+03:00,15,FAILED,,,,
2026-06-21 14:20:00+03:00,15,FAILED,,,,
2026-06-21 14:25:00+03:00,15,FAILED,,,,
2026-06-21 14:30:00+03:00,15,FAILED,,,,
2026-06-21 14:35:00+03:00,15,FAILED,,,,
2026-06-21 14:40:00+03:00,15,PARTIAL,68.66296934530436,Degraded,M,2
2026-06-21 14:45:00+03:00,15,PARTIAL,69.31196187418881,Degraded,M,2
2026-06-21 14:50:00+03:00,15,FAILED,,,,
2026-06-21 14:55:00+03:00,15,PARTIAL,70.45221734611432,Degraded,M,2
2026-06-21 15:00:00+03:00,15,FAILED,,,,
2026-06-21 15:05:00+03:00,15,FAILED,,,,
2026-06-21 15:10:00+03:00,15,FAILED,,,,
2026-06-21 15:15:00+03:00,15,PARTIAL,73.54350024374483,Degraded,M,2
2026-06-21 15:20:00+03:00,15,PARTIAL,75.9588888888887,Critical,M,2
2026-06-21 15:25:00+03:00,15,PARTIAL,79.56040730540678,Critical,M,2
2026-06-21 15:30:00+03:00,15,PARTIAL,84.0751837779795,Critical,M,2
2026-06-21 15:35:00+03:00,15,FAILED,,,,
2026-06-21 15:40:00+03:00,15,FAILED,,,,
2026-06-21 15:45:00+03:00,15,FAILED,,,,
2026-06-21 15:50:00+03:00,15,FAILED,,,,
2026-06-21 15:55:00+03:00,15,FAILED,,,,
2026-06-21 16:00:00+03:00,15,FAILED,,,,
2026-06-21 16:05:00+03:00,15,FAILED,,,,
2026-06-21 16:10:00+03:00,15,PARTIAL,87.55597014925372,Critical,A;M,1
2026-06-21 16:15:00+03:00,15,PARTIAL,87.55597014925372,Critical,A;M,1
2026-06-21 16:20:00+03:00,15,FAILED,,,,
2026-06-21 16:25:00+03:00,15,FAILED,,,,
2026-06-21 16:30:00+03:00,15,FAILED,,,,
2026-06-21 16:35:00+03:00,15,FAILED,,,,
2026-06-21 16:40:00+03:00,15,FAILED,,,,
2026-06-21 16:45:00+03:00,15,FAILED,,,,
2026-06-21 16:50:00+03:00,15,FAILED,,,,
2026-06-21 16:55:00+03:00,15,PARTIAL,87.55597014925372,Critical,A;M,1
2026-06-21 17:00:00+03:00,15,FAILED,,,,
2026-06-21 17:05:00+03:00,15,FAILED,,,,
2026-06-21 17:10:00+03:00,15,FAILED,,,,
2026-06-21 17:15:00+03:00,15,FAILED,,,,
2026-06-21 17:20:00+03:00,15,FAILED,,,,
2026-06-21 17:25:00+03:00,15,PARTIAL,87.55597014925372,Critical,A;M,1
2026-06-21 17:30:00+03:00,15,OK,87.55597014925372,Critical,A;M;V,1
2026-06-21 17:35:00+03:00,15,OK,87.55597014925372,Critical,A;M;V,1
2026-06-21 17:40:00+03:00,15,OK,87.55597014925372,Critical,A;M;V,1
2026-06-21 17:45:00+03:00,15,PARTIAL,87.55597014925372,Critical,A;M,1
2026-06-21 17:50:00+03:00,15,PARTIAL,87.55597014925372,Critical,A;M,1
2026-06-21 17:55:00+03:00,15,OK,87.55597014925372,Critical,A;M;V,1
2026-06-21 18:00:00+03:00,15,OK,87.55597014925372,Critical,A;M;V,1
2026-06-21 18:05:00+03:00,15,OK,87.55597014925372,Critical,A;M;V,1
2026-06-21 18:10:00+03:00,15,OK,87.55597014925372,Critical,A;M;V,1
2026-06-21 18:15:00+03:00,15,OK,87.55597014925372,Critical,A;M;V,1
2026-06-21 18:20:00+03:00,15,OK,87.55597014925372,Critical,A;M;V,1
2026-06-21 18:25:00+03:00,15,OK,87.55597014925372,Critical,A;M;V,1
2026-06-21 18:30:00+03:00,15,PARTIAL,12.444029850746269,Favorable,A;V,1
2026-06-21 18:35:00+03:00,15,OK,87.55597014925372,Critical,A;M;V,1
2026-06-21 18:40:00+03:00,15,OK,87.55597014925372,Critical,A;M;V,1
2026-06-21 18:45:00+03:00,15,OK,87.55597014925372,Critical,A;M;V,1
2026-06-21 18:50:00+03:00,15,OK,87.55597014925372,Critical,A;M;V,1
2026-06-21 18:55:00+03:00,15,PARTIAL,12.444029850746269,Favorable,A;V,1
2026-06-21 19:00:00+03:00,15,OK,87.55597014925372,Critical,A;M;V,1
2026-06-21 19:05:00+03:00,15,OK,87.55597014925372,Critical,A;M;V,1
2026-06-21 19:10:00+03:00,15,OK,87.55597014925372,Critical,A;M;V,1
2026-06-21 19:15:00+03:00,15,OK,87.55597014925372,Critical,A;M;V,1
2026-06-21 19:20:00+03:00,15,OK,87.55597014925372,Critical,A;M;V,1
2026-06-21 19:25:00+03:00,15,OK,87.55597014925372,Critical,A;M;V,1
2026-06-21 19:30:00+03:00,15,OK,87.55597014925372,Critical,A;M;V,1
2026-06-21 19:35:00+03:00,15,OK,87.55597014925372,Critical,A;M;V,1
2026-06-21 19:40:00+03:00,15,OK,87.55597014925372,Critical,A;M;V,1
2026-06-21 19:45:00+03:00,15,OK,87.55597014925372,Critical,A;M;V,1
2026-06-21 19:50:00+03:00,15,OK,87.55597014925372,Critical,A;M;V,1
2026-06-21 19:55:00+03:00,15,OK,87.55597014925372,Critical,A;M;V,1
2026-06-21 20:00:00+03:00,15,OK,87.55597014925372,Critical,A;M;V,1
2026-06-21 20:05:00+03:00,15,OK,87.55597014925372,Critical,A;M;V,1
2026-06-21 20:10:00+03:00,15,OK,87.55597014925372,Critical,A;M;V,1
2026-06-21 20:15:00+03:00,15,OK,87.55597014925372,Critical,A;M;V,1
2026-06-21 20:20:00+03:00,15,OK,87.55597014925372,Critical,A;M;V,1
2026-06-21 20:25:00+03:00,15,OK,87.55597014925372,Critical,A;M;V,1
2026-06-21 20:30:00+03:00,15,OK,87.55597014925372,Critical,A;M;V,1
2026-06-21 20:35:00+03:00,15,OK,87.55597014925372,Critical,A;M;V,1
2026-06-21 20:40:00+03:00,15,OK,87.55597014925372,Critical,A;M;V,1
2026-06-21 20:45:00+03:00,15,OK,87.55597014925372,Critical,A;M;V,1
2026-06-21 20:50:00+03:00,15,OK,87.55597014925372,Critical,A;M;V,1
2026-06-21 20:55:00+03:00,15,OK,87.55597014925372,Critical,A;M;V,1
2026-06-21 21:00:00+03:00,15,OK,87.55597014925372,Critical,A;M;V,1
2026-06-21 21:05:00+03:00,15,OK,87.55597014925372,Critical,A;M;V,1
2026-06-21 21:10:00+03:00,15,OK,87.55597014925372,Critical,A;M;V,1
2026-06-21 21:15:00+03:00,15,OK,87.55597014925372,Critical,A;M;V,1
2026-06-21 21:20:00+03:00,15,OK,87.55597014925372,Critical,A;M;V,1
2026-06-21 21:25:00+03:00,15,OK,87.55597014925372,Critical,A;M;V,1
2026-06-21 21:30:00+03:00,15,OK,87.55597014925372,Critical,A;M;V,1
2026-06-21 21:35:00+03:00,15,OK,87.55597014925372,Critical,A;M;V,1
2026-06-21 21:40:00+03:00,15,OK,87.55597014925372,Critical,A;M;V,1
2026-06-21 21:45:00+03:00,15,OK,87.55597014925372,Critical,A;M;V,1
2026-06-21 21:50:00+03:00,15,OK,87.55597014925372,Critical,A;M;V,1
2026-06-21 21:55:00+03:00,15,PARTIAL,87.55597014925372,Critical,A;M,1
2026-06-21 22:00:00+03:00,15,PARTIAL,87.55597014925372,Critical,A;M,1
2026-06-21 22:05:00+03:00,15,PARTIAL,87.55597014925372,Critical,A;M,1
2026-06-21 22:10:00+03:00,15,PARTIAL,87.55597014925372,Critical,A;M,1
2026-06-21 22:15:00+03:00,15,PARTIAL,87.55597014925372,Critical,A;M,1
2026-06-21 22:20:00+03:00,15,PARTIAL,87.55597014925372,Critical,A;M,1
2026-06-21 22:25:00+03:00,15,OK,87.55597014925372,Critical,A;M;V,1
2026-06-21 22:30:00+03:00,15,OK,87.55597014925372,Critical,A;M;V,1
2026-06-21 22:35:00+03:00,15,OK,87.55597014925372,Critical,A;M;V,1
2026-06-21 22:40:00+03:00,15,OK,87.55597014925372,Critical,A;M;V,1
2026-06-21 22:45:00+03:00,15,OK,87.55597014925372,Critical,A;M;V,1
2026-06-21 22:50:00+03:00,15,OK,87.55597014925372,Critical,A;M;V,1
2026-06-21 22:55:00+03:00,15,OK,87.55597014925372,Critical,A;M;V,1
2026-06-21 23:00:00+03:00,15,OK,87.55597014925372,Critical,A;M;V,1
2026-06-21 23:05:00+03:00,15,OK,87.55597014925372,Critical,A;M;V,1
2026-06-21 23:10:00+03:00,15,OK,87.55597014925372,Critical,A;M;V,1
2026-06-21 23:15:00+03:00,15,OK,85.93268180283263,Critical,M,2
2026-06-21 23:20:00+03:00,15,OK,82.41570812009421,Critical,M,2
2026-06-21 23:25:00+03:00,15,OK,78.99675172829495,Critical,M,2
2026-06-21 23:30:00+03:00,15,OK,77.08111111111114,Critical,M,2
2026-06-21 23:35:00+03:00,15,OK,75.79263374485627,Critical,M,2
2026-06-21 23:40:00+03:00,15,OK,74.63886392145618,Degraded,M,2
2026-06-21 23:45:00+03:00,15,OK,73.64236943690493,Degraded,M,2
2026-06-21 23:50:00+03:00,15,OK,72.9748506722627,Degraded,M,2
2026-06-21 23:55:00+03:00,15,OK,71.97702912928538,Degraded,M,2
2026-06-22 00:00:00+03:00,15,OK,70.37025441766058,Degraded,M,2
2026-06-22 00:05:00+03:00,15,OK,68.63837394505329,Degraded,M,2
2026-06-22 00:10:00+03:00,15,OK,67.73200563037403,Degraded,M,2
2026-06-22 00:15:00+03:00,15,OK,66.73351069643577,Degraded,M,2
2026-06-22 00:20:00+03:00,15,OK,65.77366101627443,Degraded,M,2
2026-06-22 00:25:00+03:00,15,OK,63.49603805859888,Degraded,M,2
2026-06-22 00:30:00+03:00,15,OK,62.5,Degraded,A;M;V,1
2026-06-22 00:35:00+03:00,15,OK,62.5,Degraded,A;M;V,1
2026-06-22 00:40:00+03:00,15,OK,62.5,Degraded,A;M;V,1
2026-06-22 00:45:00+03:00,15,OK,62.5,Degraded,A;M;V,1
2026-06-22 00:50:00+03:00,15,OK,62.5,Degraded,A;M;V,1
2026-06-22 00:55:00+03:00,15,OK,62.5,Degraded,A;M;V,1
2026-06-22 01:00:00+03:00,15,OK,62.5,Degraded,A;M;V,1
2026-06-22 01:05:00+03:00,15,OK,62.5,Degraded,A;M;V,1
2026-06-22 01:10:00+03:00,15,OK,62.5,Degraded,A;M;V,1
2026-06-22 01:15:00+03:00,15,OK,62.5,Degraded,A;M;V,1
2026-06-22 01:20:00+03:00,15,OK,62.5,Degraded,A;M;V,1
2026-06-22 01:25:00+03:00,15,OK,62.5,Degraded,A;M;V,1
2026-06-22 01:30:00+03:00,15,OK,62.5,Degraded,A;M;V,1
2026-06-22 01:35:00+03:00,15,OK,62.5,Degraded,A;M;V,1
2026-06-22 01:40:00+03:00,15,OK,62.5,Degraded,A;M;V,1
2026-06-22 01:45:00+03:00,15,OK,62.5,Degraded,A;M;V,1
2026-06-22 01:50:00+03:00,15,OK,62.5,Degraded,A;M;V,1
2026-06-22 01:55:00+03:00,15,OK,62.5,Degraded,A;M;V,1
2026-06-22 02:00:00+03:00,15,OK,62.5,Degraded,A;M;V,1
2026-06-22 02:05:00+03:00,15,OK,62.5,Degraded,A;M;V,1
2026-06-22 02:10:00+03:00,15,OK,62.5,Degraded,A;M;V,1
2026-06-22 02:15:00+03:00,15,OK,62.5,Degraded,A;M;V,1
2026-06-22 02:20:00+03:00,15,OK,62.5,Degraded,A;M;V,1
2026-06-22 02:25:00+03:00,15,OK,62.5,Degraded,A;M;V,1
2026-06-22 02:30:00+03:00,15,OK,62.5,Degraded,A;M;V,1
2026-06-22 02:35:00+03:00,15,OK,62.5,Degraded,A;M;V,1
2026-06-22 02:40:00+03:00,15,OK,62.5,Degraded,A;M;V,1
2026-06-22 02:45:00+03:00,15,OK,62.5,Degraded,A;M;V,1
2026-06-22 02:50:00+03:00,15,OK,62.5,Degraded,A;M;V,1
2026-06-22 02:55:00+03:00,15,OK,62.5,Degraded,A;M;V,1
2026-06-22 03:00:00+03:00,15,OK,62.5,Degraded,A;M;V,1
2026-06-22 03:05:00+03:00,15,OK,62.5,Degraded,A;M;V,1
2026-06-22 03:10:00+03:00,15,OK,62.5,Degraded,A;M;V,1
2026-06-22 03:15:00+03:00,15,OK,62.5,Degraded,A;M;V,1
2026-06-22 03:20:00+03:00,15,OK,62.5,Degraded,A;M;V,1
2026-06-22 03:25:00+03:00,15,OK,61.85425505365577,Degraded,M,2
2026-06-22 03:30:00+03:00,15,OK,61.14225555120105,Degraded,M,2
2026-06-22 03:35:00+03:00,15,OK,60.21990180943623,Degraded,M,2
2026-06-22 03:40:00+03:00,15,OK,59.15067226057935,Degraded,M,2
2026-06-22 03:45:00+03:00,15,OK,57.65810276679848,Degraded,M,2
2026-06-22 03:50:00+03:00,15,OK,56.099743531645146,Degraded,M,2
2026-06-22 03:55:00+03:00,15,OK,54.49024273531138,Degraded,M,2
2026-06-22 04:00:00+03:00,15,OK,53.45353602807281,Degraded,M,2
2026-06-22 04:05:00+03:00,15,OK,52.731739872933396,Degraded,M,2
2026-06-22 04:10:00+03:00,15,OK,52.42064218983102,Degraded,M,2
2026-06-22 04:15:00+03:00,15,OK,51.9295927578133,Degraded,M,2
2026-06-22 04:20:00+03:00,15,OK,51.3978399693942,Degraded,M,2
2026-06-22 04:25:00+03:00,15,OK,50.52298519951914,Degraded,M,2
2026-06-22 04:30:00+03:00,15,OK,49.248139963649336,Acceptable,M,2
2026-06-22 04:35:00+03:00,15,OK,48.283135485136675,Acceptable,M,2
2026-06-22 04:40:00+03:00,15,OK,47.562986176080145,Acceptable,M,2
2026-06-22 04:45:00+03:00,15,OK,47.30919845193081,Acceptable,M,2
2026-06-22 04:50:00+03:00,15,OK,46.63684835868344,Acceptable,M,2
2026-06-22 04:55:00+03:00,15,OK,46.19295574003973,Acceptable,M,2
2026-06-22 05:00:00+03:00,15,OK,45.55918249629657,Acceptable,M,2
2026-06-22 05:05:00+03:00,15,OK,44.9739432162176,Acceptable,M,2
2026-06-22 05:10:00+03:00,15,OK,43.908526093181564,Acceptable,M,2
2026-06-22 05:15:00+03:00,15,OK,43.134917372358736,Acceptable,M,2
2026-06-22 05:20:00+03:00,15,OK,42.60094484041396,Acceptable,M,2
2026-06-22 05:25:00+03:00,15,OK,42.81800681178707,Acceptable,M,2
2026-06-22 05:30:00+03:00,15,OK,42.79297067825035,Acceptable,M,2
2026-06-22 05:35:00+03:00,15,OK,42.85972820900928,Acceptable,M,2
2026-06-22 05:40:00+03:00,15,OK,42.759585321704535,Acceptable,M,2
2026-06-22 05:45:00+03:00,15,OK,42.80966170856898,Acceptable,M,2
2026-06-22 05:50:00+03:00,15,OK,42.91812663475267,Acceptable,M,2
2026-06-22 05:55:00+03:00,15,OK,43.15991976059706,Acceptable,M,2
2026-06-22 06:00:00+03:00,15,OK,43.883716729881904,Acceptable,M,2
2026-06-22 06:05:00+03:00,15,OK,45.09765343197081,Acceptable,M,4
2026-06-22 06:10:00+03:00,15,OK,46.17650622730104,Acceptable,M,4
2026-06-22 06:15:00+03:00,15,OK,46.5957669671559,Acceptable,M,4
2026-06-22 06:20:00+03:00,15,OK,46.65763831701414,Acceptable,V,4
2026-06-22 06:25:00+03:00,15,OK,47.644842204427604,Acceptable,M,4
2026-06-22 06:30:00+03:00,15,OK,49.73036307837112,Acceptable,M,4
2026-06-22 06:35:00+03:00,15,OK,51.858887700070724,Degraded,V,4
2026-06-22 06:40:00+03:00,15,OK,52.56818467632916,Degraded,V,4
2026-06-22 06:45:00+03:00,15,OK,53.40491707759209,Degraded,V,4
2026-06-22 06:50:00+03:00,15,OK,54.63192056789498,Degraded,V,4
2026-06-22 06:55:00+03:00,15,OK,56.04610892214334,Degraded,V,4
2026-06-22 07:00:00+03:00,15,OK,57.706877203254386,Degraded,V,4
2026-06-22 07:05:00+03:00,15,OK,59.42923531631262,Degraded,V,4
2026-06-22 07:10:00+03:00,15,OK,61.181768558951916,Degraded,V,4
2026-06-22 07:15:00+03:00,15,OK,62.49999999999999,Degraded,V,2
2026-06-22 07:20:00+03:00,15,OK,62.49999999999999,Degraded,V,2
2026-06-22 07:25:00+03:00,15,OK,62.5,Degraded,A;M;V,1
2026-06-22 07:30:00+03:00,15,OK,62.5,Degraded,A;M;V,1
2026-06-22 07:35:00+03:00,15,OK,62.5,Degraded,A;M;V,1
2026-06-22 07:40:00+03:00,15,OK,62.5,Degraded,A;M;V,1
2026-06-22 07:45:00+03:00,15,OK,62.5,Degraded,A;M;V,1
2026-06-22 07:50:00+03:00,15,OK,62.5,Degraded,A;M;V,1
2026-06-22 07:55:00+03:00,15,OK,62.5,Degraded,A;M;V,1
2026-06-22 08:00:00+03:00,15,OK,62.5,Degraded,A;M;V,1
2026-06-22 08:05:00+03:00,15,OK,62.5,Degraded,A;M;V,1
2026-06-22 08:10:00+03:00,15,OK,62.5,Degraded,A;M;V,1
2026-06-22 08:15:00+03:00,15,OK,62.5,Degraded,A;M;V,1
2026-06-22 08:20:00+03:00,15,OK,62.5,Degraded,A;M;V,1
2026-06-22 08:25:00+03:00,15,OK,62.5,Degraded,A;M;V,1
2026-06-22 08:30:00+03:00,15,OK,62.5,Degraded,A;M;V,1
2026-06-22 08:35:00+03:00,15,OK,62.5,Degraded,A;M;V,1
2026-06-22 08:40:00+03:00,15,OK,64.12821152158274,Degraded,M,2
2026-06-22 08:45:00+03:00,15,OK,66.09385907341651,Degraded,M,2
2026-06-22 08:50:00+03:00,15,OK,68.18135650379878,Degraded,M,2
2026-06-22 08:55:00+03:00,15,OK,70.1489004623905,Degraded,M,2
2026-06-22 09:00:00+03:00,15,OK,71.97702912928557,Degraded,M,2
2026-06-22 09:05:00+03:00,15,OK,73.58469669072217,Degraded,M,2
2026-06-22 09:10:00+03:00,15,OK,75.25230452674924,Critical,M,2
2026-06-22 09:15:00+03:00,15,OK,76.80679012345658,Critical,M,2
2026-06-22 09:20:00+03:00,15,OK,78.8285445407929,Critical,M,2
2026-06-22 09:25:00+03:00,15,OK,80.9664234695388,Critical,M,2
2026-06-22 09:30:00+03:00,15,OK,83.13372208190971,Critical,M,2
2026-06-22 09:35:00+03:00,15,OK,84.90595941959968,Critical,M,2
2026-06-22 09:40:00+03:00,15,OK,86.1069411055707,Critical,M,2
2026-06-22 09:45:00+03:00,15,OK,87.36365505395166,Critical,M,2
2026-06-22 09:50:00+03:00,15,PARTIAL,12.444029850746269,Favorable,A;V,1
2026-06-22 09:55:00+03:00,15,OK,87.55597014925372,Critical,A;M;V,1
2026-06-22 10:00:00+03:00,15,OK,87.55597014925372,Critical,A;M;V,1
2026-06-22 10:05:00+03:00,15,OK,87.55597014925372,Critical,A;M;V,1
2026-06-22 10:10:00+03:00,15,OK,87.55597014925372,Critical,A;M;V,1
2026-06-22 10:15:00+03:00,15,OK,87.55597014925372,Critical,A;M;V,1
2026-06-22 10:20:00+03:00,15,OK,87.55597014925372,Critical,A;M;V,1
2026-06-22 10:25:00+03:00,15,OK,87.55597014925372,Critical,A;M;V,1
2026-06-22 10:30:00+03:00,15,OK,87.55597014925372,Critical,A;M;V,1
2026-06-22 10:35:00+03:00,15,OK,87.55597014925372,Critical,A;M;V,1
2026-06-22 10:40:00+03:00,15,OK,87.55597014925372,Critical,A;M;V,1
2026-06-22 10:45:00+03:00,15,OK,87.55597014925372,Critical,A;M;V,1
2026-06-22 10:50:00+03:00,15,OK,87.55597014925372,Critical,A;M;V,1
2026-06-22 10:55:00+03:00,15,OK,87.55597014925372,Critical,A;M;V,1
2026-06-22 11:00:00+03:00,15,OK,87.55597014925372,Critical,A;M;V,1
2026-06-22 11:05:00+03:00,15,PARTIAL,12.444029850746269,Favorable,A;V,1
2026-06-22 11:10:00+03:00,15,OK,87.55597014925372,Critical,A;M;V,1
2026-06-22 11:15:00+03:00,15,PARTIAL,12.444029850746269,Favorable,A;V,1
2026-06-22 11:20:00+03:00,15,OK,87.55597014925372,Critical,A;M;V,1
2026-06-22 11:25:00+03:00,15,OK,87.55597014925372,Critical,A;M;V,1
2026-06-22 11:30:00+03:00,15,OK,87.55597014925372,Critical,A;M;V,1
2026-06-22 11:35:00+03:00,15,PARTIAL,12.444029850746269,Favorable,A;V,1
2026-06-22 11:40:00+03:00,15,PARTIAL,12.444029850746269,Favorable,A;V,1
2026-06-22 11:45:00+03:00,15,OK,87.55597014925372,Critical,A;M;V,1
2026-06-22 11:50:00+03:00,15,OK,87.55597014925372,Critical,A;M;V,1
2026-06-22 11:55:00+03:00,15,OK,87.55597014925372,Critical,A;M;V,1
2026-06-22 12:00:00+03:00,15,PARTIAL,12.444029850746269,Favorable,A;V,1
2026-06-22 12:05:00+03:00,15,PARTIAL,87.55597014925372,Critical,A;M,1
2026-06-22 12:10:00+03:00,15,PARTIAL,87.55597014925372,Critical,A;M,1
2026-06-22 12:15:00+03:00,15,PARTIAL,87.55597014925372,Critical,A;M,1
2026-06-22 12:20:00+03:00,15,PARTIAL,87.34837406168916,Critical,A,2
2026-06-22 12:25:00+03:00,15,PARTIAL,87.4880350209773,Critical,A,2
2026-06-22 12:30:00+03:00,15,PARTIAL,87.41623523738635,Critical,A,2
2026-06-22 12:35:00+03:00,15,PARTIAL,87.55597014925372,Critical,A;M,1
2026-06-22 12:40:00+03:00,15,PARTIAL,87.55597014925372,Critical,A;M,1
2026-06-22 12:45:00+03:00,15,PARTIAL,87.55597014925372,Critical,A;M,1
2026-06-22 12:50:00+03:00,15,PARTIAL,87.55597014925372,Critical,A;M,1
2026-06-22 12:55:00+03:00,15,PARTIAL,87.55597014925372,Critical,A;M,1
2026-06-22 13:00:00+03:00,15,PARTIAL,87.55597014925372,Critical,A;M,1
2026-06-22 13:05:00+03:00,15,PARTIAL,87.55597014925372,Critical,A;M,1
2026-06-22 13:10:00+03:00,15,FAILED,,,,
2026-06-22 13:15:00+03:00,15,FAILED,,,,
2026-06-22 13:20:00+03:00,15,PARTIAL,87.55597014925372,Critical,A;M,1
2026-06-22 13:25:00+03:00,15,PARTIAL,87.55597014925372,Critical,A;M,1
2026-06-22 13:30:00+03:00,15,PARTIAL,87.55597014925372,Critical,A;M,1
2026-06-22 13:35:00+03:00,15,PARTIAL,87.55597014925372,Critical,A;M,1
2026-06-22 13:40:00+03:00,15,FAILED,,,,
2026-06-22 13:45:00+03:00,15,FAILED,,,,
2026-06-22 13:50:00+03:00,15,PARTIAL,87.55597014925372,Critical,A;M,1
2026-06-22 13:55:00+03:00,15,PARTIAL,87.55597014925372,Critical,A;M,1
2026-06-22 14:00:00+03:00,15,PARTIAL,87.55597014925372,Critical,A;M,1
2026-06-22 14:05:00+03:00,15,FAILED,,,,
2026-06-22 14:10:00+03:00,15,PARTIAL,87.55597014925372,Critical,A;M,1
2026-06-22 14:15:00+03:00,15,PARTIAL,87.55597014925372,Critical,A;M,1
2026-06-22 14:20:00+03:00,15,PARTIAL,87.55597014925372,Critical,A;M,1
2026-06-22 14:25:00+03:00,15,PARTIAL,87.55597014925372,Critical,A;M,1
2026-06-22 14:30:00+03:00,15,PARTIAL,87.55597014925372,Critical,A;M,1
2026-06-22 14:35:00+03:00,15,PARTIAL,87.55597014925372,Critical,A;M,1
2026-06-22 14:40:00+03:00,15,PARTIAL,87.55597014925372,Critical,A;M,1
2026-06-22 14:45:00+03:00,15,PARTIAL,87.55597014925372,Critical,A;M,1
2026-06-22 14:50:00+03:00,15,PARTIAL,87.55597014925372,Critical,A;M,1
2026-06-22 14:55:00+03:00,15,OK,87.4945472571051,Critical,V,2
2026-06-22 15:00:00+03:00,15,PARTIAL,12.444029850746269,Favorable,A;V,1
2026-06-22 15:05:00+03:00,15,OK,87.55597014925372,Critical,A;M;V,1
2026-06-22 15:10:00+03:00,15,OK,87.55597014925372,Critical,A;M;V,1
2026-06-22 15:15:00+03:00,15,OK,87.55597014925372,Critical,A;M;V,1
2026-06-22 15:20:00+03:00,15,FAILED,,,,
2026-06-22 15:25:00+03:00,15,FAILED,,,,
2026-06-22 15:30:00+03:00,15,FAILED,,,,
2026-06-22 15:35:00+03:00,15,FAILED,,,,
2026-06-22 15:40:00+03:00,15,OK,87.5032283201603,Critical,V,2
2026-06-22 15:45:00+03:00,15,PARTIAL,12.444029850746269,Favorable,A;V,1
2026-06-22 15:50:00+03:00,15,PARTIAL,12.444029850746269,Favorable,A;V,1
2026-06-22 15:55:00+03:00,15,PARTIAL,12.444029850746269,Favorable,A;V,1
2026-06-22 16:00:00+03:00,15,PARTIAL,12.444029850746269,Favorable,A;V,1
2026-06-22 16:05:00+03:00,15,OK,87.55597014925372,Critical,A;M;V,1
2026-06-22 16:10:00+03:00,15,OK,87.55597014925372,Critical,A;M;V,1
2026-06-22 16:15:00+03:00,15,OK,87.55597014925372,Critical,A;M;V,1
2026-06-22 16:20:00+03:00,15,OK,87.55597014925372,Critical,A;M;V,1
2026-06-22 16:25:00+03:00,15,OK,87.55597014925372,Critical,A;M;V,1
2026-06-22 16:30:00+03:00,15,PARTIAL,12.444029850746269,Favorable,A;V,1
2026-06-22 16:35:00+03:00,15,OK,87.55597014925372,Critical,A;M;V,1
2026-06-22 16:40:00+03:00,15,OK,87.55597014925372,Critical,A;M;V,1
2026-06-22 16:45:00+03:00,15,OK,87.55597014925372,Critical,A;M;V,1
2026-06-22 16:50:00+03:00,15,OK,87.55597014925372,Critical,A;M;V,1
2026-06-22 16:55:00+03:00,15,OK,87.55597014925372,Critical,A;M;V,1
2026-06-22 17:00:00+03:00,15,OK,87.55597014925372,Critical,A;M;V,1
2026-06-22 17:05:00+03:00,15,OK,87.55597014925372,Critical,A;M;V,1
2026-06-22 17:10:00+03:00,15,OK,87.55597014925372,Critical,A;M;V,1
2026-06-22 17:15:00+03:00,15,OK,87.55597014925372,Critical,A;M;V,1
2026-06-22 17:20:00+03:00,15,OK,87.55597014925372,Critical,A;M;V,1
2026-06-22 17:25:00+03:00,15,OK,87.55597014925372,Critical,A;M;V,1
2026-06-22 17:30:00+03:00,15,OK,87.55597014925372,Critical,A;M;V,1
2026-06-22 17:35:00+03:00,15,OK,87.55597014925372,Critical,A;M;V,1
2026-06-22 17:40:00+03:00,15,OK,87.55597014925372,Critical,A;M;V,1
2026-06-22 17:45:00+03:00,15,PARTIAL,12.444029850746269,Favorable,A;V,1
2026-06-22 17:50:00+03:00,15,OK,87.55597014925372,Critical,A;M;V,1
2026-06-22 17:55:00+03:00,15,OK,87.55597014925372,Critical,A;M;V,1
2026-06-22 18:00:00+03:00,15,OK,87.55597014925372,Critical,A;M;V,1
2026-06-22 18:05:00+03:00,15,OK,87.55597014925372,Critical,A;M;V,1
2026-06-22 18:10:00+03:00,15,OK,87.55597014925372,Critical,A;M;V,1
2026-06-22 18:15:00+03:00,15,OK,87.55597014925372,Critical,A;M;V,1
2026-06-22 18:20:00+03:00,15,OK,87.55597014925372,Critical,A;M;V,1
2026-06-22 18:25:00+03:00,15,OK,87.55597014925372,Critical,A;M;V,1
2026-06-22 18:30:00+03:00,15,OK,87.55597014925372,Critical,A;M;V,1
2026-06-22 18:35:00+03:00,15,OK,87.55597014925372,Critical,A;M;V,1
2026-06-22 18:40:00+03:00,15,OK,87.55597014925372,Critical,A;M;V,1
2026-06-22 18:45:00+03:00,15,OK,87.55597014925372,Critical,A;M;V,1
2026-06-22 18:50:00+03:00,15,OK,87.55597014925372,Critical,A;M;V,1
2026-06-22 18:55:00+03:00,15,OK,87.55597014925372,Critical,A;M;V,1
2026-06-22 19:00:00+03:00,15,OK,87.55597014925372,Critical,A;M;V,1
2026-06-22 19:05:00+03:00,15,OK,87.55597014925372,Critical,A;M;V,1
2026-06-22 19:10:00+03:00,15,OK,87.55597014925372,Critical,A;M;V,1
2026-06-22 19:15:00+03:00,15,OK,87.55597014925372,Critical,A;M;V,1
2026-06-22 19:20:00+03:00,15,OK,87.55597014925372,Critical,A;M;V,1
2026-06-22 19:25:00+03:00,15,OK,87.55597014925372,Critical,A;M;V,1
2026-06-22 19:30:00+03:00,15,OK,87.55597014925372,Critical,A;M;V,1
2026-06-22 19:35:00+03:00,15,OK,87.55597014925372,Critical,A;M;V,1
2026-06-22 19:40:00+03:00,15,OK,87.55597014925372,Critical,A;M;V,1
2026-06-22 19:45:00+03:00,15,OK,87.55597014925372,Critical,A;M;V,1
2026-06-22 19:50:00+03:00,15,OK,87.55597014925372,Critical,A;M;V,1
2026-06-22 19:55:00+03:00,15,OK,87.55597014925372,Critical,A;M;V,1
2026-06-22 20:00:00+03:00,15,OK,87.55597014925372,Critical,A;M;V,1
2026-06-22 20:05:00+03:00,15,OK,87.55597014925372,Critical,A;M;V,1
2026-06-22 20:10:00+03:00,15,OK,87.55597014925372,Critical,A;M;V,1
2026-06-22 20:15:00+03:00,15,OK,87.55597014925372,Critical,A;M;V,1
2026-06-22 20:20:00+03:00,15,OK,87.493922622673,Critical,M,1
2026-06-22 20:25:00+03:00,15,OK,87.38870771097218,Critical,M,1
2026-06-22 20:30:00+03:00,15,OK,87.353924541014,Critical,M,1
2026-06-22 20:35:00+03:00,15,OK,87.42713151900814,Critical,M,1
2026-06-22 20:40:00+03:00,15,OK,87.48721845066576,Critical,M,1
2026-06-22 20:45:00+03:00,15,OK,87.55597014925372,Critical,A;M;V,1
2026-06-22 20:50:00+03:00,15,OK,87.55597014925372,Critical,A;M;V,1
2026-06-22 20:55:00+03:00,15,OK,87.55597014925372,Critical,A;M;V,1
2026-06-22 21:00:00+03:00,15,OK,87.55597014925372,Critical,A;M;V,1
2026-06-22 21:05:00+03:00,15,OK,87.55597014925372,Critical,A;M;V,1
2026-06-22 21:10:00+03:00,15,OK,87.55597014925372,Critical,A;M;V,1
2026-06-22 21:15:00+03:00,15,OK,87.55597014925372,Critical,A;M;V,1
2026-06-22 21:20:00+03:00,15,OK,87.55597014925372,Critical,A;M;V,1
2026-06-22 21:25:00+03:00,15,OK,86.64758525174575,Critical,M,2
2026-06-22 21:30:00+03:00,15,OK,85.33201826212115,Critical,M,2
2026-06-22 21:35:00+03:00,15,OK,86.78721451200275,Critical,M,2
2026-06-22 21:40:00+03:00,15,OK,87.55597014925372,Critical,A;M;V,1
2026-06-22 21:45:00+03:00,15,OK,87.5411129589315,Critical,A,2
2026-06-22 21:50:00+03:00,15,OK,87.52670889632913,Critical,A,2
2026-06-22 21:55:00+03:00,15,OK,87.48346515380443,Critical,A,2
2026-06-22 22:00:00+03:00,15,OK,87.46799706627588,Critical,A,2
2026-06-22 22:05:00+03:00,15,OK,87.55597014925372,Critical,A;M;V,1
2026-06-22 22:10:00+03:00,15,OK,87.55597014925372,Critical,A;M;V,1
2026-06-22 22:15:00+03:00,15,OK,87.5129353535226,Critical,A,2
2026-06-22 22:20:00+03:00,15,OK,87.32376501209251,Critical,A,2
2026-06-22 22:25:00+03:00,15,OK,87.34283533394222,Critical,A,2
2026-06-22 22:30:00+03:00,15,OK,87.36391497842219,Critical,A,2
2026-06-22 22:35:00+03:00,15,OK,87.43683140117157,Critical,A,2
2026-06-22 22:40:00+03:00,15,OK,87.44587537078527,Critical,A,4
2026-06-22 22:45:00+03:00,15,OK,87.47161878065874,Critical,V,4
2026-06-22 22:50:00+03:00,15,OK,87.339472880559,Critical,A,4
2026-06-22 22:55:00+03:00,15,OK,87.36618751868758,Critical,A,4
2026-06-22 23:00:00+03:00,15,OK,87.32435768032923,Critical,A,4
2026-06-22 23:05:00+03:00,15,OK,87.38973285422482,Critical,V,2
2026-06-22 23:10:00+03:00,15,OK,87.41181283379514,Critical,V,2
2026-06-22 23:15:00+03:00,15,OK,87.54783651072404,Critical,A,1
2026-06-22 23:20:00+03:00,15,OK,87.55597014925372,Critical,A;M;V,1
2026-06-22 23:25:00+03:00,15,OK,87.55597014925372,Critical,A;M;V,1
2026-06-22 23:30:00+03:00,15,OK,87.55597014925372,Critical,A;M;V,1
2026-06-22 23:35:00+03:00,15,OK,87.55597014925372,Critical,A;M;V,1
2026-06-22 23:40:00+03:00,15,OK,87.55597014925372,Critical,A;M;V,1
2026-06-22 23:45:00+03:00,15,PARTIAL,56.40106297895417,Degraded,A,2
2026-06-22 23:50:00+03:00,15,PARTIAL,41.353526721570454,Acceptable,A,2
2026-06-22 23:55:00+03:00,15,OK,87.5382919304102,Critical,A,2
2026-06-23 00:00:00+03:00,15,OK,87.55597014925372,Critical,A;M;V,1
2026-06-23 00:05:00+03:00,15,PARTIAL,37.5,Acceptable,A;V,1
2026-06-23 00:10:00+03:00,15,PARTIAL,37.5,Acceptable,A;V,1
2026-06-23 00:15:00+03:00,15,PARTIAL,37.5,Acceptable,A;V,1
2026-06-23 00:20:00+03:00,15,PARTIAL,37.5,Acceptable,A;V,1
2026-06-23 00:25:00+03:00,15,OK,87.55597014925372,Critical,A;M;V,1
2026-06-23 00:30:00+03:00,15,OK,87.55597014925372,Critical,A;M;V,1
2026-06-23 00:35:00+03:00,15,OK,87.55597014925372,Critical,A;M;V,1
2026-06-23 00:40:00+03:00,15,OK,87.55597014925372,Critical,A;M;V,1
2026-06-23 00:45:00+03:00,15,OK,87.55597014925372,Critical,A;M;V,1
2026-06-23 00:50:00+03:00,15,OK,87.55597014925372,Critical,A;M;V,1
2026-06-23 00:55:00+03:00,15,OK,87.55597014925372,Critical,A;M;V,1
2026-06-23 01:00:00+03:00,15,OK,87.55597014925372,Critical,A;M;V,1
2026-06-23 01:05:00+03:00,15,OK,87.55597014925372,Critical,A;M;V,1
2026-06-23 01:10:00+03:00,15,OK,87.55597014925372,Critical,A;M;V,1
2026-06-23 01:15:00+03:00,15,OK,87.53377651549846,Critical,A,2
2026-06-23 01:20:00+03:00,15,OK,87.40898853087958,Critical,V,4
2026-06-23 01:25:00+03:00,15,OK,87.3661688684664,Critical,V,4
2026-06-23 01:30:00+03:00,15,OK,87.48293332799621,Critical,A,4
2026-06-23 01:35:00+03:00,15,OK,87.43118815346277,Critical,A,2
2026-06-23 01:40:00+03:00,15,OK,87.4166586856665,Critical,A,2
2026-06-23 01:45:00+03:00,15,OK,87.39560542646869,Critical,A,2
2026-06-23 01:50:00+03:00,15,OK,87.37105572615181,Critical,A,2
2026-06-23 01:55:00+03:00,15,OK,87.36099059739348,Critical,A,2
2026-06-23 02:00:00+03:00,15,OK,87.34049607450346,Critical,A,2
2026-06-23 02:05:00+03:00,15,OK,87.33758500309818,Critical,A,2
2026-06-23 02:10:00+03:00,15,OK,87.31372419081974,Critical,A,2
2026-06-23 02:15:00+03:00,15,OK,87.32052073104332,Critical,A,2
2026-06-23 02:20:00+03:00,15,OK,87.33432029258891,Critical,A,2
2026-06-23 02:25:00+03:00,15,OK,87.35302504870944,Critical,A,2
2026-06-23 02:30:00+03:00,15,OK,87.36757249837629,Critical,A,2
2026-06-23 02:35:00+03:00,15,OK,87.35950351313795,Critical,A,2
2026-06-23 02:40:00+03:00,15,OK,87.3550669445341,Critical,A,2
2026-06-23 02:45:00+03:00,15,PARTIAL,27.021202190429033,Acceptable,A,2
2026-06-23 02:50:00+03:00,15,OK,87.35676653150605,Critical,A,2
2026-06-23 02:55:00+03:00,15,OK,87.37191047957346,Critical,A,2
2026-06-23 03:00:00+03:00,15,OK,87.37650908228045,Critical,A,2
2026-06-23 03:05:00+03:00,15,OK,87.37369312794898,Critical,A,2
2026-06-23 03:10:00+03:00,15,OK,86.59015324174304,Critical,A,4
2026-06-23 03:15:00+03:00,15,OK,86.18991478592018,Critical,A,4
2026-06-23 03:20:00+03:00,15,OK,85.35176187634482,Critical,A,4
2026-06-23 03:25:00+03:00,15,OK,83.7922331025368,Critical,A,4
2026-06-23 03:30:00+03:00,15,OK,81.38939249125552,Critical,A,4
2026-06-23 03:35:00+03:00,15,OK,79.92499358626236,Critical,A,4
2026-06-23 03:40:00+03:00,15,OK,79.06831474218231,Critical,A,4
2026-06-23 03:45:00+03:00,15,OK,78.35365586836578,Critical,A,4
2026-06-23 03:50:00+03:00,15,OK,77.67951358178226,Critical,A,4
2026-06-23 03:55:00+03:00,15,OK,77.2449005398103,Critical,A,4
2026-06-23 04:00:00+03:00,15,OK,77.39067057889059,Critical,A,4
2026-06-23 04:05:00+03:00,15,OK,77.26938513797776,Critical,A,4
2026-06-23 04:10:00+03:00,15,OK,76.49921810699591,Critical,M,4
2026-06-23 04:15:00+03:00,15,OK,75.52662551440311,Critical,M,4
2026-06-23 04:20:00+03:00,15,OK,74.05424029664984,Degraded,M,4
2026-06-23 04:25:00+03:00,15,OK,72.41418939626108,Degraded,M,4
2026-06-23 04:30:00+03:00,15,OK,71.44311209434649,Degraded,M,4
2026-06-23 04:35:00+03:00,15,OK,70.73900242466247,Degraded,M,4
2026-06-23 04:40:00+03:00,15,OK,70.10790033038433,Degraded,M,4
2026-06-23 04:45:00+03:00,15,OK,69.55002971817288,Degraded,M,4
2026-06-23 04:50:00+03:00,15,OK,69.09567545317626,Degraded,A,4
2026-06-23 04:55:00+03:00,15,OK,69.19632596810915,Degraded,A,4
2026-06-23 05:00:00+03:00,15,OK,69.1688961771193,Degraded,A,4
2026-06-23 05:05:00+03:00,15,OK,68.72522240888988,Degraded,A,4
2026-06-23 05:10:00+03:00,15,OK,68.27973231629801,Degraded,A,4
2026-06-23 05:15:00+03:00,15,OK,67.89570386701644,Degraded,A,4
2026-06-23 05:20:00+03:00,15,OK,67.46058658675152,Degraded,A,4
2026-06-23 05:25:00+03:00,15,OK,66.79287646621151,Degraded,A,4
2026-06-23 05:30:00+03:00,15,OK,66.25729023227062,Degraded,A,4
2026-06-23 05:35:00+03:00,15,OK,65.64457362342262,Degraded,A,4
2026-06-23 05:40:00+03:00,15,OK,64.73121615605979,Degraded,A,4
2026-06-23 05:45:00+03:00,15,OK,63.81943775103342,Degraded,A,4
2026-06-23 05:50:00+03:00,15,OK,63.17986314613756,Degraded,A,4
2026-06-23 05:55:00+03:00,15,OK,62.499999999999986,Degraded,A,2
2026-06-23 06:00:00+03:00,15,OK,62.50000000000001,Degraded,A,2
2026-06-23 06:05:00+03:00,15,OK,62.500000000000014,Degraded,A,2
2026-06-23 06:10:00+03:00,15,OK,62.500000000000014,Degraded,A,2
2026-06-23 06:15:00+03:00,15,OK,62.500000000000014,Degraded,A,2
2026-06-23 06:20:00+03:00,15,OK,62.5,Degraded,A,2
2026-06-23 06:25:00+03:00,15,OK,62.5,Degraded,A,2
2026-06-23 06:30:00+03:00,15,OK,62.49999999999998,Degraded,A,2
2026-06-23 06:35:00+03:00,15,OK,62.50000000000002,Degraded,A,2
2026-06-23 06:40:00+03:00,15,OK,62.499999999999986,Degraded,A,2
2026-06-23 06:45:00+03:00,15,OK,62.50000000000002,Degraded,A,2
2026-06-23 06:50:00+03:00,15,OK,62.5,Degraded,A,2
2026-06-23 06:55:00+03:00,15,OK,62.500000000000014,Degraded,A,2
2026-06-23 07:00:00+03:00,15,OK,62.5,Degraded,A,2
2026-06-23 07:05:00+03:00,15,OK,62.5,Degraded,A,2
2026-06-23 07:10:00+03:00,15,OK,62.50000000000003,Degraded,A,2
2026-06-23 07:15:00+03:00,15,OK,62.5,Degraded,A,2
2026-06-23 07:20:00+03:00,15,OK,62.50000000000001,Degraded,A,2
2026-06-23 07:25:00+03:00,15,OK,62.5,Degraded,A,2
2026-06-23 07:30:00+03:00,15,OK,62.49999999999999,Degraded,A,2
2026-06-23 07:35:00+03:00,15,OK,62.5,Degraded,A,2
2026-06-23 07:40:00+03:00,15,OK,62.50000000000001,Degraded,A,2
2026-06-23 07:45:00+03:00,15,OK,62.49999999999999,Degraded,A,2
2026-06-23 07:50:00+03:00,15,OK,62.500000000000014,Degraded,A,2
2026-06-23 07:55:00+03:00,15,OK,62.5,Degraded,A,2
2026-06-23 08:00:00+03:00,15,OK,62.500000000000014,Degraded,A,2
2026-06-23 08:05:00+03:00,15,OK,62.500000000000014,Degraded,A,2
2026-06-23 08:10:00+03:00,15,OK,62.50000000000002,Degraded,A,2
2026-06-23 08:15:00+03:00,15,OK,62.5,Degraded,A,2
2026-06-23 08:20:00+03:00,15,OK,63.21550481206066,Degraded,A,4
2026-06-23 08:25:00+03:00,15,OK,64.26721783950931,Degraded,A,4
2026-06-23 08:30:00+03:00,15,OK,65.19596953424332,Degraded,A,4
2026-06-23 08:35:00+03:00,15,OK,65.77193290760476,Degraded,A,4
2026-06-23 08:40:00+03:00,15,OK,66.26412300345392,Degraded,A,4
2026-06-23 08:45:00+03:00,15,OK,66.79735776983652,Degraded,A,4
2026-06-23 08:50:00+03:00,15,OK,67.33207472306702,Degraded,A,8
2026-06-23 08:55:00+03:00,15,OK,68.8449460125968,Degraded,V,8
2026-06-23 09:00:00+03:00,15,OK,68.90026912252065,Degraded,V,8
2026-06-23 09:05:00+03:00,15,OK,68.148309805757,Degraded,V,8
2026-06-23 09:10:00+03:00,15,OK,68.70406490901665,Degraded,M,8
2026-06-23 09:15:00+03:00,15,OK,69.26269507059713,Degraded,M,8
2026-06-23 09:20:00+03:00,15,OK,69.55002971817308,Degraded,M,4
2026-06-23 09:25:00+03:00,15,OK,69.59927374965737,Degraded,M,4
2026-06-23 09:30:00+03:00,15,OK,70.0094889703815,Degraded,M,4
2026-06-23 09:35:00+03:00,15,OK,70.74719433787392,Degraded,M,4
2026-06-23 09:40:00+03:00,15,OK,71.47584194649116,Degraded,M,4
2026-06-23 09:45:00+03:00,15,OK,72.05127465682304,Degraded,M,4
2026-06-23 09:50:00+03:00,15,OK,72.5131478790396,Degraded,M,4
2026-06-23 09:55:00+03:00,15,OK,72.66981613891693,Degraded,M,4
2026-06-23 10:00:00+03:00,15,OK,73.16442925383012,Degraded,M,4
2026-06-23 10:05:00+03:00,15,OK,73.81537172009273,Degraded,M,4
2026-06-23 10:10:00+03:00,15,OK,74.581237118154,Degraded,M,4
2026-06-23 10:15:00+03:00,15,OK,75.27724279835377,Critical,M,4
2026-06-23 10:20:00+03:00,15,OK,75.85913580246935,Critical,M,4
2026-06-23 10:25:00+03:00,15,OK,77.3304938271603,Critical,M,4
2026-06-23 10:30:00+03:00,15,OK,79.19021739130409,Critical,M,4
2026-06-23 10:35:00+03:00,15,OK,82.44133776814292,Critical,M,4
2026-06-23 10:40:00+03:00,15,OK,86.11207636207631,Critical,V,4
2026-06-23 10:45:00+03:00,15,OK,87.45865359252069,Critical,A,2
2026-06-23 10:50:00+03:00,15,OK,87.47366001133769,Critical,A,1
2026-06-23 10:55:00+03:00,15,OK,87.55597014925372,Critical,A;M;V,1
2026-06-23 11:00:00+03:00,15,OK,87.3269754707039,Critical,A,2
2026-06-23 11:05:00+03:00,15,OK,87.53874262690334,Critical,A,1
2026-06-23 11:10:00+03:00,15,OK,87.53099693195156,Critical,A,2
2026-06-23 11:15:00+03:00,15,OK,87.46160324480451,Critical,A,4
2026-06-23 11:20:00+03:00,15,OK,87.55597014925372,Critical,A;M;V,1
2026-06-23 11:25:00+03:00,15,OK,87.55597014925372,Critical,A;M;V,1
2026-06-23 11:30:00+03:00,15,OK,87.55597014925372,Critical,A;M;V,1
2026-06-23 11:35:00+03:00,15,OK,87.55597014925372,Critical,A;M;V,1
2026-06-23 11:40:00+03:00,15,OK,87.55597014925372,Critical,A;M;V,1
2026-06-23 11:45:00+03:00,15,OK,87.55597014925372,Critical,A;M;V,1
2026-06-23 11:50:00+03:00,15,OK,87.39756275390312,Critical,A,2
2026-06-23 11:55:00+03:00,15,OK,87.3844940410187,Critical,M,1
2026-06-23 12:00:00+03:00,15,OK,87.5338020095876,Critical,M,1
2026-06-23 12:05:00+03:00,15,OK,87.42318330664472,Critical,M,1
2026-06-23 12:10:00+03:00,15,OK,87.33574638042936,Critical,M,1
2026-06-23 12:15:00+03:00,15,OK,87.41610977824834,Critical,M,1
2026-06-23 12:20:00+03:00,15,OK,87.48198962759855,Critical,M,1
2026-06-23 12:25:00+03:00,15,OK,87.54941535064069,Critical,M,1
2026-06-23 12:30:00+03:00,15,OK,87.55597014925372,Critical,A;M;V,1
2026-06-23 12:35:00+03:00,15,OK,87.55597014925372,Critical,A;M;V,1
2026-06-23 12:40:00+03:00,15,OK,87.55597014925372,Critical,A;M;V,1
2026-06-23 12:45:00+03:00,15,OK,87.55597014925372,Critical,A;M;V,1
2026-06-23 12:50:00+03:00,15,OK,87.55597014925372,Critical,A;M;V,1
2026-06-23 12:55:00+03:00,15,OK,87.53277541619825,Critical,A,2
2026-06-23 13:00:00+03:00,15,OK,87.43874219896584,Critical,A,2
2026-06-23 13:05:00+03:00,15,OK,87.37871636116711,Critical,A,2
2026-06-23 13:10:00+03:00,15,OK,87.34990428879662,Critical,A,2
2026-06-23 13:15:00+03:00,15,OK,87.39146978100965,Critical,A,2
2026-06-23 13:20:00+03:00,15,OK,87.38140817073361,Critical,A,2
2026-06-23 13:25:00+03:00,15,OK,87.32430198336083,Critical,A,2
2026-06-23 13:30:00+03:00,15,OK,87.401984544934,Critical,A,2
2026-06-23 13:35:00+03:00,15,OK,87.43080928585549,Critical,A,2
2026-06-23 13:40:00+03:00,15,OK,87.36023560501903,Critical,A,2
2026-06-23 13:45:00+03:00,15,OK,87.344812942978,Critical,A,2
2026-06-23 13:50:00+03:00,15,OK,87.34285110183232,Critical,A,2
2026-06-23 13:55:00+03:00,15,OK,87.36476527062385,Critical,A,2
2026-06-23 14:00:00+03:00,15,OK,87.41180735035408,Critical,A,2
2026-06-23 14:05:00+03:00,15,OK,87.38842412744464,Critical,A,2
2026-06-23 14:10:00+03:00,15,OK,87.35785563288877,Critical,A,2
2026-06-23 14:15:00+03:00,15,OK,87.42381714553991,Critical,A,2
2026-06-23 14:20:00+03:00,15,OK,87.42959627903963,Critical,A,2
2026-06-23 14:25:00+03:00,15,OK,87.42242718354085,Critical,M,2
2026-06-23 14:30:00+03:00,15,OK,87.31332709315086,Critical,M,2
2026-06-23 14:35:00+03:00,15,OK,87.44113186727044,Critical,M,2
2026-06-23 14:40:00+03:00,15,OK,87.5493638582914,Critical,M,1
2026-06-23 14:45:00+03:00,15,OK,87.55597014925372,Critical,A;M;V,1
2026-06-23 14:50:00+03:00,15,OK,87.55597014925372,Critical,A;M;V,1
2026-06-23 14:55:00+03:00,15,OK,87.55597014925372,Critical,A;M;V,1
2026-06-23 15:00:00+03:00,15,OK,87.55597014925372,Critical,A;M;V,1
2026-06-23 15:05:00+03:00,15,OK,87.55597014925372,Critical,A;M;V,1
2026-06-23 15:10:00+03:00,15,OK,87.55597014925372,Critical,A;M;V,1
2026-06-23 15:15:00+03:00,15,OK,87.55597014925372,Critical,A;M;V,1
2026-06-23 15:20:00+03:00,15,OK,87.55597014925372,Critical,A;M;V,1
2026-06-23 15:25:00+03:00,15,OK,87.55597014925372,Critical,A;M;V,1
2026-06-23 15:30:00+03:00,15,OK,87.55597014925372,Critical,A;M;V,1
2026-06-23 15:35:00+03:00,15,OK,87.55597014925372,Critical,A;M;V,1
2026-06-23 15:40:00+03:00,15,OK,87.55597014925372,Critical,A;M;V,1
2026-06-23 15:45:00+03:00,15,OK,87.55597014925372,Critical,A;M;V,1
2026-06-23 15:50:00+03:00,15,OK,87.55597014925372,Critical,A;M;V,1
2026-06-23 15:55:00+03:00,15,OK,87.55597014925372,Critical,A;M;V,1
2026-06-23 16:00:00+03:00,15,OK,87.55597014925372,Critical,A;M;V,1
2026-06-23 16:05:00+03:00,15,OK,87.55597014925372,Critical,A;M;V,1
2026-06-23 16:10:00+03:00,15,OK,87.55597014925372,Critical,A;M;V,1
2026-06-23 16:15:00+03:00,15,OK,87.55597014925372,Critical,A;M;V,1
2026-06-23 16:20:00+03:00,15,OK,87.55597014925372,Critical,A;M;V,1
2026-06-23 16:25:00+03:00,15,OK,87.55597014925372,Critical,A;M;V,1
2026-06-23 16:30:00+03:00,15,OK,87.55597014925372,Critical,A;M;V,1
2026-06-23 16:35:00+03:00,15,OK,87.55597014925372,Critical,A;M;V,1
2026-06-23 16:40:00+03:00,15,PARTIAL,12.444029850746269,Favorable,A;V,1
2026-06-23 16:45:00+03:00,15,OK,87.55597014925372,Critical,A;M;V,1
2026-06-23 16:50:00+03:00,15,OK,87.55597014925372,Critical,A;M;V,1
2026-06-23 16:55:00+03:00,15,OK,87.55597014925372,Critical,A;M;V,1
2026-06-23 17:00:00+03:00,15,OK,87.55597014925372,Critical,A;M;V,1
2026-06-23 17:05:00+03:00,15,OK,87.55597014925372,Critical,A;M;V,1
2026-06-23 17:10:00+03:00,15,OK,87.55597014925372,Critical,A;M;V,1
2026-06-23 17:15:00+03:00,15,OK,87.55597014925372,Critical,A;M;V,1
2026-06-23 17:20:00+03:00,15,OK,87.55597014925372,Critical,A;M;V,1
2026-06-23 17:25:00+03:00,15,PARTIAL,12.444029850746269,Favorable,A;V,1
2026-06-23 17:30:00+03:00,15,PARTIAL,12.444029850746269,Favorable,A;V,1
2026-06-23 17:35:00+03:00,15,PARTIAL,12.444029850746269,Favorable,A;V,1
2026-06-23 17:40:00+03:00,15,PARTIAL,12.444029850746269,Favorable,A;V,1
2026-06-23 17:45:00+03:00,15,PARTIAL,12.444029850746269,Favorable,A;V,1
2026-06-23 17:50:00+03:00,15,OK,87.55597014925372,Critical,A;M;V,1
2026-06-23 17:55:00+03:00,15,OK,87.55597014925372,Critical,A;M;V,1
2026-06-23 18:00:00+03:00,15,PARTIAL,12.444029850746269,Favorable,A;V,1
2026-06-23 18:05:00+03:00,15,OK,87.55597014925372,Critical,A;M;V,1
2026-06-23 18:10:00+03:00,15,OK,87.55597014925372,Critical,A;M;V,1
2026-06-23 18:15:00+03:00,15,OK,87.55597014925372,Critical,A;M;V,1
2026-06-23 18:20:00+03:00,15,OK,87.55597014925372,Critical,A;M;V,1
2026-06-23 18:25:00+03:00,15,OK,87.55597014925372,Critical,A;M;V,1
2026-06-23 18:30:00+03:00,15,OK,87.55597014925372,Critical,A;M;V,1
2026-06-23 18:35:00+03:00,15,OK,87.55597014925372,Critical,A;M;V,1
2026-06-23 18:40:00+03:00,15,OK,87.55597014925372,Critical,A;M;V,1
2026-06-23 18:45:00+03:00,15,OK,87.55597014925372,Critical,A;M;V,1
2026-06-23 18:50:00+03:00,15,OK,87.55597014925372,Critical,A;M;V,1
2026-06-23 18:55:00+03:00,15,OK,87.55597014925372,Critical,A;M;V,1
2026-06-23 19:00:00+03:00,15,OK,87.55597014925372,Critical,A;M;V,1
2026-06-23 19:05:00+03:00,15,OK,87.55597014925372,Critical,A;M;V,1
2026-06-23 19:10:00+03:00,15,OK,87.55597014925372,Critical,A;M;V,1
2026-06-23 19:15:00+03:00,15,OK,87.55597014925372,Critical,A;M;V,1
2026-06-23 19:20:00+03:00,15,OK,87.55597014925372,Critical,A;M;V,1
2026-06-23 19:25:00+03:00,15,OK,87.55597014925372,Critical,A;M;V,1
2026-06-23 19:30:00+03:00,15,OK,87.55597014925372,Critical,A;M;V,1
2026-06-23 19:35:00+03:00,15,PARTIAL,12.444029850746269,Favorable,A;V,1
2026-06-23 19:40:00+03:00,15,OK,87.55597014925372,Critical,A;M;V,1
2026-06-23 19:45:00+03:00,15,OK,87.55597014925372,Critical,A;M;V,1
2026-06-23 19:50:00+03:00,15,OK,87.55597014925372,Critical,A;M;V,1
2026-06-23 19:55:00+03:00,15,OK,87.55597014925372,Critical,A;M;V,1
2026-06-23 20:00:00+03:00,15,OK,87.55597014925372,Critical,A;M;V,1
2026-06-23 20:05:00+03:00,15,PARTIAL,12.444029850746269,Favorable,A;V,1
2026-06-23 20:10:00+03:00,15,OK,87.55597014925372,Critical,A;M;V,1
2026-06-23 20:15:00+03:00,15,OK,87.55597014925372,Critical,A;M;V,1
2026-06-23 20:20:00+03:00,15,OK,87.55597014925372,Critical,A;M;V,1
2026-06-23 20:25:00+03:00,15,OK,87.55597014925372,Critical,A;M;V,1
2026-06-23 20:30:00+03:00,15,OK,87.55597014925372,Critical,A;M;V,1
2026-06-23 20:35:00+03:00,15,OK,87.55597014925372,Critical,A;M;V,1
2026-06-23 20:40:00+03:00,15,OK,87.55597014925372,Critical,A;M;V,1
2026-06-23 20:45:00+03:00,15,OK,87.55597014925372,Critical,A;M;V,1
2026-06-23 20:50:00+03:00,15,OK,87.55597014925372,Critical,A;M;V,1
2026-06-23 20:55:00+03:00,15,OK,87.55597014925372,Critical,A;M;V,1
2026-06-23 21:00:00+03:00,15,OK,87.55597014925372,Critical,A;M;V,1
2026-06-23 21:05:00+03:00,15,OK,87.55597014925372,Critical,A;M;V,1
2026-06-23 21:10:00+03:00,15,OK,87.55597014925372,Critical,A;M;V,1
2026-06-23 21:15:00+03:00,15,OK,87.55597014925372,Critical,A;M;V,1
2026-06-23 21:20:00+03:00,15,OK,87.55597014925372,Critical,A;M;V,1
2026-06-23 21:25:00+03:00,15,OK,87.55597014925372,Critical,A;M;V,1
2026-06-23 21:30:00+03:00,15,OK,87.55597014925372,Critical,A;M;V,1
2026-06-23 21:35:00+03:00,15,OK,87.55597014925372,Critical,A;M;V,1
2026-06-23 21:40:00+03:00,15,OK,87.55597014925372,Critical,A;M;V,1
2026-06-23 21:45:00+03:00,15,OK,87.55597014925372,Critical,A;M;V,1
2026-06-23 21:50:00+03:00,15,OK,87.55597014925372,Critical,A;M;V,1
2026-06-23 21:55:00+03:00,15,OK,87.55597014925372,Critical,A;M;V,1
2026-06-23 22:00:00+03:00,15,OK,87.55597014925372,Critical,A;M;V,1
2026-06-23 22:05:00+03:00,15,OK,87.55597014925372,Critical,A;M;V,1
2026-06-23 22:10:00+03:00,15,OK,87.55597014925372,Critical,A;M;V,1
2026-06-23 22:15:00+03:00,15,OK,87.55597014925372,Critical,A;M;V,1
2026-06-23 22:20:00+03:00,15,OK,87.55597014925372,Critical,A;M;V,1
2026-06-23 22:25:00+03:00,15,OK,87.55597014925372,Critical,A;M;V,1
2026-06-23 22:30:00+03:00,15,OK,87.55597014925372,Critical,A;M;V,1
2026-06-23 22:35:00+03:00,15,OK,87.55597014925372,Critical,A;M;V,1
2026-06-23 22:40:00+03:00,15,OK,87.55597014925372,Critical,A;M;V,1
2026-06-23 22:45:00+03:00,15,OK,87.54744220637164,Critical,V,2
2026-06-23 22:50:00+03:00,15,OK,87.55597014925372,Critical,A;M;V,1
2026-06-23 22:55:00+03:00,15,OK,87.50790941910074,Critical,V,2
2026-06-23 23:00:00+03:00,15,OK,87.35554116005584,Critical,V,2
2026-06-23 23:05:00+03:00,15,OK,87.51478462798367,Critical,A,1
2026-06-23 23:10:00+03:00,15,OK,87.46043199824354,Critical,A,1
2026-06-23 23:15:00+03:00,15,OK,87.41872742839318,Critical,A,2
2026-06-23 23:20:00+03:00,15,OK,87.38845691533321,Critical,V,2
2026-06-23 23:25:00+03:00,15,OK,87.55597014925372,Critical,A;M;V,1
2026-06-23 23:30:00+03:00,15,OK,87.55597014925372,Critical,A;M;V,1
2026-06-23 23:35:00+03:00,15,OK,87.55597014925372,Critical,A;M;V,1
2026-06-23 23:40:00+03:00,15,OK,87.55597014925372,Critical,A;M;V,1
2026-06-23 23:45:00+03:00,15,OK,87.55597014925372,Critical,A;M;V,1
2026-06-23 23:50:00+03:00,15,OK,87.51611633872582,Critical,A,1
2026-06-23 23:55:00+03:00,15,OK,87.43838071788309,Critical,A,2
2026-06-24 00:00:00+03:00,15,OK,87.55597014925372,Critical,A;M;V,1
2026-06-24 00:05:00+03:00,15,OK,87.55597014925372,Critical,A;M;V,1
2026-06-24 00:10:00+03:00,15,OK,87.55597014925372,Critical,A;M;V,1
2026-06-24 00:15:00+03:00,15,OK,87.55597014925372,Critical,A;M;V,1
2026-06-24 00:20:00+03:00,15,OK,87.55597014925372,Critical,A;M;V,1
2026-06-24 00:25:00+03:00,15,OK,87.55597014925372,Critical,A;M;V,1
2026-06-24 00:30:00+03:00,15,PARTIAL,12.444029850746269,Favorable,A;V,1
2026-06-24 00:35:00+03:00,15,OK,87.55597014925372,Critical,A;M;V,1
2026-06-24 00:40:00+03:00,15,OK,87.55597014925372,Critical,A;M;V,1
2026-06-24 00:45:00+03:00,15,PARTIAL,12.444029850746269,Favorable,A;V,1
2026-06-24 00:50:00+03:00,15,PARTIAL,12.444029850746269,Favorable,A;V,1
2026-06-24 00:55:00+03:00,15,OK,87.55597014925372,Critical,A;M;V,1
2026-06-24 01:00:00+03:00,15,OK,87.55597014925372,Critical,A;M;V,1
2026-06-24 01:05:00+03:00,15,OK,87.55597014925372,Critical,A;M;V,1
2026-06-24 01:10:00+03:00,15,OK,87.55597014925372,Critical,A;M;V,1
2026-06-24 01:15:00+03:00,15,OK,87.55597014925372,Critical,A;M;V,1
2026-06-24 01:20:00+03:00,15,OK,87.55597014925372,Critical,A;M;V,1
2026-06-24 01:25:00+03:00,15,OK,87.55597014925372,Critical,A;M;V,1
2026-06-24 01:30:00+03:00,15,OK,87.55597014925372,Critical,A;M;V,1
2026-06-24 01:35:00+03:00,15,OK,87.55597014925372,Critical,A;M;V,1
2026-06-24 01:40:00+03:00,15,OK,87.55597014925372,Critical,A;M;V,1
2026-06-24 01:45:00+03:00,15,OK,87.13648207821144,Critical,M,2
2026-06-24 01:50:00+03:00,15,OK,86.08079779607752,Critical,M,2
2026-06-24 01:55:00+03:00,15,OK,84.88857806082962,Critical,M,2
2026-06-24 02:00:00+03:00,15,OK,83.79260159674418,Critical,M,2
2026-06-24 02:05:00+03:00,15,OK,82.94559383242125,Critical,M,2
2026-06-24 02:10:00+03:00,15,PARTIAL,12.444029850746269,Favorable,A;V,1
2026-06-24 02:15:00+03:00,15,OK,81.3145924614512,Critical,M,2
2026-06-24 02:20:00+03:00,15,OK,80.24217398467789,Critical,M,2
2026-06-24 02:25:00+03:00,15,OK,79.31640644300626,Critical,M,2
2026-06-24 02:30:00+03:00,15,OK,78.59309170121558,Critical,M,2
2026-06-24 02:35:00+03:00,15,OK,77.94582021939223,Critical,M,2
2026-06-24 02:40:00+03:00,15,OK,77.52168724279848,Critical,M,2
2026-06-24 02:45:00+03:00,15,PARTIAL,12.444029850746269,Favorable,A;V,1
2026-06-24 02:50:00+03:00,15,OK,76.72366255144107,Critical,M,2
2026-06-24 02:55:00+03:00,15,OK,76.2581481481478,Critical,M,2
2026-06-24 03:00:00+03:00,15,PARTIAL,12.444029850746269,Favorable,A;V,1
2026-06-24 03:05:00+03:00,15,PARTIAL,12.444029850746269,Favorable,A;V,1
2026-06-24 03:10:00+03:00,15,PARTIAL,12.444029850746269,Favorable,A;V,1
2026-06-24 03:15:00+03:00,15,PARTIAL,12.444029850746269,Favorable,A;V,1
2026-06-24 03:20:00+03:00,15,OK,73.37870088544514,Degraded,M,2
2026-06-24 03:25:00+03:00,15,PARTIAL,12.444029850746269,Favorable,A;V,1
2026-06-24 03:30:00+03:00,15,PARTIAL,12.444029850746269,Favorable,A;V,1
2026-06-24 03:35:00+03:00,15,PARTIAL,12.444029850746269,Favorable,A;V,1
2026-06-24 03:40:00+03:00,15,PARTIAL,12.444029850746269,Favorable,A;V,1
2026-06-24 03:45:00+03:00,15,PARTIAL,12.444029850746269,Favorable,A;V,1
2026-06-24 03:50:00+03:00,15,PARTIAL,12.444029850746269,Favorable,A;V,1
2026-06-24 03:55:00+03:00,15,OK,68.63837394505346,Degraded,M,2
2026-06-24 04:00:00+03:00,15,OK,67.93631682343127,Degraded,M,2
2026-06-24 04:05:00+03:00,15,OK,67.51123563903016,Degraded,M,2
2026-06-24 04:10:00+03:00,15,PARTIAL,12.444029850746269,Favorable,A;V,1
2026-06-24 04:15:00+03:00,15,PARTIAL,12.444029850746269,Favorable,A;V,1
2026-06-24 04:20:00+03:00,15,PARTIAL,12.444029850746269,Favorable,A;V,1
2026-06-24 04:25:00+03:00,15,OK,65.12719065321319,Degraded,M,2
2026-06-24 04:30:00+03:00,15,OK,64.50525623305582,Degraded,M,2
2026-06-24 04:35:00+03:00,15,OK,63.99695738341561,Degraded,M,2
2026-06-24 04:40:00+03:00,15,PARTIAL,12.444029850746269,Favorable,A;V,1
2026-06-24 04:45:00+03:00,15,PARTIAL,12.444029850746269,Favorable,A;V,1
2026-06-24 04:50:00+03:00,15,OK,62.5,Degraded,A;M;V,1
2026-06-24 04:55:00+03:00,15,OK,62.5,Degraded,A;M;V,1
2026-06-24 05:00:00+03:00,15,OK,62.5,Degraded,A;M;V,1
2026-06-24 05:05:00+03:00,15,PARTIAL,12.444029850746269,Favorable,A;V,1
2026-06-24 05:10:00+03:00,15,PARTIAL,12.444029850746269,Favorable,A;V,1
2026-06-24 05:15:00+03:00,15,OK,62.5,Degraded,A;M;V,1
2026-06-24 05:20:00+03:00,15,OK,62.5,Degraded,A;M;V,1
2026-06-24 05:25:00+03:00,15,OK,62.5,Degraded,A;M;V,1
2026-06-24 05:30:00+03:00,15,OK,62.5,Degraded,A;M;V,1
2026-06-24 05:35:00+03:00,15,OK,62.5,Degraded,A;M;V,1
2026-06-24 05:40:00+03:00,15,OK,62.5,Degraded,A;M;V,1
2026-06-24 05:45:00+03:00,15,OK,62.5,Degraded,A;M;V,1
2026-06-24 05:50:00+03:00,15,OK,62.5,Degraded,A;M;V,1
2026-06-24 05:55:00+03:00,15,OK,62.5,Degraded,A;M;V,1
2026-06-24 06:00:00+03:00,15,OK,62.5,Degraded,A;M;V,1
2026-06-24 06:05:00+03:00,15,PARTIAL,12.444029850746269,Favorable,A;V,1
2026-06-24 06:10:00+03:00,15,PARTIAL,12.444029850746269,Favorable,A;V,1
2026-06-24 06:15:00+03:00,15,OK,62.5,Degraded,A;M;V,1
2026-06-24 06:20:00+03:00,15,PARTIAL,12.444029850746269,Favorable,A;V,1
2026-06-24 06:25:00+03:00,15,PARTIAL,12.444029850746269,Favorable,A;V,1
2026-06-24 06:30:00+03:00,15,OK,62.5,Degraded,A;M;V,1
2026-06-24 06:35:00+03:00,15,OK,62.5,Degraded,A;M;V,1
2026-06-24 06:40:00+03:00,15,OK,62.5,Degraded,A;M;V,1
2026-06-24 06:45:00+03:00,15,PARTIAL,12.444029850746269,Favorable,A;V,1
2026-06-24 06:50:00+03:00,15,PARTIAL,12.444029850746269,Favorable,A;V,1
2026-06-24 06:55:00+03:00,15,PARTIAL,12.444029850746269,Favorable,A;V,1
2026-06-24 07:00:00+03:00,15,OK,62.5,Degraded,A;M;V,1
2026-06-24 07:05:00+03:00,15,OK,62.5,Degraded,A;M;V,1
2026-06-24 07:10:00+03:00,15,PARTIAL,12.444029850746269,Favorable,A;V,1
2026-06-24 07:15:00+03:00,15,PARTIAL,12.444029850746269,Favorable,A;V,1
2026-06-24 07:20:00+03:00,15,PARTIAL,12.444029850746269,Favorable,A;V,1
2026-06-24 07:25:00+03:00,15,PARTIAL,12.444029850746269,Favorable,A;V,1
2026-06-24 07:30:00+03:00,15,OK,62.5,Degraded,A;M;V,1
2026-06-24 07:35:00+03:00,15,OK,62.5,Degraded,A;M;V,1
2026-06-24 07:40:00+03:00,15,OK,62.83786030303414,Degraded,M,2
2026-06-24 07:45:00+03:00,15,OK,64.97866261746974,Degraded,V,4
2026-06-24 07:50:00+03:00,15,OK,66.11847940655885,Degraded,M,4
2026-06-24 07:55:00+03:00,15,OK,67.20850670479976,Degraded,M,4
2026-06-24 08:00:00+03:00,15,OK,67.98465954453887,Degraded,V,4
2026-06-24 08:05:00+03:00,15,OK,70.71936027778968,Degraded,V,4
2026-06-24 08:10:00+03:00,15,OK,69.25448355698792,Degraded,M,4
2026-06-24 08:15:00+03:00,15,OK,68.6057466706322,Degraded,M,2
2026-06-24 08:20:00+03:00,15,OK,67.17576592680862,Degraded,M,2
2026-06-24 08:25:00+03:00,15,OK,65.46218700654171,Degraded,M,2
2026-06-24 08:30:00+03:00,15,OK,63.331625078228214,Degraded,M,2
2026-06-24 08:35:00+03:00,15,OK,62.5,Degraded,A;M;V,1
2026-06-24 08:40:00+03:00,15,OK,62.5,Degraded,A;M;V,1
2026-06-24 08:45:00+03:00,15,OK,63.80818165489174,Degraded,M,2
2026-06-24 08:50:00+03:00,15,OK,66.49580732583246,Degraded,M,2
2026-06-24 08:55:00+03:00,15,OK,68.58127451660759,Degraded,M,2
2026-06-24 09:00:00+03:00,15,OK,70.80453470382757,Degraded,M,2
2026-06-24 09:05:00+03:00,15,OK,73.1644292538296,Degraded,M,2
2026-06-24 09:10:00+03:00,15,OK,75.67625514403238,Critical,M,2
2026-06-24 09:15:00+03:00,15,OK,77.80432098765408,Critical,M,2
2026-06-24 09:20:00+03:00,15,OK,79.6108960632516,Critical,M,2
2026-06-24 09:25:00+03:00,15,OK,80.45266930301518,Critical,M,2
2026-06-24 09:30:00+03:00,15,OK,80.72215392626656,Critical,M,2
2026-06-24 09:35:00+03:00,15,OK,80.14114855001984,Critical,M,2
2026-06-24 09:40:00+03:00,15,OK,78.3576822775181,Critical,M,2
2026-06-24 09:45:00+03:00,15,OK,76.23320987654292,Critical,M,2
2026-06-24 09:50:00+03:00,15,OK,75.29386831275743,Critical,M,2
2026-06-24 09:55:00+03:00,15,OK,75.02786008230478,Critical,M,2
2026-06-24 10:00:00+03:00,15,OK,75.93395061728381,Critical,M,2
2026-06-24 10:05:00+03:00,15,OK,77.07279835390905,Critical,M,2
2026-06-24 10:10:00+03:00,15,OK,79.63614119065583,Critical,M,2
2026-06-24 10:15:00+03:00,15,OK,79.6950484285432,Critical,M,2
2026-06-24 10:20:00+03:00,15,OK,79.02198471773902,Critical,M,2
2026-06-24 10:25:00+03:00,15,OK,78.25680581210405,Critical,M,2
2026-06-24 10:30:00+03:00,15,OK,79.77079029819049,Critical,M,2
2026-06-24 10:35:00+03:00,15,OK,80.34320740914066,Critical,M,2
2026-06-24 10:40:00+03:00,15,OK,80.84849441172291,Critical,M,2
2026-06-24 10:45:00+03:00,15,OK,78.83695437390088,Critical,M,2
2026-06-24 10:50:00+03:00,15,OK,77.6546913580248,Critical,M,2
2026-06-24 10:55:00+03:00,15,OK,76.26646090534953,Critical,M,2
2026-06-24 11:00:00+03:00,15,OK,75.82588477366274,Critical,M,2
2026-06-24 11:05:00+03:00,15,OK,74.86160493827165,Degraded,M,2
2026-06-24 11:10:00+03:00,15,OK,73.46110327880724,Degraded,M,2
2026-06-24 11:15:00+03:00,15,OK,74.02129561935631,Degraded,M,2
2026-06-24 11:20:00+03:00,15,OK,74.23542050843028,Degraded,M,2
2026-06-24 11:25:00+03:00,15,OK,74.26012486704862,Degraded,M,2
2026-06-24 11:30:00+03:00,15,OK,72.85944094651629,Degraded,M,2
2026-06-24 11:35:00+03:00,15,OK,71.86152733097767,Degraded,M,2
2026-06-24 11:40:00+03:00,15,OK,70.94376783152184,Degraded,M,2
2026-06-24 11:45:00+03:00,15,OK,70.32107146746424,Degraded,M,2
2026-06-24 11:50:00+03:00,15,OK,71.58220204324464,Degraded,M,2
2026-06-24 11:55:00+03:00,15,OK,73.49406271616304,Degraded,M,2
2026-06-24 12:00:00+03:00,15,OK,76.33296296296314,Critical,M,2
2026-06-24 12:05:00+03:00,15,OK,78.10550605967832,Critical,M,2
2026-06-24 12:10:00+03:00,15,OK,80.29268969812415,Critical,M,2
2026-06-24 12:15:00+03:00,15,OK,82.39007948684977,Critical,M,2
2026-06-24 12:20:00+03:00,15,OK,85.47122928227064,Critical,M,2
2026-06-24 12:25:00+03:00,15,OK,87.55597014925372,Critical,A;M;V,1
2026-06-24 12:30:00+03:00,15,OK,87.55597014925372,Critical,A;M;V,1
2026-06-24 12:35:00+03:00,15,OK,87.55597014925372,Critical,A;M;V,1
2026-06-24 12:40:00+03:00,15,OK,87.55597014925372,Critical,A;M;V,1
2026-06-24 12:45:00+03:00,15,OK,87.55597014925372,Critical,A;M;V,1
2026-06-24 12:50:00+03:00,15,OK,87.55597014925372,Critical,A;M;V,1
2026-06-24 12:55:00+03:00,15,OK,87.55597014925372,Critical,A;M;V,1
2026-06-24 13:00:00+03:00,15,OK,87.55597014925372,Critical,A;M;V,1
2026-06-24 13:05:00+03:00,15,OK,87.55597014925372,Critical,A;M;V,1
2026-06-24 13:10:00+03:00,15,OK,87.55597014925372,Critical,A;M;V,1
2026-06-24 13:15:00+03:00,15,OK,87.55597014925372,Critical,A;M;V,1
2026-06-24 13:20:00+03:00,15,OK,87.55597014925372,Critical,A;M;V,1
2026-06-24 13:25:00+03:00,15,OK,87.55597014925372,Critical,A;M;V,1
2026-06-24 13:30:00+03:00,15,OK,87.55597014925372,Critical,A;M;V,1
2026-06-24 13:35:00+03:00,15,OK,87.55597014925372,Critical,A;M;V,1
2026-06-24 13:40:00+03:00,15,OK,87.55597014925372,Critical,A;M;V,1
2026-06-24 13:45:00+03:00,15,OK,87.55597014925372,Critical,A;M;V,1
2026-06-24 13:50:00+03:00,15,OK,87.55597014925372,Critical,A;M;V,1
2026-06-24 13:55:00+03:00,15,OK,87.55597014925372,Critical,A;M;V,1
2026-06-24 14:00:00+03:00,15,OK,87.55597014925372,Critical,A;M;V,1
2026-06-24 14:05:00+03:00,15,OK,87.55597014925372,Critical,A;M;V,1
2026-06-24 14:10:00+03:00,15,OK,87.55597014925372,Critical,A;M;V,1
2026-06-24 14:15:00+03:00,15,OK,87.55597014925372,Critical,A;M;V,1
2026-06-24 14:20:00+03:00,15,OK,87.55597014925372,Critical,A;M;V,1
2026-06-24 14:25:00+03:00,15,OK,87.55597014925372,Critical,A;M;V,1
2026-06-24 14:30:00+03:00,15,OK,87.55597014925372,Critical,A;M;V,1
2026-06-24 14:35:00+03:00,15,OK,87.55597014925372,Critical,A;M;V,1
2026-06-24 14:40:00+03:00,15,OK,87.55597014925372,Critical,A;M;V,1
2026-06-24 14:45:00+03:00,15,OK,87.55597014925372,Critical,A;M;V,1
2026-06-24 14:50:00+03:00,15,OK,87.55597014925372,Critical,A;M;V,1
2026-06-24 14:55:00+03:00,15,OK,87.55597014925372,Critical,A;M;V,1
2026-06-24 15:00:00+03:00,15,PARTIAL,12.444029850746269,Favorable,A;V,1
2026-06-24 15:05:00+03:00,15,OK,87.55597014925372,Critical,A;M;V,1
2026-06-24 15:10:00+03:00,15,OK,87.55597014925372,Critical,A;M;V,1
2026-06-24 15:15:00+03:00,15,OK,87.55597014925372,Critical,A;M;V,1
2026-06-24 15:20:00+03:00,15,OK,87.55597014925372,Critical,A;M;V,1
2026-06-24 15:25:00+03:00,15,OK,87.55597014925372,Critical,A;M;V,1
2026-06-24 15:30:00+03:00,15,OK,87.55597014925372,Critical,A;M;V,1
2026-06-24 15:35:00+03:00,15,OK,87.55597014925372,Critical,A;M;V,1
2026-06-24 15:40:00+03:00,15,OK,87.55597014925372,Critical,A;M;V,1
2026-06-24 15:45:00+03:00,15,OK,87.55597014925372,Critical,A;M;V,1
2026-06-24 15:50:00+03:00,15,OK,87.55597014925372,Critical,A;M;V,1
2026-06-24 15:55:00+03:00,15,OK,87.55597014925372,Critical,A;M;V,1
2026-06-24 16:00:00+03:00,15,OK,87.55597014925372,Critical,A;M;V,1
2026-06-24 16:05:00+03:00,15,OK,87.55597014925372,Critical,A;M;V,1
2026-06-24 16:10:00+03:00,15,OK,87.55597014925372,Critical,A;M;V,1
2026-06-24 16:15:00+03:00,15,OK,87.55597014925372,Critical,A;M;V,1
2026-06-24 16:20:00+03:00,15,OK,87.55597014925372,Critical,A;M;V,1
2026-06-24 16:25:00+03:00,15,OK,87.55597014925372,Critical,A;M;V,1
2026-06-24 16:30:00+03:00,15,OK,87.55597014925372,Critical,A;M;V,1
2026-06-24 16:35:00+03:00,15,OK,87.55597014925372,Critical,A;M;V,1
2026-06-24 16:40:00+03:00,15,OK,87.55597014925372,Critical,A;M;V,1
2026-06-24 16:45:00+03:00,15,OK,87.55597014925372,Critical,A;M;V,1
2026-06-24 16:50:00+03:00,15,OK,87.55597014925372,Critical,A;M;V,1
2026-06-24 16:55:00+03:00,15,OK,87.55597014925372,Critical,A;M;V,1
2026-06-24 17:00:00+03:00,15,OK,87.55597014925372,Critical,A;M;V,1
2026-06-24 17:05:00+03:00,15,OK,87.55597014925372,Critical,A;M;V,1
2026-06-24 17:10:00+03:00,15,OK,87.55597014925372,Critical,A;M;V,1
2026-06-24 17:15:00+03:00,15,OK,87.53944144352725,Critical,M,1
2026-06-24 17:20:00+03:00,15,OK,87.47391567003817,Critical,M,1
2026-06-24 17:25:00+03:00,15,OK,87.44761705002747,Critical,M,1
2026-06-24 17:30:00+03:00,15,OK,87.50157182497374,Critical,M,1
2026-06-24 17:35:00+03:00,15,OK,87.54328965857681,Critical,M,1
2026-06-24 17:40:00+03:00,15,OK,87.54854083846463,Critical,M,1
2026-06-24 17:45:00+03:00,15,OK,87.53425300269829,Critical,M,1
2026-06-24 17:50:00+03:00,15,OK,87.51659980909528,Critical,M,1
2026-06-24 17:55:00+03:00,15,OK,87.50755616970964,Critical,M,1
2026-06-24 18:00:00+03:00,15,OK,87.48172648864913,Critical,M,1
2026-06-24 18:05:00+03:00,15,OK,87.45212111031009,Critical,M,1
2026-06-24 18:10:00+03:00,15,OK,87.42484711902723,Critical,M,1
2026-06-24 18:15:00+03:00,15,OK,87.45882978538812,Critical,M,1
2026-06-24 18:20:00+03:00,15,OK,87.47516897383014,Critical,M,1
2026-06-24 18:25:00+03:00,15,OK,87.49174159278367,Critical,M,1
2026-06-24 18:30:00+03:00,15,OK,87.48372251682821,Critical,M,1
2026-06-24 18:35:00+03:00,15,OK,87.47473043010652,Critical,M,1
2026-06-24 18:40:00+03:00,15,OK,87.48282432346501,Critical,M,1
2026-06-24 18:45:00+03:00,15,PARTIAL,12.444029850746269,Favorable,A;V,1
2026-06-24 18:50:00+03:00,15,OK,87.43817564696168,Critical,M,1
2026-06-24 18:55:00+03:00,15,OK,87.4106188056321,Critical,M,1
2026-06-24 19:00:00+03:00,15,OK,87.38482048344075,Critical,M,1
2026-06-24 19:05:00+03:00,15,OK,87.40958099991583,Critical,M,1
2026-06-24 19:10:00+03:00,15,OK,87.40327609957406,Critical,M,1
2026-06-24 19:15:00+03:00,15,OK,87.43370694799714,Critical,M,1
2026-06-24 19:20:00+03:00,15,OK,87.44338181703662,Critical,M,1
2026-06-24 19:25:00+03:00,15,OK,87.4641280699851,Critical,M,1
2026-06-24 19:30:00+03:00,15,OK,87.47428571627468,Critical,M,1
2026-06-24 19:35:00+03:00,15,PARTIAL,12.444029850746269,Favorable,A;V,1
2026-06-24 19:40:00+03:00,15,OK,87.51237845429705,Critical,M,1
2026-06-24 19:45:00+03:00,15,OK,87.55057204499371,Critical,M,1
2026-06-24 19:50:00+03:00,15,OK,87.55597014925372,Critical,A;M;V,1
2026-06-24 19:55:00+03:00,15,OK,87.55597014925372,Critical,A;M;V,1
2026-06-24 20:00:00+03:00,15,OK,87.55597014925372,Critical,A;M;V,1
2026-06-24 20:05:00+03:00,15,PARTIAL,12.444029850746269,Favorable,A;V,1
2026-06-24 20:10:00+03:00,15,OK,87.55597014925372,Critical,A;M;V,1
2026-06-24 20:15:00+03:00,15,OK,87.55597014925372,Critical,A;M;V,1
2026-06-24 20:20:00+03:00,15,OK,87.55597014925372,Critical,A;M;V,1
2026-06-24 20:25:00+03:00,15,OK,87.55597014925372,Critical,A;M;V,1
2026-06-24 20:30:00+03:00,15,OK,87.55597014925372,Critical,A;M;V,1
2026-06-24 20:35:00+03:00,15,OK,87.55597014925372,Critical,A;M;V,1
2026-06-24 20:40:00+03:00,15,OK,87.55597014925372,Critical,A;M;V,1
2026-06-24 20:45:00+03:00,15,OK,87.55597014925372,Critical,A;M;V,1
2026-06-24 20:50:00+03:00,15,OK,87.55597014925372,Critical,A;M;V,1
2026-06-24 20:55:00+03:00,15,OK,87.55597014925372,Critical,A;M;V,1
2026-06-24 21:00:00+03:00,15,OK,87.55597014925372,Critical,A;M;V,1
2026-06-24 21:05:00+03:00,15,OK,87.55597014925372,Critical,A;M;V,1
2026-06-24 21:10:00+03:00,15,OK,87.55597014925372,Critical,A;M;V,1
2026-06-24 21:15:00+03:00,15,OK,87.55597014925372,Critical,A;M;V,1
2026-06-24 21:20:00+03:00,15,OK,87.55597014925372,Critical,A;M;V,1
2026-06-24 21:25:00+03:00,15,OK,87.55597014925372,Critical,A;M;V,1
2026-06-24 21:30:00+03:00,15,OK,87.55597014925372,Critical,A;M;V,1
2026-06-24 21:35:00+03:00,15,OK,87.55597014925372,Critical,A;M;V,1
2026-06-24 21:40:00+03:00,15,OK,87.55597014925372,Critical,A;M;V,1
2026-06-24 21:45:00+03:00,15,OK,87.55597014925372,Critical,A;M;V,1
2026-06-24 21:50:00+03:00,15,OK,87.55597014925372,Critical,A;M;V,1
2026-06-24 21:55:00+03:00,15,OK,87.55597014925372,Critical,A;M;V,1
2026-06-24 22:00:00+03:00,15,OK,87.55597014925372,Critical,A;M;V,1
2026-06-24 22:05:00+03:00,15,OK,87.55597014925372,Critical,A;M;V,1
2026-06-24 22:10:00+03:00,15,PARTIAL,12.444029850746269,Favorable,A;V,1
2026-06-24 22:15:00+03:00,15,PARTIAL,12.444029850746269,Favorable,A;V,1
2026-06-24 22:20:00+03:00,15,OK,87.55597014925372,Critical,A;M;V,1
2026-06-24 22:25:00+03:00,15,OK,87.55597014925372,Critical,A;M;V,1
2026-06-24 22:30:00+03:00,15,PARTIAL,12.444029850746269,Favorable,A;V,1
2026-06-24 22:35:00+03:00,15,OK,87.55597014925372,Critical,A;M;V,1
2026-06-24 22:40:00+03:00,15,OK,87.55597014925372,Critical,A;M;V,1
2026-06-24 22:45:00+03:00,15,OK,87.55597014925372,Critical,A;M;V,1
2026-06-24 22:50:00+03:00,15,OK,87.55597014925372,Critical,A;M;V,1
2026-06-24 22:55:00+03:00,15,OK,87.55597014925372,Critical,A;M;V,1
2026-06-24 23:00:00+03:00,15,OK,87.55597014925372,Critical,A;M;V,1
2026-06-24 23:05:00+03:00,15,OK,87.55597014925372,Critical,A;M;V,1
2026-06-24 23:10:00+03:00,15,OK,87.55597014925372,Critical,A;M;V,1
2026-06-24 23:15:00+03:00,15,OK,87.55597014925372,Critical,A;M;V,1
2026-06-24 23:20:00+03:00,15,OK,87.55597014925372,Critical,A;M;V,1
2026-06-24 23:25:00+03:00,15,OK,87.55597014925372,Critical,A;M;V,1
2026-06-24 23:30:00+03:00,15,OK,87.55597014925372,Critical,A;M;V,1
2026-06-24 23:35:00+03:00,15,OK,87.55597014925372,Critical,A;M;V,1
2026-06-24 23:40:00+03:00,15,OK,87.55597014925372,Critical,A;M;V,1
2026-06-24 23:45:00+03:00,15,OK,87.55597014925372,Critical,A;M;V,1
2026-06-24 23:50:00+03:00,15,OK,87.55597014925372,Critical,A;M;V,1
2026-06-24 23:55:00+03:00,15,OK,87.49394280418377,Critical,V,2
2026-06-25 00:00:00+03:00,15,OK,87.46070246149417,Critical,V,2
2026-06-25 00:05:00+03:00,15,OK,87.54531229530865,Critical,V,2
2026-06-25 00:10:00+03:00,15,OK,87.55597014925372,Critical,A;M;V,1
2026-06-25 00:15:00+03:00,15,OK,87.55597014925372,Critical,A;M;V,1
2026-06-25 00:20:00+03:00,15,OK,87.55597014925372,Critical,A;M;V,1
2026-06-25 00:25:00+03:00,15,OK,87.55597014925372,Critical,A;M;V,1
2026-06-25 00:30:00+03:00,15,OK,87.55597014925372,Critical,A;M;V,1
2026-06-25 00:35:00+03:00,15,OK,87.55597014925372,Critical,A;M;V,1
2026-06-25 00:40:00+03:00,15,OK,87.55597014925372,Critical,A;M;V,1
2026-06-25 00:45:00+03:00,15,OK,87.49652180420706,Critical,A,2
2026-06-25 00:50:00+03:00,15,OK,87.52913504332153,Critical,A,2
2026-06-25 00:55:00+03:00,15,OK,87.55060829224936,Critical,A,2
2026-06-25 01:00:00+03:00,15,OK,87.55597014925372,Critical,A;M;V,1
2026-06-25 01:05:00+03:00,15,OK,87.55597014925372,Critical,A;M;V,1
2026-06-25 01:10:00+03:00,15,OK,87.55597014925372,Critical,A;M;V,1
2026-06-25 01:15:00+03:00,15,OK,87.55597014925372,Critical,A;M;V,1
2026-06-25 01:20:00+03:00,15,OK,87.55597014925372,Critical,A;M;V,1
2026-06-25 01:25:00+03:00,15,OK,87.55597014925372,Critical,A;M;V,1
2026-06-25 01:30:00+03:00,15,OK,87.55597014925372,Critical,A;M;V,1
2026-06-25 01:35:00+03:00,15,OK,87.55597014925372,Critical,A;M;V,1
2026-06-25 01:40:00+03:00,15,OK,87.55597014925372,Critical,A;M;V,1
2026-06-25 01:45:00+03:00,15,OK,87.55597014925372,Critical,A;M;V,1
2026-06-25 01:50:00+03:00,15,OK,87.55597014925372,Critical,A;M;V,1
2026-06-25 01:55:00+03:00,15,OK,87.55597014925372,Critical,A;M;V,1
2026-06-25 02:00:00+03:00,15,OK,87.55597014925372,Critical,A;M;V,1
2026-06-25 02:05:00+03:00,15,OK,87.55597014925372,Critical,A;M;V,1
2026-06-25 02:10:00+03:00,15,OK,87.55597014925372,Critical,A;M;V,1
2026-06-25 02:15:00+03:00,15,OK,87.55597014925372,Critical,A;M;V,1
2026-06-25 02:20:00+03:00,15,OK,87.55597014925372,Critical,A;M;V,1
2026-06-25 02:25:00+03:00,15,OK,87.55597014925372,Critical,A;M;V,1
2026-06-25 02:30:00+03:00,15,OK,87.55597014925372,Critical,A;M;V,1
2026-06-25 02:35:00+03:00,15,OK,87.55597014925372,Critical,A;M;V,1
2026-06-25 02:40:00+03:00,15,OK,87.55597014925372,Critical,A;M;V,1
2026-06-25 02:45:00+03:00,15,FAILED,,,,
2026-06-25 02:50:00+03:00,15,FAILED,,,,
2026-06-25 02:55:00+03:00,15,FAILED,,,,
2026-06-25 03:00:00+03:00,15,FAILED,,,,
2026-06-25 03:05:00+03:00,15,FAILED,,,,
2026-06-25 03:10:00+03:00,15,FAILED,,,,
2026-06-25 03:15:00+03:00,15,FAILED,,,,
2026-06-25 03:20:00+03:00,15,FAILED,,,,
2026-06-25 03:25:00+03:00,15,FAILED,,,,
2026-06-25 03:30:00+03:00,15,FAILED,,,,
2026-06-25 03:35:00+03:00,15,FAILED,,,,
2026-06-25 03:40:00+03:00,15,FAILED,,,,
2026-06-25 03:45:00+03:00,15,FAILED,,,,
2026-06-25 03:50:00+03:00,15,FAILED,,,,
2026-06-25 03:55:00+03:00,15,FAILED,,,,
2026-06-25 04:00:00+03:00,15,FAILED,,,,
2026-06-25 04:05:00+03:00,15,FAILED,,,,
2026-06-25 04:10:00+03:00,15,FAILED,,,,
2026-06-25 04:15:00+03:00,15,FAILED,,,,
2026-06-25 04:20:00+03:00,15,FAILED,,,,
2026-06-25 04:25:00+03:00,15,FAILED,,,,
2026-06-25 04:30:00+03:00,15,FAILED,,,,
2026-06-25 04:35:00+03:00,15,FAILED,,,,
2026-06-25 04:40:00+03:00,15,FAILED,,,,
2026-06-25 04:45:00+03:00,15,FAILED,,,,
2026-06-25 04:50:00+03:00,15,FAILED,,,,
2026-06-25 04:55:00+03:00,15,FAILED,,,,
2026-06-25 05:00:00+03:00,15,FAILED,,,,
2026-06-25 05:05:00+03:00,15,FAILED,,,,
2026-06-25 05:10:00+03:00,15,FAILED,,,,
2026-06-25 05:15:00+03:00,15,FAILED,,,,
2026-06-25 05:20:00+03:00,15,FAILED,,,,
2026-06-25 05:25:00+03:00,15,FAILED,,,,
2026-06-25 05:30:00+03:00,15,FAILED,,,,
2026-06-25 05:35:00+03:00,15,FAILED,,,,
2026-06-25 05:40:00+03:00,15,FAILED,,,,
2026-06-25 05:45:00+03:00,15,FAILED,,,,
2026-06-25 05:50:00+03:00,15,FAILED,,,,
2026-06-25 05:55:00+03:00,15,FAILED,,,,
2026-06-25 06:00:00+03:00,15,FAILED,,,,
2026-06-25 06:05:00+03:00,15,FAILED,,,,
2026-06-25 06:10:00+03:00,15,FAILED,,,,
2026-06-25 06:15:00+03:00,15,PARTIAL,12.444029850746269,Favorable,A;V,1
2026-06-25 06:20:00+03:00,15,OK,62.5,Degraded,A;M;V,1
2026-06-25 06:25:00+03:00,15,OK,62.5,Degraded,A;M;V,1
2026-06-25 06:30:00+03:00,15,OK,62.5,Degraded,A;M;V,1
2026-06-25 06:35:00+03:00,15,OK,62.5,Degraded,A;M;V,1
2026-06-25 06:40:00+03:00,15,OK,62.5,Degraded,A;M;V,1
2026-06-25 06:45:00+03:00,15,OK,62.5,Degraded,A;M;V,1
2026-06-25 06:50:00+03:00,15,OK,62.5,Degraded,A;M;V,1
2026-06-25 06:55:00+03:00,15,OK,63.73428143712602,Degraded,M,2
2026-06-25 07:00:00+03:00,15,OK,64.88184021782399,Degraded,M,2
2026-06-25 07:05:00+03:00,15,OK,65.96252581711393,Degraded,M,2
2026-06-25 07:10:00+03:00,15,OK,67.05296483909369,Degraded,M,2
2026-06-25 07:15:00+03:00,15,OK,68.09969281538513,Degraded,M,2
2026-06-25 07:20:00+03:00,15,OK,68.89306952772696,Degraded,M,2
2026-06-25 07:25:00+03:00,15,OK,69.50899004408316,Degraded,M,2
2026-06-25 07:30:00+03:00,15,OK,69.62389430204404,Degraded,M,2
2026-06-25 07:35:00+03:00,15,OK,69.09844418385694,Degraded,M,2
2026-06-25 07:40:00+03:00,15,OK,68.54864271338322,Degraded,M,2
2026-06-25 07:45:00+03:00,15,OK,68.6794078966934,Degraded,M,2
2026-06-25 07:50:00+03:00,15,OK,68.92593403217137,Degraded,M,2
2026-06-25 07:55:00+03:00,15,OK,68.9259340321712,Degraded,M,2
2026-06-25 08:00:00+03:00,15,OK,69.18878754248418,Degraded,M,2
2026-06-25 08:05:00+03:00,15,OK,69.41048376710204,Degraded,M,2
2026-06-25 08:10:00+03:00,15,OK,68.18135650379914,Degraded,M,2
2026-06-25 08:15:00+03:00,15,OK,64.64448220193734,Degraded,M,2
2026-06-25 08:20:00+03:00,15,OK,62.5,Degraded,A;M;V,1
2026-06-25 08:25:00+03:00,15,OK,62.5,Degraded,A;M;V,1
2026-06-25 08:30:00+03:00,15,OK,65.12719065321319,Degraded,M,2
2026-06-25 08:35:00+03:00,15,OK,67.74018002461182,Degraded,M,2
2026-06-25 08:40:00+03:00,15,OK,71.05021915431799,Degraded,M,2
2026-06-25 08:45:00+03:00,15,OK,87.35847364062931,Critical,M,2
2026-06-25 08:50:00+03:00,15,OK,87.43525592055006,Critical,V,4
2026-06-25 08:55:00+03:00,15,OK,87.38167360951664,Critical,V,2
2026-06-25 09:00:00+03:00,15,OK,87.45061756659732,Critical,A,1
2026-06-25 09:05:00+03:00,15,OK,87.47755176756176,Critical,A,1
2026-06-25 09:10:00+03:00,15,OK,87.51087978823757,Critical,A,1
2026-06-25 09:15:00+03:00,15,OK,87.38627373438865,Critical,A,2
2026-06-25 09:20:00+03:00,15,OK,87.53212476032367,Critical,A,2
2026-06-25 09:25:00+03:00,15,OK,87.4242719169503,Critical,A,2
2026-06-25 09:30:00+03:00,15,OK,87.55597014925372,Critical,A;M;V,1
2026-06-25 09:35:00+03:00,15,OK,87.55597014925372,Critical,A;M;V,1
2026-06-25 09:40:00+03:00,15,OK,87.55597014925372,Critical,A;M;V,1
2026-06-25 09:45:00+03:00,15,OK,87.55597014925372,Critical,A;M;V,1
2026-06-25 09:50:00+03:00,15,OK,87.55597014925372,Critical,A;M;V,1
2026-06-25 09:55:00+03:00,15,OK,87.55597014925372,Critical,A;M;V,1
2026-06-25 10:00:00+03:00,15,OK,87.55597014925372,Critical,A;M;V,1
2026-06-25 10:05:00+03:00,15,OK,87.55597014925372,Critical,A;M;V,1
2026-06-25 10:10:00+03:00,15,OK,87.55597014925372,Critical,A;M;V,1
2026-06-25 10:15:00+03:00,15,OK,87.55597014925372,Critical,A;M;V,1
2026-06-25 10:20:00+03:00,15,OK,87.55597014925372,Critical,A;M;V,1
2026-06-25 10:25:00+03:00,15,OK,87.55597014925372,Critical,A;M;V,1
2026-06-25 10:30:00+03:00,15,OK,87.55597014925372,Critical,A;M;V,1
2026-06-25 10:35:00+03:00,15,OK,87.55597014925372,Critical,A;M;V,1
2026-06-25 10:40:00+03:00,15,OK,87.55597014925372,Critical,A;M;V,1
2026-06-25 10:45:00+03:00,15,OK,87.55597014925372,Critical,A;M;V,1
2026-06-25 10:50:00+03:00,15,OK,87.55597014925372,Critical,A;M;V,1
2026-06-25 10:55:00+03:00,15,OK,87.55597014925372,Critical,A;M;V,1
2026-06-25 11:00:00+03:00,15,OK,87.55597014925372,Critical,A;M;V,1
2026-06-25 11:05:00+03:00,15,OK,87.55597014925372,Critical,A;M;V,1
2026-06-25 11:10:00+03:00,15,OK,87.55597014925372,Critical,A;M;V,1
2026-06-25 11:15:00+03:00,15,OK,87.55597014925372,Critical,A;M;V,1
2026-06-25 11:20:00+03:00,15,OK,87.55597014925372,Critical,A;M;V,1
2026-06-25 11:25:00+03:00,15,OK,87.55597014925372,Critical,A;M;V,1
2026-06-25 11:30:00+03:00,15,OK,87.55597014925372,Critical,A;M;V,1
2026-06-25 11:35:00+03:00,15,OK,87.55597014925372,Critical,A;M;V,1
2026-06-25 11:40:00+03:00,15,OK,87.55597014925372,Critical,A;M;V,1
2026-06-25 11:45:00+03:00,15,OK,87.55597014925372,Critical,A;M;V,1
2026-06-25 11:50:00+03:00,15,OK,87.55597014925372,Critical,A;M;V,1
2026-06-25 11:55:00+03:00,15,OK,87.55597014925372,Critical,A;M;V,1
2026-06-25 12:00:00+03:00,15,OK,87.55597014925372,Critical,A;M;V,1
2026-06-25 12:05:00+03:00,15,OK,87.55597014925372,Critical,A;M;V,1
2026-06-25 12:10:00+03:00,15,OK,87.55597014925372,Critical,A;M;V,1
2026-06-25 12:15:00+03:00,15,OK,87.55597014925372,Critical,A;M;V,1
2026-06-25 12:20:00+03:00,15,OK,87.55597014925372,Critical,A;M;V,1
2026-06-25 12:25:00+03:00,15,OK,87.55597014925372,Critical,A;M;V,1
2026-06-25 12:30:00+03:00,15,OK,87.55597014925372,Critical,A;M;V,1
2026-06-25 12:35:00+03:00,15,OK,87.55597014925372,Critical,A;M;V,1
2026-06-25 12:40:00+03:00,15,OK,87.55597014925372,Critical,A;M;V,1
2026-06-25 12:45:00+03:00,15,OK,87.55597014925372,Critical,A;M;V,1
2026-06-25 12:50:00+03:00,15,OK,87.55597014925372,Critical,A;M;V,1
2026-06-25 12:55:00+03:00,15,OK,87.55597014925372,Critical,A;M;V,1
2026-06-25 13:00:00+03:00,15,OK,87.55597014925372,Critical,A;M;V,1
2026-06-25 13:05:00+03:00,15,OK,87.55597014925372,Critical,A;M;V,1
2026-06-25 13:10:00+03:00,15,OK,87.55597014925372,Critical,A;M;V,1
2026-06-25 13:15:00+03:00,15,OK,87.55597014925372,Critical,A;M;V,1
2026-06-25 13:20:00+03:00,15,OK,87.55597014925372,Critical,A;M;V,1
2026-06-25 13:25:00+03:00,15,OK,87.55597014925372,Critical,A;M;V,1
2026-06-25 13:30:00+03:00,15,OK,87.55597014925372,Critical,A;M;V,1
2026-06-25 13:35:00+03:00,15,OK,87.55597014925372,Critical,A;M;V,1
2026-06-25 13:40:00+03:00,15,OK,87.55597014925372,Critical,A;M;V,1
2026-06-25 13:45:00+03:00,15,OK,87.55597014925372,Critical,A;M;V,1
2026-06-25 13:50:00+03:00,15,OK,87.55597014925372,Critical,A;M;V,1
2026-06-25 13:55:00+03:00,15,OK,87.55597014925372,Critical,A;M;V,1
2026-06-25 14:00:00+03:00,15,OK,87.55597014925372,Critical,A;M;V,1
2026-06-25 14:05:00+03:00,15,OK,87.55597014925372,Critical,A;M;V,1
2026-06-25 14:10:00+03:00,15,OK,87.55597014925372,Critical,A;M;V,1
2026-06-25 14:15:00+03:00,15,OK,87.55597014925372,Critical,A;M;V,1
2026-06-25 14:20:00+03:00,15,OK,87.55597014925372,Critical,A;M;V,1
2026-06-25 14:25:00+03:00,15,OK,87.55597014925372,Critical,A;M;V,1
2026-06-25 14:30:00+03:00,15,OK,87.55597014925372,Critical,A;M;V,1
2026-06-25 14:35:00+03:00,15,OK,87.55597014925372,Critical,A;M;V,1
2026-06-25 14:40:00+03:00,15,OK,87.55597014925372,Critical,A;M;V,1
2026-06-25 14:45:00+03:00,15,OK,87.55597014925372,Critical,A;M;V,1
2026-06-25 14:50:00+03:00,15,OK,87.55597014925372,Critical,A;M;V,1
2026-06-25 14:55:00+03:00,15,OK,87.55597014925372,Critical,A;M;V,1
2026-06-25 15:00:00+03:00,15,OK,87.55597014925372,Critical,A;M;V,1
2026-06-25 15:05:00+03:00,15,PARTIAL,12.444029850746269,Favorable,A;V,1
2026-06-25 15:10:00+03:00,15,OK,87.55597014925372,Critical,A;M;V,1
2026-06-25 15:15:00+03:00,15,OK,87.55597014925372,Critical,A;M;V,1
2026-06-25 15:20:00+03:00,15,OK,87.55597014925372,Critical,A;M;V,1
2026-06-25 15:25:00+03:00,15,PARTIAL,12.444029850746269,Favorable,A;V,1
2026-06-25 15:30:00+03:00,15,OK,87.55597014925372,Critical,A;M;V,1
2026-06-25 15:35:00+03:00,15,OK,87.55597014925372,Critical,A;M;V,1
2026-06-25 15:40:00+03:00,15,OK,87.55597014925372,Critical,A;M;V,1
2026-06-25 15:45:00+03:00,15,OK,87.55597014925372,Critical,A;M;V,1
2026-06-25 15:50:00+03:00,15,OK,87.55597014925372,Critical,A;M;V,1
2026-06-25 15:55:00+03:00,15,OK,87.55597014925372,Critical,A;M;V,1
2026-06-25 16:00:00+03:00,15,OK,87.55597014925372,Critical,A;M;V,1
2026-06-25 16:05:00+03:00,15,OK,87.55597014925372,Critical,A;M;V,1
2026-06-25 16:10:00+03:00,15,OK,87.55597014925372,Critical,A;M;V,1
2026-06-25 16:15:00+03:00,15,OK,87.55597014925372,Critical,A;M;V,1
2026-06-25 16:20:00+03:00,15,OK,87.55597014925372,Critical,A;M;V,1
2026-06-25 16:25:00+03:00,15,OK,87.55597014925372,Critical,A;M;V,1
2026-06-25 16:30:00+03:00,15,OK,87.55597014925372,Critical,A;M;V,1
2026-06-25 16:35:00+03:00,15,OK,87.55597014925372,Critical,A;M;V,1
2026-06-25 16:40:00+03:00,15,OK,87.55597014925372,Critical,A;M;V,1
2026-06-25 16:45:00+03:00,15,OK,87.55597014925372,Critical,A;M;V,1
2026-06-25 16:50:00+03:00,15,OK,87.55597014925372,Critical,A;M;V,1
2026-06-25 16:55:00+03:00,15,OK,87.55597014925372,Critical,A;M;V,1
2026-06-25 17:00:00+03:00,15,OK,87.55597014925372,Critical,A;M;V,1
2026-06-25 17:05:00+03:00,15,OK,87.55597014925372,Critical,A;M;V,1
2026-06-25 17:10:00+03:00,15,OK,87.55597014925372,Critical,A;M;V,1
2026-06-25 17:15:00+03:00,15,OK,87.55597014925372,Critical,A;M;V,1
2026-06-25 17:20:00+03:00,15,OK,87.55597014925372,Critical,A;M;V,1
2026-06-25 17:25:00+03:00,15,OK,87.55597014925372,Critical,A;M;V,1
2026-06-25 17:30:00+03:00,15,OK,87.54397124881366,Critical,M,1
2026-06-25 17:35:00+03:00,15,OK,87.52277868106069,Critical,M,1
2026-06-25 17:40:00+03:00,15,OK,87.49699105780665,Critical,M,1
2026-06-25 17:45:00+03:00,15,OK,87.45480918500927,Critical,M,1
2026-06-25 17:50:00+03:00,15,OK,87.41449667180697,Critical,M,1
2026-06-25 17:55:00+03:00,15,OK,87.41752563075137,Critical,M,1
2026-06-25 18:00:00+03:00,15,OK,87.48933780111523,Critical,M,1
2026-06-25 18:05:00+03:00,15,OK,87.5484571400239,Critical,M,1
2026-06-25 18:10:00+03:00,15,OK,87.35935350756534,Critical,V,2
2026-06-25 18:15:00+03:00,15,OK,87.49415323718922,Critical,M,1
2026-06-25 18:20:00+03:00,15,PARTIAL,87.45611057637728,Critical,M,1
2026-06-25 18:25:00+03:00,15,PARTIAL,87.34306569343067,Critical,V,2
2026-06-25 18:30:00+03:00,15,OK,87.36910846110163,Critical,V,2
2026-06-25 18:35:00+03:00,15,OK,87.47663587944959,Critical,M,2
2026-06-25 18:40:00+03:00,15,OK,87.44260108650909,Critical,M,1
2026-06-25 18:45:00+03:00,15,OK,87.42809838249873,Critical,M,1
2026-06-25 18:50:00+03:00,15,OK,87.43044021891423,Critical,M,1
2026-06-25 18:55:00+03:00,15,OK,87.43390576220914,Critical,M,2
2026-06-25 19:00:00+03:00,15,OK,87.40789868398512,Critical,M,1
2026-06-25 19:05:00+03:00,15,OK,87.39252181638287,Critical,M,1
2026-06-25 19:10:00+03:00,15,OK,87.40252707581227,Critical,M,1
2026-06-25 19:15:00+03:00,15,OK,87.42269430566307,Critical,M,1
2026-06-25 19:20:00+03:00,15,OK,87.45953067092927,Critical,M,1
2026-06-25 19:25:00+03:00,15,OK,87.50027243162427,Critical,M,1
2026-06-25 19:30:00+03:00,15,OK,87.55555071098607,Critical,M,1
2026-06-25 19:35:00+03:00,15,OK,87.55597014925372,Critical,A;M;V,1
2026-06-25 19:40:00+03:00,15,OK,87.55597014925372,Critical,A;M;V,1
2026-06-25 19:45:00+03:00,15,OK,87.55597014925372,Critical,A;M;V,1
2026-06-25 19:50:00+03:00,15,OK,87.55597014925372,Critical,A;M;V,1
2026-06-25 19:55:00+03:00,15,OK,87.55597014925372,Critical,A;M;V,1
2026-06-25 20:00:00+03:00,15,OK,87.55597014925372,Critical,A;M;V,1
2026-06-25 20:05:00+03:00,15,OK,87.55597014925372,Critical,A;M;V,1
2026-06-25 20:10:00+03:00,15,OK,87.55597014925372,Critical,A;M;V,1
2026-06-25 20:15:00+03:00,15,OK,87.55597014925372,Critical,A;M;V,1
2026-06-25 20:20:00+03:00,15,OK,87.55597014925372,Critical,A;M;V,1
2026-06-25 20:25:00+03:00,15,OK,87.55597014925372,Critical,A;M;V,1
2026-06-25 20:30:00+03:00,15,OK,87.55597014925372,Critical,A;M;V,1
2026-06-25 20:35:00+03:00,15,OK,87.55597014925372,Critical,A;M;V,1
2026-06-25 20:40:00+03:00,15,OK,87.55597014925372,Critical,A;M;V,1
2026-06-25 20:45:00+03:00,15,OK,87.55597014925372,Critical,A;M;V,1
2026-06-25 20:50:00+03:00,15,OK,87.55597014925372,Critical,A;M;V,1
2026-06-25 20:55:00+03:00,15,OK,87.55597014925372,Critical,A;M;V,1
2026-06-25 21:00:00+03:00,15,OK,87.55597014925372,Critical,A;M;V,1
2026-06-25 21:05:00+03:00,15,OK,87.55597014925372,Critical,A;M;V,1
2026-06-25 21:10:00+03:00,15,OK,87.55597014925372,Critical,A;M;V,1
2026-06-25 21:15:00+03:00,15,OK,87.55597014925372,Critical,A;M;V,1
2026-06-25 21:20:00+03:00,15,OK,87.55597014925372,Critical,A;M;V,1
2026-06-25 21:25:00+03:00,15,OK,87.55597014925372,Critical,A;M;V,1
2026-06-25 21:30:00+03:00,15,OK,87.55597014925372,Critical,A;M;V,1
2026-06-25 21:35:00+03:00,15,OK,87.55597014925372,Critical,A;M;V,1
2026-06-25 21:40:00+03:00,15,OK,87.55597014925372,Critical,A;M;V,1
2026-06-25 21:45:00+03:00,15,OK,87.55597014925372,Critical,A;M;V,1
2026-06-25 21:50:00+03:00,15,OK,87.55597014925372,Critical,A;M;V,1
2026-06-25 21:55:00+03:00,15,OK,87.55597014925372,Critical,A;M;V,1
2026-06-25 22:00:00+03:00,15,OK,87.55597014925372,Critical,A;M;V,1
2026-06-25 22:05:00+03:00,15,OK,87.55597014925372,Critical,A;M;V,1
2026-06-25 22:10:00+03:00,15,OK,87.55597014925372,Critical,A;M;V,1
2026-06-25 22:15:00+03:00,15,OK,87.55597014925372,Critical,A;M;V,1
2026-06-25 22:20:00+03:00,15,OK,87.55597014925372,Critical,A;M;V,1
2026-06-25 22:25:00+03:00,15,OK,87.55597014925372,Critical,A;M;V,1
2026-06-25 22:30:00+03:00,15,OK,87.55597014925372,Critical,A;M;V,1
2026-06-25 22:35:00+03:00,15,OK,87.55597014925372,Critical,A;M;V,1
2026-06-25 22:40:00+03:00,15,OK,87.55597014925372,Critical,A;M;V,1
2026-06-25 22:45:00+03:00,15,OK,87.55597014925372,Critical,A;M;V,1
2026-06-25 22:50:00+03:00,15,PARTIAL,12.444029850746269,Favorable,A;V,1
2026-06-25 22:55:00+03:00,15,PARTIAL,12.444029850746269,Favorable,A;V,1
2026-06-25 23:00:00+03:00,15,OK,87.55597014925372,Critical,A;M;V,1
2026-06-25 23:05:00+03:00,15,OK,87.55597014925372,Critical,A;M;V,1
2026-06-25 23:10:00+03:00,15,OK,87.55597014925372,Critical,A;M;V,1
2026-06-25 23:15:00+03:00,15,OK,87.55597014925372,Critical,A;M;V,1
2026-06-25 23:20:00+03:00,15,OK,87.55597014925372,Critical,A;M;V,1
2026-06-25 23:25:00+03:00,15,OK,87.55597014925372,Critical,A;M;V,1
2026-06-25 23:30:00+03:00,15,OK,87.55597014925372,Critical,A;M;V,1
2026-06-25 23:35:00+03:00,15,OK,87.55597014925372,Critical,A;M;V,1
2026-06-25 23:40:00+03:00,15,OK,87.55597014925372,Critical,A;M;V,1
2026-06-25 23:45:00+03:00,15,OK,87.55597014925372,Critical,A;M;V,1
2026-06-25 23:50:00+03:00,15,OK,87.55597014925372,Critical,A;M;V,1
2026-06-25 23:55:00+03:00,15,OK,87.55597014925372,Critical,A;M;V,1
2026-06-26 00:00:00+03:00,15,OK,87.55597014925372,Critical,A;M;V,1
2026-06-26 00:05:00+03:00,15,OK,87.55597014925372,Critical,A;M;V,1
2026-06-26 00:10:00+03:00,15,OK,87.55597014925372,Critical,A;M;V,1
2026-06-26 00:15:00+03:00,15,OK,87.55597014925372,Critical,A;M;V,1
2026-06-26 00:20:00+03:00,15,OK,87.55597014925372,Critical,A;M;V,1
2026-06-26 00:25:00+03:00,15,OK,87.55597014925372,Critical,A;M;V,1
2026-06-26 00:30:00+03:00,15,OK,87.55597014925372,Critical,A;M;V,1
2026-06-26 00:35:00+03:00,15,OK,87.55597014925372,Critical,A;M;V,1
2026-06-26 00:40:00+03:00,15,OK,87.55597014925372,Critical,A;M;V,1
2026-06-26 00:45:00+03:00,15,OK,87.55597014925372,Critical,A;M;V,1
2026-06-26 00:50:00+03:00,15,OK,87.55597014925372,Critical,A;M;V,1
2026-06-26 00:55:00+03:00,15,OK,87.55597014925372,Critical,A;M;V,1
2026-06-26 01:00:00+03:00,15,OK,87.55597014925372,Critical,A;M;V,1
2026-06-26 01:05:00+03:00,15,OK,87.55597014925372,Critical,A;M;V,1
2026-06-26 01:10:00+03:00,15,OK,87.55597014925372,Critical,A;M;V,1
2026-06-26 01:15:00+03:00,15,OK,87.55597014925372,Critical,A;M;V,1
2026-06-26 01:20:00+03:00,15,OK,87.55597014925372,Critical,A;M;V,1
2026-06-26 01:25:00+03:00,15,OK,87.55597014925372,Critical,A;M;V,1
2026-06-26 01:30:00+03:00,15,OK,87.55597014925372,Critical,A;M;V,1
2026-06-26 01:35:00+03:00,15,OK,87.55597014925372,Critical,A;M;V,1
2026-06-26 01:40:00+03:00,15,OK,87.55597014925372,Critical,A;M;V,1
2026-06-26 01:45:00+03:00,15,OK,87.55597014925372,Critical,A;M;V,1
2026-06-26 01:50:00+03:00,15,OK,87.55597014925372,Critical,A;M;V,1
2026-06-26 01:55:00+03:00,15,OK,87.55597014925372,Critical,A;M;V,1
2026-06-26 02:00:00+03:00,15,OK,87.55597014925372,Critical,A;M;V,1
2026-06-26 02:05:00+03:00,15,OK,87.55597014925372,Critical,A;M;V,1
2026-06-26 02:10:00+03:00,15,OK,87.55597014925372,Critical,A;M;V,1
2026-06-26 02:15:00+03:00,15,OK,87.55597014925372,Critical,A;M;V,1
2026-06-26 02:20:00+03:00,15,OK,87.55597014925372,Critical,A;M;V,1
2026-06-26 02:25:00+03:00,15,OK,87.55597014925372,Critical,A;M;V,1
2026-06-26 02:30:00+03:00,15,OK,87.55597014925372,Critical,A;M;V,1
2026-06-26 02:35:00+03:00,15,OK,87.55597014925372,Critical,A;M;V,1
2026-06-26 02:40:00+03:00,15,OK,87.55597014925372,Critical,A;M;V,1
2026-06-26 02:45:00+03:00,15,OK,87.55597014925372,Critical,A;M;V,1
2026-06-26 02:50:00+03:00,15,OK,87.55597014925372,Critical,A;M;V,1
2026-06-26 02:55:00+03:00,15,OK,87.55597014925372,Critical,A;M;V,1
2026-06-26 03:00:00+03:00,15,OK,87.55597014925372,Critical,A;M;V,1
2026-06-26 03:05:00+03:00,15,OK,87.55597014925372,Critical,A;M;V,1
2026-06-26 03:10:00+03:00,15,OK,87.55597014925372,Critical,A;M;V,1
2026-06-26 03:15:00+03:00,15,OK,87.55597014925372,Critical,A;M;V,1
2026-06-26 03:20:00+03:00,15,OK,87.55597014925372,Critical,A;M;V,1
2026-06-26 03:25:00+03:00,15,OK,87.55597014925372,Critical,A;M;V,1
2026-06-26 03:30:00+03:00,15,OK,87.55597014925372,Critical,A;M;V,1
2026-06-26 03:35:00+03:00,15,OK,87.55597014925372,Critical,A;M;V,1
2026-06-26 03:40:00+03:00,15,OK,86.06336978871747,Critical,M,2
2026-06-26 03:45:00+03:00,15,OK,82.74042533177956,Critical,M,2
2026-06-26 03:50:00+03:00,15,OK,82.8088076086493,Critical,M,2
2026-06-26 03:55:00+03:00,15,OK,85.74978402692935,Critical,M,2
2026-06-26 04:00:00+03:00,15,OK,87.55597014925372,Critical,A;M;V,1
2026-06-26 04:05:00+03:00,15,OK,87.55597014925372,Critical,A;M;V,1
2026-06-26 04:10:00+03:00,15,OK,86.25511596405975,Critical,M,2
2026-06-26 04:15:00+03:00,15,OK,85.25373149140546,Critical,M,2
2026-06-26 04:20:00+03:00,15,OK,85.9849523241956,Critical,M,2
2026-06-26 04:25:00+03:00,15,OK,86.11565588834253,Critical,M,2
2026-06-26 04:30:00+03:00,15,OK,85.61918945215548,Critical,M,2
2026-06-26 04:35:00+03:00,15,FAILED,,,,
2026-06-26 04:40:00+03:00,15,FAILED,,,,
2026-06-26 04:45:00+03:00,15,FAILED,,,,
2026-06-26 04:50:00+03:00,15,FAILED,,,,
2026-06-26 04:55:00+03:00,15,FAILED,,,,
2026-06-26 05:00:00+03:00,15,FAILED,,,,
2026-06-26 05:05:00+03:00,15,FAILED,,,,
2026-06-26 05:10:00+03:00,15,FAILED,,,,
2026-06-26 05:15:00+03:00,15,FAILED,,,,
2026-06-26 05:20:00+03:00,15,FAILED,,,,
2026-06-26 05:25:00+03:00,15,FAILED,,,,
2026-06-26 05:30:00+03:00,15,FAILED,,,,
2026-06-26 05:35:00+03:00,15,PARTIAL,12.444029850746269,Favorable,A;V,1
2026-06-26 05:40:00+03:00,15,OK,85.81074147633224,Critical,M,2
2026-06-26 05:45:00+03:00,15,OK,86.14180127555595,Critical,M,2
2026-06-26 05:50:00+03:00,15,OK,85.5669625129062,Critical,M,2
2026-06-26 05:55:00+03:00,15,OK,85.1928514486643,Critical,M,2
2026-06-26 06:00:00+03:00,15,OK,83.116617255257,Critical,M,2
2026-06-26 06:05:00+03:00,15,OK,79.72029521936349,Critical,M,2
2026-06-26 06:10:00+03:00,15,OK,77.16423868312786,Critical,M,2
2026-06-26 06:15:00+03:00,15,OK,77.62144032921799,Critical,M,2
2026-06-26 06:20:00+03:00,15,OK,80.57898314301242,Critical,M,2
2026-06-26 06:25:00+03:00,15,OK,82.61222802681034,Critical,M,2
2026-06-26 06:30:00+03:00,15,OK,83.33901524532156,Critical,M,2
2026-06-26 06:35:00+03:00,15,OK,84.39349910274345,Critical,M,2
2026-06-26 06:40:00+03:00,15,OK,85.58437080131597,Critical,M,2
2026-06-26 06:45:00+03:00,15,OK,85.5669625129062,Critical,M,2
2026-06-26 06:50:00+03:00,15,OK,84.18653787060245,Critical,M,2
2026-06-26 06:55:00+03:00,15,OK,84.05805407709137,Critical,M,2
2026-06-26 07:00:00+03:00,15,OK,84.48031458327142,Critical,M,2
2026-06-26 07:05:00+03:00,15,OK,85.48863376912138,Critical,M,2
2026-06-26 07:10:00+03:00,15,OK,85.85428770048152,Critical,M,2
2026-06-26 07:15:00+03:00,15,OK,87.55597014925372,Critical,A;M;V,1
2026-06-26 07:20:00+03:00,15,OK,87.55597014925372,Critical,A;M;V,1
2026-06-26 07:25:00+03:00,15,OK,87.55597014925372,Critical,A;M;V,1
2026-06-26 07:30:00+03:00,15,OK,87.55597014925372,Critical,A;M;V,1
2026-06-26 07:35:00+03:00,15,OK,87.55597014925372,Critical,A;M;V,1
2026-06-26 07:40:00+03:00,15,OK,87.55597014925372,Critical,A;M;V,1
2026-06-26 07:45:00+03:00,15,OK,87.55597014925372,Critical,A;M;V,1
2026-06-26 07:50:00+03:00,15,OK,87.55597014925372,Critical,A;M;V,1
2026-06-26 07:55:00+03:00,15,OK,87.55597014925372,Critical,A;M;V,1
2026-06-26 08:00:00+03:00,15,OK,87.4423192356542,Critical,M,2
2026-06-26 08:05:00+03:00,15,OK,83.61284071430674,Critical,M,2
2026-06-26 08:10:00+03:00,15,OK,80.74742102401015,Critical,M,2
2026-06-26 08:15:00+03:00,15,OK,80.00646039742583,Critical,M,2
2026-06-26 08:20:00+03:00,15,OK,81.70702340475363,Critical,M,2
2026-06-26 08:25:00+03:00,15,OK,84.71480239885219,Critical,M,2
2026-06-26 08:30:00+03:00,15,OK,85.38421721307392,Critical,M,2
2026-06-26 08:35:00+03:00,15,OK,84.5758314987807,Critical,M,2
2026-06-26 08:40:00+03:00,15,OK,85.32331904138037,Critical,M,2
2026-06-26 08:45:00+03:00,15,OK,87.55597014925372,Critical,A;M;V,1
2026-06-26 08:50:00+03:00,15,OK,87.55597014925372,Critical,A;M;V,1
2026-06-26 08:55:00+03:00,15,OK,87.55597014925372,Critical,A;M;V,1
2026-06-26 09:00:00+03:00,15,OK,87.55597014925372,Critical,A;M;V,1
2026-06-26 09:05:00+03:00,15,OK,87.55597014925372,Critical,A;M;V,1
2026-06-26 09:10:00+03:00,15,OK,87.55597014925372,Critical,A;M;V,1
2026-06-26 09:15:00+03:00,15,OK,87.55597014925372,Critical,A;M;V,1
2026-06-26 09:20:00+03:00,15,OK,87.55597014925372,Critical,A;M;V,1
2026-06-26 09:25:00+03:00,15,OK,87.55597014925372,Critical,A;M;V,1
2026-06-26 09:30:00+03:00,15,OK,87.55597014925372,Critical,A;M;V,1
2026-06-26 09:35:00+03:00,15,OK,87.55597014925372,Critical,A;M;V,1
2026-06-26 09:40:00+03:00,15,OK,87.55597014925372,Critical,A;M;V,1
2026-06-26 09:45:00+03:00,15,OK,87.55597014925372,Critical,A;M;V,1
2026-06-26 09:50:00+03:00,15,OK,87.55597014925372,Critical,A;M;V,1
2026-06-26 09:55:00+03:00,15,OK,87.55597014925372,Critical,A;M;V,1
2026-06-26 10:00:00+03:00,15,OK,87.55597014925372,Critical,A;M;V,1
2026-06-26 10:05:00+03:00,15,OK,87.55597014925372,Critical,A;M;V,1
2026-06-26 10:10:00+03:00,15,OK,87.55597014925372,Critical,A;M;V,1
2026-06-26 10:15:00+03:00,15,OK,87.55597014925372,Critical,A;M;V,1
2026-06-26 10:20:00+03:00,15,OK,87.55597014925372,Critical,A;M;V,1
2026-06-26 10:25:00+03:00,15,OK,87.55597014925372,Critical,A;M;V,1
2026-06-26 10:30:00+03:00,15,OK,87.55597014925372,Critical,A;M;V,1
2026-06-26 10:35:00+03:00,15,OK,87.55597014925372,Critical,A;M;V,1
2026-06-26 10:40:00+03:00,15,OK,87.55597014925372,Critical,A;M;V,1
2026-06-26 10:45:00+03:00,15,OK,87.55597014925372,Critical,A;M;V,1
2026-06-26 10:50:00+03:00,15,OK,87.55597014925372,Critical,A;M;V,1
2026-06-26 10:55:00+03:00,15,OK,87.55597014925372,Critical,A;M;V,1
2026-06-26 11:00:00+03:00,15,OK,87.55597014925372,Critical,A;M;V,1
2026-06-26 11:05:00+03:00,15,OK,87.55597014925372,Critical,A;M;V,1
2026-06-26 11:10:00+03:00,15,OK,87.55597014925372,Critical,A;M;V,1
2026-06-26 11:15:00+03:00,15,OK,87.55597014925372,Critical,A;M;V,1
2026-06-26 11:20:00+03:00,15,OK,87.55597014925372,Critical,A;M;V,1
2026-06-26 11:25:00+03:00,15,OK,87.55597014925372,Critical,A;M;V,1
2026-06-26 11:30:00+03:00,15,OK,87.55597014925372,Critical,A;M;V,1
2026-06-26 11:35:00+03:00,15,OK,87.55597014925372,Critical,A;M;V,1
2026-06-26 11:40:00+03:00,15,OK,87.55597014925372,Critical,A;M;V,1
2026-06-26 11:45:00+03:00,15,OK,87.55597014925372,Critical,A;M;V,1
2026-06-26 11:50:00+03:00,15,OK,87.55597014925372,Critical,A;M;V,1
2026-06-26 11:55:00+03:00,15,OK,87.55597014925372,Critical,A;M;V,1
2026-06-26 12:00:00+03:00,15,OK,87.55597014925372,Critical,A;M;V,1
2026-06-26 12:05:00+03:00,15,OK,87.55597014925372,Critical,A;M;V,1
2026-06-26 12:10:00+03:00,15,OK,87.55597014925372,Critical,A;M;V,1
2026-06-26 12:15:00+03:00,15,OK,87.55597014925372,Critical,A;M;V,1
2026-06-26 12:20:00+03:00,15,OK,87.55597014925372,Critical,A;M;V,1
2026-06-26 12:25:00+03:00,15,OK,87.55597014925372,Critical,A;M;V,1
2026-06-26 12:30:00+03:00,15,OK,87.55597014925372,Critical,A;M;V,1
2026-06-26 12:35:00+03:00,15,OK,87.55597014925372,Critical,A;M;V,1
2026-06-26 12:40:00+03:00,15,OK,87.55597014925372,Critical,A;M;V,1
2026-06-26 12:45:00+03:00,15,OK,87.55597014925372,Critical,A;M;V,1
2026-06-26 12:50:00+03:00,15,OK,87.55597014925372,Critical,A;M;V,1
2026-06-26 12:55:00+03:00,15,OK,87.55597014925372,Critical,A;M;V,1
2026-06-26 13:00:00+03:00,15,OK,87.55597014925372,Critical,A;M;V,1
2026-06-26 13:05:00+03:00,15,OK,87.55597014925372,Critical,A;M;V,1
2026-06-26 13:10:00+03:00,15,OK,87.55597014925372,Critical,A;M;V,1
2026-06-26 13:15:00+03:00,15,OK,87.55597014925372,Critical,A;M;V,1
2026-06-26 13:20:00+03:00,15,OK,87.55597014925372,Critical,A;M;V,1
2026-06-26 13:25:00+03:00,15,OK,87.55597014925372,Critical,A;M;V,1
2026-06-26 13:30:00+03:00,15,OK,87.55597014925372,Critical,A;M;V,1
2026-06-26 13:35:00+03:00,15,OK,87.55597014925372,Critical,A;M;V,1
2026-06-26 13:40:00+03:00,15,OK,87.55597014925372,Critical,A;M;V,1
2026-06-26 13:45:00+03:00,15,OK,87.55597014925372,Critical,A;M;V,1
2026-06-26 13:50:00+03:00,15,OK,87.55597014925372,Critical,A;M;V,1
2026-06-26 13:55:00+03:00,15,OK,87.55597014925372,Critical,A;M;V,1
2026-06-26 14:00:00+03:00,15,OK,87.55597014925372,Critical,A;M;V,1
2026-06-26 14:05:00+03:00,15,OK,87.55597014925372,Critical,A;M;V,1
2026-06-26 14:10:00+03:00,15,OK,87.55597014925372,Critical,A;M;V,1
2026-06-26 14:15:00+03:00,15,OK,87.55597014925372,Critical,A;M;V,1
2026-06-26 14:20:00+03:00,15,OK,87.55597014925372,Critical,A;M;V,1
2026-06-26 14:25:00+03:00,15,OK,87.55597014925372,Critical,A;M;V,1
2026-06-26 14:30:00+03:00,15,OK,87.55597014925372,Critical,A;M;V,1
2026-06-26 14:35:00+03:00,15,OK,87.55597014925372,Critical,A;M;V,1
2026-06-26 14:40:00+03:00,15,OK,87.55597014925372,Critical,A;M;V,1
2026-06-26 14:45:00+03:00,15,OK,87.55597014925372,Critical,A;M;V,1
2026-06-26 14:50:00+03:00,15,OK,87.55597014925372,Critical,A;M;V,1
2026-06-26 14:55:00+03:00,15,OK,87.55597014925372,Critical,A;M;V,1
2026-06-26 15:00:00+03:00,15,OK,87.55597014925372,Critical,A;M;V,1
2026-06-26 15:05:00+03:00,15,OK,87.55597014925372,Critical,A;M;V,1
2026-06-26 15:10:00+03:00,15,OK,87.55597014925372,Critical,A;M;V,1
2026-06-26 15:15:00+03:00,15,OK,87.55597014925372,Critical,A;M;V,1
2026-06-26 15:20:00+03:00,15,OK,87.55597014925372,Critical,A;M;V,1
2026-06-26 15:25:00+03:00,15,OK,87.55597014925372,Critical,A;M;V,1
2026-06-26 15:30:00+03:00,15,OK,87.55597014925372,Critical,A;M;V,1
2026-06-26 15:35:00+03:00,15,OK,87.55597014925372,Critical,A;M;V,1
2026-06-26 15:40:00+03:00,15,OK,87.42049482022804,Critical,A,2
2026-06-26 15:45:00+03:00,15,OK,87.46366299842789,Critical,V,2
2026-06-26 15:50:00+03:00,15,OK,87.55597014925372,Critical,A;M;V,1
2026-06-26 15:55:00+03:00,15,OK,87.55597014925372,Critical,A;M;V,1
2026-06-26 16:00:00+03:00,15,OK,87.45083613945116,Critical,A,1
2026-06-26 16:05:00+03:00,15,OK,87.3548553802971,Critical,A,1
2026-06-26 16:10:00+03:00,15,OK,87.4505306688866,Critical,A,1
2026-06-26 16:15:00+03:00,15,OK,87.37491676267501,Critical,A,2
2026-06-26 16:20:00+03:00,15,OK,87.55597014925372,Critical,A;M;V,1
2026-06-26 16:25:00+03:00,15,OK,87.55597014925372,Critical,A;M;V,1
2026-06-26 16:30:00+03:00,15,OK,87.55597014925372,Critical,A;M;V,1
2026-06-26 16:35:00+03:00,15,OK,87.55597014925372,Critical,A;M;V,1
2026-06-26 16:40:00+03:00,15,OK,87.55597014925372,Critical,A;M;V,1
2026-06-26 16:45:00+03:00,15,OK,87.55597014925372,Critical,A;M;V,1
2026-06-26 16:50:00+03:00,15,OK,87.55597014925372,Critical,A;M;V,1
2026-06-26 16:55:00+03:00,15,OK,87.55597014925372,Critical,A;M;V,1
2026-06-26 17:00:00+03:00,15,OK,87.55597014925372,Critical,A;M;V,1
2026-06-26 17:05:00+03:00,15,OK,87.55597014925372,Critical,A;M;V,1
2026-06-26 17:10:00+03:00,15,OK,87.55597014925372,Critical,A;M;V,1
2026-06-26 17:15:00+03:00,15,OK,87.55597014925372,Critical,A;M;V,1
2026-06-26 17:20:00+03:00,15,OK,87.55597014925372,Critical,A;M;V,1
2026-06-26 17:25:00+03:00,15,OK,87.55597014925372,Critical,A;M;V,1
2026-06-26 17:30:00+03:00,15,OK,87.55597014925372,Critical,A;M;V,1
2026-06-26 17:35:00+03:00,15,OK,87.55597014925372,Critical,A;M;V,1
2026-06-26 17:40:00+03:00,15,OK,87.55597014925372,Critical,A;M;V,1
2026-06-26 17:45:00+03:00,15,OK,87.55597014925372,Critical,A;M;V,1
2026-06-26 17:50:00+03:00,15,OK,87.55597014925372,Critical,A;M;V,1
2026-06-26 17:55:00+03:00,15,OK,87.55597014925372,Critical,A;M;V,1
2026-06-26 18:00:00+03:00,15,OK,87.55597014925372,Critical,A;M;V,1
2026-06-26 18:05:00+03:00,15,OK,87.55597014925372,Critical,A;M;V,1
2026-06-26 18:10:00+03:00,15,OK,87.55597014925372,Critical,A;M;V,1
2026-06-26 18:15:00+03:00,15,OK,87.55597014925372,Critical,A;M;V,1
2026-06-26 18:20:00+03:00,15,OK,87.55597014925372,Critical,A;M;V,1
2026-06-26 18:25:00+03:00,15,OK,87.55597014925372,Critical,A;M;V,1
2026-06-26 18:30:00+03:00,15,OK,87.55597014925372,Critical,A;M;V,1
2026-06-26 18:35:00+03:00,15,OK,87.55597014925372,Critical,A;M;V,1
2026-06-26 18:40:00+03:00,15,OK,87.55597014925372,Critical,A;M;V,1
2026-06-26 18:45:00+03:00,15,OK,87.55597014925372,Critical,A;M;V,1
2026-06-26 18:50:00+03:00,15,OK,87.55597014925372,Critical,A;M;V,1
2026-06-26 18:55:00+03:00,15,OK,87.55597014925372,Critical,A;M;V,1
2026-06-26 19:00:00+03:00,15,OK,87.55597014925372,Critical,A;M;V,1
2026-06-26 19:05:00+03:00,15,OK,87.55597014925372,Critical,A;M;V,1
2026-06-26 19:10:00+03:00,15,OK,87.55597014925372,Critical,A;M;V,1
2026-06-26 19:15:00+03:00,15,OK,87.55597014925372,Critical,A;M;V,1
2026-06-26 19:20:00+03:00,15,OK,87.55597014925372,Critical,A;M;V,1
2026-06-26 19:25:00+03:00,15,OK,87.55597014925372,Critical,A;M;V,1
2026-06-26 19:30:00+03:00,15,OK,87.55597014925372,Critical,A;M;V,1
2026-06-26 19:35:00+03:00,15,PARTIAL,12.444029850746269,Favorable,A;V,1
2026-06-26 19:40:00+03:00,15,OK,87.55597014925372,Critical,A;M;V,1
2026-06-26 19:45:00+03:00,15,OK,87.55597014925372,Critical,A;M;V,1
2026-06-26 19:50:00+03:00,15,OK,87.55597014925372,Critical,A;M;V,1
2026-06-26 19:55:00+03:00,15,OK,87.55597014925372,Critical,A;M;V,1
2026-06-26 20:00:00+03:00,15,OK,87.55597014925372,Critical,A;M;V,1
2026-06-26 20:05:00+03:00,15,OK,87.55597014925372,Critical,A;M;V,1
2026-06-26 20:10:00+03:00,15,OK,87.55597014925372,Critical,A;M;V,1
2026-06-26 20:15:00+03:00,15,OK,87.55597014925372,Critical,A;M;V,1
2026-06-26 20:20:00+03:00,15,OK,87.55597014925372,Critical,A;M;V,1
2026-06-26 20:25:00+03:00,15,OK,87.55597014925372,Critical,A;M;V,1
2026-06-26 20:30:00+03:00,15,OK,87.55597014925372,Critical,A;M;V,1
2026-06-26 20:35:00+03:00,15,OK,87.55597014925372,Critical,A;M;V,1
2026-06-26 20:40:00+03:00,15,OK,87.55597014925372,Critical,A;M;V,1
2026-06-26 20:45:00+03:00,15,OK,87.55597014925372,Critical,A;M;V,1
2026-06-26 20:50:00+03:00,15,OK,87.55597014925372,Critical,A;M;V,1
2026-06-26 20:55:00+03:00,15,OK,87.55597014925372,Critical,A;M;V,1
2026-06-26 21:00:00+03:00,15,OK,87.55597014925372,Critical,A;M;V,1
2026-06-26 21:05:00+03:00,15,OK,87.55597014925372,Critical,A;M;V,1
2026-06-26 21:10:00+03:00,15,OK,87.55597014925372,Critical,A;M;V,1
2026-06-26 21:15:00+03:00,15,OK,87.55597014925372,Critical,A;M;V,1
2026-06-26 21:20:00+03:00,15,OK,87.55597014925372,Critical,A;M;V,1
2026-06-26 21:25:00+03:00,15,OK,87.55597014925372,Critical,A;M;V,1
2026-06-26 21:30:00+03:00,15,OK,87.55597014925372,Critical,A;M;V,1
2026-06-26 21:35:00+03:00,15,OK,87.55597014925372,Critical,A;M;V,1
2026-06-26 21:40:00+03:00,15,OK,87.55597014925372,Critical,A;M;V,1
2026-06-26 21:45:00+03:00,15,OK,87.55597014925372,Critical,A;M;V,1
2026-06-26 21:50:00+03:00,15,OK,87.55597014925372,Critical,A;M;V,1
2026-06-26 21:55:00+03:00,15,OK,87.55597014925372,Critical,A;M;V,1
2026-06-26 22:00:00+03:00,15,OK,87.55597014925372,Critical,A;M;V,1
2026-06-26 22:05:00+03:00,15,OK,87.55597014925372,Critical,A;M;V,1
2026-06-26 22:10:00+03:00,15,OK,87.55597014925372,Critical,A;M;V,1
2026-06-26 22:15:00+03:00,15,OK,87.55597014925372,Critical,A;M;V,1
2026-06-26 22:20:00+03:00,15,OK,87.55597014925372,Critical,A;M;V,1
2026-06-26 22:25:00+03:00,15,OK,87.55597014925372,Critical,A;M;V,1
2026-06-26 22:30:00+03:00,15,OK,87.55597014925372,Critical,A;M;V,1
2026-06-26 22:35:00+03:00,15,OK,87.55597014925372,Critical,A;M;V,1
2026-06-26 22:40:00+03:00,15,OK,87.55597014925372,Critical,A;M;V,1
2026-06-26 22:45:00+03:00,15,OK,87.55597014925372,Critical,A;M;V,1
2026-06-26 22:50:00+03:00,15,OK,87.55597014925372,Critical,A;M;V,1
2026-06-26 22:55:00+03:00,15,OK,87.55597014925372,Critical,A;M;V,1
2026-06-26 23:00:00+03:00,15,OK,87.55597014925372,Critical,A;M;V,1
2026-06-26 23:05:00+03:00,15,OK,87.33681239405453,Critical,A,1
2026-06-26 23:10:00+03:00,15,OK,87.55597014925372,Critical,A;M;V,1
2026-06-26 23:15:00+03:00,15,OK,87.55597014925372,Critical,A;M;V,1
2026-06-26 23:20:00+03:00,15,OK,87.55597014925372,Critical,A;M;V,1
2026-06-26 23:25:00+03:00,15,OK,87.55597014925372,Critical,A;M;V,1
2026-06-26 23:30:00+03:00,15,OK,87.53015069249123,Critical,A,1
2026-06-26 23:35:00+03:00,15,OK,87.38891163775843,Critical,A,1
2026-06-26 23:40:00+03:00,15,OK,87.54424505276934,Critical,A,2
2026-06-26 23:45:00+03:00,15,OK,87.55597014925372,Critical,A;M;V,1
2026-06-26 23:50:00+03:00,15,OK,87.55597014925372,Critical,A;M;V,1
2026-06-26 23:55:00+03:00,15,OK,87.55597014925372,Critical,A;M;V,1
2026-06-27 00:00:00+03:00,15,OK,87.55597014925372,Critical,A;M;V,1
2026-06-27 00:05:00+03:00,15,OK,87.55597014925372,Critical,A;M;V,1
2026-06-27 00:10:00+03:00,15,OK,87.55597014925372,Critical,A;M;V,1
2026-06-27 00:15:00+03:00,15,OK,87.55597014925372,Critical,A;M;V,1
2026-06-27 00:20:00+03:00,15,OK,87.55597014925372,Critical,A;M;V,1
2026-06-27 00:25:00+03:00,15,OK,87.55597014925372,Critical,A;M;V,1
2026-06-27 00:30:00+03:00,15,OK,87.55597014925372,Critical,A;M;V,1
2026-06-27 00:35:00+03:00,15,OK,87.55597014925372,Critical,A;M;V,1
2026-06-27 00:40:00+03:00,15,OK,87.55597014925372,Critical,A;M;V,1
2026-06-27 00:45:00+03:00,15,OK,87.55597014925372,Critical,A;M;V,1
2026-06-27 00:50:00+03:00,15,OK,87.55597014925372,Critical,A;M;V,1
2026-06-27 00:55:00+03:00,15,OK,87.55597014925372,Critical,A;M;V,1
2026-06-27 01:00:00+03:00,15,OK,87.55597014925372,Critical,A;M;V,1
2026-06-27 01:05:00+03:00,15,OK,87.55597014925372,Critical,A;M;V,1
2026-06-27 01:10:00+03:00,15,OK,87.55597014925372,Critical,A;M;V,1
2026-06-27 01:15:00+03:00,15,OK,87.55597014925372,Critical,A;M;V,1
2026-06-27 01:20:00+03:00,15,OK,87.55597014925372,Critical,A;M;V,1
2026-06-27 01:25:00+03:00,15,OK,87.55597014925372,Critical,A;M;V,1
2026-06-27 01:30:00+03:00,15,OK,87.55597014925372,Critical,A;M;V,1
2026-06-27 01:35:00+03:00,15,OK,87.55597014925372,Critical,A;M;V,1
2026-06-27 01:40:00+03:00,15,OK,87.55597014925372,Critical,A;M;V,1
2026-06-27 01:45:00+03:00,15,OK,87.55597014925372,Critical,A;M;V,1
2026-06-27 01:50:00+03:00,15,OK,87.55597014925372,Critical,A;M;V,1
2026-06-27 01:55:00+03:00,15,OK,87.55597014925372,Critical,A;M;V,1
2026-06-27 02:00:00+03:00,15,OK,87.55597014925372,Critical,A;M;V,1
2026-06-27 02:05:00+03:00,15,OK,87.55597014925372,Critical,A;M;V,1
2026-06-27 02:10:00+03:00,15,OK,87.55597014925372,Critical,A;M;V,1
2026-06-27 02:15:00+03:00,15,OK,87.55597014925372,Critical,A;M;V,1
2026-06-27 02:20:00+03:00,15,OK,87.55597014925372,Critical,A;M;V,1
2026-06-27 02:25:00+03:00,15,OK,87.55597014925372,Critical,A;M;V,1
2026-06-27 02:30:00+03:00,15,OK,87.55597014925372,Critical,A;M;V,1
2026-06-27 02:35:00+03:00,15,OK,87.55597014925372,Critical,A;M;V,1
2026-06-27 02:40:00+03:00,15,OK,87.55597014925372,Critical,A;M;V,1
2026-06-27 02:45:00+03:00,15,OK,87.55597014925372,Critical,A;M;V,1
2026-06-27 02:50:00+03:00,15,OK,87.55597014925372,Critical,A;M;V,1
2026-06-27 02:55:00+03:00,15,OK,87.55597014925372,Critical,A;M;V,1
2026-06-27 03:00:00+03:00,15,OK,87.55597014925372,Critical,A;M;V,1
2026-06-27 03:05:00+03:00,15,OK,87.55597014925372,Critical,A;M;V,1
2026-06-27 03:10:00+03:00,15,OK,87.55597014925372,Critical,A;M;V,1
2026-06-27 03:15:00+03:00,15,OK,87.55597014925372,Critical,A;M;V,1
2026-06-27 03:20:00+03:00,15,OK,87.55597014925372,Critical,A;M;V,1
2026-06-27 03:25:00+03:00,15,OK,87.55597014925372,Critical,A;M;V,1
2026-06-27 03:30:00+03:00,15,OK,87.55597014925372,Critical,A;M;V,1
2026-06-27 03:35:00+03:00,15,OK,87.55597014925372,Critical,A;M;V,1
2026-06-27 03:40:00+03:00,15,OK,87.55597014925372,Critical,A;M;V,1
2026-06-27 03:45:00+03:00,15,OK,87.55597014925372,Critical,A;M;V,1
2026-06-27 03:50:00+03:00,15,OK,87.55597014925372,Critical,A;M;V,1
2026-06-27 03:55:00+03:00,15,OK,87.55597014925372,Critical,A;M;V,1
2026-06-27 04:00:00+03:00,15,OK,87.55597014925372,Critical,A;M;V,1
2026-06-27 04:05:00+03:00,15,OK,87.55597014925372,Critical,A;M;V,1
2026-06-27 04:10:00+03:00,15,OK,87.55597014925372,Critical,A;M;V,1
2026-06-27 04:15:00+03:00,15,OK,87.55597014925372,Critical,A;M;V,1
2026-06-27 04:20:00+03:00,15,OK,87.55597014925372,Critical,A;M;V,1
2026-06-27 04:25:00+03:00,15,OK,87.55597014925372,Critical,A;M;V,1
2026-06-27 04:30:00+03:00,15,OK,87.55597014925372,Critical,A;M;V,1
2026-06-27 04:35:00+03:00,15,OK,87.55597014925372,Critical,A;M;V,1
2026-06-27 04:40:00+03:00,15,OK,87.55597014925372,Critical,A;M;V,1
2026-06-27 04:45:00+03:00,15,OK,87.55597014925372,Critical,A;M;V,1
2026-06-27 04:50:00+03:00,15,OK,87.55597014925372,Critical,A;M;V,1
2026-06-27 04:55:00+03:00,15,OK,87.55597014925372,Critical,A;M;V,1
2026-06-27 05:00:00+03:00,15,OK,87.55597014925372,Critical,A;M;V,1
2026-06-27 05:05:00+03:00,15,OK,87.55597014925372,Critical,A;M;V,1
2026-06-27 05:10:00+03:00,15,OK,87.55597014925372,Critical,A;M;V,1
2026-06-27 05:15:00+03:00,15,OK,87.55597014925372,Critical,A;M;V,1
2026-06-27 05:20:00+03:00,15,OK,87.55597014925372,Critical,A;M;V,1
2026-06-27 05:25:00+03:00,15,OK,87.48336663233204,Critical,A,2
2026-06-27 05:30:00+03:00,15,OK,87.35626088681683,Critical,A,2
2026-06-27 05:35:00+03:00,15,OK,87.31589185365499,Critical,A,2
2026-06-27 05:40:00+03:00,15,OK,87.32723608778709,Critical,A,2
2026-06-27 05:45:00+03:00,15,OK,87.37193841279594,Critical,A,2
2026-06-27 05:50:00+03:00,15,OK,87.41767954194782,Critical,A,2
2026-06-27 05:55:00+03:00,15,OK,87.46905917877123,Critical,A,2
2026-06-27 06:00:00+03:00,15,OK,87.51485444315215,Critical,A,2
2026-06-27 06:05:00+03:00,15,OK,87.53570216833045,Critical,A,2
2026-06-27 06:10:00+03:00,15,OK,87.55229265574238,Critical,A,2
2026-06-27 06:15:00+03:00,15,OK,87.55597014925372,Critical,A;M;V,1
2026-06-27 06:20:00+03:00,15,OK,87.55597014925372,Critical,A;M;V,1
2026-06-27 06:25:00+03:00,15,OK,87.55597014925372,Critical,A;M;V,1
2026-06-27 06:30:00+03:00,15,OK,87.55597014925372,Critical,A;M;V,1
2026-06-27 06:35:00+03:00,15,OK,87.55597014925372,Critical,A;M;V,1
2026-06-27 06:40:00+03:00,15,OK,87.55597014925372,Critical,A;M;V,1
2026-06-27 06:45:00+03:00,15,OK,87.55597014925372,Critical,A;M;V,1
2026-06-27 06:50:00+03:00,15,OK,87.55597014925372,Critical,A;M;V,1
2026-06-27 06:55:00+03:00,15,OK,87.55597014925372,Critical,A;M;V,1
2026-06-27 07:00:00+03:00,15,OK,87.55597014925372,Critical,A;M;V,1
2026-06-27 07:05:00+03:00,15,OK,87.55597014925372,Critical,A;M;V,1
2026-06-27 07:10:00+03:00,15,OK,87.55597014925372,Critical,A;M;V,1
2026-06-27 07:15:00+03:00,15,OK,87.55597014925372,Critical,A;M;V,1
2026-06-27 07:20:00+03:00,15,OK,87.55597014925372,Critical,A;M;V,1
2026-06-27 07:25:00+03:00,15,OK,87.55597014925372,Critical,A;M;V,1
2026-06-27 07:30:00+03:00,15,OK,87.55597014925372,Critical,A;M;V,1
2026-06-27 07:35:00+03:00,15,OK,87.52520101533645,Critical,V,2
2026-06-27 07:40:00+03:00,15,OK,87.4930325149303,Critical,V,2
2026-06-27 07:45:00+03:00,15,OK,87.46716026640216,Critical,V,2
2026-06-27 07:50:00+03:00,15,OK,87.42984356883541,Critical,V,2
2026-06-27 07:55:00+03:00,15,OK,87.39938437360144,Critical,V,2
2026-06-27 08:00:00+03:00,15,OK,87.36275460717754,Critical,V,2
2026-06-27 08:05:00+03:00,15,OK,87.34176618478946,Critical,V,2
2026-06-27 08:10:00+03:00,15,OK,87.34033480732788,Critical,V,2
2026-06-27 08:15:00+03:00,15,OK,87.37966932700131,Critical,V,2
2026-06-27 08:20:00+03:00,15,OK,87.42649544332728,Critical,V,2
2026-06-27 08:25:00+03:00,15,OK,87.43485242391803,Critical,V,2
2026-06-27 08:30:00+03:00,15,OK,87.42495030780216,Critical,V,2
2026-06-27 08:35:00+03:00,15,OK,87.40727119195867,Critical,V,2
2026-06-27 08:40:00+03:00,15,OK,87.37709903806771,Critical,V,2
2026-06-27 08:45:00+03:00,15,OK,87.35956214411938,Critical,V,2
2026-06-27 08:50:00+03:00,15,OK,87.3540288634997,Critical,V,2
2026-06-27 08:55:00+03:00,15,OK,87.3476923076923,Critical,V,2
2026-06-27 09:00:00+03:00,15,OK,87.33619953001497,Critical,V,2
2026-06-27 09:05:00+03:00,15,OK,87.31962954596791,Critical,V,2
2026-06-27 09:10:00+03:00,15,OK,87.32384718200042,Critical,V,2
2026-06-27 09:15:00+03:00,15,OK,87.33206933911161,Critical,V,2
2026-06-27 09:20:00+03:00,15,OK,87.31852187712539,Critical,V,2
2026-06-27 09:25:00+03:00,15,OK,87.37160262417993,Critical,V,2
2026-06-27 09:30:00+03:00,15,OK,87.44213415551212,Critical,V,2
2026-06-27 09:35:00+03:00,15,OK,87.4932351770792,Critical,V,2
2026-06-27 09:40:00+03:00,15,OK,87.55597014925372,Critical,A;M;V,1
2026-06-27 09:45:00+03:00,15,OK,87.55597014925372,Critical,A;M;V,1
2026-06-27 09:50:00+03:00,15,OK,87.55597014925372,Critical,A;M;V,1
2026-06-27 09:55:00+03:00,15,OK,87.55597014925372,Critical,A;M;V,1
2026-06-27 10:00:00+03:00,15,OK,87.55597014925372,Critical,A;M;V,1
2026-06-27 10:05:00+03:00,15,OK,87.55597014925372,Critical,A;M;V,1
2026-06-27 10:10:00+03:00,15,OK,87.55597014925372,Critical,A;M;V,1
2026-06-27 10:15:00+03:00,15,OK,87.55597014925372,Critical,A;M;V,1
2026-06-27 10:20:00+03:00,15,OK,87.55597014925372,Critical,A;M;V,1
2026-06-27 10:25:00+03:00,15,OK,87.55597014925372,Critical,A;M;V,1
2026-06-27 10:30:00+03:00,15,OK,87.55597014925372,Critical,A;M;V,1
2026-06-27 10:35:00+03:00,15,OK,87.55597014925372,Critical,A;M;V,1
2026-06-27 10:40:00+03:00,15,OK,87.55597014925372,Critical,A;M;V,1
2026-06-27 10:45:00+03:00,15,OK,87.55597014925372,Critical,A;M;V,1
2026-06-27 10:50:00+03:00,15,OK,87.55597014925372,Critical,A;M;V,1
2026-06-27 10:55:00+03:00,15,OK,87.55597014925372,Critical,A;M;V,1
2026-06-27 11:00:00+03:00,15,OK,87.55597014925372,Critical,A;M;V,1
2026-06-27 11:05:00+03:00,15,OK,87.55597014925372,Critical,A;M;V,1
2026-06-27 11:10:00+03:00,15,OK,87.55597014925372,Critical,A;M;V,1
2026-06-27 11:15:00+03:00,15,OK,87.55597014925372,Critical,A;M;V,1
2026-06-27 11:20:00+03:00,15,OK,87.55597014925372,Critical,A;M;V,1
2026-06-27 11:25:00+03:00,15,OK,87.55597014925372,Critical,A;M;V,1
2026-06-27 11:30:00+03:00,15,OK,87.55597014925372,Critical,A;M;V,1
2026-06-27 11:35:00+03:00,15,OK,87.55597014925372,Critical,A;M;V,1
2026-06-27 11:40:00+03:00,15,OK,87.55597014925372,Critical,A;M;V,1
2026-06-27 11:45:00+03:00,15,OK,87.55597014925372,Critical,A;M;V,1
2026-06-27 11:50:00+03:00,15,OK,87.55597014925372,Critical,A;M;V,1
2026-06-27 11:55:00+03:00,15,OK,87.55597014925372,Critical,A;M;V,1
2026-06-27 12:00:00+03:00,15,OK,87.55597014925372,Critical,A;M;V,1
2026-06-27 12:05:00+03:00,15,OK,87.55597014925372,Critical,A;M;V,1
2026-06-27 12:10:00+03:00,15,OK,87.55597014925372,Critical,A;M;V,1
2026-06-27 12:15:00+03:00,15,OK,87.55597014925372,Critical,A;M;V,1
2026-06-27 12:20:00+03:00,15,OK,87.55597014925372,Critical,A;M;V,1
2026-06-27 12:25:00+03:00,15,OK,87.55597014925372,Critical,A;M;V,1
2026-06-27 12:30:00+03:00,15,OK,87.55597014925372,Critical,A;M;V,1
2026-06-27 12:35:00+03:00,15,OK,87.55597014925372,Critical,A;M;V,1
2026-06-27 12:40:00+03:00,15,OK,87.55597014925372,Critical,A;M;V,1
2026-06-27 12:45:00+03:00,15,OK,87.55597014925372,Critical,A;M;V,1
2026-06-27 12:50:00+03:00,15,OK,87.55597014925372,Critical,A;M;V,1
2026-06-27 12:55:00+03:00,15,OK,87.55597014925372,Critical,A;M;V,1
2026-06-27 13:00:00+03:00,15,OK,87.55597014925372,Critical,A;M;V,1
2026-06-27 13:05:00+03:00,15,OK,87.55597014925372,Critical,A;M;V,1
2026-06-27 13:10:00+03:00,15,OK,87.55597014925372,Critical,A;M;V,1
2026-06-27 13:15:00+03:00,15,OK,87.55597014925372,Critical,A;M;V,1
2026-06-27 13:20:00+03:00,15,OK,87.55597014925372,Critical,A;M;V,1
2026-06-27 13:25:00+03:00,15,OK,87.55597014925372,Critical,A;M;V,1
2026-06-27 13:30:00+03:00,15,PARTIAL,12.444029850746269,Favorable,A;V,1
2026-06-27 13:35:00+03:00,15,OK,87.55597014925372,Critical,A;M;V,1
2026-06-27 13:40:00+03:00,15,OK,87.55597014925372,Critical,A;M;V,1
2026-06-27 13:45:00+03:00,15,OK,87.55597014925372,Critical,A;M;V,1
2026-06-27 13:50:00+03:00,15,OK,87.55597014925372,Critical,A;M;V,1
2026-06-27 13:55:00+03:00,15,OK,87.55597014925372,Critical,A;M;V,1
2026-06-27 14:00:00+03:00,15,OK,87.55597014925372,Critical,A;M;V,1
2026-06-27 14:05:00+03:00,15,OK,87.55597014925372,Critical,A;M;V,1
2026-06-27 14:10:00+03:00,15,OK,87.55597014925372,Critical,A;M;V,1
2026-06-27 14:15:00+03:00,15,OK,87.55597014925372,Critical,A;M;V,1
2026-06-27 14:20:00+03:00,15,OK,87.55597014925372,Critical,A;M;V,1
2026-06-27 14:25:00+03:00,15,OK,87.55597014925372,Critical,A;M;V,1
2026-06-27 14:30:00+03:00,15,OK,87.55597014925372,Critical,A;M;V,1
2026-06-27 14:35:00+03:00,15,OK,87.55597014925372,Critical,A;M;V,1
2026-06-27 14:40:00+03:00,15,OK,87.55597014925372,Critical,A;M;V,1
2026-06-27 14:45:00+03:00,15,OK,87.55597014925372,Critical,A;M;V,1
2026-06-27 14:50:00+03:00,15,OK,87.55597014925372,Critical,A;M;V,1
2026-06-27 14:55:00+03:00,15,OK,87.55597014925372,Critical,A;M;V,1
2026-06-27 15:00:00+03:00,15,OK,87.55597014925372,Critical,A;M;V,1
2026-06-27 15:05:00+03:00,15,OK,87.55597014925372,Critical,A;M;V,1
2026-06-27 15:10:00+03:00,15,OK,87.55597014925372,Critical,A;M;V,1
2026-06-27 15:15:00+03:00,15,OK,87.55597014925372,Critical,A;M;V,1
2026-06-27 15:20:00+03:00,15,OK,87.55597014925372,Critical,A;M;V,1
2026-06-27 15:25:00+03:00,15,OK,87.55597014925372,Critical,A;M;V,1
2026-06-27 15:30:00+03:00,15,OK,87.55597014925372,Critical,A;M;V,1
2026-06-27 15:35:00+03:00,15,OK,87.55597014925372,Critical,A;M;V,1
2026-06-27 15:40:00+03:00,15,OK,87.55597014925372,Critical,A;M;V,1
2026-06-27 15:45:00+03:00,15,OK,87.55597014925372,Critical,A;M;V,1
2026-06-27 15:50:00+03:00,15,OK,87.55597014925372,Critical,A;M;V,1
2026-06-27 15:55:00+03:00,15,OK,87.55597014925372,Critical,A;M;V,1
2026-06-27 16:00:00+03:00,15,OK,87.55597014925372,Critical,A;M;V,1
2026-06-27 16:05:00+03:00,15,OK,87.55597014925372,Critical,A;M;V,1
2026-06-27 16:10:00+03:00,15,OK,87.55597014925372,Critical,A;M;V,1
2026-06-27 16:15:00+03:00,15,OK,87.55597014925372,Critical,A;M;V,1
2026-06-27 16:20:00+03:00,15,OK,87.55597014925372,Critical,A;M;V,1
2026-06-27 16:25:00+03:00,15,OK,87.55597014925372,Critical,A;M;V,1
2026-06-27 16:30:00+03:00,15,OK,87.55597014925372,Critical,A;M;V,1
2026-06-27 16:35:00+03:00,15,OK,87.55597014925372,Critical,A;M;V,1
2026-06-27 16:40:00+03:00,15,OK,87.55597014925372,Critical,A;M;V,1
2026-06-27 16:45:00+03:00,15,OK,87.55597014925372,Critical,A;M;V,1
2026-06-27 16:50:00+03:00,15,OK,87.55597014925372,Critical,A;M;V,1
2026-06-27 16:55:00+03:00,15,OK,87.55597014925372,Critical,A;M;V,1
2026-06-27 17:00:00+03:00,15,OK,87.55597014925372,Critical,A;M;V,1
2026-06-27 17:05:00+03:00,15,OK,87.55597014925372,Critical,A;M;V,1
2026-06-27 17:10:00+03:00,15,OK,87.55597014925372,Critical,A;M;V,1
2026-06-27 17:15:00+03:00,15,OK,87.55597014925372,Critical,A;M;V,1
2026-06-27 17:20:00+03:00,15,OK,87.55597014925372,Critical,A;M;V,1
2026-06-27 17:25:00+03:00,15,OK,87.55597014925372,Critical,A;M;V,1
2026-06-27 17:30:00+03:00,15,OK,87.55597014925372,Critical,A;M;V,1
2026-06-27 17:35:00+03:00,15,OK,87.55597014925372,Critical,A;M;V,1
2026-06-27 17:40:00+03:00,15,OK,87.55597014925372,Critical,A;M;V,1
2026-06-27 17:45:00+03:00,15,OK,87.55597014925372,Critical,A;M;V,1
2026-06-27 17:50:00+03:00,15,OK,87.55597014925372,Critical,A;M;V,1
2026-06-27 17:55:00+03:00,15,OK,87.55597014925372,Critical,A;M;V,1
2026-06-27 18:00:00+03:00,15,OK,87.55597014925372,Critical,A;M;V,1
2026-06-27 18:05:00+03:00,15,OK,87.55597014925372,Critical,A;M;V,1
2026-06-27 18:10:00+03:00,15,OK,87.55597014925372,Critical,A;M;V,1
2026-06-27 18:15:00+03:00,15,OK,87.55597014925372,Critical,A;M;V,1
2026-06-27 18:20:00+03:00,15,OK,87.55597014925372,Critical,A;M;V,1
2026-06-27 18:25:00+03:00,15,OK,87.55597014925372,Critical,A;M;V,1
2026-06-27 18:30:00+03:00,15,OK,87.55597014925372,Critical,A;M;V,1
2026-06-27 18:35:00+03:00,15,OK,87.50728200005257,Critical,V,2
2026-06-27 18:40:00+03:00,15,OK,87.55597014925372,Critical,A;M;V,1
2026-06-27 18:45:00+03:00,15,OK,87.55597014925372,Critical,A;M;V,1
2026-06-27 18:50:00+03:00,15,OK,87.37953493231284,Critical,V,2
2026-06-27 18:55:00+03:00,15,OK,87.55597014925372,Critical,A;M;V,1
2026-06-27 19:00:00+03:00,15,OK,87.55597014925372,Critical,A;M;V,1
2026-06-27 19:05:00+03:00,15,OK,87.55597014925372,Critical,A;M;V,1
2026-06-27 19:10:00+03:00,15,OK,87.39995817516444,Critical,A,1
2026-06-27 19:15:00+03:00,15,OK,87.55597014925372,Critical,A;M;V,1
2026-06-27 19:20:00+03:00,15,OK,87.55597014925372,Critical,A;M;V,1
2026-06-27 19:25:00+03:00,15,OK,87.55597014925372,Critical,A;M;V,1
2026-06-27 19:30:00+03:00,15,OK,87.37055335968383,Critical,V,2
2026-06-27 19:35:00+03:00,15,OK,87.55164272078773,Critical,V,2
2026-06-27 19:40:00+03:00,15,PARTIAL,79.61471803739924,Critical,A,2
2026-06-27 19:45:00+03:00,15,OK,87.55597014925372,Critical,A;M;V,1
2026-06-27 19:50:00+03:00,15,OK,87.55597014925372,Critical,A;M;V,1
2026-06-27 19:55:00+03:00,15,OK,87.44349261239041,Critical,A,2
2026-06-27 20:00:00+03:00,15,OK,87.55597014925372,Critical,A;M;V,1
2026-06-27 20:05:00+03:00,15,OK,87.420225054575,Critical,V,2
2026-06-27 20:10:00+03:00,15,OK,87.50207617696522,Critical,V,2
2026-06-27 20:15:00+03:00,15,OK,87.4401722314549,Critical,V,2
2026-06-27 20:20:00+03:00,15,OK,87.40248764687074,Critical,V,2
2026-06-27 20:25:00+03:00,15,OK,87.55597014925372,Critical,A;M;V,1
2026-06-27 20:30:00+03:00,15,PARTIAL,87.55597014925372,Critical,M;V,1
2026-06-27 20:35:00+03:00,15,PARTIAL,87.55597014925372,Critical,M;V,1
2026-06-27 20:40:00+03:00,15,OK,87.55597014925372,Critical,A;M;V,1
2026-06-27 20:45:00+03:00,15,OK,87.55597014925372,Critical,A;M;V,1
2026-06-27 20:50:00+03:00,15,OK,87.34238998014145,Critical,A,2
2026-06-27 20:55:00+03:00,15,OK,87.32186498536393,Critical,A,2
2026-06-27 21:00:00+03:00,15,OK,87.42471921029845,Critical,A,1
2026-06-27 21:05:00+03:00,15,OK,87.40319929405776,Critical,A,1
2026-06-27 21:10:00+03:00,15,OK,87.3545709141828,Critical,V,2
2026-06-27 21:15:00+03:00,15,OK,87.55597014925372,Critical,A;M;V,1
2026-06-27 21:20:00+03:00,15,OK,87.54388381309282,Critical,A,1
2026-06-27 21:25:00+03:00,15,OK,87.50643432045707,Critical,A,1
2026-06-27 21:30:00+03:00,15,OK,87.42100723207021,Critical,A,1
2026-06-27 21:35:00+03:00,15,OK,87.42088357103805,Critical,A,1
2026-06-27 21:40:00+03:00,15,OK,87.47646047108883,Critical,A,1
2026-06-27 21:45:00+03:00,15,OK,87.45223960206678,Critical,A,1
2026-06-27 21:50:00+03:00,15,OK,87.47669897535681,Critical,A,1
2026-06-27 21:55:00+03:00,15,OK,87.36453204898845,Critical,A,1
2026-06-27 22:00:00+03:00,15,OK,87.55597014925372,Critical,A;M;V,1
2026-06-27 22:05:00+03:00,15,OK,87.45488924280784,Critical,A,2
2026-06-27 22:10:00+03:00,15,OK,87.35003284101114,Critical,A,2
2026-06-27 22:15:00+03:00,15,OK,87.49037819056527,Critical,V,4
2026-06-27 22:20:00+03:00,15,OK,87.55597014925372,Critical,A;M;V,1
2026-06-27 22:25:00+03:00,15,OK,87.42529409555719,Critical,A,1
2026-06-27 22:30:00+03:00,15,OK,87.37809948202099,Critical,A,1
2026-06-27 22:35:00+03:00,15,OK,87.3698811096433,Critical,V,2
2026-06-27 22:40:00+03:00,15,OK,87.4791638014028,Critical,V,2
2026-06-27 22:45:00+03:00,15,OK,87.55597014925372,Critical,A;M;V,1
2026-06-27 22:50:00+03:00,15,PARTIAL,87.49689020838422,Critical,V,2
2026-06-27 22:55:00+03:00,15,PARTIAL,87.39986540280417,Critical,V,2
2026-06-27 23:00:00+03:00,15,PARTIAL,87.41754006789832,Critical,V,2
2026-06-27 23:05:00+03:00,15,PARTIAL,87.36833111828366,Critical,V,2
2026-06-27 23:10:00+03:00,15,PARTIAL,87.55597014925372,Critical,M;V,1
2026-06-27 23:15:00+03:00,15,OK,87.55597014925372,Critical,A;M;V,1
2026-06-27 23:20:00+03:00,15,OK,87.4964331715674,Critical,A,1
2026-06-27 23:25:00+03:00,15,OK,87.39274473103437,Critical,A,4
2026-06-27 23:30:00+03:00,15,OK,87.4127067563779,Critical,V,2
2026-06-27 23:35:00+03:00,15,OK,87.36971191502529,Critical,A,2
2026-06-27 23:40:00+03:00,15,OK,87.44149652993603,Critical,A,2
2026-06-27 23:45:00+03:00,15,OK,87.4561651141495,Critical,A,2
2026-06-27 23:50:00+03:00,15,OK,87.4396507056068,Critical,A,2
2026-06-27 23:55:00+03:00,15,OK,87.43436368601647,Critical,A,2
2026-06-28 00:00:00+03:00,15,OK,87.4340639318096,Critical,A,2
2026-06-28 00:05:00+03:00,15,OK,87.45383093272832,Critical,A,2
2026-06-28 00:10:00+03:00,15,OK,87.3718358215659,Critical,A,2
2026-06-28 00:15:00+03:00,15,OK,87.36511118627448,Critical,A,2
2026-06-28 00:20:00+03:00,15,OK,87.44828468717957,Critical,A,2
2026-06-28 00:25:00+03:00,15,PARTIAL,31.65883934062204,Acceptable,A,2
2026-06-28 00:30:00+03:00,15,OK,87.41357152970004,Critical,A,2
2026-06-28 00:35:00+03:00,15,OK,87.42163680779818,Critical,A,2
2026-06-28 00:40:00+03:00,15,OK,87.42357360027236,Critical,A,2
2026-06-28 00:45:00+03:00,15,OK,87.42701477414961,Critical,A,2
2026-06-28 00:50:00+03:00,15,OK,87.39552263025952,Critical,A,2
2026-06-28 00:55:00+03:00,15,OK,87.35671027955959,Critical,A,2
2026-06-28 01:00:00+03:00,15,OK,87.31730898077164,Critical,A,2
2026-06-28 01:05:00+03:00,15,OK,87.34265708792526,Critical,A,2
2026-06-28 01:10:00+03:00,15,OK,87.35259272790074,Critical,A,2
2026-06-28 01:15:00+03:00,15,OK,87.35053515255336,Critical,A,2
2026-06-28 01:20:00+03:00,15,OK,87.3641036956259,Critical,A,2
2026-06-28 01:25:00+03:00,15,OK,87.38974106872487,Critical,A,2
2026-06-28 01:30:00+03:00,15,OK,87.42194011487585,Critical,A,2
2026-06-28 01:35:00+03:00,15,OK,87.42079326026351,Critical,A,2
2026-06-28 01:40:00+03:00,15,OK,87.42654794419197,Critical,A,2
2026-06-28 01:45:00+03:00,15,OK,87.43552810313761,Critical,A,2
2026-06-28 01:50:00+03:00,15,OK,87.45795397076229,Critical,A,2
2026-06-28 01:55:00+03:00,15,OK,87.46623793759568,Critical,A,2
2026-06-28 02:00:00+03:00,15,OK,87.46692984018618,Critical,A,2
2026-06-28 02:05:00+03:00,15,OK,87.45922223904668,Critical,A,2
2026-06-28 02:10:00+03:00,15,OK,87.46217806283597,Critical,A,2
2026-06-28 02:15:00+03:00,15,OK,87.47059060598868,Critical,A,2
2026-06-28 02:20:00+03:00,15,OK,87.46987934735739,Critical,A,2
2026-06-28 02:25:00+03:00,15,OK,87.47996120980102,Critical,A,2
2026-06-28 02:30:00+03:00,15,OK,87.48482444214494,Critical,A,2
2026-06-28 02:35:00+03:00,15,OK,87.50303083435445,Critical,A,2
2026-06-28 02:40:00+03:00,15,OK,87.51935200148186,Critical,A,2
2026-06-28 02:45:00+03:00,15,OK,87.51719729412525,Critical,A,2
2026-06-28 02:50:00+03:00,15,OK,87.49893204091346,Critical,A,2
2026-06-28 02:55:00+03:00,15,OK,87.49904832445303,Critical,A,2
2026-06-28 03:00:00+03:00,15,OK,87.52371935742272,Critical,A,2
2026-06-28 03:05:00+03:00,15,OK,87.55508050100168,Critical,A,2
2026-06-28 03:10:00+03:00,15,OK,87.55597014925372,Critical,A;M;V,1
2026-06-28 03:15:00+03:00,15,OK,87.55597014925372,Critical,A;M;V,1
2026-06-28 03:20:00+03:00,15,OK,87.55597014925372,Critical,A;M;V,1
2026-06-28 03:25:00+03:00,15,OK,87.55597014925372,Critical,A;M;V,1
2026-06-28 03:30:00+03:00,15,OK,87.55597014925372,Critical,A;M;V,1
2026-06-28 03:35:00+03:00,15,OK,87.55597014925372,Critical,A;M;V,1
2026-06-28 03:40:00+03:00,15,OK,87.55597014925372,Critical,A;M;V,1
2026-06-28 03:45:00+03:00,15,OK,87.55597014925372,Critical,A;M;V,1
2026-06-28 03:50:00+03:00,15,OK,87.55597014925372,Critical,A;M;V,1
2026-06-28 03:55:00+03:00,15,OK,87.55597014925372,Critical,A;M;V,1
2026-06-28 04:00:00+03:00,15,OK,87.55597014925372,Critical,A;M;V,1
2026-06-28 04:05:00+03:00,15,OK,87.55597014925372,Critical,A;M;V,1
2026-06-28 04:10:00+03:00,15,OK,87.55597014925372,Critical,A;M;V,1
2026-06-28 04:15:00+03:00,15,OK,87.55597014925372,Critical,A;M;V,1
2026-06-28 04:20:00+03:00,15,OK,87.55597014925372,Critical,A;M;V,1
2026-06-28 04:25:00+03:00,15,OK,87.55597014925372,Critical,A;M;V,1
2026-06-28 04:30:00+03:00,15,OK,87.55597014925372,Critical,A;M;V,1
2026-06-28 04:35:00+03:00,15,OK,87.55597014925372,Critical,A;M;V,1
2026-06-28 04:40:00+03:00,15,OK,87.55597014925372,Critical,A;M;V,1
2026-06-28 04:45:00+03:00,15,OK,87.55597014925372,Critical,A;M;V,1
2026-06-28 04:50:00+03:00,15,PARTIAL,12.444029850746269,Favorable,A;V,1
2026-06-28 04:55:00+03:00,15,PARTIAL,17.189971213625068,Favorable,V,2
2026-06-28 05:00:00+03:00,15,OK,87.31628225622286,Critical,V,4
2026-06-28 05:05:00+03:00,15,OK,87.39974526928677,Critical,V,4
2026-06-28 05:10:00+03:00,15,OK,87.45794013625563,Critical,A,4
2026-06-28 05:15:00+03:00,15,OK,87.47981600988604,Critical,V,4
2026-06-28 05:20:00+03:00,15,OK,87.53379301081287,Critical,V,4
2026-06-28 05:25:00+03:00,15,OK,87.55597014925372,Critical,A;M;V,1
2026-06-28 05:30:00+03:00,15,OK,87.55597014925372,Critical,A;M;V,1
2026-06-28 05:35:00+03:00,15,OK,87.55597014925372,Critical,A;M;V,1
2026-06-28 05:40:00+03:00,15,OK,87.55597014925372,Critical,A;M;V,1
2026-06-28 05:45:00+03:00,15,OK,87.55597014925372,Critical,A;M;V,1
2026-06-28 05:50:00+03:00,15,OK,87.49048096192386,Critical,V,2
2026-06-28 05:55:00+03:00,15,OK,87.41503097375933,Critical,V,2
2026-06-28 06:00:00+03:00,15,OK,87.36959191384848,Critical,V,2
2026-06-28 06:05:00+03:00,15,OK,87.32873109796185,Critical,V,2
2026-06-28 06:10:00+03:00,15,PARTIAL,24.19074074074076,Favorable,V,2
2026-06-28 06:15:00+03:00,15,PARTIAL,21.026077689636683,Favorable,V,2
2026-06-28 06:20:00+03:00,15,PARTIAL,19.54131603539307,Favorable,V,2
2026-06-28 06:25:00+03:00,15,PARTIAL,17.208288637676386,Favorable,V,2
2026-06-28 06:30:00+03:00,15,PARTIAL,16.84795081677268,Favorable,V,2
2026-06-28 06:35:00+03:00,15,PARTIAL,16.57909373312042,Favorable,V,2
2026-06-28 06:40:00+03:00,15,OK,87.47752382267642,Critical,V,2
2026-06-28 06:45:00+03:00,15,OK,87.49181200905338,Critical,V,2
2026-06-28 06:50:00+03:00,15,OK,87.52531765790452,Critical,V,2
2026-06-28 06:55:00+03:00,15,OK,87.54775997316844,Critical,V,2
2026-06-28 07:00:00+03:00,15,OK,87.55597014925372,Critical,A;M;V,1
2026-06-28 07:05:00+03:00,15,PARTIAL,12.444029850746269,Favorable,A;V,1
2026-06-28 07:10:00+03:00,15,PARTIAL,12.444029850746269,Favorable,A;V,1
2026-06-28 07:15:00+03:00,15,PARTIAL,12.444029850746269,Favorable,A;V,1
2026-06-28 07:20:00+03:00,15,OK,87.55597014925372,Critical,A;M;V,1
2026-06-28 07:25:00+03:00,15,OK,87.55597014925372,Critical,A;M;V,1
2026-06-28 07:30:00+03:00,15,OK,87.55597014925372,Critical,A;M;V,1
2026-06-28 07:35:00+03:00,15,OK,87.55597014925372,Critical,A;M;V,1
2026-06-28 07:40:00+03:00,15,OK,87.54934107917289,Critical,A,2
2026-06-28 07:45:00+03:00,15,OK,87.5312330269472,Critical,A,2
2026-06-28 07:50:00+03:00,15,OK,87.52567318298972,Critical,A,2
2026-06-28 07:55:00+03:00,15,OK,87.48373516062252,Critical,A,2
2026-06-28 08:00:00+03:00,15,OK,87.46724834974152,Critical,A,2
2026-06-28 08:05:00+03:00,15,OK,87.44745233567433,Critical,A,2
2026-06-28 08:10:00+03:00,15,OK,87.46134751192335,Critical,A,2
2026-06-28 08:15:00+03:00,15,OK,87.45485727184807,Critical,A,2
2026-06-28 08:20:00+03:00,15,OK,87.43944822364918,Critical,A,2
2026-06-28 08:25:00+03:00,15,OK,87.43233237990289,Critical,A,2
2026-06-28 08:30:00+03:00,15,OK,87.43621355096892,Critical,A,2
2026-06-28 08:35:00+03:00,15,PARTIAL,18.671448485601154,Favorable,A,2
2026-06-28 08:40:00+03:00,15,OK,87.43444919426693,Critical,A,2
2026-06-28 08:45:00+03:00,15,OK,87.43133176317346,Critical,A,2
2026-06-28 08:50:00+03:00,15,OK,87.42031098419196,Critical,A,2
2026-06-28 08:55:00+03:00,15,OK,87.4313081467148,Critical,A,2
2026-06-28 09:00:00+03:00,15,OK,87.46254515820978,Critical,A,2
2026-06-28 09:05:00+03:00,15,OK,87.47487723822441,Critical,A,2
2026-06-28 09:10:00+03:00,15,OK,87.4842179091909,Critical,A,2
2026-06-28 09:15:00+03:00,15,OK,87.46830066181467,Critical,A,2
2026-06-28 09:20:00+03:00,15,PARTIAL,18.120927353556763,Favorable,A,2
2026-06-28 09:25:00+03:00,15,PARTIAL,18.405859870952995,Favorable,A,2
2026-06-28 09:30:00+03:00,15,PARTIAL,17.97455332931942,Favorable,A,2
2026-06-28 09:35:00+03:00,15,PARTIAL,15.294855910006397,Favorable,A,2
2026-06-28 09:40:00+03:00,15,PARTIAL,12.444029850746269,Favorable,A;V,1
2026-06-28 09:45:00+03:00,15,PARTIAL,12.444029850746269,Favorable,A;V,1
2026-06-28 09:50:00+03:00,15,PARTIAL,12.444029850746269,Favorable,A;V,1
2026-06-28 09:55:00+03:00,15,PARTIAL,12.444029850746269,Favorable,A;V,1
2026-06-28 10:00:00+03:00,15,PARTIAL,12.444029850746269,Favorable,A;V,1
2026-06-28 10:05:00+03:00,15,PARTIAL,12.444029850746269,Favorable,A;V,1
2026-06-28 10:10:00+03:00,15,PARTIAL,12.444029850746269,Favorable,A;V,1
2026-06-28 10:15:00+03:00,15,PARTIAL,12.444029850746269,Favorable,A;V,1
2026-06-28 10:20:00+03:00,15,PARTIAL,12.444029850746269,Favorable,A;V,1
2026-06-28 10:25:00+03:00,15,OK,87.55597014925372,Critical,A;M;V,1
2026-06-28 10:30:00+03:00,15,PARTIAL,12.444029850746269,Favorable,A;V,1
2026-06-28 10:35:00+03:00,15,PARTIAL,12.444029850746269,Favorable,A;V,1
2026-06-28 10:40:00+03:00,15,PARTIAL,12.444029850746269,Favorable,A;V,1
2026-06-28 10:45:00+03:00,15,PARTIAL,12.444029850746269,Favorable,A;V,1
2026-06-28 10:50:00+03:00,15,OK,87.55597014925372,Critical,A;M;V,1
2026-06-28 10:55:00+03:00,15,OK,87.55597014925372,Critical,A;M;V,1
2026-06-28 11:00:00+03:00,15,OK,87.55597014925372,Critical,A;M;V,1
2026-06-28 11:05:00+03:00,15,OK,87.55597014925372,Critical,A;M;V,1
2026-06-28 11:10:00+03:00,15,OK,87.55597014925372,Critical,A;M;V,1
2026-06-28 11:15:00+03:00,15,PARTIAL,12.444029850746269,Favorable,A;V,1
2026-06-28 11:20:00+03:00,15,OK,87.55597014925372,Critical,A;M;V,1
2026-06-28 11:25:00+03:00,15,OK,87.55597014925372,Critical,A;M;V,1
2026-06-28 11:30:00+03:00,15,OK,87.55597014925372,Critical,A;M;V,1
2026-06-28 11:35:00+03:00,15,OK,87.55597014925372,Critical,A;M;V,1
2026-06-28 11:40:00+03:00,15,OK,87.55597014925372,Critical,A;M;V,1
2026-06-28 11:45:00+03:00,15,OK,87.55597014925372,Critical,A;M;V,1
2026-06-28 11:50:00+03:00,15,OK,87.55597014925372,Critical,A;M;V,1
2026-06-28 11:55:00+03:00,15,OK,87.55597014925372,Critical,A;M;V,1
2026-06-28 12:00:00+03:00,15,OK,87.55597014925372,Critical,A;M;V,1
2026-06-28 12:05:00+03:00,15,PARTIAL,12.444029850746269,Favorable,A;V,1
2026-06-28 12:10:00+03:00,15,OK,87.55597014925372,Critical,A;M;V,1
2026-06-28 12:15:00+03:00,15,OK,87.55597014925372,Critical,A;M;V,1
2026-06-28 12:20:00+03:00,15,OK,87.55597014925372,Critical,A;M;V,1
2026-06-28 12:25:00+03:00,15,OK,87.55597014925372,Critical,A;M;V,1
2026-06-28 12:30:00+03:00,15,OK,87.55597014925372,Critical,A;M;V,1
2026-06-28 12:35:00+03:00,15,OK,87.55597014925372,Critical,A;M;V,1
2026-06-28 12:40:00+03:00,15,OK,87.55597014925372,Critical,A;M;V,1
2026-06-28 12:45:00+03:00,15,OK,87.55597014925372,Critical,A;M;V,1
2026-06-28 12:50:00+03:00,15,OK,87.55597014925372,Critical,A;M;V,1
2026-06-28 12:55:00+03:00,15,OK,87.55597014925372,Critical,A;M;V,1
2026-06-28 13:00:00+03:00,15,OK,87.55597014925372,Critical,A;M;V,1
2026-06-28 13:05:00+03:00,15,PARTIAL,12.444029850746269,Favorable,A;V,1
2026-06-28 13:10:00+03:00,15,PARTIAL,12.444029850746269,Favorable,A;V,1
2026-06-28 13:15:00+03:00,15,OK,87.55597014925372,Critical,A;M;V,1
2026-06-28 13:20:00+03:00,15,OK,87.55597014925372,Critical,A;M;V,1
2026-06-28 13:25:00+03:00,15,OK,87.55597014925372,Critical,A;M;V,1
2026-06-28 13:30:00+03:00,15,OK,87.55597014925372,Critical,A;M;V,1
2026-06-28 13:35:00+03:00,15,OK,87.55597014925372,Critical,A;M;V,1
2026-06-28 13:40:00+03:00,15,OK,87.55597014925372,Critical,A;M;V,1
2026-06-28 13:45:00+03:00,15,OK,87.55597014925372,Critical,A;M;V,1
2026-06-28 13:50:00+03:00,15,OK,87.55597014925372,Critical,A;M;V,1
2026-06-28 13:55:00+03:00,15,OK,87.55597014925372,Critical,A;M;V,1
2026-06-28 14:00:00+03:00,15,OK,87.55597014925372,Critical,A;M;V,1
2026-06-28 14:05:00+03:00,15,OK,87.55597014925372,Critical,A;M;V,1
2026-06-28 14:10:00+03:00,15,OK,87.55597014925372,Critical,A;M;V,1
2026-06-28 14:15:00+03:00,15,OK,87.55597014925372,Critical,A;M;V,1
2026-06-28 14:20:00+03:00,15,PARTIAL,12.444029850746269,Favorable,A;V,1
2026-06-28 14:25:00+03:00,15,OK,87.55597014925372,Critical,A;M;V,1
2026-06-28 14:30:00+03:00,15,OK,87.55597014925372,Critical,A;M;V,1
2026-06-28 14:35:00+03:00,15,OK,87.55597014925372,Critical,A;M;V,1
2026-06-28 14:40:00+03:00,15,OK,87.55597014925372,Critical,A;M;V,1
2026-06-28 14:45:00+03:00,15,OK,87.55597014925372,Critical,A;M;V,1
2026-06-28 14:50:00+03:00,15,OK,87.55597014925372,Critical,A;M;V,1
2026-06-28 14:55:00+03:00,15,OK,87.55597014925372,Critical,A;M;V,1
2026-06-28 15:00:00+03:00,15,OK,87.55597014925372,Critical,A;M;V,1
2026-06-28 15:05:00+03:00,15,OK,87.55597014925372,Critical,A;M;V,1
2026-06-28 15:10:00+03:00,15,OK,87.55597014925372,Critical,A;M;V,1
2026-06-28 15:15:00+03:00,15,OK,87.55597014925372,Critical,A;M;V,1
2026-06-28 15:20:00+03:00,15,OK,87.55597014925372,Critical,A;M;V,1
2026-06-28 15:25:00+03:00,15,OK,87.55597014925372,Critical,A;M;V,1
2026-06-28 15:30:00+03:00,15,OK,87.55597014925372,Critical,A;M;V,1
2026-06-28 15:35:00+03:00,15,OK,87.55597014925372,Critical,A;M;V,1
2026-06-28 15:40:00+03:00,15,OK,87.55597014925372,Critical,A;M;V,1
2026-06-28 15:45:00+03:00,15,OK,87.55597014925372,Critical,A;M;V,1
2026-06-28 15:50:00+03:00,15,OK,87.55597014925372,Critical,A;M;V,1
2026-06-28 15:55:00+03:00,15,OK,87.55597014925372,Critical,A;M;V,1
2026-06-28 16:00:00+03:00,15,OK,87.55597014925372,Critical,A;M;V,1
2026-06-28 16:05:00+03:00,15,OK,87.55597014925372,Critical,A;M;V,1
2026-06-28 16:10:00+03:00,15,OK,87.55597014925372,Critical,A;M;V,1
2026-06-28 16:15:00+03:00,15,OK,87.55597014925372,Critical,A;M;V,1
2026-06-28 16:20:00+03:00,15,OK,87.55597014925372,Critical,A;M;V,1
2026-06-28 16:25:00+03:00,15,OK,87.55597014925372,Critical,A;M;V,1
2026-06-28 16:30:00+03:00,15,OK,87.55597014925372,Critical,A;M;V,1
2026-06-28 16:35:00+03:00,15,OK,87.55597014925372,Critical,A;M;V,1
2026-06-28 16:40:00+03:00,15,OK,87.55597014925372,Critical,A;M;V,1
2026-06-28 16:45:00+03:00,15,OK,87.55597014925372,Critical,A;M;V,1
2026-06-28 16:50:00+03:00,15,OK,87.55597014925372,Critical,A;M;V,1
2026-06-28 16:55:00+03:00,15,OK,87.55597014925372,Critical,A;M;V,1
2026-06-28 17:00:00+03:00,15,OK,87.55597014925372,Critical,A;M;V,1
2026-06-28 17:05:00+03:00,15,OK,87.55597014925372,Critical,A;M;V,1
2026-06-28 17:10:00+03:00,15,OK,87.55597014925372,Critical,A;M;V,1
2026-06-28 17:15:00+03:00,15,OK,87.55597014925372,Critical,A;M;V,1
2026-06-28 17:20:00+03:00,15,OK,87.55597014925372,Critical,A;M;V,1
2026-06-28 17:25:00+03:00,15,OK,87.55597014925372,Critical,A;M;V,1
2026-06-28 17:30:00+03:00,15,OK,87.55597014925372,Critical,A;M;V,1
2026-06-28 17:35:00+03:00,15,OK,87.55597014925372,Critical,A;M;V,1
2026-06-28 17:40:00+03:00,15,OK,87.55597014925372,Critical,A;M;V,1
2026-06-28 17:45:00+03:00,15,OK,87.55597014925372,Critical,A;M;V,1
2026-06-28 17:50:00+03:00,15,OK,87.55597014925372,Critical,A;M;V,1
2026-06-28 17:55:00+03:00,15,OK,87.55597014925372,Critical,A;M;V,1
2026-06-28 18:00:00+03:00,15,OK,87.55597014925372,Critical,A;M;V,1
2026-06-28 18:05:00+03:00,15,OK,87.55597014925372,Critical,A;M;V,1
2026-06-28 18:10:00+03:00,15,OK,87.55597014925372,Critical,A;M;V,1
2026-06-28 18:15:00+03:00,15,OK,87.55597014925372,Critical,A;M;V,1
2026-06-28 18:20:00+03:00,15,OK,87.55597014925372,Critical,A;M;V,1
2026-06-28 18:25:00+03:00,15,OK,87.55597014925372,Critical,A;M;V,1
2026-06-28 18:30:00+03:00,15,OK,87.55597014925372,Critical,A;M;V,1
2026-06-28 18:35:00+03:00,15,OK,87.55597014925372,Critical,A;M;V,1
2026-06-28 18:40:00+03:00,15,OK,87.55597014925372,Critical,A;M;V,1
2026-06-28 18:45:00+03:00,15,OK,87.55597014925372,Critical,A;M;V,1
2026-06-28 18:50:00+03:00,15,OK,87.55597014925372,Critical,A;M;V,1
2026-06-28 18:55:00+03:00,15,OK,87.55597014925372,Critical,A;M;V,1
2026-06-28 19:00:00+03:00,15,OK,87.55597014925372,Critical,A;M;V,1
2026-06-28 19:05:00+03:00,15,OK,87.52835300355932,Critical,A,2
2026-06-28 19:10:00+03:00,15,OK,87.50241050279617,Critical,A,2
2026-06-28 19:15:00+03:00,15,OK,87.46490642187776,Critical,A,2
2026-06-28 19:20:00+03:00,15,PARTIAL,18.416428376183365,Favorable,A,2
2026-06-28 19:25:00+03:00,15,PARTIAL,19.081594009020947,Favorable,A,2
2026-06-28 19:30:00+03:00,15,OK,87.41488567225552,Critical,A,2
2026-06-28 19:35:00+03:00,15,OK,87.39346340372772,Critical,A,2
2026-06-28 19:40:00+03:00,15,PARTIAL,22.664218722841873,Favorable,A,2
2026-06-28 19:45:00+03:00,15,OK,87.34457378944481,Critical,A,2
2026-06-28 19:50:00+03:00,15,OK,87.31688996860434,Critical,A,2
2026-06-28 19:55:00+03:00,15,OK,87.31791636941631,Critical,A,2
2026-06-28 20:00:00+03:00,15,OK,87.33251812287526,Critical,A,2
2026-06-28 20:05:00+03:00,15,OK,87.3262327809012,Critical,A,2
2026-06-28 20:10:00+03:00,15,OK,87.31913569900894,Critical,A,2
2026-06-28 20:15:00+03:00,15,OK,87.32309037265894,Critical,A,2
2026-06-28 20:20:00+03:00,15,OK,87.33839421681033,Critical,A,2
2026-06-28 20:25:00+03:00,15,OK,87.3470308526528,Critical,A,2
2026-06-28 20:30:00+03:00,15,OK,87.35113933089747,Critical,A,2
2026-06-28 20:35:00+03:00,15,OK,87.36744752745643,Critical,A,2
2026-06-28 20:40:00+03:00,15,OK,87.39425581628859,Critical,A,2
2026-06-28 20:45:00+03:00,15,OK,87.42269206054151,Critical,A,2
2026-06-28 20:50:00+03:00,15,OK,87.42025194955737,Critical,A,2
2026-06-28 20:55:00+03:00,15,OK,87.43087588996572,Critical,A,2
2026-06-28 21:00:00+03:00,15,OK,87.43009115641179,Critical,A,2
2026-06-28 21:05:00+03:00,15,OK,87.44883273724933,Critical,A,2
2026-06-28 21:10:00+03:00,15,OK,87.44415909278598,Critical,A,2
2026-06-28 21:15:00+03:00,15,OK,87.44379148169362,Critical,A,2
2026-06-28 21:20:00+03:00,15,OK,87.44733057632874,Critical,A,2
2026-06-28 21:25:00+03:00,15,OK,87.45749535232002,Critical,A,2
2026-06-28 21:30:00+03:00,15,OK,87.47419322498499,Critical,A,2
2026-06-28 21:35:00+03:00,15,OK,87.48082836978612,Critical,A,2
2026-06-28 21:40:00+03:00,15,OK,87.48206634620149,Critical,A,2
2026-06-28 21:45:00+03:00,15,OK,87.47314094551716,Critical,A,2
2026-06-28 21:50:00+03:00,15,OK,87.47107198784695,Critical,A,2
2026-06-28 21:55:00+03:00,15,OK,87.47564789152936,Critical,A,2
2026-06-28 22:00:00+03:00,15,OK,87.47779614868509,Critical,A,4
2026-06-28 22:05:00+03:00,15,OK,87.39914336301621,Critical,V,4
2026-06-28 22:10:00+03:00,15,OK,87.31529209621992,Critical,V,4
2026-06-28 22:15:00+03:00,15,OK,87.3806073664704,Critical,V,4
2026-06-28 22:20:00+03:00,15,OK,87.44880053309637,Critical,V,4
2026-06-28 22:25:00+03:00,15,OK,87.50990646580918,Critical,V,4
2026-06-28 22:30:00+03:00,15,OK,87.53368049681035,Critical,V,4
2026-06-28 22:35:00+03:00,15,OK,87.51797576826829,Critical,V,4
2026-06-28 22:40:00+03:00,15,OK,87.48622180197216,Critical,V,4
2026-06-28 22:45:00+03:00,15,OK,87.47487140275267,Critical,V,4
2026-06-28 22:50:00+03:00,15,OK,87.44523667313723,Critical,V,4
2026-06-28 22:55:00+03:00,15,OK,87.35956214411938,Critical,V,4
2026-06-28 23:00:00+03:00,15,OK,87.3918814049411,Critical,V,4
2026-06-28 23:05:00+03:00,15,OK,87.52045466320307,Critical,A,4
2026-06-28 23:10:00+03:00,15,OK,87.53194824102489,Critical,A,2
2026-06-28 23:15:00+03:00,15,OK,87.55083679547947,Critical,A,2
2026-06-28 23:20:00+03:00,15,OK,87.55597014925372,Critical,A;M;V,1
2026-06-28 23:25:00+03:00,15,OK,87.55597014925372,Critical,A;M;V,1
2026-06-28 23:30:00+03:00,15,OK,87.55597014925372,Critical,A;M;V,1
2026-06-28 23:35:00+03:00,15,OK,87.55597014925372,Critical,A;M;V,1
2026-06-28 23:40:00+03:00,15,OK,87.55597014925372,Critical,A;M;V,1
2026-06-28 23:45:00+03:00,15,OK,87.55597014925372,Critical,A;M;V,1
2026-06-28 23:50:00+03:00,15,OK,87.55597014925372,Critical,A;M;V,1
2026-06-28 23:55:00+03:00,15,OK,87.55597014925372,Critical,A;M;V,1
2026-06-29 00:00:00+03:00,15,OK,87.55597014925372,Critical,A;M;V,1
2026-06-29 00:05:00+03:00,15,OK,87.55597014925372,Critical,A;M;V,1
2026-06-29 00:10:00+03:00,15,OK,87.55597014925372,Critical,A;M;V,1
2026-06-29 00:15:00+03:00,15,OK,87.55597014925372,Critical,A;M;V,1
2026-06-29 00:20:00+03:00,15,OK,87.55555309639642,Critical,M,1
2026-06-29 00:25:00+03:00,15,OK,87.5238844344085,Critical,M,1
2026-06-29 00:30:00+03:00,15,OK,87.49362099092399,Critical,M,1
2026-06-29 00:35:00+03:00,15,OK,87.48632400683508,Critical,M,1
2026-06-29 00:40:00+03:00,15,PARTIAL,37.5,Acceptable,A;V,1
2026-06-29 00:45:00+03:00,15,PARTIAL,37.5,Acceptable,A;V,1
2026-06-29 00:50:00+03:00,15,PARTIAL,37.5,Acceptable,A;V,1
2026-06-29 00:55:00+03:00,15,OK,87.55250043203972,Critical,M,1
2026-06-29 01:00:00+03:00,15,OK,87.55597014925372,Critical,A;M;V,1
2026-06-29 01:05:00+03:00,15,PARTIAL,37.5,Acceptable,A;V,1
2026-06-29 01:10:00+03:00,15,OK,87.55597014925372,Critical,A;M;V,1
2026-06-29 01:15:00+03:00,15,OK,87.55597014925372,Critical,A;M;V,1
2026-06-29 01:20:00+03:00,15,OK,87.55597014925372,Critical,A;M;V,1
2026-06-29 01:25:00+03:00,15,PARTIAL,37.5,Acceptable,A;V,1
2026-06-29 01:30:00+03:00,15,OK,87.55597014925372,Critical,A;M;V,1
2026-06-29 01:35:00+03:00,15,OK,87.55597014925372,Critical,A;M;V,1
2026-06-29 01:40:00+03:00,15,OK,87.55597014925372,Critical,A;M;V,1
2026-06-29 01:45:00+03:00,15,PARTIAL,37.5,Acceptable,A;V,1
2026-06-29 01:50:00+03:00,15,PARTIAL,37.5,Acceptable,A;V,1
2026-06-29 01:55:00+03:00,15,OK,87.55597014925372,Critical,A;M;V,1
2026-06-29 02:00:00+03:00,15,OK,87.55597014925372,Critical,A;M;V,1
2026-06-29 02:05:00+03:00,15,OK,87.55597014925372,Critical,A;M;V,1
2026-06-29 02:10:00+03:00,15,OK,87.55597014925372,Critical,A;M;V,1
2026-06-29 02:15:00+03:00,15,OK,87.55244045527395,Critical,A,2
2026-06-29 02:20:00+03:00,15,OK,87.54496512605434,Critical,A,2
2026-06-29 02:25:00+03:00,15,OK,87.53302048960103,Critical,A,2
2026-06-29 02:30:00+03:00,15,OK,87.54704853734444,Critical,A,2
2026-06-29 02:35:00+03:00,15,OK,87.53938157885402,Critical,A,2
2026-06-29 02:40:00+03:00,15,OK,87.54563545328872,Critical,A,2
2026-06-29 02:45:00+03:00,15,OK,87.5386789145438,Critical,A,2
2026-06-29 02:50:00+03:00,15,OK,87.5325233748503,Critical,A,2
2026-06-29 02:55:00+03:00,15,OK,87.53942281866497,Critical,A,2
2026-06-29 03:00:00+03:00,15,OK,87.52603197548648,Critical,A,2
2026-06-29 03:05:00+03:00,15,OK,87.53465205046413,Critical,A,2
2026-06-29 03:10:00+03:00,15,OK,87.53157750671832,Critical,A,2
2026-06-29 03:15:00+03:00,15,OK,87.54481656069372,Critical,A,2
2026-06-29 03:20:00+03:00,15,PARTIAL,36.55761837421305,Acceptable,A,2
2026-06-29 03:25:00+03:00,15,OK,87.54602996281737,Critical,A,2
2026-06-29 03:30:00+03:00,15,OK,87.54833777954255,Critical,A,2
2026-06-29 03:35:00+03:00,15,OK,87.55597014925372,Critical,A;M;V,1
2026-06-29 03:40:00+03:00,15,OK,87.54986778562703,Critical,A,2
2026-06-29 03:45:00+03:00,15,OK,87.52833935819085,Critical,A,2
2026-06-29 03:50:00+03:00,15,OK,87.51200343311976,Critical,A,2
2026-06-29 03:55:00+03:00,15,OK,87.50973236234736,Critical,A,2
2026-06-29 04:00:00+03:00,15,OK,87.50506037265818,Critical,A,2
2026-06-29 04:05:00+03:00,15,OK,87.49802338804899,Critical,A,2
2026-06-29 04:10:00+03:00,15,OK,87.51026189682696,Critical,A,2
2026-06-29 04:15:00+03:00,15,OK,87.5029583462736,Critical,A,2
2026-06-29 04:20:00+03:00,15,OK,87.48830762838371,Critical,A,2
2026-06-29 04:25:00+03:00,15,OK,87.47082310904187,Critical,A,2
2026-06-29 04:30:00+03:00,15,OK,87.46773635918926,Critical,A,2
2026-06-29 04:35:00+03:00,15,OK,87.47691961684627,Critical,A,2
2026-06-29 04:40:00+03:00,15,OK,87.47459724604145,Critical,A,2
2026-06-29 04:45:00+03:00,15,OK,87.475229448079,Critical,A,2
2026-06-29 04:50:00+03:00,15,PARTIAL,33.619812317415196,Acceptable,A,2
2026-06-29 04:55:00+03:00,15,OK,87.48166420903391,Critical,A,2
2026-06-29 05:00:00+03:00,15,OK,87.483463199563,Critical,A,2
2026-06-29 05:05:00+03:00,15,OK,87.48275205056278,Critical,A,2
2026-06-29 05:10:00+03:00,15,OK,87.48193426490782,Critical,A,2
2026-06-29 05:15:00+03:00,15,OK,87.47446990952842,Critical,A,2
2026-06-29 05:20:00+03:00,15,OK,87.47055274714661,Critical,A,2
2026-06-29 05:25:00+03:00,15,OK,87.46951779855145,Critical,A,2
2026-06-29 05:30:00+03:00,15,PARTIAL,33.335912932995996,Acceptable,A,2
2026-06-29 05:35:00+03:00,15,OK,87.47936394865778,Critical,A,2
2026-06-29 05:40:00+03:00,15,OK,87.47093936940645,Critical,A,2
2026-06-29 05:45:00+03:00,15,OK,87.46094527013021,Critical,A,2
2026-06-29 05:50:00+03:00,15,OK,87.45552964483748,Critical,A,2
2026-06-29 05:55:00+03:00,15,OK,87.44201761736653,Critical,A,2
2026-06-29 06:00:00+03:00,15,OK,87.44579464599468,Critical,A,2
2026-06-29 06:05:00+03:00,15,OK,87.44009756021386,Critical,A,2
2026-06-29 06:10:00+03:00,15,OK,87.45638301421603,Critical,A,2
2026-06-29 06:15:00+03:00,15,OK,87.46272934426467,Critical,A,2
2026-06-29 06:20:00+03:00,15,OK,87.46864214883799,Critical,A,2
2026-06-29 06:25:00+03:00,15,OK,87.47037099343527,Critical,A,2
2026-06-29 06:30:00+03:00,15,OK,87.45625959160276,Critical,A,2
2026-06-29 06:35:00+03:00,15,OK,87.4487009116701,Critical,A,2
2026-06-29 06:40:00+03:00,15,OK,87.44878161224416,Critical,A,2
2026-06-29 06:45:00+03:00,15,OK,87.45951423130744,Critical,A,2
2026-06-29 06:50:00+03:00,15,OK,87.47396458418687,Critical,A,2
2026-06-29 06:55:00+03:00,15,OK,87.47873580924667,Critical,A,2
2026-06-29 07:00:00+03:00,15,OK,87.47784620945521,Critical,A,2
2026-06-29 07:05:00+03:00,15,OK,87.4786940832677,Critical,A,2
2026-06-29 07:10:00+03:00,15,OK,87.4839419256095,Critical,A,2
2026-06-29 07:15:00+03:00,15,OK,87.50562202505722,Critical,A,2
2026-06-29 07:20:00+03:00,15,OK,87.51903051908307,Critical,A,2
2026-06-29 07:25:00+03:00,15,OK,87.52293653577179,Critical,A,2
2026-06-29 07:30:00+03:00,15,OK,87.5275968605276,Critical,A,2
2026-06-29 07:35:00+03:00,15,OK,87.54020927797471,Critical,A,2
2026-06-29 07:40:00+03:00,15,OK,87.54932647816969,Critical,A,2
2026-06-29 07:45:00+03:00,15,OK,87.55597014925372,Critical,A;M;V,1
2026-06-29 07:50:00+03:00,15,OK,87.55010186064825,Critical,A,2
2026-06-29 07:55:00+03:00,15,OK,87.55597014925372,Critical,A;M;V,1
2026-06-29 08:00:00+03:00,15,OK,87.54968941211624,Critical,A,2
2026-06-29 08:05:00+03:00,15,OK,87.55597014925372,Critical,A;M;V,1
2026-06-29 08:10:00+03:00,15,OK,87.55597014925372,Critical,A;M;V,1
2026-06-29 08:15:00+03:00,15,OK,87.55597014925372,Critical,A;M;V,1
2026-06-29 08:20:00+03:00,15,OK,87.55597014925372,Critical,A;M;V,1
2026-06-29 08:25:00+03:00,15,OK,87.55597014925372,Critical,A;M;V,1
2026-06-29 08:30:00+03:00,15,OK,87.55597014925372,Critical,A;M;V,1
2026-06-29 08:35:00+03:00,15,OK,87.55597014925372,Critical,A;M;V,1
2026-06-29 08:40:00+03:00,15,OK,87.55597014925372,Critical,A;M;V,1
2026-06-29 08:45:00+03:00,15,OK,87.55597014925372,Critical,A;M;V,1
2026-06-29 08:50:00+03:00,15,OK,87.55597014925372,Critical,A;M;V,1
2026-06-29 08:55:00+03:00,15,OK,87.55597014925372,Critical,A;M;V,1
2026-06-29 09:00:00+03:00,15,OK,87.55597014925372,Critical,A;M;V,1
2026-06-29 09:05:00+03:00,15,OK,87.55597014925372,Critical,A;M;V,1
2026-06-29 09:10:00+03:00,15,OK,87.55597014925372,Critical,A;M;V,1
2026-06-29 09:15:00+03:00,15,OK,87.55597014925372,Critical,A;M;V,1
2026-06-29 09:20:00+03:00,15,OK,87.55597014925372,Critical,A;M;V,1
2026-06-29 09:25:00+03:00,15,OK,87.55597014925372,Critical,A;M;V,1
2026-06-29 09:30:00+03:00,15,OK,87.55597014925372,Critical,A;M;V,1
2026-06-29 09:35:00+03:00,15,OK,87.55597014925372,Critical,A;M;V,1
2026-06-29 09:40:00+03:00,15,OK,87.55597014925372,Critical,A;M;V,1
2026-06-29 09:45:00+03:00,15,OK,87.55597014925372,Critical,A;M;V,1
2026-06-29 09:50:00+03:00,15,OK,87.55597014925372,Critical,A;M;V,1
2026-06-29 09:55:00+03:00,15,OK,87.55597014925372,Critical,A;M;V,1
2026-06-29 10:00:00+03:00,15,OK,87.55597014925372,Critical,A;M;V,1
2026-06-29 10:05:00+03:00,15,OK,87.55597014925372,Critical,A;M;V,1
2026-06-29 10:10:00+03:00,15,OK,87.55597014925372,Critical,A;M;V,1
2026-06-29 10:15:00+03:00,15,OK,87.55597014925372,Critical,A;M;V,1
2026-06-29 10:20:00+03:00,15,OK,87.55597014925372,Critical,A;M;V,1
2026-06-29 10:25:00+03:00,15,OK,87.54781663707021,Critical,A,2
2026-06-29 10:30:00+03:00,15,OK,87.54555918099366,Critical,A,2
2026-06-29 10:35:00+03:00,15,OK,87.53976140589556,Critical,M,1
2026-06-29 10:40:00+03:00,15,OK,87.51064953331836,Critical,M,1
2026-06-29 10:45:00+03:00,15,OK,87.49136969265588,Critical,M,1
2026-06-29 10:50:00+03:00,15,OK,87.48044840481775,Critical,M,2
2026-06-29 10:55:00+03:00,15,OK,87.48297887699952,Critical,M,1
2026-06-29 11:00:00+03:00,15,OK,87.47818910154774,Critical,M,1
2026-06-29 11:05:00+03:00,15,OK,87.48873878710121,Critical,M,1
2026-06-29 11:10:00+03:00,15,OK,87.47745757475582,Critical,M,1
2026-06-29 11:15:00+03:00,15,OK,87.47569189126195,Critical,M,1
2026-06-29 11:20:00+03:00,15,OK,87.4790247480663,Critical,M,1
2026-06-29 11:25:00+03:00,15,OK,87.48238242673867,Critical,M,1
2026-06-29 11:30:00+03:00,15,OK,87.49217931847222,Critical,M,1
2026-06-29 11:35:00+03:00,15,OK,87.48450537686928,Critical,M,2
2026-06-29 11:40:00+03:00,15,OK,87.48236493012546,Critical,M,2
2026-06-29 11:45:00+03:00,15,OK,87.53194694454734,Critical,M,1
2026-06-29 11:50:00+03:00,15,OK,87.55597014925372,Critical,A;M;V,1
2026-06-29 11:55:00+03:00,15,OK,87.55597014925372,Critical,A;M;V,1
2026-06-29 12:00:00+03:00,15,OK,87.55597014925372,Critical,A;M;V,1
2026-06-29 12:05:00+03:00,15,OK,87.55597014925372,Critical,A;M;V,1
2026-06-29 12:10:00+03:00,15,OK,87.55597014925372,Critical,A;M;V,1
2026-06-29 12:15:00+03:00,15,OK,87.55597014925372,Critical,A;M;V,1
2026-06-29 12:20:00+03:00,15,OK,87.55597014925372,Critical,A;M;V,1
2026-06-29 12:25:00+03:00,15,OK,87.55597014925372,Critical,A;M;V,1
2026-06-29 12:30:00+03:00,15,OK,87.55597014925372,Critical,A;M;V,1
2026-06-29 12:35:00+03:00,15,OK,87.55597014925372,Critical,A;M;V,1
2026-06-29 12:40:00+03:00,15,OK,87.55597014925372,Critical,A;M;V,1
2026-06-29 12:45:00+03:00,15,OK,87.55597014925372,Critical,A;M;V,1
2026-06-29 12:50:00+03:00,15,OK,87.55597014925372,Critical,A;M;V,1
2026-06-29 12:55:00+03:00,15,OK,87.55597014925372,Critical,A;M;V,1
2026-06-29 13:00:00+03:00,15,OK,87.55597014925372,Critical,A;M;V,1
2026-06-29 13:05:00+03:00,15,OK,87.55597014925372,Critical,A;M;V,1
2026-06-29 13:10:00+03:00,15,OK,87.55597014925372,Critical,A;M;V,1
2026-06-29 13:15:00+03:00,15,OK,87.54997002136815,Critical,A,2
2026-06-29 13:20:00+03:00,15,OK,87.52027838470337,Critical,A,2
2026-06-29 13:25:00+03:00,15,OK,87.51597389875958,Critical,A,2
2026-06-29 13:30:00+03:00,15,OK,87.51332989980729,Critical,A,2
2026-06-29 13:35:00+03:00,15,OK,87.50914950450475,Critical,A,2
2026-06-29 13:40:00+03:00,15,OK,87.49055587233032,Critical,A,2
2026-06-29 13:45:00+03:00,15,OK,87.48328919676197,Critical,A,2
2026-06-29 13:50:00+03:00,15,OK,87.4769614468313,Critical,A,2
2026-06-29 13:55:00+03:00,15,OK,87.46545787906275,Critical,A,2
2026-06-29 14:00:00+03:00,15,OK,87.47300105840446,Critical,A,2
2026-06-29 14:05:00+03:00,15,OK,87.47108483167396,Critical,A,2
2026-06-29 14:10:00+03:00,15,OK,87.47758131380809,Critical,A,2
2026-06-29 14:15:00+03:00,15,OK,87.4724320847549,Critical,A,2
2026-06-29 14:20:00+03:00,15,OK,87.50123815807049,Critical,A,2
2026-06-29 14:25:00+03:00,15,OK,87.52975415031558,Critical,A,2
2026-06-29 14:30:00+03:00,15,OK,87.52568891845617,Critical,A,2
2026-06-29 14:35:00+03:00,15,OK,87.52563827892564,Critical,A,2
2026-06-29 14:40:00+03:00,15,OK,87.54647210807876,Critical,A,2
2026-06-29 14:45:00+03:00,15,OK,87.55597014925372,Critical,A;M;V,1
2026-06-29 14:50:00+03:00,15,OK,87.55597014925372,Critical,A;M;V,1
2026-06-29 14:55:00+03:00,15,OK,87.55597014925372,Critical,A;M;V,1
2026-06-29 15:00:00+03:00,15,OK,87.55597014925372,Critical,A;M;V,1
2026-06-29 15:05:00+03:00,15,OK,87.55597014925372,Critical,A;M;V,1
2026-06-29 15:10:00+03:00,15,OK,87.55597014925372,Critical,A;M;V,1
2026-06-29 15:15:00+03:00,15,OK,87.55597014925372,Critical,A;M;V,1
2026-06-29 15:20:00+03:00,15,OK,87.55597014925372,Critical,A;M;V,1
2026-06-29 15:25:00+03:00,15,OK,87.55597014925372,Critical,A;M;V,1
2026-06-29 15:30:00+03:00,15,OK,87.55597014925372,Critical,A;M;V,1
2026-06-29 15:35:00+03:00,15,OK,87.55597014925372,Critical,A;M;V,1
2026-06-29 15:40:00+03:00,15,OK,87.55597014925372,Critical,A;M;V,1
2026-06-29 15:45:00+03:00,15,OK,87.53716278446932,Critical,A,2
2026-06-29 15:50:00+03:00,15,OK,87.48804050649699,Critical,A,2
2026-06-29 15:55:00+03:00,15,OK,87.48776654070086,Critical,A,2
2026-06-29 16:00:00+03:00,15,OK,87.51318910522558,Critical,A,2
2026-06-29 16:05:00+03:00,15,OK,87.37801192481732,Critical,A,1
2026-06-29 16:10:00+03:00,15,OK,87.42034639994432,Critical,A,1
2026-06-29 16:15:00+03:00,15,OK,87.55597014925372,Critical,A;M;V,1
2026-06-29 16:20:00+03:00,15,OK,87.36033640642636,Critical,A,1
2026-06-29 16:25:00+03:00,15,OK,87.4912882690623,Critical,A,1
2026-06-29 16:30:00+03:00,15,OK,87.55597014925372,Critical,A;M;V,1
2026-06-29 16:35:00+03:00,15,OK,87.38200677976539,Critical,A,2
2026-06-29 16:40:00+03:00,15,OK,87.447459394514,Critical,A,1
2026-06-29 16:45:00+03:00,15,OK,87.55597014925372,Critical,A;M;V,1
2026-06-29 16:50:00+03:00,15,OK,87.55597014925372,Critical,A;M;V,1
2026-06-29 16:55:00+03:00,15,OK,87.44533099491834,Critical,A,2
2026-06-29 17:00:00+03:00,15,OK,87.5411599034212,Critical,A,2
2026-06-29 17:05:00+03:00,15,OK,87.55597014925372,Critical,A;M;V,1
2026-06-29 17:10:00+03:00,15,OK,87.55597014925372,Critical,A;M;V,1
2026-06-29 17:15:00+03:00,15,OK,87.55597014925372,Critical,A;M;V,1
2026-06-29 17:20:00+03:00,15,OK,87.55597014925372,Critical,A;M;V,1
2026-06-29 17:25:00+03:00,15,OK,87.55597014925372,Critical,A;M;V,1
2026-06-29 17:30:00+03:00,15,OK,87.53102549578398,Critical,A,2
2026-06-29 17:35:00+03:00,15,OK,87.50162692482155,Critical,A,2
2026-06-29 17:40:00+03:00,15,OK,87.48899270232786,Critical,A,2
2026-06-29 17:45:00+03:00,15,OK,87.50429544491098,Critical,A,2
2026-06-29 17:50:00+03:00,15,OK,87.51596378389675,Critical,A,2
2026-06-29 17:55:00+03:00,15,OK,87.51685871226937,Critical,A,2
2026-06-29 18:00:00+03:00,15,OK,87.53275772019487,Critical,A,2
2026-06-29 18:05:00+03:00,15,OK,87.54540951828852,Critical,A,2
2026-06-29 18:10:00+03:00,15,OK,87.55597014925372,Critical,A;M;V,1
2026-06-29 18:15:00+03:00,15,OK,87.55597014925372,Critical,A;M;V,1
2026-06-29 18:20:00+03:00,15,OK,87.55597014925372,Critical,A;M;V,1
2026-06-29 18:25:00+03:00,15,OK,87.55597014925372,Critical,A;M;V,1
2026-06-29 18:30:00+03:00,15,OK,87.55597014925372,Critical,A;M;V,1
2026-06-29 18:35:00+03:00,15,OK,87.55597014925372,Critical,A;M;V,1
2026-06-29 18:40:00+03:00,15,OK,87.55597014925372,Critical,A;M;V,1
2026-06-29 18:45:00+03:00,15,OK,87.55597014925372,Critical,A;M;V,1
2026-06-29 18:50:00+03:00,15,OK,87.55597014925372,Critical,A;M;V,1
2026-06-29 18:55:00+03:00,15,OK,87.55597014925372,Critical,A;M;V,1
2026-06-29 19:00:00+03:00,15,OK,87.55597014925372,Critical,A;M;V,1
2026-06-29 19:05:00+03:00,15,OK,87.55597014925372,Critical,A;M;V,1
2026-06-29 19:10:00+03:00,15,OK,87.55597014925372,Critical,A;M;V,1
2026-06-29 19:15:00+03:00,15,OK,87.55597014925372,Critical,A;M;V,1
2026-06-29 19:20:00+03:00,15,OK,87.55597014925372,Critical,A;M;V,1
2026-06-29 19:25:00+03:00,15,OK,87.55597014925372,Critical,A;M;V,1
2026-06-29 19:30:00+03:00,15,OK,87.55597014925372,Critical,A;M;V,1
2026-06-29 19:35:00+03:00,15,OK,87.55597014925372,Critical,A;M;V,1
2026-06-29 19:40:00+03:00,15,OK,87.55597014925372,Critical,A;M;V,1
2026-06-29 19:45:00+03:00,15,OK,87.55597014925372,Critical,A;M;V,1
2026-06-29 19:50:00+03:00,15,OK,87.55597014925372,Critical,A;M;V,1
2026-06-29 19:55:00+03:00,15,OK,87.55597014925372,Critical,A;M;V,1
2026-06-29 20:00:00+03:00,15,OK,87.55597014925372,Critical,A;M;V,1
2026-06-29 20:05:00+03:00,15,OK,87.55597014925372,Critical,A;M;V,1
2026-06-29 20:10:00+03:00,15,PARTIAL,37.5,Acceptable,A;V,1
2026-06-29 20:15:00+03:00,15,OK,87.55597014925372,Critical,A;M;V,1
2026-06-29 20:20:00+03:00,15,OK,87.55597014925372,Critical,A;M;V,1
2026-06-29 20:25:00+03:00,15,OK,87.55597014925372,Critical,A;M;V,1
2026-06-29 20:30:00+03:00,15,OK,87.55597014925372,Critical,A;M;V,1
2026-06-29 20:35:00+03:00,15,OK,87.55597014925372,Critical,A;M;V,1
2026-06-29 20:40:00+03:00,15,OK,87.55597014925372,Critical,A;M;V,1
2026-06-29 20:45:00+03:00,15,OK,87.55597014925372,Critical,A;M;V,1
2026-06-29 20:50:00+03:00,15,OK,87.55597014925372,Critical,A;M;V,1
2026-06-29 20:55:00+03:00,15,OK,87.55597014925372,Critical,A;M;V,1
2026-06-29 21:00:00+03:00,15,OK,87.55597014925372,Critical,A;M;V,1
2026-06-29 21:05:00+03:00,15,OK,87.55597014925372,Critical,A;M;V,1
2026-06-29 21:10:00+03:00,15,OK,87.55597014925372,Critical,A;M;V,1
2026-06-29 21:15:00+03:00,15,OK,87.55597014925372,Critical,A;M;V,1
2026-06-29 21:20:00+03:00,15,OK,87.55597014925372,Critical,A;M;V,1
2026-06-29 21:25:00+03:00,15,OK,87.55597014925372,Critical,A;M;V,1
2026-06-29 21:30:00+03:00,15,OK,87.55597014925372,Critical,A;M;V,1
2026-06-29 21:35:00+03:00,15,OK,87.55597014925372,Critical,A;M;V,1
2026-06-29 21:40:00+03:00,15,OK,87.55597014925372,Critical,A;M;V,1
2026-06-29 21:45:00+03:00,15,OK,87.55597014925372,Critical,A;M;V,1
2026-06-29 21:50:00+03:00,15,OK,87.55597014925372,Critical,A;M;V,1
2026-06-29 21:55:00+03:00,15,OK,87.55597014925372,Critical,A;M;V,1
2026-06-29 22:00:00+03:00,15,OK,87.55597014925372,Critical,A;M;V,1
2026-06-29 22:05:00+03:00,15,OK,87.55597014925372,Critical,A;M;V,1
2026-06-29 22:10:00+03:00,15,OK,87.55597014925372,Critical,A;M;V,1
2026-06-29 22:15:00+03:00,15,OK,87.55597014925372,Critical,A;M;V,1
2026-06-29 22:20:00+03:00,15,OK,87.55597014925372,Critical,A;M;V,1
2026-06-29 22:25:00+03:00,15,OK,87.52275031800508,Critical,A,2
2026-06-29 22:30:00+03:00,15,OK,87.50872391737093,Critical,A,2
2026-06-29 22:35:00+03:00,15,OK,87.48183038202774,Critical,A,2
2026-06-29 22:40:00+03:00,15,OK,87.51061866804577,Critical,A,2
2026-06-29 22:45:00+03:00,15,PARTIAL,40.16314566984946,Acceptable,A,2
2026-06-29 22:50:00+03:00,15,PARTIAL,40.176326928892145,Acceptable,A,2
2026-06-29 22:55:00+03:00,15,PARTIAL,42.31273996747491,Acceptable,A,2
2026-06-29 23:00:00+03:00,15,OK,87.44958605749136,Critical,A,2
2026-06-29 23:05:00+03:00,15,OK,87.43794832037695,Critical,A,2
2026-06-29 23:10:00+03:00,15,OK,87.4685071908692,Critical,A,2
2026-06-29 23:15:00+03:00,15,OK,87.49147578942322,Critical,A,2
2026-06-29 23:20:00+03:00,15,OK,87.50564426280744,Critical,A,2
2026-06-29 23:25:00+03:00,15,OK,87.5017244198464,Critical,A,2
2026-06-29 23:30:00+03:00,15,OK,87.50491581894771,Critical,A,2
2026-06-29 23:35:00+03:00,15,PARTIAL,40.03463542129319,Acceptable,A,2
2026-06-29 23:40:00+03:00,15,PARTIAL,39.403456365272355,Acceptable,V,4
2026-06-29 23:45:00+03:00,15,OK,87.4503098716246,Critical,V,4
2026-06-29 23:50:00+03:00,15,OK,87.43646198384886,Critical,V,4
2026-06-29 23:55:00+03:00,15,OK,87.44459398833555,Critical,V,4
2026-06-30 00:00:00+03:00,15,OK,87.45721439976774,Critical,V,2
2026-06-30 00:05:00+03:00,15,OK,87.49232149980054,Critical,V,2
2026-06-30 00:10:00+03:00,15,OK,87.5180959874115,Critical,V,2
2026-06-30 00:15:00+03:00,15,OK,87.5422965151774,Critical,V,2
2026-06-30 00:20:00+03:00,15,OK,87.5269446568787,Critical,V,2
2026-06-30 00:25:00+03:00,15,OK,87.50348362827171,Critical,V,2
2026-06-30 00:30:00+03:00,15,OK,87.4967591747307,Critical,V,2
2026-06-30 00:35:00+03:00,15,OK,87.47861864756922,Critical,V,2
2026-06-30 00:40:00+03:00,15,OK,87.47364384325753,Critical,V,2
2026-06-30 00:45:00+03:00,15,OK,87.4829382917859,Critical,V,2
2026-06-30 00:50:00+03:00,15,OK,87.5443472806704,Critical,V,2
2026-06-30 00:55:00+03:00,15,OK,87.55597014925372,Critical,A;M;V,1
2026-06-30 01:00:00+03:00,15,OK,87.55597014925372,Critical,A;M;V,1
2026-06-30 01:05:00+03:00,15,OK,87.55597014925372,Critical,A;M;V,1
2026-06-30 01:10:00+03:00,15,OK,87.55597014925372,Critical,A;M;V,1
2026-06-30 01:15:00+03:00,15,OK,87.55597014925372,Critical,A;M;V,1
2026-06-30 01:20:00+03:00,15,OK,87.55597014925372,Critical,A;M;V,1
2026-06-30 01:25:00+03:00,15,OK,87.55597014925372,Critical,A;M;V,1
2026-06-30 01:30:00+03:00,15,OK,87.55597014925372,Critical,A;M;V,1
2026-06-30 01:35:00+03:00,15,OK,87.55597014925372,Critical,A;M;V,1
2026-06-30 01:40:00+03:00,15,OK,87.55597014925372,Critical,A;M;V,1
2026-06-30 01:45:00+03:00,15,OK,87.55597014925372,Critical,A;M;V,1
2026-06-30 01:50:00+03:00,15,OK,87.55597014925372,Critical,A;M;V,1
2026-06-30 01:55:00+03:00,15,OK,87.55597014925372,Critical,A;M;V,1
2026-06-30 02:00:00+03:00,15,OK,87.55597014925372,Critical,A;M;V,1
2026-06-30 02:05:00+03:00,15,OK,87.55597014925372,Critical,A;M;V,1
2026-06-30 02:10:00+03:00,15,OK,87.55597014925372,Critical,A;M;V,1
2026-06-30 02:15:00+03:00,15,OK,87.55597014925372,Critical,A;M;V,1
2026-06-30 02:20:00+03:00,15,OK,87.55597014925372,Critical,A;M;V,1
2026-06-30 02:25:00+03:00,15,OK,87.55597014925372,Critical,A;M;V,1
2026-06-30 02:30:00+03:00,15,OK,87.55597014925372,Critical,A;M;V,1
2026-06-30 02:35:00+03:00,15,OK,87.55597014925372,Critical,A;M;V,1
2026-06-30 02:40:00+03:00,15,OK,87.55597014925372,Critical,A;M;V,1
2026-06-30 02:45:00+03:00,15,OK,87.55597014925372,Critical,A;M;V,1
2026-06-30 02:50:00+03:00,15,OK,87.55597014925372,Critical,A;M;V,1
2026-06-30 02:55:00+03:00,15,OK,87.55597014925372,Critical,A;M;V,1
2026-06-30 03:00:00+03:00,15,OK,87.55597014925372,Critical,A;M;V,1
2026-06-30 03:05:00+03:00,15,OK,87.55597014925372,Critical,A;M;V,1
2026-06-30 03:10:00+03:00,15,OK,87.55597014925372,Critical,A;M;V,1
2026-06-30 03:15:00+03:00,15,OK,87.55597014925372,Critical,A;M;V,1
2026-06-30 03:20:00+03:00,15,OK,87.55597014925372,Critical,A;M;V,1
2026-06-30 03:25:00+03:00,15,OK,87.55597014925372,Critical,A;M;V,1
2026-06-30 03:30:00+03:00,15,OK,87.55597014925372,Critical,A;M;V,1
2026-06-30 03:35:00+03:00,15,OK,87.55597014925372,Critical,A;M;V,1
2026-06-30 03:40:00+03:00,15,OK,87.55597014925372,Critical,A;M;V,1
2026-06-30 03:45:00+03:00,15,OK,87.55597014925372,Critical,A;M;V,1
2026-06-30 03:50:00+03:00,15,OK,87.55597014925372,Critical,A;M;V,1
2026-06-30 03:55:00+03:00,15,OK,87.55597014925372,Critical,A;M;V,1
2026-06-30 04:00:00+03:00,15,OK,87.55597014925372,Critical,A;M;V,1
2026-06-30 04:05:00+03:00,15,OK,87.55597014925372,Critical,A;M;V,1
2026-06-30 04:10:00+03:00,15,OK,87.55597014925372,Critical,A;M;V,1
2026-06-30 04:15:00+03:00,15,OK,87.55597014925372,Critical,A;M;V,1
2026-06-30 04:20:00+03:00,15,OK,87.55597014925372,Critical,A;M;V,1
2026-06-30 04:25:00+03:00,15,OK,87.55597014925372,Critical,A;M;V,1
2026-06-30 04:30:00+03:00,15,OK,87.55597014925372,Critical,A;M;V,1
2026-06-30 04:35:00+03:00,15,OK,87.55597014925372,Critical,A;M;V,1
2026-06-30 04:40:00+03:00,15,OK,87.55597014925372,Critical,A;M;V,1
2026-06-30 04:45:00+03:00,15,OK,87.55597014925372,Critical,A;M;V,1
2026-06-30 04:50:00+03:00,15,OK,87.55597014925372,Critical,A;M;V,1
2026-06-30 04:55:00+03:00,15,OK,87.55597014925372,Critical,A;M;V,1
2026-06-30 05:00:00+03:00,15,OK,87.55597014925372,Critical,A;M;V,1
2026-06-30 05:05:00+03:00,15,OK,87.55597014925372,Critical,A;M;V,1
2026-06-30 05:10:00+03:00,15,OK,87.55597014925372,Critical,A;M;V,1
2026-06-30 05:15:00+03:00,15,OK,87.55597014925372,Critical,A;M;V,1
2026-06-30 05:20:00+03:00,15,OK,87.55597014925372,Critical,A;M;V,1
2026-06-30 05:25:00+03:00,15,OK,87.55597014925372,Critical,A;M;V,1
2026-06-30 05:30:00+03:00,15,OK,87.55597014925372,Critical,A;M;V,1
2026-06-30 05:35:00+03:00,15,OK,87.55597014925372,Critical,A;M;V,1
2026-06-30 05:40:00+03:00,15,OK,87.55597014925372,Critical,A;M;V,1
2026-06-30 05:45:00+03:00,15,OK,87.55597014925372,Critical,A;M;V,1
2026-06-30 05:50:00+03:00,15,OK,87.55597014925372,Critical,A;M;V,1
2026-06-30 05:55:00+03:00,15,OK,87.55597014925372,Critical,A;M;V,1
2026-06-30 06:00:00+03:00,15,OK,87.55597014925372,Critical,A;M;V,1
2026-06-30 06:05:00+03:00,15,OK,87.55597014925372,Critical,A;M;V,1
2026-06-30 06:10:00+03:00,15,OK,87.55597014925372,Critical,A;M;V,1
2026-06-30 06:15:00+03:00,15,OK,87.55597014925372,Critical,A;M;V,1
2026-06-30 06:20:00+03:00,15,OK,87.55597014925372,Critical,A;M;V,1
2026-06-30 06:25:00+03:00,15,OK,87.55597014925372,Critical,A;M;V,1
2026-06-30 06:30:00+03:00,15,OK,87.55597014925372,Critical,A;M;V,1
2026-06-30 06:35:00+03:00,15,OK,87.55597014925372,Critical,A;M;V,1
2026-06-30 06:40:00+03:00,15,OK,87.55597014925372,Critical,A;M;V,1
2026-06-30 06:45:00+03:00,15,OK,87.55597014925372,Critical,A;M;V,1
2026-06-30 06:50:00+03:00,15,OK,87.55597014925372,Critical,A;M;V,1
2026-06-30 06:55:00+03:00,15,OK,87.55597014925372,Critical,A;M;V,1
2026-06-30 07:00:00+03:00,15,OK,87.55597014925372,Critical,A;M;V,1
2026-06-30 07:05:00+03:00,15,OK,87.55597014925372,Critical,A;M;V,1
2026-06-30 07:10:00+03:00,15,OK,87.55597014925372,Critical,A;M;V,1
2026-06-30 07:15:00+03:00,15,OK,87.55597014925372,Critical,A;M;V,1
2026-06-30 07:20:00+03:00,15,OK,87.55597014925372,Critical,A;M;V,1
2026-06-30 07:25:00+03:00,15,OK,87.55597014925372,Critical,A;M;V,1
2026-06-30 07:30:00+03:00,15,OK,87.55597014925372,Critical,A;M;V,1
2026-06-30 07:35:00+03:00,15,OK,87.55597014925372,Critical,A;M;V,1
2026-06-30 07:40:00+03:00,15,OK,87.55597014925372,Critical,A;M;V,1
2026-06-30 07:45:00+03:00,15,OK,87.55597014925372,Critical,A;M;V,1
2026-06-30 07:50:00+03:00,15,OK,87.55597014925372,Critical,A;M;V,1
2026-06-30 07:55:00+03:00,15,OK,87.55597014925372,Critical,A;M;V,1
2026-06-30 08:00:00+03:00,15,OK,87.55531681649245,Critical,M,1
2026-06-30 08:05:00+03:00,15,OK,87.55597014925372,Critical,A;M;V,1
2026-06-30 08:10:00+03:00,15,OK,87.55597014925372,Critical,A;M;V,1
2026-06-30 08:15:00+03:00,15,OK,87.55597014925372,Critical,A;M;V,1
2026-06-30 08:20:00+03:00,15,OK,87.55597014925372,Critical,A;M;V,1
2026-06-30 08:25:00+03:00,15,OK,87.55597014925372,Critical,A;M;V,1
2026-06-30 08:30:00+03:00,15,OK,87.55597014925372,Critical,A;M;V,1
2026-06-30 08:35:00+03:00,15,OK,87.55597014925372,Critical,A;M;V,1
2026-06-30 08:40:00+03:00,15,OK,87.55597014925372,Critical,A;M;V,1
2026-06-30 08:45:00+03:00,15,OK,87.55597014925372,Critical,A;M;V,1
2026-06-30 08:50:00+03:00,15,OK,87.55597014925372,Critical,A;M;V,1
2026-06-30 08:55:00+03:00,15,OK,87.55597014925372,Critical,A;M;V,1
2026-06-30 09:00:00+03:00,15,OK,87.55597014925372,Critical,A;M;V,1
2026-06-30 09:05:00+03:00,15,OK,87.55597014925372,Critical,A;M;V,1
2026-06-30 09:10:00+03:00,15,OK,87.55597014925372,Critical,A;M;V,1
2026-06-30 09:15:00+03:00,15,OK,87.55597014925372,Critical,A;M;V,1
2026-06-30 09:20:00+03:00,15,OK,87.55597014925372,Critical,A;M;V,1
2026-06-30 09:25:00+03:00,15,OK,87.55597014925372,Critical,A;M;V,1
2026-06-30 09:30:00+03:00,15,OK,87.55597014925372,Critical,A;M;V,1
2026-06-30 09:35:00+03:00,15,OK,87.55597014925372,Critical,A;M;V,1
2026-06-30 09:40:00+03:00,15,OK,87.55597014925372,Critical,A;M;V,1
2026-06-30 09:45:00+03:00,15,OK,87.55597014925372,Critical,A;M;V,1
2026-06-30 09:50:00+03:00,15,OK,87.55597014925372,Critical,A;M;V,1
2026-06-30 09:55:00+03:00,15,OK,87.55597014925372,Critical,A;M;V,1
2026-06-30 10:00:00+03:00,15,OK,87.52051070486567,Critical,A,2
2026-06-30 10:05:00+03:00,15,OK,87.49114785536052,Critical,A,2
2026-06-30 10:10:00+03:00,15,OK,87.4667482416799,Critical,A,2
2026-06-30 10:15:00+03:00,15,OK,87.4708877370311,Critical,A,2
2026-06-30 10:20:00+03:00,15,OK,87.45290429667246,Critical,A,2
2026-06-30 10:25:00+03:00,15,OK,87.55597014925372,Critical,A;M;V,1
2026-06-30 10:30:00+03:00,15,OK,87.46669740388707,Critical,V,2
2026-06-30 10:35:00+03:00,15,OK,87.54914202440357,Critical,A,1
2026-06-30 10:40:00+03:00,15,OK,87.428532917275,Critical,V,2
2026-06-30 10:45:00+03:00,15,OK,87.35072429228401,Critical,A,2
2026-06-30 10:50:00+03:00,15,OK,87.50040250351859,Critical,V,2
2026-06-30 10:55:00+03:00,15,OK,87.49933932645112,Critical,A,2
2026-06-30 11:00:00+03:00,15,PARTIAL,30.1136683865619,Acceptable,A,2
2026-06-30 11:05:00+03:00,15,OK,87.33324004986595,Critical,A,2
2026-06-30 11:10:00+03:00,15,OK,87.35548412216299,Critical,A,2
2026-06-30 11:15:00+03:00,15,OK,87.40212879097662,Critical,A,2
2026-06-30 11:20:00+03:00,15,OK,87.42849523910378,Critical,A,2
2026-06-30 11:25:00+03:00,15,OK,87.42529466203555,Critical,A,2
2026-06-30 11:30:00+03:00,15,OK,87.45046397184409,Critical,A,2
2026-06-30 11:35:00+03:00,15,OK,87.49597021011087,Critical,A,2
2026-06-30 11:40:00+03:00,15,OK,87.5234021403452,Critical,A,2
2026-06-30 11:45:00+03:00,15,OK,87.54546439206784,Critical,A,2
2026-06-30 11:50:00+03:00,15,PARTIAL,12.457682198863903,Favorable,A,2
2026-06-30 11:55:00+03:00,15,OK,87.55597014925372,Critical,A;M;V,1
2026-06-30 12:00:00+03:00,15,PARTIAL,12.444029850746269,Favorable,A;V,1
2026-06-30 12:05:00+03:00,15,OK,87.55597014925372,Critical,A;M;V,1
2026-06-30 12:10:00+03:00,15,OK,87.55597014925372,Critical,A;M;V,1
2026-06-30 12:15:00+03:00,15,OK,87.55597014925372,Critical,A;M;V,1
2026-06-30 12:20:00+03:00,15,OK,87.55597014925372,Critical,A;M;V,1
2026-06-30 12:25:00+03:00,15,OK,87.55597014925372,Critical,A;M;V,1
2026-06-30 12:30:00+03:00,15,OK,87.55597014925372,Critical,A;M;V,1
2026-06-30 12:35:00+03:00,15,PARTIAL,12.444029850746269,Favorable,A;V,1
2026-06-30 12:40:00+03:00,15,OK,87.55597014925372,Critical,A;M;V,1
2026-06-30 12:45:00+03:00,15,OK,87.55597014925372,Critical,A;M;V,1
2026-06-30 12:50:00+03:00,15,OK,87.55597014925372,Critical,A;M;V,1
2026-06-30 12:55:00+03:00,15,OK,87.55597014925372,Critical,A;M;V,1
2026-06-30 13:00:00+03:00,15,PARTIAL,12.444029850746269,Favorable,A;V,1
2026-06-30 13:05:00+03:00,15,OK,87.55597014925372,Critical,A;M;V,1
2026-06-30 13:10:00+03:00,15,OK,87.55597014925372,Critical,A;M;V,1
2026-06-30 13:15:00+03:00,15,OK,87.55597014925372,Critical,A;M;V,1
2026-06-30 13:20:00+03:00,15,OK,87.55597014925372,Critical,A;M;V,1
2026-06-30 13:25:00+03:00,15,OK,87.55597014925372,Critical,A;M;V,1
2026-06-30 13:30:00+03:00,15,OK,87.55597014925372,Critical,A;M;V,1
2026-06-30 13:35:00+03:00,15,OK,87.55597014925372,Critical,A;M;V,1
2026-06-30 13:40:00+03:00,15,OK,87.55597014925372,Critical,A;M;V,1
2026-06-30 13:45:00+03:00,15,OK,87.55597014925372,Critical,A;M;V,1
2026-06-30 13:50:00+03:00,15,OK,87.55597014925372,Critical,A;M;V,1
2026-06-30 13:55:00+03:00,15,OK,87.55597014925372,Critical,A;M;V,1
2026-06-30 14:00:00+03:00,15,OK,87.55597014925372,Critical,A;M;V,1
2026-06-30 14:05:00+03:00,15,OK,87.55597014925372,Critical,A;M;V,1
2026-06-30 14:10:00+03:00,15,OK,87.55597014925372,Critical,A;M;V,1
2026-06-30 14:15:00+03:00,15,OK,87.55597014925372,Critical,A;M;V,1
2026-06-30 14:20:00+03:00,15,OK,87.55597014925372,Critical,A;M;V,1
2026-06-30 14:25:00+03:00,15,OK,87.55597014925372,Critical,A;M;V,1
2026-06-30 14:30:00+03:00,15,OK,87.55597014925372,Critical,A;M;V,1
2026-06-30 14:35:00+03:00,15,OK,87.55597014925372,Critical,A;M;V,1
2026-06-30 14:40:00+03:00,15,OK,87.55597014925372,Critical,A;M;V,1
2026-06-30 14:45:00+03:00,15,OK,87.55597014925372,Critical,A;M;V,1
2026-06-30 14:50:00+03:00,15,OK,87.55597014925372,Critical,A;M;V,1
2026-06-30 14:55:00+03:00,15,OK,87.55597014925372,Critical,A;M;V,1
2026-06-30 15:00:00+03:00,15,OK,87.55597014925372,Critical,A;M;V,1
2026-06-30 15:05:00+03:00,15,OK,87.55597014925372,Critical,A;M;V,1
2026-06-30 15:10:00+03:00,15,OK,87.55597014925372,Critical,A;M;V,1
2026-06-30 15:15:00+03:00,15,OK,87.55597014925372,Critical,A;M;V,1
2026-06-30 15:20:00+03:00,15,OK,87.55597014925372,Critical,A;M;V,1
2026-06-30 15:25:00+03:00,15,OK,87.55597014925372,Critical,A;M;V,1
2026-06-30 15:30:00+03:00,15,OK,87.55597014925372,Critical,A;M;V,1
2026-06-30 15:35:00+03:00,15,OK,87.55597014925372,Critical,A;M;V,1
2026-06-30 15:40:00+03:00,15,OK,87.55597014925372,Critical,A;M;V,1
2026-06-30 15:45:00+03:00,15,OK,87.55597014925372,Critical,A;M;V,1
2026-06-30 15:50:00+03:00,15,OK,87.55597014925372,Critical,A;M;V,1
2026-06-30 15:55:00+03:00,15,OK,87.55597014925372,Critical,A;M;V,1
2026-06-30 16:00:00+03:00,15,OK,87.55597014925372,Critical,A;M;V,1
2026-06-30 16:05:00+03:00,15,OK,87.55597014925372,Critical,A;M;V,1
2026-06-30 16:10:00+03:00,15,OK,87.55597014925372,Critical,A;M;V,1
2026-06-30 16:15:00+03:00,15,OK,87.55597014925372,Critical,A;M;V,1
2026-06-30 16:20:00+03:00,15,OK,87.55597014925372,Critical,A;M;V,1
2026-06-30 16:25:00+03:00,15,OK,87.55133843683838,Critical,A,2
2026-06-30 16:30:00+03:00,15,OK,87.49860035652031,Critical,A,2
2026-06-30 16:35:00+03:00,15,OK,87.45996075636808,Critical,A,2
2026-06-30 16:40:00+03:00,15,OK,87.42596525595424,Critical,A,2
2026-06-30 16:45:00+03:00,15,OK,87.42806517870592,Critical,A,2
2026-06-30 16:50:00+03:00,15,OK,87.46936635231165,Critical,A,2
2026-06-30 16:55:00+03:00,15,OK,87.53629645616311,Critical,A,2
2026-06-30 17:00:00+03:00,15,OK,87.55597014925372,Critical,A;M;V,1
2026-06-30 17:05:00+03:00,15,OK,87.55597014925372,Critical,A;M;V,1
2026-06-30 17:10:00+03:00,15,OK,87.55597014925372,Critical,A;M;V,1
2026-06-30 17:15:00+03:00,15,OK,87.55597014925372,Critical,A;M;V,1
2026-06-30 17:20:00+03:00,15,OK,87.55597014925372,Critical,A;M;V,1
2026-06-30 17:25:00+03:00,15,OK,87.55597014925372,Critical,A;M;V,1
2026-06-30 17:30:00+03:00,15,OK,87.55597014925372,Critical,A;M;V,1
2026-06-30 17:35:00+03:00,15,OK,87.55597014925372,Critical,A;M;V,1
2026-06-30 17:40:00+03:00,15,OK,87.55597014925372,Critical,A;M;V,1
2026-06-30 17:45:00+03:00,15,OK,87.55597014925372,Critical,A;M;V,1
2026-06-30 17:50:00+03:00,15,OK,87.55597014925372,Critical,A;M;V,1
2026-06-30 17:55:00+03:00,15,OK,87.55597014925372,Critical,A;M;V,1
2026-06-30 18:00:00+03:00,15,OK,87.55597014925372,Critical,A;M;V,1
2026-06-30 18:05:00+03:00,15,OK,87.55597014925372,Critical,A;M;V,1
2026-06-30 18:10:00+03:00,15,OK,87.55597014925372,Critical,A;M;V,1
2026-06-30 18:15:00+03:00,15,OK,87.55597014925372,Critical,A;M;V,1
2026-06-30 18:20:00+03:00,15,OK,87.55597014925372,Critical,A;M;V,1
2026-06-30 18:25:00+03:00,15,OK,87.55597014925372,Critical,A;M;V,1
2026-06-30 18:30:00+03:00,15,OK,87.55597014925372,Critical,A;M;V,1
2026-06-30 18:35:00+03:00,15,OK,87.55597014925372,Critical,A;M;V,1
2026-06-30 18:40:00+03:00,15,OK,87.55597014925372,Critical,A;M;V,1
2026-06-30 18:45:00+03:00,15,OK,87.55597014925372,Critical,A;M;V,1
2026-06-30 18:50:00+03:00,15,OK,87.55597014925372,Critical,A;M;V,1
2026-06-30 18:55:00+03:00,15,OK,87.55597014925372,Critical,A;M;V,1
2026-06-30 19:00:00+03:00,15,OK,87.55597014925372,Critical,A;M;V,1
2026-06-30 19:05:00+03:00,15,PARTIAL,12.444029850746269,Favorable,A;V,1
2026-06-30 19:10:00+03:00,15,PARTIAL,12.444029850746269,Favorable,A;V,1
2026-06-30 19:15:00+03:00,15,OK,87.55597014925372,Critical,A;M;V,1
2026-06-30 19:20:00+03:00,15,OK,87.55597014925372,Critical,A;M;V,1
2026-06-30 19:25:00+03:00,15,OK,87.55597014925372,Critical,A;M;V,1
2026-06-30 19:30:00+03:00,15,OK,87.55597014925372,Critical,A;M;V,1
2026-06-30 19:35:00+03:00,15,OK,87.53055359186477,Critical,A,2
2026-06-30 19:40:00+03:00,15,OK,87.48971922811943,Critical,A,2
2026-06-30 19:45:00+03:00,15,OK,87.4526417245178,Critical,A,2
2026-06-30 19:50:00+03:00,15,OK,87.45629290937966,Critical,A,2
2026-06-30 19:55:00+03:00,15,OK,87.4478330649829,Critical,A,2
2026-06-30 20:00:00+03:00,15,OK,87.45673517896373,Critical,A,2
2026-06-30 20:05:00+03:00,15,OK,87.45879893359245,Critical,A,2
2026-06-30 20:10:00+03:00,15,OK,87.46232112659476,Critical,A,2
2026-06-30 20:15:00+03:00,15,OK,87.4498105984041,Critical,A,2
2026-06-30 20:20:00+03:00,15,OK,87.40608830570211,Critical,A,2
2026-06-30 20:25:00+03:00,15,OK,87.46726584616239,Critical,A,2
2026-06-30 20:30:00+03:00,15,OK,87.55597014925372,Critical,A;M;V,1
2026-06-30 20:35:00+03:00,15,OK,87.55597014925372,Critical,A;M;V,1
2026-06-30 20:40:00+03:00,15,OK,87.42180252614133,Critical,A,2
2026-06-30 20:45:00+03:00,15,OK,87.33178332699225,Critical,A,2
2026-06-30 20:50:00+03:00,15,OK,87.3722157629206,Critical,A,2
2026-06-30 20:55:00+03:00,15,OK,87.39078169764574,Critical,A,2
2026-06-30 21:00:00+03:00,15,OK,87.4063410022382,Critical,A,2
2026-06-30 21:05:00+03:00,15,OK,87.41986521325043,Critical,A,2
2026-06-30 21:10:00+03:00,15,OK,87.42515688395731,Critical,A,2
2026-06-30 21:15:00+03:00,15,OK,87.425979442602,Critical,A,2
2026-06-30 21:20:00+03:00,15,OK,87.430034485366,Critical,A,2
2026-06-30 21:25:00+03:00,15,OK,87.42145445734961,Critical,A,2
2026-06-30 21:30:00+03:00,15,FAILED,,,,
2026-06-30 21:35:00+03:00,15,FAILED,,,,
2026-06-30 21:40:00+03:00,15,FAILED,,,,
2026-06-30 21:45:00+03:00,15,FAILED,,,,
2026-06-30 21:50:00+03:00,15,FAILED,,,,
2026-06-30 21:55:00+03:00,15,FAILED,,,,
2026-06-30 22:00:00+03:00,15,FAILED,,,,
2026-06-30 22:05:00+03:00,15,FAILED,,,,
2026-06-30 22:10:00+03:00,15,FAILED,,,,
2026-06-30 22:15:00+03:00,15,FAILED,,,,
2026-06-30 22:20:00+03:00,15,FAILED,,,,
2026-06-30 22:25:00+03:00,15,FAILED,,,,
2026-06-30 22:30:00+03:00,15,FAILED,,,,
2026-06-30 22:35:00+03:00,15,FAILED,,,,
2026-06-30 22:40:00+03:00,15,FAILED,,,,
2026-06-30 22:45:00+03:00,15,FAILED,,,,
2026-06-30 22:50:00+03:00,15,FAILED,,,,
2026-06-30 22:55:00+03:00,15,FAILED,,,,
2026-06-30 23:00:00+03:00,15,FAILED,,,,
2026-06-30 23:05:00+03:00,15,FAILED,,,,
2026-06-30 23:10:00+03:00,15,FAILED,,,,
2026-06-30 23:15:00+03:00,15,FAILED,,,,
2026-06-30 23:20:00+03:00,15,FAILED,,,,
2026-06-30 23:25:00+03:00,15,FAILED,,,,
2026-06-30 23:30:00+03:00,15,FAILED,,,,
2026-06-30 23:35:00+03:00,15,FAILED,,,,
2026-06-30 23:40:00+03:00,15,FAILED,,,,
2026-06-30 23:45:00+03:00,15,FAILED,,,,
2026-06-30 23:50:00+03:00,15,FAILED,,,,
2026-06-30 23:55:00+03:00,15,FAILED,,,,
2026-07-01 00:00:00+03:00,15,FAILED,,,,
2026-07-01 00:05:00+03:00,15,FAILED,,,,
2026-07-01 00:10:00+03:00,15,FAILED,,,,
2026-07-01 00:15:00+03:00,15,FAILED,,,,
2026-07-01 00:20:00+03:00,15,FAILED,,,,
2026-07-01 00:25:00+03:00,15,FAILED,,,,
2026-07-01 00:30:00+03:00,15,FAILED,,,,
2026-07-01 00:35:00+03:00,15,FAILED,,,,
2026-07-01 00:40:00+03:00,15,FAILED,,,,
2026-07-01 00:45:00+03:00,15,FAILED,,,,
2026-07-01 00:50:00+03:00,15,FAILED,,,,
2026-07-01 00:55:00+03:00,15,FAILED,,,,
2026-07-01 01:00:00+03:00,15,FAILED,,,,
2026-07-01 01:05:00+03:00,15,FAILED,,,,
2026-07-01 01:10:00+03:00,15,FAILED,,,,
2026-07-01 01:15:00+03:00,15,FAILED,,,,
2026-07-01 01:20:00+03:00,15,FAILED,,,,
2026-07-01 01:25:00+03:00,15,FAILED,,,,
2026-07-01 01:30:00+03:00,15,FAILED,,,,
2026-07-01 01:35:00+03:00,15,FAILED,,,,
2026-07-01 01:40:00+03:00,15,FAILED,,,,
2026-07-01 01:45:00+03:00,15,FAILED,,,,
2026-07-01 01:50:00+03:00,15,FAILED,,,,
2026-07-01 01:55:00+03:00,15,FAILED,,,,
2026-07-01 02:00:00+03:00,15,FAILED,,,,
2026-07-01 02:05:00+03:00,15,FAILED,,,,
2026-07-01 02:10:00+03:00,15,FAILED,,,,
2026-07-01 02:15:00+03:00,15,FAILED,,,,
2026-07-01 02:20:00+03:00,15,FAILED,,,,
2026-07-01 02:25:00+03:00,15,FAILED,,,,
2026-07-01 02:30:00+03:00,15,FAILED,,,,
2026-07-01 02:35:00+03:00,15,FAILED,,,,
2026-07-01 02:40:00+03:00,15,FAILED,,,,
2026-07-01 02:45:00+03:00,15,FAILED,,,,
2026-07-01 02:50:00+03:00,15,FAILED,,,,
2026-07-01 02:55:00+03:00,15,FAILED,,,,
2026-07-01 03:00:00+03:00,15,FAILED,,,,
2026-07-01 03:05:00+03:00,15,FAILED,,,,
2026-07-01 03:10:00+03:00,15,FAILED,,,,
2026-07-01 03:15:00+03:00,15,FAILED,,,,
2026-07-01 03:20:00+03:00,15,FAILED,,,,
2026-07-01 03:25:00+03:00,15,FAILED,,,,
2026-07-01 03:30:00+03:00,15,FAILED,,,,
2026-07-01 03:35:00+03:00,15,FAILED,,,,
2026-07-01 03:40:00+03:00,15,FAILED,,,,
2026-07-01 03:45:00+03:00,15,FAILED,,,,
2026-07-01 03:50:00+03:00,15,FAILED,,,,
2026-07-01 03:55:00+03:00,15,FAILED,,,,
2026-07-01 04:00:00+03:00,15,FAILED,,,,
2026-07-01 04:05:00+03:00,15,FAILED,,,,
2026-07-01 04:10:00+03:00,15,FAILED,,,,
2026-07-01 04:15:00+03:00,15,FAILED,,,,
2026-07-01 04:20:00+03:00,15,FAILED,,,,
2026-07-01 04:25:00+03:00,15,FAILED,,,,
2026-07-01 04:30:00+03:00,15,FAILED,,,,
2026-07-01 04:35:00+03:00,15,FAILED,,,,
2026-07-01 04:40:00+03:00,15,FAILED,,,,
2026-07-01 04:45:00+03:00,15,FAILED,,,,
2026-07-01 04:50:00+03:00,15,FAILED,,,,
2026-07-01 04:55:00+03:00,15,FAILED,,,,
2026-07-01 05:00:00+03:00,15,FAILED,,,,
2026-07-01 05:05:00+03:00,15,FAILED,,,,
2026-07-01 05:10:00+03:00,15,FAILED,,,,
2026-07-01 05:15:00+03:00,15,FAILED,,,,
2026-07-01 05:20:00+03:00,15,FAILED,,,,
2026-07-01 05:25:00+03:00,15,FAILED,,,,
2026-07-01 05:30:00+03:00,15,FAILED,,,,
2026-07-01 05:35:00+03:00,15,FAILED,,,,
2026-07-01 05:40:00+03:00,15,FAILED,,,,
2026-07-01 05:45:00+03:00,15,FAILED,,,,
2026-07-01 05:50:00+03:00,15,FAILED,,,,
2026-07-01 05:55:00+03:00,15,FAILED,,,,
2026-07-01 06:00:00+03:00,15,FAILED,,,,
2026-07-01 06:05:00+03:00,15,FAILED,,,,
2026-07-01 06:10:00+03:00,15,FAILED,,,,
2026-07-01 06:15:00+03:00,15,FAILED,,,,
2026-07-01 06:20:00+03:00,15,FAILED,,,,
2026-07-01 06:25:00+03:00,15,FAILED,,,,
2026-07-01 06:30:00+03:00,15,FAILED,,,,
2026-07-01 06:35:00+03:00,15,FAILED,,,,
2026-07-01 06:40:00+03:00,15,FAILED,,,,
2026-07-01 06:45:00+03:00,15,FAILED,,,,
2026-07-01 06:50:00+03:00,15,FAILED,,,,
2026-07-01 06:55:00+03:00,15,FAILED,,,,
2026-07-01 07:00:00+03:00,15,FAILED,,,,
2026-07-01 07:05:00+03:00,15,FAILED,,,,
2026-07-01 07:10:00+03:00,15,FAILED,,,,
2026-07-01 07:15:00+03:00,15,FAILED,,,,
2026-07-01 07:20:00+03:00,15,FAILED,,,,
2026-07-01 07:25:00+03:00,15,FAILED,,,,
2026-07-01 07:30:00+03:00,15,FAILED,,,,
2026-07-01 07:35:00+03:00,15,FAILED,,,,
2026-07-01 07:40:00+03:00,15,FAILED,,,,
2026-07-01 07:45:00+03:00,15,FAILED,,,,
2026-07-01 07:50:00+03:00,15,FAILED,,,,
2026-07-01 07:55:00+03:00,15,FAILED,,,,
2026-07-01 08:00:00+03:00,15,FAILED,,,,
2026-07-01 08:05:00+03:00,15,FAILED,,,,
2026-07-01 08:10:00+03:00,15,FAILED,,,,
2026-07-01 08:15:00+03:00,15,FAILED,,,,
2026-07-01 08:20:00+03:00,15,FAILED,,,,
2026-07-01 08:25:00+03:00,15,FAILED,,,,
2026-07-01 08:30:00+03:00,15,FAILED,,,,
2026-07-01 08:35:00+03:00,15,FAILED,,,,
2026-07-01 08:40:00+03:00,15,FAILED,,,,
2026-07-01 08:45:00+03:00,15,FAILED,,,,
2026-07-01 08:50:00+03:00,15,FAILED,,,,
2026-07-01 08:55:00+03:00,15,FAILED,,,,
2026-07-01 09:00:00+03:00,15,FAILED,,,,
2026-07-01 09:05:00+03:00,15,FAILED,,,,
2026-07-01 09:10:00+03:00,15,FAILED,,,,
2026-07-01 09:15:00+03:00,15,FAILED,,,,
2026-07-01 09:20:00+03:00,15,FAILED,,,,
2026-07-01 09:25:00+03:00,15,FAILED,,,,
2026-07-01 09:30:00+03:00,15,FAILED,,,,
2026-07-01 09:35:00+03:00,15,FAILED,,,,
2026-07-01 09:40:00+03:00,15,FAILED,,,,
2026-07-01 09:45:00+03:00,15,FAILED,,,,
2026-07-01 09:50:00+03:00,15,FAILED,,,,
2026-07-01 09:55:00+03:00,15,FAILED,,,,
2026-07-01 10:00:00+03:00,15,FAILED,,,,
2026-07-01 10:05:00+03:00,15,FAILED,,,,
2026-07-01 10:10:00+03:00,15,FAILED,,,,
2026-07-01 10:15:00+03:00,15,FAILED,,,,
2026-07-01 10:20:00+03:00,15,FAILED,,,,
2026-07-01 10:25:00+03:00,15,FAILED,,,,
2026-07-01 10:30:00+03:00,15,FAILED,,,,
2026-07-01 10:35:00+03:00,15,FAILED,,,,
2026-07-01 10:40:00+03:00,15,FAILED,,,,
2026-07-01 10:45:00+03:00,15,OK,87.53010905564818,Critical,M,1
2026-07-01 10:50:00+03:00,15,OK,87.49060741598811,Critical,A,2
2026-07-01 10:55:00+03:00,15,OK,87.4200454429632,Critical,A,2
2026-07-01 11:00:00+03:00,15,FAILED,,,,
2026-07-01 11:05:00+03:00,15,FAILED,,,,
2026-07-01 11:10:00+03:00,15,PARTIAL,87.37506033797708,Critical,A,2
2026-07-01 11:15:00+03:00,15,OK,87.36578340067064,Critical,A,2
2026-07-01 11:20:00+03:00,15,OK,87.36512186951404,Critical,A,2
2026-07-01 11:25:00+03:00,15,PARTIAL,87.55597014925372,Critical,M;V,1
2026-07-01 11:30:00+03:00,15,FAILED,,,,
2026-07-01 11:35:00+03:00,15,PARTIAL,87.55597014925372,Critical,M;V,1
2026-07-01 11:40:00+03:00,15,FAILED,,,,
2026-07-01 11:45:00+03:00,15,OK,87.46150029415143,Critical,A,2
2026-07-01 11:50:00+03:00,15,FAILED,,,,
2026-07-01 11:55:00+03:00,15,OK,87.38625371885188,Critical,A,2
2026-07-01 12:00:00+03:00,15,FAILED,,,,
2026-07-01 12:05:00+03:00,15,FAILED,,,,
2026-07-01 12:10:00+03:00,15,PARTIAL,87.403663864665,Critical,A,2
2026-07-01 12:15:00+03:00,15,PARTIAL,29.35864392623425,Acceptable,A,2
2026-07-01 12:20:00+03:00,15,PARTIAL,28.566656979390476,Acceptable,A,2
2026-07-01 12:25:00+03:00,15,FAILED,,,,
2026-07-01 12:30:00+03:00,15,FAILED,,,,
2026-07-01 12:35:00+03:00,15,FAILED,,,,
2026-07-01 12:40:00+03:00,15,FAILED,,,,
2026-07-01 12:45:00+03:00,15,FAILED,,,,
2026-07-01 12:50:00+03:00,15,FAILED,,,,
2026-07-01 12:55:00+03:00,15,FAILED,,,,
2026-07-01 13:00:00+03:00,15,FAILED,,,,
2026-07-01 13:05:00+03:00,15,FAILED,,,,
2026-07-01 13:10:00+03:00,15,FAILED,,,,
2026-07-01 13:15:00+03:00,15,FAILED,,,,
2026-07-01 13:20:00+03:00,15,FAILED,,,,
2026-07-01 13:25:00+03:00,15,FAILED,,,,
2026-07-01 13:30:00+03:00,15,FAILED,,,,
2026-07-01 13:35:00+03:00,15,FAILED,,,,
2026-07-01 13:40:00+03:00,15,FAILED,,,,
2026-07-01 13:45:00+03:00,15,FAILED,,,,
2026-07-01 13:50:00+03:00,15,FAILED,,,,
2026-07-01 13:55:00+03:00,15,FAILED,,,,
2026-07-01 14:00:00+03:00,15,FAILED,,,,
2026-07-01 14:05:00+03:00,15,FAILED,,,,
2026-07-01 14:10:00+03:00,15,FAILED,,,,
2026-07-01 14:15:00+03:00,15,FAILED,,,,
2026-07-01 14:20:00+03:00,15,FAILED,,,,
2026-07-01 14:25:00+03:00,15,FAILED,,,,
2026-07-01 14:30:00+03:00,15,FAILED,,,,
2026-07-01 14:35:00+03:00,15,FAILED,,,,
2026-07-01 14:40:00+03:00,15,FAILED,,,,
2026-07-01 14:45:00+03:00,15,FAILED,,,,
2026-07-01 14:50:00+03:00,15,FAILED,,,,
2026-07-01 14:55:00+03:00,15,FAILED,,,,
2026-07-01 15:00:00+03:00,15,FAILED,,,,
2026-07-01 15:05:00+03:00,15,FAILED,,,,
2026-07-01 15:10:00+03:00,15,FAILED,,,,
2026-07-01 15:15:00+03:00,15,FAILED,,,,
2026-07-01 15:20:00+03:00,15,FAILED,,,,
2026-07-01 15:25:00+03:00,15,FAILED,,,,
2026-07-01 15:30:00+03:00,15,FAILED,,,,
2026-07-01 15:35:00+03:00,15,FAILED,,,,
2026-07-01 15:40:00+03:00,15,FAILED,,,,
2026-07-01 15:45:00+03:00,15,FAILED,,,,
2026-07-01 15:50:00+03:00,15,FAILED,,,,
2026-07-01 15:55:00+03:00,15,FAILED,,,,
2026-07-01 16:00:00+03:00,15,FAILED,,,,
2026-07-01 16:05:00+03:00,15,FAILED,,,,
2026-07-01 16:10:00+03:00,15,FAILED,,,,
2026-07-01 16:15:00+03:00,15,FAILED,,,,
2026-07-01 16:20:00+03:00,15,FAILED,,,,
2026-07-01 16:25:00+03:00,15,FAILED,,,,
2026-07-01 16:30:00+03:00,15,FAILED,,,,
2026-07-01 16:35:00+03:00,15,FAILED,,,,
2026-07-01 16:40:00+03:00,15,FAILED,,,,
2026-07-01 16:45:00+03:00,15,PARTIAL,37.5,Acceptable,A;V,1
2026-07-01 16:50:00+03:00,15,PARTIAL,37.5,Acceptable,A;V,1
2026-07-01 16:55:00+03:00,15,PARTIAL,37.5,Acceptable,A;V,1
2026-07-01 17:00:00+03:00,15,PARTIAL,37.5,Acceptable,A;V,1
2026-07-01 17:05:00+03:00,15,PARTIAL,37.5,Acceptable,A;V,1
2026-07-01 17:10:00+03:00,15,PARTIAL,37.5,Acceptable,A;V,1
2026-07-01 17:15:00+03:00,15,PARTIAL,37.5,Acceptable,A;V,1
2026-07-01 17:20:00+03:00,15,OK,87.55597014925372,Critical,A;M;V,1
2026-07-01 17:25:00+03:00,15,OK,87.55597014925372,Critical,A;M;V,1
2026-07-01 17:30:00+03:00,15,OK,87.55597014925372,Critical,A;M;V,1
2026-07-01 17:35:00+03:00,15,OK,87.55597014925372,Critical,A;M;V,1
2026-07-01 17:40:00+03:00,15,OK,87.545769650208,Critical,A,2
2026-07-01 17:45:00+03:00,15,PARTIAL,35.14367592626743,Acceptable,A,2
2026-07-01 17:50:00+03:00,15,PARTIAL,33.368838976136736,Acceptable,A,2
2026-07-01 17:55:00+03:00,15,PARTIAL,32.077397013193206,Acceptable,A,2
2026-07-01 18:00:00+03:00,15,PARTIAL,31.535181275717566,Acceptable,A,2
2026-07-01 18:05:00+03:00,15,PARTIAL,30.227150001317874,Acceptable,A,2
2026-07-01 18:10:00+03:00,15,OK,87.386737095159,Critical,A,2
2026-07-01 18:15:00+03:00,15,OK,87.55597014925372,Critical,A;M;V,1
2026-07-01 18:20:00+03:00,15,OK,87.55597014925372,Critical,A;M;V,1
2026-07-01 18:25:00+03:00,15,OK,87.55597014925372,Critical,A;M;V,1
2026-07-01 18:30:00+03:00,15,PARTIAL,87.5479423558097,Critical,A,2
2026-07-01 18:35:00+03:00,15,PARTIAL,87.55597014925372,Critical,A;M,1
2026-07-01 18:40:00+03:00,15,PARTIAL,87.55597014925372,Critical,A;M,1
2026-07-01 18:45:00+03:00,15,FAILED,,,,
2026-07-01 18:50:00+03:00,15,PARTIAL,37.5,Acceptable,A;V,1
2026-07-01 18:55:00+03:00,15,FAILED,,,,
2026-07-01 19:00:00+03:00,15,FAILED,,,,
2026-07-01 19:05:00+03:00,15,FAILED,,,,
2026-07-01 19:10:00+03:00,15,OK,87.44653153246699,Critical,A,2
2026-07-01 19:15:00+03:00,15,FAILED,,,,
2026-07-01 19:20:00+03:00,15,FAILED,,,,
2026-07-01 19:25:00+03:00,15,OK,87.41103997274654,Critical,A,2
2026-07-01 19:30:00+03:00,15,OK,87.36730996592023,Critical,A,2
2026-07-01 19:35:00+03:00,15,OK,87.38028809797355,Critical,A,2
2026-07-01 19:40:00+03:00,15,PARTIAL,19.983718916237116,Favorable,A,2
2026-07-01 19:45:00+03:00,15,OK,87.40754757982849,Critical,A,2
2026-07-01 19:50:00+03:00,15,OK,87.39464710859329,Critical,A,2
2026-07-01 19:55:00+03:00,15,OK,87.35048974549943,Critical,A,2
2026-07-01 20:00:00+03:00,15,OK,87.3270014607453,Critical,A,2
2026-07-01 20:05:00+03:00,15,OK,87.34359719412613,Critical,A,2
2026-07-01 20:10:00+03:00,15,OK,87.37298952255448,Critical,A,2
2026-07-01 20:15:00+03:00,15,OK,87.37762390629317,Critical,A,2
2026-07-01 20:20:00+03:00,15,OK,87.40269819077939,Critical,A,2
2026-07-01 20:25:00+03:00,15,OK,87.40291661869267,Critical,A,2
2026-07-01 20:30:00+03:00,15,OK,87.40732411023261,Critical,A,2
2026-07-01 20:35:00+03:00,15,OK,87.3852032493893,Critical,A,2
2026-07-01 20:40:00+03:00,15,OK,87.35902592511927,Critical,A,2
2026-07-01 20:45:00+03:00,15,OK,87.36520382694833,Critical,A,2
2026-07-01 20:50:00+03:00,15,OK,87.45541972648755,Critical,A,2
2026-07-01 20:55:00+03:00,15,OK,87.49905184283512,Critical,A,2
2026-07-01 21:00:00+03:00,15,OK,87.49261497284077,Critical,A,2
2026-07-01 21:05:00+03:00,15,OK,87.4695749300279,Critical,A,2
2026-07-01 21:10:00+03:00,15,OK,87.44500182819685,Critical,A,2
2026-07-01 21:15:00+03:00,15,OK,87.41107084125932,Critical,A,2
2026-07-01 21:20:00+03:00,15,OK,87.38462851833765,Critical,A,2
2026-07-01 21:25:00+03:00,15,OK,87.39372527644852,Critical,A,2
2026-07-01 21:30:00+03:00,15,OK,87.409969251875,Critical,A,2
2026-07-01 21:35:00+03:00,15,OK,87.45978921313237,Critical,A,2
2026-07-01 21:40:00+03:00,15,OK,87.53459434474956,Critical,A,2
2026-07-01 21:45:00+03:00,15,OK,87.55597014925372,Critical,A;M;V,1
2026-07-01 21:50:00+03:00,15,OK,87.55597014925372,Critical,A;M;V,1
2026-07-01 21:55:00+03:00,15,OK,87.55597014925372,Critical,A;M;V,1
2026-07-01 22:00:00+03:00,15,OK,87.55597014925372,Critical,A;M;V,1
2026-07-01 22:05:00+03:00,15,OK,87.55597014925372,Critical,A;M;V,1
2026-07-01 22:10:00+03:00,15,OK,87.55597014925372,Critical,A;M;V,1
2026-07-01 22:15:00+03:00,15,OK,87.55597014925372,Critical,A;M;V,1
2026-07-01 22:20:00+03:00,15,OK,87.55597014925372,Critical,A;M;V,1
2026-07-01 22:25:00+03:00,15,OK,87.55597014925372,Critical,A;M;V,1
2026-07-01 22:30:00+03:00,15,OK,87.55597014925372,Critical,A;M;V,1
2026-07-01 22:35:00+03:00,15,OK,87.55597014925372,Critical,A;M;V,1
2026-07-01 22:40:00+03:00,15,OK,87.55597014925372,Critical,A;M;V,1
2026-07-01 22:45:00+03:00,15,OK,87.55597014925372,Critical,A;M;V,1
2026-07-01 22:50:00+03:00,15,OK,87.55597014925372,Critical,A;M;V,1
2026-07-01 22:55:00+03:00,15,OK,87.55597014925372,Critical,A;M;V,1
2026-07-01 23:00:00+03:00,15,OK,87.55597014925372,Critical,A;M;V,1
2026-07-01 23:05:00+03:00,15,OK,87.55597014925372,Critical,A;M;V,1
2026-07-01 23:10:00+03:00,15,PARTIAL,12.444029850746269,Favorable,A;V,1
2026-07-01 23:15:00+03:00,15,OK,87.55597014925372,Critical,A;M;V,1
2026-07-01 23:20:00+03:00,15,OK,87.55597014925372,Critical,A;M;V,1
2026-07-01 23:25:00+03:00,15,PARTIAL,12.444029850746269,Favorable,A;V,1
2026-07-01 23:30:00+03:00,15,OK,87.55597014925372,Critical,A;M;V,1
2026-07-01 23:35:00+03:00,15,OK,87.55597014925372,Critical,A;M;V,1
2026-07-01 23:40:00+03:00,15,PARTIAL,12.444029850746269,Favorable,A;V,1
2026-07-01 23:45:00+03:00,15,PARTIAL,12.444029850746269,Favorable,A;V,1
2026-07-01 23:50:00+03:00,15,OK,87.55597014925372,Critical,A;M;V,1
2026-07-01 23:55:00+03:00,15,OK,87.55597014925372,Critical,A;M;V,1
2026-07-02 00:00:00+03:00,15,OK,87.55597014925372,Critical,A;M;V,1
2026-07-02 00:05:00+03:00,15,OK,87.55597014925372,Critical,A;M;V,1
2026-07-02 00:10:00+03:00,15,OK,87.55597014925372,Critical,A;M;V,1
2026-07-02 00:15:00+03:00,15,OK,87.55597014925372,Critical,A;M;V,1
2026-07-02 00:20:00+03:00,15,OK,87.55597014925372,Critical,A;M;V,1
2026-07-02 00:25:00+03:00,15,OK,87.55597014925372,Critical,A;M;V,1
2026-07-02 00:30:00+03:00,15,OK,87.55597014925372,Critical,A;M;V,1
2026-07-02 00:35:00+03:00,15,OK,87.55597014925372,Critical,A;M;V,1
2026-07-02 00:40:00+03:00,15,OK,87.55597014925372,Critical,A;M;V,1
2026-07-02 00:45:00+03:00,15,OK,87.55597014925372,Critical,A;M;V,1
2026-07-02 00:50:00+03:00,15,OK,87.55597014925372,Critical,A;M;V,1
2026-07-02 00:55:00+03:00,15,OK,87.55597014925372,Critical,A;M;V,1
2026-07-02 01:00:00+03:00,15,OK,87.55597014925372,Critical,A;M;V,1
2026-07-02 01:05:00+03:00,15,OK,87.55597014925372,Critical,A;M;V,1
2026-07-02 01:10:00+03:00,15,OK,87.55597014925372,Critical,A;M;V,1
2026-07-02 01:15:00+03:00,15,OK,87.55597014925372,Critical,A;M;V,1
2026-07-02 01:20:00+03:00,15,OK,87.55597014925372,Critical,A;M;V,1
2026-07-02 01:25:00+03:00,15,OK,87.55597014925372,Critical,A;M;V,1
2026-07-02 01:30:00+03:00,15,OK,87.55597014925372,Critical,A;M;V,1
2026-07-02 01:35:00+03:00,15,OK,87.55597014925372,Critical,A;M;V,1
2026-07-02 01:40:00+03:00,15,OK,87.55597014925372,Critical,A;M;V,1
2026-07-02 01:45:00+03:00,15,OK,87.55597014925372,Critical,A;M;V,1
2026-07-02 01:50:00+03:00,15,OK,87.55597014925372,Critical,A;M;V,1
2026-07-02 01:55:00+03:00,15,OK,87.55597014925372,Critical,A;M;V,1
2026-07-02 02:00:00+03:00,15,OK,87.55597014925372,Critical,A;M;V,1
2026-07-02 02:05:00+03:00,15,OK,87.55597014925372,Critical,A;M;V,1
2026-07-02 02:10:00+03:00,15,OK,87.55597014925372,Critical,A;M;V,1
2026-07-02 02:15:00+03:00,15,OK,87.55597014925372,Critical,A;M;V,1
2026-07-02 02:20:00+03:00,15,OK,87.55597014925372,Critical,A;M;V,1
2026-07-02 02:25:00+03:00,15,OK,87.55597014925372,Critical,A;M;V,1
2026-07-02 02:30:00+03:00,15,OK,87.55597014925372,Critical,A;M;V,1
2026-07-02 02:35:00+03:00,15,OK,87.55597014925372,Critical,A;M;V,1
2026-07-02 02:40:00+03:00,15,OK,87.55597014925372,Critical,A;M;V,1
2026-07-02 02:45:00+03:00,15,OK,87.55597014925372,Critical,A;M;V,1
2026-07-02 02:50:00+03:00,15,OK,87.55597014925372,Critical,A;M;V,1
2026-07-02 02:55:00+03:00,15,OK,87.55597014925372,Critical,A;M;V,1
2026-07-02 03:00:00+03:00,15,OK,87.55597014925372,Critical,A;M;V,1
2026-07-02 03:05:00+03:00,15,OK,87.55597014925372,Critical,A;M;V,1
2026-07-02 03:10:00+03:00,15,OK,87.55597014925372,Critical,A;M;V,1
2026-07-02 03:15:00+03:00,15,OK,87.55597014925372,Critical,A;M;V,1
2026-07-02 03:20:00+03:00,15,OK,87.55597014925372,Critical,A;M;V,1
2026-07-02 03:25:00+03:00,15,OK,87.55597014925372,Critical,A;M;V,1
2026-07-02 03:30:00+03:00,15,OK,87.55597014925372,Critical,A;M;V,1
2026-07-02 03:35:00+03:00,15,OK,87.55597014925372,Critical,A;M;V,1
2026-07-02 03:40:00+03:00,15,PARTIAL,12.444029850746269,Favorable,A;V,1
2026-07-02 03:45:00+03:00,15,PARTIAL,12.444029850746269,Favorable,A;V,1
2026-07-02 03:50:00+03:00,15,PARTIAL,12.444029850746269,Favorable,A;V,1
2026-07-02 03:55:00+03:00,15,OK,87.55597014925372,Critical,A;M;V,1
2026-07-02 04:00:00+03:00,15,OK,87.55597014925372,Critical,A;M;V,1
2026-07-02 04:05:00+03:00,15,OK,87.55597014925372,Critical,A;M;V,1
2026-07-02 04:10:00+03:00,15,OK,87.55597014925372,Critical,A;M;V,1
2026-07-02 04:15:00+03:00,15,OK,87.55597014925372,Critical,A;M;V,1
2026-07-02 04:20:00+03:00,15,OK,87.55597014925372,Critical,A;M;V,1
2026-07-02 04:25:00+03:00,15,OK,87.55597014925372,Critical,A;M;V,1
2026-07-02 04:30:00+03:00,15,OK,87.55597014925372,Critical,A;M;V,1
2026-07-02 04:35:00+03:00,15,OK,87.55597014925372,Critical,A;M;V,1
2026-07-02 04:40:00+03:00,15,OK,87.55597014925372,Critical,A;M;V,1
2026-07-02 04:45:00+03:00,15,OK,87.55597014925372,Critical,A;M;V,1
2026-07-02 04:50:00+03:00,15,OK,87.55597014925372,Critical,A;M;V,1
2026-07-02 04:55:00+03:00,15,OK,87.55597014925372,Critical,A;M;V,1
2026-07-02 05:00:00+03:00,15,OK,87.55597014925372,Critical,A;M;V,1
2026-07-02 05:05:00+03:00,15,OK,87.55597014925372,Critical,A;M;V,1
2026-07-02 05:10:00+03:00,15,OK,87.55597014925372,Critical,A;M;V,1
2026-07-02 05:15:00+03:00,15,OK,87.55597014925372,Critical,A;M;V,1
2026-07-02 05:20:00+03:00,15,OK,87.55597014925372,Critical,A;M;V,1
2026-07-02 05:25:00+03:00,15,OK,87.55597014925372,Critical,A;M;V,1
2026-07-02 05:30:00+03:00,15,OK,87.55597014925372,Critical,A;M;V,1
2026-07-02 05:35:00+03:00,15,OK,87.55597014925372,Critical,A;M;V,1
2026-07-02 05:40:00+03:00,15,OK,87.55597014925372,Critical,A;M;V,1
2026-07-02 05:45:00+03:00,15,OK,87.55597014925372,Critical,A;M;V,1
2026-07-02 05:50:00+03:00,15,OK,87.55597014925372,Critical,A;M;V,1
2026-07-02 05:55:00+03:00,15,OK,87.55597014925372,Critical,A;M;V,1
2026-07-02 06:00:00+03:00,15,OK,87.55597014925372,Critical,A;M;V,1
2026-07-02 06:05:00+03:00,15,OK,87.55597014925372,Critical,A;M;V,1
2026-07-02 06:10:00+03:00,15,OK,87.55597014925372,Critical,A;M;V,1
2026-07-02 06:15:00+03:00,15,OK,87.55597014925372,Critical,A;M;V,1
2026-07-02 06:20:00+03:00,15,OK,87.55597014925372,Critical,A;M;V,1
2026-07-02 06:25:00+03:00,15,OK,87.55597014925372,Critical,A;M;V,1
2026-07-02 06:30:00+03:00,15,OK,87.55597014925372,Critical,A;M;V,1
2026-07-02 06:35:00+03:00,15,OK,87.55597014925372,Critical,A;M;V,1
2026-07-02 06:40:00+03:00,15,PARTIAL,12.444029850746269,Favorable,A;V,1
2026-07-02 06:45:00+03:00,15,OK,87.55597014925372,Critical,A;M;V,1
2026-07-02 06:50:00+03:00,15,OK,87.55597014925372,Critical,A;M;V,1
2026-07-02 06:55:00+03:00,15,OK,87.55597014925372,Critical,A;M;V,1
2026-07-02 07:00:00+03:00,15,PARTIAL,12.444029850746269,Favorable,A;V,1
2026-07-02 07:05:00+03:00,15,PARTIAL,12.444029850746269,Favorable,A;V,1
2026-07-02 07:10:00+03:00,15,PARTIAL,12.444029850746269,Favorable,A;V,1
2026-07-02 07:15:00+03:00,15,OK,87.55597014925372,Critical,A;M;V,1
2026-07-02 07:20:00+03:00,15,OK,87.55597014925372,Critical,A;M;V,1
2026-07-02 07:25:00+03:00,15,OK,87.55597014925372,Critical,A;M;V,1
2026-07-02 07:30:00+03:00,15,OK,87.55597014925372,Critical,A;M;V,1
2026-07-02 07:35:00+03:00,15,OK,87.55597014925372,Critical,A;M;V,1
2026-07-02 07:40:00+03:00,15,OK,87.55597014925372,Critical,A;M;V,1
2026-07-02 07:45:00+03:00,15,OK,87.55597014925372,Critical,A;M;V,1
2026-07-02 07:50:00+03:00,15,OK,87.55597014925372,Critical,A;M;V,1
2026-07-02 07:55:00+03:00,15,OK,87.55597014925372,Critical,A;M;V,1
2026-07-02 08:00:00+03:00,15,OK,87.55597014925372,Critical,A;M;V,1
2026-07-02 08:05:00+03:00,15,OK,87.55597014925372,Critical,A;M;V,1
2026-07-02 08:10:00+03:00,15,OK,87.55597014925372,Critical,A;M;V,1
2026-07-02 08:15:00+03:00,15,OK,87.55597014925372,Critical,A;M;V,1
2026-07-02 08:20:00+03:00,15,OK,87.55597014925372,Critical,A;M;V,1
2026-07-02 08:25:00+03:00,15,OK,87.55597014925372,Critical,A;M;V,1
2026-07-02 08:30:00+03:00,15,OK,87.55597014925372,Critical,A;M;V,1
2026-07-02 08:35:00+03:00,15,OK,87.55597014925372,Critical,A;M;V,1
2026-07-02 08:40:00+03:00,15,OK,87.55597014925372,Critical,A;M;V,1
2026-07-02 08:45:00+03:00,15,OK,87.55597014925372,Critical,A;M;V,1
2026-07-02 08:50:00+03:00,15,OK,87.55597014925372,Critical,A;M;V,1
2026-07-02 08:55:00+03:00,15,OK,87.55597014925372,Critical,A;M;V,1
2026-07-02 09:00:00+03:00,15,OK,87.55597014925372,Critical,A;M;V,1
2026-07-02 09:05:00+03:00,15,OK,87.55597014925372,Critical,A;M;V,1
2026-07-02 09:10:00+03:00,15,OK,87.55597014925372,Critical,A;M;V,1
2026-07-02 09:15:00+03:00,15,OK,87.55597014925372,Critical,A;M;V,1
2026-07-02 09:20:00+03:00,15,OK,87.55597014925372,Critical,A;M;V,1
2026-07-02 09:25:00+03:00,15,OK,87.55597014925372,Critical,A;M;V,1
2026-07-02 09:30:00+03:00,15,OK,87.55597014925372,Critical,A;M;V,1
2026-07-02 09:35:00+03:00,15,OK,87.55597014925372,Critical,A;M;V,1
2026-07-02 09:40:00+03:00,15,OK,87.55597014925372,Critical,A;M;V,1
2026-07-02 09:45:00+03:00,15,OK,87.46573979395174,Critical,A,2
2026-07-02 09:50:00+03:00,15,OK,87.43485199973087,Critical,A,2
2026-07-02 09:55:00+03:00,15,OK,87.50740690354924,Critical,A,2
2026-07-02 10:00:00+03:00,15,OK,87.55597014925372,Critical,A;M;V,1
2026-07-02 10:05:00+03:00,15,OK,87.55597014925372,Critical,A;M;V,1
2026-07-02 10:10:00+03:00,15,OK,87.50640613934945,Critical,A,2
2026-07-02 10:15:00+03:00,15,OK,87.43134131900779,Critical,A,2
2026-07-02 10:20:00+03:00,15,OK,87.38619430643999,Critical,A,2
2026-07-02 10:25:00+03:00,15,OK,87.35098732452362,Critical,A,2
2026-07-02 10:30:00+03:00,15,OK,87.33440759071027,Critical,A,2
2026-07-02 10:35:00+03:00,15,OK,87.33555094953314,Critical,A,2
2026-07-02 10:40:00+03:00,15,FAILED,,,,
2026-07-02 10:45:00+03:00,15,FAILED,,,,
2026-07-02 10:50:00+03:00,15,FAILED,,,,
2026-07-02 10:55:00+03:00,15,FAILED,,,,
2026-07-02 11:00:00+03:00,15,OK,87.33126813364882,Critical,A,2
2026-07-02 11:05:00+03:00,15,OK,87.33321842200185,Critical,A,2
2026-07-02 11:10:00+03:00,15,OK,87.32818382046675,Critical,A,4
2026-07-02 11:15:00+03:00,15,OK,87.33228277612477,Critical,A,4
2026-07-02 11:20:00+03:00,15,OK,87.33285110004793,Critical,A,4
2026-07-02 11:25:00+03:00,15,OK,87.33375578263757,Critical,A,4
2026-07-02 11:30:00+03:00,15,OK,87.34606122681873,Critical,A,2
2026-07-02 11:35:00+03:00,15,OK,87.35993640947365,Critical,A,2
2026-07-02 11:40:00+03:00,15,OK,87.35091976273684,Critical,A,2
2026-07-02 11:45:00+03:00,15,OK,87.34528698394912,Critical,A,2
2026-07-02 11:50:00+03:00,15,OK,87.3472399632645,Critical,A,4
2026-07-02 11:55:00+03:00,15,OK,87.35489932861898,Critical,A,4
2026-07-02 12:00:00+03:00,15,OK,87.35706494998512,Critical,A,2
2026-07-02 12:05:00+03:00,15,OK,87.36958293623613,Critical,A,4
2026-07-02 12:10:00+03:00,15,OK,87.31782549420585,Critical,V,4
2026-07-02 12:15:00+03:00,15,OK,87.37296724081969,Critical,V,4
2026-07-02 12:20:00+03:00,15,OK,87.39220522414465,Critical,A,4
2026-07-02 12:25:00+03:00,15,OK,87.38238594294995,Critical,A,4
2026-07-02 12:30:00+03:00,15,OK,87.41054687657699,Critical,A,2
2026-07-02 12:35:00+03:00,15,OK,87.40370124367854,Critical,A,2
2026-07-02 12:40:00+03:00,15,OK,87.38605894774774,Critical,A,2
2026-07-02 12:45:00+03:00,15,OK,87.36119872148409,Critical,A,2
2026-07-02 12:50:00+03:00,15,OK,87.35155597024809,Critical,A,2
2026-07-02 12:55:00+03:00,15,PARTIAL,37.499999999999986,Acceptable,A,2
2026-07-02 13:00:00+03:00,15,PARTIAL,37.5,Acceptable,A,2
2026-07-02 13:05:00+03:00,15,OK,87.36244901922704,Critical,V,4
2026-07-02 13:10:00+03:00,15,OK,87.39002636769877,Critical,A,4
2026-07-02 13:15:00+03:00,15,OK,87.36085669952969,Critical,A,2
2026-07-02 13:20:00+03:00,15,OK,87.32359159720939,Critical,A,2
2026-07-02 13:25:00+03:00,15,OK,87.3862126495639,Critical,A,4
2026-07-02 13:30:00+03:00,15,OK,87.45081061164336,Critical,V,4
2026-07-02 13:35:00+03:00,15,OK,87.54595337073754,Critical,V,4
2026-07-02 13:40:00+03:00,15,OK,87.31529209621992,Critical,V,2
2026-07-02 13:45:00+03:00,15,OK,87.55597014925372,Critical,A;M;V,1
2026-07-02 13:50:00+03:00,15,OK,87.55597014925372,Critical,A;M;V,1
2026-07-02 13:55:00+03:00,15,OK,87.36629871961502,Critical,A,2
2026-07-02 14:00:00+03:00,15,OK,87.47134627301587,Critical,A,2
2026-07-02 14:05:00+03:00,15,OK,87.55597014925372,Critical,A;M;V,1
2026-07-02 14:10:00+03:00,15,OK,87.55597014925372,Critical,A;M;V,1
2026-07-02 14:15:00+03:00,15,OK,87.53601885866405,Critical,A,2
2026-07-02 14:20:00+03:00,15,OK,87.527319664424,Critical,A,2
2026-07-02 14:25:00+03:00,15,OK,87.51333319916382,Critical,A,2
2026-07-02 14:30:00+03:00,15,OK,87.44299795762063,Critical,A,2
2026-07-02 14:35:00+03:00,15,OK,87.39992027350112,Critical,A,2
2026-07-02 14:40:00+03:00,15,OK,87.55597014925372,Critical,A;M;V,1
2026-07-02 14:45:00+03:00,15,OK,87.55597014925372,Critical,A;M;V,1
2026-07-02 14:50:00+03:00,15,OK,87.55597014925372,Critical,A;M;V,1
2026-07-02 14:55:00+03:00,15,OK,87.55597014925372,Critical,A;M;V,1
2026-07-02 15:00:00+03:00,15,OK,87.55597014925372,Critical,A;M;V,1
2026-07-02 15:05:00+03:00,15,OK,87.55597014925372,Critical,A;M;V,1
2026-07-02 15:10:00+03:00,15,OK,87.55597014925372,Critical,A;M;V,1
2026-07-02 15:15:00+03:00,15,OK,87.55597014925372,Critical,A;M;V,1
2026-07-02 15:20:00+03:00,15,OK,87.55597014925372,Critical,A;M;V,1
2026-07-02 15:25:00+03:00,15,OK,87.55597014925372,Critical,A;M;V,1
2026-07-02 15:30:00+03:00,15,OK,87.55597014925372,Critical,A;M;V,1
2026-07-02 15:35:00+03:00,15,OK,87.55597014925372,Critical,A;M;V,1
2026-07-02 15:40:00+03:00,15,OK,87.53510294576671,Critical,A,2
2026-07-02 15:45:00+03:00,15,OK,87.47415772817018,Critical,A,2
2026-07-02 15:50:00+03:00,15,OK,87.36970402357964,Critical,A,2
2026-07-02 15:55:00+03:00,15,OK,87.3301431994832,Critical,A,2
2026-07-02 16:00:00+03:00,15,OK,87.36851189571891,Critical,A,2
2026-07-02 16:05:00+03:00,15,OK,87.37028865701727,Critical,A,2
2026-07-02 16:10:00+03:00,15,OK,87.36276592998027,Critical,A,2
2026-07-02 16:15:00+03:00,15,OK,87.34007982094653,Critical,A,2
2026-07-02 16:20:00+03:00,15,OK,87.31524185825124,Critical,A,2
2026-07-02 16:25:00+03:00,15,OK,87.33629577322205,Critical,A,2
2026-07-02 16:30:00+03:00,15,OK,87.3378858687222,Critical,A,2
2026-07-02 16:35:00+03:00,15,OK,87.33648188742806,Critical,A,2
2026-07-02 16:40:00+03:00,15,OK,87.32628153794465,Critical,A,2
2026-07-02 16:45:00+03:00,15,OK,87.36084964865644,Critical,A,2
2026-07-02 16:50:00+03:00,15,OK,87.36624209952139,Critical,A,2
2026-07-02 16:55:00+03:00,15,OK,87.36149708082374,Critical,A,2
2026-07-02 17:00:00+03:00,15,OK,87.3447399683342,Critical,A,2
2026-07-02 17:05:00+03:00,15,OK,87.3302602361887,Critical,A,2
2026-07-02 17:10:00+03:00,15,OK,87.32152363656452,Critical,A,2
2026-07-02 17:15:00+03:00,15,OK,87.31254909956742,Critical,A,2
2026-07-02 17:20:00+03:00,15,OK,87.32176564480089,Critical,A,2
2026-07-02 17:25:00+03:00,15,OK,87.3642872169934,Critical,A,2
2026-07-02 17:30:00+03:00,15,OK,87.40065078048632,Critical,A,2
2026-07-02 17:35:00+03:00,15,OK,87.42270454716362,Critical,A,2
2026-07-02 17:40:00+03:00,15,OK,87.45503523237191,Critical,A,2
2026-07-02 17:45:00+03:00,15,OK,87.50365900431696,Critical,A,2
2026-07-02 17:50:00+03:00,15,OK,87.55597014925372,Critical,A;M;V,1
2026-07-02 17:55:00+03:00,15,OK,87.55597014925372,Critical,A;M;V,1
2026-07-02 18:00:00+03:00,15,OK,87.55597014925372,Critical,A;M;V,1
2026-07-02 18:05:00+03:00,15,OK,87.55597014925372,Critical,A;M;V,1
2026-07-02 18:10:00+03:00,15,OK,87.55597014925372,Critical,A;M;V,1
2026-07-02 18:15:00+03:00,15,OK,87.55597014925372,Critical,A;M;V,1
2026-07-02 18:20:00+03:00,15,OK,87.55597014925372,Critical,A;M;V,1
2026-07-02 18:25:00+03:00,15,OK,87.55597014925372,Critical,A;M;V,1
2026-07-02 18:30:00+03:00,15,OK,87.55597014925372,Critical,A;M;V,1
2026-07-02 18:35:00+03:00,15,OK,87.55597014925372,Critical,A;M;V,1
2026-07-02 18:40:00+03:00,15,OK,87.55597014925372,Critical,A;M;V,1
2026-07-02 18:45:00+03:00,15,OK,87.55597014925372,Critical,A;M;V,1
2026-07-02 18:50:00+03:00,15,OK,87.55597014925372,Critical,A;M;V,1
2026-07-02 18:55:00+03:00,15,OK,87.55597014925372,Critical,A;M;V,1
2026-07-02 19:00:00+03:00,15,OK,87.55597014925372,Critical,A;M;V,1
2026-07-02 19:05:00+03:00,15,OK,87.55597014925372,Critical,A;M;V,1
2026-07-02 19:10:00+03:00,15,OK,87.55597014925372,Critical,A;M;V,1
2026-07-02 19:15:00+03:00,15,OK,87.55597014925372,Critical,A;M;V,1
2026-07-02 19:20:00+03:00,15,OK,87.55597014925372,Critical,A;M;V,1
2026-07-02 19:25:00+03:00,15,OK,87.55597014925372,Critical,A;M;V,1
2026-07-02 19:30:00+03:00,15,OK,87.55597014925372,Critical,A;M;V,1
2026-07-02 19:35:00+03:00,15,OK,87.55597014925372,Critical,A;M;V,1
2026-07-02 19:40:00+03:00,15,OK,87.55597014925372,Critical,A;M;V,1
2026-07-02 19:45:00+03:00,15,OK,87.55597014925372,Critical,A;M;V,1
2026-07-02 19:50:00+03:00,15,OK,87.55597014925372,Critical,A;M;V,1
2026-07-02 19:55:00+03:00,15,OK,87.55597014925372,Critical,A;M;V,1
2026-07-02 20:00:00+03:00,15,OK,87.55597014925372,Critical,A;M;V,1
2026-07-02 20:05:00+03:00,15,OK,87.55597014925372,Critical,A;M;V,1
2026-07-02 20:10:00+03:00,15,OK,87.55597014925372,Critical,A;M;V,1
2026-07-02 20:15:00+03:00,15,OK,87.55597014925372,Critical,A;M;V,1
2026-07-02 20:20:00+03:00,15,OK,87.55597014925372,Critical,A;M;V,1
2026-07-02 20:25:00+03:00,15,OK,87.55597014925372,Critical,A;M;V,1
2026-07-02 20:30:00+03:00,15,OK,87.55597014925372,Critical,A;M;V,1
2026-07-02 20:35:00+03:00,15,OK,87.55597014925372,Critical,A;M;V,1
2026-07-02 20:40:00+03:00,15,OK,87.55597014925372,Critical,A;M;V,1
2026-07-02 20:45:00+03:00,15,OK,87.55597014925372,Critical,A;M;V,1
2026-07-02 20:50:00+03:00,15,OK,87.55597014925372,Critical,A;M;V,1
2026-07-02 20:55:00+03:00,15,OK,87.55597014925372,Critical,A;M;V,1
2026-07-02 21:00:00+03:00,15,OK,87.55597014925372,Critical,A;M;V,1
2026-07-02 21:05:00+03:00,15,OK,87.51512797693766,Critical,M,1
2026-07-02 21:10:00+03:00,15,OK,87.44778283724396,Critical,M,1
2026-07-02 21:15:00+03:00,15,OK,87.39207142655266,Critical,M,1
2026-07-02 21:20:00+03:00,15,OK,87.34801503069245,Critical,M,1
2026-07-02 21:25:00+03:00,15,OK,87.31733240579464,Critical,M,1
2026-07-02 21:30:00+03:00,15,OK,87.34189193151165,Critical,M,1
2026-07-02 21:35:00+03:00,15,OK,87.36925046349431,Critical,M,1
2026-07-02 21:40:00+03:00,15,OK,87.39774866565364,Critical,M,2
2026-07-02 21:45:00+03:00,15,OK,87.40325411555845,Critical,M,2
2026-07-02 21:50:00+03:00,15,OK,87.39323310500251,Critical,M,2
2026-07-02 21:55:00+03:00,15,OK,87.36990357520256,Critical,M,2
2026-07-02 22:00:00+03:00,15,OK,87.34750028737832,Critical,M,2
2026-07-02 22:05:00+03:00,15,OK,87.32010430261441,Critical,M,2
2026-07-02 22:10:00+03:00,15,OK,87.33741189317979,Critical,M,2
2026-07-02 22:15:00+03:00,15,OK,87.367639546557,Critical,M,2
2026-07-02 22:20:00+03:00,15,OK,87.40132799656868,Critical,M,2
2026-07-02 22:25:00+03:00,15,OK,87.43036784430775,Critical,M,2
2026-07-02 22:30:00+03:00,15,OK,87.45936547485411,Critical,M,2
2026-07-02 22:35:00+03:00,15,OK,87.48493017538375,Critical,M,2
2026-07-02 22:40:00+03:00,15,OK,87.50695217383912,Critical,M,2
2026-07-02 22:45:00+03:00,15,OK,87.52741941111016,Critical,M,2
2026-07-02 22:50:00+03:00,15,OK,87.54331232712177,Critical,M,1
2026-07-02 22:55:00+03:00,15,OK,87.55597014925372,Critical,A;M;V,1
2026-07-02 23:00:00+03:00,15,OK,87.55597014925372,Critical,A;M;V,1
2026-07-02 23:05:00+03:00,15,OK,87.55597014925372,Critical,A;M;V,1
2026-07-02 23:10:00+03:00,15,OK,87.55597014925372,Critical,A;M;V,1
2026-07-02 23:15:00+03:00,15,OK,87.55597014925372,Critical,A;M;V,1
2026-07-02 23:20:00+03:00,15,OK,87.55597014925372,Critical,A;M;V,1
2026-07-02 23:25:00+03:00,15,OK,87.55597014925372,Critical,A;M;V,1
2026-07-02 23:30:00+03:00,15,OK,87.55597014925372,Critical,A;M;V,1
2026-07-02 23:35:00+03:00,15,OK,87.55597014925372,Critical,A;M;V,1
2026-07-02 23:40:00+03:00,15,OK,87.55597014925372,Critical,A;M;V,1
2026-07-02 23:45:00+03:00,15,OK,87.55597014925372,Critical,A;M;V,1
2026-07-02 23:50:00+03:00,15,OK,87.55597014925372,Critical,A;M;V,1
2026-07-02 23:55:00+03:00,15,OK,87.55597014925372,Critical,A;M;V,1
2026-07-03 00:00:00+03:00,15,OK,87.55597014925372,Critical,A;M;V,1
2026-07-03 00:05:00+03:00,15,OK,87.55597014925372,Critical,A;M;V,1
2026-07-03 00:10:00+03:00,15,OK,87.55597014925372,Critical,A;M;V,1
2026-07-03 00:15:00+03:00,15,OK,87.55597014925372,Critical,A;M;V,1
2026-07-03 00:20:00+03:00,15,OK,87.55597014925372,Critical,A;M;V,1
2026-07-03 00:25:00+03:00,15,OK,87.55597014925372,Critical,A;M;V,1
2026-07-03 00:30:00+03:00,15,OK,87.55597014925372,Critical,A;M;V,1
2026-07-03 00:35:00+03:00,15,OK,87.55597014925372,Critical,A;M;V,1
2026-07-03 00:40:00+03:00,15,OK,87.55597014925372,Critical,A;M;V,1
2026-07-03 00:45:00+03:00,15,OK,87.55597014925372,Critical,A;M;V,1
2026-07-03 00:50:00+03:00,15,OK,87.55597014925372,Critical,A;M;V,1
2026-07-03 00:55:00+03:00,15,OK,87.55597014925372,Critical,A;M;V,1
2026-07-03 01:00:00+03:00,15,OK,87.55597014925372,Critical,A;M;V,1
2026-07-03 01:05:00+03:00,15,OK,87.55597014925372,Critical,A;M;V,1
2026-07-03 01:10:00+03:00,15,OK,87.55597014925372,Critical,A;M;V,1
2026-07-03 01:15:00+03:00,15,OK,87.55597014925372,Critical,A;M;V,1
2026-07-03 01:20:00+03:00,15,OK,87.55597014925372,Critical,A;M;V,1
2026-07-03 01:25:00+03:00,15,OK,87.55597014925372,Critical,A;M;V,1
2026-07-03 01:30:00+03:00,15,OK,87.55597014925372,Critical,A;M;V,1
2026-07-03 01:35:00+03:00,15,OK,87.55597014925372,Critical,A;M;V,1
2026-07-03 01:40:00+03:00,15,OK,87.55597014925372,Critical,A;M;V,1
2026-07-03 01:45:00+03:00,15,OK,87.55597014925372,Critical,A;M;V,1
2026-07-03 01:50:00+03:00,15,OK,87.55597014925372,Critical,A;M;V,1
2026-07-03 01:55:00+03:00,15,OK,87.55597014925372,Critical,A;M;V,1
2026-07-03 02:00:00+03:00,15,OK,87.55597014925372,Critical,A;M;V,1
2026-07-03 02:05:00+03:00,15,OK,87.55597014925372,Critical,A;M;V,1
2026-07-03 02:10:00+03:00,15,OK,87.55597014925372,Critical,A;M;V,1
2026-07-03 02:15:00+03:00,15,OK,87.55597014925372,Critical,A;M;V,1
2026-07-03 02:20:00+03:00,15,OK,87.55597014925372,Critical,A;M;V,1
2026-07-03 02:25:00+03:00,15,PARTIAL,87.55597014925372,Critical,A;M,1
2026-07-03 02:30:00+03:00,15,OK,87.55597014925372,Critical,A;M;V,1
2026-07-03 02:35:00+03:00,15,OK,87.55597014925372,Critical,A;M;V,1
2026-07-03 02:40:00+03:00,15,OK,87.55597014925372,Critical,A;M;V,1
2026-07-03 02:45:00+03:00,15,OK,87.55597014925372,Critical,A;M;V,1
2026-07-03 02:50:00+03:00,15,OK,87.55597014925372,Critical,A;M;V,1
2026-07-03 02:55:00+03:00,15,OK,87.55597014925372,Critical,A;M;V,1
2026-07-03 03:00:00+03:00,15,OK,87.55597014925372,Critical,A;M;V,1
2026-07-03 03:05:00+03:00,15,OK,87.55597014925372,Critical,A;M;V,1
2026-07-03 03:10:00+03:00,15,OK,87.55597014925372,Critical,A;M;V,1
2026-07-03 03:15:00+03:00,15,OK,87.55597014925372,Critical,A;M;V,1
2026-07-03 03:20:00+03:00,15,OK,87.55597014925372,Critical,A;M;V,1
2026-07-03 03:25:00+03:00,15,OK,87.55597014925372,Critical,A;M;V,1
2026-07-03 03:30:00+03:00,15,OK,87.55597014925372,Critical,A;M;V,1
2026-07-03 03:35:00+03:00,15,OK,87.55597014925372,Critical,A;M;V,1
2026-07-03 03:40:00+03:00,15,OK,87.55597014925372,Critical,A;M;V,1
2026-07-03 03:45:00+03:00,15,OK,87.55597014925372,Critical,A;M;V,1
2026-07-03 03:50:00+03:00,15,OK,87.55597014925372,Critical,A;M;V,1
2026-07-03 03:55:00+03:00,15,OK,87.55597014925372,Critical,A;M;V,1
2026-07-03 04:00:00+03:00,15,OK,87.55597014925372,Critical,A;M;V,1
2026-07-03 04:05:00+03:00,15,OK,87.55597014925372,Critical,A;M;V,1
2026-07-03 04:10:00+03:00,15,OK,87.55597014925372,Critical,A;M;V,1
2026-07-03 04:15:00+03:00,15,OK,87.55597014925372,Critical,A;M;V,1
2026-07-03 04:20:00+03:00,15,OK,87.55597014925372,Critical,A;M;V,1
2026-07-03 04:25:00+03:00,15,OK,87.55597014925372,Critical,A;M;V,1
2026-07-03 04:30:00+03:00,15,OK,87.55597014925372,Critical,A;M;V,1
2026-07-03 04:35:00+03:00,15,OK,87.55597014925372,Critical,A;M;V,1
2026-07-03 04:40:00+03:00,15,OK,87.55597014925372,Critical,A;M;V,1
2026-07-03 04:45:00+03:00,15,OK,87.55597014925372,Critical,A;M;V,1
2026-07-03 04:50:00+03:00,15,OK,87.55597014925372,Critical,A;M;V,1
2026-07-03 04:55:00+03:00,15,OK,87.55597014925372,Critical,A;M;V,1
2026-07-03 05:00:00+03:00,15,OK,87.55597014925372,Critical,A;M;V,1
2026-07-03 05:05:00+03:00,15,OK,87.55597014925372,Critical,A;M;V,1
2026-07-03 05:10:00+03:00,15,OK,87.55597014925372,Critical,A;M;V,1
2026-07-03 05:15:00+03:00,15,OK,87.55597014925372,Critical,A;M;V,1
2026-07-03 05:20:00+03:00,15,OK,87.55597014925372,Critical,A;M;V,1
2026-07-03 05:25:00+03:00,15,OK,87.55597014925372,Critical,A;M;V,1
2026-07-03 05:30:00+03:00,15,OK,87.55597014925372,Critical,A;M;V,1
2026-07-03 05:35:00+03:00,15,OK,87.55597014925372,Critical,A;M;V,1
2026-07-03 05:40:00+03:00,15,OK,87.55597014925372,Critical,A;M;V,1
2026-07-03 05:45:00+03:00,15,OK,87.55597014925372,Critical,A;M;V,1
2026-07-03 05:50:00+03:00,15,OK,87.55597014925372,Critical,A;M;V,1
2026-07-03 05:55:00+03:00,15,OK,87.55597014925372,Critical,A;M;V,1
2026-07-03 06:00:00+03:00,15,OK,87.55597014925372,Critical,A;M;V,1
2026-07-03 06:05:00+03:00,15,OK,87.55597014925372,Critical,A;M;V,1
2026-07-03 06:10:00+03:00,15,OK,87.55597014925372,Critical,A;M;V,1
2026-07-03 06:15:00+03:00,15,OK,87.55597014925372,Critical,A;M;V,1
2026-07-03 06:20:00+03:00,15,OK,87.55597014925372,Critical,A;M;V,1
2026-07-03 06:25:00+03:00,15,OK,87.55597014925372,Critical,A;M;V,1
2026-07-03 06:30:00+03:00,15,OK,87.55597014925372,Critical,A;M;V,1
2026-07-03 06:35:00+03:00,15,OK,87.55597014925372,Critical,A;M;V,1
2026-07-03 06:40:00+03:00,15,OK,87.55597014925372,Critical,A;M;V,1
2026-07-03 06:45:00+03:00,15,OK,87.55597014925372,Critical,A;M;V,1
2026-07-03 06:50:00+03:00,15,OK,87.55597014925372,Critical,A;M;V,1
2026-07-03 06:55:00+03:00,15,OK,87.55597014925372,Critical,A;M;V,1
2026-07-03 07:00:00+03:00,15,OK,87.55597014925372,Critical,A;M;V,1
2026-07-03 07:05:00+03:00,15,OK,87.55597014925372,Critical,A;M;V,1
2026-07-03 07:10:00+03:00,15,OK,87.55597014925372,Critical,A;M;V,1
2026-07-03 07:15:00+03:00,15,OK,87.55597014925372,Critical,A;M;V,1
2026-07-03 07:20:00+03:00,15,OK,87.55597014925372,Critical,A;M;V,1
2026-07-03 07:25:00+03:00,15,OK,87.55597014925372,Critical,A;M;V,1
2026-07-03 07:30:00+03:00,15,OK,87.55597014925372,Critical,A;M;V,1
2026-07-03 07:35:00+03:00,15,OK,87.55597014925372,Critical,A;M;V,1
2026-07-03 07:40:00+03:00,15,OK,87.55597014925372,Critical,A;M;V,1
2026-07-03 07:45:00+03:00,15,OK,87.55597014925372,Critical,A;M;V,1
2026-07-03 07:50:00+03:00,15,OK,87.55597014925372,Critical,A;M;V,1
2026-07-03 07:55:00+03:00,15,OK,87.55597014925372,Critical,A;M;V,1
2026-07-03 08:00:00+03:00,15,OK,87.55597014925372,Critical,A;M;V,1
2026-07-03 08:05:00+03:00,15,OK,87.55597014925372,Critical,A;M;V,1
2026-07-03 08:10:00+03:00,15,OK,87.55597014925372,Critical,A;M;V,1
2026-07-03 08:15:00+03:00,15,OK,87.55597014925372,Critical,A;M;V,1
2026-07-03 08:20:00+03:00,15,OK,87.55597014925372,Critical,A;M;V,1
2026-07-03 08:25:00+03:00,15,OK,87.55597014925372,Critical,A;M;V,1
2026-07-03 08:30:00+03:00,15,OK,87.55597014925372,Critical,A;M;V,1
2026-07-03 08:35:00+03:00,15,OK,87.55597014925372,Critical,A;M;V,1
2026-07-03 08:40:00+03:00,15,OK,87.55597014925372,Critical,A;M;V,1
2026-07-03 08:45:00+03:00,15,OK,87.55597014925372,Critical,A;M;V,1
2026-07-03 08:50:00+03:00,15,OK,87.55597014925372,Critical,A;M;V,1
2026-07-03 08:55:00+03:00,15,OK,87.55597014925372,Critical,A;M;V,1
2026-07-03 09:00:00+03:00,15,OK,87.55597014925372,Critical,A;M;V,1
2026-07-03 09:05:00+03:00,15,OK,87.55597014925372,Critical,A;M;V,1
2026-07-03 09:10:00+03:00,15,OK,87.55597014925372,Critical,A;M;V,1
2026-07-03 09:15:00+03:00,15,OK,87.55597014925372,Critical,A;M;V,1
2026-07-03 09:20:00+03:00,15,OK,87.55597014925372,Critical,A;M;V,1
2026-07-03 09:25:00+03:00,15,OK,87.55597014925372,Critical,A;M;V,1
2026-07-03 09:30:00+03:00,15,OK,87.55597014925372,Critical,A;M;V,1
2026-07-03 09:35:00+03:00,15,OK,87.55597014925372,Critical,A;M;V,1
2026-07-03 09:40:00+03:00,15,OK,87.55597014925372,Critical,A;M;V,1
2026-07-03 09:45:00+03:00,15,OK,87.55597014925372,Critical,A;M;V,1
2026-07-03 09:50:00+03:00,15,OK,87.55597014925372,Critical,A;M;V,1
2026-07-03 09:55:00+03:00,15,OK,87.55597014925372,Critical,A;M;V,1
2026-07-03 10:00:00+03:00,15,OK,87.55597014925372,Critical,A;M;V,1
2026-07-03 10:05:00+03:00,15,OK,87.55597014925372,Critical,A;M;V,1
2026-07-03 10:10:00+03:00,15,OK,87.55597014925372,Critical,A;M;V,1
2026-07-03 10:15:00+03:00,15,OK,87.55597014925372,Critical,A;M;V,1
2026-07-03 10:20:00+03:00,15,OK,87.55597014925372,Critical,A;M;V,1
2026-07-03 10:25:00+03:00,15,OK,87.55597014925372,Critical,A;M;V,1
2026-07-03 10:30:00+03:00,15,OK,87.55597014925372,Critical,A;M;V,1
2026-07-03 10:35:00+03:00,15,OK,87.55597014925372,Critical,A;M;V,1
2026-07-03 10:40:00+03:00,15,OK,87.55597014925372,Critical,A;M;V,1
2026-07-03 10:45:00+03:00,15,OK,87.55597014925372,Critical,A;M;V,1
2026-07-03 10:50:00+03:00,15,OK,87.55597014925372,Critical,A;M;V,1
2026-07-03 10:55:00+03:00,15,OK,87.55597014925372,Critical,A;M;V,1
2026-07-03 11:00:00+03:00,15,OK,87.55597014925372,Critical,A;M;V,1
2026-07-03 11:05:00+03:00,15,OK,87.55597014925372,Critical,A;M;V,1
2026-07-03 11:10:00+03:00,15,OK,87.55597014925372,Critical,A;M;V,1
2026-07-03 11:15:00+03:00,15,OK,87.55597014925372,Critical,A;M;V,1
2026-07-03 11:20:00+03:00,15,OK,87.55597014925372,Critical,A;M;V,1
2026-07-03 11:25:00+03:00,15,OK,87.55597014925372,Critical,A;M;V,1
2026-07-03 11:30:00+03:00,15,OK,87.55597014925372,Critical,A;M;V,1
2026-07-03 11:35:00+03:00,15,OK,87.55597014925372,Critical,A;M;V,1
2026-07-03 11:40:00+03:00,15,OK,87.55597014925372,Critical,A;M;V,1
2026-07-03 11:45:00+03:00,15,OK,87.55597014925372,Critical,A;M;V,1
2026-07-03 11:50:00+03:00,15,OK,87.55597014925372,Critical,A;M;V,1
2026-07-03 11:55:00+03:00,15,OK,87.55597014925372,Critical,A;M;V,1
2026-07-03 12:00:00+03:00,15,OK,87.55597014925372,Critical,A;M;V,1
2026-07-03 12:05:00+03:00,15,OK,87.55597014925372,Critical,A;M;V,1
2026-07-03 12:10:00+03:00,15,OK,87.55597014925372,Critical,A;M;V,1
2026-07-03 12:15:00+03:00,15,OK,87.55597014925372,Critical,A;M;V,1
2026-07-03 12:20:00+03:00,15,OK,87.55597014925372,Critical,A;M;V,1
2026-07-03 12:25:00+03:00,15,OK,87.55597014925372,Critical,A;M;V,1
2026-07-03 12:30:00+03:00,15,OK,87.55597014925372,Critical,A;M;V,1
2026-07-03 12:35:00+03:00,15,OK,87.55597014925372,Critical,A;M;V,1
2026-07-03 12:40:00+03:00,15,OK,87.55597014925372,Critical,A;M;V,1
2026-07-03 12:45:00+03:00,15,OK,87.55597014925372,Critical,A;M;V,1
2026-07-03 12:50:00+03:00,15,OK,87.55597014925372,Critical,A;M;V,1
2026-07-03 12:55:00+03:00,15,PARTIAL,87.55597014925372,Critical,A;M,1
2026-07-03 13:00:00+03:00,15,PARTIAL,87.55597014925372,Critical,A;M,1
2026-07-03 13:05:00+03:00,15,PARTIAL,87.55597014925372,Critical,A;M,1
2026-07-03 13:10:00+03:00,15,OK,87.55597014925372,Critical,A;M;V,1
2026-07-03 13:15:00+03:00,15,OK,87.55597014925372,Critical,A;M;V,1
2026-07-03 13:20:00+03:00,15,OK,87.55597014925372,Critical,A;M;V,1
2026-07-03 13:25:00+03:00,15,OK,87.55597014925372,Critical,A;M;V,1
2026-07-03 13:30:00+03:00,15,OK,87.55597014925372,Critical,A;M;V,1
2026-07-03 13:35:00+03:00,15,OK,87.55597014925372,Critical,A;M;V,1
2026-07-03 13:40:00+03:00,15,OK,87.55597014925372,Critical,A;M;V,1
2026-07-03 13:45:00+03:00,15,OK,87.55597014925372,Critical,A;M;V,1
2026-07-03 13:50:00+03:00,15,OK,87.55597014925372,Critical,A;M;V,1
2026-07-03 13:55:00+03:00,15,OK,87.55597014925372,Critical,A;M;V,1
2026-07-03 14:00:00+03:00,15,OK,87.55597014925372,Critical,A;M;V,1
2026-07-03 14:05:00+03:00,15,OK,87.55597014925372,Critical,A;M;V,1
2026-07-03 14:10:00+03:00,15,OK,87.55597014925372,Critical,A;M;V,1
2026-07-03 14:15:00+03:00,15,OK,87.55597014925372,Critical,A;M;V,1
2026-07-03 14:20:00+03:00,15,OK,87.55597014925372,Critical,A;M;V,1
2026-07-03 14:25:00+03:00,15,OK,87.55597014925372,Critical,A;M;V,1
2026-07-03 14:30:00+03:00,15,OK,87.55597014925372,Critical,A;M;V,1
2026-07-03 14:35:00+03:00,15,OK,87.55597014925372,Critical,A;M;V,1
2026-07-03 14:40:00+03:00,15,OK,87.55597014925372,Critical,A;M;V,1
2026-07-03 14:45:00+03:00,15,OK,87.55597014925372,Critical,A;M;V,1
2026-07-03 14:50:00+03:00,15,OK,87.55597014925372,Critical,A;M;V,1
2026-07-03 14:55:00+03:00,15,OK,87.55597014925372,Critical,A;M;V,1
2026-07-03 15:00:00+03:00,15,OK,87.55597014925372,Critical,A;M;V,1
2026-07-03 15:05:00+03:00,15,OK,87.55597014925372,Critical,A;M;V,1
2026-07-03 15:10:00+03:00,15,OK,87.55597014925372,Critical,A;M;V,1
2026-07-03 15:15:00+03:00,15,OK,87.55597014925372,Critical,A;M;V,1
2026-07-03 15:20:00+03:00,15,OK,87.55597014925372,Critical,A;M;V,1
2026-07-03 15:25:00+03:00,15,OK,87.55597014925372,Critical,A;M;V,1
2026-07-03 15:30:00+03:00,15,OK,87.55597014925372,Critical,A;M;V,1
2026-07-03 15:35:00+03:00,15,OK,87.55597014925372,Critical,A;M;V,1
2026-07-03 15:40:00+03:00,15,OK,87.55597014925372,Critical,A;M;V,1
2026-07-03 15:45:00+03:00,15,OK,87.55597014925372,Critical,A;M;V,1
2026-07-03 15:50:00+03:00,15,OK,87.55597014925372,Critical,A;M;V,1
2026-07-03 15:55:00+03:00,15,OK,87.55597014925372,Critical,A;M;V,1
2026-07-03 16:00:00+03:00,15,OK,87.55597014925372,Critical,A;M;V,1
2026-07-03 16:05:00+03:00,15,OK,87.55597014925372,Critical,A;M;V,1
2026-07-03 16:10:00+03:00,15,OK,87.55597014925372,Critical,A;M;V,1
2026-07-03 16:15:00+03:00,15,OK,87.55597014925372,Critical,A;M;V,1
2026-07-03 16:20:00+03:00,15,OK,87.55597014925372,Critical,A;M;V,1
2026-07-03 16:25:00+03:00,15,OK,87.55597014925372,Critical,A;M;V,1
2026-07-03 16:30:00+03:00,15,OK,87.55597014925372,Critical,A;M;V,1
2026-07-03 16:35:00+03:00,15,OK,87.55597014925372,Critical,A;M;V,1
2026-07-03 16:40:00+03:00,15,OK,87.55597014925372,Critical,A;M;V,1
2026-07-03 16:45:00+03:00,15,OK,87.55597014925372,Critical,A;M;V,1
2026-07-03 16:50:00+03:00,15,OK,87.55597014925372,Critical,A;M;V,1
2026-07-03 16:55:00+03:00,15,OK,87.55597014925372,Critical,A;M;V,1
2026-07-03 17:00:00+03:00,15,OK,87.55597014925372,Critical,A;M;V,1
2026-07-03 17:05:00+03:00,15,OK,87.55597014925372,Critical,A;M;V,1
2026-07-03 17:10:00+03:00,15,OK,87.55597014925372,Critical,A;M;V,1
2026-07-03 17:15:00+03:00,15,OK,87.55597014925372,Critical,A;M;V,1
2026-07-03 17:20:00+03:00,15,OK,87.55597014925372,Critical,A;M;V,1
2026-07-03 17:25:00+03:00,15,OK,87.55597014925372,Critical,A;M;V,1
2026-07-03 17:30:00+03:00,15,OK,87.55597014925372,Critical,A;M;V,1
2026-07-03 17:35:00+03:00,15,OK,87.55597014925372,Critical,A;M;V,1
2026-07-03 17:40:00+03:00,15,OK,87.55597014925372,Critical,A;M;V,1
2026-07-03 17:45:00+03:00,15,OK,87.55597014925372,Critical,A;M;V,1
2026-07-03 17:50:00+03:00,15,OK,87.55597014925372,Critical,A;M;V,1
2026-07-03 17:55:00+03:00,15,OK,87.55597014925372,Critical,A;M;V,1
2026-07-03 18:00:00+03:00,15,OK,87.55597014925372,Critical,A;M;V,1
2026-07-03 18:05:00+03:00,15,OK,87.55597014925372,Critical,A;M;V,1
2026-07-03 18:10:00+03:00,15,OK,87.55597014925372,Critical,A;M;V,1
2026-07-03 18:15:00+03:00,15,OK,87.55597014925372,Critical,A;M;V,1
2026-07-03 18:20:00+03:00,15,OK,87.55597014925372,Critical,A;M;V,1
2026-07-03 18:25:00+03:00,15,OK,87.55597014925372,Critical,A;M;V,1
2026-07-03 18:30:00+03:00,15,OK,87.55597014925372,Critical,A;M;V,1
2026-07-03 18:35:00+03:00,15,OK,87.55597014925372,Critical,A;M;V,1
2026-07-03 18:40:00+03:00,15,OK,87.55597014925372,Critical,A;M;V,1
2026-07-03 18:45:00+03:00,15,OK,87.55597014925372,Critical,A;M;V,1
2026-07-03 18:50:00+03:00,15,OK,87.55597014925372,Critical,A;M;V,1
2026-07-03 18:55:00+03:00,15,OK,87.55597014925372,Critical,A;M;V,1
2026-07-03 19:00:00+03:00,15,OK,87.55597014925372,Critical,A;M;V,1
2026-07-03 19:05:00+03:00,15,OK,87.55597014925372,Critical,A;M;V,1
2026-07-03 19:10:00+03:00,15,OK,87.55597014925372,Critical,A;M;V,1
2026-07-03 19:15:00+03:00,15,OK,87.55597014925372,Critical,A;M;V,1
2026-07-03 19:20:00+03:00,15,OK,87.55597014925372,Critical,A;M;V,1
2026-07-03 19:25:00+03:00,15,OK,87.55597014925372,Critical,A;M;V,1
2026-07-03 19:30:00+03:00,15,OK,87.55597014925372,Critical,A;M;V,1
2026-07-03 19:35:00+03:00,15,OK,87.55597014925372,Critical,A;M;V,1
2026-07-03 19:40:00+03:00,15,OK,87.55597014925372,Critical,A;M;V,1
2026-07-03 19:45:00+03:00,15,OK,87.55597014925372,Critical,A;M;V,1
2026-07-03 19:50:00+03:00,15,OK,87.55597014925372,Critical,A;M;V,1
2026-07-03 19:55:00+03:00,15,OK,87.55597014925372,Critical,A;M;V,1
2026-07-03 20:00:00+03:00,15,OK,87.55597014925372,Critical,A;M;V,1
2026-07-03 20:05:00+03:00,15,OK,87.55597014925372,Critical,A;M;V,1
2026-07-03 20:10:00+03:00,15,OK,87.55597014925372,Critical,A;M;V,1
2026-07-03 20:15:00+03:00,15,OK,87.55597014925372,Critical,A;M;V,1
2026-07-03 20:20:00+03:00,15,OK,84.72348954459044,Critical,M,2
2026-07-03 20:25:00+03:00,15,OK,80.83164829188715,Critical,M,2
2026-07-03 20:30:00+03:00,15,OK,77.37205761316902,Critical,M,2
2026-07-03 20:35:00+03:00,15,OK,72.16675894525592,Degraded,M,2
2026-07-03 20:40:00+03:00,15,OK,69.29554004022683,Degraded,M,2
2026-07-03 20:45:00+03:00,15,OK,67.31489627187759,Degraded,M,2
2026-07-03 20:50:00+03:00,15,OK,67.77287597914706,Degraded,M,2
2026-07-03 20:55:00+03:00,15,OK,68.99165782979718,Degraded,M,2
2026-07-03 21:00:00+03:00,15,OK,70.92738908440832,Degraded,M,2
2026-07-03 21:05:00+03:00,15,OK,72.37295438517866,Degraded,M,2
2026-07-03 21:10:00+03:00,15,OK,73.46110327880743,Degraded,M,2
2026-07-03 21:15:00+03:00,15,OK,73.81537172009273,Degraded,M,2
2026-07-03 21:20:00+03:00,15,OK,73.80713405878228,Degraded,M,2
2026-07-03 21:25:00+03:00,15,FAILED,,,,
2026-07-03 21:30:00+03:00,15,FAILED,,,,
2026-07-03 21:35:00+03:00,15,FAILED,,,,
2026-07-03 21:40:00+03:00,15,FAILED,,,,
2026-07-03 21:45:00+03:00,15,FAILED,,,,
2026-07-03 21:50:00+03:00,15,FAILED,,,,
2026-07-03 21:55:00+03:00,15,FAILED,,,,
2026-07-03 22:00:00+03:00,15,FAILED,,,,
2026-07-03 22:05:00+03:00,15,FAILED,,,,
2026-07-03 22:10:00+03:00,15,FAILED,,,,
2026-07-03 22:15:00+03:00,15,FAILED,,,,
2026-07-03 22:20:00+03:00,15,FAILED,,,,
2026-07-03 22:25:00+03:00,15,FAILED,,,,
2026-07-03 22:30:00+03:00,15,FAILED,,,,
2026-07-03 22:35:00+03:00,15,FAILED,,,,
2026-07-03 22:40:00+03:00,15,FAILED,,,,
2026-07-03 22:45:00+03:00,15,FAILED,,,,
2026-07-03 22:50:00+03:00,15,FAILED,,,,
2026-07-03 22:55:00+03:00,15,FAILED,,,,
2026-07-03 23:00:00+03:00,15,FAILED,,,,
2026-07-03 23:05:00+03:00,15,FAILED,,,,
2026-07-03 23:10:00+03:00,15,FAILED,,,,
2026-07-03 23:15:00+03:00,15,FAILED,,,,
2026-07-03 23:20:00+03:00,15,FAILED,,,,
2026-07-03 23:25:00+03:00,15,FAILED,,,,
2026-07-03 23:30:00+03:00,15,FAILED,,,,
2026-07-03 23:35:00+03:00,15,FAILED,,,,
2026-07-03 23:40:00+03:00,15,FAILED,,,,
2026-07-03 23:45:00+03:00,15,FAILED,,,,
2026-07-03 23:50:00+03:00,15,FAILED,,,,
2026-07-03 23:55:00+03:00,15,FAILED,,,,
2026-07-04 00:00:00+03:00,15,FAILED,,,,
2026-07-04 00:05:00+03:00,15,FAILED,,,,
2026-07-04 00:10:00+03:00,15,FAILED,,,,
2026-07-04 00:15:00+03:00,15,FAILED,,,,
2026-07-04 00:20:00+03:00,15,FAILED,,,,
2026-07-04 00:25:00+03:00,15,FAILED,,,,
2026-07-04 00:30:00+03:00,15,FAILED,,,,
2026-07-04 00:35:00+03:00,15,FAILED,,,,
2026-07-04 00:40:00+03:00,15,FAILED,,,,
2026-07-04 00:45:00+03:00,15,FAILED,,,,
2026-07-04 00:50:00+03:00,15,FAILED,,,,
2026-07-04 00:55:00+03:00,15,FAILED,,,,
2026-07-04 01:00:00+03:00,15,FAILED,,,,
2026-07-04 01:05:00+03:00,15,FAILED,,,,
2026-07-04 01:10:00+03:00,15,FAILED,,,,
2026-07-04 01:15:00+03:00,15,FAILED,,,,
2026-07-04 01:20:00+03:00,15,FAILED,,,,
2026-07-04 01:25:00+03:00,15,FAILED,,,,
2026-07-04 01:30:00+03:00,15,FAILED,,,,
2026-07-04 01:35:00+03:00,15,FAILED,,,,
2026-07-04 01:40:00+03:00,15,FAILED,,,,
2026-07-04 01:45:00+03:00,15,FAILED,,,,
2026-07-04 01:50:00+03:00,15,FAILED,,,,
2026-07-04 01:55:00+03:00,15,FAILED,,,,
2026-07-04 02:00:00+03:00,15,FAILED,,,,
2026-07-04 02:05:00+03:00,15,FAILED,,,,
2026-07-04 02:10:00+03:00,15,FAILED,,,,
2026-07-04 02:15:00+03:00,15,FAILED,,,,
2026-07-04 02:20:00+03:00,15,FAILED,,,,
2026-07-04 02:25:00+03:00,15,FAILED,,,,
2026-07-04 02:30:00+03:00,15,FAILED,,,,
2026-07-04 02:35:00+03:00,15,FAILED,,,,
2026-07-04 02:40:00+03:00,15,FAILED,,,,
2026-07-04 02:45:00+03:00,15,FAILED,,,,
2026-07-04 02:50:00+03:00,15,FAILED,,,,
2026-07-04 02:55:00+03:00,15,FAILED,,,,
2026-07-04 03:00:00+03:00,15,FAILED,,,,
2026-07-04 03:05:00+03:00,15,FAILED,,,,
2026-07-04 03:10:00+03:00,15,FAILED,,,,
2026-07-04 03:15:00+03:00,15,FAILED,,,,
2026-07-04 03:20:00+03:00,15,FAILED,,,,
2026-07-04 03:25:00+03:00,15,FAILED,,,,
2026-07-04 03:30:00+03:00,15,FAILED,,,,
2026-07-04 03:35:00+03:00,15,FAILED,,,,
2026-07-04 03:40:00+03:00,15,FAILED,,,,
2026-07-04 03:45:00+03:00,15,FAILED,,,,
2026-07-04 03:50:00+03:00,15,FAILED,,,,
2026-07-04 03:55:00+03:00,15,FAILED,,,,
2026-07-04 04:00:00+03:00,15,FAILED,,,,
2026-07-04 04:05:00+03:00,15,FAILED,,,,
2026-07-04 04:10:00+03:00,15,FAILED,,,,
2026-07-04 04:15:00+03:00,15,FAILED,,,,
2026-07-04 04:20:00+03:00,15,FAILED,,,,
2026-07-04 04:25:00+03:00,15,FAILED,,,,
2026-07-04 04:30:00+03:00,15,FAILED,,,,
2026-07-04 04:35:00+03:00,15,FAILED,,,,
2026-07-04 04:40:00+03:00,15,FAILED,,,,
2026-07-04 04:45:00+03:00,15,FAILED,,,,
2026-07-04 04:50:00+03:00,15,FAILED,,,,
2026-07-04 04:55:00+03:00,15,FAILED,,,,
2026-07-04 05:00:00+03:00,15,FAILED,,,,
2026-07-04 05:05:00+03:00,15,FAILED,,,,
2026-07-04 05:10:00+03:00,15,FAILED,,,,
2026-07-04 05:15:00+03:00,15,FAILED,,,,
2026-07-04 05:20:00+03:00,15,FAILED,,,,
2026-07-04 05:25:00+03:00,15,FAILED,,,,
2026-07-04 05:30:00+03:00,15,FAILED,,,,
2026-07-04 05:35:00+03:00,15,FAILED,,,,
2026-07-04 05:40:00+03:00,15,FAILED,,,,
2026-07-04 05:45:00+03:00,15,FAILED,,,,
2026-07-04 05:50:00+03:00,15,FAILED,,,,
2026-07-04 05:55:00+03:00,15,FAILED,,,,
2026-07-04 06:00:00+03:00,15,FAILED,,,,
2026-07-04 06:05:00+03:00,15,FAILED,,,,
2026-07-04 06:10:00+03:00,15,FAILED,,,,
2026-07-04 06:15:00+03:00,15,FAILED,,,,
2026-07-04 06:20:00+03:00,15,FAILED,,,,
2026-07-04 06:25:00+03:00,15,FAILED,,,,
2026-07-04 06:30:00+03:00,15,FAILED,,,,
2026-07-04 06:35:00+03:00,15,FAILED,,,,
2026-07-04 06:40:00+03:00,15,FAILED,,,,
2026-07-04 06:45:00+03:00,15,FAILED,,,,
2026-07-04 06:50:00+03:00,15,FAILED,,,,
2026-07-04 06:55:00+03:00,15,FAILED,,,,
2026-07-04 07:00:00+03:00,15,FAILED,,,,
2026-07-04 07:05:00+03:00,15,FAILED,,,,
2026-07-04 07:10:00+03:00,15,FAILED,,,,
2026-07-04 07:15:00+03:00,15,FAILED,,,,
2026-07-04 07:20:00+03:00,15,FAILED,,,,
2026-07-04 07:25:00+03:00,15,FAILED,,,,
2026-07-04 07:30:00+03:00,15,FAILED,,,,
2026-07-04 07:35:00+03:00,15,FAILED,,,,
2026-07-04 07:40:00+03:00,15,FAILED,,,,
2026-07-04 07:45:00+03:00,15,FAILED,,,,
2026-07-04 07:50:00+03:00,15,FAILED,,,,
2026-07-04 07:55:00+03:00,15,FAILED,,,,
2026-07-04 08:00:00+03:00,15,FAILED,,,,
2026-07-04 08:05:00+03:00,15,FAILED,,,,
2026-07-04 08:10:00+03:00,15,FAILED,,,,
2026-07-04 08:15:00+03:00,15,FAILED,,,,
2026-07-04 08:20:00+03:00,15,FAILED,,,,
2026-07-04 08:25:00+03:00,15,FAILED,,,,
2026-07-04 08:30:00+03:00,15,FAILED,,,,
2026-07-04 08:35:00+03:00,15,FAILED,,,,
2026-07-04 08:40:00+03:00,15,FAILED,,,,
2026-07-04 08:45:00+03:00,15,FAILED,,,,
2026-07-04 08:50:00+03:00,15,FAILED,,,,
2026-07-04 08:55:00+03:00,15,FAILED,,,,
2026-07-04 09:00:00+03:00,15,FAILED,,,,
2026-07-04 09:05:00+03:00,15,FAILED,,,,
2026-07-04 09:10:00+03:00,15,FAILED,,,,
2026-07-04 09:15:00+03:00,15,FAILED,,,,
2026-07-04 09:20:00+03:00,15,FAILED,,,,
2026-07-04 09:25:00+03:00,15,FAILED,,,,
2026-07-04 09:30:00+03:00,15,FAILED,,,,
2026-07-04 09:35:00+03:00,15,FAILED,,,,
2026-07-04 09:40:00+03:00,15,FAILED,,,,
2026-07-04 09:45:00+03:00,15,FAILED,,,,
2026-07-04 09:50:00+03:00,15,FAILED,,,,
2026-07-04 09:55:00+03:00,15,FAILED,,,,
2026-07-04 10:00:00+03:00,15,FAILED,,,,
2026-07-04 10:05:00+03:00,15,FAILED,,,,
2026-07-04 10:10:00+03:00,15,FAILED,,,,
2026-07-04 10:15:00+03:00,15,FAILED,,,,
2026-07-04 10:20:00+03:00,15,FAILED,,,,
2026-07-04 10:25:00+03:00,15,FAILED,,,,
2026-07-04 10:30:00+03:00,15,FAILED,,,,
2026-07-04 10:35:00+03:00,15,FAILED,,,,
2026-07-04 10:40:00+03:00,15,FAILED,,,,
2026-07-04 10:45:00+03:00,15,FAILED,,,,
2026-07-04 10:50:00+03:00,15,FAILED,,,,
2026-07-04 10:55:00+03:00,15,FAILED,,,,
2026-07-04 11:00:00+03:00,15,FAILED,,,,
2026-07-04 11:05:00+03:00,15,FAILED,,,,
2026-07-04 11:10:00+03:00,15,FAILED,,,,
2026-07-04 11:15:00+03:00,15,FAILED,,,,
2026-07-04 11:20:00+03:00,15,FAILED,,,,
2026-07-04 11:25:00+03:00,15,FAILED,,,,
2026-07-04 11:30:00+03:00,15,FAILED,,,,
2026-07-04 11:35:00+03:00,15,FAILED,,,,
2026-07-04 11:40:00+03:00,15,FAILED,,,,
2026-07-04 11:45:00+03:00,15,FAILED,,,,
2026-07-04 11:50:00+03:00,15,FAILED,,,,
2026-07-04 11:55:00+03:00,15,FAILED,,,,
2026-07-04 12:00:00+03:00,15,FAILED,,,,
2026-07-04 12:05:00+03:00,15,FAILED,,,,
2026-07-04 12:10:00+03:00,15,FAILED,,,,
2026-07-04 12:15:00+03:00,15,FAILED,,,,
2026-07-04 12:20:00+03:00,15,FAILED,,,,
2026-07-04 12:25:00+03:00,15,FAILED,,,,
2026-07-04 12:30:00+03:00,15,FAILED,,,,
2026-07-04 12:35:00+03:00,15,FAILED,,,,
2026-07-04 12:40:00+03:00,15,FAILED,,,,
2026-07-04 12:45:00+03:00,15,FAILED,,,,
2026-07-04 12:50:00+03:00,15,FAILED,,,,
2026-07-04 12:55:00+03:00,15,FAILED,,,,
2026-07-04 13:00:00+03:00,15,FAILED,,,,
2026-07-04 13:05:00+03:00,15,FAILED,,,,
2026-07-04 13:10:00+03:00,15,FAILED,,,,
2026-07-04 13:15:00+03:00,15,FAILED,,,,
2026-07-04 13:20:00+03:00,15,FAILED,,,,
2026-07-04 13:25:00+03:00,15,FAILED,,,,
2026-07-04 13:30:00+03:00,15,FAILED,,,,
2026-07-04 13:35:00+03:00,15,FAILED,,,,
2026-07-04 13:40:00+03:00,15,FAILED,,,,
2026-07-04 13:45:00+03:00,15,FAILED,,,,
2026-07-04 13:50:00+03:00,15,FAILED,,,,
2026-07-04 13:55:00+03:00,15,FAILED,,,,
2026-07-04 14:00:00+03:00,15,FAILED,,,,
2026-07-04 14:05:00+03:00,15,FAILED,,,,
2026-07-04 14:10:00+03:00,15,FAILED,,,,
2026-07-04 14:15:00+03:00,15,FAILED,,,,
2026-07-04 14:20:00+03:00,15,FAILED,,,,
2026-07-04 14:25:00+03:00,15,FAILED,,,,
2026-07-04 14:30:00+03:00,15,FAILED,,,,
2026-07-04 14:35:00+03:00,15,FAILED,,,,
2026-07-04 14:40:00+03:00,15,FAILED,,,,
2026-07-04 14:45:00+03:00,15,FAILED,,,,
2026-07-04 14:50:00+03:00,15,FAILED,,,,
2026-07-04 14:55:00+03:00,15,OK,87.41461755250607,Critical,M,1
2026-07-04 15:00:00+03:00,15,OK,87.38464665681764,Critical,M,1
2026-07-04 15:05:00+03:00,15,OK,87.3602711371861,Critical,M,1
2026-07-04 15:10:00+03:00,15,OK,87.43732004906833,Critical,M,1
2026-07-04 15:15:00+03:00,15,OK,87.55455136209957,Critical,M,1
2026-07-04 15:20:00+03:00,15,OK,87.55597014925372,Critical,A;M;V,1
2026-07-04 15:25:00+03:00,15,OK,87.55597014925372,Critical,A;M;V,1
2026-07-04 15:30:00+03:00,15,OK,87.55597014925372,Critical,A;M;V,1
2026-07-04 15:35:00+03:00,15,OK,87.55597014925372,Critical,A;M;V,1
2026-07-04 15:40:00+03:00,15,OK,87.55597014925372,Critical,A;M;V,1
2026-07-04 15:45:00+03:00,15,OK,87.55597014925372,Critical,A;M;V,1
2026-07-04 15:50:00+03:00,15,OK,87.55597014925372,Critical,A;M;V,1
2026-07-04 15:55:00+03:00,15,OK,87.55597014925372,Critical,A;M;V,1
2026-07-04 16:00:00+03:00,15,OK,87.55597014925372,Critical,A;M;V,1
2026-07-04 16:05:00+03:00,15,OK,87.55597014925372,Critical,A;M;V,1
2026-07-04 16:10:00+03:00,15,OK,87.55597014925372,Critical,A;M;V,1
2026-07-04 16:15:00+03:00,15,OK,87.55597014925372,Critical,A;M;V,1
2026-07-04 16:20:00+03:00,15,OK,87.55597014925372,Critical,A;M;V,1
2026-07-04 16:25:00+03:00,15,OK,87.54429748940679,Critical,M,1
2026-07-04 16:30:00+03:00,15,OK,87.5374322013528,Critical,M,1
2026-07-04 16:35:00+03:00,15,OK,87.53559815737837,Critical,M,1
2026-07-04 16:40:00+03:00,15,OK,87.52647088195319,Critical,M,1
2026-07-04 16:45:00+03:00,15,OK,87.51226931841573,Critical,M,1
2026-07-04 16:50:00+03:00,15,OK,87.49746725372752,Critical,M,1
2026-07-04 16:55:00+03:00,15,OK,87.48724526913966,Critical,M,1
2026-07-04 17:00:00+03:00,15,OK,87.47454590273571,Critical,M,1
2026-07-04 17:05:00+03:00,15,OK,87.45928983282764,Critical,M,1
2026-07-04 17:10:00+03:00,15,OK,87.44654819501302,Critical,M,1
2026-07-04 17:15:00+03:00,15,OK,87.43419178459841,Critical,M,1
2026-07-04 17:20:00+03:00,15,OK,87.42550791019002,Critical,M,1
2026-07-04 17:25:00+03:00,15,OK,87.41674307050643,Critical,M,1
2026-07-04 17:30:00+03:00,15,OK,87.40827011182466,Critical,M,1
2026-07-04 17:35:00+03:00,15,OK,87.39597284455394,Critical,M,1
2026-07-04 17:40:00+03:00,15,OK,87.3839864409564,Critical,M,1
2026-07-04 17:45:00+03:00,15,OK,87.39547079268677,Critical,M,1
2026-07-04 17:50:00+03:00,15,OK,87.37564952238712,Critical,M,1
2026-07-04 17:55:00+03:00,15,OK,87.34604125339446,Critical,M,1
2026-07-04 18:00:00+03:00,15,OK,87.32610658274864,Critical,M,1
2026-07-04 18:05:00+03:00,15,OK,87.35009157682966,Critical,M,1
2026-07-04 18:10:00+03:00,15,OK,87.39020816714375,Critical,M,1
2026-07-04 18:15:00+03:00,15,OK,87.39997785314415,Critical,M,1
2026-07-04 18:20:00+03:00,15,OK,87.3681666252926,Critical,M,1
2026-07-04 18:25:00+03:00,15,OK,87.33329976840199,Critical,M,1
2026-07-04 18:30:00+03:00,15,OK,87.31233810387255,Critical,M,1
2026-07-04 18:35:00+03:00,15,OK,87.33803010490652,Critical,M,1
2026-07-04 18:40:00+03:00,15,OK,87.3794071669766,Critical,M,1
2026-07-04 18:45:00+03:00,15,OK,87.38812796547082,Critical,M,1
2026-07-04 18:50:00+03:00,15,OK,87.37457660041532,Critical,M,1
2026-07-04 18:55:00+03:00,15,OK,87.34910977038315,Critical,M,1
2026-07-04 19:00:00+03:00,15,OK,87.3194837005242,Critical,M,1
2026-07-04 19:05:00+03:00,15,OK,87.34621575194156,Critical,M,1
2026-07-04 19:10:00+03:00,15,OK,87.35018285567918,Critical,M,1
2026-07-04 19:15:00+03:00,15,OK,87.31216252699781,Critical,M,1
2026-07-04 19:20:00+03:00,15,OK,87.36182477242582,Critical,M,1
2026-07-04 19:25:00+03:00,15,OK,87.38739314870834,Critical,M,1
2026-07-04 19:30:00+03:00,15,OK,87.40449185713585,Critical,M,1
2026-07-04 19:35:00+03:00,15,OK,87.40187733061344,Critical,M,1
2026-07-04 19:40:00+03:00,15,OK,87.41103425931146,Critical,M,1
2026-07-04 19:45:00+03:00,15,OK,87.42327849164306,Critical,M,1
2026-07-04 19:50:00+03:00,15,OK,87.4379775454921,Critical,M,1
2026-07-04 19:55:00+03:00,15,OK,87.45329217212591,Critical,M,1
2026-07-04 20:00:00+03:00,15,OK,87.4667850426021,Critical,M,1
2026-07-04 20:05:00+03:00,15,OK,87.47973279192837,Critical,M,1
2026-07-04 20:10:00+03:00,15,OK,87.49153666015006,Critical,M,1
2026-07-04 20:15:00+03:00,15,OK,87.50596088255777,Critical,M,1
2026-07-04 20:20:00+03:00,15,OK,87.5200097808651,Critical,M,1
2026-07-04 20:25:00+03:00,15,OK,87.53411412692986,Critical,M,1
2026-07-04 20:30:00+03:00,15,OK,87.54520348923619,Critical,M,1
2026-07-04 20:35:00+03:00,15,OK,87.5530607700475,Critical,M,1
2026-07-04 20:40:00+03:00,15,OK,87.55597014925372,Critical,A;M;V,1
2026-07-04 20:45:00+03:00,15,OK,87.55597014925372,Critical,A;M;V,1
2026-07-04 20:50:00+03:00,15,OK,87.55597014925372,Critical,A;M;V,1
2026-07-04 20:55:00+03:00,15,OK,87.55597014925372,Critical,A;M;V,1
2026-07-04 21:00:00+03:00,15,OK,87.55597014925372,Critical,A;M;V,1
2026-07-04 21:05:00+03:00,15,OK,87.55597014925372,Critical,A;M;V,1
2026-07-04 21:10:00+03:00,15,OK,87.55597014925372,Critical,A;M;V,1
2026-07-04 21:15:00+03:00,15,OK,87.55597014925372,Critical,A;M;V,1
2026-07-04 21:20:00+03:00,15,OK,87.55597014925372,Critical,A;M;V,1
2026-07-04 21:25:00+03:00,15,OK,87.55597014925372,Critical,A;M;V,1
2026-07-04 21:30:00+03:00,15,OK,87.55597014925372,Critical,A;M;V,1
2026-07-04 21:35:00+03:00,15,OK,87.55597014925372,Critical,A;M;V,1
2026-07-04 21:40:00+03:00,15,OK,87.55597014925372,Critical,A;M;V,1
2026-07-04 21:45:00+03:00,15,OK,87.55597014925372,Critical,A;M;V,1
2026-07-04 21:50:00+03:00,15,OK,87.55597014925372,Critical,A;M;V,1
2026-07-04 21:55:00+03:00,15,OK,87.55597014925372,Critical,A;M;V,1
2026-07-04 22:00:00+03:00,15,OK,87.55597014925372,Critical,A;M;V,1
2026-07-04 22:05:00+03:00,15,OK,87.55597014925372,Critical,A;M;V,1
2026-07-04 22:10:00+03:00,15,OK,87.55597014925372,Critical,A;M;V,1
2026-07-04 22:15:00+03:00,15,OK,87.55597014925372,Critical,A;M;V,1
2026-07-04 22:20:00+03:00,15,OK,87.55597014925372,Critical,A;M;V,1
2026-07-04 22:25:00+03:00,15,OK,87.55597014925372,Critical,A;M;V,1
2026-07-04 22:30:00+03:00,15,OK,87.55597014925372,Critical,A;M;V,1
2026-07-04 22:35:00+03:00,15,OK,87.55597014925372,Critical,A;M;V,1
2026-07-04 22:40:00+03:00,15,OK,87.55597014925372,Critical,A;M;V,1
2026-07-04 22:45:00+03:00,15,OK,87.55597014925372,Critical,A;M;V,1
2026-07-04 22:50:00+03:00,15,OK,87.55597014925372,Critical,A;M;V,1
2026-07-04 22:55:00+03:00,15,OK,87.55597014925372,Critical,A;M;V,1
2026-07-04 23:00:00+03:00,15,OK,87.55597014925372,Critical,A;M;V,1
2026-07-04 23:05:00+03:00,15,OK,87.55597014925372,Critical,A;M;V,1
2026-07-04 23:10:00+03:00,15,OK,87.55597014925372,Critical,A;M;V,1
2026-07-04 23:15:00+03:00,15,OK,87.55597014925372,Critical,A;M;V,1
2026-07-04 23:20:00+03:00,15,OK,87.55597014925372,Critical,A;M;V,1
2026-07-04 23:25:00+03:00,15,OK,87.55597014925372,Critical,A;M;V,1
2026-07-04 23:30:00+03:00,15,OK,87.55597014925372,Critical,A;M;V,1
2026-07-04 23:35:00+03:00,15,OK,87.55597014925372,Critical,A;M;V,1
2026-07-04 23:40:00+03:00,15,OK,87.55597014925372,Critical,A;M;V,1
2026-07-04 23:45:00+03:00,15,OK,87.55597014925372,Critical,A;M;V,1
2026-07-04 23:50:00+03:00,15,OK,87.55597014925372,Critical,A;M;V,1
2026-07-04 23:55:00+03:00,15,OK,87.55597014925372,Critical,A;M;V,1
2026-07-05 00:00:00+03:00,15,OK,87.55597014925372,Critical,A;M;V,1
2026-07-05 00:05:00+03:00,15,OK,87.55597014925372,Critical,A;M;V,1
2026-07-05 00:10:00+03:00,15,OK,87.55597014925372,Critical,A;M;V,1
2026-07-05 00:15:00+03:00,15,OK,87.55597014925372,Critical,A;M;V,1
2026-07-05 00:20:00+03:00,15,OK,87.55597014925372,Critical,A;M;V,1
2026-07-05 00:25:00+03:00,15,OK,87.55597014925372,Critical,A;M;V,1
2026-07-05 00:30:00+03:00,15,OK,87.55597014925372,Critical,A;M;V,1
2026-07-05 00:35:00+03:00,15,OK,87.55597014925372,Critical,A;M;V,1
2026-07-05 00:40:00+03:00,15,OK,87.55597014925372,Critical,A;M;V,1
2026-07-05 00:45:00+03:00,15,OK,87.55597014925372,Critical,A;M;V,1
2026-07-05 00:50:00+03:00,15,OK,87.55597014925372,Critical,A;M;V,1
2026-07-05 00:55:00+03:00,15,OK,87.55597014925372,Critical,A;M;V,1
2026-07-05 01:00:00+03:00,15,OK,87.55597014925372,Critical,A;M;V,1
2026-07-05 01:05:00+03:00,15,OK,87.55597014925372,Critical,A;M;V,1
2026-07-05 01:10:00+03:00,15,OK,87.55597014925372,Critical,A;M;V,1
2026-07-05 01:15:00+03:00,15,OK,87.55597014925372,Critical,A;M;V,1
2026-07-05 01:20:00+03:00,15,OK,87.55597014925372,Critical,A;M;V,1
2026-07-05 01:25:00+03:00,15,OK,87.55597014925372,Critical,A;M;V,1
2026-07-05 01:30:00+03:00,15,OK,87.55597014925372,Critical,A;M;V,1
2026-07-05 01:35:00+03:00,15,OK,86.85704580102119,Critical,M,2
2026-07-05 01:40:00+03:00,15,OK,85.7584917151577,Critical,M,2
2026-07-05 01:45:00+03:00,15,OK,85.28852388513964,Critical,M,2
2026-07-05 01:50:00+03:00,15,OK,84.7061154254322,Critical,M,2
2026-07-05 01:55:00+03:00,15,OK,84.44558632519347,Critical,M,2
2026-07-05 02:00:00+03:00,15,OK,84.35009781761018,Critical,M,2
2026-07-05 02:05:00+03:00,15,OK,84.33273850831078,Critical,M,2
2026-07-05 02:10:00+03:00,15,OK,83.85253297525449,Critical,M,2
2026-07-05 02:15:00+03:00,15,OK,82.77461556741581,Critical,M,2
2026-07-05 02:20:00+03:00,15,OK,82.0911537281582,Critical,M,2
2026-07-05 02:25:00+03:00,15,OK,81.72409102151882,Critical,M,2
2026-07-05 02:30:00+03:00,15,OK,81.77529657369631,Critical,M,2
2026-07-05 02:35:00+03:00,15,OK,81.16962387301982,Critical,M,2
2026-07-05 02:40:00+03:00,15,OK,80.03171334431654,Critical,M,2
2026-07-05 02:45:00+03:00,15,OK,78.5678671865221,Critical,M,2
2026-07-05 02:50:00+03:00,15,OK,77.23905349794235,Critical,M,2
2026-07-05 02:55:00+03:00,15,OK,76.68209876543236,Critical,M,2
2026-07-05 03:00:00+03:00,15,OK,75.74275720164653,Critical,M,2
2026-07-05 03:05:00+03:00,15,OK,75.25230452674924,Critical,M,2
2026-07-05 03:10:00+03:00,15,OK,74.52360765849608,Degraded,M,2
2026-07-05 03:15:00+03:00,15,OK,74.54007348946564,Degraded,M,2
2026-07-05 03:20:00+03:00,15,OK,74.41657447102791,Degraded,M,2
2026-07-05 03:25:00+03:00,15,OK,74.2601248670495,Degraded,M,2
2026-07-05 03:30:00+03:00,15,OK,74.07071230982088,Degraded,M,2
2026-07-05 03:35:00+03:00,15,OK,73.92245637955239,Degraded,M,2
2026-07-05 03:40:00+03:00,15,OK,73.18091299019636,Degraded,M,2
2026-07-05 03:45:00+03:00,15,OK,72.2739848142318,Degraded,M,2
2026-07-05 03:50:00+03:00,15,OK,71.4758419464915,Degraded,M,2
2026-07-05 03:55:00+03:00,15,OK,71.20576902149718,Degraded,M,2
2026-07-05 04:00:00+03:00,15,OK,70.96833514187387,Degraded,M,2
2026-07-05 04:05:00+03:00,15,OK,70.33746621699693,Degraded,M,2
2026-07-05 04:10:00+03:00,15,OK,69.67313248039684,Degraded,M,2
2026-07-05 04:15:00+03:00,15,OK,68.662969345304,Degraded,M,2
2026-07-05 04:20:00+03:00,15,OK,67.80556933804392,Degraded,M,2
2026-07-05 04:25:00+03:00,15,OK,67.24942901970142,Degraded,M,2
2026-07-05 04:30:00+03:00,15,OK,66.79905993435953,Degraded,M,2
2026-07-05 04:35:00+03:00,15,OK,66.4548101358089,Degraded,M,2
2026-07-05 04:40:00+03:00,15,OK,66.02819766959979,Degraded,M,2
2026-07-05 04:45:00+03:00,15,OK,65.8393629225848,Degraded,M,2
2026-07-05 04:50:00+03:00,15,OK,65.38868245036649,Degraded,M,2
2026-07-05 04:55:00+03:00,15,OK,64.93092594560187,Degraded,M,2
2026-07-05 05:00:00+03:00,15,OK,64.42332921285667,Degraded,M,2
2026-07-05 05:05:00+03:00,15,OK,63.882064176244796,Degraded,M,2
2026-07-05 05:10:00+03:00,15,OK,63.274059844993985,Degraded,M,2
2026-07-05 05:15:00+03:00,15,OK,62.63189186306902,Degraded,M,2
2026-07-05 05:20:00+03:00,15,OK,62.5,Degraded,A;M;V,1
2026-07-05 05:25:00+03:00,15,OK,62.5,Degraded,A;M;V,1
2026-07-05 05:30:00+03:00,15,OK,62.5,Degraded,A;M;V,1
2026-07-05 05:35:00+03:00,15,OK,62.5,Degraded,A;M;V,1
2026-07-05 05:40:00+03:00,15,OK,62.5,Degraded,A;M;V,1
2026-07-05 05:45:00+03:00,15,OK,62.5,Degraded,A;M;V,1
2026-07-05 05:50:00+03:00,15,OK,62.5,Degraded,A;M;V,1
2026-07-05 05:55:00+03:00,15,OK,62.5,Degraded,A;M;V,1
2026-07-05 06:00:00+03:00,15,OK,62.5,Degraded,A;M;V,1
2026-07-05 06:05:00+03:00,15,OK,62.5,Degraded,A;M;V,1
2026-07-05 06:10:00+03:00,15,OK,62.5,Degraded,A;M;V,1
2026-07-05 06:15:00+03:00,15,OK,62.5,Degraded,A;M;V,1
2026-07-05 06:20:00+03:00,15,OK,62.5,Degraded,A;M;V,1
2026-07-05 06:25:00+03:00,15,OK,62.5,Degraded,A;M;V,1
2026-07-05 06:30:00+03:00,15,OK,62.5,Degraded,A;M;V,1
2026-07-05 06:35:00+03:00,15,OK,62.5,Degraded,A;M;V,1
2026-07-05 06:40:00+03:00,15,OK,62.5,Degraded,A;M;V,1
2026-07-05 06:45:00+03:00,15,OK,62.5,Degraded,A;M;V,1
2026-07-05 06:50:00+03:00,15,OK,62.5,Degraded,A;M;V,1
2026-07-05 06:55:00+03:00,15,OK,62.5,Degraded,A;M;V,1
2026-07-05 07:00:00+03:00,15,OK,62.5,Degraded,A;M;V,1
2026-07-05 07:05:00+03:00,15,OK,62.5,Degraded,A;M;V,1
2026-07-05 07:10:00+03:00,15,OK,62.5,Degraded,A;M;V,1
2026-07-05 07:15:00+03:00,15,OK,62.5,Degraded,A;M;V,1
2026-07-05 07:20:00+03:00,15,OK,62.5,Degraded,A;M;V,1
2026-07-05 07:25:00+03:00,15,OK,62.5,Degraded,A;M;V,1
2026-07-05 07:30:00+03:00,15,OK,62.5,Degraded,A;M;V,1
2026-07-05 07:35:00+03:00,15,OK,62.5,Degraded,A;M;V,1
2026-07-05 07:40:00+03:00,15,OK,62.56595296501662,Degraded,M,2
2026-07-05 07:45:00+03:00,15,OK,62.640133236466475,Degraded,M,2
2026-07-05 07:50:00+03:00,15,OK,63.018999040805916,Degraded,M,2
2026-07-05 07:55:00+03:00,15,OK,63.49603805859888,Degraded,M,2
2026-07-05 08:00:00+03:00,15,OK,63.865647367160946,Degraded,M,2
2026-07-05 08:05:00+03:00,15,OK,63.93130936227967,Degraded,M,2
2026-07-05 08:10:00+03:00,15,OK,63.98875214482434,Degraded,M,2
2026-07-05 08:15:00+03:00,15,OK,64.27580567964287,Degraded,M,2
2026-07-05 08:20:00+03:00,15,OK,64.34138041050761,Degraded,M,2
2026-07-05 08:25:00+03:00,15,OK,64.32498803541566,Degraded,M,2
2026-07-05 08:30:00+03:00,15,OK,63.939516129032,Degraded,M,2
2026-07-05 08:35:00+03:00,15,OK,63.520692455140505,Degraded,M,2
2026-07-05 08:40:00+03:00,15,OK,63.33162507822752,Degraded,M,2
2026-07-05 08:45:00+03:00,15,OK,63.890272253189515,Degraded,M,2
2026-07-05 08:50:00+03:00,15,OK,64.94728611649731,Degraded,M,2
2026-07-05 08:55:00+03:00,15,OK,66.05282192035133,Degraded,M,2
2026-07-05 09:00:00+03:00,15,OK,66.88917312404782,Degraded,M,2
2026-07-05 09:05:00+03:00,15,OK,67.22487611840995,Degraded,M,2
2026-07-05 09:10:00+03:00,15,OK,67.93631682343145,Degraded,M,2
2026-07-05 09:15:00+03:00,15,OK,68.52416716240309,Degraded,M,2
2026-07-05 09:20:00+03:00,15,OK,68.70406490901682,Degraded,M,2
2026-07-05 09:25:00+03:00,15,OK,68.61390373182924,Degraded,M,2
2026-07-05 09:30:00+03:00,15,OK,69.14772400717378,Degraded,M,2
2026-07-05 09:35:00+03:00,15,OK,70.05869659932202,Degraded,M,2
2026-07-05 09:40:00+03:00,15,OK,70.26368643550437,Degraded,M,2
2026-07-05 09:45:00+03:00,15,OK,69.4597388573525,Degraded,M,2
2026-07-05 09:50:00+03:00,15,OK,68.93414988684972,Degraded,M,2
2026-07-05 09:55:00+03:00,15,OK,69.13951097458265,Degraded,M,2
2026-07-05 10:00:00+03:00,15,OK,70.0668974918394,Degraded,M,2
2026-07-05 10:05:00+03:00,15,OK,71.09934437691066,Degraded,M,2
2026-07-05 10:10:00+03:00,15,OK,71.7625173050303,Degraded,M,2
2026-07-05 10:15:00+03:00,15,OK,71.3203597701111,Degraded,M,2
2026-07-05 10:20:00+03:00,15,OK,70.36205752978975,Degraded,M,2
2026-07-05 10:25:00+03:00,15,OK,70.0340932721156,Degraded,M,2
2026-07-05 10:30:00+03:00,15,OK,70.85367937380238,Degraded,M,2
2026-07-05 10:35:00+03:00,15,OK,72.1997524989039,Degraded,M,2
2026-07-05 10:40:00+03:00,15,OK,73.09024975209289,Degraded,M,2
2026-07-05 10:45:00+03:00,15,OK,73.9059824133844,Degraded,M,2
2026-07-05 10:50:00+03:00,15,OK,75.00292181069992,Critical,M,2
2026-07-05 10:55:00+03:00,15,OK,76.26646090534972,Critical,M,2
2026-07-05 11:00:00+03:00,15,OK,77.18086419753048,Critical,M,2
2026-07-05 11:05:00+03:00,15,OK,77.17255144032927,Critical,M,2
2026-07-05 11:10:00+03:00,15,OK,76.74028806584332,Critical,M,2
2026-07-05 11:15:00+03:00,15,OK,76.22489711934134,Critical,M,2
2026-07-05 11:20:00+03:00,15,OK,76.3745267489715,Critical,M,2
2026-07-05 11:25:00+03:00,15,OK,76.79847736625518,Critical,M,2
2026-07-05 11:30:00+03:00,15,OK,77.43855967078137,Critical,M,2
2026-07-05 11:35:00+03:00,15,OK,77.95422423925132,Critical,M,2
2026-07-05 11:40:00+03:00,15,OK,78.52582743620722,Critical,M,2
2026-07-05 11:45:00+03:00,15,OK,79.3500589628465,Critical,M,2
2026-07-05 11:50:00+03:00,15,OK,80.0990569767896,Critical,M,2
2026-07-05 11:55:00+03:00,15,OK,80.58740450971234,Critical,M,2
2026-07-05 12:00:00+03:00,15,OK,80.74742102400997,Critical,M,2
2026-07-05 12:05:00+03:00,15,OK,81.25489557749685,Critical,M,2
2026-07-05 12:10:00+03:00,15,OK,82.17654699969326,Critical,M,2
2026-07-05 12:15:00+03:00,15,OK,83.30479519902299,Critical,M,2
2026-07-05 12:20:00+03:00,15,OK,84.12657559728173,Critical,M,2
2026-07-05 12:25:00+03:00,15,OK,84.56714728174835,Critical,M,2
2026-07-05 12:30:00+03:00,15,OK,84.7929929145548,Critical,M,2
2026-07-05 12:35:00+03:00,15,OK,84.71480239885219,Critical,M,2
2026-07-05 12:40:00+03:00,15,OK,84.94072420634917,Critical,M,2
2026-07-05 12:45:00+03:00,15,OK,85.21894185984925,Critical,M,2
2026-07-05 12:50:00+03:00,15,OK,85.68883505106808,Critical,M,2
2026-07-05 12:55:00+03:00,15,OK,85.79332419746683,Critical,M,2
2026-07-05 13:00:00+03:00,15,OK,86.04594247381816,Critical,M,2
2026-07-05 13:05:00+03:00,15,OK,86.45566752131688,Critical,M,2
2026-07-05 13:10:00+03:00,15,OK,86.89196561141189,Critical,M,2
2026-07-05 13:15:00+03:00,15,OK,86.93561928057558,Critical,M,2
2026-07-05 13:20:00+03:00,15,OK,87.02293964194241,Critical,M,2
2026-07-05 13:25:00+03:00,15,OK,87.48602764622379,Critical,M,2
2026-07-05 13:30:00+03:00,15,OK,87.55597014925372,Critical,A;M;V,1
2026-07-05 13:35:00+03:00,15,OK,87.55597014925372,Critical,A;M;V,1
2026-07-05 13:40:00+03:00,15,OK,87.55597014925372,Critical,A;M;V,1
2026-07-05 13:45:00+03:00,15,OK,87.55597014925372,Critical,A;M;V,1
2026-07-05 13:50:00+03:00,15,OK,87.55597014925372,Critical,A;M;V,1
2026-07-05 13:55:00+03:00,15,OK,87.5460611073803,Critical,M,1
2026-07-05 14:00:00+03:00,15,OK,87.53321862104676,Critical,M,1
2026-07-05 14:05:00+03:00,15,OK,87.52367629746841,Critical,M,1
2026-07-05 14:10:00+03:00,15,OK,87.52162633111607,Critical,M,1
2026-07-05 14:15:00+03:00,15,OK,87.54106480165001,Critical,M,1
2026-07-05 14:20:00+03:00,15,OK,87.53333173371519,Critical,M,1
2026-07-05 14:25:00+03:00,15,OK,87.53348158929306,Critical,M,1
2026-07-05 14:30:00+03:00,15,OK,87.49731167352125,Critical,M,1
2026-07-05 14:35:00+03:00,15,OK,87.48991572577697,Critical,M,1
2026-07-05 14:40:00+03:00,15,OK,87.49814032327698,Critical,M,1
2026-07-05 14:45:00+03:00,15,OK,87.47651490677497,Critical,M,1
2026-07-05 14:50:00+03:00,15,OK,87.44279501939681,Critical,M,1
2026-07-05 14:55:00+03:00,15,OK,87.39925386731775,Critical,M,1
2026-07-05 15:00:00+03:00,15,OK,87.38803515327376,Critical,M,1
2026-07-05 15:05:00+03:00,15,OK,87.42519231989289,Critical,M,1
2026-07-05 15:10:00+03:00,15,OK,87.43322831323437,Critical,M,1
2026-07-05 15:15:00+03:00,15,OK,87.44248585649007,Critical,M,1
2026-07-05 15:20:00+03:00,15,OK,87.43566761985204,Critical,M,1
2026-07-05 15:25:00+03:00,15,OK,87.44950119158143,Critical,M,1
2026-07-05 15:30:00+03:00,15,OK,87.47463948716758,Critical,M,1
2026-07-05 15:35:00+03:00,15,OK,87.47381391795975,Critical,M,1
2026-07-05 15:40:00+03:00,15,OK,87.48390116599828,Critical,M,1
2026-07-05 15:45:00+03:00,15,OK,87.47946915781336,Critical,M,1
2026-07-05 15:50:00+03:00,15,OK,87.44643505939787,Critical,M,1
2026-07-05 15:55:00+03:00,15,OK,87.40541437987119,Critical,M,1
2026-07-05 16:00:00+03:00,15,OK,87.35107937138318,Critical,M,1
2026-07-05 16:05:00+03:00,15,OK,87.31982807660701,Critical,M,1
2026-07-05 16:10:00+03:00,15,OK,87.35929259344186,Critical,M,1
2026-07-05 16:15:00+03:00,15,OK,87.36806183811399,Critical,M,1
2026-07-05 16:20:00+03:00,15,OK,87.35551072142891,Critical,M,1
2026-07-05 16:25:00+03:00,15,OK,87.33702022009484,Critical,M,1
2026-07-05 16:30:00+03:00,15,OK,87.3363314998057,Critical,M,1
2026-07-05 16:35:00+03:00,15,OK,87.33768001666267,Critical,M,1
2026-07-05 16:40:00+03:00,15,OK,87.34640610874959,Critical,M,1
2026-07-05 16:45:00+03:00,15,OK,87.35300828122361,Critical,M,1
2026-07-05 16:50:00+03:00,15,OK,87.3583853332597,Critical,M,1
2026-07-05 16:55:00+03:00,15,OK,87.33543701208481,Critical,M,1
2026-07-05 17:00:00+03:00,15,OK,87.33320574548237,Critical,M,1
2026-07-05 17:05:00+03:00,15,OK,87.37006296697203,Critical,M,1
2026-07-05 17:10:00+03:00,15,OK,87.40028282581648,Critical,M,1
2026-07-05 17:15:00+03:00,15,OK,87.42415451136041,Critical,M,1
2026-07-05 17:20:00+03:00,15,OK,87.45259899379585,Critical,M,1
2026-07-05 17:25:00+03:00,15,OK,87.48208977840719,Critical,M,1
2026-07-05 17:30:00+03:00,15,OK,87.51043255576877,Critical,M,1
2026-07-05 17:35:00+03:00,15,OK,87.53707793913149,Critical,M,1
2026-07-05 17:40:00+03:00,15,OK,87.55597014925372,Critical,A;M;V,1
2026-07-05 17:45:00+03:00,15,OK,87.55597014925372,Critical,A;M;V,1
2026-07-05 17:50:00+03:00,15,OK,87.55597014925372,Critical,A;M;V,1
2026-07-05 17:55:00+03:00,15,OK,87.55597014925372,Critical,A;M;V,1
2026-07-05 18:00:00+03:00,15,OK,87.55597014925372,Critical,A;M;V,1
2026-07-05 18:05:00+03:00,15,OK,87.55597014925372,Critical,A;M;V,1
2026-07-05 18:10:00+03:00,15,OK,87.55597014925372,Critical,A;M;V,1
2026-07-05 18:15:00+03:00,15,OK,87.55597014925372,Critical,A;M;V,1
2026-07-05 18:20:00+03:00,15,OK,87.55597014925372,Critical,A;M;V,1
2026-07-05 18:25:00+03:00,15,OK,87.55597014925372,Critical,A;M;V,1
2026-07-05 18:30:00+03:00,15,OK,87.55597014925372,Critical,A;M;V,1
2026-07-05 18:35:00+03:00,15,OK,87.55597014925372,Critical,A;M;V,1
2026-07-05 18:40:00+03:00,15,OK,87.55597014925372,Critical,A;M;V,1
2026-07-05 18:45:00+03:00,15,OK,87.55597014925372,Critical,A;M;V,1
2026-07-05 18:50:00+03:00,15,OK,87.55597014925372,Critical,A;M;V,1
2026-07-05 18:55:00+03:00,15,OK,87.55597014925372,Critical,A;M;V,1
2026-07-05 19:00:00+03:00,15,OK,87.55597014925372,Critical,A;M;V,1
2026-07-05 19:05:00+03:00,15,OK,87.55597014925372,Critical,A;M;V,1
2026-07-05 19:10:00+03:00,15,OK,87.55597014925372,Critical,A;M;V,1
2026-07-05 19:15:00+03:00,15,OK,87.55597014925372,Critical,A;M;V,1
2026-07-05 19:20:00+03:00,15,OK,87.55597014925372,Critical,A;M;V,1
2026-07-05 19:25:00+03:00,15,OK,87.55597014925372,Critical,A;M;V,1
2026-07-05 19:30:00+03:00,15,OK,87.55597014925372,Critical,A;M;V,1
2026-07-05 19:35:00+03:00,15,OK,87.55597014925372,Critical,A;M;V,1
2026-07-05 19:40:00+03:00,15,OK,87.55597014925372,Critical,A;M;V,1
2026-07-05 19:45:00+03:00,15,OK,87.55597014925372,Critical,A;M;V,1
2026-07-05 19:50:00+03:00,15,OK,87.55597014925372,Critical,A;M;V,1
2026-07-05 19:55:00+03:00,15,OK,87.55597014925372,Critical,A;M;V,1
2026-07-05 20:00:00+03:00,15,OK,87.55597014925372,Critical,A;M;V,1
2026-07-05 20:05:00+03:00,15,OK,87.55597014925372,Critical,A;M;V,1
2026-07-05 20:10:00+03:00,15,OK,87.55597014925372,Critical,A;M;V,1
2026-07-05 20:15:00+03:00,15,OK,87.55597014925372,Critical,A;M;V,1
2026-07-05 20:20:00+03:00,15,OK,87.55597014925372,Critical,A;M;V,1
2026-07-05 20:25:00+03:00,15,OK,87.55597014925372,Critical,A;M;V,1
2026-07-05 20:30:00+03:00,15,OK,87.55597014925372,Critical,A;M;V,1
2026-07-05 20:35:00+03:00,15,OK,87.55597014925372,Critical,A;M;V,1
2026-07-05 20:40:00+03:00,15,OK,87.55597014925372,Critical,A;M;V,1
2026-07-05 20:45:00+03:00,15,OK,87.55597014925372,Critical,A;M;V,1
2026-07-05 20:50:00+03:00,15,OK,87.55597014925372,Critical,A;M;V,1
2026-07-05 20:55:00+03:00,15,OK,87.55597014925372,Critical,A;M;V,1
2026-07-05 21:00:00+03:00,15,OK,87.55597014925372,Critical,A;M;V,1
2026-07-05 21:05:00+03:00,15,OK,87.55597014925372,Critical,A;M;V,1
2026-07-05 21:10:00+03:00,15,OK,87.55597014925372,Critical,A;M;V,1
2026-07-05 21:15:00+03:00,15,OK,87.55597014925372,Critical,A;M;V,1
2026-07-05 21:20:00+03:00,15,OK,87.55597014925372,Critical,A;M;V,1
2026-07-05 21:25:00+03:00,15,OK,87.55597014925372,Critical,A;M;V,1
2026-07-05 21:30:00+03:00,15,OK,87.55597014925372,Critical,A;M;V,1
2026-07-05 21:35:00+03:00,15,OK,87.55597014925372,Critical,A;M;V,1
2026-07-05 21:40:00+03:00,15,OK,87.55597014925372,Critical,A;M;V,1
2026-07-05 21:45:00+03:00,15,OK,87.55597014925372,Critical,A;M;V,1
2026-07-05 21:50:00+03:00,15,OK,87.55597014925372,Critical,A;M;V,1
2026-07-05 21:55:00+03:00,15,OK,87.55597014925372,Critical,A;M;V,1
2026-07-05 22:00:00+03:00,15,OK,87.55597014925372,Critical,A;M;V,1
2026-07-05 22:05:00+03:00,15,OK,87.55597014925372,Critical,A;M;V,1
2026-07-05 22:10:00+03:00,15,OK,87.55597014925372,Critical,A;M;V,1
2026-07-05 22:15:00+03:00,15,OK,87.55597014925372,Critical,A;M;V,1
2026-07-05 22:20:00+03:00,15,OK,87.55597014925372,Critical,A;M;V,1
2026-07-05 22:25:00+03:00,15,OK,87.55597014925372,Critical,A;M;V,1
2026-07-05 22:30:00+03:00,15,OK,87.55597014925372,Critical,A;M;V,1
2026-07-05 22:35:00+03:00,15,OK,87.55597014925372,Critical,A;M;V,1
2026-07-05 22:40:00+03:00,15,OK,87.55597014925372,Critical,A;M;V,1
2026-07-05 22:45:00+03:00,15,OK,87.55597014925372,Critical,A;M;V,1
2026-07-05 22:50:00+03:00,15,OK,87.55597014925372,Critical,A;M;V,1
2026-07-05 22:55:00+03:00,15,OK,86.45566752131688,Critical,M,2
2026-07-05 23:00:00+03:00,15,OK,84.35009781760981,Critical,M,2
2026-07-05 23:05:00+03:00,15,OK,82.03992317359983,Critical,M,2
2026-07-05 23:10:00+03:00,15,OK,80.764266033426,Critical,M,2
2026-07-05 23:15:00+03:00,15,OK,79.67821751190938,Critical,M,2
2026-07-05 23:20:00+03:00,15,OK,78.91264536463433,Critical,M,2
2026-07-05 23:25:00+03:00,15,OK,77.82094650205792,Critical,M,2
2026-07-05 23:30:00+03:00,15,OK,76.63222222222241,Critical,M,2
2026-07-05 23:35:00+03:00,15,OK,75.70950617283935,Critical,M,2
2026-07-05 23:40:00+03:00,15,OK,74.96135802469153,Degraded,M,2
2026-07-05 23:45:00+03:00,15,OK,74.52360765849537,Degraded,M,2
2026-07-05 23:50:00+03:00,15,OK,74.04600420869566,Degraded,M,2
2026-07-05 23:55:00+03:00,15,OK,73.11497674142797,Degraded,M,2
2026-07-06 00:00:00+03:00,15,OK,72.5956073032577,Degraded,M,2
2026-07-06 00:05:00+03:00,15,OK,72.10076922823397,Degraded,M,2
2026-07-06 00:10:00+03:00,15,OK,72.01827718836897,Degraded,M,2
2026-07-06 00:15:00+03:00,15,OK,71.60674409174975,Degraded,M,2
2026-07-06 00:20:00+03:00,15,OK,71.12390553014411,Degraded,M,2
2026-07-06 00:25:00+03:00,15,OK,70.62430428858427,Degraded,M,2
2026-07-06 00:30:00+03:00,15,OK,70.23909122710856,Degraded,M,2
2026-07-06 00:35:00+03:00,15,OK,69.79621085818988,Degraded,M,2
2026-07-06 00:40:00+03:00,15,OK,69.77980181643524,Degraded,M,2
2026-07-06 00:45:00+03:00,15,OK,69.16414974682183,Degraded,M,2
2026-07-06 00:50:00+03:00,15,OK,68.40176756408388,Degraded,M,2
2026-07-06 00:55:00+03:00,15,OK,67.64207658408758,Degraded,M,2
2026-07-06 01:00:00+03:00,15,OK,67.60937024390859,Degraded,M,2
2026-07-06 01:05:00+03:00,15,OK,67.80556933804357,Degraded,M,2
2026-07-06 01:10:00+03:00,15,OK,66.88098182974194,Degraded,M,2
2026-07-06 01:15:00+03:00,15,OK,65.74902010525194,Degraded,M,2
2026-07-06 01:20:00+03:00,15,OK,64.75909166389944,Degraded,M,2
2026-07-06 01:25:00+03:00,15,OK,64.70997854362352,Degraded,M,2
2026-07-06 01:30:00+03:00,15,OK,64.66085759270833,Degraded,M,2
2026-07-06 01:35:00+03:00,15,OK,64.55440199335554,Degraded,M,2
2026-07-06 01:40:00+03:00,15,OK,63.89848011174649,Degraded,M,2
2026-07-06 01:45:00+03:00,15,OK,63.6767912513472,Degraded,M,2
2026-07-06 01:50:00+03:00,15,OK,63.91489517373506,Degraded,M,2
2026-07-06 01:55:00+03:00,15,OK,64.37416254586094,Degraded,M,2
2026-07-06 02:00:00+03:00,15,OK,64.54621157756263,Degraded,M,2
2026-07-06 02:05:00+03:00,15,OK,64.21021699819184,Degraded,M,2
2026-07-06 02:10:00+03:00,15,OK,63.97234101278279,Degraded,M,2
2026-07-06 02:15:00+03:00,15,OK,63.79997139359768,Degraded,M,2
2026-07-06 02:20:00+03:00,15,OK,63.693218111650594,Degraded,M,2
2026-07-06 02:25:00+03:00,15,OK,63.34807031676504,Degraded,M,2
2026-07-06 02:30:00+03:00,15,OK,63.05192194972463,Degraded,M,2
2026-07-06 02:35:00+03:00,15,OK,62.68957686309563,Degraded,M,2
2026-07-06 02:40:00+03:00,15,OK,62.5,Degraded,A;M;V,1
2026-07-06 02:45:00+03:00,15,OK,62.5,Degraded,A;M;V,1
2026-07-06 02:50:00+03:00,15,OK,62.5,Degraded,A;M;V,1
2026-07-06 02:55:00+03:00,15,OK,62.5,Degraded,A;M;V,1
2026-07-06 03:00:00+03:00,15,OK,62.5,Degraded,A;M;V,1
2026-07-06 03:05:00+03:00,15,OK,62.5,Degraded,A;M;V,1
2026-07-06 03:10:00+03:00,15,OK,62.5,Degraded,A;M;V,1
2026-07-06 03:15:00+03:00,15,OK,62.5,Degraded,A;M;V,1
2026-07-06 03:20:00+03:00,15,OK,62.5,Degraded,A;M;V,1
2026-07-06 03:25:00+03:00,15,OK,62.5,Degraded,A;M;V,1
2026-07-06 03:30:00+03:00,15,OK,62.5,Degraded,A;M;V,1
2026-07-06 03:35:00+03:00,15,OK,62.5,Degraded,A;M;V,1
2026-07-06 03:40:00+03:00,15,OK,62.5,Degraded,A;M;V,1
2026-07-06 03:45:00+03:00,15,OK,62.5,Degraded,A;M;V,1
2026-07-06 03:50:00+03:00,15,OK,62.5,Degraded,A;M;V,1
2026-07-06 03:55:00+03:00,15,OK,62.5,Degraded,A;M;V,1
2026-07-06 04:00:00+03:00,15,OK,62.5,Degraded,A;M;V,1
2026-07-06 04:05:00+03:00,15,OK,62.5,Degraded,A;M;V,1
2026-07-06 04:10:00+03:00,15,OK,62.5,Degraded,A;M;V,1
2026-07-06 04:15:00+03:00,15,OK,62.5,Degraded,A;M;V,1
2026-07-06 04:20:00+03:00,15,OK,62.5,Degraded,A;M;V,1
2026-07-06 04:25:00+03:00,15,OK,62.5,Degraded,A;M;V,1
2026-07-06 04:30:00+03:00,15,OK,62.5,Degraded,A;M;V,1
2026-07-06 04:35:00+03:00,15,OK,62.5,Degraded,A;M;V,1
2026-07-06 04:40:00+03:00,15,OK,62.5,Degraded,A;M;V,1
2026-07-06 04:45:00+03:00,15,OK,62.5,Degraded,A;M;V,1
2026-07-06 04:50:00+03:00,15,OK,62.5,Degraded,A;M;V,1
2026-07-06 04:55:00+03:00,15,OK,62.5,Degraded,A;M;V,1
2026-07-06 05:00:00+03:00,15,OK,62.5,Degraded,A;M;V,1
2026-07-06 05:05:00+03:00,15,OK,62.5,Degraded,A;M;V,1
2026-07-06 05:10:00+03:00,15,OK,62.5,Degraded,A;M;V,1
2026-07-06 05:15:00+03:00,15,OK,62.5,Degraded,A;M;V,1
2026-07-06 05:20:00+03:00,15,OK,62.5,Degraded,A;M;V,1
2026-07-06 05:25:00+03:00,15,OK,62.5,Degraded,A;M;V,1
2026-07-06 05:30:00+03:00,15,OK,62.5,Degraded,A;M;V,1
2026-07-06 05:35:00+03:00,15,OK,62.5,Degraded,A;M;V,1
2026-07-06 05:40:00+03:00,15,OK,62.5,Degraded,A;M;V,1
2026-07-06 05:45:00+03:00,15,OK,62.5,Degraded,A;M;V,1
2026-07-06 05:50:00+03:00,15,OK,62.5,Degraded,A;M;V,1
2026-07-06 05:55:00+03:00,15,OK,62.5,Degraded,A;M;V,1
2026-07-06 06:00:00+03:00,15,OK,62.5,Degraded,A;M;V,1
2026-07-06 06:05:00+03:00,15,OK,62.5,Degraded,A;M;V,1
2026-07-06 06:10:00+03:00,15,OK,62.5,Degraded,A;M;V,1
2026-07-06 06:15:00+03:00,15,OK,62.5,Degraded,A;M;V,1
2026-07-06 06:20:00+03:00,15,OK,62.5,Degraded,A;M;V,1
2026-07-06 06:25:00+03:00,15,OK,62.5,Degraded,A;M;V,1
2026-07-06 06:30:00+03:00,15,OK,62.5,Degraded,A;M;V,1
2026-07-06 06:35:00+03:00,15,OK,62.5,Degraded,A;M;V,1
2026-07-06 06:40:00+03:00,15,OK,62.5,Degraded,A;M;V,1
2026-07-06 06:45:00+03:00,15,OK,62.5,Degraded,A;M;V,1
2026-07-06 06:50:00+03:00,15,OK,61.62233883357593,Degraded,M,2
2026-07-06 06:55:00+03:00,15,OK,60.48417842165459,Degraded,M,2
2026-07-06 07:00:00+03:00,15,OK,60.21138308339034,Degraded,M,2
2026-07-06 07:05:00+03:00,15,OK,60.834290113420074,Degraded,M,2
2026-07-06 07:10:00+03:00,15,OK,61.14225555120105,Degraded,M,2
2026-07-06 07:15:00+03:00,15,OK,61.28786293095704,Degraded,M,2
2026-07-06 07:20:00+03:00,15,OK,61.202197590489654,Degraded,M,2
2026-07-06 07:25:00+03:00,15,OK,61.185069302589696,Degraded,M,2
2026-07-06 07:30:00+03:00,15,OK,60.859934226464155,Degraded,M,2
2026-07-06 07:35:00+03:00,15,OK,60.43299843877884,Degraded,M,2
2026-07-06 07:40:00+03:00,15,OK,60.15176306149357,Degraded,M,2
2026-07-06 07:45:00+03:00,15,OK,60.979654028860864,Degraded,M,2
2026-07-06 07:50:00+03:00,15,OK,61.6566783954024,Degraded,M,2
2026-07-06 07:55:00+03:00,15,OK,62.5,Degraded,A;M;V,1
2026-07-06 08:00:00+03:00,15,OK,62.5,Degraded,A;M;V,1
2026-07-06 08:05:00+03:00,15,OK,61.88863782333923,Degraded,M,2
2026-07-06 08:10:00+03:00,15,OK,60.99676321686402,Degraded,M,2
2026-07-06 08:15:00+03:00,15,OK,61.29643165658829,Degraded,M,2
2026-07-06 08:20:00+03:00,15,OK,62.36205150077269,Degraded,M,2
2026-07-06 08:25:00+03:00,15,OK,62.5,Degraded,A;M;V,1
2026-07-06 08:30:00+03:00,15,OK,62.5,Degraded,A;M;V,1
2026-07-06 08:35:00+03:00,15,OK,62.5,Degraded,A;M;V,1
2026-07-06 08:40:00+03:00,15,OK,62.5,Degraded,A;M;V,1
2026-07-06 08:45:00+03:00,15,OK,62.5,Degraded,A;M;V,1
2026-07-06 08:50:00+03:00,15,OK,62.5,Degraded,A;M;V,1
2026-07-06 08:55:00+03:00,15,OK,62.5,Degraded,A;M;V,1
2026-07-06 09:00:00+03:00,15,OK,62.5,Degraded,A;M;V,1
2026-07-06 09:05:00+03:00,15,OK,62.5,Degraded,A;M;V,1
2026-07-06 09:10:00+03:00,15,OK,62.5,Degraded,A;M;V,1
2026-07-06 09:15:00+03:00,15,OK,62.5,Degraded,A;M;V,1
2026-07-06 09:20:00+03:00,15,OK,62.5,Degraded,A;M;V,1
2026-07-06 09:25:00+03:00,15,OK,62.5,Degraded,A;M;V,1
2026-07-06 09:30:00+03:00,15,OK,62.5,Degraded,A;M;V,1
2026-07-06 09:35:00+03:00,15,OK,62.5,Degraded,A;M;V,1
2026-07-06 09:40:00+03:00,15,OK,62.5,Degraded,A;M;V,1
2026-07-06 09:45:00+03:00,15,OK,62.5,Degraded,A;M;V,1
2026-07-06 09:50:00+03:00,15,OK,62.5,Degraded,A;M;V,1
2026-07-06 09:55:00+03:00,15,OK,62.5,Degraded,A;M;V,1
2026-07-06 10:00:00+03:00,15,OK,62.5,Degraded,A;M;V,1
2026-07-06 10:05:00+03:00,15,OK,62.5,Degraded,A;M;V,1
2026-07-06 10:10:00+03:00,15,OK,62.5,Degraded,A;M;V,1
2026-07-06 10:15:00+03:00,15,OK,62.5,Degraded,A;M;V,1
2026-07-06 10:20:00+03:00,15,OK,62.5,Degraded,A;M;V,1
2026-07-06 10:25:00+03:00,15,OK,62.5,Degraded,A;M;V,1
2026-07-06 10:30:00+03:00,15,OK,62.5,Degraded,A;M;V,1
2026-07-06 10:35:00+03:00,15,OK,62.5,Degraded,A;M;V,1
2026-07-06 10:40:00+03:00,15,OK,62.5,Degraded,A;M;V,1
2026-07-06 10:45:00+03:00,15,OK,62.5,Degraded,A;M;V,1
2026-07-06 10:50:00+03:00,15,OK,62.5,Degraded,A;M;V,1
2026-07-06 10:55:00+03:00,15,OK,62.5,Degraded,A;M;V,1
2026-07-06 11:00:00+03:00,15,OK,62.5,Degraded,A;M;V,1
2026-07-06 11:05:00+03:00,15,OK,62.5,Degraded,A;M;V,1
2026-07-06 11:10:00+03:00,15,OK,62.5,Degraded,A;M;V,1
2026-07-06 11:15:00+03:00,15,OK,62.5,Degraded,A;M;V,1
2026-07-06 11:20:00+03:00,15,OK,53.3795837138434,Degraded,M,2
2026-07-06 11:25:00+03:00,15,OK,43.00986842105268,Acceptable,M,2
2026-07-06 11:30:00+03:00,15,OK,37.89632461158368,Acceptable,M,2
2026-07-06 11:35:00+03:00,15,OK,32.112708618602326,Acceptable,M,2
2026-07-06 11:40:00+03:00,15,OK,26.695465910326043,Acceptable,M,2
2026-07-06 11:45:00+03:00,15,OK,20.010374623152376,Favorable,M,2
2026-07-06 11:50:00+03:00,15,OK,16.2587637447029,Favorable,M,2
2026-07-06 11:55:00+03:00,15,OK,12.444029850746269,Favorable,A;M;V,1
2026-07-06 12:00:00+03:00,15,OK,12.444029850746269,Favorable,A;M;V,1
2026-07-06 12:05:00+03:00,15,OK,12.444029850746269,Favorable,A;M;V,1
2026-07-06 12:10:00+03:00,15,OK,12.444029850746269,Favorable,A;M;V,1
2026-07-06 12:15:00+03:00,15,OK,12.444029850746269,Favorable,A;M;V,1
2026-07-06 12:20:00+03:00,15,OK,14.540228294343356,Favorable,M,2
2026-07-06 12:25:00+03:00,15,OK,20.794780785657874,Favorable,M,2
2026-07-06 12:30:00+03:00,15,OK,20.147712044277622,Favorable,M,2
2026-07-06 12:35:00+03:00,15,OK,18.79456338063457,Favorable,M,2
2026-07-06 12:40:00+03:00,15,OK,17.226381673353412,Favorable,M,2
2026-07-06 12:45:00+03:00,15,OK,15.088246640873853,Favorable,M,2
2026-07-06 12:50:00+03:00,15,OK,12.444029850746269,Favorable,A;M;V,1
2026-07-06 12:55:00+03:00,15,OK,12.444029850746269,Favorable,A;M;V,1
2026-07-06 13:00:00+03:00,15,OK,12.444029850746269,Favorable,A;M;V,1
2026-07-06 13:05:00+03:00,15,OK,12.444029850746269,Favorable,A;M;V,1
2026-07-06 13:10:00+03:00,15,OK,12.444029850746269,Favorable,A;M;V,1
2026-07-06 13:15:00+03:00,15,OK,12.444029850746269,Favorable,A;M;V,1
2026-07-06 13:20:00+03:00,15,OK,12.444029850746269,Favorable,A;M;V,1
2026-07-06 13:25:00+03:00,15,OK,12.444029850746269,Favorable,A;M;V,1
2026-07-06 13:30:00+03:00,15,OK,12.444029850746269,Favorable,A;M;V,1
2026-07-06 13:35:00+03:00,15,OK,13.493453377746714,Favorable,M,2
2026-07-06 13:40:00+03:00,15,OK,14.252537994058489,Favorable,M,2
2026-07-06 13:45:00+03:00,15,OK,14.790624804627717,Favorable,M,2
2026-07-06 13:50:00+03:00,15,OK,15.083176880921764,Favorable,M,2
2026-07-06 13:55:00+03:00,15,OK,15.593769037375559,Favorable,M,2
2026-07-06 14:00:00+03:00,15,OK,16.574713697762363,Favorable,M,2
2026-07-06 14:05:00+03:00,15,OK,16.729850756001653,Favorable,M,2
2026-07-06 14:10:00+03:00,15,OK,18.090838657332966,Favorable,M,2
2026-07-06 14:15:00+03:00,15,OK,20.886050833791558,Favorable,M,2
2026-07-06 14:20:00+03:00,15,OK,23.33327983539092,Favorable,M,2
2026-07-06 14:25:00+03:00,15,OK,23.79172839506168,Favorable,M,2
2026-07-06 14:30:00+03:00,15,OK,25.004975308642006,Acceptable,M,2
2026-07-06 14:35:00+03:00,15,OK,26.69148276695638,Acceptable,M,2
2026-07-06 14:40:00+03:00,15,OK,26.50222940148482,Acceptable,M,2
2026-07-06 14:45:00+03:00,15,OK,24.053303155006954,Favorable,M,2
2026-07-06 14:50:00+03:00,15,OK,21.521535690698407,Favorable,M,2
2026-07-06 14:55:00+03:00,15,OK,20.191757895643754,Favorable,M,2
2026-07-06 15:00:00+03:00,15,OK,20.879181272248104,Favorable,M,2
2026-07-06 15:05:00+03:00,15,OK,22.886746227709192,Favorable,M,2
2026-07-06 15:10:00+03:00,15,OK,25.64106257923248,Acceptable,M,2
2026-07-06 15:15:00+03:00,15,OK,25.598657919661896,Acceptable,M,2
2026-07-06 15:20:00+03:00,15,OK,27.79378636536128,Acceptable,M,2
2026-07-06 15:25:00+03:00,15,OK,30.230043816643548,Acceptable,M,2
2026-07-06 15:30:00+03:00,15,OK,33.49859004135938,Acceptable,M,2
2026-07-06 15:35:00+03:00,15,OK,33.43464342940559,Acceptable,M,2
2026-07-06 15:40:00+03:00,15,OK,32.93297940445876,Acceptable,M,2
2026-07-06 15:45:00+03:00,15,OK,33.8138222507253,Acceptable,M,2
2026-07-06 15:50:00+03:00,15,OK,34.9483266604905,Acceptable,M,2
2026-07-06 15:55:00+03:00,15,OK,36.59551719563485,Acceptable,M,2
2026-07-06 16:00:00+03:00,15,OK,36.58492785968581,Acceptable,M,2
2026-07-06 16:05:00+03:00,15,OK,37.50000000000001,Acceptable,M,1
2026-07-06 16:10:00+03:00,15,OK,37.5,Acceptable,M,1
2026-07-06 16:15:00+03:00,15,OK,37.49999999999999,Acceptable,M,1
2026-07-06 16:20:00+03:00,15,OK,37.5,Acceptable,M,1
2026-07-06 16:25:00+03:00,15,OK,37.50000000000001,Acceptable,M,1
2026-07-06 16:30:00+03:00,15,OK,37.5,Acceptable,M,1
2026-07-06 16:35:00+03:00,15,OK,37.5,Acceptable,M,1
2026-07-06 16:40:00+03:00,15,OK,37.5,Acceptable,M,1
2026-07-06 16:45:00+03:00,15,OK,38.98612600469464,Acceptable,M,2
2026-07-06 16:50:00+03:00,15,OK,38.11136217666077,Acceptable,M,2
2026-07-06 16:55:00+03:00,15,OK,37.5,Acceptable,M,1
2026-07-06 17:00:00+03:00,15,OK,38.3433216045976,Acceptable,M,2
2026-07-06 17:05:00+03:00,15,OK,43.34319526627247,Acceptable,M,2
2026-07-06 17:10:00+03:00,15,OK,49.79573494566534,Acceptable,M,2
2026-07-06 17:15:00+03:00,15,OK,55.78561229011783,Degraded,M,2
2026-07-06 17:20:00+03:00,15,OK,61.270726675326344,Degraded,M,2
2026-07-06 17:25:00+03:00,15,OK,62.5,Degraded,A;M;V,1
2026-07-06 17:30:00+03:00,15,OK,62.5,Degraded,A;M;V,1
2026-07-06 17:35:00+03:00,15,OK,62.5,Degraded,A;M;V,1
2026-07-06 17:40:00+03:00,15,OK,62.5,Degraded,A;M;V,1
2026-07-06 17:45:00+03:00,15,OK,62.5,Degraded,M,1
2026-07-06 17:50:00+03:00,15,OK,62.50000000000001,Degraded,M,1
2026-07-06 17:55:00+03:00,15,OK,62.5,Degraded,A;M;V,1
2026-07-06 18:00:00+03:00,15,OK,62.5,Degraded,A;M;V,1
2026-07-06 18:05:00+03:00,15,OK,62.5,Degraded,A;M;V,1
2026-07-06 18:10:00+03:00,15,OK,62.5,Degraded,A;M;V,1
2026-07-06 18:15:00+03:00,15,OK,62.5,Degraded,A;M;V,1
2026-07-06 18:20:00+03:00,15,OK,62.5,Degraded,A;M;V,1
2026-07-06 18:25:00+03:00,15,OK,62.5,Degraded,A;M;V,1
2026-07-06 18:30:00+03:00,15,OK,65.25796431984696,Degraded,M,2
2026-07-06 18:35:00+03:00,15,OK,69.06558879782764,Degraded,M,2
2026-07-06 18:40:00+03:00,15,OK,73.10673446595716,Degraded,M,2
2026-07-06 18:45:00+03:00,15,OK,75.784320987654,Critical,M,2
2026-07-06 18:50:00+03:00,15,OK,77.9542242392515,Critical,M,2
2026-07-06 18:55:00+03:00,15,OK,78.86218420558657,Critical,M,2
2026-07-06 19:00:00+03:00,15,OK,78.81172504075529,Critical,M,2
2026-07-06 19:05:00+03:00,15,OK,79.29958051563506,Critical,M,2
2026-07-06 19:10:00+03:00,15,OK,80.96642346953915,Critical,M,2
2026-07-06 19:15:00+03:00,15,OK,83.69843491443723,Critical,M,2
2026-07-06 19:20:00+03:00,15,OK,84.57766725852942,Critical,M,2
2026-07-06 19:25:00+03:00,15,OK,84.40185890618397,Critical,M,2
2026-07-06 19:30:00+03:00,15,OK,85.41262227152869,Critical,M,2
2026-07-06 19:35:00+03:00,15,OK,87.30158951925841,Critical,M,2
2026-07-06 19:40:00+03:00,15,OK,87.54791727896462,Critical,M,1
2026-07-06 19:45:00+03:00,15,OK,87.55597014925372,Critical,A;M;V,1
2026-07-06 19:50:00+03:00,15,OK,87.55597014925372,Critical,A;M;V,1
2026-07-06 19:55:00+03:00,15,OK,87.55597014925372,Critical,A;M;V,1
2026-07-06 20:00:00+03:00,15,OK,87.55597014925372,Critical,A;M;V,1
2026-07-06 20:05:00+03:00,15,OK,87.55597014925372,Critical,A;M;V,1
2026-07-06 20:10:00+03:00,15,OK,87.55597014925372,Critical,A;M;V,1
2026-07-06 20:15:00+03:00,15,OK,87.55597014925372,Critical,A;M;V,1
2026-07-06 20:20:00+03:00,15,OK,87.53471881028888,Critical,M,1
2026-07-06 20:25:00+03:00,15,OK,87.48589978558509,Critical,M,1
2026-07-06 20:30:00+03:00,15,OK,83.92652011627631,Critical,M,2
2026-07-06 20:35:00+03:00,15,OK,77.52599452961607,Critical,M,2
2026-07-06 20:40:00+03:00,15,OK,74.18601032686378,Degraded,M,2
2026-07-06 20:45:00+03:00,15,OK,69.99308556112653,Degraded,M,2
2026-07-06 20:50:00+03:00,15,OK,66.48492886373488,Degraded,M,2
2026-07-06 20:55:00+03:00,15,OK,62.499999999999986,Degraded,M,1
2026-07-06 21:00:00+03:00,15,OK,62.5,Degraded,A;M;V,1
2026-07-06 21:05:00+03:00,15,OK,62.5,Degraded,A;M;V,1
2026-07-06 21:10:00+03:00,15,OK,62.5,Degraded,A;M;V,1
2026-07-06 21:15:00+03:00,15,OK,62.5,Degraded,A;M;V,1
2026-07-06 21:20:00+03:00,15,OK,62.5,Degraded,A;M;V,1
2026-07-06 21:25:00+03:00,15,OK,62.5,Degraded,A;M;V,1
2026-07-06 21:30:00+03:00,15,OK,62.5,Degraded,A;M;V,1
2026-07-06 21:35:00+03:00,15,OK,62.5,Degraded,A;M;V,1
2026-07-06 21:40:00+03:00,15,OK,62.08646316125962,Degraded,M,2
2026-07-06 21:45:00+03:00,15,OK,60.971100031204074,Degraded,M,2
2026-07-06 21:50:00+03:00,15,OK,61.57084147947151,Degraded,M,2
2026-07-06 21:55:00+03:00,15,OK,62.5,Degraded,A;M;V,1
2026-07-06 22:00:00+03:00,15,OK,62.5,Degraded,A;M;V,1
2026-07-06 22:05:00+03:00,15,OK,62.5,Degraded,A;M;V,1
2026-07-06 22:10:00+03:00,15,OK,62.5,Degraded,A;M;V,1
2026-07-06 22:15:00+03:00,15,OK,62.5,Degraded,A;M;V,1
2026-07-06 22:20:00+03:00,15,OK,62.5,Degraded,A;M;V,1
2026-07-06 22:25:00+03:00,15,OK,62.5,Degraded,A;M;V,1
2026-07-06 22:30:00+03:00,15,OK,62.5,Degraded,A;M;V,1
2026-07-06 22:35:00+03:00,15,OK,62.5,Degraded,A;M;V,1
2026-07-06 22:40:00+03:00,15,OK,62.500000000000014,Degraded,V,2
2026-07-06 22:45:00+03:00,15,OK,65.36311585724722,Degraded,V,4
2026-07-06 22:50:00+03:00,15,OK,73.46110327880743,Degraded,M,2
2026-07-06 22:55:00+03:00,15,OK,77.00629629629597,Critical,M,2
2026-07-06 23:00:00+03:00,15,OK,87.33736021063842,Critical,A,2
2026-07-06 23:05:00+03:00,15,PARTIAL,74.70471987278445,Degraded,M,2
2026-07-06 23:10:00+03:00,15,PARTIAL,74.03776806649641,Degraded,M,2
2026-07-06 23:15:00+03:00,15,PARTIAL,73.65060818355212,Degraded,M,2
2026-07-06 23:20:00+03:00,15,PARTIAL,73.74123081483478,Degraded,M,2
2026-07-06 23:25:00+03:00,15,PARTIAL,76.89823045267471,Critical,M,2
2026-07-06 23:30:00+03:00,15,PARTIAL,84.17797149191676,Critical,M,2
2026-07-06 23:35:00+03:00,15,OK,87.55597014925372,Critical,A;M;V,1
2026-07-06 23:40:00+03:00,15,OK,87.46530073658556,Critical,A,4
2026-07-06 23:45:00+03:00,15,PARTIAL,87.55597014925372,Critical,M;V,1
2026-07-06 23:50:00+03:00,15,PARTIAL,87.55597014925372,Critical,M;V,1
2026-07-06 23:55:00+03:00,15,PARTIAL,87.55597014925372,Critical,M;V,1
2026-07-07 00:00:00+03:00,15,OK,87.54680533121838,Critical,V,2
2026-07-07 00:05:00+03:00,15,OK,87.55597014925372,Critical,A;M;V,1
2026-07-07 00:10:00+03:00,15,OK,87.55597014925372,Critical,A;M;V,1
2026-07-07 00:15:00+03:00,15,OK,87.54882088577837,Critical,A,1
2026-07-07 00:20:00+03:00,15,OK,87.34594064199266,Critical,A,1
2026-07-07 00:25:00+03:00,15,OK,87.55597014925372,Critical,A;M;V,1
2026-07-07 00:30:00+03:00,15,OK,86.40968245974817,Critical,A,4
2026-07-07 00:35:00+03:00,15,OK,84.76692785822894,Critical,M,2
2026-07-07 00:40:00+03:00,15,OK,83.80116288287918,Critical,M,2
2026-07-07 00:45:00+03:00,15,OK,83.20214590645077,Critical,M,2
2026-07-07 00:50:00+03:00,15,OK,82.54386650958831,Critical,M,2
2026-07-07 00:55:00+03:00,15,OK,80.80637952855571,Critical,M,4
2026-07-07 01:00:00+03:00,15,OK,78.04227364927135,Critical,V,4
2026-07-07 01:05:00+03:00,15,OK,77.85419753086418,Critical,M,4
2026-07-07 01:10:00+03:00,15,OK,76.85666666666634,Critical,M,2
2026-07-07 01:15:00+03:00,15,OK,75.36037037037033,Critical,M,2
2026-07-07 01:20:00+03:00,15,OK,73.85655921273592,Degraded,M,2
2026-07-07 01:25:00+03:00,15,OK,73.09849213617834,Degraded,M,2
2026-07-07 01:30:00+03:00,15,OK,72.62034407085724,Degraded,M,2
2026-07-07 01:35:00+03:00,15,OK,71.57402114466011,Degraded,M,2
2026-07-07 01:40:00+03:00,15,OK,69.63210093606024,Degraded,M,2
2026-07-07 01:45:00+03:00,15,OK,67.48669833454078,Degraded,M,2
2026-07-07 01:50:00+03:00,15,OK,65.35600812231246,Degraded,M,2
2026-07-07 01:55:00+03:00,15,OK,63.87680750791839,Degraded,V,4
2026-07-07 02:00:00+03:00,15,OK,62.5,Degraded,V,2
2026-07-07 02:05:00+03:00,15,OK,62.50000000000002,Degraded,V,2
2026-07-07 02:10:00+03:00,15,OK,62.499999999999986,Degraded,V,2
2026-07-07 02:15:00+03:00,15,OK,62.499999999999986,Degraded,V,2
2026-07-07 02:20:00+03:00,15,OK,62.50000000000001,Degraded,V,2
2026-07-07 02:25:00+03:00,15,OK,62.5,Degraded,A;M;V,1
2026-07-07 02:30:00+03:00,15,OK,62.5,Degraded,A;M;V,1
2026-07-07 02:35:00+03:00,15,OK,62.5,Degraded,A;M;V,1
2026-07-07 02:40:00+03:00,15,OK,62.5,Degraded,A;M;V,1
2026-07-07 02:45:00+03:00,15,OK,62.5,Degraded,A;M;V,1
2026-07-07 02:50:00+03:00,15,OK,62.5,Degraded,A;M;V,1
2026-07-07 02:55:00+03:00,15,OK,62.5,Degraded,A;M;V,1
2026-07-07 03:00:00+03:00,15,OK,62.5,Degraded,A;M;V,1
2026-07-07 03:05:00+03:00,15,OK,62.5,Degraded,A;M;V,1
2026-07-07 03:10:00+03:00,15,OK,62.5,Degraded,A;M;V,1
2026-07-07 03:15:00+03:00,15,OK,62.5,Degraded,A;M;V,1
2026-07-07 03:20:00+03:00,15,OK,62.5,Degraded,A;M;V,1
2026-07-07 03:25:00+03:00,15,OK,62.5,Degraded,A;M;V,1
2026-07-07 03:30:00+03:00,15,OK,62.5,Degraded,A;M;V,1
2026-07-07 03:35:00+03:00,15,OK,62.5,Degraded,A;M;V,1
2026-07-07 03:40:00+03:00,15,OK,62.5,Degraded,A;M;V,1
2026-07-07 03:45:00+03:00,15,OK,62.5,Degraded,A;M;V,1
2026-07-07 03:50:00+03:00,15,OK,61.373568126759196,Degraded,M,2
2026-07-07 03:55:00+03:00,15,OK,60.56097512450974,Degraded,M,2
2026-07-07 04:00:00+03:00,15,OK,59.67549866031558,Degraded,M,2
2026-07-07 04:05:00+03:00,15,OK,58.772508954065955,Degraded,M,2
2026-07-07 04:10:00+03:00,15,OK,57.917415017548244,Degraded,M,2
2026-07-07 04:15:00+03:00,15,OK,57.365648917784526,Degraded,M,2
2026-07-07 04:20:00+03:00,15,OK,56.84008023940276,Degraded,M,2
2026-07-07 04:25:00+03:00,15,OK,56.30728294077068,Degraded,M,2
2026-07-07 04:30:00+03:00,15,OK,55.884786227137724,Degraded,M,2
2026-07-07 04:35:00+03:00,15,OK,55.83519632850385,Degraded,M,2
2026-07-07 04:40:00+03:00,15,OK,55.628634818111465,Degraded,M,2
2026-07-07 04:45:00+03:00,15,OK,55.413918692784506,Degraded,M,2
2026-07-07 04:50:00+03:00,15,OK,54.984815988141364,Degraded,M,2
2026-07-07 04:55:00+03:00,15,OK,54.63031256658704,Degraded,M,2
2026-07-07 05:00:00+03:00,15,OK,54.25964153478175,Degraded,M,2
2026-07-07 05:05:00+03:00,15,OK,53.7741471737283,Degraded,M,2
2026-07-07 05:10:00+03:00,15,OK,53.33850474263993,Degraded,M,2
2026-07-07 05:15:00+03:00,15,OK,52.731739872933055,Degraded,M,2
2026-07-07 05:20:00+03:00,15,OK,52.428827980098426,Degraded,M,2
2026-07-07 05:25:00+03:00,15,OK,52.01142094625145,Degraded,M,2
2026-07-07 05:30:00+03:00,15,OK,51.95414065233961,Degraded,M,2
2026-07-07 05:35:00+03:00,15,OK,52.05233704770887,Degraded,M,2
2026-07-07 05:40:00+03:00,15,OK,52.16690925147607,Degraded,M,2
2026-07-07 05:45:00+03:00,15,OK,51.98687192770807,Degraded,M,2
2026-07-07 05:50:00+03:00,15,OK,51.52053208813213,Degraded,M,2
2026-07-07 05:55:00+03:00,15,OK,51.16066933021156,Degraded,M,2
2026-07-07 06:00:00+03:00,15,OK,50.85813759623375,Degraded,M,2
2026-07-07 06:05:00+03:00,15,OK,50.47394604206031,Degraded,M,2
2026-07-07 06:10:00+03:00,15,OK,50.351356563177,Degraded,M,2
2026-07-07 06:15:00+03:00,15,OK,50.27780864540451,Degraded,M,2
2026-07-07 06:20:00+03:00,15,OK,50.3840459155488,Degraded,M,2
2026-07-07 06:25:00+03:00,15,OK,50.35135656317683,Degraded,M,2
2026-07-07 06:30:00+03:00,15,OK,50.236950560673726,Degraded,M,2
2026-07-07 06:35:00+03:00,15,OK,50.212436350800964,Degraded,M,2
2026-07-07 06:40:00+03:00,15,OK,50.220607700679295,Degraded,M,2
2026-07-07 06:45:00+03:00,15,OK,50.040850340691804,Degraded,M,2
2026-07-07 06:50:00+03:00,15,OK,49.61595408445119,Acceptable,M,2
2026-07-07 06:55:00+03:00,15,OK,49.109159798751534,Acceptable,M,2
2026-07-07 07:00:00+03:00,15,OK,48.822975517891244,Acceptable,M,2
2026-07-07 07:05:00+03:00,15,OK,48.74937468734328,Acceptable,M,2
2026-07-07 07:10:00+03:00,15,OK,48.822975517890725,Acceptable,M,2
2026-07-07 07:15:00+03:00,15,OK,49.043752022832756,Acceptable,M,2
2026-07-07 07:20:00+03:00,15,OK,49.550572815375375,Acceptable,M,2
2026-07-07 07:25:00+03:00,15,OK,49.77939229932035,Acceptable,M,2
2026-07-07 07:30:00+03:00,15,OK,49.70584774679407,Acceptable,M,2
2026-07-07 07:35:00+03:00,15,OK,49.444320960213744,Acceptable,M,2
2026-07-07 07:40:00+03:00,15,OK,49.6649877924822,Acceptable,M,2
2026-07-07 07:45:00+03:00,15,OK,50.13889660536653,Degraded,M,2
2026-07-07 07:50:00+03:00,15,OK,50.84996207861512,Degraded,M,2
2026-07-07 07:55:00+03:00,15,OK,51.577792529275094,Degraded,M,2
2026-07-07 08:00:00+03:00,15,OK,52.36334315742613,Degraded,M,2
2026-07-07 08:05:00+03:00,15,OK,53.15780517814604,Degraded,M,2
2026-07-07 08:10:00+03:00,15,OK,53.81526893552372,Degraded,M,2
2026-07-07 08:15:00+03:00,15,OK,54.35021972296261,Degraded,M,2
2026-07-07 08:20:00+03:00,15,OK,54.81989337215456,Degraded,M,2
2026-07-07 08:25:00+03:00,15,OK,55.265333438311025,Degraded,M,2
2026-07-07 08:30:00+03:00,15,OK,55.8434609046206,Degraded,M,2
2026-07-07 08:35:00+03:00,15,OK,56.398777743096446,Degraded,M,2
2026-07-07 08:40:00+03:00,15,OK,56.5901919537211,Degraded,M,2
2026-07-07 08:45:00+03:00,15,OK,56.41541671458347,Degraded,M,2
2026-07-07 08:50:00+03:00,15,OK,56.149364702482316,Degraded,M,2
2026-07-07 08:55:00+03:00,15,OK,56.19088281660593,Degraded,M,2
2026-07-07 09:00:00+03:00,15,OK,56.6734606660312,Degraded,M,2
2026-07-07 09:05:00+03:00,15,OK,57.056849585472,Degraded,M,2
2026-07-07 09:10:00+03:00,15,OK,57.52436775553186,Degraded,M,2
2026-07-07 09:15:00+03:00,15,OK,58.47877008346786,Degraded,M,2
2026-07-07 09:20:00+03:00,15,OK,59.55662548609811,Degraded,M,2
2026-07-07 09:25:00+03:00,15,OK,57.805094582560116,Degraded,V,4
2026-07-07 09:30:00+03:00,15,OK,53.51757898200947,Degraded,V,4
2026-07-07 09:35:00+03:00,15,OK,48.88021761376837,Acceptable,M,2
2026-07-07 09:40:00+03:00,15,OK,43.93333399007645,Acceptable,M,2
2026-07-07 09:45:00+03:00,15,OK,40.392438303248625,Acceptable,M,2
2026-07-07 09:50:00+03:00,15,OK,38.223082757794685,Acceptable,M,2
2026-07-07 09:55:00+03:00,15,OK,34.68483966659177,Acceptable,M,2
2026-07-07 10:00:00+03:00,15,OK,30.031520364948374,Acceptable,M,2
2026-07-07 10:05:00+03:00,15,OK,23.88316872427975,Favorable,M,2
2026-07-07 10:10:00+03:00,15,OK,18.762159662951166,Favorable,M,2
2026-07-07 10:15:00+03:00,15,OK,14.049895382252348,Favorable,M,2
2026-07-07 10:20:00+03:00,15,OK,12.444029850746269,Favorable,A;M;V,1
2026-07-07 10:25:00+03:00,15,OK,12.444029850746269,Favorable,A;M;V,1
2026-07-07 10:30:00+03:00,15,OK,12.444029850746269,Favorable,A;M;V,1
2026-07-07 10:35:00+03:00,15,OK,12.444029850746269,Favorable,A;M;V,1
2026-07-07 10:40:00+03:00,15,OK,12.444029850746269,Favorable,A;M;V,1
2026-07-07 10:45:00+03:00,15,OK,12.444029850746269,Favorable,A;M;V,1
2026-07-07 10:50:00+03:00,15,OK,12.444029850746269,Favorable,A;M;V,1
2026-07-07 10:55:00+03:00,15,OK,12.444029850746269,Favorable,A;M;V,1
2026-07-07 11:00:00+03:00,15,OK,12.444029850746269,Favorable,A;M;V,1
2026-07-07 11:05:00+03:00,15,OK,12.444029850746269,Favorable,A;M;V,1
2026-07-07 11:10:00+03:00,15,OK,12.444029850746269,Favorable,A;M;V,1
2026-07-07 11:15:00+03:00,15,OK,12.444029850746269,Favorable,A;M;V,1
2026-07-07 11:20:00+03:00,15,OK,12.444029850746269,Favorable,A;M;V,1
2026-07-07 11:25:00+03:00,15,OK,12.444029850746269,Favorable,A;M;V,1
2026-07-07 11:30:00+03:00,15,OK,12.444029850746269,Favorable,A;M;V,1
2026-07-07 11:35:00+03:00,15,OK,12.444029850746269,Favorable,A;M;V,1
2026-07-07 11:40:00+03:00,15,OK,12.444029850746269,Favorable,A;M;V,1
2026-07-07 11:45:00+03:00,15,OK,12.444029850746269,Favorable,A;M;V,1
2026-07-07 11:50:00+03:00,15,OK,12.444029850746269,Favorable,A;M;V,1
2026-07-07 11:55:00+03:00,15,OK,12.444029850746269,Favorable,A;M;V,1
2026-07-07 12:00:00+03:00,15,OK,12.444029850746269,Favorable,A;M;V,1
2026-07-07 12:05:00+03:00,15,OK,12.444029850746269,Favorable,A;M;V,1
2026-07-07 12:10:00+03:00,15,OK,13.097121378212078,Favorable,M,2
2026-07-07 12:15:00+03:00,15,OK,12.945329658703386,Favorable,M,2
2026-07-07 12:20:00+03:00,15,OK,12.444029850746269,Favorable,A;M;V,1
2026-07-07 12:25:00+03:00,15,OK,12.444029850746269,Favorable,A;M;V,1
2026-07-07 12:30:00+03:00,15,OK,12.444029850746269,Favorable,A;M;V,1
2026-07-07 12:35:00+03:00,15,OK,12.444029850746269,Favorable,A;M;V,1
2026-07-07 12:40:00+03:00,15,OK,12.444029850746269,Favorable,A;M;V,1
2026-07-07 12:45:00+03:00,15,OK,12.444029850746269,Favorable,A;M;V,1
2026-07-07 12:50:00+03:00,15,OK,12.444029850746269,Favorable,A;M;V,1
2026-07-07 12:55:00+03:00,15,OK,12.444029850746269,Favorable,A;M;V,1
2026-07-07 13:00:00+03:00,15,OK,12.444029850746269,Favorable,A;M;V,1
2026-07-07 13:05:00+03:00,15,OK,12.444029850746269,Favorable,A;M;V,1
2026-07-07 13:10:00+03:00,15,OK,12.444029850746269,Favorable,A;M;V,1
2026-07-07 13:15:00+03:00,15,OK,12.444029850746269,Favorable,A;M;V,1
2026-07-07 13:20:00+03:00,15,OK,12.444029850746269,Favorable,A;M;V,1
2026-07-07 13:25:00+03:00,15,OK,12.444029850746269,Favorable,A;M;V,1
2026-07-07 13:30:00+03:00,15,OK,12.444029850746269,Favorable,A;M;V,1
2026-07-07 13:35:00+03:00,15,OK,12.444029850746269,Favorable,A;M;V,1
2026-07-07 13:40:00+03:00,15,OK,12.444029850746269,Favorable,A;M;V,1
2026-07-07 13:45:00+03:00,15,OK,12.444029850746269,Favorable,A;M;V,1
2026-07-07 13:50:00+03:00,15,OK,12.444029850746269,Favorable,A;M;V,1
2026-07-07 13:55:00+03:00,15,OK,12.444029850746269,Favorable,A;M;V,1
2026-07-07 14:00:00+03:00,15,OK,12.444029850746269,Favorable,A;M;V,1
2026-07-07 14:05:00+03:00,15,OK,12.444029850746269,Favorable,A;M;V,1
2026-07-07 14:10:00+03:00,15,OK,12.444029850746269,Favorable,A;M;V,1
2026-07-07 14:15:00+03:00,15,OK,12.444029850746269,Favorable,A;M;V,1
2026-07-07 14:20:00+03:00,15,OK,12.444029850746269,Favorable,A;M;V,1
2026-07-07 14:25:00+03:00,15,OK,12.444029850746269,Favorable,A;M;V,1
2026-07-07 14:30:00+03:00,15,OK,12.444029850746269,Favorable,A;M;V,1
2026-07-07 14:35:00+03:00,15,OK,12.444029850746269,Favorable,A;M;V,1
2026-07-07 14:40:00+03:00,15,OK,12.444029850746269,Favorable,A;M;V,1
2026-07-07 14:45:00+03:00,15,OK,12.444029850746269,Favorable,A;M;V,1
2026-07-07 14:50:00+03:00,15,OK,12.444029850746269,Favorable,A;M;V,1
2026-07-07 14:55:00+03:00,15,OK,13.291332412166046,Favorable,M,2
2026-07-07 15:00:00+03:00,15,OK,15.74492702382079,Favorable,M,2
2026-07-07 15:05:00+03:00,15,OK,17.40486302929506,Favorable,M,2
2026-07-07 15:10:00+03:00,15,OK,19.842014432343785,Favorable,M,2
2026-07-07 15:15:00+03:00,15,OK,22.719382716049463,Favorable,M,2
2026-07-07 15:20:00+03:00,15,OK,25.706936747374602,Acceptable,M,2
2026-07-07 15:25:00+03:00,15,OK,28.28691824915213,Acceptable,M,2
2026-07-07 15:30:00+03:00,15,OK,30.376105697955783,Acceptable,M,2
2026-07-07 15:35:00+03:00,15,OK,32.54602034501856,Acceptable,M,2
2026-07-07 15:40:00+03:00,15,OK,34.423507462686565,Acceptable,M,2
2026-07-07 15:45:00+03:00,15,OK,36.569716626948555,Acceptable,M,2
2026-07-07 15:50:00+03:00,15,OK,38.72070539612033,Acceptable,M,2
2026-07-07 15:55:00+03:00,15,OK,40.78203984537651,Acceptable,M,2
2026-07-07 16:00:00+03:00,15,OK,42.32517540103421,Acceptable,M,2
2026-07-07 16:05:00+03:00,15,OK,44.3796255271669,Acceptable,M,2
2026-07-07 16:10:00+03:00,15,OK,46.72721322205877,Acceptable,M,2
2026-07-07 16:15:00+03:00,15,OK,49.411626265003505,Acceptable,M,2
2026-07-07 16:20:00+03:00,15,OK,52.232383793384145,Degraded,M,2
2026-07-07 16:25:00+03:00,15,OK,55.46345881241161,Degraded,M,2
2026-07-07 16:30:00+03:00,15,OK,59.429346837987296,Degraded,M,2
2026-07-07 16:35:00+03:00,15,OK,62.5,Degraded,A;M;V,1
2026-07-07 16:40:00+03:00,15,OK,62.5,Degraded,A;M;V,1
2026-07-07 16:45:00+03:00,15,OK,62.5,Degraded,A;M;V,1
2026-07-07 16:50:00+03:00,15,OK,62.5,Degraded,A;M;V,1
2026-07-07 16:55:00+03:00,15,OK,62.5,Degraded,A;M;V,1
2026-07-07 17:00:00+03:00,15,OK,62.5,Degraded,A;M;V,1
2026-07-07 17:05:00+03:00,15,OK,62.5,Degraded,A;M;V,1
2026-07-07 17:10:00+03:00,15,OK,61.43358549264163,Degraded,M,2
2026-07-07 17:15:00+03:00,15,OK,59.531162686118186,Degraded,M,2
2026-07-07 17:20:00+03:00,15,OK,58.2943077633401,Degraded,M,2
2026-07-07 17:25:00+03:00,15,OK,56.81508031765345,Degraded,M,2
2026-07-07 17:30:00+03:00,15,OK,54.21024350606773,Degraded,M,2
2026-07-07 17:35:00+03:00,15,OK,50.42490880803275,Degraded,M,2
2026-07-07 17:40:00+03:00,15,OK,44.800687555765435,Acceptable,M,2
2026-07-07 17:45:00+03:00,15,OK,37.922142350579044,Acceptable,M,2
2026-07-07 17:50:00+03:00,15,OK,30.031520364948374,Acceptable,M,2
2026-07-07 17:55:00+03:00,15,OK,23.625473251028318,Favorable,M,2
2026-07-07 18:00:00+03:00,15,OK,20.14504680071549,Favorable,M,2
2026-07-07 18:05:00+03:00,15,OK,18.73657663360039,Favorable,M,2
2026-07-07 18:10:00+03:00,15,OK,18.59158701479395,Favorable,M,2
2026-07-07 18:15:00+03:00,15,OK,19.766245106696946,Favorable,M,2
2026-07-07 18:20:00+03:00,15,OK,21.045302146047135,Favorable,M,2
2026-07-07 18:25:00+03:00,15,OK,20.624701065294612,Favorable,M,2
2026-07-07 18:30:00+03:00,15,OK,17.968614857844265,Favorable,M,2
2026-07-07 18:35:00+03:00,15,OK,16.147467024744962,Favorable,M,2
2026-07-07 18:40:00+03:00,15,OK,18.156423051679525,Favorable,M,2
2026-07-07 18:45:00+03:00,15,OK,22.5115637860085,Favorable,M,2
2026-07-07 18:50:00+03:00,15,OK,27.18177939296508,Acceptable,M,2
2026-07-07 18:55:00+03:00,15,OK,28.704193609016528,Acceptable,M,2
2026-07-07 19:00:00+03:00,15,OK,27.610551447326948,Acceptable,M,2
2026-07-07 19:05:00+03:00,15,OK,24.215679012345465,Favorable,M,2
2026-07-07 19:10:00+03:00,15,OK,22.212304526748703,Favorable,M,2
2026-07-07 19:15:00+03:00,15,OK,20.414348565159813,Favorable,M,2
2026-07-07 19:20:00+03:00,15,OK,20.422763330412334,Favorable,M,2
2026-07-07 19:25:00+03:00,15,OK,20.902313321981005,Favorable,M,2
2026-07-07 19:30:00+03:00,15,OK,21.944923206084187,Favorable,M,2
2026-07-07 19:35:00+03:00,15,OK,22.43674897119351,Favorable,M,2
2026-07-07 19:40:00+03:00,15,OK,22.187366255143996,Favorable,M,2
2026-07-07 19:45:00+03:00,15,OK,23.035267489711874,Favorable,M,2
2026-07-07 19:50:00+03:00,15,OK,24.930576131687374,Favorable,M,2
2026-07-07 19:55:00+03:00,15,OK,27.503344657938985,Acceptable,M,2
2026-07-07 20:00:00+03:00,15,OK,29.64613946627703,Acceptable,M,2
2026-07-07 20:05:00+03:00,15,OK,31.663527111410684,Acceptable,M,2
2026-07-07 20:10:00+03:00,15,OK,34.0867349306913,Acceptable,M,2
2026-07-07 20:15:00+03:00,15,OK,36.126144119094626,Acceptable,M,2
2026-07-07 20:20:00+03:00,15,OK,37.76718173854141,Acceptable,M,2
2026-07-07 20:25:00+03:00,15,OK,38.72070539612125,Acceptable,M,2
2026-07-07 20:30:00+03:00,15,OK,40.33299483654565,Acceptable,M,2
2026-07-07 20:35:00+03:00,15,OK,42.19972653740346,Acceptable,M,2
2026-07-07 20:40:00+03:00,15,OK,44.26396588906074,Acceptable,M,2
2026-07-07 20:45:00+03:00,15,OK,45.221327143189534,Acceptable,M,2
2026-07-07 20:50:00+03:00,15,OK,45.24605750631193,Acceptable,M,2
2026-07-07 20:55:00+03:00,15,OK,45.06466761110263,Acceptable,M,2
2026-07-07 21:00:00+03:00,15,OK,45.303756011683646,Acceptable,M,2
2026-07-07 21:05:00+03:00,15,OK,45.78975649393157,Acceptable,M,2
2026-07-07 21:10:00+03:00,15,OK,45.40264925409886,Acceptable,M,2
2026-07-07 21:15:00+03:00,15,OK,43.7758654667279,Acceptable,M,2
2026-07-07 21:20:00+03:00,15,OK,42.02399393559825,Acceptable,M,2
2026-07-07 21:25:00+03:00,15,OK,37.50000000000037,Acceptable,M,2
2026-07-07 21:30:00+03:00,15,OK,31.090498002900876,Acceptable,M,2
2026-07-07 21:35:00+03:00,15,OK,23.916419753086195,Favorable,M,2
2026-07-07 21:40:00+03:00,15,OK,18.702464353416133,Favorable,M,2
2026-07-07 21:45:00+03:00,15,OK,14.171840552940356,Favorable,M,2
2026-07-07 21:50:00+03:00,15,OK,12.444029850746269,Favorable,A;M;V,1
2026-07-07 21:55:00+03:00,15,OK,12.444029850746269,Favorable,A;M;V,1
2026-07-07 22:00:00+03:00,15,OK,14.828019761828642,Favorable,M,2
2026-07-07 22:05:00+03:00,15,OK,19.831350873061496,Favorable,M,2
2026-07-07 22:10:00+03:00,15,OK,23.625473251028787,Favorable,M,2
2026-07-07 22:15:00+03:00,15,OK,24.57783813443078,Favorable,M,2
2026-07-07 22:20:00+03:00,15,OK,26.281561531915756,Acceptable,M,2
2026-07-07 22:25:00+03:00,15,OK,27.731513724783596,Acceptable,M,2
2026-07-07 22:30:00+03:00,15,OK,28.887419769749453,Acceptable,M,2
2026-07-07 22:35:00+03:00,15,OK,30.01675669234525,Acceptable,M,2
2026-07-07 22:40:00+03:00,15,OK,32.09949841108997,Acceptable,M,2
2026-07-07 22:45:00+03:00,15,OK,34.31382087553559,Acceptable,M,2
2026-07-07 22:50:00+03:00,15,OK,36.1156101797811,Acceptable,M,2
2026-07-07 22:55:00+03:00,15,OK,37.03450817051148,Acceptable,M,2
2026-07-07 23:00:00+03:00,15,OK,37.5,Acceptable,A;M;V,1
2026-07-07 23:05:00+03:00,15,OK,37.5,Acceptable,A;M;V,1
2026-07-07 23:10:00+03:00,15,OK,37.5,Acceptable,A;M;V,1
2026-07-07 23:15:00+03:00,15,OK,37.5,Acceptable,A;M;V,1
2026-07-07 23:20:00+03:00,15,OK,37.5,Acceptable,A;M;V,1
2026-07-07 23:25:00+03:00,15,OK,37.5,Acceptable,A;M;V,1
2026-07-07 23:30:00+03:00,15,OK,37.5,Acceptable,M,1
2026-07-07 23:35:00+03:00,15,OK,37.5,Acceptable,M,1
2026-07-07 23:40:00+03:00,15,OK,37.5,Acceptable,M,1
2026-07-07 23:45:00+03:00,15,OK,37.5,Acceptable,M,1
2026-07-07 23:50:00+03:00,15,OK,37.5,Acceptable,M,1
2026-07-07 23:55:00+03:00,15,OK,37.5,Acceptable,M,1
2026-07-08 00:00:00+03:00,15,OK,37.50000000000001,Acceptable,M,1
2026-07-08 00:05:00+03:00,15,OK,37.5,Acceptable,M,1
2026-07-08 00:10:00+03:00,15,OK,37.5,Acceptable,M,1
2026-07-08 00:15:00+03:00,15,OK,37.5,Acceptable,M,1
2026-07-08 00:20:00+03:00,15,OK,36.264796683545505,Acceptable,M,2
2026-07-08 00:25:00+03:00,15,OK,35.14193517903458,Acceptable,M,2
2026-07-08 00:30:00+03:00,15,OK,37.5,Acceptable,M,1
2026-07-08 00:35:00+03:00,15,OK,37.50000000000001,Acceptable,M,1
2026-07-08 00:40:00+03:00,15,OK,37.49999999999999,Acceptable,M,1
2026-07-08 00:45:00+03:00,15,OK,32.69096606171187,Acceptable,M,2
2026-07-08 00:50:00+03:00,15,OK,30.82216246835999,Acceptable,M,2
2026-07-08 00:55:00+03:00,15,OK,29.025523182466547,Acceptable,M,2
2026-07-08 01:00:00+03:00,15,OK,26.857824134821822,Acceptable,M,2
2026-07-08 01:05:00+03:00,15,OK,24.98336213991763,Favorable,M,2
2026-07-08 01:10:00+03:00,15,OK,22.89464334705062,Favorable,M,2
2026-07-08 01:15:00+03:00,15,OK,21.11693072325358,Favorable,M,2
2026-07-08 01:20:00+03:00,15,OK,19.42494680911837,Favorable,M,2
2026-07-08 01:25:00+03:00,15,OK,18.15727660083924,Favorable,M,2
2026-07-08 01:30:00+03:00,15,OK,17.10655932374575,Favorable,M,2
2026-07-08 01:35:00+03:00,15,OK,16.253627393792613,Favorable,M,2
2026-07-08 01:40:00+03:00,15,OK,15.289396326483311,Favorable,M,2
2026-07-08 01:45:00+03:00,15,OK,14.511656311322488,Favorable,M,2
2026-07-08 01:50:00+03:00,15,OK,13.974533736411159,Favorable,M,2
2026-07-08 01:55:00+03:00,15,OK,13.273587854572462,Favorable,M,2
2026-07-08 02:00:00+03:00,15,OK,12.516012176337918,Favorable,M,2
2026-07-08 02:05:00+03:00,15,OK,12.444029850746269,Favorable,A;M;V,1
2026-07-08 02:10:00+03:00,15,OK,12.444029850746269,Favorable,A;M;V,1
2026-07-08 02:15:00+03:00,15,OK,12.444029850746269,Favorable,A;M;V,1
2026-07-08 02:20:00+03:00,15,OK,12.444029850746269,Favorable,A;M;V,1
2026-07-08 02:25:00+03:00,15,OK,12.444029850746269,Favorable,A;M;V,1
2026-07-08 02:30:00+03:00,15,OK,12.444029850746269,Favorable,A;M;V,1
2026-07-08 02:35:00+03:00,15,OK,12.444029850746269,Favorable,A;M;V,1
2026-07-08 02:40:00+03:00,15,OK,12.444029850746269,Favorable,A;M;V,1
2026-07-08 02:45:00+03:00,15,OK,12.444029850746269,Favorable,A;M;V,1
2026-07-08 02:50:00+03:00,15,OK,12.444029850746269,Favorable,A;M;V,1
2026-07-08 02:55:00+03:00,15,OK,12.444029850746269,Favorable,A;M;V,1
2026-07-08 03:00:00+03:00,15,OK,12.444029850746269,Favorable,A;M;V,1
2026-07-08 03:05:00+03:00,15,OK,12.444029850746269,Favorable,A;M;V,1
2026-07-08 03:10:00+03:00,15,OK,12.444029850746269,Favorable,A;M;V,1
2026-07-08 03:15:00+03:00,15,OK,12.444029850746269,Favorable,A;M;V,1
2026-07-08 03:20:00+03:00,15,OK,12.444029850746269,Favorable,A;M;V,1
2026-07-08 03:25:00+03:00,15,OK,12.444029850746269,Favorable,A;M;V,1
2026-07-08 03:30:00+03:00,15,OK,12.444029850746269,Favorable,A;M;V,1
2026-07-08 03:35:00+03:00,15,OK,12.444029850746269,Favorable,A;M;V,1
2026-07-08 03:40:00+03:00,15,OK,12.444029850746269,Favorable,A;M;V,1
2026-07-08 03:45:00+03:00,15,OK,12.444029850746269,Favorable,A;M;V,1
2026-07-08 03:50:00+03:00,15,OK,12.444029850746269,Favorable,A;M;V,1
2026-07-08 03:55:00+03:00,15,OK,12.444029850746269,Favorable,A;M;V,1
2026-07-08 04:00:00+03:00,15,OK,12.444029850746269,Favorable,A;M;V,1
2026-07-08 04:05:00+03:00,15,OK,12.444029850746269,Favorable,A;M;V,1
2026-07-08 04:10:00+03:00,15,OK,12.444029850746269,Favorable,A;M;V,1
2026-07-08 04:15:00+03:00,15,OK,12.444029850746269,Favorable,A;M;V,1
2026-07-08 04:20:00+03:00,15,OK,12.444029850746269,Favorable,A;M;V,1
2026-07-08 04:25:00+03:00,15,OK,12.444029850746269,Favorable,A;M;V,1
2026-07-08 04:30:00+03:00,15,OK,12.444029850746269,Favorable,A;M;V,1
2026-07-08 04:35:00+03:00,15,OK,12.444029850746269,Favorable,A;M;V,1
2026-07-08 04:40:00+03:00,15,OK,12.444029850746269,Favorable,A;M;V,1
2026-07-08 04:45:00+03:00,15,OK,12.444029850746269,Favorable,A;M;V,1
2026-07-08 04:50:00+03:00,15,OK,12.444029850746269,Favorable,A;M;V,1
2026-07-08 04:55:00+03:00,15,OK,12.444029850746269,Favorable,A;M;V,1
2026-07-08 05:00:00+03:00,15,OK,12.444029850746269,Favorable,A;M;V,1
2026-07-08 05:05:00+03:00,15,OK,12.444029850746269,Favorable,A;M;V,1
2026-07-08 05:10:00+03:00,15,OK,12.444029850746269,Favorable,A;M;V,1
2026-07-08 05:15:00+03:00,15,OK,12.639112503320867,Favorable,M,2
2026-07-08 05:20:00+03:00,15,OK,12.684264922135473,Favorable,M,2
2026-07-08 05:25:00+03:00,15,OK,12.444029850746269,Favorable,A;M;V,1
2026-07-08 05:30:00+03:00,15,OK,12.444029850746269,Favorable,A;M;V,1
2026-07-08 05:35:00+03:00,15,OK,12.444029850746269,Favorable,A;M;V,1
2026-07-08 05:40:00+03:00,15,OK,12.444029850746269,Favorable,A;M;V,1
2026-07-08 05:45:00+03:00,15,OK,12.444029850746269,Favorable,A;M;V,1
2026-07-08 05:50:00+03:00,15,OK,12.444029850746269,Favorable,A;M;V,1
2026-07-08 05:55:00+03:00,15,OK,12.444029850746269,Favorable,A;M;V,1
2026-07-08 06:00:00+03:00,15,OK,12.444029850746269,Favorable,A;M;V,1
2026-07-08 06:05:00+03:00,15,OK,12.444029850746269,Favorable,A;M;V,1
2026-07-08 06:10:00+03:00,15,OK,12.444029850746269,Favorable,A;M;V,1
2026-07-08 06:15:00+03:00,15,OK,12.444029850746269,Favorable,A;M;V,1
2026-07-08 06:20:00+03:00,15,OK,12.444029850746269,Favorable,A;M;V,1
2026-07-08 06:25:00+03:00,15,OK,12.444029850746269,Favorable,A;M;V,1
2026-07-08 06:30:00+03:00,15,OK,12.444029850746269,Favorable,A;M;V,1
2026-07-08 06:35:00+03:00,15,OK,12.444029850746269,Favorable,A;M;V,1
2026-07-08 06:40:00+03:00,15,OK,12.444029850746269,Favorable,A;M;V,1
2026-07-08 06:45:00+03:00,15,OK,12.444029850746269,Favorable,A;M;V,1
2026-07-08 06:50:00+03:00,15,OK,12.444029850746269,Favorable,A;M;V,1
2026-07-08 06:55:00+03:00,15,OK,12.444029850746269,Favorable,A;M;V,1
2026-07-08 07:00:00+03:00,15,OK,12.444029850746269,Favorable,A;M;V,1
2026-07-08 07:05:00+03:00,15,OK,12.444029850746269,Favorable,A;M;V,1
2026-07-08 07:10:00+03:00,15,OK,12.444029850746269,Favorable,A;M;V,1
2026-07-08 07:15:00+03:00,15,OK,12.444029850746269,Favorable,A;M;V,1
2026-07-08 07:20:00+03:00,15,OK,12.444029850746269,Favorable,A;M;V,1
2026-07-08 07:25:00+03:00,15,OK,12.444029850746269,Favorable,A;M;V,1
2026-07-08 07:30:00+03:00,15,OK,12.444029850746269,Favorable,A;M;V,1
2026-07-08 07:35:00+03:00,15,OK,12.444029850746269,Favorable,A;M;V,1
2026-07-08 07:40:00+03:00,15,OK,12.444029850746269,Favorable,A;M;V,1
2026-07-08 07:45:00+03:00,15,OK,12.444029850746269,Favorable,A;M;V,1
2026-07-08 07:50:00+03:00,15,OK,12.444029850746269,Favorable,A;M;V,1
2026-07-08 07:55:00+03:00,15,OK,12.444029850746269,Favorable,A;M;V,1
2026-07-08 08:00:00+03:00,15,OK,12.444029850746269,Favorable,A;M;V,1
2026-07-08 08:05:00+03:00,15,OK,13.78948702821168,Favorable,M,2
2026-07-08 08:10:00+03:00,15,OK,15.252040735303236,Favorable,M,2
2026-07-08 08:15:00+03:00,15,OK,15.791617351283094,Favorable,M,2
2026-07-08 08:20:00+03:00,15,OK,16.557743327617498,Favorable,M,2
2026-07-08 08:25:00+03:00,15,OK,17.267694583860873,Favorable,M,2
2026-07-08 08:30:00+03:00,15,OK,18.137502422827634,Favorable,M,2
2026-07-08 08:35:00+03:00,15,OK,18.747946993814402,Favorable,M,2
2026-07-08 08:40:00+03:00,15,OK,19.91805986630594,Favorable,M,2
2026-07-08 08:45:00+03:00,15,OK,21.597901528859428,Favorable,M,2
2026-07-08 08:50:00+03:00,15,OK,24.515908093278412,Favorable,M,2
2026-07-08 08:55:00+03:00,15,OK,26.727194160424332,Acceptable,M,2
2026-07-08 09:00:00+03:00,15,OK,28.34253875106565,Acceptable,M,2
2026-07-08 09:05:00+03:00,15,OK,29.297316359174594,Acceptable,M,2
2026-07-08 09:10:00+03:00,15,OK,30.474183361725675,Acceptable,M,2
2026-07-08 09:15:00+03:00,15,OK,31.861106592284496,Acceptable,M,2
2026-07-08 09:20:00+03:00,15,OK,32.65782877593393,Acceptable,M,2
2026-07-08 09:25:00+03:00,15,OK,34.26357470614886,Acceptable,M,2
2026-07-08 09:30:00+03:00,15,OK,35.89516403318549,Acceptable,M,2
2026-07-08 09:35:00+03:00,15,OK,37.29806346593443,Acceptable,M,2
2026-07-08 09:40:00+03:00,15,OK,37.5,Acceptable,A;M;V,1
2026-07-08 09:45:00+03:00,15,OK,37.5,Acceptable,A;M;V,1
2026-07-08 09:50:00+03:00,15,OK,37.5,Acceptable,A;M;V,1
2026-07-08 09:55:00+03:00,15,OK,37.5,Acceptable,A;M;V,1
2026-07-08 10:00:00+03:00,15,OK,37.5,Acceptable,A;M;V,1
2026-07-08 10:05:00+03:00,15,OK,37.5,Acceptable,A;M;V,1
2026-07-08 10:10:00+03:00,15,OK,37.5,Acceptable,A;M;V,1
2026-07-08 10:15:00+03:00,15,OK,37.5,Acceptable,A;M;V,1
2026-07-08 10:20:00+03:00,15,OK,37.5,Acceptable,A;M;V,1
2026-07-08 10:25:00+03:00,15,OK,37.5,Acceptable,A;M;V,1
2026-07-08 10:30:00+03:00,15,OK,37.5,Acceptable,M,1
2026-07-08 10:35:00+03:00,15,OK,37.5,Acceptable,M,1
2026-07-08 10:40:00+03:00,15,OK,37.49999999999999,Acceptable,M,1
2026-07-08 10:45:00+03:00,15,OK,37.5,Acceptable,M,1
2026-07-08 10:50:00+03:00,15,OK,37.50000000000001,Acceptable,M,1
2026-07-08 10:55:00+03:00,15,OK,37.5,Acceptable,M,1
2026-07-08 11:00:00+03:00,15,OK,37.5,Acceptable,M,1
2026-07-08 11:05:00+03:00,15,OK,37.5,Acceptable,M,1
2026-07-08 11:10:00+03:00,15,OK,37.5,Acceptable,M,1
2026-07-08 11:15:00+03:00,15,OK,37.5,Acceptable,M,1
2026-07-08 11:20:00+03:00,15,OK,37.5,Acceptable,M,1
2026-07-08 11:25:00+03:00,15,OK,37.49999999999999,Acceptable,M,1
2026-07-08 11:30:00+03:00,15,OK,37.49999999999999,Acceptable,M,1
2026-07-08 11:35:00+03:00,15,OK,37.49999999999999,Acceptable,M,1
2026-07-08 11:40:00+03:00,15,OK,35.09088702042575,Acceptable,M,2
2026-07-08 11:45:00+03:00,15,OK,37.922258680887595,Acceptable,M,2
2026-07-08 11:50:00+03:00,15,OK,40.11620060422016,Acceptable,M,2
2026-07-08 11:55:00+03:00,15,OK,40.706444322705394,Acceptable,M,2
2026-07-08 12:00:00+03:00,15,OK,40.604579214057175,Acceptable,M,2
2026-07-08 12:05:00+03:00,15,OK,40.89137364361539,Acceptable,M,2
2026-07-08 12:10:00+03:00,15,OK,40.00145674140187,Acceptable,M,2
2026-07-08 12:15:00+03:00,15,OK,37.02215952996308,Acceptable,M,2
2026-07-08 12:20:00+03:00,15,OK,31.295935090983,Acceptable,M,2
2026-07-08 12:25:00+03:00,15,OK,25.459926510534544,Acceptable,M,2
2026-07-08 12:30:00+03:00,15,OK,20.548978156530797,Favorable,M,2
2026-07-08 12:35:00+03:00,15,OK,17.39631755764468,Favorable,M,2
2026-07-08 12:40:00+03:00,15,OK,16.549757117240627,Favorable,M,2
2026-07-08 12:45:00+03:00,15,OK,15.441536763053298,Favorable,M,2
2026-07-08 12:50:00+03:00,15,OK,15.753494308325536,Favorable,M,2
2026-07-08 12:55:00+03:00,15,OK,16.078967232772982,Favorable,M,2
2026-07-08 13:00:00+03:00,15,OK,17.925923574022704,Favorable,M,2
2026-07-08 13:05:00+03:00,15,OK,20.540564222843088,Favorable,M,2
2026-07-08 13:10:00+03:00,15,OK,22.295432098765435,Favorable,M,2
2026-07-08 13:15:00+03:00,15,OK,24.332057613168473,Favorable,M,2
2026-07-08 13:20:00+03:00,15,OK,25.336439690253258,Acceptable,M,2
2026-07-08 13:25:00+03:00,15,OK,26.110491769804913,Acceptable,M,2
2026-07-08 13:30:00+03:00,15,OK,26.761395643022045,Acceptable,M,2
2026-07-08 13:35:00+03:00,15,OK,27.651787273727642,Acceptable,M,2
2026-07-08 13:40:00+03:00,15,OK,29.752710261868632,Acceptable,M,2
2026-07-08 13:45:00+03:00,15,PARTIAL,12.444029850746269,Favorable,A;V,1
2026-07-08 13:50:00+03:00,15,PARTIAL,12.444029850746269,Favorable,A;V,1
2026-07-08 13:55:00+03:00,15,PARTIAL,12.444029850746269,Favorable,A;V,1
2026-07-08 14:00:00+03:00,15,PARTIAL,12.444029850746269,Favorable,A;V,1
2026-07-08 14:05:00+03:00,15,PARTIAL,12.444029850746269,Favorable,A;V,1
2026-07-08 14:10:00+03:00,15,FAILED,,,,
2026-07-08 14:15:00+03:00,15,FAILED,,,,
2026-07-08 14:20:00+03:00,15,FAILED,,,,
2026-07-08 14:25:00+03:00,15,FAILED,,,,
2026-07-08 14:30:00+03:00,15,FAILED,,,,
2026-07-08 14:35:00+03:00,15,FAILED,,,,
2026-07-08 14:40:00+03:00,15,PARTIAL,12.444029850746269,Favorable,A;V,1
2026-07-08 14:45:00+03:00,15,PARTIAL,12.444029850746269,Favorable,A;V,1
2026-07-08 14:50:00+03:00,15,PARTIAL,12.444029850746269,Favorable,A;V,1
2026-07-08 14:55:00+03:00,15,PARTIAL,12.444029850746269,Favorable,A;V,1
2026-07-08 15:00:00+03:00,15,PARTIAL,12.444029850746269,Favorable,A;V,1
2026-07-08 15:05:00+03:00,15,PARTIAL,12.444029850746269,Favorable,A;V,1
2026-07-08 15:10:00+03:00,15,PARTIAL,12.444029850746269,Favorable,A;V,1
2026-07-08 15:15:00+03:00,15,PARTIAL,12.444029850746269,Favorable,A;V,1
2026-07-08 15:20:00+03:00,15,PARTIAL,12.444029850746269,Favorable,A;V,1
2026-07-08 15:25:00+03:00,15,PARTIAL,12.444029850746269,Favorable,A;V,1
2026-07-08 15:30:00+03:00,15,PARTIAL,12.444029850746269,Favorable,A;V,1
2026-07-08 15:35:00+03:00,15,PARTIAL,12.444029850746269,Favorable,A;V,1
2026-07-08 15:40:00+03:00,15,PARTIAL,12.444029850746269,Favorable,A;V,1
2026-07-08 15:45:00+03:00,15,PARTIAL,12.444029850746269,Favorable,A;V,1
2026-07-08 15:50:00+03:00,15,PARTIAL,12.444029850746269,Favorable,A;V,1
2026-07-08 15:55:00+03:00,15,PARTIAL,12.444029850746269,Favorable,A;V,1
2026-07-08 16:00:00+03:00,15,PARTIAL,12.444029850746269,Favorable,A;V,1
2026-07-08 16:05:00+03:00,15,PARTIAL,12.444029850746269,Favorable,A;V,1
2026-07-08 16:10:00+03:00,15,PARTIAL,12.444029850746269,Favorable,A;V,1
2026-07-08 16:15:00+03:00,15,PARTIAL,12.444029850746269,Favorable,A;V,1
2026-07-08 16:20:00+03:00,15,PARTIAL,12.444029850746269,Favorable,A;V,1
2026-07-08 16:25:00+03:00,15,PARTIAL,12.444029850746269,Favorable,A;V,1
2026-07-08 16:30:00+03:00,15,PARTIAL,12.444029850746269,Favorable,A;V,1
2026-07-08 16:35:00+03:00,15,PARTIAL,12.444029850746269,Favorable,A;V,1
2026-07-08 16:40:00+03:00,15,PARTIAL,12.444029850746269,Favorable,A;V,1
2026-07-08 16:45:00+03:00,15,PARTIAL,12.444029850746269,Favorable,A;V,1
2026-07-08 16:50:00+03:00,15,PARTIAL,12.444029850746269,Favorable,A;V,1
2026-07-08 16:55:00+03:00,15,PARTIAL,12.444029850746269,Favorable,A;V,1
2026-07-08 17:00:00+03:00,15,PARTIAL,12.444029850746269,Favorable,A;V,1
2026-07-08 17:05:00+03:00,15,PARTIAL,12.444029850746269,Favorable,A;V,1
2026-07-08 17:10:00+03:00,15,PARTIAL,12.444029850746269,Favorable,A;V,1
2026-07-08 17:15:00+03:00,15,PARTIAL,12.444029850746269,Favorable,A;V,1
2026-07-08 17:20:00+03:00,15,PARTIAL,12.444029850746269,Favorable,A;V,1
2026-07-08 17:25:00+03:00,15,PARTIAL,12.444029850746269,Favorable,A;V,1
2026-07-08 17:30:00+03:00,15,PARTIAL,12.444029850746269,Favorable,A;V,1
2026-07-08 17:35:00+03:00,15,PARTIAL,12.444029850746269,Favorable,A;V,1
2026-07-08 17:40:00+03:00,15,PARTIAL,12.444029850746269,Favorable,A;V,1
2026-07-08 17:45:00+03:00,15,PARTIAL,12.444029850746269,Favorable,A;V,1
2026-07-08 17:50:00+03:00,15,PARTIAL,12.444029850746269,Favorable,A;V,1
2026-07-08 17:55:00+03:00,15,PARTIAL,12.444029850746269,Favorable,A;V,1
2026-07-08 18:00:00+03:00,15,OK,23.49662551440331,Favorable,M,2
2026-07-08 18:05:00+03:00,15,OK,27.432840584089416,Acceptable,M,2
2026-07-08 18:10:00+03:00,15,OK,31.042435522943897,Acceptable,M,2
2026-07-08 18:15:00+03:00,15,OK,32.08521068839262,Acceptable,M,2
2026-07-08 18:20:00+03:00,15,OK,31.59067313647411,Acceptable,M,2
2026-07-08 18:25:00+03:00,15,OK,31.652158297335596,Acceptable,M,2
2026-07-08 18:30:00+03:00,15,OK,33.07719237250461,Acceptable,M,2
2026-07-08 18:35:00+03:00,15,OK,34.77624101065731,Acceptable,M,2
2026-07-08 18:40:00+03:00,15,OK,36.305109062759584,Acceptable,M,2
2026-07-08 18:45:00+03:00,15,OK,37.06602651273717,Acceptable,M,2
2026-07-08 18:50:00+03:00,15,OK,40.528236764326714,Acceptable,M,2
2026-07-08 18:55:00+03:00,15,OK,41.948642724111124,Acceptable,M,2
2026-07-08 19:00:00+03:00,15,OK,40.866146934460815,Acceptable,M,2
2026-07-08 19:05:00+03:00,15,OK,37.5,Acceptable,M,1
2026-07-08 19:10:00+03:00,15,OK,35.97143630282774,Acceptable,M,2
2026-07-08 19:15:00+03:00,15,OK,32.90556217238353,Acceptable,M,2
2026-07-08 19:20:00+03:00,15,OK,31.03614713903113,Acceptable,M,2
2026-07-08 19:25:00+03:00,15,OK,30.00924240956236,Acceptable,M,2
2026-07-08 19:30:00+03:00,15,OK,28.590079984587426,Acceptable,M,2
2026-07-08 19:35:00+03:00,15,OK,27.65459126429342,Acceptable,M,2
2026-07-08 19:40:00+03:00,15,OK,27.065541520699796,Acceptable,M,2
2026-07-08 19:45:00+03:00,15,OK,25.470354844969073,Acceptable,M,2
2026-07-08 19:50:00+03:00,15,OK,23.354061728395042,Favorable,M,2
2026-07-08 19:55:00+03:00,15,OK,20.8622175027808,Favorable,M,2
2026-07-08 20:00:00+03:00,15,OK,18.42566195651852,Favorable,M,2
2026-07-08 20:05:00+03:00,15,OK,16.49285251828145,Favorable,M,2
2026-07-08 20:10:00+03:00,15,OK,15.069850374932082,Favorable,M,2
2026-07-08 20:15:00+03:00,15,OK,13.632557391451162,Favorable,M,2
2026-07-08 20:20:00+03:00,15,OK,12.444029850746269,Favorable,A;M;V,1
2026-07-08 20:25:00+03:00,15,OK,12.444029850746269,Favorable,A;M;V,1
2026-07-08 20:30:00+03:00,15,OK,12.444029850746269,Favorable,A;M;V,1
2026-07-08 20:35:00+03:00,15,OK,12.444029850746269,Favorable,A;M;V,1
2026-07-08 20:40:00+03:00,15,OK,12.444029850746269,Favorable,A;M;V,1
2026-07-08 20:45:00+03:00,15,OK,12.444029850746269,Favorable,A;M;V,1
2026-07-08 20:50:00+03:00,15,OK,12.444029850746269,Favorable,A;M;V,1
2026-07-08 20:55:00+03:00,15,OK,12.444029850746269,Favorable,A;M;V,1
2026-07-08 21:00:00+03:00,15,OK,12.444029850746269,Favorable,A;M;V,1
2026-07-08 21:05:00+03:00,15,OK,12.444029850746269,Favorable,A;M;V,1
2026-07-08 21:10:00+03:00,15,OK,12.444029850746269,Favorable,A;M;V,1
2026-07-08 21:15:00+03:00,15,OK,12.444029850746269,Favorable,A;M;V,1
2026-07-08 21:20:00+03:00,15,OK,12.444029850746269,Favorable,A;M;V,1
2026-07-08 21:25:00+03:00,15,OK,12.444029850746269,Favorable,A;M;V,1
2026-07-08 21:30:00+03:00,15,OK,12.444029850746269,Favorable,A;M;V,1
2026-07-08 21:35:00+03:00,15,OK,12.444029850746269,Favorable,A;M;V,1
2026-07-08 21:40:00+03:00,15,OK,12.444029850746269,Favorable,A;M;V,1
2026-07-08 21:45:00+03:00,15,OK,12.444029850746269,Favorable,A;M;V,1
2026-07-08 21:50:00+03:00,15,OK,12.444029850746269,Favorable,A;M;V,1
2026-07-08 21:55:00+03:00,15,OK,12.444029850746269,Favorable,A;M;V,1
2026-07-08 22:00:00+03:00,15,OK,12.444029850746269,Favorable,A;M;V,1
2026-07-08 22:05:00+03:00,15,OK,12.444029850746269,Favorable,A;M;V,1
2026-07-08 22:10:00+03:00,15,OK,12.444029850746269,Favorable,A;M;V,1
2026-07-08 22:15:00+03:00,15,OK,12.444029850746269,Favorable,A;M;V,1
2026-07-08 22:20:00+03:00,15,OK,12.444029850746269,Favorable,A;M;V,1
2026-07-08 22:25:00+03:00,15,OK,12.444029850746269,Favorable,A;M;V,1
2026-07-08 22:30:00+03:00,15,OK,12.444029850746269,Favorable,A;M;V,1
2026-07-08 22:35:00+03:00,15,OK,12.444029850746269,Favorable,A;M;V,1
2026-07-08 22:40:00+03:00,15,OK,12.444029850746269,Favorable,A;M;V,1
2026-07-08 22:45:00+03:00,15,OK,12.444029850746269,Favorable,A;M;V,1
2026-07-08 22:50:00+03:00,15,OK,12.444029850746269,Favorable,A;M;V,1
2026-07-08 22:55:00+03:00,15,OK,12.444029850746269,Favorable,A;M;V,1
2026-07-08 23:00:00+03:00,15,OK,12.444029850746269,Favorable,A;M;V,1
2026-07-08 23:05:00+03:00,15,OK,12.444029850746269,Favorable,A;M;V,1
2026-07-08 23:10:00+03:00,15,OK,12.444029850746269,Favorable,A;M;V,1
2026-07-08 23:15:00+03:00,15,OK,12.662563209815154,Favorable,V,2
2026-07-08 23:20:00+03:00,15,OK,12.606379299726637,Favorable,V,2
2026-07-08 23:25:00+03:00,15,OK,12.444029850746269,Favorable,A;M;V,1
2026-07-08 23:30:00+03:00,15,OK,13.703784663572314,Favorable,V,2
2026-07-08 23:35:00+03:00,15,OK,20.48527127952451,Favorable,V,2
2026-07-08 23:40:00+03:00,15,OK,23.531657848324524,Favorable,V,2
2026-07-08 23:45:00+03:00,15,OK,19.691674080978405,Favorable,V,4
2026-07-08 23:50:00+03:00,15,OK,22.095925925926043,Favorable,M,2
2026-07-08 23:55:00+03:00,15,OK,26.258769185165924,Acceptable,M,2
2026-07-09 00:00:00+03:00,15,OK,29.810102111874254,Acceptable,M,2
2026-07-09 00:05:00+03:00,15,OK,31.467674158825808,Acceptable,M,2
2026-07-09 00:10:00+03:00,15,OK,30.3678990639394,Acceptable,M,2
2026-07-09 00:15:00+03:00,15,OK,26.885023258572208,Acceptable,M,2
2026-07-09 00:20:00+03:00,15,OK,22.794197530863933,Favorable,M,2
2026-07-09 00:25:00+03:00,15,OK,20.574219624998495,Favorable,M,2
2026-07-09 00:30:00+03:00,15,OK,19.050424205068513,Favorable,M,2
2026-07-09 00:35:00+03:00,15,OK,18.071062448668933,Favorable,M,2
2026-07-09 00:40:00+03:00,15,OK,16.849172639662473,Favorable,M,2
2026-07-09 00:45:00+03:00,15,OK,15.847726964848164,Favorable,M,2
2026-07-09 00:50:00+03:00,15,OK,14.981044934567793,Favorable,M,2
2026-07-09 00:55:00+03:00,15,OK,14.563577618296511,Favorable,M,2
2026-07-09 01:00:00+03:00,15,OK,14.285044996739959,Favorable,M,2
2026-07-09 01:05:00+03:00,15,OK,13.60537961371208,Favorable,M,2
2026-07-09 01:10:00+03:00,15,OK,12.706256838754735,Favorable,M,2
2026-07-09 01:15:00+03:00,15,OK,12.444029850746269,Favorable,A;M;V,1
2026-07-09 01:20:00+03:00,15,OK,12.444029850746269,Favorable,A;M;V,1
2026-07-09 01:25:00+03:00,15,OK,12.444029850746269,Favorable,A;M;V,1
2026-07-09 01:30:00+03:00,15,OK,12.444029850746269,Favorable,A;M;V,1
2026-07-09 01:35:00+03:00,15,OK,12.444029850746269,Favorable,A;M;V,1
2026-07-09 01:40:00+03:00,15,OK,12.444029850746269,Favorable,A;M;V,1
2026-07-09 01:45:00+03:00,15,OK,12.444029850746269,Favorable,A;M;V,1
2026-07-09 01:50:00+03:00,15,OK,12.444029850746269,Favorable,A;M;V,1
2026-07-09 01:55:00+03:00,15,OK,12.444029850746269,Favorable,A;M;V,1
2026-07-09 02:00:00+03:00,15,OK,12.444029850746269,Favorable,A;M;V,1
2026-07-09 02:05:00+03:00,15,OK,12.444029850746269,Favorable,A;M;V,1
2026-07-09 02:10:00+03:00,15,OK,12.444029850746269,Favorable,A;M;V,1
2026-07-09 02:15:00+03:00,15,OK,12.444029850746269,Favorable,A;M;V,1
2026-07-09 02:20:00+03:00,15,OK,12.487745219972247,Favorable,M,2
2026-07-09 02:25:00+03:00,15,OK,14.311164948931161,Favorable,M,2
2026-07-09 02:30:00+03:00,15,OK,14.859324713642115,Favorable,M,2
2026-07-09 02:35:00+03:00,15,OK,14.258923488369186,Favorable,M,2
2026-07-09 02:40:00+03:00,15,OK,13.587938441765608,Favorable,M,2
2026-07-09 02:45:00+03:00,15,OK,13.404764271278408,Favorable,M,2
2026-07-09 02:50:00+03:00,15,OK,13.273878754742235,Favorable,M,2
2026-07-09 02:55:00+03:00,15,OK,13.230241574708874,Favorable,M,2
2026-07-09 03:00:00+03:00,15,OK,13.308785375600001,Favorable,M,2
2026-07-09 03:05:00+03:00,15,OK,12.802367525022744,Favorable,M,2
2026-07-09 03:10:00+03:00,15,OK,12.53145623984376,Favorable,M,2
2026-07-09 03:15:00+03:00,15,OK,12.444029850746269,Favorable,A;M;V,1
2026-07-09 03:20:00+03:00,15,OK,12.444029850746269,Favorable,A;M;V,1
2026-07-09 03:25:00+03:00,15,OK,12.444029850746269,Favorable,A;M;V,1
2026-07-09 03:30:00+03:00,15,OK,12.444029850746269,Favorable,A;M;V,1
2026-07-09 03:35:00+03:00,15,OK,12.444029850746269,Favorable,A;M;V,1
2026-07-09 03:40:00+03:00,15,OK,12.444029850746269,Favorable,A;M;V,1
2026-07-09 03:45:00+03:00,15,OK,12.444029850746269,Favorable,A;M;V,1
2026-07-09 03:50:00+03:00,15,OK,12.575162911008187,Favorable,M,2
2026-07-09 03:55:00+03:00,15,OK,13.108034388588091,Favorable,M,2
2026-07-09 04:00:00+03:00,15,OK,13.518166820707473,Favorable,M,2
2026-07-09 04:05:00+03:00,15,OK,14.232800423679771,Favorable,M,2
2026-07-09 04:10:00+03:00,15,OK,14.59838175495726,Favorable,M,2
2026-07-09 04:15:00+03:00,15,OK,15.024508247681595,Favorable,M,2
2026-07-09 04:20:00+03:00,15,OK,15.328630745173987,Favorable,M,2
2026-07-09 04:25:00+03:00,15,OK,16.053277943872985,Favorable,M,2
2026-07-09 04:30:00+03:00,15,OK,16.780747007841455,Favorable,M,2
2026-07-09 04:35:00+03:00,15,OK,17.9173849792674,Favorable,M,2
2026-07-09 04:40:00+03:00,15,OK,18.932485817976037,Favorable,M,2
2026-07-09 04:45:00+03:00,15,OK,20.145046800715665,Favorable,M,2
2026-07-09 04:50:00+03:00,15,OK,20.89390171601743,Favorable,M,2
2026-07-09 04:55:00+03:00,15,OK,21.642317722482083,Favorable,M,2
2026-07-09 05:00:00+03:00,15,OK,22.61962962962995,Favorable,M,2
2026-07-09 05:05:00+03:00,15,OK,23.642098765432156,Favorable,M,2
2026-07-09 05:10:00+03:00,15,OK,24.28218106995889,Favorable,M,2
2026-07-09 05:15:00+03:00,15,OK,24.44012345679027,Favorable,M,2
2026-07-09 05:20:00+03:00,15,OK,24.223991769547386,Favorable,M,2
2026-07-09 05:25:00+03:00,15,OK,24.19905349794269,Favorable,M,2
2026-07-09 05:30:00+03:00,15,OK,23.833292181069982,Favorable,M,2
2026-07-09 05:35:00+03:00,15,OK,23.57559670781855,Favorable,M,2
2026-07-09 05:40:00+03:00,15,OK,23.50909465020548,Favorable,M,2
2026-07-09 05:45:00+03:00,15,OK,23.75847736625464,Favorable,M,2
2026-07-09 05:50:00+03:00,15,OK,24.539876543209974,Favorable,M,2
2026-07-09 05:55:00+03:00,15,OK,25.468159398912135,Acceptable,M,2
2026-07-09 06:00:00+03:00,15,OK,26.102254651082173,Acceptable,M,2
2026-07-09 06:05:00+03:00,15,OK,26.26700733485042,Acceptable,M,2
2026-07-09 06:10:00+03:00,15,OK,26.4070641827128,Acceptable,M,2
2026-07-09 06:15:00+03:00,15,OK,27.28071374911046,Acceptable,M,2
2026-07-09 06:20:00+03:00,15,OK,27.503344657938634,Acceptable,M,2
2026-07-09 06:25:00+03:00,15,OK,27.92397781278615,Acceptable,M,2
2026-07-09 06:30:00+03:00,15,OK,28.327815191700918,Acceptable,M,2
2026-07-09 06:35:00+03:00,15,OK,29.039853853536876,Acceptable,M,2
2026-07-09 06:40:00+03:00,15,OK,29.23642215998499,Acceptable,M,2
2026-07-09 06:45:00+03:00,15,OK,28.95796876082161,Acceptable,M,2
2026-07-09 06:50:00+03:00,15,OK,28.91703026525408,Acceptable,M,2
2026-07-09 06:55:00+03:00,15,OK,28.6387200902115,Acceptable,M,2
2026-07-09 07:00:00+03:00,15,OK,28.376895081934556,Acceptable,M,2
2026-07-09 07:05:00+03:00,15,OK,28.60598592129779,Acceptable,M,2
2026-07-09 07:10:00+03:00,15,OK,28.818788892076263,Acceptable,M,2
2026-07-09 07:15:00+03:00,15,OK,29.1135596742434,Acceptable,M,2
2026-07-09 07:20:00+03:00,15,OK,28.917030265254258,Acceptable,M,2
2026-07-09 07:25:00+03:00,15,OK,28.581436427838945,Acceptable,M,2
2026-07-09 07:30:00+03:00,15,OK,28.777859575997603,Acceptable,M,2
2026-07-09 07:35:00+03:00,15,OK,29.474025267006308,Acceptable,M,2
2026-07-09 07:40:00+03:00,15,OK,31.932977196671843,Acceptable,M,2
2026-07-09 07:45:00+03:00,15,OK,36.25750655347214,Acceptable,M,2
2026-07-09 07:50:00+03:00,15,OK,43.168253341883435,Acceptable,M,2
2026-07-09 07:55:00+03:00,15,OK,51.00530605439434,Degraded,M,2
2026-07-09 08:00:00+03:00,15,OK,58.89850095753845,Degraded,M,2
2026-07-09 08:05:00+03:00,15,OK,62.5,Degraded,A;M;V,1
2026-07-09 08:10:00+03:00,15,OK,62.5,Degraded,A;M;V,1
2026-07-09 08:15:00+03:00,15,OK,62.5,Degraded,A;M;V,1
2026-07-09 08:20:00+03:00,15,OK,62.5,Degraded,A;M;V,1
2026-07-09 08:25:00+03:00,15,OK,62.5,Degraded,A;M;V,1
2026-07-09 08:30:00+03:00,15,OK,56.875187551690765,Degraded,V,4
2026-07-09 08:35:00+03:00,15,OK,47.0062231296258,Acceptable,M,2
2026-07-09 08:40:00+03:00,15,OK,40.570653162012704,Acceptable,M,2
2026-07-09 08:45:00+03:00,15,OK,37.5,Acceptable,M,2
2026-07-09 08:50:00+03:00,15,OK,37.5,Acceptable,M,2
2026-07-09 08:55:00+03:00,15,OK,37.50000000000001,Acceptable,M,2
2026-07-09 09:00:00+03:00,15,OK,37.50000000000001,Acceptable,M,2
2026-07-09 09:05:00+03:00,15,OK,37.5,Acceptable,M,2
2026-07-09 09:10:00+03:00,15,OK,33.876426243905755,Acceptable,M,4
2026-07-09 09:15:00+03:00,15,OK,31.74252580499252,Acceptable,M,4
2026-07-09 09:20:00+03:00,15,OK,30.407530247132787,Acceptable,M,4
2026-07-09 09:25:00+03:00,15,OK,29.015287191411478,Acceptable,V,4
2026-07-09 09:30:00+03:00,15,OK,28.261057665140996,Acceptable,V,4
2026-07-09 09:35:00+03:00,15,OK,28.331320769377474,Acceptable,V,4
2026-07-09 09:40:00+03:00,15,OK,29.266849008098756,Acceptable,V,4
2026-07-09 09:45:00+03:00,15,OK,29.88155652003765,Acceptable,V,2
2026-07-09 09:50:00+03:00,15,OK,31.19496895421364,Acceptable,V,2
2026-07-09 09:55:00+03:00,15,OK,31.347598524347557,Acceptable,V,2
2026-07-09 10:00:00+03:00,15,OK,31.26540871596983,Acceptable,V,2
2026-07-09 10:05:00+03:00,15,OK,31.241927908749535,Acceptable,V,2
2026-07-09 10:10:00+03:00,15,OK,32.47941720082441,Acceptable,V,2
2026-07-09 10:15:00+03:00,15,OK,33.77836564637927,Acceptable,V,2
2026-07-09 10:20:00+03:00,15,OK,35.56847710507076,Acceptable,V,2
2026-07-09 10:25:00+03:00,15,OK,36.64135820668406,Acceptable,V,2
2026-07-09 10:30:00+03:00,15,OK,37.5,Acceptable,A;M;V,1
2026-07-09 10:35:00+03:00,15,OK,37.5,Acceptable,A;M;V,1
2026-07-09 10:40:00+03:00,15,OK,37.5,Acceptable,A;M;V,1
2026-07-09 10:45:00+03:00,15,OK,37.5,Acceptable,A;M;V,1
2026-07-09 10:50:00+03:00,15,OK,37.5,Acceptable,A;M;V,1
2026-07-09 10:55:00+03:00,15,OK,37.5,Acceptable,A;M;V,1
2026-07-09 11:00:00+03:00,15,OK,37.5,Acceptable,A;M;V,1
2026-07-09 11:05:00+03:00,15,OK,37.5,Acceptable,A;M;V,1
2026-07-09 11:10:00+03:00,15,OK,37.5,Acceptable,A;M;V,1
2026-07-09 11:15:00+03:00,15,OK,37.5,Acceptable,A;M;V,1
2026-07-09 11:20:00+03:00,15,OK,36.33024909932601,Acceptable,V,2
2026-07-09 11:25:00+03:00,15,OK,30.719709194108876,Acceptable,V,2
2026-07-09 11:30:00+03:00,15,OK,25.394065355173275,Acceptable,V,2
2026-07-09 11:35:00+03:00,15,OK,21.098167908762402,Favorable,V,2
2026-07-09 11:40:00+03:00,15,OK,18.044232504553072,Favorable,V,2
2026-07-09 11:45:00+03:00,15,OK,15.102731345998052,Favorable,V,2
2026-07-09 11:50:00+03:00,15,OK,12.837311651499311,Favorable,V,2
2026-07-09 11:55:00+03:00,15,OK,12.444029850746269,Favorable,A;M;V,1
2026-07-09 12:00:00+03:00,15,OK,12.444029850746269,Favorable,A;M;V,1
2026-07-09 12:05:00+03:00,15,OK,12.444029850746269,Favorable,A;M;V,1
2026-07-09 12:10:00+03:00,15,OK,12.444029850746269,Favorable,A;M;V,1
2026-07-09 12:15:00+03:00,15,OK,12.444029850746269,Favorable,A;M;V,1
2026-07-09 12:20:00+03:00,15,OK,12.444029850746269,Favorable,A;M;V,1
2026-07-09 12:25:00+03:00,15,OK,12.444029850746269,Favorable,A;M;V,1
2026-07-09 12:30:00+03:00,15,OK,12.444029850746269,Favorable,A;M;V,1
2026-07-09 12:35:00+03:00,15,OK,12.444029850746269,Favorable,A;M;V,1
2026-07-09 12:40:00+03:00,15,OK,12.444029850746269,Favorable,A;M;V,1
2026-07-09 12:45:00+03:00,15,OK,12.444029850746269,Favorable,A;M;V,1
2026-07-09 12:50:00+03:00,15,OK,12.444029850746269,Favorable,A;M;V,1
2026-07-09 12:55:00+03:00,15,OK,12.444029850746269,Favorable,A;M;V,1
2026-07-09 13:00:00+03:00,15,OK,12.444029850746269,Favorable,A;M;V,1
2026-07-09 13:05:00+03:00,15,OK,12.444029850746269,Favorable,A;M;V,1
2026-07-09 13:10:00+03:00,15,OK,12.444029850746269,Favorable,A;M;V,1
2026-07-09 13:15:00+03:00,15,OK,12.444029850746269,Favorable,A;M;V,1
2026-07-09 13:20:00+03:00,15,OK,12.444029850746269,Favorable,A;M;V,1
2026-07-09 13:25:00+03:00,15,OK,12.444029850746269,Favorable,A;M;V,1
2026-07-09 13:30:00+03:00,15,OK,12.444029850746269,Favorable,A;M;V,1
2026-07-09 13:35:00+03:00,15,OK,12.444029850746269,Favorable,A;M;V,1
2026-07-09 13:40:00+03:00,15,OK,12.444029850746269,Favorable,A;M;V,1
2026-07-09 13:45:00+03:00,15,OK,12.444029850746269,Favorable,A;M;V,1
2026-07-09 13:50:00+03:00,15,OK,12.444029850746269,Favorable,A;M;V,1
2026-07-09 13:55:00+03:00,15,OK,12.444029850746269,Favorable,A;M;V,1
2026-07-09 14:00:00+03:00,15,OK,12.444029850746269,Favorable,A;M;V,1
2026-07-09 14:05:00+03:00,15,OK,12.444029850746269,Favorable,A;M;V,1
2026-07-09 14:10:00+03:00,15,OK,12.444029850746269,Favorable,A;M;V,1
2026-07-09 14:15:00+03:00,15,OK,12.444029850746269,Favorable,A;M;V,1
2026-07-09 14:20:00+03:00,15,OK,12.444029850746269,Favorable,A;M;V,1
2026-07-09 14:25:00+03:00,15,OK,12.444029850746269,Favorable,A;M;V,1
2026-07-09 14:30:00+03:00,15,OK,12.444029850746269,Favorable,A;M;V,1
2026-07-09 14:35:00+03:00,15,OK,12.444029850746269,Favorable,A;M;V,1
2026-07-09 14:40:00+03:00,15,OK,12.444029850746269,Favorable,A;M;V,1
2026-07-09 14:45:00+03:00,15,OK,12.444029850746269,Favorable,A;M;V,1
2026-07-09 14:50:00+03:00,15,OK,12.444029850746269,Favorable,A;M;V,1
2026-07-09 14:55:00+03:00,15,OK,12.444029850746269,Favorable,A;M;V,1
2026-07-09 15:00:00+03:00,15,OK,12.444029850746269,Favorable,A;M;V,1
2026-07-09 15:05:00+03:00,15,OK,12.444029850746269,Favorable,A;M;V,1
2026-07-09 15:10:00+03:00,15,OK,12.444029850746269,Favorable,A;M;V,1
2026-07-09 15:15:00+03:00,15,OK,12.444029850746269,Favorable,A;M;V,1
2026-07-09 15:20:00+03:00,15,OK,12.444029850746269,Favorable,A;M;V,1
2026-07-09 15:25:00+03:00,15,OK,12.444029850746269,Favorable,A;M;V,1
2026-07-09 15:30:00+03:00,15,OK,12.444029850746269,Favorable,A;M;V,1
2026-07-09 15:35:00+03:00,15,OK,12.444029850746269,Favorable,A;M;V,1
2026-07-09 15:40:00+03:00,15,OK,12.444029850746269,Favorable,A;M;V,1
2026-07-09 15:45:00+03:00,15,OK,12.444029850746269,Favorable,A;M;V,1
2026-07-09 15:50:00+03:00,15,OK,12.444029850746269,Favorable,A;M;V,1
2026-07-09 15:55:00+03:00,15,OK,12.444029850746269,Favorable,A;M;V,1
2026-07-09 16:00:00+03:00,15,OK,12.444029850746269,Favorable,A;M;V,1
2026-07-09 16:05:00+03:00,15,OK,12.444029850746269,Favorable,A;M;V,1
2026-07-09 16:10:00+03:00,15,OK,12.444029850746269,Favorable,A;M;V,1
2026-07-09 16:15:00+03:00,15,OK,12.444029850746269,Favorable,A;M;V,1
2026-07-09 16:20:00+03:00,15,OK,12.444029850746269,Favorable,A;M;V,1
2026-07-09 16:25:00+03:00,15,OK,12.444029850746269,Favorable,A;M;V,1
2026-07-09 16:30:00+03:00,15,OK,12.444029850746269,Favorable,A;M;V,1
2026-07-09 16:35:00+03:00,15,OK,12.444029850746269,Favorable,A;M;V,1
2026-07-09 16:40:00+03:00,15,OK,12.444029850746269,Favorable,A;M;V,1
2026-07-09 16:45:00+03:00,15,OK,12.444029850746269,Favorable,A;M;V,1
2026-07-09 16:50:00+03:00,15,OK,12.444029850746269,Favorable,A;M;V,1
2026-07-09 16:55:00+03:00,15,OK,15.207007085445001,Favorable,M,2
2026-07-09 17:00:00+03:00,15,OK,20.313367057498095,Favorable,M,2
2026-07-09 17:05:00+03:00,15,OK,23.62547325102885,Favorable,M,2
2026-07-09 17:10:00+03:00,15,OK,25.5587247493456,Acceptable,M,2
2026-07-09 17:15:00+03:00,15,OK,23.916419753086195,Favorable,M,2
2026-07-09 17:20:00+03:00,15,OK,20.14504680071549,Favorable,M,2
2026-07-09 17:25:00+03:00,15,OK,14.520068560688905,Favorable,M,2
2026-07-09 17:30:00+03:00,15,OK,12.444029850746269,Favorable,A;M;V,1
2026-07-09 17:35:00+03:00,15,OK,12.444029850746269,Favorable,A;M;V,1
2026-07-09 17:40:00+03:00,15,OK,12.444029850746269,Favorable,A;M;V,1
2026-07-09 17:45:00+03:00,15,OK,12.444029850746269,Favorable,A;M;V,1
2026-07-09 17:50:00+03:00,15,OK,12.444029850746269,Favorable,A;M;V,1
2026-07-09 17:55:00+03:00,15,OK,12.444029850746269,Favorable,A;M;V,1
2026-07-09 18:00:00+03:00,15,OK,12.444029850746269,Favorable,A;M;V,1
2026-07-09 18:05:00+03:00,15,OK,12.444029850746269,Favorable,A;M;V,1
2026-07-09 18:10:00+03:00,15,OK,12.444029850746269,Favorable,A;M;V,1
2026-07-09 18:15:00+03:00,15,OK,12.444029850746269,Favorable,A;M;V,1
2026-07-09 18:20:00+03:00,15,OK,12.444029850746269,Favorable,A;M;V,1
2026-07-09 18:25:00+03:00,15,OK,12.444029850746269,Favorable,A;M;V,1
2026-07-09 18:30:00+03:00,15,OK,12.444029850746269,Favorable,A;M;V,1
2026-07-09 18:35:00+03:00,15,OK,12.444029850746269,Favorable,A;M;V,1
2026-07-09 18:40:00+03:00,15,OK,12.444029850746269,Favorable,A;M;V,1
2026-07-09 18:45:00+03:00,15,OK,12.444029850746269,Favorable,A;M;V,1
2026-07-09 18:50:00+03:00,15,OK,12.444029850746269,Favorable,A;M;V,1
2026-07-09 18:55:00+03:00,15,OK,12.444029850746269,Favorable,A;M;V,1
2026-07-09 19:00:00+03:00,15,OK,12.444029850746269,Favorable,A;M;V,1
2026-07-09 19:05:00+03:00,15,OK,12.444029850746269,Favorable,A;M;V,1
2026-07-09 19:10:00+03:00,15,OK,12.444029850746269,Favorable,A;M;V,1
2026-07-09 19:15:00+03:00,15,OK,12.444029850746269,Favorable,A;M;V,1
2026-07-09 19:20:00+03:00,15,OK,12.444029850746269,Favorable,A;M;V,1
2026-07-09 19:25:00+03:00,15,OK,12.444029850746269,Favorable,A;M;V,1
2026-07-09 19:30:00+03:00,15,OK,12.444029850746269,Favorable,A;M;V,1
2026-07-09 19:35:00+03:00,15,OK,12.444029850746269,Favorable,A;M;V,1
2026-07-09 19:40:00+03:00,15,OK,12.444029850746269,Favorable,A;M;V,1
2026-07-09 19:45:00+03:00,15,OK,12.444029850746269,Favorable,A;M;V,1
2026-07-09 19:50:00+03:00,15,OK,12.444029850746269,Favorable,A;M;V,1
2026-07-09 19:55:00+03:00,15,OK,12.444029850746269,Favorable,A;M;V,1
2026-07-09 20:00:00+03:00,15,OK,12.444029850746269,Favorable,A;M;V,1
2026-07-09 20:05:00+03:00,15,OK,12.444029850746269,Favorable,A;M;V,1
2026-07-09 20:10:00+03:00,15,OK,12.444029850746269,Favorable,A;M;V,1
2026-07-09 20:15:00+03:00,15,OK,12.444029850746269,Favorable,A;M;V,1
2026-07-09 20:20:00+03:00,15,OK,12.444029850746269,Favorable,A;M;V,1
2026-07-09 20:25:00+03:00,15,OK,12.444029850746269,Favorable,A;M;V,1
2026-07-09 20:30:00+03:00,15,OK,12.444029850746269,Favorable,A;M;V,1
2026-07-09 20:35:00+03:00,15,OK,12.444029850746269,Favorable,A;M;V,1
2026-07-09 20:40:00+03:00,15,OK,12.444029850746269,Favorable,A;M;V,1
2026-07-09 20:45:00+03:00,15,OK,12.566421924640832,Favorable,M,2
2026-07-09 20:50:00+03:00,15,OK,20.330197863235306,Favorable,M,2
2026-07-09 20:55:00+03:00,15,OK,30.38431244036047,Acceptable,M,2
2026-07-09 21:00:00+03:00,15,OK,37.95656038698819,Acceptable,M,2
2026-07-09 21:05:00+03:00,15,OK,42.04910603938373,Acceptable,M,2
2026-07-09 21:10:00+03:00,15,OK,41.789494509842875,Acceptable,M,2
2026-07-09 21:15:00+03:00,15,OK,37.28570428917984,Acceptable,M,2
2026-07-09 21:20:00+03:00,15,OK,30.98369753728735,Acceptable,M,2
2026-07-09 21:25:00+03:00,15,OK,24.28218106995871,Favorable,M,2
2026-07-09 21:30:00+03:00,15,OK,18.574527275424863,Favorable,M,2
2026-07-09 21:35:00+03:00,15,OK,13.95405752618239,Favorable,M,2
2026-07-09 21:40:00+03:00,15,OK,12.444029850746269,Favorable,A;M;V,1
2026-07-09 21:45:00+03:00,15,OK,12.444029850746269,Favorable,A;M;V,1
2026-07-09 21:50:00+03:00,15,OK,12.444029850746269,Favorable,A;M;V,1
2026-07-09 21:55:00+03:00,15,OK,12.444029850746269,Favorable,A;M;V,1
2026-07-09 22:00:00+03:00,15,OK,12.444029850746269,Favorable,A;M;V,1
2026-07-09 22:05:00+03:00,15,OK,12.444029850746269,Favorable,A;M;V,1
2026-07-09 22:10:00+03:00,15,OK,12.444029850746269,Favorable,A;M;V,1
2026-07-09 22:15:00+03:00,15,OK,12.444029850746269,Favorable,A;M;V,1
2026-07-09 22:20:00+03:00,15,OK,12.444029850746269,Favorable,A;M;V,1
2026-07-09 22:25:00+03:00,15,OK,12.444029850746269,Favorable,A;M;V,1
2026-07-09 22:30:00+03:00,15,OK,25.17639623750736,Acceptable,V,2
2026-07-09 22:35:00+03:00,15,OK,31.14214436916366,Acceptable,V,2
2026-07-09 22:40:00+03:00,15,OK,35.03635458167331,Acceptable,V,2
2026-07-09 22:45:00+03:00,15,OK,37.5,Acceptable,A;M;V,1
2026-07-09 22:50:00+03:00,15,OK,37.5,Acceptable,A;M;V,1
2026-07-09 22:55:00+03:00,15,OK,37.5,Acceptable,A;M;V,1
2026-07-09 23:00:00+03:00,15,OK,36.94102359769732,Acceptable,V,2
2026-07-09 23:05:00+03:00,15,OK,36.23639096136481,Acceptable,V,2
2026-07-09 23:10:00+03:00,15,OK,37.17625886440437,Acceptable,V,2
2026-07-09 23:15:00+03:00,15,OK,37.5,Acceptable,A;M;V,1
2026-07-09 23:20:00+03:00,15,OK,35.72653653301933,Acceptable,V,2
2026-07-09 23:25:00+03:00,15,OK,31.621550773604195,Acceptable,V,2
2026-07-09 23:30:00+03:00,15,OK,29.266849008098756,Acceptable,V,2
2026-07-09 23:35:00+03:00,15,OK,29.82298672550725,Acceptable,V,2
2026-07-09 23:40:00+03:00,15,OK,32.71315984831291,Acceptable,V,2
2026-07-09 23:45:00+03:00,15,OK,32.830080914413266,Acceptable,V,2
2026-07-09 23:50:00+03:00,15,OK,29.483390798773527,Acceptable,V,2
2026-07-09 23:55:00+03:00,15,OK,22.37380952380953,Favorable,V,2
2026-07-10 00:00:00+03:00,15,OK,15.814685904712894,Favorable,V,2
2026-07-10 00:05:00+03:00,15,OK,12.444029850746269,Favorable,A;M;V,1
2026-07-10 00:10:00+03:00,15,OK,12.444029850746269,Favorable,A;M;V,1
2026-07-10 00:15:00+03:00,15,OK,12.444029850746269,Favorable,A;M;V,1
2026-07-10 00:20:00+03:00,15,OK,12.444029850746269,Favorable,A;M;V,1
2026-07-10 00:25:00+03:00,15,OK,12.444029850746269,Favorable,A;M;V,1
2026-07-10 00:30:00+03:00,15,OK,12.444029850746269,Favorable,A;M;V,1
2026-07-10 00:35:00+03:00,15,OK,12.444029850746269,Favorable,A;M;V,1
2026-07-10 00:40:00+03:00,15,OK,12.444029850746269,Favorable,A;M;V,1
2026-07-10 00:45:00+03:00,15,OK,12.444029850746269,Favorable,A;M;V,1
2026-07-10 00:50:00+03:00,15,OK,12.444029850746269,Favorable,A;M;V,1
2026-07-10 00:55:00+03:00,15,OK,12.444029850746269,Favorable,A;M;V,1
2026-07-10 01:00:00+03:00,15,OK,12.444029850746269,Favorable,A;M;V,1
2026-07-10 01:05:00+03:00,15,OK,12.444029850746269,Favorable,A;M;V,1
2026-07-10 01:10:00+03:00,15,OK,12.444029850746269,Favorable,A;M;V,1
2026-07-10 01:15:00+03:00,15,OK,12.776157605416225,Favorable,M,2
2026-07-10 01:20:00+03:00,15,OK,13.814619615791386,Favorable,M,2
2026-07-10 01:25:00+03:00,15,OK,15.224383962017702,Favorable,M,2
2026-07-10 01:30:00+03:00,15,OK,16.27588462033941,Favorable,M,2
2026-07-10 01:35:00+03:00,15,OK,17.746589420688455,Favorable,M,2
2026-07-10 01:40:00+03:00,15,OK,18.983032173852934,Favorable,M,2
2026-07-10 01:45:00+03:00,15,OK,20.203961413773527,Favorable,M,2
2026-07-10 01:50:00+03:00,15,OK,20.64994103715315,Favorable,M,2
2026-07-10 01:55:00+03:00,15,OK,20.893901716017258,Favorable,M,2
2026-07-10 02:00:00+03:00,15,OK,21.549840625905432,Favorable,M,2
2026-07-10 02:05:00+03:00,15,OK,22.27049382716021,Favorable,M,2
2026-07-10 02:10:00+03:00,15,OK,23.317901234568183,Favorable,M,2
2026-07-10 02:15:00+03:00,15,OK,24.082674897119674,Favorable,M,2
2026-07-10 02:20:00+03:00,15,OK,25.204733858329774,Acceptable,M,2
2026-07-10 02:25:00+03:00,15,OK,26.126966170019287,Acceptable,M,2
2026-07-10 02:30:00+03:00,15,OK,27.31369360642157,Acceptable,M,2
2026-07-10 02:35:00+03:00,15,OK,28.20447848271462,Acceptable,M,2
2026-07-10 02:40:00+03:00,15,OK,28.957968760821963,Acceptable,M,2
2026-07-10 02:45:00+03:00,15,OK,29.023475970751605,Acceptable,M,2
2026-07-10 02:50:00+03:00,15,OK,29.21184771744376,Acceptable,M,2
2026-07-10 02:55:00+03:00,15,OK,29.048042956986837,Acceptable,M,2
2026-07-10 03:00:00+03:00,15,OK,29.408470499737692,Acceptable,M,2
2026-07-10 03:05:00+03:00,15,OK,29.92490172391547,Acceptable,M,2
2026-07-10 03:10:00+03:00,15,OK,30.474593761041234,Acceptable,M,2
2026-07-10 03:15:00+03:00,15,OK,31.106930472273383,Acceptable,M,2
2026-07-10 03:20:00+03:00,15,OK,31.712504917469257,Acceptable,M,2
2026-07-10 03:25:00+03:00,15,OK,32.60328428744435,Acceptable,M,2
2026-07-10 03:30:00+03:00,15,OK,33.250101017126774,Acceptable,M,2
2026-07-10 03:35:00+03:00,15,OK,34.01284601359194,Acceptable,M,2
2026-07-10 03:40:00+03:00,15,OK,34.34955824851506,Acceptable,M,2
2026-07-10 03:45:00+03:00,15,OK,34.480654919859866,Acceptable,M,2
2026-07-10 03:50:00+03:00,15,OK,34.37420651503422,Acceptable,M,2
2026-07-10 03:55:00+03:00,15,OK,34.75837935062501,Acceptable,M,2
2026-07-10 04:00:00+03:00,15,OK,35.5275119617227,Acceptable,M,2
2026-07-10 04:05:00+03:00,15,OK,36.24929476261467,Acceptable,M,2
2026-07-10 04:10:00+03:00,15,OK,36.64370739241638,Acceptable,M,2
2026-07-10 04:15:00+03:00,15,OK,36.79996836918153,Acceptable,M,2
2026-07-10 04:20:00+03:00,15,OK,37.071557053776225,Acceptable,M,2
2026-07-10 04:25:00+03:00,15,OK,37.34338467588201,Acceptable,M,2
2026-07-10 04:30:00+03:00,15,OK,37.724114037484014,Acceptable,M,2
2026-07-10 04:35:00+03:00,15,OK,37.79301753941872,Acceptable,M,2
2026-07-10 04:40:00+03:00,15,OK,38.29180026875664,Acceptable,M,2
2026-07-10 04:45:00+03:00,15,OK,38.6692894547971,Acceptable,M,2
2026-07-10 04:50:00+03:00,15,OK,39.19135042587605,Acceptable,M,2
2026-07-10 04:55:00+03:00,15,OK,39.958908509349044,Acceptable,M,2
2026-07-10 05:00:00+03:00,15,OK,40.680889875877256,Acceptable,M,2
2026-07-10 05:05:00+03:00,15,OK,41.02587388339418,Acceptable,M,2
2026-07-10 05:10:00+03:00,15,OK,41.12670243499809,Acceptable,M,2
2026-07-10 05:15:00+03:00,15,OK,41.13510301109358,Acceptable,M,2
2026-07-10 05:20:00+03:00,15,OK,41.177101731565855,Acceptable,M,2
2026-07-10 05:25:00+03:00,15,OK,40.815686015394974,Acceptable,M,2
2026-07-10 05:30:00+03:00,15,OK,40.723148347018885,Acceptable,M,2
2026-07-10 05:35:00+03:00,15,OK,41.067890635318975,Acceptable,M,2
2026-07-10 05:40:00+03:00,15,OK,41.714073707642825,Acceptable,M,2
2026-07-10 05:45:00+03:00,15,OK,41.84813966139727,Acceptable,M,2
2026-07-10 05:50:00+03:00,15,OK,41.781115526025154,Acceptable,M,2
2026-07-10 05:55:00+03:00,15,OK,41.47089877260159,Acceptable,M,2
2026-07-10 06:00:00+03:00,15,OK,41.42894854069375,Acceptable,M,2
2026-07-10 06:05:00+03:00,15,OK,41.43733914076394,Acceptable,M,2
2026-07-10 06:10:00+03:00,15,OK,41.386991386991056,Acceptable,M,2
2026-07-10 06:15:00+03:00,15,OK,41.42894854069427,Acceptable,M,2
2026-07-10 06:20:00+03:00,15,OK,41.03427778878537,Acceptable,M,2
2026-07-10 06:25:00+03:00,15,OK,40.89137364361521,Acceptable,M,2
2026-07-10 06:30:00+03:00,15,OK,40.731562252180574,Acceptable,M,2
2026-07-10 06:35:00+03:00,15,OK,41.202297636339786,Acceptable,M,2
2026-07-10 06:40:00+03:00,15,OK,41.219093519954924,Acceptable,M,2
2026-07-10 06:45:00+03:00,15,OK,41.07629315326295,Acceptable,M,2
2026-07-10 06:50:00+03:00,15,OK,40.714734163830336,Acceptable,M,2
2026-07-10 06:55:00+03:00,15,OK,40.53672082913181,Acceptable,M,2
2026-07-10 07:00:00+03:00,15,OK,40.299018488929875,Acceptable,M,2
2026-07-10 07:05:00+03:00,15,OK,40.18005168916337,Acceptable,M,2
2026-07-10 07:10:00+03:00,15,OK,40.103532277709824,Acceptable,M,2
2026-07-10 07:15:00+03:00,15,OK,39.65226987277823,Acceptable,M,2
2026-07-10 07:20:00+03:00,15,OK,39.05455957672077,Acceptable,M,2
2026-07-10 07:25:00+03:00,15,OK,38.60474362593369,Acceptable,V,4
2026-07-10 07:30:00+03:00,15,OK,38.58960582171033,Acceptable,V,4
2026-07-10 07:35:00+03:00,15,OK,38.49779928992188,Acceptable,M,2
2026-07-10 07:40:00+03:00,15,OK,38.857744448798954,Acceptable,M,2
2026-07-10 07:45:00+03:00,15,OK,38.98612600469482,Acceptable,M,2
2026-07-10 07:50:00+03:00,15,OK,38.7549747194556,Acceptable,M,2
2026-07-10 07:55:00+03:00,15,OK,37.07155705377605,Acceptable,M,2
2026-07-10 08:00:00+03:00,15,OK,37.5,Acceptable,M,2
2026-07-10 08:05:00+03:00,15,OK,40.256539202127726,Acceptable,M,2
2026-07-10 08:10:00+03:00,15,OK,51.27515988543196,Degraded,M,2
2026-07-10 08:15:00+03:00,15,OK,62.5,Degraded,A;M;V,1
2026-07-10 08:20:00+03:00,15,OK,62.5,Degraded,A;M;V,1
2026-07-10 08:25:00+03:00,15,OK,62.5,Degraded,A;M;V,1
2026-07-10 08:30:00+03:00,15,OK,62.5,Degraded,A;M;V,1
2026-07-10 08:35:00+03:00,15,OK,64.99636141506434,Degraded,M,2
2026-07-10 08:40:00+03:00,15,OK,68.10785991330143,Degraded,M,2
2026-07-10 08:45:00+03:00,15,OK,69.59927374965771,Degraded,M,2
2026-07-10 08:50:00+03:00,15,OK,70.76357784001536,Degraded,M,2
2026-07-10 08:55:00+03:00,15,OK,71.3203597701111,Degraded,M,2
2026-07-10 09:00:00+03:00,15,OK,71.6721848082991,Degraded,M,2
2026-07-10 09:05:00+03:00,15,OK,70.82091669278105,Degraded,M,2
2026-07-10 09:10:00+03:00,15,OK,70.46860863367759,Degraded,M,2
2026-07-10 09:15:00+03:00,15,OK,68.72050237408396,Degraded,M,2
2026-07-10 09:20:00+03:00,15,OK,67.53577148208079,Degraded,M,2
2026-07-10 09:25:00+03:00,15,OK,67.15120863623741,Degraded,M,2
2026-07-10 09:30:00+03:00,15,OK,69.27790583820594,Degraded,M,2
2026-07-10 09:35:00+03:00,15,OK,72.00177812787358,Degraded,M,2
2026-07-10 09:40:00+03:00,15,OK,75.32711934156406,Critical,M,2
2026-07-10 09:45:00+03:00,15,OK,77.0062962962965,Critical,M,2
2026-07-10 09:50:00+03:00,15,OK,78.78649620613358,Critical,M,2
2026-07-10 09:55:00+03:00,15,OK,79.91387052986032,Critical,M,2
2026-07-10 10:00:00+03:00,15,OK,82.86864802595721,Critical,M,2
2026-07-10 10:05:00+03:00,15,OK,83.9981036892163,Critical,M,2
2026-07-10 10:10:00+03:00,15,OK,83.15938016897269,Critical,M,2
2026-07-10 10:15:00+03:00,15,OK,83.24491446797111,Critical,M,2
2026-07-10 10:20:00+03:00,15,OK,83.86109505326618,Critical,M,2
2026-07-10 10:25:00+03:00,15,OK,86.30742492440244,Critical,M,2
2026-07-10 10:30:00+03:00,15,OK,87.55597014925372,Critical,A;M;V,1
2026-07-10 10:35:00+03:00,15,OK,87.55597014925372,Critical,A;M;V,1
2026-07-10 10:40:00+03:00,15,OK,87.55597014925372,Critical,A;M;V,1
2026-07-10 10:45:00+03:00,15,OK,87.55597014925372,Critical,A;M;V,1
2026-07-10 10:50:00+03:00,15,OK,87.55597014925372,Critical,A;M;V,1
2026-07-10 10:55:00+03:00,15,OK,87.55597014925372,Critical,A;M;V,1
2026-07-10 11:00:00+03:00,15,OK,87.55597014925372,Critical,A;M;V,1
2026-07-10 11:05:00+03:00,15,OK,87.55597014925372,Critical,A;M;V,1
2026-07-10 11:10:00+03:00,15,OK,87.55597014925372,Critical,A;M;V,1
2026-07-10 11:15:00+03:00,15,OK,87.55597014925372,Critical,A;M;V,1
2026-07-10 11:20:00+03:00,15,OK,87.55597014925372,Critical,A;M;V,1
2026-07-10 11:25:00+03:00,15,OK,86.15923239949662,Critical,M,2
2026-07-10 11:30:00+03:00,15,OK,80.30076808327162,Critical,V,4
2026-07-10 11:35:00+03:00,15,OK,72.83470890580216,Degraded,M,2
2026-07-10 11:40:00+03:00,15,OK,65.82293842634034,Degraded,M,2
2026-07-10 11:45:00+03:00,15,OK,62.55770961376954,Degraded,M,2
2026-07-10 11:50:00+03:00,15,OK,62.5,Degraded,A;M;V,1
2026-07-10 11:55:00+03:00,15,OK,62.50000000000001,Degraded,V,2
2026-07-10 12:00:00+03:00,15,OK,63.94772267745027,Degraded,M,2
2026-07-10 12:05:00+03:00,15,OK,66.11027279205825,Degraded,M,2
2026-07-10 12:10:00+03:00,15,OK,67.17576592680862,Degraded,M,2
2026-07-10 12:15:00+03:00,15,OK,68.90128581670197,Degraded,M,2
2026-07-10 12:20:00+03:00,15,OK,70.78815228255607,Degraded,M,2
2026-07-10 12:25:00+03:00,15,OK,74.48244213229721,Degraded,M,2
2026-07-10 12:30:00+03:00,15,OK,77.42193415637895,Critical,M,2
2026-07-10 12:35:00+03:00,15,OK,81.0422407541699,Critical,M,2
2026-07-10 12:40:00+03:00,15,OK,84.37613807234084,Critical,M,2
2026-07-10 12:45:00+03:00,15,OK,87.18889618268939,Critical,M,2
2026-07-10 12:50:00+03:00,15,OK,87.55597014925372,Critical,A;M;V,1
2026-07-10 12:55:00+03:00,15,OK,87.55597014925372,Critical,A;M;V,1
2026-07-10 13:00:00+03:00,15,OK,87.55597014925372,Critical,A;M;V,1
2026-07-10 13:05:00+03:00,15,OK,87.55597014925372,Critical,A;M;V,1
2026-07-10 13:10:00+03:00,15,OK,87.55597014925372,Critical,A;M;V,1
2026-07-10 13:15:00+03:00,15,OK,87.55597014925372,Critical,A;M;V,1
2026-07-10 13:20:00+03:00,15,OK,87.53235928220685,Critical,M,1
2026-07-10 13:25:00+03:00,15,OK,87.401616751642,Critical,M,1
2026-07-10 13:30:00+03:00,15,OK,87.34742317679637,Critical,M,1
2026-07-10 13:35:00+03:00,15,OK,87.37914014456794,Critical,M,1
2026-07-10 13:40:00+03:00,15,OK,87.46808860329983,Critical,M,1
2026-07-10 13:45:00+03:00,15,OK,87.53341324605667,Critical,M,1
2026-07-10 13:50:00+03:00,15,OK,87.55597014925372,Critical,A;M;V,1
2026-07-10 13:55:00+03:00,15,OK,87.55597014925372,Critical,A;M;V,1
2026-07-10 14:00:00+03:00,15,OK,87.55597014925372,Critical,A;M;V,1
2026-07-10 14:05:00+03:00,15,OK,87.55597014925372,Critical,A;M;V,1
2026-07-10 14:10:00+03:00,15,OK,87.55597014925372,Critical,A;M;V,1
2026-07-10 14:15:00+03:00,15,OK,87.55597014925372,Critical,A;M;V,1
2026-07-10 14:20:00+03:00,15,OK,87.55597014925372,Critical,A;M;V,1
2026-07-10 14:25:00+03:00,15,OK,87.55597014925372,Critical,A;M;V,1
2026-07-10 14:30:00+03:00,15,OK,87.55597014925372,Critical,A;M;V,1
2026-07-10 14:35:00+03:00,15,OK,87.55597014925372,Critical,A;M;V,1
2026-07-10 14:40:00+03:00,15,OK,87.55597014925372,Critical,A;M;V,1
2026-07-10 14:45:00+03:00,15,OK,87.55597014925372,Critical,A;M;V,1
2026-07-10 14:50:00+03:00,15,OK,87.55597014925372,Critical,A;M;V,1
2026-07-10 14:55:00+03:00,15,OK,87.55597014925372,Critical,A;M;V,1
2026-07-10 15:00:00+03:00,15,OK,87.55597014925372,Critical,A;M;V,1
2026-07-10 15:05:00+03:00,15,OK,87.55597014925372,Critical,A;M;V,1
2026-07-10 15:10:00+03:00,15,OK,87.55597014925372,Critical,A;M;V,1
2026-07-10 15:15:00+03:00,15,OK,87.55597014925372,Critical,A;M;V,1
2026-07-10 15:20:00+03:00,15,OK,87.55597014925372,Critical,A;M;V,1
2026-07-10 15:25:00+03:00,15,OK,87.55597014925372,Critical,A;M;V,1
2026-07-10 15:30:00+03:00,15,OK,87.55597014925372,Critical,A;M;V,1
2026-07-10 15:35:00+03:00,15,OK,87.55597014925372,Critical,A;M;V,1
2026-07-10 15:40:00+03:00,15,OK,87.55597014925372,Critical,A;M;V,1
2026-07-10 15:45:00+03:00,15,OK,83.19359253304113,Critical,M,2
2026-07-10 15:50:00+03:00,15,OK,76.93148148148185,Critical,M,2
2026-07-10 15:55:00+03:00,15,OK,71.4103805155968,Degraded,M,2
2026-07-10 16:00:00+03:00,15,OK,67.0939026005198,Degraded,M,2
2026-07-10 16:05:00+03:00,15,OK,63.76712816350459,Degraded,M,2
2026-07-10 16:10:00+03:00,15,OK,62.5,Degraded,A;M;V,1
2026-07-10 16:15:00+03:00,15,OK,62.5,Degraded,A;M;V,1
2026-07-10 16:20:00+03:00,15,PARTIAL,14.699049590487387,Favorable,V,2
2026-07-10 16:25:00+03:00,15,PARTIAL,18.59889819391881,Favorable,V,2
2026-07-10 16:30:00+03:00,15,OK,62.500000000000014,Degraded,V,2
2026-07-10 16:35:00+03:00,15,OK,62.500000000000036,Degraded,V,2
2026-07-10 16:40:00+03:00,15,OK,62.50000000000001,Degraded,V,2
2026-07-10 16:45:00+03:00,15,OK,62.49999999999999,Degraded,V,2
2026-07-10 16:50:00+03:00,15,OK,61.61840128594174,Degraded,V,4
2026-07-10 16:55:00+03:00,15,OK,59.09180993905773,Degraded,M,4
2026-07-10 17:00:00+03:00,15,OK,57.15695952616008,Degraded,M,2
2026-07-10 17:05:00+03:00,15,OK,54.41610707461963,Degraded,M,2
2026-07-10 17:10:00+03:00,15,OK,51.479633377912705,Degraded,M,2
2026-07-10 17:15:00+03:00,15,OK,48.19313948963155,Acceptable,M,2
2026-07-10 17:20:00+03:00,15,OK,45.82268527619418,Acceptable,M,2
2026-07-10 17:25:00+03:00,15,OK,43.8423645320197,Acceptable,M,4
2026-07-10 17:30:00+03:00,15,OK,43.3808040746804,Acceptable,V,4
2026-07-10 17:35:00+03:00,15,OK,43.50382077409913,Acceptable,V,4
2026-07-10 17:40:00+03:00,15,OK,41.83613123852951,Acceptable,V,4
2026-07-10 17:45:00+03:00,15,OK,40.17289652805559,Acceptable,V,4
2026-07-10 17:50:00+03:00,15,OK,37.718034827572104,Acceptable,V,4
2026-07-10 17:55:00+03:00,15,OK,33.6353980277545,Acceptable,M,4
2026-07-10 18:00:00+03:00,15,OK,27.190023623837593,Acceptable,M,4
2026-07-10 18:05:00+03:00,15,OK,19.791502047917824,Favorable,M,4
2026-07-10 18:10:00+03:00,15,OK,13.57049657653377,Favorable,M,2
2026-07-10 18:15:00+03:00,15,OK,12.444029850746269,Favorable,A;M;V,1
2026-07-10 18:20:00+03:00,15,OK,12.444029850746269,Favorable,A;M;V,1
2026-07-10 18:25:00+03:00,15,OK,12.444029850746269,Favorable,A;M;V,1
2026-07-10 18:30:00+03:00,15,OK,12.444029850746269,Favorable,A;M;V,1
2026-07-10 18:35:00+03:00,15,OK,13.11676460158219,Favorable,M,2
2026-07-10 18:40:00+03:00,15,OK,14.84193334987206,Favorable,M,2
2026-07-10 18:45:00+03:00,15,OK,15.890555461943451,Favorable,M,2
2026-07-10 18:50:00+03:00,15,OK,16.61820715434432,Favorable,M,2
2026-07-10 18:55:00+03:00,15,OK,17.199740570941415,Favorable,M,2
2026-07-10 19:00:00+03:00,15,OK,18.275908978481542,Favorable,M,2
2026-07-10 19:05:00+03:00,15,OK,19.67363204982438,Favorable,M,2
2026-07-10 19:10:00+03:00,15,OK,21.163045626098942,Favorable,M,2
2026-07-10 19:15:00+03:00,15,OK,22.353621399176948,Favorable,M,2
2026-07-10 19:20:00+03:00,15,OK,23.475843621399566,Favorable,M,2
2026-07-10 19:25:00+03:00,15,OK,24.3403703703704,Favorable,M,2
2026-07-10 19:30:00+03:00,15,OK,25.319975702423466,Acceptable,M,2
2026-07-10 19:35:00+03:00,15,OK,25.90458007725678,Acceptable,M,2
2026-07-10 19:40:00+03:00,15,OK,24.498312757201777,Favorable,M,2
2026-07-10 19:45:00+03:00,15,OK,20.75930848435759,Favorable,M,2
2026-07-10 19:50:00+03:00,15,OK,15.094040580400144,Favorable,M,2
2026-07-10 19:55:00+03:00,15,OK,12.444029850746269,Favorable,A;M;V,1
2026-07-10 20:00:00+03:00,15,OK,12.444029850746269,Favorable,A;M;V,1
2026-07-10 20:05:00+03:00,15,OK,12.444029850746269,Favorable,A;M;V,1
2026-07-10 20:10:00+03:00,15,OK,12.444029850746269,Favorable,A;M;V,1
2026-07-10 20:15:00+03:00,15,OK,12.444029850746269,Favorable,A;M;V,1
2026-07-10 20:20:00+03:00,15,OK,12.444029850746269,Favorable,A;M;V,1
2026-07-10 20:25:00+03:00,15,OK,12.444029850746269,Favorable,A;M;V,1
2026-07-10 20:30:00+03:00,15,OK,12.444029850746269,Favorable,A;M;V,1
2026-07-10 20:35:00+03:00,15,OK,12.444029850746269,Favorable,A;M;V,1
2026-07-10 20:40:00+03:00,15,OK,12.444029850746269,Favorable,A;M;V,1
2026-07-10 20:45:00+03:00,15,OK,12.444029850746269,Favorable,A;M;V,1
2026-07-10 20:50:00+03:00,15,OK,12.444029850746269,Favorable,A;M;V,1
2026-07-10 20:55:00+03:00,15,OK,12.444029850746269,Favorable,A;M;V,1
2026-07-10 21:00:00+03:00,15,OK,12.444029850746269,Favorable,A;M;V,1
2026-07-10 21:05:00+03:00,15,OK,12.444029850746269,Favorable,A;M;V,1
2026-07-10 21:10:00+03:00,15,OK,12.444029850746269,Favorable,A;M;V,1
2026-07-10 21:15:00+03:00,15,OK,12.71499504298845,Favorable,M,2
2026-07-10 21:20:00+03:00,15,OK,13.67513736946186,Favorable,M,2
2026-07-10 21:25:00+03:00,15,OK,14.354694744785375,Favorable,M,2
2026-07-10 21:30:00+03:00,15,OK,14.728872657020178,Favorable,M,2
2026-07-10 21:35:00+03:00,15,OK,15.502320254633188,Favorable,M,2
2026-07-10 21:40:00+03:00,15,OK,16.65242946061522,Favorable,M,2
2026-07-10 21:45:00+03:00,15,OK,18.292976595246373,Favorable,M,2
2026-07-10 21:50:00+03:00,15,OK,19.774664142587383,Favorable,M,2
2026-07-10 21:55:00+03:00,15,OK,20.725657959748133,Favorable,M,2
2026-07-10 22:00:00+03:00,15,OK,21.230322739996577,Favorable,M,2
2026-07-10 22:05:00+03:00,15,OK,21.70116329608248,Favorable,M,2
2026-07-10 22:10:00+03:00,15,OK,22.420123456789664,Favorable,M,2
2026-07-10 22:15:00+03:00,15,OK,23.035267489711696,Favorable,M,2
2026-07-10 22:20:00+03:00,15,OK,23.683662551440527,Favorable,M,2
2026-07-10 22:25:00+03:00,15,OK,23.883168724279393,Favorable,M,2
2026-07-10 22:30:00+03:00,15,OK,24.55650205761328,Favorable,M,2
2026-07-10 22:35:00+03:00,15,OK,25.254121919260676,Acceptable,M,2
2026-07-10 22:40:00+03:00,15,OK,26.3741082192052,Acceptable,M,2
2026-07-10 22:45:00+03:00,15,OK,28.022970870714435,Acceptable,M,2
2026-07-10 22:50:00+03:00,15,OK,28.80241684171643,Acceptable,M,2
2026-07-10 22:55:00+03:00,15,OK,28.393255908250254,Acceptable,M,2
2026-07-10 23:00:00+03:00,15,OK,23.608847736625712,Favorable,M,2
2026-07-10 23:05:00+03:00,15,OK,37.5,Acceptable,M,2
2026-07-10 23:10:00+03:00,15,OK,62.5,Degraded,A;M;V,1
2026-07-10 23:15:00+03:00,15,OK,62.5,Degraded,A;M;V,1
2026-07-10 23:20:00+03:00,15,OK,62.5,Degraded,A;M;V,1
2026-07-10 23:25:00+03:00,15,OK,87.42743304023526,Critical,A,2
2026-07-10 23:30:00+03:00,15,OK,87.46808285027568,Critical,V,4
2026-07-10 23:35:00+03:00,15,PARTIAL,62.5,Degraded,M;V,1
2026-07-10 23:40:00+03:00,15,PARTIAL,62.5,Degraded,M;V,1
2026-07-10 23:45:00+03:00,15,PARTIAL,62.5,Degraded,M;V,1
2026-07-10 23:50:00+03:00,15,PARTIAL,62.5,Degraded,M;V,1
2026-07-10 23:55:00+03:00,15,PARTIAL,62.5,Degraded,M;V,1
2026-07-11 00:00:00+03:00,15,PARTIAL,62.5,Degraded,M;V,1
2026-07-11 00:05:00+03:00,15,PARTIAL,62.5,Degraded,M;V,1
2026-07-11 00:10:00+03:00,15,PARTIAL,62.5,Degraded,M;V,1
2026-07-11 00:15:00+03:00,15,PARTIAL,62.5,Degraded,M;V,1
2026-07-11 00:20:00+03:00,15,PARTIAL,62.5,Degraded,M;V,1
2026-07-11 00:25:00+03:00,15,PARTIAL,62.5,Degraded,M;V,1
2026-07-11 00:30:00+03:00,15,OK,87.55597014925372,Critical,A;M;V,1
2026-07-11 00:35:00+03:00,15,OK,87.55597014925372,Critical,A;M;V,1
2026-07-11 00:40:00+03:00,15,OK,87.55597014925372,Critical,A;M;V,1
2026-07-11 00:45:00+03:00,15,OK,87.55597014925372,Critical,A;M;V,1
2026-07-11 00:50:00+03:00,15,OK,87.55597014925372,Critical,A;M;V,1
2026-07-11 00:55:00+03:00,15,OK,87.45476864019774,Critical,A,1
2026-07-11 01:00:00+03:00,15,OK,62.5,Degraded,A;M;V,1
2026-07-11 01:05:00+03:00,15,OK,62.5,Degraded,A;M;V,1
2026-07-11 01:10:00+03:00,15,OK,62.50000000000001,Degraded,A,2
2026-07-11 01:15:00+03:00,15,OK,62.5,Degraded,A;M;V,1
2026-07-11 01:20:00+03:00,15,OK,62.5,Degraded,A;M;V,1
2026-07-11 01:25:00+03:00,15,OK,62.5,Degraded,A;M;V,1
2026-07-11 01:30:00+03:00,15,OK,62.5,Degraded,A;M;V,1
2026-07-11 01:35:00+03:00,15,OK,62.5,Degraded,A;M;V,1
2026-07-11 01:40:00+03:00,15,OK,62.5,Degraded,A;M;V,1
2026-07-11 01:45:00+03:00,15,OK,62.5,Degraded,A;M;V,1
2026-07-11 01:50:00+03:00,15,OK,62.5,Degraded,A;M;V,1
2026-07-11 01:55:00+03:00,15,OK,62.19837133008047,Degraded,V,2
2026-07-11 02:00:00+03:00,15,OK,52.61126805981033,Degraded,V,4
2026-07-11 02:05:00+03:00,15,OK,38.75444929037381,Acceptable,M,4
2026-07-11 02:10:00+03:00,15,OK,37.49999999999999,Acceptable,M,2
2026-07-11 02:15:00+03:00,15,OK,37.5,Acceptable,M,2
2026-07-11 02:20:00+03:00,15,OK,37.5,Acceptable,M,2
2026-07-11 02:25:00+03:00,15,OK,37.5,Acceptable,M,2
2026-07-11 02:30:00+03:00,15,OK,37.50000000000001,Acceptable,M,2
2026-07-11 02:35:00+03:00,15,OK,35.17980440217455,Acceptable,M,4
2026-07-11 02:40:00+03:00,15,OK,30.347427870206907,Acceptable,M,4
2026-07-11 02:45:00+03:00,15,OK,28.090727266622963,Acceptable,V,4
2026-07-11 02:50:00+03:00,15,OK,27.577264094408946,Acceptable,V,4
2026-07-11 02:55:00+03:00,15,OK,28.91433665148529,Acceptable,V,4
2026-07-11 03:00:00+03:00,15,OK,29.293766309170937,Acceptable,M,4
2026-07-11 03:05:00+03:00,15,OK,29.826500757433298,Acceptable,M,4
2026-07-11 03:10:00+03:00,15,OK,30.269427909233972,Acceptable,M,4
2026-07-11 03:15:00+03:00,15,OK,30.638775227130782,Acceptable,M,4
2026-07-11 03:20:00+03:00,15,OK,31.074065967828798,Acceptable,M,2
2026-07-11 03:25:00+03:00,15,OK,31.320592103307135,Acceptable,M,2
2026-07-11 03:30:00+03:00,15,OK,31.883973150811794,Acceptable,M,2
2026-07-11 03:35:00+03:00,15,OK,32.54602034501769,Acceptable,M,2
2026-07-11 03:40:00+03:00,15,OK,33.43860564500119,Acceptable,M,2
2026-07-11 03:45:00+03:00,15,OK,34.22633898372521,Acceptable,M,2
2026-07-11 03:50:00+03:00,15,OK,35.3800825161445,Acceptable,M,2
2026-07-11 03:55:00+03:00,15,OK,36.75005697326041,Acceptable,M,2
2026-07-11 04:00:00+03:00,15,OK,38.61785916054606,Acceptable,M,2
2026-07-11 04:05:00+03:00,15,OK,40.07801871522355,Acceptable,M,2
2026-07-11 04:10:00+03:00,15,OK,41.79787321737722,Acceptable,M,2
2026-07-11 04:15:00+03:00,15,OK,42.46727587058516,Acceptable,M,2
2026-07-11 04:20:00+03:00,15,OK,43.10991251726633,Acceptable,M,2
2026-07-11 04:25:00+03:00,15,OK,43.44310786827078,Acceptable,M,2
2026-07-11 04:30:00+03:00,15,OK,44.52002651388364,Acceptable,M,2
2026-07-11 04:35:00+03:00,15,OK,45.53447060944256,Acceptable,M,2
2026-07-11 04:40:00+03:00,15,OK,46.85861818467398,Acceptable,M,2
2026-07-11 04:45:00+03:00,15,OK,47.33376080399368,Acceptable,M,2
2026-07-11 04:50:00+03:00,15,OK,47.75943164794643,Acceptable,M,2
2026-07-11 04:55:00+03:00,15,OK,47.833090748523574,Acceptable,M,2
2026-07-11 05:00:00+03:00,15,OK,48.0049451196377,Acceptable,M,2
2026-07-11 05:05:00+03:00,15,OK,47.8167224342811,Acceptable,M,2
2026-07-11 05:10:00+03:00,15,OK,47.53024226524228,Acceptable,M,2
2026-07-11 05:15:00+03:00,15,OK,47.227320462865734,Acceptable,M,2
2026-07-11 05:20:00+03:00,15,OK,46.96527489210762,Acceptable,M,2
2026-07-11 05:25:00+03:00,15,OK,46.39852011917638,Acceptable,M,2
2026-07-11 05:30:00+03:00,15,OK,46.30808423134506,Acceptable,M,2
2026-07-11 05:35:00+03:00,15,OK,46.480717606233284,Acceptable,M,2
2026-07-11 05:40:00+03:00,15,OK,46.74364110015878,Acceptable,M,2
2026-07-11 05:45:00+03:00,15,OK,46.98165434789016,Acceptable,M,2
2026-07-11 05:50:00+03:00,15,OK,46.866829624248524,Acceptable,M,2
2026-07-11 05:55:00+03:00,15,OK,46.63684835868397,Acceptable,M,2
2026-07-11 06:00:00+03:00,15,OK,46.35741532013781,Acceptable,M,2
2026-07-11 06:05:00+03:00,15,OK,46.201180253996846,Acceptable,M,2
2026-07-11 06:10:00+03:00,15,OK,46.176506227300344,Acceptable,M,2
2026-07-11 06:15:00+03:00,15,OK,46.04488684937157,Acceptable,M,2
2026-07-11 06:20:00+03:00,15,OK,45.99551891196011,Acceptable,M,2
2026-07-11 06:25:00+03:00,15,OK,45.872073595030606,Acceptable,M,2
2026-07-11 06:30:00+03:00,15,OK,45.84738016374563,Acceptable,M,2
2026-07-11 06:35:00+03:00,15,OK,45.93791562657626,Acceptable,M,2
2026-07-11 06:40:00+03:00,15,OK,46.2011802539972,Acceptable,M,2
2026-07-11 06:45:00+03:00,15,OK,46.40674059449997,Acceptable,M,2
2026-07-11 06:50:00+03:00,15,OK,46.373857724256226,Acceptable,M,2
2026-07-11 06:55:00+03:00,15,OK,46.43140105159081,Acceptable,M,2
2026-07-11 07:00:00+03:00,15,OK,46.965274892107786,Acceptable,M,2
2026-07-11 07:05:00+03:00,15,OK,47.86582673456748,Acceptable,M,2
2026-07-11 07:10:00+03:00,15,OK,48.86386299658987,Acceptable,M,2
2026-07-11 07:15:00+03:00,15,OK,49.37075669367783,Acceptable,M,2
2026-07-11 07:20:00+03:00,15,OK,49.73853474873209,Acceptable,M,2
2026-07-11 07:25:00+03:00,15,OK,49.918297983593966,Acceptable,M,2
2026-07-11 07:30:00+03:00,15,OK,50.12255502720727,Degraded,M,2
2026-07-11 07:35:00+03:00,15,OK,50.147067474557495,Degraded,M,2
2026-07-11 07:40:00+03:00,15,OK,50.50663859997787,Degraded,M,2
2026-07-11 07:45:00+03:00,15,OK,51.103427982933695,Degraded,M,2
2026-07-11 07:50:00+03:00,15,OK,52.15872517465999,Degraded,M,2
2026-07-11 07:55:00+03:00,15,OK,52.731739872933055,Degraded,M,2
2026-07-11 08:00:00+03:00,15,OK,53.44531845872322,Degraded,M,2
2026-07-11 08:05:00+03:00,15,OK,53.790595393649184,Degraded,M,2
2026-07-11 08:10:00+03:00,15,OK,53.95511315062825,Degraded,M,2
2026-07-11 08:15:00+03:00,15,OK,54.605590957962605,Degraded,M,2
2026-07-11 08:20:00+03:00,15,OK,55.59559441293848,Degraded,M,2
2026-07-11 08:25:00+03:00,15,OK,57.63302208388907,Degraded,M,2
2026-07-11 08:30:00+03:00,15,OK,58.81449935624447,Degraded,M,2
2026-07-11 08:35:00+03:00,15,OK,59.37846011469053,Degraded,M,2
2026-07-11 08:40:00+03:00,15,OK,58.72212961893308,Degraded,M,2
2026-07-11 08:45:00+03:00,15,OK,58.24402308326451,Degraded,M,2
2026-07-11 08:50:00+03:00,15,OK,57.63302208388907,Degraded,M,2
2026-07-11 08:55:00+03:00,15,OK,57.53272412941465,Degraded,M,2
2026-07-11 09:00:00+03:00,15,OK,57.04016843767425,Degraded,M,2
2026-07-11 09:05:00+03:00,15,OK,57.056849585472,Degraded,M,2
2026-07-11 09:10:00+03:00,15,OK,57.023488387393904,Degraded,M,2
2026-07-11 09:15:00+03:00,15,OK,57.433620264022714,Degraded,M,2
2026-07-11 09:20:00+03:00,15,OK,57.39096671520596,Degraded,M,2
2026-07-11 09:25:00+03:00,15,OK,57.72994625366067,Degraded,M,2
2026-07-11 09:30:00+03:00,15,OK,58.591456708962575,Degraded,M,2
2026-07-11 09:35:00+03:00,15,OK,59.470815882458645,Degraded,M,2
2026-07-11 09:40:00+03:00,15,OK,60.34640364792675,Degraded,M,2
2026-07-11 09:45:00+03:00,15,OK,61.99428782195133,Degraded,M,2
2026-07-11 09:50:00+03:00,15,OK,62.50000000000001,Degraded,M,1
2026-07-11 09:55:00+03:00,15,OK,62.49999999999999,Degraded,M,1
2026-07-11 10:00:00+03:00,15,OK,62.500000000000014,Degraded,M,1
2026-07-11 10:05:00+03:00,15,OK,62.440192705459644,Degraded,M,2
2026-07-11 10:10:00+03:00,15,OK,62.0991659849326,Degraded,M,2
2026-07-11 10:15:00+03:00,15,OK,61.74625784907109,Degraded,M,2
2026-07-11 10:20:00+03:00,15,OK,60.926530616409195,Degraded,M,2
2026-07-11 10:25:00+03:00,15,OK,61.28270805096264,Degraded,M,2
2026-07-11 10:30:00+03:00,15,OK,62.5,Degraded,M,1
2026-07-11 10:35:00+03:00,15,OK,62.499999999999986,Degraded,M,1
2026-07-11 10:40:00+03:00,15,OK,62.500000000000014,Degraded,M,1
2026-07-11 10:45:00+03:00,15,OK,62.499999999999986,Degraded,M,1
2026-07-11 10:50:00+03:00,15,OK,62.5,Degraded,M,1
2026-07-11 10:55:00+03:00,15,OK,62.499999999999986,Degraded,M,1
2026-07-11 11:00:00+03:00,15,OK,62.500000000000014,Degraded,M,1
2026-07-11 11:05:00+03:00,15,OK,62.50000000000001,Degraded,M,1
2026-07-11 11:10:00+03:00,15,OK,62.5,Degraded,M,1
2026-07-11 11:15:00+03:00,15,OK,62.49999999999999,Degraded,M,1
2026-07-11 11:20:00+03:00,15,PARTIAL,12.444029850746269,Favorable,A;V,1
2026-07-11 11:25:00+03:00,15,OK,62.5,Degraded,M,1
2026-07-11 11:30:00+03:00,15,PARTIAL,12.444029850746269,Favorable,A;V,1
2026-07-11 11:35:00+03:00,15,OK,62.50000000000002,Degraded,M,1
2026-07-11 11:40:00+03:00,15,PARTIAL,12.444029850746269,Favorable,A;V,1
2026-07-11 11:45:00+03:00,15,OK,62.49999999999999,Degraded,M,1
2026-07-11 11:50:00+03:00,15,PARTIAL,12.444029850746269,Favorable,A;V,1
2026-07-11 11:55:00+03:00,15,OK,62.73901258180157,Degraded,M,2
2026-07-11 12:00:00+03:00,15,PARTIAL,12.444029850746269,Favorable,A;V,1
2026-07-11 12:05:00+03:00,15,PARTIAL,12.444029850746269,Favorable,A;V,1
2026-07-11 12:10:00+03:00,15,PARTIAL,12.444029850746269,Favorable,A;V,1
2026-07-11 12:15:00+03:00,15,OK,62.50000000000001,Degraded,M,1
2026-07-11 12:20:00+03:00,15,PARTIAL,12.444029850746269,Favorable,A;V,1
2026-07-11 12:25:00+03:00,15,PARTIAL,12.444029850746269,Favorable,A;V,1
2026-07-11 12:30:00+03:00,15,PARTIAL,12.444029850746269,Favorable,A;V,1
2026-07-11 12:35:00+03:00,15,PARTIAL,12.444029850746269,Favorable,A;V,1
2026-07-11 12:40:00+03:00,15,PARTIAL,12.444029850746269,Favorable,A;V,1
2026-07-11 12:45:00+03:00,15,PARTIAL,12.444029850746269,Favorable,A;V,1
2026-07-11 12:50:00+03:00,15,OK,62.50000000000001,Degraded,M,1
2026-07-11 12:55:00+03:00,15,OK,62.50000000000001,Degraded,M,1
2026-07-11 13:00:00+03:00,15,OK,62.5,Degraded,A;M;V,1
2026-07-11 13:05:00+03:00,15,OK,62.5,Degraded,A;M;V,1
2026-07-11 13:10:00+03:00,15,OK,62.5,Degraded,A;M;V,1
2026-07-11 13:15:00+03:00,15,OK,62.5,Degraded,A;M;V,1
2026-07-11 13:20:00+03:00,15,OK,61.27929460387949,Degraded,M,2
2026-07-11 13:25:00+03:00,15,OK,60.3988863662729,Degraded,M,2
2026-07-11 13:30:00+03:00,15,OK,58.8985009575381,Degraded,M,2
2026-07-11 13:35:00+03:00,15,OK,57.05715468828604,Degraded,M,2
2026-07-11 13:40:00+03:00,15,OK,54.15261983625437,Degraded,M,2
2026-07-11 13:45:00+03:00,15,OK,51.56143213574476,Degraded,M,2
2026-07-11 13:50:00+03:00,15,OK,48.43856786425541,Acceptable,M,2
2026-07-11 13:55:00+03:00,15,OK,45.01518401185828,Acceptable,M,2
2026-07-11 14:00:00+03:00,15,OK,42.42548987320879,Acceptable,M,2
2026-07-11 14:05:00+03:00,15,OK,41.36819399507989,Acceptable,M,2
2026-07-11 14:10:00+03:00,15,OK,42.03280879821018,Acceptable,M,2
2026-07-11 14:15:00+03:00,15,OK,42.724927250423235,Acceptable,M,2
2026-07-11 14:20:00+03:00,15,OK,42.44060448543586,Acceptable,M,2
2026-07-11 14:25:00+03:00,15,OK,41.69495199339065,Acceptable,M,2
2026-07-11 14:30:00+03:00,15,OK,40.29685657721915,Acceptable,M,2
2026-07-11 14:35:00+03:00,15,OK,37.34581339899283,Acceptable,M,2
2026-07-11 14:40:00+03:00,15,OK,32.9800976206944,Acceptable,M,2
2026-07-11 14:45:00+03:00,15,OK,37.50000000000001,Acceptable,M,1
2026-07-11 14:50:00+03:00,15,OK,37.50000000000001,Acceptable,M,1
2026-07-11 14:55:00+03:00,15,OK,37.5,Acceptable,M,1
2026-07-11 15:00:00+03:00,15,OK,31.154179668342906,Acceptable,M,2
2026-07-11 15:05:00+03:00,15,OK,28.773858706091417,Acceptable,M,2
2026-07-11 15:10:00+03:00,15,OK,27.404942408243496,Acceptable,M,2
2026-07-11 15:15:00+03:00,15,OK,24.986271604938306,Favorable,M,2
2026-07-11 15:20:00+03:00,15,OK,22.456561042523987,Favorable,M,2
2026-07-11 15:25:00+03:00,15,OK,20.096089495467794,Favorable,M,2
2026-07-11 15:30:00+03:00,15,OK,17.23492938836593,Favorable,M,2
2026-07-11 15:35:00+03:00,15,OK,15.196291001220237,Favorable,M,2
2026-07-11 15:40:00+03:00,15,OK,12.597742987476154,Favorable,M,2
2026-07-11 15:45:00+03:00,15,OK,12.444029850746269,Favorable,A;M;V,1
2026-07-11 15:50:00+03:00,15,OK,12.444029850746269,Favorable,A;M;V,1
2026-07-11 15:55:00+03:00,15,OK,12.444029850746269,Favorable,A;M;V,1
2026-07-11 16:00:00+03:00,15,OK,19.4931977232764,Favorable,V,2
2026-07-11 16:05:00+03:00,15,OK,34.540146201601836,Acceptable,V,2
2026-07-11 16:10:00+03:00,15,OK,32.321715854122516,Acceptable,V,2
2026-07-11 16:15:00+03:00,15,OK,26.982756592029574,Acceptable,V,2
2026-07-11 16:20:00+03:00,15,OK,19.896132627892538,Favorable,V,2
2026-07-11 16:25:00+03:00,15,OK,14.201699507738594,Favorable,V,2
2026-07-11 16:30:00+03:00,15,OK,12.444029850746269,Favorable,A;M;V,1
2026-07-11 16:35:00+03:00,15,OK,12.444029850746269,Favorable,A;M;V,1
2026-07-11 16:40:00+03:00,15,OK,12.444029850746269,Favorable,A;M;V,1
2026-07-11 16:45:00+03:00,15,OK,12.444029850746269,Favorable,A;M;V,1
2026-07-11 16:50:00+03:00,15,OK,12.444029850746269,Favorable,A;M;V,1
2026-07-11 16:55:00+03:00,15,OK,12.444029850746269,Favorable,A;M;V,1
2026-07-11 17:00:00+03:00,15,OK,12.444029850746269,Favorable,A;M;V,1
2026-07-11 17:05:00+03:00,15,OK,12.444029850746269,Favorable,A;M;V,1
2026-07-11 17:10:00+03:00,15,OK,12.444029850746269,Favorable,A;M;V,1
2026-07-11 17:15:00+03:00,15,OK,12.444029850746269,Favorable,A;M;V,1
2026-07-11 17:20:00+03:00,15,OK,12.444029850746269,Favorable,A;M;V,1
2026-07-11 17:25:00+03:00,15,OK,12.444029850746269,Favorable,A;M;V,1
2026-07-11 17:30:00+03:00,15,OK,12.444029850746269,Favorable,A;M;V,1
2026-07-11 17:35:00+03:00,15,OK,16.744087445432115,Favorable,V,2
2026-07-11 17:40:00+03:00,15,OK,21.212302432093573,Favorable,V,2
2026-07-11 17:45:00+03:00,15,OK,22.00495544858305,Favorable,V,2
2026-07-11 17:50:00+03:00,15,OK,20.785747560206648,Favorable,V,2
2026-07-11 17:55:00+03:00,15,OK,18.330767572838855,Favorable,V,2
2026-07-11 18:00:00+03:00,15,OK,15.888108195491032,Favorable,V,2
2026-07-11 18:05:00+03:00,15,OK,14.083495905544952,Favorable,V,2
2026-07-11 18:10:00+03:00,15,OK,12.444029850746269,Favorable,A;M;V,1
2026-07-11 18:15:00+03:00,15,OK,12.444029850746269,Favorable,A;M;V,1
2026-07-11 18:20:00+03:00,15,OK,12.444029850746269,Favorable,A;M;V,1
2026-07-11 18:25:00+03:00,15,OK,12.444029850746269,Favorable,A;M;V,1
2026-07-11 18:30:00+03:00,15,OK,12.444029850746269,Favorable,A;M;V,1
2026-07-11 18:35:00+03:00,15,OK,12.444029850746269,Favorable,A;M;V,1
2026-07-11 18:40:00+03:00,15,OK,14.45044508421857,Favorable,M,2
2026-07-11 18:45:00+03:00,15,OK,17.686800324658847,Favorable,M,2
2026-07-11 18:50:00+03:00,15,OK,21.348049159597103,Favorable,M,2
2026-07-11 18:55:00+03:00,15,OK,25.1217695473252,Acceptable,M,2
2026-07-11 19:00:00+03:00,15,OK,29.21184771744411,Acceptable,M,2
2026-07-11 19:05:00+03:00,15,OK,33.04530238010134,Acceptable,M,2
2026-07-11 19:10:00+03:00,15,OK,36.57793694749132,Acceptable,M,2
2026-07-11 19:15:00+03:00,15,OK,39.848236938506425,Acceptable,M,2
2026-07-11 19:20:00+03:00,15,OK,42.734543419948125,Acceptable,M,2
2026-07-11 19:25:00+03:00,15,OK,45.29551385446583,Acceptable,M,2
2026-07-11 19:30:00+03:00,15,OK,47.595729230044746,Acceptable,M,2
2026-07-11 19:35:00+03:00,15,OK,49.74670636567787,Acceptable,M,2
2026-07-11 19:40:00+03:00,15,OK,51.504172443560755,Degraded,M,2
2026-07-11 19:45:00+03:00,15,OK,52.658051852457874,Degraded,M,2
2026-07-11 19:50:00+03:00,15,OK,54.037396280681705,Degraded,M,2
2026-07-11 19:55:00+03:00,15,OK,56.033591094911664,Degraded,M,2
2026-07-11 20:00:00+03:00,15,OK,59.159082274822204,Degraded,M,2
2026-07-11 20:05:00+03:00,15,OK,62.33619761905545,Degraded,M,2
2026-07-11 20:10:00+03:00,15,OK,62.5,Degraded,A;M;V,1
2026-07-11 20:15:00+03:00,15,OK,62.5,Degraded,A;M;V,1
2026-07-11 20:20:00+03:00,15,OK,62.5,Degraded,A;M;V,1
2026-07-11 20:25:00+03:00,15,OK,59.55662548609811,Degraded,M,2
2026-07-11 20:30:00+03:00,15,OK,54.87760890593996,Degraded,M,2
2026-07-11 20:35:00+03:00,15,OK,50.53115857943685,Degraded,M,2
2026-07-11 20:40:00+03:00,15,OK,45.74035846521843,Acceptable,M,2
2026-07-11 20:45:00+03:00,15,OK,41.19389927867524,Acceptable,M,2
2026-07-11 20:50:00+03:00,15,OK,36.62726346763205,Acceptable,M,2
2026-07-11 20:55:00+03:00,15,OK,32.709652728819606,Acceptable,M,2
2026-07-11 21:00:00+03:00,15,OK,29.326536772686694,Acceptable,M,4
2026-07-11 21:05:00+03:00,15,OK,26.431781725236103,Acceptable,M,4
2026-07-11 21:10:00+03:00,15,OK,23.401028806584748,Favorable,M,2
2026-07-11 21:15:00+03:00,15,OK,20.178712626636944,Favorable,M,2
2026-07-11 21:20:00+03:00,15,OK,16.83206690944148,Favorable,M,2
2026-07-11 21:25:00+03:00,15,OK,13.814619615791017,Favorable,M,2
2026-07-11 21:30:00+03:00,15,OK,12.444029850746269,Favorable,A;M;V,1
2026-07-11 21:35:00+03:00,15,OK,12.444029850746269,Favorable,A;M;V,1
2026-07-11 21:40:00+03:00,15,OK,12.444029850746269,Favorable,A;M;V,1
2026-07-11 21:45:00+03:00,15,OK,12.444029850746269,Favorable,A;M;V,1
2026-07-11 21:50:00+03:00,15,OK,12.444029850746269,Favorable,A;M;V,1
2026-07-11 21:55:00+03:00,15,OK,12.444029850746269,Favorable,A;M;V,1
2026-07-11 22:00:00+03:00,15,OK,12.444029850746269,Favorable,A;M;V,1
2026-07-11 22:05:00+03:00,15,OK,12.444029850746269,Favorable,A;M;V,1
2026-07-11 22:10:00+03:00,15,OK,12.444029850746269,Favorable,A;M;V,1
2026-07-11 22:15:00+03:00,15,OK,12.444029850746269,Favorable,A;M;V,1
2026-07-11 22:20:00+03:00,15,OK,12.444029850746269,Favorable,A;M;V,1
2026-07-11 22:25:00+03:00,15,OK,12.444029850746269,Favorable,A;M;V,1
2026-07-11 22:30:00+03:00,15,OK,12.444029850746269,Favorable,A;M;V,1
2026-07-11 22:35:00+03:00,15,OK,12.444029850746269,Favorable,A;M;V,1
2026-07-11 22:40:00+03:00,15,OK,12.444029850746269,Favorable,A;M;V,1
2026-07-11 22:45:00+03:00,15,OK,12.444029850746269,Favorable,A;M;V,1
2026-07-11 22:50:00+03:00,15,OK,12.444029850746269,Favorable,A;M;V,1
2026-07-11 22:55:00+03:00,15,OK,12.444029850746269,Favorable,A;M;V,1
2026-07-11 23:00:00+03:00,15,OK,12.444029850746269,Favorable,A;M;V,1
2026-07-11 23:05:00+03:00,15,OK,12.444029850746269,Favorable,A;M;V,1
2026-07-11 23:10:00+03:00,15,OK,12.444029850746269,Favorable,A;M;V,1
2026-07-11 23:15:00+03:00,15,OK,12.444029850746269,Favorable,A;M;V,1
2026-07-11 23:20:00+03:00,15,OK,12.444029850746269,Favorable,A;M;V,1
2026-07-11 23:25:00+03:00,15,OK,12.444029850746269,Favorable,A;M;V,1
2026-07-11 23:30:00+03:00,15,OK,12.444029850746269,Favorable,A;M;V,1
2026-07-11 23:35:00+03:00,15,OK,12.444029850746269,Favorable,A;M;V,1
2026-07-11 23:40:00+03:00,15,OK,12.444029850746269,Favorable,A;M;V,1
2026-07-11 23:45:00+03:00,15,OK,12.444029850746269,Favorable,A;M;V,1
2026-07-11 23:50:00+03:00,15,OK,12.444029850746269,Favorable,A;M;V,1
2026-07-11 23:55:00+03:00,15,OK,12.444029850746269,Favorable,A;M;V,1
2026-07-12 00:00:00+03:00,15,OK,12.444029850746269,Favorable,A;M;V,1
2026-07-12 00:05:00+03:00,15,OK,12.444029850746269,Favorable,A;M;V,1
2026-07-12 00:10:00+03:00,15,OK,12.444029850746269,Favorable,A;M;V,1
2026-07-12 00:15:00+03:00,15,OK,12.444029850746269,Favorable,A;M;V,1
2026-07-12 00:20:00+03:00,15,OK,12.444029850746269,Favorable,A;M;V,1
2026-07-12 00:25:00+03:00,15,OK,12.444029850746269,Favorable,A;M;V,1
2026-07-12 00:30:00+03:00,15,OK,12.444029850746269,Favorable,A;M;V,1
2026-07-12 00:35:00+03:00,15,OK,12.444029850746269,Favorable,A;M;V,1
2026-07-12 00:40:00+03:00,15,OK,12.444029850746269,Favorable,A;M;V,1
2026-07-12 00:45:00+03:00,15,OK,12.444029850746269,Favorable,A;M;V,1
2026-07-12 00:50:00+03:00,15,OK,12.444029850746269,Favorable,A;M;V,1
2026-07-12 00:55:00+03:00,15,OK,12.444029850746269,Favorable,A;M;V,1
2026-07-12 01:00:00+03:00,15,OK,12.444029850746269,Favorable,A;M;V,1
2026-07-12 01:05:00+03:00,15,OK,12.444029850746269,Favorable,A;M;V,1
2026-07-12 01:10:00+03:00,15,OK,12.444029850746269,Favorable,A;M;V,1
2026-07-12 01:15:00+03:00,15,OK,12.444029850746269,Favorable,A;M;V,1
2026-07-12 01:20:00+03:00,15,OK,12.444029850746269,Favorable,A;M;V,1
2026-07-12 01:25:00+03:00,15,OK,12.444029850746269,Favorable,A;M;V,1
2026-07-12 01:30:00+03:00,15,OK,12.444029850746269,Favorable,A;M;V,1
2026-07-12 01:35:00+03:00,15,OK,12.444029850746269,Favorable,A;M;V,1
2026-07-12 01:40:00+03:00,15,OK,12.444029850746269,Favorable,A;M;V,1
2026-07-12 01:45:00+03:00,15,OK,12.444029850746269,Favorable,A;M;V,1
2026-07-12 01:50:00+03:00,15,OK,12.444029850746269,Favorable,A;M;V,1
2026-07-12 01:55:00+03:00,15,OK,12.444029850746269,Favorable,A;M;V,1
2026-07-12 02:00:00+03:00,15,OK,12.444029850746269,Favorable,A;M;V,1
2026-07-12 02:05:00+03:00,15,OK,12.444029850746269,Favorable,A;M;V,1
2026-07-12 02:10:00+03:00,15,OK,12.444029850746269,Favorable,A;M;V,1
2026-07-12 02:15:00+03:00,15,OK,12.444029850746269,Favorable,A;M;V,1
2026-07-12 02:20:00+03:00,15,OK,12.444029850746269,Favorable,A;M;V,1
2026-07-12 02:25:00+03:00,15,OK,12.444029850746269,Favorable,A;M;V,1
2026-07-12 02:30:00+03:00,15,OK,12.444029850746269,Favorable,A;M;V,1
2026-07-12 02:35:00+03:00,15,OK,12.444029850746269,Favorable,A;M;V,1
2026-07-12 02:40:00+03:00,15,OK,12.444029850746269,Favorable,A;M;V,1
2026-07-12 02:45:00+03:00,15,OK,12.444029850746269,Favorable,A;M;V,1
2026-07-12 02:50:00+03:00,15,OK,12.444029850746269,Favorable,A;M;V,1
2026-07-12 02:55:00+03:00,15,OK,12.444029850746269,Favorable,A;M;V,1
2026-07-12 03:00:00+03:00,15,OK,12.444029850746269,Favorable,A;M;V,1
2026-07-12 03:05:00+03:00,15,OK,12.444029850746269,Favorable,A;M;V,1
2026-07-12 03:10:00+03:00,15,OK,12.444029850746269,Favorable,A;M;V,1
2026-07-12 03:15:00+03:00,15,OK,12.444029850746269,Favorable,A;M;V,1
2026-07-12 03:20:00+03:00,15,OK,12.444029850746269,Favorable,A;M;V,1
2026-07-12 03:25:00+03:00,15,OK,12.444029850746269,Favorable,A;M;V,1
2026-07-12 03:30:00+03:00,15,OK,12.444029850746269,Favorable,A;M;V,1
2026-07-12 03:35:00+03:00,15,OK,12.444029850746269,Favorable,A;M;V,1
2026-07-12 03:40:00+03:00,15,OK,12.444029850746269,Favorable,A;M;V,1
2026-07-12 03:45:00+03:00,15,OK,12.444029850746269,Favorable,A;M;V,1
2026-07-12 03:50:00+03:00,15,OK,12.444029850746269,Favorable,A;M;V,1
2026-07-12 03:55:00+03:00,15,OK,12.444029850746269,Favorable,A;M;V,1
2026-07-12 04:00:00+03:00,15,OK,12.496487771874005,Favorable,M,2
2026-07-12 04:05:00+03:00,15,OK,13.221513618122703,Favorable,M,2
2026-07-12 04:10:00+03:00,15,OK,13.88434411165784,Favorable,M,2
2026-07-12 04:15:00+03:00,15,OK,14.615782786926069,Favorable,M,2
2026-07-12 04:20:00+03:00,15,OK,15.25044798423596,Favorable,M,2
2026-07-12 04:25:00+03:00,15,OK,15.484954403778126,Favorable,M,2
2026-07-12 04:30:00+03:00,15,OK,15.967639625353588,Favorable,M,2
2026-07-12 04:35:00+03:00,15,OK,16.352922962596132,Favorable,M,2
2026-07-12 04:40:00+03:00,15,OK,17.097154966677433,Favorable,M,2
2026-07-12 04:45:00+03:00,15,OK,17.755130269248443,Favorable,M,2
2026-07-12 04:50:00+03:00,15,OK,18.43803315933709,Favorable,M,2
2026-07-12 04:55:00+03:00,15,OK,18.864481660584964,Favorable,M,2
2026-07-12 05:00:00+03:00,15,OK,19.522068928017106,Favorable,M,2
2026-07-12 05:05:00+03:00,15,OK,20.077712486779614,Favorable,M,2
2026-07-12 05:10:00+03:00,15,OK,20.759308484357046,Favorable,M,2
2026-07-12 05:15:00+03:00,15,OK,21.21350379386661,Favorable,M,2
2026-07-12 05:20:00+03:00,15,OK,21.81044073633865,Favorable,M,2
2026-07-12 05:25:00+03:00,15,OK,22.29543209876562,Favorable,M,2
2026-07-12 05:30:00+03:00,15,OK,22.960452674897237,Favorable,M,2
2026-07-12 05:35:00+03:00,15,OK,23.583909465020653,Favorable,M,2
2026-07-12 05:40:00+03:00,15,OK,24.13255144032961,Favorable,M,2
2026-07-12 05:45:00+03:00,15,OK,24.656255144032798,Favorable,M,2
2026-07-12 05:50:00+03:00,15,OK,25.030329218106715,Acceptable,M,2
2026-07-12 05:55:00+03:00,15,OK,25.534024457702515,Acceptable,M,2
2026-07-12 06:00:00+03:00,15,OK,26.061069871296667,Acceptable,M,2
2026-07-12 06:05:00+03:00,15,OK,26.415303309277643,Acceptable,M,2
2026-07-12 06:10:00+03:00,15,OK,26.761395643022045,Acceptable,M,2
2026-07-12 06:15:00+03:00,15,OK,26.786120188696852,Acceptable,M,2
2026-07-12 06:20:00+03:00,15,OK,27.091096438773675,Acceptable,M,2
2026-07-12 06:25:00+03:00,15,OK,27.33842906991695,Acceptable,M,2
2026-07-12 06:30:00+03:00,15,OK,27.2477347611205,Acceptable,M,2
2026-07-12 06:35:00+03:00,15,OK,27.23949014995039,Acceptable,M,2
2026-07-12 06:40:00+03:00,15,OK,26.204360602114512,Acceptable,M,2
2026-07-12 06:45:00+03:00,15,OK,27.239490149950218,Acceptable,M,2
2026-07-12 06:50:00+03:00,15,OK,31.778887158387448,Acceptable,M,2
2026-07-12 06:55:00+03:00,15,OK,27.33018386108307,Acceptable,M,2
2026-07-12 07:00:00+03:00,15,OK,37.5,Acceptable,M,1
2026-07-12 07:05:00+03:00,15,OK,62.5,Degraded,A;M;V,1
2026-07-12 07:10:00+03:00,15,OK,87.55597014925372,Critical,A;M;V,1
2026-07-12 07:15:00+03:00,15,OK,87.55597014925372,Critical,A;M;V,1
2026-07-12 07:20:00+03:00,15,PARTIAL,12.444029850746269,Favorable,A;V,1
2026-07-12 07:25:00+03:00,15,OK,37.5,Acceptable,M,1
2026-07-12 07:30:00+03:00,15,OK,37.5,Acceptable,M,1
2026-07-12 07:35:00+03:00,15,OK,37.5,Acceptable,M,1
2026-07-12 07:40:00+03:00,15,OK,37.50000000000001,Acceptable,M,1
2026-07-12 07:45:00+03:00,15,OK,37.5,Acceptable,A;M;V,1
2026-07-12 07:50:00+03:00,15,OK,37.5,Acceptable,A;M;V,1
2026-07-12 07:55:00+03:00,15,OK,37.5,Acceptable,A;M;V,1
2026-07-12 08:00:00+03:00,15,OK,23.20983539094603,Favorable,M,2
2026-07-12 08:05:00+03:00,15,OK,25.762520776375798,Acceptable,M,2
2026-07-12 08:10:00+03:00,15,OK,20.237625686913194,Favorable,M,2
2026-07-12 08:15:00+03:00,15,OK,20.19554520685158,Favorable,M,2
2026-07-12 08:20:00+03:00,15,OK,20.119796848951424,Favorable,M,2
2026-07-12 08:25:00+03:00,15,OK,22.28711934156405,Favorable,M,2
2026-07-12 08:30:00+03:00,15,OK,22.22061728395098,Favorable,M,2
2026-07-12 08:35:00+03:00,15,OK,22.31205761316911,Favorable,M,2
2026-07-12 08:40:00+03:00,15,OK,21.953327890009962,Favorable,M,2
2026-07-12 08:45:00+03:00,15,OK,21.35645777419153,Favorable,M,2
2026-07-12 08:50:00+03:00,15,OK,20.439592694593934,Favorable,M,2
2026-07-12 08:55:00+03:00,15,OK,19.707310301875683,Favorable,M,2
2026-07-12 09:00:00+03:00,15,OK,18.983032173852397,Favorable,M,2
2026-07-12 09:05:00+03:00,15,OK,18.514814643844932,Favorable,M,2
2026-07-12 09:10:00+03:00,15,OK,17.738048459414447,Favorable,M,2
2026-07-12 09:15:00+03:00,15,OK,16.64387405355245,Favorable,M,2
2026-07-12 09:20:00+03:00,15,OK,15.537049890106417,Favorable,M,2
2026-07-12 09:25:00+03:00,15,OK,14.197967249580815,Favorable,M,2
2026-07-12 09:30:00+03:00,15,OK,12.776157605416044,Favorable,M,2
2026-07-12 09:35:00+03:00,15,OK,12.444029850746269,Favorable,A;M;V,1
2026-07-12 09:40:00+03:00,15,OK,12.444029850746269,Favorable,A;M;V,1
2026-07-12 09:45:00+03:00,15,OK,12.444029850746269,Favorable,A;M;V,1
2026-07-12 09:50:00+03:00,15,OK,12.444029850746269,Favorable,A;M;V,1
2026-07-12 09:55:00+03:00,15,OK,12.444029850746269,Favorable,A;M;V,1
2026-07-12 10:00:00+03:00,15,OK,12.444029850746269,Favorable,A;M;V,1
2026-07-12 10:05:00+03:00,15,OK,12.444029850746269,Favorable,A;M;V,1
2026-07-12 10:10:00+03:00,15,OK,12.444029850746269,Favorable,A;M;V,1
2026-07-12 10:15:00+03:00,15,OK,12.444029850746269,Favorable,A;M;V,1
2026-07-12 10:20:00+03:00,15,OK,12.444029850746269,Favorable,A;M;V,1
2026-07-12 10:25:00+03:00,15,OK,12.444029850746269,Favorable,A;M;V,1
2026-07-12 10:30:00+03:00,15,OK,12.444029850746269,Favorable,A;M;V,1
2026-07-12 10:35:00+03:00,15,OK,12.444029850746269,Favorable,A;M;V,1
2026-07-12 10:40:00+03:00,15,OK,12.444029850746269,Favorable,A;M;V,1
2026-07-12 10:45:00+03:00,15,OK,12.444029850746269,Favorable,A;M;V,1
2026-07-12 10:50:00+03:00,15,OK,12.444029850746269,Favorable,A;M;V,1
2026-07-12 10:55:00+03:00,15,OK,12.444029850746269,Favorable,A;M;V,1
2026-07-12 11:00:00+03:00,15,OK,12.444029850746269,Favorable,A;M;V,1
2026-07-12 11:05:00+03:00,15,OK,12.444029850746269,Favorable,A;M;V,1
2026-07-12 11:10:00+03:00,15,OK,12.444029850746269,Favorable,A;M;V,1
2026-07-12 11:15:00+03:00,15,OK,12.444029850746269,Favorable,A;M;V,1
2026-07-12 11:20:00+03:00,15,OK,12.444029850746269,Favorable,A;M;V,1
2026-07-12 11:25:00+03:00,15,OK,12.444029850746269,Favorable,A;M;V,1
2026-07-12 11:30:00+03:00,15,OK,12.444029850746269,Favorable,A;M;V,1
2026-07-12 11:35:00+03:00,15,OK,12.444029850746269,Favorable,A;M;V,1
2026-07-12 11:40:00+03:00,15,OK,12.444029850746269,Favorable,A;M;V,1
2026-07-12 11:45:00+03:00,15,OK,12.444029850746269,Favorable,A;M;V,1
2026-07-12 11:50:00+03:00,15,OK,12.444029850746269,Favorable,A;M;V,1
2026-07-12 11:55:00+03:00,15,OK,12.444029850746269,Favorable,A;M;V,1
2026-07-12 12:00:00+03:00,15,OK,12.444029850746269,Favorable,A;M;V,1
2026-07-12 12:05:00+03:00,15,OK,12.444029850746269,Favorable,A;M;V,1
2026-07-12 12:10:00+03:00,15,OK,12.444029850746269,Favorable,A;M;V,1
2026-07-12 12:15:00+03:00,15,OK,12.444029850746269,Favorable,A;M;V,1
2026-07-12 12:20:00+03:00,15,OK,12.444029850746269,Favorable,A;M;V,1
2026-07-12 12:25:00+03:00,15,OK,12.444029850746269,Favorable,A;M;V,1
2026-07-12 12:30:00+03:00,15,OK,12.444029850746269,Favorable,A;M;V,1
2026-07-12 12:35:00+03:00,15,OK,12.444029850746269,Favorable,A;M;V,1
2026-07-12 12:40:00+03:00,15,OK,12.444029850746269,Favorable,A;M;V,1
2026-07-12 12:45:00+03:00,15,OK,12.444029850746269,Favorable,A;M;V,1
2026-07-12 12:50:00+03:00,15,OK,12.444029850746269,Favorable,A;M;V,1
2026-07-12 12:55:00+03:00,15,OK,12.444029850746269,Favorable,A;M;V,1
2026-07-12 13:00:00+03:00,15,OK,12.444029850746269,Favorable,A;M;V,1
2026-07-12 13:05:00+03:00,15,OK,12.444029850746269,Favorable,A;M;V,1
2026-07-12 13:10:00+03:00,15,OK,12.444029850746269,Favorable,A;M;V,1
2026-07-12 13:15:00+03:00,15,OK,12.444029850746269,Favorable,A;M;V,1
2026-07-12 13:20:00+03:00,15,OK,12.444029850746269,Favorable,A;M;V,1
2026-07-12 13:25:00+03:00,15,OK,12.444029850746269,Favorable,A;M;V,1
2026-07-12 13:30:00+03:00,15,OK,12.444029850746269,Favorable,A;M;V,1
2026-07-12 13:35:00+03:00,15,OK,12.444029850746269,Favorable,A;M;V,1
2026-07-12 13:40:00+03:00,15,OK,12.444029850746269,Favorable,A;M;V,1
2026-07-12 13:45:00+03:00,15,OK,12.444029850746269,Favorable,A;M;V,1
2026-07-12 13:50:00+03:00,15,OK,12.444029850746269,Favorable,A;M;V,1
2026-07-12 13:55:00+03:00,15,OK,12.444029850746269,Favorable,A;M;V,1
2026-07-12 14:00:00+03:00,15,OK,12.444029850746269,Favorable,A;M;V,1
2026-07-12 14:05:00+03:00,15,OK,12.444029850746269,Favorable,A;M;V,1
2026-07-12 14:10:00+03:00,15,OK,12.444029850746269,Favorable,A;M;V,1
2026-07-12 14:15:00+03:00,15,OK,12.444029850746269,Favorable,A;M;V,1
2026-07-12 14:20:00+03:00,15,OK,12.444029850746269,Favorable,A;M;V,1
2026-07-12 14:25:00+03:00,15,OK,12.444029850746269,Favorable,A;M;V,1
2026-07-12 14:30:00+03:00,15,OK,12.444029850746269,Favorable,A;M;V,1
2026-07-12 14:35:00+03:00,15,OK,12.444029850746269,Favorable,A;M;V,1
2026-07-12 14:40:00+03:00,15,OK,12.444029850746269,Favorable,A;M;V,1
2026-07-12 14:45:00+03:00,15,OK,12.444029850746269,Favorable,A;M;V,1
2026-07-12 14:50:00+03:00,15,OK,12.444029850746269,Favorable,A;M;V,1
2026-07-12 14:55:00+03:00,15,OK,12.444029850746269,Favorable,A;M;V,1
2026-07-12 15:00:00+03:00,15,OK,12.444029850746269,Favorable,A;M;V,1
2026-07-12 15:05:00+03:00,15,OK,12.444029850746269,Favorable,A;M;V,1
2026-07-12 15:10:00+03:00,15,OK,12.444029850746269,Favorable,A;M;V,1
2026-07-12 15:15:00+03:00,15,OK,12.444029850746269,Favorable,A;M;V,1
2026-07-12 15:20:00+03:00,15,OK,12.444029850746269,Favorable,A;M;V,1
2026-07-12 15:25:00+03:00,15,OK,12.444029850746269,Favorable,A;M;V,1
2026-07-12 15:30:00+03:00,15,OK,12.444029850746269,Favorable,A;M;V,1
2026-07-12 15:35:00+03:00,15,OK,12.444029850746269,Favorable,A;M;V,1
2026-07-12 15:40:00+03:00,15,OK,12.444029850746269,Favorable,A;M;V,1
2026-07-12 15:45:00+03:00,15,OK,12.444029850746269,Favorable,A;M;V,1
2026-07-12 15:50:00+03:00,15,OK,12.444029850746269,Favorable,A;M;V,1
2026-07-12 15:55:00+03:00,15,OK,87.42712467098428,Critical,A,1
2026-07-12 16:00:00+03:00,15,OK,87.49806644778074,Critical,V,2
2026-07-12 16:05:00+03:00,15,OK,87.55597014925372,Critical,A;M;V,1
2026-07-12 16:10:00+03:00,15,OK,87.55597014925372,Critical,A;M;V,1
2026-07-12 16:15:00+03:00,15,OK,87.45986585893553,Critical,V,4
2026-07-12 16:20:00+03:00,15,OK,87.37179247050013,Critical,V,4
2026-07-12 16:25:00+03:00,15,OK,87.42269920291628,Critical,M,4
2026-07-12 16:30:00+03:00,15,OK,87.36138411138411,Critical,M,4
2026-07-12 16:35:00+03:00,15,OK,87.31380921688688,Critical,M,4
2026-07-12 16:40:00+03:00,15,OK,87.35044071651976,Critical,M,4
2026-07-12 16:45:00+03:00,15,OK,87.3741056643859,Critical,M,4
2026-07-12 16:50:00+03:00,15,OK,87.3384273569514,Critical,A,2
2026-07-12 16:55:00+03:00,15,OK,87.38351455982111,Critical,A,4
2026-07-12 17:00:00+03:00,15,OK,87.38691380778394,Critical,V,4
2026-07-12 17:05:00+03:00,15,OK,87.38574780502573,Critical,V,4
2026-07-12 17:10:00+03:00,15,OK,87.42443197742405,Critical,V,4
2026-07-12 17:15:00+03:00,15,OK,87.4102370146243,Critical,V,4
2026-07-12 17:20:00+03:00,15,OK,75.55529964763161,Critical,V,8
2026-07-12 17:25:00+03:00,15,OK,66.73490234284455,Degraded,A,8
2026-07-12 17:30:00+03:00,15,OK,62.49999999999999,Degraded,A,2
2026-07-12 17:35:00+03:00,15,OK,62.500000000000014,Degraded,A,2
2026-07-12 17:40:00+03:00,15,OK,62.5,Degraded,A,2
2026-07-12 17:45:00+03:00,15,OK,62.499999999999986,Degraded,A,2
2026-07-12 17:50:00+03:00,15,OK,62.50000000000001,Degraded,A,2
2026-07-12 17:55:00+03:00,15,OK,62.5,Degraded,A,2
2026-07-12 18:00:00+03:00,15,OK,62.50000000000001,Degraded,A,2
2026-07-12 18:05:00+03:00,15,OK,62.50000000000001,Degraded,A,2
2026-07-12 18:10:00+03:00,15,OK,62.5,Degraded,M,2
2026-07-12 18:15:00+03:00,15,OK,62.50000000000001,Degraded,M,2
2026-07-12 18:20:00+03:00,15,OK,62.5,Degraded,M,2
2026-07-12 18:25:00+03:00,15,OK,62.5,Degraded,M,4
2026-07-12 18:30:00+03:00,15,OK,57.77329246245528,Degraded,A,8
2026-07-12 18:35:00+03:00,15,OK,51.083970349687405,Degraded,M,8
2026-07-12 18:40:00+03:00,15,OK,49.74670636567753,Acceptable,A,8
2026-07-12 18:45:00+03:00,15,OK,52.82176545701695,Degraded,V,8
2026-07-12 18:50:00+03:00,15,OK,56.849673400702706,Degraded,V,4
2026-07-12 18:55:00+03:00,15,OK,59.565950605046005,Degraded,V,4
2026-07-12 19:00:00+03:00,15,OK,61.27664370034258,Degraded,V,4
2026-07-12 19:05:00+03:00,15,OK,62.5,Degraded,V,2
2026-07-12 19:10:00+03:00,15,OK,62.5,Degraded,V,2
2026-07-12 19:15:00+03:00,15,OK,62.5,Degraded,V,2
2026-07-12 19:20:00+03:00,15,OK,62.5,Degraded,A;M;V,1
2026-07-12 19:25:00+03:00,15,OK,62.5,Degraded,A;M;V,1
2026-07-12 19:30:00+03:00,15,OK,62.5,Degraded,A;M;V,1
2026-07-12 19:35:00+03:00,15,OK,62.5,Degraded,A,2
2026-07-12 19:40:00+03:00,15,OK,62.50000000000001,Degraded,A,2
2026-07-12 19:45:00+03:00,15,OK,62.49999999999998,Degraded,A,2
2026-07-12 19:50:00+03:00,15,OK,62.49999999999999,Degraded,A,2
2026-07-12 19:55:00+03:00,15,OK,62.500000000000014,Degraded,A,2
2026-07-12 20:00:00+03:00,15,OK,62.49999999999999,Degraded,A,2
2026-07-12 20:05:00+03:00,15,OK,62.499999999999986,Degraded,A,2
2026-07-12 20:10:00+03:00,15,OK,62.500000000000014,Degraded,A,2
2026-07-12 20:15:00+03:00,15,OK,62.49999999999998,Degraded,A,2
2026-07-12 20:20:00+03:00,15,OK,62.50000000000002,Degraded,A,2
2026-07-12 20:25:00+03:00,15,OK,62.5,Degraded,A,2
2026-07-12 20:30:00+03:00,15,OK,62.49999999999999,Degraded,A,2
2026-07-12 20:35:00+03:00,15,OK,62.500000000000014,Degraded,A,2
2026-07-12 20:40:00+03:00,15,OK,62.5,Degraded,A;M;V,1
2026-07-12 20:45:00+03:00,15,OK,62.5,Degraded,A;M;V,1
2026-07-12 20:50:00+03:00,15,OK,61.940223993609465,Degraded,M,2
2026-07-12 20:55:00+03:00,15,OK,58.48715791557372,Degraded,M,2
2026-07-12 21:00:00+03:00,15,OK,54.61383133209402,Degraded,M,2
2026-07-12 21:05:00+03:00,15,OK,51.08707379351158,Degraded,M,2
2026-07-12 21:10:00+03:00,15,OK,47.84127482533914,Acceptable,M,2
2026-07-12 21:15:00+03:00,15,OK,45.02343168409708,Acceptable,M,2
2026-07-12 21:20:00+03:00,15,OK,41.68892846542004,Acceptable,M,2
2026-07-12 21:25:00+03:00,15,OK,38.32614942528726,Acceptable,M,2
2026-07-12 21:30:00+03:00,15,OK,35.09361594039316,Acceptable,M,2
2026-07-12 21:35:00+03:00,15,OK,32.16991234598506,Acceptable,M,2
2026-07-12 21:40:00+03:00,15,OK,29.892099669616034,Acceptable,M,2
2026-07-12 21:45:00+03:00,15,OK,27.915728744739035,Acceptable,M,2
2026-07-12 21:50:00+03:00,15,OK,26.514177061751376,Acceptable,M,2
2026-07-12 21:55:00+03:00,15,OK,24.498312757201777,Favorable,M,2
2026-07-12 22:00:00+03:00,15,OK,21.877683742308093,Favorable,M,2
2026-07-12 22:05:00+03:00,15,OK,18.974607920047795,Favorable,M,2
2026-07-12 22:10:00+03:00,15,OK,16.69520480097702,Favorable,M,2
2026-07-12 22:15:00+03:00,15,OK,15.484954403778682,Favorable,M,2
2026-07-12 22:20:00+03:00,15,OK,14.311164948931161,Favorable,M,2
2026-07-12 22:25:00+03:00,15,OK,13.125494640975251,Favorable,M,2
2026-07-12 22:30:00+03:00,15,OK,12.444029850746269,Favorable,A;M;V,1
2026-07-12 22:35:00+03:00,15,OK,12.444029850746269,Favorable,A;M;V,1
2026-07-12 22:40:00+03:00,15,OK,12.444029850746269,Favorable,A;M;V,1
2026-07-12 22:45:00+03:00,15,OK,12.444029850746269,Favorable,A;M;V,1
2026-07-12 22:50:00+03:00,15,OK,12.444029850746269,Favorable,A;M;V,1
2026-07-12 22:55:00+03:00,15,OK,12.444029850746269,Favorable,A;M;V,1
2026-07-12 23:00:00+03:00,15,OK,12.444029850746269,Favorable,A;M;V,1
2026-07-12 23:05:00+03:00,15,OK,12.444029850746269,Favorable,A;M;V,1
2026-07-12 23:10:00+03:00,15,OK,12.444029850746269,Favorable,A;M;V,1
2026-07-12 23:15:00+03:00,15,OK,12.444029850746269,Favorable,A;M;V,1
2026-07-12 23:20:00+03:00,15,OK,12.444029850746269,Favorable,A;M;V,1
2026-07-12 23:25:00+03:00,15,OK,12.444029850746269,Favorable,A;M;V,1
2026-07-12 23:30:00+03:00,15,OK,12.444029850746269,Favorable,A;M;V,1
2026-07-12 23:35:00+03:00,15,OK,12.444029850746269,Favorable,A;M;V,1
2026-07-12 23:40:00+03:00,15,OK,12.444029850746269,Favorable,A;M;V,1
2026-07-12 23:45:00+03:00,15,OK,12.444029850746269,Favorable,A;M;V,1
2026-07-12 23:50:00+03:00,15,OK,12.444029850746269,Favorable,A;M;V,1
2026-07-12 23:55:00+03:00,15,OK,12.444029850746269,Favorable,A;M;V,1
2026-07-13 00:00:00+03:00,15,OK,12.444029850746269,Favorable,A;M;V,1
2026-07-13 00:05:00+03:00,15,OK,12.444029850746269,Favorable,A;M;V,1
2026-07-13 00:10:00+03:00,15,OK,12.444029850746269,Favorable,A;M;V,1
2026-07-13 00:15:00+03:00,15,OK,12.444029850746269,Favorable,A;M;V,1
2026-07-13 00:20:00+03:00,15,OK,12.444029850746269,Favorable,A;M;V,1
2026-07-13 00:25:00+03:00,15,OK,12.444029850746269,Favorable,A;M;V,1
2026-07-13 00:30:00+03:00,15,OK,12.444029850746269,Favorable,A;M;V,1
2026-07-13 00:35:00+03:00,15,OK,12.444029850746269,Favorable,A;M;V,1
2026-07-13 00:40:00+03:00,15,OK,12.444029850746269,Favorable,A;M;V,1
2026-07-13 00:45:00+03:00,15,OK,12.444029850746269,Favorable,A;M;V,1
2026-07-13 00:50:00+03:00,15,OK,12.444029850746269,Favorable,A;M;V,1
2026-07-13 00:55:00+03:00,15,OK,12.444029850746269,Favorable,A;M;V,1
2026-07-13 01:00:00+03:00,15,OK,12.444029850746269,Favorable,A;M;V,1
2026-07-13 01:05:00+03:00,15,OK,12.444029850746269,Favorable,A;M;V,1
2026-07-13 01:10:00+03:00,15,OK,12.444029850746269,Favorable,A;M;V,1
2026-07-13 01:15:00+03:00,15,OK,12.444029850746269,Favorable,A;M;V,1
2026-07-13 01:20:00+03:00,15,OK,12.444029850746269,Favorable,A;M;V,1
2026-07-13 01:25:00+03:00,15,OK,12.444029850746269,Favorable,A;M;V,1
2026-07-13 01:30:00+03:00,15,OK,12.444029850746269,Favorable,A;M;V,1
2026-07-13 01:35:00+03:00,15,OK,12.444029850746269,Favorable,A;M;V,1
2026-07-13 01:40:00+03:00,15,OK,12.444029850746269,Favorable,A;M;V,1
2026-07-13 01:45:00+03:00,15,OK,12.444029850746269,Favorable,A;M;V,1
2026-07-13 01:50:00+03:00,15,OK,12.444029850746269,Favorable,A;M;V,1
2026-07-13 01:55:00+03:00,15,OK,12.444029850746269,Favorable,A;M;V,1
2026-07-13 02:00:00+03:00,15,OK,12.444029850746269,Favorable,A;M;V,1
2026-07-13 02:05:00+03:00,15,OK,12.444029850746269,Favorable,A;M;V,1
2026-07-13 02:10:00+03:00,15,OK,12.444029850746269,Favorable,A;M;V,1
2026-07-13 02:15:00+03:00,15,OK,12.444029850746269,Favorable,A;M;V,1
2026-07-13 02:20:00+03:00,15,OK,12.444029850746269,Favorable,A;M;V,1
2026-07-13 02:25:00+03:00,15,OK,12.444029850746269,Favorable,A;M;V,1
2026-07-13 02:30:00+03:00,15,OK,12.444029850746269,Favorable,A;M;V,1
2026-07-13 02:35:00+03:00,15,OK,12.444029850746269,Favorable,A;M;V,1
2026-07-13 02:40:00+03:00,15,OK,12.444029850746269,Favorable,A;M;V,1
2026-07-13 02:45:00+03:00,15,OK,12.444029850746269,Favorable,A;M;V,1
2026-07-13 02:50:00+03:00,15,OK,12.444029850746269,Favorable,A;M;V,1
2026-07-13 02:55:00+03:00,15,OK,12.444029850746269,Favorable,A;M;V,1
2026-07-13 03:00:00+03:00,15,OK,12.444029850746269,Favorable,A;M;V,1
2026-07-13 03:05:00+03:00,15,OK,12.444029850746269,Favorable,A;M;V,1
2026-07-13 03:10:00+03:00,15,OK,12.444029850746269,Favorable,A;M;V,1
2026-07-13 03:15:00+03:00,15,OK,12.444029850746269,Favorable,A;M;V,1
2026-07-13 03:20:00+03:00,15,OK,12.444029850746269,Favorable,A;M;V,1
2026-07-13 03:25:00+03:00,15,OK,12.444029850746269,Favorable,A;M;V,1
2026-07-13 03:30:00+03:00,15,OK,12.444029850746269,Favorable,A;M;V,1
2026-07-13 03:35:00+03:00,15,OK,12.444029850746269,Favorable,A;M;V,1
2026-07-13 03:40:00+03:00,15,OK,12.444029850746269,Favorable,A;M;V,1
2026-07-13 03:45:00+03:00,15,OK,12.444029850746269,Favorable,A;M;V,1
2026-07-13 03:50:00+03:00,15,OK,12.444029850746269,Favorable,A;M;V,1
2026-07-13 03:55:00+03:00,15,OK,12.444029850746269,Favorable,A;M;V,1
2026-07-13 04:00:00+03:00,15,OK,12.444029850746269,Favorable,A;M;V,1
2026-07-13 04:05:00+03:00,15,OK,12.444029850746269,Favorable,A;M;V,1
2026-07-13 04:10:00+03:00,15,OK,12.444029850746269,Favorable,A;M;V,1
2026-07-13 04:15:00+03:00,15,OK,12.444029850746269,Favorable,A;M;V,1
2026-07-13 04:20:00+03:00,15,OK,12.444029850746269,Favorable,A;M;V,1
2026-07-13 04:25:00+03:00,15,OK,12.444029850746269,Favorable,A;M;V,1
2026-07-13 04:30:00+03:00,15,OK,12.444029850746269,Favorable,A;M;V,1
2026-07-13 04:35:00+03:00,15,OK,12.444029850746269,Favorable,A;M;V,1
2026-07-13 04:40:00+03:00,15,OK,12.444029850746269,Favorable,A;M;V,1
2026-07-13 04:45:00+03:00,15,OK,12.444029850746269,Favorable,A;M;V,1
2026-07-13 04:50:00+03:00,15,OK,12.444029850746269,Favorable,A;M;V,1
2026-07-13 04:55:00+03:00,15,OK,12.444029850746269,Favorable,A;M;V,1
2026-07-13 05:00:00+03:00,15,OK,12.444029850746269,Favorable,A;M;V,1
2026-07-13 05:05:00+03:00,15,OK,12.444029850746269,Favorable,A;M;V,1
2026-07-13 05:10:00+03:00,15,OK,12.444029850746269,Favorable,A;M;V,1
2026-07-13 05:15:00+03:00,15,OK,12.444029850746269,Favorable,A;M;V,1
2026-07-13 05:20:00+03:00,15,OK,12.444029850746269,Favorable,A;M;V,1
2026-07-13 05:25:00+03:00,15,OK,12.444029850746269,Favorable,A;M;V,1
2026-07-13 05:30:00+03:00,15,OK,12.444029850746269,Favorable,A;M;V,1
2026-07-13 05:35:00+03:00,15,OK,12.444029850746269,Favorable,A;M;V,1
2026-07-13 05:40:00+03:00,15,OK,13.308785375600374,Favorable,M,2
2026-07-13 05:45:00+03:00,15,OK,14.189258523667933,Favorable,M,2
2026-07-13 05:50:00+03:00,15,OK,14.433037487094156,Favorable,M,2
2026-07-13 05:55:00+03:00,15,OK,14.83323740912021,Favorable,M,2
2026-07-13 06:00:00+03:00,15,OK,15.354688564042021,Favorable,M,2
2026-07-13 06:05:00+03:00,15,OK,15.94194592290862,Favorable,M,2
2026-07-13 06:10:00+03:00,15,OK,16.275884620339223,Favorable,M,2
2026-07-13 06:15:00+03:00,15,OK,16.56687030463152,Favorable,M,2
2026-07-13 06:20:00+03:00,15,OK,16.960348874444403,Favorable,M,2
2026-07-13 06:25:00+03:00,15,OK,17.387771973189487,Favorable,M,2
2026-07-13 06:30:00+03:00,15,OK,17.627005704896153,Favorable,M,2
2026-07-13 06:35:00+03:00,15,OK,17.515943896491592,Favorable,M,2
2026-07-13 06:40:00+03:00,15,OK,17.33649609742448,Favorable,M,2
2026-07-13 06:45:00+03:00,15,OK,17.336496097424295,Favorable,M,2
2026-07-13 06:50:00+03:00,15,OK,17.379226275927056,Favorable,M,2
2026-07-13 06:55:00+03:00,15,OK,17.404863029295427,Favorable,M,2
2026-07-13 07:00:00+03:00,15,OK,17.199740570942506,Favorable,M,2
2026-07-13 07:05:00+03:00,15,OK,17.370680465854807,Favorable,M,2
2026-07-13 07:10:00+03:00,15,OK,17.584291879905624,Favorable,M,2
2026-07-13 07:15:00+03:00,15,OK,17.669716711264023,Favorable,M,2
2026-07-13 07:20:00+03:00,15,OK,17.447588695546386,Favorable,M,2
2026-07-13 07:25:00+03:00,15,OK,17.02875553340211,Favorable,M,2
2026-07-13 07:30:00+03:00,15,OK,16.840619831027492,Favorable,M,2
2026-07-13 07:35:00+03:00,15,OK,16.626762900418967,Favorable,M,2
2026-07-13 07:40:00+03:00,15,OK,16.68664995889105,Favorable,M,2
2026-07-13 07:45:00+03:00,15,OK,16.652429460615405,Favorable,M,2
2026-07-13 07:50:00+03:00,15,OK,16.395718083788566,Favorable,M,2
2026-07-13 07:55:00+03:00,15,OK,15.976203966473117,Favorable,M,2
2026-07-13 08:00:00+03:00,15,OK,15.389429910681706,Favorable,M,2
2026-07-13 08:05:00+03:00,15,OK,14.885410465039927,Favorable,M,2
2026-07-13 08:10:00+03:00,15,OK,14.224092389577132,Favorable,M,2
2026-07-13 08:15:00+03:00,15,OK,13.614099939715292,Favorable,M,2
2026-07-13 08:20:00+03:00,15,OK,13.247696967286673,Favorable,M,2
2026-07-13 08:25:00+03:00,15,OK,13.221513618122515,Favorable,M,2
2026-07-13 08:30:00+03:00,15,OK,13.204057184327716,Favorable,M,2
2026-07-13 08:35:00+03:00,15,OK,13.055649464717778,Favorable,M,2
2026-07-13 08:40:00+03:00,15,OK,12.81110381730988,Favorable,M,2
2026-07-13 08:45:00+03:00,15,OK,12.741208612674601,Favorable,M,2
2026-07-13 08:50:00+03:00,15,OK,12.872252997708928,Favorable,M,2
2026-07-13 08:55:00+03:00,15,OK,12.872252997708928,Favorable,M,2
2026-07-13 09:00:00+03:00,15,OK,12.749946121582587,Favorable,M,2
2026-07-13 09:05:00+03:00,15,OK,12.566421924640832,Favorable,M,2
2026-07-13 09:10:00+03:00,15,OK,12.522714383786157,Favorable,M,2
2026-07-13 09:15:00+03:00,15,OK,12.505230149806938,Favorable,M,2
2026-07-13 09:20:00+03:00,15,OK,12.444029850746269,Favorable,A;M;V,1
2026-07-13 09:25:00+03:00,15,OK,12.444029850746269,Favorable,A;M;V,1
2026-07-13 09:30:00+03:00,15,OK,12.444029850746269,Favorable,A;M;V,1
2026-07-13 09:35:00+03:00,15,OK,14.36340018533183,Favorable,M,2
2026-07-13 09:40:00+03:00,15,OK,18.301510234771488,Favorable,M,2
2026-07-13 09:45:00+03:00,15,OK,23.64209876543234,Favorable,M,2
2026-07-13 09:50:00+03:00,15,OK,29.110938137050177,Acceptable,M,2
2026-07-13 09:55:00+03:00,15,OK,33.74454894087215,Acceptable,M,2
2026-07-13 10:00:00+03:00,15,OK,39.37865903544914,Acceptable,M,2
2026-07-13 10:05:00+03:00,15,OK,41.873738316321806,Acceptable,M,2
2026-07-13 10:10:00+03:00,15,OK,43.05155826001171,Acceptable,M,2
2026-07-13 10:15:00+03:00,15,OK,43.04322084073407,Acceptable,M,2
2026-07-13 10:20:00+03:00,15,OK,42.266640312299366,Acceptable,M,2
2026-07-13 10:25:00+03:00,15,OK,41.291346735377594,Acceptable,M,2
2026-07-13 10:30:00+03:00,15,OK,42.51995858905569,Acceptable,M,2
2026-07-13 10:35:00+03:00,15,OK,45.54612802337289,Acceptable,M,2
2026-07-13 10:40:00+03:00,15,OK,46.291639242806504,Acceptable,M,2
2026-07-13 10:45:00+03:00,15,OK,48.086772237593735,Acceptable,M,2
2026-07-13 10:50:00+03:00,15,OK,49.7221913545953,Acceptable,M,2
2026-07-13 10:55:00+03:00,15,OK,51.3487664917359,Degraded,M,2
2026-07-13 11:00:00+03:00,15,OK,52.84637430803641,Degraded,M,2
2026-07-13 11:05:00+03:00,15,OK,54.07854391068491,Degraded,M,2
2026-07-13 11:10:00+03:00,15,OK,53.88929828870871,Degraded,M,2
2026-07-13 11:15:00+03:00,15,OK,53.29742980483808,Degraded,M,2
2026-07-13 11:20:00+03:00,15,OK,50.899015986138686,Degraded,M,2
2026-07-13 11:25:00+03:00,15,OK,46.686140704011216,Acceptable,M,4
2026-07-13 11:30:00+03:00,15,OK,41.86489293308899,Acceptable,M,4
2026-07-13 11:35:00+03:00,15,OK,38.812344714074285,Acceptable,A,4
2026-07-13 11:40:00+03:00,15,OK,40.209625290258394,Acceptable,A,4
2026-07-13 11:45:00+03:00,15,OK,42.43740217706958,Acceptable,V,4
2026-07-13 11:50:00+03:00,15,OK,41.2778703810671,Acceptable,M,2
2026-07-13 11:55:00+03:00,15,OK,40.451862506820156,Acceptable,M,2
2026-07-13 12:00:00+03:00,15,OK,40.570653162013066,Acceptable,M,2
2026-07-13 12:05:00+03:00,15,OK,41.81462980364995,Acceptable,M,2
2026-07-13 12:10:00+03:00,15,OK,43.13491737235908,Acceptable,M,2
2026-07-13 12:15:00+03:00,15,OK,43.85890590004796,Acceptable,M,2
2026-07-13 12:20:00+03:00,15,OK,45.072914309699904,Acceptable,M,2
2026-07-13 12:25:00+03:00,15,OK,46.36563660295064,Acceptable,M,2
2026-07-13 12:30:00+03:00,15,OK,47.612100435709934,Acceptable,M,2
2026-07-13 12:35:00+03:00,15,OK,48.78208670234834,Acceptable,M,2
2026-07-13 12:40:00+03:00,15,OK,50.74874597180255,Degraded,M,2
2026-07-13 12:45:00+03:00,15,OK,52.02747647230405,Degraded,M,2
2026-07-13 12:50:00+03:00,15,OK,53.28768881287483,Degraded,M,2
2026-07-13 12:55:00+03:00,15,OK,53.992371812029404,Degraded,M,2
2026-07-13 13:00:00+03:00,15,OK,54.42668179199276,Degraded,M,2
2026-07-13 13:05:00+03:00,15,OK,54.95915236234789,Degraded,M,2
2026-07-13 13:10:00+03:00,15,OK,54.49024273531191,Degraded,M,2
2026-07-13 13:15:00+03:00,15,OK,55.06730163727967,Degraded,M,2
2026-07-13 13:20:00+03:00,15,OK,56.340549952363794,Degraded,M,2
2026-07-13 13:25:00+03:00,15,OK,58.35298580074865,Degraded,M,2
2026-07-13 13:30:00+03:00,15,OK,59.71797204532257,Degraded,M,2
2026-07-13 13:35:00+03:00,15,OK,60.17731212963361,Degraded,M,2
2026-07-13 13:40:00+03:00,15,OK,60.646342434132094,Degraded,M,2
2026-07-13 13:45:00+03:00,15,OK,61.90583161110622,Degraded,M,2
2026-07-13 13:50:00+03:00,15,OK,62.5,Degraded,A;M;V,1
2026-07-13 13:55:00+03:00,15,OK,62.5,Degraded,A;M;V,1
2026-07-13 14:00:00+03:00,15,OK,62.5,Degraded,A;M;V,1
2026-07-13 14:05:00+03:00,15,OK,62.5,Degraded,A;M;V,1
2026-07-13 14:10:00+03:00,15,OK,62.5,Degraded,A;M;V,1
2026-07-13 14:15:00+03:00,15,OK,62.5,Degraded,A;M;V,1
2026-07-13 14:20:00+03:00,15,OK,62.5,Degraded,A;M;V,1
2026-07-13 14:25:00+03:00,15,OK,62.5,Degraded,A;M;V,1
2026-07-13 14:30:00+03:00,15,OK,62.5,Degraded,A;M;V,1
2026-07-13 14:35:00+03:00,15,OK,62.5,Degraded,A;M;V,1
2026-07-13 14:40:00+03:00,15,OK,62.5,Degraded,A;M;V,1
2026-07-13 14:45:00+03:00,15,OK,62.5,Degraded,A;M;V,1
2026-07-13 14:50:00+03:00,15,OK,62.5,Degraded,A;M;V,1
2026-07-13 14:55:00+03:00,15,OK,62.5,Degraded,A;M;V,1
2026-07-13 15:00:00+03:00,15,OK,62.5,Degraded,A;M;V,1
2026-07-13 15:05:00+03:00,15,OK,62.5,Degraded,A;M;V,1
2026-07-13 15:10:00+03:00,15,OK,62.5,Degraded,A;M;V,1
2026-07-13 15:15:00+03:00,15,OK,62.5,Degraded,A;M;V,1
2026-07-13 15:20:00+03:00,15,OK,62.5,Degraded,A;M;V,1
2026-07-13 15:25:00+03:00,15,OK,62.5,Degraded,A;M;V,1
2026-07-13 15:30:00+03:00,15,OK,62.5,Degraded,A;M;V,1
2026-07-13 15:35:00+03:00,15,OK,62.5,Degraded,A;M;V,1
2026-07-13 15:40:00+03:00,15,OK,62.5,Degraded,A;M;V,1
2026-07-13 15:45:00+03:00,15,OK,62.5,Degraded,A;M;V,1
2026-07-13 15:50:00+03:00,15,OK,62.5,Degraded,A;M;V,1
2026-07-13 15:55:00+03:00,15,OK,62.5,Degraded,A;M;V,1
2026-07-13 16:00:00+03:00,15,OK,62.5,Degraded,A;M;V,1
2026-07-13 16:05:00+03:00,15,OK,62.5,Degraded,A;M;V,1
2026-07-13 16:10:00+03:00,15,OK,62.5,Degraded,A;M;V,1
2026-07-13 16:15:00+03:00,15,OK,62.5,Degraded,A;M;V,1
2026-07-13 16:20:00+03:00,15,OK,62.5,Degraded,A;M;V,1
2026-07-13 16:25:00+03:00,15,OK,62.5,Degraded,A;M;V,1
2026-07-13 16:30:00+03:00,15,OK,62.5,Degraded,A;M;V,1
2026-07-13 16:35:00+03:00,15,OK,62.5,Degraded,A;M;V,1
2026-07-13 16:40:00+03:00,15,OK,62.5,Degraded,A;M;V,1
2026-07-13 16:45:00+03:00,15,OK,62.5,Degraded,M,1
2026-07-13 16:50:00+03:00,15,OK,62.50000000000001,Degraded,M,1
2026-07-13 16:55:00+03:00,15,OK,62.50000000000001,Degraded,M,1
2026-07-13 17:00:00+03:00,15,OK,62.49999999999999,Degraded,M,1
2026-07-13 17:05:00+03:00,15,OK,62.49999999999999,Degraded,M,1
2026-07-13 17:10:00+03:00,15,OK,62.50000000000001,Degraded,M,1
2026-07-13 17:15:00+03:00,15,OK,62.50000000000001,Degraded,M,1
2026-07-13 17:20:00+03:00,15,OK,62.49999999999999,Degraded,M,1
2026-07-13 17:25:00+03:00,15,OK,62.49999999999999,Degraded,M,1
2026-07-13 17:30:00+03:00,15,OK,62.499999999999986,Degraded,M,1
2026-07-13 17:35:00+03:00,15,OK,62.499999999999986,Degraded,M,1
2026-07-13 17:40:00+03:00,15,OK,62.499999999999986,Degraded,M,1
2026-07-13 17:45:00+03:00,15,OK,62.50000000000001,Degraded,M,1
2026-07-13 17:50:00+03:00,15,OK,62.49999999999999,Degraded,M,1
2026-07-13 17:55:00+03:00,15,OK,62.49999999999998,Degraded,M,1
2026-07-13 18:00:00+03:00,15,OK,62.5,Degraded,M,1
2026-07-13 18:05:00+03:00,15,OK,62.500000000000014,Degraded,M,1
2026-07-13 18:10:00+03:00,15,OK,62.5,Degraded,M,1
2026-07-13 18:15:00+03:00,15,OK,62.500000000000014,Degraded,M,1
2026-07-13 18:20:00+03:00,15,OK,62.5,Degraded,M,1
2026-07-13 18:25:00+03:00,15,OK,62.50000000000001,Degraded,M,1
2026-07-13 18:30:00+03:00,15,OK,61.98595714760742,Degraded,M,2
2026-07-13 18:35:00+03:00,15,OK,60.302119532428016,Degraded,M,2
2026-07-13 18:40:00+03:00,15,OK,58.25977451802685,Degraded,M,2
2026-07-13 18:45:00+03:00,15,OK,55.9839836093022,Degraded,M,2
2026-07-13 18:50:00+03:00,15,OK,53.108537024312,Degraded,M,2
2026-07-13 18:55:00+03:00,15,OK,50.40039091226997,Degraded,M,2
2026-07-13 19:00:00+03:00,15,OK,48.67495166557172,Acceptable,M,2
2026-07-13 19:05:00+03:00,15,OK,50.73523795285796,Degraded,M,2
2026-07-13 19:10:00+03:00,15,OK,49.86872949102562,Acceptable,M,2
2026-07-13 19:15:00+03:00,15,OK,51.41501614148406,Degraded,M,2
2026-07-13 19:20:00+03:00,15,OK,52.596648483312016,Degraded,M,2
2026-07-13 19:25:00+03:00,15,OK,55.808750778822265,Degraded,M,2
2026-07-13 19:30:00+03:00,15,OK,57.214818845190145,Degraded,M,2
2026-07-13 19:35:00+03:00,15,OK,58.30922376758978,Degraded,M,2
2026-07-13 19:40:00+03:00,15,OK,58.8162860691764,Degraded,M,2
2026-07-13 19:45:00+03:00,15,OK,56.79885418665213,Degraded,M,2
2026-07-13 19:50:00+03:00,15,OK,57.33766187652396,Degraded,M,2
2026-07-13 19:55:00+03:00,15,OK,59.0935474859833,Degraded,M,2
2026-07-13 20:00:00+03:00,15,OK,60.41839454976291,Degraded,M,2
2026-07-13 20:05:00+03:00,15,OK,57.4668585511399,Degraded,M,2
2026-07-13 20:10:00+03:00,15,OK,57.456378493155086,Degraded,M,2
2026-07-13 20:15:00+03:00,15,OK,58.32054800920752,Degraded,M,2
2026-07-13 20:20:00+03:00,15,OK,61.65084582382346,Degraded,M,2
2026-07-13 20:25:00+03:00,15,OK,62.49999999999999,Degraded,M,1
2026-07-13 20:30:00+03:00,15,OK,62.50000000000001,Degraded,M,1
2026-07-13 20:35:00+03:00,15,OK,62.5,Degraded,M,1
2026-07-13 20:40:00+03:00,15,OK,62.50000000000001,Degraded,M,1
2026-07-13 20:45:00+03:00,15,OK,62.5,Degraded,M,1
2026-07-13 20:50:00+03:00,15,OK,62.5,Degraded,M,1
2026-07-13 20:55:00+03:00,15,OK,62.50000000000001,Degraded,M,1
2026-07-13 21:00:00+03:00,15,OK,62.5,Degraded,M,1
2026-07-13 21:05:00+03:00,15,OK,62.5,Degraded,M,1
2026-07-13 21:10:00+03:00,15,OK,62.5,Degraded,M,1
2026-07-13 21:15:00+03:00,15,OK,62.5,Degraded,M,1
2026-07-13 21:20:00+03:00,15,OK,62.5,Degraded,M,1
2026-07-13 21:25:00+03:00,15,OK,62.49999999999999,Degraded,M,1
2026-07-13 21:30:00+03:00,15,OK,62.5,Degraded,M,2
2026-07-13 21:35:00+03:00,15,OK,62.50000000000001,Degraded,M,2
2026-07-13 21:40:00+03:00,15,OK,62.500000000000014,Degraded,M,2
2026-07-13 21:45:00+03:00,15,OK,62.499999999999986,Degraded,A,2
2026-07-13 21:50:00+03:00,15,OK,62.500000000000014,Degraded,A,2
2026-07-13 21:55:00+03:00,15,OK,62.5,Degraded,M,2
2026-07-13 22:00:00+03:00,15,OK,62.50000000000001,Degraded,M,2
2026-07-13 22:05:00+03:00,15,OK,62.5,Degraded,M,2
2026-07-13 22:10:00+03:00,15,OK,62.5,Degraded,A,2
2026-07-13 22:15:00+03:00,15,OK,62.50000000000001,Degraded,A,2
2026-07-13 22:20:00+03:00,15,OK,62.49999999999999,Degraded,A,2
2026-07-13 22:25:00+03:00,15,OK,62.500000000000014,Degraded,A,2
2026-07-13 22:30:00+03:00,15,OK,62.5,Degraded,A,2
2026-07-13 22:35:00+03:00,15,OK,62.5,Degraded,A,2
2026-07-13 22:40:00+03:00,15,OK,62.49999999999999,Degraded,M,2
2026-07-13 22:45:00+03:00,15,OK,62.50000000000001,Degraded,M,2
2026-07-13 22:50:00+03:00,15,OK,62.49999999999999,Degraded,M,2
2026-07-13 22:55:00+03:00,15,OK,62.5,Degraded,M,2
2026-07-13 23:00:00+03:00,15,OK,62.5,Degraded,M,1
2026-07-13 23:05:00+03:00,15,OK,62.50000000000001,Degraded,M,1
2026-07-13 23:10:00+03:00,15,OK,62.5,Degraded,M,1
2026-07-13 23:15:00+03:00,15,OK,62.49999999999999,Degraded,M,2
2026-07-13 23:20:00+03:00,15,OK,62.50000000000001,Degraded,M,2
2026-07-13 23:25:00+03:00,15,OK,62.50000000000001,Degraded,V,2
2026-07-13 23:30:00+03:00,15,OK,62.50000000000002,Degraded,V,2
2026-07-13 23:35:00+03:00,15,OK,62.437621364467,Degraded,V,4
2026-07-13 23:40:00+03:00,15,OK,59.621801385173086,Degraded,V,4
2026-07-13 23:45:00+03:00,15,OK,57.569348868174494,Degraded,V,4
2026-07-13 23:50:00+03:00,15,OK,56.680937569350654,Degraded,V,4
2026-07-13 23:55:00+03:00,15,OK,55.680636150416134,Degraded,V,4
2026-07-14 00:00:00+03:00,15,OK,54.41404793799453,Degraded,M,4
2026-07-14 00:05:00+03:00,15,OK,53.6675235590841,Degraded,M,4
2026-07-14 00:10:00+03:00,15,OK,53.83802471335297,Degraded,M,4
2026-07-14 00:15:00+03:00,15,OK,53.98419354395412,Degraded,V,4
2026-07-14 00:20:00+03:00,15,OK,52.957420819934555,Degraded,V,4
2026-07-14 00:25:00+03:00,15,OK,53.33342223420589,Degraded,V,4
2026-07-14 00:30:00+03:00,15,OK,53.412312847890476,Degraded,M,4
2026-07-14 00:35:00+03:00,15,OK,52.98149266037474,Degraded,M,4
2026-07-14 00:40:00+03:00,15,OK,52.94300291650111,Degraded,M,4
2026-07-14 00:45:00+03:00,15,OK,53.164785302633994,Degraded,M,2
2026-07-14 00:50:00+03:00,15,OK,53.212417496953805,Degraded,M,2
2026-07-14 00:55:00+03:00,15,OK,53.18736885646125,Degraded,M,2
2026-07-14 01:00:00+03:00,15,OK,53.369450526166645,Degraded,M,2
2026-07-14 01:05:00+03:00,15,OK,53.93276236016297,Degraded,M,2
2026-07-14 01:10:00+03:00,15,OK,54.49975457126481,Degraded,M,2
2026-07-14 01:15:00+03:00,15,OK,54.71386065324694,Degraded,M,2
2026-07-14 01:20:00+03:00,15,OK,55.05069808565293,Degraded,M,2
2026-07-14 01:25:00+03:00,15,OK,55.39158550508629,Degraded,M,2
2026-07-14 01:30:00+03:00,15,OK,55.8330491000138,Degraded,M,2
2026-07-14 01:35:00+03:00,15,OK,56.08852467356617,Degraded,M,2
2026-07-14 01:40:00+03:00,15,OK,56.22284896590127,Degraded,M,2
2026-07-14 01:45:00+03:00,15,OK,56.211669725997204,Degraded,M,4
2026-07-14 01:50:00+03:00,15,OK,56.10696798942107,Degraded,M,4
2026-07-14 01:55:00+03:00,15,OK,55.869856823320234,Degraded,M,4
2026-07-14 02:00:00+03:00,15,OK,55.60518308883641,Degraded,M,4
2026-07-14 02:05:00+03:00,15,OK,55.63462664749649,Degraded,M,4
2026-07-14 02:10:00+03:00,15,OK,55.909081858367195,Degraded,M,4
2026-07-14 02:15:00+03:00,15,OK,56.112415261931886,Degraded,M,4
2026-07-14 02:20:00+03:00,15,OK,56.1743967917598,Degraded,M,4
2026-07-14 02:25:00+03:00,15,OK,56.249377632969285,Degraded,M,4
2026-07-14 02:30:00+03:00,15,OK,56.39929649119198,Degraded,M,4
2026-07-14 02:35:00+03:00,15,OK,56.13811421696052,Degraded,M,4
2026-07-14 02:40:00+03:00,15,OK,55.55097792388394,Degraded,M,2
2026-07-14 02:45:00+03:00,15,OK,55.24870545795353,Degraded,M,2
2026-07-14 02:50:00+03:00,15,OK,55.74275824338563,Degraded,M,2
2026-07-14 02:55:00+03:00,15,OK,56.860000617762594,Degraded,M,2
2026-07-14 03:00:00+03:00,15,OK,58.56348116469821,Degraded,M,2
2026-07-14 03:05:00+03:00,15,OK,60.71114546136986,Degraded,M,2
2026-07-14 03:10:00+03:00,15,OK,62.50000000000001,Degraded,M,1
2026-07-14 03:15:00+03:00,15,OK,62.5,Degraded,M,1
2026-07-14 03:20:00+03:00,15,OK,62.50000000000001,Degraded,M,2
2026-07-14 03:25:00+03:00,15,OK,62.49999999999999,Degraded,M,2
2026-07-14 03:30:00+03:00,15,OK,62.5,Degraded,M,2
2026-07-14 03:35:00+03:00,15,OK,62.5,Degraded,M,2
2026-07-14 03:40:00+03:00,15,OK,62.5,Degraded,M,2
2026-07-14 03:45:00+03:00,15,OK,62.5,Degraded,M,2
2026-07-14 03:50:00+03:00,15,OK,62.50000000000001,Degraded,A,2
2026-07-14 03:55:00+03:00,15,OK,62.50000000000001,Degraded,A,2
2026-07-14 04:00:00+03:00,15,OK,62.50000000000001,Degraded,M,2
2026-07-14 04:05:00+03:00,15,OK,62.49999999999999,Degraded,M,2
2026-07-14 04:10:00+03:00,15,OK,62.49999999999999,Degraded,M,2
2026-07-14 04:15:00+03:00,15,OK,62.50000000000001,Degraded,M,2
2026-07-14 04:20:00+03:00,15,OK,62.50000000000001,Degraded,M,2
2026-07-14 04:25:00+03:00,15,OK,62.50000000000001,Degraded,M,2
2026-07-14 04:30:00+03:00,15,OK,62.5,Degraded,M,1
2026-07-14 04:35:00+03:00,15,OK,62.5,Degraded,M,1
2026-07-14 04:40:00+03:00,15,OK,62.5,Degraded,M,1
2026-07-14 04:45:00+03:00,15,OK,62.50000000000001,Degraded,M,1
2026-07-14 04:50:00+03:00,15,OK,62.50000000000001,Degraded,M,1
2026-07-14 04:55:00+03:00,15,OK,62.5,Degraded,M,1
2026-07-14 05:00:00+03:00,15,OK,62.50000000000001,Degraded,M,1
2026-07-14 05:05:00+03:00,15,OK,62.5,Degraded,M,1
2026-07-14 05:10:00+03:00,15,OK,62.50000000000001,Degraded,M,1
2026-07-14 05:15:00+03:00,15,OK,62.5,Degraded,M,1
2026-07-14 05:20:00+03:00,15,OK,62.5,Degraded,M,1
2026-07-14 05:25:00+03:00,15,OK,62.241264403837256,Degraded,M,2
2026-07-14 05:30:00+03:00,15,OK,61.694422502167725,Degraded,M,2
2026-07-14 05:35:00+03:00,15,OK,61.281254015974355,Degraded,M,2
2026-07-14 05:40:00+03:00,15,OK,60.80024126758562,Degraded,M,2
2026-07-14 05:45:00+03:00,15,OK,60.405897507342694,Degraded,M,2
2026-07-14 05:50:00+03:00,15,OK,60.21349637505851,Degraded,M,2
2026-07-14 05:55:00+03:00,15,OK,60.38702224054788,Degraded,M,2
2026-07-14 06:00:00+03:00,15,OK,61.22704623338721,Degraded,M,2
2026-07-14 06:05:00+03:00,15,OK,62.12343430674382,Degraded,M,2
2026-07-14 06:10:00+03:00,15,OK,62.49999999999999,Degraded,M,1
2026-07-14 06:15:00+03:00,15,OK,62.49999999999999,Degraded,M,1
2026-07-14 06:20:00+03:00,15,OK,62.49999999999999,Degraded,M,1
2026-07-14 06:25:00+03:00,15,OK,62.5,Degraded,M,1
2026-07-14 06:30:00+03:00,15,OK,62.5,Degraded,M,1
2026-07-14 06:35:00+03:00,15,OK,62.50000000000001,Degraded,M,1
2026-07-14 06:40:00+03:00,15,OK,62.5,Degraded,M,1
2026-07-14 06:45:00+03:00,15,OK,62.5,Degraded,M,1
2026-07-14 06:50:00+03:00,15,OK,62.50000000000001,Degraded,M,1
2026-07-14 06:55:00+03:00,15,OK,62.49999999999999,Degraded,M,1
2026-07-14 07:00:00+03:00,15,OK,62.5,Degraded,M,1
2026-07-14 07:05:00+03:00,15,OK,62.5,Degraded,M,1
2026-07-14 07:10:00+03:00,15,OK,62.50000000000001,Degraded,M,1
2026-07-14 07:15:00+03:00,15,OK,62.5,Degraded,M,1
2026-07-14 07:20:00+03:00,15,OK,62.49999999999999,Degraded,M,1
2026-07-14 07:25:00+03:00,15,OK,62.5,Degraded,M,1
2026-07-14 07:30:00+03:00,15,OK,62.5,Degraded,M,1
2026-07-14 07:35:00+03:00,15,OK,62.50000000000001,Degraded,M,1
2026-07-14 07:40:00+03:00,15,OK,62.50000000000001,Degraded,M,1
2026-07-14 07:45:00+03:00,15,OK,62.5,Degraded,M,1
2026-07-14 07:50:00+03:00,15,OK,62.50000000000001,Degraded,M,1
2026-07-14 07:55:00+03:00,15,OK,62.5,Degraded,M,1
2026-07-14 08:00:00+03:00,15,OK,62.5,Degraded,M,1
2026-07-14 08:05:00+03:00,15,OK,62.5,Degraded,M,1
2026-07-14 08:10:00+03:00,15,OK,62.5,Degraded,M,1
2026-07-14 08:15:00+03:00,15,OK,62.50000000000001,Degraded,M,1
2026-07-14 08:20:00+03:00,15,OK,62.499999999999986,Degraded,M,1
2026-07-14 08:25:00+03:00,15,OK,62.50000000000001,Degraded,M,1
2026-07-14 08:30:00+03:00,15,OK,62.5,Degraded,M,1
2026-07-14 08:35:00+03:00,15,OK,62.50000000000001,Degraded,M,1
2026-07-14 08:40:00+03:00,15,OK,62.50000000000001,Degraded,M,2
2026-07-14 08:45:00+03:00,15,OK,62.5,Degraded,M,2
2026-07-14 08:50:00+03:00,15,OK,62.5,Degraded,M,1
2026-07-14 08:55:00+03:00,15,OK,62.5,Degraded,M,1
2026-07-14 09:00:00+03:00,15,OK,62.5,Degraded,M,1
2026-07-14 09:05:00+03:00,15,OK,62.500000000000014,Degraded,M,1
2026-07-14 09:10:00+03:00,15,OK,62.5,Degraded,M,1
2026-07-14 09:15:00+03:00,15,OK,62.5,Degraded,M,1
2026-07-14 09:20:00+03:00,15,OK,62.5,Degraded,M,1
2026-07-14 09:25:00+03:00,15,OK,62.54566520648847,Degraded,M,2
2026-07-14 09:30:00+03:00,15,OK,62.500000000000014,Degraded,M,1
2026-07-14 09:35:00+03:00,15,OK,62.50000000000001,Degraded,M,1
2026-07-14 09:40:00+03:00,15,OK,62.50000000000001,Degraded,M,1
2026-07-14 09:45:00+03:00,15,OK,62.50000000000001,Degraded,M,2
2026-07-14 09:50:00+03:00,15,OK,62.50000000000001,Degraded,A,2
2026-07-14 09:55:00+03:00,15,OK,62.50000000000001,Degraded,A,2
2026-07-14 10:00:00+03:00,15,OK,62.5,Degraded,A,2
2026-07-14 10:05:00+03:00,15,OK,62.78253693256216,Degraded,M,2
2026-07-14 10:10:00+03:00,15,OK,63.015843744456056,Degraded,M,4
2026-07-14 10:15:00+03:00,15,OK,62.5,Degraded,A;M;V,1
2026-07-14 10:20:00+03:00,15,OK,62.5,Degraded,A;M;V,1
2026-07-14 10:25:00+03:00,15,OK,62.5,Degraded,A;M;V,1
2026-07-14 10:30:00+03:00,15,OK,62.5,Degraded,A;M;V,1
2026-07-14 10:35:00+03:00,15,OK,62.5,Degraded,A;M;V,1
2026-07-14 10:40:00+03:00,15,OK,62.5,Degraded,A;M;V,1
2026-07-14 10:45:00+03:00,15,OK,62.5,Degraded,A;M;V,1
2026-07-14 10:50:00+03:00,15,OK,62.5,Degraded,A;M;V,1
2026-07-14 10:55:00+03:00,15,OK,62.5,Degraded,A;M;V,1
2026-07-14 11:00:00+03:00,15,OK,62.5,Degraded,A;M;V,1
2026-07-14 11:05:00+03:00,15,OK,62.5,Degraded,A;M;V,1
2026-07-14 11:10:00+03:00,15,OK,62.5,Degraded,A;M;V,1
2026-07-14 11:15:00+03:00,15,OK,62.5,Degraded,A;M;V,1
2026-07-14 11:20:00+03:00,15,OK,62.5,Degraded,A;M;V,1
2026-07-14 11:25:00+03:00,15,OK,62.5,Degraded,A;M;V,1
2026-07-14 11:30:00+03:00,15,OK,62.5,Degraded,A;M;V,1
2026-07-14 11:35:00+03:00,15,OK,62.5,Degraded,A;M;V,1
2026-07-14 11:40:00+03:00,15,OK,62.5,Degraded,A;M;V,1
2026-07-14 11:45:00+03:00,15,OK,62.5,Degraded,A;M;V,1
2026-07-14 11:50:00+03:00,15,OK,62.5,Degraded,A;M;V,1
2026-07-14 11:55:00+03:00,15,OK,62.5,Degraded,A;M;V,1
2026-07-14 12:00:00+03:00,15,OK,62.5,Degraded,A;M;V,1
2026-07-14 12:05:00+03:00,15,OK,62.5,Degraded,A;M;V,1
2026-07-14 12:10:00+03:00,15,OK,62.5,Degraded,A;M;V,1
2026-07-14 12:15:00+03:00,15,OK,62.5,Degraded,A;M;V,1
2026-07-14 12:20:00+03:00,15,OK,62.5,Degraded,A;M;V,1
2026-07-14 12:25:00+03:00,15,OK,62.5,Degraded,A;M;V,1
2026-07-14 12:30:00+03:00,15,OK,62.5,Degraded,A,2
2026-07-14 12:35:00+03:00,15,OK,62.50000000000002,Degraded,A,2
2026-07-14 12:40:00+03:00,15,OK,62.499999999999986,Degraded,A,2
2026-07-14 12:45:00+03:00,15,OK,62.50000000000001,Degraded,A,2
2026-07-14 12:50:00+03:00,15,OK,62.5,Degraded,A,2
2026-07-14 12:55:00+03:00,15,OK,62.5,Degraded,A;M;V,1
2026-07-14 13:00:00+03:00,15,OK,62.5,Degraded,A;M;V,1
2026-07-14 13:05:00+03:00,15,OK,62.5,Degraded,A;M;V,1
2026-07-14 13:10:00+03:00,15,OK,62.5,Degraded,A;M;V,1
2026-07-14 13:15:00+03:00,15,OK,62.5,Degraded,A;M;V,1
2026-07-14 13:20:00+03:00,15,OK,62.5,Degraded,A;M;V,1
2026-07-14 13:25:00+03:00,15,OK,62.5,Degraded,A;M;V,1
2026-07-14 13:30:00+03:00,15,OK,62.5,Degraded,A;M;V,1
2026-07-14 13:35:00+03:00,15,OK,62.5,Degraded,A;M;V,1
2026-07-14 13:40:00+03:00,15,OK,62.5,Degraded,A;M;V,1
2026-07-14 13:45:00+03:00,15,OK,62.5,Degraded,A;M;V,1
2026-07-14 13:50:00+03:00,15,OK,62.5,Degraded,A;M;V,1
2026-07-14 13:55:00+03:00,15,OK,62.5,Degraded,A;M;V,1
2026-07-14 14:00:00+03:00,15,OK,62.5,Degraded,A;M;V,1
2026-07-14 14:05:00+03:00,15,OK,62.5,Degraded,A;M;V,1
2026-07-14 14:10:00+03:00,15,OK,62.5,Degraded,A;M;V,1
2026-07-14 14:15:00+03:00,15,OK,62.5,Degraded,A;M;V,1
2026-07-14 14:20:00+03:00,15,OK,62.5,Degraded,A;M;V,1
2026-07-14 14:25:00+03:00,15,OK,62.5,Degraded,A;M;V,1
2026-07-14 14:30:00+03:00,15,OK,62.5,Degraded,A;M;V,1
2026-07-14 14:35:00+03:00,15,OK,62.5,Degraded,A;M;V,1
2026-07-14 14:40:00+03:00,15,OK,62.5,Degraded,A;M;V,1
2026-07-14 14:45:00+03:00,15,OK,62.5,Degraded,A;M;V,1
2026-07-14 14:50:00+03:00,15,OK,62.5,Degraded,A;M;V,1
2026-07-14 14:55:00+03:00,15,OK,62.49999999999999,Degraded,M,1
2026-07-14 15:00:00+03:00,15,OK,62.5,Degraded,M,1
2026-07-14 15:05:00+03:00,15,OK,62.500000000000014,Degraded,M,1
2026-07-14 15:10:00+03:00,15,OK,62.5,Degraded,M,1
2026-07-14 15:15:00+03:00,15,OK,62.50000000000001,Degraded,M,1
2026-07-14 15:20:00+03:00,15,OK,62.50000000000001,Degraded,M,1
2026-07-14 15:25:00+03:00,15,OK,62.5,Degraded,M,1
2026-07-14 15:30:00+03:00,15,OK,62.5,Degraded,M,2
2026-07-14 15:35:00+03:00,15,OK,62.5,Degraded,M,2
2026-07-14 15:40:00+03:00,15,OK,62.49999999999999,Degraded,A,2
2026-07-14 15:45:00+03:00,15,OK,61.80294082120119,Degraded,A,4
2026-07-14 15:50:00+03:00,15,OK,57.791519082748,Degraded,A,4
2026-07-14 15:55:00+03:00,15,OK,55.03061455685372,Degraded,A,4
2026-07-14 16:00:00+03:00,15,OK,52.15267359228554,Degraded,A,4
2026-07-14 16:05:00+03:00,15,OK,50.37084763320122,Degraded,A,4
2026-07-14 16:10:00+03:00,15,OK,51.38676673648514,Degraded,A,4
2026-07-14 16:15:00+03:00,15,OK,53.264566105144205,Degraded,A,4
2026-07-14 16:20:00+03:00,15,OK,55.62269174802699,Degraded,A,4
2026-07-14 16:25:00+03:00,15,OK,59.30845930782091,Degraded,A,4
2026-07-14 16:30:00+03:00,15,OK,62.49999999999999,Degraded,A,2
2026-07-14 16:35:00+03:00,15,OK,62.49999999999999,Degraded,A,2
2026-07-14 16:40:00+03:00,15,OK,62.49999999999998,Degraded,A,2
2026-07-14 16:45:00+03:00,15,OK,62.50000000000002,Degraded,A,2
2026-07-14 16:50:00+03:00,15,OK,62.49999999999999,Degraded,A,2
2026-07-14 16:55:00+03:00,15,OK,62.49999999999999,Degraded,A,2
2026-07-14 17:00:00+03:00,15,OK,67.01745388644969,Degraded,A,4
2026-07-14 17:05:00+03:00,15,OK,70.62430428858427,Degraded,M,4
2026-07-14 17:10:00+03:00,15,OK,73.54350024374519,Degraded,M,4
2026-07-14 17:15:00+03:00,15,OK,74.16130450388725,Degraded,M,4
2026-07-14 17:20:00+03:00,15,OK,71.63946531291764,Degraded,M,4
2026-07-14 17:25:00+03:00,15,OK,65.95431610075683,Degraded,M,2
2026-07-14 17:30:00+03:00,15,OK,62.5,Degraded,A;M;V,1
2026-07-14 17:35:00+03:00,15,OK,62.5,Degraded,A;M;V,1
2026-07-14 17:40:00+03:00,15,OK,62.5,Degraded,A;M;V,1
2026-07-14 17:45:00+03:00,15,OK,62.5,Degraded,A;M;V,1
2026-07-14 17:50:00+03:00,15,OK,62.5,Degraded,A;M;V,1
2026-07-14 17:55:00+03:00,15,OK,62.5,Degraded,A;M;V,1
2026-07-14 18:00:00+03:00,15,OK,62.5,Degraded,A;M;V,1
2026-07-14 18:05:00+03:00,15,OK,62.5,Degraded,A;M;V,1
2026-07-14 18:10:00+03:00,15,OK,59.55662548609811,Degraded,M,2
2026-07-14 18:15:00+03:00,15,OK,56.82341335087188,Degraded,M,2
2026-07-14 18:20:00+03:00,15,OK,54.416107074620164,Degraded,M,2
2026-07-14 18:25:00+03:00,15,OK,52.134173265432366,Degraded,M,2
2026-07-14 18:30:00+03:00,15,OK,49.95097943096901,Acceptable,M,2
2026-07-14 18:35:00+03:00,15,OK,48.97834082550051,Acceptable,M,2
2026-07-14 18:40:00+03:00,15,OK,50.8090852923003,Degraded,M,4
2026-07-14 18:45:00+03:00,15,OK,54.39176786765421,Degraded,V,4
2026-07-14 18:50:00+03:00,15,OK,60.22079491540593,Degraded,V,4
2026-07-14 18:55:00+03:00,15,OK,62.49999999999999,Degraded,V,2
2026-07-14 19:00:00+03:00,15,OK,62.5,Degraded,A;M;V,1
2026-07-14 19:05:00+03:00,15,OK,62.5,Degraded,A;M;V,1
2026-07-14 19:10:00+03:00,15,OK,62.5,Degraded,A;M;V,1
2026-07-14 19:15:00+03:00,15,OK,62.5,Degraded,A;M;V,1
2026-07-14 19:20:00+03:00,15,OK,62.5,Degraded,A;M;V,1
2026-07-14 19:25:00+03:00,15,OK,62.5,Degraded,A;M;V,1
2026-07-14 19:30:00+03:00,15,OK,62.5,Degraded,A;M;V,1
2026-07-14 19:35:00+03:00,15,OK,62.499999999999986,Degraded,V,2
2026-07-14 19:40:00+03:00,15,OK,62.49999999999999,Degraded,V,2
2026-07-14 19:45:00+03:00,15,OK,62.5,Degraded,V,2
2026-07-14 19:50:00+03:00,15,OK,62.50000000000001,Degraded,V,2
2026-07-14 19:55:00+03:00,15,OK,62.5,Degraded,V,2
2026-07-14 20:00:00+03:00,15,OK,62.50000000000002,Degraded,V,2
2026-07-14 20:05:00+03:00,15,OK,62.49999999999999,Degraded,V,2
2026-07-14 20:10:00+03:00,15,OK,62.5,Degraded,V,2
2026-07-14 20:15:00+03:00,15,OK,62.500000000000014,Degraded,V,2
2026-07-14 20:20:00+03:00,15,OK,62.49999999999999,Degraded,V,2
2026-07-14 20:25:00+03:00,15,OK,62.499999999999986,Degraded,V,2
2026-07-14 20:30:00+03:00,15,OK,62.5,Degraded,V,2
2026-07-14 20:35:00+03:00,15,OK,62.5,Degraded,V,2
2026-07-14 20:40:00+03:00,15,OK,62.5,Degraded,A;M;V,1
2026-07-14 20:45:00+03:00,15,OK,62.5,Degraded,A;M;V,1
2026-07-14 20:50:00+03:00,15,OK,62.5,Degraded,A;M;V,1
2026-07-14 20:55:00+03:00,15,OK,62.405149345001796,Degraded,M,2
2026-07-14 21:00:00+03:00,15,OK,59.95600488613861,Degraded,M,2
2026-07-14 21:05:00+03:00,15,OK,58.28592629235682,Degraded,M,2
2026-07-14 21:10:00+03:00,15,OK,56.606843506557205,Degraded,M,2
2026-07-14 21:15:00+03:00,15,OK,54.61383133209419,Degraded,M,2
2026-07-14 21:20:00+03:00,15,OK,52.42064218983032,Degraded,M,2
2026-07-14 21:25:00+03:00,15,OK,50.45760008367531,Degraded,M,2
2026-07-14 21:30:00+03:00,15,OK,48.471288009339354,Acceptable,M,2
2026-07-14 21:35:00+03:00,15,OK,46.39029948236407,Acceptable,M,2
2026-07-14 21:40:00+03:00,15,OK,44.37962552716672,Acceptable,M,2
2026-07-14 21:45:00+03:00,15,OK,42.34189723320152,Acceptable,M,2
2026-07-14 21:50:00+03:00,15,OK,40.332994836545474,Acceptable,M,2
2026-07-14 21:55:00+03:00,15,OK,38.497799289922064,Acceptable,M,2
2026-07-14 22:00:00+03:00,15,OK,37.50000000000001,Acceptable,M,1
2026-07-14 22:05:00+03:00,15,OK,37.5,Acceptable,M,1
2026-07-14 22:10:00+03:00,15,OK,37.49999999999999,Acceptable,M,1
2026-07-14 22:15:00+03:00,15,OK,37.5,Acceptable,M,1
2026-07-14 22:20:00+03:00,15,OK,37.5,Acceptable,M,1
2026-07-14 22:25:00+03:00,15,OK,37.49999999999999,Acceptable,M,1
2026-07-14 22:30:00+03:00,15,OK,37.50000000000001,Acceptable,M,1
2026-07-14 22:35:00+03:00,15,OK,37.5,Acceptable,M,1
2026-07-14 22:40:00+03:00,15,OK,37.50000000000001,Acceptable,M,1
2026-07-14 22:45:00+03:00,15,OK,37.50000000000001,Acceptable,M,1
2026-07-14 22:50:00+03:00,15,OK,37.49999999999999,Acceptable,M,1
2026-07-14 22:55:00+03:00,15,OK,37.500000000000014,Acceptable,V,2
2026-07-14 23:00:00+03:00,15,OK,37.49999999999999,Acceptable,M,1
2026-07-14 23:05:00+03:00,15,OK,37.5,Acceptable,M,1
2026-07-14 23:10:00+03:00,15,OK,60.97776430086288,Degraded,M,4
2026-07-14 23:15:00+03:00,15,OK,87.49652314207167,Critical,M,2
2026-07-14 23:20:00+03:00,15,PARTIAL,62.49999999999999,Degraded,M,2
2026-07-14 23:25:00+03:00,15,PARTIAL,62.49999999999999,Degraded,M,2
2026-07-14 23:30:00+03:00,15,PARTIAL,62.5,Degraded,M,2
2026-07-14 23:35:00+03:00,15,PARTIAL,62.50000000000001,Degraded,M,2
2026-07-14 23:40:00+03:00,15,OK,87.4877492532494,Critical,M,2
2026-07-14 23:45:00+03:00,15,OK,87.4912192975438,Critical,M,2
2026-07-14 23:50:00+03:00,15,OK,87.49835313690885,Critical,M,2
2026-07-14 23:55:00+03:00,15,OK,87.5178073606639,Critical,M,2
2026-07-15 00:00:00+03:00,15,OK,87.49671858096308,Critical,A,2
2026-07-15 00:05:00+03:00,15,OK,66.89687815694415,Degraded,A,4
2026-07-15 00:10:00+03:00,15,OK,62.49999999999999,Degraded,M,1
2026-07-15 00:15:00+03:00,15,OK,62.5,Degraded,M,1
2026-07-15 00:20:00+03:00,15,OK,62.50000000000001,Degraded,M,1
2026-07-15 00:25:00+03:00,15,OK,57.32778240537808,Degraded,A,4
2026-07-15 00:30:00+03:00,15,OK,52.57618136316797,Degraded,V,4
2026-07-15 00:35:00+03:00,15,OK,47.04366034578659,Acceptable,V,4
2026-07-15 00:40:00+03:00,15,OK,42.86187317572021,Acceptable,M,4
2026-07-15 00:45:00+03:00,15,OK,37.5,Acceptable,M,2
2026-07-15 00:50:00+03:00,15,OK,37.50000000000001,Acceptable,M,2
2026-07-15 00:55:00+03:00,15,OK,37.5,Acceptable,M,1
2026-07-15 01:00:00+03:00,15,OK,37.49999999999999,Acceptable,M,1
2026-07-15 01:05:00+03:00,15,OK,37.50000000000001,Acceptable,M,1
2026-07-15 01:10:00+03:00,15,OK,37.5,Acceptable,M,1
2026-07-15 01:15:00+03:00,15,OK,37.5,Acceptable,M,1
2026-07-15 01:20:00+03:00,15,OK,37.5,Acceptable,M,1
2026-07-15 01:25:00+03:00,15,OK,37.5,Acceptable,M,1
2026-07-15 01:30:00+03:00,15,OK,37.5,Acceptable,M,1
2026-07-15 01:35:00+03:00,15,OK,37.5,Acceptable,M,1
2026-07-15 01:40:00+03:00,15,OK,37.50000000000001,Acceptable,V,2
2026-07-15 01:45:00+03:00,15,OK,37.5,Acceptable,V,2
2026-07-15 01:50:00+03:00,15,OK,37.5,Acceptable,V,2
2026-07-15 01:55:00+03:00,15,OK,37.5,Acceptable,V,2
2026-07-15 02:00:00+03:00,15,OK,37.50000000000001,Acceptable,V,2
2026-07-15 02:05:00+03:00,15,OK,37.50000000000001,Acceptable,V,2
2026-07-15 02:10:00+03:00,15,OK,37.50000000000001,Acceptable,V,2
2026-07-15 02:15:00+03:00,15,OK,37.5,Acceptable,V,2
2026-07-15 02:20:00+03:00,15,OK,37.5,Acceptable,V,2
2026-07-15 02:25:00+03:00,15,OK,37.49999999999999,Acceptable,V,2
2026-07-15 02:30:00+03:00,15,OK,37.50000000000001,Acceptable,V,2
2026-07-15 02:35:00+03:00,15,OK,37.50000000000001,Acceptable,V,2
2026-07-15 02:40:00+03:00,15,OK,37.5,Acceptable,A;M;V,1
2026-07-15 02:45:00+03:00,15,OK,37.5,Acceptable,A;M;V,1
2026-07-15 02:50:00+03:00,15,OK,37.5,Acceptable,A;M;V,1
2026-07-15 02:55:00+03:00,15,OK,37.5,Acceptable,A;M;V,1
2026-07-15 03:00:00+03:00,15,OK,37.5,Acceptable,A;M;V,1
2026-07-15 03:05:00+03:00,15,OK,37.5,Acceptable,A;M;V,1
2026-07-15 03:10:00+03:00,15,OK,37.5,Acceptable,A;M;V,1
2026-07-15 03:15:00+03:00,15,OK,37.5,Acceptable,A;M;V,1
2026-07-15 03:20:00+03:00,15,OK,37.5,Acceptable,A;M;V,1
2026-07-15 03:25:00+03:00,15,OK,37.5,Acceptable,A;M;V,1
2026-07-15 03:30:00+03:00,15,OK,37.5,Acceptable,A,2
2026-07-15 03:35:00+03:00,15,OK,37.50000000000001,Acceptable,A,2
2026-07-15 03:40:00+03:00,15,OK,37.50000000000001,Acceptable,A,2
2026-07-15 03:45:00+03:00,15,OK,37.50000000000001,Acceptable,A,2
2026-07-15 03:50:00+03:00,15,OK,37.49999999999999,Acceptable,A,2
2026-07-15 03:55:00+03:00,15,OK,37.49999999999999,Acceptable,A,2
2026-07-15 04:00:00+03:00,15,OK,37.49999999999999,Acceptable,A,2
2026-07-15 04:05:00+03:00,15,OK,37.5,Acceptable,A,2
2026-07-15 04:10:00+03:00,15,OK,37.5,Acceptable,A,2
2026-07-15 04:15:00+03:00,15,OK,37.5,Acceptable,A,2
2026-07-15 04:20:00+03:00,15,OK,37.50000000000001,Acceptable,A,2
2026-07-15 04:25:00+03:00,15,OK,37.5,Acceptable,A,2
2026-07-15 04:30:00+03:00,15,OK,37.49999999999999,Acceptable,A,2
2026-07-15 04:35:00+03:00,15,OK,37.5,Acceptable,A,2
2026-07-15 04:40:00+03:00,15,OK,37.5,Acceptable,A,2
2026-07-15 04:45:00+03:00,15,OK,37.50000000000001,Acceptable,A,2
2026-07-15 04:50:00+03:00,15,OK,37.50000000000001,Acceptable,A,2
2026-07-15 04:55:00+03:00,15,OK,37.5,Acceptable,A,2
2026-07-15 05:00:00+03:00,15,OK,37.49999999999999,Acceptable,A,2
2026-07-15 05:05:00+03:00,15,OK,37.5,Acceptable,A,2
2026-07-15 05:10:00+03:00,15,OK,37.5,Acceptable,A,2
2026-07-15 05:15:00+03:00,15,OK,37.5,Acceptable,A,2
2026-07-15 05:20:00+03:00,15,OK,37.49999999999999,Acceptable,A,2
2026-07-15 05:25:00+03:00,15,OK,37.500000000000014,Acceptable,A,2
2026-07-15 05:30:00+03:00,15,OK,37.5,Acceptable,A,2
2026-07-15 05:35:00+03:00,15,OK,37.50000000000001,Acceptable,A,2
2026-07-15 05:40:00+03:00,15,OK,37.5,Acceptable,A,2
2026-07-15 05:45:00+03:00,15,OK,37.50000000000001,Acceptable,A,2
2026-07-15 05:50:00+03:00,15,OK,37.5,Acceptable,A,2
2026-07-15 05:55:00+03:00,15,OK,37.5,Acceptable,A,2
2026-07-15 06:00:00+03:00,15,OK,37.50000000000001,Acceptable,A,2
2026-07-15 06:05:00+03:00,15,OK,37.50000000000001,Acceptable,A,2
2026-07-15 06:10:00+03:00,15,OK,37.5,Acceptable,A,2
2026-07-15 06:15:00+03:00,15,OK,37.49999999999999,Acceptable,A,2
2026-07-15 06:20:00+03:00,15,OK,37.5,Acceptable,A,2
2026-07-15 06:25:00+03:00,15,OK,37.5,Acceptable,A,2
2026-07-15 06:30:00+03:00,15,OK,37.49999999999999,Acceptable,A,2
2026-07-15 06:35:00+03:00,15,OK,37.50000000000001,Acceptable,A,2
2026-07-15 06:40:00+03:00,15,OK,37.50000000000001,Acceptable,A,2
2026-07-15 06:45:00+03:00,15,OK,37.5,Acceptable,A,2
2026-07-15 06:50:00+03:00,15,OK,37.5,Acceptable,A,2
2026-07-15 06:55:00+03:00,15,OK,37.50000000000001,Acceptable,A,2
2026-07-15 07:00:00+03:00,15,OK,37.5,Acceptable,A,2
2026-07-15 07:05:00+03:00,15,OK,37.5,Acceptable,A,2
2026-07-15 07:10:00+03:00,15,OK,37.50000000000001,Acceptable,A,2
2026-07-15 07:15:00+03:00,15,OK,37.5,Acceptable,A,2
2026-07-15 07:20:00+03:00,15,OK,37.5,Acceptable,A,4
2026-07-15 07:25:00+03:00,15,OK,37.499999999999986,Acceptable,V,4
2026-07-15 07:30:00+03:00,15,OK,37.50000000000001,Acceptable,V,4
2026-07-15 07:35:00+03:00,15,OK,37.49999999999999,Acceptable,A,4
2026-07-15 07:40:00+03:00,15,OK,38.0478977588598,Acceptable,A,4
2026-07-15 07:45:00+03:00,15,OK,39.988714956816345,Acceptable,A,4
2026-07-15 07:50:00+03:00,15,OK,62.499999999999986,Degraded,M,4
2026-07-15 07:55:00+03:00,15,OK,62.49999999999999,Degraded,M,4
2026-07-15 08:00:00+03:00,15,OK,62.49999999999999,Degraded,A,4
2026-07-15 08:05:00+03:00,15,OK,62.500000000000014,Degraded,A,4
2026-07-15 08:10:00+03:00,15,OK,62.50000000000002,Degraded,A,4
2026-07-15 08:15:00+03:00,15,OK,62.49999999999999,Degraded,M,4
2026-07-15 08:20:00+03:00,15,OK,56.55963602928746,Degraded,A,8
2026-07-15 08:25:00+03:00,15,OK,47.66519707750948,Acceptable,V,8
2026-07-15 08:30:00+03:00,15,OK,45.99765110769488,Acceptable,A,4
2026-07-15 08:35:00+03:00,15,OK,44.43162008575412,Acceptable,A,4
2026-07-15 08:40:00+03:00,15,OK,44.64359554916732,Acceptable,M,4
2026-07-15 08:45:00+03:00,15,OK,45.6353683044583,Acceptable,M,8
2026-07-15 08:50:00+03:00,15,OK,47.32038802766045,Acceptable,M,8
2026-07-15 08:55:00+03:00,15,OK,48.788629002673936,Acceptable,M,8
2026-07-15 09:00:00+03:00,15,OK,50.163000823092844,Degraded,M,4
2026-07-15 09:05:00+03:00,15,OK,62.5,Degraded,M,2
2026-07-15 09:10:00+03:00,15,OK,83.20996794420563,Critical,M,8
2026-07-15 09:15:00+03:00,15,OK,87.35337552742618,Critical,M,2
2026-07-15 09:20:00+03:00,15,OK,62.5,Degraded,M,4
2026-07-15 09:25:00+03:00,15,OK,62.50000000000001,Degraded,M,2
2026-07-15 09:30:00+03:00,15,OK,58.255466770321824,Degraded,M,4
2026-07-15 09:35:00+03:00,15,OK,53.56548607790564,Degraded,A,4
2026-07-15 09:40:00+03:00,15,OK,46.35915198801131,Acceptable,A,4
2026-07-15 09:45:00+03:00,15,OK,42.59175640940848,Acceptable,V,4
2026-07-15 09:50:00+03:00,15,OK,42.8324396153207,Acceptable,V,4
2026-07-15 09:55:00+03:00,15,OK,43.07864693303438,Acceptable,M,2
2026-07-15 10:00:00+03:00,15,OK,43.19916305909801,Acceptable,M,2
2026-07-15 10:05:00+03:00,15,OK,43.06563445626569,Acceptable,M,2
2026-07-15 10:10:00+03:00,15,OK,42.097191735518294,Acceptable,M,2
2026-07-15 10:15:00+03:00,15,OK,40.55860407731623,Acceptable,M,2
2026-07-15 10:20:00+03:00,15,OK,38.31350329449472,Acceptable,M,4
2026-07-15 10:25:00+03:00,15,OK,37.5,Acceptable,A,2
2026-07-15 10:30:00+03:00,15,OK,37.50000000000001,Acceptable,A,2
2026-07-15 10:35:00+03:00,15,OK,37.49999999999999,Acceptable,A,2
2026-07-15 10:40:00+03:00,15,OK,37.49999999999999,Acceptable,A,2
2026-07-15 10:45:00+03:00,15,OK,37.50000000000001,Acceptable,A,2
2026-07-15 10:50:00+03:00,15,OK,37.500000000000014,Acceptable,A,2
2026-07-15 10:55:00+03:00,15,OK,37.50000000000001,Acceptable,A,2
2026-07-15 11:00:00+03:00,15,OK,37.49999999999999,Acceptable,A,2
2026-07-15 11:05:00+03:00,15,OK,37.50000000000001,Acceptable,A,2
2026-07-15 11:10:00+03:00,15,OK,37.49999999999999,Acceptable,A,2
2026-07-15 11:15:00+03:00,15,OK,37.500000000000014,Acceptable,A,2
2026-07-15 11:20:00+03:00,15,OK,38.279045981402334,Acceptable,A,4
2026-07-15 11:25:00+03:00,15,OK,39.55793498966744,Acceptable,A,4
2026-07-15 11:30:00+03:00,15,OK,40.50955712227276,Acceptable,A,4
2026-07-15 11:35:00+03:00,15,OK,41.37087444854226,Acceptable,A,4
2026-07-15 11:40:00+03:00,15,OK,41.860185636973334,Acceptable,A,4
2026-07-15 11:45:00+03:00,15,OK,42.24994330638175,Acceptable,A,4
2026-07-15 11:50:00+03:00,15,OK,42.6281457840927,Acceptable,A,4
2026-07-15 11:55:00+03:00,15,OK,43.359850103547195,Acceptable,M,4
2026-07-15 12:00:00+03:00,15,OK,44.363104673946594,Acceptable,M,4
2026-07-15 12:05:00+03:00,15,OK,45.171862038211394,Acceptable,M,4
2026-07-15 12:10:00+03:00,15,OK,45.6580154672956,Acceptable,M,4
2026-07-15 12:15:00+03:00,15,OK,45.583892925380184,Acceptable,M,4
2026-07-15 12:20:00+03:00,15,OK,45.34496436603012,Acceptable,M,4
2026-07-15 12:25:00+03:00,15,OK,45.08940722012885,Acceptable,M,4
2026-07-15 12:30:00+03:00,15,OK,44.97394321621743,Acceptable,M,4
2026-07-15 12:35:00+03:00,15,OK,44.9574457617947,Acceptable,M,4
2026-07-15 12:40:00+03:00,15,OK,45.09765343197011,Acceptable,M,2
2026-07-15 12:45:00+03:00,15,OK,45.73212489391778,Acceptable,M,2
2026-07-15 12:50:00+03:00,15,OK,46.41496090834102,Acceptable,M,2
2026-07-15 12:55:00+03:00,15,OK,47.10449343357997,Acceptable,M,2
2026-07-15 13:00:00+03:00,15,OK,47.74306236998028,Acceptable,M,2
2026-07-15 13:05:00+03:00,15,OK,47.98857905374891,Acceptable,M,2
2026-07-15 13:10:00+03:00,15,OK,48.160412067696235,Acceptable,M,2
2026-07-15 13:15:00+03:00,15,OK,48.07858976665051,Acceptable,M,2
2026-07-15 13:20:00+03:00,15,OK,48.12267336517841,Acceptable,M,2
2026-07-15 13:25:00+03:00,15,OK,47.8740105972395,Acceptable,M,2
2026-07-15 13:30:00+03:00,15,OK,47.80035390588425,Acceptable,M,2
2026-07-15 13:35:00+03:00,15,OK,47.80035390588408,Acceptable,M,2
2026-07-15 13:40:00+03:00,15,OK,48.08677223759269,Acceptable,M,2
2026-07-15 13:45:00+03:00,15,OK,48.536725731719095,Acceptable,M,2
2026-07-15 13:50:00+03:00,15,OK,49.70584774679407,Acceptable,M,2
2026-07-15 13:55:00+03:00,15,OK,51.6595977069754,Degraded,M,2
2026-07-15 14:00:00+03:00,15,OK,54.09075477290485,Degraded,M,2
2026-07-15 14:05:00+03:00,15,OK,56.30175150996892,Degraded,M,2
2026-07-15 14:10:00+03:00,15,OK,60.23413869255481,Degraded,M,2
2026-07-15 14:15:00+03:00,15,OK,62.499999999999986,Degraded,M,1
2026-07-15 14:20:00+03:00,15,OK,62.49999999999999,Degraded,A,2
2026-07-15 14:25:00+03:00,15,OK,62.499999999999986,Degraded,A,2
2026-07-15 14:30:00+03:00,15,OK,62.5,Degraded,M,2
2026-07-15 14:35:00+03:00,15,OK,62.50000000000001,Degraded,M,2
2026-07-15 14:40:00+03:00,15,OK,62.5,Degraded,M,1
2026-07-15 14:45:00+03:00,15,OK,62.500000000000014,Degraded,M,1
2026-07-15 14:50:00+03:00,15,OK,62.499999999999986,Degraded,M,1
2026-07-15 14:55:00+03:00,15,OK,62.5,Degraded,M,1
2026-07-15 15:00:00+03:00,15,OK,63.06838208847868,Degraded,M,2
2026-07-15 15:05:00+03:00,15,OK,63.98054668794898,Degraded,M,2
2026-07-15 15:10:00+03:00,15,OK,65.46218700654171,Degraded,M,2
2026-07-15 15:15:00+03:00,15,OK,66.41380887059897,Degraded,M,2
2026-07-15 15:20:00+03:00,15,OK,66.70073216941387,Degraded,M,2
2026-07-15 15:25:00+03:00,15,OK,67.03658859598556,Degraded,M,2
2026-07-15 15:30:00+03:00,15,OK,67.63390024251188,Degraded,M,2
2026-07-15 15:35:00+03:00,15,OK,68.80268318228552,Degraded,M,2
2026-07-15 15:40:00+03:00,15,OK,70.3456634294593,Degraded,M,2
2026-07-15 15:45:00+03:00,15,OK,72.31522308673381,Degraded,M,2
2026-07-15 15:50:00+03:00,15,OK,74.21895066484875,Degraded,M,2
2026-07-15 15:55:00+03:00,15,OK,74.73764654755202,Degraded,M,2
2026-07-15 16:00:00+03:00,15,OK,74.56477182931707,Degraded,M,2
2026-07-15 16:05:00+03:00,15,OK,74.38363933908045,Degraded,M,2
2026-07-15 16:10:00+03:00,15,OK,75.01123456790111,Critical,M,2
2026-07-15 16:15:00+03:00,15,OK,76.34127572016435,Critical,M,2
2026-07-15 16:20:00+03:00,15,OK,77.82094650205757,Critical,M,2
2026-07-15 16:25:00+03:00,15,OK,79.7539583834377,Critical,M,2
2026-07-15 16:30:00+03:00,15,OK,82.39862225184508,Critical,M,2
2026-07-15 16:35:00+03:00,15,OK,85.46252729799414,Critical,M,2
2026-07-15 16:40:00+03:00,15,OK,87.55597014925372,Critical,A;M;V,1
2026-07-15 16:45:00+03:00,15,OK,87.55597014925372,Critical,A;M;V,1
2026-07-15 16:50:00+03:00,15,OK,87.55597014925372,Critical,A;M;V,1
2026-07-15 16:55:00+03:00,15,OK,87.55597014925372,Critical,A;M;V,1
2026-07-15 17:00:00+03:00,15,OK,87.55597014925372,Critical,A;M;V,1
2026-07-15 17:05:00+03:00,15,OK,87.55597014925372,Critical,A;M;V,1
2026-07-15 17:10:00+03:00,15,OK,87.55597014925372,Critical,A;M;V,1
2026-07-15 17:15:00+03:00,15,OK,87.55597014925372,Critical,A;M;V,1
2026-07-15 17:20:00+03:00,15,OK,87.55597014925372,Critical,A;M;V,1
2026-07-15 17:25:00+03:00,15,OK,87.55597014925372,Critical,A;M;V,1
2026-07-15 17:30:00+03:00,15,OK,87.55597014925372,Critical,A;M;V,1
2026-07-15 17:35:00+03:00,15,OK,87.55597014925372,Critical,A;M;V,1
2026-07-15 17:40:00+03:00,15,OK,87.55597014925372,Critical,A;M;V,1
2026-07-15 17:45:00+03:00,15,OK,87.55597014925372,Critical,A;M;V,1
2026-07-15 17:50:00+03:00,15,OK,87.55597014925372,Critical,A;M;V,1
2026-07-15 17:55:00+03:00,15,OK,87.55597014925372,Critical,A;M;V,1
2026-07-15 18:00:00+03:00,15,OK,87.55597014925372,Critical,A;M;V,1
2026-07-15 18:05:00+03:00,15,OK,87.55597014925372,Critical,A;M;V,1
2026-07-15 18:10:00+03:00,15,OK,87.55597014925372,Critical,A;M;V,1
2026-07-15 18:15:00+03:00,15,OK,87.55597014925372,Critical,A;M;V,1
2026-07-15 18:20:00+03:00,15,OK,87.55597014925372,Critical,A;M;V,1
2026-07-15 18:25:00+03:00,15,OK,87.55597014925372,Critical,A;M;V,1
2026-07-15 18:30:00+03:00,15,OK,87.55597014925372,Critical,A;M;V,1
2026-07-15 18:35:00+03:00,15,OK,87.55597014925372,Critical,A;M;V,1
2026-07-15 18:40:00+03:00,15,OK,87.55597014925372,Critical,A;M;V,1
2026-07-15 18:45:00+03:00,15,OK,87.55597014925372,Critical,A;M;V,1
2026-07-15 18:50:00+03:00,15,OK,87.55597014925372,Critical,A;M;V,1
2026-07-15 18:55:00+03:00,15,OK,87.55597014925372,Critical,A;M;V,1
2026-07-15 19:00:00+03:00,15,OK,87.55597014925372,Critical,A;M;V,1
2026-07-15 19:05:00+03:00,15,OK,87.55597014925372,Critical,A;M;V,1
2026-07-15 19:10:00+03:00,15,OK,87.55597014925372,Critical,A;M;V,1
2026-07-15 19:15:00+03:00,15,OK,87.55597014925372,Critical,A;M;V,1
2026-07-15 19:20:00+03:00,15,OK,87.55597014925372,Critical,A;M;V,1
2026-07-15 19:25:00+03:00,15,OK,87.55597014925372,Critical,A;M;V,1
2026-07-15 19:30:00+03:00,15,OK,87.55597014925372,Critical,A;M;V,1
2026-07-15 19:35:00+03:00,15,OK,87.55597014925372,Critical,A;M;V,1
2026-07-15 19:40:00+03:00,15,OK,87.55597014925372,Critical,A;M;V,1
2026-07-15 19:45:00+03:00,15,OK,87.55597014925372,Critical,A;M;V,1
2026-07-15 19:50:00+03:00,15,OK,87.55597014925372,Critical,A;M;V,1
2026-07-15 19:55:00+03:00,15,OK,87.55597014925372,Critical,A;M;V,1
2026-07-15 20:00:00+03:00,15,OK,87.55597014925372,Critical,A;M;V,1
2026-07-15 20:05:00+03:00,15,OK,87.55597014925372,Critical,A;M;V,1
2026-07-15 20:10:00+03:00,15,OK,87.55597014925372,Critical,A;M;V,1
2026-07-15 20:15:00+03:00,15,OK,87.55597014925372,Critical,A;M;V,1
2026-07-15 20:20:00+03:00,15,OK,87.55597014925372,Critical,A;M;V,1
2026-07-15 20:25:00+03:00,15,OK,87.55597014925372,Critical,A;M;V,1
2026-07-15 20:30:00+03:00,15,OK,87.55597014925372,Critical,A;M;V,1
2026-07-15 20:35:00+03:00,15,OK,86.08951205944318,Critical,M,2
2026-07-15 20:40:00+03:00,15,OK,83.65563640086758,Critical,M,2
2026-07-15 20:45:00+03:00,15,OK,81.44253291393385,Critical,M,2
2026-07-15 20:50:00+03:00,15,OK,79.66138681706802,Critical,M,2
2026-07-15 20:55:00+03:00,15,OK,78.391309537529,Critical,M,2
2026-07-15 21:00:00+03:00,15,OK,77.14761316872439,Critical,M,2
2026-07-15 21:05:00+03:00,15,OK,76.3579012345682,Critical,M,2
2026-07-15 21:10:00+03:00,15,OK,74.83666666666697,Degraded,M,2
2026-07-15 21:15:00+03:00,15,OK,72.74402057337883,Degraded,M,2
2026-07-15 21:20:00+03:00,15,OK,69.9274675922713,Degraded,M,2
2026-07-15 21:25:00+03:00,15,OK,67.51123563902982,Degraded,M,2
2026-07-15 21:30:00+03:00,15,OK,65.42952048250328,Degraded,M,2
2026-07-15 21:35:00+03:00,15,OK,63.26583536414825,Degraded,M,2
2026-07-15 21:40:00+03:00,15,OK,62.5,Degraded,A;M;V,1
2026-07-15 21:45:00+03:00,15,OK,62.5,Degraded,A;M;V,1
2026-07-15 21:50:00+03:00,15,OK,62.5,Degraded,A;M;V,1
2026-07-15 21:55:00+03:00,15,OK,62.5,Degraded,A;M;V,1
2026-07-15 22:00:00+03:00,15,OK,62.5,Degraded,A;M;V,1
2026-07-15 22:05:00+03:00,15,OK,63.775339298782065,Degraded,M,4
2026-07-15 22:10:00+03:00,15,OK,68.51748218640296,Degraded,A,4
2026-07-15 22:15:00+03:00,15,OK,73.28129395561348,Degraded,M,4
2026-07-15 22:20:00+03:00,15,OK,76.16670781893055,Critical,M,2
2026-07-15 22:25:00+03:00,15,OK,87.35121916643038,Critical,M,2
2026-07-15 22:30:00+03:00,15,OK,87.32870512427125,Critical,M,2
2026-07-15 22:35:00+03:00,15,PARTIAL,74.04600420869603,Degraded,M,2
2026-07-15 22:40:00+03:00,15,PARTIAL,72.49665534206137,Degraded,M,2
2026-07-15 22:45:00+03:00,15,PARTIAL,71.48402413976099,Degraded,M,2
2026-07-15 22:50:00+03:00,15,PARTIAL,70.25548814092926,Degraded,M,2
2026-07-15 22:55:00+03:00,15,PARTIAL,69.4022742058524,Degraded,M,2
2026-07-15 23:00:00+03:00,15,PARTIAL,68.14052668471979,Degraded,M,2
2026-07-15 23:05:00+03:00,15,PARTIAL,67.30671343414997,Degraded,M,2
2026-07-15 23:10:00+03:00,15,PARTIAL,66.24155904196584,Degraded,M,2
2026-07-15 23:15:00+03:00,15,PARTIAL,65.63400973729854,Degraded,M,2
2026-07-15 23:20:00+03:00,15,PARTIAL,65.4050183135597,Degraded,M,2
2026-07-15 23:25:00+03:00,15,PARTIAL,65.55200206973383,Degraded,M,2
2026-07-15 23:30:00+03:00,15,OK,87.49021364207601,Critical,M,2
2026-07-15 23:35:00+03:00,15,OK,87.49179160120364,Critical,M,2
2026-07-15 23:40:00+03:00,15,OK,87.51304369966755,Critical,M,4
2026-07-15 23:45:00+03:00,15,OK,87.54029283904154,Critical,M,2
2026-07-15 23:50:00+03:00,15,OK,87.3275356109104,Critical,A,1
2026-07-15 23:55:00+03:00,15,OK,87.5265103826877,Critical,A,2
2026-07-16 00:00:00+03:00,15,OK,63.421106139086476,Degraded,A,4
2026-07-16 00:05:00+03:00,15,OK,63.97083697728981,Degraded,V,4
2026-07-16 00:10:00+03:00,15,OK,63.47942079039108,Degraded,V,4
2026-07-16 00:15:00+03:00,15,OK,62.68957686309511,Degraded,M,2
2026-07-16 00:20:00+03:00,15,OK,62.5,Degraded,A;M;V,1
2026-07-16 00:25:00+03:00,15,OK,62.499999999999986,Degraded,A,4
2026-07-16 00:30:00+03:00,15,OK,62.500000000000014,Degraded,A,4
2026-07-16 00:35:00+03:00,15,OK,62.50000000000001,Degraded,A,4
2026-07-16 00:40:00+03:00,15,OK,62.500000000000014,Degraded,A,2
2026-07-16 00:45:00+03:00,15,OK,62.5,Degraded,A;M;V,1
2026-07-16 00:50:00+03:00,15,OK,62.5,Degraded,A;M;V,1
2026-07-16 00:55:00+03:00,15,OK,62.5,Degraded,A;M;V,1
2026-07-16 01:00:00+03:00,15,OK,62.5,Degraded,A;M;V,1
2026-07-16 01:05:00+03:00,15,OK,62.5,Degraded,A;M;V,1
2026-07-16 01:10:00+03:00,15,OK,62.5,Degraded,A;M;V,1
2026-07-16 01:15:00+03:00,15,OK,62.499999999999986,Degraded,V,2
2026-07-16 01:20:00+03:00,15,OK,62.499999999999986,Degraded,V,2
2026-07-16 01:25:00+03:00,15,OK,60.91292104960921,Degraded,V,4
2026-07-16 01:30:00+03:00,15,OK,59.46507549926874,Degraded,V,4
2026-07-16 01:35:00+03:00,15,OK,58.76084995686141,Degraded,V,4
2026-07-16 01:40:00+03:00,15,OK,58.12673084531162,Degraded,M,4
2026-07-16 01:45:00+03:00,15,OK,57.30719857805935,Degraded,M,8
2026-07-16 01:50:00+03:00,15,OK,56.38213986496461,Degraded,M,4
2026-07-16 01:55:00+03:00,15,OK,55.2653334383121,Degraded,M,4
2026-07-16 02:00:00+03:00,15,OK,54.037396280681534,Degraded,M,4
2026-07-16 02:05:00+03:00,15,OK,53.034725107892214,Degraded,M,4
2026-07-16 02:10:00+03:00,15,OK,52.158725174660866,Degraded,M,4
2026-07-16 02:15:00+03:00,15,OK,51.316051909664495,Degraded,M,4
2026-07-16 02:20:00+03:00,15,OK,50.31049607467614,Degraded,M,4
2026-07-16 02:25:00+03:00,15,OK,49.338060074725114,Acceptable,M,4
2026-07-16 02:30:00+03:00,15,OK,48.43038769423935,Acceptable,M,4
2026-07-16 02:35:00+03:00,15,OK,47.66939796869672,Acceptable,M,4
2026-07-16 02:40:00+03:00,15,OK,46.89146297568801,Acceptable,M,4
2026-07-16 02:45:00+03:00,15,OK,46.003747305804886,Acceptable,M,4
2026-07-16 02:50:00+03:00,15,OK,45.050589449464034,Acceptable,A,4
2026-07-16 02:55:00+03:00,15,OK,44.561316998331215,Acceptable,A,4
2026-07-16 03:00:00+03:00,15,OK,43.56941476757918,Acceptable,A,4
2026-07-16 03:05:00+03:00,15,OK,42.61094181980234,Acceptable,A,4
2026-07-16 03:10:00+03:00,15,OK,41.87249170472608,Acceptable,A,4
2026-07-16 03:15:00+03:00,15,OK,41.132788355130224,Acceptable,A,4
2026-07-16 03:20:00+03:00,15,OK,40.597803923512274,Acceptable,A,4
2026-07-16 03:25:00+03:00,15,OK,39.78696875188702,Acceptable,A,4
2026-07-16 03:30:00+03:00,15,OK,39.061624442762565,Acceptable,A,4
2026-07-16 03:35:00+03:00,15,OK,38.256707344586324,Acceptable,A,4
2026-07-16 03:40:00+03:00,15,OK,37.59630449013176,Acceptable,A,4
2026-07-16 03:45:00+03:00,15,OK,37.50000000000001,Acceptable,A,2
2026-07-16 03:50:00+03:00,15,OK,37.49999999999999,Acceptable,A,2
2026-07-16 03:55:00+03:00,15,OK,37.500000000000014,Acceptable,A,2
2026-07-16 04:00:00+03:00,15,OK,37.500000000000014,Acceptable,A,2
2026-07-16 04:05:00+03:00,15,OK,37.50000000000001,Acceptable,A,2
2026-07-16 04:10:00+03:00,15,OK,37.49999999999999,Acceptable,A,2
2026-07-16 04:15:00+03:00,15,OK,37.49999999999999,Acceptable,A,2
2026-07-16 04:20:00+03:00,15,OK,37.49999999999999,Acceptable,A,2
2026-07-16 04:25:00+03:00,15,OK,37.49999999999999,Acceptable,A,2
2026-07-16 04:30:00+03:00,15,OK,37.50000000000001,Acceptable,A,2
2026-07-16 04:35:00+03:00,15,OK,37.50000000000001,Acceptable,A,2
2026-07-16 04:40:00+03:00,15,OK,37.49999999999999,Acceptable,A,2
2026-07-16 04:45:00+03:00,15,OK,37.49999999999999,Acceptable,A,2
2026-07-16 04:50:00+03:00,15,OK,37.50000000000001,Acceptable,A,2
2026-07-16 04:55:00+03:00,15,OK,37.5,Acceptable,M,2
2026-07-16 05:00:00+03:00,15,OK,37.50000000000001,Acceptable,M,2
2026-07-16 05:05:00+03:00,15,OK,37.5,Acceptable,M,2
2026-07-16 05:10:00+03:00,15,OK,37.5,Acceptable,M,2
2026-07-16 05:15:00+03:00,15,OK,37.5,Acceptable,M,2
2026-07-16 05:20:00+03:00,15,OK,37.50000000000001,Acceptable,M,2
2026-07-16 05:25:00+03:00,15,OK,37.5,Acceptable,M,2
2026-07-16 05:30:00+03:00,15,OK,37.49999999999999,Acceptable,M,2
2026-07-16 05:35:00+03:00,15,OK,37.49999999999999,Acceptable,M,2
2026-07-16 05:40:00+03:00,15,OK,37.50000000000001,Acceptable,A,2
2026-07-16 05:45:00+03:00,15,OK,37.49999999999999,Acceptable,A,2
2026-07-16 05:50:00+03:00,15,OK,37.49999999999999,Acceptable,A,2
2026-07-16 05:55:00+03:00,15,OK,37.49999999999999,Acceptable,A,2
2026-07-16 06:00:00+03:00,15,OK,37.499999999999986,Acceptable,A,2
2026-07-16 06:05:00+03:00,15,OK,37.50000000000001,Acceptable,A,2
2026-07-16 06:10:00+03:00,15,OK,37.49999999999999,Acceptable,A,2
2026-07-16 06:15:00+03:00,15,OK,37.500000000000014,Acceptable,A,2
2026-07-16 06:20:00+03:00,15,OK,37.500000000000014,Acceptable,A,2
2026-07-16 06:25:00+03:00,15,OK,37.49999999999999,Acceptable,A,2
2026-07-16 06:30:00+03:00,15,OK,37.500000000000014,Acceptable,A,2
2026-07-16 06:35:00+03:00,15,OK,37.49999999999999,Acceptable,A,2
2026-07-16 06:40:00+03:00,15,OK,37.49999999999999,Acceptable,A,2
2026-07-16 06:45:00+03:00,15,OK,37.49999999999999,Acceptable,A,2
2026-07-16 06:50:00+03:00,15,OK,37.50000000000001,Acceptable,A,2
2026-07-16 06:55:00+03:00,15,OK,37.50000000000001,Acceptable,A,2
2026-07-16 07:00:00+03:00,15,OK,37.50000000000001,Acceptable,A,2
2026-07-16 07:05:00+03:00,15,OK,37.5,Acceptable,A,2
2026-07-16 07:10:00+03:00,15,OK,37.50000000000001,Acceptable,A,2
2026-07-16 07:15:00+03:00,15,OK,37.50000000000002,Acceptable,A,2
2026-07-16 07:20:00+03:00,15,OK,37.50000000000001,Acceptable,A,2
2026-07-16 07:25:00+03:00,15,OK,37.499999999999986,Acceptable,A,2
2026-07-16 07:30:00+03:00,15,OK,37.50000000000001,Acceptable,A,2
2026-07-16 07:35:00+03:00,15,OK,37.50000000000001,Acceptable,A,2
2026-07-16 07:40:00+03:00,15,OK,37.50000000000001,Acceptable,A,2
2026-07-16 07:45:00+03:00,15,OK,37.5,Acceptable,A,2
2026-07-16 07:50:00+03:00,15,OK,37.499999999999986,Acceptable,A,2
2026-07-16 07:55:00+03:00,15,OK,37.50000000000001,Acceptable,A,2
2026-07-16 08:00:00+03:00,15,OK,37.5,Acceptable,A,2
2026-07-16 08:05:00+03:00,15,OK,37.499999999999986,Acceptable,A,2
2026-07-16 08:10:00+03:00,15,OK,37.499999999999986,Acceptable,A,2
2026-07-16 08:15:00+03:00,15,OK,37.5,Acceptable,A,2
2026-07-16 08:20:00+03:00,15,OK,62.5,Degraded,M,2
2026-07-16 08:25:00+03:00,15,OK,62.5,Degraded,M,2
2026-07-16 08:30:00+03:00,15,OK,62.5,Degraded,A,2
2026-07-16 08:35:00+03:00,15,OK,62.50000000000001,Degraded,A,2
2026-07-16 08:40:00+03:00,15,OK,62.49999999999999,Degraded,A,2
2026-07-16 08:45:00+03:00,15,OK,62.5,Degraded,M,2
2026-07-16 08:50:00+03:00,15,OK,62.5,Degraded,M,2
2026-07-16 08:55:00+03:00,15,OK,62.5,Degraded,M,4
2026-07-16 09:00:00+03:00,15,OK,62.5,Degraded,M,4
2026-07-16 09:05:00+03:00,15,OK,62.5,Degraded,M,2
2026-07-16 09:10:00+03:00,15,OK,61.88960686012247,Degraded,M,4
2026-07-16 09:15:00+03:00,15,OK,56.54856786025309,Degraded,M,4
2026-07-16 09:20:00+03:00,15,OK,58.08485387924635,Degraded,M,2
2026-07-16 09:25:00+03:00,15,OK,59.70947658147033,Degraded,M,2
2026-07-16 09:30:00+03:00,15,OK,60.877032287612124,Degraded,M,2
2026-07-16 09:35:00+03:00,15,OK,61.72987458119105,Degraded,A,4
2026-07-16 09:40:00+03:00,15,OK,62.10282070011443,Degraded,A,4
2026-07-16 09:45:00+03:00,15,OK,62.35068339035335,Degraded,V,8
2026-07-16 09:50:00+03:00,15,OK,61.67731095015885,Degraded,V,8
2026-07-16 09:55:00+03:00,15,OK,60.609999999999694,Degraded,V,8
2026-07-16 10:00:00+03:00,15,OK,60.297066769491686,Degraded,A,8
2026-07-16 10:05:00+03:00,15,OK,60.62131634979442,Degraded,A,4
2026-07-16 10:10:00+03:00,15,OK,62.014240176578,Degraded,A,4
2026-07-16 10:15:00+03:00,15,OK,62.49999999999997,Degraded,A,2
2026-07-16 10:20:00+03:00,15,OK,62.50000000000001,Degraded,A,2
2026-07-16 10:25:00+03:00,15,OK,62.50000000000001,Degraded,A,2
2026-07-16 10:30:00+03:00,15,OK,62.50000000000001,Degraded,A,2
2026-07-16 10:35:00+03:00,15,OK,62.5,Degraded,A,2
2026-07-16 10:40:00+03:00,15,OK,62.49999999999999,Degraded,A,2
2026-07-16 10:45:00+03:00,15,OK,62.500000000000014,Degraded,A,2
2026-07-16 10:50:00+03:00,15,OK,62.49999999999998,Degraded,M,2
2026-07-16 10:55:00+03:00,15,OK,62.49999999999999,Degraded,M,2
2026-07-16 11:00:00+03:00,15,OK,62.49999999999999,Degraded,M,2
2026-07-16 11:05:00+03:00,15,OK,62.50000000000001,Degraded,M,2
2026-07-16 11:10:00+03:00,15,OK,62.5,Degraded,M,2
2026-07-16 11:15:00+03:00,15,OK,62.49999999999999,Degraded,M,2
2026-07-16 11:20:00+03:00,15,OK,62.50000000000001,Degraded,M,2
2026-07-16 11:25:00+03:00,15,OK,62.50000000000001,Degraded,M,2
2026-07-16 11:30:00+03:00,15,OK,62.5,Degraded,M,2
2026-07-16 11:35:00+03:00,15,OK,62.50000000000001,Degraded,M,1
2026-07-16 11:40:00+03:00,15,OK,62.500000000000014,Degraded,M,1
2026-07-16 11:45:00+03:00,15,OK,62.5,Degraded,A;M;V,1
2026-07-16 11:50:00+03:00,15,OK,62.5,Degraded,A;M;V,1
2026-07-16 11:55:00+03:00,15,OK,62.5,Degraded,A;M;V,1
2026-07-16 12:00:00+03:00,15,OK,62.5,Degraded,A;M;V,1
2026-07-16 12:05:00+03:00,15,OK,62.5,Degraded,A;M;V,1
2026-07-16 12:10:00+03:00,15,OK,62.5,Degraded,A;M;V,1
2026-07-16 12:15:00+03:00,15,OK,62.5,Degraded,A;M;V,1
2026-07-16 12:20:00+03:00,15,OK,62.5,Degraded,A;M;V,1
2026-07-16 12:25:00+03:00,15,OK,62.5,Degraded,A;M;V,1
2026-07-16 12:30:00+03:00,15,OK,62.5,Degraded,A;M;V,1
2026-07-16 12:35:00+03:00,15,OK,62.5,Degraded,A;M;V,1
2026-07-16 12:40:00+03:00,15,OK,62.5,Degraded,A;M;V,1
2026-07-16 12:45:00+03:00,15,OK,62.5,Degraded,A;M;V,1
2026-07-16 12:50:00+03:00,15,OK,62.5,Degraded,A;M;V,1
2026-07-16 12:55:00+03:00,15,OK,62.5,Degraded,A;M;V,1
2026-07-16 13:00:00+03:00,15,OK,62.5,Degraded,A;M;V,1
2026-07-16 13:05:00+03:00,15,OK,62.5,Degraded,A;M;V,1
2026-07-16 13:10:00+03:00,15,OK,62.5,Degraded,A;M;V,1
2026-07-16 13:15:00+03:00,15,OK,62.5,Degraded,A;M;V,1
2026-07-16 13:20:00+03:00,15,OK,62.5,Degraded,A;M;V,1
2026-07-16 13:25:00+03:00,15,OK,62.5,Degraded,A;M;V,1
2026-07-16 13:30:00+03:00,15,PARTIAL,12.444029850746269,Favorable,A;V,1
2026-07-16 13:35:00+03:00,15,OK,62.5,Degraded,A;M;V,1
2026-07-16 13:40:00+03:00,15,OK,62.5,Degraded,A;M;V,1
2026-07-16 13:45:00+03:00,15,OK,62.5,Degraded,A;M;V,1
2026-07-16 13:50:00+03:00,15,OK,62.5,Degraded,A;M;V,1
2026-07-16 13:55:00+03:00,15,OK,63.109528598449394,Degraded,M,2
2026-07-16 14:00:00+03:00,15,OK,65.79830045659376,Degraded,M,2
2026-07-16 14:05:00+03:00,15,OK,69.32838327427157,Degraded,M,2
2026-07-16 14:10:00+03:00,15,OK,72.9336341352523,Degraded,M,4
2026-07-16 14:15:00+03:00,15,OK,76.52415637860044,Critical,M,4
2026-07-16 14:20:00+03:00,15,OK,79.72029521936383,Critical,M,4
2026-07-16 14:25:00+03:00,15,OK,82.89429561216228,Critical,M,2
2026-07-16 14:30:00+03:00,15,OK,85.87170740104398,Critical,M,2
2026-07-16 14:35:00+03:00,15,OK,87.55597014925372,Critical,A;M;V,1
2026-07-16 14:40:00+03:00,15,OK,87.55597014925372,Critical,A;M;V,1
2026-07-16 14:45:00+03:00,15,OK,87.55597014925372,Critical,A;M;V,1
2026-07-16 14:50:00+03:00,15,OK,87.55597014925372,Critical,A;M;V,1
2026-07-16 14:55:00+03:00,15,OK,87.55597014925372,Critical,A;M;V,1
2026-07-16 15:00:00+03:00,15,OK,87.55597014925372,Critical,A;M;V,1
2026-07-16 15:05:00+03:00,15,OK,87.55597014925372,Critical,A;M;V,1
2026-07-16 15:10:00+03:00,15,OK,87.55597014925372,Critical,A;M;V,1
2026-07-16 15:15:00+03:00,15,OK,87.55597014925372,Critical,A;M;V,1
2026-07-16 15:20:00+03:00,15,OK,87.55597014925372,Critical,A;M;V,1
2026-07-16 15:25:00+03:00,15,OK,87.55597014925372,Critical,A;M;V,1
2026-07-16 15:30:00+03:00,15,OK,87.55597014925372,Critical,A;M;V,1
2026-07-16 15:35:00+03:00,15,OK,87.55597014925372,Critical,A;M;V,1
2026-07-16 15:40:00+03:00,15,OK,87.55597014925372,Critical,A;M;V,1
2026-07-16 15:45:00+03:00,15,OK,87.55597014925372,Critical,A;M;V,1
2026-07-16 15:50:00+03:00,15,OK,87.55597014925372,Critical,A;M;V,1
2026-07-16 15:55:00+03:00,15,OK,87.55597014925372,Critical,A;M;V,1
2026-07-16 16:00:00+03:00,15,OK,87.55597014925372,Critical,A;M;V,1
2026-07-16 16:05:00+03:00,15,OK,87.55597014925372,Critical,A;M;V,1
2026-07-16 16:10:00+03:00,15,OK,87.55597014925372,Critical,A;M;V,1
2026-07-16 16:15:00+03:00,15,OK,87.55597014925372,Critical,A;M;V,1
2026-07-16 16:20:00+03:00,15,OK,87.55597014925372,Critical,A;M;V,1
2026-07-16 16:25:00+03:00,15,OK,87.55597014925372,Critical,A;M;V,1
2026-07-16 16:30:00+03:00,15,OK,87.55597014925372,Critical,A;M;V,1
2026-07-16 16:35:00+03:00,15,OK,87.55597014925372,Critical,A;M;V,1
2026-07-16 16:40:00+03:00,15,OK,87.55597014925372,Critical,A;M;V,1
2026-07-16 16:45:00+03:00,15,OK,87.55597014925372,Critical,A;M;V,1
2026-07-16 16:50:00+03:00,15,OK,87.55597014925372,Critical,A;M;V,1
2026-07-16 16:55:00+03:00,15,OK,87.55597014925372,Critical,A;M;V,1
2026-07-16 17:00:00+03:00,15,OK,87.55597014925372,Critical,A;M;V,1
2026-07-16 17:05:00+03:00,15,OK,87.55597014925372,Critical,A;M;V,1
2026-07-16 17:10:00+03:00,15,OK,87.55597014925372,Critical,A;M;V,1
2026-07-16 17:15:00+03:00,15,OK,87.55597014925372,Critical,A;M;V,1
2026-07-16 17:20:00+03:00,15,OK,87.55597014925372,Critical,A;M;V,1
2026-07-16 17:25:00+03:00,15,OK,87.55597014925372,Critical,A;M;V,1
2026-07-16 17:30:00+03:00,15,OK,87.55597014925372,Critical,A;M;V,1
2026-07-16 17:35:00+03:00,15,OK,87.55597014925372,Critical,A;M;V,1
2026-07-16 17:40:00+03:00,15,OK,87.55597014925372,Critical,A;M;V,1
2026-07-16 17:45:00+03:00,15,OK,87.55597014925372,Critical,A;M;V,1
2026-07-16 17:50:00+03:00,15,OK,87.55597014925372,Critical,A;M;V,1
2026-07-16 17:55:00+03:00,15,OK,87.55597014925372,Critical,A;M;V,1
2026-07-16 18:00:00+03:00,15,OK,87.55597014925372,Critical,A;M;V,1
2026-07-16 18:05:00+03:00,15,OK,87.55597014925372,Critical,A;M;V,1
2026-07-16 18:10:00+03:00,15,OK,87.55597014925372,Critical,A;M;V,1
2026-07-16 18:15:00+03:00,15,OK,87.55597014925372,Critical,A;M;V,1
2026-07-16 18:20:00+03:00,15,OK,87.55597014925372,Critical,A;M;V,1
2026-07-16 18:25:00+03:00,15,OK,87.55597014925372,Critical,A;M;V,1
2026-07-16 18:30:00+03:00,15,OK,87.55597014925372,Critical,A;M;V,1
2026-07-16 18:35:00+03:00,15,OK,87.55597014925372,Critical,A;M;V,1
2026-07-16 18:40:00+03:00,15,OK,87.55597014925372,Critical,A;M;V,1
2026-07-16 18:45:00+03:00,15,OK,87.55597014925372,Critical,A;M;V,1
2026-07-16 18:50:00+03:00,15,OK,87.55597014925372,Critical,A;M;V,1
2026-07-16 18:55:00+03:00,15,PARTIAL,12.444029850746269,Favorable,A;V,1
2026-07-16 19:00:00+03:00,15,PARTIAL,12.444029850746269,Favorable,A;V,1
2026-07-16 19:05:00+03:00,15,OK,87.55597014925372,Critical,A;M;V,1
2026-07-16 19:10:00+03:00,15,OK,87.55597014925372,Critical,A;M;V,1
2026-07-16 19:15:00+03:00,15,OK,87.55597014925372,Critical,A;M;V,1
2026-07-16 19:20:00+03:00,15,OK,87.55597014925372,Critical,A;M;V,1
2026-07-16 19:25:00+03:00,15,PARTIAL,12.444029850746269,Favorable,A;V,1
2026-07-16 19:30:00+03:00,15,OK,87.55597014925372,Critical,A;M;V,1
2026-07-16 19:35:00+03:00,15,PARTIAL,12.444029850746269,Favorable,A;V,1
2026-07-16 19:40:00+03:00,15,PARTIAL,12.444029850746269,Favorable,A;V,1
2026-07-16 19:45:00+03:00,15,OK,87.55597014925372,Critical,A;M;V,1
2026-07-16 19:50:00+03:00,15,OK,87.55597014925372,Critical,A;M;V,1
2026-07-16 19:55:00+03:00,15,OK,87.55597014925372,Critical,A;M;V,1
2026-07-16 20:00:00+03:00,15,OK,87.55597014925372,Critical,A;M;V,1
2026-07-16 20:05:00+03:00,15,OK,87.55597014925372,Critical,A;M;V,1
2026-07-16 20:10:00+03:00,15,OK,87.55597014925372,Critical,A;M;V,1
2026-07-16 20:15:00+03:00,15,OK,87.55597014925372,Critical,A;M;V,1
2026-07-16 20:20:00+03:00,15,OK,87.55597014925372,Critical,A;M;V,1
2026-07-16 20:25:00+03:00,15,OK,87.55597014925372,Critical,A;M;V,1
2026-07-16 20:30:00+03:00,15,OK,87.55597014925372,Critical,A;M;V,1
2026-07-16 20:35:00+03:00,15,OK,87.55597014925372,Critical,A;M;V,1
2026-07-16 20:40:00+03:00,15,OK,87.55597014925372,Critical,A;M;V,1
2026-07-16 20:45:00+03:00,15,OK,87.55597014925372,Critical,A;M;V,1
2026-07-16 20:50:00+03:00,15,OK,87.55597014925372,Critical,A;M;V,1
2026-07-16 20:55:00+03:00,15,OK,87.55597014925372,Critical,A;M;V,1
2026-07-16 21:00:00+03:00,15,OK,87.55597014925372,Critical,A;M;V,1
2026-07-16 21:05:00+03:00,15,OK,87.55597014925372,Critical,A;M;V,1
2026-07-16 21:10:00+03:00,15,OK,87.55597014925372,Critical,A;M;V,1
2026-07-16 21:15:00+03:00,15,OK,87.55597014925372,Critical,A;M;V,1
2026-07-16 21:20:00+03:00,15,OK,87.55597014925372,Critical,A;M;V,1
2026-07-16 21:25:00+03:00,15,OK,87.55597014925372,Critical,A;M;V,1
2026-07-16 21:30:00+03:00,15,OK,87.55597014925372,Critical,A;M;V,1
2026-07-16 21:35:00+03:00,15,OK,87.55597014925372,Critical,A;M;V,1
2026-07-16 21:40:00+03:00,15,OK,87.55597014925372,Critical,A;M;V,1
2026-07-16 21:45:00+03:00,15,OK,87.55597014925372,Critical,A;M;V,1
2026-07-16 21:50:00+03:00,15,OK,87.55597014925372,Critical,A;M;V,1
2026-07-16 21:55:00+03:00,15,OK,87.55597014925372,Critical,A;M;V,1
2026-07-16 22:00:00+03:00,15,OK,87.55597014925372,Critical,A;M;V,1
2026-07-16 22:05:00+03:00,15,OK,87.55597014925372,Critical,A;M;V,1
2026-07-16 22:10:00+03:00,15,OK,87.55597014925372,Critical,A;M;V,1
2026-07-16 22:15:00+03:00,15,OK,87.55597014925372,Critical,A;M;V,1
2026-07-16 22:20:00+03:00,15,OK,87.55597014925372,Critical,A;M;V,1
2026-07-16 22:25:00+03:00,15,OK,87.55597014925372,Critical,A;M;V,1
2026-07-16 22:30:00+03:00,15,OK,87.53796717919691,Critical,A,2
2026-07-16 22:35:00+03:00,15,OK,87.54239109479744,Critical,A,2
2026-07-16 22:40:00+03:00,15,OK,87.54018313097006,Critical,A,2
2026-07-16 22:45:00+03:00,15,OK,87.53401181962252,Critical,A,2
2026-07-16 22:50:00+03:00,15,OK,87.53495338853588,Critical,A,2
2026-07-16 22:55:00+03:00,15,OK,87.53953511030662,Critical,A,2
2026-07-16 23:00:00+03:00,15,OK,87.54972614688818,Critical,A,2
2026-07-16 23:05:00+03:00,15,OK,87.5340931149374,Critical,A,2
2026-07-16 23:10:00+03:00,15,OK,87.53387937459247,Critical,A,2
2026-07-16 23:15:00+03:00,15,OK,87.5405183885335,Critical,A,2
2026-07-16 23:20:00+03:00,15,OK,87.53070220105863,Critical,A,2
2026-07-16 23:25:00+03:00,15,OK,87.49986164912264,Critical,A,2
2026-07-16 23:30:00+03:00,15,OK,87.47682512082018,Critical,A,2
2026-07-16 23:35:00+03:00,15,OK,87.4812869509979,Critical,A,2
2026-07-16 23:40:00+03:00,15,OK,87.4867542619439,Critical,A,2
2026-07-16 23:45:00+03:00,15,OK,87.49380771688816,Critical,A,2
2026-07-16 23:50:00+03:00,15,OK,87.48081557015801,Critical,A,2
2026-07-16 23:55:00+03:00,15,OK,87.48761736310324,Critical,A,2
2026-07-17 00:00:00+03:00,15,OK,86.75126413125096,Critical,A,4
2026-07-17 00:05:00+03:00,15,OK,85.8214378109136,Critical,A,4
2026-07-17 00:10:00+03:00,15,OK,84.83883613894734,Critical,A,4
2026-07-17 00:15:00+03:00,15,OK,83.80972428213282,Critical,M,4
2026-07-17 00:20:00+03:00,15,OK,82.48405610350949,Critical,M,4
2026-07-17 00:25:00+03:00,15,OK,81.34870744082795,Critical,M,4
2026-07-17 00:30:00+03:00,15,OK,80.33478765191248,Critical,M,4
2026-07-17 00:35:00+03:00,15,OK,79.38371236951406,Critical,M,4
2026-07-17 00:40:00+03:00,15,OK,78.34927560092194,Critical,M,4
2026-07-17 00:45:00+03:00,15,OK,77.4718106995889,Critical,M,4
2026-07-17 00:50:00+03:00,15,OK,76.5490946502053,Critical,M,4
2026-07-17 00:55:00+03:00,15,OK,75.70950617283935,Critical,M,4
2026-07-17 01:00:00+03:00,15,OK,74.67179233076446,Degraded,M,4
2026-07-17 01:05:00+03:00,15,OK,73.60941390759008,Degraded,M,4
2026-07-17 01:10:00+03:00,15,OK,72.59560730325823,Degraded,M,4
2026-07-17 01:15:00+03:00,15,OK,71.78727054581233,Degraded,M,4
2026-07-17 01:20:00+03:00,15,OK,71.0584069614424,Degraded,M,4
2026-07-17 01:25:00+03:00,15,OK,70.12430070795573,Degraded,M,4
2026-07-17 01:30:00+03:00,15,OK,68.93414988684972,Degraded,M,4
2026-07-17 01:35:00+03:00,15,OK,67.96045418689707,Degraded,M,4
2026-07-17 01:40:00+03:00,15,OK,67.22622234025958,Degraded,M,4
2026-07-17 01:45:00+03:00,15,OK,66.40442295633497,Degraded,M,4
2026-07-17 01:50:00+03:00,15,OK,65.71372089338266,Degraded,M,4
2026-07-17 01:55:00+03:00,15,OK,64.90102243799477,Degraded,M,4
2026-07-17 02:00:00+03:00,15,OK,64.21875334070582,Degraded,M,4
2026-07-17 02:05:00+03:00,15,OK,63.6591802735943,Degraded,M,4
2026-07-17 02:10:00+03:00,15,OK,62.95220653912371,Degraded,M,4
2026-07-17 02:15:00+03:00,15,OK,62.5,Degraded,M,2
2026-07-17 02:20:00+03:00,15,OK,62.5,Degraded,M,2
2026-07-17 02:25:00+03:00,15,OK,62.5,Degraded,M,2
2026-07-17 02:30:00+03:00,15,OK,62.5,Degraded,M,2
2026-07-17 02:35:00+03:00,15,OK,62.49999999999999,Degraded,M,2
2026-07-17 02:40:00+03:00,15,OK,62.50000000000001,Degraded,M,2
2026-07-17 02:45:00+03:00,15,OK,62.49999999999999,Degraded,M,2
2026-07-17 02:50:00+03:00,15,OK,62.49999999999999,Degraded,M,2
2026-07-17 02:55:00+03:00,15,OK,62.50000000000001,Degraded,M,2
2026-07-17 03:00:00+03:00,15,OK,62.500000000000014,Degraded,M,2
2026-07-17 03:05:00+03:00,15,OK,62.5,Degraded,M,2
2026-07-17 03:10:00+03:00,15,OK,62.49999999999999,Degraded,M,2
2026-07-17 03:15:00+03:00,15,OK,62.5,Degraded,M,2
2026-07-17 03:20:00+03:00,15,OK,62.49999999999999,Degraded,M,2
2026-07-17 03:25:00+03:00,15,OK,62.5,Degraded,M,2
2026-07-17 03:30:00+03:00,15,OK,62.50000000000001,Degraded,M,2
2026-07-17 03:35:00+03:00,15,OK,62.49999999999998,Degraded,M,2
2026-07-17 03:40:00+03:00,15,OK,62.50000000000001,Degraded,M,2
2026-07-17 03:45:00+03:00,15,OK,62.500000000000014,Degraded,M,2
2026-07-17 03:50:00+03:00,15,OK,62.49999999999999,Degraded,M,2
2026-07-17 03:55:00+03:00,15,OK,62.5,Degraded,M,2
2026-07-17 04:00:00+03:00,15,OK,62.50000000000001,Degraded,M,2
2026-07-17 04:05:00+03:00,15,OK,62.50000000000001,Degraded,M,2
2026-07-17 04:10:00+03:00,15,OK,62.5,Degraded,M,2
2026-07-17 04:15:00+03:00,15,OK,62.5,Degraded,M,2
2026-07-17 04:20:00+03:00,15,OK,62.50000000000001,Degraded,M,2
2026-07-17 04:25:00+03:00,15,OK,62.5,Degraded,M,2
2026-07-17 04:30:00+03:00,15,OK,62.5,Degraded,M,2
2026-07-17 04:35:00+03:00,15,OK,62.50000000000001,Degraded,M,2
2026-07-17 04:40:00+03:00,15,OK,62.50000000000001,Degraded,M,2
2026-07-17 04:45:00+03:00,15,OK,62.49999999999998,Degraded,M,2
2026-07-17 04:50:00+03:00,15,OK,62.500000000000014,Degraded,M,2
2026-07-17 04:55:00+03:00,15,OK,62.499999999999986,Degraded,M,2
2026-07-17 05:00:00+03:00,15,OK,62.499999999999986,Degraded,M,2
2026-07-17 05:05:00+03:00,15,OK,62.50000000000002,Degraded,M,2
2026-07-17 05:10:00+03:00,15,OK,62.50000000000003,Degraded,M,2
2026-07-17 05:15:00+03:00,15,OK,62.49999999999999,Degraded,M,2
2026-07-17 05:20:00+03:00,15,OK,62.49999999999999,Degraded,M,2
2026-07-17 05:25:00+03:00,15,OK,62.500000000000014,Degraded,M,2
2026-07-17 05:30:00+03:00,15,OK,62.50000000000001,Degraded,M,2
2026-07-17 05:35:00+03:00,15,OK,62.499999999999986,Degraded,M,2
2026-07-17 05:40:00+03:00,15,OK,62.50000000000001,Degraded,M,2
2026-07-17 05:45:00+03:00,15,OK,62.50000000000001,Degraded,M,2
2026-07-17 05:50:00+03:00,15,OK,62.49999999999999,Degraded,M,2
2026-07-17 05:55:00+03:00,15,OK,62.14253691501368,Degraded,M,4
2026-07-17 06:00:00+03:00,15,OK,61.7786585671201,Degraded,M,4
2026-07-17 06:05:00+03:00,15,OK,61.58913803371524,Degraded,M,4
2026-07-17 06:10:00+03:00,15,OK,61.757573028376314,Degraded,M,4
2026-07-17 06:15:00+03:00,15,OK,61.44242365036488,Degraded,M,4
2026-07-17 06:20:00+03:00,15,OK,61.371113002668544,Degraded,M,4
2026-07-17 06:25:00+03:00,15,OK,61.177735132096075,Degraded,M,4
2026-07-17 06:30:00+03:00,15,OK,60.90833792845354,Degraded,M,4
2026-07-17 06:35:00+03:00,15,OK,60.71337110789276,Degraded,M,4
2026-07-17 06:40:00+03:00,15,OK,60.46713481795405,Degraded,M,4
2026-07-17 06:45:00+03:00,15,OK,60.500693879388876,Degraded,M,4
2026-07-17 06:50:00+03:00,15,OK,60.46252987235392,Degraded,M,4
2026-07-17 06:55:00+03:00,15,OK,60.51262975880755,Degraded,M,4
2026-07-17 07:00:00+03:00,15,OK,60.646894260998955,Degraded,M,4
2026-07-17 07:05:00+03:00,15,OK,60.88540791038843,Degraded,M,4
2026-07-17 07:10:00+03:00,15,OK,61.15031678352188,Degraded,M,2
2026-07-17 07:15:00+03:00,15,OK,61.461421906137794,Degraded,M,2
2026-07-17 07:20:00+03:00,15,OK,61.72417623287626,Degraded,M,2
2026-07-17 07:25:00+03:00,15,OK,62.2257746697585,Degraded,M,2
2026-07-17 07:30:00+03:00,15,OK,62.49999999999998,Degraded,M,2
2026-07-17 07:35:00+03:00,15,OK,62.50000000000002,Degraded,M,1
2026-07-17 07:40:00+03:00,15,OK,62.50000000000001,Degraded,M,1
2026-07-17 07:45:00+03:00,15,OK,62.5,Degraded,M,1
2026-07-17 07:50:00+03:00,15,OK,62.50000000000001,Degraded,M,1
2026-07-17 07:55:00+03:00,15,OK,62.50000000000001,Degraded,M,2
2026-07-17 08:00:00+03:00,15,OK,62.49999999999999,Degraded,M,2
2026-07-17 08:05:00+03:00,15,OK,62.5,Degraded,M,2
2026-07-17 08:10:00+03:00,15,OK,62.50000000000001,Degraded,M,2
2026-07-17 08:15:00+03:00,15,OK,62.5,Degraded,M,2
2026-07-17 08:20:00+03:00,15,OK,62.500000000000014,Degraded,M,2
2026-07-17 08:25:00+03:00,15,OK,62.49999999999999,Degraded,M,2
2026-07-17 08:30:00+03:00,15,OK,62.5,Degraded,M,2
2026-07-17 08:35:00+03:00,15,OK,62.5,Degraded,M,2
2026-07-17 08:40:00+03:00,15,OK,62.49999999999999,Degraded,M,2
2026-07-17 08:45:00+03:00,15,OK,62.5,Degraded,M,2
2026-07-17 08:50:00+03:00,15,OK,62.5,Degraded,M,2
2026-07-17 08:55:00+03:00,15,OK,62.50000000000001,Degraded,M,1
2026-07-17 09:00:00+03:00,15,OK,62.50000000000001,Degraded,M,1
2026-07-17 09:05:00+03:00,15,OK,62.50000000000001,Degraded,M,1
2026-07-17 09:10:00+03:00,15,OK,62.50000000000001,Degraded,M,1
2026-07-17 09:15:00+03:00,15,OK,62.500000000000014,Degraded,M,1
2026-07-17 09:20:00+03:00,15,OK,62.5,Degraded,M,1
2026-07-17 09:25:00+03:00,15,OK,62.50000000000001,Degraded,M,1
2026-07-17 09:30:00+03:00,15,OK,62.5,Degraded,M,1
2026-07-17 09:35:00+03:00,15,OK,62.5,Degraded,M,1
2026-07-17 09:40:00+03:00,15,OK,62.500000000000014,Degraded,M,1
2026-07-17 09:45:00+03:00,15,OK,62.626840959148225,Degraded,M,2
2026-07-17 09:50:00+03:00,15,OK,63.49182375567891,Degraded,M,2
2026-07-17 09:55:00+03:00,15,OK,64.61756875960032,Degraded,M,2
2026-07-17 10:00:00+03:00,15,OK,65.62251552295447,Degraded,M,2
2026-07-17 10:05:00+03:00,15,OK,66.44661020880135,Degraded,M,2
2026-07-17 10:10:00+03:00,15,OK,68.10785991330125,Degraded,M,2
2026-07-17 10:15:00+03:00,15,OK,70.00128731989933,Degraded,M,2
2026-07-17 10:20:00+03:00,15,OK,71.8037724343655,Degraded,M,2
2026-07-17 10:25:00+03:00,15,OK,73.469343219571,Degraded,M,2
2026-07-17 10:30:00+03:00,15,OK,75.02786008230426,Critical,M,2
2026-07-17 10:35:00+03:00,15,OK,76.24152263374536,Critical,M,2
2026-07-17 10:40:00+03:00,15,OK,77.38868312757252,Critical,M,2
2026-07-17 10:45:00+03:00,15,OK,78.56786718652246,Critical,M,2
2026-07-17 10:50:00+03:00,15,OK,79.25751666710586,Critical,M,2
2026-07-17 10:55:00+03:00,15,OK,78.76967726000326,Critical,M,2
2026-07-17 11:00:00+03:00,15,OK,78.10550605967815,Critical,M,2
2026-07-17 11:05:00+03:00,15,OK,78.24839979981056,Critical,M,2
2026-07-17 11:10:00+03:00,15,OK,79.69504842854356,Critical,M,2
2026-07-17 11:15:00+03:00,15,OK,81.32312103758778,Critical,M,2
2026-07-17 11:20:00+03:00,15,OK,82.38153683460251,Critical,M,2
2026-07-17 11:25:00+03:00,15,OK,82.74897272142142,Critical,M,2
2026-07-17 11:30:00+03:00,15,OK,82.95414393091579,Critical,M,2
2026-07-17 11:35:00+03:00,15,OK,83.35612594644792,Critical,M,2
2026-07-17 11:40:00+03:00,15,OK,85.61918945215548,Critical,M,2
2026-07-17 11:45:00+03:00,15,OK,87.50852007392402,Critical,A,2
2026-07-17 11:50:00+03:00,15,OK,87.43248236885151,Critical,A,2
2026-07-17 11:55:00+03:00,15,OK,87.42486649463739,Critical,A,2
2026-07-17 12:00:00+03:00,15,OK,87.54334616041534,Critical,A,2
2026-07-17 12:05:00+03:00,15,OK,87.39499488898022,Critical,V,2
2026-07-17 12:10:00+03:00,15,OK,87.55597014925372,Critical,A;M;V,1
2026-07-17 12:15:00+03:00,15,OK,87.55597014925372,Critical,A;M;V,1
2026-07-17 12:20:00+03:00,15,OK,87.55597014925372,Critical,A;M;V,1
2026-07-17 12:25:00+03:00,15,OK,87.55597014925372,Critical,A;M;V,1
2026-07-17 12:30:00+03:00,15,OK,87.55597014925372,Critical,A;M;V,1
2026-07-17 12:35:00+03:00,15,OK,87.55597014925372,Critical,A;M;V,1
2026-07-17 12:40:00+03:00,15,OK,87.55597014925372,Critical,A;M;V,1
2026-07-17 12:45:00+03:00,15,OK,87.55597014925372,Critical,A;M;V,1
2026-07-17 12:50:00+03:00,15,OK,87.55597014925372,Critical,A;M;V,1
2026-07-17 12:55:00+03:00,15,OK,87.55597014925372,Critical,A;M;V,1
2026-07-17 13:00:00+03:00,15,OK,87.55597014925372,Critical,A;M;V,1
2026-07-17 13:05:00+03:00,15,OK,87.55597014925372,Critical,A;M;V,1
2026-07-17 13:10:00+03:00,15,OK,87.55597014925372,Critical,A;M;V,1
2026-07-17 13:15:00+03:00,15,OK,87.55597014925372,Critical,A;M;V,1
2026-07-17 13:20:00+03:00,15,OK,87.55597014925372,Critical,A;M;V,1
2026-07-17 13:25:00+03:00,15,OK,87.55597014925372,Critical,A;M;V,1
2026-07-17 13:30:00+03:00,15,OK,87.55597014925372,Critical,A;M;V,1
2026-07-17 13:35:00+03:00,15,OK,87.55597014925372,Critical,A;M;V,1
2026-07-17 13:40:00+03:00,15,OK,87.55597014925372,Critical,A;M;V,1
2026-07-17 13:45:00+03:00,15,OK,87.55597014925372,Critical,A;M;V,1
2026-07-17 13:50:00+03:00,15,OK,87.55597014925372,Critical,A;M;V,1
2026-07-17 13:55:00+03:00,15,OK,87.55597014925372,Critical,A;M;V,1
2026-07-17 14:00:00+03:00,15,OK,87.55597014925372,Critical,A;M;V,1
2026-07-17 14:05:00+03:00,15,OK,87.55597014925372,Critical,A;M;V,1
2026-07-17 14:10:00+03:00,15,OK,87.55597014925372,Critical,A;M;V,1
2026-07-17 14:15:00+03:00,15,OK,87.55597014925372,Critical,A;M;V,1
2026-07-17 14:20:00+03:00,15,OK,87.55597014925372,Critical,A;M;V,1
2026-07-17 14:25:00+03:00,15,OK,87.55597014925372,Critical,A;M;V,1
2026-07-17 14:30:00+03:00,15,OK,87.55597014925372,Critical,A;M;V,1
2026-07-17 14:35:00+03:00,15,OK,87.55597014925372,Critical,A;M;V,1
2026-07-17 14:40:00+03:00,15,OK,87.55597014925372,Critical,A;M;V,1
2026-07-17 14:45:00+03:00,15,OK,87.55597014925372,Critical,A;M;V,1
2026-07-17 14:50:00+03:00,15,OK,87.55597014925372,Critical,A;M;V,1
2026-07-17 14:55:00+03:00,15,OK,87.55597014925372,Critical,A;M;V,1
2026-07-17 15:00:00+03:00,15,OK,87.55597014925372,Critical,A;M;V,1
2026-07-17 15:05:00+03:00,15,OK,87.55597014925372,Critical,A;M;V,1
2026-07-17 15:10:00+03:00,15,OK,87.55597014925372,Critical,A;M;V,1
2026-07-17 15:15:00+03:00,15,OK,87.55597014925372,Critical,A;M;V,1
2026-07-17 15:20:00+03:00,15,OK,87.55597014925372,Critical,A;M;V,1
2026-07-17 15:25:00+03:00,15,OK,87.55597014925372,Critical,A;M;V,1
2026-07-17 15:30:00+03:00,15,OK,87.55597014925372,Critical,A;M;V,1
2026-07-17 15:35:00+03:00,15,OK,87.55597014925372,Critical,A;M;V,1
2026-07-17 15:40:00+03:00,15,OK,87.55597014925372,Critical,A;M;V,1
2026-07-17 15:45:00+03:00,15,OK,87.55597014925372,Critical,A;M;V,1
2026-07-17 15:50:00+03:00,15,OK,87.55470215103414,Critical,A,2
2026-07-17 15:55:00+03:00,15,OK,87.54391818867515,Critical,A,2
2026-07-17 16:00:00+03:00,15,OK,87.53411720854486,Critical,A,2
2026-07-17 16:05:00+03:00,15,OK,87.54205977109899,Critical,A,2
2026-07-17 16:10:00+03:00,15,OK,87.5440827658689,Critical,A,2
2026-07-17 16:15:00+03:00,15,OK,87.53607278369795,Critical,A,2
2026-07-17 16:20:00+03:00,15,OK,87.53117469488797,Critical,A,2
2026-07-17 16:25:00+03:00,15,OK,87.5480217291308,Critical,A,2
2026-07-17 16:30:00+03:00,15,OK,87.55597014925372,Critical,A;M;V,1
2026-07-17 16:35:00+03:00,15,OK,87.55597014925372,Critical,A;M;V,1
2026-07-17 16:40:00+03:00,15,OK,87.55597014925372,Critical,A;M;V,1
2026-07-17 16:45:00+03:00,15,OK,87.55597014925372,Critical,A;M;V,1
2026-07-17 16:50:00+03:00,15,OK,87.55597014925372,Critical,A;M;V,1
2026-07-17 16:55:00+03:00,15,OK,87.55597014925372,Critical,A;M;V,1
2026-07-17 17:00:00+03:00,15,OK,87.55597014925372,Critical,A;M;V,1
2026-07-17 17:05:00+03:00,15,OK,87.55597014925372,Critical,A;M;V,1
2026-07-17 17:10:00+03:00,15,OK,87.55597014925372,Critical,A;M;V,1
2026-07-17 17:15:00+03:00,15,OK,87.55597014925372,Critical,A;M;V,1
2026-07-17 17:20:00+03:00,15,OK,87.55597014925372,Critical,A;M;V,1
2026-07-17 17:25:00+03:00,15,OK,87.55597014925372,Critical,A;M;V,1
2026-07-17 17:30:00+03:00,15,OK,87.55597014925372,Critical,A;M;V,1
2026-07-17 17:35:00+03:00,15,OK,87.55597014925372,Critical,A;M;V,1
2026-07-17 17:40:00+03:00,15,OK,87.55597014925372,Critical,A;M;V,1
2026-07-17 17:45:00+03:00,15,OK,87.55597014925372,Critical,A;M;V,1
2026-07-17 17:50:00+03:00,15,OK,87.55597014925372,Critical,A;M;V,1
2026-07-17 17:55:00+03:00,15,OK,87.55597014925372,Critical,A;M;V,1
2026-07-17 18:00:00+03:00,15,OK,87.55597014925372,Critical,A;M;V,1
2026-07-17 18:05:00+03:00,15,OK,87.55597014925372,Critical,A;M;V,1
2026-07-17 18:10:00+03:00,15,OK,87.55597014925372,Critical,A;M;V,1
2026-07-17 18:15:00+03:00,15,OK,87.55597014925372,Critical,A;M;V,1
2026-07-17 18:20:00+03:00,15,OK,87.55597014925372,Critical,A;M;V,1
2026-07-17 18:25:00+03:00,15,OK,87.55597014925372,Critical,A;M;V,1
2026-07-17 18:30:00+03:00,15,OK,87.55597014925372,Critical,A;M;V,1
2026-07-17 18:35:00+03:00,15,OK,87.55597014925372,Critical,A;M;V,1
2026-07-17 18:40:00+03:00,15,OK,87.55597014925372,Critical,A;M;V,1
2026-07-17 18:45:00+03:00,15,OK,87.55597014925372,Critical,A;M;V,1
2026-07-17 18:50:00+03:00,15,OK,87.55597014925372,Critical,A;M;V,1
2026-07-17 18:55:00+03:00,15,OK,87.55597014925372,Critical,A;M;V,1
2026-07-17 19:00:00+03:00,15,OK,87.55597014925372,Critical,A;M;V,1
2026-07-17 19:05:00+03:00,15,OK,87.55597014925372,Critical,A;M;V,1
2026-07-17 19:10:00+03:00,15,OK,87.55597014925372,Critical,A;M;V,1
2026-07-17 19:15:00+03:00,15,OK,87.55597014925372,Critical,A;M;V,1
2026-07-17 19:20:00+03:00,15,OK,87.55597014925372,Critical,A;M;V,1
2026-07-17 19:25:00+03:00,15,OK,87.55597014925372,Critical,A;M;V,1
2026-07-17 19:30:00+03:00,15,OK,87.55597014925372,Critical,A;M;V,1
2026-07-17 19:35:00+03:00,15,OK,87.55597014925372,Critical,A;M;V,1
2026-07-17 19:40:00+03:00,15,OK,87.55597014925372,Critical,A;M;V,1
2026-07-17 19:45:00+03:00,15,OK,87.55597014925372,Critical,A;M;V,1
2026-07-17 19:50:00+03:00,15,OK,87.55597014925372,Critical,A;M;V,1
2026-07-17 19:55:00+03:00,15,OK,87.55597014925372,Critical,A;M;V,1
2026-07-17 20:00:00+03:00,15,OK,87.55597014925372,Critical,A;M;V,1
2026-07-17 20:05:00+03:00,15,OK,87.55597014925372,Critical,A;M;V,1
2026-07-17 20:10:00+03:00,15,OK,87.55597014925372,Critical,A;M;V,1
2026-07-17 20:15:00+03:00,15,OK,87.55597014925372,Critical,A;M;V,1
2026-07-17 20:20:00+03:00,15,OK,87.55597014925372,Critical,A;M;V,1
2026-07-17 20:25:00+03:00,15,OK,87.55597014925372,Critical,A;M;V,1
2026-07-17 20:30:00+03:00,15,OK,87.55597014925372,Critical,A;M;V,1
2026-07-17 20:35:00+03:00,15,OK,87.55597014925372,Critical,A;M;V,1
2026-07-17 20:40:00+03:00,15,OK,87.55597014925372,Critical,A;M;V,1
2026-07-17 20:45:00+03:00,15,OK,87.55597014925372,Critical,A;M;V,1
2026-07-17 20:50:00+03:00,15,OK,87.55597014925372,Critical,A;M;V,1
2026-07-17 20:55:00+03:00,15,OK,87.55597014925372,Critical,A;M;V,1
2026-07-17 21:00:00+03:00,15,OK,87.55597014925372,Critical,A;M;V,1
2026-07-17 21:05:00+03:00,15,OK,87.55597014925372,Critical,A;M;V,1
2026-07-17 21:10:00+03:00,15,OK,87.55597014925372,Critical,A;M;V,1
2026-07-17 21:15:00+03:00,15,OK,87.55597014925372,Critical,A;M;V,1
2026-07-17 21:20:00+03:00,15,OK,87.55597014925372,Critical,A;M;V,1
2026-07-17 21:25:00+03:00,15,OK,87.55597014925372,Critical,A;M;V,1
2026-07-17 21:30:00+03:00,15,OK,87.55597014925372,Critical,A;M;V,1
2026-07-17 21:35:00+03:00,15,OK,87.55597014925372,Critical,A;M;V,1
2026-07-17 21:40:00+03:00,15,OK,87.55597014925372,Critical,A;M;V,1
2026-07-17 21:45:00+03:00,15,OK,87.55597014925372,Critical,A;M;V,1
2026-07-17 21:50:00+03:00,15,PARTIAL,12.444029850746269,Favorable,A;V,1
2026-07-17 21:55:00+03:00,15,OK,87.55597014925372,Critical,A;M;V,1
2026-07-17 22:00:00+03:00,15,OK,87.55597014925372,Critical,A;M;V,1
2026-07-17 22:05:00+03:00,15,OK,87.55597014925372,Critical,A;M;V,1
2026-07-17 22:10:00+03:00,15,OK,87.55597014925372,Critical,A;M;V,1
2026-07-17 22:15:00+03:00,15,OK,87.55597014925372,Critical,A;M;V,1
2026-07-17 22:20:00+03:00,15,OK,87.55597014925372,Critical,A;M;V,1
2026-07-17 22:25:00+03:00,15,OK,87.55597014925372,Critical,A;M;V,1
2026-07-17 22:30:00+03:00,15,OK,87.55597014925372,Critical,A;M;V,1
2026-07-17 22:35:00+03:00,15,OK,87.55597014925372,Critical,A;M;V,1
2026-07-17 22:40:00+03:00,15,OK,87.55597014925372,Critical,A;M;V,1
2026-07-17 22:45:00+03:00,15,OK,87.55597014925372,Critical,A;M;V,1
2026-07-17 22:50:00+03:00,15,OK,87.55597014925372,Critical,A;M;V,1
2026-07-17 22:55:00+03:00,15,OK,87.55597014925372,Critical,A;M;V,1
2026-07-17 23:00:00+03:00,15,OK,87.55597014925372,Critical,A;M;V,1
2026-07-17 23:05:00+03:00,15,OK,87.55597014925372,Critical,A;M;V,1
2026-07-17 23:10:00+03:00,15,OK,87.55597014925372,Critical,A;M;V,1
2026-07-17 23:15:00+03:00,15,OK,87.55597014925372,Critical,A;M;V,1
2026-07-17 23:20:00+03:00,15,OK,87.55597014925372,Critical,A;M;V,1
2026-07-17 23:25:00+03:00,15,OK,87.55582723917918,Critical,A,2
2026-07-17 23:30:00+03:00,15,OK,87.51077089964417,Critical,A,2
2026-07-17 23:35:00+03:00,15,OK,87.46938681951475,Critical,A,2
2026-07-17 23:40:00+03:00,15,OK,87.50927942201734,Critical,A,2
2026-07-17 23:45:00+03:00,15,OK,87.53780426908764,Critical,A,2
2026-07-17 23:50:00+03:00,15,OK,87.54265042524037,Critical,A,2
2026-07-17 23:55:00+03:00,15,OK,87.55509068980655,Critical,A,2
2026-07-18 00:00:00+03:00,15,OK,87.55597014925372,Critical,A;M;V,1
2026-07-18 00:05:00+03:00,15,OK,87.55287306442887,Critical,A,2
2026-07-18 00:10:00+03:00,15,OK,87.54862552223483,Critical,A,2
2026-07-18 00:15:00+03:00,15,OK,87.55597014925372,Critical,A;M;V,1
2026-07-18 00:20:00+03:00,15,OK,87.55597014925372,Critical,A;M;V,1
2026-07-18 00:25:00+03:00,15,OK,87.293743161246,Critical,M,2
2026-07-18 00:30:00+03:00,15,OK,86.65631077933385,Critical,M,2
2026-07-18 00:35:00+03:00,15,OK,86.2028132399444,Critical,M,2
2026-07-18 00:40:00+03:00,15,OK,85.66271665491739,Critical,M,2
2026-07-18 00:45:00+03:00,15,OK,85.01895506543276,Critical,M,2
2026-07-18 00:50:00+03:00,15,OK,84.17797149191622,Critical,M,2
2026-07-18 00:55:00+03:00,15,OK,83.39890467683472,Critical,M,2
2026-07-18 01:00:00+03:00,15,OK,82.70623690159901,Critical,M,2
2026-07-18 01:05:00+03:00,15,OK,82.18508694662509,Critical,M,2
2026-07-18 01:10:00+03:00,15,OK,81.66435633279359,Critical,M,2
2026-07-18 01:15:00+03:00,15,OK,81.0759387690518,Critical,M,2
2026-07-18 01:20:00+03:00,15,OK,80.46951042682736,Critical,M,2
2026-07-18 01:25:00+03:00,15,OK,80.02329563988269,Critical,M,2
2026-07-18 01:30:00+03:00,15,OK,79.49309206625358,Critical,M,2
2026-07-18 01:35:00+03:00,15,OK,79.02198471773954,Critical,M,2
2026-07-18 01:40:00+03:00,15,OK,78.45015937409421,Critical,M,2
2026-07-18 01:45:00+03:00,15,OK,78.04667210999004,Critical,M,2
2026-07-18 01:50:00+03:00,15,OK,77.43855967078191,Critical,M,2
2026-07-18 01:55:00+03:00,15,OK,76.91485596707889,Critical,M,2
2026-07-18 02:00:00+03:00,15,OK,76.40777777777797,Critical,M,2
2026-07-18 02:05:00+03:00,15,OK,76.04201646090472,Critical,M,2
2026-07-18 02:10:00+03:00,15,OK,75.66794238683116,Critical,M,2
2026-07-18 02:15:00+03:00,15,OK,75.20242798353877,Critical,M,2
2026-07-18 02:20:00+03:00,15,OK,74.6882562101837,Degraded,M,2
2026-07-18 02:25:00+03:00,15,OK,74.1530691210858,Degraded,M,2
2026-07-18 02:30:00+03:00,15,OK,73.68356262742297,Degraded,M,2
2026-07-18 02:35:00+03:00,15,OK,73.1973965093525,Degraded,M,2
2026-07-18 02:40:00+03:00,15,OK,72.85119698726857,Degraded,M,2
2026-07-18 02:45:00+03:00,15,OK,72.42243623541823,Degraded,M,2
2026-07-18 02:50:00+03:00,15,OK,71.99352851605818,Degraded,M,2
2026-07-18 02:55:00+03:00,15,OK,71.4267465208054,Degraded,M,2
2026-07-18 03:00:00+03:00,15,OK,71.11571858706475,Degraded,M,2
2026-07-18 03:05:00+03:00,15,OK,70.64888424448968,Degraded,M,2
2026-07-18 03:10:00+03:00,15,OK,70.09149951976589,Degraded,M,2
2026-07-18 03:15:00+03:00,15,OK,69.35301456091095,Degraded,M,2
2026-07-18 03:20:00+03:00,15,OK,68.62206063129483,Degraded,M,2
2026-07-18 03:25:00+03:00,15,OK,68.09152555543382,Degraded,M,2
2026-07-18 03:30:00+03:00,15,OK,67.46215956848361,Degraded,M,2
2026-07-18 03:35:00+03:00,15,OK,66.9546976198997,Degraded,M,2
2026-07-18 03:40:00+03:00,15,OK,66.32359173948555,Degraded,M,2
2026-07-18 03:45:00+03:00,15,OK,65.82293842634,Degraded,M,2
2026-07-18 03:50:00+03:00,15,OK,65.45402070063672,Degraded,M,2
2026-07-18 03:55:00+03:00,15,OK,65.0863124875522,Degraded,M,2
2026-07-18 04:00:00+03:00,15,OK,64.60353991708331,Degraded,M,2
2026-07-18 04:05:00+03:00,15,OK,64.06259143503071,Degraded,M,2
2026-07-18 04:10:00+03:00,15,OK,63.56999534140778,Degraded,M,2
2026-07-18 04:15:00+03:00,15,OK,63.134213873756266,Degraded,M,2
2026-07-18 04:20:00+03:00,15,OK,62.706056314561806,Degraded,M,2
2026-07-18 04:25:00+03:00,15,OK,62.5,Degraded,A;M;V,1
2026-07-18 04:30:00+03:00,15,OK,62.5,Degraded,A;M;V,1
2026-07-18 04:35:00+03:00,15,OK,62.5,Degraded,A;M;V,1
2026-07-18 04:40:00+03:00,15,OK,62.5,Degraded,A;M;V,1
2026-07-18 04:45:00+03:00,15,OK,62.5,Degraded,A;M;V,1
2026-07-18 04:50:00+03:00,15,OK,62.5,Degraded,A;M;V,1
2026-07-18 04:55:00+03:00,15,OK,62.5,Degraded,A;M;V,1
2026-07-18 05:00:00+03:00,15,OK,62.5,Degraded,A;M;V,1
2026-07-18 05:05:00+03:00,15,OK,62.5,Degraded,A;M;V,1
2026-07-18 05:10:00+03:00,15,OK,62.5,Degraded,A;M;V,1
2026-07-18 05:15:00+03:00,15,OK,62.5,Degraded,A;M;V,1
2026-07-18 05:20:00+03:00,15,OK,62.5,Degraded,A;M;V,1
2026-07-18 05:25:00+03:00,15,OK,62.5,Degraded,A;M;V,1
2026-07-18 05:30:00+03:00,15,OK,62.5,Degraded,A;M;V,1
2026-07-18 05:35:00+03:00,15,OK,62.5,Degraded,A;M;V,1
2026-07-18 05:40:00+03:00,15,OK,62.5,Degraded,A;M;V,1
2026-07-18 05:45:00+03:00,15,OK,62.5,Degraded,A;M;V,1
2026-07-18 05:50:00+03:00,15,OK,62.5,Degraded,A;M;V,1
2026-07-18 05:55:00+03:00,15,OK,62.5,Degraded,A;M;V,1
2026-07-18 06:00:00+03:00,15,OK,62.5,Degraded,A;M;V,1
2026-07-18 06:05:00+03:00,15,OK,62.5,Degraded,A;M;V,1
2026-07-18 06:10:00+03:00,15,OK,62.5,Degraded,A;M;V,1
2026-07-18 06:15:00+03:00,15,OK,62.5,Degraded,A;M;V,1
2026-07-18 06:20:00+03:00,15,OK,62.5,Degraded,A;M;V,1
2026-07-18 06:25:00+03:00,15,OK,62.5,Degraded,A;M;V,1
2026-07-18 06:30:00+03:00,15,OK,62.5,Degraded,A;M;V,1
2026-07-18 06:35:00+03:00,15,OK,62.5,Degraded,A;M;V,1
2026-07-18 06:40:00+03:00,15,OK,62.5,Degraded,A;M;V,1
2026-07-18 06:45:00+03:00,15,OK,62.5,Degraded,A;M;V,1
2026-07-18 06:50:00+03:00,15,OK,62.5,Degraded,A;M;V,1
2026-07-18 06:55:00+03:00,15,OK,62.5,Degraded,A;M;V,1
2026-07-18 07:00:00+03:00,15,OK,62.5,Degraded,A;M;V,1
2026-07-18 07:05:00+03:00,15,OK,62.5,Degraded,A;M;V,1
2026-07-18 07:10:00+03:00,15,OK,62.5,Degraded,A;M;V,1
2026-07-18 07:15:00+03:00,15,OK,62.5,Degraded,A;M;V,1
2026-07-18 07:20:00+03:00,15,OK,62.5,Degraded,A;M;V,1
2026-07-18 07:25:00+03:00,15,OK,62.5,Degraded,A;M;V,1
2026-07-18 07:30:00+03:00,15,OK,62.5,Degraded,A;M;V,1
2026-07-18 07:35:00+03:00,15,OK,62.5,Degraded,A;M;V,1
2026-07-18 07:40:00+03:00,15,OK,62.5,Degraded,A;M;V,1
2026-07-18 07:45:00+03:00,15,OK,62.5,Degraded,A;M;V,1
2026-07-18 07:50:00+03:00,15,OK,62.5,Degraded,A;M;V,1
2026-07-18 07:55:00+03:00,15,OK,62.5,Degraded,A;M;V,1
2026-07-18 08:00:00+03:00,15,OK,62.5,Degraded,A;M;V,1
2026-07-18 08:05:00+03:00,15,OK,62.5,Degraded,A;M;V,1
2026-07-18 08:10:00+03:00,15,OK,62.5,Degraded,A;M;V,1
2026-07-18 08:15:00+03:00,15,OK,62.5,Degraded,A;M;V,1
2026-07-18 08:20:00+03:00,15,OK,62.50824489006788,Degraded,M,2
2026-07-18 08:25:00+03:00,15,OK,63.07661182895928,Degraded,M,2
2026-07-18 08:30:00+03:00,15,OK,63.75070523738604,Degraded,M,2
2026-07-18 08:35:00+03:00,15,OK,64.25121155917242,Degraded,M,2
2026-07-18 08:40:00+03:00,15,OK,64.92274553423174,Degraded,M,2
2026-07-18 08:45:00+03:00,15,OK,65.44585417800079,Degraded,M,2
2026-07-18 08:50:00+03:00,15,OK,66.13489214594506,Degraded,M,2
2026-07-18 08:55:00+03:00,15,OK,66.79086684948228,Degraded,M,2
2026-07-18 09:00:00+03:00,15,OK,67.47033931957334,Degraded,M,2
2026-07-18 09:05:00+03:00,15,OK,67.98533642875515,Degraded,M,2
2026-07-18 09:10:00+03:00,15,OK,68.4670518807905,Degraded,M,2
2026-07-18 09:15:00+03:00,15,OK,69.04094611870384,Degraded,M,2
2026-07-18 09:20:00+03:00,15,OK,69.7633923412909,Degraded,M,2
2026-07-18 09:25:00+03:00,15,OK,70.4030408872369,Degraded,M,2
2026-07-18 09:30:00+03:00,15,OK,71.00927849842246,Degraded,M,2
2026-07-18 09:35:00+03:00,15,OK,71.73776357469438,Degraded,M,2
2026-07-18 09:40:00+03:00,15,OK,72.52139406600922,Degraded,M,2
2026-07-18 09:45:00+03:00,15,OK,73.35397910881426,Degraded,M,2
2026-07-18 09:50:00+03:00,15,OK,73.92245637955273,Degraded,M,2
2026-07-18 09:55:00+03:00,15,OK,74.69648806858592,Degraded,M,2
2026-07-18 10:00:00+03:00,15,OK,75.63469135802491,Critical,M,2
2026-07-18 10:05:00+03:00,15,OK,76.5324691358029,Critical,M,2
2026-07-18 10:10:00+03:00,15,OK,77.08942386831323,Critical,M,2
2026-07-18 10:15:00+03:00,15,OK,77.53831275720125,Critical,M,2
2026-07-18 10:20:00+03:00,15,OK,78.0550767939158,Critical,M,2
2026-07-18 10:25:00+03:00,15,OK,78.74444925622377,Critical,M,2
2026-07-18 10:30:00+03:00,15,OK,79.15656908341154,Critical,M,2
2026-07-18 10:35:00+03:00,15,OK,79.68663294250192,Critical,M,2
2026-07-18 10:40:00+03:00,15,OK,80.24217398467664,Critical,M,2
2026-07-18 10:45:00+03:00,15,OK,80.89903410383145,Critical,M,2
2026-07-18 10:50:00+03:00,15,OK,81.55343511450394,Critical,M,2
2026-07-18 10:55:00+03:00,15,OK,82.23632899490262,Critical,M,2
2026-07-18 11:00:00+03:00,15,OK,82.92849397411365,Critical,M,2
2026-07-18 11:05:00+03:00,15,OK,83.58716465921874,Critical,M,2
2026-07-18 11:10:00+03:00,15,OK,84.16940522644748,Critical,M,2
2026-07-18 11:15:00+03:00,15,OK,84.81905952215594,Critical,M,2
2026-07-18 11:20:00+03:00,15,OK,85.53214800990042,Critical,M,2
2026-07-18 11:25:00+03:00,15,OK,86.2028132399457,Critical,M,2
2026-07-18 11:30:00+03:00,15,OK,86.79594281567209,Critical,M,2
2026-07-18 11:35:00+03:00,15,OK,87.30248153932342,Critical,M,2
2026-07-18 11:40:00+03:00,15,OK,87.55597014925372,Critical,A;M;V,1
2026-07-18 11:45:00+03:00,15,OK,87.55597014925372,Critical,A;M;V,1
2026-07-18 11:50:00+03:00,15,OK,87.55597014925372,Critical,A;M;V,1
2026-07-18 11:55:00+03:00,15,OK,87.55597014925372,Critical,A;M;V,1
2026-07-18 12:00:00+03:00,15,OK,87.55597014925372,Critical,A;M;V,1
2026-07-18 12:05:00+03:00,15,OK,87.55597014925372,Critical,A;M;V,1
2026-07-18 12:10:00+03:00,15,OK,87.55597014925372,Critical,A;M;V,1
2026-07-18 12:15:00+03:00,15,OK,87.55597014925372,Critical,A;M;V,1
2026-07-18 12:20:00+03:00,15,OK,87.55597014925372,Critical,A;M;V,1
2026-07-18 12:25:00+03:00,15,OK,87.55597014925372,Critical,A;M;V,1
2026-07-18 12:30:00+03:00,15,OK,87.55597014925372,Critical,A;M;V,1
2026-07-18 12:35:00+03:00,15,OK,87.55597014925372,Critical,A;M;V,1
2026-07-18 12:40:00+03:00,15,OK,87.55597014925372,Critical,A;M;V,1
2026-07-18 12:45:00+03:00,15,OK,87.55597014925372,Critical,A;M;V,1
2026-07-18 12:50:00+03:00,15,OK,87.55597014925372,Critical,A;M;V,1
2026-07-18 12:55:00+03:00,15,OK,87.55597014925372,Critical,A;M;V,1
2026-07-18 13:00:00+03:00,15,OK,87.55597014925372,Critical,A;M;V,1
2026-07-18 13:05:00+03:00,15,OK,87.55597014925372,Critical,A;M;V,1
2026-07-18 13:10:00+03:00,15,OK,87.55597014925372,Critical,A;M;V,1
2026-07-18 13:15:00+03:00,15,OK,87.55597014925372,Critical,A;M;V,1
2026-07-18 13:20:00+03:00,15,OK,87.55597014925372,Critical,A;M;V,1
2026-07-18 13:25:00+03:00,15,OK,87.55597014925372,Critical,A;M;V,1
2026-07-18 13:30:00+03:00,15,OK,87.55597014925372,Critical,A;M;V,1
2026-07-18 13:35:00+03:00,15,OK,87.55597014925372,Critical,A;M;V,1
2026-07-18 13:40:00+03:00,15,OK,87.55597014925372,Critical,A;M;V,1
2026-07-18 13:45:00+03:00,15,OK,87.55597014925372,Critical,A;M;V,1
2026-07-18 13:50:00+03:00,15,OK,87.55597014925372,Critical,A;M;V,1
2026-07-18 13:55:00+03:00,15,OK,87.55597014925372,Critical,A;M;V,1
2026-07-18 14:00:00+03:00,15,OK,87.55597014925372,Critical,A;M;V,1
2026-07-18 14:05:00+03:00,15,OK,87.55597014925372,Critical,A;M;V,1
2026-07-18 14:10:00+03:00,15,OK,87.55597014925372,Critical,A;M;V,1
2026-07-18 14:15:00+03:00,15,OK,87.55597014925372,Critical,A;M;V,1
2026-07-18 14:20:00+03:00,15,OK,87.55597014925372,Critical,A;M;V,1
2026-07-18 14:25:00+03:00,15,OK,87.55597014925372,Critical,A;M;V,1
2026-07-18 14:30:00+03:00,15,OK,87.55597014925372,Critical,A;M;V,1
2026-07-18 14:35:00+03:00,15,OK,87.55597014925372,Critical,A;M;V,1
2026-07-18 14:40:00+03:00,15,OK,87.55597014925372,Critical,A;M;V,1
2026-07-18 14:45:00+03:00,15,OK,87.55597014925372,Critical,A;M;V,1
2026-07-18 14:50:00+03:00,15,OK,87.55597014925372,Critical,A;M;V,1
2026-07-18 14:55:00+03:00,15,OK,87.55597014925372,Critical,A;M;V,1
2026-07-18 15:00:00+03:00,15,OK,87.55597014925372,Critical,A;M;V,1
2026-07-18 15:05:00+03:00,15,OK,87.55597014925372,Critical,A;M;V,1
2026-07-18 15:10:00+03:00,15,OK,87.55597014925372,Critical,A;M;V,1
2026-07-18 15:15:00+03:00,15,OK,87.55597014925372,Critical,A;M;V,1
2026-07-18 15:20:00+03:00,15,OK,87.55597014925372,Critical,A;M;V,1
2026-07-18 15:25:00+03:00,15,OK,87.55597014925372,Critical,A;M;V,1
2026-07-18 15:30:00+03:00,15,OK,87.55597014925372,Critical,A;M;V,1
2026-07-18 15:35:00+03:00,15,OK,87.55597014925372,Critical,A;M;V,1
2026-07-18 15:40:00+03:00,15,OK,87.55597014925372,Critical,A;M;V,1
2026-07-18 15:45:00+03:00,15,OK,87.55597014925372,Critical,A;M;V,1
2026-07-18 15:50:00+03:00,15,OK,87.55597014925372,Critical,A;M;V,1
2026-07-18 15:55:00+03:00,15,OK,87.5507841521906,Critical,M,1
2026-07-18 16:00:00+03:00,15,OK,87.391137800102,Critical,M,1
2026-07-18 16:05:00+03:00,15,OK,87.4029900897575,Critical,M,1
2026-07-18 16:10:00+03:00,15,OK,87.52114777168137,Critical,M,1
2026-07-18 16:15:00+03:00,15,OK,87.55597014925372,Critical,A;M;V,1
2026-07-18 16:20:00+03:00,15,OK,87.55597014925372,Critical,A;M;V,1
2026-07-18 16:25:00+03:00,15,OK,87.55597014925372,Critical,A;M;V,1
2026-07-18 16:30:00+03:00,15,OK,87.55597014925372,Critical,A;M;V,1
2026-07-18 16:35:00+03:00,15,OK,87.55597014925372,Critical,A;M;V,1
2026-07-18 16:40:00+03:00,15,OK,87.55597014925372,Critical,A;M;V,1
2026-07-18 16:45:00+03:00,15,OK,87.55597014925372,Critical,A;M;V,1
2026-07-18 16:50:00+03:00,15,OK,87.55597014925372,Critical,A;M;V,1
2026-07-18 16:55:00+03:00,15,OK,87.55597014925372,Critical,A;M;V,1
2026-07-18 17:00:00+03:00,15,OK,87.55597014925372,Critical,A;M;V,1
2026-07-18 17:05:00+03:00,15,OK,87.55597014925372,Critical,A;M;V,1
2026-07-18 17:10:00+03:00,15,OK,87.55597014925372,Critical,A;M;V,1
2026-07-18 17:15:00+03:00,15,OK,87.55597014925372,Critical,A;M;V,1
2026-07-18 17:20:00+03:00,15,OK,87.55597014925372,Critical,A;M;V,1
2026-07-18 17:25:00+03:00,15,OK,87.55597014925372,Critical,A;M;V,1
2026-07-18 17:30:00+03:00,15,OK,87.55597014925372,Critical,A;M;V,1
2026-07-18 17:35:00+03:00,15,OK,87.55597014925372,Critical,A;M;V,1
2026-07-18 17:40:00+03:00,15,OK,87.55326447617205,Critical,A,2
2026-07-18 17:45:00+03:00,15,OK,87.53304610151255,Critical,A,2
2026-07-18 17:50:00+03:00,15,OK,87.52341797662797,Critical,A,2
2026-07-18 17:55:00+03:00,15,OK,87.54083104061239,Critical,A,2
2026-07-18 18:00:00+03:00,15,OK,87.55597014925372,Critical,A;M;V,1
2026-07-18 18:05:00+03:00,15,OK,87.55597014925372,Critical,A;M;V,1
2026-07-18 18:10:00+03:00,15,OK,87.55597014925372,Critical,A;M;V,1
2026-07-18 18:15:00+03:00,15,OK,87.55597014925372,Critical,A;M;V,1
2026-07-18 18:20:00+03:00,15,OK,87.55597014925372,Critical,A;M;V,1
2026-07-18 18:25:00+03:00,15,OK,87.55597014925372,Critical,A;M;V,1
2026-07-18 18:30:00+03:00,15,OK,87.55597014925372,Critical,A;M;V,1
2026-07-18 18:35:00+03:00,15,OK,87.55597014925372,Critical,A;M;V,1
2026-07-18 18:40:00+03:00,15,OK,87.36365505395204,Critical,M,2
2026-07-18 18:45:00+03:00,15,OK,86.90069599801203,Critical,M,2
2026-07-18 18:50:00+03:00,15,OK,86.79594281567229,Critical,M,2
2026-07-18 18:55:00+03:00,15,OK,86.4469459820257,Critical,M,2
2026-07-18 19:00:00+03:00,15,OK,86.2028132399444,Critical,M,2
2026-07-18 19:05:00+03:00,15,OK,85.87170740104398,Critical,M,2
2026-07-18 19:10:00+03:00,15,OK,85.78461581746892,Critical,M,2
2026-07-18 19:15:00+03:00,15,OK,85.6714226140829,Critical,M,2
2026-07-18 19:20:00+03:00,15,OK,85.52344481616385,Critical,M,2
2026-07-18 19:25:00+03:00,15,OK,85.15806665012813,Critical,M,2
2026-07-18 19:30:00+03:00,15,OK,84.75823985082495,Critical,M,2
2026-07-18 19:35:00+03:00,15,OK,84.48899707822719,Critical,M,2
2026-07-18 19:40:00+03:00,15,OK,84.21223768598719,Critical,M,2
2026-07-18 19:45:00+03:00,15,OK,83.98953980078984,Critical,M,2
2026-07-18 19:50:00+03:00,15,OK,83.77547936382061,Critical,M,2
2026-07-18 19:55:00+03:00,15,OK,83.53581560166558,Critical,M,2
2026-07-18 20:00:00+03:00,15,OK,83.26202268337344,Critical,M,2
2026-07-18 20:05:00+03:00,15,OK,82.97979490378972,Critical,M,2
2026-07-18 20:10:00+03:00,15,OK,82.76606783923742,Critical,M,2
2026-07-18 20:15:00+03:00,15,OK,82.53532182751144,Critical,M,2
2026-07-18 20:20:00+03:00,15,OK,82.27903380128379,Critical,M,2
2026-07-18 20:25:00+03:00,15,OK,82.02284722336817,Critical,M,2
2026-07-18 20:30:00+03:00,15,OK,81.48518535615435,Critical,M,2
2026-07-18 20:35:00+03:00,15,OK,81.28900740784759,Critical,M,2
2026-07-18 20:40:00+03:00,15,OK,81.06751418202414,Critical,M,2
2026-07-18 20:45:00+03:00,15,OK,81.000119485142,Critical,M,2
2026-07-18 20:50:00+03:00,15,OK,80.78111126491751,Critical,M,2
2026-07-18 20:55:00+03:00,15,OK,80.56214057613268,Critical,M,2
2026-07-18 21:00:00+03:00,15,OK,80.43582840119636,Critical,M,2
2026-07-18 21:05:00+03:00,15,OK,80.32636795017508,Critical,M,2
2026-07-18 21:10:00+03:00,15,OK,80.1495670310983,Critical,M,2
2026-07-18 21:15:00+03:00,15,OK,79.98120794976046,Critical,M,2
2026-07-18 21:20:00+03:00,15,OK,79.77079029819049,Critical,M,2
2026-07-18 21:25:00+03:00,15,OK,79.6361411906562,Critical,M,2
2026-07-18 21:30:00+03:00,15,OK,79.39212585975228,Critical,M,2
2026-07-18 21:35:00+03:00,15,OK,79.08086363232182,Critical,M,2
2026-07-18 21:40:00+03:00,15,OK,78.6267251627602,Critical,M,2
2026-07-18 21:45:00+03:00,15,OK,78.03826748140648,Critical,M,2
2026-07-18 21:50:00+03:00,15,OK,77.55493827160493,Critical,M,2
2026-07-18 21:55:00+03:00,15,OK,77.21411522633763,Critical,M,2
2026-07-18 22:00:00+03:00,15,OK,77.19748971193432,Critical,M,2
2026-07-18 22:05:00+03:00,15,OK,76.81510288065832,Critical,M,2
2026-07-18 22:10:00+03:00,15,OK,76.2498353909464,Critical,M,2
2026-07-18 22:15:00+03:00,15,OK,75.55987654320955,Critical,M,2
2026-07-18 22:20:00+03:00,15,OK,74.88654320987689,Degraded,M,2
2026-07-18 22:25:00+03:00,15,OK,74.37540542053506,Degraded,M,2
2026-07-18 22:30:00+03:00,15,OK,73.77418287091872,Degraded,M,2
2026-07-18 22:35:00+03:00,15,OK,73.46110327880707,Degraded,M,2
2026-07-18 22:40:00+03:00,15,OK,73.08200731369801,Degraded,M,2
2026-07-18 22:45:00+03:00,15,OK,72.73577585354755,Degraded,M,2
2026-07-18 22:50:00+03:00,15,OK,72.30697554095319,Degraded,M,2
2026-07-18 22:55:00+03:00,15,OK,71.97702912928627,Degraded,M,2
2026-07-18 23:00:00+03:00,15,OK,71.79552151728556,Degraded,M,2
2026-07-18 23:05:00+03:00,15,OK,71.54947780162436,Degraded,M,2
2026-07-18 23:10:00+03:00,15,OK,71.28762171537453,Degraded,M,2
2026-07-18 23:15:00+03:00,15,OK,70.87825024986039,Degraded,M,2
2026-07-18 23:20:00+03:00,15,OK,70.58333553284896,Degraded,M,2
2026-07-18 23:25:00+03:00,15,OK,70.14070065249867,Degraded,M,2
2026-07-18 23:30:00+03:00,15,OK,69.83723156661124,Degraded,M,2
2026-07-18 23:35:00+03:00,15,OK,69.74698243274057,Degraded,M,2
2026-07-18 23:40:00+03:00,15,OK,69.73057209076585,Degraded,M,2
2026-07-18 23:45:00+03:00,15,OK,69.56644482894175,Degraded,M,2
2026-07-18 23:50:00+03:00,15,OK,69.36122477286958,Degraded,M,2
2026-07-18 23:55:00+03:00,15,OK,68.76981216236297,Degraded,M,2
2026-07-19 00:00:00+03:00,15,OK,68.26300399359928,Degraded,M,2
2026-07-19 00:05:00+03:00,15,OK,67.5930160998948,Degraded,M,2
2026-07-19 00:10:00+03:00,15,OK,67.57666130654563,Degraded,M,2
2026-07-19 00:15:00+03:00,15,OK,67.74018002461148,Degraded,M,2
2026-07-19 00:20:00+03:00,15,OK,68.09152555543415,Degraded,M,2
2026-07-19 00:25:00+03:00,15,OK,68.0098440429772,Degraded,M,2
2026-07-19 00:30:00+03:00,15,OK,68.14869297253637,Degraded,M,2
2026-07-19 00:35:00+03:00,15,OK,67.90363384399629,Degraded,M,2
2026-07-19 00:40:00+03:00,15,OK,67.94448716295065,Degraded,M,2
2026-07-19 00:45:00+03:00,15,OK,67.56030586382356,Degraded,M,2
2026-07-19 00:50:00+03:00,15,OK,66.91374603048453,Degraded,M,2
2026-07-19 00:55:00+03:00,15,OK,65.88042130426253,Degraded,M,2
2026-07-19 01:00:00+03:00,15,OK,64.8409294680222,Degraded,M,2
2026-07-19 01:05:00+03:00,15,OK,64.1200097743259,Degraded,M,2
2026-07-19 01:10:00+03:00,15,OK,63.89027225318986,Degraded,M,2
2026-07-19 01:15:00+03:00,15,OK,64.06259143503141,Degraded,M,2
2026-07-19 01:20:00+03:00,15,OK,64.09540322366166,Degraded,M,2
2026-07-19 01:25:00+03:00,15,OK,63.54534488266531,Degraded,M,2
2026-07-19 01:30:00+03:00,15,OK,62.87903752365244,Degraded,M,2
2026-07-19 01:35:00+03:00,15,OK,62.615408457087796,Degraded,M,2
2026-07-19 01:40:00+03:00,15,OK,62.582439008132,Degraded,M,2
2026-07-19 01:45:00+03:00,15,OK,62.5,Degraded,A;M;V,1
2026-07-19 01:50:00+03:00,15,OK,62.5,Degraded,A;M;V,1
2026-07-19 01:55:00+03:00,15,OK,62.5,Degraded,A;M;V,1
2026-07-19 02:00:00+03:00,15,OK,62.5,Degraded,A;M;V,1
2026-07-19 02:05:00+03:00,15,OK,62.5,Degraded,A;M;V,1
2026-07-19 02:10:00+03:00,15,OK,62.5,Degraded,A;M;V,1
2026-07-19 02:15:00+03:00,15,OK,62.5,Degraded,A;M;V,1
2026-07-19 02:20:00+03:00,15,OK,62.5,Degraded,A;M;V,1
2026-07-19 02:25:00+03:00,15,OK,62.5,Degraded,A;M;V,1
2026-07-19 02:30:00+03:00,15,OK,62.5,Degraded,A;M;V,1
2026-07-19 02:35:00+03:00,15,OK,62.5,Degraded,A;M;V,1
2026-07-19 02:40:00+03:00,15,OK,62.5,Degraded,A;M;V,1
2026-07-19 02:45:00+03:00,15,OK,62.5,Degraded,A;M;V,1
2026-07-19 02:50:00+03:00,15,OK,62.5,Degraded,A;M;V,1
2026-07-19 02:55:00+03:00,15,OK,62.5,Degraded,A;M;V,1
2026-07-19 03:00:00+03:00,15,OK,62.5,Degraded,A;M;V,1
2026-07-19 03:05:00+03:00,15,OK,62.5,Degraded,A;M;V,1
2026-07-19 03:10:00+03:00,15,OK,62.5,Degraded,A;M;V,1
2026-07-19 03:15:00+03:00,15,OK,62.5,Degraded,A;M;V,1
2026-07-19 03:20:00+03:00,15,OK,62.5,Degraded,A;M;V,1
2026-07-19 03:25:00+03:00,15,OK,62.5,Degraded,A;M;V,1
2026-07-19 03:30:00+03:00,15,OK,62.5,Degraded,A;M;V,1
2026-07-19 03:35:00+03:00,15,OK,62.5,Degraded,A;M;V,1
2026-07-19 03:40:00+03:00,15,OK,62.5,Degraded,A;M;V,1
2026-07-19 03:45:00+03:00,15,OK,62.5,Degraded,A;M;V,1
2026-07-19 03:50:00+03:00,15,OK,62.5,Degraded,A;M;V,1
2026-07-19 03:55:00+03:00,15,OK,62.5,Degraded,A;M;V,1
2026-07-19 04:00:00+03:00,15,OK,62.5,Degraded,A;M;V,1
2026-07-19 04:05:00+03:00,15,OK,62.5,Degraded,A;M;V,1
2026-07-19 04:10:00+03:00,15,OK,62.5,Degraded,A;M;V,1
2026-07-19 04:15:00+03:00,15,OK,62.5,Degraded,A;M;V,1
2026-07-19 04:20:00+03:00,15,OK,62.5,Degraded,A;M;V,1
2026-07-19 04:25:00+03:00,15,OK,62.5,Degraded,A;M;V,1
2026-07-19 04:30:00+03:00,15,OK,62.5,Degraded,A;M;V,1
2026-07-19 04:35:00+03:00,15,OK,62.5,Degraded,A;M;V,1
2026-07-19 04:40:00+03:00,15,OK,62.5,Degraded,A;M;V,1
2026-07-19 04:45:00+03:00,15,OK,62.5,Degraded,A;M;V,1
2026-07-19 04:50:00+03:00,15,OK,62.5,Degraded,A;M;V,1
2026-07-19 04:55:00+03:00,15,OK,62.5,Degraded,A;M;V,1
2026-07-19 05:00:00+03:00,15,OK,62.5,Degraded,A;M;V,1
2026-07-19 05:05:00+03:00,15,OK,62.5,Degraded,A;M;V,1
2026-07-19 05:10:00+03:00,15,OK,62.5,Degraded,A;M;V,1
2026-07-19 05:15:00+03:00,15,OK,62.5,Degraded,A;M;V,1
2026-07-19 05:20:00+03:00,15,OK,62.5,Degraded,A;M;V,1
2026-07-19 05:25:00+03:00,15,OK,62.5,Degraded,A;M;V,1
2026-07-19 05:30:00+03:00,15,OK,62.5,Degraded,A;M;V,1
2026-07-19 05:35:00+03:00,15,OK,62.5,Degraded,A;M;V,1
2026-07-19 05:40:00+03:00,15,OK,62.5,Degraded,A;M;V,1
2026-07-19 05:45:00+03:00,15,OK,62.5,Degraded,A;M;V,1
2026-07-19 05:50:00+03:00,15,OK,62.5,Degraded,A;M;V,1
2026-07-19 05:55:00+03:00,15,OK,62.5,Degraded,A;M;V,1
2026-07-19 06:00:00+03:00,15,OK,62.5,Degraded,A;M;V,1
2026-07-19 06:05:00+03:00,15,OK,62.5,Degraded,A;M;V,1
2026-07-19 06:10:00+03:00,15,OK,62.5,Degraded,A;M;V,1
2026-07-19 06:15:00+03:00,15,OK,62.5,Degraded,A;M;V,1
2026-07-19 06:20:00+03:00,15,OK,62.5,Degraded,A;M;V,1
2026-07-19 06:25:00+03:00,15,OK,62.5,Degraded,A;M;V,1
2026-07-19 06:30:00+03:00,15,OK,62.5,Degraded,A;M;V,1
2026-07-19 06:35:00+03:00,15,OK,62.5,Degraded,A;M;V,1
2026-07-19 06:40:00+03:00,15,OK,62.5,Degraded,A;M;V,1
2026-07-19 06:45:00+03:00,15,OK,62.5,Degraded,A;M;V,1
2026-07-19 06:50:00+03:00,15,OK,62.5,Degraded,A;M;V,1
2026-07-19 06:55:00+03:00,15,OK,62.5,Degraded,A;M;V,1
2026-07-19 07:00:00+03:00,15,OK,62.5,Degraded,A;M;V,1
2026-07-19 07:05:00+03:00,15,OK,62.5,Degraded,A;M;V,1
2026-07-19 07:10:00+03:00,15,OK,62.5,Degraded,A;M;V,1
2026-07-19 07:15:00+03:00,15,OK,62.5,Degraded,A;M;V,1
2026-07-19 07:20:00+03:00,15,OK,62.5,Degraded,A;M;V,1
2026-07-19 07:25:00+03:00,15,OK,62.5,Degraded,A;M;V,1
2026-07-19 07:30:00+03:00,15,OK,62.5,Degraded,A;M;V,1
2026-07-19 07:35:00+03:00,15,OK,62.5,Degraded,A;M;V,1
2026-07-19 07:40:00+03:00,15,OK,62.5,Degraded,A;M;V,1
2026-07-19 07:45:00+03:00,15,OK,62.5,Degraded,A;M;V,1
2026-07-19 07:50:00+03:00,15,OK,62.5,Degraded,A;M;V,1
2026-07-19 07:55:00+03:00,15,OK,62.5,Degraded,A;M;V,1
2026-07-19 08:00:00+03:00,15,OK,62.5,Degraded,A;M;V,1
2026-07-19 08:05:00+03:00,15,OK,62.5,Degraded,A;M;V,1
2026-07-19 08:10:00+03:00,15,OK,62.5,Degraded,A;M;V,1
2026-07-19 08:15:00+03:00,15,OK,62.5,Degraded,A;M;V,1
2026-07-19 08:20:00+03:00,15,OK,62.5,Degraded,A;M;V,1
2026-07-19 08:25:00+03:00,15,OK,62.5,Degraded,A;M;V,1
2026-07-19 08:30:00+03:00,15,OK,62.5,Degraded,A;M;V,1
2026-07-19 08:35:00+03:00,15,OK,62.5,Degraded,A;M;V,1
2026-07-19 08:40:00+03:00,15,OK,62.5,Degraded,A;M;V,1
2026-07-19 08:45:00+03:00,15,OK,62.5,Degraded,A;M;V,1
2026-07-19 08:50:00+03:00,15,OK,62.5,Degraded,A;M;V,1
2026-07-19 08:55:00+03:00,15,OK,62.5,Degraded,A;M;V,1
2026-07-19 09:00:00+03:00,15,OK,62.5,Degraded,A;M;V,1
2026-07-19 09:05:00+03:00,15,OK,62.5,Degraded,A;M;V,1
2026-07-19 09:10:00+03:00,15,OK,62.5,Degraded,A;M;V,1
2026-07-19 09:15:00+03:00,15,OK,62.5,Degraded,A;M;V,1
2026-07-19 09:20:00+03:00,15,OK,62.5,Degraded,A;M;V,1
2026-07-19 09:25:00+03:00,15,OK,62.5,Degraded,A;M;V,1
2026-07-19 09:30:00+03:00,15,OK,62.5,Degraded,A;M;V,1
2026-07-19 09:35:00+03:00,15,OK,62.5,Degraded,A;M;V,1
2026-07-19 09:40:00+03:00,15,OK,62.5,Degraded,A;M;V,1
2026-07-19 09:45:00+03:00,15,OK,62.5,Degraded,A;M;V,1
2026-07-19 09:50:00+03:00,15,OK,62.5,Degraded,A;M;V,1
2026-07-19 09:55:00+03:00,15,OK,62.5,Degraded,A;M;V,1
2026-07-19 10:00:00+03:00,15,OK,62.78020297465147,Degraded,M,2
2026-07-19 10:05:00+03:00,15,OK,64.0133672057884,Degraded,M,2
2026-07-19 10:10:00+03:00,15,OK,65.15171494762504,Degraded,M,2
2026-07-19 10:15:00+03:00,15,OK,66.13489214594486,Degraded,M,2
2026-07-19 10:20:00+03:00,15,OK,66.9055552244146,Degraded,M,2
2026-07-19 10:25:00+03:00,15,OK,67.8791199068612,Degraded,M,2
2026-07-19 10:30:00+03:00,15,OK,68.82733530688662,Degraded,M,2
2026-07-19 10:35:00+03:00,15,OK,69.87004618335301,Degraded,M,2
2026-07-19 10:40:00+03:00,15,OK,70.68984867529053,Degraded,M,2
2026-07-19 10:45:00+03:00,15,OK,71.57402114466011,Degraded,M,2
2026-07-19 10:50:00+03:00,15,OK,72.42243623541754,Degraded,M,2
2026-07-19 10:55:00+03:00,15,OK,73.15618730419195,Degraded,M,2
2026-07-19 11:00:00+03:00,15,OK,73.91421942359567,Degraded,M,2
2026-07-19 11:05:00+03:00,15,OK,74.66356030974656,Degraded,M,2
2026-07-19 11:10:00+03:00,15,OK,75.41024691358027,Critical,M,2
2026-07-19 11:15:00+03:00,15,OK,76.0669547325105,Critical,M,2
2026-07-19 11:20:00+03:00,15,OK,76.55740740740795,Critical,M,2
2026-07-19 11:25:00+03:00,15,OK,76.77353909465083,Critical,M,2
2026-07-19 11:30:00+03:00,15,OK,76.89823045267542,Critical,M,2
2026-07-19 11:35:00+03:00,15,OK,77.00629629629667,Critical,M,2
2026-07-19 11:40:00+03:00,15,OK,77.00629629629667,Critical,M,2
2026-07-19 11:45:00+03:00,15,OK,76.86497942386913,Critical,M,2
2026-07-19 11:50:00+03:00,15,OK,76.75691358024716,Critical,M,2
2026-07-19 11:55:00+03:00,15,OK,76.83172839506216,Critical,M,2
2026-07-19 12:00:00+03:00,15,OK,77.0062962962965,Critical,M,2
2026-07-19 12:05:00+03:00,15,OK,76.9397942386836,Critical,M,2
2026-07-19 12:10:00+03:00,15,OK,77.20580246913589,Critical,M,2
2026-07-19 12:15:00+03:00,15,OK,77.45518518518487,Critical,M,2
2026-07-19 12:20:00+03:00,15,OK,77.97103244497794,Critical,M,2
2026-07-19 12:25:00+03:00,15,OK,78.08029117774846,Critical,M,2
2026-07-19 12:30:00+03:00,15,OK,78.41653056386099,Critical,M,2
2026-07-19 12:35:00+03:00,15,OK,79.0640408082605,Critical,M,2
2026-07-19 12:40:00+03:00,15,OK,80.32636795017545,Critical,M,4
2026-07-19 12:45:00+03:00,15,OK,79.7920619860848,Critical,V,8
2026-07-19 12:50:00+03:00,15,OK,82.43515028127997,Critical,A,8
2026-07-19 12:55:00+03:00,15,OK,83.33750489995377,Critical,A,4
2026-07-19 13:00:00+03:00,15,OK,84.45922571808443,Critical,A,4
2026-07-19 13:05:00+03:00,15,OK,85.52412438536365,Critical,A,4
2026-07-19 13:10:00+03:00,15,OK,86.42015889153349,Critical,A,8
2026-07-19 13:15:00+03:00,15,OK,87.20084371719936,Critical,V,8
2026-07-19 13:20:00+03:00,15,OK,87.34388646288211,Critical,V,4
2026-07-19 13:25:00+03:00,15,OK,87.33570511448751,Critical,V,4
2026-07-19 13:30:00+03:00,15,OK,87.37179247050013,Critical,V,4
2026-07-19 13:35:00+03:00,15,OK,87.38858491578159,Critical,V,4
2026-07-19 13:40:00+03:00,15,OK,87.41904902249728,Critical,V,4
2026-07-19 13:45:00+03:00,15,OK,87.44574944071587,Critical,V,4
2026-07-19 13:50:00+03:00,15,OK,87.50207617696518,Critical,V,4
2026-07-19 13:55:00+03:00,15,OK,87.51762980318759,Critical,A,4
2026-07-19 14:00:00+03:00,15,OK,87.51493432163794,Critical,A,2
2026-07-19 14:05:00+03:00,15,OK,87.51639359367327,Critical,A,2
2026-07-19 14:10:00+03:00,15,OK,87.51031478040846,Critical,A,2
2026-07-19 14:15:00+03:00,15,OK,87.52052389988842,Critical,A,2
2026-07-19 14:20:00+03:00,15,OK,87.52481276529795,Critical,A,2
2026-07-19 14:25:00+03:00,15,OK,87.53031827211878,Critical,A,2
2026-07-19 14:30:00+03:00,15,OK,87.5382697118508,Critical,A,2
2026-07-19 14:35:00+03:00,15,OK,87.54212944056886,Critical,A,2
2026-07-19 14:40:00+03:00,15,OK,87.54089529364954,Critical,A,2
2026-07-19 14:45:00+03:00,15,OK,87.53728862595067,Critical,A,2
2026-07-19 14:50:00+03:00,15,OK,87.52872427337647,Critical,A,2
2026-07-19 14:55:00+03:00,15,OK,87.53378893644144,Critical,A,2
2026-07-19 15:00:00+03:00,15,OK,87.53924461005734,Critical,A,2
2026-07-19 15:05:00+03:00,15,OK,87.55597014925372,Critical,A;M;V,1
2026-07-19 15:10:00+03:00,15,OK,87.55597014925372,Critical,A;M;V,1
2026-07-19 15:15:00+03:00,15,OK,87.55597014925372,Critical,A;M;V,1
2026-07-19 15:20:00+03:00,15,OK,87.55597014925372,Critical,A;M;V,1
2026-07-19 15:25:00+03:00,15,OK,87.55597014925372,Critical,A;M;V,1
2026-07-19 15:30:00+03:00,15,OK,87.55597014925372,Critical,A;M;V,1
2026-07-19 15:35:00+03:00,15,OK,87.55597014925372,Critical,A;M;V,1
2026-07-19 15:40:00+03:00,15,OK,87.55597014925372,Critical,A;M;V,1
2026-07-19 15:45:00+03:00,15,OK,87.55597014925372,Critical,A;M;V,1
2026-07-19 15:50:00+03:00,15,OK,87.55597014925372,Critical,A;M;V,1
2026-07-19 15:55:00+03:00,15,OK,87.55597014925372,Critical,A;M;V,1
2026-07-19 16:00:00+03:00,15,OK,87.55597014925372,Critical,A;M;V,1
2026-07-19 16:05:00+03:00,15,OK,87.55597014925372,Critical,A;M;V,1
2026-07-19 16:10:00+03:00,15,OK,87.55597014925372,Critical,A;M;V,1
2026-07-19 16:15:00+03:00,15,OK,87.55597014925372,Critical,A;M;V,1
2026-07-19 16:20:00+03:00,15,OK,87.55597014925372,Critical,A;M;V,1
2026-07-19 16:25:00+03:00,15,OK,87.55597014925372,Critical,A;M;V,1
2026-07-19 16:30:00+03:00,15,OK,87.55597014925372,Critical,A;M;V,1
2026-07-19 16:35:00+03:00,15,OK,87.55597014925372,Critical,A;M;V,1
2026-07-19 16:40:00+03:00,15,OK,87.55597014925372,Critical,A;M;V,1
2026-07-19 16:45:00+03:00,15,OK,87.48976900082539,Critical,M,1
2026-07-19 16:50:00+03:00,15,OK,87.41637203417734,Critical,M,1
2026-07-19 16:55:00+03:00,15,OK,87.37171245333171,Critical,M,1
2026-07-19 17:00:00+03:00,15,OK,87.40459005850973,Critical,M,1
2026-07-19 17:05:00+03:00,15,OK,87.51915971206691,Critical,M,1
2026-07-19 17:10:00+03:00,15,PARTIAL,12.444029850746269,Favorable,A;V,1
2026-07-19 17:15:00+03:00,15,PARTIAL,12.444029850746269,Favorable,A;V,1
2026-07-19 17:20:00+03:00,15,OK,87.55597014925372,Critical,A;M;V,1
2026-07-19 17:25:00+03:00,15,OK,87.55597014925372,Critical,A;M;V,1
2026-07-19 17:30:00+03:00,15,OK,87.55597014925372,Critical,A;M;V,1
2026-07-19 17:35:00+03:00,15,OK,87.55597014925372,Critical,A;M;V,1
2026-07-19 17:40:00+03:00,15,OK,87.55597014925372,Critical,A;M;V,1
2026-07-19 17:45:00+03:00,15,OK,87.55597014925372,Critical,A;M;V,1
2026-07-19 17:50:00+03:00,15,OK,87.55597014925372,Critical,A;M;V,1
2026-07-19 17:55:00+03:00,15,OK,87.55597014925372,Critical,A;M;V,1
2026-07-19 18:00:00+03:00,15,OK,87.55597014925372,Critical,A;M;V,1
2026-07-19 18:05:00+03:00,15,OK,87.55597014925372,Critical,A;M;V,1
2026-07-19 18:10:00+03:00,15,OK,87.55597014925372,Critical,A;M;V,1
2026-07-19 18:15:00+03:00,15,OK,87.51236409710319,Critical,M,1
2026-07-19 18:20:00+03:00,15,OK,87.46098097724195,Critical,M,1
2026-07-19 18:25:00+03:00,15,OK,87.48540573979085,Critical,M,1
2026-07-19 18:30:00+03:00,15,OK,87.52721165473154,Critical,M,1
2026-07-19 18:35:00+03:00,15,OK,87.55597014925372,Critical,A;M;V,1
2026-07-19 18:40:00+03:00,15,OK,87.55597014925372,Critical,A;M;V,1
2026-07-19 18:45:00+03:00,15,OK,87.55597014925372,Critical,A;M;V,1
2026-07-19 18:50:00+03:00,15,OK,87.55597014925372,Critical,A;M;V,1
2026-07-19 18:55:00+03:00,15,OK,87.55597014925372,Critical,A;M;V,1
2026-07-19 19:00:00+03:00,15,OK,87.55597014925372,Critical,A;M;V,1
2026-07-19 19:05:00+03:00,15,OK,87.55597014925372,Critical,A;M;V,1
2026-07-19 19:10:00+03:00,15,OK,87.55597014925372,Critical,A;M;V,1
2026-07-19 19:15:00+03:00,15,OK,81.70702340475324,Critical,M,2
2026-07-19 19:20:00+03:00,15,OK,70.8536793738022,Degraded,M,2
2026-07-19 19:25:00+03:00,15,OK,62.5,Degraded,A;M;V,1
2026-07-19 19:30:00+03:00,15,OK,62.5,Degraded,A;M;V,1
2026-07-19 19:35:00+03:00,15,OK,62.5,Degraded,A;M;V,1
2026-07-19 19:40:00+03:00,15,OK,62.5,Degraded,A;M;V,1
2026-07-19 19:45:00+03:00,15,OK,57.165303805590824,Degraded,M,2
2026-07-19 19:50:00+03:00,15,OK,53.02653535320473,Degraded,M,2
2026-07-19 19:55:00+03:00,15,OK,50.040850340691804,Degraded,M,2
2026-07-19 20:00:00+03:00,15,OK,48.80662015209917,Acceptable,M,2
2026-07-19 20:05:00+03:00,15,OK,50.621069285182,Degraded,M,2
2026-07-19 20:10:00+03:00,15,OK,53.62614227574395,Degraded,M,2
2026-07-19 20:15:00+03:00,15,OK,55.33136482939619,Degraded,M,2
2026-07-19 20:20:00+03:00,15,OK,55.19106055089204,Degraded,M,2
2026-07-19 20:25:00+03:00,15,OK,54.407870588852155,Degraded,M,2
2026-07-19 20:30:00+03:00,15,OK,54.027361549973946,Degraded,M,2
2026-07-19 20:35:00+03:00,15,OK,51.49704527055533,Degraded,M,2
2026-07-19 20:40:00+03:00,15,OK,51.77687623406657,Degraded,M,2
2026-07-19 20:45:00+03:00,15,OK,54.764658805184474,Degraded,M,2
2026-07-19 20:50:00+03:00,15,OK,55.14925345391948,Degraded,M,2
2026-07-19 20:55:00+03:00,15,OK,54.465803975267434,Degraded,M,2
2026-07-19 21:00:00+03:00,15,OK,53.685063880807384,Degraded,M,2
2026-07-19 21:05:00+03:00,15,OK,51.744817123271496,Degraded,M,2
2026-07-19 21:10:00+03:00,15,OK,49.78375035923571,Acceptable,M,2
2026-07-19 21:15:00+03:00,15,OK,48.55458418211269,Acceptable,M,2
2026-07-19 21:20:00+03:00,15,OK,48.07463488650944,Acceptable,M,2
2026-07-19 21:25:00+03:00,15,OK,48.440749233890536,Acceptable,M,2
2026-07-19 21:30:00+03:00,15,OK,49.07945419125392,Acceptable,M,2
2026-07-19 21:35:00+03:00,15,OK,49.95288582235821,Acceptable,M,2
2026-07-19 21:40:00+03:00,15,OK,50.98391104517875,Degraded,M,2
2026-07-19 21:45:00+03:00,15,OK,50.87435253098569,Degraded,M,2
2026-07-19 21:50:00+03:00,15,OK,49.992647037197095,Acceptable,M,2
2026-07-19 21:55:00+03:00,15,OK,48.879263600307134,Acceptable,M,2
2026-07-19 22:00:00+03:00,15,OK,48.000580856335645,Acceptable,M,2
2026-07-19 22:05:00+03:00,15,OK,48.38948604166755,Acceptable,M,2
2026-07-19 22:10:00+03:00,15,OK,49.79573494566534,Acceptable,M,2
2026-07-19 22:15:00+03:00,15,OK,50.980776775206294,Degraded,M,2
2026-07-19 22:20:00+03:00,15,OK,51.19337984790135,Degraded,M,2
2026-07-19 22:25:00+03:00,15,OK,51.97050618297423,Degraded,M,2
2026-07-19 22:30:00+03:00,15,OK,50.91536771628821,Degraded,M,2
2026-07-19 22:35:00+03:00,15,OK,49.558745660999165,Acceptable,M,2
2026-07-19 22:40:00+03:00,15,OK,49.06828033973432,Acceptable,M,2
2026-07-19 22:45:00+03:00,15,OK,49.182739457339224,Acceptable,M,2
2026-07-19 22:50:00+03:00,15,OK,50.31866806553773,Degraded,M,2
2026-07-19 22:55:00+03:00,15,OK,50.06536118591327,Degraded,M,2
2026-07-19 23:00:00+03:00,15,OK,50.228779103970574,Degraded,M,2
2026-07-19 23:05:00+03:00,15,OK,48.89657201706684,Acceptable,M,2
2026-07-19 23:10:00+03:00,15,OK,48.634875896322306,Acceptable,M,2
2026-07-19 23:15:00+03:00,15,OK,49.29718809861579,Acceptable,M,2
2026-07-19 23:20:00+03:00,15,OK,50.97260045573267,Degraded,M,2
2026-07-19 23:25:00+03:00,15,OK,52.109621838020075,Degraded,M,2
2026-07-19 23:30:00+03:00,15,OK,53.22350507906597,Degraded,M,2
2026-07-19 23:35:00+03:00,15,OK,54.169082932806624,Degraded,M,2
2026-07-19 23:40:00+03:00,15,OK,54.40787058885251,Degraded,M,2
2026-07-19 23:45:00+03:00,15,OK,53.42066671904068,Degraded,M,2
2026-07-19 23:50:00+03:00,15,OK,53.59325940549949,Degraded,M,2
2026-07-19 23:55:00+03:00,15,OK,54.81164894471625,Degraded,M,2
2026-07-20 00:00:00+03:00,15,OK,56.54856786025378,Degraded,M,2
2026-07-20 00:05:00+03:00,15,OK,56.06666600992352,Degraded,M,2
2026-07-20 00:10:00+03:00,15,OK,53.66724949739066,Degraded,M,2
2026-07-20 00:15:00+03:00,15,OK,52.45338567222806,Degraded,M,2
2026-07-20 00:20:00+03:00,15,OK,50.735510444248334,Degraded,M,2
2026-07-20 00:25:00+03:00,15,OK,46.89967377042221,Acceptable,M,2
2026-07-20 00:30:00+03:00,15,OK,41.68054616513574,Acceptable,M,2
2026-07-20 00:35:00+03:00,15,OK,39.26825060874025,Acceptable,M,2
2026-07-20 00:40:00+03:00,15,OK,41.084695393759475,Acceptable,M,2
2026-07-20 00:45:00+03:00,15,OK,43.57626338963023,Acceptable,M,2
2026-07-20 00:50:00+03:00,15,OK,43.70103312911607,Acceptable,M,2
2026-07-20 00:55:00+03:00,15,OK,43.48472648996865,Acceptable,M,2
2026-07-20 01:00:00+03:00,15,OK,41.210695716761116,Acceptable,M,2
2026-07-20 01:05:00+03:00,15,OK,40.866146934460645,Acceptable,M,2
2026-07-20 01:10:00+03:00,15,OK,40.45186250682051,Acceptable,M,2
2026-07-20 01:15:00+03:00,15,OK,40.82409686317943,Acceptable,M,2
2026-07-20 01:20:00+03:00,15,OK,40.12904229370297,Acceptable,M,2
2026-07-20 01:25:00+03:00,15,OK,40.112036010392885,Acceptable,M,2
2026-07-20 01:30:00+03:00,15,OK,40.70631970260259,Acceptable,M,2
2026-07-20 01:35:00+03:00,15,OK,41.18550064375535,Acceptable,M,2
2026-07-20 01:40:00+03:00,15,OK,41.336633663366484,Acceptable,M,2
2026-07-20 01:45:00+03:00,15,OK,41.75597691673531,Acceptable,M,2
2026-07-20 01:50:00+03:00,15,OK,42.53411915776313,Acceptable,M,2
2026-07-20 01:55:00+03:00,15,OK,41.27787038106728,Acceptable,M,2
2026-07-20 02:00:00+03:00,15,OK,39.03745356892707,Acceptable,M,2
2026-07-20 02:05:00+03:00,15,OK,37.5,Acceptable,M,1
2026-07-20 02:10:00+03:00,15,OK,37.5,Acceptable,M,1
2026-07-20 02:15:00+03:00,15,OK,37.5,Acceptable,M,1
2026-07-20 02:20:00+03:00,15,OK,37.5,Acceptable,M,1
2026-07-20 02:25:00+03:00,15,OK,37.5,Acceptable,M,1
2026-07-20 02:30:00+03:00,15,OK,37.5,Acceptable,M,1
2026-07-20 02:35:00+03:00,15,OK,37.5,Acceptable,M,1
2026-07-20 02:40:00+03:00,15,OK,37.49999999999999,Acceptable,M,1
2026-07-20 02:45:00+03:00,15,OK,37.5,Acceptable,M,1
2026-07-20 02:50:00+03:00,15,OK,37.50000000000001,Acceptable,M,1
2026-07-20 02:55:00+03:00,15,OK,37.5,Acceptable,M,1
2026-07-20 03:00:00+03:00,15,OK,37.5,Acceptable,M,1
2026-07-20 03:05:00+03:00,15,OK,37.50000000000001,Acceptable,M,1
2026-07-20 03:10:00+03:00,15,OK,37.5,Acceptable,M,1
2026-07-20 03:15:00+03:00,15,OK,40.14477170272431,Acceptable,M,2
2026-07-20 03:20:00+03:00,15,OK,41.913750333092736,Acceptable,M,2
2026-07-20 03:25:00+03:00,15,OK,42.84039814839443,Acceptable,M,2
2026-07-20 03:30:00+03:00,15,OK,43.40189869517102,Acceptable,M,2
2026-07-20 03:35:00+03:00,15,OK,43.765334845696266,Acceptable,M,2
2026-07-20 03:40:00+03:00,15,OK,44.53640356799462,Acceptable,M,2
2026-07-20 03:45:00+03:00,15,OK,45.263642654405984,Acceptable,M,2
2026-07-20 03:50:00+03:00,15,OK,46.05750216613553,Acceptable,M,2
2026-07-20 03:55:00+03:00,15,OK,46.59617780104,Acceptable,M,2
2026-07-20 04:00:00+03:00,15,OK,46.146072924455225,Acceptable,M,2
2026-07-20 04:05:00+03:00,15,OK,44.74016870826864,Acceptable,M,2
2026-07-20 04:10:00+03:00,15,OK,43.00069573627159,Acceptable,M,2
2026-07-20 04:15:00+03:00,15,OK,41.423354653496965,Acceptable,M,2
2026-07-20 04:20:00+03:00,15,OK,40.225664747993676,Acceptable,M,2
2026-07-20 04:25:00+03:00,15,OK,38.98855012834493,Acceptable,M,2
2026-07-20 04:30:00+03:00,15,OK,38.054043319417225,Acceptable,M,2
2026-07-20 04:35:00+03:00,15,OK,37.8095218534911,Acceptable,M,2
2026-07-20 04:40:00+03:00,15,OK,38.053613360715254,Acceptable,M,2
2026-07-20 04:45:00+03:00,15,OK,38.13299541669546,Acceptable,M,2
2026-07-20 04:50:00+03:00,15,OK,37.506324891774106,Acceptable,M,2
2026-07-20 04:55:00+03:00,15,OK,37.5,Acceptable,A;M;V,1
2026-07-20 05:00:00+03:00,15,OK,37.5,Acceptable,A;M;V,1
2026-07-20 05:05:00+03:00,15,OK,37.5,Acceptable,A;M;V,1
2026-07-20 05:10:00+03:00,15,OK,37.5,Acceptable,A;M;V,1
2026-07-20 05:15:00+03:00,15,OK,37.5,Acceptable,A;M;V,1
2026-07-20 05:20:00+03:00,15,OK,37.5,Acceptable,A;M;V,1
2026-07-20 05:25:00+03:00,15,OK,37.5,Acceptable,A;M;V,1
2026-07-20 05:30:00+03:00,15,OK,37.5,Acceptable,A;M;V,1
2026-07-20 05:35:00+03:00,15,OK,37.5,Acceptable,A;M;V,1
2026-07-20 05:40:00+03:00,15,OK,37.5,Acceptable,A;M;V,1
2026-07-20 05:45:00+03:00,15,OK,37.5,Acceptable,A;M;V,1
2026-07-20 05:50:00+03:00,15,OK,37.5,Acceptable,A;M;V,1
2026-07-20 05:55:00+03:00,15,OK,37.5,Acceptable,A;M;V,1
2026-07-20 06:00:00+03:00,15,OK,37.5,Acceptable,A;M;V,1
2026-07-20 06:05:00+03:00,15,OK,37.5,Acceptable,A;M;V,1
2026-07-20 06:10:00+03:00,15,OK,37.5,Acceptable,A;M;V,1
2026-07-20 06:15:00+03:00,15,OK,37.5,Acceptable,A;M;V,1
2026-07-20 06:20:00+03:00,15,OK,37.5,Acceptable,A;M;V,1
2026-07-20 06:25:00+03:00,15,OK,37.5,Acceptable,A;M;V,1
2026-07-20 06:30:00+03:00,15,OK,37.5,Acceptable,A;M;V,1
2026-07-20 06:35:00+03:00,15,OK,37.5,Acceptable,A;M;V,1
2026-07-20 06:40:00+03:00,15,OK,37.5,Acceptable,A;M;V,1
2026-07-20 06:45:00+03:00,15,OK,37.5,Acceptable,M,1
2026-07-20 06:50:00+03:00,15,OK,37.5,Acceptable,M,1
2026-07-20 06:55:00+03:00,15,OK,37.5,Acceptable,M,1
2026-07-20 07:00:00+03:00,15,OK,37.49999999999999,Acceptable,M,1
2026-07-20 07:05:00+03:00,15,OK,37.5,Acceptable,M,1
2026-07-20 07:10:00+03:00,15,OK,37.49999999999999,Acceptable,M,1
2026-07-20 07:15:00+03:00,15,OK,37.49999999999999,Acceptable,M,1
2026-07-20 07:20:00+03:00,15,OK,37.50000000000001,Acceptable,M,1
2026-07-20 07:25:00+03:00,15,OK,37.5,Acceptable,M,1
2026-07-20 07:30:00+03:00,15,OK,37.5,Acceptable,M,1
2026-07-20 07:35:00+03:00,15,OK,37.5,Acceptable,M,1
2026-07-20 07:40:00+03:00,15,OK,37.50000000000001,Acceptable,M,1
2026-07-20 07:45:00+03:00,15,OK,37.5,Acceptable,M,1
2026-07-20 07:50:00+03:00,15,OK,37.5,Acceptable,M,1
2026-07-20 07:55:00+03:00,15,OK,37.50000000000001,Acceptable,M,1
2026-07-20 08:00:00+03:00,15,OK,37.5,Acceptable,M,1
2026-07-20 08:05:00+03:00,15,OK,37.499999999999986,Acceptable,M,1
2026-07-20 08:10:00+03:00,15,OK,37.5,Acceptable,M,1
2026-07-20 08:15:00+03:00,15,OK,37.5,Acceptable,M,1
2026-07-20 08:20:00+03:00,15,OK,37.5,Acceptable,M,1
2026-07-20 08:25:00+03:00,15,OK,37.5,Acceptable,M,1
2026-07-20 08:30:00+03:00,15,OK,37.5,Acceptable,M,1
2026-07-20 08:35:00+03:00,15,OK,37.49999999999999,Acceptable,M,1
2026-07-20 08:40:00+03:00,15,OK,37.5,Acceptable,M,1
2026-07-20 08:45:00+03:00,15,OK,37.50000000000001,Acceptable,M,1
2026-07-20 08:50:00+03:00,15,OK,37.5,Acceptable,M,1
2026-07-20 08:55:00+03:00,15,OK,37.49999999999999,Acceptable,M,1
2026-07-20 09:00:00+03:00,15,OK,37.5,Acceptable,M,1
2026-07-20 09:05:00+03:00,15,OK,37.5,Acceptable,M,1
2026-07-20 09:10:00+03:00,15,OK,37.5,Acceptable,M,1
2026-07-20 09:15:00+03:00,15,OK,37.65518482237479,Acceptable,M,2
2026-07-20 09:20:00+03:00,15,OK,40.22254868872949,Acceptable,M,2
2026-07-20 09:25:00+03:00,15,OK,41.605093020187475,Acceptable,M,2
2026-07-20 09:30:00+03:00,15,OK,42.475632244467974,Acceptable,M,2
2026-07-20 09:35:00+03:00,15,OK,44.56131197889502,Acceptable,M,2
2026-07-20 09:40:00+03:00,15,OK,44.99868818050636,Acceptable,M,2
2026-07-20 09:45:00+03:00,15,OK,45.07291430969937,Acceptable,M,2
2026-07-20 09:50:00+03:00,15,OK,44.181332335378286,Acceptable,M,2
2026-07-20 09:55:00+03:00,15,OK,45.14712729609756,Acceptable,M,2
2026-07-20 10:00:00+03:00,15,OK,45.55094536265965,Acceptable,M,2
2026-07-20 10:05:00+03:00,15,OK,45.80622120872597,Acceptable,M,2
2026-07-20 10:10:00+03:00,15,OK,46.43140105159081,Acceptable,M,2
2026-07-20 10:15:00+03:00,15,OK,47.54661432777229,Acceptable,M,2
2026-07-20 10:20:00+03:00,15,OK,50.44125433900118,Degraded,M,2
2026-07-20 10:25:00+03:00,15,OK,54.07031406117427,Degraded,M,2
2026-07-20 10:30:00+03:00,15,OK,57.607943879063505,Degraded,M,2
2026-07-20 10:35:00+03:00,15,OK,59.3191101241222,Degraded,M,2
2026-07-20 10:40:00+03:00,15,OK,59.870957706297204,Degraded,M,2
2026-07-20 10:45:00+03:00,15,OK,58.59622492080248,Degraded,M,2
2026-07-20 10:50:00+03:00,15,OK,57.95089396061627,Degraded,M,2
2026-07-20 10:55:00+03:00,15,OK,56.465340190263305,Degraded,M,2
2026-07-20 11:00:00+03:00,15,OK,55.50474671602069,Degraded,M,2
2026-07-20 11:05:00+03:00,15,OK,53.215292027057544,Degraded,M,2
2026-07-20 11:10:00+03:00,15,OK,49.79573494566551,Acceptable,M,2
2026-07-20 11:15:00+03:00,15,OK,46.151830746053754,Acceptable,M,2
2026-07-20 11:20:00+03:00,15,OK,42.40041497192346,Acceptable,M,2
2026-07-20 11:25:00+03:00,15,OK,39.763059553152424,Acceptable,M,2
2026-07-20 11:30:00+03:00,15,OK,38.437740014563104,Acceptable,M,2
2026-07-20 11:35:00+03:00,15,OK,37.94795647947157,Acceptable,M,2
2026-07-20 11:40:00+03:00,15,OK,37.5,Acceptable,M,1
2026-07-20 11:45:00+03:00,15,OK,37.5,Acceptable,M,1
2026-07-20 11:50:00+03:00,15,OK,37.5,Acceptable,M,1
2026-07-20 11:55:00+03:00,15,OK,36.32919104009139,Acceptable,M,2
2026-07-20 12:00:00+03:00,15,OK,35.90746040825386,Acceptable,M,2
2026-07-20 12:05:00+03:00,15,OK,37.5,Acceptable,M,1
2026-07-20 12:10:00+03:00,15,OK,37.5,Acceptable,M,1
2026-07-20 12:15:00+03:00,15,OK,37.5,Acceptable,M,1
2026-07-20 12:20:00+03:00,15,OK,37.5,Acceptable,M,1
2026-07-20 12:25:00+03:00,15,OK,37.5,Acceptable,M,1
2026-07-20 12:30:00+03:00,15,OK,37.49999999999999,Acceptable,M,1
2026-07-20 12:35:00+03:00,15,OK,37.5,Acceptable,M,1
2026-07-20 12:40:00+03:00,15,OK,37.5,Acceptable,M,1
2026-07-20 12:45:00+03:00,15,OK,37.49999999999999,Acceptable,M,1
2026-07-20 12:50:00+03:00,15,OK,37.5,Acceptable,M,1
2026-07-20 12:55:00+03:00,15,OK,37.49999999999999,Acceptable,M,1
2026-07-20 13:00:00+03:00,15,OK,37.49999999999999,Acceptable,M,1
2026-07-20 13:05:00+03:00,15,OK,36.90164130055606,Acceptable,M,2
2026-07-20 13:10:00+03:00,15,OK,33.53183250307174,Acceptable,M,2
2026-07-20 13:15:00+03:00,15,OK,31.04208162788851,Acceptable,M,2
2026-07-20 13:20:00+03:00,15,OK,27.7412736910391,Acceptable,M,2
2026-07-20 13:25:00+03:00,15,OK,24.37375994513033,Favorable,M,2
2026-07-20 13:30:00+03:00,15,OK,21.164026776149356,Favorable,M,2
2026-07-20 13:35:00+03:00,15,OK,17.54271438310401,Favorable,M,2
2026-07-20 13:40:00+03:00,15,OK,13.087954239859283,Favorable,M,2
2026-07-20 13:45:00+03:00,15,OK,12.444029850746269,Favorable,A;M;V,1
2026-07-20 13:50:00+03:00,15,OK,12.444029850746269,Favorable,A;M;V,1
2026-07-20 13:55:00+03:00,15,OK,13.933580359982459,Favorable,M,2
2026-07-20 14:00:00+03:00,15,OK,16.363907313366653,Favorable,M,2
2026-07-20 14:05:00+03:00,15,OK,16.690071909284185,Favorable,M,2
2026-07-20 14:10:00+03:00,15,OK,14.486853739872979,Favorable,M,2
2026-07-20 14:15:00+03:00,15,OK,12.444029850746269,Favorable,A;M;V,1
2026-07-20 14:20:00+03:00,15,OK,37.5,Acceptable,A;M;V,1
2026-07-20 14:25:00+03:00,15,OK,62.5,Degraded,A;M;V,1
2026-07-20 14:30:00+03:00,15,OK,62.5,Degraded,A;M;V,1
2026-07-20 14:35:00+03:00,15,OK,37.5,Acceptable,A;M;V,1
2026-07-20 14:40:00+03:00,15,OK,12.444029850746269,Favorable,A;M;V,1
2026-07-20 14:45:00+03:00,15,OK,12.444029850746269,Favorable,A;M;V,1
2026-07-20 14:50:00+03:00,15,OK,12.444029850746269,Favorable,A;M;V,1
2026-07-20 14:55:00+03:00,15,OK,12.444029850746269,Favorable,A;M;V,1
2026-07-20 15:00:00+03:00,15,OK,12.444029850746269,Favorable,A;M;V,1
2026-07-20 15:05:00+03:00,15,OK,12.444029850746269,Favorable,A;M;V,1
2026-07-20 15:10:00+03:00,15,OK,12.444029850746269,Favorable,A;M;V,1
2026-07-20 15:15:00+03:00,15,OK,12.444029850746269,Favorable,A;M;V,1
2026-07-20 15:20:00+03:00,15,OK,12.444029850746269,Favorable,A;M;V,1
2026-07-20 15:25:00+03:00,15,OK,12.444029850746269,Favorable,A;M;V,1
2026-07-20 15:30:00+03:00,15,OK,12.444029850746269,Favorable,A;M;V,1
2026-07-20 15:35:00+03:00,15,OK,12.444029850746269,Favorable,A;M;V,1
2026-07-20 15:40:00+03:00,15,OK,12.444029850746269,Favorable,A;M;V,1
2026-07-20 15:45:00+03:00,15,OK,12.444029850746269,Favorable,A;M;V,1
2026-07-20 15:50:00+03:00,15,OK,12.444029850746269,Favorable,A;M;V,1
2026-07-20 15:55:00+03:00,15,OK,12.444029850746269,Favorable,A;M;V,1
2026-07-20 16:00:00+03:00,15,OK,12.444029850746269,Favorable,A;M;V,1
2026-07-20 16:05:00+03:00,15,OK,12.444029850746269,Favorable,A;M;V,1
2026-07-20 16:10:00+03:00,15,OK,12.444029850746269,Favorable,A;M;V,1
2026-07-20 16:15:00+03:00,15,OK,12.444029850746269,Favorable,A;M;V,1
2026-07-20 16:20:00+03:00,15,OK,12.444029850746269,Favorable,A;M;V,1
2026-07-20 16:25:00+03:00,15,OK,14.868020136669845,Favorable,M,2
2026-07-20 16:30:00+03:00,15,OK,19.698890822096892,Favorable,M,2
2026-07-20 16:35:00+03:00,15,OK,25.030329218107067,Acceptable,M,2
2026-07-20 16:40:00+03:00,15,OK,30.679827371536007,Acceptable,M,2
2026-07-20 16:45:00+03:00,15,OK,35.17543635349269,Acceptable,M,2
2026-07-20 16:50:00+03:00,15,OK,39.13151694155907,Acceptable,M,2
2026-07-20 16:55:00+03:00,15,OK,41.747596827647804,Acceptable,M,2
2026-07-20 17:00:00+03:00,15,OK,42.93480942902736,Acceptable,M,2
2026-07-20 17:05:00+03:00,15,OK,44.08215058423341,Acceptable,M,2
2026-07-20 17:10:00+03:00,15,OK,45.82268527619418,Acceptable,M,2
2026-07-20 17:15:00+03:00,15,OK,47.66939796869619,Acceptable,M,2
2026-07-20 17:20:00+03:00,15,OK,50.52298519951863,Degraded,M,2
2026-07-20 17:25:00+03:00,15,OK,54.73745639573008,Degraded,M,2
2026-07-20 17:30:00+03:00,15,OK,59.87095770629703,Degraded,M,2
2026-07-20 17:35:00+03:00,15,OK,62.5,Degraded,A;M;V,1
2026-07-20 17:40:00+03:00,15,OK,62.5,Degraded,A;M;V,1
2026-07-20 17:45:00+03:00,15,OK,62.5,Degraded,A;M;V,1
2026-07-20 17:50:00+03:00,15,OK,62.5,Degraded,A;M;V,1
2026-07-20 17:55:00+03:00,15,OK,62.5,Degraded,A;M;V,1
2026-07-20 18:00:00+03:00,15,OK,62.5,Degraded,A;M;V,1
2026-07-20 18:05:00+03:00,15,OK,64.86547656997122,Degraded,M,2
2026-07-20 18:10:00+03:00,15,OK,68.10785991330143,Degraded,M,2
2026-07-20 18:15:00+03:00,15,OK,70.82910752514378,Degraded,M,2
2026-07-20 18:20:00+03:00,15,OK,73.64236943690547,Degraded,M,2
2026-07-20 18:25:00+03:00,15,OK,76.58234567901248,Critical,M,2
2026-07-20 18:30:00+03:00,15,OK,79.13974526195122,Critical,M,2
2026-07-20 18:35:00+03:00,15,OK,81.74969329098779,Critical,M,2
2026-07-20 18:40:00+03:00,15,OK,84.11801001106849,Critical,M,2
2026-07-20 18:45:00+03:00,15,OK,86.51672315036565,Critical,M,2
2026-07-20 18:50:00+03:00,15,OK,87.55597014925372,Critical,A;M;V,1
2026-07-20 18:55:00+03:00,15,OK,87.55597014925372,Critical,A;M;V,1
2026-07-20 19:00:00+03:00,15,OK,87.55597014925372,Critical,A;M;V,1
2026-07-20 19:05:00+03:00,15,OK,87.55597014925372,Critical,A;M;V,1
2026-07-20 19:10:00+03:00,15,OK,87.55597014925372,Critical,A;M;V,1
2026-07-20 19:15:00+03:00,15,OK,87.55597014925372,Critical,A;M;V,1
2026-07-20 19:20:00+03:00,15,OK,87.55597014925372,Critical,A;M;V,1
2026-07-20 19:25:00+03:00,15,OK,87.55597014925372,Critical,A;M;V,1
2026-07-20 19:30:00+03:00,15,OK,87.55597014925372,Critical,A;M;V,1
2026-07-20 19:35:00+03:00,15,OK,87.55597014925372,Critical,A;M;V,1
2026-07-20 19:40:00+03:00,15,OK,87.55597014925372,Critical,A;M;V,1
2026-07-20 19:45:00+03:00,15,OK,87.55597014925372,Critical,A;M;V,1
2026-07-20 19:50:00+03:00,15,OK,87.55597014925372,Critical,A;M;V,1
2026-07-20 19:55:00+03:00,15,OK,87.55597014925372,Critical,A;M;V,1
2026-07-20 20:00:00+03:00,15,OK,87.55597014925372,Critical,A;M;V,1
2026-07-20 20:05:00+03:00,15,OK,87.55597014925372,Critical,A;M;V,1
2026-07-20 20:10:00+03:00,15,OK,87.55597014925372,Critical,A;M;V,1
2026-07-20 20:15:00+03:00,15,OK,87.55597014925372,Critical,A;M;V,1
2026-07-20 20:20:00+03:00,15,OK,87.55597014925372,Critical,A;M;V,1
2026-07-20 20:25:00+03:00,15,OK,87.55597014925372,Critical,A;M;V,1
2026-07-20 20:30:00+03:00,15,OK,87.55597014925372,Critical,A;M;V,1
2026-07-20 20:35:00+03:00,15,OK,87.55597014925372,Critical,A;M;V,1
2026-07-20 20:40:00+03:00,15,OK,87.55597014925372,Critical,A;M;V,1
2026-07-20 20:45:00+03:00,15,OK,87.55597014925372,Critical,A;M;V,1
2026-07-20 20:50:00+03:00,15,OK,84.01523180558247,Critical,M,2
2026-07-20 20:55:00+03:00,15,OK,78.5426431702106,Critical,M,2
2026-07-20 21:00:00+03:00,15,OK,72.58736160537754,Degraded,M,2
2026-07-20 21:05:00+03:00,15,OK,66.4630098998092,Degraded,M,2
2026-07-20 21:10:00+03:00,15,OK,62.5,Degraded,A;M;V,1
2026-07-20 21:15:00+03:00,15,OK,62.5,Degraded,A;M;V,1
2026-07-20 21:20:00+03:00,15,OK,62.5,Degraded,A;M;V,1
2026-07-20 21:25:00+03:00,15,OK,62.5,Degraded,A;M;V,1
2026-07-20 21:30:00+03:00,15,OK,62.5,Degraded,A;M;V,1
2026-07-20 21:35:00+03:00,15,OK,60.17731212963361,Degraded,M,2
2026-07-20 21:40:00+03:00,15,OK,55.39740661994413,Degraded,M,2
2026-07-20 21:45:00+03:00,15,OK,51.23426919819896,Degraded,M,2
2026-07-20 21:50:00+03:00,15,OK,47.24369648927124,Acceptable,M,2
2026-07-20 21:55:00+03:00,15,OK,45.237814214100396,Acceptable,M,2
2026-07-20 22:00:00+03:00,15,OK,45.16361728637947,Acceptable,M,2
2026-07-20 22:05:00+03:00,15,OK,47.07992658101137,Acceptable,M,2
2026-07-20 22:10:00+03:00,15,OK,48.9047491385117,Acceptable,M,2
2026-07-20 22:15:00+03:00,15,OK,49.92646842554158,Acceptable,M,2
2026-07-20 22:20:00+03:00,15,OK,50.58837373499632,Degraded,M,2
2026-07-20 22:25:00+03:00,15,OK,50.825435846472075,Degraded,M,2
2026-07-20 22:30:00+03:00,15,OK,50.907191824485146,Degraded,M,2
2026-07-20 22:35:00+03:00,15,OK,50.62924330632216,Degraded,M,2
2026-07-20 22:40:00+03:00,15,OK,50.50663859997753,Degraded,M,2
2026-07-20 22:45:00+03:00,15,OK,50.008169961339846,Degraded,M,2
2026-07-20 22:50:00+03:00,15,OK,49.77122089603012,Acceptable,M,2
2026-07-20 22:55:00+03:00,15,OK,49.37075669367871,Acceptable,M,2
2026-07-20 23:00:00+03:00,15,OK,48.95381074436325,Acceptable,M,2
2026-07-20 23:05:00+03:00,15,OK,48.4385678642547,Acceptable,M,4
2026-07-20 23:10:00+03:00,15,OK,47.88219440637675,Acceptable,M,4
2026-07-20 23:15:00+03:00,15,OK,47.30101089410203,Acceptable,M,4
2026-07-20 23:20:00+03:00,15,OK,46.67792571645484,Acceptable,M,4
2026-07-20 23:25:00+03:00,15,OK,46.340972269972376,Acceptable,M,4
2026-07-20 23:30:00+03:00,15,OK,46.95590245103174,Acceptable,V,4
2026-07-20 23:35:00+03:00,15,OK,47.346624144747764,Acceptable,V,4
2026-07-20 23:40:00+03:00,15,OK,46.16468383591769,Acceptable,V,4
2026-07-20 23:45:00+03:00,15,OK,45.59212941114749,Acceptable,M,4
2026-07-20 23:50:00+03:00,15,OK,45.38616866790545,Acceptable,M,4
2026-07-20 23:55:00+03:00,15,OK,44.99044002138295,Acceptable,M,4
2026-07-21 00:00:00+03:00,15,OK,44.64387071796793,Acceptable,M,2
2026-07-21 00:05:00+03:00,15,OK,44.05735148303546,Acceptable,M,2
2026-07-21 00:10:00+03:00,15,OK,43.70934892582564,Acceptable,M,2
2026-07-21 00:15:00+03:00,15,OK,43.201584926754514,Acceptable,M,2
2026-07-21 00:20:00+03:00,15,OK,42.943150414528006,Acceptable,M,2
2026-07-21 00:25:00+03:00,15,OK,42.64270195536257,Acceptable,M,2
2026-07-21 00:30:00+03:00,15,OK,42.40041497192364,Acceptable,M,2
2026-07-21 00:35:00+03:00,15,OK,42.10769129374584,Acceptable,M,2
2026-07-21 00:40:00+03:00,15,OK,41.806251648641165,Acceptable,M,2
2026-07-21 00:45:00+03:00,15,OK,41.32823973992939,Acceptable,M,2
2026-07-21 00:50:00+03:00,15,OK,40.80727488973643,Acceptable,M,2
2026-07-21 00:55:00+03:00,15,OK,39.56700156122079,Acceptable,M,2
2026-07-21 01:00:00+03:00,15,OK,38.01677651288205,Acceptable,M,2
2026-07-21 01:05:00+03:00,15,OK,37.5,Acceptable,M,2
2026-07-21 01:10:00+03:00,15,OK,37.49999999999999,Acceptable,M,2
2026-07-21 01:15:00+03:00,15,OK,37.5,Acceptable,M,2
2026-07-21 01:20:00+03:00,15,OK,36.82291124895297,Acceptable,M,4
2026-07-21 01:25:00+03:00,15,OK,32.58769009579943,Acceptable,V,4
2026-07-21 01:30:00+03:00,15,OK,31.288016408274203,Acceptable,V,4
2026-07-21 01:35:00+03:00,15,OK,29.67148961912411,Acceptable,V,4
2026-07-21 01:40:00+03:00,15,OK,29.275908996823805,Acceptable,V,4
2026-07-21 01:45:00+03:00,15,OK,29.39208288931447,Acceptable,M,4
2026-07-21 01:50:00+03:00,15,OK,28.51597586023831,Acceptable,M,4
2026-07-21 01:55:00+03:00,15,OK,27.808495807957367,Acceptable,M,4
2026-07-21 02:00:00+03:00,15,OK,27.321938706584973,Acceptable,M,2
2026-07-21 02:05:00+03:00,15,OK,26.86029675799796,Acceptable,M,2
2026-07-21 02:10:00+03:00,15,OK,26.44826035830363,Acceptable,M,2
2026-07-21 02:15:00+03:00,15,OK,25.690467879969308,Acceptable,M,2
2026-07-21 02:20:00+03:00,15,OK,25.113456790123987,Acceptable,M,2
2026-07-21 02:25:00+03:00,15,OK,24.506625514403698,Favorable,M,2
2026-07-21 02:30:00+03:00,15,OK,24.090987654320358,Favorable,M,2
2026-07-21 02:35:00+03:00,15,OK,23.783415637859516,Favorable,M,2
2026-07-21 02:40:00+03:00,15,OK,23.558971193415594,Favorable,M,2
2026-07-21 02:45:00+03:00,15,OK,23.218148148147957,Favorable,M,2
2026-07-21 02:50:00+03:00,15,OK,22.553127572016695,Favorable,M,2
2026-07-21 02:55:00+03:00,15,OK,21.48258034773445,Favorable,M,2
2026-07-21 03:00:00+03:00,15,OK,20.591046993484277,Favorable,M,2
2026-07-21 03:05:00+03:00,15,OK,19.673632049824555,Favorable,M,2
2026-07-21 03:10:00+03:00,15,OK,19.117812682308962,Favorable,M,2
2026-07-21 03:15:00+03:00,15,OK,18.625705143633173,Favorable,M,2
2026-07-21 03:20:00+03:00,15,OK,18.429501320644274,Favorable,M,2
2026-07-21 03:25:00+03:00,15,OK,18.395372840499153,Favorable,M,2
2026-07-21 03:30:00+03:00,15,OK,18.19909913029716,Favorable,M,2
2026-07-21 03:35:00+03:00,15,OK,17.720966198716933,Favorable,M,2
2026-07-21 03:40:00+03:00,15,OK,16.99455310720468,Favorable,M,2
2026-07-21 03:45:00+03:00,15,OK,16.275884620338683,Favorable,M,2
2026-07-21 03:50:00+03:00,15,OK,15.693299164956388,Favorable,M,2
2026-07-21 03:55:00+03:00,15,OK,15.207007085445182,Favorable,M,2
2026-07-21 04:00:00+03:00,15,OK,14.894105370390884,Favorable,M,2
2026-07-21 04:05:00+03:00,15,OK,14.53747270200586,Favorable,M,2
2026-07-21 04:10:00+03:00,15,OK,14.258923488368998,Favorable,M,2
2026-07-21 04:15:00+03:00,15,OK,14.032471875144925,Favorable,M,2
2026-07-21 04:20:00+03:00,15,OK,14.102161750587964,Favorable,M,2
2026-07-21 04:25:00+03:00,15,OK,14.137002535735908,Favorable,M,2
2026-07-21 04:30:00+03:00,15,OK,13.988910078766496,Favorable,M,2
2026-07-21 04:35:00+03:00,15,OK,13.212785487997063,Favorable,M,2
2026-07-21 04:40:00+03:00,15,OK,12.444029850746269,Favorable,A;M;V,1
2026-07-21 04:45:00+03:00,15,OK,12.444029850746269,Favorable,A;M;V,1
2026-07-21 04:50:00+03:00,15,OK,12.444029850746269,Favorable,A;M;V,1
2026-07-21 04:55:00+03:00,15,OK,12.444029850746269,Favorable,A;M;V,1
2026-07-21 05:00:00+03:00,15,OK,12.444029850746269,Favorable,A;M;V,1
2026-07-21 05:05:00+03:00,15,OK,12.444029850746269,Favorable,A;M;V,1
2026-07-21 05:10:00+03:00,15,OK,12.444029850746269,Favorable,A;M;V,1
2026-07-21 05:15:00+03:00,15,OK,12.444029850746269,Favorable,A;M;V,1
2026-07-21 05:20:00+03:00,15,OK,12.444029850746269,Favorable,A;M;V,1
2026-07-21 05:25:00+03:00,15,OK,12.444029850746269,Favorable,A;M;V,1
2026-07-21 05:30:00+03:00,15,OK,12.444029850746269,Favorable,A;M;V,1
2026-07-21 05:35:00+03:00,15,OK,12.444029850746269,Favorable,A;M;V,1
2026-07-21 05:40:00+03:00,15,OK,12.444029850746269,Favorable,A;M;V,1
2026-07-21 05:45:00+03:00,15,OK,12.444029850746269,Favorable,A;M;V,1
2026-07-21 05:50:00+03:00,15,OK,12.444029850746269,Favorable,A;M;V,1
2026-07-21 05:55:00+03:00,15,OK,12.444029850746269,Favorable,A;M;V,1
2026-07-21 06:00:00+03:00,15,OK,12.444029850746269,Favorable,A;M;V,1
2026-07-21 06:05:00+03:00,15,OK,12.444029850746269,Favorable,A;M;V,1
2026-07-21 06:10:00+03:00,15,OK,12.444029850746269,Favorable,A;M;V,1
2026-07-21 06:15:00+03:00,15,OK,12.444029850746269,Favorable,A;M;V,1
2026-07-21 06:20:00+03:00,15,OK,12.444029850746269,Favorable,A;M;V,1
2026-07-21 06:25:00+03:00,15,OK,12.444029850746269,Favorable,A;M;V,1
2026-07-21 06:30:00+03:00,15,OK,12.444029850746269,Favorable,A;M;V,1
2026-07-21 06:35:00+03:00,15,OK,12.444029850746269,Favorable,A;M;V,1
2026-07-21 06:40:00+03:00,15,OK,12.444029850746269,Favorable,A;M;V,1
2026-07-21 06:45:00+03:00,15,OK,12.444029850746269,Favorable,A;M;V,1
2026-07-21 06:50:00+03:00,15,OK,12.444029850746269,Favorable,A;M;V,1
2026-07-21 06:55:00+03:00,15,OK,12.444029850746269,Favorable,A;M;V,1
2026-07-21 07:00:00+03:00,15,OK,12.444029850746269,Favorable,A;M;V,1
2026-07-21 07:05:00+03:00,15,OK,12.444029850746269,Favorable,A;M;V,1
2026-07-21 07:10:00+03:00,15,OK,12.444029850746269,Favorable,A;M;V,1
2026-07-21 07:15:00+03:00,15,OK,12.444029850746269,Favorable,A;M;V,1
2026-07-21 07:20:00+03:00,15,OK,12.444029850746269,Favorable,A;M;V,1
2026-07-21 07:25:00+03:00,15,OK,12.444029850746269,Favorable,A;M;V,1
2026-07-21 07:30:00+03:00,15,OK,12.444029850746269,Favorable,A;M;V,1
2026-07-21 07:35:00+03:00,15,OK,12.444029850746269,Favorable,A;M;V,1
2026-07-21 07:40:00+03:00,15,OK,12.444029850746269,Favorable,A;M;V,1
2026-07-21 07:45:00+03:00,15,OK,12.444029850746269,Favorable,A;M;V,1
2026-07-21 07:50:00+03:00,15,OK,12.444029850746269,Favorable,A;M;V,1
2026-07-21 07:55:00+03:00,15,OK,12.444029850746269,Favorable,A;M;V,1
2026-07-21 08:00:00+03:00,15,OK,12.444029850746269,Favorable,A;M;V,1
2026-07-21 08:05:00+03:00,15,OK,12.444029850746269,Favorable,A;M;V,1
2026-07-21 08:10:00+03:00,15,OK,12.444029850746269,Favorable,A;M;V,1
2026-07-21 08:15:00+03:00,15,OK,12.444029850746269,Favorable,A;M;V,1
2026-07-21 08:20:00+03:00,15,OK,12.444029850746269,Favorable,A;M;V,1
2026-07-21 08:25:00+03:00,15,OK,12.444029850746269,Favorable,A;M;V,1
2026-07-21 08:30:00+03:00,15,OK,12.444029850746269,Favorable,A;M;V,1
2026-07-21 08:35:00+03:00,15,OK,12.444029850746269,Favorable,A;M;V,1
2026-07-21 08:40:00+03:00,15,PARTIAL,12.444029850746269,Favorable,A;M,1
2026-07-21 08:45:00+03:00,15,FAILED,,,,
2026-07-21 08:50:00+03:00,15,FAILED,,,,
2026-07-21 08:55:00+03:00,15,FAILED,,,,
2026-07-21 09:00:00+03:00,15,PARTIAL,12.444029850746269,Favorable,A;M,1
2026-07-21 09:05:00+03:00,15,PARTIAL,12.444029850746269,Favorable,A;M,1
2026-07-21 09:10:00+03:00,15,PARTIAL,12.444029850746269,Favorable,A;M,1
2026-07-21 09:15:00+03:00,15,OK,12.444029850746269,Favorable,A;M;V,1
2026-07-21 09:20:00+03:00,15,OK,12.444029850746269,Favorable,A;M;V,1
2026-07-21 09:25:00+03:00,15,OK,12.444029850746269,Favorable,A;M;V,1
2026-07-21 09:30:00+03:00,15,OK,12.444029850746269,Favorable,A;M;V,1
2026-07-21 09:35:00+03:00,15,OK,12.444029850746269,Favorable,A;M;V,1
2026-07-21 09:40:00+03:00,15,OK,12.444029850746269,Favorable,A;M;V,1
2026-07-21 09:45:00+03:00,15,OK,12.444029850746269,Favorable,A;M;V,1
2026-07-21 09:50:00+03:00,15,OK,12.444029850746269,Favorable,A;M;V,1
2026-07-21 09:55:00+03:00,15,OK,37.5,Acceptable,A;M;V,1
2026-07-21 10:00:00+03:00,15,OK,37.5,Acceptable,A;M;V,1
2026-07-21 10:05:00+03:00,15,OK,37.5,Acceptable,A;M;V,1
2026-07-21 10:10:00+03:00,15,OK,31.81397748903028,Acceptable,V,4
2026-07-21 10:15:00+03:00,15,OK,22.641005291005296,Favorable,V,4
2026-07-21 10:20:00+03:00,15,OK,17.428057312304183,Favorable,V,4
2026-07-21 10:25:00+03:00,15,OK,12.444029850746269,Favorable,A;M;V,1
2026-07-21 10:30:00+03:00,15,OK,12.444029850746269,Favorable,A;M;V,1
2026-07-21 10:35:00+03:00,15,OK,12.444029850746269,Favorable,A;M;V,1
2026-07-21 10:40:00+03:00,15,OK,87.39585698667007,Critical,V,2
2026-07-21 10:45:00+03:00,15,OK,87.53568251568544,Critical,A,1
2026-07-21 10:50:00+03:00,15,OK,87.38194878633458,Critical,A,1
2026-07-21 10:55:00+03:00,15,OK,70.61821521816121,Degraded,V,4
2026-07-21 11:00:00+03:00,15,OK,37.5,Acceptable,A;M;V,1
2026-07-21 11:05:00+03:00,15,OK,12.444029850746269,Favorable,A;M;V,1
2026-07-21 11:10:00+03:00,15,OK,12.444029850746269,Favorable,A;M;V,1
2026-07-21 11:15:00+03:00,15,OK,12.444029850746269,Favorable,A;M;V,1
2026-07-21 11:20:00+03:00,15,OK,12.444029850746269,Favorable,A;M;V,1
2026-07-21 11:25:00+03:00,15,OK,12.444029850746269,Favorable,A;M;V,1
2026-07-21 11:30:00+03:00,15,OK,12.444029850746269,Favorable,A;M;V,1
2026-07-21 11:35:00+03:00,15,OK,12.444029850746269,Favorable,A;M;V,1
2026-07-21 11:40:00+03:00,15,OK,12.444029850746269,Favorable,A;M;V,1
2026-07-21 11:45:00+03:00,15,OK,12.444029850746269,Favorable,A;M;V,1
2026-07-21 11:50:00+03:00,15,OK,12.444029850746269,Favorable,A;M;V,1
2026-07-21 11:55:00+03:00,15,OK,12.444029850746269,Favorable,A;M;V,1
2026-07-21 12:00:00+03:00,15,OK,12.444029850746269,Favorable,A;M;V,1
2026-07-21 12:05:00+03:00,15,OK,12.444029850746269,Favorable,A;M;V,1
2026-07-21 12:10:00+03:00,15,OK,12.444029850746269,Favorable,A;M;V,1
2026-07-21 12:15:00+03:00,15,OK,12.444029850746269,Favorable,A;M;V,1
2026-07-21 12:20:00+03:00,15,OK,12.444029850746269,Favorable,A;M;V,1
2026-07-21 12:25:00+03:00,15,OK,12.444029850746269,Favorable,A;M;V,1
2026-07-21 12:30:00+03:00,15,OK,12.444029850746269,Favorable,A;M;V,1
2026-07-21 12:35:00+03:00,15,OK,12.444029850746269,Favorable,A;M;V,1
2026-07-21 12:40:00+03:00,15,OK,12.444029850746269,Favorable,A;M;V,1
2026-07-21 12:45:00+03:00,15,OK,12.444029850746269,Favorable,A;M;V,1
2026-07-21 12:50:00+03:00,15,OK,12.444029850746269,Favorable,A;M;V,1
2026-07-21 12:55:00+03:00,15,OK,12.444029850746269,Favorable,A;M;V,1
2026-07-21 13:00:00+03:00,15,OK,12.444029850746269,Favorable,A;M;V,1
2026-07-21 13:05:00+03:00,15,OK,12.444029850746269,Favorable,A;M;V,1
2026-07-21 13:10:00+03:00,15,OK,12.444029850746269,Favorable,A;M;V,1
2026-07-21 13:15:00+03:00,15,OK,12.444029850746269,Favorable,A;M;V,1
2026-07-21 13:20:00+03:00,15,OK,12.444029850746269,Favorable,A;M;V,1
2026-07-21 13:25:00+03:00,15,OK,12.444029850746269,Favorable,A;M;V,1
2026-07-21 13:30:00+03:00,15,OK,12.444029850746269,Favorable,A;M;V,1
2026-07-21 13:35:00+03:00,15,OK,12.444029850746269,Favorable,A;M;V,1
2026-07-21 13:40:00+03:00,15,OK,12.444029850746269,Favorable,A;M;V,1
2026-07-21 13:45:00+03:00,15,OK,12.444029850746269,Favorable,A;M;V,1
2026-07-21 13:50:00+03:00,15,OK,12.444029850746269,Favorable,A;M;V,1
2026-07-21 13:55:00+03:00,15,OK,12.444029850746269,Favorable,A;M;V,1
2026-07-21 14:00:00+03:00,15,OK,12.444029850746269,Favorable,A;M;V,1
2026-07-21 14:05:00+03:00,15,OK,12.444029850746269,Favorable,A;M;V,1
2026-07-21 14:10:00+03:00,15,OK,12.444029850746269,Favorable,A;M;V,1
2026-07-21 14:15:00+03:00,15,OK,12.444029850746269,Favorable,A;M;V,1
2026-07-21 14:20:00+03:00,15,OK,12.444029850746269,Favorable,A;M;V,1
2026-07-21 14:25:00+03:00,15,OK,12.444029850746269,Favorable,A;M;V,1
2026-07-21 14:30:00+03:00,15,OK,12.444029850746269,Favorable,A;M;V,1
2026-07-21 14:35:00+03:00,15,OK,12.444029850746269,Favorable,A;M;V,1
2026-07-21 14:40:00+03:00,15,OK,12.444029850746269,Favorable,A;M;V,1
2026-07-21 14:45:00+03:00,15,OK,12.444029850746269,Favorable,A;M;V,1
2026-07-21 14:50:00+03:00,15,OK,12.444029850746269,Favorable,A;M;V,1
2026-07-21 14:55:00+03:00,15,OK,12.444029850746269,Favorable,A;M;V,1
2026-07-21 15:00:00+03:00,15,OK,12.444029850746269,Favorable,A;M;V,1
2026-07-21 15:05:00+03:00,15,OK,12.444029850746269,Favorable,A;M;V,1
2026-07-21 15:10:00+03:00,15,OK,12.444029850746269,Favorable,A;M;V,1
2026-07-21 15:15:00+03:00,15,OK,12.444029850746269,Favorable,A;M;V,1
2026-07-21 15:20:00+03:00,15,OK,12.444029850746269,Favorable,A;M;V,1
2026-07-21 15:25:00+03:00,15,OK,12.444029850746269,Favorable,A;M;V,1
2026-07-21 15:30:00+03:00,15,OK,12.444029850746269,Favorable,A;M;V,1
2026-07-21 15:35:00+03:00,15,OK,12.444029850746269,Favorable,A;M;V,1
2026-07-21 15:40:00+03:00,15,OK,12.444029850746269,Favorable,A;M;V,1
2026-07-21 15:45:00+03:00,15,OK,12.444029850746269,Favorable,A;M;V,1
2026-07-21 15:50:00+03:00,15,OK,12.444029850746269,Favorable,A;M;V,1
2026-07-21 15:55:00+03:00,15,OK,12.444029850746269,Favorable,A;M;V,1
2026-07-21 16:00:00+03:00,15,OK,12.444029850746269,Favorable,A;M;V,1
2026-07-21 16:05:00+03:00,15,OK,12.444029850746269,Favorable,A;M;V,1
2026-07-21 16:10:00+03:00,15,OK,12.444029850746269,Favorable,A;M;V,1
2026-07-21 16:15:00+03:00,15,OK,12.444029850746269,Favorable,A;M;V,1
2026-07-21 16:20:00+03:00,15,OK,13.884344111657656,Favorable,M,2
2026-07-21 16:25:00+03:00,15,OK,20.271289072795447,Favorable,M,2
2026-07-21 16:30:00+03:00,15,OK,26.67898402010725,Acceptable,M,2
2026-07-21 16:35:00+03:00,15,OK,31.197316817714828,Acceptable,M,2
2026-07-21 16:40:00+03:00,15,OK,35.01999614884079,Acceptable,M,2
2026-07-21 16:45:00+03:00,15,OK,36.709491850431355,Acceptable,M,2
2026-07-21 16:50:00+03:00,15,OK,37.21155960551716,Acceptable,M,2
2026-07-21 16:55:00+03:00,15,OK,35.535704554818786,Acceptable,M,2
2026-07-21 17:00:00+03:00,15,OK,35.33914240729148,Acceptable,M,2
2026-07-21 17:05:00+03:00,15,OK,35.60125314032766,Acceptable,M,2
2026-07-21 17:10:00+03:00,15,OK,34.91368751244797,Acceptable,M,2
2026-07-21 17:15:00+03:00,15,OK,32.16991234598524,Acceptable,M,2
2026-07-21 17:20:00+03:00,15,OK,29.22823057105004,Acceptable,M,2
2026-07-21 17:25:00+03:00,15,OK,26.55537676557403,Acceptable,M,2
2026-07-21 17:30:00+03:00,15,OK,26.201103656789513,Acceptable,M,2
2026-07-21 17:35:00+03:00,15,OK,26.761395643021704,Acceptable,M,2
2026-07-21 17:40:00+03:00,15,OK,30.359692538308995,Acceptable,M,2
2026-07-21 17:45:00+03:00,15,OK,34.995460128809334,Acceptable,M,2
2026-07-21 17:50:00+03:00,15,OK,40.85773747584362,Acceptable,M,2
2026-07-21 17:55:00+03:00,15,OK,45.04817372711818,Acceptable,M,2
2026-07-21 18:00:00+03:00,15,OK,47.12905980389242,Acceptable,M,2
2026-07-21 18:05:00+03:00,15,OK,48.97016418525271,Acceptable,M,2
2026-07-21 18:10:00+03:00,15,OK,52.19964609411558,Degraded,M,2
2026-07-21 18:15:00+03:00,15,OK,56.25739061884109,Degraded,M,2
2026-07-21 18:20:00+03:00,15,OK,60.5097737580567,Degraded,M,2
2026-07-21 18:25:00+03:00,15,OK,62.5,Degraded,A;M;V,1
2026-07-21 18:30:00+03:00,15,OK,62.5,Degraded,A;M;V,1
2026-07-21 18:35:00+03:00,15,OK,62.5,Degraded,A;M;V,1
2026-07-21 18:40:00+03:00,15,OK,61.768326153129934,Degraded,M,2
2026-07-21 18:45:00+03:00,15,OK,58.59622492080267,Degraded,M,2
2026-07-21 18:50:00+03:00,15,OK,59.20113651380995,Degraded,M,2
2026-07-21 18:55:00+03:00,15,OK,62.5,Degraded,A;M;V,1
2026-07-21 19:00:00+03:00,15,OK,62.5,Degraded,A;M;V,1
2026-07-21 19:05:00+03:00,15,OK,62.5,Degraded,A;M;V,1
2026-07-21 19:10:00+03:00,15,OK,62.5,Degraded,A;M;V,1
2026-07-21 19:15:00+03:00,15,OK,62.5,Degraded,A;M;V,1
2026-07-21 19:20:00+03:00,15,OK,62.5,Degraded,A;M;V,1
2026-07-21 19:25:00+03:00,15,OK,62.5,Degraded,A;M;V,1
2026-07-21 19:30:00+03:00,15,OK,62.5,Degraded,A;M;V,1
2026-07-21 19:35:00+03:00,15,OK,62.5,Degraded,A;M;V,1
2026-07-21 19:40:00+03:00,15,OK,62.5,Degraded,A;M;V,1
2026-07-21 19:45:00+03:00,15,OK,64.71816460741357,Degraded,M,2
2026-07-21 19:50:00+03:00,15,OK,67.21669149288272,Degraded,M,2
2026-07-21 19:55:00+03:00,15,OK,69.70595576509723,Degraded,M,2
2026-07-21 20:00:00+03:00,15,OK,73.16442925382943,Degraded,M,2
2026-07-21 20:05:00+03:00,15,OK,76.32465020576105,Critical,M,2
2026-07-21 20:10:00+03:00,15,OK,78.9042350329676,Critical,M,2
2026-07-21 20:15:00+03:00,15,OK,79.31640644300626,Critical,M,2
2026-07-21 20:20:00+03:00,15,OK,77.23905349794217,Critical,M,2
2026-07-21 20:25:00+03:00,15,OK,73.23860435697831,Degraded,M,2
2026-07-21 20:30:00+03:00,15,OK,68.31198471415051,Degraded,M,2
2026-07-21 20:35:00+03:00,15,OK,63.16712450553387,Degraded,M,2
2026-07-21 20:40:00+03:00,15,OK,62.5,Degraded,A;M;V,1
2026-07-21 20:45:00+03:00,15,OK,62.5,Degraded,A;M;V,1
2026-07-21 20:50:00+03:00,15,OK,62.5,Degraded,A;M;V,1
2026-07-21 20:55:00+03:00,15,OK,62.5,Degraded,A;M;V,1
2026-07-21 21:00:00+03:00,15,OK,62.499999999999986,Degraded,V,2
2026-07-21 21:05:00+03:00,15,OK,62.5,Degraded,A;M;V,1
2026-07-21 21:10:00+03:00,15,OK,62.5,Degraded,A;M;V,1
2026-07-21 21:15:00+03:00,15,OK,62.5,Degraded,A;M;V,1
2026-07-21 21:20:00+03:00,15,OK,60.88558191400413,Degraded,M,2
2026-07-21 21:25:00+03:00,15,OK,87.31550213005976,Critical,A,2
2026-07-21 21:30:00+03:00,15,OK,87.33528352835285,Critical,M,4
2026-07-21 21:35:00+03:00,15,OK,87.40611665747943,Critical,V,4
2026-07-21 21:40:00+03:00,15,OK,87.48924406915965,Critical,V,4
2026-07-21 21:45:00+03:00,15,OK,87.48391852596681,Critical,M,4
2026-07-21 21:50:00+03:00,15,OK,87.37015043547112,Critical,M,4
2026-07-21 21:55:00+03:00,15,OK,87.35729137787635,Critical,M,4
2026-07-21 22:00:00+03:00,15,OK,87.43728898622139,Critical,M,4
2026-07-21 22:05:00+03:00,15,OK,87.43363375800367,Critical,M,4
2026-07-21 22:10:00+03:00,15,OK,48.8963783843635,Acceptable,M,8
2026-07-21 22:15:00+03:00,15,OK,29.775472458690956,Acceptable,M,4
2026-07-21 22:20:00+03:00,15,OK,34.49781816847207,Acceptable,M,4
2026-07-21 22:25:00+03:00,15,OK,37.5,Acceptable,M,2
2026-07-21 22:30:00+03:00,15,OK,39.16914226216833,Acceptable,M,4
2026-07-21 22:35:00+03:00,15,OK,40.95505635993564,Acceptable,M,4
2026-07-21 22:40:00+03:00,15,OK,37.022965187241546,Acceptable,M,4
2026-07-21 22:45:00+03:00,15,OK,33.110826875952036,Acceptable,V,4
2026-07-21 22:50:00+03:00,15,OK,30.895688965649068,Acceptable,V,2
2026-07-21 22:55:00+03:00,15,OK,27.960510053463096,Acceptable,V,2
2026-07-21 23:00:00+03:00,15,OK,24.80825984714872,Favorable,V,2
2026-07-21 23:05:00+03:00,15,OK,23.81666666666666,Favorable,V,2
2026-07-21 23:10:00+03:00,15,OK,25.65282556900637,Acceptable,V,2
2026-07-21 23:15:00+03:00,15,OK,29.255146197728028,Acceptable,V,2
2026-07-21 23:20:00+03:00,15,OK,37.394011026681156,Acceptable,V,2
2026-07-21 23:25:00+03:00,15,OK,37.5,Acceptable,A;M;V,1
2026-07-21 23:30:00+03:00,15,OK,37.5,Acceptable,A;M;V,1
2026-07-21 23:35:00+03:00,15,OK,37.5,Acceptable,A;M;V,1
2026-07-21 23:40:00+03:00,15,OK,40.85052914734718,Acceptable,V,2
2026-07-21 23:45:00+03:00,15,OK,53.237584971995474,Degraded,V,2
2026-07-21 23:50:00+03:00,15,OK,53.03823501916423,Degraded,V,2
2026-07-21 23:55:00+03:00,15,OK,37.5,Acceptable,A;M;V,1
2026-07-22 00:00:00+03:00,15,OK,37.5,Acceptable,A;M;V,1
2026-07-22 00:05:00+03:00,15,OK,34.347210871300675,Acceptable,V,2
2026-07-22 00:10:00+03:00,15,OK,25.28234454441554,Acceptable,V,2
2026-07-22 00:15:00+03:00,15,OK,17.513502763602922,Favorable,V,2
2026-07-22 00:20:00+03:00,15,OK,12.444029850746269,Favorable,A;M;V,1
2026-07-22 00:25:00+03:00,15,OK,12.444029850746269,Favorable,A;M;V,1
2026-07-22 00:30:00+03:00,15,OK,12.444029850746269,Favorable,A;M;V,1
2026-07-22 00:35:00+03:00,15,OK,12.444029850746269,Favorable,A;M;V,1
2026-07-22 00:40:00+03:00,15,OK,12.444029850746269,Favorable,A;M;V,1
2026-07-22 00:45:00+03:00,15,OK,12.444029850746269,Favorable,A;M;V,1
2026-07-22 00:50:00+03:00,15,OK,12.444029850746269,Favorable,A;M;V,1
2026-07-22 00:55:00+03:00,15,OK,12.444029850746269,Favorable,A;M;V,1
2026-07-22 01:00:00+03:00,15,OK,12.444029850746269,Favorable,A;M;V,1
2026-07-22 01:05:00+03:00,15,OK,12.444029850746269,Favorable,A;M;V,1
2026-07-22 01:10:00+03:00,15,OK,12.444029850746269,Favorable,A;M;V,1
2026-07-22 01:15:00+03:00,15,OK,12.444029850746269,Favorable,A;M;V,1
2026-07-22 01:20:00+03:00,15,OK,12.444029850746269,Favorable,A;M;V,1
2026-07-22 01:25:00+03:00,15,OK,12.444029850746269,Favorable,A;M;V,1
2026-07-22 01:30:00+03:00,15,OK,12.444029850746269,Favorable,A;M;V,1
2026-07-22 01:35:00+03:00,15,OK,12.444029850746269,Favorable,A;M;V,1
2026-07-22 01:40:00+03:00,15,OK,12.444029850746269,Favorable,A;M;V,1
2026-07-22 01:45:00+03:00,15,OK,12.444029850746269,Favorable,A;M;V,1
2026-07-22 01:50:00+03:00,15,OK,12.444029850746269,Favorable,A;M;V,1
2026-07-22 01:55:00+03:00,15,OK,12.444029850746269,Favorable,A;M;V,1
2026-07-22 02:00:00+03:00,15,OK,12.444029850746269,Favorable,A;M;V,1
2026-07-22 02:05:00+03:00,15,OK,12.444029850746269,Favorable,A;M;V,1
2026-07-22 02:10:00+03:00,15,OK,12.444029850746269,Favorable,A;M;V,1
2026-07-22 02:15:00+03:00,15,OK,12.444029850746269,Favorable,A;M;V,1
2026-07-22 02:20:00+03:00,15,OK,12.444029850746269,Favorable,A;M;V,1
2026-07-22 02:25:00+03:00,15,OK,12.444029850746269,Favorable,A;M;V,1
2026-07-22 02:30:00+03:00,15,OK,12.444029850746269,Favorable,A;M;V,1
2026-07-22 02:35:00+03:00,15,OK,12.444029850746269,Favorable,A;M;V,1
2026-07-22 02:40:00+03:00,15,OK,12.444029850746269,Favorable,A;M;V,1
2026-07-22 02:45:00+03:00,15,OK,12.444029850746269,Favorable,A;M;V,1
2026-07-22 02:50:00+03:00,15,OK,12.444029850746269,Favorable,A;M;V,1
2026-07-22 02:55:00+03:00,15,OK,12.444029850746269,Favorable,A;M;V,1
2026-07-22 03:00:00+03:00,15,OK,12.444029850746269,Favorable,A;M;V,1
2026-07-22 03:05:00+03:00,15,OK,12.444029850746269,Favorable,A;M;V,1
2026-07-22 03:10:00+03:00,15,OK,12.444029850746269,Favorable,A;M;V,1
2026-07-22 03:15:00+03:00,15,OK,12.444029850746269,Favorable,A;M;V,1
2026-07-22 03:20:00+03:00,15,OK,12.444029850746269,Favorable,A;M;V,1
2026-07-22 03:25:00+03:00,15,OK,12.444029850746269,Favorable,A;M;V,1
2026-07-22 03:30:00+03:00,15,OK,12.444029850746269,Favorable,A;M;V,1
2026-07-22 03:35:00+03:00,15,OK,12.444029850746269,Favorable,A;M;V,1
2026-07-22 03:40:00+03:00,15,OK,12.444029850746269,Favorable,A;M;V,1
2026-07-22 03:45:00+03:00,15,OK,12.444029850746269,Favorable,A;M;V,1
2026-07-22 03:50:00+03:00,15,OK,12.444029850746269,Favorable,A;M;V,1
2026-07-22 03:55:00+03:00,15,OK,12.444029850746269,Favorable,A;M;V,1
2026-07-22 04:00:00+03:00,15,OK,12.444029850746269,Favorable,A;M;V,1
2026-07-22 04:05:00+03:00,15,OK,12.444029850746269,Favorable,A;M;V,1
2026-07-22 04:10:00+03:00,15,OK,12.444029850746269,Favorable,A;M;V,1
2026-07-22 04:15:00+03:00,15,OK,12.444029850746269,Favorable,A;M;V,1
2026-07-22 04:20:00+03:00,15,OK,12.444029850746269,Favorable,A;M;V,1
2026-07-22 04:25:00+03:00,15,OK,12.444029850746269,Favorable,A;M;V,1
2026-07-22 04:30:00+03:00,15,OK,12.444029850746269,Favorable,A;M;V,1
2026-07-22 04:35:00+03:00,15,OK,12.444029850746269,Favorable,A;M;V,1
2026-07-22 04:40:00+03:00,15,OK,12.444029850746269,Favorable,A;M;V,1
2026-07-22 04:45:00+03:00,15,OK,12.444029850746269,Favorable,A;M;V,1
2026-07-22 04:50:00+03:00,15,OK,12.444029850746269,Favorable,A;M;V,1
2026-07-22 04:55:00+03:00,15,OK,12.444029850746269,Favorable,A;M;V,1
2026-07-22 05:00:00+03:00,15,OK,12.444029850746269,Favorable,A;M;V,1
2026-07-22 05:05:00+03:00,15,OK,12.444029850746269,Favorable,A;M;V,1
2026-07-22 05:10:00+03:00,15,OK,12.444029850746269,Favorable,A;M;V,1
2026-07-22 05:15:00+03:00,15,OK,12.444029850746269,Favorable,A;M;V,1
2026-07-22 05:20:00+03:00,15,OK,12.444029850746269,Favorable,A;M;V,1
2026-07-22 05:25:00+03:00,15,OK,12.444029850746269,Favorable,A;M;V,1
2026-07-22 05:30:00+03:00,15,OK,12.444029850746269,Favorable,A;M;V,1
2026-07-22 05:35:00+03:00,15,OK,12.444029850746269,Favorable,A;M;V,1
2026-07-22 05:40:00+03:00,15,OK,12.444029850746269,Favorable,A;M;V,1
2026-07-22 05:45:00+03:00,15,OK,12.444029850746269,Favorable,A;M;V,1
2026-07-22 05:50:00+03:00,15,OK,12.444029850746269,Favorable,A;M;V,1
2026-07-22 05:55:00+03:00,15,OK,12.444029850746269,Favorable,A;M;V,1
2026-07-22 06:00:00+03:00,15,OK,12.444029850746269,Favorable,A;M;V,1
2026-07-22 06:05:00+03:00,15,OK,12.444029850746269,Favorable,A;M;V,1
2026-07-22 06:10:00+03:00,15,OK,12.444029850746269,Favorable,A;M;V,1
2026-07-22 06:15:00+03:00,15,OK,12.444029850746269,Favorable,A;M;V,1
2026-07-22 06:20:00+03:00,15,OK,12.444029850746269,Favorable,A;M;V,1
2026-07-22 06:25:00+03:00,15,OK,12.444029850746269,Favorable,A;M;V,1
2026-07-22 06:30:00+03:00,15,OK,12.444029850746269,Favorable,A;M;V,1
2026-07-22 06:35:00+03:00,15,OK,12.444029850746269,Favorable,A;M;V,1
2026-07-22 06:40:00+03:00,15,OK,12.444029850746269,Favorable,A;M;V,1
2026-07-22 06:45:00+03:00,15,OK,12.444029850746269,Favorable,A;M;V,1
2026-07-22 06:50:00+03:00,15,OK,13.500722181917228,Favorable,M,2
2026-07-22 06:55:00+03:00,15,OK,14.006335316534022,Favorable,M,2
2026-07-22 07:00:00+03:00,15,OK,15.241760149175809,Favorable,M,2
2026-07-22 07:05:00+03:00,15,OK,16.293005043582216,Favorable,M,2
2026-07-22 07:10:00+03:00,15,OK,16.541200354006858,Favorable,M,2
2026-07-22 07:15:00+03:00,15,OK,16.293005043582216,Favorable,M,2
2026-07-22 07:20:00+03:00,15,OK,16.35292296259595,Favorable,M,2
2026-07-22 07:25:00+03:00,15,OK,19.648372778140168,Favorable,M,2
2026-07-22 07:30:00+03:00,15,OK,23.42596707818892,Favorable,M,2
2026-07-22 07:35:00+03:00,15,OK,23.558971193415594,Favorable,M,2
2026-07-22 07:40:00+03:00,15,OK,16.90903913768362,Favorable,M,2
2026-07-22 07:45:00+03:00,15,OK,12.444029850746269,Favorable,A;M;V,1
2026-07-22 07:50:00+03:00,15,OK,19.721743566689188,Favorable,V,2
2026-07-22 07:55:00+03:00,15,OK,23.525720164609066,Favorable,V,2
2026-07-22 08:00:00+03:00,15,OK,22.01696155826932,Favorable,V,2
2026-07-22 08:05:00+03:00,15,OK,19.114202675405753,Favorable,V,2
2026-07-22 08:10:00+03:00,15,OK,15.955404655992247,Favorable,V,2
2026-07-22 08:15:00+03:00,15,OK,12.700015157866792,Favorable,V,2
2026-07-22 08:20:00+03:00,15,OK,12.444029850746269,Favorable,A;M;V,1
2026-07-22 08:25:00+03:00,15,OK,12.444029850746269,Favorable,A;M;V,1
2026-07-22 08:30:00+03:00,15,OK,12.444029850746269,Favorable,A;M;V,1
2026-07-22 08:35:00+03:00,15,OK,12.444029850746269,Favorable,A;M;V,1
2026-07-22 08:40:00+03:00,15,OK,12.444029850746269,Favorable,A;M;V,1
2026-07-22 08:45:00+03:00,15,OK,12.444029850746269,Favorable,A;M;V,1
2026-07-22 08:50:00+03:00,15,OK,12.444029850746269,Favorable,A;M;V,1
2026-07-22 08:55:00+03:00,15,OK,12.444029850746269,Favorable,A;M;V,1
2026-07-22 09:00:00+03:00,15,OK,12.444029850746269,Favorable,A;M;V,1
2026-07-22 09:05:00+03:00,15,OK,12.444029850746269,Favorable,A;M;V,1
2026-07-22 09:10:00+03:00,15,OK,12.444029850746269,Favorable,A;M;V,1
2026-07-22 09:15:00+03:00,15,OK,12.444029850746269,Favorable,A;M;V,1
2026-07-22 09:20:00+03:00,15,OK,12.444029850746269,Favorable,A;M;V,1
2026-07-22 09:25:00+03:00,15,OK,12.444029850746269,Favorable,A;M;V,1
2026-07-22 09:30:00+03:00,15,OK,12.444029850746269,Favorable,A;M;V,1
2026-07-22 09:35:00+03:00,15,OK,12.444029850746269,Favorable,A;M;V,1
2026-07-22 09:40:00+03:00,15,OK,12.444029850746269,Favorable,A;M;V,1
2026-07-22 09:45:00+03:00,15,OK,12.444029850746269,Favorable,A;M;V,1
2026-07-22 09:50:00+03:00,15,OK,12.444029850746269,Favorable,A;M;V,1
2026-07-22 09:55:00+03:00,15,OK,12.444029850746269,Favorable,A;M;V,1
2026-07-22 10:00:00+03:00,15,OK,12.444029850746269,Favorable,A;M;V,1
2026-07-22 10:05:00+03:00,15,OK,12.444029850746269,Favorable,A;M;V,1
2026-07-22 10:10:00+03:00,15,OK,12.444029850746269,Favorable,A;M;V,1
2026-07-22 10:15:00+03:00,15,OK,12.444029850746269,Favorable,A;M;V,1
2026-07-22 10:20:00+03:00,15,OK,12.444029850746269,Favorable,A;M;V,1
2026-07-22 10:25:00+03:00,15,OK,12.444029850746269,Favorable,A;M;V,1
2026-07-22 10:30:00+03:00,15,OK,12.444029850746269,Favorable,A;M;V,1
2026-07-22 10:35:00+03:00,15,OK,12.444029850746269,Favorable,A;M;V,1
2026-07-22 10:40:00+03:00,15,OK,12.444029850746269,Favorable,A;M;V,1
2026-07-22 10:45:00+03:00,15,OK,12.444029850746269,Favorable,A;M;V,1
2026-07-22 10:50:00+03:00,15,OK,12.444029850746269,Favorable,A;M;V,1
2026-07-22 10:55:00+03:00,15,OK,12.444029850746269,Favorable,A;M;V,1
2026-07-22 11:00:00+03:00,15,OK,12.444029850746269,Favorable,A;M;V,1
2026-07-22 11:05:00+03:00,15,OK,12.444029850746269,Favorable,A;M;V,1
2026-07-22 11:10:00+03:00,15,OK,12.444029850746269,Favorable,A;M;V,1
2026-07-22 11:15:00+03:00,15,OK,12.444029850746269,Favorable,A;M;V,1
2026-07-22 11:20:00+03:00,15,OK,12.444029850746269,Favorable,A;M;V,1
2026-07-22 11:25:00+03:00,15,OK,20.27970478063653,Favorable,M,2
2026-07-22 11:30:00+03:00,15,OK,26.61305863092385,Acceptable,M,2
2026-07-22 11:35:00+03:00,15,OK,31.23018783763685,Acceptable,M,2
2026-07-22 11:40:00+03:00,15,OK,33.90614092658332,Acceptable,M,2
2026-07-22 11:45:00+03:00,15,OK,34.46432599177405,Acceptable,M,2
2026-07-22 11:50:00+03:00,15,OK,32.521481091741556,Acceptable,M,4
2026-07-22 11:55:00+03:00,15,OK,29.134909469002245,Acceptable,V,4
2026-07-22 12:00:00+03:00,15,OK,28.515975860238484,Acceptable,M,2
2026-07-22 12:05:00+03:00,15,OK,32.022833100182346,Acceptable,M,2
2026-07-22 12:10:00+03:00,15,OK,35.79798256811212,Acceptable,M,2
2026-07-22 12:15:00+03:00,15,OK,39.89081082155161,Acceptable,M,2
2026-07-22 12:20:00+03:00,15,OK,42.46727587058534,Acceptable,M,2
2026-07-22 12:25:00+03:00,15,OK,46.768281707656456,Acceptable,M,2
2026-07-22 12:30:00+03:00,15,OK,49.99183003866034,Acceptable,M,2
2026-07-22 12:35:00+03:00,15,OK,51.95414065233944,Degraded,M,2
2026-07-22 12:40:00+03:00,15,OK,52.26512234931645,Degraded,M,2
2026-07-22 12:45:00+03:00,15,OK,54.407870588852155,Degraded,M,2
2026-07-22 12:50:00+03:00,15,OK,55.5377799655429,Degraded,M,2
2026-07-22 12:55:00+03:00,15,OK,56.748425915270424,Degraded,M,2
2026-07-22 13:00:00+03:00,15,OK,56.91509480504524,Degraded,M,2
2026-07-22 13:05:00+03:00,15,OK,60.109189178448204,Degraded,M,2
2026-07-22 13:10:00+03:00,15,OK,62.5,Degraded,A;M;V,1
2026-07-22 13:15:00+03:00,15,OK,62.5,Degraded,A;M;V,1
2026-07-22 13:20:00+03:00,15,OK,61.71678802010384,Degraded,M,2
2026-07-22 13:25:00+03:00,15,OK,58.47877008346786,Degraded,M,2
2026-07-22 13:30:00+03:00,15,OK,55.661677825915454,Degraded,M,2
2026-07-22 13:35:00+03:00,15,OK,52.02778722624858,Degraded,M,2
2026-07-22 13:40:00+03:00,15,OK,48.38948604166755,Acceptable,M,2
2026-07-22 13:45:00+03:00,15,OK,46.00374730580506,Acceptable,M,2
2026-07-22 13:50:00+03:00,15,OK,45.08116084604027,Acceptable,M,2
2026-07-22 13:55:00+03:00,15,OK,44.84194539842494,Acceptable,M,2
2026-07-22 14:00:00+03:00,15,OK,44.156539095379756,Acceptable,M,2
2026-07-22 14:05:00+03:00,15,OK,42.58424006979572,Acceptable,M,2
2026-07-22 14:10:00+03:00,15,OK,41.420557663751914,Acceptable,M,2
2026-07-22 14:15:00+03:00,15,OK,41.19389927867577,Acceptable,M,2
2026-07-22 14:20:00+03:00,15,OK,41.86489293308935,Acceptable,M,2
2026-07-22 14:25:00+03:00,15,OK,41.873269154688025,Acceptable,M,2
2026-07-22 14:30:00+03:00,15,OK,40.54520450127614,Acceptable,M,2
2026-07-22 14:35:00+03:00,15,OK,38.87486716259302,Acceptable,M,2
2026-07-22 14:40:00+03:00,15,OK,38.36049218490202,Acceptable,M,2
2026-07-22 14:45:00+03:00,15,OK,37.491755109931944,Acceptable,M,2
2026-07-22 14:50:00+03:00,15,OK,37.104493124400605,Acceptable,M,2
2026-07-22 14:55:00+03:00,15,OK,36.41357211308105,Acceptable,M,2
2026-07-22 15:00:00+03:00,15,OK,36.39714044240979,Acceptable,M,2
2026-07-22 15:05:00+03:00,15,OK,36.70949185043171,Acceptable,M,2
2026-07-22 15:10:00+03:00,15,OK,36.56971662694891,Acceptable,M,2
2026-07-22 15:15:00+03:00,15,OK,35.48655226260854,Acceptable,M,2
2026-07-22 15:20:00+03:00,15,OK,33.68461079630197,Acceptable,M,2
2026-07-22 15:25:00+03:00,15,OK,31.736996006400545,Acceptable,M,2
2026-07-22 15:30:00+03:00,15,OK,28.712378284625117,Acceptable,M,2
2026-07-22 15:35:00+03:00,15,OK,25.476392341504813,Acceptable,M,2
2026-07-22 15:40:00+03:00,15,OK,22.195679012345213,Favorable,M,2
2026-07-22 15:45:00+03:00,15,OK,21.81884630580839,Favorable,M,2
2026-07-22 15:50:00+03:00,15,OK,21.61709736051822,Favorable,M,2
2026-07-22 15:55:00+03:00,15,OK,21.23873212997795,Favorable,M,2
2026-07-22 16:00:00+03:00,15,OK,19.505227471205476,Favorable,M,2
2026-07-22 16:05:00+03:00,15,OK,16.583983039933216,Favorable,M,2
2026-07-22 16:10:00+03:00,15,OK,12.487745219972433,Favorable,M,2
2026-07-22 16:15:00+03:00,15,OK,12.444029850746269,Favorable,A;M;V,1
2026-07-22 16:20:00+03:00,15,OK,12.444029850746269,Favorable,A;M;V,1
2026-07-22 16:25:00+03:00,15,OK,12.444029850746269,Favorable,A;M;V,1
2026-07-22 16:30:00+03:00,15,OK,12.444029850746269,Favorable,A;M;V,1
2026-07-22 16:35:00+03:00,15,OK,12.444029850746269,Favorable,A;M;V,1
2026-07-22 16:40:00+03:00,15,OK,12.444029850746269,Favorable,A;M;V,1
2026-07-22 16:45:00+03:00,15,OK,12.444029850746269,Favorable,A;M;V,1
2026-07-22 16:50:00+03:00,15,OK,12.444029850746269,Favorable,A;M;V,1
2026-07-22 16:55:00+03:00,15,OK,12.444029850746269,Favorable,A;M;V,1
2026-07-22 17:00:00+03:00,15,OK,12.444029850746269,Favorable,A;M;V,1
2026-07-22 17:05:00+03:00,15,OK,12.444029850746269,Favorable,A;M;V,1
2026-07-22 17:10:00+03:00,15,OK,12.444029850746269,Favorable,A;M;V,1
2026-07-22 17:15:00+03:00,15,OK,12.444029850746269,Favorable,A;M;V,1
2026-07-22 17:20:00+03:00,15,OK,16.27360186305961,Favorable,M,2
2026-07-22 17:25:00+03:00,15,OK,22.17766803840881,Favorable,M,2
2026-07-22 17:30:00+03:00,15,OK,26.76249450134114,Acceptable,M,2
2026-07-22 17:35:00+03:00,15,OK,12.444029850746269,Favorable,A;M;V,1
2026-07-22 17:40:00+03:00,15,OK,26.933790845025708,Acceptable,M,2
2026-07-22 17:45:00+03:00,15,OK,29.168162221418378,Acceptable,M,2
2026-07-22 17:50:00+03:00,15,OK,31.988794465673337,Acceptable,M,2
2026-07-22 17:55:00+03:00,15,OK,33.92041708557372,Acceptable,M,2
2026-07-22 18:00:00+03:00,15,OK,33.41041358341108,Acceptable,M,2
2026-07-22 18:05:00+03:00,15,OK,35.27365510919346,Acceptable,M,2
2026-07-22 18:10:00+03:00,15,OK,35.244345545204226,Acceptable,M,2
2026-07-22 18:15:00+03:00,15,OK,38.139763462655075,Acceptable,M,2
2026-07-22 18:20:00+03:00,15,OK,41.835454443169574,Acceptable,M,2
2026-07-22 18:25:00+03:00,15,OK,44.12347916297332,Acceptable,M,2
2026-07-22 18:30:00+03:00,15,OK,47.096304536308494,Acceptable,M,2
2026-07-22 18:35:00+03:00,15,OK,50.38404591554916,Degraded,M,2
2026-07-22 18:40:00+03:00,15,OK,53.73302945163747,Degraded,M,2
2026-07-22 18:45:00+03:00,15,OK,57.37400006583954,Degraded,M,2
2026-07-22 18:50:00+03:00,15,OK,60.74264966548338,Degraded,M,2
2026-07-22 18:55:00+03:00,15,OK,62.5,Degraded,A;M;V,1
2026-07-22 19:00:00+03:00,15,OK,62.5,Degraded,A;M;V,1
2026-07-22 19:05:00+03:00,15,OK,62.5,Degraded,A;M;V,1
2026-07-22 19:10:00+03:00,15,OK,62.5,Degraded,A;M;V,1
2026-07-22 19:15:00+03:00,15,OK,62.5,Degraded,A;M;V,1
2026-07-22 19:20:00+03:00,15,OK,62.5,Degraded,A;M;V,1
2026-07-22 19:25:00+03:00,15,OK,62.5,Degraded,A;M;V,1
2026-07-22 19:30:00+03:00,15,OK,62.5,Degraded,A;M;V,1
2026-07-22 19:35:00+03:00,15,OK,62.5,Degraded,A;M;V,1
2026-07-22 19:40:00+03:00,15,OK,62.5,Degraded,A;M;V,1
2026-07-22 19:45:00+03:00,15,OK,62.5,Degraded,A;M;V,1
2026-07-22 19:50:00+03:00,15,OK,62.5,Degraded,A;M;V,1
2026-07-22 19:55:00+03:00,15,OK,62.5,Degraded,A;M;V,1
2026-07-22 20:00:00+03:00,15,OK,62.5,Degraded,A;M;V,1
2026-07-22 20:05:00+03:00,15,OK,62.5,Degraded,A;M;V,1
2026-07-22 20:10:00+03:00,15,OK,62.5,Degraded,A;M;V,1
2026-07-22 20:15:00+03:00,15,OK,62.5,Degraded,A;M;V,1
2026-07-22 20:20:00+03:00,15,OK,62.5,Degraded,A;M;V,1
2026-07-22 20:25:00+03:00,15,OK,62.5,Degraded,A;M;V,1
2026-07-22 20:30:00+03:00,15,OK,62.5,Degraded,A;M;V,1
2026-07-22 20:35:00+03:00,15,OK,62.5,Degraded,A;M;V,1
2026-07-22 20:40:00+03:00,15,OK,60.024071014459516,Degraded,M,2
2026-07-22 20:45:00+03:00,15,OK,54.688001993220404,Degraded,M,2
2026-07-22 20:50:00+03:00,15,OK,50.26963692162887,Degraded,M,2
2026-07-22 20:55:00+03:00,15,OK,45.83537861613145,Acceptable,M,2
2026-07-22 21:00:00+03:00,15,OK,40.92401371534224,Acceptable,M,2
2026-07-22 21:05:00+03:00,15,OK,31.51367769480639,Acceptable,M,2
2026-07-22 21:10:00+03:00,15,OK,27.93560116728504,Acceptable,M,2
2026-07-22 21:15:00+03:00,15,OK,23.168271604938194,Favorable,M,2
2026-07-22 21:20:00+03:00,15,OK,18.779214453605523,Favorable,M,2
2026-07-22 21:25:00+03:00,15,OK,16.480444084770212,Favorable,M,2
2026-07-22 21:30:00+03:00,15,OK,14.74583362072118,Favorable,M,2
2026-07-22 21:35:00+03:00,15,OK,14.441741372064248,Favorable,M,2
2026-07-22 21:40:00+03:00,15,OK,16.20739840325565,Favorable,M,2
2026-07-22 21:45:00+03:00,15,OK,17.020205096210262,Favorable,M,2
2026-07-22 21:50:00+03:00,15,OK,17.41340838814232,Favorable,M,2
2026-07-22 21:55:00+03:00,15,OK,17.225384432584736,Favorable,M,2
2026-07-22 22:00:00+03:00,15,OK,16.72942303945978,Favorable,M,2
2026-07-22 22:05:00+03:00,15,OK,15.967639625352854,Favorable,M,2
2026-07-22 22:10:00+03:00,15,OK,15.207007085445372,Favorable,M,2
2026-07-22 22:15:00+03:00,15,OK,14.624483043838318,Favorable,M,2
2026-07-22 22:20:00+03:00,15,OK,14.215384182530169,Favorable,M,2
2026-07-22 22:25:00+03:00,15,OK,13.727448408794709,Favorable,M,2
2026-07-22 22:30:00+03:00,15,OK,13.090573441777387,Favorable,M,2
2026-07-22 22:35:00+03:00,15,OK,12.444029850746269,Favorable,A;M;V,1
2026-07-22 22:40:00+03:00,15,OK,12.444029850746269,Favorable,A;M;V,1
2026-07-22 22:45:00+03:00,15,OK,16.51797428403616,Favorable,V,2
2026-07-22 22:50:00+03:00,15,OK,20.899910011645552,Favorable,V,2
2026-07-22 22:55:00+03:00,15,OK,24.826072898295124,Favorable,V,2
2026-07-22 23:00:00+03:00,15,OK,26.959205692918434,Acceptable,V,4
2026-07-22 23:05:00+03:00,15,OK,62.50000000000002,Degraded,V,2
2026-07-22 23:10:00+03:00,15,OK,73.76514156537868,Degraded,A,4
2026-07-22 23:15:00+03:00,15,OK,87.3436619722521,Critical,A,2
2026-07-22 23:20:00+03:00,15,OK,87.4532668540664,Critical,A,2
2026-07-22 23:25:00+03:00,15,OK,87.39599685455309,Critical,A,1
2026-07-22 23:30:00+03:00,15,OK,87.48604972725673,Critical,A,1
2026-07-22 23:35:00+03:00,15,OK,87.51800543863493,Critical,A,1
2026-07-22 23:40:00+03:00,15,OK,87.53182235651774,Critical,A,1
2026-07-22 23:45:00+03:00,15,OK,87.49448689812,Critical,M,2
2026-07-22 23:50:00+03:00,15,OK,87.43294595093157,Critical,M,2
2026-07-22 23:55:00+03:00,15,OK,87.3800719266458,Critical,V,4
2026-07-23 00:00:00+03:00,15,OK,87.38076769629731,Critical,M,4
2026-07-23 00:05:00+03:00,15,OK,87.35060549124101,Critical,A,4
2026-07-23 00:10:00+03:00,15,OK,87.37526474802218,Critical,M,4
2026-07-23 00:15:00+03:00,15,OK,87.3762252046538,Critical,M,4
2026-07-23 00:20:00+03:00,15,OK,87.3228925144272,Critical,V,4
2026-07-23 00:25:00+03:00,15,OK,87.36183570177145,Critical,V,4
2026-07-23 00:30:00+03:00,15,OK,87.34306569343067,Critical,V,4
2026-07-23 00:35:00+03:00,15,OK,87.33632286995513,Critical,V,4
2026-07-23 00:40:00+03:00,15,OK,87.32703328190433,Critical,V,4
2026-07-23 00:45:00+03:00,15,OK,82.2050068455624,Critical,V,8
2026-07-23 00:50:00+03:00,15,OK,69.24799576918645,Degraded,V,8
2026-07-23 00:55:00+03:00,15,OK,62.49999999999998,Degraded,A,4
2026-07-23 01:00:00+03:00,15,OK,62.5,Degraded,V,4
2026-07-23 01:05:00+03:00,15,OK,62.5,Degraded,V,4
2026-07-23 01:10:00+03:00,15,OK,62.5,Degraded,V,4
2026-07-23 01:15:00+03:00,15,OK,62.5,Degraded,A;M;V,1
2026-07-23 01:20:00+03:00,15,OK,62.5,Degraded,A;M;V,1
2026-07-23 01:25:00+03:00,15,OK,52.0549410492396,Degraded,A,2
2026-07-23 01:30:00+03:00,15,OK,37.92301107319613,Acceptable,A,2
2026-07-23 01:35:00+03:00,15,OK,37.5,Acceptable,A;M;V,1
2026-07-23 01:40:00+03:00,15,OK,37.50000000000001,Acceptable,V,2
2026-07-23 01:45:00+03:00,15,OK,30.791776474315082,Acceptable,A,2
2026-07-23 01:50:00+03:00,15,OK,23.111597677317167,Favorable,A,2
2026-07-23 01:55:00+03:00,15,OK,15.583965876312126,Favorable,A,2
2026-07-23 02:00:00+03:00,15,OK,12.444029850746269,Favorable,A;M;V,1
2026-07-23 02:05:00+03:00,15,OK,12.444029850746269,Favorable,A;M;V,1
2026-07-23 02:10:00+03:00,15,OK,12.444029850746269,Favorable,A;M;V,1
2026-07-23 02:15:00+03:00,15,OK,13.45461515525836,Favorable,V,2
2026-07-23 02:20:00+03:00,15,OK,13.846993081426291,Favorable,V,2
2026-07-23 02:25:00+03:00,15,OK,14.270118611089432,Favorable,V,2
2026-07-23 02:30:00+03:00,15,OK,15.400596186765817,Favorable,V,2
2026-07-23 02:35:00+03:00,15,OK,16.38960466811514,Favorable,V,2
2026-07-23 02:40:00+03:00,15,OK,16.32235328811559,Favorable,V,2
2026-07-23 02:45:00+03:00,15,OK,15.450220635628918,Favorable,V,2
2026-07-23 02:50:00+03:00,15,OK,14.779815700868332,Favorable,V,2
2026-07-23 02:55:00+03:00,15,OK,15.164803229013875,Favorable,V,2
2026-07-23 03:00:00+03:00,15,OK,16.646318467101104,Favorable,V,2
2026-07-23 03:05:00+03:00,15,OK,17.824672983526046,Favorable,V,2
2026-07-23 03:10:00+03:00,15,OK,17.95275842406735,Favorable,V,2
2026-07-23 03:15:00+03:00,15,OK,16.97622963576044,Favorable,V,2
2026-07-23 03:20:00+03:00,15,OK,15.863635022715188,Favorable,V,2
2026-07-23 03:25:00+03:00,15,OK,14.382054118709402,Favorable,V,2
2026-07-23 03:30:00+03:00,15,OK,12.693773388280977,Favorable,V,2
2026-07-23 03:35:00+03:00,15,OK,12.444029850746269,Favorable,A;M;V,1
2026-07-23 03:40:00+03:00,15,OK,12.444029850746269,Favorable,A;M;V,1
2026-07-23 03:45:00+03:00,15,OK,12.444029850746269,Favorable,A;M;V,1
2026-07-23 03:50:00+03:00,15,OK,12.444029850746269,Favorable,A;M;V,1
2026-07-23 03:55:00+03:00,15,OK,12.444029850746269,Favorable,A;M;V,1
2026-07-23 04:00:00+03:00,15,OK,12.444029850746269,Favorable,A;M;V,1
2026-07-23 04:05:00+03:00,15,OK,12.444029850746269,Favorable,A;M;V,1
2026-07-23 04:10:00+03:00,15,OK,12.444029850746269,Favorable,A;M;V,1
2026-07-23 04:15:00+03:00,15,OK,12.444029850746269,Favorable,A;M;V,1
2026-07-23 04:20:00+03:00,15,OK,12.444029850746269,Favorable,A;M;V,1
2026-07-23 04:25:00+03:00,15,OK,12.444029850746269,Favorable,A;M;V,1
2026-07-23 04:30:00+03:00,15,OK,12.444029850746269,Favorable,A;M;V,1
2026-07-23 04:35:00+03:00,15,OK,12.444029850746269,Favorable,A;M;V,1
2026-07-23 04:40:00+03:00,15,OK,12.444029850746269,Favorable,A;M;V,1
2026-07-23 04:45:00+03:00,15,OK,12.444029850746269,Favorable,A;M;V,1
2026-07-23 04:50:00+03:00,15,OK,12.444029850746269,Favorable,A;M;V,1
2026-07-23 04:55:00+03:00,15,OK,12.444029850746269,Favorable,A;M;V,1
2026-07-23 05:00:00+03:00,15,OK,12.444029850746269,Favorable,A;M;V,1
2026-07-23 05:05:00+03:00,15,OK,12.444029850746269,Favorable,A;M;V,1
2026-07-23 05:10:00+03:00,15,OK,12.444029850746269,Favorable,A;M;V,1
2026-07-23 05:15:00+03:00,15,OK,12.444029850746269,Favorable,A;M;V,1
2026-07-23 05:20:00+03:00,15,OK,12.444029850746269,Favorable,A;M;V,1
2026-07-23 05:25:00+03:00,15,OK,12.444029850746269,Favorable,A;M;V,1
2026-07-23 05:30:00+03:00,15,OK,12.444029850746269,Favorable,A;M;V,1
2026-07-23 05:35:00+03:00,15,OK,12.444029850746269,Favorable,A;M;V,1
2026-07-23 05:40:00+03:00,15,OK,12.444029850746269,Favorable,A;M;V,1
2026-07-23 05:45:00+03:00,15,OK,12.444029850746269,Favorable,A;M;V,1
2026-07-23 05:50:00+03:00,15,OK,12.444029850746269,Favorable,A;M;V,1
2026-07-23 05:55:00+03:00,15,OK,12.444029850746269,Favorable,A;M;V,1
2026-07-23 06:00:00+03:00,15,OK,12.444029850746269,Favorable,A;M;V,1
2026-07-23 06:05:00+03:00,15,OK,12.444029850746269,Favorable,A;M;V,1
2026-07-23 06:10:00+03:00,15,OK,12.444029850746269,Favorable,A;M;V,1
2026-07-23 06:15:00+03:00,15,OK,12.444029850746269,Favorable,A;M;V,1
2026-07-23 06:20:00+03:00,15,OK,12.444029850746269,Favorable,A;M;V,1
2026-07-23 06:25:00+03:00,15,OK,12.444029850746269,Favorable,A;M;V,1
2026-07-23 06:30:00+03:00,15,OK,12.444029850746269,Favorable,A;M;V,1
2026-07-23 06:35:00+03:00,15,OK,12.874748701773823,Favorable,V,2
2026-07-23 06:40:00+03:00,15,OK,13.024464994708529,Favorable,V,4
2026-07-23 06:45:00+03:00,15,OK,13.4919996024647,Favorable,V,4
2026-07-23 06:50:00+03:00,15,OK,14.475311881024286,Favorable,V,4
2026-07-23 06:55:00+03:00,15,OK,15.82692353078619,Favorable,V,4
2026-07-23 07:00:00+03:00,15,OK,17.25713256840831,Favorable,V,4
2026-07-23 07:05:00+03:00,15,OK,17.568426026967874,Favorable,V,4
2026-07-23 07:10:00+03:00,15,OK,16.860168941943297,Favorable,V,4
2026-07-23 07:15:00+03:00,15,OK,15.863635022715188,Favorable,V,4
2026-07-23 07:20:00+03:00,15,OK,16.548534729413195,Favorable,V,4
2026-07-23 07:25:00+03:00,15,OK,17.855171816568767,Favorable,V,4
2026-07-23 07:30:00+03:00,15,OK,17.7026632761997,Favorable,V,4
2026-07-23 07:35:00+03:00,15,OK,16.823513874903007,Favorable,V,4
2026-07-23 07:40:00+03:00,15,OK,16.32724453296116,Favorable,M,4
2026-07-23 07:45:00+03:00,15,OK,16.35292296259595,Favorable,M,4
2026-07-23 07:50:00+03:00,15,OK,16.335804122588005,Favorable,M,4
2026-07-23 07:55:00+03:00,15,OK,16.327244532960975,Favorable,M,4
2026-07-23 08:00:00+03:00,15,OK,16.08753010277034,Favorable,M,4
2026-07-23 08:05:00+03:00,15,OK,15.822028508083248,Favorable,M,4
2026-07-23 08:10:00+03:00,15,OK,15.250447984236143,Favorable,M,4
2026-07-23 08:15:00+03:00,15,OK,14.659282344456608,Favorable,M,2
2026-07-23 08:20:00+03:00,15,OK,13.927916294162024,Favorable,M,2
2026-07-23 08:25:00+03:00,15,OK,13.273878754742606,Favorable,M,2
2026-07-23 08:30:00+03:00,15,OK,12.618865234116146,Favorable,M,2
2026-07-23 08:35:00+03:00,15,OK,12.444029850746269,Favorable,A;M;V,1
2026-07-23 08:40:00+03:00,15,OK,12.444029850746269,Favorable,A;M;V,1
2026-07-23 08:45:00+03:00,15,OK,12.444029850746269,Favorable,A;M;V,1
2026-07-23 08:50:00+03:00,15,OK,12.444029850746269,Favorable,A;M;V,1
2026-07-23 08:55:00+03:00,15,OK,12.444029850746269,Favorable,A;M;V,1
2026-07-23 09:00:00+03:00,15,OK,12.444029850746269,Favorable,A;M;V,1
2026-07-23 09:05:00+03:00,15,OK,12.444029850746269,Favorable,A;M;V,1
2026-07-23 09:10:00+03:00,15,OK,12.444029850746269,Favorable,A;M;V,1
2026-07-23 09:15:00+03:00,15,OK,12.444029850746269,Favorable,A;M;V,1
2026-07-23 09:20:00+03:00,15,OK,12.444029850746269,Favorable,A;M;V,1
2026-07-23 09:25:00+03:00,15,OK,12.444029850746269,Favorable,A;M;V,1
2026-07-23 09:30:00+03:00,15,OK,12.444029850746269,Favorable,A;M;V,1
2026-07-23 09:35:00+03:00,15,OK,12.444029850746269,Favorable,A;M;V,1
2026-07-23 09:40:00+03:00,15,OK,12.444029850746269,Favorable,A;M;V,1
2026-07-23 09:45:00+03:00,15,OK,12.444029850746269,Favorable,A;M;V,1
2026-07-23 09:50:00+03:00,15,OK,12.444029850746269,Favorable,A;M;V,1
2026-07-23 09:55:00+03:00,15,OK,12.444029850746269,Favorable,A;M;V,1
2026-07-23 10:00:00+03:00,15,OK,12.444029850746269,Favorable,A;M;V,1
2026-07-23 10:05:00+03:00,15,OK,12.444029850746269,Favorable,A;M;V,1
2026-07-23 10:10:00+03:00,15,OK,12.444029850746269,Favorable,A;M;V,1
2026-07-23 10:15:00+03:00,15,OK,37.5,Acceptable,A;M;V,1
2026-07-23 10:20:00+03:00,15,OK,62.5,Degraded,A;M;V,1
2026-07-23 10:25:00+03:00,15,OK,62.5,Degraded,A;M;V,1
2026-07-23 10:30:00+03:00,15,OK,62.5,Degraded,A;M;V,1
2026-07-23 10:35:00+03:00,15,OK,62.5,Degraded,A;M;V,1
2026-07-23 10:40:00+03:00,15,OK,62.5,Degraded,A;M;V,1
2026-07-23 10:45:00+03:00,15,OK,62.5,Degraded,A;M;V,1
2026-07-23 10:50:00+03:00,15,OK,62.5,Degraded,A;M;V,1
2026-07-23 10:55:00+03:00,15,OK,62.5,Degraded,A;M;V,1
2026-07-23 11:00:00+03:00,15,OK,62.5,Degraded,A;M;V,1
2026-07-23 11:05:00+03:00,15,OK,62.5,Degraded,A;M;V,1
2026-07-23 11:10:00+03:00,15,OK,62.5,Degraded,A;M;V,1
2026-07-23 11:15:00+03:00,15,OK,62.5,Degraded,A;M;V,1
2026-07-23 11:20:00+03:00,15,OK,62.5,Degraded,A;M;V,1
2026-07-23 11:25:00+03:00,15,OK,62.5,Degraded,A;M;V,1
2026-07-23 11:30:00+03:00,15,OK,62.5,Degraded,A;M;V,1
2026-07-23 11:35:00+03:00,15,OK,62.5,Degraded,A;M;V,1
2026-07-23 11:40:00+03:00,15,OK,62.5,Degraded,A;M;V,1
2026-07-23 11:45:00+03:00,15,OK,62.5,Degraded,A;M;V,1
2026-07-23 11:50:00+03:00,15,OK,62.5,Degraded,A;M;V,1
2026-07-23 11:55:00+03:00,15,OK,62.5,Degraded,A;M;V,1
2026-07-23 12:00:00+03:00,15,OK,62.5,Degraded,A,2
2026-07-23 12:05:00+03:00,15,OK,62.50000000000001,Degraded,A,2
2026-07-23 12:10:00+03:00,15,OK,47.020262216924905,Acceptable,V,2
2026-07-23 12:15:00+03:00,15,OK,37.5,Acceptable,A;M;V,1
2026-07-23 12:20:00+03:00,15,OK,12.444029850746269,Favorable,A;M;V,1
2026-07-23 12:25:00+03:00,15,OK,12.444029850746269,Favorable,A;M;V,1
2026-07-23 12:30:00+03:00,15,OK,14.577064549232032,Favorable,M,2
2026-07-23 12:35:00+03:00,15,OK,16.031869425173447,Favorable,M,2
2026-07-23 12:40:00+03:00,15,OK,12.444029850746269,Favorable,A;M;V,1
2026-07-23 12:45:00+03:00,15,OK,12.444029850746269,Favorable,A;M;V,1
2026-07-23 12:50:00+03:00,15,OK,12.444029850746269,Favorable,A;M;V,1
2026-07-23 12:55:00+03:00,15,OK,12.444029850746269,Favorable,A;M;V,1
2026-07-23 13:00:00+03:00,15,OK,12.444029850746269,Favorable,A;M;V,1
2026-07-23 13:05:00+03:00,15,OK,12.444029850746269,Favorable,A;M;V,1
2026-07-23 13:10:00+03:00,15,OK,12.444029850746269,Favorable,A;M;V,1
2026-07-23 13:15:00+03:00,15,OK,15.15559645530603,Favorable,M,2
2026-07-23 13:20:00+03:00,15,OK,17.033600731028006,Favorable,M,2
2026-07-23 13:25:00+03:00,15,OK,17.59354678119284,Favorable,M,2
2026-07-23 13:30:00+03:00,15,OK,16.91374269947027,Favorable,M,2
2026-07-23 13:35:00+03:00,15,OK,13.748952249236332,Favorable,M,2
2026-07-23 13:40:00+03:00,15,OK,12.444029850746269,Favorable,A;M;V,1
2026-07-23 13:45:00+03:00,15,OK,12.444029850746269,Favorable,A;M;V,1
2026-07-23 13:50:00+03:00,15,OK,12.444029850746269,Favorable,A;M;V,1
2026-07-23 13:55:00+03:00,15,OK,12.444029850746269,Favorable,A;M;V,1
2026-07-23 14:00:00+03:00,15,OK,12.444029850746269,Favorable,A;M;V,1
2026-07-23 14:05:00+03:00,15,OK,12.444029850746269,Favorable,A;M;V,1
2026-07-23 14:10:00+03:00,15,OK,12.444029850746269,Favorable,A;M;V,1
2026-07-23 14:15:00+03:00,15,OK,12.444029850746269,Favorable,A;M;V,1
2026-07-23 14:20:00+03:00,15,OK,12.444029850746269,Favorable,A;M;V,1
2026-07-23 14:25:00+03:00,15,OK,12.444029850746269,Favorable,A;M;V,1
2026-07-23 14:30:00+03:00,15,OK,12.444029850746269,Favorable,A;M;V,1
2026-07-23 14:35:00+03:00,15,OK,12.444029850746269,Favorable,A;M;V,1
2026-07-23 14:40:00+03:00,15,OK,12.444029850746269,Favorable,A;M;V,1
2026-07-23 14:45:00+03:00,15,OK,12.444029850746269,Favorable,A;M;V,1
2026-07-23 14:50:00+03:00,15,OK,12.444029850746269,Favorable,A;M;V,1
2026-07-23 14:55:00+03:00,15,OK,12.444029850746269,Favorable,A;M;V,1
2026-07-23 15:00:00+03:00,15,OK,16.35734525608091,Favorable,M,2
2026-07-23 15:05:00+03:00,15,OK,19.31883385848969,Favorable,M,2
2026-07-23 15:10:00+03:00,15,OK,21.390091678768698,Favorable,M,2
2026-07-23 15:15:00+03:00,15,OK,19.861797905250413,Favorable,M,2
2026-07-23 15:20:00+03:00,15,OK,15.950082372227627,Favorable,M,2
2026-07-23 15:25:00+03:00,15,OK,12.444029850746269,Favorable,A;M;V,1
2026-07-23 15:30:00+03:00,15,OK,12.444029850746269,Favorable,A;M;V,1
2026-07-23 15:35:00+03:00,15,OK,12.444029850746269,Favorable,A;M;V,1
2026-07-23 15:40:00+03:00,15,OK,12.444029850746269,Favorable,A;M;V,1
2026-07-23 15:45:00+03:00,15,OK,12.444029850746269,Favorable,A;M;V,1
2026-07-23 15:50:00+03:00,15,OK,12.444029850746269,Favorable,A;M;V,1
2026-07-23 15:55:00+03:00,15,OK,12.444029850746269,Favorable,A;M;V,1
2026-07-23 16:00:00+03:00,15,OK,12.444029850746269,Favorable,A;M;V,1
2026-07-23 16:05:00+03:00,15,OK,12.444029850746269,Favorable,A;M;V,1
2026-07-23 16:10:00+03:00,15,OK,12.444029850746269,Favorable,A;M;V,1
2026-07-23 16:15:00+03:00,15,OK,13.413488584746798,Favorable,M,2
2026-07-23 16:20:00+03:00,15,OK,17.353588507272242,Favorable,M,2
2026-07-23 16:25:00+03:00,15,OK,21.11258546417429,Favorable,M,2
2026-07-23 16:30:00+03:00,15,OK,24.85576131687237,Favorable,M,2
2026-07-23 16:35:00+03:00,15,OK,27.734263003351945,Acceptable,M,2
2026-07-23 16:40:00+03:00,15,OK,29.769107392140956,Acceptable,M,2
2026-07-23 16:45:00+03:00,15,OK,31.02477246824444,Acceptable,M,2
2026-07-23 16:50:00+03:00,15,OK,31.826809136025222,Acceptable,M,2
2026-07-23 16:55:00+03:00,15,OK,32.683814941226125,Acceptable,M,2
2026-07-23 17:00:00+03:00,15,OK,36.44643807901176,Acceptable,M,2
2026-07-23 17:05:00+03:00,15,OK,41.160303075323334,Acceptable,M,2
2026-07-23 17:10:00+03:00,15,OK,45.68272006658611,Acceptable,M,2
2026-07-23 17:15:00+03:00,15,OK,50.49029221415936,Degraded,M,2
2026-07-23 17:20:00+03:00,15,OK,55.166305845306056,Degraded,M,2
2026-07-23 17:25:00+03:00,15,OK,60.714664826707725,Degraded,M,2
2026-07-23 17:30:00+03:00,15,OK,62.5,Degraded,A;M;V,1
2026-07-23 17:35:00+03:00,15,OK,62.5,Degraded,A;M;V,1
2026-07-23 17:40:00+03:00,15,OK,62.5,Degraded,A;M;V,1
2026-07-23 17:45:00+03:00,15,OK,62.50000000000001,Degraded,M,1
2026-07-23 17:50:00+03:00,15,OK,62.500000000000014,Degraded,M,1
2026-07-23 17:55:00+03:00,15,OK,62.50000000000001,Degraded,M,1
2026-07-23 18:00:00+03:00,15,OK,62.49999999999999,Degraded,M,1
2026-07-23 18:05:00+03:00,15,OK,62.5,Degraded,M,1
2026-07-23 18:10:00+03:00,15,OK,62.500000000000014,Degraded,M,1
2026-07-23 18:15:00+03:00,15,OK,62.5,Degraded,M,1
2026-07-23 18:20:00+03:00,15,OK,62.5,Degraded,M,1
2026-07-23 18:25:00+03:00,15,OK,62.50000000000001,Degraded,M,1
2026-07-23 18:30:00+03:00,15,OK,62.5,Degraded,M,1
2026-07-23 18:35:00+03:00,15,OK,62.5,Degraded,A;M;V,1
2026-07-23 18:40:00+03:00,15,OK,62.5,Degraded,M,1
2026-07-23 18:45:00+03:00,15,OK,62.49999999999999,Degraded,M,1
2026-07-23 18:50:00+03:00,15,OK,62.499999999999986,Degraded,M,1
2026-07-23 18:55:00+03:00,15,OK,62.50000000000002,Degraded,M,1
2026-07-23 19:00:00+03:00,15,OK,62.49999999999999,Degraded,M,1
2026-07-23 19:05:00+03:00,15,OK,62.500000000000014,Degraded,M,1
2026-07-23 19:10:00+03:00,15,OK,62.49999999999999,Degraded,M,1
2026-07-23 19:15:00+03:00,15,OK,62.50000000000001,Degraded,M,1
2026-07-23 19:20:00+03:00,15,OK,62.50000000000001,Degraded,M,1
2026-07-23 19:25:00+03:00,15,OK,62.5,Degraded,M,1
2026-07-23 19:30:00+03:00,15,OK,61.60853758074193,Degraded,M,2
2026-07-23 19:35:00+03:00,15,OK,57.867204876843104,Degraded,M,2
2026-07-23 19:40:00+03:00,15,OK,56.61516969348338,Degraded,M,2
2026-07-23 19:45:00+03:00,15,OK,57.34894744638456,Degraded,M,2
2026-07-23 19:50:00+03:00,15,OK,56.24076202988989,Degraded,M,2
2026-07-23 19:55:00+03:00,15,OK,51.8886806707027,Degraded,M,2
2026-07-23 20:00:00+03:00,15,OK,43.39315649344191,Acceptable,M,2
2026-07-23 20:05:00+03:00,15,OK,36.72594015500565,Acceptable,M,2
2026-07-23 20:10:00+03:00,15,OK,32.59510323693063,Acceptable,M,2
2026-07-23 20:15:00+03:00,15,OK,30.844063068746795,Acceptable,M,2
2026-07-23 20:20:00+03:00,15,OK,28.2950974219685,Acceptable,M,2
2026-07-23 20:25:00+03:00,15,OK,23.575596707819262,Favorable,M,2
2026-07-23 20:30:00+03:00,15,OK,19.437859423867327,Favorable,M,2
2026-07-23 20:35:00+03:00,15,OK,17.908846271842513,Favorable,M,2
2026-07-23 20:40:00+03:00,15,OK,17.814913053375086,Favorable,M,2
2026-07-23 20:45:00+03:00,15,OK,17.105704387838813,Favorable,M,2
2026-07-23 20:50:00+03:00,15,OK,16.55831376744816,Favorable,M,2
2026-07-23 20:55:00+03:00,15,OK,16.92614283497687,Favorable,M,2
2026-07-23 21:00:00+03:00,15,OK,19.43785942386715,Favorable,M,2
2026-07-23 21:05:00+03:00,15,OK,19.682051696071518,Favorable,M,2
2026-07-23 21:10:00+03:00,15,OK,15.907686068371236,Favorable,M,2
2026-07-23 21:15:00+03:00,15,OK,12.444029850746269,Favorable,A;M;V,1
2026-07-23 21:20:00+03:00,15,OK,12.444029850746269,Favorable,A;M;V,1
2026-07-23 21:25:00+03:00,15,OK,12.444029850746269,Favorable,A;M;V,1
2026-07-23 21:30:00+03:00,15,OK,12.444029850746269,Favorable,A;M;V,1
2026-07-23 21:35:00+03:00,15,OK,12.444029850746269,Favorable,A;M;V,1
2026-07-23 21:40:00+03:00,15,OK,12.444029850746269,Favorable,A;M;V,1
2026-07-23 21:45:00+03:00,15,OK,12.444029850746269,Favorable,A;M;V,1
2026-07-23 21:50:00+03:00,15,OK,12.444029850746269,Favorable,A;M;V,1
2026-07-23 21:55:00+03:00,15,OK,12.444029850746269,Favorable,A;M;V,1
2026-07-23 22:00:00+03:00,15,OK,12.444029850746269,Favorable,A;M;V,1
2026-07-23 22:05:00+03:00,15,OK,12.444029850746269,Favorable,A;M;V,1
2026-07-23 22:10:00+03:00,15,OK,12.444029850746269,Favorable,A;M;V,1
2026-07-23 22:15:00+03:00,15,OK,12.444029850746269,Favorable,A;M;V,1
2026-07-23 22:20:00+03:00,15,OK,12.444029850746269,Favorable,A;M;V,1
2026-07-23 22:25:00+03:00,15,OK,12.444029850746269,Favorable,A;M;V,1
2026-07-23 22:30:00+03:00,15,OK,12.444029850746269,Favorable,A;M;V,1
2026-07-23 22:35:00+03:00,15,OK,12.444029850746269,Favorable,A;M;V,1
2026-07-23 22:40:00+03:00,15,OK,18.22470342630444,Favorable,M,2
2026-07-23 22:45:00+03:00,15,OK,25.879872952520344,Acceptable,M,2
2026-07-23 22:50:00+03:00,15,OK,31.328811324682242,Acceptable,M,2
2026-07-23 22:55:00+03:00,15,OK,35.24909331243197,Acceptable,M,2
2026-07-23 23:00:00+03:00,15,OK,39.788616916609485,Acceptable,M,2
2026-07-23 23:05:00+03:00,15,OK,43.36817711158249,Acceptable,M,2
2026-07-23 23:10:00+03:00,15,OK,45.66625049563661,Acceptable,M,2
2026-07-23 23:15:00+03:00,15,OK,46.0448868493714,Acceptable,M,2
2026-07-23 23:20:00+03:00,15,OK,47.3010108941015,Acceptable,M,2
2026-07-23 23:25:00+03:00,15,OK,46.45606005545893,Acceptable,M,2
2026-07-23 23:30:00+03:00,15,OK,45.361446573043025,Acceptable,M,2
2026-07-23 23:35:00+03:00,15,OK,43.72597969976681,Acceptable,M,2
2026-07-23 23:40:00+03:00,15,OK,43.509694380545106,Acceptable,M,2
2026-07-23 23:45:00+03:00,15,OK,42.46727587058534,Acceptable,M,2
2026-07-23 23:50:00+03:00,15,OK,39.080215607657706,Acceptable,M,2
2026-07-23 23:55:00+03:00,15,OK,36.24108319029158,Acceptable,M,2
2026-07-24 00:00:00+03:00,15,OK,35.56847710507096,Acceptable,M,2
2026-07-24 00:05:00+03:00,15,OK,35.88819219107395,Acceptable,M,2
2026-07-24 00:10:00+03:00,15,OK,34.799242323673425,Acceptable,M,2
2026-07-24 00:15:00+03:00,15,OK,31.443199093168907,Acceptable,M,2
2026-07-24 00:20:00+03:00,15,OK,30.753728065104845,Acceptable,M,2
2026-07-24 00:25:00+03:00,15,OK,31.46767415882598,Acceptable,M,2
2026-07-24 00:30:00+03:00,15,OK,33.512391786185724,Acceptable,M,2
2026-07-24 00:35:00+03:00,15,OK,34.06210382187592,Acceptable,M,2
2026-07-24 00:40:00+03:00,15,OK,34.53781299345812,Acceptable,M,2
2026-07-24 00:45:00+03:00,15,OK,34.6848396665916,Acceptable,M,2
2026-07-24 00:50:00+03:00,15,OK,34.04568389924317,Acceptable,M,2
2026-07-24 00:55:00+03:00,15,OK,32.93884728333403,Acceptable,M,2
2026-07-24 01:00:00+03:00,15,OK,34.14421323466078,Acceptable,M,2
2026-07-24 01:05:00+03:00,15,OK,36.56971662694891,Acceptable,M,2
2026-07-24 01:10:00+03:00,15,OK,41.40377507919716,Acceptable,M,2
2026-07-24 01:15:00+03:00,15,OK,47.24369648927124,Acceptable,M,2
2026-07-24 01:20:00+03:00,15,OK,55.26533343831191,Degraded,M,2
2026-07-24 01:25:00+03:00,15,OK,62.5,Degraded,A;M;V,1
2026-07-24 01:30:00+03:00,15,OK,62.5,Degraded,A;M;V,1
2026-07-24 01:35:00+03:00,15,OK,62.5,Degraded,A;M;V,1
2026-07-24 01:40:00+03:00,15,OK,59.395420785943195,Degraded,M,2
2026-07-24 01:45:00+03:00,15,OK,54.35845507514283,Degraded,M,2
2026-07-24 01:50:00+03:00,15,OK,53.95511315062825,Degraded,M,2
2026-07-24 01:55:00+03:00,15,OK,54.73745639573027,Degraded,M,2
2026-07-24 02:00:00+03:00,15,OK,55.76082246819243,Degraded,M,2
2026-07-24 02:05:00+03:00,15,OK,54.71272846488002,Degraded,M,2
2026-07-24 02:10:00+03:00,15,OK,53.62614227574378,Degraded,M,2
2026-07-24 02:15:00+03:00,15,OK,54.64679444941615,Degraded,M,2
2026-07-24 02:20:00+03:00,15,OK,55.166305845306056,Degraded,M,2
2026-07-24 02:25:00+03:00,15,OK,56.54024386235902,Degraded,M,2
2026-07-24 02:30:00+03:00,15,OK,59.420864736215854,Degraded,M,2
2026-07-24 02:35:00+03:00,15,OK,61.442160997935645,Degraded,M,2
2026-07-24 02:40:00+03:00,15,OK,60.67196035702583,Degraded,M,2
2026-07-24 02:45:00+03:00,15,OK,56.798415073245486,Degraded,M,2
2026-07-24 02:50:00+03:00,15,OK,52.56799460884716,Degraded,M,2
2026-07-24 02:55:00+03:00,15,OK,49.27266427163463,Acceptable,M,2
2026-07-24 03:00:00+03:00,15,OK,46.02843151705722,Acceptable,M,2
2026-07-24 03:05:00+03:00,15,OK,43.891986680590726,Acceptable,M,2
2026-07-24 03:10:00+03:00,15,OK,41.8230076824162,Acceptable,M,2
2026-07-24 03:15:00+03:00,15,OK,40.78203984537579,Acceptable,M,2
2026-07-24 03:20:00+03:00,15,OK,40.29901848892952,Acceptable,M,2
2026-07-24 03:25:00+03:00,15,OK,40.32450133968441,Acceptable,M,2
2026-07-24 03:30:00+03:00,15,OK,39.85675250476098,Acceptable,M,2
2026-07-24 03:35:00+03:00,15,OK,39.88229683453332,Acceptable,M,2
2026-07-24 03:40:00+03:00,15,OK,39.0117915759282,Acceptable,M,2
2026-07-24 03:45:00+03:00,15,OK,39.421954584041266,Acceptable,M,2
2026-07-24 03:50:00+03:00,15,OK,39.06311198443895,Acceptable,M,2
2026-07-24 03:55:00+03:00,15,OK,40.1545487639406,Acceptable,M,2
2026-07-24 04:00:00+03:00,15,OK,42.06584606258329,Acceptable,M,2
2026-07-24 04:05:00+03:00,15,OK,44.767678358198886,Acceptable,M,2
2026-07-24 04:10:00+03:00,15,OK,45.27902905364221,Acceptable,M,2
2026-07-24 04:15:00+03:00,15,OK,44.22265114660691,Acceptable,M,2
2026-07-24 04:20:00+03:00,15,OK,44.330061015436,Acceptable,M,2
2026-07-24 04:25:00+03:00,15,OK,48.495827556439416,Acceptable,M,2
2026-07-24 04:30:00+03:00,15,OK,52.50250250250243,Degraded,M,2
2026-07-24 04:35:00+03:00,15,OK,55.942648516964546,Degraded,M,2
2026-07-24 04:40:00+03:00,15,OK,56.4070970921634,Degraded,M,2
2026-07-24 04:45:00+03:00,15,OK,55.3561292820326,Degraded,M,2
2026-07-24 04:50:00+03:00,15,OK,52.82999731722812,Degraded,M,2
2026-07-24 04:55:00+03:00,15,OK,52.142357181639355,Degraded,M,2
2026-07-24 05:00:00+03:00,15,OK,54.15261983625401,Degraded,M,2
2026-07-24 05:05:00+03:00,15,OK,56.199195336234645,Degraded,M,2
2026-07-24 05:10:00+03:00,15,OK,55.92611561999342,Degraded,M,2
2026-07-24 05:15:00+03:00,15,OK,55.80213965183879,Degraded,M,2
2026-07-24 05:20:00+03:00,15,OK,56.68178904285224,Degraded,M,2
2026-07-24 05:25:00+03:00,15,OK,59.336065302885046,Degraded,M,2
2026-07-24 05:30:00+03:00,15,OK,62.5,Degraded,A;M;V,1
2026-07-24 05:35:00+03:00,15,OK,62.5,Degraded,A;M;V,1
2026-07-24 05:40:00+03:00,15,OK,62.5,Degraded,A;M;V,1
2026-07-24 05:45:00+03:00,15,OK,62.5,Degraded,A;M;V,1
2026-07-24 05:50:00+03:00,15,OK,62.5,Degraded,A;M;V,1
2026-07-24 05:55:00+03:00,15,OK,66.14309827083899,Degraded,M,2
2026-07-24 06:00:00+03:00,15,OK,67.06115271666633,Degraded,M,2
2026-07-24 06:05:00+03:00,15,OK,63.88206417624498,Degraded,M,2
2026-07-24 06:10:00+03:00,15,OK,62.5,Degraded,A;M;V,1
2026-07-24 06:15:00+03:00,15,OK,62.5,Degraded,A;M;V,1
2026-07-24 06:20:00+03:00,15,OK,62.5,Degraded,A;M;V,1
2026-07-24 06:25:00+03:00,15,OK,62.5,Degraded,A;M;V,1
2026-07-24 06:30:00+03:00,15,OK,62.5,Degraded,A;M;V,1
2026-07-24 06:35:00+03:00,15,OK,62.5,Degraded,A;M;V,1
2026-07-24 06:40:00+03:00,15,OK,62.5,Degraded,A;M;V,1
2026-07-24 06:45:00+03:00,15,OK,62.5,Degraded,A;M;V,1
2026-07-24 06:50:00+03:00,15,OK,62.5,Degraded,A;M;V,1
2026-07-24 06:55:00+03:00,15,OK,62.5,Degraded,A;M;V,1
2026-07-24 07:00:00+03:00,15,OK,62.5,Degraded,A;M;V,1
2026-07-24 07:05:00+03:00,15,OK,62.5,Degraded,A;M;V,1
2026-07-24 07:10:00+03:00,15,OK,62.5,Degraded,A;M;V,1
2026-07-24 07:15:00+03:00,15,OK,62.5,Degraded,A;M;V,1
2026-07-24 07:20:00+03:00,15,OK,62.5,Degraded,A;M;V,1
2026-07-24 07:25:00+03:00,15,OK,68.32014760086606,Degraded,M,2
2026-07-24 07:30:00+03:00,15,OK,73.13970324200186,Degraded,M,2
2026-07-24 07:35:00+03:00,15,OK,75.02786008230444,Critical,M,2
2026-07-24 07:40:00+03:00,15,OK,76.59897119341579,Critical,M,2
2026-07-24 07:45:00+03:00,15,OK,77.87082304526733,Critical,M,2
2026-07-24 07:50:00+03:00,15,OK,78.16434272130411,Critical,M,2
2026-07-24 07:55:00+03:00,15,OK,76.9314814814815,Critical,M,2
2026-07-24 08:00:00+03:00,15,OK,79.12292166214333,Critical,M,2
2026-07-24 08:05:00+03:00,15,OK,81.66853933552974,Critical,M,2
2026-07-24 08:10:00+03:00,15,OK,82.47790662479836,Critical,M,2
2026-07-24 08:15:00+03:00,15,OK,80.13273012442008,Critical,M,2
2026-07-24 08:20:00+03:00,15,OK,77.43024691358016,Critical,M,2
2026-07-24 08:25:00+03:00,15,OK,75.75106995884792,Critical,M,2
2026-07-24 08:30:00+03:00,15,OK,74.75410955972649,Degraded,M,2
2026-07-24 08:35:00+03:00,15,OK,71.90277919689355,Degraded,M,2
2026-07-24 08:40:00+03:00,15,OK,71.02565508484352,Degraded,M,2
2026-07-24 08:45:00+03:00,15,OK,70.77176942894944,Degraded,M,2
2026-07-24 08:50:00+03:00,15,OK,70.16529975742176,Degraded,M,2
2026-07-24 08:55:00+03:00,15,OK,70.19809704854396,Degraded,M,2
2026-07-24 09:00:00+03:00,15,OK,71.79552151728502,Degraded,M,2
2026-07-24 09:05:00+03:00,15,OK,75.00292181069938,Critical,M,2
2026-07-24 09:10:00+03:00,15,OK,75.36868312757191,Critical,M,2
2026-07-24 09:15:00+03:00,15,OK,73.84832182272675,Degraded,M,2
2026-07-24 09:20:00+03:00,15,OK,74.60593464482658,Degraded,M,2
2026-07-24 09:25:00+03:00,15,OK,78.31564944814681,Critical,M,2
2026-07-24 09:30:00+03:00,15,OK,79.5386688230665,Critical,M,2
2026-07-24 09:35:00+03:00,15,OK,78.8623370064835,Critical,M,2
2026-07-24 09:40:00+03:00,15,OK,75.67625514403292,Critical,M,2
2026-07-24 09:45:00+03:00,15,OK,72.52139406600956,Degraded,M,2
2026-07-24 09:50:00+03:00,15,OK,70.18989788812574,Degraded,M,2
2026-07-24 09:55:00+03:00,15,OK,69.07380280713112,Degraded,M,2
2026-07-24 10:00:00+03:00,15,OK,68.56309946750093,Degraded,M,2
2026-07-24 10:05:00+03:00,15,OK,69.09511827215199,Degraded,M,2
2026-07-24 10:10:00+03:00,15,OK,68.25676097526754,Degraded,M,2
2026-07-24 10:15:00+03:00,15,OK,66.15139302057749,Degraded,M,2
2026-07-24 10:20:00+03:00,15,OK,62.500000000000014,Degraded,M,1
2026-07-24 10:25:00+03:00,15,OK,62.50000000000001,Degraded,M,1
2026-07-24 10:30:00+03:00,15,OK,62.5,Degraded,M,1
2026-07-24 10:35:00+03:00,15,OK,62.500000000000014,Degraded,M,1
2026-07-24 10:40:00+03:00,15,OK,62.50000000000001,Degraded,M,1
2026-07-24 10:45:00+03:00,15,OK,62.5,Degraded,M,1
2026-07-24 10:50:00+03:00,15,OK,62.5,Degraded,A;M;V,1
2026-07-24 10:55:00+03:00,15,OK,62.5,Degraded,A;M;V,1
2026-07-24 11:00:00+03:00,15,OK,62.5,Degraded,A;M;V,1
2026-07-24 11:05:00+03:00,15,OK,62.5,Degraded,A;M;V,1
2026-07-24 11:10:00+03:00,15,OK,62.5,Degraded,A;M;V,1
2026-07-24 11:15:00+03:00,15,OK,62.5,Degraded,A;M;V,1
2026-07-24 11:20:00+03:00,15,OK,62.5,Degraded,A;M;V,1
2026-07-24 11:25:00+03:00,15,OK,62.5,Degraded,A;M;V,1
2026-07-24 11:30:00+03:00,15,OK,59.412383026969444,Degraded,M,2
2026-07-24 11:35:00+03:00,15,OK,59.887963989607115,Degraded,M,2
2026-07-24 11:40:00+03:00,15,OK,61.26215914527203,Degraded,M,2
2026-07-24 11:45:00+03:00,15,OK,62.5,Degraded,A;M;V,1
2026-07-24 11:50:00+03:00,15,OK,62.5,Degraded,A;M;V,1
2026-07-24 11:55:00+03:00,15,OK,62.5,Degraded,A;M;V,1
2026-07-24 12:00:00+03:00,15,OK,62.5,Degraded,A;M;V,1
2026-07-24 12:05:00+03:00,15,OK,62.5,Degraded,A;M;V,1
2026-07-24 12:10:00+03:00,15,OK,60.33920547182594,Degraded,M,2
2026-07-24 12:15:00+03:00,15,OK,59.55662548609794,Degraded,M,2
2026-07-24 12:20:00+03:00,15,OK,57.63302208388907,Degraded,M,2
2026-07-24 12:25:00+03:00,15,OK,55.5625566100892,Degraded,M,2
2026-07-24 12:30:00+03:00,15,OK,51.70868338178699,Degraded,M,2
2026-07-24 12:35:00+03:00,15,OK,48.176775885694084,Acceptable,M,2
2026-07-24 12:40:00+03:00,15,OK,44.949196791099865,Acceptable,M,2
2026-07-24 12:45:00+03:00,15,OK,40.26503584650371,Acceptable,M,2
2026-07-24 12:50:00+03:00,15,OK,34.382422930865836,Acceptable,M,2
2026-07-24 12:55:00+03:00,15,OK,27.709519713686614,Acceptable,M,2
2026-07-24 13:00:00+03:00,15,OK,21.28077824907161,Favorable,M,4
2026-07-24 13:05:00+03:00,15,OK,24.826072898295124,Favorable,V,4
2026-07-24 13:10:00+03:00,15,OK,31.42338701111089,Acceptable,V,2
2026-07-24 13:15:00+03:00,15,OK,32.12321482993488,Acceptable,V,2
2026-07-24 13:20:00+03:00,15,OK,27.006307934513252,Acceptable,V,2
2026-07-24 13:25:00+03:00,15,OK,19.93822297273445,Favorable,V,2
2026-07-24 13:30:00+03:00,15,OK,12.444029850746269,Favorable,A;M;V,1
2026-07-24 13:35:00+03:00,15,OK,12.444029850746269,Favorable,A;M;V,1
2026-07-24 13:40:00+03:00,15,OK,12.444029850746269,Favorable,A;M;V,1
2026-07-24 13:45:00+03:00,15,OK,12.444029850746269,Favorable,A;M;V,1
2026-07-24 13:50:00+03:00,15,OK,12.444029850746269,Favorable,A;M;V,1
2026-07-24 13:55:00+03:00,15,OK,12.444029850746269,Favorable,A;M;V,1
2026-07-24 14:00:00+03:00,15,OK,12.444029850746269,Favorable,A;M;V,1
2026-07-24 14:05:00+03:00,15,OK,12.444029850746269,Favorable,A;M;V,1
2026-07-24 14:10:00+03:00,15,OK,12.444029850746269,Favorable,A;M;V,1
2026-07-24 14:15:00+03:00,15,OK,12.444029850746269,Favorable,A;M;V,1
2026-07-24 14:20:00+03:00,15,OK,12.444029850746269,Favorable,A;M;V,1
2026-07-24 14:25:00+03:00,15,OK,12.444029850746269,Favorable,A;M;V,1
2026-07-24 14:30:00+03:00,15,OK,12.444029850746269,Favorable,A;M;V,1
2026-07-24 14:35:00+03:00,15,OK,12.444029850746269,Favorable,A;M;V,1
2026-07-24 14:40:00+03:00,15,OK,12.444029850746269,Favorable,A;M;V,1
2026-07-24 14:45:00+03:00,15,OK,12.444029850746269,Favorable,A;M;V,1
2026-07-24 14:50:00+03:00,15,OK,12.444029850746269,Favorable,A;M;V,1
2026-07-24 14:55:00+03:00,15,OK,12.444029850746269,Favorable,A;M;V,1
2026-07-24 15:00:00+03:00,15,OK,12.444029850746269,Favorable,A;M;V,1
2026-07-24 15:05:00+03:00,15,OK,12.444029850746269,Favorable,A;M;V,1
2026-07-24 15:10:00+03:00,15,OK,12.444029850746269,Favorable,A;M;V,1
2026-07-24 15:15:00+03:00,15,OK,12.444029850746269,Favorable,A;M;V,1
2026-07-24 15:20:00+03:00,15,OK,12.444029850746269,Favorable,A;M;V,1
2026-07-24 15:25:00+03:00,15,PARTIAL,12.444029850746269,Favorable,A;V,1
2026-07-24 15:30:00+03:00,15,OK,12.444029850746269,Favorable,A;M;V,1
2026-07-24 15:35:00+03:00,15,OK,12.444029850746269,Favorable,A;M;V,1
2026-07-24 15:40:00+03:00,15,OK,12.444029850746269,Favorable,A;M;V,1
2026-07-24 15:45:00+03:00,15,OK,12.444029850746269,Favorable,A;M;V,1
2026-07-24 15:50:00+03:00,15,OK,12.444029850746269,Favorable,A;M;V,1
2026-07-24 15:55:00+03:00,15,OK,12.444029850746269,Favorable,A;M;V,1
2026-07-24 16:00:00+03:00,15,OK,12.444029850746269,Favorable,A;M;V,1
2026-07-24 16:05:00+03:00,15,PARTIAL,12.444029850746269,Favorable,A;V,1
2026-07-24 16:10:00+03:00,15,OK,12.444029850746269,Favorable,A;M;V,1
2026-07-24 16:15:00+03:00,15,OK,12.444029850746269,Favorable,A;M;V,1
2026-07-24 16:20:00+03:00,15,OK,12.444029850746269,Favorable,A;M;V,1
2026-07-24 16:25:00+03:00,15,OK,12.444029850746269,Favorable,A;M;V,1
2026-07-24 16:30:00+03:00,15,OK,12.444029850746269,Favorable,A;M;V,1
2026-07-24 16:35:00+03:00,15,OK,12.444029850746269,Favorable,A;M;V,1
2026-07-24 16:40:00+03:00,15,OK,12.444029850746269,Favorable,A;M;V,1
2026-07-24 16:45:00+03:00,15,OK,12.444029850746269,Favorable,A;M;V,1
2026-07-24 16:50:00+03:00,15,OK,12.444029850746269,Favorable,A;M;V,1
2026-07-24 16:55:00+03:00,15,OK,12.444029850746269,Favorable,A;M;V,1
2026-07-24 17:00:00+03:00,15,OK,12.444029850746269,Favorable,A;M;V,1
2026-07-24 17:05:00+03:00,15,OK,12.444029850746269,Favorable,A;M;V,1
2026-07-24 17:10:00+03:00,15,OK,12.444029850746269,Favorable,A;M;V,1
2026-07-24 17:15:00+03:00,15,OK,12.444029850746269,Favorable,A;M;V,1
2026-07-24 17:20:00+03:00,15,OK,12.444029850746269,Favorable,A;M;V,1
2026-07-24 17:25:00+03:00,15,OK,12.444029850746269,Favorable,A;M;V,1
2026-07-24 17:30:00+03:00,15,OK,12.444029850746269,Favorable,A;M;V,1
2026-07-24 17:35:00+03:00,15,OK,12.444029850746269,Favorable,A;M;V,1
2026-07-24 17:40:00+03:00,15,OK,12.444029850746269,Favorable,A;M;V,1
2026-07-24 17:45:00+03:00,15,OK,12.444029850746269,Favorable,A;M;V,1
2026-07-24 17:50:00+03:00,15,OK,12.444029850746269,Favorable,A;M;V,1
2026-07-24 17:55:00+03:00,15,OK,12.444029850746269,Favorable,A;M;V,1
2026-07-24 18:00:00+03:00,15,OK,14.433037487093602,Favorable,M,2
2026-07-24 18:05:00+03:00,15,OK,26.110491769804913,Acceptable,M,2
2026-07-24 18:10:00+03:00,15,OK,33.21732639820346,Acceptable,M,2
2026-07-24 18:15:00+03:00,15,OK,36.08510482626512,Acceptable,M,2
2026-07-24 18:20:00+03:00,15,OK,39.22553225373037,Acceptable,M,2
2026-07-24 18:25:00+03:00,15,OK,41.931894974535034,Acceptable,M,2
2026-07-24 18:30:00+03:00,15,OK,45.06466761110245,Acceptable,M,2
2026-07-24 18:35:00+03:00,15,OK,44.14000945477467,Acceptable,M,2
2026-07-24 18:40:00+03:00,15,OK,40.214050076269494,Acceptable,M,2
2026-07-24 18:45:00+03:00,15,OK,34.57047951749637,Acceptable,M,2
2026-07-24 18:50:00+03:00,15,OK,30.097140933083548,Acceptable,M,2
2026-07-24 18:55:00+03:00,15,OK,26.92623517900494,Acceptable,M,2
2026-07-24 19:00:00+03:00,15,OK,25.476392341504283,Acceptable,M,2
2026-07-24 19:05:00+03:00,15,OK,23.34283950617271,Favorable,M,2
2026-07-24 19:10:00+03:00,15,OK,21.03689148198273,Favorable,M,2
2026-07-24 19:15:00+03:00,15,OK,16.814960727409755,Favorable,M,2
2026-07-24 19:20:00+03:00,15,OK,13.038186434386,Favorable,M,2
2026-07-24 19:25:00+03:00,15,OK,12.444029850746269,Favorable,A;M;V,1
2026-07-24 19:30:00+03:00,15,OK,12.889722628318047,Favorable,M,2
2026-07-24 19:35:00+03:00,15,OK,15.163561877554425,Favorable,M,2
2026-07-24 19:40:00+03:00,15,OK,17.370680465854807,Favorable,M,2
2026-07-24 19:45:00+03:00,15,OK,19.547330696985,Favorable,M,2
2026-07-24 19:50:00+03:00,15,OK,20.893901716017258,Favorable,M,2
2026-07-24 19:55:00+03:00,15,OK,20.27970478063653,Favorable,M,2
2026-07-24 20:00:00+03:00,15,OK,20.220793661251946,Favorable,M,2
2026-07-24 20:05:00+03:00,15,OK,20.776133414142333,Favorable,M,2
2026-07-24 20:10:00+03:00,15,OK,22.58637860082332,Favorable,M,2
2026-07-24 20:15:00+03:00,15,OK,24.972139917695383,Favorable,M,2
2026-07-24 20:20:00+03:00,15,OK,28.417797956754846,Acceptable,M,2
2026-07-24 20:25:00+03:00,15,OK,32.70146956608082,Acceptable,M,2
2026-07-24 20:30:00+03:00,15,OK,35.473001698018074,Acceptable,M,2
2026-07-24 20:35:00+03:00,15,OK,36.86707601753756,Acceptable,M,2
2026-07-24 20:40:00+03:00,15,OK,37.819184797362254,Acceptable,M,2
2026-07-24 20:45:00+03:00,15,OK,39.06832451689998,Acceptable,M,2
2026-07-24 20:50:00+03:00,15,OK,41.05501504505962,Acceptable,M,2
2026-07-24 20:55:00+03:00,15,OK,42.80657901090525,Acceptable,M,2
2026-07-24 21:00:00+03:00,15,OK,45.88853507358052,Acceptable,M,2
2026-07-24 21:05:00+03:00,15,OK,50.45760008367531,Degraded,M,2
2026-07-24 21:10:00+03:00,15,OK,55.8847862271379,Degraded,M,2
2026-07-24 21:15:00+03:00,15,OK,61.00531840726649,Degraded,M,2
2026-07-24 21:20:00+03:00,15,OK,62.5,Degraded,A;M;V,1
2026-07-24 21:25:00+03:00,15,OK,62.5,Degraded,A;M;V,1
2026-07-24 21:30:00+03:00,15,OK,62.5,Degraded,A;M;V,1
2026-07-24 21:35:00+03:00,15,OK,62.5,Degraded,A;M;V,1
2026-07-24 21:40:00+03:00,15,OK,62.5,Degraded,A;M;V,1
2026-07-24 21:45:00+03:00,15,OK,62.5,Degraded,A;M;V,1
2026-07-24 21:50:00+03:00,15,OK,62.5,Degraded,A;M;V,1
2026-07-24 21:55:00+03:00,15,OK,62.5,Degraded,A;M;V,1
2026-07-24 22:00:00+03:00,15,OK,62.5,Degraded,A;M;V,1
2026-07-24 22:05:00+03:00,15,OK,62.5,Degraded,A;M;V,1
2026-07-24 22:10:00+03:00,15,OK,65.93789617812426,Degraded,M,2
2026-07-24 22:15:00+03:00,15,OK,67.7565283263535,Degraded,M,2
2026-07-24 22:20:00+03:00,15,OK,67.5521278989356,Degraded,M,2
2026-07-24 22:25:00+03:00,15,OK,69.17236245388149,Degraded,M,2
2026-07-24 22:30:00+03:00,15,OK,71.03384321602077,Degraded,M,2
2026-07-24 22:35:00+03:00,15,OK,72.48016258769475,Degraded,M,2
2026-07-24 22:40:00+03:00,15,OK,73.2303628960528,Degraded,M,2
2026-07-24 22:45:00+03:00,15,OK,73.90598241338473,Degraded,M,2
2026-07-24 22:50:00+03:00,15,OK,75.08430066762857,Critical,M,2
2026-07-24 22:55:00+03:00,15,OK,77.0727983539092,Critical,M,2
2026-07-24 23:00:00+03:00,15,OK,79.8549531992845,Critical,M,2
2026-07-24 23:05:00+03:00,15,OK,84.17797149191637,Critical,M,2
2026-07-24 23:10:00+03:00,15,OK,87.55597014925372,Critical,A;M;V,1
2026-07-24 23:15:00+03:00,15,OK,87.55597014925372,Critical,A;M;V,1
2026-07-24 23:20:00+03:00,15,OK,87.55597014925372,Critical,A;M;V,1
2026-07-24 23:25:00+03:00,15,OK,87.55597014925372,Critical,A;M;V,1
2026-07-24 23:30:00+03:00,15,OK,87.55597014925372,Critical,A;M;V,1
2026-07-24 23:35:00+03:00,15,OK,87.55597014925372,Critical,A;M;V,1
2026-07-24 23:40:00+03:00,15,OK,87.55597014925372,Critical,A;M;V,1
2026-07-24 23:45:00+03:00,15,OK,87.55597014925372,Critical,A;M;V,1
2026-07-24 23:50:00+03:00,15,OK,87.55597014925372,Critical,A;M;V,1
2026-07-24 23:55:00+03:00,15,OK,87.55597014925372,Critical,A;M;V,1
2026-07-25 00:00:00+03:00,15,OK,87.55597014925372,Critical,A;M;V,1
2026-07-25 00:05:00+03:00,15,OK,87.55597014925372,Critical,A;M;V,1
2026-07-25 00:10:00+03:00,15,OK,87.55597014925372,Critical,A;M;V,1
2026-07-25 00:15:00+03:00,15,OK,87.55597014925372,Critical,A;M;V,1
2026-07-25 00:20:00+03:00,15,OK,86.36845992819062,Critical,M,2
2026-07-25 00:25:00+03:00,15,OK,84.37613807234084,Critical,M,2
2026-07-25 00:30:00+03:00,15,OK,84.9754917523184,Critical,M,2
2026-07-25 00:35:00+03:00,15,OK,87.55597014925372,Critical,A;M;V,1
2026-07-25 00:40:00+03:00,15,OK,87.55597014925372,Critical,A;M;V,1
2026-07-25 00:45:00+03:00,15,OK,87.55597014925372,Critical,A;M;V,1
2026-07-25 00:50:00+03:00,15,OK,87.55597014925372,Critical,A;M;V,1
2026-07-25 00:55:00+03:00,15,OK,87.55597014925372,Critical,A;M;V,1
2026-07-25 01:00:00+03:00,15,OK,87.55597014925372,Critical,A;M;V,1
2026-07-25 01:05:00+03:00,15,OK,87.55597014925372,Critical,A;M;V,1
2026-07-25 01:10:00+03:00,15,OK,87.55597014925372,Critical,A;M;V,1
2026-07-25 01:15:00+03:00,15,OK,87.55597014925372,Critical,A;M;V,1
2026-07-25 01:20:00+03:00,15,OK,87.55597014925372,Critical,A;M;V,1
2026-07-25 01:25:00+03:00,15,OK,87.55597014925372,Critical,A;M;V,1
2026-07-25 01:30:00+03:00,15,OK,87.55597014925372,Critical,A;M;V,1
2026-07-25 01:35:00+03:00,15,OK,87.55597014925372,Critical,A;M;V,1
2026-07-25 01:40:00+03:00,15,OK,87.55597014925372,Critical,A;M;V,1
2026-07-25 01:45:00+03:00,15,OK,87.55597014925372,Critical,A;M;V,1
2026-07-25 01:50:00+03:00,15,OK,87.55597014925372,Critical,A;M;V,1
2026-07-25 01:55:00+03:00,15,OK,87.55597014925372,Critical,A;M;V,1
2026-07-25 02:00:00+03:00,15,OK,87.55597014925372,Critical,A;M;V,1
2026-07-25 02:05:00+03:00,15,OK,87.55597014925372,Critical,A;M;V,1
2026-07-25 02:10:00+03:00,15,OK,87.55597014925372,Critical,A;M;V,1
2026-07-25 02:15:00+03:00,15,OK,87.55597014925372,Critical,A;M;V,1
2026-07-25 02:20:00+03:00,15,OK,87.55597014925372,Critical,A;M;V,1
2026-07-25 02:25:00+03:00,15,OK,87.55597014925372,Critical,A;M;V,1
2026-07-25 02:30:00+03:00,15,OK,87.55597014925372,Critical,A;M;V,1
2026-07-25 02:35:00+03:00,15,OK,87.55597014925372,Critical,A;M;V,1
2026-07-25 02:40:00+03:00,15,OK,87.55597014925372,Critical,A;M;V,1
2026-07-25 02:45:00+03:00,15,OK,87.55597014925372,Critical,A;M;V,1
2026-07-25 02:50:00+03:00,15,OK,87.55597014925372,Critical,A;M;V,1
2026-07-25 02:55:00+03:00,15,OK,87.55597014925372,Critical,A;M;V,1
2026-07-25 03:00:00+03:00,15,OK,87.55597014925372,Critical,A;M;V,1
2026-07-25 03:05:00+03:00,15,OK,87.55597014925372,Critical,A;M;V,1
2026-07-25 03:10:00+03:00,15,OK,87.55597014925372,Critical,A;M;V,1
2026-07-25 03:15:00+03:00,15,OK,87.55597014925372,Critical,A;M;V,1
2026-07-25 03:20:00+03:00,15,OK,87.55597014925372,Critical,A;M;V,1
2026-07-25 03:25:00+03:00,15,OK,87.55597014925372,Critical,A;M;V,1
2026-07-25 03:30:00+03:00,15,OK,87.55597014925372,Critical,A;M;V,1
2026-07-25 03:35:00+03:00,15,OK,87.55597014925372,Critical,A;M;V,1
2026-07-25 03:40:00+03:00,15,OK,87.55597014925372,Critical,A;M;V,1
2026-07-25 03:45:00+03:00,15,OK,87.55597014925372,Critical,A;M;V,1
2026-07-25 03:50:00+03:00,15,OK,87.55597014925372,Critical,A;M;V,1
2026-07-25 03:55:00+03:00,15,OK,87.55597014925372,Critical,A;M;V,1
2026-07-25 04:00:00+03:00,15,OK,87.55597014925372,Critical,A;M;V,1
2026-07-25 04:05:00+03:00,15,OK,87.55597014925372,Critical,A;M;V,1
2026-07-25 04:10:00+03:00,15,OK,87.55597014925372,Critical,A;M;V,1
2026-07-25 04:15:00+03:00,15,OK,87.55597014925372,Critical,A;M;V,1
2026-07-25 04:20:00+03:00,15,OK,87.55597014925372,Critical,A;M;V,1
2026-07-25 04:25:00+03:00,15,OK,87.55597014925372,Critical,A;M;V,1
2026-07-25 04:30:00+03:00,15,OK,87.55597014925372,Critical,A;M;V,1
2026-07-25 04:35:00+03:00,15,OK,87.55597014925372,Critical,A;M;V,1
2026-07-25 04:40:00+03:00,15,OK,87.55597014925372,Critical,A;M;V,1
2026-07-25 04:45:00+03:00,15,OK,87.55597014925372,Critical,A;M;V,1
2026-07-25 04:50:00+03:00,15,OK,87.55597014925372,Critical,A;M;V,1
2026-07-25 04:55:00+03:00,15,OK,87.55597014925372,Critical,A;M;V,1
2026-07-25 05:00:00+03:00,15,OK,87.55597014925372,Critical,A;M;V,1
2026-07-25 05:05:00+03:00,15,OK,87.55597014925372,Critical,A;M;V,1
2026-07-25 05:10:00+03:00,15,OK,87.55597014925372,Critical,A;M;V,1
2026-07-25 05:15:00+03:00,15,OK,87.55597014925372,Critical,A;M;V,1
2026-07-25 05:20:00+03:00,15,OK,87.55597014925372,Critical,A;M;V,1
2026-07-25 05:25:00+03:00,15,OK,87.55597014925372,Critical,A;M;V,1
2026-07-25 05:30:00+03:00,15,OK,87.55597014925372,Critical,A;M;V,1
2026-07-25 05:35:00+03:00,15,OK,87.55597014925372,Critical,A;M;V,1
2026-07-25 05:40:00+03:00,15,OK,87.55597014925372,Critical,A;M;V,1
2026-07-25 05:45:00+03:00,15,OK,87.55597014925372,Critical,A;M;V,1
2026-07-25 05:50:00+03:00,15,OK,87.55597014925372,Critical,A;M;V,1
2026-07-25 05:55:00+03:00,15,OK,87.55597014925372,Critical,A;M;V,1
2026-07-25 06:00:00+03:00,15,OK,87.55597014925372,Critical,A;M;V,1
2026-07-25 06:05:00+03:00,15,OK,87.55597014925372,Critical,A;M;V,1
2026-07-25 06:10:00+03:00,15,OK,87.55597014925372,Critical,A;M;V,1
2026-07-25 06:15:00+03:00,15,OK,87.55597014925372,Critical,A;M;V,1
2026-07-25 06:20:00+03:00,15,OK,87.55597014925372,Critical,A;M;V,1
2026-07-25 06:25:00+03:00,15,OK,87.55597014925372,Critical,A;M;V,1
2026-07-25 06:30:00+03:00,15,OK,87.55597014925372,Critical,A;M;V,1
2026-07-25 06:35:00+03:00,15,OK,87.55597014925372,Critical,A;M;V,1
2026-07-25 06:40:00+03:00,15,OK,87.55597014925372,Critical,A;M;V,1
2026-07-25 06:45:00+03:00,15,OK,87.55597014925372,Critical,A;M;V,1
2026-07-25 06:50:00+03:00,15,OK,87.55597014925372,Critical,A;M;V,1
2026-07-25 06:55:00+03:00,15,OK,87.55597014925372,Critical,A;M;V,1
2026-07-25 07:00:00+03:00,15,OK,87.55597014925372,Critical,A;M;V,1
2026-07-25 07:05:00+03:00,15,OK,87.55597014925372,Critical,A;M;V,1
2026-07-25 07:10:00+03:00,15,PARTIAL,12.444029850746269,Favorable,A;V,1
2026-07-25 07:15:00+03:00,15,PARTIAL,12.444029850746269,Favorable,A;V,1
2026-07-25 07:20:00+03:00,15,PARTIAL,12.444029850746269,Favorable,A;V,1
2026-07-25 07:25:00+03:00,15,PARTIAL,12.444029850746269,Favorable,A;V,1
2026-07-25 07:30:00+03:00,15,PARTIAL,12.444029850746269,Favorable,A;V,1
2026-07-25 07:35:00+03:00,15,PARTIAL,12.444029850746269,Favorable,A;V,1
2026-07-25 07:40:00+03:00,15,OK,87.55597014925372,Critical,A;M;V,1
2026-07-25 07:45:00+03:00,15,OK,87.55597014925372,Critical,A;M;V,1
2026-07-25 07:50:00+03:00,15,PARTIAL,12.444029850746269,Favorable,A;V,1
2026-07-25 07:55:00+03:00,15,PARTIAL,12.444029850746269,Favorable,A;V,1
2026-07-25 08:00:00+03:00,15,PARTIAL,12.444029850746269,Favorable,A;V,1
2026-07-25 08:05:00+03:00,15,OK,87.52806041437735,Critical,M,1
2026-07-25 08:10:00+03:00,15,OK,87.53105635823945,Critical,M,1
2026-07-25 08:15:00+03:00,15,PARTIAL,12.444029850746269,Favorable,A;V,1
2026-07-25 08:20:00+03:00,15,PARTIAL,12.444029850746269,Favorable,A;V,1
2026-07-25 08:25:00+03:00,15,PARTIAL,12.444029850746269,Favorable,A;V,1
2026-07-25 08:30:00+03:00,15,PARTIAL,12.444029850746269,Favorable,A;V,1
2026-07-25 08:35:00+03:00,15,OK,87.55597014925372,Critical,A;M;V,1
2026-07-25 08:40:00+03:00,15,OK,87.55597014925372,Critical,A;M;V,1
2026-07-25 08:45:00+03:00,15,OK,87.55597014925372,Critical,A;M;V,1
2026-07-25 08:50:00+03:00,15,OK,87.55597014925372,Critical,A;M;V,1
2026-07-25 08:55:00+03:00,15,OK,87.55597014925372,Critical,A;M;V,1
2026-07-25 09:00:00+03:00,15,OK,87.55597014925372,Critical,A;M;V,1
2026-07-25 09:05:00+03:00,15,OK,87.55597014925372,Critical,A;M;V,1
2026-07-25 09:10:00+03:00,15,OK,87.55597014925372,Critical,A;M;V,1
2026-07-25 09:15:00+03:00,15,OK,86.08079779607775,Critical,M,2
2026-07-25 09:20:00+03:00,15,OK,81.74115908858535,Critical,M,2
2026-07-25 09:25:00+03:00,15,OK,79.14815714497524,Critical,M,2
2026-07-25 09:30:00+03:00,15,OK,78.08029117774882,Critical,M,2
2026-07-25 09:35:00+03:00,15,OK,81.26342336639925,Critical,M,2
2026-07-25 09:40:00+03:00,15,OK,86.01108992123349,Critical,M,2
2026-07-25 09:45:00+03:00,15,OK,87.55597014925372,Critical,A;M;V,1
2026-07-25 09:50:00+03:00,15,OK,87.55597014925372,Critical,A;M;V,1
2026-07-25 09:55:00+03:00,15,OK,83.90390714037956,Critical,M,2
2026-07-25 10:00:00+03:00,15,OK,80.16640415969195,Critical,M,2
2026-07-25 10:05:00+03:00,15,OK,80.30110917790365,Critical,M,2
2026-07-25 10:10:00+03:00,15,OK,81.04224075416937,Critical,M,2
2026-07-25 10:15:00+03:00,15,OK,81.62169207482943,Critical,M,2
2026-07-25 10:20:00+03:00,15,OK,79.79603858622573,Critical,M,2
2026-07-25 10:25:00+03:00,15,OK,78.60149998353431,Critical,M,2
2026-07-25 10:30:00+03:00,15,OK,78.22318209505596,Critical,M,2
2026-07-25 10:35:00+03:00,15,OK,78.6855858525985,Critical,M,2
2026-07-25 10:40:00+03:00,15,OK,79.48467791082655,Critical,M,2
2026-07-25 10:45:00+03:00,15,OK,79.51833486515072,Critical,M,2
2026-07-25 10:50:00+03:00,15,OK,76.98135802469143,Critical,M,2
2026-07-25 10:55:00+03:00,15,OK,73.63413063598706,Degraded,M,2
2026-07-25 11:00:00+03:00,15,OK,70.30467628510796,Degraded,M,2
2026-07-25 11:05:00+03:00,15,OK,68.12419362305029,Degraded,M,2
2026-07-25 11:10:00+03:00,15,OK,65.69973387056646,Degraded,M,2
2026-07-25 11:15:00+03:00,15,OK,63.249385745295825,Degraded,M,2
2026-07-25 11:20:00+03:00,15,OK,62.5,Degraded,A;M;V,1
2026-07-25 11:25:00+03:00,15,OK,62.50000000000001,Degraded,M,1
2026-07-25 11:30:00+03:00,15,OK,62.5,Degraded,M,1
2026-07-25 11:35:00+03:00,15,OK,62.50000000000001,Degraded,M,1
2026-07-25 11:40:00+03:00,15,OK,62.499999999999986,Degraded,M,1
2026-07-25 11:45:00+03:00,15,OK,62.50000000000001,Degraded,M,1
2026-07-25 11:50:00+03:00,15,OK,62.50000000000001,Degraded,M,1
2026-07-25 11:55:00+03:00,15,OK,62.50000000000001,Degraded,M,1
2026-07-25 12:00:00+03:00,15,OK,62.50000000000001,Degraded,M,1
2026-07-25 12:05:00+03:00,15,OK,62.50000000000001,Degraded,M,1
2026-07-25 12:10:00+03:00,15,OK,62.50000000000001,Degraded,M,1
2026-07-25 12:15:00+03:00,15,OK,62.49999999999998,Degraded,M,1
2026-07-25 12:20:00+03:00,15,OK,62.500000000000014,Degraded,M,1
2026-07-25 12:25:00+03:00,15,OK,62.50000000000001,Degraded,M,1
2026-07-25 12:30:00+03:00,15,OK,62.50000000000001,Degraded,M,1
2026-07-25 12:35:00+03:00,15,OK,62.49999999999998,Degraded,M,1
2026-07-25 12:40:00+03:00,15,OK,62.49999999999999,Degraded,M,1
2026-07-25 12:45:00+03:00,15,OK,62.5,Degraded,M,1
2026-07-25 12:50:00+03:00,15,OK,62.5,Degraded,A;M;V,1
2026-07-25 12:55:00+03:00,15,OK,62.5,Degraded,A;M;V,1
2026-07-25 13:00:00+03:00,15,OK,62.5,Degraded,A;M;V,1
2026-07-25 13:05:00+03:00,15,OK,62.5,Degraded,A;M;V,1
2026-07-25 13:10:00+03:00,15,OK,62.5,Degraded,A;M;V,1
2026-07-25 13:15:00+03:00,15,OK,62.5,Degraded,A;M;V,1
2026-07-25 13:20:00+03:00,15,OK,62.5,Degraded,A;M;V,1
2026-07-25 13:25:00+03:00,15,OK,62.5,Degraded,A;M;V,1
2026-07-25 13:30:00+03:00,15,OK,62.5,Degraded,A;M;V,1
2026-07-25 13:35:00+03:00,15,OK,62.5,Degraded,A;M;V,1
2026-07-25 13:40:00+03:00,15,OK,60.475647434792485,Degraded,M,2
2026-07-25 13:45:00+03:00,15,OK,58.16023738872416,Degraded,M,2
2026-07-25 13:50:00+03:00,15,OK,56.69011769347075,Degraded,M,2
2026-07-25 13:55:00+03:00,15,OK,55.75255951970635,Degraded,M,2
2026-07-25 14:00:00+03:00,15,OK,54.75394249368826,Degraded,M,2
2026-07-25 14:05:00+03:00,15,OK,53.50284483379519,Degraded,M,2
2026-07-25 14:10:00+03:00,15,OK,52.879128932628056,Degraded,M,2
2026-07-25 14:15:00+03:00,15,OK,52.6662391960058,Degraded,M,2
2026-07-25 14:20:00+03:00,15,OK,52.461571676714975,Degraded,M,2
2026-07-25 14:25:00+03:00,15,OK,51.332409093732565,Degraded,M,2
2026-07-25 14:30:00+03:00,15,OK,49.689503925324026,Acceptable,M,2
2026-07-25 14:35:00+03:00,15,OK,48.160412067697294,Acceptable,M,2
2026-07-25 14:40:00+03:00,15,OK,46.817558568375894,Acceptable,M,2
2026-07-25 14:45:00+03:00,15,OK,45.69095460920431,Acceptable,M,2
2026-07-25 14:50:00+03:00,15,OK,44.58608130721548,Acceptable,M,2
2026-07-25 14:55:00+03:00,15,OK,43.35152282178157,Acceptable,M,2
2026-07-25 15:00:00+03:00,15,OK,42.02399393559879,Acceptable,M,2
2026-07-25 15:05:00+03:00,15,OK,40.596098289779135,Acceptable,M,2
2026-07-25 15:10:00+03:00,15,OK,39.584058388934636,Acceptable,M,2
2026-07-25 15:15:00+03:00,15,OK,38.78067252850922,Acceptable,M,2
2026-07-25 15:20:00+03:00,15,OK,37.870503261727386,Acceptable,M,2
2026-07-25 15:25:00+03:00,15,OK,36.553276642481684,Acceptable,M,2
2026-07-25 15:30:00+03:00,15,OK,34.848285052374436,Acceptable,M,2
2026-07-25 15:35:00+03:00,15,OK,33.0289228833481,Acceptable,M,2
2026-07-25 15:40:00+03:00,15,OK,31.500309844631335,Acceptable,M,2
2026-07-25 15:45:00+03:00,15,OK,29.629745582339247,Acceptable,M,2
2026-07-25 15:50:00+03:00,15,OK,27.775502906708496,Acceptable,M,2
2026-07-25 15:55:00+03:00,15,OK,26.201103656788984,Acceptable,M,2
2026-07-25 16:00:00+03:00,15,OK,25.805754507285542,Acceptable,M,2
2026-07-25 16:05:00+03:00,15,OK,24.548189300411714,Favorable,M,2
2026-07-25 16:10:00+03:00,15,OK,21.37327483723943,Favorable,M,2
2026-07-25 16:15:00+03:00,15,OK,16.027587636562803,Favorable,M,2
2026-07-25 16:20:00+03:00,15,OK,12.444029850746269,Favorable,A;M;V,1
2026-07-25 16:25:00+03:00,15,OK,12.444029850746269,Favorable,A;M;V,1
2026-07-25 16:30:00+03:00,15,OK,12.444029850746269,Favorable,A;M;V,1
2026-07-25 16:35:00+03:00,15,OK,12.444029850746269,Favorable,A;M;V,1
2026-07-25 16:40:00+03:00,15,OK,12.444029850746269,Favorable,A;M;V,1
2026-07-25 16:45:00+03:00,15,OK,12.444029850746269,Favorable,A;M;V,1
2026-07-25 16:50:00+03:00,15,OK,12.444029850746269,Favorable,A;M;V,1
2026-07-25 16:55:00+03:00,15,OK,12.444029850746269,Favorable,A;M;V,1
2026-07-25 17:00:00+03:00,15,OK,12.444029850746269,Favorable,A;M;V,1
2026-07-25 17:05:00+03:00,15,OK,12.444029850746269,Favorable,A;M;V,1
2026-07-25 17:10:00+03:00,15,OK,12.444029850746269,Favorable,A;M;V,1
2026-07-25 17:15:00+03:00,15,OK,12.444029850746269,Favorable,A;M;V,1
2026-07-25 17:20:00+03:00,15,OK,12.444029850746269,Favorable,A;M;V,1
2026-07-25 17:25:00+03:00,15,OK,12.444029850746269,Favorable,A;M;V,1
2026-07-25 17:30:00+03:00,15,OK,12.444029850746269,Favorable,A;M;V,1
2026-07-25 17:35:00+03:00,15,OK,12.444029850746269,Favorable,A;M;V,1
2026-07-25 17:40:00+03:00,15,OK,12.444029850746269,Favorable,A;M;V,1
2026-07-25 17:45:00+03:00,15,OK,12.444029850746269,Favorable,A;M;V,1
2026-07-25 17:50:00+03:00,15,OK,12.444029850746269,Favorable,A;M;V,1
2026-07-25 17:55:00+03:00,15,OK,12.444029850746269,Favorable,A;M;V,1
2026-07-25 18:00:00+03:00,15,OK,13.34368922066594,Favorable,M,2
2026-07-25 18:05:00+03:00,15,OK,14.876715387134128,Favorable,M,2
2026-07-25 18:10:00+03:00,15,OK,17.19974057094233,Favorable,M,2
2026-07-25 18:15:00+03:00,15,OK,21.22191329462684,Favorable,M,2
2026-07-25 18:20:00+03:00,15,OK,25.698702286556998,Acceptable,M,2
2026-07-25 18:25:00+03:00,15,OK,29.646139466276853,Acceptable,M,2
2026-07-25 18:30:00+03:00,15,OK,33.561589881218886,Acceptable,M,2
2026-07-25 18:35:00+03:00,15,OK,36.97276990301615,Acceptable,M,2
2026-07-25 18:40:00+03:00,15,OK,40.528236764326536,Acceptable,M,2
2026-07-25 18:45:00+03:00,15,OK,43.38483030651679,Acceptable,M,2
2026-07-25 18:50:00+03:00,15,OK,45.84738016374563,Acceptable,M,2
2026-07-25 18:55:00+03:00,15,OK,48.20132121132813,Acceptable,M,2
2026-07-25 19:00:00+03:00,15,OK,50.596547542387334,Degraded,M,2
2026-07-25 19:05:00+03:00,15,OK,52.80543223286235,Degraded,M,2
2026-07-25 19:10:00+03:00,15,OK,54.77042924027268,Degraded,M,2
2026-07-25 19:15:00+03:00,15,OK,56.448697938059375,Degraded,M,2
2026-07-25 19:20:00+03:00,15,OK,58.026237721669524,Degraded,M,2
2026-07-25 19:25:00+03:00,15,OK,59.403901710220865,Degraded,M,2
2026-07-25 19:30:00+03:00,15,OK,60.68904095503147,Degraded,M,2
2026-07-25 19:35:00+03:00,15,OK,61.74255528647843,Degraded,M,2
2026-07-25 19:40:00+03:00,15,OK,62.5,Degraded,A;M;V,1
2026-07-25 19:45:00+03:00,15,OK,62.33619761905545,Degraded,M,2
2026-07-25 19:50:00+03:00,15,OK,62.284500707920586,Degraded,M,2
2026-07-25 19:55:00+03:00,15,OK,61.84566036229118,Degraded,M,2
2026-07-25 20:00:00+03:00,15,OK,61.17650575598352,Degraded,M,2
2026-07-25 20:05:00+03:00,15,OK,59.77745131127015,Degraded,M,2
2026-07-25 20:10:00+03:00,15,OK,57.808638924582624,Degraded,M,2
2026-07-25 20:15:00+03:00,15,OK,55.001311819493814,Degraded,M,2
2026-07-25 20:20:00+03:00,15,OK,51.577792529275094,Degraded,M,2
2026-07-25 20:25:00+03:00,15,OK,47.734877650684076,Acceptable,M,2
2026-07-25 20:30:00+03:00,15,OK,43.717664449371526,Acceptable,M,2
2026-07-25 20:35:00+03:00,15,OK,39.958908509349236,Acceptable,M,2
2026-07-25 20:40:00+03:00,15,OK,36.339636483411084,Acceptable,M,2
2026-07-25 20:45:00+03:00,15,OK,32.840605437650495,Acceptable,M,2
2026-07-25 20:50:00+03:00,15,OK,27.948725343176967,Acceptable,M,2
2026-07-25 20:55:00+03:00,15,OK,22.536502057613028,Favorable,M,2
2026-07-25 21:00:00+03:00,15,OK,17.456133490412064,Favorable,M,2
2026-07-25 21:05:00+03:00,15,OK,12.444029850746269,Favorable,A;M;V,1
2026-07-25 21:10:00+03:00,15,OK,12.444029850746269,Favorable,A;M;V,1
2026-07-25 21:15:00+03:00,15,OK,12.444029850746269,Favorable,A;M;V,1
2026-07-25 21:20:00+03:00,15,OK,12.444029850746269,Favorable,A;M;V,1
2026-07-25 21:25:00+03:00,15,OK,12.444029850746269,Favorable,A;M;V,1
2026-07-25 21:30:00+03:00,15,OK,12.444029850746269,Favorable,A;M;V,1
2026-07-25 21:35:00+03:00,15,OK,12.444029850746269,Favorable,A;M;V,1
2026-07-25 21:40:00+03:00,15,OK,12.444029850746269,Favorable,A;M;V,1
2026-07-25 21:45:00+03:00,15,OK,12.444029850746269,Favorable,A;M;V,1
2026-07-25 21:50:00+03:00,15,OK,12.444029850746269,Favorable,A;M;V,1
2026-07-25 21:55:00+03:00,15,OK,12.444029850746269,Favorable,A;M;V,1
2026-07-25 22:00:00+03:00,15,OK,12.444029850746269,Favorable,A;M;V,1
2026-07-25 22:05:00+03:00,15,OK,12.444029850746269,Favorable,A;M;V,1
2026-07-25 22:10:00+03:00,15,OK,12.444029850746269,Favorable,A;M;V,1
2026-07-25 22:15:00+03:00,15,OK,12.444029850746269,Favorable,A;M;V,1
2026-07-25 22:20:00+03:00,15,OK,12.444029850746269,Favorable,A;M;V,1
2026-07-25 22:25:00+03:00,15,OK,12.444029850746269,Favorable,A;M;V,1
2026-07-25 22:30:00+03:00,15,OK,12.444029850746269,Favorable,A;M;V,1
2026-07-25 22:35:00+03:00,15,OK,12.444029850746269,Favorable,A;M;V,1
2026-07-25 22:40:00+03:00,15,OK,12.444029850746269,Favorable,A;M;V,1
2026-07-25 22:45:00+03:00,15,OK,12.444029850746269,Favorable,A;M;V,1
2026-07-25 22:50:00+03:00,15,OK,12.444029850746269,Favorable,A;M;V,1
2026-07-25 22:55:00+03:00,15,OK,12.444029850746269,Favorable,A;M;V,1
2026-07-25 23:00:00+03:00,15,OK,12.444029850746269,Favorable,A;M;V,1
2026-07-25 23:05:00+03:00,15,OK,12.444029850746269,Favorable,A;M;V,1
2026-07-25 23:10:00+03:00,15,OK,12.444029850746269,Favorable,A;M;V,1
2026-07-25 23:15:00+03:00,15,OK,12.444029850746269,Favorable,A;M;V,1
2026-07-25 23:20:00+03:00,15,OK,12.444029850746269,Favorable,A;M;V,1
2026-07-25 23:25:00+03:00,15,OK,12.444029850746269,Favorable,A;M;V,1
2026-07-25 23:30:00+03:00,15,OK,12.444029850746269,Favorable,A;M;V,1
2026-07-25 23:35:00+03:00,15,OK,12.444029850746269,Favorable,A;M;V,1
2026-07-25 23:40:00+03:00,15,OK,12.444029850746269,Favorable,A;M;V,1
2026-07-25 23:45:00+03:00,15,OK,12.444029850746269,Favorable,A;M;V,1
2026-07-25 23:50:00+03:00,15,OK,12.444029850746269,Favorable,A;M;V,1
2026-07-25 23:55:00+03:00,15,OK,12.444029850746269,Favorable,A;M;V,1
2026-07-26 00:00:00+03:00,15,OK,12.444029850746269,Favorable,A;M;V,1
2026-07-26 00:05:00+03:00,15,OK,12.444029850746269,Favorable,A;M;V,1
2026-07-26 00:10:00+03:00,15,OK,12.444029850746269,Favorable,A;M;V,1
2026-07-26 00:15:00+03:00,15,OK,12.522714383786719,Favorable,M,2
2026-07-26 00:20:00+03:00,15,OK,12.444029850746269,Favorable,A;M;V,1
2026-07-26 00:25:00+03:00,15,OK,12.444029850746269,Favorable,A;M;V,1
2026-07-26 00:30:00+03:00,15,OK,14.006335316534209,Favorable,M,2
2026-07-26 00:35:00+03:00,15,OK,16.224520636179047,Favorable,M,2
2026-07-26 00:40:00+03:00,15,OK,17.45613349041188,Favorable,M,2
2026-07-26 00:45:00+03:00,15,OK,17.34504235875729,Favorable,M,2
2026-07-26 00:50:00+03:00,15,OK,17.139900943692247,Favorable,M,2
2026-07-26 00:55:00+03:00,15,OK,18.455096499124696,Favorable,M,2
2026-07-26 01:00:00+03:00,15,OK,20.94437052065755,Favorable,M,2
2026-07-26 01:05:00+03:00,15,OK,23.010329218106815,Favorable,M,2
2026-07-26 01:10:00+03:00,15,OK,23.700288065843484,Favorable,M,2
2026-07-26 01:15:00+03:00,15,OK,22.82744855967091,Favorable,M,2
2026-07-26 01:20:00+03:00,15,OK,22.87732510288067,Favorable,M,2
2026-07-26 01:25:00+03:00,15,OK,24.44012345679027,Favorable,M,2
2026-07-26 01:30:00+03:00,15,OK,26.49769756020446,Acceptable,M,2
2026-07-26 01:35:00+03:00,15,OK,27.726015185768727,Acceptable,M,4
2026-07-26 01:40:00+03:00,15,OK,28.40961716604652,Acceptable,M,4
2026-07-26 01:45:00+03:00,15,OK,31.679852399134298,Acceptable,M,2
2026-07-26 01:50:00+03:00,15,OK,35.65861958949292,Acceptable,M,2
2026-07-26 01:55:00+03:00,15,OK,39.45609358214283,Acceptable,M,2
2026-07-26 02:00:00+03:00,15,OK,39.29387686051015,Acceptable,M,2
2026-07-26 02:05:00+03:00,15,OK,37.861895342564175,Acceptable,M,2
2026-07-26 02:10:00+03:00,15,OK,35.830783013975655,Acceptable,M,2
2026-07-26 02:15:00+03:00,15,OK,34.92186379690363,Acceptable,M,2
2026-07-26 02:20:00+03:00,15,OK,34.3249114533585,Acceptable,M,2
2026-07-26 02:25:00+03:00,15,OK,34.209912526776094,Acceptable,M,2
2026-07-26 02:30:00+03:00,15,OK,34.275622276607166,Acceptable,M,2
2026-07-26 02:35:00+03:00,15,OK,35.150887947294244,Acceptable,M,2
2026-07-26 02:40:00+03:00,15,OK,36.10151988825369,Acceptable,M,2
2026-07-26 02:45:00+03:00,15,OK,36.808194821799795,Acceptable,M,2
2026-07-26 02:50:00+03:00,15,OK,36.99746372950001,Acceptable,M,2
2026-07-26 02:55:00+03:00,15,OK,37.03862449371167,Acceptable,M,2
2026-07-26 03:00:00+03:00,15,OK,37.483510439721236,Acceptable,M,2
2026-07-26 03:05:00+03:00,15,OK,37.91353683874093,Acceptable,M,2
2026-07-26 03:10:00+03:00,15,OK,39.447559426902274,Acceptable,M,2
2026-07-26 03:15:00+03:00,15,OK,40.57913526378415,Acceptable,M,2
2026-07-26 03:20:00+03:00,15,OK,43.40148240669227,Acceptable,M,2
2026-07-26 03:25:00+03:00,15,OK,45.39440904203757,Acceptable,M,2
2026-07-26 03:30:00+03:00,15,OK,46.694355530244806,Acceptable,M,2
2026-07-26 03:35:00+03:00,15,OK,46.85861818467364,Acceptable,M,2
2026-07-26 03:40:00+03:00,15,OK,46.54646397192683,Acceptable,M,2
2026-07-26 03:45:00+03:00,15,OK,46.43140105159081,Acceptable,M,2
2026-07-26 03:50:00+03:00,15,OK,46.036659264063,Acceptable,M,2
2026-07-26 03:55:00+03:00,15,OK,46.89967377042221,Acceptable,M,2
2026-07-26 04:00:00+03:00,15,OK,47.62028595821513,Acceptable,M,2
2026-07-26 04:05:00+03:00,15,OK,47.93129613700234,Acceptable,M,2
2026-07-26 04:10:00+03:00,15,OK,47.09630453630901,Acceptable,M,2
2026-07-26 04:15:00+03:00,15,OK,47.16181421415764,Acceptable,M,2
2026-07-26 04:20:00+03:00,15,OK,48.07040724218669,Acceptable,M,2
2026-07-26 04:25:00+03:00,15,OK,51.1116051578479,Degraded,M,2
2026-07-26 04:30:00+03:00,15,OK,55.33136482939638,Degraded,M,2
2026-07-26 04:35:00+03:00,15,OK,61.09089218590187,Degraded,M,2
2026-07-26 04:40:00+03:00,15,OK,62.5,Degraded,A;M;V,1
2026-07-26 04:45:00+03:00,15,PARTIAL,12.444029850746269,Favorable,A;V,1
2026-07-26 04:50:00+03:00,15,PARTIAL,12.444029850746269,Favorable,A;V,1
2026-07-26 04:55:00+03:00,15,PARTIAL,12.444029850746269,Favorable,A;V,1
2026-07-26 05:00:00+03:00,15,PARTIAL,12.444029850746269,Favorable,A;V,1
2026-07-26 05:05:00+03:00,15,OK,62.5,Degraded,A;M;V,1
2026-07-26 05:10:00+03:00,15,OK,62.5,Degraded,A;M;V,1
2026-07-26 05:15:00+03:00,15,OK,62.5,Degraded,A;M;V,1
2026-07-26 05:20:00+03:00,15,PARTIAL,12.444029850746269,Favorable,A;V,1
2026-07-26 05:25:00+03:00,15,PARTIAL,12.444029850746269,Favorable,A;V,1
2026-07-26 05:30:00+03:00,15,PARTIAL,12.444029850746269,Favorable,A;V,1
2026-07-26 05:35:00+03:00,15,OK,62.5,Degraded,A;M;V,1
2026-07-26 05:40:00+03:00,15,OK,62.5,Degraded,A;M;V,1
2026-07-26 05:45:00+03:00,15,OK,62.5,Degraded,A;M;V,1
2026-07-26 05:50:00+03:00,15,OK,62.5,Degraded,A;M;V,1
2026-07-26 05:55:00+03:00,15,OK,62.5,Degraded,A;M;V,1
2026-07-26 06:00:00+03:00,15,OK,62.5,Degraded,A;M;V,1
2026-07-26 06:05:00+03:00,15,OK,62.5,Degraded,A;M;V,1
2026-07-26 06:10:00+03:00,15,OK,62.5,Degraded,A;M;V,1
2026-07-26 06:15:00+03:00,15,OK,62.5,Degraded,A;M;V,1
2026-07-26 06:20:00+03:00,15,OK,62.5,Degraded,A;M;V,1
2026-07-26 06:25:00+03:00,15,OK,62.5,Degraded,A;M;V,1
2026-07-26 06:30:00+03:00,15,OK,62.5,Degraded,A;M;V,1
2026-07-26 06:35:00+03:00,15,OK,62.5,Degraded,A;M;V,1
2026-07-26 06:40:00+03:00,15,OK,62.5,Degraded,A;M;V,1
2026-07-26 06:45:00+03:00,15,OK,62.5,Degraded,A;M;V,1
2026-07-26 06:50:00+03:00,15,OK,62.5,Degraded,A;M;V,1
2026-07-26 06:55:00+03:00,15,OK,62.5,Degraded,A;M;V,1
2026-07-26 07:00:00+03:00,15,OK,62.5,Degraded,A;M;V,1
2026-07-26 07:05:00+03:00,15,OK,62.077857649420956,Degraded,M,2
2026-07-26 07:10:00+03:00,15,OK,60.671960357025455,Degraded,M,2
2026-07-26 07:15:00+03:00,15,OK,59.15067226057935,Degraded,M,2
2026-07-26 07:20:00+03:00,15,OK,57.825370675453314,Degraded,M,2
2026-07-26 07:25:00+03:00,15,OK,55.87652083702633,Degraded,M,2
2026-07-26 07:30:00+03:00,15,OK,54.07854391068491,Degraded,M,2
2026-07-26 07:35:00+03:00,15,OK,52.21601483666908,Degraded,M,2
2026-07-26 07:40:00+03:00,15,OK,50.76003491257178,Degraded,M,2
2026-07-26 07:45:00+03:00,15,OK,49.35440849108137,Acceptable,M,2
2026-07-26 07:50:00+03:00,15,OK,47.62847142716925,Acceptable,M,2
2026-07-26 07:55:00+03:00,15,OK,45.62507373471206,Acceptable,M,2
2026-07-26 08:00:00+03:00,15,OK,43.48472648996812,Acceptable,M,2
2026-07-26 08:05:00+03:00,15,OK,41.470898772601416,Acceptable,M,2
2026-07-26 08:10:00+03:00,15,OK,39.48169367111283,Acceptable,M,2
2026-07-26 08:15:00+03:00,15,OK,37.715499292079606,Acceptable,M,2
2026-07-26 08:20:00+03:00,15,OK,36.290355902431074,Acceptable,M,2
2026-07-26 08:25:00+03:00,15,OK,34.97910386816594,Acceptable,M,2
2026-07-26 08:30:00+03:00,15,OK,33.561589881218886,Acceptable,M,2
2026-07-26 08:35:00+03:00,15,OK,31.875806376949726,Acceptable,M,2
2026-07-26 08:40:00+03:00,15,OK,30.21199360851451,Acceptable,M,2
2026-07-26 08:45:00+03:00,15,OK,28.671455986072537,Acceptable,M,2
2026-07-26 08:50:00+03:00,15,OK,27.049879086991815,Acceptable,M,2
2026-07-26 08:55:00+03:00,15,OK,25.34467176547662,Acceptable,M,2
2026-07-26 09:00:00+03:00,15,OK,23.367777777777587,Favorable,M,2
2026-07-26 09:05:00+03:00,15,OK,21.524618436867286,Favorable,M,2
2026-07-26 09:10:00+03:00,15,OK,20.584876984117475,Favorable,M,2
2026-07-26 09:15:00+03:00,15,OK,22.187089163237268,Favorable,M,2
2026-07-26 09:20:00+03:00,15,OK,24.358519890260723,Favorable,M,2
2026-07-26 09:25:00+03:00,15,OK,25.814950446018464,Acceptable,M,2
2026-07-26 09:30:00+03:00,15,OK,26.603170122228775,Acceptable,M,2
2026-07-26 09:35:00+03:00,15,OK,26.36271115057974,Acceptable,M,2
2026-07-26 09:40:00+03:00,15,OK,25.9401317411143,Acceptable,M,2
2026-07-26 09:45:00+03:00,15,OK,23.87901234567902,Favorable,M,2
2026-07-26 09:50:00+03:00,15,OK,20.27100854824581,Favorable,M,2
2026-07-26 09:55:00+03:00,15,OK,15.43994470106602,Favorable,M,2
2026-07-26 10:00:00+03:00,15,OK,15.363374159104566,Favorable,M,2
2026-07-26 10:05:00+03:00,15,OK,16.98600221838517,Favorable,M,2
2026-07-26 10:10:00+03:00,15,OK,17.874690315408007,Favorable,M,2
2026-07-26 10:15:00+03:00,15,OK,17.353588507272057,Favorable,M,2
2026-07-26 10:20:00+03:00,15,OK,16.592539238056577,Favorable,M,2
2026-07-26 10:25:00+03:00,15,OK,16.00189631078316,Favorable,M,2
2026-07-26 10:30:00+03:00,15,OK,15.77919548243582,Favorable,M,2
2026-07-26 10:35:00+03:00,15,OK,15.727792115097499,Favorable,M,2
2026-07-26 10:40:00+03:00,15,OK,15.64990218239002,Favorable,M,2
2026-07-26 10:45:00+03:00,15,OK,16.0104601992107,Favorable,M,2
2026-07-26 10:50:00+03:00,15,OK,16.18171420549319,Favorable,M,2
2026-07-26 10:55:00+03:00,15,OK,16.60109532316527,Favorable,M,2
2026-07-26 11:00:00+03:00,15,OK,17.310856636490772,Favorable,M,2
2026-07-26 11:05:00+03:00,15,OK,18.13081605324673,Favorable,M,2
2026-07-26 11:10:00+03:00,15,OK,18.600116715737535,Favorable,M,2
2026-07-26 11:15:00+03:00,15,OK,18.787741680264983,Favorable,M,2
2026-07-26 11:20:00+03:00,15,OK,18.745104422502962,Favorable,M,2
2026-07-26 11:25:00+03:00,15,OK,18.881533752846806,Favorable,M,2
2026-07-26 11:30:00+03:00,15,OK,18.335643667206597,Favorable,M,2
2026-07-26 11:35:00+03:00,15,OK,17.81491305337563,Favorable,M,2
2026-07-26 11:40:00+03:00,15,OK,16.917591042795237,Favorable,M,2
2026-07-26 11:45:00+03:00,15,OK,16.087530102770526,Favorable,M,2
2026-07-26 11:50:00+03:00,15,OK,15.076658531908048,Favorable,M,2
2026-07-26 11:55:00+03:00,15,OK,14.032471875144742,Favorable,M,2
2026-07-26 12:00:00+03:00,15,OK,12.933393664558055,Favorable,M,2
2026-07-26 12:05:00+03:00,15,OK,12.444029850746269,Favorable,A;M;V,1
2026-07-26 12:10:00+03:00,15,OK,12.444029850746269,Favorable,A;M;V,1
2026-07-26 12:15:00+03:00,15,OK,12.444029850746269,Favorable,A;M;V,1
2026-07-26 12:20:00+03:00,15,OK,12.444029850746269,Favorable,A;M;V,1
2026-07-26 12:25:00+03:00,15,OK,12.444029850746269,Favorable,A;M;V,1
2026-07-26 12:30:00+03:00,15,OK,12.444029850746269,Favorable,A;M;V,1
2026-07-26 12:35:00+03:00,15,OK,12.444029850746269,Favorable,A;M;V,1
2026-07-26 12:40:00+03:00,15,OK,12.444029850746269,Favorable,A;M;V,1
2026-07-26 12:45:00+03:00,15,OK,12.444029850746269,Favorable,A;M;V,1
2026-07-26 12:50:00+03:00,15,OK,12.444029850746269,Favorable,A;M;V,1
2026-07-26 12:55:00+03:00,15,OK,12.444029850746269,Favorable,A;M;V,1
2026-07-26 13:00:00+03:00,15,OK,12.444029850746269,Favorable,A;M;V,1
2026-07-26 13:05:00+03:00,15,OK,12.444029850746269,Favorable,A;M;V,1
2026-07-26 13:10:00+03:00,15,OK,12.444029850746269,Favorable,A;M;V,1
2026-07-26 13:15:00+03:00,15,OK,12.444029850746269,Favorable,A;M;V,1
2026-07-26 13:20:00+03:00,15,OK,12.444029850746269,Favorable,A;M;V,1
2026-07-26 13:25:00+03:00,15,OK,12.444029850746269,Favorable,A;M;V,1
2026-07-26 13:30:00+03:00,15,OK,12.444029850746269,Favorable,A;M;V,1
2026-07-26 13:35:00+03:00,15,OK,12.444029850746269,Favorable,A;M;V,1
2026-07-26 13:40:00+03:00,15,OK,12.444029850746269,Favorable,A;M;V,1
2026-07-26 13:45:00+03:00,15,OK,12.444029850746269,Favorable,A;M;V,1
2026-07-26 13:50:00+03:00,15,OK,12.444029850746269,Favorable,A;M;V,1
2026-07-26 13:55:00+03:00,15,OK,12.444029850746269,Favorable,A;M;V,1
2026-07-26 14:00:00+03:00,15,OK,12.444029850746269,Favorable,A;M;V,1
2026-07-26 14:05:00+03:00,15,OK,12.444029850746269,Favorable,A;M;V,1
2026-07-26 14:10:00+03:00,15,OK,12.444029850746269,Favorable,A;M;V,1
2026-07-26 14:15:00+03:00,15,OK,12.444029850746269,Favorable,A;M;V,1
2026-07-26 14:20:00+03:00,15,OK,12.444029850746269,Favorable,A;M;V,1
2026-07-26 14:25:00+03:00,15,OK,12.444029850746269,Favorable,A;M;V,1
2026-07-26 14:30:00+03:00,15,OK,12.444029850746269,Favorable,A;M;V,1
2026-07-26 14:35:00+03:00,15,OK,12.444029850746269,Favorable,A;M;V,1
2026-07-26 14:40:00+03:00,15,OK,12.444029850746269,Favorable,A;M;V,1
2026-07-26 14:45:00+03:00,15,OK,12.444029850746269,Favorable,A;M;V,1
2026-07-26 14:50:00+03:00,15,OK,12.444029850746269,Favorable,A;M;V,1
2026-07-26 14:55:00+03:00,15,OK,12.444029850746269,Favorable,A;M;V,1
2026-07-26 15:00:00+03:00,15,OK,12.444029850746269,Favorable,A;M;V,1
2026-07-26 15:05:00+03:00,15,OK,12.444029850746269,Favorable,A;M;V,1
2026-07-26 15:10:00+03:00,15,OK,12.444029850746269,Favorable,A;M;V,1
2026-07-26 15:15:00+03:00,15,OK,12.444029850746269,Favorable,A;M;V,1
2026-07-26 15:20:00+03:00,15,OK,12.444029850746269,Favorable,A;M;V,1
2026-07-26 15:25:00+03:00,15,OK,12.444029850746269,Favorable,A;M;V,1
2026-07-26 15:30:00+03:00,15,OK,12.444029850746269,Favorable,A;M;V,1
2026-07-26 15:35:00+03:00,15,OK,12.444029850746269,Favorable,A;M;V,1
2026-07-26 15:40:00+03:00,15,OK,12.444029850746269,Favorable,A;M;V,1
2026-07-26 15:45:00+03:00,15,OK,12.444029850746269,Favorable,A;M;V,1
2026-07-26 15:50:00+03:00,15,OK,12.444029850746269,Favorable,A;M;V,1
2026-07-26 15:55:00+03:00,15,OK,12.444029850746269,Favorable,A;M;V,1
2026-07-26 16:00:00+03:00,15,OK,12.444029850746269,Favorable,A;M;V,1
2026-07-26 16:05:00+03:00,15,OK,14.859324713641925,Favorable,M,2
2026-07-26 16:10:00+03:00,15,OK,19.74098766611868,Favorable,M,2
2026-07-26 16:15:00+03:00,15,OK,24.315432098765513,Favorable,M,2
2026-07-26 16:20:00+03:00,15,OK,28.31963558749375,Acceptable,M,2
2026-07-26 16:25:00+03:00,15,OK,31.57374960336366,Acceptable,M,2
2026-07-26 16:30:00+03:00,15,OK,34.16063707741468,Acceptable,M,2
2026-07-26 16:35:00+03:00,15,OK,36.44643807901176,Acceptable,M,2
2026-07-26 16:40:00+03:00,15,OK,39.12296771238844,Acceptable,M,2
2026-07-26 16:45:00+03:00,15,OK,41.286265966928035,Acceptable,M,2
2026-07-26 16:50:00+03:00,15,OK,43.0015296304215,Acceptable,M,2
2026-07-26 16:55:00+03:00,15,OK,46.62863240309779,Acceptable,M,2
2026-07-26 17:00:00+03:00,15,OK,52.273307122156545,Degraded,M,2
2026-07-26 17:05:00+03:00,15,OK,58.05973101265806,Degraded,M,2
2026-07-26 17:10:00+03:00,15,OK,61.62233883357593,Degraded,M,2
2026-07-26 17:15:00+03:00,15,OK,62.5,Degraded,A;M;V,1
2026-07-26 17:20:00+03:00,15,OK,62.5,Degraded,A;M;V,1
2026-07-26 17:25:00+03:00,15,OK,62.5,Degraded,A;M;V,1
2026-07-26 17:30:00+03:00,15,OK,62.5,Degraded,A;M;V,1
2026-07-26 17:35:00+03:00,15,OK,62.5,Degraded,A;M;V,1
2026-07-26 17:40:00+03:00,15,OK,62.5,Degraded,A;M;V,1
2026-07-26 17:45:00+03:00,15,OK,62.5,Degraded,A;M;V,1
2026-07-26 17:50:00+03:00,15,OK,62.5,Degraded,A;M;V,1
2026-07-26 17:55:00+03:00,15,OK,62.5,Degraded,A;M;V,1
2026-07-26 18:00:00+03:00,15,OK,62.5,Degraded,A;M;V,1
2026-07-26 18:05:00+03:00,15,OK,62.911975349766806,Degraded,M,2
2026-07-26 18:10:00+03:00,15,OK,64.21021699819148,Degraded,M,2
2026-07-26 18:15:00+03:00,15,OK,65.71616326923113,Degraded,M,2
2026-07-26 18:20:00+03:00,15,OK,68.98344273505383,Degraded,M,2
2026-07-26 18:25:00+03:00,15,OK,71.71308175084788,Degraded,M,2
2026-07-26 18:30:00+03:00,15,OK,72.0760221872135,Degraded,M,2
2026-07-26 18:35:00+03:00,15,OK,71.0174668456445,Degraded,M,2
2026-07-26 18:40:00+03:00,15,OK,72.4554230485332,Degraded,M,2
2026-07-26 18:45:00+03:00,15,OK,75.71781893004075,Critical,M,2
2026-07-26 18:50:00+03:00,15,OK,81.05066517458305,Critical,M,2
2026-07-26 18:55:00+03:00,15,OK,85.45382548647885,Critical,M,2
2026-07-26 19:00:00+03:00,15,OK,87.55597014925372,Critical,A;M;V,1
2026-07-26 19:05:00+03:00,15,OK,87.55597014925372,Critical,A;M;V,1
2026-07-26 19:10:00+03:00,15,OK,87.55597014925372,Critical,A;M;V,1
2026-07-26 19:15:00+03:00,15,OK,87.55597014925372,Critical,A;M;V,1
2026-07-26 19:20:00+03:00,15,OK,87.55597014925372,Critical,A;M;V,1
2026-07-26 19:25:00+03:00,15,OK,87.55597014925372,Critical,A;M;V,1
2026-07-26 19:30:00+03:00,15,OK,87.55597014925372,Critical,A;M;V,1
2026-07-26 19:35:00+03:00,15,OK,87.55597014925372,Critical,A;M;V,1
2026-07-26 19:40:00+03:00,15,OK,87.55597014925372,Critical,A;M;V,1
2026-07-26 19:45:00+03:00,15,OK,87.55597014925372,Critical,A;M;V,1
2026-07-26 19:50:00+03:00,15,OK,87.55597014925372,Critical,A;M;V,1
2026-07-26 19:55:00+03:00,15,OK,87.55597014925372,Critical,A;M;V,1
2026-07-26 20:00:00+03:00,15,OK,87.55597014925372,Critical,A;M;V,1
2026-07-26 20:05:00+03:00,15,OK,87.55597014925372,Critical,A;M;V,1
2026-07-26 20:10:00+03:00,15,OK,86.81339994366283,Critical,M,2
2026-07-26 20:15:00+03:00,15,OK,82.29611651286214,Critical,M,2
2026-07-26 20:20:00+03:00,15,OK,77.38037037037111,Critical,M,2
2026-07-26 20:25:00+03:00,15,OK,72.62034407085724,Degraded,M,2
2026-07-26 20:30:00+03:00,15,OK,68.34463528960684,Degraded,M,2
2026-07-26 20:35:00+03:00,15,OK,67.00383415777658,Degraded,M,2
2026-07-26 20:40:00+03:00,15,OK,68.93414988684953,Degraded,M,2
2026-07-26 20:45:00+03:00,15,OK,74.42480811845743,Degraded,M,2
2026-07-26 20:50:00+03:00,15,OK,77.81263374485583,Critical,M,4
2026-07-26 20:55:00+03:00,15,OK,78.03826748140665,Critical,M,2
2026-07-26 21:00:00+03:00,15,OK,75.14423868312798,Critical,M,4
2026-07-26 21:05:00+03:00,15,OK,71.75426611598074,Degraded,M,2
2026-07-26 21:10:00+03:00,15,OK,69.34861001866449,Degraded,A,2
2026-07-26 21:15:00+03:00,15,OK,69.23347575740064,Degraded,A,2
2026-07-26 21:20:00+03:00,15,OK,67.01541513083187,Degraded,A,4
2026-07-26 21:25:00+03:00,15,OK,87.4956031286735,Critical,M,2
2026-07-26 21:30:00+03:00,15,OK,87.37678394285457,Critical,A,2
2026-07-26 21:35:00+03:00,15,OK,87.51911163404716,Critical,A,2
2026-07-26 21:40:00+03:00,15,OK,62.79298911631366,Degraded,A,2
2026-07-26 21:45:00+03:00,15,OK,87.50726521828035,Critical,A,1
2026-07-26 21:50:00+03:00,15,OK,87.55597014925372,Critical,A;M;V,1
2026-07-26 21:55:00+03:00,15,OK,87.44827321435564,Critical,A,1
2026-07-26 22:00:00+03:00,15,OK,62.5,Degraded,A,1
2026-07-26 22:05:00+03:00,15,OK,62.5,Degraded,A;M;V,1
2026-07-26 22:10:00+03:00,15,OK,67.69113122531209,Degraded,M,2
2026-07-26 22:15:00+03:00,15,OK,79.08086363232167,Critical,M,2
2026-07-26 22:20:00+03:00,15,OK,86.31076656796101,Critical,V,4
2026-07-26 22:25:00+03:00,15,OK,87.55597014925372,Critical,A;M;V,1
2026-07-26 22:30:00+03:00,15,OK,87.54288123960706,Critical,M,2
2026-07-26 22:35:00+03:00,15,OK,87.46692896639728,Critical,V,4
2026-07-26 22:40:00+03:00,15,OK,87.42917949948668,Critical,M,2
2026-07-26 22:45:00+03:00,15,OK,87.35964550700743,Critical,M,2
2026-07-26 22:50:00+03:00,15,OK,87.32029031240138,Critical,M,2
2026-07-26 22:55:00+03:00,15,OK,87.36770583533173,Critical,M,2
2026-07-26 23:00:00+03:00,15,OK,87.38483572349952,Critical,M,2
2026-07-26 23:05:00+03:00,15,OK,87.39375601450885,Critical,M,2
2026-07-26 23:10:00+03:00,15,OK,87.40907963899633,Critical,M,2
2026-07-26 23:15:00+03:00,15,OK,87.42062938020149,Critical,M,2
2026-07-26 23:20:00+03:00,15,OK,87.45361775643465,Critical,M,2
2026-07-26 23:25:00+03:00,15,OK,87.4632392915391,Critical,M,2
2026-07-26 23:30:00+03:00,15,OK,70.22951482332229,Degraded,A,2
2026-07-26 23:35:00+03:00,15,OK,75.13592592592641,Critical,M,2
2026-07-26 23:40:00+03:00,15,OK,79.79603858622612,Critical,M,2
2026-07-26 23:45:00+03:00,15,OK,79.51833486515072,Critical,M,2
2026-07-26 23:50:00+03:00,15,OK,87.33265213442324,Critical,M,2
2026-07-26 23:55:00+03:00,15,OK,87.37526474802216,Critical,M,2
2026-07-27 00:00:00+03:00,15,PARTIAL,65.33150009954198,Degraded,M,2
2026-07-27 00:05:00+03:00,15,PARTIAL,62.5,Degraded,M;V,1
2026-07-27 00:10:00+03:00,15,PARTIAL,62.5,Degraded,M;V,1
2026-07-27 00:15:00+03:00,15,OK,87.48891288600328,Critical,M,2
2026-07-27 00:20:00+03:00,15,OK,87.3354572713643,Critical,M,2
2026-07-27 00:25:00+03:00,15,OK,78.33222432201288,Critical,A,8
2026-07-27 00:30:00+03:00,15,OK,37.24528249389832,Acceptable,V,4
2026-07-27 00:35:00+03:00,15,OK,29.5643232758622,Acceptable,V,4
2026-07-27 00:40:00+03:00,15,OK,25.72340583170065,Acceptable,M,4
2026-07-27 00:45:00+03:00,15,OK,23.575596707819088,Favorable,M,4
2026-07-27 00:50:00+03:00,15,OK,23.043580246913795,Favorable,M,4
2026-07-27 00:55:00+03:00,15,OK,24.17292768959435,Favorable,V,4
2026-07-27 01:00:00+03:00,15,OK,24.41637272192829,Favorable,V,4
2026-07-27 01:05:00+03:00,15,OK,24.457936507936523,Favorable,V,4
2026-07-27 01:10:00+03:00,15,OK,24.08386243386243,Favorable,V,4
2026-07-27 01:15:00+03:00,15,OK,23.157583774250426,Favorable,V,4
2026-07-27 01:20:00+03:00,15,OK,21.914906026000434,Favorable,V,4
2026-07-27 01:25:00+03:00,15,OK,20.094546398036336,Favorable,V,4
2026-07-27 01:30:00+03:00,15,OK,18.726830451440325,Favorable,V,4
2026-07-27 01:35:00+03:00,15,OK,17.934462056111926,Favorable,M,4
2026-07-27 01:40:00+03:00,15,OK,17.122802891518354,Favorable,M,4
2026-07-27 01:45:00+03:00,15,OK,16.498414842358876,Favorable,M,4
2026-07-27 01:50:00+03:00,15,OK,15.856292890678851,Favorable,M,4
2026-07-27 01:55:00+03:00,15,OK,15.380744832419467,Favorable,M,2
2026-07-27 02:00:00+03:00,15,OK,14.894105370390884,Favorable,M,2
2026-07-27 02:05:00+03:00,15,OK,14.267630830743268,Favorable,M,2
2026-07-27 02:10:00+03:00,15,OK,13.631540071809916,Favorable,M,2
2026-07-27 02:15:00+03:00,15,OK,12.749946121583147,Favorable,M,2
2026-07-27 02:20:00+03:00,15,OK,12.444029850746269,Favorable,A;M;V,1
2026-07-27 02:25:00+03:00,15,OK,12.444029850746269,Favorable,A;M;V,1
2026-07-27 02:30:00+03:00,15,OK,12.444029850746269,Favorable,A;M;V,1
2026-07-27 02:35:00+03:00,15,OK,12.444029850746269,Favorable,A;M;V,1
2026-07-27 02:40:00+03:00,15,OK,12.444029850746269,Favorable,A;M;V,1
2026-07-27 02:45:00+03:00,15,OK,12.444029850746269,Favorable,A;M;V,1
2026-07-27 02:50:00+03:00,15,OK,12.444029850746269,Favorable,A;M;V,1
2026-07-27 02:55:00+03:00,15,OK,12.444029850746269,Favorable,A;M;V,1
2026-07-27 03:00:00+03:00,15,OK,12.444029850746269,Favorable,A;M;V,1
2026-07-27 03:05:00+03:00,15,OK,12.444029850746269,Favorable,A;M;V,1
2026-07-27 03:10:00+03:00,15,OK,12.444029850746269,Favorable,A;M;V,1
2026-07-27 03:15:00+03:00,15,OK,12.444029850746269,Favorable,A;M;V,1
2026-07-27 03:20:00+03:00,15,OK,12.444029850746269,Favorable,A;M;V,1
2026-07-27 03:25:00+03:00,15,OK,12.444029850746269,Favorable,A;M;V,1
2026-07-27 03:30:00+03:00,15,OK,12.444029850746269,Favorable,A;M;V,1
2026-07-27 03:35:00+03:00,15,OK,12.444029850746269,Favorable,A;M;V,1
2026-07-27 03:40:00+03:00,15,OK,12.444029850746269,Favorable,A;M;V,1
2026-07-27 03:45:00+03:00,15,OK,12.444029850746269,Favorable,A;M;V,1
2026-07-27 03:50:00+03:00,15,OK,12.444029850746269,Favorable,A;M;V,1
2026-07-27 03:55:00+03:00,15,OK,12.444029850746269,Favorable,A;M;V,1
2026-07-27 04:00:00+03:00,15,OK,12.444029850746269,Favorable,A;M;V,1
2026-07-27 04:05:00+03:00,15,OK,12.444029850746269,Favorable,A;M;V,1
2026-07-27 04:10:00+03:00,15,OK,12.444029850746269,Favorable,A;M;V,1
2026-07-27 04:15:00+03:00,15,OK,12.444029850746269,Favorable,A;M;V,1
2026-07-27 04:20:00+03:00,15,OK,12.444029850746269,Favorable,A;M;V,1
2026-07-27 04:25:00+03:00,15,OK,12.444029850746269,Favorable,A;M;V,1
2026-07-27 04:30:00+03:00,15,OK,12.444029850746269,Favorable,A;M;V,1
2026-07-27 04:35:00+03:00,15,OK,12.444029850746269,Favorable,A;M;V,1
2026-07-27 04:40:00+03:00,15,OK,12.444029850746269,Favorable,A;M;V,1
2026-07-27 04:45:00+03:00,15,OK,12.444029850746269,Favorable,A;M;V,1
2026-07-27 04:50:00+03:00,15,OK,12.444029850746269,Favorable,A;M;V,1
2026-07-27 04:55:00+03:00,15,OK,12.444029850746269,Favorable,A;M;V,1
2026-07-27 05:00:00+03:00,15,OK,12.444029850746269,Favorable,A;M;V,1
2026-07-27 05:05:00+03:00,15,OK,12.444029850746269,Favorable,A;M;V,1
2026-07-27 05:10:00+03:00,15,OK,12.444029850746269,Favorable,A;M;V,1
2026-07-27 05:15:00+03:00,15,OK,12.444029850746269,Favorable,A;M;V,1
2026-07-27 05:20:00+03:00,15,OK,12.444029850746269,Favorable,A;M;V,1
2026-07-27 05:25:00+03:00,15,OK,12.444029850746269,Favorable,A;M;V,1
2026-07-27 05:30:00+03:00,15,OK,12.444029850746269,Favorable,A;M;V,1
2026-07-27 05:35:00+03:00,15,OK,12.444029850746269,Favorable,A;M;V,1
2026-07-27 05:40:00+03:00,15,OK,12.444029850746269,Favorable,A;M;V,1
2026-07-27 05:45:00+03:00,15,OK,12.444029850746269,Favorable,A;M;V,1
2026-07-27 05:50:00+03:00,15,OK,12.444029850746269,Favorable,A;M;V,1
2026-07-27 05:55:00+03:00,15,OK,12.444029850746269,Favorable,A;M;V,1
2026-07-27 06:00:00+03:00,15,OK,12.444029850746269,Favorable,A;M;V,1
2026-07-27 06:05:00+03:00,15,OK,12.444029850746269,Favorable,A;M;V,1
2026-07-27 06:10:00+03:00,15,OK,12.444029850746269,Favorable,A;M;V,1
2026-07-27 06:15:00+03:00,15,OK,12.444029850746269,Favorable,A;M;V,1
2026-07-27 06:20:00+03:00,15,OK,12.444029850746269,Favorable,A;M;V,1
2026-07-27 06:25:00+03:00,15,OK,12.444029850746269,Favorable,A;M;V,1
2026-07-27 06:30:00+03:00,15,OK,12.444029850746269,Favorable,A;M;V,1
2026-07-27 06:35:00+03:00,15,OK,12.444029850746269,Favorable,A;M;V,1
2026-07-27 06:40:00+03:00,15,OK,12.444029850746269,Favorable,A;M;V,1
2026-07-27 06:45:00+03:00,15,OK,12.444029850746269,Favorable,A;M;V,1
2026-07-27 06:50:00+03:00,15,OK,12.444029850746269,Favorable,A;M;V,1
2026-07-27 06:55:00+03:00,15,OK,12.444029850746269,Favorable,A;M;V,1
2026-07-27 07:00:00+03:00,15,OK,12.444029850746269,Favorable,A;M;V,1
2026-07-27 07:05:00+03:00,15,OK,12.444029850746269,Favorable,A;M;V,1
2026-07-27 07:10:00+03:00,15,OK,12.444029850746269,Favorable,A;M;V,1
2026-07-27 07:15:00+03:00,15,OK,12.444029850746269,Favorable,A;M;V,1
2026-07-27 07:20:00+03:00,15,OK,12.444029850746269,Favorable,A;M;V,1
2026-07-27 07:25:00+03:00,15,OK,12.444029850746269,Favorable,A;M;V,1
2026-07-27 07:30:00+03:00,15,OK,12.444029850746269,Favorable,A;M;V,1
2026-07-27 07:35:00+03:00,15,OK,12.444029850746269,Favorable,A;M;V,1
2026-07-27 07:40:00+03:00,15,OK,12.444029850746269,Favorable,A;M;V,1
2026-07-27 07:45:00+03:00,15,OK,12.444029850746269,Favorable,A;M;V,1
2026-07-27 07:50:00+03:00,15,OK,21.72878375231952,Favorable,V,2
2026-07-27 07:55:00+03:00,15,OK,37.5,Acceptable,A;M;V,1
2026-07-27 08:00:00+03:00,15,OK,37.5,Acceptable,A;M;V,1
2026-07-27 08:05:00+03:00,15,OK,37.5,Acceptable,A;M;V,1
2026-07-27 08:10:00+03:00,15,OK,37.5,Acceptable,A;M;V,1
2026-07-27 08:15:00+03:00,15,OK,37.5,Acceptable,A;M;V,1
2026-07-27 08:20:00+03:00,15,OK,37.5,Acceptable,A;M;V,1
2026-07-27 08:25:00+03:00,15,OK,30.420657888219864,Acceptable,V,2
2026-07-27 08:30:00+03:00,15,OK,20.67758424349086,Favorable,V,2
2026-07-27 08:35:00+03:00,15,OK,13.896793748329578,Favorable,V,2
2026-07-27 08:40:00+03:00,15,OK,12.444029850746269,Favorable,A;M;V,1
2026-07-27 08:45:00+03:00,15,OK,12.444029850746269,Favorable,A;M;V,1
2026-07-27 08:50:00+03:00,15,OK,12.444029850746269,Favorable,A;M;V,1
2026-07-27 08:55:00+03:00,15,OK,87.44596405426084,Critical,A,2
2026-07-27 09:00:00+03:00,15,OK,87.55597014925372,Critical,A;M;V,1
2026-07-27 09:05:00+03:00,15,OK,87.55597014925372,Critical,A;M;V,1
2026-07-27 09:10:00+03:00,15,OK,87.55597014925372,Critical,A;M;V,1
2026-07-27 09:15:00+03:00,15,OK,87.40864644130998,Critical,V,2
2026-07-27 09:20:00+03:00,15,OK,87.37574020295284,Critical,A,2
2026-07-27 09:25:00+03:00,15,OK,62.50000000000001,Degraded,A,2
2026-07-27 09:30:00+03:00,15,OK,41.120753332416825,Acceptable,M,4
2026-07-27 09:35:00+03:00,15,OK,30.73635698056727,Acceptable,A,4
2026-07-27 09:40:00+03:00,15,OK,17.38777197319003,Favorable,M,2
2026-07-27 09:45:00+03:00,15,OK,17.481767198281293,Favorable,M,2
2026-07-27 09:50:00+03:00,15,OK,18.25030670901221,Favorable,M,2
2026-07-27 09:55:00+03:00,15,OK,19.353644369156516,Favorable,M,2
2026-07-27 10:00:00+03:00,15,OK,20.422763330412334,Favorable,M,2
2026-07-27 10:05:00+03:00,15,OK,21.348049159597284,Favorable,M,2
2026-07-27 10:10:00+03:00,15,OK,22.72769547325139,Favorable,M,2
2026-07-27 10:15:00+03:00,15,OK,23.891481481482025,Favorable,M,2
2026-07-27 10:20:00+03:00,15,OK,24.681193415638216,Favorable,M,2
2026-07-27 10:25:00+03:00,15,OK,25.088518518518395,Acceptable,M,2
2026-07-27 10:30:00+03:00,15,OK,25.61636066091937,Acceptable,M,2
2026-07-27 10:35:00+03:00,15,OK,26.126966170019635,Acceptable,M,2
2026-07-27 10:40:00+03:00,15,OK,26.6130586309242,Acceptable,M,2
2026-07-27 10:45:00+03:00,15,OK,26.58009723928673,Acceptable,M,2
2026-07-27 10:50:00+03:00,15,OK,26.39058609240939,Acceptable,M,2
2026-07-27 10:55:00+03:00,15,OK,26.1187289427833,Acceptable,M,2
2026-07-27 11:00:00+03:00,15,OK,26.580097239287074,Acceptable,M,2
2026-07-27 11:05:00+03:00,15,OK,27.37965592914241,Acceptable,M,2
2026-07-27 11:10:00+03:00,15,OK,28.368714830577638,Acceptable,M,2
2026-07-27 11:15:00+03:00,15,OK,29.080800451218874,Acceptable,M,2
2026-07-27 11:20:00+03:00,15,OK,30.039722556899388,Acceptable,M,2
2026-07-27 11:25:00+03:00,15,OK,30.94262532001028,Acceptable,M,2
2026-07-27 11:30:00+03:00,15,OK,31.70434154501268,Acceptable,M,2
2026-07-27 11:35:00+03:00,15,OK,32.31704414250749,Acceptable,M,2
2026-07-27 11:40:00+03:00,15,OK,33.16816935411791,Acceptable,M,2
2026-07-27 11:45:00+03:00,15,OK,34.283836730768506,Acceptable,M,2
2026-07-27 11:50:00+03:00,15,OK,35.41283852021145,Acceptable,M,2
2026-07-27 11:55:00+03:00,15,OK,36.0194533120512,Acceptable,M,2
2026-07-27 12:00:00+03:00,15,OK,36.438221259433966,Acceptable,M,2
2026-07-27 12:05:00+03:00,15,OK,36.99746372950036,Acceptable,M,2
2026-07-27 12:10:00+03:00,15,OK,37.836069177048834,Acceptable,M,2
2026-07-27 12:15:00+03:00,15,OK,38.7635410541845,Acceptable,M,2
2026-07-27 12:20:00+03:00,15,OK,39.5755301729565,Acceptable,M,2
2026-07-27 12:25:00+03:00,15,OK,40.34148794008986,Acceptable,M,2
2026-07-27 12:30:00+03:00,15,OK,40.84091772517778,Acceptable,M,2
2026-07-27 12:35:00+03:00,15,OK,41.395383371558054,Acceptable,M,2
2026-07-27 12:40:00+03:00,15,OK,42.107691293745305,Acceptable,M,2
2026-07-27 12:45:00+03:00,15,OK,43.10991251726633,Acceptable,M,2
2026-07-27 12:50:00+03:00,15,OK,43.94987177340216,Acceptable,M,2
2026-07-27 12:55:00+03:00,15,OK,44.56131197889467,Acceptable,M,2
2026-07-27 13:00:00+03:00,15,OK,45.27902905364221,Acceptable,M,2
2026-07-27 13:05:00+03:00,15,OK,46.25874732709179,Acceptable,M,2
2026-07-27 13:10:00+03:00,15,OK,47.34194814754178,Acceptable,M,2
2026-07-27 13:15:00+03:00,15,OK,48.29131661821336,Acceptable,M,2
2026-07-27 13:20:00+03:00,15,OK,49.10915979875188,Acceptable,M,2
2026-07-27 13:25:00+03:00,15,OK,49.80390618872044,Acceptable,M,2
2026-07-27 13:30:00+03:00,15,OK,50.66193992527436,Degraded,M,2
2026-07-27 13:35:00+03:00,15,OK,51.92959275781313,Degraded,M,2
2026-07-27 13:40:00+03:00,15,OK,53.428883804211466,Degraded,M,2
2026-07-27 13:45:00+03:00,15,OK,54.366690589249444,Degraded,M,2
2026-07-27 13:50:00+03:00,15,OK,55.08380071501189,Degraded,M,2
2026-07-27 13:55:00+03:00,15,OK,55.78561229011783,Degraded,M,2
2026-07-27 14:00:00+03:00,15,OK,57.26545658005187,Degraded,M,2
2026-07-27 14:05:00+03:00,15,OK,58.705338724317016,Degraded,M,2
2026-07-27 14:10:00+03:00,15,OK,60.6890409550313,Degraded,M,2
2026-07-27 14:15:00+03:00,15,OK,62.5,Degraded,A;M;V,1
2026-07-27 14:20:00+03:00,15,OK,62.5,Degraded,A;M;V,1
2026-07-27 14:25:00+03:00,15,OK,62.5,Degraded,A;M;V,1
2026-07-27 14:30:00+03:00,15,OK,62.5,Degraded,A;M;V,1
2026-07-27 14:35:00+03:00,15,OK,62.5,Degraded,A;M;V,1
2026-07-27 14:40:00+03:00,15,OK,62.5,Degraded,A;M;V,1
2026-07-27 14:45:00+03:00,15,OK,62.5,Degraded,A;M;V,1
2026-07-27 14:50:00+03:00,15,OK,62.5,Degraded,A;M;V,1
2026-07-27 14:55:00+03:00,15,OK,62.5,Degraded,A;M;V,1
2026-07-27 15:00:00+03:00,15,PARTIAL,12.444029850746269,Favorable,A;V,1
2026-07-27 15:05:00+03:00,15,OK,62.5,Degraded,A;M;V,1
2026-07-27 15:10:00+03:00,15,OK,62.5,Degraded,A;M;V,1
2026-07-27 15:15:00+03:00,15,OK,62.5,Degraded,A;M;V,1
2026-07-27 15:20:00+03:00,15,OK,62.5,Degraded,A;M;V,1
2026-07-27 15:25:00+03:00,15,OK,62.5,Degraded,A;M;V,1
2026-07-27 15:30:00+03:00,15,OK,62.5,Degraded,A;M;V,1
2026-07-27 15:35:00+03:00,15,OK,62.5,Degraded,A;M;V,1
2026-07-27 15:40:00+03:00,15,OK,62.5,Degraded,A;M;V,1
2026-07-27 15:45:00+03:00,15,OK,62.5,Degraded,A;M;V,1
2026-07-27 15:50:00+03:00,15,OK,62.5,Degraded,A;M;V,1
2026-07-27 15:55:00+03:00,15,OK,62.5,Degraded,A;M;V,1
2026-07-27 16:00:00+03:00,15,OK,62.5,Degraded,A;M;V,1
2026-07-27 16:05:00+03:00,15,OK,62.5,Degraded,A;M;V,1
2026-07-27 16:10:00+03:00,15,OK,62.5,Degraded,A;M;V,1
2026-07-27 16:15:00+03:00,15,OK,62.5,Degraded,A;M;V,1
2026-07-27 16:20:00+03:00,15,OK,62.5,Degraded,A;M;V,1
2026-07-27 16:25:00+03:00,15,PARTIAL,12.444029850746269,Favorable,A;V,1
2026-07-27 16:30:00+03:00,15,PARTIAL,12.444029850746269,Favorable,A;V,1
2026-07-27 16:35:00+03:00,15,OK,62.5,Degraded,A;M;V,1
2026-07-27 16:40:00+03:00,15,OK,62.93667641533309,Degraded,M,2
2026-07-27 16:45:00+03:00,15,PARTIAL,12.444029850746269,Favorable,A;V,1
2026-07-27 16:50:00+03:00,15,PARTIAL,12.444029850746269,Favorable,A;V,1
2026-07-27 16:55:00+03:00,15,PARTIAL,12.444029850746269,Favorable,A;V,1
2026-07-27 17:00:00+03:00,15,OK,73.36221975531464,Degraded,M,2
2026-07-27 17:05:00+03:00,15,OK,73.7988963432103,Degraded,M,2
2026-07-27 17:10:00+03:00,15,OK,71.48402413976099,Degraded,M,2
2026-07-27 17:15:00+03:00,15,OK,67.56848366635903,Degraded,M,2
2026-07-27 17:20:00+03:00,15,OK,63.23293525016973,Degraded,M,2
2026-07-27 17:25:00+03:00,15,OK,62.5,Degraded,A;M;V,1
2026-07-27 17:30:00+03:00,15,OK,62.5,Degraded,A;M;V,1
2026-07-27 17:35:00+03:00,15,OK,62.5,Degraded,A;M;V,1
2026-07-27 17:40:00+03:00,15,OK,62.5,Degraded,A;M;V,1
2026-07-27 17:45:00+03:00,15,OK,62.5,Degraded,A;M;V,1
2026-07-27 17:50:00+03:00,15,OK,62.5,Degraded,A;M;V,1
2026-07-27 17:55:00+03:00,15,OK,62.5,Degraded,A;M;V,1
2026-07-27 18:00:00+03:00,15,OK,59.4802476931677,Degraded,M,2
2026-07-27 18:05:00+03:00,15,OK,53.04291491617283,Degraded,M,2
2026-07-27 18:10:00+03:00,15,OK,47.10449343358015,Acceptable,M,2
2026-07-27 18:15:00+03:00,15,OK,41.219093519954924,Acceptable,M,2
2026-07-27 18:20:00+03:00,15,OK,35.929205290527065,Acceptable,M,2
2026-07-27 18:25:00+03:00,15,OK,30.121750433275636,Acceptable,M,2
2026-07-27 18:30:00+03:00,15,OK,24.2323045267486,Favorable,M,2
2026-07-27 18:35:00+03:00,15,OK,24.787735253772226,Favorable,M,2
2026-07-27 18:40:00+03:00,15,OK,28.275851185668134,Acceptable,M,2
2026-07-27 18:45:00+03:00,15,OK,32.64623746794844,Acceptable,M,2
2026-07-27 18:50:00+03:00,15,OK,37.5,Acceptable,A;M;V,1
2026-07-27 18:55:00+03:00,15,OK,37.5,Acceptable,A;M;V,1
2026-07-27 19:00:00+03:00,15,OK,37.5,Acceptable,A;M;V,1
2026-07-27 19:05:00+03:00,15,OK,37.5,Acceptable,A;M;V,1
2026-07-27 19:10:00+03:00,15,OK,37.5,Acceptable,A;M;V,1
2026-07-27 19:15:00+03:00,15,OK,37.5,Acceptable,A;M;V,1
2026-07-27 19:20:00+03:00,15,OK,37.5,Acceptable,A;M;V,1
2026-07-27 19:25:00+03:00,15,OK,37.5,Acceptable,A;M;V,1
2026-07-27 19:30:00+03:00,15,OK,37.5,Acceptable,A;M;V,1
2026-07-27 19:35:00+03:00,15,OK,37.5,Acceptable,A;M;V,1
2026-07-27 19:40:00+03:00,15,OK,37.5,Acceptable,A;M;V,1
2026-07-27 19:45:00+03:00,15,OK,37.5,Acceptable,A;M;V,1
2026-07-27 19:50:00+03:00,15,OK,37.5,Acceptable,A;M;V,1
2026-07-27 19:55:00+03:00,15,OK,37.5,Acceptable,A;M;V,1
2026-07-27 20:00:00+03:00,15,OK,37.5,Acceptable,A;M;V,1
2026-07-27 20:05:00+03:00,15,OK,37.5,Acceptable,A;M;V,1
2026-07-27 20:10:00+03:00,15,OK,37.5,Acceptable,A;M;V,1
2026-07-27 20:15:00+03:00,15,OK,37.5,Acceptable,A;M;V,1
2026-07-27 20:20:00+03:00,15,OK,37.5,Acceptable,A;M;V,1
2026-07-27 20:25:00+03:00,15,OK,37.5,Acceptable,A;M;V,1
2026-07-27 20:30:00+03:00,15,OK,37.5,Acceptable,A;M;V,1
2026-07-27 20:35:00+03:00,15,OK,37.5,Acceptable,A;M;V,1
2026-07-27 20:40:00+03:00,15,OK,37.5,Acceptable,A;M;V,1
2026-07-27 20:45:00+03:00,15,OK,37.5,Acceptable,A;M;V,1
2026-07-27 20:50:00+03:00,15,OK,37.5,Acceptable,A;M;V,1
2026-07-27 20:55:00+03:00,15,OK,37.5,Acceptable,A;M;V,1
2026-07-27 21:00:00+03:00,15,OK,37.5,Acceptable,A;M;V,1
2026-07-27 21:05:00+03:00,15,OK,37.5,Acceptable,A;M;V,1
2026-07-27 21:10:00+03:00,15,OK,37.5,Acceptable,A;M;V,1
2026-07-27 21:15:00+03:00,15,OK,37.5,Acceptable,A;M;V,1
2026-07-27 21:20:00+03:00,15,OK,37.5,Acceptable,A;M;V,1
2026-07-27 21:25:00+03:00,15,OK,37.5,Acceptable,A;M;V,1
2026-07-27 21:30:00+03:00,15,OK,37.5,Acceptable,A;M;V,1
2026-07-27 21:35:00+03:00,15,OK,37.5,Acceptable,A;M;V,1
2026-07-27 21:40:00+03:00,15,OK,37.5,Acceptable,A;M;V,1
2026-07-27 21:45:00+03:00,15,OK,37.5,Acceptable,A;M;V,1
2026-07-27 21:50:00+03:00,15,OK,37.5,Acceptable,A;M;V,1
2026-07-27 21:55:00+03:00,15,OK,37.5,Acceptable,A;M;V,1
2026-07-27 22:00:00+03:00,15,OK,37.5,Acceptable,M,1
2026-07-27 22:05:00+03:00,15,OK,37.5,Acceptable,M,1
2026-07-27 22:10:00+03:00,15,OK,37.49999999999999,Acceptable,M,1
2026-07-27 22:15:00+03:00,15,OK,37.5,Acceptable,M,1
2026-07-27 22:20:00+03:00,15,OK,37.5,Acceptable,A;M;V,1
2026-07-27 22:25:00+03:00,15,OK,37.50000000000001,Acceptable,M,1
2026-07-27 22:30:00+03:00,15,OK,37.50000000000001,Acceptable,M,1
2026-07-27 22:35:00+03:00,15,OK,37.5,Acceptable,M,1
2026-07-27 22:40:00+03:00,15,OK,37.5,Acceptable,M,1
2026-07-27 22:45:00+03:00,15,OK,37.49999999999999,Acceptable,A,2
2026-07-27 22:50:00+03:00,15,OK,37.49999999999999,Acceptable,A,2
2026-07-27 22:55:00+03:00,15,OK,37.5,Acceptable,M,2
2026-07-27 23:00:00+03:00,15,OK,37.49999999999999,Acceptable,M,1
2026-07-27 23:05:00+03:00,15,OK,37.5,Acceptable,M,1
2026-07-27 23:10:00+03:00,15,OK,40.13066977289265,Acceptable,M,2
2026-07-27 23:15:00+03:00,15,OK,41.01854287437046,Acceptable,M,2
2026-07-27 23:20:00+03:00,15,OK,37.50000000000001,Acceptable,M,1
2026-07-27 23:25:00+03:00,15,OK,37.50000000000001,Acceptable,M,1
