computed_ts,window_minutes,component,available,crisp_score,membership_favorable,membership_acceptable,membership_degraded,membership_critical,room,season
2026-07-15 03:05:00+03:00,15,A,True,12.444029850746269,1.0,0.0,0.0,0.0,,
2026-07-15 03:05:00+03:00,15,M,False,,,,,,,
2026-07-15 03:05:00+03:00,15,V,True,12.444029850746269,1.0,0.0,0.0,0.0,,
2026-07-15 03:10:00+03:00,15,A,True,12.444029850746269,1.0,0.0,0.0,0.0,,
2026-07-15 03:10:00+03:00,15,M,False,,,,,,,
2026-07-15 03:10:00+03:00,15,V,True,12.444029850746269,1.0,0.0,0.0,0.0,,
2026-07-15 03:15:00+03:00,15,A,True,12.444029850746269,1.0,0.0,0.0,0.0,,
2026-07-15 03:15:00+03:00,15,M,False,,,,,,,
2026-07-15 03:15:00+03:00,15,V,True,12.444029850746269,1.0,0.0,0.0,0.0,,
2026-07-15 03:20:00+03:00,15,A,True,12.444029850746269,1.0,0.0,0.0,0.0,,
2026-07-15 03:20:00+03:00,15,M,False,,,,,,,
2026-07-15 03:20:00+03:00,15,V,True,12.444029850746269,1.0,0.0,0.0,0.0,,
2026-07-15 03:25:00+03:00,15,A,True,12.444029850746269,1.0,0.0,0.0,0.0,,
2026-07-15 03:25:00+03:00,15,M,False,,,,,,,
2026-07-15 03:25:00+03:00,15,V,True,12.444029850746269,1.0,0.0,0.0,0.0,,
2026-07-15 03:30:00+03:00,15,A,True,13.03474872482593,0.9774645678202312,0.022535432179768833,0.0,0.0,,
2026-07-15 03:30:00+03:00,15,M,False,,,,,,,
2026-07-15 03:30:00+03:00,15,V,True,12.444029850746269,1.0,0.0,0.0,0.0,,
2026-07-15 03:35:00+03:00,15,A,True,13.562427556433054,0.9573084068298339,0.04269159317016609,0.0,0.0,,
2026-07-15 03:35:00+03:00,15,M,False,,,,,,,
2026-07-15 03:35:00+03:00,15,V,True,12.444029850746269,1.0,0.0,0.0,0.0,,
2026-07-15 03:40:00+03:00,15,A,True,13.369674351684273,0.9646739610036213,0.03532603899637863,0.0,0.0,,
2026-07-15 03:40:00+03:00,15,M,False,,,,,,,
2026-07-15 03:40:00+03:00,15,V,True,12.444029850746269,1.0,0.0,0.0,0.0,,
2026-07-15 03:45:00+03:00,15,A,True,12.827906187805484,0.98535888671875,0.014641113281249929,0.0,0.0,,
2026-07-15 03:45:00+03:00,15,M,False,,,,,,,
2026-07-15 03:45:00+03:00,15,V,True,12.444029850746269,1.0,0.0,0.0,0.0,,
2026-07-15 03:50:00+03:00,15,A,True,12.75962214390601,0.9879641882578533,0.012035811742146763,0.0,0.0,,
2026-07-15 03:50:00+03:00,15,M,False,,,,,,,
2026-07-15 03:50:00+03:00,15,V,True,12.444029850746269,1.0,0.0,0.0,0.0,,
2026-07-15 03:55:00+03:00,15,A,True,12.642906209763916,0.9924164168039958,0.007583583196004185,0.0,0.0,,
2026-07-15 03:55:00+03:00,15,M,False,,,,,,,
2026-07-15 03:55:00+03:00,15,V,True,12.444029850746269,1.0,0.0,0.0,0.0,,
2026-07-15 04:00:00+03:00,15,A,True,12.797863772888302,0.9865051714579263,0.013494828542073734,0.0,0.0,,
2026-07-15 04:00:00+03:00,15,M,False,,,,,,,
2026-07-15 04:00:00+03:00,15,V,True,12.444029850746269,1.0,0.0,0.0,0.0,,
2026-07-15 04:05:00+03:00,15,A,True,12.911524404731106,0.9821679751078289,0.017832024892171106,0.0,0.0,,
2026-07-15 04:05:00+03:00,15,M,False,,,,,,,
2026-07-15 04:05:00+03:00,15,V,True,12.444029850746269,1.0,0.0,0.0,0.0,,
2026-07-15 04:10:00+03:00,15,A,True,13.890899147479335,0.9447492758433025,0.055250724156697475,0.0,0.0,,
2026-07-15 04:10:00+03:00,15,M,False,,,,,,,
2026-07-15 04:10:00+03:00,15,V,True,12.444029850746269,1.0,0.0,0.0,0.0,,
2026-07-15 04:15:00+03:00,15,A,True,13.737859043564072,0.9506019433339435,0.049398056666056435,0.0,0.0,,
2026-07-15 04:15:00+03:00,15,M,False,,,,,,,
2026-07-15 04:15:00+03:00,15,V,True,12.444029850746269,1.0,0.0,0.0,0.0,,
2026-07-15 04:20:00+03:00,15,A,True,13.237563153787715,0.9697203731536866,0.030279626846313336,0.0,0.0,,
2026-07-15 04:20:00+03:00,15,M,False,,,,,,,
2026-07-15 04:20:00+03:00,15,V,True,12.444029850746269,1.0,0.0,0.0,0.0,,
2026-07-15 04:25:00+03:00,15,A,True,13.668794506686487,0.9532424894968667,0.0467575105031333,0.0,0.0,,
2026-07-15 04:25:00+03:00,15,M,False,,,,,,,
2026-07-15 04:25:00+03:00,15,V,True,12.444029850746269,1.0,0.0,0.0,0.0,,
2026-07-15 04:30:00+03:00,15,A,True,14.244898900700878,0.931203540166219,0.06879645983378105,0.0,0.0,,
2026-07-15 04:30:00+03:00,15,M,False,,,,,,,
2026-07-15 04:30:00+03:00,15,V,True,12.444029850746269,1.0,0.0,0.0,0.0,,
2026-07-15 04:35:00+03:00,15,A,True,15.655631756329552,0.877113297780355,0.12288670221964501,0.0,0.0,,
2026-07-15 04:35:00+03:00,15,M,False,,,,,,,
2026-07-15 04:35:00+03:00,15,V,True,12.444029850746269,1.0,0.0,0.0,0.0,,
2026-07-15 04:40:00+03:00,15,A,True,15.287530247259419,0.8912438265482585,0.10875617345174149,0.0,0.0,,
2026-07-15 04:40:00+03:00,15,M,False,,,,,,,
2026-07-15 04:40:00+03:00,15,V,True,12.444029850746269,1.0,0.0,0.0,0.0,,
2026-07-15 04:45:00+03:00,15,A,True,14.730874836953525,0.9125899378458658,0.08741006215413413,0.0,0.0,,
2026-07-15 04:45:00+03:00,15,M,False,,,,,,,
2026-07-15 04:45:00+03:00,15,V,True,12.444029850746269,1.0,0.0,0.0,0.0,,
2026-07-15 04:50:00+03:00,15,A,True,15.052399599822856,0.9002637100219726,0.09973628997802741,0.0,0.0,,
2026-07-15 04:50:00+03:00,15,M,False,,,,,,,
2026-07-15 04:50:00+03:00,15,V,True,12.444029850746269,1.0,0.0,0.0,0.0,,
2026-07-15 04:55:00+03:00,15,A,True,15.186649707762417,0.8951143137613933,0.10488568623860672,0.0,0.0,,
2026-07-15 04:55:00+03:00,15,M,False,,,,,,,
2026-07-15 04:55:00+03:00,15,V,True,12.444029850746269,1.0,0.0,0.0,0.0,,
2026-07-15 05:00:00+03:00,15,A,True,15.324570038766383,0.8898224957784017,0.11017750422159836,0.0,0.0,,
2026-07-15 05:00:00+03:00,15,M,False,,,,,,,
2026-07-15 05:00:00+03:00,15,V,True,12.444029850746269,1.0,0.0,0.0,0.0,,
2026-07-15 05:05:00+03:00,15,A,True,15.03498027122075,0.9009317429860435,0.09906825701395654,0.0,0.0,,
2026-07-15 05:05:00+03:00,15,M,False,,,,,,,
2026-07-15 05:05:00+03:00,15,V,True,12.444029850746269,1.0,0.0,0.0,0.0,,
2026-07-15 05:10:00+03:00,15,A,True,14.40022206697856,0.925256675084432,0.07474332491556801,0.0,0.0,,
2026-07-15 05:10:00+03:00,15,M,False,,,,,,,
2026-07-15 05:10:00+03:00,15,V,True,12.444029850746269,1.0,0.0,0.0,0.0,,
2026-07-15 05:15:00+03:00,15,A,True,14.17489174111701,0.9338832187652588,0.06611678123474114,0.0,0.0,,
2026-07-15 05:15:00+03:00,15,M,False,,,,,,,
2026-07-15 05:15:00+03:00,15,V,True,12.444029850746269,1.0,0.0,0.0,0.0,,
2026-07-15 05:20:00+03:00,15,A,True,14.992195553172522,0.9025724283854167,0.09742757161458329,0.0,0.0,,
2026-07-15 05:20:00+03:00,15,M,False,,,,,,,
2026-07-15 05:20:00+03:00,15,V,True,12.444029850746269,1.0,0.0,0.0,0.0,,
2026-07-15 05:25:00+03:00,15,A,True,16.191310153346496,0.8562930583953857,0.14370694160461425,0.0,0.0,,
2026-07-15 05:25:00+03:00,15,M,False,,,,,,,
2026-07-15 05:25:00+03:00,15,V,True,12.444029850746269,1.0,0.0,0.0,0.0,,
2026-07-15 05:30:00+03:00,15,A,True,16.168416715733617,0.8571843814849853,0.14281561851501473,0.0,0.0,,
2026-07-15 05:30:00+03:00,15,M,False,,,,,,,
2026-07-15 05:30:00+03:00,15,V,True,12.444029850746269,1.0,0.0,0.0,0.0,,
2026-07-15 05:35:00+03:00,15,A,True,15.287224794633808,0.891255547205607,0.108744452794393,0.0,0.0,,
2026-07-15 05:35:00+03:00,15,M,False,,,,,,,
2026-07-15 05:35:00+03:00,15,V,True,12.444029850746269,1.0,0.0,0.0,0.0,,
2026-07-15 05:40:00+03:00,15,A,True,14.739941055200193,0.9122424920399983,0.08775750796000174,0.0,0.0,,
2026-07-15 05:40:00+03:00,15,M,False,,,,,,,
2026-07-15 05:40:00+03:00,15,V,True,12.444029850746269,1.0,0.0,0.0,0.0,,
2026-07-15 05:45:00+03:00,15,A,True,15.245232516678215,0.8928667736053466,0.10713322639465339,0.0,0.0,,
2026-07-15 05:45:00+03:00,15,M,False,,,,,,,
2026-07-15 05:45:00+03:00,15,V,True,12.444029850746269,1.0,0.0,0.0,0.0,,
2026-07-15 05:50:00+03:00,15,A,True,15.593052205121563,0.8795164140065512,0.12048358599344873,0.0,0.0,,
2026-07-15 05:50:00+03:00,15,M,False,,,,,,,
2026-07-15 05:50:00+03:00,15,V,True,12.444029850746269,1.0,0.0,0.0,0.0,,
2026-07-15 05:55:00+03:00,15,A,True,15.085605604869784,0.8989901828765869,0.10100981712341302,0.0,0.0,,
2026-07-15 05:55:00+03:00,15,M,False,,,,,,,
2026-07-15 05:55:00+03:00,15,V,True,12.444029850746269,1.0,0.0,0.0,0.0,,
2026-07-15 06:00:00+03:00,15,A,True,14.940625923978493,0.9045497798919676,0.09545022010803236,0.0,0.0,,
2026-07-15 06:00:00+03:00,15,M,False,,,,,,,
2026-07-15 06:00:00+03:00,15,V,True,12.444029850746269,1.0,0.0,0.0,0.0,,
2026-07-15 06:05:00+03:00,15,A,True,14.948032258497214,0.9042658106486001,0.09573418935139984,0.0,0.0,,
2026-07-15 06:05:00+03:00,15,M,False,,,,,,,
2026-07-15 06:05:00+03:00,15,V,True,12.444029850746269,1.0,0.0,0.0,0.0,,
2026-07-15 06:10:00+03:00,15,A,True,14.749599083353434,0.9118723583221435,0.08812764167785651,0.0,0.0,,
2026-07-15 06:10:00+03:00,15,M,False,,,,,,,
2026-07-15 06:10:00+03:00,15,V,True,12.444029850746269,1.0,0.0,0.0,0.0,,
2026-07-15 06:15:00+03:00,15,A,True,15.06349076189673,0.8998383490244546,0.10016165097554541,0.0,0.0,,
2026-07-15 06:15:00+03:00,15,M,False,,,,,,,
2026-07-15 06:15:00+03:00,15,V,True,12.444029850746269,1.0,0.0,0.0,0.0,,
2026-07-15 06:20:00+03:00,15,A,True,15.42104690608883,0.8861198170979818,0.11388018290201814,0.0,0.0,,
2026-07-15 06:20:00+03:00,15,M,False,,,,,,,
2026-07-15 06:20:00+03:00,15,V,True,12.444029850746269,1.0,0.0,0.0,0.0,,
2026-07-15 06:25:00+03:00,15,A,True,15.774779342151817,0.8725051625569662,0.12749483744303375,0.0,0.0,,
2026-07-15 06:25:00+03:00,15,M,False,,,,,,,
2026-07-15 06:25:00+03:00,15,V,True,12.444029850746269,1.0,0.0,0.0,0.0,,
2026-07-15 06:30:00+03:00,15,A,True,15.628749196051078,0.8781456565856935,0.1218543434143065,0.0,0.0,,
2026-07-15 06:30:00+03:00,15,M,False,,,,,,,
2026-07-15 06:30:00+03:00,15,V,True,12.444029850746269,1.0,0.0,0.0,0.0,,
2026-07-15 06:35:00+03:00,15,A,True,15.919749721587342,0.8668638451894125,0.13313615481058746,0.0,0.0,,
2026-07-15 06:35:00+03:00,15,M,False,,,,,,,
2026-07-15 06:35:00+03:00,15,V,True,12.444029850746269,1.0,0.0,0.0,0.0,,
2026-07-15 06:40:00+03:00,15,A,True,15.818837517151852,0.8707908344268798,0.12920916557312018,0.0,0.0,,
2026-07-15 06:40:00+03:00,15,M,False,,,,,,,
2026-07-15 06:40:00+03:00,15,V,True,12.444029850746269,1.0,0.0,0.0,0.0,,
2026-07-15 06:45:00+03:00,15,A,True,15.634314297677669,0.8779319477081298,0.12206805229187019,0.0,0.0,,
2026-07-15 06:45:00+03:00,15,M,False,,,,,,,
2026-07-15 06:45:00+03:00,15,V,True,12.444029850746269,1.0,0.0,0.0,0.0,,
2026-07-15 06:50:00+03:00,15,A,True,15.905713739424018,0.8674100907643638,0.13258990923563624,0.0,0.0,,
2026-07-15 06:50:00+03:00,15,M,False,,,,,,,
2026-07-15 06:50:00+03:00,15,V,True,12.444029850746269,1.0,0.0,0.0,0.0,,
2026-07-15 06:55:00+03:00,15,A,True,15.369518802774794,0.8880975119272868,0.11190248807271316,0.0,0.0,,
2026-07-15 06:55:00+03:00,15,M,False,,,,,,,
2026-07-15 06:55:00+03:00,15,V,True,12.444029850746269,1.0,0.0,0.0,0.0,,
2026-07-15 07:00:00+03:00,15,A,True,16.254637216455784,0.8538273461659749,0.1461726538340251,0.0,0.0,,
2026-07-15 07:00:00+03:00,15,M,False,,,,,,,
2026-07-15 07:00:00+03:00,15,V,True,12.444029850746269,1.0,0.0,0.0,0.0,,
2026-07-15 07:05:00+03:00,15,A,True,16.204233395065273,0.8557898966471352,0.14421010335286474,0.0,0.0,,
2026-07-15 07:05:00+03:00,15,M,False,,,,,,,
2026-07-15 07:05:00+03:00,15,V,True,12.444029850746269,1.0,0.0,0.0,0.0,,
2026-07-15 07:10:00+03:00,15,A,True,16.924487317250374,0.8277311960856121,0.1722688039143879,0.0,0.0,,
2026-07-15 07:10:00+03:00,15,M,False,,,,,,,
2026-07-15 07:10:00+03:00,15,V,True,12.444029850746269,1.0,0.0,0.0,0.0,,
2026-07-15 07:15:00+03:00,15,A,True,17.292031999082027,0.8134008471171061,0.18659915288289391,0.0,0.0,,
2026-07-15 07:15:00+03:00,15,M,False,,,,,,,
2026-07-15 07:15:00+03:00,15,V,True,12.444029850746269,1.0,0.0,0.0,0.0,,
2026-07-15 07:20:00+03:00,15,A,True,17.2011709902172,0.8169442208607993,0.18305577913920068,0.0,0.0,,
2026-07-15 07:20:00+03:00,15,M,False,,,,,,,
2026-07-15 07:20:00+03:00,15,V,True,13.585446789179656,0.9564285714285721,0.04357142857142792,0.0,0.0,,
2026-07-15 07:25:00+03:00,15,A,True,17.82283703225867,0.7926907094319663,0.20730929056803368,0.0,0.0,,
2026-07-15 07:25:00+03:00,15,M,False,,,,,,,
2026-07-15 07:25:00+03:00,15,V,True,20.461230122687535,0.6888095238095242,0.31119047619047574,0.0,0.0,,
2026-07-15 07:30:00+03:00,15,A,True,17.977037643932505,0.7866711616516113,0.21332883834838867,0.0,0.0,,
2026-07-15 07:30:00+03:00,15,M,False,,,,,,,
2026-07-15 07:30:00+03:00,15,V,True,27.63058010757117,0.4011904761904767,0.5988095238095232,0.0,0.0,,
2026-07-15 07:35:00+03:00,15,A,True,19.03392893451379,0.7453193887074789,0.25468061129252106,0.0,0.0,,
2026-07-15 07:35:00+03:00,15,M,False,,,,,,,
2026-07-15 07:35:00+03:00,15,V,True,34.55181250770121,0.11976190476190465,0.8802380952380954,0.0,0.0,,
2026-07-15 07:40:00+03:00,15,A,True,19.222368756387656,0.7378622754414877,0.26213772455851225,0.0,0.0,,
2026-07-15 07:40:00+03:00,15,M,False,,,,,,,
2026-07-15 07:40:00+03:00,15,V,True,37.5,0.0,1.0,0.0,0.0,,
2026-07-15 07:45:00+03:00,15,A,True,19.413005936183794,0.7303170871734619,0.26968291282653817,0.0,0.0,,
2026-07-15 07:45:00+03:00,15,M,False,,,,,,,
2026-07-15 07:45:00+03:00,15,V,True,37.5,0.0,1.0,0.0,0.0,,
2026-07-15 07:50:00+03:00,15,A,True,17.972509101961148,0.7868479633331298,0.21315203666687027,0.0,0.0,,
2026-07-15 07:50:00+03:00,15,M,False,,,,,,,
2026-07-15 07:50:00+03:00,15,V,True,62.5,0.0,0.0,1.0,0.0,,
2026-07-15 07:55:00+03:00,15,A,True,19.169214189875436,0.7399658679962158,0.26003413200378417,0.0,0.0,,
2026-07-15 07:55:00+03:00,15,M,False,,,,,,,
2026-07-15 07:55:00+03:00,15,V,True,62.5,0.0,0.0,1.0,0.0,,
2026-07-15 08:00:00+03:00,15,A,True,20.651268635490474,0.6812807337443033,0.3187192662556967,0.0,0.0,,
2026-07-15 08:00:00+03:00,15,M,False,,,,,,,
2026-07-15 08:00:00+03:00,15,V,True,62.5,0.0,0.0,1.0,0.0,,
2026-07-15 08:05:00+03:00,15,A,True,22.800134700414084,0.5957619253794352,0.4042380746205648,0.0,0.0,,
2026-07-15 08:05:00+03:00,15,M,False,,,,,,,
2026-07-15 08:05:00+03:00,15,V,True,62.5,0.0,0.0,1.0,0.0,,
2026-07-15 08:10:00+03:00,15,A,True,24.089730818477683,0.5440503978729246,0.45594960212707536,0.0,0.0,,
2026-07-15 08:10:00+03:00,15,M,False,,,,,,,
2026-07-15 08:10:00+03:00,15,V,True,62.5,0.0,0.0,1.0,0.0,,
2026-07-15 08:15:00+03:00,15,A,True,24.663881904696247,0.5210275077819823,0.47897249221801774,0.0,0.0,,
2026-07-15 08:15:00+03:00,15,M,False,,,,,,,
2026-07-15 08:15:00+03:00,15,V,True,62.5,0.0,0.0,1.0,0.0,,
2026-07-15 08:20:00+03:00,15,A,True,25.495056530541028,0.4875776704152425,0.5124223295847574,0.0,0.0,,
2026-07-15 08:20:00+03:00,15,M,False,,,,,,,
2026-07-15 08:20:00+03:00,15,V,True,58.4356370319753,0.0,0.15904761904761894,0.840952380952381,0.0,,
2026-07-15 08:25:00+03:00,15,A,True,26.41955244730039,0.4501614252726238,0.5498385747273762,0.0,0.0,,
2026-07-15 08:25:00+03:00,15,M,False,,,,,,,
2026-07-15 08:25:00+03:00,15,V,True,44.09632084121859,0.0,0.7397619047619043,0.26023809523809566,0.0,,
2026-07-15 08:30:00+03:00,15,A,True,27.891561032314357,0.3906432628631592,0.6093567371368408,0.0,0.0,,
2026-07-15 08:30:00+03:00,15,M,False,,,,,,,
2026-07-15 08:30:00+03:00,15,V,True,37.5,0.0,1.0,0.0,0.0,,
2026-07-15 08:35:00+03:00,15,A,True,30.176453855195724,0.29777728398640946,0.7022227160135905,0.0,0.0,,
2026-07-15 08:35:00+03:00,15,M,False,,,,,,,
2026-07-15 08:35:00+03:00,15,V,True,37.5,0.0,1.0,0.0,0.0,,
2026-07-15 08:40:00+03:00,15,A,True,31.51554702135107,0.24337752024332673,0.7566224797566733,0.0,0.0,,
2026-07-15 08:40:00+03:00,15,M,False,,,,,,,
2026-07-15 08:40:00+03:00,15,V,True,37.5,0.0,1.0,0.0,0.0,,
2026-07-15 08:45:00+03:00,15,A,True,32.550427291435135,0.2011537520090741,0.798846247990926,0.0,0.0,,
2026-07-15 08:45:00+03:00,15,M,False,,,,,,,
2026-07-15 08:45:00+03:00,15,V,True,35.042197089708694,0.09976190476190498,0.9002380952380951,0.0,0.0,,
2026-07-15 08:50:00+03:00,15,A,True,34.11012006206254,0.13771730740865068,0.8622826925913494,0.0,0.0,,
2026-07-15 08:50:00+03:00,15,M,False,,,,,,,
2026-07-15 08:50:00+03:00,15,V,True,31.435041061484828,0.24666666666666645,0.7533333333333335,0.0,0.0,,
2026-07-15 08:55:00+03:00,15,A,True,35.17849303910247,0.09420882225036635,0.9057911777496337,0.0,0.0,,
2026-07-15 08:55:00+03:00,15,M,False,,,,,,,
2026-07-15 08:55:00+03:00,15,V,True,33.10497605109101,0.17857142857142858,0.8214285714285714,0.0,0.0,,
2026-07-15 09:00:00+03:00,15,A,True,36.0367614744202,0.05929691314697294,0.9407030868530271,0.0,0.0,,
2026-07-15 09:00:00+03:00,15,M,False,,,,,,,
2026-07-15 09:00:00+03:00,15,V,True,37.5,0.0,1.0,0.0,0.0,,
2026-07-15 09:05:00+03:00,15,A,True,62.50000000000001,0.0,0.0,0.8325503946940106,0.0,,
2026-07-15 09:05:00+03:00,15,M,False,,,,,,,
2026-07-15 09:05:00+03:00,15,V,True,37.5,0.0,1.0,0.0,0.0,,
2026-07-15 09:10:00+03:00,15,A,True,83.95394666741838,0.0,0.0,0.12337448120117216,0.7775076052347819,,
2026-07-15 09:10:00+03:00,15,M,False,,,,,,,
2026-07-15 09:10:00+03:00,15,V,True,61.35764843271577,0.0,0.044285714285712985,0.955714285714287,0.0,,
2026-07-15 09:15:00+03:00,15,A,True,87.55597014925372,0.0,0.0,0.0,1.0,,
2026-07-15 09:15:00+03:00,15,M,False,,,,,,,
2026-07-15 09:15:00+03:00,15,V,True,62.5,0.0,0.0,1.0,0.0,,
2026-07-15 09:20:00+03:00,15,A,True,62.500000000000014,0.0,0.0,0.5486115951538085,0.0,,
2026-07-15 09:20:00+03:00,15,M,False,,,,,,,
2026-07-15 09:20:00+03:00,15,V,True,58.08246111824056,0.0,0.1730952380952382,0.8269047619047618,0.0,,
2026-07-15 09:25:00+03:00,15,A,True,62.5,0.0,0.0,1.0,0.0,,
2026-07-15 09:25:00+03:00,15,M,False,,,,,,,
2026-07-15 09:25:00+03:00,15,V,True,37.5,0.0,1.0,0.0,0.0,,
2026-07-15 09:30:00+03:00,15,A,True,59.03636377136182,0.0,0.13519840876261427,0.8648015912373858,0.0,,
2026-07-15 09:30:00+03:00,15,M,False,,,,,,,
2026-07-15 09:30:00+03:00,15,V,True,37.5,0.0,1.0,0.0,0.0,,
2026-07-15 09:35:00+03:00,15,A,True,53.56548607790564,0.0,0.3547929000854495,0.6452070999145505,0.0,,
2026-07-15 09:35:00+03:00,15,M,False,,,,,,,
2026-07-15 09:35:00+03:00,15,V,True,37.5,0.0,1.0,0.0,0.0,,
2026-07-15 09:40:00+03:00,15,A,True,46.35915198801131,0.0,0.6482629203796385,0.3517370796203615,0.0,,
2026-07-15 09:40:00+03:00,15,M,False,,,,,,,
2026-07-15 09:40:00+03:00,15,V,True,37.5,0.0,1.0,0.0,0.0,,
2026-07-15 09:45:00+03:00,15,A,True,37.5,0.0,1.0,0.0,0.0,,
2026-07-15 09:45:00+03:00,15,M,False,,,,,,,
2026-07-15 09:45:00+03:00,15,V,True,32.23996855056129,0.21380952380952425,0.7861904761904758,0.0,0.0,,
2026-07-15 09:50:00+03:00,15,A,True,37.5,0.0,1.0,0.0,0.0,,
2026-07-15 09:50:00+03:00,15,M,False,,,,,,,
2026-07-15 09:50:00+03:00,15,V,True,20.076510056057884,0.7040476190476186,0.2959523809523814,0.0,0.0,,
2026-07-15 09:55:00+03:00,15,A,True,37.5,0.0,1.0,0.0,0.0,,
2026-07-15 09:55:00+03:00,15,M,False,,,,,,,
2026-07-15 09:55:00+03:00,15,V,True,12.444029850746269,1.0,0.0,0.0,0.0,,
2026-07-15 10:00:00+03:00,15,A,True,37.5,0.0,1.0,0.0,0.0,,
2026-07-15 10:00:00+03:00,15,M,False,,,,,,,
2026-07-15 10:00:00+03:00,15,V,True,12.444029850746269,1.0,0.0,0.0,0.0,,
2026-07-15 10:05:00+03:00,15,A,True,37.5,0.0,1.0,0.0,0.0,,
2026-07-15 10:05:00+03:00,15,M,False,,,,,,,
2026-07-15 10:05:00+03:00,15,V,True,12.444029850746269,1.0,0.0,0.0,0.0,,
2026-07-15 10:10:00+03:00,15,A,True,37.5,0.0,1.0,0.0,0.0,,
2026-07-15 10:10:00+03:00,15,M,False,,,,,,,
2026-07-15 10:10:00+03:00,15,V,True,12.444029850746269,1.0,0.0,0.0,0.0,,
2026-07-15 10:15:00+03:00,15,A,True,37.5,0.0,1.0,0.0,0.0,,
2026-07-15 10:15:00+03:00,15,M,False,,,,,,,
2026-07-15 10:15:00+03:00,15,V,True,12.444029850746269,1.0,0.0,0.0,0.0,,
2026-07-15 10:20:00+03:00,15,A,True,33.78184536323086,0.1510491021474202,0.8489508978525798,0.0,0.0,,
2026-07-15 10:20:00+03:00,15,M,False,,,,,,,
2026-07-15 10:20:00+03:00,15,V,True,12.444029850746269,1.0,0.0,0.0,0.0,,
2026-07-15 10:25:00+03:00,15,A,True,30.022669456995917,0.30402636845906594,0.6959736315409341,0.0,0.0,,
2026-07-15 10:25:00+03:00,15,M,False,,,,,,,
2026-07-15 10:25:00+03:00,15,V,True,12.444029850746269,1.0,0.0,0.0,0.0,,
2026-07-15 10:30:00+03:00,15,A,True,28.859230789288937,0.3513532892862955,0.6486467107137045,0.0,0.0,,
2026-07-15 10:30:00+03:00,15,M,False,,,,,,,
2026-07-15 10:30:00+03:00,15,V,True,12.444029850746269,1.0,0.0,0.0,0.0,,
2026-07-15 10:35:00+03:00,15,A,True,28.73723109685188,0.3563211917877197,0.6436788082122803,0.0,0.0,,
2026-07-15 10:35:00+03:00,15,M,False,,,,,,,
2026-07-15 10:35:00+03:00,15,V,True,12.444029850746269,1.0,0.0,0.0,0.0,,
2026-07-15 10:40:00+03:00,15,A,True,26.639755918263585,0.44125341733296713,0.5587465826670328,0.0,0.0,,
2026-07-15 10:40:00+03:00,15,M,False,,,,,,,
2026-07-15 10:40:00+03:00,15,V,True,12.444029850746269,1.0,0.0,0.0,0.0,,
2026-07-15 10:45:00+03:00,15,A,True,25.951426029523624,0.46910400390625,0.53089599609375,0.0,0.0,,
2026-07-15 10:45:00+03:00,15,M,False,,,,,,,
2026-07-15 10:45:00+03:00,15,V,True,12.444029850746269,1.0,0.0,0.0,0.0,,
2026-07-15 10:50:00+03:00,15,A,True,24.79994557463093,0.5155714893341063,0.4844285106658937,0.0,0.0,,
2026-07-15 10:50:00+03:00,15,M,False,,,,,,,
2026-07-15 10:50:00+03:00,15,V,True,12.444029850746269,1.0,0.0,0.0,0.0,,
2026-07-15 10:55:00+03:00,15,A,True,25.395330317752983,0.491615447998047,0.508384552001953,0.0,0.0,,
2026-07-15 10:55:00+03:00,15,M,False,,,,,,,
2026-07-15 10:55:00+03:00,15,V,True,12.444029850746269,1.0,0.0,0.0,0.0,,
2026-07-15 11:00:00+03:00,15,A,True,24.099362691243492,0.5436641693115234,0.45633583068847655,0.0,0.0,,
2026-07-15 11:00:00+03:00,15,M,False,,,,,,,
2026-07-15 11:00:00+03:00,15,V,True,12.444029850746269,1.0,0.0,0.0,0.0,,
2026-07-15 11:05:00+03:00,15,A,True,24.45024414925909,0.5295941702524821,0.4704058297475179,0.0,0.0,,
2026-07-15 11:05:00+03:00,15,M,False,,,,,,,
2026-07-15 11:05:00+03:00,15,V,True,12.444029850746269,1.0,0.0,0.0,0.0,,
2026-07-15 11:10:00+03:00,15,A,True,23.37293356514762,0.5727932580312093,0.4272067419687907,0.0,0.0,,
2026-07-15 11:10:00+03:00,15,M,False,,,,,,,
2026-07-15 11:10:00+03:00,15,V,True,12.444029850746269,1.0,0.0,0.0,0.0,,
2026-07-15 11:15:00+03:00,15,A,True,23.701557950620302,0.5596157455444335,0.44038425445556656,0.0,0.0,,
2026-07-15 11:15:00+03:00,15,M,False,,,,,,,
2026-07-15 11:15:00+03:00,15,V,True,12.444029850746269,1.0,0.0,0.0,0.0,,
2026-07-15 11:20:00+03:00,15,A,True,22.869256390858087,0.5929902140299479,0.4070097859700521,0.0,0.0,,
2026-07-15 11:20:00+03:00,15,M,False,,,,,,,
2026-07-15 11:20:00+03:00,15,V,True,12.444029850746269,1.0,0.0,0.0,0.0,,
2026-07-15 11:25:00+03:00,15,A,True,23.71051089832322,0.5592567412058511,0.44074325879414894,0.0,0.0,,
2026-07-15 11:25:00+03:00,15,M,False,,,,,,,
2026-07-15 11:25:00+03:00,15,V,True,12.444029850746269,1.0,0.0,0.0,0.0,,
2026-07-15 11:30:00+03:00,15,A,True,23.93327727847629,0.5503240299224853,0.4496759700775147,0.0,0.0,,
2026-07-15 11:30:00+03:00,15,M,False,,,,,,,
2026-07-15 11:30:00+03:00,15,V,True,12.444029850746269,1.0,0.0,0.0,0.0,,
2026-07-15 11:35:00+03:00,15,A,True,23.2994759979562,0.5757388337453208,0.42426116625467925,0.0,0.0,,
2026-07-15 11:35:00+03:00,15,M,False,,,,,,,
2026-07-15 11:35:00+03:00,15,V,True,12.444029850746269,1.0,0.0,0.0,0.0,,
2026-07-15 11:40:00+03:00,15,A,True,21.799655259577708,0.6357610416412353,0.36423895835876474,0.0,0.0,,
2026-07-15 11:40:00+03:00,15,M,False,,,,,,,
2026-07-15 11:40:00+03:00,15,V,True,12.444029850746269,1.0,0.0,0.0,0.0,,
2026-07-15 11:45:00+03:00,15,A,True,20.08755881124839,0.703610061009725,0.296389938990275,0.0,0.0,,
2026-07-15 11:45:00+03:00,15,M,False,,,,,,,
2026-07-15 11:45:00+03:00,15,V,True,12.444029850746269,1.0,0.0,0.0,0.0,,
2026-07-15 11:50:00+03:00,15,A,True,18.971747949994676,0.7477798302968341,0.2522201697031658,0.0,0.0,,
2026-07-15 11:50:00+03:00,15,M,False,,,,,,,
2026-07-15 11:50:00+03:00,15,V,True,12.444029850746269,1.0,0.0,0.0,0.0,,
2026-07-15 11:55:00+03:00,15,A,True,18.37942377493125,0.77095640818278,0.22904359181722,0.0,0.0,,
2026-07-15 11:55:00+03:00,15,M,False,,,,,,,
2026-07-15 11:55:00+03:00,15,V,True,12.444029850746269,1.0,0.0,0.0,0.0,,
2026-07-15 12:00:00+03:00,15,A,True,17.879919253645443,0.7904625511169435,0.2095374488830565,0.0,0.0,,
2026-07-15 12:00:00+03:00,15,M,False,,,,,,,
2026-07-15 12:00:00+03:00,15,V,True,12.444029850746269,1.0,0.0,0.0,0.0,,
2026-07-15 12:05:00+03:00,15,A,True,18.407944960127956,0.7698421732584635,0.23015782674153656,0.0,0.0,,
2026-07-15 12:05:00+03:00,15,M,False,,,,,,,
2026-07-15 12:05:00+03:00,15,V,True,12.444029850746269,1.0,0.0,0.0,0.0,,
2026-07-15 12:10:00+03:00,15,A,True,18.84262253687463,0.7528545761108397,0.2471454238891603,0.0,0.0,,
2026-07-15 12:10:00+03:00,15,M,False,,,,,,,
2026-07-15 12:10:00+03:00,15,V,True,12.444029850746269,1.0,0.0,0.0,0.0,,
2026-07-15 12:15:00+03:00,15,A,True,19.22349980705626,0.7378175131479899,0.26218248685201007,0.0,0.0,,
2026-07-15 12:15:00+03:00,15,M,False,,,,,,,
2026-07-15 12:15:00+03:00,15,V,True,12.444029850746269,1.0,0.0,0.0,0.0,,
2026-07-15 12:20:00+03:00,15,A,True,18.770018731924292,0.7556927935282388,0.24430720647176116,0.0,0.0,,
2026-07-15 12:20:00+03:00,15,M,False,,,,,,,
2026-07-15 12:20:00+03:00,15,V,True,12.444029850746269,1.0,0.0,0.0,0.0,,
2026-07-15 12:25:00+03:00,15,A,True,16.747135600684484,0.8346431255340576,0.16535687446594238,0.0,0.0,,
2026-07-15 12:25:00+03:00,15,M,False,,,,,,,
2026-07-15 12:25:00+03:00,15,V,True,12.444029850746269,1.0,0.0,0.0,0.0,,
2026-07-15 12:30:00+03:00,15,A,True,15.27038579877018,0.8919016710917156,0.10809832890828446,0.0,0.0,,
2026-07-15 12:30:00+03:00,15,M,False,,,,,,,
2026-07-15 12:30:00+03:00,15,V,True,12.444029850746269,1.0,0.0,0.0,0.0,,
2026-07-15 12:35:00+03:00,15,A,True,13.152542144413614,0.9729672209421792,0.027032779057820734,0.0,0.0,,
2026-07-15 12:35:00+03:00,15,M,False,,,,,,,
2026-07-15 12:35:00+03:00,15,V,True,12.444029850746269,1.0,0.0,0.0,0.0,,
2026-07-15 12:40:00+03:00,15,A,True,12.444029850746269,1.0,0.0,0.0,0.0,,
2026-07-15 12:40:00+03:00,15,M,False,,,,,,,
2026-07-15 12:40:00+03:00,15,V,True,12.444029850746269,1.0,0.0,0.0,0.0,,
2026-07-15 12:45:00+03:00,15,A,True,12.444029850746269,1.0,0.0,0.0,0.0,,
2026-07-15 12:45:00+03:00,15,M,False,,,,,,,
2026-07-15 12:45:00+03:00,15,V,True,12.444029850746269,1.0,0.0,0.0,0.0,,
2026-07-15 12:50:00+03:00,15,A,True,12.444029850746269,1.0,0.0,0.0,0.0,,
2026-07-15 12:50:00+03:00,15,M,False,,,,,,,
2026-07-15 12:50:00+03:00,15,V,True,12.444029850746269,1.0,0.0,0.0,0.0,,
2026-07-15 12:55:00+03:00,15,A,True,12.444029850746269,1.0,0.0,0.0,0.0,,
2026-07-15 12:55:00+03:00,15,M,False,,,,,,,
2026-07-15 12:55:00+03:00,15,V,True,12.444029850746269,1.0,0.0,0.0,0.0,,
2026-07-15 13:00:00+03:00,15,A,True,12.444029850746269,1.0,0.0,0.0,0.0,,
2026-07-15 13:00:00+03:00,15,M,False,,,,,,,
2026-07-15 13:00:00+03:00,15,V,True,12.444029850746269,1.0,0.0,0.0,0.0,,
2026-07-15 13:05:00+03:00,15,A,True,12.444029850746269,1.0,0.0,0.0,0.0,,
2026-07-15 13:05:00+03:00,15,M,False,,,,,,,
2026-07-15 13:05:00+03:00,15,V,True,12.444029850746269,1.0,0.0,0.0,0.0,,
2026-07-15 13:10:00+03:00,15,A,True,12.444029850746269,1.0,0.0,0.0,0.0,,
2026-07-15 13:10:00+03:00,15,M,False,,,,,,,
2026-07-15 13:10:00+03:00,15,V,True,12.444029850746269,1.0,0.0,0.0,0.0,,
2026-07-15 13:15:00+03:00,15,A,True,12.444029850746269,1.0,0.0,0.0,0.0,,
2026-07-15 13:15:00+03:00,15,M,False,,,,,,,
2026-07-15 13:15:00+03:00,15,V,True,12.444029850746269,1.0,0.0,0.0,0.0,,
2026-07-15 13:20:00+03:00,15,A,True,12.444029850746269,1.0,0.0,0.0,0.0,,
2026-07-15 13:20:00+03:00,15,M,False,,,,,,,
2026-07-15 13:20:00+03:00,15,V,True,12.444029850746269,1.0,0.0,0.0,0.0,,
2026-07-15 13:25:00+03:00,15,A,True,12.444029850746269,1.0,0.0,0.0,0.0,,
2026-07-15 13:25:00+03:00,15,M,False,,,,,,,
2026-07-15 13:25:00+03:00,15,V,True,12.444029850746269,1.0,0.0,0.0,0.0,,
2026-07-15 13:30:00+03:00,15,A,True,12.444029850746269,1.0,0.0,0.0,0.0,,
2026-07-15 13:30:00+03:00,15,M,False,,,,,,,
2026-07-15 13:30:00+03:00,15,V,True,12.444029850746269,1.0,0.0,0.0,0.0,,
2026-07-15 13:35:00+03:00,15,A,True,12.444029850746269,1.0,0.0,0.0,0.0,,
2026-07-15 13:35:00+03:00,15,M,False,,,,,,,
2026-07-15 13:35:00+03:00,15,V,True,12.444029850746269,1.0,0.0,0.0,0.0,,
2026-07-15 13:40:00+03:00,15,A,True,12.444029850746269,1.0,0.0,0.0,0.0,,
2026-07-15 13:40:00+03:00,15,M,False,,,,,,,
2026-07-15 13:40:00+03:00,15,V,True,12.444029850746269,1.0,0.0,0.0,0.0,,
2026-07-15 13:45:00+03:00,15,A,True,12.444029850746269,1.0,0.0,0.0,0.0,,
2026-07-15 13:45:00+03:00,15,M,False,,,,,,,
2026-07-15 13:45:00+03:00,15,V,True,12.444029850746269,1.0,0.0,0.0,0.0,,
2026-07-15 13:50:00+03:00,15,A,True,12.444029850746269,1.0,0.0,0.0,0.0,,
2026-07-15 13:50:00+03:00,15,M,False,,,,,,,
2026-07-15 13:50:00+03:00,15,V,True,12.444029850746269,1.0,0.0,0.0,0.0,,
2026-07-15 13:55:00+03:00,15,A,True,12.444029850746269,1.0,0.0,0.0,0.0,,
2026-07-15 13:55:00+03:00,15,M,False,,,,,,,
2026-07-15 13:55:00+03:00,15,V,True,12.444029850746269,1.0,0.0,0.0,0.0,,
2026-07-15 14:00:00+03:00,15,A,True,12.444029850746269,1.0,0.0,0.0,0.0,,
2026-07-15 14:00:00+03:00,15,M,False,,,,,,,
2026-07-15 14:00:00+03:00,15,V,True,12.444029850746269,1.0,0.0,0.0,0.0,,
2026-07-15 14:05:00+03:00,15,A,True,12.444029850746269,1.0,0.0,0.0,0.0,,
2026-07-15 14:05:00+03:00,15,M,False,,,,,,,
2026-07-15 14:05:00+03:00,15,V,True,12.444029850746269,1.0,0.0,0.0,0.0,,
2026-07-15 14:10:00+03:00,15,A,True,12.444029850746269,1.0,0.0,0.0,0.0,,
2026-07-15 14:10:00+03:00,15,M,False,,,,,,,
2026-07-15 14:10:00+03:00,15,V,True,12.444029850746269,1.0,0.0,0.0,0.0,,
2026-07-15 14:15:00+03:00,15,A,True,12.444029850746269,1.0,0.0,0.0,0.0,,
2026-07-15 14:15:00+03:00,15,M,False,,,,,,,
2026-07-15 14:15:00+03:00,15,V,True,12.444029850746269,1.0,0.0,0.0,0.0,,
2026-07-15 14:20:00+03:00,15,A,True,13.995071182312282,0.9407642873128257,0.05923571268717431,0.0,0.0,,
2026-07-15 14:20:00+03:00,15,M,False,,,,,,,
2026-07-15 14:20:00+03:00,15,V,True,12.444029850746269,1.0,0.0,0.0,0.0,,
2026-07-15 14:25:00+03:00,15,A,True,14.370342572562594,0.9264008363087971,0.07359916369120292,0.0,0.0,,
2026-07-15 14:25:00+03:00,15,M,False,,,,,,,
2026-07-15 14:25:00+03:00,15,V,True,12.444029850746269,1.0,0.0,0.0,0.0,,
2026-07-15 14:30:00+03:00,15,A,True,14.28521807603787,0.9296600405375163,0.07033995946248375,0.0,0.0,,
2026-07-15 14:30:00+03:00,15,M,False,,,,,,,
2026-07-15 14:30:00+03:00,15,V,True,12.444029850746269,1.0,0.0,0.0,0.0,,
2026-07-15 14:35:00+03:00,15,A,True,13.665572592033921,0.9533656628926597,0.04663433710734033,0.0,0.0,,
2026-07-15 14:35:00+03:00,15,M,False,,,,,,,
2026-07-15 14:35:00+03:00,15,V,True,12.444029850746269,1.0,0.0,0.0,0.0,,
2026-07-15 14:40:00+03:00,15,A,True,12.444029850746269,1.0,0.0,0.0,0.0,,
2026-07-15 14:40:00+03:00,15,M,False,,,,,,,
2026-07-15 14:40:00+03:00,15,V,True,12.444029850746269,1.0,0.0,0.0,0.0,,
2026-07-15 14:45:00+03:00,15,A,True,12.444029850746269,1.0,0.0,0.0,0.0,,
2026-07-15 14:45:00+03:00,15,M,False,,,,,,,
2026-07-15 14:45:00+03:00,15,V,True,12.444029850746269,1.0,0.0,0.0,0.0,,
2026-07-15 14:50:00+03:00,15,A,True,12.444029850746269,1.0,0.0,0.0,0.0,,
2026-07-15 14:50:00+03:00,15,M,False,,,,,,,
2026-07-15 14:50:00+03:00,15,V,True,12.444029850746269,1.0,0.0,0.0,0.0,,
2026-07-15 14:55:00+03:00,15,A,True,12.444029850746269,1.0,0.0,0.0,0.0,,
2026-07-15 14:55:00+03:00,15,M,False,,,,,,,
2026-07-15 14:55:00+03:00,15,V,True,12.444029850746269,1.0,0.0,0.0,0.0,,
2026-07-15 15:00:00+03:00,15,A,True,12.444029850746269,1.0,0.0,0.0,0.0,,
2026-07-15 15:00:00+03:00,15,M,False,,,,,,,
2026-07-15 15:00:00+03:00,15,V,True,12.444029850746269,1.0,0.0,0.0,0.0,,
2026-07-15 15:05:00+03:00,15,A,True,12.444029850746269,1.0,0.0,0.0,0.0,,
2026-07-15 15:05:00+03:00,15,M,False,,,,,,,
2026-07-15 15:05:00+03:00,15,V,True,12.444029850746269,1.0,0.0,0.0,0.0,,
2026-07-15 15:10:00+03:00,15,A,True,12.444029850746269,1.0,0.0,0.0,0.0,,
2026-07-15 15:10:00+03:00,15,M,False,,,,,,,
2026-07-15 15:10:00+03:00,15,V,True,12.444029850746269,1.0,0.0,0.0,0.0,,
2026-07-15 15:15:00+03:00,15,A,True,12.444029850746269,1.0,0.0,0.0,0.0,,
2026-07-15 15:15:00+03:00,15,M,False,,,,,,,
2026-07-15 15:15:00+03:00,15,V,True,12.444029850746269,1.0,0.0,0.0,0.0,,
2026-07-15 15:20:00+03:00,15,A,True,12.444029850746269,1.0,0.0,0.0,0.0,,
2026-07-15 15:20:00+03:00,15,M,False,,,,,,,
2026-07-15 15:20:00+03:00,15,V,True,12.444029850746269,1.0,0.0,0.0,0.0,,
2026-07-15 15:25:00+03:00,15,A,True,12.444029850746269,1.0,0.0,0.0,0.0,,
2026-07-15 15:25:00+03:00,15,M,False,,,,,,,
2026-07-15 15:25:00+03:00,15,V,True,12.444029850746269,1.0,0.0,0.0,0.0,,
2026-07-15 15:30:00+03:00,15,A,True,12.444029850746269,1.0,0.0,0.0,0.0,,
2026-07-15 15:30:00+03:00,15,M,False,,,,,,,
2026-07-15 15:30:00+03:00,15,V,True,12.444029850746269,1.0,0.0,0.0,0.0,,
2026-07-15 15:35:00+03:00,15,A,True,12.444029850746269,1.0,0.0,0.0,0.0,,
2026-07-15 15:35:00+03:00,15,M,False,,,,,,,
2026-07-15 15:35:00+03:00,15,V,True,12.444029850746269,1.0,0.0,0.0,0.0,,
2026-07-15 15:40:00+03:00,15,A,True,12.444029850746269,1.0,0.0,0.0,0.0,,
2026-07-15 15:40:00+03:00,15,M,False,,,,,,,
2026-07-15 15:40:00+03:00,15,V,True,12.444029850746269,1.0,0.0,0.0,0.0,,
2026-07-15 15:45:00+03:00,15,A,True,12.444029850746269,1.0,0.0,0.0,0.0,,
2026-07-15 15:45:00+03:00,15,M,False,,,,,,,
2026-07-15 15:45:00+03:00,15,V,True,12.444029850746269,1.0,0.0,0.0,0.0,,
2026-07-15 15:50:00+03:00,15,A,True,12.444029850746269,1.0,0.0,0.0,0.0,,
2026-07-15 15:50:00+03:00,15,M,False,,,,,,,
2026-07-15 15:50:00+03:00,15,V,True,12.444029850746269,1.0,0.0,0.0,0.0,,
2026-07-15 15:55:00+03:00,15,A,True,12.444029850746269,1.0,0.0,0.0,0.0,,
2026-07-15 15:55:00+03:00,15,M,False,,,,,,,
2026-07-15 15:55:00+03:00,15,V,True,12.444029850746269,1.0,0.0,0.0,0.0,,
2026-07-15 16:00:00+03:00,15,A,True,12.444029850746269,1.0,0.0,0.0,0.0,,
2026-07-15 16:00:00+03:00,15,M,False,,,,,,,
2026-07-15 16:00:00+03:00,15,V,True,12.444029850746269,1.0,0.0,0.0,0.0,,
2026-07-15 16:05:00+03:00,15,A,True,12.444029850746269,1.0,0.0,0.0,0.0,,
2026-07-15 16:05:00+03:00,15,M,False,,,,,,,
2026-07-15 16:05:00+03:00,15,V,True,12.444029850746269,1.0,0.0,0.0,0.0,,
2026-07-15 16:10:00+03:00,15,A,True,12.444029850746269,1.0,0.0,0.0,0.0,,
2026-07-15 16:10:00+03:00,15,M,False,,,,,,,
2026-07-15 16:10:00+03:00,15,V,True,12.444029850746269,1.0,0.0,0.0,0.0,,
2026-07-15 16:15:00+03:00,15,A,True,12.444029850746269,1.0,0.0,0.0,0.0,,
2026-07-15 16:15:00+03:00,15,M,False,,,,,,,
2026-07-15 16:15:00+03:00,15,V,True,12.444029850746269,1.0,0.0,0.0,0.0,,
2026-07-15 16:20:00+03:00,15,A,True,12.444029850746269,1.0,0.0,0.0,0.0,,
2026-07-15 16:20:00+03:00,15,M,False,,,,,,,
2026-07-15 16:20:00+03:00,15,V,True,12.444029850746269,1.0,0.0,0.0,0.0,,
2026-07-15 16:25:00+03:00,15,A,True,12.444029850746269,1.0,0.0,0.0,0.0,,
2026-07-15 16:25:00+03:00,15,M,False,,,,,,,
2026-07-15 16:25:00+03:00,15,V,True,12.444029850746269,1.0,0.0,0.0,0.0,,
2026-07-15 16:30:00+03:00,15,A,True,12.444029850746269,1.0,0.0,0.0,0.0,,
2026-07-15 16:30:00+03:00,15,M,False,,,,,,,
2026-07-15 16:30:00+03:00,15,V,True,12.444029850746269,1.0,0.0,0.0,0.0,,
2026-07-15 16:35:00+03:00,15,A,True,12.444029850746269,1.0,0.0,0.0,0.0,,
2026-07-15 16:35:00+03:00,15,M,False,,,,,,,
2026-07-15 16:35:00+03:00,15,V,True,12.444029850746269,1.0,0.0,0.0,0.0,,
2026-07-15 16:40:00+03:00,15,A,True,12.444029850746269,1.0,0.0,0.0,0.0,,
2026-07-15 16:40:00+03:00,15,M,False,,,,,,,
2026-07-15 16:40:00+03:00,15,V,True,12.444029850746269,1.0,0.0,0.0,0.0,,
2026-07-15 16:45:00+03:00,15,A,True,12.444029850746269,1.0,0.0,0.0,0.0,,
2026-07-15 16:45:00+03:00,15,M,False,,,,,,,
2026-07-15 16:45:00+03:00,15,V,True,12.444029850746269,1.0,0.0,0.0,0.0,,
2026-07-15 16:50:00+03:00,15,A,True,12.444029850746269,1.0,0.0,0.0,0.0,,
2026-07-15 16:50:00+03:00,15,M,False,,,,,,,
2026-07-15 16:50:00+03:00,15,V,True,12.444029850746269,1.0,0.0,0.0,0.0,,
2026-07-15 16:55:00+03:00,15,A,True,12.444029850746269,1.0,0.0,0.0,0.0,,
2026-07-15 16:55:00+03:00,15,M,False,,,,,,,
2026-07-15 16:55:00+03:00,15,V,True,12.444029850746269,1.0,0.0,0.0,0.0,,
2026-07-15 17:00:00+03:00,15,A,True,12.444029850746269,1.0,0.0,0.0,0.0,,
2026-07-15 17:00:00+03:00,15,M,False,,,,,,,
2026-07-15 17:00:00+03:00,15,V,True,12.444029850746269,1.0,0.0,0.0,0.0,,
2026-07-15 17:05:00+03:00,15,A,True,12.444029850746269,1.0,0.0,0.0,0.0,,
2026-07-15 17:05:00+03:00,15,M,False,,,,,,,
2026-07-15 17:05:00+03:00,15,V,True,12.444029850746269,1.0,0.0,0.0,0.0,,
2026-07-15 17:10:00+03:00,15,A,True,12.444029850746269,1.0,0.0,0.0,0.0,,
2026-07-15 17:10:00+03:00,15,M,False,,,,,,,
2026-07-15 17:10:00+03:00,15,V,True,12.444029850746269,1.0,0.0,0.0,0.0,,
2026-07-15 17:15:00+03:00,15,A,True,12.444029850746269,1.0,0.0,0.0,0.0,,
2026-07-15 17:15:00+03:00,15,M,False,,,,,,,
2026-07-15 17:15:00+03:00,15,V,True,12.444029850746269,1.0,0.0,0.0,0.0,,
2026-07-15 17:20:00+03:00,15,A,True,12.444029850746269,1.0,0.0,0.0,0.0,,
2026-07-15 17:20:00+03:00,15,M,False,,,,,,,
2026-07-15 17:20:00+03:00,15,V,True,12.444029850746269,1.0,0.0,0.0,0.0,,
2026-07-15 17:25:00+03:00,15,A,True,12.444029850746269,1.0,0.0,0.0,0.0,,
2026-07-15 17:25:00+03:00,15,M,False,,,,,,,
2026-07-15 17:25:00+03:00,15,V,True,12.444029850746269,1.0,0.0,0.0,0.0,,
2026-07-15 17:30:00+03:00,15,A,True,12.444029850746269,1.0,0.0,0.0,0.0,,
2026-07-15 17:30:00+03:00,15,M,False,,,,,,,
2026-07-15 17:30:00+03:00,15,V,True,12.444029850746269,1.0,0.0,0.0,0.0,,
2026-07-15 17:35:00+03:00,15,A,True,12.444029850746269,1.0,0.0,0.0,0.0,,
2026-07-15 17:35:00+03:00,15,M,False,,,,,,,
2026-07-15 17:35:00+03:00,15,V,True,12.444029850746269,1.0,0.0,0.0,0.0,,
2026-07-15 17:40:00+03:00,15,A,True,12.444029850746269,1.0,0.0,0.0,0.0,,
2026-07-15 17:40:00+03:00,15,M,False,,,,,,,
2026-07-15 17:40:00+03:00,15,V,True,12.444029850746269,1.0,0.0,0.0,0.0,,
2026-07-15 17:45:00+03:00,15,A,True,12.444029850746269,1.0,0.0,0.0,0.0,,
2026-07-15 17:45:00+03:00,15,M,False,,,,,,,
2026-07-15 17:45:00+03:00,15,V,True,12.444029850746269,1.0,0.0,0.0,0.0,,
2026-07-15 17:50:00+03:00,15,A,True,12.444029850746269,1.0,0.0,0.0,0.0,,
2026-07-15 17:50:00+03:00,15,M,False,,,,,,,
2026-07-15 17:50:00+03:00,15,V,True,12.444029850746269,1.0,0.0,0.0,0.0,,
2026-07-15 17:55:00+03:00,15,A,True,12.444029850746269,1.0,0.0,0.0,0.0,,
2026-07-15 17:55:00+03:00,15,M,False,,,,,,,
2026-07-15 17:55:00+03:00,15,V,True,12.444029850746269,1.0,0.0,0.0,0.0,,
2026-07-15 18:00:00+03:00,15,A,True,12.444029850746269,1.0,0.0,0.0,0.0,,
2026-07-15 18:00:00+03:00,15,M,False,,,,,,,
2026-07-15 18:00:00+03:00,15,V,True,12.444029850746269,1.0,0.0,0.0,0.0,,
2026-07-15 18:05:00+03:00,15,A,True,12.444029850746269,1.0,0.0,0.0,0.0,,
2026-07-15 18:05:00+03:00,15,M,False,,,,,,,
2026-07-15 18:05:00+03:00,15,V,True,12.444029850746269,1.0,0.0,0.0,0.0,,
2026-07-15 18:10:00+03:00,15,A,True,12.444029850746269,1.0,0.0,0.0,0.0,,
2026-07-15 18:10:00+03:00,15,M,False,,,,,,,
2026-07-15 18:10:00+03:00,15,V,True,12.444029850746269,1.0,0.0,0.0,0.0,,
2026-07-15 18:15:00+03:00,15,A,True,12.444029850746269,1.0,0.0,0.0,0.0,,
2026-07-15 18:15:00+03:00,15,M,False,,,,,,,
2026-07-15 18:15:00+03:00,15,V,True,12.444029850746269,1.0,0.0,0.0,0.0,,
2026-07-15 18:20:00+03:00,15,A,True,12.444029850746269,1.0,0.0,0.0,0.0,,
2026-07-15 18:20:00+03:00,15,M,False,,,,,,,
2026-07-15 18:20:00+03:00,15,V,True,12.444029850746269,1.0,0.0,0.0,0.0,,
2026-07-15 18:25:00+03:00,15,A,True,12.444029850746269,1.0,0.0,0.0,0.0,,
2026-07-15 18:25:00+03:00,15,M,False,,,,,,,
2026-07-15 18:25:00+03:00,15,V,True,12.444029850746269,1.0,0.0,0.0,0.0,,
2026-07-15 18:30:00+03:00,15,A,True,12.444029850746269,1.0,0.0,0.0,0.0,,
2026-07-15 18:30:00+03:00,15,M,False,,,,,,,
2026-07-15 18:30:00+03:00,15,V,True,12.444029850746269,1.0,0.0,0.0,0.0,,
2026-07-15 18:35:00+03:00,15,A,True,12.444029850746269,1.0,0.0,0.0,0.0,,
2026-07-15 18:35:00+03:00,15,M,False,,,,,,,
2026-07-15 18:35:00+03:00,15,V,True,12.444029850746269,1.0,0.0,0.0,0.0,,
2026-07-15 18:40:00+03:00,15,A,True,12.444029850746269,1.0,0.0,0.0,0.0,,
2026-07-15 18:40:00+03:00,15,M,False,,,,,,,
2026-07-15 18:40:00+03:00,15,V,True,12.444029850746269,1.0,0.0,0.0,0.0,,
2026-07-15 18:45:00+03:00,15,A,True,12.444029850746269,1.0,0.0,0.0,0.0,,
2026-07-15 18:45:00+03:00,15,M,False,,,,,,,
2026-07-15 18:45:00+03:00,15,V,True,12.444029850746269,1.0,0.0,0.0,0.0,,
2026-07-15 18:50:00+03:00,15,A,True,12.444029850746269,1.0,0.0,0.0,0.0,,
2026-07-15 18:50:00+03:00,15,M,False,,,,,,,
2026-07-15 18:50:00+03:00,15,V,True,12.444029850746269,1.0,0.0,0.0,0.0,,
2026-07-15 18:55:00+03:00,15,A,True,12.444029850746269,1.0,0.0,0.0,0.0,,
2026-07-15 18:55:00+03:00,15,M,False,,,,,,,
2026-07-15 18:55:00+03:00,15,V,True,12.444029850746269,1.0,0.0,0.0,0.0,,
2026-07-15 19:00:00+03:00,15,A,True,12.444029850746269,1.0,0.0,0.0,0.0,,
2026-07-15 19:00:00+03:00,15,M,False,,,,,,,
2026-07-15 19:00:00+03:00,15,V,True,12.444029850746269,1.0,0.0,0.0,0.0,,
2026-07-15 19:05:00+03:00,15,A,True,12.444029850746269,1.0,0.0,0.0,0.0,,
2026-07-15 19:05:00+03:00,15,M,False,,,,,,,
2026-07-15 19:05:00+03:00,15,V,True,12.444029850746269,1.0,0.0,0.0,0.0,,
2026-07-15 19:10:00+03:00,15,A,True,12.444029850746269,1.0,0.0,0.0,0.0,,
2026-07-15 19:10:00+03:00,15,M,False,,,,,,,
2026-07-15 19:10:00+03:00,15,V,True,12.444029850746269,1.0,0.0,0.0,0.0,,
2026-07-15 19:15:00+03:00,15,A,True,12.444029850746269,1.0,0.0,0.0,0.0,,
2026-07-15 19:15:00+03:00,15,M,False,,,,,,,
2026-07-15 19:15:00+03:00,15,V,True,12.444029850746269,1.0,0.0,0.0,0.0,,
2026-07-15 19:20:00+03:00,15,A,True,12.444029850746269,1.0,0.0,0.0,0.0,,
2026-07-15 19:20:00+03:00,15,M,False,,,,,,,
2026-07-15 19:20:00+03:00,15,V,True,12.444029850746269,1.0,0.0,0.0,0.0,,
2026-07-15 19:25:00+03:00,15,A,True,12.444029850746269,1.0,0.0,0.0,0.0,,
2026-07-15 19:25:00+03:00,15,M,False,,,,,,,
2026-07-15 19:25:00+03:00,15,V,True,12.444029850746269,1.0,0.0,0.0,0.0,,
2026-07-15 19:30:00+03:00,15,A,True,12.444029850746269,1.0,0.0,0.0,0.0,,
2026-07-15 19:30:00+03:00,15,M,False,,,,,,,
2026-07-15 19:30:00+03:00,15,V,True,12.444029850746269,1.0,0.0,0.0,0.0,,
2026-07-15 19:35:00+03:00,15,A,True,12.444029850746269,1.0,0.0,0.0,0.0,,
2026-07-15 19:35:00+03:00,15,M,False,,,,,,,
2026-07-15 19:35:00+03:00,15,V,True,12.444029850746269,1.0,0.0,0.0,0.0,,
2026-07-15 19:40:00+03:00,15,A,True,12.444029850746269,1.0,0.0,0.0,0.0,,
2026-07-15 19:40:00+03:00,15,M,False,,,,,,,
2026-07-15 19:40:00+03:00,15,V,True,12.444029850746269,1.0,0.0,0.0,0.0,,
2026-07-15 19:45:00+03:00,15,A,True,12.444029850746269,1.0,0.0,0.0,0.0,,
2026-07-15 19:45:00+03:00,15,M,False,,,,,,,
2026-07-15 19:45:00+03:00,15,V,True,12.444029850746269,1.0,0.0,0.0,0.0,,
2026-07-15 19:50:00+03:00,15,A,True,12.444029850746269,1.0,0.0,0.0,0.0,,
2026-07-15 19:50:00+03:00,15,M,False,,,,,,,
2026-07-15 19:50:00+03:00,15,V,True,12.444029850746269,1.0,0.0,0.0,0.0,,
2026-07-15 19:55:00+03:00,15,A,True,12.444029850746269,1.0,0.0,0.0,0.0,,
2026-07-15 19:55:00+03:00,15,M,False,,,,,,,
2026-07-15 19:55:00+03:00,15,V,True,12.444029850746269,1.0,0.0,0.0,0.0,,
2026-07-15 20:00:00+03:00,15,A,True,12.444029850746269,1.0,0.0,0.0,0.0,,
2026-07-15 20:00:00+03:00,15,M,False,,,,,,,
2026-07-15 20:00:00+03:00,15,V,True,12.444029850746269,1.0,0.0,0.0,0.0,,
2026-07-15 20:05:00+03:00,15,A,True,12.444029850746269,1.0,0.0,0.0,0.0,,
2026-07-15 20:05:00+03:00,15,M,False,,,,,,,
2026-07-15 20:05:00+03:00,15,V,True,12.444029850746269,1.0,0.0,0.0,0.0,,
2026-07-15 20:10:00+03:00,15,A,True,12.444029850746269,1.0,0.0,0.0,0.0,,
2026-07-15 20:10:00+03:00,15,M,False,,,,,,,
2026-07-15 20:10:00+03:00,15,V,True,12.444029850746269,1.0,0.0,0.0,0.0,,
2026-07-15 20:15:00+03:00,15,A,True,12.444029850746269,1.0,0.0,0.0,0.0,,
2026-07-15 20:15:00+03:00,15,M,False,,,,,,,
2026-07-15 20:15:00+03:00,15,V,True,12.444029850746269,1.0,0.0,0.0,0.0,,
2026-07-15 20:20:00+03:00,15,A,True,12.444029850746269,1.0,0.0,0.0,0.0,,
2026-07-15 20:20:00+03:00,15,M,False,,,,,,,
2026-07-15 20:20:00+03:00,15,V,True,12.444029850746269,1.0,0.0,0.0,0.0,,
2026-07-15 20:25:00+03:00,15,A,True,12.444029850746269,1.0,0.0,0.0,0.0,,
2026-07-15 20:25:00+03:00,15,M,False,,,,,,,
2026-07-15 20:25:00+03:00,15,V,True,12.444029850746269,1.0,0.0,0.0,0.0,,
2026-07-15 20:30:00+03:00,15,A,True,12.444029850746269,1.0,0.0,0.0,0.0,,
2026-07-15 20:30:00+03:00,15,M,False,,,,,,,
2026-07-15 20:30:00+03:00,15,V,True,12.444029850746269,1.0,0.0,0.0,0.0,,
2026-07-15 20:35:00+03:00,15,A,True,12.444029850746269,1.0,0.0,0.0,0.0,,
2026-07-15 20:35:00+03:00,15,M,False,,,,,,,
2026-07-15 20:35:00+03:00,15,V,True,12.444029850746269,1.0,0.0,0.0,0.0,,
2026-07-15 20:40:00+03:00,15,A,True,12.444029850746269,1.0,0.0,0.0,0.0,,
2026-07-15 20:40:00+03:00,15,M,False,,,,,,,
2026-07-15 20:40:00+03:00,15,V,True,12.444029850746269,1.0,0.0,0.0,0.0,,
2026-07-15 20:45:00+03:00,15,A,True,12.444029850746269,1.0,0.0,0.0,0.0,,
2026-07-15 20:45:00+03:00,15,M,False,,,,,,,
2026-07-15 20:45:00+03:00,15,V,True,12.444029850746269,1.0,0.0,0.0,0.0,,
2026-07-15 20:50:00+03:00,15,A,True,12.444029850746269,1.0,0.0,0.0,0.0,,
2026-07-15 20:50:00+03:00,15,M,False,,,,,,,
2026-07-15 20:50:00+03:00,15,V,True,12.444029850746269,1.0,0.0,0.0,0.0,,
2026-07-15 20:55:00+03:00,15,A,True,12.444029850746269,1.0,0.0,0.0,0.0,,
2026-07-15 20:55:00+03:00,15,M,False,,,,,,,
2026-07-15 20:55:00+03:00,15,V,True,12.444029850746269,1.0,0.0,0.0,0.0,,
2026-07-15 21:00:00+03:00,15,A,True,12.444029850746269,1.0,0.0,0.0,0.0,,
2026-07-15 21:00:00+03:00,15,M,False,,,,,,,
2026-07-15 21:00:00+03:00,15,V,True,12.444029850746269,1.0,0.0,0.0,0.0,,
2026-07-15 21:05:00+03:00,15,A,True,12.444029850746269,1.0,0.0,0.0,0.0,,
2026-07-15 21:05:00+03:00,15,M,False,,,,,,,
2026-07-15 21:05:00+03:00,15,V,True,12.444029850746269,1.0,0.0,0.0,0.0,,
2026-07-15 21:10:00+03:00,15,A,True,12.444029850746269,1.0,0.0,0.0,0.0,,
2026-07-15 21:10:00+03:00,15,M,False,,,,,,,
2026-07-15 21:10:00+03:00,15,V,True,12.444029850746269,1.0,0.0,0.0,0.0,,
2026-07-15 21:15:00+03:00,15,A,True,12.444029850746269,1.0,0.0,0.0,0.0,,
2026-07-15 21:15:00+03:00,15,M,False,,,,,,,
2026-07-15 21:15:00+03:00,15,V,True,12.444029850746269,1.0,0.0,0.0,0.0,,
2026-07-15 21:20:00+03:00,15,A,True,12.444029850746269,1.0,0.0,0.0,0.0,,
2026-07-15 21:20:00+03:00,15,M,False,,,,,,,
2026-07-15 21:20:00+03:00,15,V,True,12.444029850746269,1.0,0.0,0.0,0.0,,
2026-07-15 21:25:00+03:00,15,A,True,12.444029850746269,1.0,0.0,0.0,0.0,,
2026-07-15 21:25:00+03:00,15,M,False,,,,,,,
2026-07-15 21:25:00+03:00,15,V,True,12.444029850746269,1.0,0.0,0.0,0.0,,
2026-07-15 21:30:00+03:00,15,A,True,12.444029850746269,1.0,0.0,0.0,0.0,,
2026-07-15 21:30:00+03:00,15,M,False,,,,,,,
2026-07-15 21:30:00+03:00,15,V,True,12.444029850746269,1.0,0.0,0.0,0.0,,
2026-07-15 21:35:00+03:00,15,A,True,12.444029850746269,1.0,0.0,0.0,0.0,,
2026-07-15 21:35:00+03:00,15,M,False,,,,,,,
2026-07-15 21:35:00+03:00,15,V,True,12.444029850746269,1.0,0.0,0.0,0.0,,
2026-07-15 21:40:00+03:00,15,A,True,12.444029850746269,1.0,0.0,0.0,0.0,,
2026-07-15 21:40:00+03:00,15,M,False,,,,,,,
2026-07-15 21:40:00+03:00,15,V,True,12.444029850746269,1.0,0.0,0.0,0.0,,
2026-07-15 21:45:00+03:00,15,A,True,12.444029850746269,1.0,0.0,0.0,0.0,,
2026-07-15 21:45:00+03:00,15,M,False,,,,,,,
2026-07-15 21:45:00+03:00,15,V,True,12.444029850746269,1.0,0.0,0.0,0.0,,
2026-07-15 21:50:00+03:00,15,A,True,12.444029850746269,1.0,0.0,0.0,0.0,,
2026-07-15 21:50:00+03:00,15,M,False,,,,,,,
2026-07-15 21:50:00+03:00,15,V,True,12.444029850746269,1.0,0.0,0.0,0.0,,
2026-07-15 21:55:00+03:00,15,A,True,12.444029850746269,1.0,0.0,0.0,0.0,,
2026-07-15 21:55:00+03:00,15,M,False,,,,,,,
2026-07-15 21:55:00+03:00,15,V,True,12.444029850746269,1.0,0.0,0.0,0.0,,
2026-07-15 22:00:00+03:00,15,A,True,12.444029850746269,1.0,0.0,0.0,0.0,,
2026-07-15 22:00:00+03:00,15,M,False,,,,,,,
2026-07-15 22:00:00+03:00,15,V,True,12.444029850746269,1.0,0.0,0.0,0.0,,
2026-07-15 22:05:00+03:00,15,A,True,12.444029850746269,1.0,0.0,0.0,0.0,,
2026-07-15 22:05:00+03:00,15,M,False,,,,,,,
2026-07-15 22:05:00+03:00,15,V,True,12.980803015451327,0.9795238095238102,0.020476190476189718,0.0,0.0,,
2026-07-15 22:10:00+03:00,15,A,True,30.59489051378023,0.28078178723653124,0.7192182127634688,0.0,0.0,,
2026-07-15 22:10:00+03:00,15,M,False,,,,,,,
2026-07-15 22:10:00+03:00,15,V,True,37.5,0.0,1.0,0.0,0.0,,
2026-07-15 22:15:00+03:00,15,A,True,54.170168766059405,0.0,0.330289363861084,0.669710636138916,0.0,,
2026-07-15 22:15:00+03:00,15,M,False,,,,,,,
2026-07-15 22:15:00+03:00,15,V,True,37.5,0.0,1.0,0.0,0.0,,
2026-07-15 22:20:00+03:00,15,A,True,62.499999999999964,0.0,0.0,0.6285311597188314,0.0,,
2026-07-15 22:20:00+03:00,15,M,False,,,,,,,
2026-07-15 22:20:00+03:00,15,V,True,62.5,0.0,0.0,1.0,0.0,,
2026-07-15 22:25:00+03:00,15,A,True,87.55597014925372,0.0,0.0,0.0,1.0,,
2026-07-15 22:25:00+03:00,15,M,False,,,,,,,
2026-07-15 22:25:00+03:00,15,V,True,62.5,0.0,0.0,1.0,0.0,,
2026-07-15 22:30:00+03:00,15,A,True,87.55597014925372,0.0,0.0,0.0,1.0,,
2026-07-15 22:30:00+03:00,15,M,False,,,,,,,
2026-07-15 22:30:00+03:00,15,V,True,62.5,0.0,0.0,1.0,0.0,,
2026-07-15 22:35:00+03:00,15,A,False,,,,,,,
2026-07-15 22:35:00+03:00,15,M,False,,,,,,,
2026-07-15 22:35:00+03:00,15,V,True,62.5,0.0,0.0,1.0,0.0,,
2026-07-15 22:40:00+03:00,15,A,False,,,,,,,
2026-07-15 22:40:00+03:00,15,M,False,,,,,,,
2026-07-15 22:40:00+03:00,15,V,True,62.5,0.0,0.0,1.0,0.0,,
2026-07-15 22:45:00+03:00,15,A,False,,,,,,,
2026-07-15 22:45:00+03:00,15,M,False,,,,,,,
2026-07-15 22:45:00+03:00,15,V,True,62.5,0.0,0.0,1.0,0.0,,
2026-07-15 22:50:00+03:00,15,A,False,,,,,,,
2026-07-15 22:50:00+03:00,15,M,False,,,,,,,
2026-07-15 22:50:00+03:00,15,V,True,62.5,0.0,0.0,1.0,0.0,,
2026-07-15 22:55:00+03:00,15,A,False,,,,,,,
2026-07-15 22:55:00+03:00,15,M,False,,,,,,,
2026-07-15 22:55:00+03:00,15,V,True,62.5,0.0,0.0,1.0,0.0,,
2026-07-15 23:00:00+03:00,15,A,False,,,,,,,
2026-07-15 23:00:00+03:00,15,M,False,,,,,,,
2026-07-15 23:00:00+03:00,15,V,True,62.5,0.0,0.0,1.0,0.0,,
2026-07-15 23:05:00+03:00,15,A,False,,,,,,,
2026-07-15 23:05:00+03:00,15,M,False,,,,,,,
2026-07-15 23:05:00+03:00,15,V,True,62.5,0.0,0.0,1.0,0.0,,
2026-07-15 23:10:00+03:00,15,A,False,,,,,,,
2026-07-15 23:10:00+03:00,15,M,False,,,,,,,
2026-07-15 23:10:00+03:00,15,V,True,62.5,0.0,0.0,1.0,0.0,,
2026-07-15 23:15:00+03:00,15,A,False,,,,,,,
2026-07-15 23:15:00+03:00,15,M,False,,,,,,,
2026-07-15 23:15:00+03:00,15,V,True,62.5,0.0,0.0,1.0,0.0,,
2026-07-15 23:20:00+03:00,15,A,False,,,,,,,
2026-07-15 23:20:00+03:00,15,M,False,,,,,,,
2026-07-15 23:20:00+03:00,15,V,True,62.5,0.0,0.0,1.0,0.0,,
2026-07-15 23:25:00+03:00,15,A,False,,,,,,,
2026-07-15 23:25:00+03:00,15,M,False,,,,,,,
2026-07-15 23:25:00+03:00,15,V,True,62.5,0.0,0.0,1.0,0.0,,
2026-07-15 23:30:00+03:00,15,A,True,87.55597014925372,0.0,0.0,0.0,1.0,,
2026-07-15 23:30:00+03:00,15,M,False,,,,,,,
2026-07-15 23:30:00+03:00,15,V,True,62.5,0.0,0.0,1.0,0.0,,
2026-07-15 23:35:00+03:00,15,A,True,87.55597014925372,0.0,0.0,0.0,1.0,,
2026-07-15 23:35:00+03:00,15,M,False,,,,,,,
2026-07-15 23:35:00+03:00,15,V,True,62.5,0.0,0.0,1.0,0.0,,
2026-07-15 23:40:00+03:00,15,A,True,87.55597014925372,0.0,0.0,0.0,1.0,,
2026-07-15 23:40:00+03:00,15,M,False,,,,,,,
2026-07-15 23:40:00+03:00,15,V,True,61.16794260756936,0.0,0.051666666666665154,0.9483333333333348,0.0,,
2026-07-15 23:45:00+03:00,15,A,True,87.55597014925372,0.0,0.0,0.0,1.0,,
2026-07-15 23:45:00+03:00,15,M,False,,,,,,,
2026-07-15 23:45:00+03:00,15,V,True,62.5,0.0,0.0,1.0,0.0,,
2026-07-15 23:50:00+03:00,15,A,True,87.3275356109104,0.0,0.0,0.0,0.5285311482747397,,
2026-07-15 23:50:00+03:00,15,M,False,,,,,,,
2026-07-15 23:50:00+03:00,15,V,True,62.5,0.0,0.0,1.0,0.0,,
2026-07-15 23:55:00+03:00,15,A,True,87.5265103826877,0.0,0.0,0.0,0.9355366058349608,,
2026-07-15 23:55:00+03:00,15,M,False,,,,,,,
2026-07-15 23:55:00+03:00,15,V,True,62.5,0.0,0.0,1.0,0.0,,
2026-07-16 00:00:00+03:00,15,A,True,62.499999999999986,0.0,0.0,0.5063631490071614,0.0,,
2026-07-16 00:00:00+03:00,15,M,False,,,,,,,
2026-07-16 00:00:00+03:00,15,V,True,57.252339085053386,0.0,0.20619047619047542,0.7938095238095245,0.0,,
2026-07-16 00:05:00+03:00,15,A,True,62.5,0.0,0.0,0.7481079635620117,0.0,,
2026-07-16 00:05:00+03:00,15,M,False,,,,,,,
2026-07-16 00:05:00+03:00,15,V,True,53.08507803845128,0.0,0.37428571428571494,0.6257142857142851,0.0,,
2026-07-16 00:10:00+03:00,15,A,True,62.500000000000014,0.0,0.0,0.8970440177917481,0.0,,
2026-07-16 00:10:00+03:00,15,M,False,,,,,,,
2026-07-16 00:10:00+03:00,15,V,True,59.04136735199403,0.0,0.13500000000000065,0.8649999999999993,0.0,,
2026-07-16 00:15:00+03:00,15,A,True,62.5,0.0,0.0,1.0,0.0,,
2026-07-16 00:15:00+03:00,15,M,False,,,,,,,
2026-07-16 00:15:00+03:00,15,V,True,62.5,0.0,0.0,1.0,0.0,,
2026-07-16 00:20:00+03:00,15,A,True,62.5,0.0,0.0,1.0,0.0,,
2026-07-16 00:20:00+03:00,15,M,False,,,,,,,
2026-07-16 00:20:00+03:00,15,V,True,62.5,0.0,0.0,1.0,0.0,,
2026-07-16 00:25:00+03:00,15,A,True,57.182406483121966,0.0,0.2089834912618002,0.7910165087381997,0.0,,
2026-07-16 00:25:00+03:00,15,M,False,,,,,,,
2026-07-16 00:25:00+03:00,15,V,True,58.969323850971186,0.0,0.13785714285714415,0.8621428571428559,0.0,,
2026-07-16 00:30:00+03:00,15,A,True,50.49374783841978,0.0,0.4798590660095215,0.5201409339904786,0.0,,
2026-07-16 00:30:00+03:00,15,M,False,,,,,,,
2026-07-16 00:30:00+03:00,15,V,True,48.020141989109035,0.0,0.5807142857142854,0.4192857142857146,0.0,,
2026-07-16 00:35:00+03:00,15,A,True,45.40624143967868,0.0,0.6868546867370604,0.3131453132629396,0.0,,
2026-07-16 00:35:00+03:00,15,M,False,,,,,,,
2026-07-16 00:35:00+03:00,15,V,True,38.51985696715277,0.0,0.9604761904761907,0.03952380952380931,0.0,,
2026-07-16 00:40:00+03:00,15,A,True,40.04159593962657,0.0,0.9010940106709796,0.09890598932902037,0.0,,
2026-07-16 00:40:00+03:00,15,M,False,,,,,,,
2026-07-16 00:40:00+03:00,15,V,True,37.5,0.0,1.0,0.0,0.0,,
2026-07-16 00:45:00+03:00,15,A,True,37.5,0.0,1.0,0.0,0.0,,
2026-07-16 00:45:00+03:00,15,M,False,,,,,,,
2026-07-16 00:45:00+03:00,15,V,True,37.5,0.0,1.0,0.0,0.0,,
2026-07-16 00:50:00+03:00,15,A,True,37.5,0.0,1.0,0.0,0.0,,
2026-07-16 00:50:00+03:00,15,M,False,,,,,,,
2026-07-16 00:50:00+03:00,15,V,True,37.5,0.0,1.0,0.0,0.0,,
2026-07-16 00:55:00+03:00,15,A,True,37.5,0.0,1.0,0.0,0.0,,
2026-07-16 00:55:00+03:00,15,M,False,,,,,,,
2026-07-16 00:55:00+03:00,15,V,True,37.5,0.0,1.0,0.0,0.0,,
2026-07-16 01:00:00+03:00,15,A,True,37.5,0.0,1.0,0.0,0.0,,
2026-07-16 01:00:00+03:00,15,M,False,,,,,,,
2026-07-16 01:00:00+03:00,15,V,True,37.5,0.0,1.0,0.0,0.0,,
2026-07-16 01:05:00+03:00,15,A,True,37.5,0.0,1.0,0.0,0.0,,
2026-07-16 01:05:00+03:00,15,M,False,,,,,,,
2026-07-16 01:05:00+03:00,15,V,True,37.5,0.0,1.0,0.0,0.0,,
2026-07-16 01:10:00+03:00,15,A,True,37.5,0.0,1.0,0.0,0.0,,
2026-07-16 01:10:00+03:00,15,M,False,,,,,,,
2026-07-16 01:10:00+03:00,15,V,True,37.5,0.0,1.0,0.0,0.0,,
2026-07-16 01:15:00+03:00,15,A,True,37.5,0.0,1.0,0.0,0.0,,
2026-07-16 01:15:00+03:00,15,M,False,,,,,,,
2026-07-16 01:15:00+03:00,15,V,True,33.85455715202264,0.1480952380952382,0.8519047619047618,0.0,0.0,,
2026-07-16 01:20:00+03:00,15,A,True,37.5,0.0,1.0,0.0,0.0,,
2026-07-16 01:20:00+03:00,15,M,False,,,,,,,
2026-07-16 01:20:00+03:00,15,V,True,29.173232701646228,0.33857142857142924,0.6614285714285708,0.0,0.0,,
2026-07-16 01:25:00+03:00,15,A,True,37.5,0.0,1.0,0.0,0.0,,
2026-07-16 01:25:00+03:00,15,M,False,,,,,,,
2026-07-16 01:25:00+03:00,15,V,True,25.32350368156303,0.49452380952380964,0.5054761904761904,0.0,0.0,,
2026-07-16 01:30:00+03:00,15,A,True,37.5,0.0,1.0,0.0,0.0,,
2026-07-16 01:30:00+03:00,15,M,False,,,,,,,
2026-07-16 01:30:00+03:00,15,V,True,21.98094289040178,0.6285714285714286,0.37142857142857144,0.0,0.0,,
2026-07-16 01:35:00+03:00,15,A,True,37.5,0.0,1.0,0.0,0.0,,
2026-07-16 01:35:00+03:00,15,M,False,,,,,,,
2026-07-16 01:35:00+03:00,15,V,True,18.537969175767376,0.7647619047619043,0.23523809523809566,0.0,0.0,,
2026-07-16 01:40:00+03:00,15,A,True,37.5,0.0,1.0,0.0,0.0,,
2026-07-16 01:40:00+03:00,15,M,False,,,,,,,
2026-07-16 01:40:00+03:00,15,V,True,15.350966113421212,0.8888095238095243,0.11119047619047576,0.0,0.0,,
2026-07-16 01:45:00+03:00,15,A,True,37.4887334057322,0.0004555002848306344,0.9995444997151693,0.0,0.0,,
2026-07-16 01:45:00+03:00,15,M,False,,,,,,,
2026-07-16 01:45:00+03:00,15,V,True,12.500234526576124,0.9978571428571432,0.002142857142856818,0.0,0.0,,
2026-07-16 01:50:00+03:00,15,A,True,37.36299384692223,0.005540186564127936,0.9944598134358721,0.0,0.0,,
2026-07-16 01:50:00+03:00,15,M,False,,,,,,,
2026-07-16 01:50:00+03:00,15,V,True,12.444029850746269,1.0,0.0,0.0,0.0,,
2026-07-16 01:55:00+03:00,15,A,True,36.2876616928569,0.0491093508402507,0.9508906491597493,0.0,0.0,,
2026-07-16 01:55:00+03:00,15,M,False,,,,,,,
2026-07-16 01:55:00+03:00,15,V,True,12.444029850746269,1.0,0.0,0.0,0.0,,
2026-07-16 02:00:00+03:00,15,A,True,36.35850181475182,0.046234455108642436,0.9537655448913576,0.0,0.0,,
2026-07-16 02:00:00+03:00,15,M,False,,,,,,,
2026-07-16 02:00:00+03:00,15,V,True,12.444029850746269,1.0,0.0,0.0,0.0,,
2026-07-16 02:05:00+03:00,15,A,True,35.6622842299446,0.07451762517293262,0.9254823748270674,0.0,0.0,,
2026-07-16 02:05:00+03:00,15,M,False,,,,,,,
2026-07-16 02:05:00+03:00,15,V,True,12.444029850746269,1.0,0.0,0.0,0.0,,
2026-07-16 02:10:00+03:00,15,A,True,35.617376152772906,0.0763441658020021,0.9236558341979979,0.0,0.0,,
2026-07-16 02:10:00+03:00,15,M,False,,,,,,,
2026-07-16 02:10:00+03:00,15,V,True,12.444029850746269,1.0,0.0,0.0,0.0,,
2026-07-16 02:15:00+03:00,15,A,True,35.29011610776196,0.08966281255086272,0.9103371874491373,0.0,0.0,,
2026-07-16 02:15:00+03:00,15,M,False,,,,,,,
2026-07-16 02:15:00+03:00,15,V,True,12.444029850746269,1.0,0.0,0.0,0.0,,
2026-07-16 02:20:00+03:00,15,A,True,34.6001830153359,0.11778772989908859,0.8822122701009114,0.0,0.0,,
2026-07-16 02:20:00+03:00,15,M,False,,,,,,,
2026-07-16 02:20:00+03:00,15,V,True,12.444029850746269,1.0,0.0,0.0,0.0,,
2026-07-16 02:25:00+03:00,15,A,True,33.21818647611915,0.17396500905354842,0.8260349909464516,0.0,0.0,,
2026-07-16 02:25:00+03:00,15,M,False,,,,,,,
2026-07-16 02:25:00+03:00,15,V,True,12.444029850746269,1.0,0.0,0.0,0.0,,
2026-07-16 02:30:00+03:00,15,A,True,32.29460574359179,0.21158156077067075,0.7884184392293292,0.0,0.0,,
2026-07-16 02:30:00+03:00,15,M,False,,,,,,,
2026-07-16 02:30:00+03:00,15,V,True,12.444029850746269,1.0,0.0,0.0,0.0,,
2026-07-16 02:35:00+03:00,15,A,True,31.561592721193918,0.24149656931559277,0.7585034306844072,0.0,0.0,,
2026-07-16 02:35:00+03:00,15,M,False,,,,,,,
2026-07-16 02:35:00+03:00,15,V,True,12.444029850746269,1.0,0.0,0.0,0.0,,
2026-07-16 02:40:00+03:00,15,A,True,32.00502617941399,0.22339323361714705,0.776606766382853,0.0,0.0,,
2026-07-16 02:40:00+03:00,15,M,False,,,,,,,
2026-07-16 02:40:00+03:00,15,V,True,12.444029850746269,1.0,0.0,0.0,0.0,,
2026-07-16 02:45:00+03:00,15,A,True,30.809699601014774,0.27206140518188493,0.7279385948181151,0.0,0.0,,
2026-07-16 02:45:00+03:00,15,M,False,,,,,,,
2026-07-16 02:45:00+03:00,15,V,True,12.444029850746269,1.0,0.0,0.0,0.0,,
2026-07-16 02:50:00+03:00,15,A,True,30.146313434671896,0.29900192896525085,0.7009980710347492,0.0,0.0,,
2026-07-16 02:50:00+03:00,15,M,False,,,,,,,
2026-07-16 02:50:00+03:00,15,V,True,12.444029850746269,1.0,0.0,0.0,0.0,,
2026-07-16 02:55:00+03:00,15,A,True,29.213527236278512,0.33693165461222313,0.6630683453877768,0.0,0.0,,
2026-07-16 02:55:00+03:00,15,M,False,,,,,,,
2026-07-16 02:55:00+03:00,15,V,True,12.444029850746269,1.0,0.0,0.0,0.0,,
2026-07-16 03:00:00+03:00,15,A,True,29.703884272387242,0.316985247929891,0.683014752070109,0.0,0.0,,
2026-07-16 03:00:00+03:00,15,M,False,,,,,,,
2026-07-16 03:00:00+03:00,15,V,True,12.444029850746269,1.0,0.0,0.0,0.0,,
2026-07-16 03:05:00+03:00,15,A,True,29.953284414662413,0.3068463611602784,0.6931536388397216,0.0,0.0,,
2026-07-16 03:05:00+03:00,15,M,False,,,,,,,
2026-07-16 03:05:00+03:00,15,V,True,12.444029850746269,1.0,0.0,0.0,0.0,,
2026-07-16 03:10:00+03:00,15,A,True,29.594716225002497,0.32142454783121754,0.6785754521687825,0.0,0.0,,
2026-07-16 03:10:00+03:00,15,M,False,,,,,,,
2026-07-16 03:10:00+03:00,15,V,True,12.444029850746269,1.0,0.0,0.0,0.0,,
2026-07-16 03:15:00+03:00,15,A,True,29.54857278172802,0.32330119768778476,0.6766988023122152,0.0,0.0,,
2026-07-16 03:15:00+03:00,15,M,False,,,,,,,
2026-07-16 03:15:00+03:00,15,V,True,12.444029850746269,1.0,0.0,0.0,0.0,,
2026-07-16 03:20:00+03:00,15,A,True,28.671995721239064,0.35897801717122385,0.6410219828287762,0.0,0.0,,
2026-07-16 03:20:00+03:00,15,M,False,,,,,,,
2026-07-16 03:20:00+03:00,15,V,True,12.444029850746269,1.0,0.0,0.0,0.0,,
2026-07-16 03:25:00+03:00,15,A,True,29.476261529251413,0.3262423706054687,0.6737576293945313,0.0,0.0,,
2026-07-16 03:25:00+03:00,15,M,False,,,,,,,
2026-07-16 03:25:00+03:00,15,V,True,12.444029850746269,1.0,0.0,0.0,0.0,,
2026-07-16 03:30:00+03:00,15,A,True,29.3243034405009,0.3324241987864177,0.6675758012135823,0.0,0.0,,
2026-07-16 03:30:00+03:00,15,M,False,,,,,,,
2026-07-16 03:30:00+03:00,15,V,True,12.444029850746269,1.0,0.0,0.0,0.0,,
2026-07-16 03:35:00+03:00,15,A,True,28.788254683310907,0.3542433611551921,0.6457566388448079,0.0,0.0,,
2026-07-16 03:35:00+03:00,15,M,False,,,,,,,
2026-07-16 03:35:00+03:00,15,V,True,12.444029850746269,1.0,0.0,0.0,0.0,,
2026-07-16 03:40:00+03:00,15,A,True,27.799609538937663,0.39435911496480325,0.6056408850351968,0.0,0.0,,
2026-07-16 03:40:00+03:00,15,M,False,,,,,,,
2026-07-16 03:40:00+03:00,15,V,True,12.444029850746269,1.0,0.0,0.0,0.0,,
2026-07-16 03:45:00+03:00,15,A,True,27.58471443642379,0.40304430643717454,0.5969556935628255,0.0,0.0,,
2026-07-16 03:45:00+03:00,15,M,False,,,,,,,
2026-07-16 03:45:00+03:00,15,V,True,12.444029850746269,1.0,0.0,0.0,0.0,,
2026-07-16 03:50:00+03:00,15,A,True,28.071487008466175,0.3833730634053548,0.6166269365946452,0.0,0.0,,
2026-07-16 03:50:00+03:00,15,M,False,,,,,,,
2026-07-16 03:50:00+03:00,15,V,True,12.444029850746269,1.0,0.0,0.0,0.0,,
2026-07-16 03:55:00+03:00,15,A,True,27.645718438335695,0.4005786196390787,0.5994213803609213,0.0,0.0,,
2026-07-16 03:55:00+03:00,15,M,False,,,,,,,
2026-07-16 03:55:00+03:00,15,V,True,12.444029850746269,1.0,0.0,0.0,0.0,,
2026-07-16 04:00:00+03:00,15,A,True,27.869616935401353,0.3915300210316975,0.6084699789683026,0.0,0.0,,
2026-07-16 04:00:00+03:00,15,M,False,,,,,,,
2026-07-16 04:00:00+03:00,15,V,True,12.444029850746269,1.0,0.0,0.0,0.0,,
2026-07-16 04:05:00+03:00,15,A,True,28.19486754687298,0.378388277689616,0.621611722310384,0.0,0.0,,
2026-07-16 04:05:00+03:00,15,M,False,,,,,,,
2026-07-16 04:05:00+03:00,15,V,True,12.444029850746269,1.0,0.0,0.0,0.0,,
2026-07-16 04:10:00+03:00,15,A,True,28.377748924354943,0.3709652074178059,0.6290347925821941,0.0,0.0,,
2026-07-16 04:10:00+03:00,15,M,False,,,,,,,
2026-07-16 04:10:00+03:00,15,V,True,12.444029850746269,1.0,0.0,0.0,0.0,,
2026-07-16 04:15:00+03:00,15,A,True,28.609919108683425,0.3615064557393392,0.6384935442606607,0.0,0.0,,
2026-07-16 04:15:00+03:00,15,M,False,,,,,,,
2026-07-16 04:15:00+03:00,15,V,True,12.444029850746269,1.0,0.0,0.0,0.0,,
2026-07-16 04:20:00+03:00,15,A,True,28.530638097914853,0.36473601341247563,0.6352639865875244,0.0,0.0,,
2026-07-16 04:20:00+03:00,15,M,False,,,,,,,
2026-07-16 04:20:00+03:00,15,V,True,12.444029850746269,1.0,0.0,0.0,0.0,,
2026-07-16 04:25:00+03:00,15,A,True,28.19068174510555,0.3785573832194011,0.6214426167805989,0.0,0.0,,
2026-07-16 04:25:00+03:00,15,M,False,,,,,,,
2026-07-16 04:25:00+03:00,15,V,True,12.444029850746269,1.0,0.0,0.0,0.0,,
2026-07-16 04:30:00+03:00,15,A,True,27.696981802105263,0.3985067272186278,0.6014932727813722,0.0,0.0,,
2026-07-16 04:30:00+03:00,15,M,False,,,,,,,
2026-07-16 04:30:00+03:00,15,V,True,12.444029850746269,1.0,0.0,0.0,0.0,,
2026-07-16 04:35:00+03:00,15,A,True,27.553315096167033,0.4043134657541909,0.5956865342458091,0.0,0.0,,
2026-07-16 04:35:00+03:00,15,M,False,,,,,,,
2026-07-16 04:35:00+03:00,15,V,True,12.444029850746269,1.0,0.0,0.0,0.0,,
2026-07-16 04:40:00+03:00,15,A,True,27.67563408854169,0.39936951955159505,0.600630480448405,0.0,0.0,,
2026-07-16 04:40:00+03:00,15,M,False,,,,,,,
2026-07-16 04:40:00+03:00,15,V,True,12.444029850746269,1.0,0.0,0.0,0.0,,
2026-07-16 04:45:00+03:00,15,A,True,27.49053954091087,0.4068509451548259,0.5931490548451741,0.0,0.0,,
2026-07-16 04:45:00+03:00,15,M,False,,,,,,,
2026-07-16 04:45:00+03:00,15,V,True,12.444029850746269,1.0,0.0,0.0,0.0,,
2026-07-16 04:50:00+03:00,15,A,True,27.099159235730355,0.42267397880554186,0.5773260211944582,0.0,0.0,,
2026-07-16 04:50:00+03:00,15,M,False,,,,,,,
2026-07-16 04:50:00+03:00,15,V,True,12.444029850746269,1.0,0.0,0.0,0.0,,
2026-07-16 04:55:00+03:00,15,A,True,27.75808936541718,0.39603707631429047,0.6039629236857096,0.0,0.0,,
2026-07-16 04:55:00+03:00,15,M,False,,,,,,,
2026-07-16 04:55:00+03:00,15,V,True,12.444029850746269,1.0,0.0,0.0,0.0,,
2026-07-16 05:00:00+03:00,15,A,True,27.931335226570013,0.3890360323588052,0.6109639676411949,0.0,0.0,,
2026-07-16 05:00:00+03:00,15,M,False,,,,,,,
2026-07-16 05:00:00+03:00,15,V,True,12.444029850746269,1.0,0.0,0.0,0.0,,
2026-07-16 05:05:00+03:00,15,A,True,27.93368163914842,0.38894121805826815,0.6110587819417319,0.0,0.0,,
2026-07-16 05:05:00+03:00,15,M,False,,,,,,,
2026-07-16 05:05:00+03:00,15,V,True,12.444029850746269,1.0,0.0,0.0,0.0,,
2026-07-16 05:10:00+03:00,15,A,True,26.911768420956466,0.4302517159779867,0.5697482840220133,0.0,0.0,,
2026-07-16 05:10:00+03:00,15,M,False,,,,,,,
2026-07-16 05:10:00+03:00,15,V,True,12.444029850746269,1.0,0.0,0.0,0.0,,
2026-07-16 05:15:00+03:00,15,A,True,27.1101040413259,0.42223142623901355,0.5777685737609864,0.0,0.0,,
2026-07-16 05:15:00+03:00,15,M,False,,,,,,,
2026-07-16 05:15:00+03:00,15,V,True,12.444029850746269,1.0,0.0,0.0,0.0,,
2026-07-16 05:20:00+03:00,15,A,True,26.738500663226038,0.4372593530019124,0.5627406469980876,0.0,0.0,,
2026-07-16 05:20:00+03:00,15,M,False,,,,,,,
2026-07-16 05:20:00+03:00,15,V,True,12.444029850746269,1.0,0.0,0.0,0.0,,
2026-07-16 05:25:00+03:00,15,A,True,27.679166518469277,0.3992267513275145,0.6007732486724855,0.0,0.0,,
2026-07-16 05:25:00+03:00,15,M,False,,,,,,,
2026-07-16 05:25:00+03:00,15,V,True,12.444029850746269,1.0,0.0,0.0,0.0,,
2026-07-16 05:30:00+03:00,15,A,True,26.96070853813459,0.42827255884806303,0.571727441151937,0.0,0.0,,
2026-07-16 05:30:00+03:00,15,M,False,,,,,,,
2026-07-16 05:30:00+03:00,15,V,True,12.444029850746269,1.0,0.0,0.0,0.0,,
2026-07-16 05:35:00+03:00,15,A,True,26.684305398429082,0.4394514242808025,0.5605485757191975,0.0,0.0,,
2026-07-16 05:35:00+03:00,15,M,False,,,,,,,
2026-07-16 05:35:00+03:00,15,V,True,12.444029850746269,1.0,0.0,0.0,0.0,,
2026-07-16 05:40:00+03:00,15,A,True,25.77608341358694,0.4762010097503662,0.5237989902496338,0.0,0.0,,
2026-07-16 05:40:00+03:00,15,M,False,,,,,,,
2026-07-16 05:40:00+03:00,15,V,True,12.444029850746269,1.0,0.0,0.0,0.0,,
2026-07-16 05:45:00+03:00,15,A,True,25.6632289546683,0.48076932907104497,0.519230670928955,0.0,0.0,,
2026-07-16 05:45:00+03:00,15,M,False,,,,,,,
2026-07-16 05:45:00+03:00,15,V,True,12.444029850746269,1.0,0.0,0.0,0.0,,
2026-07-16 05:50:00+03:00,15,A,True,25.4504290336291,0.4893845367431641,0.5106154632568358,0.0,0.0,,
2026-07-16 05:50:00+03:00,15,M,False,,,,,,,
2026-07-16 05:50:00+03:00,15,V,True,12.444029850746269,1.0,0.0,0.0,0.0,,
2026-07-16 05:55:00+03:00,15,A,True,25.826833619917156,0.4741467889149984,0.5258532110850016,0.0,0.0,,
2026-07-16 05:55:00+03:00,15,M,False,,,,,,,
2026-07-16 05:55:00+03:00,15,V,True,12.444029850746269,1.0,0.0,0.0,0.0,,
2026-07-16 06:00:00+03:00,15,A,True,25.562158158413506,0.48486099878946937,0.5151390012105306,0.0,0.0,,
2026-07-16 06:00:00+03:00,15,M,False,,,,,,,
2026-07-16 06:00:00+03:00,15,V,True,12.444029850746269,1.0,0.0,0.0,0.0,,
2026-07-16 06:05:00+03:00,15,A,True,26.216812561748977,0.458364356358846,0.541635643641154,0.0,0.0,,
2026-07-16 06:05:00+03:00,15,M,False,,,,,,,
2026-07-16 06:05:00+03:00,15,V,True,12.444029850746269,1.0,0.0,0.0,0.0,,
2026-07-16 06:10:00+03:00,15,A,True,25.94017929949428,0.46955918629964194,0.530440813700358,0.0,0.0,,
2026-07-16 06:10:00+03:00,15,M,False,,,,,,,
2026-07-16 06:10:00+03:00,15,V,True,12.444029850746269,1.0,0.0,0.0,0.0,,
2026-07-16 06:15:00+03:00,15,A,True,25.154737748825013,0.5013446744283041,0.49865532557169595,0.0,0.0,,
2026-07-16 06:15:00+03:00,15,M,False,,,,,,,
2026-07-16 06:15:00+03:00,15,V,True,12.444029850746269,1.0,0.0,0.0,0.0,,
2026-07-16 06:20:00+03:00,15,A,True,25.39327648144184,0.49169860839843765,0.5083013916015624,0.0,0.0,,
2026-07-16 06:20:00+03:00,15,M,False,,,,,,,
2026-07-16 06:20:00+03:00,15,V,True,12.444029850746269,1.0,0.0,0.0,0.0,,
2026-07-16 06:25:00+03:00,15,A,True,25.887206478310986,0.47170317967732733,0.5282968203226727,0.0,0.0,,
2026-07-16 06:25:00+03:00,15,M,False,,,,,,,
2026-07-16 06:25:00+03:00,15,V,True,12.444029850746269,1.0,0.0,0.0,0.0,,
2026-07-16 06:30:00+03:00,15,A,True,27.15682819179738,0.42034218152364106,0.579657818476359,0.0,0.0,,
2026-07-16 06:30:00+03:00,15,M,False,,,,,,,
2026-07-16 06:30:00+03:00,15,V,True,12.444029850746269,1.0,0.0,0.0,0.0,,
2026-07-16 06:35:00+03:00,15,A,True,27.46726455874894,0.4077917861938477,0.5922082138061523,0.0,0.0,,
2026-07-16 06:35:00+03:00,15,M,False,,,,,,,
2026-07-16 06:35:00+03:00,15,V,True,12.444029850746269,1.0,0.0,0.0,0.0,,
2026-07-16 06:40:00+03:00,15,A,True,27.338923937036824,0.41297999382019057,0.5870200061798094,0.0,0.0,,
2026-07-16 06:40:00+03:00,15,M,False,,,,,,,
2026-07-16 06:40:00+03:00,15,V,True,12.444029850746269,1.0,0.0,0.0,0.0,,
2026-07-16 06:45:00+03:00,15,A,True,27.319400840824024,0.4137692674001059,0.5862307325998941,0.0,0.0,,
2026-07-16 06:45:00+03:00,15,M,False,,,,,,,
2026-07-16 06:45:00+03:00,15,V,True,12.444029850746269,1.0,0.0,0.0,0.0,,
2026-07-16 06:50:00+03:00,15,A,True,27.362402238967103,0.4120308367411294,0.5879691632588706,0.0,0.0,,
2026-07-16 06:50:00+03:00,15,M,False,,,,,,,
2026-07-16 06:50:00+03:00,15,V,True,12.444029850746269,1.0,0.0,0.0,0.0,,
2026-07-16 06:55:00+03:00,15,A,True,27.076140825200625,0.42360473950703936,0.5763952604929606,0.0,0.0,,
2026-07-16 06:55:00+03:00,15,M,False,,,,,,,
2026-07-16 06:55:00+03:00,15,V,True,12.444029850746269,1.0,0.0,0.0,0.0,,
2026-07-16 07:00:00+03:00,15,A,True,26.920840987990566,0.4298848120371499,0.5701151879628501,0.0,0.0,,
2026-07-16 07:00:00+03:00,15,M,False,,,,,,,
2026-07-16 07:00:00+03:00,15,V,True,12.444029850746269,1.0,0.0,0.0,0.0,,
2026-07-16 07:05:00+03:00,15,A,True,26.816180477201197,0.43411755243937156,0.5658824475606284,0.0,0.0,,
2026-07-16 07:05:00+03:00,15,M,False,,,,,,,
2026-07-16 07:05:00+03:00,15,V,True,12.444029850746269,1.0,0.0,0.0,0.0,,
2026-07-16 07:10:00+03:00,15,A,True,26.41223682564761,0.45045739491780595,0.5495426050821941,0.0,0.0,,
2026-07-16 07:10:00+03:00,15,M,False,,,,,,,
2026-07-16 07:10:00+03:00,15,V,True,12.444029850746269,1.0,0.0,0.0,0.0,,
2026-07-16 07:15:00+03:00,15,A,True,27.038426915554837,0.4251297569274904,0.5748702430725097,0.0,0.0,,
2026-07-16 07:15:00+03:00,15,M,False,,,,,,,
2026-07-16 07:15:00+03:00,15,V,True,12.444029850746269,1.0,0.0,0.0,0.0,,
2026-07-16 07:20:00+03:00,15,A,True,26.661964444251403,0.4403550910949708,0.5596449089050293,0.0,0.0,,
2026-07-16 07:20:00+03:00,15,M,False,,,,,,,
2026-07-16 07:20:00+03:00,15,V,True,12.444029850746269,1.0,0.0,0.0,0.0,,
2026-07-16 07:25:00+03:00,15,A,True,27.554018508010476,0.4042850335439045,0.5957149664560955,0.0,0.0,,
2026-07-16 07:25:00+03:00,15,M,False,,,,,,,
2026-07-16 07:25:00+03:00,15,V,True,12.444029850746269,1.0,0.0,0.0,0.0,,
2026-07-16 07:30:00+03:00,15,A,True,28.020151025739093,0.38544727007548013,0.6145527299245199,0.0,0.0,,
2026-07-16 07:30:00+03:00,15,M,False,,,,,,,
2026-07-16 07:30:00+03:00,15,V,True,12.444029850746269,1.0,0.0,0.0,0.0,,
2026-07-16 07:35:00+03:00,15,A,True,28.834581790332596,0.3523569329579672,0.6476430670420328,0.0,0.0,,
2026-07-16 07:35:00+03:00,15,M,False,,,,,,,
2026-07-16 07:35:00+03:00,15,V,True,12.444029850746269,1.0,0.0,0.0,0.0,,
2026-07-16 07:40:00+03:00,15,A,True,29.21749872629002,0.3367700417836506,0.6632299582163494,0.0,0.0,,
2026-07-16 07:40:00+03:00,15,M,False,,,,,,,
2026-07-16 07:40:00+03:00,15,V,True,12.444029850746269,1.0,0.0,0.0,0.0,,
2026-07-16 07:45:00+03:00,15,A,True,29.2131752334524,0.33694597880045585,0.6630540211995442,0.0,0.0,,
2026-07-16 07:45:00+03:00,15,M,False,,,,,,,
2026-07-16 07:45:00+03:00,15,V,True,12.444029850746269,1.0,0.0,0.0,0.0,,
2026-07-16 07:50:00+03:00,15,A,True,29.780081953089567,0.3138871447245279,0.6861128552754721,0.0,0.0,,
2026-07-16 07:50:00+03:00,15,M,False,,,,,,,
2026-07-16 07:50:00+03:00,15,V,True,12.444029850746269,1.0,0.0,0.0,0.0,,
2026-07-16 07:55:00+03:00,15,A,True,29.340093625702977,0.33178176561991357,0.6682182343800864,0.0,0.0,,
2026-07-16 07:55:00+03:00,15,M,False,,,,,,,
2026-07-16 07:55:00+03:00,15,V,True,12.444029850746269,1.0,0.0,0.0,0.0,,
2026-07-16 08:00:00+03:00,15,A,True,29.86366880334883,0.3104890441894533,0.6895109558105468,0.0,0.0,,
2026-07-16 08:00:00+03:00,15,M,False,,,,,,,
2026-07-16 08:00:00+03:00,15,V,True,12.444029850746269,1.0,0.0,0.0,0.0,,
2026-07-16 08:05:00+03:00,15,A,True,29.389175528322664,0.3297849432627359,0.6702150567372641,0.0,0.0,,
2026-07-16 08:05:00+03:00,15,M,False,,,,,,,
2026-07-16 08:05:00+03:00,15,V,True,12.444029850746269,1.0,0.0,0.0,0.0,,
2026-07-16 08:10:00+03:00,15,A,True,29.734376483642283,0.3157454268137613,0.6842545731862387,0.0,0.0,,
2026-07-16 08:10:00+03:00,15,M,False,,,,,,,
2026-07-16 08:10:00+03:00,15,V,True,12.444029850746269,1.0,0.0,0.0,0.0,,
2026-07-16 08:15:00+03:00,15,A,True,28.879480740115643,0.350528793334961,0.649471206665039,0.0,0.0,,
2026-07-16 08:15:00+03:00,15,M,False,,,,,,,
2026-07-16 08:15:00+03:00,15,V,True,37.5,0.0,1.0,0.0,0.0,,
2026-07-16 08:20:00+03:00,15,A,True,28.670454536312498,0.35904078801473,0.6409592119852701,0.0,0.0,,
2026-07-16 08:20:00+03:00,15,M,False,,,,,,,
2026-07-16 08:20:00+03:00,15,V,True,62.5,0.0,0.0,1.0,0.0,,
2026-07-16 08:25:00+03:00,15,A,True,27.334148501874342,0.41317305246988917,0.5868269475301109,0.0,0.0,,
2026-07-16 08:25:00+03:00,15,M,False,,,,,,,
2026-07-16 08:25:00+03:00,15,V,True,62.5,0.0,0.0,1.0,0.0,,
2026-07-16 08:30:00+03:00,15,A,True,27.083159150232312,0.42332094828287764,0.5766790517171223,0.0,0.0,,
2026-07-16 08:30:00+03:00,15,M,False,,,,,,,
2026-07-16 08:30:00+03:00,15,V,True,62.5,0.0,0.0,1.0,0.0,,
2026-07-16 08:35:00+03:00,15,A,True,26.469254375517565,0.44815066973368334,0.5518493302663167,0.0,0.0,,
2026-07-16 08:35:00+03:00,15,M,False,,,,,,,
2026-07-16 08:35:00+03:00,15,V,True,62.5,0.0,0.0,1.0,0.0,,
2026-07-16 08:40:00+03:00,15,A,True,26.225832558812527,0.45799937566121435,0.5420006243387856,0.0,0.0,,
2026-07-16 08:40:00+03:00,15,M,False,,,,,,,
2026-07-16 08:40:00+03:00,15,V,True,62.5,0.0,0.0,1.0,0.0,,
2026-07-16 08:45:00+03:00,15,A,True,37.5,0.0,1.0,0.0,0.0,,
2026-07-16 08:45:00+03:00,15,M,False,,,,,,,
2026-07-16 08:45:00+03:00,15,V,True,62.5,0.0,0.0,1.0,0.0,,
2026-07-16 08:50:00+03:00,15,A,True,37.5,0.0,1.0,0.0,0.0,,
2026-07-16 08:50:00+03:00,15,M,False,,,,,,,
2026-07-16 08:50:00+03:00,15,V,True,62.5,0.0,0.0,1.0,0.0,,
2026-07-16 08:55:00+03:00,15,A,True,44.04207350161078,0.0,0.7419493738810224,0.25805062611897756,0.0,,
2026-07-16 08:55:00+03:00,15,M,False,,,,,,,
2026-07-16 08:55:00+03:00,15,V,True,62.5,0.0,0.0,1.0,0.0,,
2026-07-16 09:00:00+03:00,15,A,True,42.68275332985722,0.0,0.7964011573791503,0.20359884262084976,0.0,,
2026-07-16 09:00:00+03:00,15,M,False,,,,,,,
2026-07-16 09:00:00+03:00,15,V,True,62.5,0.0,0.0,1.0,0.0,,
2026-07-16 09:05:00+03:00,15,A,True,37.5,0.0,1.0,0.0,0.0,,
2026-07-16 09:05:00+03:00,15,M,False,,,,,,,
2026-07-16 09:05:00+03:00,15,V,True,62.5,0.0,0.0,1.0,0.0,,
2026-07-16 09:10:00+03:00,15,A,True,37.5,0.0,1.0,0.0,0.0,,
2026-07-16 09:10:00+03:00,15,M,False,,,,,,,
2026-07-16 09:10:00+03:00,15,V,True,62.05081436633046,0.0,0.017380952380952813,0.9826190476190472,0.0,,
2026-07-16 09:15:00+03:00,15,A,True,37.5,0.0,1.0,0.0,0.0,,
2026-07-16 09:15:00+03:00,15,M,False,,,,,,,
2026-07-16 09:15:00+03:00,15,V,True,39.93580676748993,0.0,0.9052380952380954,0.09476190476190466,0.0,,
2026-07-16 09:20:00+03:00,15,A,True,37.5,0.0,1.0,0.0,0.0,,
2026-07-16 09:20:00+03:00,15,M,False,,,,,,,
2026-07-16 09:20:00+03:00,15,V,True,37.5,0.0,1.0,0.0,0.0,,
2026-07-16 09:25:00+03:00,15,A,True,37.5,0.0,1.0,0.0,0.0,,
2026-07-16 09:25:00+03:00,15,M,False,,,,,,,
2026-07-16 09:25:00+03:00,15,V,True,37.5,0.0,1.0,0.0,0.0,,
2026-07-16 09:30:00+03:00,15,A,True,37.5,0.0,1.0,0.0,0.0,,
2026-07-16 09:30:00+03:00,15,M,False,,,,,,,
2026-07-16 09:30:00+03:00,15,V,True,37.5,0.0,1.0,0.0,0.0,,
2026-07-16 09:35:00+03:00,15,A,True,36.62584628147954,0.035390790303548414,0.9646092096964516,0.0,0.0,,
2026-07-16 09:35:00+03:00,15,M,False,,,,,,,
2026-07-16 09:35:00+03:00,15,V,True,37.5,0.0,1.0,0.0,0.0,,
2026-07-16 09:40:00+03:00,15,A,True,36.496366454914245,0.040641403198242186,0.9593585968017578,0.0,0.0,,
2026-07-16 09:40:00+03:00,15,M,False,,,,,,,
2026-07-16 09:40:00+03:00,15,V,True,37.5,0.0,1.0,0.0,0.0,,
2026-07-16 09:45:00+03:00,15,A,True,37.35264549352368,0.005958747863769531,0.9940412521362305,0.0,0.0,,
2026-07-16 09:45:00+03:00,15,M,False,,,,,,,
2026-07-16 09:45:00+03:00,15,V,True,36.87048793134616,0.02547619047619004,0.9745238095238099,0.0,0.0,,
2026-07-16 09:50:00+03:00,15,A,True,34.99100026246275,0.1018484433492027,0.8981515566507973,0.0,0.0,,
2026-07-16 09:50:00+03:00,15,M,False,,,,,,,
2026-07-16 09:50:00+03:00,15,V,True,31.00130074682335,0.2642857142857143,0.7357142857142858,0.0,0.0,,
2026-07-16 09:55:00+03:00,15,A,True,32.47148799973086,0.2043707879384357,0.7956292120615643,0.0,0.0,,
2026-07-16 09:55:00+03:00,15,M,False,,,,,,,
2026-07-16 09:55:00+03:00,15,V,True,21.98094289040178,0.6285714285714286,0.37142857142857144,0.0,0.0,,
2026-07-16 10:00:00+03:00,15,A,True,30.66420919973566,0.2779673989613848,0.7220326010386152,0.0,0.0,,
2026-07-16 10:00:00+03:00,15,M,False,,,,,,,
2026-07-16 10:00:00+03:00,15,V,True,13.379836705715306,0.9642857142857143,0.03571428571428571,0.0,0.0,,
2026-07-16 10:05:00+03:00,15,A,True,29.766955003291415,0.31442084312438967,0.6855791568756103,0.0,0.0,,
2026-07-16 10:05:00+03:00,15,M,False,,,,,,,
2026-07-16 10:05:00+03:00,15,V,True,12.444029850746269,1.0,0.0,0.0,0.0,,
2026-07-16 10:10:00+03:00,15,A,True,30.95095630058225,0.2663285954793295,0.7336714045206705,0.0,0.0,,
2026-07-16 10:10:00+03:00,15,M,False,,,,,,,
2026-07-16 10:10:00+03:00,15,V,True,12.444029850746269,1.0,0.0,0.0,0.0,,
2026-07-16 10:15:00+03:00,15,A,True,29.951417031804702,0.3069222609202068,0.6930777390797932,0.0,0.0,,
2026-07-16 10:15:00+03:00,15,M,False,,,,,,,
2026-07-16 10:15:00+03:00,15,V,True,12.444029850746269,1.0,0.0,0.0,0.0,,
2026-07-16 10:20:00+03:00,15,A,True,29.46953402608308,0.3265160210927327,0.6734839789072673,0.0,0.0,,
2026-07-16 10:20:00+03:00,15,M,False,,,,,,,
2026-07-16 10:20:00+03:00,15,V,True,12.444029850746269,1.0,0.0,0.0,0.0,,
2026-07-16 10:25:00+03:00,15,A,True,28.07538436768351,0.3832155958811441,0.6167844041188559,0.0,0.0,,
2026-07-16 10:25:00+03:00,15,M,False,,,,,,,
2026-07-16 10:25:00+03:00,15,V,True,12.444029850746269,1.0,0.0,0.0,0.0,,
2026-07-16 10:30:00+03:00,15,A,True,26.89893953453013,0.430770533879598,0.569229466120402,0.0,0.0,,
2026-07-16 10:30:00+03:00,15,M,False,,,,,,,
2026-07-16 10:30:00+03:00,15,V,True,12.444029850746269,1.0,0.0,0.0,0.0,,
2026-07-16 10:35:00+03:00,15,A,True,26.503429393304366,0.4467681217193604,0.5532318782806396,0.0,0.0,,
2026-07-16 10:35:00+03:00,15,M,False,,,,,,,
2026-07-16 10:35:00+03:00,15,V,True,12.444029850746269,1.0,0.0,0.0,0.0,,
2026-07-16 10:40:00+03:00,15,A,True,24.66125023767291,0.5211330350240072,0.4788669649759928,0.0,0.0,,
2026-07-16 10:40:00+03:00,15,M,False,,,,,,,
2026-07-16 10:40:00+03:00,15,V,True,12.444029850746269,1.0,0.0,0.0,0.0,,
2026-07-16 10:45:00+03:00,15,A,True,21.622415093254144,0.6427891508738199,0.3572108491261801,0.0,0.0,,
2026-07-16 10:45:00+03:00,15,M,False,,,,,,,
2026-07-16 10:45:00+03:00,15,V,True,12.444029850746269,1.0,0.0,0.0,0.0,,
2026-07-16 10:50:00+03:00,15,A,True,18.614495038474377,0.7617714309692382,0.23822856903076187,0.0,0.0,,
2026-07-16 10:50:00+03:00,15,M,False,,,,,,,
2026-07-16 10:50:00+03:00,15,V,True,12.444029850746269,1.0,0.0,0.0,0.0,,
2026-07-16 10:55:00+03:00,15,A,True,16.806626663940065,0.8323247909545899,0.16767520904541017,0.0,0.0,,
2026-07-16 10:55:00+03:00,15,M,False,,,,,,,
2026-07-16 10:55:00+03:00,15,V,True,12.444029850746269,1.0,0.0,0.0,0.0,,
2026-07-16 11:00:00+03:00,15,A,True,16.487782071150264,0.8447475051879885,0.1552524948120116,0.0,0.0,,
2026-07-16 11:00:00+03:00,15,M,False,,,,,,,
2026-07-16 11:00:00+03:00,15,V,True,12.444029850746269,1.0,0.0,0.0,0.0,,
2026-07-16 11:05:00+03:00,15,A,True,15.372932971830943,0.8879664802551268,0.11203351974487319,0.0,0.0,,
2026-07-16 11:05:00+03:00,15,M,False,,,,,,,
2026-07-16 11:05:00+03:00,15,V,True,12.444029850746269,1.0,0.0,0.0,0.0,,
2026-07-16 11:10:00+03:00,15,A,True,15.372220056368876,0.8879938411712647,0.11200615882873528,0.0,0.0,,
2026-07-16 11:10:00+03:00,15,M,False,,,,,,,
2026-07-16 11:10:00+03:00,15,V,True,12.444029850746269,1.0,0.0,0.0,0.0,,
2026-07-16 11:15:00+03:00,15,A,True,14.44501532801173,0.9235412820180258,0.07645871798197419,0.0,0.0,,
2026-07-16 11:15:00+03:00,15,M,False,,,,,,,
2026-07-16 11:15:00+03:00,15,V,True,12.444029850746269,1.0,0.0,0.0,0.0,,
2026-07-16 11:20:00+03:00,15,A,True,14.893592209791398,0.9063530063629152,0.09364699363708481,0.0,0.0,,
2026-07-16 11:20:00+03:00,15,M,False,,,,,,,
2026-07-16 11:20:00+03:00,15,V,True,12.444029850746269,1.0,0.0,0.0,0.0,,
2026-07-16 11:25:00+03:00,15,A,True,13.140645115302945,0.9734215037027993,0.026578496297200615,0.0,0.0,,
2026-07-16 11:25:00+03:00,15,M,False,,,,,,,
2026-07-16 11:25:00+03:00,15,V,True,12.444029850746269,1.0,0.0,0.0,0.0,,
2026-07-16 11:30:00+03:00,15,A,True,12.899582525979874,0.9826237201690674,0.017376279830932616,0.0,0.0,,
2026-07-16 11:30:00+03:00,15,M,False,,,,,,,
2026-07-16 11:30:00+03:00,15,V,True,12.444029850746269,1.0,0.0,0.0,0.0,,
2026-07-16 11:35:00+03:00,15,A,True,12.444029850746269,1.0,0.0,0.0,0.0,,
2026-07-16 11:35:00+03:00,15,M,False,,,,,,,
2026-07-16 11:35:00+03:00,15,V,True,12.444029850746269,1.0,0.0,0.0,0.0,,
2026-07-16 11:40:00+03:00,15,A,True,12.444029850746269,1.0,0.0,0.0,0.0,,
2026-07-16 11:40:00+03:00,15,M,False,,,,,,,
2026-07-16 11:40:00+03:00,15,V,True,12.444029850746269,1.0,0.0,0.0,0.0,,
2026-07-16 11:45:00+03:00,15,A,True,12.444029850746269,1.0,0.0,0.0,0.0,,
2026-07-16 11:45:00+03:00,15,M,False,,,,,,,
2026-07-16 11:45:00+03:00,15,V,True,12.444029850746269,1.0,0.0,0.0,0.0,,
2026-07-16 11:50:00+03:00,15,A,True,12.444029850746269,1.0,0.0,0.0,0.0,,
2026-07-16 11:50:00+03:00,15,M,False,,,,,,,
2026-07-16 11:50:00+03:00,15,V,True,12.444029850746269,1.0,0.0,0.0,0.0,,
2026-07-16 11:55:00+03:00,15,A,True,12.444029850746269,1.0,0.0,0.0,0.0,,
2026-07-16 11:55:00+03:00,15,M,False,,,,,,,
2026-07-16 11:55:00+03:00,15,V,True,12.444029850746269,1.0,0.0,0.0,0.0,,
2026-07-16 12:00:00+03:00,15,A,True,12.444029850746269,1.0,0.0,0.0,0.0,,
2026-07-16 12:00:00+03:00,15,M,False,,,,,,,
2026-07-16 12:00:00+03:00,15,V,True,12.444029850746269,1.0,0.0,0.0,0.0,,
2026-07-16 12:05:00+03:00,15,A,True,12.444029850746269,1.0,0.0,0.0,0.0,,
2026-07-16 12:05:00+03:00,15,M,False,,,,,,,
2026-07-16 12:05:00+03:00,15,V,True,12.444029850746269,1.0,0.0,0.0,0.0,,
2026-07-16 12:10:00+03:00,15,A,True,12.444029850746269,1.0,0.0,0.0,0.0,,
2026-07-16 12:10:00+03:00,15,M,False,,,,,,,
2026-07-16 12:10:00+03:00,15,V,True,12.444029850746269,1.0,0.0,0.0,0.0,,
2026-07-16 12:15:00+03:00,15,A,True,12.444029850746269,1.0,0.0,0.0,0.0,,
2026-07-16 12:15:00+03:00,15,M,False,,,,,,,
2026-07-16 12:15:00+03:00,15,V,True,12.444029850746269,1.0,0.0,0.0,0.0,,
2026-07-16 12:20:00+03:00,15,A,True,12.444029850746269,1.0,0.0,0.0,0.0,,
2026-07-16 12:20:00+03:00,15,M,False,,,,,,,
2026-07-16 12:20:00+03:00,15,V,True,12.444029850746269,1.0,0.0,0.0,0.0,,
2026-07-16 12:25:00+03:00,15,A,True,12.444029850746269,1.0,0.0,0.0,0.0,,
2026-07-16 12:25:00+03:00,15,M,False,,,,,,,
2026-07-16 12:25:00+03:00,15,V,True,12.444029850746269,1.0,0.0,0.0,0.0,,
2026-07-16 12:30:00+03:00,15,A,True,12.444029850746269,1.0,0.0,0.0,0.0,,
2026-07-16 12:30:00+03:00,15,M,False,,,,,,,
2026-07-16 12:30:00+03:00,15,V,True,12.444029850746269,1.0,0.0,0.0,0.0,,
2026-07-16 12:35:00+03:00,15,A,True,12.444029850746269,1.0,0.0,0.0,0.0,,
2026-07-16 12:35:00+03:00,15,M,False,,,,,,,
2026-07-16 12:35:00+03:00,15,V,True,12.444029850746269,1.0,0.0,0.0,0.0,,
2026-07-16 12:40:00+03:00,15,A,True,12.444029850746269,1.0,0.0,0.0,0.0,,
2026-07-16 12:40:00+03:00,15,M,False,,,,,,,
2026-07-16 12:40:00+03:00,15,V,True,12.444029850746269,1.0,0.0,0.0,0.0,,
2026-07-16 12:45:00+03:00,15,A,True,12.444029850746269,1.0,0.0,0.0,0.0,,
2026-07-16 12:45:00+03:00,15,M,False,,,,,,,
2026-07-16 12:45:00+03:00,15,V,True,12.444029850746269,1.0,0.0,0.0,0.0,,
2026-07-16 12:50:00+03:00,15,A,True,12.444029850746269,1.0,0.0,0.0,0.0,,
2026-07-16 12:50:00+03:00,15,M,False,,,,,,,
2026-07-16 12:50:00+03:00,15,V,True,12.444029850746269,1.0,0.0,0.0,0.0,,
2026-07-16 12:55:00+03:00,15,A,True,12.444029850746269,1.0,0.0,0.0,0.0,,
2026-07-16 12:55:00+03:00,15,M,False,,,,,,,
2026-07-16 12:55:00+03:00,15,V,True,12.444029850746269,1.0,0.0,0.0,0.0,,
2026-07-16 13:00:00+03:00,15,A,True,12.444029850746269,1.0,0.0,0.0,0.0,,
2026-07-16 13:00:00+03:00,15,M,False,,,,,,,
2026-07-16 13:00:00+03:00,15,V,True,12.444029850746269,1.0,0.0,0.0,0.0,,
2026-07-16 13:05:00+03:00,15,A,True,12.444029850746269,1.0,0.0,0.0,0.0,,
2026-07-16 13:05:00+03:00,15,M,False,,,,,,,
2026-07-16 13:05:00+03:00,15,V,True,12.444029850746269,1.0,0.0,0.0,0.0,,
2026-07-16 13:10:00+03:00,15,A,True,12.444029850746269,1.0,0.0,0.0,0.0,,
2026-07-16 13:10:00+03:00,15,M,False,,,,,,,
2026-07-16 13:10:00+03:00,15,V,True,12.444029850746269,1.0,0.0,0.0,0.0,,
2026-07-16 13:15:00+03:00,15,A,True,12.444029850746269,1.0,0.0,0.0,0.0,,
2026-07-16 13:15:00+03:00,15,M,False,,,,,,,
2026-07-16 13:15:00+03:00,15,V,True,12.444029850746269,1.0,0.0,0.0,0.0,,
2026-07-16 13:20:00+03:00,15,A,True,12.444029850746269,1.0,0.0,0.0,0.0,,
2026-07-16 13:20:00+03:00,15,M,False,,,,,,,
2026-07-16 13:20:00+03:00,15,V,True,12.444029850746269,1.0,0.0,0.0,0.0,,
2026-07-16 13:25:00+03:00,15,A,True,12.444029850746269,1.0,0.0,0.0,0.0,,
2026-07-16 13:25:00+03:00,15,M,False,,,,,,,
2026-07-16 13:25:00+03:00,15,V,True,12.444029850746269,1.0,0.0,0.0,0.0,,
2026-07-16 13:30:00+03:00,15,A,True,12.444029850746269,1.0,0.0,0.0,0.0,,
2026-07-16 13:30:00+03:00,15,M,False,,,,,,,
2026-07-16 13:30:00+03:00,15,V,True,12.444029850746269,1.0,0.0,0.0,0.0,,
2026-07-16 13:35:00+03:00,15,A,True,12.444029850746269,1.0,0.0,0.0,0.0,,
2026-07-16 13:35:00+03:00,15,M,False,,,,,,,
2026-07-16 13:35:00+03:00,15,V,True,12.444029850746269,1.0,0.0,0.0,0.0,,
2026-07-16 13:40:00+03:00,15,A,True,12.444029850746269,1.0,0.0,0.0,0.0,,
2026-07-16 13:40:00+03:00,15,M,False,,,,,,,
2026-07-16 13:40:00+03:00,15,V,True,12.444029850746269,1.0,0.0,0.0,0.0,,
2026-07-16 13:45:00+03:00,15,A,True,12.444029850746269,1.0,0.0,0.0,0.0,,
2026-07-16 13:45:00+03:00,15,M,False,,,,,,,
2026-07-16 13:45:00+03:00,15,V,True,12.444029850746269,1.0,0.0,0.0,0.0,,
2026-07-16 13:50:00+03:00,15,A,True,12.444029850746269,1.0,0.0,0.0,0.0,,
2026-07-16 13:50:00+03:00,15,M,False,,,,,,,
2026-07-16 13:50:00+03:00,15,V,True,12.444029850746269,1.0,0.0,0.0,0.0,,
2026-07-16 13:55:00+03:00,15,A,True,12.444029850746269,1.0,0.0,0.0,0.0,,
2026-07-16 13:55:00+03:00,15,M,False,,,,,,,
2026-07-16 13:55:00+03:00,15,V,True,12.444029850746269,1.0,0.0,0.0,0.0,,
2026-07-16 14:00:00+03:00,15,A,True,12.444029850746269,1.0,0.0,0.0,0.0,,
2026-07-16 14:00:00+03:00,15,M,False,,,,,,,
2026-07-16 14:00:00+03:00,15,V,True,12.444029850746269,1.0,0.0,0.0,0.0,,
2026-07-16 14:05:00+03:00,15,A,True,12.444029850746269,1.0,0.0,0.0,0.0,,
2026-07-16 14:05:00+03:00,15,M,False,,,,,,,
2026-07-16 14:05:00+03:00,15,V,True,12.444029850746269,1.0,0.0,0.0,0.0,,
2026-07-16 14:10:00+03:00,15,A,True,13.813090850471639,0.9477251307169595,0.05227486928304046,0.0,0.0,,
2026-07-16 14:10:00+03:00,15,M,False,,,,,,,
2026-07-16 14:10:00+03:00,15,V,True,12.444029850746269,1.0,0.0,0.0,0.0,,
2026-07-16 14:15:00+03:00,15,A,True,14.05486392660241,0.9384765529632567,0.061523447036743305,0.0,0.0,,
2026-07-16 14:15:00+03:00,15,M,False,,,,,,,
2026-07-16 14:15:00+03:00,15,V,True,12.444029850746269,1.0,0.0,0.0,0.0,,
2026-07-16 14:20:00+03:00,15,A,True,12.999445667126423,0.9788122018178302,0.021187798182169714,0.0,0.0,,
2026-07-16 14:20:00+03:00,15,M,False,,,,,,,
2026-07-16 14:20:00+03:00,15,V,True,12.444029850746269,1.0,0.0,0.0,0.0,,
2026-07-16 14:25:00+03:00,15,A,True,12.444029850746269,1.0,0.0,0.0,0.0,,
2026-07-16 14:25:00+03:00,15,M,False,,,,,,,
2026-07-16 14:25:00+03:00,15,V,True,12.444029850746269,1.0,0.0,0.0,0.0,,
2026-07-16 14:30:00+03:00,15,A,True,12.444029850746269,1.0,0.0,0.0,0.0,,
2026-07-16 14:30:00+03:00,15,M,False,,,,,,,
2026-07-16 14:30:00+03:00,15,V,True,12.444029850746269,1.0,0.0,0.0,0.0,,
2026-07-16 14:35:00+03:00,15,A,True,12.444029850746269,1.0,0.0,0.0,0.0,,
2026-07-16 14:35:00+03:00,15,M,False,,,,,,,
2026-07-16 14:35:00+03:00,15,V,True,12.444029850746269,1.0,0.0,0.0,0.0,,
2026-07-16 14:40:00+03:00,15,A,True,12.444029850746269,1.0,0.0,0.0,0.0,,
2026-07-16 14:40:00+03:00,15,M,False,,,,,,,
2026-07-16 14:40:00+03:00,15,V,True,12.444029850746269,1.0,0.0,0.0,0.0,,
2026-07-16 14:45:00+03:00,15,A,True,12.444029850746269,1.0,0.0,0.0,0.0,,
2026-07-16 14:45:00+03:00,15,M,False,,,,,,,
2026-07-16 14:45:00+03:00,15,V,True,12.444029850746269,1.0,0.0,0.0,0.0,,
2026-07-16 14:50:00+03:00,15,A,True,12.444029850746269,1.0,0.0,0.0,0.0,,
2026-07-16 14:50:00+03:00,15,M,False,,,,,,,
2026-07-16 14:50:00+03:00,15,V,True,12.444029850746269,1.0,0.0,0.0,0.0,,
2026-07-16 14:55:00+03:00,15,A,True,12.444029850746269,1.0,0.0,0.0,0.0,,
2026-07-16 14:55:00+03:00,15,M,False,,,,,,,
2026-07-16 14:55:00+03:00,15,V,True,12.444029850746269,1.0,0.0,0.0,0.0,,
2026-07-16 15:00:00+03:00,15,A,True,12.444029850746269,1.0,0.0,0.0,0.0,,
2026-07-16 15:00:00+03:00,15,M,False,,,,,,,
2026-07-16 15:00:00+03:00,15,V,True,12.444029850746269,1.0,0.0,0.0,0.0,,
2026-07-16 15:05:00+03:00,15,A,True,12.444029850746269,1.0,0.0,0.0,0.0,,
2026-07-16 15:05:00+03:00,15,M,False,,,,,,,
2026-07-16 15:05:00+03:00,15,V,True,12.444029850746269,1.0,0.0,0.0,0.0,,
2026-07-16 15:10:00+03:00,15,A,True,12.444029850746269,1.0,0.0,0.0,0.0,,
2026-07-16 15:10:00+03:00,15,M,False,,,,,,,
2026-07-16 15:10:00+03:00,15,V,True,12.444029850746269,1.0,0.0,0.0,0.0,,
2026-07-16 15:15:00+03:00,15,A,True,12.444029850746269,1.0,0.0,0.0,0.0,,
2026-07-16 15:15:00+03:00,15,M,False,,,,,,,
2026-07-16 15:15:00+03:00,15,V,True,12.444029850746269,1.0,0.0,0.0,0.0,,
2026-07-16 15:20:00+03:00,15,A,True,12.444029850746269,1.0,0.0,0.0,0.0,,
2026-07-16 15:20:00+03:00,15,M,False,,,,,,,
2026-07-16 15:20:00+03:00,15,V,True,12.444029850746269,1.0,0.0,0.0,0.0,,
2026-07-16 15:25:00+03:00,15,A,True,12.444029850746269,1.0,0.0,0.0,0.0,,
2026-07-16 15:25:00+03:00,15,M,False,,,,,,,
2026-07-16 15:25:00+03:00,15,V,True,12.444029850746269,1.0,0.0,0.0,0.0,,
2026-07-16 15:30:00+03:00,15,A,True,12.444029850746269,1.0,0.0,0.0,0.0,,
2026-07-16 15:30:00+03:00,15,M,False,,,,,,,
2026-07-16 15:30:00+03:00,15,V,True,12.444029850746269,1.0,0.0,0.0,0.0,,
2026-07-16 15:35:00+03:00,15,A,True,12.444029850746269,1.0,0.0,0.0,0.0,,
2026-07-16 15:35:00+03:00,15,M,False,,,,,,,
2026-07-16 15:35:00+03:00,15,V,True,12.444029850746269,1.0,0.0,0.0,0.0,,
2026-07-16 15:40:00+03:00,15,A,True,12.444029850746269,1.0,0.0,0.0,0.0,,
2026-07-16 15:40:00+03:00,15,M,False,,,,,,,
2026-07-16 15:40:00+03:00,15,V,True,12.444029850746269,1.0,0.0,0.0,0.0,,
2026-07-16 15:45:00+03:00,15,A,True,12.444029850746269,1.0,0.0,0.0,0.0,,
2026-07-16 15:45:00+03:00,15,M,False,,,,,,,
2026-07-16 15:45:00+03:00,15,V,True,12.444029850746269,1.0,0.0,0.0,0.0,,
2026-07-16 15:50:00+03:00,15,A,True,12.444029850746269,1.0,0.0,0.0,0.0,,
2026-07-16 15:50:00+03:00,15,M,False,,,,,,,
2026-07-16 15:50:00+03:00,15,V,True,12.444029850746269,1.0,0.0,0.0,0.0,,
2026-07-16 15:55:00+03:00,15,A,True,12.444029850746269,1.0,0.0,0.0,0.0,,
2026-07-16 15:55:00+03:00,15,M,False,,,,,,,
2026-07-16 15:55:00+03:00,15,V,True,12.444029850746269,1.0,0.0,0.0,0.0,,
2026-07-16 16:00:00+03:00,15,A,True,12.444029850746269,1.0,0.0,0.0,0.0,,
2026-07-16 16:00:00+03:00,15,M,False,,,,,,,
2026-07-16 16:00:00+03:00,15,V,True,12.444029850746269,1.0,0.0,0.0,0.0,,
2026-07-16 16:05:00+03:00,15,A,True,12.444029850746269,1.0,0.0,0.0,0.0,,
2026-07-16 16:05:00+03:00,15,M,False,,,,,,,
2026-07-16 16:05:00+03:00,15,V,True,12.444029850746269,1.0,0.0,0.0,0.0,,
2026-07-16 16:10:00+03:00,15,A,True,12.444029850746269,1.0,0.0,0.0,0.0,,
2026-07-16 16:10:00+03:00,15,M,False,,,,,,,
2026-07-16 16:10:00+03:00,15,V,True,12.444029850746269,1.0,0.0,0.0,0.0,,
2026-07-16 16:15:00+03:00,15,A,True,12.444029850746269,1.0,0.0,0.0,0.0,,
2026-07-16 16:15:00+03:00,15,M,False,,,,,,,
2026-07-16 16:15:00+03:00,15,V,True,12.444029850746269,1.0,0.0,0.0,0.0,,
2026-07-16 16:20:00+03:00,15,A,True,12.444029850746269,1.0,0.0,0.0,0.0,,
2026-07-16 16:20:00+03:00,15,M,False,,,,,,,
2026-07-16 16:20:00+03:00,15,V,True,12.444029850746269,1.0,0.0,0.0,0.0,,
2026-07-16 16:25:00+03:00,15,A,True,12.444029850746269,1.0,0.0,0.0,0.0,,
2026-07-16 16:25:00+03:00,15,M,False,,,,,,,
2026-07-16 16:25:00+03:00,15,V,True,12.444029850746269,1.0,0.0,0.0,0.0,,
2026-07-16 16:30:00+03:00,15,A,True,12.444029850746269,1.0,0.0,0.0,0.0,,
2026-07-16 16:30:00+03:00,15,M,False,,,,,,,
2026-07-16 16:30:00+03:00,15,V,True,12.444029850746269,1.0,0.0,0.0,0.0,,
2026-07-16 16:35:00+03:00,15,A,True,12.444029850746269,1.0,0.0,0.0,0.0,,
2026-07-16 16:35:00+03:00,15,M,False,,,,,,,
2026-07-16 16:35:00+03:00,15,V,True,12.444029850746269,1.0,0.0,0.0,0.0,,
2026-07-16 16:40:00+03:00,15,A,True,12.444029850746269,1.0,0.0,0.0,0.0,,
2026-07-16 16:40:00+03:00,15,M,False,,,,,,,
2026-07-16 16:40:00+03:00,15,V,True,12.444029850746269,1.0,0.0,0.0,0.0,,
2026-07-16 16:45:00+03:00,15,A,True,12.444029850746269,1.0,0.0,0.0,0.0,,
2026-07-16 16:45:00+03:00,15,M,False,,,,,,,
2026-07-16 16:45:00+03:00,15,V,True,12.444029850746269,1.0,0.0,0.0,0.0,,
2026-07-16 16:50:00+03:00,15,A,True,12.444029850746269,1.0,0.0,0.0,0.0,,
2026-07-16 16:50:00+03:00,15,M,False,,,,,,,
2026-07-16 16:50:00+03:00,15,V,True,12.444029850746269,1.0,0.0,0.0,0.0,,
2026-07-16 16:55:00+03:00,15,A,True,12.444029850746269,1.0,0.0,0.0,0.0,,
2026-07-16 16:55:00+03:00,15,M,False,,,,,,,
2026-07-16 16:55:00+03:00,15,V,True,12.444029850746269,1.0,0.0,0.0,0.0,,
2026-07-16 17:00:00+03:00,15,A,True,12.444029850746269,1.0,0.0,0.0,0.0,,
2026-07-16 17:00:00+03:00,15,M,False,,,,,,,
2026-07-16 17:00:00+03:00,15,V,True,12.444029850746269,1.0,0.0,0.0,0.0,,
2026-07-16 17:05:00+03:00,15,A,True,12.444029850746269,1.0,0.0,0.0,0.0,,
2026-07-16 17:05:00+03:00,15,M,False,,,,,,,
2026-07-16 17:05:00+03:00,15,V,True,12.444029850746269,1.0,0.0,0.0,0.0,,
2026-07-16 17:10:00+03:00,15,A,True,12.444029850746269,1.0,0.0,0.0,0.0,,
2026-07-16 17:10:00+03:00,15,M,False,,,,,,,
2026-07-16 17:10:00+03:00,15,V,True,12.444029850746269,1.0,0.0,0.0,0.0,,
2026-07-16 17:15:00+03:00,15,A,True,12.444029850746269,1.0,0.0,0.0,0.0,,
2026-07-16 17:15:00+03:00,15,M,False,,,,,,,
2026-07-16 17:15:00+03:00,15,V,True,12.444029850746269,1.0,0.0,0.0,0.0,,
2026-07-16 17:20:00+03:00,15,A,True,12.444029850746269,1.0,0.0,0.0,0.0,,
2026-07-16 17:20:00+03:00,15,M,False,,,,,,,
2026-07-16 17:20:00+03:00,15,V,True,12.444029850746269,1.0,0.0,0.0,0.0,,
2026-07-16 17:25:00+03:00,15,A,True,12.444029850746269,1.0,0.0,0.0,0.0,,
2026-07-16 17:25:00+03:00,15,M,False,,,,,,,
2026-07-16 17:25:00+03:00,15,V,True,12.444029850746269,1.0,0.0,0.0,0.0,,
2026-07-16 17:30:00+03:00,15,A,True,12.444029850746269,1.0,0.0,0.0,0.0,,
2026-07-16 17:30:00+03:00,15,M,False,,,,,,,
2026-07-16 17:30:00+03:00,15,V,True,12.444029850746269,1.0,0.0,0.0,0.0,,
2026-07-16 17:35:00+03:00,15,A,True,12.444029850746269,1.0,0.0,0.0,0.0,,
2026-07-16 17:35:00+03:00,15,M,False,,,,,,,
2026-07-16 17:35:00+03:00,15,V,True,12.444029850746269,1.0,0.0,0.0,0.0,,
2026-07-16 17:40:00+03:00,15,A,True,12.444029850746269,1.0,0.0,0.0,0.0,,
2026-07-16 17:40:00+03:00,15,M,False,,,,,,,
2026-07-16 17:40:00+03:00,15,V,True,12.444029850746269,1.0,0.0,0.0,0.0,,
2026-07-16 17:45:00+03:00,15,A,True,12.444029850746269,1.0,0.0,0.0,0.0,,
2026-07-16 17:45:00+03:00,15,M,False,,,,,,,
2026-07-16 17:45:00+03:00,15,V,True,12.444029850746269,1.0,0.0,0.0,0.0,,
2026-07-16 17:50:00+03:00,15,A,True,12.444029850746269,1.0,0.0,0.0,0.0,,
2026-07-16 17:50:00+03:00,15,M,False,,,,,,,
2026-07-16 17:50:00+03:00,15,V,True,12.444029850746269,1.0,0.0,0.0,0.0,,
2026-07-16 17:55:00+03:00,15,A,True,12.444029850746269,1.0,0.0,0.0,0.0,,
2026-07-16 17:55:00+03:00,15,M,False,,,,,,,
2026-07-16 17:55:00+03:00,15,V,True,12.444029850746269,1.0,0.0,0.0,0.0,,
2026-07-16 18:00:00+03:00,15,A,True,12.444029850746269,1.0,0.0,0.0,0.0,,
2026-07-16 18:00:00+03:00,15,M,False,,,,,,,
2026-07-16 18:00:00+03:00,15,V,True,12.444029850746269,1.0,0.0,0.0,0.0,,
2026-07-16 18:05:00+03:00,15,A,True,12.444029850746269,1.0,0.0,0.0,0.0,,
2026-07-16 18:05:00+03:00,15,M,False,,,,,,,
2026-07-16 18:05:00+03:00,15,V,True,12.444029850746269,1.0,0.0,0.0,0.0,,
2026-07-16 18:10:00+03:00,15,A,True,12.444029850746269,1.0,0.0,0.0,0.0,,
2026-07-16 18:10:00+03:00,15,M,False,,,,,,,
2026-07-16 18:10:00+03:00,15,V,True,12.444029850746269,1.0,0.0,0.0,0.0,,
2026-07-16 18:15:00+03:00,15,A,True,12.444029850746269,1.0,0.0,0.0,0.0,,
2026-07-16 18:15:00+03:00,15,M,False,,,,,,,
2026-07-16 18:15:00+03:00,15,V,True,12.444029850746269,1.0,0.0,0.0,0.0,,
2026-07-16 18:20:00+03:00,15,A,True,12.444029850746269,1.0,0.0,0.0,0.0,,
2026-07-16 18:20:00+03:00,15,M,False,,,,,,,
2026-07-16 18:20:00+03:00,15,V,True,12.444029850746269,1.0,0.0,0.0,0.0,,
2026-07-16 18:25:00+03:00,15,A,True,12.444029850746269,1.0,0.0,0.0,0.0,,
2026-07-16 18:25:00+03:00,15,M,False,,,,,,,
2026-07-16 18:25:00+03:00,15,V,True,12.444029850746269,1.0,0.0,0.0,0.0,,
2026-07-16 18:30:00+03:00,15,A,True,12.444029850746269,1.0,0.0,0.0,0.0,,
2026-07-16 18:30:00+03:00,15,M,False,,,,,,,
2026-07-16 18:30:00+03:00,15,V,True,12.444029850746269,1.0,0.0,0.0,0.0,,
2026-07-16 18:35:00+03:00,15,A,True,12.444029850746269,1.0,0.0,0.0,0.0,,
2026-07-16 18:35:00+03:00,15,M,False,,,,,,,
2026-07-16 18:35:00+03:00,15,V,True,12.444029850746269,1.0,0.0,0.0,0.0,,
2026-07-16 18:40:00+03:00,15,A,True,12.444029850746269,1.0,0.0,0.0,0.0,,
2026-07-16 18:40:00+03:00,15,M,False,,,,,,,
2026-07-16 18:40:00+03:00,15,V,True,12.444029850746269,1.0,0.0,0.0,0.0,,
2026-07-16 18:45:00+03:00,15,A,True,12.444029850746269,1.0,0.0,0.0,0.0,,
2026-07-16 18:45:00+03:00,15,M,False,,,,,,,
2026-07-16 18:45:00+03:00,15,V,True,12.444029850746269,1.0,0.0,0.0,0.0,,
2026-07-16 18:50:00+03:00,15,A,True,12.444029850746269,1.0,0.0,0.0,0.0,,
2026-07-16 18:50:00+03:00,15,M,False,,,,,,,
2026-07-16 18:50:00+03:00,15,V,True,12.444029850746269,1.0,0.0,0.0,0.0,,
2026-07-16 18:55:00+03:00,15,A,True,12.444029850746269,1.0,0.0,0.0,0.0,,
2026-07-16 18:55:00+03:00,15,M,False,,,,,,,
2026-07-16 18:55:00+03:00,15,V,True,12.444029850746269,1.0,0.0,0.0,0.0,,
2026-07-16 19:00:00+03:00,15,A,True,12.444029850746269,1.0,0.0,0.0,0.0,,
2026-07-16 19:00:00+03:00,15,M,False,,,,,,,
2026-07-16 19:00:00+03:00,15,V,True,12.444029850746269,1.0,0.0,0.0,0.0,,
2026-07-16 19:05:00+03:00,15,A,True,12.444029850746269,1.0,0.0,0.0,0.0,,
2026-07-16 19:05:00+03:00,15,M,False,,,,,,,
2026-07-16 19:05:00+03:00,15,V,True,12.444029850746269,1.0,0.0,0.0,0.0,,
2026-07-16 19:10:00+03:00,15,A,True,12.444029850746269,1.0,0.0,0.0,0.0,,
2026-07-16 19:10:00+03:00,15,M,False,,,,,,,
2026-07-16 19:10:00+03:00,15,V,True,12.444029850746269,1.0,0.0,0.0,0.0,,
2026-07-16 19:15:00+03:00,15,A,True,12.444029850746269,1.0,0.0,0.0,0.0,,
2026-07-16 19:15:00+03:00,15,M,False,,,,,,,
2026-07-16 19:15:00+03:00,15,V,True,12.444029850746269,1.0,0.0,0.0,0.0,,
2026-07-16 19:20:00+03:00,15,A,True,12.444029850746269,1.0,0.0,0.0,0.0,,
2026-07-16 19:20:00+03:00,15,M,False,,,,,,,
2026-07-16 19:20:00+03:00,15,V,True,12.444029850746269,1.0,0.0,0.0,0.0,,
2026-07-16 19:25:00+03:00,15,A,True,12.444029850746269,1.0,0.0,0.0,0.0,,
2026-07-16 19:25:00+03:00,15,M,False,,,,,,,
2026-07-16 19:25:00+03:00,15,V,True,12.444029850746269,1.0,0.0,0.0,0.0,,
2026-07-16 19:30:00+03:00,15,A,True,12.444029850746269,1.0,0.0,0.0,0.0,,
2026-07-16 19:30:00+03:00,15,M,False,,,,,,,
2026-07-16 19:30:00+03:00,15,V,True,12.444029850746269,1.0,0.0,0.0,0.0,,
2026-07-16 19:35:00+03:00,15,A,True,12.444029850746269,1.0,0.0,0.0,0.0,,
2026-07-16 19:35:00+03:00,15,M,False,,,,,,,
2026-07-16 19:35:00+03:00,15,V,True,12.444029850746269,1.0,0.0,0.0,0.0,,
2026-07-16 19:40:00+03:00,15,A,True,12.444029850746269,1.0,0.0,0.0,0.0,,
2026-07-16 19:40:00+03:00,15,M,False,,,,,,,
2026-07-16 19:40:00+03:00,15,V,True,12.444029850746269,1.0,0.0,0.0,0.0,,
2026-07-16 19:45:00+03:00,15,A,True,12.444029850746269,1.0,0.0,0.0,0.0,,
2026-07-16 19:45:00+03:00,15,M,False,,,,,,,
2026-07-16 19:45:00+03:00,15,V,True,12.444029850746269,1.0,0.0,0.0,0.0,,
2026-07-16 19:50:00+03:00,15,A,True,12.444029850746269,1.0,0.0,0.0,0.0,,
2026-07-16 19:50:00+03:00,15,M,False,,,,,,,
2026-07-16 19:50:00+03:00,15,V,True,12.444029850746269,1.0,0.0,0.0,0.0,,
2026-07-16 19:55:00+03:00,15,A,True,12.444029850746269,1.0,0.0,0.0,0.0,,
2026-07-16 19:55:00+03:00,15,M,False,,,,,,,
2026-07-16 19:55:00+03:00,15,V,True,12.444029850746269,1.0,0.0,0.0,0.0,,
2026-07-16 20:00:00+03:00,15,A,True,12.444029850746269,1.0,0.0,0.0,0.0,,
2026-07-16 20:00:00+03:00,15,M,False,,,,,,,
2026-07-16 20:00:00+03:00,15,V,True,12.444029850746269,1.0,0.0,0.0,0.0,,
2026-07-16 20:05:00+03:00,15,A,True,12.444029850746269,1.0,0.0,0.0,0.0,,
2026-07-16 20:05:00+03:00,15,M,False,,,,,,,
2026-07-16 20:05:00+03:00,15,V,True,12.444029850746269,1.0,0.0,0.0,0.0,,
2026-07-16 20:10:00+03:00,15,A,True,12.444029850746269,1.0,0.0,0.0,0.0,,
2026-07-16 20:10:00+03:00,15,M,False,,,,,,,
2026-07-16 20:10:00+03:00,15,V,True,12.444029850746269,1.0,0.0,0.0,0.0,,
2026-07-16 20:15:00+03:00,15,A,True,12.444029850746269,1.0,0.0,0.0,0.0,,
2026-07-16 20:15:00+03:00,15,M,False,,,,,,,
2026-07-16 20:15:00+03:00,15,V,True,12.444029850746269,1.0,0.0,0.0,0.0,,
2026-07-16 20:20:00+03:00,15,A,True,12.444029850746269,1.0,0.0,0.0,0.0,,
2026-07-16 20:20:00+03:00,15,M,False,,,,,,,
2026-07-16 20:20:00+03:00,15,V,True,12.444029850746269,1.0,0.0,0.0,0.0,,
2026-07-16 20:25:00+03:00,15,A,True,12.444029850746269,1.0,0.0,0.0,0.0,,
2026-07-16 20:25:00+03:00,15,M,False,,,,,,,
2026-07-16 20:25:00+03:00,15,V,True,12.444029850746269,1.0,0.0,0.0,0.0,,
2026-07-16 20:30:00+03:00,15,A,True,12.444029850746269,1.0,0.0,0.0,0.0,,
2026-07-16 20:30:00+03:00,15,M,False,,,,,,,
2026-07-16 20:30:00+03:00,15,V,True,12.444029850746269,1.0,0.0,0.0,0.0,,
2026-07-16 20:35:00+03:00,15,A,True,12.444029850746269,1.0,0.0,0.0,0.0,,
2026-07-16 20:35:00+03:00,15,M,False,,,,,,,
2026-07-16 20:35:00+03:00,15,V,True,12.444029850746269,1.0,0.0,0.0,0.0,,
2026-07-16 20:40:00+03:00,15,A,True,12.444029850746269,1.0,0.0,0.0,0.0,,
2026-07-16 20:40:00+03:00,15,M,False,,,,,,,
2026-07-16 20:40:00+03:00,15,V,True,12.444029850746269,1.0,0.0,0.0,0.0,,
2026-07-16 20:45:00+03:00,15,A,True,12.444029850746269,1.0,0.0,0.0,0.0,,
2026-07-16 20:45:00+03:00,15,M,False,,,,,,,
2026-07-16 20:45:00+03:00,15,V,True,12.444029850746269,1.0,0.0,0.0,0.0,,
2026-07-16 20:50:00+03:00,15,A,True,12.444029850746269,1.0,0.0,0.0,0.0,,
2026-07-16 20:50:00+03:00,15,M,False,,,,,,,
2026-07-16 20:50:00+03:00,15,V,True,12.444029850746269,1.0,0.0,0.0,0.0,,
2026-07-16 20:55:00+03:00,15,A,True,12.444029850746269,1.0,0.0,0.0,0.0,,
2026-07-16 20:55:00+03:00,15,M,False,,,,,,,
2026-07-16 20:55:00+03:00,15,V,True,12.444029850746269,1.0,0.0,0.0,0.0,,
2026-07-16 21:00:00+03:00,15,A,True,12.444029850746269,1.0,0.0,0.0,0.0,,
2026-07-16 21:00:00+03:00,15,M,False,,,,,,,
2026-07-16 21:00:00+03:00,15,V,True,12.444029850746269,1.0,0.0,0.0,0.0,,
2026-07-16 21:05:00+03:00,15,A,True,12.444029850746269,1.0,0.0,0.0,0.0,,
2026-07-16 21:05:00+03:00,15,M,False,,,,,,,
2026-07-16 21:05:00+03:00,15,V,True,12.444029850746269,1.0,0.0,0.0,0.0,,
2026-07-16 21:10:00+03:00,15,A,True,12.444029850746269,1.0,0.0,0.0,0.0,,
2026-07-16 21:10:00+03:00,15,M,False,,,,,,,
2026-07-16 21:10:00+03:00,15,V,True,12.444029850746269,1.0,0.0,0.0,0.0,,
2026-07-16 21:15:00+03:00,15,A,True,12.444029850746269,1.0,0.0,0.0,0.0,,
2026-07-16 21:15:00+03:00,15,M,False,,,,,,,
2026-07-16 21:15:00+03:00,15,V,True,12.444029850746269,1.0,0.0,0.0,0.0,,
2026-07-16 21:20:00+03:00,15,A,True,12.444029850746269,1.0,0.0,0.0,0.0,,
2026-07-16 21:20:00+03:00,15,M,False,,,,,,,
2026-07-16 21:20:00+03:00,15,V,True,12.444029850746269,1.0,0.0,0.0,0.0,,
2026-07-16 21:25:00+03:00,15,A,True,12.444029850746269,1.0,0.0,0.0,0.0,,
2026-07-16 21:25:00+03:00,15,M,False,,,,,,,
2026-07-16 21:25:00+03:00,15,V,True,12.444029850746269,1.0,0.0,0.0,0.0,,
2026-07-16 21:30:00+03:00,15,A,True,12.444029850746269,1.0,0.0,0.0,0.0,,
2026-07-16 21:30:00+03:00,15,M,False,,,,,,,
2026-07-16 21:30:00+03:00,15,V,True,12.444029850746269,1.0,0.0,0.0,0.0,,
2026-07-16 21:35:00+03:00,15,A,True,12.444029850746269,1.0,0.0,0.0,0.0,,
2026-07-16 21:35:00+03:00,15,M,False,,,,,,,
2026-07-16 21:35:00+03:00,15,V,True,12.444029850746269,1.0,0.0,0.0,0.0,,
2026-07-16 21:40:00+03:00,15,A,True,12.444029850746269,1.0,0.0,0.0,0.0,,
2026-07-16 21:40:00+03:00,15,M,False,,,,,,,
2026-07-16 21:40:00+03:00,15,V,True,12.444029850746269,1.0,0.0,0.0,0.0,,
2026-07-16 21:45:00+03:00,15,A,True,12.444029850746269,1.0,0.0,0.0,0.0,,
2026-07-16 21:45:00+03:00,15,M,False,,,,,,,
2026-07-16 21:45:00+03:00,15,V,True,12.444029850746269,1.0,0.0,0.0,0.0,,
2026-07-16 21:50:00+03:00,15,A,True,12.444029850746269,1.0,0.0,0.0,0.0,,
2026-07-16 21:50:00+03:00,15,M,False,,,,,,,
2026-07-16 21:50:00+03:00,15,V,True,12.444029850746269,1.0,0.0,0.0,0.0,,
2026-07-16 21:55:00+03:00,15,A,True,12.444029850746269,1.0,0.0,0.0,0.0,,
2026-07-16 21:55:00+03:00,15,M,False,,,,,,,
2026-07-16 21:55:00+03:00,15,V,True,12.444029850746269,1.0,0.0,0.0,0.0,,
2026-07-16 22:00:00+03:00,15,A,True,12.444029850746269,1.0,0.0,0.0,0.0,,
2026-07-16 22:00:00+03:00,15,M,False,,,,,,,
2026-07-16 22:00:00+03:00,15,V,True,12.444029850746269,1.0,0.0,0.0,0.0,,
2026-07-16 22:05:00+03:00,15,A,True,12.444029850746269,1.0,0.0,0.0,0.0,,
2026-07-16 22:05:00+03:00,15,M,False,,,,,,,
2026-07-16 22:05:00+03:00,15,V,True,12.444029850746269,1.0,0.0,0.0,0.0,,
2026-07-16 22:10:00+03:00,15,A,True,12.444029850746269,1.0,0.0,0.0,0.0,,
2026-07-16 22:10:00+03:00,15,M,False,,,,,,,
2026-07-16 22:10:00+03:00,15,V,True,12.444029850746269,1.0,0.0,0.0,0.0,,
2026-07-16 22:15:00+03:00,15,A,True,12.444029850746269,1.0,0.0,0.0,0.0,,
2026-07-16 22:15:00+03:00,15,M,False,,,,,,,
2026-07-16 22:15:00+03:00,15,V,True,12.444029850746269,1.0,0.0,0.0,0.0,,
2026-07-16 22:20:00+03:00,15,A,True,12.444029850746269,1.0,0.0,0.0,0.0,,
2026-07-16 22:20:00+03:00,15,M,False,,,,,,,
2026-07-16 22:20:00+03:00,15,V,True,12.444029850746269,1.0,0.0,0.0,0.0,,
2026-07-16 22:25:00+03:00,15,A,True,12.444029850746269,1.0,0.0,0.0,0.0,,
2026-07-16 22:25:00+03:00,15,M,False,,,,,,,
2026-07-16 22:25:00+03:00,15,V,True,12.444029850746269,1.0,0.0,0.0,0.0,,
2026-07-16 22:30:00+03:00,15,A,True,13.50169846356189,0.959629357655843,0.04037064234415695,0.0,0.0,,
2026-07-16 22:30:00+03:00,15,M,False,,,,,,,
2026-07-16 22:30:00+03:00,15,V,True,12.444029850746269,1.0,0.0,0.0,0.0,,
2026-07-16 22:35:00+03:00,15,A,True,13.249738463897826,0.969255361557007,0.030744638442993022,0.0,0.0,,
2026-07-16 22:35:00+03:00,15,M,False,,,,,,,
2026-07-16 22:35:00+03:00,15,V,True,12.444029850746269,1.0,0.0,0.0,0.0,,
2026-07-16 22:40:00+03:00,15,A,True,13.376115098326817,0.9644278971354165,0.035572102864583496,0.0,0.0,,
2026-07-16 22:40:00+03:00,15,M,False,,,,,,,
2026-07-16 22:40:00+03:00,15,V,True,12.444029850746269,1.0,0.0,0.0,0.0,,
2026-07-16 22:45:00+03:00,15,A,True,13.722802270965584,0.9511776447296143,0.04882235527038574,0.0,0.0,,
2026-07-16 22:45:00+03:00,15,M,False,,,,,,,
2026-07-16 22:45:00+03:00,15,V,True,12.444029850746269,1.0,0.0,0.0,0.0,,
2026-07-16 22:50:00+03:00,15,A,True,13.670519913869384,0.9531765270233155,0.0468234729766845,0.0,0.0,,
2026-07-16 22:50:00+03:00,15,M,False,,,,,,,
2026-07-16 22:50:00+03:00,15,V,True,12.444029850746269,1.0,0.0,0.0,0.0,,
2026-07-16 22:55:00+03:00,15,A,True,13.412968779684373,0.9630198605855306,0.03698013941446945,0.0,0.0,,
2026-07-16 22:55:00+03:00,15,M,False,,,,,,,
2026-07-16 22:55:00+03:00,15,V,True,12.444029850746269,1.0,0.0,0.0,0.0,,
2026-07-16 23:00:00+03:00,15,A,True,12.82073490292488,0.9856325181325278,0.014367481867472165,0.0,0.0,,
2026-07-16 23:00:00+03:00,15,M,False,,,,,,,
2026-07-16 23:00:00+03:00,15,V,True,12.444029850746269,1.0,0.0,0.0,0.0,,
2026-07-16 23:05:00+03:00,15,A,True,13.718296778430059,0.951349910100301,0.04865008989969901,0.0,0.0,,
2026-07-16 23:05:00+03:00,15,M,False,,,,,,,
2026-07-16 23:05:00+03:00,15,V,True,12.444029850746269,1.0,0.0,0.0,0.0,,
2026-07-16 23:10:00+03:00,15,A,True,13.730139082606891,0.9508971214294434,0.04910287857055664,0.0,0.0,,
2026-07-16 23:10:00+03:00,15,M,False,,,,,,,
2026-07-16 23:10:00+03:00,15,V,True,12.444029850746269,1.0,0.0,0.0,0.0,,
2026-07-16 23:15:00+03:00,15,A,True,13.357006594661913,0.965157912572225,0.03484208742777497,0.0,0.0,,
2026-07-16 23:15:00+03:00,15,M,False,,,,,,,
2026-07-16 23:15:00+03:00,15,V,True,12.444029850746269,1.0,0.0,0.0,0.0,,
2026-07-16 23:20:00+03:00,15,A,True,13.904861609884696,0.9442152118682863,0.055784788131713725,0.0,0.0,,
2026-07-16 23:20:00+03:00,15,M,False,,,,,,,
2026-07-16 23:20:00+03:00,15,V,True,12.444029850746269,1.0,0.0,0.0,0.0,,
2026-07-16 23:25:00+03:00,15,A,True,15.482364362418718,0.8837660948435466,0.11623390515645333,0.0,0.0,,
2026-07-16 23:25:00+03:00,15,M,False,,,,,,,
2026-07-16 23:25:00+03:00,15,V,True,12.444029850746269,1.0,0.0,0.0,0.0,,
2026-07-16 23:30:00+03:00,15,A,True,16.770684856053094,0.8337254492441811,0.16627455075581885,0.0,0.0,,
2026-07-16 23:30:00+03:00,15,M,False,,,,,,,
2026-07-16 23:30:00+03:00,15,V,True,12.444029850746269,1.0,0.0,0.0,0.0,,
2026-07-16 23:35:00+03:00,15,A,True,16.52038913908371,0.8434773604075115,0.1565226395924885,0.0,0.0,,
2026-07-16 23:35:00+03:00,15,M,False,,,,,,,
2026-07-16 23:35:00+03:00,15,V,True,12.444029850746269,1.0,0.0,0.0,0.0,,
2026-07-16 23:40:00+03:00,15,A,True,16.20570801346879,0.8557324822743734,0.1442675177256266,0.0,0.0,,
2026-07-16 23:40:00+03:00,15,M,False,,,,,,,
2026-07-16 23:40:00+03:00,15,V,True,12.444029850746269,1.0,0.0,0.0,0.0,,
2026-07-16 23:45:00+03:00,15,A,True,15.78616105805667,0.8720623048146567,0.12793769518534326,0.0,0.0,,
2026-07-16 23:45:00+03:00,15,M,False,,,,,,,
2026-07-16 23:45:00+03:00,15,V,True,12.444029850746269,1.0,0.0,0.0,0.0,,
2026-07-16 23:50:00+03:00,15,A,True,16.547104537296423,0.8424366664886473,0.1575633335113526,0.0,0.0,,
2026-07-16 23:50:00+03:00,15,M,False,,,,,,,
2026-07-16 23:50:00+03:00,15,V,True,12.444029850746269,1.0,0.0,0.0,0.0,,
2026-07-16 23:55:00+03:00,15,A,True,16.1552046069024,0.857698761622111,0.14230123837788894,0.0,0.0,,
2026-07-16 23:55:00+03:00,15,M,False,,,,,,,
2026-07-16 23:55:00+03:00,15,V,True,12.444029850746269,1.0,0.0,0.0,0.0,,
2026-07-17 00:00:00+03:00,15,A,True,16.390979389432722,0.8485178883870443,0.15148211161295572,0.0,0.0,,
2026-07-17 00:00:00+03:00,15,M,False,,,,,,,
2026-07-17 00:00:00+03:00,15,V,True,12.444029850746269,1.0,0.0,0.0,0.0,,
2026-07-17 00:05:00+03:00,15,A,True,16.058828898937378,0.8614505894978841,0.13854941050211594,0.0,0.0,,
2026-07-17 00:05:00+03:00,15,M,False,,,,,,,
2026-07-17 00:05:00+03:00,15,V,True,12.444029850746269,1.0,0.0,0.0,0.0,,
2026-07-17 00:10:00+03:00,15,A,True,15.668991382011422,0.8766002305348713,0.12339976946512862,0.0,0.0,,
2026-07-17 00:10:00+03:00,15,M,False,,,,,,,
2026-07-17 00:10:00+03:00,15,V,True,12.444029850746269,1.0,0.0,0.0,0.0,,
2026-07-17 00:15:00+03:00,15,A,True,15.665821304565048,0.8767219765981039,0.12327802340189606,0.0,0.0,,
2026-07-17 00:15:00+03:00,15,M,False,,,,,,,
2026-07-17 00:15:00+03:00,15,V,True,12.444029850746269,1.0,0.0,0.0,0.0,,
2026-07-17 00:20:00+03:00,15,A,True,15.363923828380624,0.8883122380574544,0.11168776194254555,0.0,0.0,,
2026-07-17 00:20:00+03:00,15,M,False,,,,,,,
2026-07-17 00:20:00+03:00,15,V,True,12.444029850746269,1.0,0.0,0.0,0.0,,
2026-07-17 00:25:00+03:00,15,A,True,15.699491671407618,0.8754288291931154,0.12457117080688462,0.0,0.0,,
2026-07-17 00:25:00+03:00,15,M,False,,,,,,,
2026-07-17 00:25:00+03:00,15,V,True,12.444029850746269,1.0,0.0,0.0,0.0,,
2026-07-17 00:30:00+03:00,15,A,True,15.253054841345564,0.8925666459401448,0.10743335405985519,0.0,0.0,,
2026-07-17 00:30:00+03:00,15,M,False,,,,,,,
2026-07-17 00:30:00+03:00,15,V,True,12.444029850746269,1.0,0.0,0.0,0.0,,
2026-07-17 00:35:00+03:00,15,A,True,15.163349466995637,0.8960081481933593,0.10399185180664076,0.0,0.0,,
2026-07-17 00:35:00+03:00,15,M,False,,,,,,,
2026-07-17 00:35:00+03:00,15,V,True,12.444029850746269,1.0,0.0,0.0,0.0,,
2026-07-17 00:40:00+03:00,15,A,True,15.3942495770482,0.8871483516693115,0.11285164833068854,0.0,0.0,,
2026-07-17 00:40:00+03:00,15,M,False,,,,,,,
2026-07-17 00:40:00+03:00,15,V,True,12.444029850746269,1.0,0.0,0.0,0.0,,
2026-07-17 00:45:00+03:00,15,A,True,15.146418857299473,0.8966576035817464,0.10334239641825356,0.0,0.0,,
2026-07-17 00:45:00+03:00,15,M,False,,,,,,,
2026-07-17 00:45:00+03:00,15,V,True,12.444029850746269,1.0,0.0,0.0,0.0,,
2026-07-17 00:50:00+03:00,15,A,True,15.511658791604678,0.8826414871215821,0.11735851287841789,0.0,0.0,,
2026-07-17 00:50:00+03:00,15,M,False,,,,,,,
2026-07-17 00:50:00+03:00,15,V,True,12.444029850746269,1.0,0.0,0.0,0.0,,
2026-07-17 00:55:00+03:00,15,A,True,15.953355725036378,0.8655559349060059,0.13444406509399406,0.0,0.0,,
2026-07-17 00:55:00+03:00,15,M,False,,,,,,,
2026-07-17 00:55:00+03:00,15,V,True,12.444029850746269,1.0,0.0,0.0,0.0,,
2026-07-17 01:00:00+03:00,15,A,True,15.997610518184391,0.8638334814707438,0.1361665185292562,0.0,0.0,,
2026-07-17 01:00:00+03:00,15,M,False,,,,,,,
2026-07-17 01:00:00+03:00,15,V,True,12.444029850746269,1.0,0.0,0.0,0.0,,
2026-07-17 01:05:00+03:00,15,A,True,16.395878635265934,0.8483270804087322,0.15167291959126777,0.0,0.0,,
2026-07-17 01:05:00+03:00,15,M,False,,,,,,,
2026-07-17 01:05:00+03:00,15,V,True,12.444029850746269,1.0,0.0,0.0,0.0,,
2026-07-17 01:10:00+03:00,15,A,True,16.633441189019095,0.8390731430053713,0.16092685699462878,0.0,0.0,,
2026-07-17 01:10:00+03:00,15,M,False,,,,,,,
2026-07-17 01:10:00+03:00,15,V,True,12.444029850746269,1.0,0.0,0.0,0.0,,
2026-07-17 01:15:00+03:00,15,A,True,16.654320391889744,0.8382596588134767,0.1617403411865233,0.0,0.0,,
2026-07-17 01:15:00+03:00,15,M,False,,,,,,,
2026-07-17 01:15:00+03:00,15,V,True,12.444029850746269,1.0,0.0,0.0,0.0,,
2026-07-17 01:20:00+03:00,15,A,True,16.381925200277994,0.8488705126444497,0.1511294873555503,0.0,0.0,,
2026-07-17 01:20:00+03:00,15,M,False,,,,,,,
2026-07-17 01:20:00+03:00,15,V,True,12.444029850746269,1.0,0.0,0.0,0.0,,
2026-07-17 01:25:00+03:00,15,A,True,16.379137481003156,0.8489790821075438,0.1510209178924562,0.0,0.0,,
2026-07-17 01:25:00+03:00,15,M,False,,,,,,,
2026-07-17 01:25:00+03:00,15,V,True,12.444029850746269,1.0,0.0,0.0,0.0,,
2026-07-17 01:30:00+03:00,15,A,True,16.784552424632253,0.8331850369771321,0.16681496302286797,0.0,0.0,,
2026-07-17 01:30:00+03:00,15,M,False,,,,,,,
2026-07-17 01:30:00+03:00,15,V,True,12.444029850746269,1.0,0.0,0.0,0.0,,
2026-07-17 01:35:00+03:00,15,A,True,16.874535246954455,0.8296781698862713,0.17032183011372873,0.0,0.0,,
2026-07-17 01:35:00+03:00,15,M,False,,,,,,,
2026-07-17 01:35:00+03:00,15,V,True,12.444029850746269,1.0,0.0,0.0,0.0,,
2026-07-17 01:40:00+03:00,15,A,True,17.312660699484354,0.8125963052113849,0.18740369478861502,0.0,0.0,,
2026-07-17 01:40:00+03:00,15,M,False,,,,,,,
2026-07-17 01:40:00+03:00,15,V,True,12.444029850746269,1.0,0.0,0.0,0.0,,
2026-07-17 01:45:00+03:00,15,A,True,16.543757236795315,0.8425670623779297,0.1574329376220703,0.0,0.0,,
2026-07-17 01:45:00+03:00,15,M,False,,,,,,,
2026-07-17 01:45:00+03:00,15,V,True,12.444029850746269,1.0,0.0,0.0,0.0,,
2026-07-17 01:50:00+03:00,15,A,True,16.620995835923587,0.8395580196380614,0.16044198036193863,0.0,0.0,,
2026-07-17 01:50:00+03:00,15,M,False,,,,,,,
2026-07-17 01:50:00+03:00,15,V,True,12.444029850746269,1.0,0.0,0.0,0.0,,
2026-07-17 01:55:00+03:00,15,A,True,16.322401893998016,0.8511885833740234,0.14881141662597663,0.0,0.0,,
2026-07-17 01:55:00+03:00,15,M,False,,,,,,,
2026-07-17 01:55:00+03:00,15,V,True,12.444029850746269,1.0,0.0,0.0,0.0,,
2026-07-17 02:00:00+03:00,15,A,True,16.687908713430446,0.8369509538014729,0.16304904619852714,0.0,0.0,,
2026-07-17 02:00:00+03:00,15,M,False,,,,,,,
2026-07-17 02:00:00+03:00,15,V,True,12.444029850746269,1.0,0.0,0.0,0.0,,
2026-07-17 02:05:00+03:00,15,A,True,17.04237259500328,0.8231358051300048,0.1768641948699951,0.0,0.0,,
2026-07-17 02:05:00+03:00,15,M,False,,,,,,,
2026-07-17 02:05:00+03:00,15,V,True,12.444029850746269,1.0,0.0,0.0,0.0,,
2026-07-17 02:10:00+03:00,15,A,True,16.878962020582488,0.8295056343078613,0.17049436569213866,0.0,0.0,,
2026-07-17 02:10:00+03:00,15,M,False,,,,,,,
2026-07-17 02:10:00+03:00,15,V,True,12.444029850746269,1.0,0.0,0.0,0.0,,
2026-07-17 02:15:00+03:00,15,A,True,16.186288030146223,0.8564885902404786,0.14351140975952142,0.0,0.0,,
2026-07-17 02:15:00+03:00,15,M,False,,,,,,,
2026-07-17 02:15:00+03:00,15,V,True,12.444029850746269,1.0,0.0,0.0,0.0,,
2026-07-17 02:20:00+03:00,15,A,True,16.07737899453009,0.8607284927368163,0.13927150726318374,0.0,0.0,,
2026-07-17 02:20:00+03:00,15,M,False,,,,,,,
2026-07-17 02:20:00+03:00,15,V,True,12.444029850746269,1.0,0.0,0.0,0.0,,
2026-07-17 02:25:00+03:00,15,A,True,16.019243699361375,0.8629914474487304,0.1370085525512696,0.0,0.0,,
2026-07-17 02:25:00+03:00,15,M,False,,,,,,,
2026-07-17 02:25:00+03:00,15,V,True,12.444029850746269,1.0,0.0,0.0,0.0,,
2026-07-17 02:30:00+03:00,15,A,True,17.302580482592074,0.8129894479115805,0.1870105520884195,0.0,0.0,,
2026-07-17 02:30:00+03:00,15,M,False,,,,,,,
2026-07-17 02:30:00+03:00,15,V,True,12.444029850746269,1.0,0.0,0.0,0.0,,
2026-07-17 02:35:00+03:00,15,A,True,17.508222130719766,0.8049679215749105,0.1950320784250895,0.0,0.0,,
2026-07-17 02:35:00+03:00,15,M,False,,,,,,,
2026-07-17 02:35:00+03:00,15,V,True,12.444029850746269,1.0,0.0,0.0,0.0,,
2026-07-17 02:40:00+03:00,15,A,True,17.505251682311844,0.805083808898926,0.19491619110107408,0.0,0.0,,
2026-07-17 02:40:00+03:00,15,M,False,,,,,,,
2026-07-17 02:40:00+03:00,15,V,True,12.444029850746269,1.0,0.0,0.0,0.0,,
2026-07-17 02:45:00+03:00,15,A,True,17.052548106763805,0.8227391052246095,0.17726089477539056,0.0,0.0,,
2026-07-17 02:45:00+03:00,15,M,False,,,,,,,
2026-07-17 02:45:00+03:00,15,V,True,12.444029850746269,1.0,0.0,0.0,0.0,,
2026-07-17 02:50:00+03:00,15,A,True,16.99102414717882,0.8251375675201416,0.1748624324798584,0.0,0.0,,
2026-07-17 02:50:00+03:00,15,M,False,,,,,,,
2026-07-17 02:50:00+03:00,15,V,True,12.444029850746269,1.0,0.0,0.0,0.0,,
2026-07-17 02:55:00+03:00,15,A,True,17.338588221177545,0.8115850671132406,0.18841493288675934,0.0,0.0,,
2026-07-17 02:55:00+03:00,15,M,False,,,,,,,
2026-07-17 02:55:00+03:00,15,V,True,12.444029850746269,1.0,0.0,0.0,0.0,,
2026-07-17 03:00:00+03:00,15,A,True,17.769957469055537,0.7947546450297036,0.2052453549702964,0.0,0.0,,
2026-07-17 03:00:00+03:00,15,M,False,,,,,,,
2026-07-17 03:00:00+03:00,15,V,True,12.444029850746269,1.0,0.0,0.0,0.0,,
2026-07-17 03:05:00+03:00,15,A,True,17.394164237076552,0.8094173272450764,0.19058267275492363,0.0,0.0,,
2026-07-17 03:05:00+03:00,15,M,False,,,,,,,
2026-07-17 03:05:00+03:00,15,V,True,12.444029850746269,1.0,0.0,0.0,0.0,,
2026-07-17 03:10:00+03:00,15,A,True,17.49362716118458,0.805537316004435,0.19446268399556493,0.0,0.0,,
2026-07-17 03:10:00+03:00,15,M,False,,,,,,,
2026-07-17 03:10:00+03:00,15,V,True,12.444029850746269,1.0,0.0,0.0,0.0,,
2026-07-17 03:15:00+03:00,15,A,True,17.716638771842206,0.7968355496724445,0.20316445032755545,0.0,0.0,,
2026-07-17 03:15:00+03:00,15,M,False,,,,,,,
2026-07-17 03:15:00+03:00,15,V,True,12.444029850746269,1.0,0.0,0.0,0.0,,
2026-07-17 03:20:00+03:00,15,A,True,16.94443778891351,0.8269535477956136,0.17304645220438636,0.0,0.0,,
2026-07-17 03:20:00+03:00,15,M,False,,,,,,,
2026-07-17 03:20:00+03:00,15,V,True,12.444029850746269,1.0,0.0,0.0,0.0,,
2026-07-17 03:25:00+03:00,15,A,True,17.778585110149237,0.7944179121653239,0.20558208783467613,0.0,0.0,,
2026-07-17 03:25:00+03:00,15,M,False,,,,,,,
2026-07-17 03:25:00+03:00,15,V,True,12.444029850746269,1.0,0.0,0.0,0.0,,
2026-07-17 03:30:00+03:00,15,A,True,18.104065326175,0.7817112890879312,0.21828871091206886,0.0,0.0,,
2026-07-17 03:30:00+03:00,15,M,False,,,,,,,
2026-07-17 03:30:00+03:00,15,V,True,12.444029850746269,1.0,0.0,0.0,0.0,,
2026-07-17 03:35:00+03:00,15,A,True,18.707164115132105,0.7581496397654217,0.24185036023457834,0.0,0.0,,
2026-07-17 03:35:00+03:00,15,M,False,,,,,,,
2026-07-17 03:35:00+03:00,15,V,True,12.444029850746269,1.0,0.0,0.0,0.0,,
2026-07-17 03:40:00+03:00,15,A,True,17.61166524784498,0.8009319210052489,0.19906807899475112,0.0,0.0,,
2026-07-17 03:40:00+03:00,15,M,False,,,,,,,
2026-07-17 03:40:00+03:00,15,V,True,12.444029850746269,1.0,0.0,0.0,0.0,,
2026-07-17 03:45:00+03:00,15,A,True,16.319306573633447,0.8513091214497883,0.14869087855021162,0.0,0.0,,
2026-07-17 03:45:00+03:00,15,M,False,,,,,,,
2026-07-17 03:45:00+03:00,15,V,True,12.444029850746269,1.0,0.0,0.0,0.0,,
2026-07-17 03:50:00+03:00,15,A,True,16.00133837545852,0.8636883831024171,0.13631161689758287,0.0,0.0,,
2026-07-17 03:50:00+03:00,15,M,False,,,,,,,
2026-07-17 03:50:00+03:00,15,V,True,12.444029850746269,1.0,0.0,0.0,0.0,,
2026-07-17 03:55:00+03:00,15,A,True,16.151397941044443,0.8578469626108806,0.1421530373891194,0.0,0.0,,
2026-07-17 03:55:00+03:00,15,M,False,,,,,,,
2026-07-17 03:55:00+03:00,15,V,True,12.444029850746269,1.0,0.0,0.0,0.0,,
2026-07-17 04:00:00+03:00,15,A,True,16.56813723987495,0.8416173108418782,0.1583826891581218,0.0,0.0,,
2026-07-17 04:00:00+03:00,15,M,False,,,,,,,
2026-07-17 04:00:00+03:00,15,V,True,12.444029850746269,1.0,0.0,0.0,0.0,,
2026-07-17 04:05:00+03:00,15,A,True,17.350458240488553,0.8111220932006837,0.18887790679931626,0.0,0.0,,
2026-07-17 04:05:00+03:00,15,M,False,,,,,,,
2026-07-17 04:05:00+03:00,15,V,True,12.444029850746269,1.0,0.0,0.0,0.0,,
2026-07-17 04:10:00+03:00,15,A,True,17.84670805283147,0.7917589473724366,0.2082410526275634,0.0,0.0,,
2026-07-17 04:10:00+03:00,15,M,False,,,,,,,
2026-07-17 04:10:00+03:00,15,V,True,12.444029850746269,1.0,0.0,0.0,0.0,,
2026-07-17 04:15:00+03:00,15,A,True,17.600814084770512,0.8013553269704182,0.19864467302958175,0.0,0.0,,
2026-07-17 04:15:00+03:00,15,M,False,,,,,,,
2026-07-17 04:15:00+03:00,15,V,True,12.444029850746269,1.0,0.0,0.0,0.0,,
2026-07-17 04:20:00+03:00,15,A,True,17.04423393034107,0.8230632400512696,0.17693675994873032,0.0,0.0,,
2026-07-17 04:20:00+03:00,15,M,False,,,,,,,
2026-07-17 04:20:00+03:00,15,V,True,12.444029850746269,1.0,0.0,0.0,0.0,,
2026-07-17 04:25:00+03:00,15,A,True,17.041222294102095,0.8231806500752767,0.1768193499247232,0.0,0.0,,
2026-07-17 04:25:00+03:00,15,M,False,,,,,,,
2026-07-17 04:25:00+03:00,15,V,True,12.444029850746269,1.0,0.0,0.0,0.0,,
2026-07-17 04:30:00+03:00,15,A,True,17.369551905458266,0.8103773530324301,0.18962264696756997,0.0,0.0,,
2026-07-17 04:30:00+03:00,15,M,False,,,,,,,
2026-07-17 04:30:00+03:00,15,V,True,12.444029850746269,1.0,0.0,0.0,0.0,,
2026-07-17 04:35:00+03:00,15,A,True,16.299425657112025,0.8520833110809327,0.14791668891906723,0.0,0.0,,
2026-07-17 04:35:00+03:00,15,M,False,,,,,,,
2026-07-17 04:35:00+03:00,15,V,True,12.444029850746269,1.0,0.0,0.0,0.0,,
2026-07-17 04:40:00+03:00,15,A,True,16.57068236379453,0.8415181605021157,0.15848183949788427,0.0,0.0,,
2026-07-17 04:40:00+03:00,15,M,False,,,,,,,
2026-07-17 04:40:00+03:00,15,V,True,12.444029850746269,1.0,0.0,0.0,0.0,,
2026-07-17 04:45:00+03:00,15,A,True,15.53037635331787,0.8819228839874267,0.11807711601257331,0.0,0.0,,
2026-07-17 04:45:00+03:00,15,M,False,,,,,,,
2026-07-17 04:45:00+03:00,15,V,True,12.444029850746269,1.0,0.0,0.0,0.0,,
2026-07-17 04:50:00+03:00,15,A,True,16.14843195963665,0.8579624334971111,0.14203756650288887,0.0,0.0,,
2026-07-17 04:50:00+03:00,15,M,False,,,,,,,
2026-07-17 04:50:00+03:00,15,V,True,12.444029850746269,1.0,0.0,0.0,0.0,,
2026-07-17 04:55:00+03:00,15,A,True,15.991570059985445,0.8640685907999675,0.1359314092000325,0.0,0.0,,
2026-07-17 04:55:00+03:00,15,M,False,,,,,,,
2026-07-17 04:55:00+03:00,15,V,True,12.444029850746269,1.0,0.0,0.0,0.0,,
2026-07-17 05:00:00+03:00,15,A,True,15.85383243365807,0.8694290796915691,0.13057092030843087,0.0,0.0,,
2026-07-17 05:00:00+03:00,15,M,False,,,,,,,
2026-07-17 05:00:00+03:00,15,V,True,12.444029850746269,1.0,0.0,0.0,0.0,,
2026-07-17 05:05:00+03:00,15,A,True,15.38281642661719,0.8875871594746908,0.11241284052530923,0.0,0.0,,
2026-07-17 05:05:00+03:00,15,M,False,,,,,,,
2026-07-17 05:05:00+03:00,15,V,True,12.444029850746269,1.0,0.0,0.0,0.0,,
2026-07-17 05:10:00+03:00,15,A,True,14.660107643370429,0.915301710764567,0.08469828923543296,0.0,0.0,,
2026-07-17 05:10:00+03:00,15,M,False,,,,,,,
2026-07-17 05:10:00+03:00,15,V,True,12.444029850746269,1.0,0.0,0.0,0.0,,
2026-07-17 05:15:00+03:00,15,A,True,14.674273942828762,0.9147588984171549,0.08524110158284515,0.0,0.0,,
2026-07-17 05:15:00+03:00,15,M,False,,,,,,,
2026-07-17 05:15:00+03:00,15,V,True,12.444029850746269,1.0,0.0,0.0,0.0,,
2026-07-17 05:20:00+03:00,15,A,True,14.562065104371772,0.9190579414367676,0.08094205856323242,0.0,0.0,,
2026-07-17 05:20:00+03:00,15,M,False,,,,,,,
2026-07-17 05:20:00+03:00,15,V,True,12.444029850746269,1.0,0.0,0.0,0.0,,
2026-07-17 05:25:00+03:00,15,A,True,14.511495516900156,0.9209950478871665,0.0790049521128335,0.0,0.0,,
2026-07-17 05:25:00+03:00,15,M,False,,,,,,,
2026-07-17 05:25:00+03:00,15,V,True,12.444029850746269,1.0,0.0,0.0,0.0,,
2026-07-17 05:30:00+03:00,15,A,True,13.940222045616967,0.9428625996907553,0.05713740030924477,0.0,0.0,,
2026-07-17 05:30:00+03:00,15,M,False,,,,,,,
2026-07-17 05:30:00+03:00,15,V,True,12.444029850746269,1.0,0.0,0.0,0.0,,
2026-07-17 05:35:00+03:00,15,A,True,13.925798569821794,0.9434143416086833,0.056585658391316684,0.0,0.0,,
2026-07-17 05:35:00+03:00,15,M,False,,,,,,,
2026-07-17 05:35:00+03:00,15,V,True,12.444029850746269,1.0,0.0,0.0,0.0,,
2026-07-17 05:40:00+03:00,15,A,True,13.137050343364981,0.9735587660471599,0.026441233952840194,0.0,0.0,,
2026-07-17 05:40:00+03:00,15,M,False,,,,,,,
2026-07-17 05:40:00+03:00,15,V,True,12.444029850746269,1.0,0.0,0.0,0.0,,
2026-07-17 05:45:00+03:00,15,A,True,13.104540459711195,0.9748000685373942,0.025199931462605817,0.0,0.0,,
2026-07-17 05:45:00+03:00,15,M,False,,,,,,,
2026-07-17 05:45:00+03:00,15,V,True,12.444029850746269,1.0,0.0,0.0,0.0,,
2026-07-17 05:50:00+03:00,15,A,True,13.411096008692073,0.9630914147694906,0.03690858523050942,0.0,0.0,,
2026-07-17 05:50:00+03:00,15,M,False,,,,,,,
2026-07-17 05:50:00+03:00,15,V,True,12.444029850746269,1.0,0.0,0.0,0.0,,
2026-07-17 05:55:00+03:00,15,A,True,13.271823954117597,0.9684118175506591,0.03158818244934096,0.0,0.0,,
2026-07-17 05:55:00+03:00,15,M,False,,,,,,,
2026-07-17 05:55:00+03:00,15,V,True,12.444029850746269,1.0,0.0,0.0,0.0,,
2026-07-17 06:00:00+03:00,15,A,True,13.206202268007944,0.9709180800120034,0.029081919987996585,0.0,0.0,,
2026-07-17 06:00:00+03:00,15,M,False,,,,,,,
2026-07-17 06:00:00+03:00,15,V,True,12.444029850746269,1.0,0.0,0.0,0.0,,
2026-07-17 06:05:00+03:00,15,A,True,13.469850151661436,0.9608464113871257,0.0391535886128743,0.0,0.0,,
2026-07-17 06:05:00+03:00,15,M,False,,,,,,,
2026-07-17 06:05:00+03:00,15,V,True,12.444029850746269,1.0,0.0,0.0,0.0,,
2026-07-17 06:10:00+03:00,15,A,True,14.331506364143962,0.9278878561655681,0.07211214383443192,0.0,0.0,,
2026-07-17 06:10:00+03:00,15,M,False,,,,,,,
2026-07-17 06:10:00+03:00,15,V,True,12.444029850746269,1.0,0.0,0.0,0.0,,
2026-07-17 06:15:00+03:00,15,A,True,14.957144641579626,0.9039164225260418,0.09608357747395821,0.0,0.0,,
2026-07-17 06:15:00+03:00,15,M,False,,,,,,,
2026-07-17 06:15:00+03:00,15,V,True,12.444029850746269,1.0,0.0,0.0,0.0,,
2026-07-17 06:20:00+03:00,15,A,True,14.24961946420954,0.931022834777832,0.06897716522216797,0.0,0.0,,
2026-07-17 06:20:00+03:00,15,M,False,,,,,,,
2026-07-17 06:20:00+03:00,15,V,True,12.444029850746269,1.0,0.0,0.0,0.0,,
2026-07-17 06:25:00+03:00,15,A,True,13.678274766216791,0.9528800551096598,0.047119944890340194,0.0,0.0,,
2026-07-17 06:25:00+03:00,15,M,False,,,,,,,
2026-07-17 06:25:00+03:00,15,V,True,12.444029850746269,1.0,0.0,0.0,0.0,,
2026-07-17 06:30:00+03:00,15,A,True,12.886216965746245,0.983133783340454,0.01686621665954604,0.0,0.0,,
2026-07-17 06:30:00+03:00,15,M,False,,,,,,,
2026-07-17 06:30:00+03:00,15,V,True,12.444029850746269,1.0,0.0,0.0,0.0,,
2026-07-17 06:35:00+03:00,15,A,True,13.230680974444804,0.9699832185109457,0.03001678148905427,0.0,0.0,,
2026-07-17 06:35:00+03:00,15,M,False,,,,,,,
2026-07-17 06:35:00+03:00,15,V,True,12.444029850746269,1.0,0.0,0.0,0.0,,
2026-07-17 06:40:00+03:00,15,A,True,12.858050263774786,0.9842086442311604,0.015791355768839565,0.0,0.0,,
2026-07-17 06:40:00+03:00,15,M,False,,,,,,,
2026-07-17 06:40:00+03:00,15,V,True,12.444029850746269,1.0,0.0,0.0,0.0,,
2026-07-17 06:45:00+03:00,15,A,True,13.821296039710136,0.9474113400777181,0.05258865992228188,0.0,0.0,,
2026-07-17 06:45:00+03:00,15,M,False,,,,,,,
2026-07-17 06:45:00+03:00,15,V,True,12.444029850746269,1.0,0.0,0.0,0.0,,
2026-07-17 06:50:00+03:00,15,A,True,12.80272548633633,0.9863196754455565,0.013680324554443502,0.0,0.0,,
2026-07-17 06:50:00+03:00,15,M,False,,,,,,,
2026-07-17 06:50:00+03:00,15,V,True,12.444029850746269,1.0,0.0,0.0,0.0,,
2026-07-17 06:55:00+03:00,15,A,True,13.05647448885101,0.9766351699829101,0.023364830017089843,0.0,0.0,,
2026-07-17 06:55:00+03:00,15,M,False,,,,,,,
2026-07-17 06:55:00+03:00,15,V,True,12.444029850746269,1.0,0.0,0.0,0.0,,
2026-07-17 07:00:00+03:00,15,A,True,13.044677528874635,0.9770855331420897,0.0229144668579103,0.0,0.0,,
2026-07-17 07:00:00+03:00,15,M,False,,,,,,,
2026-07-17 07:00:00+03:00,15,V,True,12.444029850746269,1.0,0.0,0.0,0.0,,
2026-07-17 07:05:00+03:00,15,A,True,13.173160983154428,0.9721798706054688,0.027820129394531178,0.0,0.0,,
2026-07-17 07:05:00+03:00,15,M,False,,,,,,,
2026-07-17 07:05:00+03:00,15,V,True,12.444029850746269,1.0,0.0,0.0,0.0,,
2026-07-17 07:10:00+03:00,15,A,True,12.444029850746269,1.0,0.0,0.0,0.0,,
2026-07-17 07:10:00+03:00,15,M,False,,,,,,,
2026-07-17 07:10:00+03:00,15,V,True,12.444029850746269,1.0,0.0,0.0,0.0,,
2026-07-17 07:15:00+03:00,15,A,True,12.444029850746269,1.0,0.0,0.0,0.0,,
2026-07-17 07:15:00+03:00,15,M,False,,,,,,,
2026-07-17 07:15:00+03:00,15,V,True,12.444029850746269,1.0,0.0,0.0,0.0,,
2026-07-17 07:20:00+03:00,15,A,True,12.444029850746269,1.0,0.0,0.0,0.0,,
2026-07-17 07:20:00+03:00,15,M,False,,,,,,,
2026-07-17 07:20:00+03:00,15,V,True,12.444029850746269,1.0,0.0,0.0,0.0,,
2026-07-17 07:25:00+03:00,15,A,True,12.444029850746269,1.0,0.0,0.0,0.0,,
2026-07-17 07:25:00+03:00,15,M,False,,,,,,,
2026-07-17 07:25:00+03:00,15,V,True,12.444029850746269,1.0,0.0,0.0,0.0,,
2026-07-17 07:30:00+03:00,15,A,True,12.640220432389874,0.9925188541412353,0.007481145858764649,0.0,0.0,,
2026-07-17 07:30:00+03:00,15,M,False,,,,,,,
2026-07-17 07:30:00+03:00,15,V,True,12.444029850746269,1.0,0.0,0.0,0.0,,
2026-07-17 07:35:00+03:00,15,A,True,12.444029850746269,1.0,0.0,0.0,0.0,,
2026-07-17 07:35:00+03:00,15,M,False,,,,,,,
2026-07-17 07:35:00+03:00,15,V,True,12.444029850746269,1.0,0.0,0.0,0.0,,
2026-07-17 07:40:00+03:00,15,A,True,12.444029850746269,1.0,0.0,0.0,0.0,,
2026-07-17 07:40:00+03:00,15,M,False,,,,,,,
2026-07-17 07:40:00+03:00,15,V,True,12.444029850746269,1.0,0.0,0.0,0.0,,
2026-07-17 07:45:00+03:00,15,A,True,12.444029850746269,1.0,0.0,0.0,0.0,,
2026-07-17 07:45:00+03:00,15,M,False,,,,,,,
2026-07-17 07:45:00+03:00,15,V,True,12.444029850746269,1.0,0.0,0.0,0.0,,
2026-07-17 07:50:00+03:00,15,A,True,12.444029850746269,1.0,0.0,0.0,0.0,,
2026-07-17 07:50:00+03:00,15,M,False,,,,,,,
2026-07-17 07:50:00+03:00,15,V,True,12.444029850746269,1.0,0.0,0.0,0.0,,
2026-07-17 07:55:00+03:00,15,A,True,12.868193240305871,0.9838215891520182,0.016178410847981793,0.0,0.0,,
2026-07-17 07:55:00+03:00,15,M,False,,,,,,,
2026-07-17 07:55:00+03:00,15,V,True,12.444029850746269,1.0,0.0,0.0,0.0,,
2026-07-17 08:00:00+03:00,15,A,True,13.024822361028537,0.9778435007731119,0.022156499226888116,0.0,0.0,,
2026-07-17 08:00:00+03:00,15,M,False,,,,,,,
2026-07-17 08:00:00+03:00,15,V,True,12.444029850746269,1.0,0.0,0.0,0.0,,
2026-07-17 08:05:00+03:00,15,A,True,14.100152194658857,0.9367435677846274,0.06325643221537262,0.0,0.0,,
2026-07-17 08:05:00+03:00,15,M,False,,,,,,,
2026-07-17 08:05:00+03:00,15,V,True,12.444029850746269,1.0,0.0,0.0,0.0,,
2026-07-17 08:10:00+03:00,15,A,True,13.927760974226068,0.9433392747243247,0.05666072527567536,0.0,0.0,,
2026-07-17 08:10:00+03:00,15,M,False,,,,,,,
2026-07-17 08:10:00+03:00,15,V,True,12.444029850746269,1.0,0.0,0.0,0.0,,
2026-07-17 08:15:00+03:00,15,A,True,13.889620993410928,0.9447981643676758,0.05520183563232415,0.0,0.0,,
2026-07-17 08:15:00+03:00,15,M,False,,,,,,,
2026-07-17 08:15:00+03:00,15,V,True,12.444029850746269,1.0,0.0,0.0,0.0,,
2026-07-17 08:20:00+03:00,15,A,True,13.096373729825325,0.975111878712972,0.024888121287028043,0.0,0.0,,
2026-07-17 08:20:00+03:00,15,M,False,,,,,,,
2026-07-17 08:20:00+03:00,15,V,True,12.444029850746269,1.0,0.0,0.0,0.0,,
2026-07-17 08:25:00+03:00,15,A,True,12.630446011107178,0.9928916517893474,0.007108348210652693,0.0,0.0,,
2026-07-17 08:25:00+03:00,15,M,False,,,,,,,
2026-07-17 08:25:00+03:00,15,V,True,12.444029850746269,1.0,0.0,0.0,0.0,,
2026-07-17 08:30:00+03:00,15,A,True,13.078691186257764,0.9757869879404705,0.024213012059529505,0.0,0.0,,
2026-07-17 08:30:00+03:00,15,M,False,,,,,,,
2026-07-17 08:30:00+03:00,15,V,True,12.444029850746269,1.0,0.0,0.0,0.0,,
2026-07-17 08:35:00+03:00,15,A,True,12.803229301143661,0.9863004525502521,0.013699547449747839,0.0,0.0,,
2026-07-17 08:35:00+03:00,15,M,False,,,,,,,
2026-07-17 08:35:00+03:00,15,V,True,12.444029850746269,1.0,0.0,0.0,0.0,,
2026-07-17 08:40:00+03:00,15,A,True,13.66508107480406,0.9533844534556071,0.04661554654439293,0.0,0.0,,
2026-07-17 08:40:00+03:00,15,M,False,,,,,,,
2026-07-17 08:40:00+03:00,15,V,True,12.444029850746269,1.0,0.0,0.0,0.0,,
2026-07-17 08:45:00+03:00,15,A,True,13.512765870443703,0.9592064062754314,0.04079359372456857,0.0,0.0,,
2026-07-17 08:45:00+03:00,15,M,False,,,,,,,
2026-07-17 08:45:00+03:00,15,V,True,12.444029850746269,1.0,0.0,0.0,0.0,,
2026-07-17 08:50:00+03:00,15,A,True,13.83306831881692,0.9469611231486003,0.05303887685139976,0.0,0.0,,
2026-07-17 08:50:00+03:00,15,M,False,,,,,,,
2026-07-17 08:50:00+03:00,15,V,True,12.444029850746269,1.0,0.0,0.0,0.0,,
2026-07-17 08:55:00+03:00,15,A,True,12.444029850746269,1.0,0.0,0.0,0.0,,
2026-07-17 08:55:00+03:00,15,M,False,,,,,,,
2026-07-17 08:55:00+03:00,15,V,True,12.444029850746269,1.0,0.0,0.0,0.0,,
2026-07-17 09:00:00+03:00,15,A,True,12.444029850746269,1.0,0.0,0.0,0.0,,
2026-07-17 09:00:00+03:00,15,M,False,,,,,,,
2026-07-17 09:00:00+03:00,15,V,True,12.444029850746269,1.0,0.0,0.0,0.0,,
2026-07-17 09:05:00+03:00,15,A,True,12.444029850746269,1.0,0.0,0.0,0.0,,
2026-07-17 09:05:00+03:00,15,M,False,,,,,,,
2026-07-17 09:05:00+03:00,15,V,True,12.444029850746269,1.0,0.0,0.0,0.0,,
2026-07-17 09:10:00+03:00,15,A,True,12.444029850746269,1.0,0.0,0.0,0.0,,
2026-07-17 09:10:00+03:00,15,M,False,,,,,,,
2026-07-17 09:10:00+03:00,15,V,True,12.444029850746269,1.0,0.0,0.0,0.0,,
2026-07-17 09:15:00+03:00,15,A,True,12.444029850746269,1.0,0.0,0.0,0.0,,
2026-07-17 09:15:00+03:00,15,M,False,,,,,,,
2026-07-17 09:15:00+03:00,15,V,True,12.444029850746269,1.0,0.0,0.0,0.0,,
2026-07-17 09:20:00+03:00,15,A,True,12.444029850746269,1.0,0.0,0.0,0.0,,
2026-07-17 09:20:00+03:00,15,M,False,,,,,,,
2026-07-17 09:20:00+03:00,15,V,True,12.444029850746269,1.0,0.0,0.0,0.0,,
2026-07-17 09:25:00+03:00,15,A,True,12.444029850746269,1.0,0.0,0.0,0.0,,
2026-07-17 09:25:00+03:00,15,M,False,,,,,,,
2026-07-17 09:25:00+03:00,15,V,True,12.444029850746269,1.0,0.0,0.0,0.0,,
2026-07-17 09:30:00+03:00,15,A,True,12.444029850746269,1.0,0.0,0.0,0.0,,
2026-07-17 09:30:00+03:00,15,M,False,,,,,,,
2026-07-17 09:30:00+03:00,15,V,True,12.444029850746269,1.0,0.0,0.0,0.0,,
2026-07-17 09:35:00+03:00,15,A,True,12.444029850746269,1.0,0.0,0.0,0.0,,
2026-07-17 09:35:00+03:00,15,M,False,,,,,,,
2026-07-17 09:35:00+03:00,15,V,True,12.444029850746269,1.0,0.0,0.0,0.0,,
2026-07-17 09:40:00+03:00,15,A,True,12.444029850746269,1.0,0.0,0.0,0.0,,
2026-07-17 09:40:00+03:00,15,M,False,,,,,,,
2026-07-17 09:40:00+03:00,15,V,True,12.444029850746269,1.0,0.0,0.0,0.0,,
2026-07-17 09:45:00+03:00,15,A,True,12.444029850746269,1.0,0.0,0.0,0.0,,
2026-07-17 09:45:00+03:00,15,M,False,,,,,,,
2026-07-17 09:45:00+03:00,15,V,True,12.444029850746269,1.0,0.0,0.0,0.0,,
2026-07-17 09:50:00+03:00,15,A,True,12.444029850746269,1.0,0.0,0.0,0.0,,
2026-07-17 09:50:00+03:00,15,M,False,,,,,,,
2026-07-17 09:50:00+03:00,15,V,True,12.444029850746269,1.0,0.0,0.0,0.0,,
2026-07-17 09:55:00+03:00,15,A,True,12.444029850746269,1.0,0.0,0.0,0.0,,
2026-07-17 09:55:00+03:00,15,M,False,,,,,,,
2026-07-17 09:55:00+03:00,15,V,True,12.444029850746269,1.0,0.0,0.0,0.0,,
2026-07-17 10:00:00+03:00,15,A,True,12.444029850746269,1.0,0.0,0.0,0.0,,
2026-07-17 10:00:00+03:00,15,M,False,,,,,,,
2026-07-17 10:00:00+03:00,15,V,True,12.444029850746269,1.0,0.0,0.0,0.0,,
2026-07-17 10:05:00+03:00,15,A,True,12.444029850746269,1.0,0.0,0.0,0.0,,
2026-07-17 10:05:00+03:00,15,M,False,,,,,,,
2026-07-17 10:05:00+03:00,15,V,True,12.444029850746269,1.0,0.0,0.0,0.0,,
2026-07-17 10:10:00+03:00,15,A,True,12.444029850746269,1.0,0.0,0.0,0.0,,
2026-07-17 10:10:00+03:00,15,M,False,,,,,,,
2026-07-17 10:10:00+03:00,15,V,True,12.444029850746269,1.0,0.0,0.0,0.0,,
2026-07-17 10:15:00+03:00,15,A,True,12.444029850746269,1.0,0.0,0.0,0.0,,
2026-07-17 10:15:00+03:00,15,M,False,,,,,,,
2026-07-17 10:15:00+03:00,15,V,True,12.444029850746269,1.0,0.0,0.0,0.0,,
2026-07-17 10:20:00+03:00,15,A,True,12.444029850746269,1.0,0.0,0.0,0.0,,
2026-07-17 10:20:00+03:00,15,M,False,,,,,,,
2026-07-17 10:20:00+03:00,15,V,True,12.444029850746269,1.0,0.0,0.0,0.0,,
2026-07-17 10:25:00+03:00,15,A,True,12.444029850746269,1.0,0.0,0.0,0.0,,
2026-07-17 10:25:00+03:00,15,M,False,,,,,,,
2026-07-17 10:25:00+03:00,15,V,True,12.444029850746269,1.0,0.0,0.0,0.0,,
2026-07-17 10:30:00+03:00,15,A,True,12.444029850746269,1.0,0.0,0.0,0.0,,
2026-07-17 10:30:00+03:00,15,M,False,,,,,,,
2026-07-17 10:30:00+03:00,15,V,True,12.444029850746269,1.0,0.0,0.0,0.0,,
2026-07-17 10:35:00+03:00,15,A,True,12.444029850746269,1.0,0.0,0.0,0.0,,
2026-07-17 10:35:00+03:00,15,M,False,,,,,,,
2026-07-17 10:35:00+03:00,15,V,True,12.444029850746269,1.0,0.0,0.0,0.0,,
2026-07-17 10:40:00+03:00,15,A,True,12.444029850746269,1.0,0.0,0.0,0.0,,
2026-07-17 10:40:00+03:00,15,M,False,,,,,,,
2026-07-17 10:40:00+03:00,15,V,True,12.444029850746269,1.0,0.0,0.0,0.0,,
2026-07-17 10:45:00+03:00,15,A,True,12.444029850746269,1.0,0.0,0.0,0.0,,
2026-07-17 10:45:00+03:00,15,M,False,,,,,,,
2026-07-17 10:45:00+03:00,15,V,True,12.444029850746269,1.0,0.0,0.0,0.0,,
2026-07-17 10:50:00+03:00,15,A,True,12.444029850746269,1.0,0.0,0.0,0.0,,
2026-07-17 10:50:00+03:00,15,M,False,,,,,,,
2026-07-17 10:50:00+03:00,15,V,True,12.444029850746269,1.0,0.0,0.0,0.0,,
2026-07-17 10:55:00+03:00,15,A,True,12.444029850746269,1.0,0.0,0.0,0.0,,
2026-07-17 10:55:00+03:00,15,M,False,,,,,,,
2026-07-17 10:55:00+03:00,15,V,True,12.444029850746269,1.0,0.0,0.0,0.0,,
2026-07-17 11:00:00+03:00,15,A,True,12.444029850746269,1.0,0.0,0.0,0.0,,
2026-07-17 11:00:00+03:00,15,M,False,,,,,,,
2026-07-17 11:00:00+03:00,15,V,True,12.444029850746269,1.0,0.0,0.0,0.0,,
2026-07-17 11:05:00+03:00,15,A,True,12.444029850746269,1.0,0.0,0.0,0.0,,
2026-07-17 11:05:00+03:00,15,M,False,,,,,,,
2026-07-17 11:05:00+03:00,15,V,True,12.444029850746269,1.0,0.0,0.0,0.0,,
2026-07-17 11:10:00+03:00,15,A,True,12.444029850746269,1.0,0.0,0.0,0.0,,
2026-07-17 11:10:00+03:00,15,M,False,,,,,,,
2026-07-17 11:10:00+03:00,15,V,True,12.444029850746269,1.0,0.0,0.0,0.0,,
2026-07-17 11:15:00+03:00,15,A,True,12.444029850746269,1.0,0.0,0.0,0.0,,
2026-07-17 11:15:00+03:00,15,M,False,,,,,,,
2026-07-17 11:15:00+03:00,15,V,True,12.444029850746269,1.0,0.0,0.0,0.0,,
2026-07-17 11:20:00+03:00,15,A,True,12.444029850746269,1.0,0.0,0.0,0.0,,
2026-07-17 11:20:00+03:00,15,M,False,,,,,,,
2026-07-17 11:20:00+03:00,15,V,True,12.444029850746269,1.0,0.0,0.0,0.0,,
2026-07-17 11:25:00+03:00,15,A,True,12.444029850746269,1.0,0.0,0.0,0.0,,
2026-07-17 11:25:00+03:00,15,M,False,,,,,,,
2026-07-17 11:25:00+03:00,15,V,True,12.444029850746269,1.0,0.0,0.0,0.0,,
2026-07-17 11:30:00+03:00,15,A,True,12.444029850746269,1.0,0.0,0.0,0.0,,
2026-07-17 11:30:00+03:00,15,M,False,,,,,,,
2026-07-17 11:30:00+03:00,15,V,True,12.444029850746269,1.0,0.0,0.0,0.0,,
2026-07-17 11:35:00+03:00,15,A,True,12.444029850746269,1.0,0.0,0.0,0.0,,
2026-07-17 11:35:00+03:00,15,M,False,,,,,,,
2026-07-17 11:35:00+03:00,15,V,True,12.444029850746269,1.0,0.0,0.0,0.0,,
2026-07-17 11:40:00+03:00,15,A,True,12.444029850746269,1.0,0.0,0.0,0.0,,
2026-07-17 11:40:00+03:00,15,M,False,,,,,,,
2026-07-17 11:40:00+03:00,15,V,True,12.444029850746269,1.0,0.0,0.0,0.0,,
2026-07-17 11:45:00+03:00,15,A,True,15.060029088232472,0.8999711100260417,0.10002888997395835,0.0,0.0,,
2026-07-17 11:45:00+03:00,15,M,False,,,,,,,
2026-07-17 11:45:00+03:00,15,V,True,37.5,0.0,1.0,0.0,0.0,,
2026-07-17 11:50:00+03:00,15,A,True,19.002894495002113,0.7465474065144857,0.2534525934855143,0.0,0.0,,
2026-07-17 11:50:00+03:00,15,M,False,,,,,,,
2026-07-17 11:50:00+03:00,15,V,True,37.5,0.0,1.0,0.0,0.0,,
2026-07-17 11:55:00+03:00,15,A,True,19.455962362507865,0.7286167685190836,0.27138323148091636,0.0,0.0,,
2026-07-17 11:55:00+03:00,15,M,False,,,,,,,
2026-07-17 11:55:00+03:00,15,V,True,37.5,0.0,1.0,0.0,0.0,,
2026-07-17 12:00:00+03:00,15,A,True,13.194683613866701,0.971357968648275,0.028642031351725095,0.0,0.0,,
2026-07-17 12:00:00+03:00,15,M,False,,,,,,,
2026-07-17 12:00:00+03:00,15,V,True,37.5,0.0,1.0,0.0,0.0,,
2026-07-17 12:05:00+03:00,15,A,True,12.444029850746269,1.0,0.0,0.0,0.0,,
2026-07-17 12:05:00+03:00,15,M,False,,,,,,,
2026-07-17 12:05:00+03:00,15,V,True,21.044100626001274,0.665714285714286,0.33428571428571396,0.0,0.0,,
2026-07-17 12:10:00+03:00,15,A,True,12.444029850746269,1.0,0.0,0.0,0.0,,
2026-07-17 12:10:00+03:00,15,M,False,,,,,,,
2026-07-17 12:10:00+03:00,15,V,True,12.444029850746269,1.0,0.0,0.0,0.0,,
2026-07-17 12:15:00+03:00,15,A,True,12.444029850746269,1.0,0.0,0.0,0.0,,
2026-07-17 12:15:00+03:00,15,M,False,,,,,,,
2026-07-17 12:15:00+03:00,15,V,True,12.444029850746269,1.0,0.0,0.0,0.0,,
2026-07-17 12:20:00+03:00,15,A,True,12.444029850746269,1.0,0.0,0.0,0.0,,
2026-07-17 12:20:00+03:00,15,M,False,,,,,,,
2026-07-17 12:20:00+03:00,15,V,True,12.444029850746269,1.0,0.0,0.0,0.0,,
2026-07-17 12:25:00+03:00,15,A,True,12.444029850746269,1.0,0.0,0.0,0.0,,
2026-07-17 12:25:00+03:00,15,M,False,,,,,,,
2026-07-17 12:25:00+03:00,15,V,True,12.444029850746269,1.0,0.0,0.0,0.0,,
2026-07-17 12:30:00+03:00,15,A,True,12.444029850746269,1.0,0.0,0.0,0.0,,
2026-07-17 12:30:00+03:00,15,M,False,,,,,,,
2026-07-17 12:30:00+03:00,15,V,True,12.444029850746269,1.0,0.0,0.0,0.0,,
2026-07-17 12:35:00+03:00,15,A,True,12.444029850746269,1.0,0.0,0.0,0.0,,
2026-07-17 12:35:00+03:00,15,M,False,,,,,,,
2026-07-17 12:35:00+03:00,15,V,True,12.444029850746269,1.0,0.0,0.0,0.0,,
2026-07-17 12:40:00+03:00,15,A,True,12.444029850746269,1.0,0.0,0.0,0.0,,
2026-07-17 12:40:00+03:00,15,M,False,,,,,,,
2026-07-17 12:40:00+03:00,15,V,True,12.444029850746269,1.0,0.0,0.0,0.0,,
2026-07-17 12:45:00+03:00,15,A,True,12.444029850746269,1.0,0.0,0.0,0.0,,
2026-07-17 12:45:00+03:00,15,M,False,,,,,,,
2026-07-17 12:45:00+03:00,15,V,True,12.444029850746269,1.0,0.0,0.0,0.0,,
2026-07-17 12:50:00+03:00,15,A,True,12.444029850746269,1.0,0.0,0.0,0.0,,
2026-07-17 12:50:00+03:00,15,M,False,,,,,,,
2026-07-17 12:50:00+03:00,15,V,True,12.444029850746269,1.0,0.0,0.0,0.0,,
2026-07-17 12:55:00+03:00,15,A,True,12.444029850746269,1.0,0.0,0.0,0.0,,
2026-07-17 12:55:00+03:00,15,M,False,,,,,,,
2026-07-17 12:55:00+03:00,15,V,True,12.444029850746269,1.0,0.0,0.0,0.0,,
2026-07-17 13:00:00+03:00,15,A,True,12.444029850746269,1.0,0.0,0.0,0.0,,
2026-07-17 13:00:00+03:00,15,M,False,,,,,,,
2026-07-17 13:00:00+03:00,15,V,True,12.444029850746269,1.0,0.0,0.0,0.0,,
2026-07-17 13:05:00+03:00,15,A,True,12.444029850746269,1.0,0.0,0.0,0.0,,
2026-07-17 13:05:00+03:00,15,M,False,,,,,,,
2026-07-17 13:05:00+03:00,15,V,True,12.444029850746269,1.0,0.0,0.0,0.0,,
2026-07-17 13:10:00+03:00,15,A,True,12.444029850746269,1.0,0.0,0.0,0.0,,
2026-07-17 13:10:00+03:00,15,M,False,,,,,,,
2026-07-17 13:10:00+03:00,15,V,True,12.444029850746269,1.0,0.0,0.0,0.0,,
2026-07-17 13:15:00+03:00,15,A,True,12.444029850746269,1.0,0.0,0.0,0.0,,
2026-07-17 13:15:00+03:00,15,M,False,,,,,,,
2026-07-17 13:15:00+03:00,15,V,True,12.444029850746269,1.0,0.0,0.0,0.0,,
2026-07-17 13:20:00+03:00,15,A,True,12.444029850746269,1.0,0.0,0.0,0.0,,
2026-07-17 13:20:00+03:00,15,M,False,,,,,,,
2026-07-17 13:20:00+03:00,15,V,True,12.444029850746269,1.0,0.0,0.0,0.0,,
2026-07-17 13:25:00+03:00,15,A,True,12.444029850746269,1.0,0.0,0.0,0.0,,
2026-07-17 13:25:00+03:00,15,M,False,,,,,,,
2026-07-17 13:25:00+03:00,15,V,True,12.444029850746269,1.0,0.0,0.0,0.0,,
2026-07-17 13:30:00+03:00,15,A,True,12.444029850746269,1.0,0.0,0.0,0.0,,
2026-07-17 13:30:00+03:00,15,M,False,,,,,,,
2026-07-17 13:30:00+03:00,15,V,True,12.444029850746269,1.0,0.0,0.0,0.0,,
2026-07-17 13:35:00+03:00,15,A,True,12.444029850746269,1.0,0.0,0.0,0.0,,
2026-07-17 13:35:00+03:00,15,M,False,,,,,,,
2026-07-17 13:35:00+03:00,15,V,True,12.444029850746269,1.0,0.0,0.0,0.0,,
2026-07-17 13:40:00+03:00,15,A,True,12.444029850746269,1.0,0.0,0.0,0.0,,
2026-07-17 13:40:00+03:00,15,M,False,,,,,,,
2026-07-17 13:40:00+03:00,15,V,True,12.444029850746269,1.0,0.0,0.0,0.0,,
2026-07-17 13:45:00+03:00,15,A,True,12.444029850746269,1.0,0.0,0.0,0.0,,
2026-07-17 13:45:00+03:00,15,M,False,,,,,,,
2026-07-17 13:45:00+03:00,15,V,True,12.444029850746269,1.0,0.0,0.0,0.0,,
2026-07-17 13:50:00+03:00,15,A,True,12.444029850746269,1.0,0.0,0.0,0.0,,
2026-07-17 13:50:00+03:00,15,M,False,,,,,,,
2026-07-17 13:50:00+03:00,15,V,True,12.444029850746269,1.0,0.0,0.0,0.0,,
2026-07-17 13:55:00+03:00,15,A,True,12.444029850746269,1.0,0.0,0.0,0.0,,
2026-07-17 13:55:00+03:00,15,M,False,,,,,,,
2026-07-17 13:55:00+03:00,15,V,True,12.444029850746269,1.0,0.0,0.0,0.0,,
2026-07-17 14:00:00+03:00,15,A,True,12.444029850746269,1.0,0.0,0.0,0.0,,
2026-07-17 14:00:00+03:00,15,M,False,,,,,,,
2026-07-17 14:00:00+03:00,15,V,True,12.444029850746269,1.0,0.0,0.0,0.0,,
2026-07-17 14:05:00+03:00,15,A,True,12.444029850746269,1.0,0.0,0.0,0.0,,
2026-07-17 14:05:00+03:00,15,M,False,,,,,,,
2026-07-17 14:05:00+03:00,15,V,True,12.444029850746269,1.0,0.0,0.0,0.0,,
2026-07-17 14:10:00+03:00,15,A,True,12.444029850746269,1.0,0.0,0.0,0.0,,
2026-07-17 14:10:00+03:00,15,M,False,,,,,,,
2026-07-17 14:10:00+03:00,15,V,True,12.444029850746269,1.0,0.0,0.0,0.0,,
2026-07-17 14:15:00+03:00,15,A,True,12.444029850746269,1.0,0.0,0.0,0.0,,
2026-07-17 14:15:00+03:00,15,M,False,,,,,,,
2026-07-17 14:15:00+03:00,15,V,True,12.444029850746269,1.0,0.0,0.0,0.0,,
2026-07-17 14:20:00+03:00,15,A,True,12.444029850746269,1.0,0.0,0.0,0.0,,
2026-07-17 14:20:00+03:00,15,M,False,,,,,,,
2026-07-17 14:20:00+03:00,15,V,True,12.444029850746269,1.0,0.0,0.0,0.0,,
2026-07-17 14:25:00+03:00,15,A,True,12.444029850746269,1.0,0.0,0.0,0.0,,
2026-07-17 14:25:00+03:00,15,M,False,,,,,,,
2026-07-17 14:25:00+03:00,15,V,True,12.444029850746269,1.0,0.0,0.0,0.0,,
2026-07-17 14:30:00+03:00,15,A,True,12.444029850746269,1.0,0.0,0.0,0.0,,
2026-07-17 14:30:00+03:00,15,M,False,,,,,,,
2026-07-17 14:30:00+03:00,15,V,True,12.444029850746269,1.0,0.0,0.0,0.0,,
2026-07-17 14:35:00+03:00,15,A,True,12.444029850746269,1.0,0.0,0.0,0.0,,
2026-07-17 14:35:00+03:00,15,M,False,,,,,,,
2026-07-17 14:35:00+03:00,15,V,True,12.444029850746269,1.0,0.0,0.0,0.0,,
2026-07-17 14:40:00+03:00,15,A,True,12.444029850746269,1.0,0.0,0.0,0.0,,
2026-07-17 14:40:00+03:00,15,M,False,,,,,,,
2026-07-17 14:40:00+03:00,15,V,True,12.444029850746269,1.0,0.0,0.0,0.0,,
2026-07-17 14:45:00+03:00,15,A,True,12.444029850746269,1.0,0.0,0.0,0.0,,
2026-07-17 14:45:00+03:00,15,M,False,,,,,,,
2026-07-17 14:45:00+03:00,15,V,True,12.444029850746269,1.0,0.0,0.0,0.0,,
2026-07-17 14:50:00+03:00,15,A,True,12.444029850746269,1.0,0.0,0.0,0.0,,
2026-07-17 14:50:00+03:00,15,M,False,,,,,,,
2026-07-17 14:50:00+03:00,15,V,True,12.444029850746269,1.0,0.0,0.0,0.0,,
2026-07-17 14:55:00+03:00,15,A,True,12.444029850746269,1.0,0.0,0.0,0.0,,
2026-07-17 14:55:00+03:00,15,M,False,,,,,,,
2026-07-17 14:55:00+03:00,15,V,True,12.444029850746269,1.0,0.0,0.0,0.0,,
2026-07-17 15:00:00+03:00,15,A,True,12.444029850746269,1.0,0.0,0.0,0.0,,
2026-07-17 15:00:00+03:00,15,M,False,,,,,,,
2026-07-17 15:00:00+03:00,15,V,True,12.444029850746269,1.0,0.0,0.0,0.0,,
2026-07-17 15:05:00+03:00,15,A,True,12.444029850746269,1.0,0.0,0.0,0.0,,
2026-07-17 15:05:00+03:00,15,M,False,,,,,,,
2026-07-17 15:05:00+03:00,15,V,True,12.444029850746269,1.0,0.0,0.0,0.0,,
2026-07-17 15:10:00+03:00,15,A,True,12.444029850746269,1.0,0.0,0.0,0.0,,
2026-07-17 15:10:00+03:00,15,M,False,,,,,,,
2026-07-17 15:10:00+03:00,15,V,True,12.444029850746269,1.0,0.0,0.0,0.0,,
2026-07-17 15:15:00+03:00,15,A,True,12.444029850746269,1.0,0.0,0.0,0.0,,
2026-07-17 15:15:00+03:00,15,M,False,,,,,,,
2026-07-17 15:15:00+03:00,15,V,True,12.444029850746269,1.0,0.0,0.0,0.0,,
2026-07-17 15:20:00+03:00,15,A,True,12.444029850746269,1.0,0.0,0.0,0.0,,
2026-07-17 15:20:00+03:00,15,M,False,,,,,,,
2026-07-17 15:20:00+03:00,15,V,True,12.444029850746269,1.0,0.0,0.0,0.0,,
2026-07-17 15:25:00+03:00,15,A,True,12.444029850746269,1.0,0.0,0.0,0.0,,
2026-07-17 15:25:00+03:00,15,M,False,,,,,,,
2026-07-17 15:25:00+03:00,15,V,True,12.444029850746269,1.0,0.0,0.0,0.0,,
2026-07-17 15:30:00+03:00,15,A,True,12.444029850746269,1.0,0.0,0.0,0.0,,
2026-07-17 15:30:00+03:00,15,M,False,,,,,,,
2026-07-17 15:30:00+03:00,15,V,True,12.444029850746269,1.0,0.0,0.0,0.0,,
2026-07-17 15:35:00+03:00,15,A,True,12.444029850746269,1.0,0.0,0.0,0.0,,
2026-07-17 15:35:00+03:00,15,M,False,,,,,,,
2026-07-17 15:35:00+03:00,15,V,True,12.444029850746269,1.0,0.0,0.0,0.0,,
2026-07-17 15:40:00+03:00,15,A,True,12.444029850746269,1.0,0.0,0.0,0.0,,
2026-07-17 15:40:00+03:00,15,M,False,,,,,,,
2026-07-17 15:40:00+03:00,15,V,True,12.444029850746269,1.0,0.0,0.0,0.0,,
2026-07-17 15:45:00+03:00,15,A,True,12.444029850746269,1.0,0.0,0.0,0.0,,
2026-07-17 15:45:00+03:00,15,M,False,,,,,,,
2026-07-17 15:45:00+03:00,15,V,True,12.444029850746269,1.0,0.0,0.0,0.0,,
2026-07-17 15:50:00+03:00,15,A,True,12.521410280195981,0.9970497258504232,0.00295027414957687,0.0,0.0,,
2026-07-17 15:50:00+03:00,15,M,False,,,,,,,
2026-07-17 15:50:00+03:00,15,V,True,12.444029850746269,1.0,0.0,0.0,0.0,,
2026-07-17 15:55:00+03:00,15,A,True,13.161595259103663,0.9726215235392253,0.02737847646077469,0.0,0.0,,
2026-07-17 15:55:00+03:00,15,M,False,,,,,,,
2026-07-17 15:55:00+03:00,15,V,True,12.444029850746269,1.0,0.0,0.0,0.0,,
2026-07-17 16:00:00+03:00,15,A,True,13.716961168282504,0.9514009761810304,0.048599023818969654,0.0,0.0,,
2026-07-17 16:00:00+03:00,15,M,False,,,,,,,
2026-07-17 16:00:00+03:00,15,V,True,12.444029850746269,1.0,0.0,0.0,0.0,,
2026-07-17 16:05:00+03:00,15,A,True,13.268782392095183,0.9685279909769694,0.03147200902303062,0.0,0.0,,
2026-07-17 16:05:00+03:00,15,M,False,,,,,,,
2026-07-17 16:05:00+03:00,15,V,True,12.444029850746269,1.0,0.0,0.0,0.0,,
2026-07-17 16:10:00+03:00,15,A,True,13.152059626067198,0.9729856459299722,0.027014354070027835,0.0,0.0,,
2026-07-17 16:10:00+03:00,15,M,False,,,,,,,
2026-07-17 16:10:00+03:00,15,V,True,12.444029850746269,1.0,0.0,0.0,0.0,,
2026-07-17 16:15:00+03:00,15,A,True,13.608079136380859,0.9555634784698487,0.0444365215301513,0.0,0.0,,
2026-07-17 16:15:00+03:00,15,M,False,,,,,,,
2026-07-17 16:15:00+03:00,15,V,True,12.444029850746269,1.0,0.0,0.0,0.0,,
2026-07-17 16:20:00+03:00,15,A,True,13.879032009845607,0.9452031803131102,0.05479681968688972,0.0,0.0,,
2026-07-17 16:20:00+03:00,15,M,False,,,,,,,
2026-07-17 16:20:00+03:00,15,V,True,12.444029850746269,1.0,0.0,0.0,0.0,,
2026-07-17 16:25:00+03:00,15,A,True,12.921700380057443,0.9817796134948729,0.018220386505127095,0.0,0.0,,
2026-07-17 16:25:00+03:00,15,M,False,,,,,,,
2026-07-17 16:25:00+03:00,15,V,True,12.444029850746269,1.0,0.0,0.0,0.0,,
2026-07-17 16:30:00+03:00,15,A,True,12.444029850746269,1.0,0.0,0.0,0.0,,
2026-07-17 16:30:00+03:00,15,M,False,,,,,,,
2026-07-17 16:30:00+03:00,15,V,True,12.444029850746269,1.0,0.0,0.0,0.0,,
2026-07-17 16:35:00+03:00,15,A,True,12.444029850746269,1.0,0.0,0.0,0.0,,
2026-07-17 16:35:00+03:00,15,M,False,,,,,,,
2026-07-17 16:35:00+03:00,15,V,True,12.444029850746269,1.0,0.0,0.0,0.0,,
2026-07-17 16:40:00+03:00,15,A,True,12.444029850746269,1.0,0.0,0.0,0.0,,
2026-07-17 16:40:00+03:00,15,M,False,,,,,,,
2026-07-17 16:40:00+03:00,15,V,True,12.444029850746269,1.0,0.0,0.0,0.0,,
2026-07-17 16:45:00+03:00,15,A,True,12.444029850746269,1.0,0.0,0.0,0.0,,
2026-07-17 16:45:00+03:00,15,M,False,,,,,,,
2026-07-17 16:45:00+03:00,15,V,True,12.444029850746269,1.0,0.0,0.0,0.0,,
2026-07-17 16:50:00+03:00,15,A,True,12.444029850746269,1.0,0.0,0.0,0.0,,
2026-07-17 16:50:00+03:00,15,M,False,,,,,,,
2026-07-17 16:50:00+03:00,15,V,True,12.444029850746269,1.0,0.0,0.0,0.0,,
2026-07-17 16:55:00+03:00,15,A,True,12.444029850746269,1.0,0.0,0.0,0.0,,
2026-07-17 16:55:00+03:00,15,M,False,,,,,,,
2026-07-17 16:55:00+03:00,15,V,True,12.444029850746269,1.0,0.0,0.0,0.0,,
2026-07-17 17:00:00+03:00,15,A,True,12.444029850746269,1.0,0.0,0.0,0.0,,
2026-07-17 17:00:00+03:00,15,M,False,,,,,,,
2026-07-17 17:00:00+03:00,15,V,True,12.444029850746269,1.0,0.0,0.0,0.0,,
2026-07-17 17:05:00+03:00,15,A,True,12.444029850746269,1.0,0.0,0.0,0.0,,
2026-07-17 17:05:00+03:00,15,M,False,,,,,,,
2026-07-17 17:05:00+03:00,15,V,True,12.444029850746269,1.0,0.0,0.0,0.0,,
2026-07-17 17:10:00+03:00,15,A,True,12.444029850746269,1.0,0.0,0.0,0.0,,
2026-07-17 17:10:00+03:00,15,M,False,,,,,,,
2026-07-17 17:10:00+03:00,15,V,True,12.444029850746269,1.0,0.0,0.0,0.0,,
2026-07-17 17:15:00+03:00,15,A,True,12.444029850746269,1.0,0.0,0.0,0.0,,
2026-07-17 17:15:00+03:00,15,M,False,,,,,,,
2026-07-17 17:15:00+03:00,15,V,True,12.444029850746269,1.0,0.0,0.0,0.0,,
2026-07-17 17:20:00+03:00,15,A,True,12.444029850746269,1.0,0.0,0.0,0.0,,
2026-07-17 17:20:00+03:00,15,M,False,,,,,,,
2026-07-17 17:20:00+03:00,15,V,True,12.444029850746269,1.0,0.0,0.0,0.0,,
2026-07-17 17:25:00+03:00,15,A,True,12.444029850746269,1.0,0.0,0.0,0.0,,
2026-07-17 17:25:00+03:00,15,M,False,,,,,,,
2026-07-17 17:25:00+03:00,15,V,True,12.444029850746269,1.0,0.0,0.0,0.0,,
2026-07-17 17:30:00+03:00,15,A,True,12.444029850746269,1.0,0.0,0.0,0.0,,
2026-07-17 17:30:00+03:00,15,M,False,,,,,,,
2026-07-17 17:30:00+03:00,15,V,True,12.444029850746269,1.0,0.0,0.0,0.0,,
2026-07-17 17:35:00+03:00,15,A,True,12.444029850746269,1.0,0.0,0.0,0.0,,
2026-07-17 17:35:00+03:00,15,M,False,,,,,,,
2026-07-17 17:35:00+03:00,15,V,True,12.444029850746269,1.0,0.0,0.0,0.0,,
2026-07-17 17:40:00+03:00,15,A,True,12.444029850746269,1.0,0.0,0.0,0.0,,
2026-07-17 17:40:00+03:00,15,M,False,,,,,,,
2026-07-17 17:40:00+03:00,15,V,True,12.444029850746269,1.0,0.0,0.0,0.0,,
2026-07-17 17:45:00+03:00,15,A,True,12.444029850746269,1.0,0.0,0.0,0.0,,
2026-07-17 17:45:00+03:00,15,M,False,,,,,,,
2026-07-17 17:45:00+03:00,15,V,True,12.444029850746269,1.0,0.0,0.0,0.0,,
2026-07-17 17:50:00+03:00,15,A,True,12.444029850746269,1.0,0.0,0.0,0.0,,
2026-07-17 17:50:00+03:00,15,M,False,,,,,,,
2026-07-17 17:50:00+03:00,15,V,True,12.444029850746269,1.0,0.0,0.0,0.0,,
2026-07-17 17:55:00+03:00,15,A,True,12.444029850746269,1.0,0.0,0.0,0.0,,
2026-07-17 17:55:00+03:00,15,M,False,,,,,,,
2026-07-17 17:55:00+03:00,15,V,True,12.444029850746269,1.0,0.0,0.0,0.0,,
2026-07-17 18:00:00+03:00,15,A,True,12.444029850746269,1.0,0.0,0.0,0.0,,
2026-07-17 18:00:00+03:00,15,M,False,,,,,,,
2026-07-17 18:00:00+03:00,15,V,True,12.444029850746269,1.0,0.0,0.0,0.0,,
2026-07-17 18:05:00+03:00,15,A,True,12.444029850746269,1.0,0.0,0.0,0.0,,
2026-07-17 18:05:00+03:00,15,M,False,,,,,,,
2026-07-17 18:05:00+03:00,15,V,True,12.444029850746269,1.0,0.0,0.0,0.0,,
2026-07-17 18:10:00+03:00,15,A,True,12.444029850746269,1.0,0.0,0.0,0.0,,
2026-07-17 18:10:00+03:00,15,M,False,,,,,,,
2026-07-17 18:10:00+03:00,15,V,True,12.444029850746269,1.0,0.0,0.0,0.0,,
2026-07-17 18:15:00+03:00,15,A,True,12.444029850746269,1.0,0.0,0.0,0.0,,
2026-07-17 18:15:00+03:00,15,M,False,,,,,,,
2026-07-17 18:15:00+03:00,15,V,True,12.444029850746269,1.0,0.0,0.0,0.0,,
2026-07-17 18:20:00+03:00,15,A,True,12.444029850746269,1.0,0.0,0.0,0.0,,
2026-07-17 18:20:00+03:00,15,M,False,,,,,,,
2026-07-17 18:20:00+03:00,15,V,True,12.444029850746269,1.0,0.0,0.0,0.0,,
2026-07-17 18:25:00+03:00,15,A,True,12.444029850746269,1.0,0.0,0.0,0.0,,
2026-07-17 18:25:00+03:00,15,M,False,,,,,,,
2026-07-17 18:25:00+03:00,15,V,True,12.444029850746269,1.0,0.0,0.0,0.0,,
2026-07-17 18:30:00+03:00,15,A,True,12.444029850746269,1.0,0.0,0.0,0.0,,
2026-07-17 18:30:00+03:00,15,M,False,,,,,,,
2026-07-17 18:30:00+03:00,15,V,True,12.444029850746269,1.0,0.0,0.0,0.0,,
2026-07-17 18:35:00+03:00,15,A,True,12.444029850746269,1.0,0.0,0.0,0.0,,
2026-07-17 18:35:00+03:00,15,M,False,,,,,,,
2026-07-17 18:35:00+03:00,15,V,True,12.444029850746269,1.0,0.0,0.0,0.0,,
2026-07-17 18:40:00+03:00,15,A,True,12.444029850746269,1.0,0.0,0.0,0.0,,
2026-07-17 18:40:00+03:00,15,M,False,,,,,,,
2026-07-17 18:40:00+03:00,15,V,True,12.444029850746269,1.0,0.0,0.0,0.0,,
2026-07-17 18:45:00+03:00,15,A,True,12.444029850746269,1.0,0.0,0.0,0.0,,
2026-07-17 18:45:00+03:00,15,M,False,,,,,,,
2026-07-17 18:45:00+03:00,15,V,True,12.444029850746269,1.0,0.0,0.0,0.0,,
2026-07-17 18:50:00+03:00,15,A,True,12.444029850746269,1.0,0.0,0.0,0.0,,
2026-07-17 18:50:00+03:00,15,M,False,,,,,,,
2026-07-17 18:50:00+03:00,15,V,True,12.444029850746269,1.0,0.0,0.0,0.0,,
2026-07-17 18:55:00+03:00,15,A,True,12.444029850746269,1.0,0.0,0.0,0.0,,
2026-07-17 18:55:00+03:00,15,M,False,,,,,,,
2026-07-17 18:55:00+03:00,15,V,True,12.444029850746269,1.0,0.0,0.0,0.0,,
2026-07-17 19:00:00+03:00,15,A,True,12.444029850746269,1.0,0.0,0.0,0.0,,
2026-07-17 19:00:00+03:00,15,M,False,,,,,,,
2026-07-17 19:00:00+03:00,15,V,True,12.444029850746269,1.0,0.0,0.0,0.0,,
2026-07-17 19:05:00+03:00,15,A,True,12.444029850746269,1.0,0.0,0.0,0.0,,
2026-07-17 19:05:00+03:00,15,M,False,,,,,,,
2026-07-17 19:05:00+03:00,15,V,True,12.444029850746269,1.0,0.0,0.0,0.0,,
2026-07-17 19:10:00+03:00,15,A,True,12.444029850746269,1.0,0.0,0.0,0.0,,
2026-07-17 19:10:00+03:00,15,M,False,,,,,,,
2026-07-17 19:10:00+03:00,15,V,True,12.444029850746269,1.0,0.0,0.0,0.0,,
2026-07-17 19:15:00+03:00,15,A,True,12.444029850746269,1.0,0.0,0.0,0.0,,
2026-07-17 19:15:00+03:00,15,M,False,,,,,,,
2026-07-17 19:15:00+03:00,15,V,True,12.444029850746269,1.0,0.0,0.0,0.0,,
2026-07-17 19:20:00+03:00,15,A,True,12.444029850746269,1.0,0.0,0.0,0.0,,
2026-07-17 19:20:00+03:00,15,M,False,,,,,,,
2026-07-17 19:20:00+03:00,15,V,True,12.444029850746269,1.0,0.0,0.0,0.0,,
2026-07-17 19:25:00+03:00,15,A,True,12.444029850746269,1.0,0.0,0.0,0.0,,
2026-07-17 19:25:00+03:00,15,M,False,,,,,,,
2026-07-17 19:25:00+03:00,15,V,True,12.444029850746269,1.0,0.0,0.0,0.0,,
2026-07-17 19:30:00+03:00,15,A,True,12.444029850746269,1.0,0.0,0.0,0.0,,
2026-07-17 19:30:00+03:00,15,M,False,,,,,,,
2026-07-17 19:30:00+03:00,15,V,True,12.444029850746269,1.0,0.0,0.0,0.0,,
2026-07-17 19:35:00+03:00,15,A,True,12.444029850746269,1.0,0.0,0.0,0.0,,
2026-07-17 19:35:00+03:00,15,M,False,,,,,,,
2026-07-17 19:35:00+03:00,15,V,True,12.444029850746269,1.0,0.0,0.0,0.0,,
2026-07-17 19:40:00+03:00,15,A,True,12.444029850746269,1.0,0.0,0.0,0.0,,
2026-07-17 19:40:00+03:00,15,M,False,,,,,,,
2026-07-17 19:40:00+03:00,15,V,True,12.444029850746269,1.0,0.0,0.0,0.0,,
2026-07-17 19:45:00+03:00,15,A,True,12.444029850746269,1.0,0.0,0.0,0.0,,
2026-07-17 19:45:00+03:00,15,M,False,,,,,,,
2026-07-17 19:45:00+03:00,15,V,True,12.444029850746269,1.0,0.0,0.0,0.0,,
2026-07-17 19:50:00+03:00,15,A,True,12.444029850746269,1.0,0.0,0.0,0.0,,
2026-07-17 19:50:00+03:00,15,M,False,,,,,,,
2026-07-17 19:50:00+03:00,15,V,True,12.444029850746269,1.0,0.0,0.0,0.0,,
2026-07-17 19:55:00+03:00,15,A,True,12.444029850746269,1.0,0.0,0.0,0.0,,
2026-07-17 19:55:00+03:00,15,M,False,,,,,,,
2026-07-17 19:55:00+03:00,15,V,True,12.444029850746269,1.0,0.0,0.0,0.0,,
2026-07-17 20:00:00+03:00,15,A,True,12.444029850746269,1.0,0.0,0.0,0.0,,
2026-07-17 20:00:00+03:00,15,M,False,,,,,,,
2026-07-17 20:00:00+03:00,15,V,True,12.444029850746269,1.0,0.0,0.0,0.0,,
2026-07-17 20:05:00+03:00,15,A,True,12.444029850746269,1.0,0.0,0.0,0.0,,
2026-07-17 20:05:00+03:00,15,M,False,,,,,,,
2026-07-17 20:05:00+03:00,15,V,True,12.444029850746269,1.0,0.0,0.0,0.0,,
2026-07-17 20:10:00+03:00,15,A,True,12.444029850746269,1.0,0.0,0.0,0.0,,
2026-07-17 20:10:00+03:00,15,M,False,,,,,,,
2026-07-17 20:10:00+03:00,15,V,True,12.444029850746269,1.0,0.0,0.0,0.0,,
2026-07-17 20:15:00+03:00,15,A,True,12.444029850746269,1.0,0.0,0.0,0.0,,
2026-07-17 20:15:00+03:00,15,M,False,,,,,,,
2026-07-17 20:15:00+03:00,15,V,True,12.444029850746269,1.0,0.0,0.0,0.0,,
2026-07-17 20:20:00+03:00,15,A,True,12.444029850746269,1.0,0.0,0.0,0.0,,
2026-07-17 20:20:00+03:00,15,M,False,,,,,,,
2026-07-17 20:20:00+03:00,15,V,True,12.444029850746269,1.0,0.0,0.0,0.0,,
2026-07-17 20:25:00+03:00,15,A,True,12.444029850746269,1.0,0.0,0.0,0.0,,
2026-07-17 20:25:00+03:00,15,M,False,,,,,,,
2026-07-17 20:25:00+03:00,15,V,True,12.444029850746269,1.0,0.0,0.0,0.0,,
2026-07-17 20:30:00+03:00,15,A,True,12.444029850746269,1.0,0.0,0.0,0.0,,
2026-07-17 20:30:00+03:00,15,M,False,,,,,,,
2026-07-17 20:30:00+03:00,15,V,True,12.444029850746269,1.0,0.0,0.0,0.0,,
2026-07-17 20:35:00+03:00,15,A,True,12.444029850746269,1.0,0.0,0.0,0.0,,
2026-07-17 20:35:00+03:00,15,M,False,,,,,,,
2026-07-17 20:35:00+03:00,15,V,True,12.444029850746269,1.0,0.0,0.0,0.0,,
2026-07-17 20:40:00+03:00,15,A,True,12.444029850746269,1.0,0.0,0.0,0.0,,
2026-07-17 20:40:00+03:00,15,M,False,,,,,,,
2026-07-17 20:40:00+03:00,15,V,True,12.444029850746269,1.0,0.0,0.0,0.0,,
2026-07-17 20:45:00+03:00,15,A,True,12.444029850746269,1.0,0.0,0.0,0.0,,
2026-07-17 20:45:00+03:00,15,M,False,,,,,,,
2026-07-17 20:45:00+03:00,15,V,True,12.444029850746269,1.0,0.0,0.0,0.0,,
2026-07-17 20:50:00+03:00,15,A,True,12.444029850746269,1.0,0.0,0.0,0.0,,
2026-07-17 20:50:00+03:00,15,M,False,,,,,,,
2026-07-17 20:50:00+03:00,15,V,True,12.444029850746269,1.0,0.0,0.0,0.0,,
2026-07-17 20:55:00+03:00,15,A,True,12.444029850746269,1.0,0.0,0.0,0.0,,
2026-07-17 20:55:00+03:00,15,M,False,,,,,,,
2026-07-17 20:55:00+03:00,15,V,True,12.444029850746269,1.0,0.0,0.0,0.0,,
2026-07-17 21:00:00+03:00,15,A,True,12.444029850746269,1.0,0.0,0.0,0.0,,
2026-07-17 21:00:00+03:00,15,M,False,,,,,,,
2026-07-17 21:00:00+03:00,15,V,True,12.444029850746269,1.0,0.0,0.0,0.0,,
2026-07-17 21:05:00+03:00,15,A,True,12.444029850746269,1.0,0.0,0.0,0.0,,
2026-07-17 21:05:00+03:00,15,M,False,,,,,,,
2026-07-17 21:05:00+03:00,15,V,True,12.444029850746269,1.0,0.0,0.0,0.0,,
2026-07-17 21:10:00+03:00,15,A,True,12.444029850746269,1.0,0.0,0.0,0.0,,
2026-07-17 21:10:00+03:00,15,M,False,,,,,,,
2026-07-17 21:10:00+03:00,15,V,True,12.444029850746269,1.0,0.0,0.0,0.0,,
2026-07-17 21:15:00+03:00,15,A,True,12.444029850746269,1.0,0.0,0.0,0.0,,
2026-07-17 21:15:00+03:00,15,M,False,,,,,,,
2026-07-17 21:15:00+03:00,15,V,True,12.444029850746269,1.0,0.0,0.0,0.0,,
2026-07-17 21:20:00+03:00,15,A,True,12.444029850746269,1.0,0.0,0.0,0.0,,
2026-07-17 21:20:00+03:00,15,M,False,,,,,,,
2026-07-17 21:20:00+03:00,15,V,True,12.444029850746269,1.0,0.0,0.0,0.0,,
2026-07-17 21:25:00+03:00,15,A,True,12.444029850746269,1.0,0.0,0.0,0.0,,
2026-07-17 21:25:00+03:00,15,M,False,,,,,,,
2026-07-17 21:25:00+03:00,15,V,True,12.444029850746269,1.0,0.0,0.0,0.0,,
2026-07-17 21:30:00+03:00,15,A,True,12.444029850746269,1.0,0.0,0.0,0.0,,
2026-07-17 21:30:00+03:00,15,M,False,,,,,,,
2026-07-17 21:30:00+03:00,15,V,True,12.444029850746269,1.0,0.0,0.0,0.0,,
2026-07-17 21:35:00+03:00,15,A,True,12.444029850746269,1.0,0.0,0.0,0.0,,
2026-07-17 21:35:00+03:00,15,M,False,,,,,,,
2026-07-17 21:35:00+03:00,15,V,True,12.444029850746269,1.0,0.0,0.0,0.0,,
2026-07-17 21:40:00+03:00,15,A,True,12.444029850746269,1.0,0.0,0.0,0.0,,
2026-07-17 21:40:00+03:00,15,M,False,,,,,,,
2026-07-17 21:40:00+03:00,15,V,True,12.444029850746269,1.0,0.0,0.0,0.0,,
2026-07-17 21:45:00+03:00,15,A,True,12.444029850746269,1.0,0.0,0.0,0.0,,
2026-07-17 21:45:00+03:00,15,M,False,,,,,,,
2026-07-17 21:45:00+03:00,15,V,True,12.444029850746269,1.0,0.0,0.0,0.0,,
2026-07-17 21:50:00+03:00,15,A,True,12.444029850746269,1.0,0.0,0.0,0.0,,
2026-07-17 21:50:00+03:00,15,M,False,,,,,,,
2026-07-17 21:50:00+03:00,15,V,True,12.444029850746269,1.0,0.0,0.0,0.0,,
2026-07-17 21:55:00+03:00,15,A,True,12.444029850746269,1.0,0.0,0.0,0.0,,
2026-07-17 21:55:00+03:00,15,M,False,,,,,,,
2026-07-17 21:55:00+03:00,15,V,True,12.444029850746269,1.0,0.0,0.0,0.0,,
2026-07-17 22:00:00+03:00,15,A,True,12.444029850746269,1.0,0.0,0.0,0.0,,
2026-07-17 22:00:00+03:00,15,M,False,,,,,,,
2026-07-17 22:00:00+03:00,15,V,True,12.444029850746269,1.0,0.0,0.0,0.0,,
2026-07-17 22:05:00+03:00,15,A,True,12.444029850746269,1.0,0.0,0.0,0.0,,
2026-07-17 22:05:00+03:00,15,M,False,,,,,,,
2026-07-17 22:05:00+03:00,15,V,True,12.444029850746269,1.0,0.0,0.0,0.0,,
2026-07-17 22:10:00+03:00,15,A,True,12.444029850746269,1.0,0.0,0.0,0.0,,
2026-07-17 22:10:00+03:00,15,M,False,,,,,,,
2026-07-17 22:10:00+03:00,15,V,True,12.444029850746269,1.0,0.0,0.0,0.0,,
2026-07-17 22:15:00+03:00,15,A,True,12.444029850746269,1.0,0.0,0.0,0.0,,
2026-07-17 22:15:00+03:00,15,M,False,,,,,,,
2026-07-17 22:15:00+03:00,15,V,True,12.444029850746269,1.0,0.0,0.0,0.0,,
2026-07-17 22:20:00+03:00,15,A,True,12.444029850746269,1.0,0.0,0.0,0.0,,
2026-07-17 22:20:00+03:00,15,M,False,,,,,,,
2026-07-17 22:20:00+03:00,15,V,True,12.444029850746269,1.0,0.0,0.0,0.0,,
2026-07-17 22:25:00+03:00,15,A,True,12.444029850746269,1.0,0.0,0.0,0.0,,
2026-07-17 22:25:00+03:00,15,M,False,,,,,,,
2026-07-17 22:25:00+03:00,15,V,True,12.444029850746269,1.0,0.0,0.0,0.0,,
2026-07-17 22:30:00+03:00,15,A,True,12.444029850746269,1.0,0.0,0.0,0.0,,
2026-07-17 22:30:00+03:00,15,M,False,,,,,,,
2026-07-17 22:30:00+03:00,15,V,True,12.444029850746269,1.0,0.0,0.0,0.0,,
2026-07-17 22:35:00+03:00,15,A,True,12.444029850746269,1.0,0.0,0.0,0.0,,
2026-07-17 22:35:00+03:00,15,M,False,,,,,,,
2026-07-17 22:35:00+03:00,15,V,True,12.444029850746269,1.0,0.0,0.0,0.0,,
2026-07-17 22:40:00+03:00,15,A,True,12.444029850746269,1.0,0.0,0.0,0.0,,
2026-07-17 22:40:00+03:00,15,M,False,,,,,,,
2026-07-17 22:40:00+03:00,15,V,True,12.444029850746269,1.0,0.0,0.0,0.0,,
2026-07-17 22:45:00+03:00,15,A,True,12.444029850746269,1.0,0.0,0.0,0.0,,
2026-07-17 22:45:00+03:00,15,M,False,,,,,,,
2026-07-17 22:45:00+03:00,15,V,True,12.444029850746269,1.0,0.0,0.0,0.0,,
2026-07-17 22:50:00+03:00,15,A,True,12.444029850746269,1.0,0.0,0.0,0.0,,
2026-07-17 22:50:00+03:00,15,M,False,,,,,,,
2026-07-17 22:50:00+03:00,15,V,True,12.444029850746269,1.0,0.0,0.0,0.0,,
2026-07-17 22:55:00+03:00,15,A,True,12.444029850746269,1.0,0.0,0.0,0.0,,
2026-07-17 22:55:00+03:00,15,M,False,,,,,,,
2026-07-17 22:55:00+03:00,15,V,True,12.444029850746269,1.0,0.0,0.0,0.0,,
2026-07-17 23:00:00+03:00,15,A,True,12.444029850746269,1.0,0.0,0.0,0.0,,
2026-07-17 23:00:00+03:00,15,M,False,,,,,,,
2026-07-17 23:00:00+03:00,15,V,True,12.444029850746269,1.0,0.0,0.0,0.0,,
2026-07-17 23:05:00+03:00,15,A,True,12.444029850746269,1.0,0.0,0.0,0.0,,
2026-07-17 23:05:00+03:00,15,M,False,,,,,,,
2026-07-17 23:05:00+03:00,15,V,True,12.444029850746269,1.0,0.0,0.0,0.0,,
2026-07-17 23:10:00+03:00,15,A,True,12.444029850746269,1.0,0.0,0.0,0.0,,
2026-07-17 23:10:00+03:00,15,M,False,,,,,,,
2026-07-17 23:10:00+03:00,15,V,True,12.444029850746269,1.0,0.0,0.0,0.0,,
2026-07-17 23:15:00+03:00,15,A,True,12.444029850746269,1.0,0.0,0.0,0.0,,
2026-07-17 23:15:00+03:00,15,M,False,,,,,,,
2026-07-17 23:15:00+03:00,15,V,True,12.444029850746269,1.0,0.0,0.0,0.0,,
2026-07-17 23:20:00+03:00,15,A,True,12.444029850746269,1.0,0.0,0.0,0.0,,
2026-07-17 23:20:00+03:00,15,M,False,,,,,,,
2026-07-17 23:20:00+03:00,15,V,True,12.444029850746269,1.0,0.0,0.0,0.0,,
2026-07-17 23:25:00+03:00,15,A,True,12.45277380622189,0.9996666463216147,0.00033335367838525085,0.0,0.0,,
2026-07-17 23:25:00+03:00,15,M,False,,,,,,,
2026-07-17 23:25:00+03:00,15,V,True,12.444029850746269,1.0,0.0,0.0,0.0,,
2026-07-17 23:30:00+03:00,15,A,True,14.947723003899057,0.9042776679992677,0.09572233200073228,0.0,0.0,,
2026-07-17 23:30:00+03:00,15,M,False,,,,,,,
2026-07-17 23:30:00+03:00,15,V,True,12.444029850746269,1.0,0.0,0.0,0.0,,
2026-07-17 23:35:00+03:00,15,A,True,17.17550511994698,0.817945041656494,0.182054958343506,0.0,0.0,,
2026-07-17 23:35:00+03:00,15,M,False,,,,,,,
2026-07-17 23:35:00+03:00,15,V,True,12.444029850746269,1.0,0.0,0.0,0.0,,
2026-07-17 23:40:00+03:00,15,A,True,15.022259400916083,0.9014195728302002,0.09858042716979973,0.0,0.0,,
2026-07-17 23:40:00+03:00,15,M,False,,,,,,,
2026-07-17 23:40:00+03:00,15,V,True,12.444029850746269,1.0,0.0,0.0,0.0,,
2026-07-17 23:45:00+03:00,15,A,True,13.510882046130819,0.9592783991495768,0.0407216008504232,0.0,0.0,,
2026-07-17 23:45:00+03:00,15,M,False,,,,,,,
2026-07-17 23:45:00+03:00,15,V,True,12.444029850746269,1.0,0.0,0.0,0.0,,
2026-07-17 23:50:00+03:00,15,A,True,13.23481275874228,0.9698254172007242,0.03017458279927574,0.0,0.0,,
2026-07-17 23:50:00+03:00,15,M,False,,,,,,,
2026-07-17 23:50:00+03:00,15,V,True,12.444029850746269,1.0,0.0,0.0,0.0,,
2026-07-17 23:55:00+03:00,15,A,True,12.49774776101528,0.9979519589742025,0.0020480410257974315,0.0,0.0,,
2026-07-17 23:55:00+03:00,15,M,False,,,,,,,
2026-07-17 23:55:00+03:00,15,V,True,12.444029850746269,1.0,0.0,0.0,0.0,,
2026-07-18 00:00:00+03:00,15,A,True,12.444029850746269,1.0,0.0,0.0,0.0,,
2026-07-18 00:00:00+03:00,15,M,False,,,,,,,
2026-07-18 00:00:00+03:00,15,V,True,12.444029850746269,1.0,0.0,0.0,0.0,,
2026-07-18 00:05:00+03:00,15,A,True,12.632234598433515,0.9928234354654947,0.007176564534505303,0.0,0.0,,
2026-07-18 00:05:00+03:00,15,M,False,,,,,,,
2026-07-18 00:05:00+03:00,15,V,True,12.444029850746269,1.0,0.0,0.0,0.0,,
2026-07-18 00:10:00+03:00,15,A,True,12.886023041677948,0.9831411838531494,0.016858816146850586,0.0,0.0,,
2026-07-18 00:10:00+03:00,15,M,False,,,,,,,
2026-07-18 00:10:00+03:00,15,V,True,12.444029850746269,1.0,0.0,0.0,0.0,,
2026-07-18 00:15:00+03:00,15,A,True,12.444029850746269,1.0,0.0,0.0,0.0,,
2026-07-18 00:15:00+03:00,15,M,False,,,,,,,
2026-07-18 00:15:00+03:00,15,V,True,12.444029850746269,1.0,0.0,0.0,0.0,,
2026-07-18 00:20:00+03:00,15,A,True,12.444029850746269,1.0,0.0,0.0,0.0,,
2026-07-18 00:20:00+03:00,15,M,False,,,,,,,
2026-07-18 00:20:00+03:00,15,V,True,12.444029850746269,1.0,0.0,0.0,0.0,,
2026-07-18 00:25:00+03:00,15,A,True,12.444029850746269,1.0,0.0,0.0,0.0,,
2026-07-18 00:25:00+03:00,15,M,False,,,,,,,
2026-07-18 00:25:00+03:00,15,V,True,12.444029850746269,1.0,0.0,0.0,0.0,,
2026-07-18 00:30:00+03:00,15,A,True,12.444029850746269,1.0,0.0,0.0,0.0,,
2026-07-18 00:30:00+03:00,15,M,False,,,,,,,
2026-07-18 00:30:00+03:00,15,V,True,12.444029850746269,1.0,0.0,0.0,0.0,,
2026-07-18 00:35:00+03:00,15,A,True,12.444029850746269,1.0,0.0,0.0,0.0,,
2026-07-18 00:35:00+03:00,15,M,False,,,,,,,
2026-07-18 00:35:00+03:00,15,V,True,12.444029850746269,1.0,0.0,0.0,0.0,,
2026-07-18 00:40:00+03:00,15,A,True,12.444029850746269,1.0,0.0,0.0,0.0,,
2026-07-18 00:40:00+03:00,15,M,False,,,,,,,
2026-07-18 00:40:00+03:00,15,V,True,12.444029850746269,1.0,0.0,0.0,0.0,,
2026-07-18 00:45:00+03:00,15,A,True,12.444029850746269,1.0,0.0,0.0,0.0,,
2026-07-18 00:45:00+03:00,15,M,False,,,,,,,
2026-07-18 00:45:00+03:00,15,V,True,12.444029850746269,1.0,0.0,0.0,0.0,,
2026-07-18 00:50:00+03:00,15,A,True,12.444029850746269,1.0,0.0,0.0,0.0,,
2026-07-18 00:50:00+03:00,15,M,False,,,,,,,
2026-07-18 00:50:00+03:00,15,V,True,12.444029850746269,1.0,0.0,0.0,0.0,,
2026-07-18 00:55:00+03:00,15,A,True,12.444029850746269,1.0,0.0,0.0,0.0,,
2026-07-18 00:55:00+03:00,15,M,False,,,,,,,
2026-07-18 00:55:00+03:00,15,V,True,12.444029850746269,1.0,0.0,0.0,0.0,,
2026-07-18 01:00:00+03:00,15,A,True,12.444029850746269,1.0,0.0,0.0,0.0,,
2026-07-18 01:00:00+03:00,15,M,False,,,,,,,
2026-07-18 01:00:00+03:00,15,V,True,12.444029850746269,1.0,0.0,0.0,0.0,,
2026-07-18 01:05:00+03:00,15,A,True,12.444029850746269,1.0,0.0,0.0,0.0,,
2026-07-18 01:05:00+03:00,15,M,False,,,,,,,
2026-07-18 01:05:00+03:00,15,V,True,12.444029850746269,1.0,0.0,0.0,0.0,,
2026-07-18 01:10:00+03:00,15,A,True,12.444029850746269,1.0,0.0,0.0,0.0,,
2026-07-18 01:10:00+03:00,15,M,False,,,,,,,
2026-07-18 01:10:00+03:00,15,V,True,12.444029850746269,1.0,0.0,0.0,0.0,,
2026-07-18 01:15:00+03:00,15,A,True,12.444029850746269,1.0,0.0,0.0,0.0,,
2026-07-18 01:15:00+03:00,15,M,False,,,,,,,
2026-07-18 01:15:00+03:00,15,V,True,12.444029850746269,1.0,0.0,0.0,0.0,,
2026-07-18 01:20:00+03:00,15,A,True,12.444029850746269,1.0,0.0,0.0,0.0,,
2026-07-18 01:20:00+03:00,15,M,False,,,,,,,
2026-07-18 01:20:00+03:00,15,V,True,12.444029850746269,1.0,0.0,0.0,0.0,,
2026-07-18 01:25:00+03:00,15,A,True,12.444029850746269,1.0,0.0,0.0,0.0,,
2026-07-18 01:25:00+03:00,15,M,False,,,,,,,
2026-07-18 01:25:00+03:00,15,V,True,12.444029850746269,1.0,0.0,0.0,0.0,,
2026-07-18 01:30:00+03:00,15,A,True,12.444029850746269,1.0,0.0,0.0,0.0,,
2026-07-18 01:30:00+03:00,15,M,False,,,,,,,
2026-07-18 01:30:00+03:00,15,V,True,12.444029850746269,1.0,0.0,0.0,0.0,,
2026-07-18 01:35:00+03:00,15,A,True,12.444029850746269,1.0,0.0,0.0,0.0,,
2026-07-18 01:35:00+03:00,15,M,False,,,,,,,
2026-07-18 01:35:00+03:00,15,V,True,12.444029850746269,1.0,0.0,0.0,0.0,,
2026-07-18 01:40:00+03:00,15,A,True,12.444029850746269,1.0,0.0,0.0,0.0,,
2026-07-18 01:40:00+03:00,15,M,False,,,,,,,
2026-07-18 01:40:00+03:00,15,V,True,12.444029850746269,1.0,0.0,0.0,0.0,,
2026-07-18 01:45:00+03:00,15,A,True,12.444029850746269,1.0,0.0,0.0,0.0,,
2026-07-18 01:45:00+03:00,15,M,False,,,,,,,
2026-07-18 01:45:00+03:00,15,V,True,12.444029850746269,1.0,0.0,0.0,0.0,,
2026-07-18 01:50:00+03:00,15,A,True,12.444029850746269,1.0,0.0,0.0,0.0,,
2026-07-18 01:50:00+03:00,15,M,False,,,,,,,
2026-07-18 01:50:00+03:00,15,V,True,12.444029850746269,1.0,0.0,0.0,0.0,,
2026-07-18 01:55:00+03:00,15,A,True,12.444029850746269,1.0,0.0,0.0,0.0,,
2026-07-18 01:55:00+03:00,15,M,False,,,,,,,
2026-07-18 01:55:00+03:00,15,V,True,12.444029850746269,1.0,0.0,0.0,0.0,,
2026-07-18 02:00:00+03:00,15,A,True,12.444029850746269,1.0,0.0,0.0,0.0,,
2026-07-18 02:00:00+03:00,15,M,False,,,,,,,
2026-07-18 02:00:00+03:00,15,V,True,12.444029850746269,1.0,0.0,0.0,0.0,,
2026-07-18 02:05:00+03:00,15,A,True,12.444029850746269,1.0,0.0,0.0,0.0,,
2026-07-18 02:05:00+03:00,15,M,False,,,,,,,
2026-07-18 02:05:00+03:00,15,V,True,12.444029850746269,1.0,0.0,0.0,0.0,,
2026-07-18 02:10:00+03:00,15,A,True,12.444029850746269,1.0,0.0,0.0,0.0,,
2026-07-18 02:10:00+03:00,15,M,False,,,,,,,
2026-07-18 02:10:00+03:00,15,V,True,12.444029850746269,1.0,0.0,0.0,0.0,,
2026-07-18 02:15:00+03:00,15,A,True,12.444029850746269,1.0,0.0,0.0,0.0,,
2026-07-18 02:15:00+03:00,15,M,False,,,,,,,
2026-07-18 02:15:00+03:00,15,V,True,12.444029850746269,1.0,0.0,0.0,0.0,,
2026-07-18 02:20:00+03:00,15,A,True,12.444029850746269,1.0,0.0,0.0,0.0,,
2026-07-18 02:20:00+03:00,15,M,False,,,,,,,
2026-07-18 02:20:00+03:00,15,V,True,12.444029850746269,1.0,0.0,0.0,0.0,,
2026-07-18 02:25:00+03:00,15,A,True,12.444029850746269,1.0,0.0,0.0,0.0,,
2026-07-18 02:25:00+03:00,15,M,False,,,,,,,
2026-07-18 02:25:00+03:00,15,V,True,12.444029850746269,1.0,0.0,0.0,0.0,,
2026-07-18 02:30:00+03:00,15,A,True,12.444029850746269,1.0,0.0,0.0,0.0,,
2026-07-18 02:30:00+03:00,15,M,False,,,,,,,
2026-07-18 02:30:00+03:00,15,V,True,12.444029850746269,1.0,0.0,0.0,0.0,,
2026-07-18 02:35:00+03:00,15,A,True,12.444029850746269,1.0,0.0,0.0,0.0,,
2026-07-18 02:35:00+03:00,15,M,False,,,,,,,
2026-07-18 02:35:00+03:00,15,V,True,12.444029850746269,1.0,0.0,0.0,0.0,,
2026-07-18 02:40:00+03:00,15,A,True,12.444029850746269,1.0,0.0,0.0,0.0,,
2026-07-18 02:40:00+03:00,15,M,False,,,,,,,
2026-07-18 02:40:00+03:00,15,V,True,12.444029850746269,1.0,0.0,0.0,0.0,,
2026-07-18 02:45:00+03:00,15,A,True,12.444029850746269,1.0,0.0,0.0,0.0,,
2026-07-18 02:45:00+03:00,15,M,False,,,,,,,
2026-07-18 02:45:00+03:00,15,V,True,12.444029850746269,1.0,0.0,0.0,0.0,,
2026-07-18 02:50:00+03:00,15,A,True,12.444029850746269,1.0,0.0,0.0,0.0,,
2026-07-18 02:50:00+03:00,15,M,False,,,,,,,
2026-07-18 02:50:00+03:00,15,V,True,12.444029850746269,1.0,0.0,0.0,0.0,,
2026-07-18 02:55:00+03:00,15,A,True,12.444029850746269,1.0,0.0,0.0,0.0,,
2026-07-18 02:55:00+03:00,15,M,False,,,,,,,
2026-07-18 02:55:00+03:00,15,V,True,12.444029850746269,1.0,0.0,0.0,0.0,,
2026-07-18 03:00:00+03:00,15,A,True,12.444029850746269,1.0,0.0,0.0,0.0,,
2026-07-18 03:00:00+03:00,15,M,False,,,,,,,
2026-07-18 03:00:00+03:00,15,V,True,12.444029850746269,1.0,0.0,0.0,0.0,,
2026-07-18 03:05:00+03:00,15,A,True,12.444029850746269,1.0,0.0,0.0,0.0,,
2026-07-18 03:05:00+03:00,15,M,False,,,,,,,
2026-07-18 03:05:00+03:00,15,V,True,12.444029850746269,1.0,0.0,0.0,0.0,,
2026-07-18 03:10:00+03:00,15,A,True,12.444029850746269,1.0,0.0,0.0,0.0,,
2026-07-18 03:10:00+03:00,15,M,False,,,,,,,
2026-07-18 03:10:00+03:00,15,V,True,12.444029850746269,1.0,0.0,0.0,0.0,,
2026-07-18 03:15:00+03:00,15,A,True,12.444029850746269,1.0,0.0,0.0,0.0,,
2026-07-18 03:15:00+03:00,15,M,False,,,,,,,
2026-07-18 03:15:00+03:00,15,V,True,12.444029850746269,1.0,0.0,0.0,0.0,,
2026-07-18 03:20:00+03:00,15,A,True,12.444029850746269,1.0,0.0,0.0,0.0,,
2026-07-18 03:20:00+03:00,15,M,False,,,,,,,
2026-07-18 03:20:00+03:00,15,V,True,12.444029850746269,1.0,0.0,0.0,0.0,,
2026-07-18 03:25:00+03:00,15,A,True,12.444029850746269,1.0,0.0,0.0,0.0,,
2026-07-18 03:25:00+03:00,15,M,False,,,,,,,
2026-07-18 03:25:00+03:00,15,V,True,12.444029850746269,1.0,0.0,0.0,0.0,,
2026-07-18 03:30:00+03:00,15,A,True,12.444029850746269,1.0,0.0,0.0,0.0,,
2026-07-18 03:30:00+03:00,15,M,False,,,,,,,
2026-07-18 03:30:00+03:00,15,V,True,12.444029850746269,1.0,0.0,0.0,0.0,,
2026-07-18 03:35:00+03:00,15,A,True,12.444029850746269,1.0,0.0,0.0,0.0,,
2026-07-18 03:35:00+03:00,15,M,False,,,,,,,
2026-07-18 03:35:00+03:00,15,V,True,12.444029850746269,1.0,0.0,0.0,0.0,,
2026-07-18 03:40:00+03:00,15,A,True,12.444029850746269,1.0,0.0,0.0,0.0,,
2026-07-18 03:40:00+03:00,15,M,False,,,,,,,
2026-07-18 03:40:00+03:00,15,V,True,12.444029850746269,1.0,0.0,0.0,0.0,,
2026-07-18 03:45:00+03:00,15,A,True,12.444029850746269,1.0,0.0,0.0,0.0,,
2026-07-18 03:45:00+03:00,15,M,False,,,,,,,
2026-07-18 03:45:00+03:00,15,V,True,12.444029850746269,1.0,0.0,0.0,0.0,,
2026-07-18 03:50:00+03:00,15,A,True,12.444029850746269,1.0,0.0,0.0,0.0,,
2026-07-18 03:50:00+03:00,15,M,False,,,,,,,
2026-07-18 03:50:00+03:00,15,V,True,12.444029850746269,1.0,0.0,0.0,0.0,,
2026-07-18 03:55:00+03:00,15,A,True,12.444029850746269,1.0,0.0,0.0,0.0,,
2026-07-18 03:55:00+03:00,15,M,False,,,,,,,
2026-07-18 03:55:00+03:00,15,V,True,12.444029850746269,1.0,0.0,0.0,0.0,,
2026-07-18 04:00:00+03:00,15,A,True,12.444029850746269,1.0,0.0,0.0,0.0,,
2026-07-18 04:00:00+03:00,15,M,False,,,,,,,
2026-07-18 04:00:00+03:00,15,V,True,12.444029850746269,1.0,0.0,0.0,0.0,,
2026-07-18 04:05:00+03:00,15,A,True,12.444029850746269,1.0,0.0,0.0,0.0,,
2026-07-18 04:05:00+03:00,15,M,False,,,,,,,
2026-07-18 04:05:00+03:00,15,V,True,12.444029850746269,1.0,0.0,0.0,0.0,,
2026-07-18 04:10:00+03:00,15,A,True,12.444029850746269,1.0,0.0,0.0,0.0,,
2026-07-18 04:10:00+03:00,15,M,False,,,,,,,
2026-07-18 04:10:00+03:00,15,V,True,12.444029850746269,1.0,0.0,0.0,0.0,,
2026-07-18 04:15:00+03:00,15,A,True,12.444029850746269,1.0,0.0,0.0,0.0,,
2026-07-18 04:15:00+03:00,15,M,False,,,,,,,
2026-07-18 04:15:00+03:00,15,V,True,12.444029850746269,1.0,0.0,0.0,0.0,,
2026-07-18 04:20:00+03:00,15,A,True,12.444029850746269,1.0,0.0,0.0,0.0,,
2026-07-18 04:20:00+03:00,15,M,False,,,,,,,
2026-07-18 04:20:00+03:00,15,V,True,12.444029850746269,1.0,0.0,0.0,0.0,,
2026-07-18 04:25:00+03:00,15,A,True,12.444029850746269,1.0,0.0,0.0,0.0,,
2026-07-18 04:25:00+03:00,15,M,False,,,,,,,
2026-07-18 04:25:00+03:00,15,V,True,12.444029850746269,1.0,0.0,0.0,0.0,,
2026-07-18 04:30:00+03:00,15,A,True,12.444029850746269,1.0,0.0,0.0,0.0,,
2026-07-18 04:30:00+03:00,15,M,False,,,,,,,
2026-07-18 04:30:00+03:00,15,V,True,12.444029850746269,1.0,0.0,0.0,0.0,,
2026-07-18 04:35:00+03:00,15,A,True,12.444029850746269,1.0,0.0,0.0,0.0,,
2026-07-18 04:35:00+03:00,15,M,False,,,,,,,
2026-07-18 04:35:00+03:00,15,V,True,12.444029850746269,1.0,0.0,0.0,0.0,,
2026-07-18 04:40:00+03:00,15,A,True,12.444029850746269,1.0,0.0,0.0,0.0,,
2026-07-18 04:40:00+03:00,15,M,False,,,,,,,
2026-07-18 04:40:00+03:00,15,V,True,12.444029850746269,1.0,0.0,0.0,0.0,,
2026-07-18 04:45:00+03:00,15,A,True,12.444029850746269,1.0,0.0,0.0,0.0,,
2026-07-18 04:45:00+03:00,15,M,False,,,,,,,
2026-07-18 04:45:00+03:00,15,V,True,12.444029850746269,1.0,0.0,0.0,0.0,,
2026-07-18 04:50:00+03:00,15,A,True,12.444029850746269,1.0,0.0,0.0,0.0,,
2026-07-18 04:50:00+03:00,15,M,False,,,,,,,
2026-07-18 04:50:00+03:00,15,V,True,12.444029850746269,1.0,0.0,0.0,0.0,,
2026-07-18 04:55:00+03:00,15,A,True,12.444029850746269,1.0,0.0,0.0,0.0,,
2026-07-18 04:55:00+03:00,15,M,False,,,,,,,
2026-07-18 04:55:00+03:00,15,V,True,12.444029850746269,1.0,0.0,0.0,0.0,,
2026-07-18 05:00:00+03:00,15,A,True,12.444029850746269,1.0,0.0,0.0,0.0,,
2026-07-18 05:00:00+03:00,15,M,False,,,,,,,
2026-07-18 05:00:00+03:00,15,V,True,12.444029850746269,1.0,0.0,0.0,0.0,,
2026-07-18 05:05:00+03:00,15,A,True,12.444029850746269,1.0,0.0,0.0,0.0,,
2026-07-18 05:05:00+03:00,15,M,False,,,,,,,
2026-07-18 05:05:00+03:00,15,V,True,12.444029850746269,1.0,0.0,0.0,0.0,,
2026-07-18 05:10:00+03:00,15,A,True,12.444029850746269,1.0,0.0,0.0,0.0,,
2026-07-18 05:10:00+03:00,15,M,False,,,,,,,
2026-07-18 05:10:00+03:00,15,V,True,12.444029850746269,1.0,0.0,0.0,0.0,,
2026-07-18 05:15:00+03:00,15,A,True,12.444029850746269,1.0,0.0,0.0,0.0,,
2026-07-18 05:15:00+03:00,15,M,False,,,,,,,
2026-07-18 05:15:00+03:00,15,V,True,12.444029850746269,1.0,0.0,0.0,0.0,,
2026-07-18 05:20:00+03:00,15,A,True,12.444029850746269,1.0,0.0,0.0,0.0,,
2026-07-18 05:20:00+03:00,15,M,False,,,,,,,
2026-07-18 05:20:00+03:00,15,V,True,12.444029850746269,1.0,0.0,0.0,0.0,,
2026-07-18 05:25:00+03:00,15,A,True,12.444029850746269,1.0,0.0,0.0,0.0,,
2026-07-18 05:25:00+03:00,15,M,False,,,,,,,
2026-07-18 05:25:00+03:00,15,V,True,12.444029850746269,1.0,0.0,0.0,0.0,,
2026-07-18 05:30:00+03:00,15,A,True,12.444029850746269,1.0,0.0,0.0,0.0,,
2026-07-18 05:30:00+03:00,15,M,False,,,,,,,
2026-07-18 05:30:00+03:00,15,V,True,12.444029850746269,1.0,0.0,0.0,0.0,,
2026-07-18 05:35:00+03:00,15,A,True,12.444029850746269,1.0,0.0,0.0,0.0,,
2026-07-18 05:35:00+03:00,15,M,False,,,,,,,
2026-07-18 05:35:00+03:00,15,V,True,12.444029850746269,1.0,0.0,0.0,0.0,,
2026-07-18 05:40:00+03:00,15,A,True,12.444029850746269,1.0,0.0,0.0,0.0,,
2026-07-18 05:40:00+03:00,15,M,False,,,,,,,
2026-07-18 05:40:00+03:00,15,V,True,12.444029850746269,1.0,0.0,0.0,0.0,,
2026-07-18 05:45:00+03:00,15,A,True,12.444029850746269,1.0,0.0,0.0,0.0,,
2026-07-18 05:45:00+03:00,15,M,False,,,,,,,
2026-07-18 05:45:00+03:00,15,V,True,12.444029850746269,1.0,0.0,0.0,0.0,,
2026-07-18 05:50:00+03:00,15,A,True,12.444029850746269,1.0,0.0,0.0,0.0,,
2026-07-18 05:50:00+03:00,15,M,False,,,,,,,
2026-07-18 05:50:00+03:00,15,V,True,12.444029850746269,1.0,0.0,0.0,0.0,,
2026-07-18 05:55:00+03:00,15,A,True,12.444029850746269,1.0,0.0,0.0,0.0,,
2026-07-18 05:55:00+03:00,15,M,False,,,,,,,
2026-07-18 05:55:00+03:00,15,V,True,12.444029850746269,1.0,0.0,0.0,0.0,,
2026-07-18 06:00:00+03:00,15,A,True,12.444029850746269,1.0,0.0,0.0,0.0,,
2026-07-18 06:00:00+03:00,15,M,False,,,,,,,
2026-07-18 06:00:00+03:00,15,V,True,12.444029850746269,1.0,0.0,0.0,0.0,,
2026-07-18 06:05:00+03:00,15,A,True,12.444029850746269,1.0,0.0,0.0,0.0,,
2026-07-18 06:05:00+03:00,15,M,False,,,,,,,
2026-07-18 06:05:00+03:00,15,V,True,12.444029850746269,1.0,0.0,0.0,0.0,,
2026-07-18 06:10:00+03:00,15,A,True,12.444029850746269,1.0,0.0,0.0,0.0,,
2026-07-18 06:10:00+03:00,15,M,False,,,,,,,
2026-07-18 06:10:00+03:00,15,V,True,12.444029850746269,1.0,0.0,0.0,0.0,,
2026-07-18 06:15:00+03:00,15,A,True,12.444029850746269,1.0,0.0,0.0,0.0,,
2026-07-18 06:15:00+03:00,15,M,False,,,,,,,
2026-07-18 06:15:00+03:00,15,V,True,12.444029850746269,1.0,0.0,0.0,0.0,,
2026-07-18 06:20:00+03:00,15,A,True,12.444029850746269,1.0,0.0,0.0,0.0,,
2026-07-18 06:20:00+03:00,15,M,False,,,,,,,
2026-07-18 06:20:00+03:00,15,V,True,12.444029850746269,1.0,0.0,0.0,0.0,,
2026-07-18 06:25:00+03:00,15,A,True,12.444029850746269,1.0,0.0,0.0,0.0,,
2026-07-18 06:25:00+03:00,15,M,False,,,,,,,
2026-07-18 06:25:00+03:00,15,V,True,12.444029850746269,1.0,0.0,0.0,0.0,,
2026-07-18 06:30:00+03:00,15,A,True,12.444029850746269,1.0,0.0,0.0,0.0,,
2026-07-18 06:30:00+03:00,15,M,False,,,,,,,
2026-07-18 06:30:00+03:00,15,V,True,12.444029850746269,1.0,0.0,0.0,0.0,,
2026-07-18 06:35:00+03:00,15,A,True,12.444029850746269,1.0,0.0,0.0,0.0,,
2026-07-18 06:35:00+03:00,15,M,False,,,,,,,
2026-07-18 06:35:00+03:00,15,V,True,12.444029850746269,1.0,0.0,0.0,0.0,,
2026-07-18 06:40:00+03:00,15,A,True,12.444029850746269,1.0,0.0,0.0,0.0,,
2026-07-18 06:40:00+03:00,15,M,False,,,,,,,
2026-07-18 06:40:00+03:00,15,V,True,12.444029850746269,1.0,0.0,0.0,0.0,,
2026-07-18 06:45:00+03:00,15,A,True,12.444029850746269,1.0,0.0,0.0,0.0,,
2026-07-18 06:45:00+03:00,15,M,False,,,,,,,
2026-07-18 06:45:00+03:00,15,V,True,12.444029850746269,1.0,0.0,0.0,0.0,,
2026-07-18 06:50:00+03:00,15,A,True,12.444029850746269,1.0,0.0,0.0,0.0,,
2026-07-18 06:50:00+03:00,15,M,False,,,,,,,
2026-07-18 06:50:00+03:00,15,V,True,12.444029850746269,1.0,0.0,0.0,0.0,,
2026-07-18 06:55:00+03:00,15,A,True,12.444029850746269,1.0,0.0,0.0,0.0,,
2026-07-18 06:55:00+03:00,15,M,False,,,,,,,
2026-07-18 06:55:00+03:00,15,V,True,12.444029850746269,1.0,0.0,0.0,0.0,,
2026-07-18 07:00:00+03:00,15,A,True,12.444029850746269,1.0,0.0,0.0,0.0,,
2026-07-18 07:00:00+03:00,15,M,False,,,,,,,
2026-07-18 07:00:00+03:00,15,V,True,12.444029850746269,1.0,0.0,0.0,0.0,,
2026-07-18 07:05:00+03:00,15,A,True,12.444029850746269,1.0,0.0,0.0,0.0,,
2026-07-18 07:05:00+03:00,15,M,False,,,,,,,
2026-07-18 07:05:00+03:00,15,V,True,12.444029850746269,1.0,0.0,0.0,0.0,,
2026-07-18 07:10:00+03:00,15,A,True,12.444029850746269,1.0,0.0,0.0,0.0,,
2026-07-18 07:10:00+03:00,15,M,False,,,,,,,
2026-07-18 07:10:00+03:00,15,V,True,12.444029850746269,1.0,0.0,0.0,0.0,,
2026-07-18 07:15:00+03:00,15,A,True,12.444029850746269,1.0,0.0,0.0,0.0,,
2026-07-18 07:15:00+03:00,15,M,False,,,,,,,
2026-07-18 07:15:00+03:00,15,V,True,12.444029850746269,1.0,0.0,0.0,0.0,,
2026-07-18 07:20:00+03:00,15,A,True,12.444029850746269,1.0,0.0,0.0,0.0,,
2026-07-18 07:20:00+03:00,15,M,False,,,,,,,
2026-07-18 07:20:00+03:00,15,V,True,12.444029850746269,1.0,0.0,0.0,0.0,,
2026-07-18 07:25:00+03:00,15,A,True,12.444029850746269,1.0,0.0,0.0,0.0,,
2026-07-18 07:25:00+03:00,15,M,False,,,,,,,
2026-07-18 07:25:00+03:00,15,V,True,12.444029850746269,1.0,0.0,0.0,0.0,,
2026-07-18 07:30:00+03:00,15,A,True,12.444029850746269,1.0,0.0,0.0,0.0,,
2026-07-18 07:30:00+03:00,15,M,False,,,,,,,
2026-07-18 07:30:00+03:00,15,V,True,12.444029850746269,1.0,0.0,0.0,0.0,,
2026-07-18 07:35:00+03:00,15,A,True,12.444029850746269,1.0,0.0,0.0,0.0,,
2026-07-18 07:35:00+03:00,15,M,False,,,,,,,
2026-07-18 07:35:00+03:00,15,V,True,12.444029850746269,1.0,0.0,0.0,0.0,,
2026-07-18 07:40:00+03:00,15,A,True,12.444029850746269,1.0,0.0,0.0,0.0,,
2026-07-18 07:40:00+03:00,15,M,False,,,,,,,
2026-07-18 07:40:00+03:00,15,V,True,12.444029850746269,1.0,0.0,0.0,0.0,,
2026-07-18 07:45:00+03:00,15,A,True,12.444029850746269,1.0,0.0,0.0,0.0,,
2026-07-18 07:45:00+03:00,15,M,False,,,,,,,
2026-07-18 07:45:00+03:00,15,V,True,12.444029850746269,1.0,0.0,0.0,0.0,,
2026-07-18 07:50:00+03:00,15,A,True,12.444029850746269,1.0,0.0,0.0,0.0,,
2026-07-18 07:50:00+03:00,15,M,False,,,,,,,
2026-07-18 07:50:00+03:00,15,V,True,12.444029850746269,1.0,0.0,0.0,0.0,,
2026-07-18 07:55:00+03:00,15,A,True,12.444029850746269,1.0,0.0,0.0,0.0,,
2026-07-18 07:55:00+03:00,15,M,False,,,,,,,
2026-07-18 07:55:00+03:00,15,V,True,12.444029850746269,1.0,0.0,0.0,0.0,,
2026-07-18 08:00:00+03:00,15,A,True,12.444029850746269,1.0,0.0,0.0,0.0,,
2026-07-18 08:00:00+03:00,15,M,False,,,,,,,
2026-07-18 08:00:00+03:00,15,V,True,12.444029850746269,1.0,0.0,0.0,0.0,,
2026-07-18 08:05:00+03:00,15,A,True,12.444029850746269,1.0,0.0,0.0,0.0,,
2026-07-18 08:05:00+03:00,15,M,False,,,,,,,
2026-07-18 08:05:00+03:00,15,V,True,12.444029850746269,1.0,0.0,0.0,0.0,,
2026-07-18 08:10:00+03:00,15,A,True,12.444029850746269,1.0,0.0,0.0,0.0,,
2026-07-18 08:10:00+03:00,15,M,False,,,,,,,
2026-07-18 08:10:00+03:00,15,V,True,12.444029850746269,1.0,0.0,0.0,0.0,,
2026-07-18 08:15:00+03:00,15,A,True,12.444029850746269,1.0,0.0,0.0,0.0,,
2026-07-18 08:15:00+03:00,15,M,False,,,,,,,
2026-07-18 08:15:00+03:00,15,V,True,12.444029850746269,1.0,0.0,0.0,0.0,,
2026-07-18 08:20:00+03:00,15,A,True,12.444029850746269,1.0,0.0,0.0,0.0,,
2026-07-18 08:20:00+03:00,15,M,False,,,,,,,
2026-07-18 08:20:00+03:00,15,V,True,12.444029850746269,1.0,0.0,0.0,0.0,,
2026-07-18 08:25:00+03:00,15,A,True,12.444029850746269,1.0,0.0,0.0,0.0,,
2026-07-18 08:25:00+03:00,15,M,False,,,,,,,
2026-07-18 08:25:00+03:00,15,V,True,12.444029850746269,1.0,0.0,0.0,0.0,,
2026-07-18 08:30:00+03:00,15,A,True,12.444029850746269,1.0,0.0,0.0,0.0,,
2026-07-18 08:30:00+03:00,15,M,False,,,,,,,
2026-07-18 08:30:00+03:00,15,V,True,12.444029850746269,1.0,0.0,0.0,0.0,,
2026-07-18 08:35:00+03:00,15,A,True,12.444029850746269,1.0,0.0,0.0,0.0,,
2026-07-18 08:35:00+03:00,15,M,False,,,,,,,
2026-07-18 08:35:00+03:00,15,V,True,12.444029850746269,1.0,0.0,0.0,0.0,,
2026-07-18 08:40:00+03:00,15,A,True,12.444029850746269,1.0,0.0,0.0,0.0,,
2026-07-18 08:40:00+03:00,15,M,False,,,,,,,
2026-07-18 08:40:00+03:00,15,V,True,12.444029850746269,1.0,0.0,0.0,0.0,,
2026-07-18 08:45:00+03:00,15,A,True,12.444029850746269,1.0,0.0,0.0,0.0,,
2026-07-18 08:45:00+03:00,15,M,False,,,,,,,
2026-07-18 08:45:00+03:00,15,V,True,12.444029850746269,1.0,0.0,0.0,0.0,,
2026-07-18 08:50:00+03:00,15,A,True,12.444029850746269,1.0,0.0,0.0,0.0,,
2026-07-18 08:50:00+03:00,15,M,False,,,,,,,
2026-07-18 08:50:00+03:00,15,V,True,12.444029850746269,1.0,0.0,0.0,0.0,,
2026-07-18 08:55:00+03:00,15,A,True,12.444029850746269,1.0,0.0,0.0,0.0,,
2026-07-18 08:55:00+03:00,15,M,False,,,,,,,
2026-07-18 08:55:00+03:00,15,V,True,12.444029850746269,1.0,0.0,0.0,0.0,,
2026-07-18 09:00:00+03:00,15,A,True,12.444029850746269,1.0,0.0,0.0,0.0,,
2026-07-18 09:00:00+03:00,15,M,False,,,,,,,
2026-07-18 09:00:00+03:00,15,V,True,12.444029850746269,1.0,0.0,0.0,0.0,,
2026-07-18 09:05:00+03:00,15,A,True,12.444029850746269,1.0,0.0,0.0,0.0,,
2026-07-18 09:05:00+03:00,15,M,False,,,,,,,
2026-07-18 09:05:00+03:00,15,V,True,12.444029850746269,1.0,0.0,0.0,0.0,,
2026-07-18 09:10:00+03:00,15,A,True,12.444029850746269,1.0,0.0,0.0,0.0,,
2026-07-18 09:10:00+03:00,15,M,False,,,,,,,
2026-07-18 09:10:00+03:00,15,V,True,12.444029850746269,1.0,0.0,0.0,0.0,,
2026-07-18 09:15:00+03:00,15,A,True,12.444029850746269,1.0,0.0,0.0,0.0,,
2026-07-18 09:15:00+03:00,15,M,False,,,,,,,
2026-07-18 09:15:00+03:00,15,V,True,12.444029850746269,1.0,0.0,0.0,0.0,,
2026-07-18 09:20:00+03:00,15,A,True,12.444029850746269,1.0,0.0,0.0,0.0,,
2026-07-18 09:20:00+03:00,15,M,False,,,,,,,
2026-07-18 09:20:00+03:00,15,V,True,12.444029850746269,1.0,0.0,0.0,0.0,,
2026-07-18 09:25:00+03:00,15,A,True,12.444029850746269,1.0,0.0,0.0,0.0,,
2026-07-18 09:25:00+03:00,15,M,False,,,,,,,
2026-07-18 09:25:00+03:00,15,V,True,12.444029850746269,1.0,0.0,0.0,0.0,,
2026-07-18 09:30:00+03:00,15,A,True,12.444029850746269,1.0,0.0,0.0,0.0,,
2026-07-18 09:30:00+03:00,15,M,False,,,,,,,
2026-07-18 09:30:00+03:00,15,V,True,12.444029850746269,1.0,0.0,0.0,0.0,,
2026-07-18 09:35:00+03:00,15,A,True,12.444029850746269,1.0,0.0,0.0,0.0,,
2026-07-18 09:35:00+03:00,15,M,False,,,,,,,
2026-07-18 09:35:00+03:00,15,V,True,12.444029850746269,1.0,0.0,0.0,0.0,,
2026-07-18 09:40:00+03:00,15,A,True,12.444029850746269,1.0,0.0,0.0,0.0,,
2026-07-18 09:40:00+03:00,15,M,False,,,,,,,
2026-07-18 09:40:00+03:00,15,V,True,12.444029850746269,1.0,0.0,0.0,0.0,,
2026-07-18 09:45:00+03:00,15,A,True,12.444029850746269,1.0,0.0,0.0,0.0,,
2026-07-18 09:45:00+03:00,15,M,False,,,,,,,
2026-07-18 09:45:00+03:00,15,V,True,12.444029850746269,1.0,0.0,0.0,0.0,,
2026-07-18 09:50:00+03:00,15,A,True,12.444029850746269,1.0,0.0,0.0,0.0,,
2026-07-18 09:50:00+03:00,15,M,False,,,,,,,
2026-07-18 09:50:00+03:00,15,V,True,12.444029850746269,1.0,0.0,0.0,0.0,,
2026-07-18 09:55:00+03:00,15,A,True,12.444029850746269,1.0,0.0,0.0,0.0,,
2026-07-18 09:55:00+03:00,15,M,False,,,,,,,
2026-07-18 09:55:00+03:00,15,V,True,12.444029850746269,1.0,0.0,0.0,0.0,,
2026-07-18 10:00:00+03:00,15,A,True,12.444029850746269,1.0,0.0,0.0,0.0,,
2026-07-18 10:00:00+03:00,15,M,False,,,,,,,
2026-07-18 10:00:00+03:00,15,V,True,12.444029850746269,1.0,0.0,0.0,0.0,,
2026-07-18 10:05:00+03:00,15,A,True,12.444029850746269,1.0,0.0,0.0,0.0,,
2026-07-18 10:05:00+03:00,15,M,False,,,,,,,
2026-07-18 10:05:00+03:00,15,V,True,12.444029850746269,1.0,0.0,0.0,0.0,,
2026-07-18 10:10:00+03:00,15,A,True,12.444029850746269,1.0,0.0,0.0,0.0,,
2026-07-18 10:10:00+03:00,15,M,False,,,,,,,
2026-07-18 10:10:00+03:00,15,V,True,12.444029850746269,1.0,0.0,0.0,0.0,,
2026-07-18 10:15:00+03:00,15,A,True,12.444029850746269,1.0,0.0,0.0,0.0,,
2026-07-18 10:15:00+03:00,15,M,False,,,,,,,
2026-07-18 10:15:00+03:00,15,V,True,12.444029850746269,1.0,0.0,0.0,0.0,,
2026-07-18 10:20:00+03:00,15,A,True,12.444029850746269,1.0,0.0,0.0,0.0,,
2026-07-18 10:20:00+03:00,15,M,False,,,,,,,
2026-07-18 10:20:00+03:00,15,V,True,12.444029850746269,1.0,0.0,0.0,0.0,,
2026-07-18 10:25:00+03:00,15,A,True,12.444029850746269,1.0,0.0,0.0,0.0,,
2026-07-18 10:25:00+03:00,15,M,False,,,,,,,
2026-07-18 10:25:00+03:00,15,V,True,12.444029850746269,1.0,0.0,0.0,0.0,,
2026-07-18 10:30:00+03:00,15,A,True,12.444029850746269,1.0,0.0,0.0,0.0,,
2026-07-18 10:30:00+03:00,15,M,False,,,,,,,
2026-07-18 10:30:00+03:00,15,V,True,12.444029850746269,1.0,0.0,0.0,0.0,,
2026-07-18 10:35:00+03:00,15,A,True,12.444029850746269,1.0,0.0,0.0,0.0,,
2026-07-18 10:35:00+03:00,15,M,False,,,,,,,
2026-07-18 10:35:00+03:00,15,V,True,12.444029850746269,1.0,0.0,0.0,0.0,,
2026-07-18 10:40:00+03:00,15,A,True,12.444029850746269,1.0,0.0,0.0,0.0,,
2026-07-18 10:40:00+03:00,15,M,False,,,,,,,
2026-07-18 10:40:00+03:00,15,V,True,12.444029850746269,1.0,0.0,0.0,0.0,,
2026-07-18 10:45:00+03:00,15,A,True,12.444029850746269,1.0,0.0,0.0,0.0,,
2026-07-18 10:45:00+03:00,15,M,False,,,,,,,
2026-07-18 10:45:00+03:00,15,V,True,12.444029850746269,1.0,0.0,0.0,0.0,,
2026-07-18 10:50:00+03:00,15,A,True,12.444029850746269,1.0,0.0,0.0,0.0,,
2026-07-18 10:50:00+03:00,15,M,False,,,,,,,
2026-07-18 10:50:00+03:00,15,V,True,12.444029850746269,1.0,0.0,0.0,0.0,,
2026-07-18 10:55:00+03:00,15,A,True,12.444029850746269,1.0,0.0,0.0,0.0,,
2026-07-18 10:55:00+03:00,15,M,False,,,,,,,
2026-07-18 10:55:00+03:00,15,V,True,12.444029850746269,1.0,0.0,0.0,0.0,,
2026-07-18 11:00:00+03:00,15,A,True,12.444029850746269,1.0,0.0,0.0,0.0,,
2026-07-18 11:00:00+03:00,15,M,False,,,,,,,
2026-07-18 11:00:00+03:00,15,V,True,12.444029850746269,1.0,0.0,0.0,0.0,,
2026-07-18 11:05:00+03:00,15,A,True,12.444029850746269,1.0,0.0,0.0,0.0,,
2026-07-18 11:05:00+03:00,15,M,False,,,,,,,
2026-07-18 11:05:00+03:00,15,V,True,12.444029850746269,1.0,0.0,0.0,0.0,,
2026-07-18 11:10:00+03:00,15,A,True,12.444029850746269,1.0,0.0,0.0,0.0,,
2026-07-18 11:10:00+03:00,15,M,False,,,,,,,
2026-07-18 11:10:00+03:00,15,V,True,12.444029850746269,1.0,0.0,0.0,0.0,,
2026-07-18 11:15:00+03:00,15,A,True,12.444029850746269,1.0,0.0,0.0,0.0,,
2026-07-18 11:15:00+03:00,15,M,False,,,,,,,
2026-07-18 11:15:00+03:00,15,V,True,12.444029850746269,1.0,0.0,0.0,0.0,,
2026-07-18 11:20:00+03:00,15,A,True,12.444029850746269,1.0,0.0,0.0,0.0,,
2026-07-18 11:20:00+03:00,15,M,False,,,,,,,
2026-07-18 11:20:00+03:00,15,V,True,12.444029850746269,1.0,0.0,0.0,0.0,,
2026-07-18 11:25:00+03:00,15,A,True,12.444029850746269,1.0,0.0,0.0,0.0,,
2026-07-18 11:25:00+03:00,15,M,False,,,,,,,
2026-07-18 11:25:00+03:00,15,V,True,12.444029850746269,1.0,0.0,0.0,0.0,,
2026-07-18 11:30:00+03:00,15,A,True,12.444029850746269,1.0,0.0,0.0,0.0,,
2026-07-18 11:30:00+03:00,15,M,False,,,,,,,
2026-07-18 11:30:00+03:00,15,V,True,12.444029850746269,1.0,0.0,0.0,0.0,,
2026-07-18 11:35:00+03:00,15,A,True,12.444029850746269,1.0,0.0,0.0,0.0,,
2026-07-18 11:35:00+03:00,15,M,False,,,,,,,
2026-07-18 11:35:00+03:00,15,V,True,12.444029850746269,1.0,0.0,0.0,0.0,,
2026-07-18 11:40:00+03:00,15,A,True,12.444029850746269,1.0,0.0,0.0,0.0,,
2026-07-18 11:40:00+03:00,15,M,False,,,,,,,
2026-07-18 11:40:00+03:00,15,V,True,12.444029850746269,1.0,0.0,0.0,0.0,,
2026-07-18 11:45:00+03:00,15,A,True,12.444029850746269,1.0,0.0,0.0,0.0,,
2026-07-18 11:45:00+03:00,15,M,False,,,,,,,
2026-07-18 11:45:00+03:00,15,V,True,12.444029850746269,1.0,0.0,0.0,0.0,,
2026-07-18 11:50:00+03:00,15,A,True,12.444029850746269,1.0,0.0,0.0,0.0,,
2026-07-18 11:50:00+03:00,15,M,False,,,,,,,
2026-07-18 11:50:00+03:00,15,V,True,12.444029850746269,1.0,0.0,0.0,0.0,,
2026-07-18 11:55:00+03:00,15,A,True,12.444029850746269,1.0,0.0,0.0,0.0,,
2026-07-18 11:55:00+03:00,15,M,False,,,,,,,
2026-07-18 11:55:00+03:00,15,V,True,12.444029850746269,1.0,0.0,0.0,0.0,,
2026-07-18 12:00:00+03:00,15,A,True,12.444029850746269,1.0,0.0,0.0,0.0,,
2026-07-18 12:00:00+03:00,15,M,False,,,,,,,
2026-07-18 12:00:00+03:00,15,V,True,12.444029850746269,1.0,0.0,0.0,0.0,,
2026-07-18 12:05:00+03:00,15,A,True,12.444029850746269,1.0,0.0,0.0,0.0,,
2026-07-18 12:05:00+03:00,15,M,False,,,,,,,
2026-07-18 12:05:00+03:00,15,V,True,12.444029850746269,1.0,0.0,0.0,0.0,,
2026-07-18 12:10:00+03:00,15,A,True,12.444029850746269,1.0,0.0,0.0,0.0,,
2026-07-18 12:10:00+03:00,15,M,False,,,,,,,
2026-07-18 12:10:00+03:00,15,V,True,12.444029850746269,1.0,0.0,0.0,0.0,,
2026-07-18 12:15:00+03:00,15,A,True,12.444029850746269,1.0,0.0,0.0,0.0,,
2026-07-18 12:15:00+03:00,15,M,False,,,,,,,
2026-07-18 12:15:00+03:00,15,V,True,12.444029850746269,1.0,0.0,0.0,0.0,,
2026-07-18 12:20:00+03:00,15,A,True,12.444029850746269,1.0,0.0,0.0,0.0,,
2026-07-18 12:20:00+03:00,15,M,False,,,,,,,
2026-07-18 12:20:00+03:00,15,V,True,12.444029850746269,1.0,0.0,0.0,0.0,,
2026-07-18 12:25:00+03:00,15,A,True,12.444029850746269,1.0,0.0,0.0,0.0,,
2026-07-18 12:25:00+03:00,15,M,False,,,,,,,
2026-07-18 12:25:00+03:00,15,V,True,12.444029850746269,1.0,0.0,0.0,0.0,,
2026-07-18 12:30:00+03:00,15,A,True,12.444029850746269,1.0,0.0,0.0,0.0,,
2026-07-18 12:30:00+03:00,15,M,False,,,,,,,
2026-07-18 12:30:00+03:00,15,V,True,12.444029850746269,1.0,0.0,0.0,0.0,,
2026-07-18 12:35:00+03:00,15,A,True,12.444029850746269,1.0,0.0,0.0,0.0,,
2026-07-18 12:35:00+03:00,15,M,False,,,,,,,
2026-07-18 12:35:00+03:00,15,V,True,12.444029850746269,1.0,0.0,0.0,0.0,,
2026-07-18 12:40:00+03:00,15,A,True,12.444029850746269,1.0,0.0,0.0,0.0,,
2026-07-18 12:40:00+03:00,15,M,False,,,,,,,
2026-07-18 12:40:00+03:00,15,V,True,12.444029850746269,1.0,0.0,0.0,0.0,,
2026-07-18 12:45:00+03:00,15,A,True,12.444029850746269,1.0,0.0,0.0,0.0,,
2026-07-18 12:45:00+03:00,15,M,False,,,,,,,
2026-07-18 12:45:00+03:00,15,V,True,12.444029850746269,1.0,0.0,0.0,0.0,,
2026-07-18 12:50:00+03:00,15,A,True,12.444029850746269,1.0,0.0,0.0,0.0,,
2026-07-18 12:50:00+03:00,15,M,False,,,,,,,
2026-07-18 12:50:00+03:00,15,V,True,12.444029850746269,1.0,0.0,0.0,0.0,,
2026-07-18 12:55:00+03:00,15,A,True,12.444029850746269,1.0,0.0,0.0,0.0,,
2026-07-18 12:55:00+03:00,15,M,False,,,,,,,
2026-07-18 12:55:00+03:00,15,V,True,12.444029850746269,1.0,0.0,0.0,0.0,,
2026-07-18 13:00:00+03:00,15,A,True,12.444029850746269,1.0,0.0,0.0,0.0,,
2026-07-18 13:00:00+03:00,15,M,False,,,,,,,
2026-07-18 13:00:00+03:00,15,V,True,12.444029850746269,1.0,0.0,0.0,0.0,,
2026-07-18 13:05:00+03:00,15,A,True,12.444029850746269,1.0,0.0,0.0,0.0,,
2026-07-18 13:05:00+03:00,15,M,False,,,,,,,
2026-07-18 13:05:00+03:00,15,V,True,12.444029850746269,1.0,0.0,0.0,0.0,,
2026-07-18 13:10:00+03:00,15,A,True,12.444029850746269,1.0,0.0,0.0,0.0,,
2026-07-18 13:10:00+03:00,15,M,False,,,,,,,
2026-07-18 13:10:00+03:00,15,V,True,12.444029850746269,1.0,0.0,0.0,0.0,,
2026-07-18 13:15:00+03:00,15,A,True,12.444029850746269,1.0,0.0,0.0,0.0,,
2026-07-18 13:15:00+03:00,15,M,False,,,,,,,
2026-07-18 13:15:00+03:00,15,V,True,12.444029850746269,1.0,0.0,0.0,0.0,,
2026-07-18 13:20:00+03:00,15,A,True,12.444029850746269,1.0,0.0,0.0,0.0,,
2026-07-18 13:20:00+03:00,15,M,False,,,,,,,
2026-07-18 13:20:00+03:00,15,V,True,12.444029850746269,1.0,0.0,0.0,0.0,,
2026-07-18 13:25:00+03:00,15,A,True,12.444029850746269,1.0,0.0,0.0,0.0,,
2026-07-18 13:25:00+03:00,15,M,False,,,,,,,
2026-07-18 13:25:00+03:00,15,V,True,12.444029850746269,1.0,0.0,0.0,0.0,,
2026-07-18 13:30:00+03:00,15,A,True,12.444029850746269,1.0,0.0,0.0,0.0,,
2026-07-18 13:30:00+03:00,15,M,False,,,,,,,
2026-07-18 13:30:00+03:00,15,V,True,12.444029850746269,1.0,0.0,0.0,0.0,,
2026-07-18 13:35:00+03:00,15,A,True,12.444029850746269,1.0,0.0,0.0,0.0,,
2026-07-18 13:35:00+03:00,15,M,False,,,,,,,
2026-07-18 13:35:00+03:00,15,V,True,12.444029850746269,1.0,0.0,0.0,0.0,,
2026-07-18 13:40:00+03:00,15,A,True,12.444029850746269,1.0,0.0,0.0,0.0,,
2026-07-18 13:40:00+03:00,15,M,False,,,,,,,
2026-07-18 13:40:00+03:00,15,V,True,12.444029850746269,1.0,0.0,0.0,0.0,,
2026-07-18 13:45:00+03:00,15,A,True,12.444029850746269,1.0,0.0,0.0,0.0,,
2026-07-18 13:45:00+03:00,15,M,False,,,,,,,
2026-07-18 13:45:00+03:00,15,V,True,12.444029850746269,1.0,0.0,0.0,0.0,,
2026-07-18 13:50:00+03:00,15,A,True,12.444029850746269,1.0,0.0,0.0,0.0,,
2026-07-18 13:50:00+03:00,15,M,False,,,,,,,
2026-07-18 13:50:00+03:00,15,V,True,12.444029850746269,1.0,0.0,0.0,0.0,,
2026-07-18 13:55:00+03:00,15,A,True,12.444029850746269,1.0,0.0,0.0,0.0,,
2026-07-18 13:55:00+03:00,15,M,False,,,,,,,
2026-07-18 13:55:00+03:00,15,V,True,12.444029850746269,1.0,0.0,0.0,0.0,,
2026-07-18 14:00:00+03:00,15,A,True,12.444029850746269,1.0,0.0,0.0,0.0,,
2026-07-18 14:00:00+03:00,15,M,False,,,,,,,
2026-07-18 14:00:00+03:00,15,V,True,12.444029850746269,1.0,0.0,0.0,0.0,,
2026-07-18 14:05:00+03:00,15,A,True,12.444029850746269,1.0,0.0,0.0,0.0,,
2026-07-18 14:05:00+03:00,15,M,False,,,,,,,
2026-07-18 14:05:00+03:00,15,V,True,12.444029850746269,1.0,0.0,0.0,0.0,,
2026-07-18 14:10:00+03:00,15,A,True,12.444029850746269,1.0,0.0,0.0,0.0,,
2026-07-18 14:10:00+03:00,15,M,False,,,,,,,
2026-07-18 14:10:00+03:00,15,V,True,12.444029850746269,1.0,0.0,0.0,0.0,,
2026-07-18 14:15:00+03:00,15,A,True,12.444029850746269,1.0,0.0,0.0,0.0,,
2026-07-18 14:15:00+03:00,15,M,False,,,,,,,
2026-07-18 14:15:00+03:00,15,V,True,12.444029850746269,1.0,0.0,0.0,0.0,,
2026-07-18 14:20:00+03:00,15,A,True,12.444029850746269,1.0,0.0,0.0,0.0,,
2026-07-18 14:20:00+03:00,15,M,False,,,,,,,
2026-07-18 14:20:00+03:00,15,V,True,12.444029850746269,1.0,0.0,0.0,0.0,,
2026-07-18 14:25:00+03:00,15,A,True,12.444029850746269,1.0,0.0,0.0,0.0,,
2026-07-18 14:25:00+03:00,15,M,False,,,,,,,
2026-07-18 14:25:00+03:00,15,V,True,12.444029850746269,1.0,0.0,0.0,0.0,,
2026-07-18 14:30:00+03:00,15,A,True,12.444029850746269,1.0,0.0,0.0,0.0,,
2026-07-18 14:30:00+03:00,15,M,False,,,,,,,
2026-07-18 14:30:00+03:00,15,V,True,12.444029850746269,1.0,0.0,0.0,0.0,,
2026-07-18 14:35:00+03:00,15,A,True,12.444029850746269,1.0,0.0,0.0,0.0,,
2026-07-18 14:35:00+03:00,15,M,False,,,,,,,
2026-07-18 14:35:00+03:00,15,V,True,12.444029850746269,1.0,0.0,0.0,0.0,,
2026-07-18 14:40:00+03:00,15,A,True,12.444029850746269,1.0,0.0,0.0,0.0,,
2026-07-18 14:40:00+03:00,15,M,False,,,,,,,
2026-07-18 14:40:00+03:00,15,V,True,12.444029850746269,1.0,0.0,0.0,0.0,,
2026-07-18 14:45:00+03:00,15,A,True,12.444029850746269,1.0,0.0,0.0,0.0,,
2026-07-18 14:45:00+03:00,15,M,False,,,,,,,
2026-07-18 14:45:00+03:00,15,V,True,12.444029850746269,1.0,0.0,0.0,0.0,,
2026-07-18 14:50:00+03:00,15,A,True,12.444029850746269,1.0,0.0,0.0,0.0,,
2026-07-18 14:50:00+03:00,15,M,False,,,,,,,
2026-07-18 14:50:00+03:00,15,V,True,12.444029850746269,1.0,0.0,0.0,0.0,,
2026-07-18 14:55:00+03:00,15,A,True,12.444029850746269,1.0,0.0,0.0,0.0,,
2026-07-18 14:55:00+03:00,15,M,False,,,,,,,
2026-07-18 14:55:00+03:00,15,V,True,12.444029850746269,1.0,0.0,0.0,0.0,,
2026-07-18 15:00:00+03:00,15,A,True,12.444029850746269,1.0,0.0,0.0,0.0,,
2026-07-18 15:00:00+03:00,15,M,False,,,,,,,
2026-07-18 15:00:00+03:00,15,V,True,12.444029850746269,1.0,0.0,0.0,0.0,,
2026-07-18 15:05:00+03:00,15,A,True,12.444029850746269,1.0,0.0,0.0,0.0,,
2026-07-18 15:05:00+03:00,15,M,False,,,,,,,
2026-07-18 15:05:00+03:00,15,V,True,12.444029850746269,1.0,0.0,0.0,0.0,,
2026-07-18 15:10:00+03:00,15,A,True,12.444029850746269,1.0,0.0,0.0,0.0,,
2026-07-18 15:10:00+03:00,15,M,False,,,,,,,
2026-07-18 15:10:00+03:00,15,V,True,12.444029850746269,1.0,0.0,0.0,0.0,,
2026-07-18 15:15:00+03:00,15,A,True,12.444029850746269,1.0,0.0,0.0,0.0,,
2026-07-18 15:15:00+03:00,15,M,False,,,,,,,
2026-07-18 15:15:00+03:00,15,V,True,12.444029850746269,1.0,0.0,0.0,0.0,,
2026-07-18 15:20:00+03:00,15,A,True,12.444029850746269,1.0,0.0,0.0,0.0,,
2026-07-18 15:20:00+03:00,15,M,False,,,,,,,
2026-07-18 15:20:00+03:00,15,V,True,12.444029850746269,1.0,0.0,0.0,0.0,,
2026-07-18 15:25:00+03:00,15,A,True,12.444029850746269,1.0,0.0,0.0,0.0,,
2026-07-18 15:25:00+03:00,15,M,False,,,,,,,
2026-07-18 15:25:00+03:00,15,V,True,12.444029850746269,1.0,0.0,0.0,0.0,,
2026-07-18 15:30:00+03:00,15,A,True,12.444029850746269,1.0,0.0,0.0,0.0,,
2026-07-18 15:30:00+03:00,15,M,False,,,,,,,
2026-07-18 15:30:00+03:00,15,V,True,12.444029850746269,1.0,0.0,0.0,0.0,,
2026-07-18 15:35:00+03:00,15,A,True,12.444029850746269,1.0,0.0,0.0,0.0,,
2026-07-18 15:35:00+03:00,15,M,False,,,,,,,
2026-07-18 15:35:00+03:00,15,V,True,12.444029850746269,1.0,0.0,0.0,0.0,,
2026-07-18 15:40:00+03:00,15,A,True,12.444029850746269,1.0,0.0,0.0,0.0,,
2026-07-18 15:40:00+03:00,15,M,False,,,,,,,
2026-07-18 15:40:00+03:00,15,V,True,12.444029850746269,1.0,0.0,0.0,0.0,,
2026-07-18 15:45:00+03:00,15,A,True,12.444029850746269,1.0,0.0,0.0,0.0,,
2026-07-18 15:45:00+03:00,15,M,False,,,,,,,
2026-07-18 15:45:00+03:00,15,V,True,12.444029850746269,1.0,0.0,0.0,0.0,,
2026-07-18 15:50:00+03:00,15,A,True,12.444029850746269,1.0,0.0,0.0,0.0,,
2026-07-18 15:50:00+03:00,15,M,False,,,,,,,
2026-07-18 15:50:00+03:00,15,V,True,12.444029850746269,1.0,0.0,0.0,0.0,,
2026-07-18 15:55:00+03:00,15,A,True,12.444029850746269,1.0,0.0,0.0,0.0,,
2026-07-18 15:55:00+03:00,15,M,False,,,,,,,
2026-07-18 15:55:00+03:00,15,V,True,12.444029850746269,1.0,0.0,0.0,0.0,,
2026-07-18 16:00:00+03:00,15,A,True,12.444029850746269,1.0,0.0,0.0,0.0,,
2026-07-18 16:00:00+03:00,15,M,False,,,,,,,
2026-07-18 16:00:00+03:00,15,V,True,12.444029850746269,1.0,0.0,0.0,0.0,,
2026-07-18 16:05:00+03:00,15,A,True,12.444029850746269,1.0,0.0,0.0,0.0,,
2026-07-18 16:05:00+03:00,15,M,False,,,,,,,
2026-07-18 16:05:00+03:00,15,V,True,12.444029850746269,1.0,0.0,0.0,0.0,,
2026-07-18 16:10:00+03:00,15,A,True,12.444029850746269,1.0,0.0,0.0,0.0,,
2026-07-18 16:10:00+03:00,15,M,False,,,,,,,
2026-07-18 16:10:00+03:00,15,V,True,12.444029850746269,1.0,0.0,0.0,0.0,,
2026-07-18 16:15:00+03:00,15,A,True,12.444029850746269,1.0,0.0,0.0,0.0,,
2026-07-18 16:15:00+03:00,15,M,False,,,,,,,
2026-07-18 16:15:00+03:00,15,V,True,12.444029850746269,1.0,0.0,0.0,0.0,,
2026-07-18 16:20:00+03:00,15,A,True,12.444029850746269,1.0,0.0,0.0,0.0,,
2026-07-18 16:20:00+03:00,15,M,False,,,,,,,
2026-07-18 16:20:00+03:00,15,V,True,12.444029850746269,1.0,0.0,0.0,0.0,,
2026-07-18 16:25:00+03:00,15,A,True,12.444029850746269,1.0,0.0,0.0,0.0,,
2026-07-18 16:25:00+03:00,15,M,False,,,,,,,
2026-07-18 16:25:00+03:00,15,V,True,12.444029850746269,1.0,0.0,0.0,0.0,,
2026-07-18 16:30:00+03:00,15,A,True,12.444029850746269,1.0,0.0,0.0,0.0,,
2026-07-18 16:30:00+03:00,15,M,False,,,,,,,
2026-07-18 16:30:00+03:00,15,V,True,12.444029850746269,1.0,0.0,0.0,0.0,,
2026-07-18 16:35:00+03:00,15,A,True,12.444029850746269,1.0,0.0,0.0,0.0,,
2026-07-18 16:35:00+03:00,15,M,False,,,,,,,
2026-07-18 16:35:00+03:00,15,V,True,12.444029850746269,1.0,0.0,0.0,0.0,,
2026-07-18 16:40:00+03:00,15,A,True,12.444029850746269,1.0,0.0,0.0,0.0,,
2026-07-18 16:40:00+03:00,15,M,False,,,,,,,
2026-07-18 16:40:00+03:00,15,V,True,12.444029850746269,1.0,0.0,0.0,0.0,,
2026-07-18 16:45:00+03:00,15,A,True,12.444029850746269,1.0,0.0,0.0,0.0,,
2026-07-18 16:45:00+03:00,15,M,False,,,,,,,
2026-07-18 16:45:00+03:00,15,V,True,12.444029850746269,1.0,0.0,0.0,0.0,,
2026-07-18 16:50:00+03:00,15,A,True,12.444029850746269,1.0,0.0,0.0,0.0,,
2026-07-18 16:50:00+03:00,15,M,False,,,,,,,
2026-07-18 16:50:00+03:00,15,V,True,12.444029850746269,1.0,0.0,0.0,0.0,,
2026-07-18 16:55:00+03:00,15,A,True,12.444029850746269,1.0,0.0,0.0,0.0,,
2026-07-18 16:55:00+03:00,15,M,False,,,,,,,
2026-07-18 16:55:00+03:00,15,V,True,12.444029850746269,1.0,0.0,0.0,0.0,,
2026-07-18 17:00:00+03:00,15,A,True,12.444029850746269,1.0,0.0,0.0,0.0,,
2026-07-18 17:00:00+03:00,15,M,False,,,,,,,
2026-07-18 17:00:00+03:00,15,V,True,12.444029850746269,1.0,0.0,0.0,0.0,,
2026-07-18 17:05:00+03:00,15,A,True,12.444029850746269,1.0,0.0,0.0,0.0,,
2026-07-18 17:05:00+03:00,15,M,False,,,,,,,
2026-07-18 17:05:00+03:00,15,V,True,12.444029850746269,1.0,0.0,0.0,0.0,,
2026-07-18 17:10:00+03:00,15,A,True,12.444029850746269,1.0,0.0,0.0,0.0,,
2026-07-18 17:10:00+03:00,15,M,False,,,,,,,
2026-07-18 17:10:00+03:00,15,V,True,12.444029850746269,1.0,0.0,0.0,0.0,,
2026-07-18 17:15:00+03:00,15,A,True,12.444029850746269,1.0,0.0,0.0,0.0,,
2026-07-18 17:15:00+03:00,15,M,False,,,,,,,
2026-07-18 17:15:00+03:00,15,V,True,12.444029850746269,1.0,0.0,0.0,0.0,,
2026-07-18 17:20:00+03:00,15,A,True,12.444029850746269,1.0,0.0,0.0,0.0,,
2026-07-18 17:20:00+03:00,15,M,False,,,,,,,
2026-07-18 17:20:00+03:00,15,V,True,12.444029850746269,1.0,0.0,0.0,0.0,,
2026-07-18 17:25:00+03:00,15,A,True,12.444029850746269,1.0,0.0,0.0,0.0,,
2026-07-18 17:25:00+03:00,15,M,False,,,,,,,
2026-07-18 17:25:00+03:00,15,V,True,12.444029850746269,1.0,0.0,0.0,0.0,,
2026-07-18 17:30:00+03:00,15,A,True,12.444029850746269,1.0,0.0,0.0,0.0,,
2026-07-18 17:30:00+03:00,15,M,False,,,,,,,
2026-07-18 17:30:00+03:00,15,V,True,12.444029850746269,1.0,0.0,0.0,0.0,,
2026-07-18 17:35:00+03:00,15,A,True,12.444029850746269,1.0,0.0,0.0,0.0,,
2026-07-18 17:35:00+03:00,15,M,False,,,,,,,
2026-07-18 17:35:00+03:00,15,V,True,12.444029850746269,1.0,0.0,0.0,0.0,,
2026-07-18 17:40:00+03:00,15,A,True,12.608597636148447,0.9937249215443931,0.0062750784556069306,0.0,0.0,,
2026-07-18 17:40:00+03:00,15,M,False,,,,,,,
2026-07-18 17:40:00+03:00,15,V,True,12.444029850746269,1.0,0.0,0.0,0.0,,
2026-07-18 17:45:00+03:00,15,A,True,13.776200099335616,0.9491358693440756,0.050864130655924454,0.0,0.0,,
2026-07-18 17:45:00+03:00,15,M,False,,,,,,,
2026-07-18 17:45:00+03:00,15,V,True,12.444029850746269,1.0,0.0,0.0,0.0,,
2026-07-18 17:50:00+03:00,15,A,True,14.296397505457401,0.9292320442199706,0.07076795578002937,0.0,0.0,,
2026-07-18 17:50:00+03:00,15,M,False,,,,,,,
2026-07-18 17:50:00+03:00,15,V,True,12.444029850746269,1.0,0.0,0.0,0.0,,
2026-07-18 17:55:00+03:00,15,A,True,13.33916062796971,0.9658396657307943,0.03416033426920571,0.0,0.0,,
2026-07-18 17:55:00+03:00,15,M,False,,,,,,,
2026-07-18 17:55:00+03:00,15,V,True,12.444029850746269,1.0,0.0,0.0,0.0,,
2026-07-18 18:00:00+03:00,15,A,True,12.444029850746269,1.0,0.0,0.0,0.0,,
2026-07-18 18:00:00+03:00,15,M,False,,,,,,,
2026-07-18 18:00:00+03:00,15,V,True,12.444029850746269,1.0,0.0,0.0,0.0,,
2026-07-18 18:05:00+03:00,15,A,True,12.444029850746269,1.0,0.0,0.0,0.0,,
2026-07-18 18:05:00+03:00,15,M,False,,,,,,,
2026-07-18 18:05:00+03:00,15,V,True,12.444029850746269,1.0,0.0,0.0,0.0,,
2026-07-18 18:10:00+03:00,15,A,True,12.444029850746269,1.0,0.0,0.0,0.0,,
2026-07-18 18:10:00+03:00,15,M,False,,,,,,,
2026-07-18 18:10:00+03:00,15,V,True,12.444029850746269,1.0,0.0,0.0,0.0,,
2026-07-18 18:15:00+03:00,15,A,True,12.444029850746269,1.0,0.0,0.0,0.0,,
2026-07-18 18:15:00+03:00,15,M,False,,,,,,,
2026-07-18 18:15:00+03:00,15,V,True,12.444029850746269,1.0,0.0,0.0,0.0,,
2026-07-18 18:20:00+03:00,15,A,True,12.444029850746269,1.0,0.0,0.0,0.0,,
2026-07-18 18:20:00+03:00,15,M,False,,,,,,,
2026-07-18 18:20:00+03:00,15,V,True,12.444029850746269,1.0,0.0,0.0,0.0,,
2026-07-18 18:25:00+03:00,15,A,True,12.444029850746269,1.0,0.0,0.0,0.0,,
2026-07-18 18:25:00+03:00,15,M,False,,,,,,,
2026-07-18 18:25:00+03:00,15,V,True,12.444029850746269,1.0,0.0,0.0,0.0,,
2026-07-18 18:30:00+03:00,15,A,True,12.444029850746269,1.0,0.0,0.0,0.0,,
2026-07-18 18:30:00+03:00,15,M,False,,,,,,,
2026-07-18 18:30:00+03:00,15,V,True,12.444029850746269,1.0,0.0,0.0,0.0,,
2026-07-18 18:35:00+03:00,15,A,True,12.444029850746269,1.0,0.0,0.0,0.0,,
2026-07-18 18:35:00+03:00,15,M,False,,,,,,,
2026-07-18 18:35:00+03:00,15,V,True,12.444029850746269,1.0,0.0,0.0,0.0,,
2026-07-18 18:40:00+03:00,15,A,True,12.444029850746269,1.0,0.0,0.0,0.0,,
2026-07-18 18:40:00+03:00,15,M,False,,,,,,,
2026-07-18 18:40:00+03:00,15,V,True,12.444029850746269,1.0,0.0,0.0,0.0,,
2026-07-18 18:45:00+03:00,15,A,True,12.444029850746269,1.0,0.0,0.0,0.0,,
2026-07-18 18:45:00+03:00,15,M,False,,,,,,,
2026-07-18 18:45:00+03:00,15,V,True,12.444029850746269,1.0,0.0,0.0,0.0,,
2026-07-18 18:50:00+03:00,15,A,True,12.444029850746269,1.0,0.0,0.0,0.0,,
2026-07-18 18:50:00+03:00,15,M,False,,,,,,,
2026-07-18 18:50:00+03:00,15,V,True,12.444029850746269,1.0,0.0,0.0,0.0,,
2026-07-18 18:55:00+03:00,15,A,True,12.444029850746269,1.0,0.0,0.0,0.0,,
2026-07-18 18:55:00+03:00,15,M,False,,,,,,,
2026-07-18 18:55:00+03:00,15,V,True,12.444029850746269,1.0,0.0,0.0,0.0,,
2026-07-18 19:00:00+03:00,15,A,True,12.444029850746269,1.0,0.0,0.0,0.0,,
2026-07-18 19:00:00+03:00,15,M,False,,,,,,,
2026-07-18 19:00:00+03:00,15,V,True,12.444029850746269,1.0,0.0,0.0,0.0,,
2026-07-18 19:05:00+03:00,15,A,True,12.444029850746269,1.0,0.0,0.0,0.0,,
2026-07-18 19:05:00+03:00,15,M,False,,,,,,,
2026-07-18 19:05:00+03:00,15,V,True,12.444029850746269,1.0,0.0,0.0,0.0,,
2026-07-18 19:10:00+03:00,15,A,True,12.444029850746269,1.0,0.0,0.0,0.0,,
2026-07-18 19:10:00+03:00,15,M,False,,,,,,,
2026-07-18 19:10:00+03:00,15,V,True,12.444029850746269,1.0,0.0,0.0,0.0,,
2026-07-18 19:15:00+03:00,15,A,True,12.444029850746269,1.0,0.0,0.0,0.0,,
2026-07-18 19:15:00+03:00,15,M,False,,,,,,,
2026-07-18 19:15:00+03:00,15,V,True,12.444029850746269,1.0,0.0,0.0,0.0,,
2026-07-18 19:20:00+03:00,15,A,True,12.444029850746269,1.0,0.0,0.0,0.0,,
2026-07-18 19:20:00+03:00,15,M,False,,,,,,,
2026-07-18 19:20:00+03:00,15,V,True,12.444029850746269,1.0,0.0,0.0,0.0,,
2026-07-18 19:25:00+03:00,15,A,True,12.444029850746269,1.0,0.0,0.0,0.0,,
2026-07-18 19:25:00+03:00,15,M,False,,,,,,,
2026-07-18 19:25:00+03:00,15,V,True,12.444029850746269,1.0,0.0,0.0,0.0,,
2026-07-18 19:30:00+03:00,15,A,True,12.444029850746269,1.0,0.0,0.0,0.0,,
2026-07-18 19:30:00+03:00,15,M,False,,,,,,,
2026-07-18 19:30:00+03:00,15,V,True,12.444029850746269,1.0,0.0,0.0,0.0,,
2026-07-18 19:35:00+03:00,15,A,True,12.444029850746269,1.0,0.0,0.0,0.0,,
2026-07-18 19:35:00+03:00,15,M,False,,,,,,,
2026-07-18 19:35:00+03:00,15,V,True,12.444029850746269,1.0,0.0,0.0,0.0,,
2026-07-18 19:40:00+03:00,15,A,True,12.444029850746269,1.0,0.0,0.0,0.0,,
2026-07-18 19:40:00+03:00,15,M,False,,,,,,,
2026-07-18 19:40:00+03:00,15,V,True,12.444029850746269,1.0,0.0,0.0,0.0,,
2026-07-18 19:45:00+03:00,15,A,True,12.444029850746269,1.0,0.0,0.0,0.0,,
2026-07-18 19:45:00+03:00,15,M,False,,,,,,,
2026-07-18 19:45:00+03:00,15,V,True,12.444029850746269,1.0,0.0,0.0,0.0,,
2026-07-18 19:50:00+03:00,15,A,True,12.444029850746269,1.0,0.0,0.0,0.0,,
2026-07-18 19:50:00+03:00,15,M,False,,,,,,,
2026-07-18 19:50:00+03:00,15,V,True,12.444029850746269,1.0,0.0,0.0,0.0,,
2026-07-18 19:55:00+03:00,15,A,True,12.444029850746269,1.0,0.0,0.0,0.0,,
2026-07-18 19:55:00+03:00,15,M,False,,,,,,,
2026-07-18 19:55:00+03:00,15,V,True,12.444029850746269,1.0,0.0,0.0,0.0,,
2026-07-18 20:00:00+03:00,15,A,True,12.444029850746269,1.0,0.0,0.0,0.0,,
2026-07-18 20:00:00+03:00,15,M,False,,,,,,,
2026-07-18 20:00:00+03:00,15,V,True,12.444029850746269,1.0,0.0,0.0,0.0,,
2026-07-18 20:05:00+03:00,15,A,True,12.444029850746269,1.0,0.0,0.0,0.0,,
2026-07-18 20:05:00+03:00,15,M,False,,,,,,,
2026-07-18 20:05:00+03:00,15,V,True,12.444029850746269,1.0,0.0,0.0,0.0,,
2026-07-18 20:10:00+03:00,15,A,True,12.444029850746269,1.0,0.0,0.0,0.0,,
2026-07-18 20:10:00+03:00,15,M,False,,,,,,,
2026-07-18 20:10:00+03:00,15,V,True,12.444029850746269,1.0,0.0,0.0,0.0,,
2026-07-18 20:15:00+03:00,15,A,True,12.444029850746269,1.0,0.0,0.0,0.0,,
2026-07-18 20:15:00+03:00,15,M,False,,,,,,,
2026-07-18 20:15:00+03:00,15,V,True,12.444029850746269,1.0,0.0,0.0,0.0,,
2026-07-18 20:20:00+03:00,15,A,True,12.444029850746269,1.0,0.0,0.0,0.0,,
2026-07-18 20:20:00+03:00,15,M,False,,,,,,,
2026-07-18 20:20:00+03:00,15,V,True,12.444029850746269,1.0,0.0,0.0,0.0,,
2026-07-18 20:25:00+03:00,15,A,True,12.444029850746269,1.0,0.0,0.0,0.0,,
2026-07-18 20:25:00+03:00,15,M,False,,,,,,,
2026-07-18 20:25:00+03:00,15,V,True,12.444029850746269,1.0,0.0,0.0,0.0,,
2026-07-18 20:30:00+03:00,15,A,True,12.444029850746269,1.0,0.0,0.0,0.0,,
2026-07-18 20:30:00+03:00,15,M,False,,,,,,,
2026-07-18 20:30:00+03:00,15,V,True,12.444029850746269,1.0,0.0,0.0,0.0,,
2026-07-18 20:35:00+03:00,15,A,True,12.444029850746269,1.0,0.0,0.0,0.0,,
2026-07-18 20:35:00+03:00,15,M,False,,,,,,,
2026-07-18 20:35:00+03:00,15,V,True,12.444029850746269,1.0,0.0,0.0,0.0,,
2026-07-18 20:40:00+03:00,15,A,True,12.444029850746269,1.0,0.0,0.0,0.0,,
2026-07-18 20:40:00+03:00,15,M,False,,,,,,,
2026-07-18 20:40:00+03:00,15,V,True,12.444029850746269,1.0,0.0,0.0,0.0,,
2026-07-18 20:45:00+03:00,15,A,True,12.444029850746269,1.0,0.0,0.0,0.0,,
2026-07-18 20:45:00+03:00,15,M,False,,,,,,,
2026-07-18 20:45:00+03:00,15,V,True,12.444029850746269,1.0,0.0,0.0,0.0,,
2026-07-18 20:50:00+03:00,15,A,True,12.444029850746269,1.0,0.0,0.0,0.0,,
2026-07-18 20:50:00+03:00,15,M,False,,,,,,,
2026-07-18 20:50:00+03:00,15,V,True,12.444029850746269,1.0,0.0,0.0,0.0,,
2026-07-18 20:55:00+03:00,15,A,True,12.444029850746269,1.0,0.0,0.0,0.0,,
2026-07-18 20:55:00+03:00,15,M,False,,,,,,,
2026-07-18 20:55:00+03:00,15,V,True,12.444029850746269,1.0,0.0,0.0,0.0,,
2026-07-18 21:00:00+03:00,15,A,True,12.444029850746269,1.0,0.0,0.0,0.0,,
2026-07-18 21:00:00+03:00,15,M,False,,,,,,,
2026-07-18 21:00:00+03:00,15,V,True,12.444029850746269,1.0,0.0,0.0,0.0,,
2026-07-18 21:05:00+03:00,15,A,True,12.444029850746269,1.0,0.0,0.0,0.0,,
2026-07-18 21:05:00+03:00,15,M,False,,,,,,,
2026-07-18 21:05:00+03:00,15,V,True,12.444029850746269,1.0,0.0,0.0,0.0,,
2026-07-18 21:10:00+03:00,15,A,True,12.444029850746269,1.0,0.0,0.0,0.0,,
2026-07-18 21:10:00+03:00,15,M,False,,,,,,,
2026-07-18 21:10:00+03:00,15,V,True,12.444029850746269,1.0,0.0,0.0,0.0,,
2026-07-18 21:15:00+03:00,15,A,True,12.444029850746269,1.0,0.0,0.0,0.0,,
2026-07-18 21:15:00+03:00,15,M,False,,,,,,,
2026-07-18 21:15:00+03:00,15,V,True,12.444029850746269,1.0,0.0,0.0,0.0,,
2026-07-18 21:20:00+03:00,15,A,True,12.444029850746269,1.0,0.0,0.0,0.0,,
2026-07-18 21:20:00+03:00,15,M,False,,,,,,,
2026-07-18 21:20:00+03:00,15,V,True,12.444029850746269,1.0,0.0,0.0,0.0,,
2026-07-18 21:25:00+03:00,15,A,True,12.444029850746269,1.0,0.0,0.0,0.0,,
2026-07-18 21:25:00+03:00,15,M,False,,,,,,,
2026-07-18 21:25:00+03:00,15,V,True,12.444029850746269,1.0,0.0,0.0,0.0,,
2026-07-18 21:30:00+03:00,15,A,True,12.444029850746269,1.0,0.0,0.0,0.0,,
2026-07-18 21:30:00+03:00,15,M,False,,,,,,,
2026-07-18 21:30:00+03:00,15,V,True,12.444029850746269,1.0,0.0,0.0,0.0,,
2026-07-18 21:35:00+03:00,15,A,True,12.444029850746269,1.0,0.0,0.0,0.0,,
2026-07-18 21:35:00+03:00,15,M,False,,,,,,,
2026-07-18 21:35:00+03:00,15,V,True,12.444029850746269,1.0,0.0,0.0,0.0,,
2026-07-18 21:40:00+03:00,15,A,True,12.444029850746269,1.0,0.0,0.0,0.0,,
2026-07-18 21:40:00+03:00,15,M,False,,,,,,,
2026-07-18 21:40:00+03:00,15,V,True,12.444029850746269,1.0,0.0,0.0,0.0,,
2026-07-18 21:45:00+03:00,15,A,True,12.444029850746269,1.0,0.0,0.0,0.0,,
2026-07-18 21:45:00+03:00,15,M,False,,,,,,,
2026-07-18 21:45:00+03:00,15,V,True,12.444029850746269,1.0,0.0,0.0,0.0,,
2026-07-18 21:50:00+03:00,15,A,True,12.444029850746269,1.0,0.0,0.0,0.0,,
2026-07-18 21:50:00+03:00,15,M,False,,,,,,,
2026-07-18 21:50:00+03:00,15,V,True,12.444029850746269,1.0,0.0,0.0,0.0,,
2026-07-18 21:55:00+03:00,15,A,True,12.444029850746269,1.0,0.0,0.0,0.0,,
2026-07-18 21:55:00+03:00,15,M,False,,,,,,,
2026-07-18 21:55:00+03:00,15,V,True,12.444029850746269,1.0,0.0,0.0,0.0,,
2026-07-18 22:00:00+03:00,15,A,True,12.444029850746269,1.0,0.0,0.0,0.0,,
2026-07-18 22:00:00+03:00,15,M,False,,,,,,,
2026-07-18 22:00:00+03:00,15,V,True,12.444029850746269,1.0,0.0,0.0,0.0,,
2026-07-18 22:05:00+03:00,15,A,True,12.444029850746269,1.0,0.0,0.0,0.0,,
2026-07-18 22:05:00+03:00,15,M,False,,,,,,,
2026-07-18 22:05:00+03:00,15,V,True,12.444029850746269,1.0,0.0,0.0,0.0,,
2026-07-18 22:10:00+03:00,15,A,True,12.444029850746269,1.0,0.0,0.0,0.0,,
2026-07-18 22:10:00+03:00,15,M,False,,,,,,,
2026-07-18 22:10:00+03:00,15,V,True,12.444029850746269,1.0,0.0,0.0,0.0,,
2026-07-18 22:15:00+03:00,15,A,True,12.444029850746269,1.0,0.0,0.0,0.0,,
2026-07-18 22:15:00+03:00,15,M,False,,,,,,,
2026-07-18 22:15:00+03:00,15,V,True,12.444029850746269,1.0,0.0,0.0,0.0,,
2026-07-18 22:20:00+03:00,15,A,True,12.444029850746269,1.0,0.0,0.0,0.0,,
2026-07-18 22:20:00+03:00,15,M,False,,,,,,,
2026-07-18 22:20:00+03:00,15,V,True,12.444029850746269,1.0,0.0,0.0,0.0,,
2026-07-18 22:25:00+03:00,15,A,True,12.444029850746269,1.0,0.0,0.0,0.0,,
2026-07-18 22:25:00+03:00,15,M,False,,,,,,,
2026-07-18 22:25:00+03:00,15,V,True,12.444029850746269,1.0,0.0,0.0,0.0,,
2026-07-18 22:30:00+03:00,15,A,True,12.444029850746269,1.0,0.0,0.0,0.0,,
2026-07-18 22:30:00+03:00,15,M,False,,,,,,,
2026-07-18 22:30:00+03:00,15,V,True,12.444029850746269,1.0,0.0,0.0,0.0,,
2026-07-18 22:35:00+03:00,15,A,True,12.444029850746269,1.0,0.0,0.0,0.0,,
2026-07-18 22:35:00+03:00,15,M,False,,,,,,,
2026-07-18 22:35:00+03:00,15,V,True,12.444029850746269,1.0,0.0,0.0,0.0,,
2026-07-18 22:40:00+03:00,15,A,True,12.444029850746269,1.0,0.0,0.0,0.0,,
2026-07-18 22:40:00+03:00,15,M,False,,,,,,,
2026-07-18 22:40:00+03:00,15,V,True,12.444029850746269,1.0,0.0,0.0,0.0,,
2026-07-18 22:45:00+03:00,15,A,True,12.444029850746269,1.0,0.0,0.0,0.0,,
2026-07-18 22:45:00+03:00,15,M,False,,,,,,,
2026-07-18 22:45:00+03:00,15,V,True,12.444029850746269,1.0,0.0,0.0,0.0,,
2026-07-18 22:50:00+03:00,15,A,True,12.444029850746269,1.0,0.0,0.0,0.0,,
2026-07-18 22:50:00+03:00,15,M,False,,,,,,,
2026-07-18 22:50:00+03:00,15,V,True,12.444029850746269,1.0,0.0,0.0,0.0,,
2026-07-18 22:55:00+03:00,15,A,True,12.444029850746269,1.0,0.0,0.0,0.0,,
2026-07-18 22:55:00+03:00,15,M,False,,,,,,,
2026-07-18 22:55:00+03:00,15,V,True,12.444029850746269,1.0,0.0,0.0,0.0,,
2026-07-18 23:00:00+03:00,15,A,True,12.444029850746269,1.0,0.0,0.0,0.0,,
2026-07-18 23:00:00+03:00,15,M,False,,,,,,,
2026-07-18 23:00:00+03:00,15,V,True,12.444029850746269,1.0,0.0,0.0,0.0,,
2026-07-18 23:05:00+03:00,15,A,True,12.444029850746269,1.0,0.0,0.0,0.0,,
2026-07-18 23:05:00+03:00,15,M,False,,,,,,,
2026-07-18 23:05:00+03:00,15,V,True,12.444029850746269,1.0,0.0,0.0,0.0,,
2026-07-18 23:10:00+03:00,15,A,True,12.444029850746269,1.0,0.0,0.0,0.0,,
2026-07-18 23:10:00+03:00,15,M,False,,,,,,,
2026-07-18 23:10:00+03:00,15,V,True,12.444029850746269,1.0,0.0,0.0,0.0,,
2026-07-18 23:15:00+03:00,15,A,True,12.444029850746269,1.0,0.0,0.0,0.0,,
2026-07-18 23:15:00+03:00,15,M,False,,,,,,,
2026-07-18 23:15:00+03:00,15,V,True,12.444029850746269,1.0,0.0,0.0,0.0,,
2026-07-18 23:20:00+03:00,15,A,True,12.444029850746269,1.0,0.0,0.0,0.0,,
2026-07-18 23:20:00+03:00,15,M,False,,,,,,,
2026-07-18 23:20:00+03:00,15,V,True,12.444029850746269,1.0,0.0,0.0,0.0,,
2026-07-18 23:25:00+03:00,15,A,True,12.444029850746269,1.0,0.0,0.0,0.0,,
2026-07-18 23:25:00+03:00,15,M,False,,,,,,,
2026-07-18 23:25:00+03:00,15,V,True,12.444029850746269,1.0,0.0,0.0,0.0,,
2026-07-18 23:30:00+03:00,15,A,True,12.444029850746269,1.0,0.0,0.0,0.0,,
2026-07-18 23:30:00+03:00,15,M,False,,,,,,,
2026-07-18 23:30:00+03:00,15,V,True,12.444029850746269,1.0,0.0,0.0,0.0,,
2026-07-18 23:35:00+03:00,15,A,True,12.444029850746269,1.0,0.0,0.0,0.0,,
2026-07-18 23:35:00+03:00,15,M,False,,,,,,,
2026-07-18 23:35:00+03:00,15,V,True,12.444029850746269,1.0,0.0,0.0,0.0,,
2026-07-18 23:40:00+03:00,15,A,True,12.444029850746269,1.0,0.0,0.0,0.0,,
2026-07-18 23:40:00+03:00,15,M,False,,,,,,,
2026-07-18 23:40:00+03:00,15,V,True,12.444029850746269,1.0,0.0,0.0,0.0,,
2026-07-18 23:45:00+03:00,15,A,True,12.444029850746269,1.0,0.0,0.0,0.0,,
2026-07-18 23:45:00+03:00,15,M,False,,,,,,,
2026-07-18 23:45:00+03:00,15,V,True,12.444029850746269,1.0,0.0,0.0,0.0,,
2026-07-18 23:50:00+03:00,15,A,True,12.444029850746269,1.0,0.0,0.0,0.0,,
2026-07-18 23:50:00+03:00,15,M,False,,,,,,,
2026-07-18 23:50:00+03:00,15,V,True,12.444029850746269,1.0,0.0,0.0,0.0,,
2026-07-18 23:55:00+03:00,15,A,True,12.444029850746269,1.0,0.0,0.0,0.0,,
2026-07-18 23:55:00+03:00,15,M,False,,,,,,,
2026-07-18 23:55:00+03:00,15,V,True,12.444029850746269,1.0,0.0,0.0,0.0,,
2026-07-19 00:00:00+03:00,15,A,True,12.444029850746269,1.0,0.0,0.0,0.0,,
2026-07-19 00:00:00+03:00,15,M,False,,,,,,,
2026-07-19 00:00:00+03:00,15,V,True,12.444029850746269,1.0,0.0,0.0,0.0,,
2026-07-19 00:05:00+03:00,15,A,True,12.444029850746269,1.0,0.0,0.0,0.0,,
2026-07-19 00:05:00+03:00,15,M,False,,,,,,,
2026-07-19 00:05:00+03:00,15,V,True,12.444029850746269,1.0,0.0,0.0,0.0,,
2026-07-19 00:10:00+03:00,15,A,True,12.444029850746269,1.0,0.0,0.0,0.0,,
2026-07-19 00:10:00+03:00,15,M,False,,,,,,,
2026-07-19 00:10:00+03:00,15,V,True,12.444029850746269,1.0,0.0,0.0,0.0,,
2026-07-19 00:15:00+03:00,15,A,True,12.444029850746269,1.0,0.0,0.0,0.0,,
2026-07-19 00:15:00+03:00,15,M,False,,,,,,,
2026-07-19 00:15:00+03:00,15,V,True,12.444029850746269,1.0,0.0,0.0,0.0,,
2026-07-19 00:20:00+03:00,15,A,True,12.444029850746269,1.0,0.0,0.0,0.0,,
2026-07-19 00:20:00+03:00,15,M,False,,,,,,,
2026-07-19 00:20:00+03:00,15,V,True,12.444029850746269,1.0,0.0,0.0,0.0,,
2026-07-19 00:25:00+03:00,15,A,True,12.444029850746269,1.0,0.0,0.0,0.0,,
2026-07-19 00:25:00+03:00,15,M,False,,,,,,,
2026-07-19 00:25:00+03:00,15,V,True,12.444029850746269,1.0,0.0,0.0,0.0,,
2026-07-19 00:30:00+03:00,15,A,True,12.444029850746269,1.0,0.0,0.0,0.0,,
2026-07-19 00:30:00+03:00,15,M,False,,,,,,,
2026-07-19 00:30:00+03:00,15,V,True,12.444029850746269,1.0,0.0,0.0,0.0,,
2026-07-19 00:35:00+03:00,15,A,True,12.444029850746269,1.0,0.0,0.0,0.0,,
2026-07-19 00:35:00+03:00,15,M,False,,,,,,,
2026-07-19 00:35:00+03:00,15,V,True,12.444029850746269,1.0,0.0,0.0,0.0,,
2026-07-19 00:40:00+03:00,15,A,True,12.444029850746269,1.0,0.0,0.0,0.0,,
2026-07-19 00:40:00+03:00,15,M,False,,,,,,,
2026-07-19 00:40:00+03:00,15,V,True,12.444029850746269,1.0,0.0,0.0,0.0,,
2026-07-19 00:45:00+03:00,15,A,True,12.444029850746269,1.0,0.0,0.0,0.0,,
2026-07-19 00:45:00+03:00,15,M,False,,,,,,,
2026-07-19 00:45:00+03:00,15,V,True,12.444029850746269,1.0,0.0,0.0,0.0,,
2026-07-19 00:50:00+03:00,15,A,True,12.444029850746269,1.0,0.0,0.0,0.0,,
2026-07-19 00:50:00+03:00,15,M,False,,,,,,,
2026-07-19 00:50:00+03:00,15,V,True,12.444029850746269,1.0,0.0,0.0,0.0,,
2026-07-19 00:55:00+03:00,15,A,True,12.444029850746269,1.0,0.0,0.0,0.0,,
2026-07-19 00:55:00+03:00,15,M,False,,,,,,,
2026-07-19 00:55:00+03:00,15,V,True,12.444029850746269,1.0,0.0,0.0,0.0,,
2026-07-19 01:00:00+03:00,15,A,True,12.444029850746269,1.0,0.0,0.0,0.0,,
2026-07-19 01:00:00+03:00,15,M,False,,,,,,,
2026-07-19 01:00:00+03:00,15,V,True,12.444029850746269,1.0,0.0,0.0,0.0,,
2026-07-19 01:05:00+03:00,15,A,True,12.444029850746269,1.0,0.0,0.0,0.0,,
2026-07-19 01:05:00+03:00,15,M,False,,,,,,,
2026-07-19 01:05:00+03:00,15,V,True,12.444029850746269,1.0,0.0,0.0,0.0,,
2026-07-19 01:10:00+03:00,15,A,True,12.444029850746269,1.0,0.0,0.0,0.0,,
2026-07-19 01:10:00+03:00,15,M,False,,,,,,,
2026-07-19 01:10:00+03:00,15,V,True,12.444029850746269,1.0,0.0,0.0,0.0,,
2026-07-19 01:15:00+03:00,15,A,True,12.444029850746269,1.0,0.0,0.0,0.0,,
2026-07-19 01:15:00+03:00,15,M,False,,,,,,,
2026-07-19 01:15:00+03:00,15,V,True,12.444029850746269,1.0,0.0,0.0,0.0,,
2026-07-19 01:20:00+03:00,15,A,True,12.444029850746269,1.0,0.0,0.0,0.0,,
2026-07-19 01:20:00+03:00,15,M,False,,,,,,,
2026-07-19 01:20:00+03:00,15,V,True,12.444029850746269,1.0,0.0,0.0,0.0,,
2026-07-19 01:25:00+03:00,15,A,True,12.444029850746269,1.0,0.0,0.0,0.0,,
2026-07-19 01:25:00+03:00,15,M,False,,,,,,,
2026-07-19 01:25:00+03:00,15,V,True,12.444029850746269,1.0,0.0,0.0,0.0,,
2026-07-19 01:30:00+03:00,15,A,True,12.444029850746269,1.0,0.0,0.0,0.0,,
2026-07-19 01:30:00+03:00,15,M,False,,,,,,,
2026-07-19 01:30:00+03:00,15,V,True,12.444029850746269,1.0,0.0,0.0,0.0,,
2026-07-19 01:35:00+03:00,15,A,True,12.444029850746269,1.0,0.0,0.0,0.0,,
2026-07-19 01:35:00+03:00,15,M,False,,,,,,,
2026-07-19 01:35:00+03:00,15,V,True,12.444029850746269,1.0,0.0,0.0,0.0,,
2026-07-19 01:40:00+03:00,15,A,True,12.444029850746269,1.0,0.0,0.0,0.0,,
2026-07-19 01:40:00+03:00,15,M,False,,,,,,,
2026-07-19 01:40:00+03:00,15,V,True,12.444029850746269,1.0,0.0,0.0,0.0,,
2026-07-19 01:45:00+03:00,15,A,True,12.444029850746269,1.0,0.0,0.0,0.0,,
2026-07-19 01:45:00+03:00,15,M,False,,,,,,,
2026-07-19 01:45:00+03:00,15,V,True,12.444029850746269,1.0,0.0,0.0,0.0,,
2026-07-19 01:50:00+03:00,15,A,True,12.444029850746269,1.0,0.0,0.0,0.0,,
2026-07-19 01:50:00+03:00,15,M,False,,,,,,,
2026-07-19 01:50:00+03:00,15,V,True,12.444029850746269,1.0,0.0,0.0,0.0,,
2026-07-19 01:55:00+03:00,15,A,True,12.444029850746269,1.0,0.0,0.0,0.0,,
2026-07-19 01:55:00+03:00,15,M,False,,,,,,,
2026-07-19 01:55:00+03:00,15,V,True,12.444029850746269,1.0,0.0,0.0,0.0,,
2026-07-19 02:00:00+03:00,15,A,True,12.444029850746269,1.0,0.0,0.0,0.0,,
2026-07-19 02:00:00+03:00,15,M,False,,,,,,,
2026-07-19 02:00:00+03:00,15,V,True,12.444029850746269,1.0,0.0,0.0,0.0,,
2026-07-19 02:05:00+03:00,15,A,True,12.444029850746269,1.0,0.0,0.0,0.0,,
2026-07-19 02:05:00+03:00,15,M,False,,,,,,,
2026-07-19 02:05:00+03:00,15,V,True,12.444029850746269,1.0,0.0,0.0,0.0,,
2026-07-19 02:10:00+03:00,15,A,True,12.444029850746269,1.0,0.0,0.0,0.0,,
2026-07-19 02:10:00+03:00,15,M,False,,,,,,,
2026-07-19 02:10:00+03:00,15,V,True,12.444029850746269,1.0,0.0,0.0,0.0,,
2026-07-19 02:15:00+03:00,15,A,True,12.444029850746269,1.0,0.0,0.0,0.0,,
2026-07-19 02:15:00+03:00,15,M,False,,,,,,,
2026-07-19 02:15:00+03:00,15,V,True,12.444029850746269,1.0,0.0,0.0,0.0,,
2026-07-19 02:20:00+03:00,15,A,True,12.444029850746269,1.0,0.0,0.0,0.0,,
2026-07-19 02:20:00+03:00,15,M,False,,,,,,,
2026-07-19 02:20:00+03:00,15,V,True,12.444029850746269,1.0,0.0,0.0,0.0,,
2026-07-19 02:25:00+03:00,15,A,True,12.444029850746269,1.0,0.0,0.0,0.0,,
2026-07-19 02:25:00+03:00,15,M,False,,,,,,,
2026-07-19 02:25:00+03:00,15,V,True,12.444029850746269,1.0,0.0,0.0,0.0,,
2026-07-19 02:30:00+03:00,15,A,True,12.444029850746269,1.0,0.0,0.0,0.0,,
2026-07-19 02:30:00+03:00,15,M,False,,,,,,,
2026-07-19 02:30:00+03:00,15,V,True,12.444029850746269,1.0,0.0,0.0,0.0,,
2026-07-19 02:35:00+03:00,15,A,True,12.444029850746269,1.0,0.0,0.0,0.0,,
2026-07-19 02:35:00+03:00,15,M,False,,,,,,,
2026-07-19 02:35:00+03:00,15,V,True,12.444029850746269,1.0,0.0,0.0,0.0,,
2026-07-19 02:40:00+03:00,15,A,True,12.444029850746269,1.0,0.0,0.0,0.0,,
2026-07-19 02:40:00+03:00,15,M,False,,,,,,,
2026-07-19 02:40:00+03:00,15,V,True,12.444029850746269,1.0,0.0,0.0,0.0,,
2026-07-19 02:45:00+03:00,15,A,True,12.444029850746269,1.0,0.0,0.0,0.0,,
2026-07-19 02:45:00+03:00,15,M,False,,,,,,,
2026-07-19 02:45:00+03:00,15,V,True,12.444029850746269,1.0,0.0,0.0,0.0,,
2026-07-19 02:50:00+03:00,15,A,True,12.444029850746269,1.0,0.0,0.0,0.0,,
2026-07-19 02:50:00+03:00,15,M,False,,,,,,,
2026-07-19 02:50:00+03:00,15,V,True,12.444029850746269,1.0,0.0,0.0,0.0,,
2026-07-19 02:55:00+03:00,15,A,True,12.444029850746269,1.0,0.0,0.0,0.0,,
2026-07-19 02:55:00+03:00,15,M,False,,,,,,,
2026-07-19 02:55:00+03:00,15,V,True,12.444029850746269,1.0,0.0,0.0,0.0,,
2026-07-19 03:00:00+03:00,15,A,True,12.444029850746269,1.0,0.0,0.0,0.0,,
2026-07-19 03:00:00+03:00,15,M,False,,,,,,,
2026-07-19 03:00:00+03:00,15,V,True,12.444029850746269,1.0,0.0,0.0,0.0,,
2026-07-19 03:05:00+03:00,15,A,True,12.444029850746269,1.0,0.0,0.0,0.0,,
2026-07-19 03:05:00+03:00,15,M,False,,,,,,,
2026-07-19 03:05:00+03:00,15,V,True,12.444029850746269,1.0,0.0,0.0,0.0,,
2026-07-19 03:10:00+03:00,15,A,True,12.444029850746269,1.0,0.0,0.0,0.0,,
2026-07-19 03:10:00+03:00,15,M,False,,,,,,,
2026-07-19 03:10:00+03:00,15,V,True,12.444029850746269,1.0,0.0,0.0,0.0,,
2026-07-19 03:15:00+03:00,15,A,True,12.444029850746269,1.0,0.0,0.0,0.0,,
2026-07-19 03:15:00+03:00,15,M,False,,,,,,,
2026-07-19 03:15:00+03:00,15,V,True,12.444029850746269,1.0,0.0,0.0,0.0,,
2026-07-19 03:20:00+03:00,15,A,True,12.444029850746269,1.0,0.0,0.0,0.0,,
2026-07-19 03:20:00+03:00,15,M,False,,,,,,,
2026-07-19 03:20:00+03:00,15,V,True,12.444029850746269,1.0,0.0,0.0,0.0,,
2026-07-19 03:25:00+03:00,15,A,True,12.444029850746269,1.0,0.0,0.0,0.0,,
2026-07-19 03:25:00+03:00,15,M,False,,,,,,,
2026-07-19 03:25:00+03:00,15,V,True,12.444029850746269,1.0,0.0,0.0,0.0,,
2026-07-19 03:30:00+03:00,15,A,True,12.444029850746269,1.0,0.0,0.0,0.0,,
2026-07-19 03:30:00+03:00,15,M,False,,,,,,,
2026-07-19 03:30:00+03:00,15,V,True,12.444029850746269,1.0,0.0,0.0,0.0,,
2026-07-19 03:35:00+03:00,15,A,True,12.444029850746269,1.0,0.0,0.0,0.0,,
2026-07-19 03:35:00+03:00,15,M,False,,,,,,,
2026-07-19 03:35:00+03:00,15,V,True,12.444029850746269,1.0,0.0,0.0,0.0,,
2026-07-19 03:40:00+03:00,15,A,True,12.444029850746269,1.0,0.0,0.0,0.0,,
2026-07-19 03:40:00+03:00,15,M,False,,,,,,,
2026-07-19 03:40:00+03:00,15,V,True,12.444029850746269,1.0,0.0,0.0,0.0,,
2026-07-19 03:45:00+03:00,15,A,True,12.444029850746269,1.0,0.0,0.0,0.0,,
2026-07-19 03:45:00+03:00,15,M,False,,,,,,,
2026-07-19 03:45:00+03:00,15,V,True,12.444029850746269,1.0,0.0,0.0,0.0,,
2026-07-19 03:50:00+03:00,15,A,True,12.444029850746269,1.0,0.0,0.0,0.0,,
2026-07-19 03:50:00+03:00,15,M,False,,,,,,,
2026-07-19 03:50:00+03:00,15,V,True,12.444029850746269,1.0,0.0,0.0,0.0,,
2026-07-19 03:55:00+03:00,15,A,True,12.444029850746269,1.0,0.0,0.0,0.0,,
2026-07-19 03:55:00+03:00,15,M,False,,,,,,,
2026-07-19 03:55:00+03:00,15,V,True,12.444029850746269,1.0,0.0,0.0,0.0,,
2026-07-19 04:00:00+03:00,15,A,True,12.444029850746269,1.0,0.0,0.0,0.0,,
2026-07-19 04:00:00+03:00,15,M,False,,,,,,,
2026-07-19 04:00:00+03:00,15,V,True,12.444029850746269,1.0,0.0,0.0,0.0,,
2026-07-19 04:05:00+03:00,15,A,True,12.444029850746269,1.0,0.0,0.0,0.0,,
2026-07-19 04:05:00+03:00,15,M,False,,,,,,,
2026-07-19 04:05:00+03:00,15,V,True,12.444029850746269,1.0,0.0,0.0,0.0,,
2026-07-19 04:10:00+03:00,15,A,True,12.444029850746269,1.0,0.0,0.0,0.0,,
2026-07-19 04:10:00+03:00,15,M,False,,,,,,,
2026-07-19 04:10:00+03:00,15,V,True,12.444029850746269,1.0,0.0,0.0,0.0,,
2026-07-19 04:15:00+03:00,15,A,True,12.444029850746269,1.0,0.0,0.0,0.0,,
2026-07-19 04:15:00+03:00,15,M,False,,,,,,,
2026-07-19 04:15:00+03:00,15,V,True,12.444029850746269,1.0,0.0,0.0,0.0,,
2026-07-19 04:20:00+03:00,15,A,True,12.444029850746269,1.0,0.0,0.0,0.0,,
2026-07-19 04:20:00+03:00,15,M,False,,,,,,,
2026-07-19 04:20:00+03:00,15,V,True,12.444029850746269,1.0,0.0,0.0,0.0,,
2026-07-19 04:25:00+03:00,15,A,True,12.444029850746269,1.0,0.0,0.0,0.0,,
2026-07-19 04:25:00+03:00,15,M,False,,,,,,,
2026-07-19 04:25:00+03:00,15,V,True,12.444029850746269,1.0,0.0,0.0,0.0,,
2026-07-19 04:30:00+03:00,15,A,True,12.444029850746269,1.0,0.0,0.0,0.0,,
2026-07-19 04:30:00+03:00,15,M,False,,,,,,,
2026-07-19 04:30:00+03:00,15,V,True,12.444029850746269,1.0,0.0,0.0,0.0,,
2026-07-19 04:35:00+03:00,15,A,True,12.444029850746269,1.0,0.0,0.0,0.0,,
2026-07-19 04:35:00+03:00,15,M,False,,,,,,,
2026-07-19 04:35:00+03:00,15,V,True,12.444029850746269,1.0,0.0,0.0,0.0,,
2026-07-19 04:40:00+03:00,15,A,True,12.444029850746269,1.0,0.0,0.0,0.0,,
2026-07-19 04:40:00+03:00,15,M,False,,,,,,,
2026-07-19 04:40:00+03:00,15,V,True,12.444029850746269,1.0,0.0,0.0,0.0,,
2026-07-19 04:45:00+03:00,15,A,True,12.444029850746269,1.0,0.0,0.0,0.0,,
2026-07-19 04:45:00+03:00,15,M,False,,,,,,,
2026-07-19 04:45:00+03:00,15,V,True,12.444029850746269,1.0,0.0,0.0,0.0,,
2026-07-19 04:50:00+03:00,15,A,True,12.444029850746269,1.0,0.0,0.0,0.0,,
2026-07-19 04:50:00+03:00,15,M,False,,,,,,,
2026-07-19 04:50:00+03:00,15,V,True,12.444029850746269,1.0,0.0,0.0,0.0,,
2026-07-19 04:55:00+03:00,15,A,True,12.444029850746269,1.0,0.0,0.0,0.0,,
2026-07-19 04:55:00+03:00,15,M,False,,,,,,,
2026-07-19 04:55:00+03:00,15,V,True,12.444029850746269,1.0,0.0,0.0,0.0,,
2026-07-19 05:00:00+03:00,15,A,True,12.444029850746269,1.0,0.0,0.0,0.0,,
2026-07-19 05:00:00+03:00,15,M,False,,,,,,,
2026-07-19 05:00:00+03:00,15,V,True,12.444029850746269,1.0,0.0,0.0,0.0,,
2026-07-19 05:05:00+03:00,15,A,True,12.444029850746269,1.0,0.0,0.0,0.0,,
2026-07-19 05:05:00+03:00,15,M,False,,,,,,,
2026-07-19 05:05:00+03:00,15,V,True,12.444029850746269,1.0,0.0,0.0,0.0,,
2026-07-19 05:10:00+03:00,15,A,True,12.444029850746269,1.0,0.0,0.0,0.0,,
2026-07-19 05:10:00+03:00,15,M,False,,,,,,,
2026-07-19 05:10:00+03:00,15,V,True,12.444029850746269,1.0,0.0,0.0,0.0,,
2026-07-19 05:15:00+03:00,15,A,True,12.444029850746269,1.0,0.0,0.0,0.0,,
2026-07-19 05:15:00+03:00,15,M,False,,,,,,,
2026-07-19 05:15:00+03:00,15,V,True,12.444029850746269,1.0,0.0,0.0,0.0,,
2026-07-19 05:20:00+03:00,15,A,True,12.444029850746269,1.0,0.0,0.0,0.0,,
2026-07-19 05:20:00+03:00,15,M,False,,,,,,,
2026-07-19 05:20:00+03:00,15,V,True,12.444029850746269,1.0,0.0,0.0,0.0,,
2026-07-19 05:25:00+03:00,15,A,True,12.444029850746269,1.0,0.0,0.0,0.0,,
2026-07-19 05:25:00+03:00,15,M,False,,,,,,,
2026-07-19 05:25:00+03:00,15,V,True,12.444029850746269,1.0,0.0,0.0,0.0,,
2026-07-19 05:30:00+03:00,15,A,True,12.444029850746269,1.0,0.0,0.0,0.0,,
2026-07-19 05:30:00+03:00,15,M,False,,,,,,,
2026-07-19 05:30:00+03:00,15,V,True,12.444029850746269,1.0,0.0,0.0,0.0,,
2026-07-19 05:35:00+03:00,15,A,True,12.444029850746269,1.0,0.0,0.0,0.0,,
2026-07-19 05:35:00+03:00,15,M,False,,,,,,,
2026-07-19 05:35:00+03:00,15,V,True,12.444029850746269,1.0,0.0,0.0,0.0,,
2026-07-19 05:40:00+03:00,15,A,True,12.444029850746269,1.0,0.0,0.0,0.0,,
2026-07-19 05:40:00+03:00,15,M,False,,,,,,,
2026-07-19 05:40:00+03:00,15,V,True,12.444029850746269,1.0,0.0,0.0,0.0,,
2026-07-19 05:45:00+03:00,15,A,True,12.444029850746269,1.0,0.0,0.0,0.0,,
2026-07-19 05:45:00+03:00,15,M,False,,,,,,,
2026-07-19 05:45:00+03:00,15,V,True,12.444029850746269,1.0,0.0,0.0,0.0,,
2026-07-19 05:50:00+03:00,15,A,True,12.444029850746269,1.0,0.0,0.0,0.0,,
2026-07-19 05:50:00+03:00,15,M,False,,,,,,,
2026-07-19 05:50:00+03:00,15,V,True,12.444029850746269,1.0,0.0,0.0,0.0,,
2026-07-19 05:55:00+03:00,15,A,True,12.444029850746269,1.0,0.0,0.0,0.0,,
2026-07-19 05:55:00+03:00,15,M,False,,,,,,,
2026-07-19 05:55:00+03:00,15,V,True,12.444029850746269,1.0,0.0,0.0,0.0,,
2026-07-19 06:00:00+03:00,15,A,True,12.444029850746269,1.0,0.0,0.0,0.0,,
2026-07-19 06:00:00+03:00,15,M,False,,,,,,,
2026-07-19 06:00:00+03:00,15,V,True,12.444029850746269,1.0,0.0,0.0,0.0,,
2026-07-19 06:05:00+03:00,15,A,True,12.444029850746269,1.0,0.0,0.0,0.0,,
2026-07-19 06:05:00+03:00,15,M,False,,,,,,,
2026-07-19 06:05:00+03:00,15,V,True,12.444029850746269,1.0,0.0,0.0,0.0,,
2026-07-19 06:10:00+03:00,15,A,True,12.444029850746269,1.0,0.0,0.0,0.0,,
2026-07-19 06:10:00+03:00,15,M,False,,,,,,,
2026-07-19 06:10:00+03:00,15,V,True,12.444029850746269,1.0,0.0,0.0,0.0,,
2026-07-19 06:15:00+03:00,15,A,True,12.444029850746269,1.0,0.0,0.0,0.0,,
2026-07-19 06:15:00+03:00,15,M,False,,,,,,,
2026-07-19 06:15:00+03:00,15,V,True,12.444029850746269,1.0,0.0,0.0,0.0,,
2026-07-19 06:20:00+03:00,15,A,True,12.444029850746269,1.0,0.0,0.0,0.0,,
2026-07-19 06:20:00+03:00,15,M,False,,,,,,,
2026-07-19 06:20:00+03:00,15,V,True,12.444029850746269,1.0,0.0,0.0,0.0,,
2026-07-19 06:25:00+03:00,15,A,True,12.444029850746269,1.0,0.0,0.0,0.0,,
2026-07-19 06:25:00+03:00,15,M,False,,,,,,,
2026-07-19 06:25:00+03:00,15,V,True,12.444029850746269,1.0,0.0,0.0,0.0,,
2026-07-19 06:30:00+03:00,15,A,True,12.444029850746269,1.0,0.0,0.0,0.0,,
2026-07-19 06:30:00+03:00,15,M,False,,,,,,,
2026-07-19 06:30:00+03:00,15,V,True,12.444029850746269,1.0,0.0,0.0,0.0,,
2026-07-19 06:35:00+03:00,15,A,True,12.444029850746269,1.0,0.0,0.0,0.0,,
2026-07-19 06:35:00+03:00,15,M,False,,,,,,,
2026-07-19 06:35:00+03:00,15,V,True,12.444029850746269,1.0,0.0,0.0,0.0,,
2026-07-19 06:40:00+03:00,15,A,True,12.444029850746269,1.0,0.0,0.0,0.0,,
2026-07-19 06:40:00+03:00,15,M,False,,,,,,,
2026-07-19 06:40:00+03:00,15,V,True,12.444029850746269,1.0,0.0,0.0,0.0,,
2026-07-19 06:45:00+03:00,15,A,True,12.444029850746269,1.0,0.0,0.0,0.0,,
2026-07-19 06:45:00+03:00,15,M,False,,,,,,,
2026-07-19 06:45:00+03:00,15,V,True,12.444029850746269,1.0,0.0,0.0,0.0,,
2026-07-19 06:50:00+03:00,15,A,True,12.444029850746269,1.0,0.0,0.0,0.0,,
2026-07-19 06:50:00+03:00,15,M,False,,,,,,,
2026-07-19 06:50:00+03:00,15,V,True,12.444029850746269,1.0,0.0,0.0,0.0,,
2026-07-19 06:55:00+03:00,15,A,True,12.444029850746269,1.0,0.0,0.0,0.0,,
2026-07-19 06:55:00+03:00,15,M,False,,,,,,,
2026-07-19 06:55:00+03:00,15,V,True,12.444029850746269,1.0,0.0,0.0,0.0,,
2026-07-19 07:00:00+03:00,15,A,True,12.444029850746269,1.0,0.0,0.0,0.0,,
2026-07-19 07:00:00+03:00,15,M,False,,,,,,,
2026-07-19 07:00:00+03:00,15,V,True,12.444029850746269,1.0,0.0,0.0,0.0,,
2026-07-19 07:05:00+03:00,15,A,True,12.444029850746269,1.0,0.0,0.0,0.0,,
2026-07-19 07:05:00+03:00,15,M,False,,,,,,,
2026-07-19 07:05:00+03:00,15,V,True,12.444029850746269,1.0,0.0,0.0,0.0,,
2026-07-19 07:10:00+03:00,15,A,True,12.444029850746269,1.0,0.0,0.0,0.0,,
2026-07-19 07:10:00+03:00,15,M,False,,,,,,,
2026-07-19 07:10:00+03:00,15,V,True,12.444029850746269,1.0,0.0,0.0,0.0,,
2026-07-19 07:15:00+03:00,15,A,True,12.444029850746269,1.0,0.0,0.0,0.0,,
2026-07-19 07:15:00+03:00,15,M,False,,,,,,,
2026-07-19 07:15:00+03:00,15,V,True,12.444029850746269,1.0,0.0,0.0,0.0,,
2026-07-19 07:20:00+03:00,15,A,True,12.444029850746269,1.0,0.0,0.0,0.0,,
2026-07-19 07:20:00+03:00,15,M,False,,,,,,,
2026-07-19 07:20:00+03:00,15,V,True,12.444029850746269,1.0,0.0,0.0,0.0,,
2026-07-19 07:25:00+03:00,15,A,True,12.444029850746269,1.0,0.0,0.0,0.0,,
2026-07-19 07:25:00+03:00,15,M,False,,,,,,,
2026-07-19 07:25:00+03:00,15,V,True,12.444029850746269,1.0,0.0,0.0,0.0,,
2026-07-19 07:30:00+03:00,15,A,True,12.444029850746269,1.0,0.0,0.0,0.0,,
2026-07-19 07:30:00+03:00,15,M,False,,,,,,,
2026-07-19 07:30:00+03:00,15,V,True,12.444029850746269,1.0,0.0,0.0,0.0,,
2026-07-19 07:35:00+03:00,15,A,True,12.444029850746269,1.0,0.0,0.0,0.0,,
2026-07-19 07:35:00+03:00,15,M,False,,,,,,,
2026-07-19 07:35:00+03:00,15,V,True,12.444029850746269,1.0,0.0,0.0,0.0,,
2026-07-19 07:40:00+03:00,15,A,True,12.444029850746269,1.0,0.0,0.0,0.0,,
2026-07-19 07:40:00+03:00,15,M,False,,,,,,,
2026-07-19 07:40:00+03:00,15,V,True,12.444029850746269,1.0,0.0,0.0,0.0,,
2026-07-19 07:45:00+03:00,15,A,True,12.444029850746269,1.0,0.0,0.0,0.0,,
2026-07-19 07:45:00+03:00,15,M,False,,,,,,,
2026-07-19 07:45:00+03:00,15,V,True,12.444029850746269,1.0,0.0,0.0,0.0,,
2026-07-19 07:50:00+03:00,15,A,True,12.444029850746269,1.0,0.0,0.0,0.0,,
2026-07-19 07:50:00+03:00,15,M,False,,,,,,,
2026-07-19 07:50:00+03:00,15,V,True,12.444029850746269,1.0,0.0,0.0,0.0,,
2026-07-19 07:55:00+03:00,15,A,True,12.444029850746269,1.0,0.0,0.0,0.0,,
2026-07-19 07:55:00+03:00,15,M,False,,,,,,,
2026-07-19 07:55:00+03:00,15,V,True,12.444029850746269,1.0,0.0,0.0,0.0,,
2026-07-19 08:00:00+03:00,15,A,True,12.444029850746269,1.0,0.0,0.0,0.0,,
2026-07-19 08:00:00+03:00,15,M,False,,,,,,,
2026-07-19 08:00:00+03:00,15,V,True,12.444029850746269,1.0,0.0,0.0,0.0,,
2026-07-19 08:05:00+03:00,15,A,True,12.444029850746269,1.0,0.0,0.0,0.0,,
2026-07-19 08:05:00+03:00,15,M,False,,,,,,,
2026-07-19 08:05:00+03:00,15,V,True,12.444029850746269,1.0,0.0,0.0,0.0,,
2026-07-19 08:10:00+03:00,15,A,True,12.444029850746269,1.0,0.0,0.0,0.0,,
2026-07-19 08:10:00+03:00,15,M,False,,,,,,,
2026-07-19 08:10:00+03:00,15,V,True,12.444029850746269,1.0,0.0,0.0,0.0,,
2026-07-19 08:15:00+03:00,15,A,True,12.444029850746269,1.0,0.0,0.0,0.0,,
2026-07-19 08:15:00+03:00,15,M,False,,,,,,,
2026-07-19 08:15:00+03:00,15,V,True,12.444029850746269,1.0,0.0,0.0,0.0,,
2026-07-19 08:20:00+03:00,15,A,True,12.444029850746269,1.0,0.0,0.0,0.0,,
2026-07-19 08:20:00+03:00,15,M,False,,,,,,,
2026-07-19 08:20:00+03:00,15,V,True,12.444029850746269,1.0,0.0,0.0,0.0,,
2026-07-19 08:25:00+03:00,15,A,True,12.444029850746269,1.0,0.0,0.0,0.0,,
2026-07-19 08:25:00+03:00,15,M,False,,,,,,,
2026-07-19 08:25:00+03:00,15,V,True,12.444029850746269,1.0,0.0,0.0,0.0,,
2026-07-19 08:30:00+03:00,15,A,True,12.444029850746269,1.0,0.0,0.0,0.0,,
2026-07-19 08:30:00+03:00,15,M,False,,,,,,,
2026-07-19 08:30:00+03:00,15,V,True,12.444029850746269,1.0,0.0,0.0,0.0,,
2026-07-19 08:35:00+03:00,15,A,True,12.444029850746269,1.0,0.0,0.0,0.0,,
2026-07-19 08:35:00+03:00,15,M,False,,,,,,,
2026-07-19 08:35:00+03:00,15,V,True,12.444029850746269,1.0,0.0,0.0,0.0,,
2026-07-19 08:40:00+03:00,15,A,True,12.444029850746269,1.0,0.0,0.0,0.0,,
2026-07-19 08:40:00+03:00,15,M,False,,,,,,,
2026-07-19 08:40:00+03:00,15,V,True,12.444029850746269,1.0,0.0,0.0,0.0,,
2026-07-19 08:45:00+03:00,15,A,True,12.444029850746269,1.0,0.0,0.0,0.0,,
2026-07-19 08:45:00+03:00,15,M,False,,,,,,,
2026-07-19 08:45:00+03:00,15,V,True,12.444029850746269,1.0,0.0,0.0,0.0,,
2026-07-19 08:50:00+03:00,15,A,True,12.444029850746269,1.0,0.0,0.0,0.0,,
2026-07-19 08:50:00+03:00,15,M,False,,,,,,,
2026-07-19 08:50:00+03:00,15,V,True,12.444029850746269,1.0,0.0,0.0,0.0,,
2026-07-19 08:55:00+03:00,15,A,True,12.444029850746269,1.0,0.0,0.0,0.0,,
2026-07-19 08:55:00+03:00,15,M,False,,,,,,,
2026-07-19 08:55:00+03:00,15,V,True,12.444029850746269,1.0,0.0,0.0,0.0,,
2026-07-19 09:00:00+03:00,15,A,True,12.444029850746269,1.0,0.0,0.0,0.0,,
2026-07-19 09:00:00+03:00,15,M,False,,,,,,,
2026-07-19 09:00:00+03:00,15,V,True,12.444029850746269,1.0,0.0,0.0,0.0,,
2026-07-19 09:05:00+03:00,15,A,True,12.444029850746269,1.0,0.0,0.0,0.0,,
2026-07-19 09:05:00+03:00,15,M,False,,,,,,,
2026-07-19 09:05:00+03:00,15,V,True,12.444029850746269,1.0,0.0,0.0,0.0,,
2026-07-19 09:10:00+03:00,15,A,True,12.444029850746269,1.0,0.0,0.0,0.0,,
2026-07-19 09:10:00+03:00,15,M,False,,,,,,,
2026-07-19 09:10:00+03:00,15,V,True,12.444029850746269,1.0,0.0,0.0,0.0,,
2026-07-19 09:15:00+03:00,15,A,True,12.444029850746269,1.0,0.0,0.0,0.0,,
2026-07-19 09:15:00+03:00,15,M,False,,,,,,,
2026-07-19 09:15:00+03:00,15,V,True,12.444029850746269,1.0,0.0,0.0,0.0,,
2026-07-19 09:20:00+03:00,15,A,True,12.444029850746269,1.0,0.0,0.0,0.0,,
2026-07-19 09:20:00+03:00,15,M,False,,,,,,,
2026-07-19 09:20:00+03:00,15,V,True,12.444029850746269,1.0,0.0,0.0,0.0,,
2026-07-19 09:25:00+03:00,15,A,True,12.444029850746269,1.0,0.0,0.0,0.0,,
2026-07-19 09:25:00+03:00,15,M,False,,,,,,,
2026-07-19 09:25:00+03:00,15,V,True,12.444029850746269,1.0,0.0,0.0,0.0,,
2026-07-19 09:30:00+03:00,15,A,True,12.444029850746269,1.0,0.0,0.0,0.0,,
2026-07-19 09:30:00+03:00,15,M,False,,,,,,,
2026-07-19 09:30:00+03:00,15,V,True,12.444029850746269,1.0,0.0,0.0,0.0,,
2026-07-19 09:35:00+03:00,15,A,True,12.444029850746269,1.0,0.0,0.0,0.0,,
2026-07-19 09:35:00+03:00,15,M,False,,,,,,,
2026-07-19 09:35:00+03:00,15,V,True,12.444029850746269,1.0,0.0,0.0,0.0,,
2026-07-19 09:40:00+03:00,15,A,True,12.444029850746269,1.0,0.0,0.0,0.0,,
2026-07-19 09:40:00+03:00,15,M,False,,,,,,,
2026-07-19 09:40:00+03:00,15,V,True,12.444029850746269,1.0,0.0,0.0,0.0,,
2026-07-19 09:45:00+03:00,15,A,True,12.444029850746269,1.0,0.0,0.0,0.0,,
2026-07-19 09:45:00+03:00,15,M,False,,,,,,,
2026-07-19 09:45:00+03:00,15,V,True,12.444029850746269,1.0,0.0,0.0,0.0,,
2026-07-19 09:50:00+03:00,15,A,True,12.444029850746269,1.0,0.0,0.0,0.0,,
2026-07-19 09:50:00+03:00,15,M,False,,,,,,,
2026-07-19 09:50:00+03:00,15,V,True,12.444029850746269,1.0,0.0,0.0,0.0,,
2026-07-19 09:55:00+03:00,15,A,True,12.444029850746269,1.0,0.0,0.0,0.0,,
2026-07-19 09:55:00+03:00,15,M,False,,,,,,,
2026-07-19 09:55:00+03:00,15,V,True,12.444029850746269,1.0,0.0,0.0,0.0,,
2026-07-19 10:00:00+03:00,15,A,True,12.444029850746269,1.0,0.0,0.0,0.0,,
2026-07-19 10:00:00+03:00,15,M,False,,,,,,,
2026-07-19 10:00:00+03:00,15,V,True,12.444029850746269,1.0,0.0,0.0,0.0,,
2026-07-19 10:05:00+03:00,15,A,True,12.444029850746269,1.0,0.0,0.0,0.0,,
2026-07-19 10:05:00+03:00,15,M,False,,,,,,,
2026-07-19 10:05:00+03:00,15,V,True,12.444029850746269,1.0,0.0,0.0,0.0,,
2026-07-19 10:10:00+03:00,15,A,True,12.444029850746269,1.0,0.0,0.0,0.0,,
2026-07-19 10:10:00+03:00,15,M,False,,,,,,,
2026-07-19 10:10:00+03:00,15,V,True,12.444029850746269,1.0,0.0,0.0,0.0,,
2026-07-19 10:15:00+03:00,15,A,True,12.444029850746269,1.0,0.0,0.0,0.0,,
2026-07-19 10:15:00+03:00,15,M,False,,,,,,,
2026-07-19 10:15:00+03:00,15,V,True,12.444029850746269,1.0,0.0,0.0,0.0,,
2026-07-19 10:20:00+03:00,15,A,True,12.444029850746269,1.0,0.0,0.0,0.0,,
2026-07-19 10:20:00+03:00,15,M,False,,,,,,,
2026-07-19 10:20:00+03:00,15,V,True,12.444029850746269,1.0,0.0,0.0,0.0,,
2026-07-19 10:25:00+03:00,15,A,True,12.444029850746269,1.0,0.0,0.0,0.0,,
2026-07-19 10:25:00+03:00,15,M,False,,,,,,,
2026-07-19 10:25:00+03:00,15,V,True,12.444029850746269,1.0,0.0,0.0,0.0,,
2026-07-19 10:30:00+03:00,15,A,True,12.444029850746269,1.0,0.0,0.0,0.0,,
2026-07-19 10:30:00+03:00,15,M,False,,,,,,,
2026-07-19 10:30:00+03:00,15,V,True,12.444029850746269,1.0,0.0,0.0,0.0,,
2026-07-19 10:35:00+03:00,15,A,True,12.444029850746269,1.0,0.0,0.0,0.0,,
2026-07-19 10:35:00+03:00,15,M,False,,,,,,,
2026-07-19 10:35:00+03:00,15,V,True,12.444029850746269,1.0,0.0,0.0,0.0,,
2026-07-19 10:40:00+03:00,15,A,True,12.444029850746269,1.0,0.0,0.0,0.0,,
2026-07-19 10:40:00+03:00,15,M,False,,,,,,,
2026-07-19 10:40:00+03:00,15,V,True,12.444029850746269,1.0,0.0,0.0,0.0,,
2026-07-19 10:45:00+03:00,15,A,True,12.444029850746269,1.0,0.0,0.0,0.0,,
2026-07-19 10:45:00+03:00,15,M,False,,,,,,,
2026-07-19 10:45:00+03:00,15,V,True,12.444029850746269,1.0,0.0,0.0,0.0,,
2026-07-19 10:50:00+03:00,15,A,True,12.444029850746269,1.0,0.0,0.0,0.0,,
2026-07-19 10:50:00+03:00,15,M,False,,,,,,,
2026-07-19 10:50:00+03:00,15,V,True,12.444029850746269,1.0,0.0,0.0,0.0,,
2026-07-19 10:55:00+03:00,15,A,True,12.444029850746269,1.0,0.0,0.0,0.0,,
2026-07-19 10:55:00+03:00,15,M,False,,,,,,,
2026-07-19 10:55:00+03:00,15,V,True,12.444029850746269,1.0,0.0,0.0,0.0,,
2026-07-19 11:00:00+03:00,15,A,True,12.444029850746269,1.0,0.0,0.0,0.0,,
2026-07-19 11:00:00+03:00,15,M,False,,,,,,,
2026-07-19 11:00:00+03:00,15,V,True,12.444029850746269,1.0,0.0,0.0,0.0,,
2026-07-19 11:05:00+03:00,15,A,True,12.444029850746269,1.0,0.0,0.0,0.0,,
2026-07-19 11:05:00+03:00,15,M,False,,,,,,,
2026-07-19 11:05:00+03:00,15,V,True,12.444029850746269,1.0,0.0,0.0,0.0,,
2026-07-19 11:10:00+03:00,15,A,True,12.444029850746269,1.0,0.0,0.0,0.0,,
2026-07-19 11:10:00+03:00,15,M,False,,,,,,,
2026-07-19 11:10:00+03:00,15,V,True,12.444029850746269,1.0,0.0,0.0,0.0,,
2026-07-19 11:15:00+03:00,15,A,True,12.444029850746269,1.0,0.0,0.0,0.0,,
2026-07-19 11:15:00+03:00,15,M,False,,,,,,,
2026-07-19 11:15:00+03:00,15,V,True,12.444029850746269,1.0,0.0,0.0,0.0,,
2026-07-19 11:20:00+03:00,15,A,True,12.444029850746269,1.0,0.0,0.0,0.0,,
2026-07-19 11:20:00+03:00,15,M,False,,,,,,,
2026-07-19 11:20:00+03:00,15,V,True,12.444029850746269,1.0,0.0,0.0,0.0,,
2026-07-19 11:25:00+03:00,15,A,True,12.444029850746269,1.0,0.0,0.0,0.0,,
2026-07-19 11:25:00+03:00,15,M,False,,,,,,,
2026-07-19 11:25:00+03:00,15,V,True,12.444029850746269,1.0,0.0,0.0,0.0,,
2026-07-19 11:30:00+03:00,15,A,True,12.444029850746269,1.0,0.0,0.0,0.0,,
2026-07-19 11:30:00+03:00,15,M,False,,,,,,,
2026-07-19 11:30:00+03:00,15,V,True,12.444029850746269,1.0,0.0,0.0,0.0,,
2026-07-19 11:35:00+03:00,15,A,True,12.444029850746269,1.0,0.0,0.0,0.0,,
2026-07-19 11:35:00+03:00,15,M,False,,,,,,,
2026-07-19 11:35:00+03:00,15,V,True,12.444029850746269,1.0,0.0,0.0,0.0,,
2026-07-19 11:40:00+03:00,15,A,True,12.444029850746269,1.0,0.0,0.0,0.0,,
2026-07-19 11:40:00+03:00,15,M,False,,,,,,,
2026-07-19 11:40:00+03:00,15,V,True,12.444029850746269,1.0,0.0,0.0,0.0,,
2026-07-19 11:45:00+03:00,15,A,True,12.444029850746269,1.0,0.0,0.0,0.0,,
2026-07-19 11:45:00+03:00,15,M,False,,,,,,,
2026-07-19 11:45:00+03:00,15,V,True,12.444029850746269,1.0,0.0,0.0,0.0,,
2026-07-19 11:50:00+03:00,15,A,True,12.444029850746269,1.0,0.0,0.0,0.0,,
2026-07-19 11:50:00+03:00,15,M,False,,,,,,,
2026-07-19 11:50:00+03:00,15,V,True,12.444029850746269,1.0,0.0,0.0,0.0,,
2026-07-19 11:55:00+03:00,15,A,True,12.444029850746269,1.0,0.0,0.0,0.0,,
2026-07-19 11:55:00+03:00,15,M,False,,,,,,,
2026-07-19 11:55:00+03:00,15,V,True,12.444029850746269,1.0,0.0,0.0,0.0,,
2026-07-19 12:00:00+03:00,15,A,True,12.444029850746269,1.0,0.0,0.0,0.0,,
2026-07-19 12:00:00+03:00,15,M,False,,,,,,,
2026-07-19 12:00:00+03:00,15,V,True,12.444029850746269,1.0,0.0,0.0,0.0,,
2026-07-19 12:05:00+03:00,15,A,True,12.444029850746269,1.0,0.0,0.0,0.0,,
2026-07-19 12:05:00+03:00,15,M,False,,,,,,,
2026-07-19 12:05:00+03:00,15,V,True,12.444029850746269,1.0,0.0,0.0,0.0,,
2026-07-19 12:10:00+03:00,15,A,True,12.444029850746269,1.0,0.0,0.0,0.0,,
2026-07-19 12:10:00+03:00,15,M,False,,,,,,,
2026-07-19 12:10:00+03:00,15,V,True,12.444029850746269,1.0,0.0,0.0,0.0,,
2026-07-19 12:15:00+03:00,15,A,True,12.444029850746269,1.0,0.0,0.0,0.0,,
2026-07-19 12:15:00+03:00,15,M,False,,,,,,,
2026-07-19 12:15:00+03:00,15,V,True,12.444029850746269,1.0,0.0,0.0,0.0,,
2026-07-19 12:20:00+03:00,15,A,True,12.444029850746269,1.0,0.0,0.0,0.0,,
2026-07-19 12:20:00+03:00,15,M,False,,,,,,,
2026-07-19 12:20:00+03:00,15,V,True,12.444029850746269,1.0,0.0,0.0,0.0,,
2026-07-19 12:25:00+03:00,15,A,True,12.444029850746269,1.0,0.0,0.0,0.0,,
2026-07-19 12:25:00+03:00,15,M,False,,,,,,,
2026-07-19 12:25:00+03:00,15,V,True,12.444029850746269,1.0,0.0,0.0,0.0,,
2026-07-19 12:30:00+03:00,15,A,True,12.444029850746269,1.0,0.0,0.0,0.0,,
2026-07-19 12:30:00+03:00,15,M,False,,,,,,,
2026-07-19 12:30:00+03:00,15,V,True,12.444029850746269,1.0,0.0,0.0,0.0,,
2026-07-19 12:35:00+03:00,15,A,True,12.444029850746269,1.0,0.0,0.0,0.0,,
2026-07-19 12:35:00+03:00,15,M,False,,,,,,,
2026-07-19 12:35:00+03:00,15,V,True,12.444029850746269,1.0,0.0,0.0,0.0,,
2026-07-19 12:40:00+03:00,15,A,True,14.996957732152834,0.9023898188273112,0.09761018117268883,0.0,0.0,,
2026-07-19 12:40:00+03:00,15,M,False,,,,,,,
2026-07-19 12:40:00+03:00,15,V,True,12.444029850746269,1.0,0.0,0.0,0.0,,
2026-07-19 12:45:00+03:00,15,A,True,17.440191084157906,0.8076219113667807,0.19237808863321923,0.0,0.0,,
2026-07-19 12:45:00+03:00,15,M,False,,,,,,,
2026-07-19 12:45:00+03:00,15,V,True,26.299960476261045,0.45500000000000035,0.5449999999999997,0.0,0.0,,
2026-07-19 12:50:00+03:00,15,A,True,18.543486560455484,0.7645463085174562,0.2354536914825438,0.0,0.0,,
2026-07-19 12:50:00+03:00,15,M,False,,,,,,,
2026-07-19 12:50:00+03:00,15,V,True,34.14773257452498,0.13619047619047575,0.8638095238095242,0.0,0.0,,
2026-07-19 12:55:00+03:00,15,A,True,18.56642900651322,0.7636497942606606,0.23635020573933935,0.0,0.0,,
2026-07-19 12:55:00+03:00,15,M,False,,,,,,,
2026-07-19 12:55:00+03:00,15,V,True,37.5,0.0,1.0,0.0,0.0,,
2026-07-19 13:00:00+03:00,15,A,True,18.072466992372057,0.7829451560974121,0.2170548439025879,0.0,0.0,,
2026-07-19 13:00:00+03:00,15,M,False,,,,,,,
2026-07-19 13:00:00+03:00,15,V,True,37.5,0.0,1.0,0.0,0.0,,
2026-07-19 13:05:00+03:00,15,A,True,17.010939788024974,0.8243611971537274,0.17563880284627267,0.0,0.0,,
2026-07-19 13:05:00+03:00,15,M,False,,,,,,,
2026-07-19 13:05:00+03:00,15,V,True,37.5,0.0,1.0,0.0,0.0,,
2026-07-19 13:10:00+03:00,15,A,True,15.998745685827409,0.8637892977396646,0.13621070226033538,0.0,0.0,,
2026-07-19 13:10:00+03:00,15,M,False,,,,,,,
2026-07-19 13:10:00+03:00,15,V,True,34.645158882137125,0.11595238095238106,0.884047619047619,0.0,0.0,,
2026-07-19 13:15:00+03:00,15,A,True,15.737230051718612,0.8739661343892415,0.12603386561075852,0.0,0.0,,
2026-07-19 13:15:00+03:00,15,M,False,,,,,,,
2026-07-19 13:15:00+03:00,15,V,True,29.88155652003765,0.309761904761904,0.690238095238096,0.0,0.0,,
2026-07-19 13:20:00+03:00,15,A,True,15.901254825061237,0.8675836181640626,0.13241638183593735,0.0,0.0,,
2026-07-19 13:20:00+03:00,15,M,False,,,,,,,
2026-07-19 13:20:00+03:00,15,V,True,26.6707431564384,0.43999999999999934,0.5600000000000006,0.0,0.0,,
2026-07-19 13:25:00+03:00,15,A,True,16.98517357429192,0.8253656355539956,0.1746343644460044,0.0,0.0,,
2026-07-19 13:25:00+03:00,15,M,False,,,,,,,
2026-07-19 13:25:00+03:00,15,V,True,24.09573780129334,0.5438095238095245,0.4561904761904754,0.0,0.0,,
2026-07-19 13:30:00+03:00,15,A,True,17.536675492070284,0.8038578319549561,0.19614216804504386,0.0,0.0,,
2026-07-19 13:30:00+03:00,15,M,False,,,,,,,
2026-07-19 13:30:00+03:00,15,V,True,22.118489124044675,0.6230952380952383,0.3769047619047618,0.0,0.0,,
2026-07-19 13:35:00+03:00,15,A,True,18.04030665160164,0.78420090675354,0.21579909324645996,0.0,0.0,,
2026-07-19 13:35:00+03:00,15,M,False,,,,,,,
2026-07-19 13:35:00+03:00,15,V,True,21.35045162656128,0.6535714285714286,0.3464285714285714,0.0,0.0,,
2026-07-19 13:40:00+03:00,15,A,True,16.325917356085863,0.8510516834259032,0.14894831657409674,0.0,0.0,,
2026-07-19 13:40:00+03:00,15,M,False,,,,,,,
2026-07-19 13:40:00+03:00,15,V,True,19.787893944029925,0.715476190476191,0.28452380952380896,0.0,0.0,,
2026-07-19 13:45:00+03:00,15,A,True,15.385276819215996,0.8874927298227945,0.11250727017720549,0.0,0.0,,
2026-07-19 13:45:00+03:00,15,M,False,,,,,,,
2026-07-19 13:45:00+03:00,15,V,True,18.36733738472953,0.7714285714285715,0.22857142857142856,0.0,0.0,,
2026-07-19 13:50:00+03:00,15,A,True,14.446635919936785,0.923479216893514,0.07652078310648598,0.0,0.0,,
2026-07-19 13:50:00+03:00,15,M,False,,,,,,,
2026-07-19 13:50:00+03:00,15,V,True,15.375781853213484,0.8878571428571426,0.11214285714285747,0.0,0.0,,
2026-07-19 13:55:00+03:00,15,A,True,14.598847898593942,0.9176488081614178,0.08235119183858224,0.0,0.0,,
2026-07-19 13:55:00+03:00,15,M,False,,,,,,,
2026-07-19 13:55:00+03:00,15,V,True,13.111775929700457,0.9745238095238099,0.02547619047619004,0.0,0.0,,
2026-07-19 14:00:00+03:00,15,A,True,14.73716240619724,0.9123489793141684,0.08765102068583168,0.0,0.0,,
2026-07-19 14:00:00+03:00,15,M,False,,,,,,,
2026-07-19 14:00:00+03:00,15,V,True,12.444029850746269,1.0,0.0,0.0,0.0,,
2026-07-19 14:05:00+03:00,15,A,True,14.66247892966474,0.9152108510335285,0.08478914896647147,0.0,0.0,,
2026-07-19 14:05:00+03:00,15,M,False,,,,,,,
2026-07-19 14:05:00+03:00,15,V,True,12.444029850746269,1.0,0.0,0.0,0.0,,
2026-07-19 14:10:00+03:00,15,A,True,14.970567045250277,0.9034017658233644,0.0965982341766356,0.0,0.0,,
2026-07-19 14:10:00+03:00,15,M,False,,,,,,,
2026-07-19 14:10:00+03:00,15,V,True,12.444029850746269,1.0,0.0,0.0,0.0,,
2026-07-19 14:15:00+03:00,15,A,True,14.448561049854183,0.9234054883321126,0.07659451166788749,0.0,0.0,,
2026-07-19 14:15:00+03:00,15,M,False,,,,,,,
2026-07-19 14:15:00+03:00,15,V,True,12.444029850746269,1.0,0.0,0.0,0.0,,
2026-07-19 14:20:00+03:00,15,A,True,14.222381914757982,0.9320654741923015,0.06793452580769851,0.0,0.0,,
2026-07-19 14:20:00+03:00,15,M,False,,,,,,,
2026-07-19 14:20:00+03:00,15,V,True,12.444029850746269,1.0,0.0,0.0,0.0,,
2026-07-19 14:25:00+03:00,15,A,True,13.925810287431531,0.9434138933817546,0.05658610661824533,0.0,0.0,,
2026-07-19 14:25:00+03:00,15,M,False,,,,,,,
2026-07-19 14:25:00+03:00,15,V,True,12.444029850746269,1.0,0.0,0.0,0.0,,
2026-07-19 14:30:00+03:00,15,A,True,13.484626364775032,0.9602817630767824,0.03971823692321763,0.0,0.0,,
2026-07-19 14:30:00+03:00,15,M,False,,,,,,,
2026-07-19 14:30:00+03:00,15,V,True,12.444029850746269,1.0,0.0,0.0,0.0,,
2026-07-19 14:35:00+03:00,15,A,True,13.264780265268476,0.9686808522542318,0.0313191477457682,0.0,0.0,,
2026-07-19 14:35:00+03:00,15,M,False,,,,,,,
2026-07-19 14:35:00+03:00,15,V,True,12.444029850746269,1.0,0.0,0.0,0.0,,
2026-07-19 14:40:00+03:00,15,A,True,13.335490007735576,0.9659798876444498,0.034020112355550226,0.0,0.0,,
2026-07-19 14:40:00+03:00,15,M,False,,,,,,,
2026-07-19 14:40:00+03:00,15,V,True,12.444029850746269,1.0,0.0,0.0,0.0,,
2026-07-19 14:45:00+03:00,15,A,True,13.539906034221048,0.9581691741943359,0.041830825805664065,0.0,0.0,,
2026-07-19 14:45:00+03:00,15,M,False,,,,,,,
2026-07-19 14:45:00+03:00,15,V,True,12.444029850746269,1.0,0.0,0.0,0.0,,
2026-07-19 14:50:00+03:00,15,A,True,14.012409498734788,0.9401009368896485,0.059899063110351494,0.0,0.0,,
2026-07-19 14:50:00+03:00,15,M,False,,,,,,,
2026-07-19 14:50:00+03:00,15,V,True,12.444029850746269,1.0,0.0,0.0,0.0,,
2026-07-19 14:55:00+03:00,15,A,True,13.735146451579562,0.9507056617736815,0.0492943382263185,0.0,0.0,,
2026-07-19 14:55:00+03:00,15,M,False,,,,,,,
2026-07-19 14:55:00+03:00,15,V,True,12.444029850746269,1.0,0.0,0.0,0.0,,
2026-07-19 15:00:00+03:00,15,A,True,13.429455209413813,0.962389939626058,0.03761006037394203,0.0,0.0,,
2026-07-19 15:00:00+03:00,15,M,False,,,,,,,
2026-07-19 15:00:00+03:00,15,V,True,12.444029850746269,1.0,0.0,0.0,0.0,,
2026-07-19 15:05:00+03:00,15,A,True,12.444029850746269,1.0,0.0,0.0,0.0,,
2026-07-19 15:05:00+03:00,15,M,False,,,,,,,
2026-07-19 15:05:00+03:00,15,V,True,12.444029850746269,1.0,0.0,0.0,0.0,,
2026-07-19 15:10:00+03:00,15,A,True,12.444029850746269,1.0,0.0,0.0,0.0,,
2026-07-19 15:10:00+03:00,15,M,False,,,,,,,
2026-07-19 15:10:00+03:00,15,V,True,12.444029850746269,1.0,0.0,0.0,0.0,,
2026-07-19 15:15:00+03:00,15,A,True,12.444029850746269,1.0,0.0,0.0,0.0,,
2026-07-19 15:15:00+03:00,15,M,False,,,,,,,
2026-07-19 15:15:00+03:00,15,V,True,12.444029850746269,1.0,0.0,0.0,0.0,,
2026-07-19 15:20:00+03:00,15,A,True,12.444029850746269,1.0,0.0,0.0,0.0,,
2026-07-19 15:20:00+03:00,15,M,False,,,,,,,
2026-07-19 15:20:00+03:00,15,V,True,12.444029850746269,1.0,0.0,0.0,0.0,,
2026-07-19 15:25:00+03:00,15,A,True,12.444029850746269,1.0,0.0,0.0,0.0,,
2026-07-19 15:25:00+03:00,15,M,False,,,,,,,
2026-07-19 15:25:00+03:00,15,V,True,12.444029850746269,1.0,0.0,0.0,0.0,,
2026-07-19 15:30:00+03:00,15,A,True,12.444029850746269,1.0,0.0,0.0,0.0,,
2026-07-19 15:30:00+03:00,15,M,False,,,,,,,
2026-07-19 15:30:00+03:00,15,V,True,12.444029850746269,1.0,0.0,0.0,0.0,,
2026-07-19 15:35:00+03:00,15,A,True,12.444029850746269,1.0,0.0,0.0,0.0,,
2026-07-19 15:35:00+03:00,15,M,False,,,,,,,
2026-07-19 15:35:00+03:00,15,V,True,12.444029850746269,1.0,0.0,0.0,0.0,,
2026-07-19 15:40:00+03:00,15,A,True,12.444029850746269,1.0,0.0,0.0,0.0,,
2026-07-19 15:40:00+03:00,15,M,False,,,,,,,
2026-07-19 15:40:00+03:00,15,V,True,12.444029850746269,1.0,0.0,0.0,0.0,,
2026-07-19 15:45:00+03:00,15,A,True,12.444029850746269,1.0,0.0,0.0,0.0,,
2026-07-19 15:45:00+03:00,15,M,False,,,,,,,
2026-07-19 15:45:00+03:00,15,V,True,12.444029850746269,1.0,0.0,0.0,0.0,,
2026-07-19 15:50:00+03:00,15,A,True,12.444029850746269,1.0,0.0,0.0,0.0,,
2026-07-19 15:50:00+03:00,15,M,False,,,,,,,
2026-07-19 15:50:00+03:00,15,V,True,12.444029850746269,1.0,0.0,0.0,0.0,,
2026-07-19 15:55:00+03:00,15,A,True,12.444029850746269,1.0,0.0,0.0,0.0,,
2026-07-19 15:55:00+03:00,15,M,False,,,,,,,
2026-07-19 15:55:00+03:00,15,V,True,12.444029850746269,1.0,0.0,0.0,0.0,,
2026-07-19 16:00:00+03:00,15,A,True,12.444029850746269,1.0,0.0,0.0,0.0,,
2026-07-19 16:00:00+03:00,15,M,False,,,,,,,
2026-07-19 16:00:00+03:00,15,V,True,12.444029850746269,1.0,0.0,0.0,0.0,,
2026-07-19 16:05:00+03:00,15,A,True,12.444029850746269,1.0,0.0,0.0,0.0,,
2026-07-19 16:05:00+03:00,15,M,False,,,,,,,
2026-07-19 16:05:00+03:00,15,V,True,12.444029850746269,1.0,0.0,0.0,0.0,,
2026-07-19 16:10:00+03:00,15,A,True,12.444029850746269,1.0,0.0,0.0,0.0,,
2026-07-19 16:10:00+03:00,15,M,False,,,,,,,
2026-07-19 16:10:00+03:00,15,V,True,12.444029850746269,1.0,0.0,0.0,0.0,,
2026-07-19 16:15:00+03:00,15,A,True,12.444029850746269,1.0,0.0,0.0,0.0,,
2026-07-19 16:15:00+03:00,15,M,False,,,,,,,
2026-07-19 16:15:00+03:00,15,V,True,12.444029850746269,1.0,0.0,0.0,0.0,,
2026-07-19 16:20:00+03:00,15,A,True,12.444029850746269,1.0,0.0,0.0,0.0,,
2026-07-19 16:20:00+03:00,15,M,False,,,,,,,
2026-07-19 16:20:00+03:00,15,V,True,12.444029850746269,1.0,0.0,0.0,0.0,,
2026-07-19 16:25:00+03:00,15,A,True,12.444029850746269,1.0,0.0,0.0,0.0,,
2026-07-19 16:25:00+03:00,15,M,False,,,,,,,
2026-07-19 16:25:00+03:00,15,V,True,12.444029850746269,1.0,0.0,0.0,0.0,,
2026-07-19 16:30:00+03:00,15,A,True,12.444029850746269,1.0,0.0,0.0,0.0,,
2026-07-19 16:30:00+03:00,15,M,False,,,,,,,
2026-07-19 16:30:00+03:00,15,V,True,12.444029850746269,1.0,0.0,0.0,0.0,,
2026-07-19 16:35:00+03:00,15,A,True,12.444029850746269,1.0,0.0,0.0,0.0,,
2026-07-19 16:35:00+03:00,15,M,False,,,,,,,
2026-07-19 16:35:00+03:00,15,V,True,12.444029850746269,1.0,0.0,0.0,0.0,,
2026-07-19 16:40:00+03:00,15,A,True,12.444029850746269,1.0,0.0,0.0,0.0,,
2026-07-19 16:40:00+03:00,15,M,False,,,,,,,
2026-07-19 16:40:00+03:00,15,V,True,12.444029850746269,1.0,0.0,0.0,0.0,,
2026-07-19 16:45:00+03:00,15,A,True,12.444029850746269,1.0,0.0,0.0,0.0,,
2026-07-19 16:45:00+03:00,15,M,False,,,,,,,
2026-07-19 16:45:00+03:00,15,V,True,12.444029850746269,1.0,0.0,0.0,0.0,,
2026-07-19 16:50:00+03:00,15,A,True,12.444029850746269,1.0,0.0,0.0,0.0,,
2026-07-19 16:50:00+03:00,15,M,False,,,,,,,
2026-07-19 16:50:00+03:00,15,V,True,12.444029850746269,1.0,0.0,0.0,0.0,,
2026-07-19 16:55:00+03:00,15,A,True,12.444029850746269,1.0,0.0,0.0,0.0,,
2026-07-19 16:55:00+03:00,15,M,False,,,,,,,
2026-07-19 16:55:00+03:00,15,V,True,12.444029850746269,1.0,0.0,0.0,0.0,,
2026-07-19 17:00:00+03:00,15,A,True,12.444029850746269,1.0,0.0,0.0,0.0,,
2026-07-19 17:00:00+03:00,15,M,False,,,,,,,
2026-07-19 17:00:00+03:00,15,V,True,12.444029850746269,1.0,0.0,0.0,0.0,,
2026-07-19 17:05:00+03:00,15,A,True,12.444029850746269,1.0,0.0,0.0,0.0,,
2026-07-19 17:05:00+03:00,15,M,False,,,,,,,
2026-07-19 17:05:00+03:00,15,V,True,12.444029850746269,1.0,0.0,0.0,0.0,,
2026-07-19 17:10:00+03:00,15,A,True,12.444029850746269,1.0,0.0,0.0,0.0,,
2026-07-19 17:10:00+03:00,15,M,False,,,,,,,
2026-07-19 17:10:00+03:00,15,V,True,12.444029850746269,1.0,0.0,0.0,0.0,,
2026-07-19 17:15:00+03:00,15,A,True,12.444029850746269,1.0,0.0,0.0,0.0,,
2026-07-19 17:15:00+03:00,15,M,False,,,,,,,
2026-07-19 17:15:00+03:00,15,V,True,12.444029850746269,1.0,0.0,0.0,0.0,,
2026-07-19 17:20:00+03:00,15,A,True,12.444029850746269,1.0,0.0,0.0,0.0,,
2026-07-19 17:20:00+03:00,15,M,False,,,,,,,
2026-07-19 17:20:00+03:00,15,V,True,12.444029850746269,1.0,0.0,0.0,0.0,,
2026-07-19 17:25:00+03:00,15,A,True,12.444029850746269,1.0,0.0,0.0,0.0,,
2026-07-19 17:25:00+03:00,15,M,False,,,,,,,
2026-07-19 17:25:00+03:00,15,V,True,12.444029850746269,1.0,0.0,0.0,0.0,,
2026-07-19 17:30:00+03:00,15,A,True,12.444029850746269,1.0,0.0,0.0,0.0,,
2026-07-19 17:30:00+03:00,15,M,False,,,,,,,
2026-07-19 17:30:00+03:00,15,V,True,12.444029850746269,1.0,0.0,0.0,0.0,,
2026-07-19 17:35:00+03:00,15,A,True,12.444029850746269,1.0,0.0,0.0,0.0,,
2026-07-19 17:35:00+03:00,15,M,False,,,,,,,
2026-07-19 17:35:00+03:00,15,V,True,12.444029850746269,1.0,0.0,0.0,0.0,,
2026-07-19 17:40:00+03:00,15,A,True,12.444029850746269,1.0,0.0,0.0,0.0,,
2026-07-19 17:40:00+03:00,15,M,False,,,,,,,
2026-07-19 17:40:00+03:00,15,V,True,12.444029850746269,1.0,0.0,0.0,0.0,,
2026-07-19 17:45:00+03:00,15,A,True,12.444029850746269,1.0,0.0,0.0,0.0,,
2026-07-19 17:45:00+03:00,15,M,False,,,,,,,
2026-07-19 17:45:00+03:00,15,V,True,12.444029850746269,1.0,0.0,0.0,0.0,,
2026-07-19 17:50:00+03:00,15,A,True,12.444029850746269,1.0,0.0,0.0,0.0,,
2026-07-19 17:50:00+03:00,15,M,False,,,,,,,
2026-07-19 17:50:00+03:00,15,V,True,12.444029850746269,1.0,0.0,0.0,0.0,,
2026-07-19 17:55:00+03:00,15,A,True,12.444029850746269,1.0,0.0,0.0,0.0,,
2026-07-19 17:55:00+03:00,15,M,False,,,,,,,
2026-07-19 17:55:00+03:00,15,V,True,12.444029850746269,1.0,0.0,0.0,0.0,,
2026-07-19 18:00:00+03:00,15,A,True,12.444029850746269,1.0,0.0,0.0,0.0,,
2026-07-19 18:00:00+03:00,15,M,False,,,,,,,
2026-07-19 18:00:00+03:00,15,V,True,12.444029850746269,1.0,0.0,0.0,0.0,,
2026-07-19 18:05:00+03:00,15,A,True,12.444029850746269,1.0,0.0,0.0,0.0,,
2026-07-19 18:05:00+03:00,15,M,False,,,,,,,
2026-07-19 18:05:00+03:00,15,V,True,12.444029850746269,1.0,0.0,0.0,0.0,,
2026-07-19 18:10:00+03:00,15,A,True,12.444029850746269,1.0,0.0,0.0,0.0,,
2026-07-19 18:10:00+03:00,15,M,False,,,,,,,
2026-07-19 18:10:00+03:00,15,V,True,12.444029850746269,1.0,0.0,0.0,0.0,,
2026-07-19 18:15:00+03:00,15,A,True,12.444029850746269,1.0,0.0,0.0,0.0,,
2026-07-19 18:15:00+03:00,15,M,False,,,,,,,
2026-07-19 18:15:00+03:00,15,V,True,12.444029850746269,1.0,0.0,0.0,0.0,,
2026-07-19 18:20:00+03:00,15,A,True,12.444029850746269,1.0,0.0,0.0,0.0,,
2026-07-19 18:20:00+03:00,15,M,False,,,,,,,
2026-07-19 18:20:00+03:00,15,V,True,12.444029850746269,1.0,0.0,0.0,0.0,,
2026-07-19 18:25:00+03:00,15,A,True,12.444029850746269,1.0,0.0,0.0,0.0,,
2026-07-19 18:25:00+03:00,15,M,False,,,,,,,
2026-07-19 18:25:00+03:00,15,V,True,12.444029850746269,1.0,0.0,0.0,0.0,,
2026-07-19 18:30:00+03:00,15,A,True,12.444029850746269,1.0,0.0,0.0,0.0,,
2026-07-19 18:30:00+03:00,15,M,False,,,,,,,
2026-07-19 18:30:00+03:00,15,V,True,12.444029850746269,1.0,0.0,0.0,0.0,,
2026-07-19 18:35:00+03:00,15,A,True,12.444029850746269,1.0,0.0,0.0,0.0,,
2026-07-19 18:35:00+03:00,15,M,False,,,,,,,
2026-07-19 18:35:00+03:00,15,V,True,12.444029850746269,1.0,0.0,0.0,0.0,,
2026-07-19 18:40:00+03:00,15,A,True,12.444029850746269,1.0,0.0,0.0,0.0,,
2026-07-19 18:40:00+03:00,15,M,False,,,,,,,
2026-07-19 18:40:00+03:00,15,V,True,12.444029850746269,1.0,0.0,0.0,0.0,,
2026-07-19 18:45:00+03:00,15,A,True,12.444029850746269,1.0,0.0,0.0,0.0,,
2026-07-19 18:45:00+03:00,15,M,False,,,,,,,
2026-07-19 18:45:00+03:00,15,V,True,12.444029850746269,1.0,0.0,0.0,0.0,,
2026-07-19 18:50:00+03:00,15,A,True,12.444029850746269,1.0,0.0,0.0,0.0,,
2026-07-19 18:50:00+03:00,15,M,False,,,,,,,
2026-07-19 18:50:00+03:00,15,V,True,12.444029850746269,1.0,0.0,0.0,0.0,,
2026-07-19 18:55:00+03:00,15,A,True,12.444029850746269,1.0,0.0,0.0,0.0,,
2026-07-19 18:55:00+03:00,15,M,False,,,,,,,
2026-07-19 18:55:00+03:00,15,V,True,12.444029850746269,1.0,0.0,0.0,0.0,,
2026-07-19 19:00:00+03:00,15,A,True,12.444029850746269,1.0,0.0,0.0,0.0,,
2026-07-19 19:00:00+03:00,15,M,False,,,,,,,
2026-07-19 19:00:00+03:00,15,V,True,12.444029850746269,1.0,0.0,0.0,0.0,,
2026-07-19 19:05:00+03:00,15,A,True,12.444029850746269,1.0,0.0,0.0,0.0,,
2026-07-19 19:05:00+03:00,15,M,False,,,,,,,
2026-07-19 19:05:00+03:00,15,V,True,12.444029850746269,1.0,0.0,0.0,0.0,,
2026-07-19 19:10:00+03:00,15,A,True,12.444029850746269,1.0,0.0,0.0,0.0,,
2026-07-19 19:10:00+03:00,15,M,False,,,,,,,
2026-07-19 19:10:00+03:00,15,V,True,12.444029850746269,1.0,0.0,0.0,0.0,,
2026-07-19 19:15:00+03:00,15,A,True,12.444029850746269,1.0,0.0,0.0,0.0,,
2026-07-19 19:15:00+03:00,15,M,False,,,,,,,
2026-07-19 19:15:00+03:00,15,V,True,12.444029850746269,1.0,0.0,0.0,0.0,,
2026-07-19 19:20:00+03:00,15,A,True,12.444029850746269,1.0,0.0,0.0,0.0,,
2026-07-19 19:20:00+03:00,15,M,False,,,,,,,
2026-07-19 19:20:00+03:00,15,V,True,12.444029850746269,1.0,0.0,0.0,0.0,,
2026-07-19 19:25:00+03:00,15,A,True,12.444029850746269,1.0,0.0,0.0,0.0,,
2026-07-19 19:25:00+03:00,15,M,False,,,,,,,
2026-07-19 19:25:00+03:00,15,V,True,12.444029850746269,1.0,0.0,0.0,0.0,,
2026-07-19 19:30:00+03:00,15,A,True,12.444029850746269,1.0,0.0,0.0,0.0,,
2026-07-19 19:30:00+03:00,15,M,False,,,,,,,
2026-07-19 19:30:00+03:00,15,V,True,12.444029850746269,1.0,0.0,0.0,0.0,,
2026-07-19 19:35:00+03:00,15,A,True,12.444029850746269,1.0,0.0,0.0,0.0,,
2026-07-19 19:35:00+03:00,15,M,False,,,,,,,
2026-07-19 19:35:00+03:00,15,V,True,12.444029850746269,1.0,0.0,0.0,0.0,,
2026-07-19 19:40:00+03:00,15,A,True,12.444029850746269,1.0,0.0,0.0,0.0,,
2026-07-19 19:40:00+03:00,15,M,False,,,,,,,
2026-07-19 19:40:00+03:00,15,V,True,12.444029850746269,1.0,0.0,0.0,0.0,,
2026-07-19 19:45:00+03:00,15,A,True,12.444029850746269,1.0,0.0,0.0,0.0,,
2026-07-19 19:45:00+03:00,15,M,False,,,,,,,
2026-07-19 19:45:00+03:00,15,V,True,12.444029850746269,1.0,0.0,0.0,0.0,,
2026-07-19 19:50:00+03:00,15,A,True,12.444029850746269,1.0,0.0,0.0,0.0,,
2026-07-19 19:50:00+03:00,15,M,False,,,,,,,
2026-07-19 19:50:00+03:00,15,V,True,12.444029850746269,1.0,0.0,0.0,0.0,,
2026-07-19 19:55:00+03:00,15,A,True,12.444029850746269,1.0,0.0,0.0,0.0,,
2026-07-19 19:55:00+03:00,15,M,False,,,,,,,
2026-07-19 19:55:00+03:00,15,V,True,12.444029850746269,1.0,0.0,0.0,0.0,,
2026-07-19 20:00:00+03:00,15,A,True,12.444029850746269,1.0,0.0,0.0,0.0,,
2026-07-19 20:00:00+03:00,15,M,False,,,,,,,
2026-07-19 20:00:00+03:00,15,V,True,12.444029850746269,1.0,0.0,0.0,0.0,,
2026-07-19 20:05:00+03:00,15,A,True,12.444029850746269,1.0,0.0,0.0,0.0,,
2026-07-19 20:05:00+03:00,15,M,False,,,,,,,
2026-07-19 20:05:00+03:00,15,V,True,12.444029850746269,1.0,0.0,0.0,0.0,,
2026-07-19 20:10:00+03:00,15,A,True,12.444029850746269,1.0,0.0,0.0,0.0,,
2026-07-19 20:10:00+03:00,15,M,False,,,,,,,
2026-07-19 20:10:00+03:00,15,V,True,12.444029850746269,1.0,0.0,0.0,0.0,,
2026-07-19 20:15:00+03:00,15,A,True,12.444029850746269,1.0,0.0,0.0,0.0,,
2026-07-19 20:15:00+03:00,15,M,False,,,,,,,
2026-07-19 20:15:00+03:00,15,V,True,12.444029850746269,1.0,0.0,0.0,0.0,,
2026-07-19 20:20:00+03:00,15,A,True,12.444029850746269,1.0,0.0,0.0,0.0,,
2026-07-19 20:20:00+03:00,15,M,False,,,,,,,
2026-07-19 20:20:00+03:00,15,V,True,12.444029850746269,1.0,0.0,0.0,0.0,,
2026-07-19 20:25:00+03:00,15,A,True,12.444029850746269,1.0,0.0,0.0,0.0,,
2026-07-19 20:25:00+03:00,15,M,False,,,,,,,
2026-07-19 20:25:00+03:00,15,V,True,12.444029850746269,1.0,0.0,0.0,0.0,,
2026-07-19 20:30:00+03:00,15,A,True,12.444029850746269,1.0,0.0,0.0,0.0,,
2026-07-19 20:30:00+03:00,15,M,False,,,,,,,
2026-07-19 20:30:00+03:00,15,V,True,12.444029850746269,1.0,0.0,0.0,0.0,,
2026-07-19 20:35:00+03:00,15,A,True,12.444029850746269,1.0,0.0,0.0,0.0,,
2026-07-19 20:35:00+03:00,15,M,False,,,,,,,
2026-07-19 20:35:00+03:00,15,V,True,12.444029850746269,1.0,0.0,0.0,0.0,,
2026-07-19 20:40:00+03:00,15,A,True,12.444029850746269,1.0,0.0,0.0,0.0,,
2026-07-19 20:40:00+03:00,15,M,False,,,,,,,
2026-07-19 20:40:00+03:00,15,V,True,12.444029850746269,1.0,0.0,0.0,0.0,,
2026-07-19 20:45:00+03:00,15,A,True,12.444029850746269,1.0,0.0,0.0,0.0,,
2026-07-19 20:45:00+03:00,15,M,False,,,,,,,
2026-07-19 20:45:00+03:00,15,V,True,12.444029850746269,1.0,0.0,0.0,0.0,,
2026-07-19 20:50:00+03:00,15,A,True,12.444029850746269,1.0,0.0,0.0,0.0,,
2026-07-19 20:50:00+03:00,15,M,False,,,,,,,
2026-07-19 20:50:00+03:00,15,V,True,12.444029850746269,1.0,0.0,0.0,0.0,,
2026-07-19 20:55:00+03:00,15,A,True,12.444029850746269,1.0,0.0,0.0,0.0,,
2026-07-19 20:55:00+03:00,15,M,False,,,,,,,
2026-07-19 20:55:00+03:00,15,V,True,12.444029850746269,1.0,0.0,0.0,0.0,,
2026-07-19 21:00:00+03:00,15,A,True,12.444029850746269,1.0,0.0,0.0,0.0,,
2026-07-19 21:00:00+03:00,15,M,False,,,,,,,
2026-07-19 21:00:00+03:00,15,V,True,12.444029850746269,1.0,0.0,0.0,0.0,,
2026-07-19 21:05:00+03:00,15,A,True,12.444029850746269,1.0,0.0,0.0,0.0,,
2026-07-19 21:05:00+03:00,15,M,False,,,,,,,
2026-07-19 21:05:00+03:00,15,V,True,12.444029850746269,1.0,0.0,0.0,0.0,,
2026-07-19 21:10:00+03:00,15,A,True,12.444029850746269,1.0,0.0,0.0,0.0,,
2026-07-19 21:10:00+03:00,15,M,False,,,,,,,
2026-07-19 21:10:00+03:00,15,V,True,12.444029850746269,1.0,0.0,0.0,0.0,,
2026-07-19 21:15:00+03:00,15,A,True,12.444029850746269,1.0,0.0,0.0,0.0,,
2026-07-19 21:15:00+03:00,15,M,False,,,,,,,
2026-07-19 21:15:00+03:00,15,V,True,12.444029850746269,1.0,0.0,0.0,0.0,,
2026-07-19 21:20:00+03:00,15,A,True,12.444029850746269,1.0,0.0,0.0,0.0,,
2026-07-19 21:20:00+03:00,15,M,False,,,,,,,
2026-07-19 21:20:00+03:00,15,V,True,12.444029850746269,1.0,0.0,0.0,0.0,,
2026-07-19 21:25:00+03:00,15,A,True,12.444029850746269,1.0,0.0,0.0,0.0,,
2026-07-19 21:25:00+03:00,15,M,False,,,,,,,
2026-07-19 21:25:00+03:00,15,V,True,12.444029850746269,1.0,0.0,0.0,0.0,,
2026-07-19 21:30:00+03:00,15,A,True,12.444029850746269,1.0,0.0,0.0,0.0,,
2026-07-19 21:30:00+03:00,15,M,False,,,,,,,
2026-07-19 21:30:00+03:00,15,V,True,12.444029850746269,1.0,0.0,0.0,0.0,,
2026-07-19 21:35:00+03:00,15,A,True,12.444029850746269,1.0,0.0,0.0,0.0,,
2026-07-19 21:35:00+03:00,15,M,False,,,,,,,
2026-07-19 21:35:00+03:00,15,V,True,12.444029850746269,1.0,0.0,0.0,0.0,,
2026-07-19 21:40:00+03:00,15,A,True,12.444029850746269,1.0,0.0,0.0,0.0,,
2026-07-19 21:40:00+03:00,15,M,False,,,,,,,
2026-07-19 21:40:00+03:00,15,V,True,12.444029850746269,1.0,0.0,0.0,0.0,,
2026-07-19 21:45:00+03:00,15,A,True,12.444029850746269,1.0,0.0,0.0,0.0,,
2026-07-19 21:45:00+03:00,15,M,False,,,,,,,
2026-07-19 21:45:00+03:00,15,V,True,12.444029850746269,1.0,0.0,0.0,0.0,,
2026-07-19 21:50:00+03:00,15,A,True,12.444029850746269,1.0,0.0,0.0,0.0,,
2026-07-19 21:50:00+03:00,15,M,False,,,,,,,
2026-07-19 21:50:00+03:00,15,V,True,12.444029850746269,1.0,0.0,0.0,0.0,,
2026-07-19 21:55:00+03:00,15,A,True,12.444029850746269,1.0,0.0,0.0,0.0,,
2026-07-19 21:55:00+03:00,15,M,False,,,,,,,
2026-07-19 21:55:00+03:00,15,V,True,12.444029850746269,1.0,0.0,0.0,0.0,,
2026-07-19 22:00:00+03:00,15,A,True,12.444029850746269,1.0,0.0,0.0,0.0,,
2026-07-19 22:00:00+03:00,15,M,False,,,,,,,
2026-07-19 22:00:00+03:00,15,V,True,12.444029850746269,1.0,0.0,0.0,0.0,,
2026-07-19 22:05:00+03:00,15,A,True,12.444029850746269,1.0,0.0,0.0,0.0,,
2026-07-19 22:05:00+03:00,15,M,False,,,,,,,
2026-07-19 22:05:00+03:00,15,V,True,12.444029850746269,1.0,0.0,0.0,0.0,,
2026-07-19 22:10:00+03:00,15,A,True,12.444029850746269,1.0,0.0,0.0,0.0,,
2026-07-19 22:10:00+03:00,15,M,False,,,,,,,
2026-07-19 22:10:00+03:00,15,V,True,12.444029850746269,1.0,0.0,0.0,0.0,,
2026-07-19 22:15:00+03:00,15,A,True,12.444029850746269,1.0,0.0,0.0,0.0,,
2026-07-19 22:15:00+03:00,15,M,False,,,,,,,
2026-07-19 22:15:00+03:00,15,V,True,12.444029850746269,1.0,0.0,0.0,0.0,,
2026-07-19 22:20:00+03:00,15,A,True,12.444029850746269,1.0,0.0,0.0,0.0,,
2026-07-19 22:20:00+03:00,15,M,False,,,,,,,
2026-07-19 22:20:00+03:00,15,V,True,12.444029850746269,1.0,0.0,0.0,0.0,,
2026-07-19 22:25:00+03:00,15,A,True,12.444029850746269,1.0,0.0,0.0,0.0,,
2026-07-19 22:25:00+03:00,15,M,False,,,,,,,
2026-07-19 22:25:00+03:00,15,V,True,12.444029850746269,1.0,0.0,0.0,0.0,,
2026-07-19 22:30:00+03:00,15,A,True,12.444029850746269,1.0,0.0,0.0,0.0,,
2026-07-19 22:30:00+03:00,15,M,False,,,,,,,
2026-07-19 22:30:00+03:00,15,V,True,12.444029850746269,1.0,0.0,0.0,0.0,,
2026-07-19 22:35:00+03:00,15,A,True,12.444029850746269,1.0,0.0,0.0,0.0,,
2026-07-19 22:35:00+03:00,15,M,False,,,,,,,
2026-07-19 22:35:00+03:00,15,V,True,12.444029850746269,1.0,0.0,0.0,0.0,,
2026-07-19 22:40:00+03:00,15,A,True,12.444029850746269,1.0,0.0,0.0,0.0,,
2026-07-19 22:40:00+03:00,15,M,False,,,,,,,
2026-07-19 22:40:00+03:00,15,V,True,12.444029850746269,1.0,0.0,0.0,0.0,,
2026-07-19 22:45:00+03:00,15,A,True,12.444029850746269,1.0,0.0,0.0,0.0,,
2026-07-19 22:45:00+03:00,15,M,False,,,,,,,
2026-07-19 22:45:00+03:00,15,V,True,12.444029850746269,1.0,0.0,0.0,0.0,,
2026-07-19 22:50:00+03:00,15,A,True,12.444029850746269,1.0,0.0,0.0,0.0,,
2026-07-19 22:50:00+03:00,15,M,False,,,,,,,
2026-07-19 22:50:00+03:00,15,V,True,12.444029850746269,1.0,0.0,0.0,0.0,,
2026-07-19 22:55:00+03:00,15,A,True,12.444029850746269,1.0,0.0,0.0,0.0,,
2026-07-19 22:55:00+03:00,15,M,False,,,,,,,
2026-07-19 22:55:00+03:00,15,V,True,12.444029850746269,1.0,0.0,0.0,0.0,,
2026-07-19 23:00:00+03:00,15,A,True,12.444029850746269,1.0,0.0,0.0,0.0,,
2026-07-19 23:00:00+03:00,15,M,False,,,,,,,
2026-07-19 23:00:00+03:00,15,V,True,12.444029850746269,1.0,0.0,0.0,0.0,,
2026-07-19 23:05:00+03:00,15,A,True,12.444029850746269,1.0,0.0,0.0,0.0,,
2026-07-19 23:05:00+03:00,15,M,False,,,,,,,
2026-07-19 23:05:00+03:00,15,V,True,12.444029850746269,1.0,0.0,0.0,0.0,,
2026-07-19 23:10:00+03:00,15,A,True,12.444029850746269,1.0,0.0,0.0,0.0,,
2026-07-19 23:10:00+03:00,15,M,False,,,,,,,
2026-07-19 23:10:00+03:00,15,V,True,12.444029850746269,1.0,0.0,0.0,0.0,,
2026-07-19 23:15:00+03:00,15,A,True,12.444029850746269,1.0,0.0,0.0,0.0,,
2026-07-19 23:15:00+03:00,15,M,False,,,,,,,
2026-07-19 23:15:00+03:00,15,V,True,12.444029850746269,1.0,0.0,0.0,0.0,,
2026-07-19 23:20:00+03:00,15,A,True,12.444029850746269,1.0,0.0,0.0,0.0,,
2026-07-19 23:20:00+03:00,15,M,False,,,,,,,
2026-07-19 23:20:00+03:00,15,V,True,12.444029850746269,1.0,0.0,0.0,0.0,,
2026-07-19 23:25:00+03:00,15,A,True,12.444029850746269,1.0,0.0,0.0,0.0,,
2026-07-19 23:25:00+03:00,15,M,False,,,,,,,
2026-07-19 23:25:00+03:00,15,V,True,12.444029850746269,1.0,0.0,0.0,0.0,,
2026-07-19 23:30:00+03:00,15,A,True,12.444029850746269,1.0,0.0,0.0,0.0,,
2026-07-19 23:30:00+03:00,15,M,False,,,,,,,
2026-07-19 23:30:00+03:00,15,V,True,12.444029850746269,1.0,0.0,0.0,0.0,,
2026-07-19 23:35:00+03:00,15,A,True,12.444029850746269,1.0,0.0,0.0,0.0,,
2026-07-19 23:35:00+03:00,15,M,False,,,,,,,
2026-07-19 23:35:00+03:00,15,V,True,12.444029850746269,1.0,0.0,0.0,0.0,,
2026-07-19 23:40:00+03:00,15,A,True,12.444029850746269,1.0,0.0,0.0,0.0,,
2026-07-19 23:40:00+03:00,15,M,False,,,,,,,
2026-07-19 23:40:00+03:00,15,V,True,12.444029850746269,1.0,0.0,0.0,0.0,,
2026-07-19 23:45:00+03:00,15,A,True,12.444029850746269,1.0,0.0,0.0,0.0,,
2026-07-19 23:45:00+03:00,15,M,False,,,,,,,
2026-07-19 23:45:00+03:00,15,V,True,12.444029850746269,1.0,0.0,0.0,0.0,,
2026-07-19 23:50:00+03:00,15,A,True,12.444029850746269,1.0,0.0,0.0,0.0,,
2026-07-19 23:50:00+03:00,15,M,False,,,,,,,
2026-07-19 23:50:00+03:00,15,V,True,12.444029850746269,1.0,0.0,0.0,0.0,,
2026-07-19 23:55:00+03:00,15,A,True,12.444029850746269,1.0,0.0,0.0,0.0,,
2026-07-19 23:55:00+03:00,15,M,False,,,,,,,
2026-07-19 23:55:00+03:00,15,V,True,12.444029850746269,1.0,0.0,0.0,0.0,,
2026-07-20 00:00:00+03:00,15,A,True,12.444029850746269,1.0,0.0,0.0,0.0,,
2026-07-20 00:00:00+03:00,15,M,False,,,,,,,
2026-07-20 00:00:00+03:00,15,V,True,12.444029850746269,1.0,0.0,0.0,0.0,,
2026-07-20 00:05:00+03:00,15,A,True,12.444029850746269,1.0,0.0,0.0,0.0,,
2026-07-20 00:05:00+03:00,15,M,False,,,,,,,
2026-07-20 00:05:00+03:00,15,V,True,12.444029850746269,1.0,0.0,0.0,0.0,,
2026-07-20 00:10:00+03:00,15,A,True,12.444029850746269,1.0,0.0,0.0,0.0,,
2026-07-20 00:10:00+03:00,15,M,False,,,,,,,
2026-07-20 00:10:00+03:00,15,V,True,12.444029850746269,1.0,0.0,0.0,0.0,,
2026-07-20 00:15:00+03:00,15,A,True,12.444029850746269,1.0,0.0,0.0,0.0,,
2026-07-20 00:15:00+03:00,15,M,False,,,,,,,
2026-07-20 00:15:00+03:00,15,V,True,12.444029850746269,1.0,0.0,0.0,0.0,,
2026-07-20 00:20:00+03:00,15,A,True,12.444029850746269,1.0,0.0,0.0,0.0,,
2026-07-20 00:20:00+03:00,15,M,False,,,,,,,
2026-07-20 00:20:00+03:00,15,V,True,12.444029850746269,1.0,0.0,0.0,0.0,,
2026-07-20 00:25:00+03:00,15,A,True,12.444029850746269,1.0,0.0,0.0,0.0,,
2026-07-20 00:25:00+03:00,15,M,False,,,,,,,
2026-07-20 00:25:00+03:00,15,V,True,12.444029850746269,1.0,0.0,0.0,0.0,,
2026-07-20 00:30:00+03:00,15,A,True,12.444029850746269,1.0,0.0,0.0,0.0,,
2026-07-20 00:30:00+03:00,15,M,False,,,,,,,
2026-07-20 00:30:00+03:00,15,V,True,12.444029850746269,1.0,0.0,0.0,0.0,,
2026-07-20 00:35:00+03:00,15,A,True,12.444029850746269,1.0,0.0,0.0,0.0,,
2026-07-20 00:35:00+03:00,15,M,False,,,,,,,
2026-07-20 00:35:00+03:00,15,V,True,12.444029850746269,1.0,0.0,0.0,0.0,,
2026-07-20 00:40:00+03:00,15,A,True,12.444029850746269,1.0,0.0,0.0,0.0,,
2026-07-20 00:40:00+03:00,15,M,False,,,,,,,
2026-07-20 00:40:00+03:00,15,V,True,12.444029850746269,1.0,0.0,0.0,0.0,,
2026-07-20 00:45:00+03:00,15,A,True,12.444029850746269,1.0,0.0,0.0,0.0,,
2026-07-20 00:45:00+03:00,15,M,False,,,,,,,
2026-07-20 00:45:00+03:00,15,V,True,12.444029850746269,1.0,0.0,0.0,0.0,,
2026-07-20 00:50:00+03:00,15,A,True,12.444029850746269,1.0,0.0,0.0,0.0,,
2026-07-20 00:50:00+03:00,15,M,False,,,,,,,
2026-07-20 00:50:00+03:00,15,V,True,12.444029850746269,1.0,0.0,0.0,0.0,,
2026-07-20 00:55:00+03:00,15,A,True,12.444029850746269,1.0,0.0,0.0,0.0,,
2026-07-20 00:55:00+03:00,15,M,False,,,,,,,
2026-07-20 00:55:00+03:00,15,V,True,12.444029850746269,1.0,0.0,0.0,0.0,,
2026-07-20 01:00:00+03:00,15,A,True,12.444029850746269,1.0,0.0,0.0,0.0,,
2026-07-20 01:00:00+03:00,15,M,False,,,,,,,
2026-07-20 01:00:00+03:00,15,V,True,12.444029850746269,1.0,0.0,0.0,0.0,,
2026-07-20 01:05:00+03:00,15,A,True,12.444029850746269,1.0,0.0,0.0,0.0,,
2026-07-20 01:05:00+03:00,15,M,False,,,,,,,
2026-07-20 01:05:00+03:00,15,V,True,12.444029850746269,1.0,0.0,0.0,0.0,,
2026-07-20 01:10:00+03:00,15,A,True,12.444029850746269,1.0,0.0,0.0,0.0,,
2026-07-20 01:10:00+03:00,15,M,False,,,,,,,
2026-07-20 01:10:00+03:00,15,V,True,12.444029850746269,1.0,0.0,0.0,0.0,,
2026-07-20 01:15:00+03:00,15,A,True,12.444029850746269,1.0,0.0,0.0,0.0,,
2026-07-20 01:15:00+03:00,15,M,False,,,,,,,
2026-07-20 01:15:00+03:00,15,V,True,12.444029850746269,1.0,0.0,0.0,0.0,,
2026-07-20 01:20:00+03:00,15,A,True,12.444029850746269,1.0,0.0,0.0,0.0,,
2026-07-20 01:20:00+03:00,15,M,False,,,,,,,
2026-07-20 01:20:00+03:00,15,V,True,12.444029850746269,1.0,0.0,0.0,0.0,,
2026-07-20 01:25:00+03:00,15,A,True,12.444029850746269,1.0,0.0,0.0,0.0,,
2026-07-20 01:25:00+03:00,15,M,False,,,,,,,
2026-07-20 01:25:00+03:00,15,V,True,12.444029850746269,1.0,0.0,0.0,0.0,,
2026-07-20 01:30:00+03:00,15,A,True,12.444029850746269,1.0,0.0,0.0,0.0,,
2026-07-20 01:30:00+03:00,15,M,False,,,,,,,
2026-07-20 01:30:00+03:00,15,V,True,12.444029850746269,1.0,0.0,0.0,0.0,,
2026-07-20 01:35:00+03:00,15,A,True,12.444029850746269,1.0,0.0,0.0,0.0,,
2026-07-20 01:35:00+03:00,15,M,False,,,,,,,
2026-07-20 01:35:00+03:00,15,V,True,12.444029850746269,1.0,0.0,0.0,0.0,,
2026-07-20 01:40:00+03:00,15,A,True,12.444029850746269,1.0,0.0,0.0,0.0,,
2026-07-20 01:40:00+03:00,15,M,False,,,,,,,
2026-07-20 01:40:00+03:00,15,V,True,12.444029850746269,1.0,0.0,0.0,0.0,,
2026-07-20 01:45:00+03:00,15,A,True,12.444029850746269,1.0,0.0,0.0,0.0,,
2026-07-20 01:45:00+03:00,15,M,False,,,,,,,
2026-07-20 01:45:00+03:00,15,V,True,12.444029850746269,1.0,0.0,0.0,0.0,,
2026-07-20 01:50:00+03:00,15,A,True,12.444029850746269,1.0,0.0,0.0,0.0,,
2026-07-20 01:50:00+03:00,15,M,False,,,,,,,
2026-07-20 01:50:00+03:00,15,V,True,12.444029850746269,1.0,0.0,0.0,0.0,,
2026-07-20 01:55:00+03:00,15,A,True,12.444029850746269,1.0,0.0,0.0,0.0,,
2026-07-20 01:55:00+03:00,15,M,False,,,,,,,
2026-07-20 01:55:00+03:00,15,V,True,12.444029850746269,1.0,0.0,0.0,0.0,,
2026-07-20 02:00:00+03:00,15,A,True,12.444029850746269,1.0,0.0,0.0,0.0,,
2026-07-20 02:00:00+03:00,15,M,False,,,,,,,
2026-07-20 02:00:00+03:00,15,V,True,12.444029850746269,1.0,0.0,0.0,0.0,,
2026-07-20 02:05:00+03:00,15,A,True,12.444029850746269,1.0,0.0,0.0,0.0,,
2026-07-20 02:05:00+03:00,15,M,False,,,,,,,
2026-07-20 02:05:00+03:00,15,V,True,12.444029850746269,1.0,0.0,0.0,0.0,,
2026-07-20 02:10:00+03:00,15,A,True,12.444029850746269,1.0,0.0,0.0,0.0,,
2026-07-20 02:10:00+03:00,15,M,False,,,,,,,
2026-07-20 02:10:00+03:00,15,V,True,12.444029850746269,1.0,0.0,0.0,0.0,,
2026-07-20 02:15:00+03:00,15,A,True,12.444029850746269,1.0,0.0,0.0,0.0,,
2026-07-20 02:15:00+03:00,15,M,False,,,,,,,
2026-07-20 02:15:00+03:00,15,V,True,12.444029850746269,1.0,0.0,0.0,0.0,,
2026-07-20 02:20:00+03:00,15,A,True,12.444029850746269,1.0,0.0,0.0,0.0,,
2026-07-20 02:20:00+03:00,15,M,False,,,,,,,
2026-07-20 02:20:00+03:00,15,V,True,12.444029850746269,1.0,0.0,0.0,0.0,,
2026-07-20 02:25:00+03:00,15,A,True,12.444029850746269,1.0,0.0,0.0,0.0,,
2026-07-20 02:25:00+03:00,15,M,False,,,,,,,
2026-07-20 02:25:00+03:00,15,V,True,12.444029850746269,1.0,0.0,0.0,0.0,,
2026-07-20 02:30:00+03:00,15,A,True,12.444029850746269,1.0,0.0,0.0,0.0,,
2026-07-20 02:30:00+03:00,15,M,False,,,,,,,
2026-07-20 02:30:00+03:00,15,V,True,12.444029850746269,1.0,0.0,0.0,0.0,,
2026-07-20 02:35:00+03:00,15,A,True,12.444029850746269,1.0,0.0,0.0,0.0,,
2026-07-20 02:35:00+03:00,15,M,False,,,,,,,
2026-07-20 02:35:00+03:00,15,V,True,12.444029850746269,1.0,0.0,0.0,0.0,,
2026-07-20 02:40:00+03:00,15,A,True,12.444029850746269,1.0,0.0,0.0,0.0,,
2026-07-20 02:40:00+03:00,15,M,False,,,,,,,
2026-07-20 02:40:00+03:00,15,V,True,12.444029850746269,1.0,0.0,0.0,0.0,,
2026-07-20 02:45:00+03:00,15,A,True,12.444029850746269,1.0,0.0,0.0,0.0,,
2026-07-20 02:45:00+03:00,15,M,False,,,,,,,
2026-07-20 02:45:00+03:00,15,V,True,12.444029850746269,1.0,0.0,0.0,0.0,,
2026-07-20 02:50:00+03:00,15,A,True,12.444029850746269,1.0,0.0,0.0,0.0,,
2026-07-20 02:50:00+03:00,15,M,False,,,,,,,
2026-07-20 02:50:00+03:00,15,V,True,12.444029850746269,1.0,0.0,0.0,0.0,,
2026-07-20 02:55:00+03:00,15,A,True,12.444029850746269,1.0,0.0,0.0,0.0,,
2026-07-20 02:55:00+03:00,15,M,False,,,,,,,
2026-07-20 02:55:00+03:00,15,V,True,12.444029850746269,1.0,0.0,0.0,0.0,,
2026-07-20 03:00:00+03:00,15,A,True,12.444029850746269,1.0,0.0,0.0,0.0,,
2026-07-20 03:00:00+03:00,15,M,False,,,,,,,
2026-07-20 03:00:00+03:00,15,V,True,12.444029850746269,1.0,0.0,0.0,0.0,,
2026-07-20 03:05:00+03:00,15,A,True,12.444029850746269,1.0,0.0,0.0,0.0,,
2026-07-20 03:05:00+03:00,15,M,False,,,,,,,
2026-07-20 03:05:00+03:00,15,V,True,12.444029850746269,1.0,0.0,0.0,0.0,,
2026-07-20 03:10:00+03:00,15,A,True,12.444029850746269,1.0,0.0,0.0,0.0,,
2026-07-20 03:10:00+03:00,15,M,False,,,,,,,
2026-07-20 03:10:00+03:00,15,V,True,12.444029850746269,1.0,0.0,0.0,0.0,,
2026-07-20 03:15:00+03:00,15,A,True,12.444029850746269,1.0,0.0,0.0,0.0,,
2026-07-20 03:15:00+03:00,15,M,False,,,,,,,
2026-07-20 03:15:00+03:00,15,V,True,12.444029850746269,1.0,0.0,0.0,0.0,,
2026-07-20 03:20:00+03:00,15,A,True,12.444029850746269,1.0,0.0,0.0,0.0,,
2026-07-20 03:20:00+03:00,15,M,False,,,,,,,
2026-07-20 03:20:00+03:00,15,V,True,12.444029850746269,1.0,0.0,0.0,0.0,,
2026-07-20 03:25:00+03:00,15,A,True,12.444029850746269,1.0,0.0,0.0,0.0,,
2026-07-20 03:25:00+03:00,15,M,False,,,,,,,
2026-07-20 03:25:00+03:00,15,V,True,12.444029850746269,1.0,0.0,0.0,0.0,,
2026-07-20 03:30:00+03:00,15,A,True,12.444029850746269,1.0,0.0,0.0,0.0,,
2026-07-20 03:30:00+03:00,15,M,False,,,,,,,
2026-07-20 03:30:00+03:00,15,V,True,12.444029850746269,1.0,0.0,0.0,0.0,,
2026-07-20 03:35:00+03:00,15,A,True,12.444029850746269,1.0,0.0,0.0,0.0,,
2026-07-20 03:35:00+03:00,15,M,False,,,,,,,
2026-07-20 03:35:00+03:00,15,V,True,12.444029850746269,1.0,0.0,0.0,0.0,,
2026-07-20 03:40:00+03:00,15,A,True,12.444029850746269,1.0,0.0,0.0,0.0,,
2026-07-20 03:40:00+03:00,15,M,False,,,,,,,
2026-07-20 03:40:00+03:00,15,V,True,12.444029850746269,1.0,0.0,0.0,0.0,,
2026-07-20 03:45:00+03:00,15,A,True,12.444029850746269,1.0,0.0,0.0,0.0,,
2026-07-20 03:45:00+03:00,15,M,False,,,,,,,
2026-07-20 03:45:00+03:00,15,V,True,12.444029850746269,1.0,0.0,0.0,0.0,,
2026-07-20 03:50:00+03:00,15,A,True,12.444029850746269,1.0,0.0,0.0,0.0,,
2026-07-20 03:50:00+03:00,15,M,False,,,,,,,
2026-07-20 03:50:00+03:00,15,V,True,12.444029850746269,1.0,0.0,0.0,0.0,,
2026-07-20 03:55:00+03:00,15,A,True,12.444029850746269,1.0,0.0,0.0,0.0,,
2026-07-20 03:55:00+03:00,15,M,False,,,,,,,
2026-07-20 03:55:00+03:00,15,V,True,12.444029850746269,1.0,0.0,0.0,0.0,,
2026-07-20 04:00:00+03:00,15,A,True,12.444029850746269,1.0,0.0,0.0,0.0,,
2026-07-20 04:00:00+03:00,15,M,False,,,,,,,
2026-07-20 04:00:00+03:00,15,V,True,12.444029850746269,1.0,0.0,0.0,0.0,,
2026-07-20 04:05:00+03:00,15,A,True,12.444029850746269,1.0,0.0,0.0,0.0,,
2026-07-20 04:05:00+03:00,15,M,False,,,,,,,
2026-07-20 04:05:00+03:00,15,V,True,12.444029850746269,1.0,0.0,0.0,0.0,,
2026-07-20 04:10:00+03:00,15,A,True,12.444029850746269,1.0,0.0,0.0,0.0,,
2026-07-20 04:10:00+03:00,15,M,False,,,,,,,
2026-07-20 04:10:00+03:00,15,V,True,12.444029850746269,1.0,0.0,0.0,0.0,,
2026-07-20 04:15:00+03:00,15,A,True,12.444029850746269,1.0,0.0,0.0,0.0,,
2026-07-20 04:15:00+03:00,15,M,False,,,,,,,
2026-07-20 04:15:00+03:00,15,V,True,12.444029850746269,1.0,0.0,0.0,0.0,,
2026-07-20 04:20:00+03:00,15,A,True,12.444029850746269,1.0,0.0,0.0,0.0,,
2026-07-20 04:20:00+03:00,15,M,False,,,,,,,
2026-07-20 04:20:00+03:00,15,V,True,12.444029850746269,1.0,0.0,0.0,0.0,,
2026-07-20 04:25:00+03:00,15,A,True,12.444029850746269,1.0,0.0,0.0,0.0,,
2026-07-20 04:25:00+03:00,15,M,False,,,,,,,
2026-07-20 04:25:00+03:00,15,V,True,12.444029850746269,1.0,0.0,0.0,0.0,,
2026-07-20 04:30:00+03:00,15,A,True,12.444029850746269,1.0,0.0,0.0,0.0,,
2026-07-20 04:30:00+03:00,15,M,False,,,,,,,
2026-07-20 04:30:00+03:00,15,V,True,12.444029850746269,1.0,0.0,0.0,0.0,,
2026-07-20 04:35:00+03:00,15,A,True,12.444029850746269,1.0,0.0,0.0,0.0,,
2026-07-20 04:35:00+03:00,15,M,False,,,,,,,
2026-07-20 04:35:00+03:00,15,V,True,12.444029850746269,1.0,0.0,0.0,0.0,,
2026-07-20 04:40:00+03:00,15,A,True,12.444029850746269,1.0,0.0,0.0,0.0,,
2026-07-20 04:40:00+03:00,15,M,False,,,,,,,
2026-07-20 04:40:00+03:00,15,V,True,12.444029850746269,1.0,0.0,0.0,0.0,,
2026-07-20 04:45:00+03:00,15,A,True,12.444029850746269,1.0,0.0,0.0,0.0,,
2026-07-20 04:45:00+03:00,15,M,False,,,,,,,
2026-07-20 04:45:00+03:00,15,V,True,12.444029850746269,1.0,0.0,0.0,0.0,,
2026-07-20 04:50:00+03:00,15,A,True,12.444029850746269,1.0,0.0,0.0,0.0,,
2026-07-20 04:50:00+03:00,15,M,False,,,,,,,
2026-07-20 04:50:00+03:00,15,V,True,12.444029850746269,1.0,0.0,0.0,0.0,,
2026-07-20 04:55:00+03:00,15,A,True,12.444029850746269,1.0,0.0,0.0,0.0,,
2026-07-20 04:55:00+03:00,15,M,False,,,,,,,
2026-07-20 04:55:00+03:00,15,V,True,12.444029850746269,1.0,0.0,0.0,0.0,,
2026-07-20 05:00:00+03:00,15,A,True,12.444029850746269,1.0,0.0,0.0,0.0,,
2026-07-20 05:00:00+03:00,15,M,False,,,,,,,
2026-07-20 05:00:00+03:00,15,V,True,12.444029850746269,1.0,0.0,0.0,0.0,,
2026-07-20 05:05:00+03:00,15,A,True,12.444029850746269,1.0,0.0,0.0,0.0,,
2026-07-20 05:05:00+03:00,15,M,False,,,,,,,
2026-07-20 05:05:00+03:00,15,V,True,12.444029850746269,1.0,0.0,0.0,0.0,,
2026-07-20 05:10:00+03:00,15,A,True,12.444029850746269,1.0,0.0,0.0,0.0,,
2026-07-20 05:10:00+03:00,15,M,False,,,,,,,
2026-07-20 05:10:00+03:00,15,V,True,12.444029850746269,1.0,0.0,0.0,0.0,,
2026-07-20 05:15:00+03:00,15,A,True,12.444029850746269,1.0,0.0,0.0,0.0,,
2026-07-20 05:15:00+03:00,15,M,False,,,,,,,
2026-07-20 05:15:00+03:00,15,V,True,12.444029850746269,1.0,0.0,0.0,0.0,,
2026-07-20 05:20:00+03:00,15,A,True,12.444029850746269,1.0,0.0,0.0,0.0,,
2026-07-20 05:20:00+03:00,15,M,False,,,,,,,
2026-07-20 05:20:00+03:00,15,V,True,12.444029850746269,1.0,0.0,0.0,0.0,,
2026-07-20 05:25:00+03:00,15,A,True,12.444029850746269,1.0,0.0,0.0,0.0,,
2026-07-20 05:25:00+03:00,15,M,False,,,,,,,
2026-07-20 05:25:00+03:00,15,V,True,12.444029850746269,1.0,0.0,0.0,0.0,,
2026-07-20 05:30:00+03:00,15,A,True,12.444029850746269,1.0,0.0,0.0,0.0,,
2026-07-20 05:30:00+03:00,15,M,False,,,,,,,
2026-07-20 05:30:00+03:00,15,V,True,12.444029850746269,1.0,0.0,0.0,0.0,,
2026-07-20 05:35:00+03:00,15,A,True,12.444029850746269,1.0,0.0,0.0,0.0,,
2026-07-20 05:35:00+03:00,15,M,False,,,,,,,
2026-07-20 05:35:00+03:00,15,V,True,12.444029850746269,1.0,0.0,0.0,0.0,,
2026-07-20 05:40:00+03:00,15,A,True,12.444029850746269,1.0,0.0,0.0,0.0,,
2026-07-20 05:40:00+03:00,15,M,False,,,,,,,
2026-07-20 05:40:00+03:00,15,V,True,12.444029850746269,1.0,0.0,0.0,0.0,,
2026-07-20 05:45:00+03:00,15,A,True,12.444029850746269,1.0,0.0,0.0,0.0,,
2026-07-20 05:45:00+03:00,15,M,False,,,,,,,
2026-07-20 05:45:00+03:00,15,V,True,12.444029850746269,1.0,0.0,0.0,0.0,,
2026-07-20 05:50:00+03:00,15,A,True,12.444029850746269,1.0,0.0,0.0,0.0,,
2026-07-20 05:50:00+03:00,15,M,False,,,,,,,
2026-07-20 05:50:00+03:00,15,V,True,12.444029850746269,1.0,0.0,0.0,0.0,,
2026-07-20 05:55:00+03:00,15,A,True,12.444029850746269,1.0,0.0,0.0,0.0,,
2026-07-20 05:55:00+03:00,15,M,False,,,,,,,
2026-07-20 05:55:00+03:00,15,V,True,12.444029850746269,1.0,0.0,0.0,0.0,,
2026-07-20 06:00:00+03:00,15,A,True,12.444029850746269,1.0,0.0,0.0,0.0,,
2026-07-20 06:00:00+03:00,15,M,False,,,,,,,
2026-07-20 06:00:00+03:00,15,V,True,12.444029850746269,1.0,0.0,0.0,0.0,,
2026-07-20 06:05:00+03:00,15,A,True,12.444029850746269,1.0,0.0,0.0,0.0,,
2026-07-20 06:05:00+03:00,15,M,False,,,,,,,
2026-07-20 06:05:00+03:00,15,V,True,12.444029850746269,1.0,0.0,0.0,0.0,,
2026-07-20 06:10:00+03:00,15,A,True,12.444029850746269,1.0,0.0,0.0,0.0,,
2026-07-20 06:10:00+03:00,15,M,False,,,,,,,
2026-07-20 06:10:00+03:00,15,V,True,12.444029850746269,1.0,0.0,0.0,0.0,,
2026-07-20 06:15:00+03:00,15,A,True,12.444029850746269,1.0,0.0,0.0,0.0,,
2026-07-20 06:15:00+03:00,15,M,False,,,,,,,
2026-07-20 06:15:00+03:00,15,V,True,12.444029850746269,1.0,0.0,0.0,0.0,,
2026-07-20 06:20:00+03:00,15,A,True,12.444029850746269,1.0,0.0,0.0,0.0,,
2026-07-20 06:20:00+03:00,15,M,False,,,,,,,
2026-07-20 06:20:00+03:00,15,V,True,12.444029850746269,1.0,0.0,0.0,0.0,,
2026-07-20 06:25:00+03:00,15,A,True,12.444029850746269,1.0,0.0,0.0,0.0,,
2026-07-20 06:25:00+03:00,15,M,False,,,,,,,
2026-07-20 06:25:00+03:00,15,V,True,12.444029850746269,1.0,0.0,0.0,0.0,,
2026-07-20 06:30:00+03:00,15,A,True,12.444029850746269,1.0,0.0,0.0,0.0,,
2026-07-20 06:30:00+03:00,15,M,False,,,,,,,
2026-07-20 06:30:00+03:00,15,V,True,12.444029850746269,1.0,0.0,0.0,0.0,,
2026-07-20 06:35:00+03:00,15,A,True,12.444029850746269,1.0,0.0,0.0,0.0,,
2026-07-20 06:35:00+03:00,15,M,False,,,,,,,
2026-07-20 06:35:00+03:00,15,V,True,12.444029850746269,1.0,0.0,0.0,0.0,,
2026-07-20 06:40:00+03:00,15,A,True,12.444029850746269,1.0,0.0,0.0,0.0,,
2026-07-20 06:40:00+03:00,15,M,False,,,,,,,
2026-07-20 06:40:00+03:00,15,V,True,12.444029850746269,1.0,0.0,0.0,0.0,,
2026-07-20 06:45:00+03:00,15,A,True,12.444029850746269,1.0,0.0,0.0,0.0,,
2026-07-20 06:45:00+03:00,15,M,False,,,,,,,
2026-07-20 06:45:00+03:00,15,V,True,12.444029850746269,1.0,0.0,0.0,0.0,,
2026-07-20 06:50:00+03:00,15,A,True,12.444029850746269,1.0,0.0,0.0,0.0,,
2026-07-20 06:50:00+03:00,15,M,False,,,,,,,
2026-07-20 06:50:00+03:00,15,V,True,12.444029850746269,1.0,0.0,0.0,0.0,,
2026-07-20 06:55:00+03:00,15,A,True,12.444029850746269,1.0,0.0,0.0,0.0,,
2026-07-20 06:55:00+03:00,15,M,False,,,,,,,
2026-07-20 06:55:00+03:00,15,V,True,12.444029850746269,1.0,0.0,0.0,0.0,,
2026-07-20 07:00:00+03:00,15,A,True,12.444029850746269,1.0,0.0,0.0,0.0,,
2026-07-20 07:00:00+03:00,15,M,False,,,,,,,
2026-07-20 07:00:00+03:00,15,V,True,12.444029850746269,1.0,0.0,0.0,0.0,,
2026-07-20 07:05:00+03:00,15,A,True,12.444029850746269,1.0,0.0,0.0,0.0,,
2026-07-20 07:05:00+03:00,15,M,False,,,,,,,
2026-07-20 07:05:00+03:00,15,V,True,12.444029850746269,1.0,0.0,0.0,0.0,,
2026-07-20 07:10:00+03:00,15,A,True,12.444029850746269,1.0,0.0,0.0,0.0,,
2026-07-20 07:10:00+03:00,15,M,False,,,,,,,
2026-07-20 07:10:00+03:00,15,V,True,12.444029850746269,1.0,0.0,0.0,0.0,,
2026-07-20 07:15:00+03:00,15,A,True,12.444029850746269,1.0,0.0,0.0,0.0,,
2026-07-20 07:15:00+03:00,15,M,False,,,,,,,
2026-07-20 07:15:00+03:00,15,V,True,12.444029850746269,1.0,0.0,0.0,0.0,,
2026-07-20 07:20:00+03:00,15,A,True,12.444029850746269,1.0,0.0,0.0,0.0,,
2026-07-20 07:20:00+03:00,15,M,False,,,,,,,
2026-07-20 07:20:00+03:00,15,V,True,12.444029850746269,1.0,0.0,0.0,0.0,,
2026-07-20 07:25:00+03:00,15,A,True,12.444029850746269,1.0,0.0,0.0,0.0,,
2026-07-20 07:25:00+03:00,15,M,False,,,,,,,
2026-07-20 07:25:00+03:00,15,V,True,12.444029850746269,1.0,0.0,0.0,0.0,,
2026-07-20 07:30:00+03:00,15,A,True,12.444029850746269,1.0,0.0,0.0,0.0,,
2026-07-20 07:30:00+03:00,15,M,False,,,,,,,
2026-07-20 07:30:00+03:00,15,V,True,12.444029850746269,1.0,0.0,0.0,0.0,,
2026-07-20 07:35:00+03:00,15,A,True,12.444029850746269,1.0,0.0,0.0,0.0,,
2026-07-20 07:35:00+03:00,15,M,False,,,,,,,
2026-07-20 07:35:00+03:00,15,V,True,12.444029850746269,1.0,0.0,0.0,0.0,,
2026-07-20 07:40:00+03:00,15,A,True,12.444029850746269,1.0,0.0,0.0,0.0,,
2026-07-20 07:40:00+03:00,15,M,False,,,,,,,
2026-07-20 07:40:00+03:00,15,V,True,12.444029850746269,1.0,0.0,0.0,0.0,,
2026-07-20 07:45:00+03:00,15,A,True,12.444029850746269,1.0,0.0,0.0,0.0,,
2026-07-20 07:45:00+03:00,15,M,False,,,,,,,
2026-07-20 07:45:00+03:00,15,V,True,12.444029850746269,1.0,0.0,0.0,0.0,,
2026-07-20 07:50:00+03:00,15,A,True,12.444029850746269,1.0,0.0,0.0,0.0,,
2026-07-20 07:50:00+03:00,15,M,False,,,,,,,
2026-07-20 07:50:00+03:00,15,V,True,12.444029850746269,1.0,0.0,0.0,0.0,,
2026-07-20 07:55:00+03:00,15,A,True,12.444029850746269,1.0,0.0,0.0,0.0,,
2026-07-20 07:55:00+03:00,15,M,False,,,,,,,
2026-07-20 07:55:00+03:00,15,V,True,12.444029850746269,1.0,0.0,0.0,0.0,,
2026-07-20 08:00:00+03:00,15,A,True,12.444029850746269,1.0,0.0,0.0,0.0,,
2026-07-20 08:00:00+03:00,15,M,False,,,,,,,
2026-07-20 08:00:00+03:00,15,V,True,12.444029850746269,1.0,0.0,0.0,0.0,,
2026-07-20 08:05:00+03:00,15,A,True,12.444029850746269,1.0,0.0,0.0,0.0,,
2026-07-20 08:05:00+03:00,15,M,False,,,,,,,
2026-07-20 08:05:00+03:00,15,V,True,12.444029850746269,1.0,0.0,0.0,0.0,,
2026-07-20 08:10:00+03:00,15,A,True,12.444029850746269,1.0,0.0,0.0,0.0,,
2026-07-20 08:10:00+03:00,15,M,False,,,,,,,
2026-07-20 08:10:00+03:00,15,V,True,12.444029850746269,1.0,0.0,0.0,0.0,,
2026-07-20 08:15:00+03:00,15,A,True,12.444029850746269,1.0,0.0,0.0,0.0,,
2026-07-20 08:15:00+03:00,15,M,False,,,,,,,
2026-07-20 08:15:00+03:00,15,V,True,12.444029850746269,1.0,0.0,0.0,0.0,,
2026-07-20 08:20:00+03:00,15,A,True,12.444029850746269,1.0,0.0,0.0,0.0,,
2026-07-20 08:20:00+03:00,15,M,False,,,,,,,
2026-07-20 08:20:00+03:00,15,V,True,12.444029850746269,1.0,0.0,0.0,0.0,,
2026-07-20 08:25:00+03:00,15,A,True,12.444029850746269,1.0,0.0,0.0,0.0,,
2026-07-20 08:25:00+03:00,15,M,False,,,,,,,
2026-07-20 08:25:00+03:00,15,V,True,12.444029850746269,1.0,0.0,0.0,0.0,,
2026-07-20 08:30:00+03:00,15,A,True,12.444029850746269,1.0,0.0,0.0,0.0,,
2026-07-20 08:30:00+03:00,15,M,False,,,,,,,
2026-07-20 08:30:00+03:00,15,V,True,12.444029850746269,1.0,0.0,0.0,0.0,,
2026-07-20 08:35:00+03:00,15,A,True,12.444029850746269,1.0,0.0,0.0,0.0,,
2026-07-20 08:35:00+03:00,15,M,False,,,,,,,
2026-07-20 08:35:00+03:00,15,V,True,12.444029850746269,1.0,0.0,0.0,0.0,,
2026-07-20 08:40:00+03:00,15,A,True,12.444029850746269,1.0,0.0,0.0,0.0,,
2026-07-20 08:40:00+03:00,15,M,False,,,,,,,
2026-07-20 08:40:00+03:00,15,V,True,12.444029850746269,1.0,0.0,0.0,0.0,,
2026-07-20 08:45:00+03:00,15,A,True,12.444029850746269,1.0,0.0,0.0,0.0,,
2026-07-20 08:45:00+03:00,15,M,False,,,,,,,
2026-07-20 08:45:00+03:00,15,V,True,12.444029850746269,1.0,0.0,0.0,0.0,,
2026-07-20 08:50:00+03:00,15,A,True,12.444029850746269,1.0,0.0,0.0,0.0,,
2026-07-20 08:50:00+03:00,15,M,False,,,,,,,
2026-07-20 08:50:00+03:00,15,V,True,12.444029850746269,1.0,0.0,0.0,0.0,,
2026-07-20 08:55:00+03:00,15,A,True,12.444029850746269,1.0,0.0,0.0,0.0,,
2026-07-20 08:55:00+03:00,15,M,False,,,,,,,
2026-07-20 08:55:00+03:00,15,V,True,12.444029850746269,1.0,0.0,0.0,0.0,,
2026-07-20 09:00:00+03:00,15,A,True,12.444029850746269,1.0,0.0,0.0,0.0,,
2026-07-20 09:00:00+03:00,15,M,False,,,,,,,
2026-07-20 09:00:00+03:00,15,V,True,12.444029850746269,1.0,0.0,0.0,0.0,,
2026-07-20 09:05:00+03:00,15,A,True,12.444029850746269,1.0,0.0,0.0,0.0,,
2026-07-20 09:05:00+03:00,15,M,False,,,,,,,
2026-07-20 09:05:00+03:00,15,V,True,12.444029850746269,1.0,0.0,0.0,0.0,,
2026-07-20 09:10:00+03:00,15,A,True,12.444029850746269,1.0,0.0,0.0,0.0,,
2026-07-20 09:10:00+03:00,15,M,False,,,,,,,
2026-07-20 09:10:00+03:00,15,V,True,12.444029850746269,1.0,0.0,0.0,0.0,,
2026-07-20 09:15:00+03:00,15,A,True,12.444029850746269,1.0,0.0,0.0,0.0,,
2026-07-20 09:15:00+03:00,15,M,False,,,,,,,
2026-07-20 09:15:00+03:00,15,V,True,12.444029850746269,1.0,0.0,0.0,0.0,,
2026-07-20 09:20:00+03:00,15,A,True,12.444029850746269,1.0,0.0,0.0,0.0,,
2026-07-20 09:20:00+03:00,15,M,False,,,,,,,
2026-07-20 09:20:00+03:00,15,V,True,12.444029850746269,1.0,0.0,0.0,0.0,,
2026-07-20 09:25:00+03:00,15,A,True,12.444029850746269,1.0,0.0,0.0,0.0,,
2026-07-20 09:25:00+03:00,15,M,False,,,,,,,
2026-07-20 09:25:00+03:00,15,V,True,12.444029850746269,1.0,0.0,0.0,0.0,,
2026-07-20 09:30:00+03:00,15,A,True,12.444029850746269,1.0,0.0,0.0,0.0,,
2026-07-20 09:30:00+03:00,15,M,False,,,,,,,
2026-07-20 09:30:00+03:00,15,V,True,12.444029850746269,1.0,0.0,0.0,0.0,,
2026-07-20 09:35:00+03:00,15,A,True,12.444029850746269,1.0,0.0,0.0,0.0,,
2026-07-20 09:35:00+03:00,15,M,False,,,,,,,
2026-07-20 09:35:00+03:00,15,V,True,12.444029850746269,1.0,0.0,0.0,0.0,,
2026-07-20 09:40:00+03:00,15,A,True,12.444029850746269,1.0,0.0,0.0,0.0,,
2026-07-20 09:40:00+03:00,15,M,False,,,,,,,
2026-07-20 09:40:00+03:00,15,V,True,12.444029850746269,1.0,0.0,0.0,0.0,,
2026-07-20 09:45:00+03:00,15,A,True,12.444029850746269,1.0,0.0,0.0,0.0,,
2026-07-20 09:45:00+03:00,15,M,False,,,,,,,
2026-07-20 09:45:00+03:00,15,V,True,12.444029850746269,1.0,0.0,0.0,0.0,,
2026-07-20 09:50:00+03:00,15,A,True,12.444029850746269,1.0,0.0,0.0,0.0,,
2026-07-20 09:50:00+03:00,15,M,False,,,,,,,
2026-07-20 09:50:00+03:00,15,V,True,12.444029850746269,1.0,0.0,0.0,0.0,,
2026-07-20 09:55:00+03:00,15,A,True,12.444029850746269,1.0,0.0,0.0,0.0,,
2026-07-20 09:55:00+03:00,15,M,False,,,,,,,
2026-07-20 09:55:00+03:00,15,V,True,12.444029850746269,1.0,0.0,0.0,0.0,,
2026-07-20 10:00:00+03:00,15,A,True,12.444029850746269,1.0,0.0,0.0,0.0,,
2026-07-20 10:00:00+03:00,15,M,False,,,,,,,
2026-07-20 10:00:00+03:00,15,V,True,12.444029850746269,1.0,0.0,0.0,0.0,,
2026-07-20 10:05:00+03:00,15,A,True,12.444029850746269,1.0,0.0,0.0,0.0,,
2026-07-20 10:05:00+03:00,15,M,False,,,,,,,
2026-07-20 10:05:00+03:00,15,V,True,12.444029850746269,1.0,0.0,0.0,0.0,,
2026-07-20 10:10:00+03:00,15,A,True,12.444029850746269,1.0,0.0,0.0,0.0,,
2026-07-20 10:10:00+03:00,15,M,False,,,,,,,
2026-07-20 10:10:00+03:00,15,V,True,12.444029850746269,1.0,0.0,0.0,0.0,,
2026-07-20 10:15:00+03:00,15,A,True,12.444029850746269,1.0,0.0,0.0,0.0,,
2026-07-20 10:15:00+03:00,15,M,False,,,,,,,
2026-07-20 10:15:00+03:00,15,V,True,12.444029850746269,1.0,0.0,0.0,0.0,,
2026-07-20 10:20:00+03:00,15,A,True,12.444029850746269,1.0,0.0,0.0,0.0,,
2026-07-20 10:20:00+03:00,15,M,False,,,,,,,
2026-07-20 10:20:00+03:00,15,V,True,12.444029850746269,1.0,0.0,0.0,0.0,,
2026-07-20 10:25:00+03:00,15,A,True,12.444029850746269,1.0,0.0,0.0,0.0,,
2026-07-20 10:25:00+03:00,15,M,False,,,,,,,
2026-07-20 10:25:00+03:00,15,V,True,12.444029850746269,1.0,0.0,0.0,0.0,,
2026-07-20 10:30:00+03:00,15,A,True,12.444029850746269,1.0,0.0,0.0,0.0,,
2026-07-20 10:30:00+03:00,15,M,False,,,,,,,
2026-07-20 10:30:00+03:00,15,V,True,12.444029850746269,1.0,0.0,0.0,0.0,,
2026-07-20 10:35:00+03:00,15,A,True,12.444029850746269,1.0,0.0,0.0,0.0,,
2026-07-20 10:35:00+03:00,15,M,False,,,,,,,
2026-07-20 10:35:00+03:00,15,V,True,12.444029850746269,1.0,0.0,0.0,0.0,,
2026-07-20 10:40:00+03:00,15,A,True,12.444029850746269,1.0,0.0,0.0,0.0,,
2026-07-20 10:40:00+03:00,15,M,False,,,,,,,
2026-07-20 10:40:00+03:00,15,V,True,12.444029850746269,1.0,0.0,0.0,0.0,,
2026-07-20 10:45:00+03:00,15,A,True,12.444029850746269,1.0,0.0,0.0,0.0,,
2026-07-20 10:45:00+03:00,15,M,False,,,,,,,
2026-07-20 10:45:00+03:00,15,V,True,12.444029850746269,1.0,0.0,0.0,0.0,,
2026-07-20 10:50:00+03:00,15,A,True,12.444029850746269,1.0,0.0,0.0,0.0,,
2026-07-20 10:50:00+03:00,15,M,False,,,,,,,
2026-07-20 10:50:00+03:00,15,V,True,12.444029850746269,1.0,0.0,0.0,0.0,,
2026-07-20 10:55:00+03:00,15,A,True,12.444029850746269,1.0,0.0,0.0,0.0,,
2026-07-20 10:55:00+03:00,15,M,False,,,,,,,
2026-07-20 10:55:00+03:00,15,V,True,12.444029850746269,1.0,0.0,0.0,0.0,,
2026-07-20 11:00:00+03:00,15,A,True,12.444029850746269,1.0,0.0,0.0,0.0,,
2026-07-20 11:00:00+03:00,15,M,False,,,,,,,
2026-07-20 11:00:00+03:00,15,V,True,12.444029850746269,1.0,0.0,0.0,0.0,,
2026-07-20 11:05:00+03:00,15,A,True,12.444029850746269,1.0,0.0,0.0,0.0,,
2026-07-20 11:05:00+03:00,15,M,False,,,,,,,
2026-07-20 11:05:00+03:00,15,V,True,12.444029850746269,1.0,0.0,0.0,0.0,,
2026-07-20 11:10:00+03:00,15,A,True,12.444029850746269,1.0,0.0,0.0,0.0,,
2026-07-20 11:10:00+03:00,15,M,False,,,,,,,
2026-07-20 11:10:00+03:00,15,V,True,12.444029850746269,1.0,0.0,0.0,0.0,,
2026-07-20 11:15:00+03:00,15,A,True,12.444029850746269,1.0,0.0,0.0,0.0,,
2026-07-20 11:15:00+03:00,15,M,False,,,,,,,
2026-07-20 11:15:00+03:00,15,V,True,12.444029850746269,1.0,0.0,0.0,0.0,,
2026-07-20 11:20:00+03:00,15,A,True,12.444029850746269,1.0,0.0,0.0,0.0,,
2026-07-20 11:20:00+03:00,15,M,False,,,,,,,
2026-07-20 11:20:00+03:00,15,V,True,12.444029850746269,1.0,0.0,0.0,0.0,,
2026-07-20 11:25:00+03:00,15,A,True,12.444029850746269,1.0,0.0,0.0,0.0,,
2026-07-20 11:25:00+03:00,15,M,False,,,,,,,
2026-07-20 11:25:00+03:00,15,V,True,12.444029850746269,1.0,0.0,0.0,0.0,,
2026-07-20 11:30:00+03:00,15,A,True,12.444029850746269,1.0,0.0,0.0,0.0,,
2026-07-20 11:30:00+03:00,15,M,False,,,,,,,
2026-07-20 11:30:00+03:00,15,V,True,12.444029850746269,1.0,0.0,0.0,0.0,,
2026-07-20 11:35:00+03:00,15,A,True,12.444029850746269,1.0,0.0,0.0,0.0,,
2026-07-20 11:35:00+03:00,15,M,False,,,,,,,
2026-07-20 11:35:00+03:00,15,V,True,12.444029850746269,1.0,0.0,0.0,0.0,,
2026-07-20 11:40:00+03:00,15,A,True,12.444029850746269,1.0,0.0,0.0,0.0,,
2026-07-20 11:40:00+03:00,15,M,False,,,,,,,
2026-07-20 11:40:00+03:00,15,V,True,12.444029850746269,1.0,0.0,0.0,0.0,,
2026-07-20 11:45:00+03:00,15,A,True,12.444029850746269,1.0,0.0,0.0,0.0,,
2026-07-20 11:45:00+03:00,15,M,False,,,,,,,
2026-07-20 11:45:00+03:00,15,V,True,12.444029850746269,1.0,0.0,0.0,0.0,,
2026-07-20 11:50:00+03:00,15,A,True,12.444029850746269,1.0,0.0,0.0,0.0,,
2026-07-20 11:50:00+03:00,15,M,False,,,,,,,
2026-07-20 11:50:00+03:00,15,V,True,12.444029850746269,1.0,0.0,0.0,0.0,,
2026-07-20 11:55:00+03:00,15,A,True,12.444029850746269,1.0,0.0,0.0,0.0,,
2026-07-20 11:55:00+03:00,15,M,False,,,,,,,
2026-07-20 11:55:00+03:00,15,V,True,12.444029850746269,1.0,0.0,0.0,0.0,,
2026-07-20 12:00:00+03:00,15,A,True,12.444029850746269,1.0,0.0,0.0,0.0,,
2026-07-20 12:00:00+03:00,15,M,False,,,,,,,
2026-07-20 12:00:00+03:00,15,V,True,12.444029850746269,1.0,0.0,0.0,0.0,,
2026-07-20 12:05:00+03:00,15,A,True,12.444029850746269,1.0,0.0,0.0,0.0,,
2026-07-20 12:05:00+03:00,15,M,False,,,,,,,
2026-07-20 12:05:00+03:00,15,V,True,12.444029850746269,1.0,0.0,0.0,0.0,,
2026-07-20 12:10:00+03:00,15,A,True,12.444029850746269,1.0,0.0,0.0,0.0,,
2026-07-20 12:10:00+03:00,15,M,False,,,,,,,
2026-07-20 12:10:00+03:00,15,V,True,12.444029850746269,1.0,0.0,0.0,0.0,,
2026-07-20 12:15:00+03:00,15,A,True,12.444029850746269,1.0,0.0,0.0,0.0,,
2026-07-20 12:15:00+03:00,15,M,False,,,,,,,
2026-07-20 12:15:00+03:00,15,V,True,12.444029850746269,1.0,0.0,0.0,0.0,,
2026-07-20 12:20:00+03:00,15,A,True,12.444029850746269,1.0,0.0,0.0,0.0,,
2026-07-20 12:20:00+03:00,15,M,False,,,,,,,
2026-07-20 12:20:00+03:00,15,V,True,12.444029850746269,1.0,0.0,0.0,0.0,,
2026-07-20 12:25:00+03:00,15,A,True,12.444029850746269,1.0,0.0,0.0,0.0,,
2026-07-20 12:25:00+03:00,15,M,False,,,,,,,
2026-07-20 12:25:00+03:00,15,V,True,12.444029850746269,1.0,0.0,0.0,0.0,,
2026-07-20 12:30:00+03:00,15,A,True,12.444029850746269,1.0,0.0,0.0,0.0,,
2026-07-20 12:30:00+03:00,15,M,False,,,,,,,
2026-07-20 12:30:00+03:00,15,V,True,12.444029850746269,1.0,0.0,0.0,0.0,,
2026-07-20 12:35:00+03:00,15,A,True,12.444029850746269,1.0,0.0,0.0,0.0,,
2026-07-20 12:35:00+03:00,15,M,False,,,,,,,
2026-07-20 12:35:00+03:00,15,V,True,12.444029850746269,1.0,0.0,0.0,0.0,,
2026-07-20 12:40:00+03:00,15,A,True,12.444029850746269,1.0,0.0,0.0,0.0,,
2026-07-20 12:40:00+03:00,15,M,False,,,,,,,
2026-07-20 12:40:00+03:00,15,V,True,12.444029850746269,1.0,0.0,0.0,0.0,,
2026-07-20 12:45:00+03:00,15,A,True,12.444029850746269,1.0,0.0,0.0,0.0,,
2026-07-20 12:45:00+03:00,15,M,False,,,,,,,
2026-07-20 12:45:00+03:00,15,V,True,12.444029850746269,1.0,0.0,0.0,0.0,,
2026-07-20 12:50:00+03:00,15,A,True,12.444029850746269,1.0,0.0,0.0,0.0,,
2026-07-20 12:50:00+03:00,15,M,False,,,,,,,
2026-07-20 12:50:00+03:00,15,V,True,12.444029850746269,1.0,0.0,0.0,0.0,,
2026-07-20 12:55:00+03:00,15,A,True,12.444029850746269,1.0,0.0,0.0,0.0,,
2026-07-20 12:55:00+03:00,15,M,False,,,,,,,
2026-07-20 12:55:00+03:00,15,V,True,12.444029850746269,1.0,0.0,0.0,0.0,,
2026-07-20 13:00:00+03:00,15,A,True,12.444029850746269,1.0,0.0,0.0,0.0,,
2026-07-20 13:00:00+03:00,15,M,False,,,,,,,
2026-07-20 13:00:00+03:00,15,V,True,12.444029850746269,1.0,0.0,0.0,0.0,,
2026-07-20 13:05:00+03:00,15,A,True,12.444029850746269,1.0,0.0,0.0,0.0,,
2026-07-20 13:05:00+03:00,15,M,False,,,,,,,
2026-07-20 13:05:00+03:00,15,V,True,12.444029850746269,1.0,0.0,0.0,0.0,,
2026-07-20 13:10:00+03:00,15,A,True,12.444029850746269,1.0,0.0,0.0,0.0,,
2026-07-20 13:10:00+03:00,15,M,False,,,,,,,
2026-07-20 13:10:00+03:00,15,V,True,12.444029850746269,1.0,0.0,0.0,0.0,,
2026-07-20 13:15:00+03:00,15,A,True,12.444029850746269,1.0,0.0,0.0,0.0,,
2026-07-20 13:15:00+03:00,15,M,False,,,,,,,
2026-07-20 13:15:00+03:00,15,V,True,12.444029850746269,1.0,0.0,0.0,0.0,,
2026-07-20 13:20:00+03:00,15,A,True,12.444029850746269,1.0,0.0,0.0,0.0,,
2026-07-20 13:20:00+03:00,15,M,False,,,,,,,
2026-07-20 13:20:00+03:00,15,V,True,12.444029850746269,1.0,0.0,0.0,0.0,,
2026-07-20 13:25:00+03:00,15,A,True,12.444029850746269,1.0,0.0,0.0,0.0,,
2026-07-20 13:25:00+03:00,15,M,False,,,,,,,
2026-07-20 13:25:00+03:00,15,V,True,12.444029850746269,1.0,0.0,0.0,0.0,,
2026-07-20 13:30:00+03:00,15,A,True,12.444029850746269,1.0,0.0,0.0,0.0,,
2026-07-20 13:30:00+03:00,15,M,False,,,,,,,
2026-07-20 13:30:00+03:00,15,V,True,12.444029850746269,1.0,0.0,0.0,0.0,,
2026-07-20 13:35:00+03:00,15,A,True,12.444029850746269,1.0,0.0,0.0,0.0,,
2026-07-20 13:35:00+03:00,15,M,False,,,,,,,
2026-07-20 13:35:00+03:00,15,V,True,12.444029850746269,1.0,0.0,0.0,0.0,,
2026-07-20 13:40:00+03:00,15,A,True,12.444029850746269,1.0,0.0,0.0,0.0,,
2026-07-20 13:40:00+03:00,15,M,False,,,,,,,
2026-07-20 13:40:00+03:00,15,V,True,12.444029850746269,1.0,0.0,0.0,0.0,,
2026-07-20 13:45:00+03:00,15,A,True,12.444029850746269,1.0,0.0,0.0,0.0,,
2026-07-20 13:45:00+03:00,15,M,False,,,,,,,
2026-07-20 13:45:00+03:00,15,V,True,12.444029850746269,1.0,0.0,0.0,0.0,,
2026-07-20 13:50:00+03:00,15,A,True,12.444029850746269,1.0,0.0,0.0,0.0,,
2026-07-20 13:50:00+03:00,15,M,False,,,,,,,
2026-07-20 13:50:00+03:00,15,V,True,12.444029850746269,1.0,0.0,0.0,0.0,,
2026-07-20 13:55:00+03:00,15,A,True,12.444029850746269,1.0,0.0,0.0,0.0,,
2026-07-20 13:55:00+03:00,15,M,False,,,,,,,
2026-07-20 13:55:00+03:00,15,V,True,12.444029850746269,1.0,0.0,0.0,0.0,,
2026-07-20 14:00:00+03:00,15,A,True,12.444029850746269,1.0,0.0,0.0,0.0,,
2026-07-20 14:00:00+03:00,15,M,False,,,,,,,
2026-07-20 14:00:00+03:00,15,V,True,12.444029850746269,1.0,0.0,0.0,0.0,,
2026-07-20 14:05:00+03:00,15,A,True,12.444029850746269,1.0,0.0,0.0,0.0,,
2026-07-20 14:05:00+03:00,15,M,False,,,,,,,
2026-07-20 14:05:00+03:00,15,V,True,12.444029850746269,1.0,0.0,0.0,0.0,,
2026-07-20 14:10:00+03:00,15,A,True,12.444029850746269,1.0,0.0,0.0,0.0,,
2026-07-20 14:10:00+03:00,15,M,False,,,,,,,
2026-07-20 14:10:00+03:00,15,V,True,12.444029850746269,1.0,0.0,0.0,0.0,,
2026-07-20 14:15:00+03:00,15,A,True,12.444029850746269,1.0,0.0,0.0,0.0,,
2026-07-20 14:15:00+03:00,15,M,False,,,,,,,
2026-07-20 14:15:00+03:00,15,V,True,12.444029850746269,1.0,0.0,0.0,0.0,,
2026-07-20 14:20:00+03:00,15,A,True,37.5,0.0,1.0,0.0,0.0,,
2026-07-20 14:20:00+03:00,15,M,False,,,,,,,
2026-07-20 14:20:00+03:00,15,V,True,12.444029850746269,1.0,0.0,0.0,0.0,,
2026-07-20 14:25:00+03:00,15,A,True,62.5,0.0,0.0,1.0,0.0,,
2026-07-20 14:25:00+03:00,15,M,False,,,,,,,
2026-07-20 14:25:00+03:00,15,V,True,12.444029850746269,1.0,0.0,0.0,0.0,,
2026-07-20 14:30:00+03:00,15,A,True,62.5,0.0,0.0,1.0,0.0,,
2026-07-20 14:30:00+03:00,15,M,False,,,,,,,
2026-07-20 14:30:00+03:00,15,V,True,12.444029850746269,1.0,0.0,0.0,0.0,,
2026-07-20 14:35:00+03:00,15,A,True,37.5,0.0,1.0,0.0,0.0,,
2026-07-20 14:35:00+03:00,15,M,False,,,,,,,
2026-07-20 14:35:00+03:00,15,V,True,12.444029850746269,1.0,0.0,0.0,0.0,,
2026-07-20 14:40:00+03:00,15,A,True,12.444029850746269,1.0,0.0,0.0,0.0,,
2026-07-20 14:40:00+03:00,15,M,False,,,,,,,
2026-07-20 14:40:00+03:00,15,V,True,12.444029850746269,1.0,0.0,0.0,0.0,,
2026-07-20 14:45:00+03:00,15,A,True,12.444029850746269,1.0,0.0,0.0,0.0,,
2026-07-20 14:45:00+03:00,15,M,False,,,,,,,
2026-07-20 14:45:00+03:00,15,V,True,12.444029850746269,1.0,0.0,0.0,0.0,,
2026-07-20 14:50:00+03:00,15,A,True,12.444029850746269,1.0,0.0,0.0,0.0,,
2026-07-20 14:50:00+03:00,15,M,False,,,,,,,
2026-07-20 14:50:00+03:00,15,V,True,12.444029850746269,1.0,0.0,0.0,0.0,,
2026-07-20 14:55:00+03:00,15,A,True,12.444029850746269,1.0,0.0,0.0,0.0,,
2026-07-20 14:55:00+03:00,15,M,False,,,,,,,
2026-07-20 14:55:00+03:00,15,V,True,12.444029850746269,1.0,0.0,0.0,0.0,,
2026-07-20 15:00:00+03:00,15,A,True,12.444029850746269,1.0,0.0,0.0,0.0,,
2026-07-20 15:00:00+03:00,15,M,False,,,,,,,
2026-07-20 15:00:00+03:00,15,V,True,12.444029850746269,1.0,0.0,0.0,0.0,,
2026-07-20 15:05:00+03:00,15,A,True,12.444029850746269,1.0,0.0,0.0,0.0,,
2026-07-20 15:05:00+03:00,15,M,False,,,,,,,
2026-07-20 15:05:00+03:00,15,V,True,12.444029850746269,1.0,0.0,0.0,0.0,,
2026-07-20 15:10:00+03:00,15,A,True,12.444029850746269,1.0,0.0,0.0,0.0,,
2026-07-20 15:10:00+03:00,15,M,False,,,,,,,
2026-07-20 15:10:00+03:00,15,V,True,12.444029850746269,1.0,0.0,0.0,0.0,,
2026-07-20 15:15:00+03:00,15,A,True,12.444029850746269,1.0,0.0,0.0,0.0,,
2026-07-20 15:15:00+03:00,15,M,False,,,,,,,
2026-07-20 15:15:00+03:00,15,V,True,12.444029850746269,1.0,0.0,0.0,0.0,,
2026-07-20 15:20:00+03:00,15,A,True,12.444029850746269,1.0,0.0,0.0,0.0,,
2026-07-20 15:20:00+03:00,15,M,False,,,,,,,
2026-07-20 15:20:00+03:00,15,V,True,12.444029850746269,1.0,0.0,0.0,0.0,,
2026-07-20 15:25:00+03:00,15,A,True,12.444029850746269,1.0,0.0,0.0,0.0,,
2026-07-20 15:25:00+03:00,15,M,False,,,,,,,
2026-07-20 15:25:00+03:00,15,V,True,12.444029850746269,1.0,0.0,0.0,0.0,,
2026-07-20 15:30:00+03:00,15,A,True,12.444029850746269,1.0,0.0,0.0,0.0,,
2026-07-20 15:30:00+03:00,15,M,False,,,,,,,
2026-07-20 15:30:00+03:00,15,V,True,12.444029850746269,1.0,0.0,0.0,0.0,,
2026-07-20 15:35:00+03:00,15,A,True,12.444029850746269,1.0,0.0,0.0,0.0,,
2026-07-20 15:35:00+03:00,15,M,False,,,,,,,
2026-07-20 15:35:00+03:00,15,V,True,12.444029850746269,1.0,0.0,0.0,0.0,,
2026-07-20 15:40:00+03:00,15,A,True,12.444029850746269,1.0,0.0,0.0,0.0,,
2026-07-20 15:40:00+03:00,15,M,False,,,,,,,
2026-07-20 15:40:00+03:00,15,V,True,12.444029850746269,1.0,0.0,0.0,0.0,,
2026-07-20 15:45:00+03:00,15,A,True,12.444029850746269,1.0,0.0,0.0,0.0,,
2026-07-20 15:45:00+03:00,15,M,False,,,,,,,
2026-07-20 15:45:00+03:00,15,V,True,12.444029850746269,1.0,0.0,0.0,0.0,,
2026-07-20 15:50:00+03:00,15,A,True,12.444029850746269,1.0,0.0,0.0,0.0,,
2026-07-20 15:50:00+03:00,15,M,False,,,,,,,
2026-07-20 15:50:00+03:00,15,V,True,12.444029850746269,1.0,0.0,0.0,0.0,,
2026-07-20 15:55:00+03:00,15,A,True,12.444029850746269,1.0,0.0,0.0,0.0,,
2026-07-20 15:55:00+03:00,15,M,False,,,,,,,
2026-07-20 15:55:00+03:00,15,V,True,12.444029850746269,1.0,0.0,0.0,0.0,,
2026-07-20 16:00:00+03:00,15,A,True,12.444029850746269,1.0,0.0,0.0,0.0,,
2026-07-20 16:00:00+03:00,15,M,False,,,,,,,
2026-07-20 16:00:00+03:00,15,V,True,12.444029850746269,1.0,0.0,0.0,0.0,,
2026-07-20 16:05:00+03:00,15,A,True,12.444029850746269,1.0,0.0,0.0,0.0,,
2026-07-20 16:05:00+03:00,15,M,False,,,,,,,
2026-07-20 16:05:00+03:00,15,V,True,12.444029850746269,1.0,0.0,0.0,0.0,,
2026-07-20 16:10:00+03:00,15,A,True,12.444029850746269,1.0,0.0,0.0,0.0,,
2026-07-20 16:10:00+03:00,15,M,False,,,,,,,
2026-07-20 16:10:00+03:00,15,V,True,12.444029850746269,1.0,0.0,0.0,0.0,,
2026-07-20 16:15:00+03:00,15,A,True,12.444029850746269,1.0,0.0,0.0,0.0,,
2026-07-20 16:15:00+03:00,15,M,False,,,,,,,
2026-07-20 16:15:00+03:00,15,V,True,12.444029850746269,1.0,0.0,0.0,0.0,,
2026-07-20 16:20:00+03:00,15,A,True,12.444029850746269,1.0,0.0,0.0,0.0,,
2026-07-20 16:20:00+03:00,15,M,False,,,,,,,
2026-07-20 16:20:00+03:00,15,V,True,12.444029850746269,1.0,0.0,0.0,0.0,,
2026-07-20 16:25:00+03:00,15,A,True,12.444029850746269,1.0,0.0,0.0,0.0,,
2026-07-20 16:25:00+03:00,15,M,False,,,,,,,
2026-07-20 16:25:00+03:00,15,V,True,12.444029850746269,1.0,0.0,0.0,0.0,,
2026-07-20 16:30:00+03:00,15,A,True,12.444029850746269,1.0,0.0,0.0,0.0,,
2026-07-20 16:30:00+03:00,15,M,False,,,,,,,
2026-07-20 16:30:00+03:00,15,V,True,12.444029850746269,1.0,0.0,0.0,0.0,,
2026-07-20 16:35:00+03:00,15,A,True,12.444029850746269,1.0,0.0,0.0,0.0,,
2026-07-20 16:35:00+03:00,15,M,False,,,,,,,
2026-07-20 16:35:00+03:00,15,V,True,12.444029850746269,1.0,0.0,0.0,0.0,,
2026-07-20 16:40:00+03:00,15,A,True,12.444029850746269,1.0,0.0,0.0,0.0,,
2026-07-20 16:40:00+03:00,15,M,False,,,,,,,
2026-07-20 16:40:00+03:00,15,V,True,12.444029850746269,1.0,0.0,0.0,0.0,,
2026-07-20 16:45:00+03:00,15,A,True,12.444029850746269,1.0,0.0,0.0,0.0,,
2026-07-20 16:45:00+03:00,15,M,False,,,,,,,
2026-07-20 16:45:00+03:00,15,V,True,12.444029850746269,1.0,0.0,0.0,0.0,,
2026-07-20 16:50:00+03:00,15,A,True,12.444029850746269,1.0,0.0,0.0,0.0,,
2026-07-20 16:50:00+03:00,15,M,False,,,,,,,
2026-07-20 16:50:00+03:00,15,V,True,12.444029850746269,1.0,0.0,0.0,0.0,,
2026-07-20 16:55:00+03:00,15,A,True,12.444029850746269,1.0,0.0,0.0,0.0,,
2026-07-20 16:55:00+03:00,15,M,False,,,,,,,
2026-07-20 16:55:00+03:00,15,V,True,12.444029850746269,1.0,0.0,0.0,0.0,,
2026-07-20 17:00:00+03:00,15,A,True,12.444029850746269,1.0,0.0,0.0,0.0,,
2026-07-20 17:00:00+03:00,15,M,False,,,,,,,
2026-07-20 17:00:00+03:00,15,V,True,12.444029850746269,1.0,0.0,0.0,0.0,,
2026-07-20 17:05:00+03:00,15,A,True,12.444029850746269,1.0,0.0,0.0,0.0,,
2026-07-20 17:05:00+03:00,15,M,False,,,,,,,
2026-07-20 17:05:00+03:00,15,V,True,12.444029850746269,1.0,0.0,0.0,0.0,,
2026-07-20 17:10:00+03:00,15,A,True,12.444029850746269,1.0,0.0,0.0,0.0,,
2026-07-20 17:10:00+03:00,15,M,False,,,,,,,
2026-07-20 17:10:00+03:00,15,V,True,12.444029850746269,1.0,0.0,0.0,0.0,,
2026-07-20 17:15:00+03:00,15,A,True,12.444029850746269,1.0,0.0,0.0,0.0,,
2026-07-20 17:15:00+03:00,15,M,False,,,,,,,
2026-07-20 17:15:00+03:00,15,V,True,12.444029850746269,1.0,0.0,0.0,0.0,,
2026-07-20 17:20:00+03:00,15,A,True,12.444029850746269,1.0,0.0,0.0,0.0,,
2026-07-20 17:20:00+03:00,15,M,False,,,,,,,
2026-07-20 17:20:00+03:00,15,V,True,12.444029850746269,1.0,0.0,0.0,0.0,,
2026-07-20 17:25:00+03:00,15,A,True,12.444029850746269,1.0,0.0,0.0,0.0,,
2026-07-20 17:25:00+03:00,15,M,False,,,,,,,
2026-07-20 17:25:00+03:00,15,V,True,12.444029850746269,1.0,0.0,0.0,0.0,,
2026-07-20 17:30:00+03:00,15,A,True,12.444029850746269,1.0,0.0,0.0,0.0,,
2026-07-20 17:30:00+03:00,15,M,False,,,,,,,
2026-07-20 17:30:00+03:00,15,V,True,12.444029850746269,1.0,0.0,0.0,0.0,,
2026-07-20 17:35:00+03:00,15,A,True,12.444029850746269,1.0,0.0,0.0,0.0,,
2026-07-20 17:35:00+03:00,15,M,False,,,,,,,
2026-07-20 17:35:00+03:00,15,V,True,12.444029850746269,1.0,0.0,0.0,0.0,,
2026-07-20 17:40:00+03:00,15,A,True,12.444029850746269,1.0,0.0,0.0,0.0,,
2026-07-20 17:40:00+03:00,15,M,False,,,,,,,
2026-07-20 17:40:00+03:00,15,V,True,12.444029850746269,1.0,0.0,0.0,0.0,,
2026-07-20 17:45:00+03:00,15,A,True,12.444029850746269,1.0,0.0,0.0,0.0,,
2026-07-20 17:45:00+03:00,15,M,False,,,,,,,
2026-07-20 17:45:00+03:00,15,V,True,12.444029850746269,1.0,0.0,0.0,0.0,,
2026-07-20 17:50:00+03:00,15,A,True,12.444029850746269,1.0,0.0,0.0,0.0,,
2026-07-20 17:50:00+03:00,15,M,False,,,,,,,
2026-07-20 17:50:00+03:00,15,V,True,12.444029850746269,1.0,0.0,0.0,0.0,,
2026-07-20 17:55:00+03:00,15,A,True,12.444029850746269,1.0,0.0,0.0,0.0,,
2026-07-20 17:55:00+03:00,15,M,False,,,,,,,
2026-07-20 17:55:00+03:00,15,V,True,12.444029850746269,1.0,0.0,0.0,0.0,,
2026-07-20 18:00:00+03:00,15,A,True,12.444029850746269,1.0,0.0,0.0,0.0,,
2026-07-20 18:00:00+03:00,15,M,False,,,,,,,
2026-07-20 18:00:00+03:00,15,V,True,12.444029850746269,1.0,0.0,0.0,0.0,,
2026-07-20 18:05:00+03:00,15,A,True,12.444029850746269,1.0,0.0,0.0,0.0,,
2026-07-20 18:05:00+03:00,15,M,False,,,,,,,
2026-07-20 18:05:00+03:00,15,V,True,12.444029850746269,1.0,0.0,0.0,0.0,,
2026-07-20 18:10:00+03:00,15,A,True,12.444029850746269,1.0,0.0,0.0,0.0,,
2026-07-20 18:10:00+03:00,15,M,False,,,,,,,
2026-07-20 18:10:00+03:00,15,V,True,12.444029850746269,1.0,0.0,0.0,0.0,,
2026-07-20 18:15:00+03:00,15,A,True,12.444029850746269,1.0,0.0,0.0,0.0,,
2026-07-20 18:15:00+03:00,15,M,False,,,,,,,
2026-07-20 18:15:00+03:00,15,V,True,12.444029850746269,1.0,0.0,0.0,0.0,,
2026-07-20 18:20:00+03:00,15,A,True,12.444029850746269,1.0,0.0,0.0,0.0,,
2026-07-20 18:20:00+03:00,15,M,False,,,,,,,
2026-07-20 18:20:00+03:00,15,V,True,12.444029850746269,1.0,0.0,0.0,0.0,,
2026-07-20 18:25:00+03:00,15,A,True,12.444029850746269,1.0,0.0,0.0,0.0,,
2026-07-20 18:25:00+03:00,15,M,False,,,,,,,
2026-07-20 18:25:00+03:00,15,V,True,12.444029850746269,1.0,0.0,0.0,0.0,,
2026-07-20 18:30:00+03:00,15,A,True,12.444029850746269,1.0,0.0,0.0,0.0,,
2026-07-20 18:30:00+03:00,15,M,False,,,,,,,
2026-07-20 18:30:00+03:00,15,V,True,12.444029850746269,1.0,0.0,0.0,0.0,,
2026-07-20 18:35:00+03:00,15,A,True,12.444029850746269,1.0,0.0,0.0,0.0,,
2026-07-20 18:35:00+03:00,15,M,False,,,,,,,
2026-07-20 18:35:00+03:00,15,V,True,12.444029850746269,1.0,0.0,0.0,0.0,,
2026-07-20 18:40:00+03:00,15,A,True,12.444029850746269,1.0,0.0,0.0,0.0,,
2026-07-20 18:40:00+03:00,15,M,False,,,,,,,
2026-07-20 18:40:00+03:00,15,V,True,12.444029850746269,1.0,0.0,0.0,0.0,,
2026-07-20 18:45:00+03:00,15,A,True,12.444029850746269,1.0,0.0,0.0,0.0,,
2026-07-20 18:45:00+03:00,15,M,False,,,,,,,
2026-07-20 18:45:00+03:00,15,V,True,12.444029850746269,1.0,0.0,0.0,0.0,,
2026-07-20 18:50:00+03:00,15,A,True,12.444029850746269,1.0,0.0,0.0,0.0,,
2026-07-20 18:50:00+03:00,15,M,False,,,,,,,
2026-07-20 18:50:00+03:00,15,V,True,12.444029850746269,1.0,0.0,0.0,0.0,,
2026-07-20 18:55:00+03:00,15,A,True,12.444029850746269,1.0,0.0,0.0,0.0,,
2026-07-20 18:55:00+03:00,15,M,False,,,,,,,
2026-07-20 18:55:00+03:00,15,V,True,12.444029850746269,1.0,0.0,0.0,0.0,,
2026-07-20 19:00:00+03:00,15,A,True,12.444029850746269,1.0,0.0,0.0,0.0,,
2026-07-20 19:00:00+03:00,15,M,False,,,,,,,
2026-07-20 19:00:00+03:00,15,V,True,12.444029850746269,1.0,0.0,0.0,0.0,,
2026-07-20 19:05:00+03:00,15,A,True,12.444029850746269,1.0,0.0,0.0,0.0,,
2026-07-20 19:05:00+03:00,15,M,False,,,,,,,
2026-07-20 19:05:00+03:00,15,V,True,12.444029850746269,1.0,0.0,0.0,0.0,,
2026-07-20 19:10:00+03:00,15,A,True,12.444029850746269,1.0,0.0,0.0,0.0,,
2026-07-20 19:10:00+03:00,15,M,False,,,,,,,
2026-07-20 19:10:00+03:00,15,V,True,12.444029850746269,1.0,0.0,0.0,0.0,,
2026-07-20 19:15:00+03:00,15,A,True,12.444029850746269,1.0,0.0,0.0,0.0,,
2026-07-20 19:15:00+03:00,15,M,False,,,,,,,
2026-07-20 19:15:00+03:00,15,V,True,12.444029850746269,1.0,0.0,0.0,0.0,,
2026-07-20 19:20:00+03:00,15,A,True,12.444029850746269,1.0,0.0,0.0,0.0,,
2026-07-20 19:20:00+03:00,15,M,False,,,,,,,
2026-07-20 19:20:00+03:00,15,V,True,12.444029850746269,1.0,0.0,0.0,0.0,,
2026-07-20 19:25:00+03:00,15,A,True,12.444029850746269,1.0,0.0,0.0,0.0,,
2026-07-20 19:25:00+03:00,15,M,False,,,,,,,
2026-07-20 19:25:00+03:00,15,V,True,12.444029850746269,1.0,0.0,0.0,0.0,,
2026-07-20 19:30:00+03:00,15,A,True,12.444029850746269,1.0,0.0,0.0,0.0,,
2026-07-20 19:30:00+03:00,15,M,False,,,,,,,
2026-07-20 19:30:00+03:00,15,V,True,12.444029850746269,1.0,0.0,0.0,0.0,,
2026-07-20 19:35:00+03:00,15,A,True,12.444029850746269,1.0,0.0,0.0,0.0,,
2026-07-20 19:35:00+03:00,15,M,False,,,,,,,
2026-07-20 19:35:00+03:00,15,V,True,12.444029850746269,1.0,0.0,0.0,0.0,,
2026-07-20 19:40:00+03:00,15,A,True,12.444029850746269,1.0,0.0,0.0,0.0,,
2026-07-20 19:40:00+03:00,15,M,False,,,,,,,
2026-07-20 19:40:00+03:00,15,V,True,12.444029850746269,1.0,0.0,0.0,0.0,,
2026-07-20 19:45:00+03:00,15,A,True,12.444029850746269,1.0,0.0,0.0,0.0,,
2026-07-20 19:45:00+03:00,15,M,False,,,,,,,
2026-07-20 19:45:00+03:00,15,V,True,12.444029850746269,1.0,0.0,0.0,0.0,,
2026-07-20 19:50:00+03:00,15,A,True,12.444029850746269,1.0,0.0,0.0,0.0,,
2026-07-20 19:50:00+03:00,15,M,False,,,,,,,
2026-07-20 19:50:00+03:00,15,V,True,12.444029850746269,1.0,0.0,0.0,0.0,,
2026-07-20 19:55:00+03:00,15,A,True,12.444029850746269,1.0,0.0,0.0,0.0,,
2026-07-20 19:55:00+03:00,15,M,False,,,,,,,
2026-07-20 19:55:00+03:00,15,V,True,12.444029850746269,1.0,0.0,0.0,0.0,,
2026-07-20 20:00:00+03:00,15,A,True,12.444029850746269,1.0,0.0,0.0,0.0,,
2026-07-20 20:00:00+03:00,15,M,False,,,,,,,
2026-07-20 20:00:00+03:00,15,V,True,12.444029850746269,1.0,0.0,0.0,0.0,,
2026-07-20 20:05:00+03:00,15,A,True,12.444029850746269,1.0,0.0,0.0,0.0,,
2026-07-20 20:05:00+03:00,15,M,False,,,,,,,
2026-07-20 20:05:00+03:00,15,V,True,12.444029850746269,1.0,0.0,0.0,0.0,,
2026-07-20 20:10:00+03:00,15,A,True,12.444029850746269,1.0,0.0,0.0,0.0,,
2026-07-20 20:10:00+03:00,15,M,False,,,,,,,
2026-07-20 20:10:00+03:00,15,V,True,12.444029850746269,1.0,0.0,0.0,0.0,,
2026-07-20 20:15:00+03:00,15,A,True,12.444029850746269,1.0,0.0,0.0,0.0,,
2026-07-20 20:15:00+03:00,15,M,False,,,,,,,
2026-07-20 20:15:00+03:00,15,V,True,12.444029850746269,1.0,0.0,0.0,0.0,,
2026-07-20 20:20:00+03:00,15,A,True,12.444029850746269,1.0,0.0,0.0,0.0,,
2026-07-20 20:20:00+03:00,15,M,False,,,,,,,
2026-07-20 20:20:00+03:00,15,V,True,12.444029850746269,1.0,0.0,0.0,0.0,,
2026-07-20 20:25:00+03:00,15,A,True,12.444029850746269,1.0,0.0,0.0,0.0,,
2026-07-20 20:25:00+03:00,15,M,False,,,,,,,
2026-07-20 20:25:00+03:00,15,V,True,12.444029850746269,1.0,0.0,0.0,0.0,,
2026-07-20 20:30:00+03:00,15,A,True,12.444029850746269,1.0,0.0,0.0,0.0,,
2026-07-20 20:30:00+03:00,15,M,False,,,,,,,
2026-07-20 20:30:00+03:00,15,V,True,12.444029850746269,1.0,0.0,0.0,0.0,,
2026-07-20 20:35:00+03:00,15,A,True,12.444029850746269,1.0,0.0,0.0,0.0,,
2026-07-20 20:35:00+03:00,15,M,False,,,,,,,
2026-07-20 20:35:00+03:00,15,V,True,12.444029850746269,1.0,0.0,0.0,0.0,,
2026-07-20 20:40:00+03:00,15,A,True,12.444029850746269,1.0,0.0,0.0,0.0,,
2026-07-20 20:40:00+03:00,15,M,False,,,,,,,
2026-07-20 20:40:00+03:00,15,V,True,12.444029850746269,1.0,0.0,0.0,0.0,,
2026-07-20 20:45:00+03:00,15,A,True,12.444029850746269,1.0,0.0,0.0,0.0,,
2026-07-20 20:45:00+03:00,15,M,False,,,,,,,
2026-07-20 20:45:00+03:00,15,V,True,12.444029850746269,1.0,0.0,0.0,0.0,,
2026-07-20 20:50:00+03:00,15,A,True,12.444029850746269,1.0,0.0,0.0,0.0,,
2026-07-20 20:50:00+03:00,15,M,False,,,,,,,
2026-07-20 20:50:00+03:00,15,V,True,12.444029850746269,1.0,0.0,0.0,0.0,,
2026-07-20 20:55:00+03:00,15,A,True,12.444029850746269,1.0,0.0,0.0,0.0,,
2026-07-20 20:55:00+03:00,15,M,False,,,,,,,
2026-07-20 20:55:00+03:00,15,V,True,12.444029850746269,1.0,0.0,0.0,0.0,,
2026-07-20 21:00:00+03:00,15,A,True,12.444029850746269,1.0,0.0,0.0,0.0,,
2026-07-20 21:00:00+03:00,15,M,False,,,,,,,
2026-07-20 21:00:00+03:00,15,V,True,12.444029850746269,1.0,0.0,0.0,0.0,,
2026-07-20 21:05:00+03:00,15,A,True,12.444029850746269,1.0,0.0,0.0,0.0,,
2026-07-20 21:05:00+03:00,15,M,False,,,,,,,
2026-07-20 21:05:00+03:00,15,V,True,12.444029850746269,1.0,0.0,0.0,0.0,,
2026-07-20 21:10:00+03:00,15,A,True,12.444029850746269,1.0,0.0,0.0,0.0,,
2026-07-20 21:10:00+03:00,15,M,False,,,,,,,
2026-07-20 21:10:00+03:00,15,V,True,12.444029850746269,1.0,0.0,0.0,0.0,,
2026-07-20 21:15:00+03:00,15,A,True,12.444029850746269,1.0,0.0,0.0,0.0,,
2026-07-20 21:15:00+03:00,15,M,False,,,,,,,
2026-07-20 21:15:00+03:00,15,V,True,12.444029850746269,1.0,0.0,0.0,0.0,,
2026-07-20 21:20:00+03:00,15,A,True,12.444029850746269,1.0,0.0,0.0,0.0,,
2026-07-20 21:20:00+03:00,15,M,False,,,,,,,
2026-07-20 21:20:00+03:00,15,V,True,12.444029850746269,1.0,0.0,0.0,0.0,,
2026-07-20 21:25:00+03:00,15,A,True,12.444029850746269,1.0,0.0,0.0,0.0,,
2026-07-20 21:25:00+03:00,15,M,False,,,,,,,
2026-07-20 21:25:00+03:00,15,V,True,12.444029850746269,1.0,0.0,0.0,0.0,,
2026-07-20 21:30:00+03:00,15,A,True,12.444029850746269,1.0,0.0,0.0,0.0,,
2026-07-20 21:30:00+03:00,15,M,False,,,,,,,
2026-07-20 21:30:00+03:00,15,V,True,12.444029850746269,1.0,0.0,0.0,0.0,,
2026-07-20 21:35:00+03:00,15,A,True,12.444029850746269,1.0,0.0,0.0,0.0,,
2026-07-20 21:35:00+03:00,15,M,False,,,,,,,
2026-07-20 21:35:00+03:00,15,V,True,12.444029850746269,1.0,0.0,0.0,0.0,,
2026-07-20 21:40:00+03:00,15,A,True,12.444029850746269,1.0,0.0,0.0,0.0,,
2026-07-20 21:40:00+03:00,15,M,False,,,,,,,
2026-07-20 21:40:00+03:00,15,V,True,12.444029850746269,1.0,0.0,0.0,0.0,,
2026-07-20 21:45:00+03:00,15,A,True,12.444029850746269,1.0,0.0,0.0,0.0,,
2026-07-20 21:45:00+03:00,15,M,False,,,,,,,
2026-07-20 21:45:00+03:00,15,V,True,12.444029850746269,1.0,0.0,0.0,0.0,,
2026-07-20 21:50:00+03:00,15,A,True,12.444029850746269,1.0,0.0,0.0,0.0,,
2026-07-20 21:50:00+03:00,15,M,False,,,,,,,
2026-07-20 21:50:00+03:00,15,V,True,12.444029850746269,1.0,0.0,0.0,0.0,,
2026-07-20 21:55:00+03:00,15,A,True,12.444029850746269,1.0,0.0,0.0,0.0,,
2026-07-20 21:55:00+03:00,15,M,False,,,,,,,
2026-07-20 21:55:00+03:00,15,V,True,12.444029850746269,1.0,0.0,0.0,0.0,,
2026-07-20 22:00:00+03:00,15,A,True,12.444029850746269,1.0,0.0,0.0,0.0,,
2026-07-20 22:00:00+03:00,15,M,False,,,,,,,
2026-07-20 22:00:00+03:00,15,V,True,12.444029850746269,1.0,0.0,0.0,0.0,,
2026-07-20 22:05:00+03:00,15,A,True,12.444029850746269,1.0,0.0,0.0,0.0,,
2026-07-20 22:05:00+03:00,15,M,False,,,,,,,
2026-07-20 22:05:00+03:00,15,V,True,12.444029850746269,1.0,0.0,0.0,0.0,,
2026-07-20 22:10:00+03:00,15,A,True,12.444029850746269,1.0,0.0,0.0,0.0,,
2026-07-20 22:10:00+03:00,15,M,False,,,,,,,
2026-07-20 22:10:00+03:00,15,V,True,12.444029850746269,1.0,0.0,0.0,0.0,,
2026-07-20 22:15:00+03:00,15,A,True,12.444029850746269,1.0,0.0,0.0,0.0,,
2026-07-20 22:15:00+03:00,15,M,False,,,,,,,
2026-07-20 22:15:00+03:00,15,V,True,12.444029850746269,1.0,0.0,0.0,0.0,,
2026-07-20 22:20:00+03:00,15,A,True,12.444029850746269,1.0,0.0,0.0,0.0,,
2026-07-20 22:20:00+03:00,15,M,False,,,,,,,
2026-07-20 22:20:00+03:00,15,V,True,12.444029850746269,1.0,0.0,0.0,0.0,,
2026-07-20 22:25:00+03:00,15,A,True,12.444029850746269,1.0,0.0,0.0,0.0,,
2026-07-20 22:25:00+03:00,15,M,False,,,,,,,
2026-07-20 22:25:00+03:00,15,V,True,12.444029850746269,1.0,0.0,0.0,0.0,,
2026-07-20 22:30:00+03:00,15,A,True,12.444029850746269,1.0,0.0,0.0,0.0,,
2026-07-20 22:30:00+03:00,15,M,False,,,,,,,
2026-07-20 22:30:00+03:00,15,V,True,12.444029850746269,1.0,0.0,0.0,0.0,,
2026-07-20 22:35:00+03:00,15,A,True,12.444029850746269,1.0,0.0,0.0,0.0,,
2026-07-20 22:35:00+03:00,15,M,False,,,,,,,
2026-07-20 22:35:00+03:00,15,V,True,12.444029850746269,1.0,0.0,0.0,0.0,,
2026-07-20 22:40:00+03:00,15,A,True,12.444029850746269,1.0,0.0,0.0,0.0,,
2026-07-20 22:40:00+03:00,15,M,False,,,,,,,
2026-07-20 22:40:00+03:00,15,V,True,12.444029850746269,1.0,0.0,0.0,0.0,,
2026-07-20 22:45:00+03:00,15,A,True,12.444029850746269,1.0,0.0,0.0,0.0,,
2026-07-20 22:45:00+03:00,15,M,False,,,,,,,
2026-07-20 22:45:00+03:00,15,V,True,12.444029850746269,1.0,0.0,0.0,0.0,,
2026-07-20 22:50:00+03:00,15,A,True,12.444029850746269,1.0,0.0,0.0,0.0,,
2026-07-20 22:50:00+03:00,15,M,False,,,,,,,
2026-07-20 22:50:00+03:00,15,V,True,12.444029850746269,1.0,0.0,0.0,0.0,,
2026-07-20 22:55:00+03:00,15,A,True,12.444029850746269,1.0,0.0,0.0,0.0,,
2026-07-20 22:55:00+03:00,15,M,False,,,,,,,
2026-07-20 22:55:00+03:00,15,V,True,12.444029850746269,1.0,0.0,0.0,0.0,,
2026-07-20 23:00:00+03:00,15,A,True,12.444029850746269,1.0,0.0,0.0,0.0,,
2026-07-20 23:00:00+03:00,15,M,False,,,,,,,
2026-07-20 23:00:00+03:00,15,V,True,12.444029850746269,1.0,0.0,0.0,0.0,,
2026-07-20 23:05:00+03:00,15,A,True,12.444029850746269,1.0,0.0,0.0,0.0,,
2026-07-20 23:05:00+03:00,15,M,False,,,,,,,
2026-07-20 23:05:00+03:00,15,V,True,14.779815700868332,0.9107142857142857,0.08928571428571429,0.0,0.0,,
2026-07-20 23:10:00+03:00,15,A,True,12.444029850746269,1.0,0.0,0.0,0.0,,
2026-07-20 23:10:00+03:00,15,M,False,,,,,,,
2026-07-20 23:10:00+03:00,15,V,True,16.114441243301794,0.859285714285714,0.14071428571428604,0.0,0.0,,
2026-07-20 23:15:00+03:00,15,A,True,12.444029850746269,1.0,0.0,0.0,0.0,,
2026-07-20 23:15:00+03:00,15,M,False,,,,,,,
2026-07-20 23:15:00+03:00,15,V,True,16.18171420549324,0.8566666666666671,0.1433333333333329,0.0,0.0,,
2026-07-20 23:20:00+03:00,15,A,True,12.444029850746269,1.0,0.0,0.0,0.0,,
2026-07-20 23:20:00+03:00,15,M,False,,,,,,,
2026-07-20 23:20:00+03:00,15,V,True,18.044232504553072,0.784047619047619,0.21595238095238106,0.0,0.0,,
2026-07-20 23:25:00+03:00,15,A,True,12.444029850746269,1.0,0.0,0.0,0.0,,
2026-07-20 23:25:00+03:00,15,M,False,,,,,,,
2026-07-20 23:25:00+03:00,15,V,True,21.11018254957775,0.6630952380952375,0.33690476190476243,0.0,0.0,,
2026-07-20 23:30:00+03:00,15,A,True,12.444029850746269,1.0,0.0,0.0,0.0,,
2026-07-20 23:30:00+03:00,15,M,False,,,,,,,
2026-07-20 23:30:00+03:00,15,V,True,23.519782480893614,0.5669047619047611,0.43309523809523887,0.0,0.0,,
2026-07-20 23:35:00+03:00,15,A,True,12.444029850746269,1.0,0.0,0.0,0.0,,
2026-07-20 23:35:00+03:00,15,M,False,,,,,,,
2026-07-20 23:35:00+03:00,15,V,True,25.711642177904377,0.4788095238095236,0.5211904761904764,0.0,0.0,,
2026-07-20 23:40:00+03:00,15,A,True,12.444029850746269,1.0,0.0,0.0,0.0,,
2026-07-20 23:40:00+03:00,15,M,False,,,,,,,
2026-07-20 23:40:00+03:00,15,V,True,28.23748269497,0.37666666666666676,0.6233333333333332,0.0,0.0,,
2026-07-20 23:45:00+03:00,15,A,True,12.444029850746269,1.0,0.0,0.0,0.0,,
2026-07-20 23:45:00+03:00,15,M,False,,,,,,,
2026-07-20 23:45:00+03:00,15,V,True,31.62738056448832,0.23880952380952425,0.7611904761904758,0.0,0.0,,
2026-07-20 23:50:00+03:00,15,A,True,12.444029850746269,1.0,0.0,0.0,0.0,,
2026-07-20 23:50:00+03:00,15,M,False,,,,,,,
2026-07-20 23:50:00+03:00,15,V,True,34.18292762355439,0.134761904761904,0.865238095238096,0.0,0.0,,
2026-07-20 23:55:00+03:00,15,A,True,12.444029850746269,1.0,0.0,0.0,0.0,,
2026-07-20 23:55:00+03:00,15,M,False,,,,,,,
2026-07-20 23:55:00+03:00,15,V,True,35.90811215814422,0.0645238095238093,0.9354761904761907,0.0,0.0,,
2026-07-21 00:00:00+03:00,15,A,True,12.444029850746269,1.0,0.0,0.0,0.0,,
2026-07-21 00:00:00+03:00,15,M,False,,,,,,,
2026-07-21 00:00:00+03:00,15,V,True,37.5,0.0,1.0,0.0,0.0,,
2026-07-21 00:05:00+03:00,15,A,True,12.444029850746269,1.0,0.0,0.0,0.0,,
2026-07-21 00:05:00+03:00,15,M,False,,,,,,,
2026-07-21 00:05:00+03:00,15,V,True,37.5,0.0,1.0,0.0,0.0,,
2026-07-21 00:10:00+03:00,15,A,True,12.444029850746269,1.0,0.0,0.0,0.0,,
2026-07-21 00:10:00+03:00,15,M,False,,,,,,,
2026-07-21 00:10:00+03:00,15,V,True,37.5,0.0,1.0,0.0,0.0,,
2026-07-21 00:15:00+03:00,15,A,True,12.444029850746269,1.0,0.0,0.0,0.0,,
2026-07-21 00:15:00+03:00,15,M,False,,,,,,,
2026-07-21 00:15:00+03:00,15,V,True,37.5,0.0,1.0,0.0,0.0,,
2026-07-21 00:20:00+03:00,15,A,True,12.444029850746269,1.0,0.0,0.0,0.0,,
2026-07-21 00:20:00+03:00,15,M,False,,,,,,,
2026-07-21 00:20:00+03:00,15,V,True,37.5,0.0,1.0,0.0,0.0,,
2026-07-21 00:25:00+03:00,15,A,True,12.444029850746269,1.0,0.0,0.0,0.0,,
2026-07-21 00:25:00+03:00,15,M,False,,,,,,,
2026-07-21 00:25:00+03:00,15,V,True,37.5,0.0,1.0,0.0,0.0,,
2026-07-21 00:30:00+03:00,15,A,True,12.444029850746269,1.0,0.0,0.0,0.0,,
2026-07-21 00:30:00+03:00,15,M,False,,,,,,,
2026-07-21 00:30:00+03:00,15,V,True,37.5,0.0,1.0,0.0,0.0,,
2026-07-21 00:35:00+03:00,15,A,True,12.444029850746269,1.0,0.0,0.0,0.0,,
2026-07-21 00:35:00+03:00,15,M,False,,,,,,,
2026-07-21 00:35:00+03:00,15,V,True,37.5,0.0,1.0,0.0,0.0,,
2026-07-21 00:40:00+03:00,15,A,True,12.444029850746269,1.0,0.0,0.0,0.0,,
2026-07-21 00:40:00+03:00,15,M,False,,,,,,,
2026-07-21 00:40:00+03:00,15,V,True,37.5,0.0,1.0,0.0,0.0,,
2026-07-21 00:45:00+03:00,15,A,True,12.444029850746269,1.0,0.0,0.0,0.0,,
2026-07-21 00:45:00+03:00,15,M,False,,,,,,,
2026-07-21 00:45:00+03:00,15,V,True,37.5,0.0,1.0,0.0,0.0,,
2026-07-21 00:50:00+03:00,15,A,True,12.444029850746269,1.0,0.0,0.0,0.0,,
2026-07-21 00:50:00+03:00,15,M,False,,,,,,,
2026-07-21 00:50:00+03:00,15,V,True,37.5,0.0,1.0,0.0,0.0,,
2026-07-21 00:55:00+03:00,15,A,True,12.444029850746269,1.0,0.0,0.0,0.0,,
2026-07-21 00:55:00+03:00,15,M,False,,,,,,,
2026-07-21 00:55:00+03:00,15,V,True,37.5,0.0,1.0,0.0,0.0,,
2026-07-21 01:00:00+03:00,15,A,True,12.444029850746269,1.0,0.0,0.0,0.0,,
2026-07-21 01:00:00+03:00,15,M,False,,,,,,,
2026-07-21 01:00:00+03:00,15,V,True,37.5,0.0,1.0,0.0,0.0,,
2026-07-21 01:05:00+03:00,15,A,True,12.444029850746269,1.0,0.0,0.0,0.0,,
2026-07-21 01:05:00+03:00,15,M,False,,,,,,,
2026-07-21 01:05:00+03:00,15,V,True,37.5,0.0,1.0,0.0,0.0,,
2026-07-21 01:10:00+03:00,15,A,True,12.444029850746269,1.0,0.0,0.0,0.0,,
2026-07-21 01:10:00+03:00,15,M,False,,,,,,,
2026-07-21 01:10:00+03:00,15,V,True,37.5,0.0,1.0,0.0,0.0,,
2026-07-21 01:15:00+03:00,15,A,True,12.444029850746269,1.0,0.0,0.0,0.0,,
2026-07-21 01:15:00+03:00,15,M,False,,,,,,,
2026-07-21 01:15:00+03:00,15,V,True,37.5,0.0,1.0,0.0,0.0,,
2026-07-21 01:20:00+03:00,15,A,True,12.444029850746269,1.0,0.0,0.0,0.0,,
2026-07-21 01:20:00+03:00,15,M,False,,,,,,,
2026-07-21 01:20:00+03:00,15,V,True,36.911631779257874,0.023809523809523267,0.9761904761904767,0.0,0.0,,
2026-07-21 01:25:00+03:00,15,A,True,12.444029850746269,1.0,0.0,0.0,0.0,,
2026-07-21 01:25:00+03:00,15,M,False,,,,,,,
2026-07-21 01:25:00+03:00,15,V,True,32.3801167206668,0.20809523809523886,0.7919047619047611,0.0,0.0,,
2026-07-21 01:30:00+03:00,15,A,True,12.444029850746269,1.0,0.0,0.0,0.0,,
2026-07-21 01:30:00+03:00,15,M,False,,,,,,,
2026-07-21 01:30:00+03:00,15,V,True,29.395594483707743,0.3295238095238103,0.6704761904761897,0.0,0.0,,
2026-07-21 01:35:00+03:00,15,A,True,12.444029850746269,1.0,0.0,0.0,0.0,,
2026-07-21 01:35:00+03:00,15,M,False,,,,,,,
2026-07-21 01:35:00+03:00,15,V,True,26.22346344401208,0.45809523809523883,0.5419047619047611,0.0,0.0,,
2026-07-21 01:40:00+03:00,15,A,True,12.444029850746269,1.0,0.0,0.0,0.0,,
2026-07-21 01:40:00+03:00,15,M,False,,,,,,,
2026-07-21 01:40:00+03:00,15,V,True,23.353527336860676,0.5735714285714283,0.42642857142857177,0.0,0.0,,
2026-07-21 01:45:00+03:00,15,A,True,12.444029850746269,1.0,0.0,0.0,0.0,,
2026-07-21 01:45:00+03:00,15,M,False,,,,,,,
2026-07-21 01:45:00+03:00,15,V,True,19.433047284557112,0.7295238095238102,0.2704761904761897,0.0,0.0,,
2026-07-21 01:50:00+03:00,15,A,True,12.444029850746269,1.0,0.0,0.0,0.0,,
2026-07-21 01:50:00+03:00,15,M,False,,,,,,,
2026-07-21 01:50:00+03:00,15,V,True,16.377377663702884,0.8490476190476183,0.1509523809523817,0.0,0.0,,
2026-07-21 01:55:00+03:00,15,A,True,12.444029850746269,1.0,0.0,0.0,0.0,,
2026-07-21 01:55:00+03:00,15,M,False,,,,,,,
2026-07-21 01:55:00+03:00,15,V,True,14.257679568199398,0.9307142857142854,0.06928571428571462,0.0,0.0,,
2026-07-21 02:00:00+03:00,15,A,True,12.444029850746269,1.0,0.0,0.0,0.0,,
2026-07-21 02:00:00+03:00,15,M,False,,,,,,,
2026-07-21 02:00:00+03:00,15,V,True,12.444029850746269,1.0,0.0,0.0,0.0,,
2026-07-21 02:05:00+03:00,15,A,True,12.444029850746269,1.0,0.0,0.0,0.0,,
2026-07-21 02:05:00+03:00,15,M,False,,,,,,,
2026-07-21 02:05:00+03:00,15,V,True,12.444029850746269,1.0,0.0,0.0,0.0,,
2026-07-21 02:10:00+03:00,15,A,True,12.444029850746269,1.0,0.0,0.0,0.0,,
2026-07-21 02:10:00+03:00,15,M,False,,,,,,,
2026-07-21 02:10:00+03:00,15,V,True,12.444029850746269,1.0,0.0,0.0,0.0,,
2026-07-21 02:15:00+03:00,15,A,True,12.444029850746269,1.0,0.0,0.0,0.0,,
2026-07-21 02:15:00+03:00,15,M,False,,,,,,,
2026-07-21 02:15:00+03:00,15,V,True,12.444029850746269,1.0,0.0,0.0,0.0,,
2026-07-21 02:20:00+03:00,15,A,True,12.444029850746269,1.0,0.0,0.0,0.0,,
2026-07-21 02:20:00+03:00,15,M,False,,,,,,,
2026-07-21 02:20:00+03:00,15,V,True,12.444029850746269,1.0,0.0,0.0,0.0,,
2026-07-21 02:25:00+03:00,15,A,True,12.444029850746269,1.0,0.0,0.0,0.0,,
2026-07-21 02:25:00+03:00,15,M,False,,,,,,,
2026-07-21 02:25:00+03:00,15,V,True,12.444029850746269,1.0,0.0,0.0,0.0,,
2026-07-21 02:30:00+03:00,15,A,True,12.444029850746269,1.0,0.0,0.0,0.0,,
2026-07-21 02:30:00+03:00,15,M,False,,,,,,,
2026-07-21 02:30:00+03:00,15,V,True,12.444029850746269,1.0,0.0,0.0,0.0,,
2026-07-21 02:35:00+03:00,15,A,True,12.444029850746269,1.0,0.0,0.0,0.0,,
2026-07-21 02:35:00+03:00,15,M,False,,,,,,,
2026-07-21 02:35:00+03:00,15,V,True,12.444029850746269,1.0,0.0,0.0,0.0,,
2026-07-21 02:40:00+03:00,15,A,True,12.444029850746269,1.0,0.0,0.0,0.0,,
2026-07-21 02:40:00+03:00,15,M,False,,,,,,,
2026-07-21 02:40:00+03:00,15,V,True,12.444029850746269,1.0,0.0,0.0,0.0,,
2026-07-21 02:45:00+03:00,15,A,True,12.444029850746269,1.0,0.0,0.0,0.0,,
2026-07-21 02:45:00+03:00,15,M,False,,,,,,,
2026-07-21 02:45:00+03:00,15,V,True,12.444029850746269,1.0,0.0,0.0,0.0,,
2026-07-21 02:50:00+03:00,15,A,True,12.444029850746269,1.0,0.0,0.0,0.0,,
2026-07-21 02:50:00+03:00,15,M,False,,,,,,,
2026-07-21 02:50:00+03:00,15,V,True,12.444029850746269,1.0,0.0,0.0,0.0,,
2026-07-21 02:55:00+03:00,15,A,True,12.444029850746269,1.0,0.0,0.0,0.0,,
2026-07-21 02:55:00+03:00,15,M,False,,,,,,,
2026-07-21 02:55:00+03:00,15,V,True,12.444029850746269,1.0,0.0,0.0,0.0,,
2026-07-21 03:00:00+03:00,15,A,True,12.444029850746269,1.0,0.0,0.0,0.0,,
2026-07-21 03:00:00+03:00,15,M,False,,,,,,,
2026-07-21 03:00:00+03:00,15,V,True,12.444029850746269,1.0,0.0,0.0,0.0,,
2026-07-21 03:05:00+03:00,15,A,True,12.444029850746269,1.0,0.0,0.0,0.0,,
2026-07-21 03:05:00+03:00,15,M,False,,,,,,,
2026-07-21 03:05:00+03:00,15,V,True,12.444029850746269,1.0,0.0,0.0,0.0,,
2026-07-21 03:10:00+03:00,15,A,True,12.444029850746269,1.0,0.0,0.0,0.0,,
2026-07-21 03:10:00+03:00,15,M,False,,,,,,,
2026-07-21 03:10:00+03:00,15,V,True,12.444029850746269,1.0,0.0,0.0,0.0,,
2026-07-21 03:15:00+03:00,15,A,True,12.444029850746269,1.0,0.0,0.0,0.0,,
2026-07-21 03:15:00+03:00,15,M,False,,,,,,,
2026-07-21 03:15:00+03:00,15,V,True,12.444029850746269,1.0,0.0,0.0,0.0,,
2026-07-21 03:20:00+03:00,15,A,True,12.444029850746269,1.0,0.0,0.0,0.0,,
2026-07-21 03:20:00+03:00,15,M,False,,,,,,,
2026-07-21 03:20:00+03:00,15,V,True,12.444029850746269,1.0,0.0,0.0,0.0,,
2026-07-21 03:25:00+03:00,15,A,True,12.444029850746269,1.0,0.0,0.0,0.0,,
2026-07-21 03:25:00+03:00,15,M,False,,,,,,,
2026-07-21 03:25:00+03:00,15,V,True,12.444029850746269,1.0,0.0,0.0,0.0,,
2026-07-21 03:30:00+03:00,15,A,True,12.444029850746269,1.0,0.0,0.0,0.0,,
2026-07-21 03:30:00+03:00,15,M,False,,,,,,,
2026-07-21 03:30:00+03:00,15,V,True,12.444029850746269,1.0,0.0,0.0,0.0,,
2026-07-21 03:35:00+03:00,15,A,True,12.444029850746269,1.0,0.0,0.0,0.0,,
2026-07-21 03:35:00+03:00,15,M,False,,,,,,,
2026-07-21 03:35:00+03:00,15,V,True,12.444029850746269,1.0,0.0,0.0,0.0,,
2026-07-21 03:40:00+03:00,15,A,True,12.444029850746269,1.0,0.0,0.0,0.0,,
2026-07-21 03:40:00+03:00,15,M,False,,,,,,,
2026-07-21 03:40:00+03:00,15,V,True,12.444029850746269,1.0,0.0,0.0,0.0,,
2026-07-21 03:45:00+03:00,15,A,True,12.444029850746269,1.0,0.0,0.0,0.0,,
2026-07-21 03:45:00+03:00,15,M,False,,,,,,,
2026-07-21 03:45:00+03:00,15,V,True,12.444029850746269,1.0,0.0,0.0,0.0,,
2026-07-21 03:50:00+03:00,15,A,True,12.444029850746269,1.0,0.0,0.0,0.0,,
2026-07-21 03:50:00+03:00,15,M,False,,,,,,,
2026-07-21 03:50:00+03:00,15,V,True,12.444029850746269,1.0,0.0,0.0,0.0,,
2026-07-21 03:55:00+03:00,15,A,True,12.444029850746269,1.0,0.0,0.0,0.0,,
2026-07-21 03:55:00+03:00,15,M,False,,,,,,,
2026-07-21 03:55:00+03:00,15,V,True,12.444029850746269,1.0,0.0,0.0,0.0,,
2026-07-21 04:00:00+03:00,15,A,True,12.444029850746269,1.0,0.0,0.0,0.0,,
2026-07-21 04:00:00+03:00,15,M,False,,,,,,,
2026-07-21 04:00:00+03:00,15,V,True,12.444029850746269,1.0,0.0,0.0,0.0,,
2026-07-21 04:05:00+03:00,15,A,True,12.444029850746269,1.0,0.0,0.0,0.0,,
2026-07-21 04:05:00+03:00,15,M,False,,,,,,,
2026-07-21 04:05:00+03:00,15,V,True,12.444029850746269,1.0,0.0,0.0,0.0,,
2026-07-21 04:10:00+03:00,15,A,True,12.444029850746269,1.0,0.0,0.0,0.0,,
2026-07-21 04:10:00+03:00,15,M,False,,,,,,,
2026-07-21 04:10:00+03:00,15,V,True,12.444029850746269,1.0,0.0,0.0,0.0,,
2026-07-21 04:15:00+03:00,15,A,True,12.444029850746269,1.0,0.0,0.0,0.0,,
2026-07-21 04:15:00+03:00,15,M,False,,,,,,,
2026-07-21 04:15:00+03:00,15,V,True,12.444029850746269,1.0,0.0,0.0,0.0,,
2026-07-21 04:20:00+03:00,15,A,True,12.444029850746269,1.0,0.0,0.0,0.0,,
2026-07-21 04:20:00+03:00,15,M,False,,,,,,,
2026-07-21 04:20:00+03:00,15,V,True,12.444029850746269,1.0,0.0,0.0,0.0,,
2026-07-21 04:25:00+03:00,15,A,True,12.444029850746269,1.0,0.0,0.0,0.0,,
2026-07-21 04:25:00+03:00,15,M,False,,,,,,,
2026-07-21 04:25:00+03:00,15,V,True,12.444029850746269,1.0,0.0,0.0,0.0,,
2026-07-21 04:30:00+03:00,15,A,True,12.444029850746269,1.0,0.0,0.0,0.0,,
2026-07-21 04:30:00+03:00,15,M,False,,,,,,,
2026-07-21 04:30:00+03:00,15,V,True,12.444029850746269,1.0,0.0,0.0,0.0,,
2026-07-21 04:35:00+03:00,15,A,True,12.444029850746269,1.0,0.0,0.0,0.0,,
2026-07-21 04:35:00+03:00,15,M,False,,,,,,,
2026-07-21 04:35:00+03:00,15,V,True,12.444029850746269,1.0,0.0,0.0,0.0,,
2026-07-21 04:40:00+03:00,15,A,True,12.444029850746269,1.0,0.0,0.0,0.0,,
2026-07-21 04:40:00+03:00,15,M,False,,,,,,,
2026-07-21 04:40:00+03:00,15,V,True,12.444029850746269,1.0,0.0,0.0,0.0,,
2026-07-21 04:45:00+03:00,15,A,True,12.444029850746269,1.0,0.0,0.0,0.0,,
2026-07-21 04:45:00+03:00,15,M,False,,,,,,,
2026-07-21 04:45:00+03:00,15,V,True,12.444029850746269,1.0,0.0,0.0,0.0,,
2026-07-21 04:50:00+03:00,15,A,True,12.444029850746269,1.0,0.0,0.0,0.0,,
2026-07-21 04:50:00+03:00,15,M,False,,,,,,,
2026-07-21 04:50:00+03:00,15,V,True,12.444029850746269,1.0,0.0,0.0,0.0,,
2026-07-21 04:55:00+03:00,15,A,True,12.444029850746269,1.0,0.0,0.0,0.0,,
2026-07-21 04:55:00+03:00,15,M,False,,,,,,,
2026-07-21 04:55:00+03:00,15,V,True,12.444029850746269,1.0,0.0,0.0,0.0,,
2026-07-21 05:00:00+03:00,15,A,True,12.444029850746269,1.0,0.0,0.0,0.0,,
2026-07-21 05:00:00+03:00,15,M,False,,,,,,,
2026-07-21 05:00:00+03:00,15,V,True,12.444029850746269,1.0,0.0,0.0,0.0,,
2026-07-21 05:05:00+03:00,15,A,True,12.444029850746269,1.0,0.0,0.0,0.0,,
2026-07-21 05:05:00+03:00,15,M,False,,,,,,,
2026-07-21 05:05:00+03:00,15,V,True,12.444029850746269,1.0,0.0,0.0,0.0,,
2026-07-21 05:10:00+03:00,15,A,True,12.444029850746269,1.0,0.0,0.0,0.0,,
2026-07-21 05:10:00+03:00,15,M,False,,,,,,,
2026-07-21 05:10:00+03:00,15,V,True,12.444029850746269,1.0,0.0,0.0,0.0,,
2026-07-21 05:15:00+03:00,15,A,True,12.444029850746269,1.0,0.0,0.0,0.0,,
2026-07-21 05:15:00+03:00,15,M,False,,,,,,,
2026-07-21 05:15:00+03:00,15,V,True,12.444029850746269,1.0,0.0,0.0,0.0,,
2026-07-21 05:20:00+03:00,15,A,True,12.444029850746269,1.0,0.0,0.0,0.0,,
2026-07-21 05:20:00+03:00,15,M,False,,,,,,,
2026-07-21 05:20:00+03:00,15,V,True,12.444029850746269,1.0,0.0,0.0,0.0,,
2026-07-21 05:25:00+03:00,15,A,True,12.444029850746269,1.0,0.0,0.0,0.0,,
2026-07-21 05:25:00+03:00,15,M,False,,,,,,,
2026-07-21 05:25:00+03:00,15,V,True,12.444029850746269,1.0,0.0,0.0,0.0,,
2026-07-21 05:30:00+03:00,15,A,True,12.444029850746269,1.0,0.0,0.0,0.0,,
2026-07-21 05:30:00+03:00,15,M,False,,,,,,,
2026-07-21 05:30:00+03:00,15,V,True,12.444029850746269,1.0,0.0,0.0,0.0,,
2026-07-21 05:35:00+03:00,15,A,True,12.444029850746269,1.0,0.0,0.0,0.0,,
2026-07-21 05:35:00+03:00,15,M,False,,,,,,,
2026-07-21 05:35:00+03:00,15,V,True,12.444029850746269,1.0,0.0,0.0,0.0,,
2026-07-21 05:40:00+03:00,15,A,True,12.444029850746269,1.0,0.0,0.0,0.0,,
2026-07-21 05:40:00+03:00,15,M,False,,,,,,,
2026-07-21 05:40:00+03:00,15,V,True,12.444029850746269,1.0,0.0,0.0,0.0,,
2026-07-21 05:45:00+03:00,15,A,True,12.444029850746269,1.0,0.0,0.0,0.0,,
2026-07-21 05:45:00+03:00,15,M,False,,,,,,,
2026-07-21 05:45:00+03:00,15,V,True,12.444029850746269,1.0,0.0,0.0,0.0,,
2026-07-21 05:50:00+03:00,15,A,True,12.444029850746269,1.0,0.0,0.0,0.0,,
2026-07-21 05:50:00+03:00,15,M,False,,,,,,,
2026-07-21 05:50:00+03:00,15,V,True,12.444029850746269,1.0,0.0,0.0,0.0,,
2026-07-21 05:55:00+03:00,15,A,True,12.444029850746269,1.0,0.0,0.0,0.0,,
2026-07-21 05:55:00+03:00,15,M,False,,,,,,,
2026-07-21 05:55:00+03:00,15,V,True,12.444029850746269,1.0,0.0,0.0,0.0,,
2026-07-21 06:00:00+03:00,15,A,True,12.444029850746269,1.0,0.0,0.0,0.0,,
2026-07-21 06:00:00+03:00,15,M,False,,,,,,,
2026-07-21 06:00:00+03:00,15,V,True,12.444029850746269,1.0,0.0,0.0,0.0,,
2026-07-21 06:05:00+03:00,15,A,True,12.444029850746269,1.0,0.0,0.0,0.0,,
2026-07-21 06:05:00+03:00,15,M,False,,,,,,,
2026-07-21 06:05:00+03:00,15,V,True,12.444029850746269,1.0,0.0,0.0,0.0,,
2026-07-21 06:10:00+03:00,15,A,True,12.444029850746269,1.0,0.0,0.0,0.0,,
2026-07-21 06:10:00+03:00,15,M,False,,,,,,,
2026-07-21 06:10:00+03:00,15,V,True,12.444029850746269,1.0,0.0,0.0,0.0,,
2026-07-21 06:15:00+03:00,15,A,True,12.444029850746269,1.0,0.0,0.0,0.0,,
2026-07-21 06:15:00+03:00,15,M,False,,,,,,,
2026-07-21 06:15:00+03:00,15,V,True,12.444029850746269,1.0,0.0,0.0,0.0,,
2026-07-21 06:20:00+03:00,15,A,True,12.444029850746269,1.0,0.0,0.0,0.0,,
2026-07-21 06:20:00+03:00,15,M,False,,,,,,,
2026-07-21 06:20:00+03:00,15,V,True,12.444029850746269,1.0,0.0,0.0,0.0,,
2026-07-21 06:25:00+03:00,15,A,True,12.444029850746269,1.0,0.0,0.0,0.0,,
2026-07-21 06:25:00+03:00,15,M,False,,,,,,,
2026-07-21 06:25:00+03:00,15,V,True,12.444029850746269,1.0,0.0,0.0,0.0,,
2026-07-21 06:30:00+03:00,15,A,True,12.444029850746269,1.0,0.0,0.0,0.0,,
2026-07-21 06:30:00+03:00,15,M,False,,,,,,,
2026-07-21 06:30:00+03:00,15,V,True,12.444029850746269,1.0,0.0,0.0,0.0,,
2026-07-21 06:35:00+03:00,15,A,True,12.444029850746269,1.0,0.0,0.0,0.0,,
2026-07-21 06:35:00+03:00,15,M,False,,,,,,,
2026-07-21 06:35:00+03:00,15,V,True,12.444029850746269,1.0,0.0,0.0,0.0,,
2026-07-21 06:40:00+03:00,15,A,True,12.444029850746269,1.0,0.0,0.0,0.0,,
2026-07-21 06:40:00+03:00,15,M,False,,,,,,,
2026-07-21 06:40:00+03:00,15,V,True,12.444029850746269,1.0,0.0,0.0,0.0,,
2026-07-21 06:45:00+03:00,15,A,True,12.444029850746269,1.0,0.0,0.0,0.0,,
2026-07-21 06:45:00+03:00,15,M,False,,,,,,,
2026-07-21 06:45:00+03:00,15,V,True,12.444029850746269,1.0,0.0,0.0,0.0,,
2026-07-21 06:50:00+03:00,15,A,True,12.444029850746269,1.0,0.0,0.0,0.0,,
2026-07-21 06:50:00+03:00,15,M,False,,,,,,,
2026-07-21 06:50:00+03:00,15,V,True,12.444029850746269,1.0,0.0,0.0,0.0,,
2026-07-21 06:55:00+03:00,15,A,True,12.444029850746269,1.0,0.0,0.0,0.0,,
2026-07-21 06:55:00+03:00,15,M,False,,,,,,,
2026-07-21 06:55:00+03:00,15,V,True,12.444029850746269,1.0,0.0,0.0,0.0,,
2026-07-21 07:00:00+03:00,15,A,True,12.444029850746269,1.0,0.0,0.0,0.0,,
2026-07-21 07:00:00+03:00,15,M,False,,,,,,,
2026-07-21 07:00:00+03:00,15,V,True,12.444029850746269,1.0,0.0,0.0,0.0,,
2026-07-21 07:05:00+03:00,15,A,True,12.444029850746269,1.0,0.0,0.0,0.0,,
2026-07-21 07:05:00+03:00,15,M,False,,,,,,,
2026-07-21 07:05:00+03:00,15,V,True,12.444029850746269,1.0,0.0,0.0,0.0,,
2026-07-21 07:10:00+03:00,15,A,True,12.444029850746269,1.0,0.0,0.0,0.0,,
2026-07-21 07:10:00+03:00,15,M,False,,,,,,,
2026-07-21 07:10:00+03:00,15,V,True,12.444029850746269,1.0,0.0,0.0,0.0,,
2026-07-21 07:15:00+03:00,15,A,True,12.444029850746269,1.0,0.0,0.0,0.0,,
2026-07-21 07:15:00+03:00,15,M,False,,,,,,,
2026-07-21 07:15:00+03:00,15,V,True,12.444029850746269,1.0,0.0,0.0,0.0,,
2026-07-21 07:20:00+03:00,15,A,True,12.444029850746269,1.0,0.0,0.0,0.0,,
2026-07-21 07:20:00+03:00,15,M,False,,,,,,,
2026-07-21 07:20:00+03:00,15,V,True,12.444029850746269,1.0,0.0,0.0,0.0,,
2026-07-21 07:25:00+03:00,15,A,True,12.444029850746269,1.0,0.0,0.0,0.0,,
2026-07-21 07:25:00+03:00,15,M,False,,,,,,,
2026-07-21 07:25:00+03:00,15,V,True,12.444029850746269,1.0,0.0,0.0,0.0,,
2026-07-21 07:30:00+03:00,15,A,True,12.444029850746269,1.0,0.0,0.0,0.0,,
2026-07-21 07:30:00+03:00,15,M,False,,,,,,,
2026-07-21 07:30:00+03:00,15,V,True,12.444029850746269,1.0,0.0,0.0,0.0,,
2026-07-21 07:35:00+03:00,15,A,True,12.444029850746269,1.0,0.0,0.0,0.0,,
2026-07-21 07:35:00+03:00,15,M,False,,,,,,,
2026-07-21 07:35:00+03:00,15,V,True,12.444029850746269,1.0,0.0,0.0,0.0,,
2026-07-21 07:40:00+03:00,15,A,True,12.444029850746269,1.0,0.0,0.0,0.0,,
2026-07-21 07:40:00+03:00,15,M,False,,,,,,,
2026-07-21 07:40:00+03:00,15,V,True,12.444029850746269,1.0,0.0,0.0,0.0,,
2026-07-21 07:45:00+03:00,15,A,True,12.444029850746269,1.0,0.0,0.0,0.0,,
2026-07-21 07:45:00+03:00,15,M,False,,,,,,,
2026-07-21 07:45:00+03:00,15,V,True,12.444029850746269,1.0,0.0,0.0,0.0,,
2026-07-21 07:50:00+03:00,15,A,True,12.444029850746269,1.0,0.0,0.0,0.0,,
2026-07-21 07:50:00+03:00,15,M,False,,,,,,,
2026-07-21 07:50:00+03:00,15,V,True,12.444029850746269,1.0,0.0,0.0,0.0,,
2026-07-21 07:55:00+03:00,15,A,True,12.444029850746269,1.0,0.0,0.0,0.0,,
2026-07-21 07:55:00+03:00,15,M,False,,,,,,,
2026-07-21 07:55:00+03:00,15,V,True,12.444029850746269,1.0,0.0,0.0,0.0,,
2026-07-21 08:00:00+03:00,15,A,True,12.444029850746269,1.0,0.0,0.0,0.0,,
2026-07-21 08:00:00+03:00,15,M,False,,,,,,,
2026-07-21 08:00:00+03:00,15,V,True,12.444029850746269,1.0,0.0,0.0,0.0,,
2026-07-21 08:05:00+03:00,15,A,True,12.444029850746269,1.0,0.0,0.0,0.0,,
2026-07-21 08:05:00+03:00,15,M,False,,,,,,,
2026-07-21 08:05:00+03:00,15,V,True,12.444029850746269,1.0,0.0,0.0,0.0,,
2026-07-21 08:10:00+03:00,15,A,True,12.444029850746269,1.0,0.0,0.0,0.0,,
2026-07-21 08:10:00+03:00,15,M,False,,,,,,,
2026-07-21 08:10:00+03:00,15,V,True,12.444029850746269,1.0,0.0,0.0,0.0,,
2026-07-21 08:15:00+03:00,15,A,True,12.444029850746269,1.0,0.0,0.0,0.0,,
2026-07-21 08:15:00+03:00,15,M,False,,,,,,,
2026-07-21 08:15:00+03:00,15,V,True,12.444029850746269,1.0,0.0,0.0,0.0,,
2026-07-21 08:20:00+03:00,15,A,True,12.444029850746269,1.0,0.0,0.0,0.0,,
2026-07-21 08:20:00+03:00,15,M,False,,,,,,,
2026-07-21 08:20:00+03:00,15,V,True,12.444029850746269,1.0,0.0,0.0,0.0,,
2026-07-21 08:25:00+03:00,15,A,True,12.444029850746269,1.0,0.0,0.0,0.0,,
2026-07-21 08:25:00+03:00,15,M,False,,,,,,,
2026-07-21 08:25:00+03:00,15,V,True,12.444029850746269,1.0,0.0,0.0,0.0,,
2026-07-21 08:30:00+03:00,15,A,True,12.444029850746269,1.0,0.0,0.0,0.0,,
2026-07-21 08:30:00+03:00,15,M,False,,,,,,,
2026-07-21 08:30:00+03:00,15,V,True,12.444029850746269,1.0,0.0,0.0,0.0,,
2026-07-21 08:35:00+03:00,15,A,True,12.444029850746269,1.0,0.0,0.0,0.0,,
2026-07-21 08:35:00+03:00,15,M,False,,,,,,,
2026-07-21 08:35:00+03:00,15,V,True,12.444029850746269,1.0,0.0,0.0,0.0,,
2026-07-21 08:40:00+03:00,15,A,True,12.444029850746269,1.0,0.0,0.0,0.0,,
2026-07-21 08:40:00+03:00,15,M,False,,,,,,,
2026-07-21 08:40:00+03:00,15,V,False,,,,,,,
2026-07-21 08:45:00+03:00,15,A,True,12.444029850746269,1.0,0.0,0.0,0.0,,
2026-07-21 08:45:00+03:00,15,M,False,,,,,,,
2026-07-21 08:45:00+03:00,15,V,False,,,,,,,
2026-07-21 08:50:00+03:00,15,A,True,12.444029850746269,1.0,0.0,0.0,0.0,,
2026-07-21 08:50:00+03:00,15,M,False,,,,,,,
2026-07-21 08:50:00+03:00,15,V,False,,,,,,,
2026-07-21 08:55:00+03:00,15,A,True,12.444029850746269,1.0,0.0,0.0,0.0,,
2026-07-21 08:55:00+03:00,15,M,False,,,,,,,
2026-07-21 08:55:00+03:00,15,V,False,,,,,,,
2026-07-21 09:00:00+03:00,15,A,True,12.444029850746269,1.0,0.0,0.0,0.0,,
2026-07-21 09:00:00+03:00,15,M,False,,,,,,,
2026-07-21 09:00:00+03:00,15,V,False,,,,,,,
2026-07-21 09:05:00+03:00,15,A,True,12.444029850746269,1.0,0.0,0.0,0.0,,
2026-07-21 09:05:00+03:00,15,M,False,,,,,,,
2026-07-21 09:05:00+03:00,15,V,False,,,,,,,
2026-07-21 09:10:00+03:00,15,A,True,12.444029850746269,1.0,0.0,0.0,0.0,,
2026-07-21 09:10:00+03:00,15,M,False,,,,,,,
2026-07-21 09:10:00+03:00,15,V,False,,,,,,,
2026-07-21 09:15:00+03:00,15,A,True,12.444029850746269,1.0,0.0,0.0,0.0,,
2026-07-21 09:15:00+03:00,15,M,False,,,,,,,
2026-07-21 09:15:00+03:00,15,V,True,12.444029850746269,1.0,0.0,0.0,0.0,,
2026-07-21 09:20:00+03:00,15,A,True,12.444029850746269,1.0,0.0,0.0,0.0,,
2026-07-21 09:20:00+03:00,15,M,False,,,,,,,
2026-07-21 09:20:00+03:00,15,V,True,12.444029850746269,1.0,0.0,0.0,0.0,,
2026-07-21 09:25:00+03:00,15,A,True,12.444029850746269,1.0,0.0,0.0,0.0,,
2026-07-21 09:25:00+03:00,15,M,False,,,,,,,
2026-07-21 09:25:00+03:00,15,V,True,12.444029850746269,1.0,0.0,0.0,0.0,,
2026-07-21 09:30:00+03:00,15,A,True,12.444029850746269,1.0,0.0,0.0,0.0,,
2026-07-21 09:30:00+03:00,15,M,False,,,,,,,
2026-07-21 09:30:00+03:00,15,V,True,12.444029850746269,1.0,0.0,0.0,0.0,,
2026-07-21 09:35:00+03:00,15,A,True,12.444029850746269,1.0,0.0,0.0,0.0,,
2026-07-21 09:35:00+03:00,15,M,False,,,,,,,
2026-07-21 09:35:00+03:00,15,V,True,12.444029850746269,1.0,0.0,0.0,0.0,,
2026-07-21 09:40:00+03:00,15,A,True,12.444029850746269,1.0,0.0,0.0,0.0,,
2026-07-21 09:40:00+03:00,15,M,False,,,,,,,
2026-07-21 09:40:00+03:00,15,V,True,12.444029850746269,1.0,0.0,0.0,0.0,,
2026-07-21 09:45:00+03:00,15,A,True,12.444029850746269,1.0,0.0,0.0,0.0,,
2026-07-21 09:45:00+03:00,15,M,False,,,,,,,
2026-07-21 09:45:00+03:00,15,V,True,12.444029850746269,1.0,0.0,0.0,0.0,,
2026-07-21 09:50:00+03:00,15,A,True,12.444029850746269,1.0,0.0,0.0,0.0,,
2026-07-21 09:50:00+03:00,15,M,False,,,,,,,
2026-07-21 09:50:00+03:00,15,V,True,12.444029850746269,1.0,0.0,0.0,0.0,,
2026-07-21 09:55:00+03:00,15,A,True,12.444029850746269,1.0,0.0,0.0,0.0,,
2026-07-21 09:55:00+03:00,15,M,False,,,,,,,
2026-07-21 09:55:00+03:00,15,V,True,37.5,0.0,1.0,0.0,0.0,,
2026-07-21 10:00:00+03:00,15,A,True,12.444029850746269,1.0,0.0,0.0,0.0,,
2026-07-21 10:00:00+03:00,15,M,False,,,,,,,
2026-07-21 10:00:00+03:00,15,V,True,37.5,0.0,1.0,0.0,0.0,,
2026-07-21 10:05:00+03:00,15,A,True,12.444029850746269,1.0,0.0,0.0,0.0,,
2026-07-21 10:05:00+03:00,15,M,False,,,,,,,
2026-07-21 10:05:00+03:00,15,V,True,37.5,0.0,1.0,0.0,0.0,,
2026-07-21 10:10:00+03:00,15,A,True,12.444029850746269,1.0,0.0,0.0,0.0,,
2026-07-21 10:10:00+03:00,15,M,False,,,,,,,
2026-07-21 10:10:00+03:00,15,V,True,31.81397748903028,0.23119047619047542,0.7688095238095246,0.0,0.0,,
2026-07-21 10:15:00+03:00,15,A,True,12.444029850746269,1.0,0.0,0.0,0.0,,
2026-07-21 10:15:00+03:00,15,M,False,,,,,,,
2026-07-21 10:15:00+03:00,15,V,True,22.641005291005296,0.6021428571428569,0.3978571428571432,0.0,0.0,,
2026-07-21 10:20:00+03:00,15,A,True,12.444029850746269,1.0,0.0,0.0,0.0,,
2026-07-21 10:20:00+03:00,15,M,False,,,,,,,
2026-07-21 10:20:00+03:00,15,V,True,17.428057312304183,0.8080952380952389,0.19190476190476113,0.0,0.0,,
2026-07-21 10:25:00+03:00,15,A,True,12.444029850746269,1.0,0.0,0.0,0.0,,
2026-07-21 10:25:00+03:00,15,M,False,,,,,,,
2026-07-21 10:25:00+03:00,15,V,True,12.444029850746269,1.0,0.0,0.0,0.0,,
2026-07-21 10:30:00+03:00,15,A,True,12.444029850746269,1.0,0.0,0.0,0.0,,
2026-07-21 10:30:00+03:00,15,M,False,,,,,,,
2026-07-21 10:30:00+03:00,15,V,True,12.444029850746269,1.0,0.0,0.0,0.0,,
2026-07-21 10:35:00+03:00,15,A,True,12.444029850746269,1.0,0.0,0.0,0.0,,
2026-07-21 10:35:00+03:00,15,M,False,,,,,,,
2026-07-21 10:35:00+03:00,15,V,True,12.444029850746269,1.0,0.0,0.0,0.0,,
2026-07-21 10:40:00+03:00,15,A,True,87.53094719349029,0.0,0.0,0.0,0.9447272342046102,,
2026-07-21 10:40:00+03:00,15,M,False,,,,,,,
2026-07-21 10:40:00+03:00,15,V,True,21.002046712086415,0.6673809523809529,0.3326190476190472,0.0,0.0,,
2026-07-21 10:45:00+03:00,15,A,True,87.53568251568544,0.0,0.0,0.0,0.9547299804687498,,
2026-07-21 10:45:00+03:00,15,M,False,,,,,,,
2026-07-21 10:45:00+03:00,15,V,True,37.5,0.0,1.0,0.0,0.0,,
2026-07-21 10:50:00+03:00,15,A,True,87.38194878633458,0.0,0.0,0.0,0.6414457550048825,,
2026-07-21 10:50:00+03:00,15,M,False,,,,,,,
2026-07-21 10:50:00+03:00,15,V,True,37.5,0.0,1.0,0.0,0.0,,
2026-07-21 10:55:00+03:00,15,A,True,70.5483050771459,0.0,0.0,0.6648212992350261,0.32360311826070215,,
2026-07-21 10:55:00+03:00,15,M,False,,,,,,,
2026-07-21 10:55:00+03:00,15,V,True,21.2903885961611,0.6559523809523804,0.3440476190476196,0.0,0.0,,
2026-07-21 11:00:00+03:00,15,A,True,37.5,0.0,1.0,0.0,0.0,,
2026-07-21 11:00:00+03:00,15,M,False,,,,,,,
2026-07-21 11:00:00+03:00,15,V,True,12.444029850746269,1.0,0.0,0.0,0.0,,
2026-07-21 11:05:00+03:00,15,A,True,12.444029850746269,1.0,0.0,0.0,0.0,,
2026-07-21 11:05:00+03:00,15,M,False,,,,,,,
2026-07-21 11:05:00+03:00,15,V,True,12.444029850746269,1.0,0.0,0.0,0.0,,
2026-07-21 11:10:00+03:00,15,A,True,12.444029850746269,1.0,0.0,0.0,0.0,,
2026-07-21 11:10:00+03:00,15,M,False,,,,,,,
2026-07-21 11:10:00+03:00,15,V,True,12.444029850746269,1.0,0.0,0.0,0.0,,
2026-07-21 11:15:00+03:00,15,A,True,12.444029850746269,1.0,0.0,0.0,0.0,,
2026-07-21 11:15:00+03:00,15,M,False,,,,,,,
2026-07-21 11:15:00+03:00,15,V,True,12.444029850746269,1.0,0.0,0.0,0.0,,
2026-07-21 11:20:00+03:00,15,A,True,12.444029850746269,1.0,0.0,0.0,0.0,,
2026-07-21 11:20:00+03:00,15,M,False,,,,,,,
2026-07-21 11:20:00+03:00,15,V,True,12.444029850746269,1.0,0.0,0.0,0.0,,
2026-07-21 11:25:00+03:00,15,A,True,12.444029850746269,1.0,0.0,0.0,0.0,,
2026-07-21 11:25:00+03:00,15,M,False,,,,,,,
2026-07-21 11:25:00+03:00,15,V,True,12.444029850746269,1.0,0.0,0.0,0.0,,
2026-07-21 11:30:00+03:00,15,A,True,12.444029850746269,1.0,0.0,0.0,0.0,,
2026-07-21 11:30:00+03:00,15,M,False,,,,,,,
2026-07-21 11:30:00+03:00,15,V,True,12.444029850746269,1.0,0.0,0.0,0.0,,
2026-07-21 11:35:00+03:00,15,A,True,12.444029850746269,1.0,0.0,0.0,0.0,,
2026-07-21 11:35:00+03:00,15,M,False,,,,,,,
2026-07-21 11:35:00+03:00,15,V,True,12.444029850746269,1.0,0.0,0.0,0.0,,
2026-07-21 11:40:00+03:00,15,A,True,12.444029850746269,1.0,0.0,0.0,0.0,,
2026-07-21 11:40:00+03:00,15,M,False,,,,,,,
2026-07-21 11:40:00+03:00,15,V,True,12.444029850746269,1.0,0.0,0.0,0.0,,
2026-07-21 11:45:00+03:00,15,A,True,12.444029850746269,1.0,0.0,0.0,0.0,,
2026-07-21 11:45:00+03:00,15,M,False,,,,,,,
2026-07-21 11:45:00+03:00,15,V,True,12.444029850746269,1.0,0.0,0.0,0.0,,
2026-07-21 11:50:00+03:00,15,A,True,12.444029850746269,1.0,0.0,0.0,0.0,,
2026-07-21 11:50:00+03:00,15,M,False,,,,,,,
2026-07-21 11:50:00+03:00,15,V,True,12.444029850746269,1.0,0.0,0.0,0.0,,
2026-07-21 11:55:00+03:00,15,A,True,12.444029850746269,1.0,0.0,0.0,0.0,,
2026-07-21 11:55:00+03:00,15,M,False,,,,,,,
2026-07-21 11:55:00+03:00,15,V,True,12.444029850746269,1.0,0.0,0.0,0.0,,
2026-07-21 12:00:00+03:00,15,A,True,12.444029850746269,1.0,0.0,0.0,0.0,,
2026-07-21 12:00:00+03:00,15,M,False,,,,,,,
2026-07-21 12:00:00+03:00,15,V,True,12.444029850746269,1.0,0.0,0.0,0.0,,
2026-07-21 12:05:00+03:00,15,A,True,12.444029850746269,1.0,0.0,0.0,0.0,,
2026-07-21 12:05:00+03:00,15,M,False,,,,,,,
2026-07-21 12:05:00+03:00,15,V,True,12.444029850746269,1.0,0.0,0.0,0.0,,
2026-07-21 12:10:00+03:00,15,A,True,12.444029850746269,1.0,0.0,0.0,0.0,,
2026-07-21 12:10:00+03:00,15,M,False,,,,,,,
2026-07-21 12:10:00+03:00,15,V,True,12.444029850746269,1.0,0.0,0.0,0.0,,
2026-07-21 12:15:00+03:00,15,A,True,12.444029850746269,1.0,0.0,0.0,0.0,,
2026-07-21 12:15:00+03:00,15,M,False,,,,,,,
2026-07-21 12:15:00+03:00,15,V,True,12.444029850746269,1.0,0.0,0.0,0.0,,
2026-07-21 12:20:00+03:00,15,A,True,12.444029850746269,1.0,0.0,0.0,0.0,,
2026-07-21 12:20:00+03:00,15,M,False,,,,,,,
2026-07-21 12:20:00+03:00,15,V,True,12.444029850746269,1.0,0.0,0.0,0.0,,
2026-07-21 12:25:00+03:00,15,A,True,12.444029850746269,1.0,0.0,0.0,0.0,,
2026-07-21 12:25:00+03:00,15,M,False,,,,,,,
2026-07-21 12:25:00+03:00,15,V,True,12.444029850746269,1.0,0.0,0.0,0.0,,
2026-07-21 12:30:00+03:00,15,A,True,12.444029850746269,1.0,0.0,0.0,0.0,,
2026-07-21 12:30:00+03:00,15,M,False,,,,,,,
2026-07-21 12:30:00+03:00,15,V,True,12.444029850746269,1.0,0.0,0.0,0.0,,
2026-07-21 12:35:00+03:00,15,A,True,12.444029850746269,1.0,0.0,0.0,0.0,,
2026-07-21 12:35:00+03:00,15,M,False,,,,,,,
2026-07-21 12:35:00+03:00,15,V,True,12.444029850746269,1.0,0.0,0.0,0.0,,
2026-07-21 12:40:00+03:00,15,A,True,12.444029850746269,1.0,0.0,0.0,0.0,,
2026-07-21 12:40:00+03:00,15,M,False,,,,,,,
2026-07-21 12:40:00+03:00,15,V,True,12.444029850746269,1.0,0.0,0.0,0.0,,
2026-07-21 12:45:00+03:00,15,A,True,12.444029850746269,1.0,0.0,0.0,0.0,,
2026-07-21 12:45:00+03:00,15,M,False,,,,,,,
2026-07-21 12:45:00+03:00,15,V,True,12.444029850746269,1.0,0.0,0.0,0.0,,
2026-07-21 12:50:00+03:00,15,A,True,12.444029850746269,1.0,0.0,0.0,0.0,,
2026-07-21 12:50:00+03:00,15,M,False,,,,,,,
2026-07-21 12:50:00+03:00,15,V,True,12.444029850746269,1.0,0.0,0.0,0.0,,
2026-07-21 12:55:00+03:00,15,A,True,12.444029850746269,1.0,0.0,0.0,0.0,,
2026-07-21 12:55:00+03:00,15,M,False,,,,,,,
2026-07-21 12:55:00+03:00,15,V,True,12.444029850746269,1.0,0.0,0.0,0.0,,
2026-07-21 13:00:00+03:00,15,A,True,12.444029850746269,1.0,0.0,0.0,0.0,,
2026-07-21 13:00:00+03:00,15,M,False,,,,,,,
2026-07-21 13:00:00+03:00,15,V,True,12.444029850746269,1.0,0.0,0.0,0.0,,
2026-07-21 13:05:00+03:00,15,A,True,12.444029850746269,1.0,0.0,0.0,0.0,,
2026-07-21 13:05:00+03:00,15,M,False,,,,,,,
2026-07-21 13:05:00+03:00,15,V,True,12.444029850746269,1.0,0.0,0.0,0.0,,
2026-07-21 13:10:00+03:00,15,A,True,12.444029850746269,1.0,0.0,0.0,0.0,,
2026-07-21 13:10:00+03:00,15,M,False,,,,,,,
2026-07-21 13:10:00+03:00,15,V,True,12.444029850746269,1.0,0.0,0.0,0.0,,
2026-07-21 13:15:00+03:00,15,A,True,12.444029850746269,1.0,0.0,0.0,0.0,,
2026-07-21 13:15:00+03:00,15,M,False,,,,,,,
2026-07-21 13:15:00+03:00,15,V,True,12.444029850746269,1.0,0.0,0.0,0.0,,
2026-07-21 13:20:00+03:00,15,A,True,12.444029850746269,1.0,0.0,0.0,0.0,,
2026-07-21 13:20:00+03:00,15,M,False,,,,,,,
2026-07-21 13:20:00+03:00,15,V,True,12.444029850746269,1.0,0.0,0.0,0.0,,
2026-07-21 13:25:00+03:00,15,A,True,12.444029850746269,1.0,0.0,0.0,0.0,,
2026-07-21 13:25:00+03:00,15,M,False,,,,,,,
2026-07-21 13:25:00+03:00,15,V,True,12.444029850746269,1.0,0.0,0.0,0.0,,
2026-07-21 13:30:00+03:00,15,A,True,12.444029850746269,1.0,0.0,0.0,0.0,,
2026-07-21 13:30:00+03:00,15,M,False,,,,,,,
2026-07-21 13:30:00+03:00,15,V,True,12.444029850746269,1.0,0.0,0.0,0.0,,
2026-07-21 13:35:00+03:00,15,A,True,12.444029850746269,1.0,0.0,0.0,0.0,,
2026-07-21 13:35:00+03:00,15,M,False,,,,,,,
2026-07-21 13:35:00+03:00,15,V,True,12.444029850746269,1.0,0.0,0.0,0.0,,
2026-07-21 13:40:00+03:00,15,A,True,12.444029850746269,1.0,0.0,0.0,0.0,,
2026-07-21 13:40:00+03:00,15,M,False,,,,,,,
2026-07-21 13:40:00+03:00,15,V,True,12.444029850746269,1.0,0.0,0.0,0.0,,
2026-07-21 13:45:00+03:00,15,A,True,12.444029850746269,1.0,0.0,0.0,0.0,,
2026-07-21 13:45:00+03:00,15,M,False,,,,,,,
2026-07-21 13:45:00+03:00,15,V,True,12.444029850746269,1.0,0.0,0.0,0.0,,
2026-07-21 13:50:00+03:00,15,A,True,12.444029850746269,1.0,0.0,0.0,0.0,,
2026-07-21 13:50:00+03:00,15,M,False,,,,,,,
2026-07-21 13:50:00+03:00,15,V,True,12.444029850746269,1.0,0.0,0.0,0.0,,
2026-07-21 13:55:00+03:00,15,A,True,12.444029850746269,1.0,0.0,0.0,0.0,,
2026-07-21 13:55:00+03:00,15,M,False,,,,,,,
2026-07-21 13:55:00+03:00,15,V,True,12.444029850746269,1.0,0.0,0.0,0.0,,
2026-07-21 14:00:00+03:00,15,A,True,12.444029850746269,1.0,0.0,0.0,0.0,,
2026-07-21 14:00:00+03:00,15,M,False,,,,,,,
2026-07-21 14:00:00+03:00,15,V,True,12.444029850746269,1.0,0.0,0.0,0.0,,
2026-07-21 14:05:00+03:00,15,A,True,12.444029850746269,1.0,0.0,0.0,0.0,,
2026-07-21 14:05:00+03:00,15,M,False,,,,,,,
2026-07-21 14:05:00+03:00,15,V,True,12.444029850746269,1.0,0.0,0.0,0.0,,
2026-07-21 14:10:00+03:00,15,A,True,12.444029850746269,1.0,0.0,0.0,0.0,,
2026-07-21 14:10:00+03:00,15,M,False,,,,,,,
2026-07-21 14:10:00+03:00,15,V,True,12.444029850746269,1.0,0.0,0.0,0.0,,
2026-07-21 14:15:00+03:00,15,A,True,12.444029850746269,1.0,0.0,0.0,0.0,,
2026-07-21 14:15:00+03:00,15,M,False,,,,,,,
2026-07-21 14:15:00+03:00,15,V,True,12.444029850746269,1.0,0.0,0.0,0.0,,
2026-07-21 14:20:00+03:00,15,A,True,12.444029850746269,1.0,0.0,0.0,0.0,,
2026-07-21 14:20:00+03:00,15,M,False,,,,,,,
2026-07-21 14:20:00+03:00,15,V,True,12.444029850746269,1.0,0.0,0.0,0.0,,
2026-07-21 14:25:00+03:00,15,A,True,12.444029850746269,1.0,0.0,0.0,0.0,,
2026-07-21 14:25:00+03:00,15,M,False,,,,,,,
2026-07-21 14:25:00+03:00,15,V,True,12.444029850746269,1.0,0.0,0.0,0.0,,
2026-07-21 14:30:00+03:00,15,A,True,12.444029850746269,1.0,0.0,0.0,0.0,,
2026-07-21 14:30:00+03:00,15,M,False,,,,,,,
2026-07-21 14:30:00+03:00,15,V,True,12.444029850746269,1.0,0.0,0.0,0.0,,
2026-07-21 14:35:00+03:00,15,A,True,12.444029850746269,1.0,0.0,0.0,0.0,,
2026-07-21 14:35:00+03:00,15,M,False,,,,,,,
2026-07-21 14:35:00+03:00,15,V,True,12.444029850746269,1.0,0.0,0.0,0.0,,
2026-07-21 14:40:00+03:00,15,A,True,12.444029850746269,1.0,0.0,0.0,0.0,,
2026-07-21 14:40:00+03:00,15,M,False,,,,,,,
2026-07-21 14:40:00+03:00,15,V,True,12.444029850746269,1.0,0.0,0.0,0.0,,
2026-07-21 14:45:00+03:00,15,A,True,12.444029850746269,1.0,0.0,0.0,0.0,,
2026-07-21 14:45:00+03:00,15,M,False,,,,,,,
2026-07-21 14:45:00+03:00,15,V,True,12.444029850746269,1.0,0.0,0.0,0.0,,
2026-07-21 14:50:00+03:00,15,A,True,12.444029850746269,1.0,0.0,0.0,0.0,,
2026-07-21 14:50:00+03:00,15,M,False,,,,,,,
2026-07-21 14:50:00+03:00,15,V,True,12.444029850746269,1.0,0.0,0.0,0.0,,
2026-07-21 14:55:00+03:00,15,A,True,12.444029850746269,1.0,0.0,0.0,0.0,,
2026-07-21 14:55:00+03:00,15,M,False,,,,,,,
2026-07-21 14:55:00+03:00,15,V,True,12.444029850746269,1.0,0.0,0.0,0.0,,
2026-07-21 15:00:00+03:00,15,A,True,12.444029850746269,1.0,0.0,0.0,0.0,,
2026-07-21 15:00:00+03:00,15,M,False,,,,,,,
2026-07-21 15:00:00+03:00,15,V,True,12.444029850746269,1.0,0.0,0.0,0.0,,
2026-07-21 15:05:00+03:00,15,A,True,12.444029850746269,1.0,0.0,0.0,0.0,,
2026-07-21 15:05:00+03:00,15,M,False,,,,,,,
2026-07-21 15:05:00+03:00,15,V,True,12.444029850746269,1.0,0.0,0.0,0.0,,
2026-07-21 15:10:00+03:00,15,A,True,12.444029850746269,1.0,0.0,0.0,0.0,,
2026-07-21 15:10:00+03:00,15,M,False,,,,,,,
2026-07-21 15:10:00+03:00,15,V,True,12.444029850746269,1.0,0.0,0.0,0.0,,
2026-07-21 15:15:00+03:00,15,A,True,12.444029850746269,1.0,0.0,0.0,0.0,,
2026-07-21 15:15:00+03:00,15,M,False,,,,,,,
2026-07-21 15:15:00+03:00,15,V,True,12.444029850746269,1.0,0.0,0.0,0.0,,
2026-07-21 15:20:00+03:00,15,A,True,12.444029850746269,1.0,0.0,0.0,0.0,,
2026-07-21 15:20:00+03:00,15,M,False,,,,,,,
2026-07-21 15:20:00+03:00,15,V,True,12.444029850746269,1.0,0.0,0.0,0.0,,
2026-07-21 15:25:00+03:00,15,A,True,12.444029850746269,1.0,0.0,0.0,0.0,,
2026-07-21 15:25:00+03:00,15,M,False,,,,,,,
2026-07-21 15:25:00+03:00,15,V,True,12.444029850746269,1.0,0.0,0.0,0.0,,
2026-07-21 15:30:00+03:00,15,A,True,12.444029850746269,1.0,0.0,0.0,0.0,,
2026-07-21 15:30:00+03:00,15,M,False,,,,,,,
2026-07-21 15:30:00+03:00,15,V,True,12.444029850746269,1.0,0.0,0.0,0.0,,
2026-07-21 15:35:00+03:00,15,A,True,12.444029850746269,1.0,0.0,0.0,0.0,,
2026-07-21 15:35:00+03:00,15,M,False,,,,,,,
2026-07-21 15:35:00+03:00,15,V,True,12.444029850746269,1.0,0.0,0.0,0.0,,
2026-07-21 15:40:00+03:00,15,A,True,12.444029850746269,1.0,0.0,0.0,0.0,,
2026-07-21 15:40:00+03:00,15,M,False,,,,,,,
2026-07-21 15:40:00+03:00,15,V,True,12.444029850746269,1.0,0.0,0.0,0.0,,
2026-07-21 15:45:00+03:00,15,A,True,12.444029850746269,1.0,0.0,0.0,0.0,,
2026-07-21 15:45:00+03:00,15,M,False,,,,,,,
2026-07-21 15:45:00+03:00,15,V,True,12.444029850746269,1.0,0.0,0.0,0.0,,
2026-07-21 15:50:00+03:00,15,A,True,12.444029850746269,1.0,0.0,0.0,0.0,,
2026-07-21 15:50:00+03:00,15,M,False,,,,,,,
2026-07-21 15:50:00+03:00,15,V,True,12.444029850746269,1.0,0.0,0.0,0.0,,
2026-07-21 15:55:00+03:00,15,A,True,12.444029850746269,1.0,0.0,0.0,0.0,,
2026-07-21 15:55:00+03:00,15,M,False,,,,,,,
2026-07-21 15:55:00+03:00,15,V,True,12.444029850746269,1.0,0.0,0.0,0.0,,
2026-07-21 16:00:00+03:00,15,A,True,12.444029850746269,1.0,0.0,0.0,0.0,,
2026-07-21 16:00:00+03:00,15,M,False,,,,,,,
2026-07-21 16:00:00+03:00,15,V,True,12.444029850746269,1.0,0.0,0.0,0.0,,
2026-07-21 16:05:00+03:00,15,A,True,12.444029850746269,1.0,0.0,0.0,0.0,,
2026-07-21 16:05:00+03:00,15,M,False,,,,,,,
2026-07-21 16:05:00+03:00,15,V,True,12.444029850746269,1.0,0.0,0.0,0.0,,
2026-07-21 16:10:00+03:00,15,A,True,12.444029850746269,1.0,0.0,0.0,0.0,,
2026-07-21 16:10:00+03:00,15,M,False,,,,,,,
2026-07-21 16:10:00+03:00,15,V,True,12.444029850746269,1.0,0.0,0.0,0.0,,
2026-07-21 16:15:00+03:00,15,A,True,12.444029850746269,1.0,0.0,0.0,0.0,,
2026-07-21 16:15:00+03:00,15,M,False,,,,,,,
2026-07-21 16:15:00+03:00,15,V,True,12.444029850746269,1.0,0.0,0.0,0.0,,
2026-07-21 16:20:00+03:00,15,A,True,12.444029850746269,1.0,0.0,0.0,0.0,,
2026-07-21 16:20:00+03:00,15,M,False,,,,,,,
2026-07-21 16:20:00+03:00,15,V,True,12.444029850746269,1.0,0.0,0.0,0.0,,
2026-07-21 16:25:00+03:00,15,A,True,12.444029850746269,1.0,0.0,0.0,0.0,,
2026-07-21 16:25:00+03:00,15,M,False,,,,,,,
2026-07-21 16:25:00+03:00,15,V,True,12.444029850746269,1.0,0.0,0.0,0.0,,
2026-07-21 16:30:00+03:00,15,A,True,12.444029850746269,1.0,0.0,0.0,0.0,,
2026-07-21 16:30:00+03:00,15,M,False,,,,,,,
2026-07-21 16:30:00+03:00,15,V,True,12.444029850746269,1.0,0.0,0.0,0.0,,
2026-07-21 16:35:00+03:00,15,A,True,12.444029850746269,1.0,0.0,0.0,0.0,,
2026-07-21 16:35:00+03:00,15,M,False,,,,,,,
2026-07-21 16:35:00+03:00,15,V,True,12.444029850746269,1.0,0.0,0.0,0.0,,
2026-07-21 16:40:00+03:00,15,A,True,12.444029850746269,1.0,0.0,0.0,0.0,,
2026-07-21 16:40:00+03:00,15,M,False,,,,,,,
2026-07-21 16:40:00+03:00,15,V,True,12.444029850746269,1.0,0.0,0.0,0.0,,
2026-07-21 16:45:00+03:00,15,A,True,12.444029850746269,1.0,0.0,0.0,0.0,,
2026-07-21 16:45:00+03:00,15,M,False,,,,,,,
2026-07-21 16:45:00+03:00,15,V,True,12.444029850746269,1.0,0.0,0.0,0.0,,
2026-07-21 16:50:00+03:00,15,A,True,12.444029850746269,1.0,0.0,0.0,0.0,,
2026-07-21 16:50:00+03:00,15,M,False,,,,,,,
2026-07-21 16:50:00+03:00,15,V,True,12.444029850746269,1.0,0.0,0.0,0.0,,
2026-07-21 16:55:00+03:00,15,A,True,12.444029850746269,1.0,0.0,0.0,0.0,,
2026-07-21 16:55:00+03:00,15,M,False,,,,,,,
2026-07-21 16:55:00+03:00,15,V,True,12.444029850746269,1.0,0.0,0.0,0.0,,
2026-07-21 17:00:00+03:00,15,A,True,12.444029850746269,1.0,0.0,0.0,0.0,,
2026-07-21 17:00:00+03:00,15,M,False,,,,,,,
2026-07-21 17:00:00+03:00,15,V,True,12.444029850746269,1.0,0.0,0.0,0.0,,
2026-07-21 17:05:00+03:00,15,A,True,12.444029850746269,1.0,0.0,0.0,0.0,,
2026-07-21 17:05:00+03:00,15,M,False,,,,,,,
2026-07-21 17:05:00+03:00,15,V,True,12.444029850746269,1.0,0.0,0.0,0.0,,
2026-07-21 17:10:00+03:00,15,A,True,12.444029850746269,1.0,0.0,0.0,0.0,,
2026-07-21 17:10:00+03:00,15,M,False,,,,,,,
2026-07-21 17:10:00+03:00,15,V,True,12.444029850746269,1.0,0.0,0.0,0.0,,
2026-07-21 17:15:00+03:00,15,A,True,12.444029850746269,1.0,0.0,0.0,0.0,,
2026-07-21 17:15:00+03:00,15,M,False,,,,,,,
2026-07-21 17:15:00+03:00,15,V,True,12.444029850746269,1.0,0.0,0.0,0.0,,
2026-07-21 17:20:00+03:00,15,A,True,12.444029850746269,1.0,0.0,0.0,0.0,,
2026-07-21 17:20:00+03:00,15,M,False,,,,,,,
2026-07-21 17:20:00+03:00,15,V,True,12.444029850746269,1.0,0.0,0.0,0.0,,
2026-07-21 17:25:00+03:00,15,A,True,12.444029850746269,1.0,0.0,0.0,0.0,,
2026-07-21 17:25:00+03:00,15,M,False,,,,,,,
2026-07-21 17:25:00+03:00,15,V,True,12.444029850746269,1.0,0.0,0.0,0.0,,
2026-07-21 17:30:00+03:00,15,A,True,12.444029850746269,1.0,0.0,0.0,0.0,,
2026-07-21 17:30:00+03:00,15,M,False,,,,,,,
2026-07-21 17:30:00+03:00,15,V,True,12.444029850746269,1.0,0.0,0.0,0.0,,
2026-07-21 17:35:00+03:00,15,A,True,12.444029850746269,1.0,0.0,0.0,0.0,,
2026-07-21 17:35:00+03:00,15,M,False,,,,,,,
2026-07-21 17:35:00+03:00,15,V,True,12.444029850746269,1.0,0.0,0.0,0.0,,
2026-07-21 17:40:00+03:00,15,A,True,12.444029850746269,1.0,0.0,0.0,0.0,,
2026-07-21 17:40:00+03:00,15,M,False,,,,,,,
2026-07-21 17:40:00+03:00,15,V,True,12.444029850746269,1.0,0.0,0.0,0.0,,
2026-07-21 17:45:00+03:00,15,A,True,12.444029850746269,1.0,0.0,0.0,0.0,,
2026-07-21 17:45:00+03:00,15,M,False,,,,,,,
2026-07-21 17:45:00+03:00,15,V,True,12.444029850746269,1.0,0.0,0.0,0.0,,
2026-07-21 17:50:00+03:00,15,A,True,12.444029850746269,1.0,0.0,0.0,0.0,,
2026-07-21 17:50:00+03:00,15,M,False,,,,,,,
2026-07-21 17:50:00+03:00,15,V,True,12.444029850746269,1.0,0.0,0.0,0.0,,
2026-07-21 17:55:00+03:00,15,A,True,12.444029850746269,1.0,0.0,0.0,0.0,,
2026-07-21 17:55:00+03:00,15,M,False,,,,,,,
2026-07-21 17:55:00+03:00,15,V,True,12.444029850746269,1.0,0.0,0.0,0.0,,
2026-07-21 18:00:00+03:00,15,A,True,12.444029850746269,1.0,0.0,0.0,0.0,,
2026-07-21 18:00:00+03:00,15,M,False,,,,,,,
2026-07-21 18:00:00+03:00,15,V,True,12.444029850746269,1.0,0.0,0.0,0.0,,
2026-07-21 18:05:00+03:00,15,A,True,12.444029850746269,1.0,0.0,0.0,0.0,,
2026-07-21 18:05:00+03:00,15,M,False,,,,,,,
2026-07-21 18:05:00+03:00,15,V,True,12.444029850746269,1.0,0.0,0.0,0.0,,
2026-07-21 18:10:00+03:00,15,A,True,12.444029850746269,1.0,0.0,0.0,0.0,,
2026-07-21 18:10:00+03:00,15,M,False,,,,,,,
2026-07-21 18:10:00+03:00,15,V,True,12.444029850746269,1.0,0.0,0.0,0.0,,
2026-07-21 18:15:00+03:00,15,A,True,12.444029850746269,1.0,0.0,0.0,0.0,,
2026-07-21 18:15:00+03:00,15,M,False,,,,,,,
2026-07-21 18:15:00+03:00,15,V,True,12.444029850746269,1.0,0.0,0.0,0.0,,
2026-07-21 18:20:00+03:00,15,A,True,12.444029850746269,1.0,0.0,0.0,0.0,,
2026-07-21 18:20:00+03:00,15,M,False,,,,,,,
2026-07-21 18:20:00+03:00,15,V,True,12.444029850746269,1.0,0.0,0.0,0.0,,
2026-07-21 18:25:00+03:00,15,A,True,12.444029850746269,1.0,0.0,0.0,0.0,,
2026-07-21 18:25:00+03:00,15,M,False,,,,,,,
2026-07-21 18:25:00+03:00,15,V,True,12.444029850746269,1.0,0.0,0.0,0.0,,
2026-07-21 18:30:00+03:00,15,A,True,12.444029850746269,1.0,0.0,0.0,0.0,,
2026-07-21 18:30:00+03:00,15,M,False,,,,,,,
2026-07-21 18:30:00+03:00,15,V,True,12.444029850746269,1.0,0.0,0.0,0.0,,
2026-07-21 18:35:00+03:00,15,A,True,12.444029850746269,1.0,0.0,0.0,0.0,,
2026-07-21 18:35:00+03:00,15,M,False,,,,,,,
2026-07-21 18:35:00+03:00,15,V,True,12.444029850746269,1.0,0.0,0.0,0.0,,
2026-07-21 18:40:00+03:00,15,A,True,12.444029850746269,1.0,0.0,0.0,0.0,,
2026-07-21 18:40:00+03:00,15,M,False,,,,,,,
2026-07-21 18:40:00+03:00,15,V,True,12.444029850746269,1.0,0.0,0.0,0.0,,
2026-07-21 18:45:00+03:00,15,A,True,12.444029850746269,1.0,0.0,0.0,0.0,,
2026-07-21 18:45:00+03:00,15,M,False,,,,,,,
2026-07-21 18:45:00+03:00,15,V,True,12.444029850746269,1.0,0.0,0.0,0.0,,
2026-07-21 18:50:00+03:00,15,A,True,12.444029850746269,1.0,0.0,0.0,0.0,,
2026-07-21 18:50:00+03:00,15,M,False,,,,,,,
2026-07-21 18:50:00+03:00,15,V,True,12.444029850746269,1.0,0.0,0.0,0.0,,
2026-07-21 18:55:00+03:00,15,A,True,12.444029850746269,1.0,0.0,0.0,0.0,,
2026-07-21 18:55:00+03:00,15,M,False,,,,,,,
2026-07-21 18:55:00+03:00,15,V,True,12.444029850746269,1.0,0.0,0.0,0.0,,
2026-07-21 19:00:00+03:00,15,A,True,12.444029850746269,1.0,0.0,0.0,0.0,,
2026-07-21 19:00:00+03:00,15,M,False,,,,,,,
2026-07-21 19:00:00+03:00,15,V,True,12.444029850746269,1.0,0.0,0.0,0.0,,
2026-07-21 19:05:00+03:00,15,A,True,12.444029850746269,1.0,0.0,0.0,0.0,,
2026-07-21 19:05:00+03:00,15,M,False,,,,,,,
2026-07-21 19:05:00+03:00,15,V,True,12.444029850746269,1.0,0.0,0.0,0.0,,
2026-07-21 19:10:00+03:00,15,A,True,12.444029850746269,1.0,0.0,0.0,0.0,,
2026-07-21 19:10:00+03:00,15,M,False,,,,,,,
2026-07-21 19:10:00+03:00,15,V,True,12.444029850746269,1.0,0.0,0.0,0.0,,
2026-07-21 19:15:00+03:00,15,A,True,12.444029850746269,1.0,0.0,0.0,0.0,,
2026-07-21 19:15:00+03:00,15,M,False,,,,,,,
2026-07-21 19:15:00+03:00,15,V,True,12.444029850746269,1.0,0.0,0.0,0.0,,
2026-07-21 19:20:00+03:00,15,A,True,12.444029850746269,1.0,0.0,0.0,0.0,,
2026-07-21 19:20:00+03:00,15,M,False,,,,,,,
2026-07-21 19:20:00+03:00,15,V,True,12.444029850746269,1.0,0.0,0.0,0.0,,
2026-07-21 19:25:00+03:00,15,A,True,12.444029850746269,1.0,0.0,0.0,0.0,,
2026-07-21 19:25:00+03:00,15,M,False,,,,,,,
2026-07-21 19:25:00+03:00,15,V,True,12.444029850746269,1.0,0.0,0.0,0.0,,
2026-07-21 19:30:00+03:00,15,A,True,12.444029850746269,1.0,0.0,0.0,0.0,,
2026-07-21 19:30:00+03:00,15,M,False,,,,,,,
2026-07-21 19:30:00+03:00,15,V,True,12.444029850746269,1.0,0.0,0.0,0.0,,
2026-07-21 19:35:00+03:00,15,A,True,12.444029850746269,1.0,0.0,0.0,0.0,,
2026-07-21 19:35:00+03:00,15,M,False,,,,,,,
2026-07-21 19:35:00+03:00,15,V,True,12.444029850746269,1.0,0.0,0.0,0.0,,
2026-07-21 19:40:00+03:00,15,A,True,12.444029850746269,1.0,0.0,0.0,0.0,,
2026-07-21 19:40:00+03:00,15,M,False,,,,,,,
2026-07-21 19:40:00+03:00,15,V,True,12.444029850746269,1.0,0.0,0.0,0.0,,
2026-07-21 19:45:00+03:00,15,A,True,12.444029850746269,1.0,0.0,0.0,0.0,,
2026-07-21 19:45:00+03:00,15,M,False,,,,,,,
2026-07-21 19:45:00+03:00,15,V,True,12.444029850746269,1.0,0.0,0.0,0.0,,
2026-07-21 19:50:00+03:00,15,A,True,12.444029850746269,1.0,0.0,0.0,0.0,,
2026-07-21 19:50:00+03:00,15,M,False,,,,,,,
2026-07-21 19:50:00+03:00,15,V,True,12.444029850746269,1.0,0.0,0.0,0.0,,
2026-07-21 19:55:00+03:00,15,A,True,12.444029850746269,1.0,0.0,0.0,0.0,,
2026-07-21 19:55:00+03:00,15,M,False,,,,,,,
2026-07-21 19:55:00+03:00,15,V,True,12.444029850746269,1.0,0.0,0.0,0.0,,
2026-07-21 20:00:00+03:00,15,A,True,12.444029850746269,1.0,0.0,0.0,0.0,,
2026-07-21 20:00:00+03:00,15,M,False,,,,,,,
2026-07-21 20:00:00+03:00,15,V,True,12.444029850746269,1.0,0.0,0.0,0.0,,
2026-07-21 20:05:00+03:00,15,A,True,12.444029850746269,1.0,0.0,0.0,0.0,,
2026-07-21 20:05:00+03:00,15,M,False,,,,,,,
2026-07-21 20:05:00+03:00,15,V,True,12.444029850746269,1.0,0.0,0.0,0.0,,
2026-07-21 20:10:00+03:00,15,A,True,12.444029850746269,1.0,0.0,0.0,0.0,,
2026-07-21 20:10:00+03:00,15,M,False,,,,,,,
2026-07-21 20:10:00+03:00,15,V,True,12.444029850746269,1.0,0.0,0.0,0.0,,
2026-07-21 20:15:00+03:00,15,A,True,12.444029850746269,1.0,0.0,0.0,0.0,,
2026-07-21 20:15:00+03:00,15,M,False,,,,,,,
2026-07-21 20:15:00+03:00,15,V,True,12.444029850746269,1.0,0.0,0.0,0.0,,
2026-07-21 20:20:00+03:00,15,A,True,12.444029850746269,1.0,0.0,0.0,0.0,,
2026-07-21 20:20:00+03:00,15,M,False,,,,,,,
2026-07-21 20:20:00+03:00,15,V,True,12.444029850746269,1.0,0.0,0.0,0.0,,
2026-07-21 20:25:00+03:00,15,A,True,12.444029850746269,1.0,0.0,0.0,0.0,,
2026-07-21 20:25:00+03:00,15,M,False,,,,,,,
2026-07-21 20:25:00+03:00,15,V,True,12.444029850746269,1.0,0.0,0.0,0.0,,
2026-07-21 20:30:00+03:00,15,A,True,12.444029850746269,1.0,0.0,0.0,0.0,,
2026-07-21 20:30:00+03:00,15,M,False,,,,,,,
2026-07-21 20:30:00+03:00,15,V,True,12.444029850746269,1.0,0.0,0.0,0.0,,
2026-07-21 20:35:00+03:00,15,A,True,12.444029850746269,1.0,0.0,0.0,0.0,,
2026-07-21 20:35:00+03:00,15,M,False,,,,,,,
2026-07-21 20:35:00+03:00,15,V,True,12.444029850746269,1.0,0.0,0.0,0.0,,
2026-07-21 20:40:00+03:00,15,A,True,12.444029850746269,1.0,0.0,0.0,0.0,,
2026-07-21 20:40:00+03:00,15,M,False,,,,,,,
2026-07-21 20:40:00+03:00,15,V,True,12.444029850746269,1.0,0.0,0.0,0.0,,
2026-07-21 20:45:00+03:00,15,A,True,12.444029850746269,1.0,0.0,0.0,0.0,,
2026-07-21 20:45:00+03:00,15,M,False,,,,,,,
2026-07-21 20:45:00+03:00,15,V,True,12.444029850746269,1.0,0.0,0.0,0.0,,
2026-07-21 20:50:00+03:00,15,A,True,12.444029850746269,1.0,0.0,0.0,0.0,,
2026-07-21 20:50:00+03:00,15,M,False,,,,,,,
2026-07-21 20:50:00+03:00,15,V,True,12.444029850746269,1.0,0.0,0.0,0.0,,
2026-07-21 20:55:00+03:00,15,A,True,12.444029850746269,1.0,0.0,0.0,0.0,,
2026-07-21 20:55:00+03:00,15,M,False,,,,,,,
2026-07-21 20:55:00+03:00,15,V,True,12.444029850746269,1.0,0.0,0.0,0.0,,
2026-07-21 21:00:00+03:00,15,A,True,12.444029850746269,1.0,0.0,0.0,0.0,,
2026-07-21 21:00:00+03:00,15,M,False,,,,,,,
2026-07-21 21:00:00+03:00,15,V,True,14.344745458198894,0.9273809523809519,0.07261904761904817,0.0,0.0,,
2026-07-21 21:05:00+03:00,15,A,True,12.444029850746269,1.0,0.0,0.0,0.0,,
2026-07-21 21:05:00+03:00,15,M,False,,,,,,,
2026-07-21 21:05:00+03:00,15,V,True,37.5,0.0,1.0,0.0,0.0,,
2026-07-21 21:10:00+03:00,15,A,True,12.444029850746269,1.0,0.0,0.0,0.0,,
2026-07-21 21:10:00+03:00,15,M,False,,,,,,,
2026-07-21 21:10:00+03:00,15,V,True,37.5,0.0,1.0,0.0,0.0,,
2026-07-21 21:15:00+03:00,15,A,True,12.444029850746269,1.0,0.0,0.0,0.0,,
2026-07-21 21:15:00+03:00,15,M,False,,,,,,,
2026-07-21 21:15:00+03:00,15,V,True,37.5,0.0,1.0,0.0,0.0,,
2026-07-21 21:20:00+03:00,15,A,True,12.444029850746269,1.0,0.0,0.0,0.0,,
2026-07-21 21:20:00+03:00,15,M,False,,,,,,,
2026-07-21 21:20:00+03:00,15,V,True,37.5,0.0,1.0,0.0,0.0,,
2026-07-21 21:25:00+03:00,15,A,True,87.31550213005976,0.0,0.0,0.0,0.5074955012003579,,
2026-07-21 21:25:00+03:00,15,M,False,,,,,,,
2026-07-21 21:25:00+03:00,15,V,True,37.5,0.0,1.0,0.0,0.0,,
2026-07-21 21:30:00+03:00,15,A,True,87.44545068720744,0.0,0.0,0.0,0.7708734097480772,,
2026-07-21 21:30:00+03:00,15,M,False,,,,,,,
2026-07-21 21:30:00+03:00,15,V,True,28.89831642376087,0.349761904761905,0.6502380952380951,0.0,0.0,,
2026-07-21 21:35:00+03:00,15,A,True,87.55597014925372,0.0,0.0,0.0,1.0,,
2026-07-21 21:35:00+03:00,15,M,False,,,,,,,
2026-07-21 21:35:00+03:00,15,V,True,20.48527127952451,0.6878571428571425,0.31214285714285744,0.0,0.0,,
2026-07-21 21:40:00+03:00,15,A,True,87.55597014925372,0.0,0.0,0.0,1.0,,
2026-07-21 21:40:00+03:00,15,M,False,,,,,,,
2026-07-21 21:40:00+03:00,15,V,True,16.059394533600468,0.8614285714285708,0.13857142857142923,0.0,0.0,,
2026-07-21 21:45:00+03:00,15,A,True,87.55597014925372,0.0,0.0,0.0,1.0,,
2026-07-21 21:45:00+03:00,15,M,False,,,,,,,
2026-07-21 21:45:00+03:00,15,V,True,14.257679568199398,0.9307142857142854,0.06928571428571462,0.0,0.0,,
2026-07-21 21:50:00+03:00,15,A,True,87.55597014925372,0.0,0.0,0.0,1.0,,
2026-07-21 21:50:00+03:00,15,M,False,,,,,,,
2026-07-21 21:50:00+03:00,15,V,True,13.354907724275664,0.965238095238096,0.034761904761904,0.0,0.0,,
2026-07-21 21:55:00+03:00,15,A,True,87.55597014925372,0.0,0.0,0.0,1.0,,
2026-07-21 21:55:00+03:00,15,M,False,,,,,,,
2026-07-21 21:55:00+03:00,15,V,True,12.64383603823815,0.9923809523809528,0.007619047619047186,0.0,0.0,,
2026-07-21 22:00:00+03:00,15,A,True,87.55597014925372,0.0,0.0,0.0,1.0,,
2026-07-21 22:00:00+03:00,15,M,False,,,,,,,
2026-07-21 22:00:00+03:00,15,V,True,14.071051567454836,0.9378571428571425,0.062142857142857465,0.0,0.0,,
2026-07-21 22:05:00+03:00,15,A,True,87.55597014925372,0.0,0.0,0.0,1.0,,
2026-07-21 22:05:00+03:00,15,M,False,,,,,,,
2026-07-21 22:05:00+03:00,15,V,True,18.15398433358854,0.7797619047619053,0.2202380952380947,0.0,0.0,,
2026-07-21 22:10:00+03:00,15,A,True,48.8963783843635,0.0,0.5450078932444257,0.45499210675557433,0.0,,
2026-07-21 22:10:00+03:00,15,M,False,,,,,,,
2026-07-21 22:10:00+03:00,15,V,True,23.887918871252214,0.5521428571428568,0.4478571428571432,0.0,0.0,,
2026-07-21 22:15:00+03:00,15,A,True,12.444029850746269,1.0,0.0,0.0,0.0,,
2026-07-21 22:15:00+03:00,15,M,False,,,,,,,
2026-07-21 22:15:00+03:00,15,V,True,30.274116657980414,0.2938095238095246,0.7061904761904755,0.0,0.0,,
2026-07-21 22:20:00+03:00,15,A,True,12.444029850746269,1.0,0.0,0.0,0.0,,
2026-07-21 22:20:00+03:00,15,M,False,,,,,,,
2026-07-21 22:20:00+03:00,15,V,True,35.28768255881265,0.08976190476190433,0.9102380952380956,0.0,0.0,,
2026-07-21 22:25:00+03:00,15,A,True,37.5,0.0,1.0,0.0,0.0,,
2026-07-21 22:25:00+03:00,15,M,False,,,,,,,
2026-07-21 22:25:00+03:00,15,V,True,37.5,0.0,1.0,0.0,0.0,,
2026-07-21 22:30:00+03:00,15,A,True,38.81467557572728,0.0,0.9490099302927654,0.05099006970723465,0.0,,
2026-07-21 22:30:00+03:00,15,M,False,,,,,,,
2026-07-21 22:30:00+03:00,15,V,True,37.5,0.0,1.0,0.0,0.0,,
2026-07-21 22:35:00+03:00,15,A,True,40.720437481519426,0.0,0.8744407272338869,0.12555927276611314,0.0,,
2026-07-21 22:35:00+03:00,15,M,False,,,,,,,
2026-07-21 22:35:00+03:00,15,V,True,37.5,0.0,1.0,0.0,0.0,,
2026-07-21 22:40:00+03:00,15,A,True,12.444029850746269,1.0,0.0,0.0,0.0,,
2026-07-21 22:40:00+03:00,15,M,False,,,,,,,
2026-07-21 22:40:00+03:00,15,V,True,37.07038083047022,0.017380952380952813,0.9826190476190472,0.0,0.0,,
2026-07-21 22:45:00+03:00,15,A,True,12.444029850746269,1.0,0.0,0.0,0.0,,
2026-07-21 22:45:00+03:00,15,M,False,,,,,,,
2026-07-21 22:45:00+03:00,15,V,True,33.110826875952036,0.17833333333333354,0.8216666666666664,0.0,0.0,,
2026-07-21 22:50:00+03:00,15,A,True,12.444029850746269,1.0,0.0,0.0,0.0,,
2026-07-21 22:50:00+03:00,15,M,False,,,,,,,
2026-07-21 22:50:00+03:00,15,V,True,30.895688965649068,0.2685714285714279,0.7314285714285721,0.0,0.0,,
2026-07-21 22:55:00+03:00,15,A,True,12.444029850746269,1.0,0.0,0.0,0.0,,
2026-07-21 22:55:00+03:00,15,M,False,,,,,,,
2026-07-21 22:55:00+03:00,15,V,True,27.960510053463096,0.3878571428571425,0.6121428571428574,0.0,0.0,,
2026-07-21 23:00:00+03:00,15,A,True,12.444029850746269,1.0,0.0,0.0,0.0,,
2026-07-21 23:00:00+03:00,15,M,False,,,,,,,
2026-07-21 23:00:00+03:00,15,V,True,24.80825984714872,0.515238095238096,0.484761904761904,0.0,0.0,,
2026-07-21 23:05:00+03:00,15,A,True,12.444029850746269,1.0,0.0,0.0,0.0,,
2026-07-21 23:05:00+03:00,15,M,False,,,,,,,
2026-07-21 23:05:00+03:00,15,V,True,23.81666666666666,0.5550000000000003,0.4449999999999997,0.0,0.0,,
2026-07-21 23:10:00+03:00,15,A,True,12.444029850746269,1.0,0.0,0.0,0.0,,
2026-07-21 23:10:00+03:00,15,M,False,,,,,,,
2026-07-21 23:10:00+03:00,15,V,True,25.65282556900637,0.48119047619047545,0.5188095238095246,0.0,0.0,,
2026-07-21 23:15:00+03:00,15,A,True,12.444029850746269,1.0,0.0,0.0,0.0,,
2026-07-21 23:15:00+03:00,15,M,False,,,,,,,
2026-07-21 23:15:00+03:00,15,V,True,29.255146197728028,0.33523809523809567,0.6647619047619043,0.0,0.0,,
2026-07-21 23:20:00+03:00,15,A,True,12.444029850746269,1.0,0.0,0.0,0.0,,
2026-07-21 23:20:00+03:00,15,M,False,,,,,,,
2026-07-21 23:20:00+03:00,15,V,True,37.394011026681156,0.004285714285713636,0.9957142857142863,0.0,0.0,,
2026-07-21 23:25:00+03:00,15,A,True,12.444029850746269,1.0,0.0,0.0,0.0,,
2026-07-21 23:25:00+03:00,15,M,False,,,,,,,
2026-07-21 23:25:00+03:00,15,V,True,37.5,0.0,1.0,0.0,0.0,,
2026-07-21 23:30:00+03:00,15,A,True,12.444029850746269,1.0,0.0,0.0,0.0,,
2026-07-21 23:30:00+03:00,15,M,False,,,,,,,
2026-07-21 23:30:00+03:00,15,V,True,37.5,0.0,1.0,0.0,0.0,,
2026-07-21 23:35:00+03:00,15,A,True,12.444029850746269,1.0,0.0,0.0,0.0,,
2026-07-21 23:35:00+03:00,15,M,False,,,,,,,
2026-07-21 23:35:00+03:00,15,V,True,37.5,0.0,1.0,0.0,0.0,,
2026-07-21 23:40:00+03:00,15,A,True,12.444029850746269,1.0,0.0,0.0,0.0,,
2026-07-21 23:40:00+03:00,15,M,False,,,,,,,
2026-07-21 23:40:00+03:00,15,V,True,40.85052914734718,0.0,0.8692857142857147,0.1307142857142854,0.0,,
2026-07-21 23:45:00+03:00,15,A,True,12.444029850746269,1.0,0.0,0.0,0.0,,
2026-07-21 23:45:00+03:00,15,M,False,,,,,,,
2026-07-21 23:45:00+03:00,15,V,True,53.237584971995474,0.0,0.36809523809523786,0.6319047619047621,0.0,,
2026-07-21 23:50:00+03:00,15,A,True,12.444029850746269,1.0,0.0,0.0,0.0,,
2026-07-21 23:50:00+03:00,15,M,False,,,,,,,
2026-07-21 23:50:00+03:00,15,V,True,53.03823501916423,0.0,0.37619047619047674,0.6238095238095233,0.0,,
2026-07-21 23:55:00+03:00,15,A,True,12.444029850746269,1.0,0.0,0.0,0.0,,
2026-07-21 23:55:00+03:00,15,M,False,,,,,,,
2026-07-21 23:55:00+03:00,15,V,True,37.5,0.0,1.0,0.0,0.0,,
2026-07-22 00:00:00+03:00,15,A,True,12.444029850746269,1.0,0.0,0.0,0.0,,
2026-07-22 00:00:00+03:00,15,M,False,,,,,,,
2026-07-22 00:00:00+03:00,15,V,True,37.5,0.0,1.0,0.0,0.0,,
2026-07-22 00:05:00+03:00,15,A,True,12.444029850746269,1.0,0.0,0.0,0.0,,
2026-07-22 00:05:00+03:00,15,M,False,,,,,,,
2026-07-22 00:05:00+03:00,15,V,True,34.347210871300675,0.12809523809523854,0.8719047619047615,0.0,0.0,,
2026-07-22 00:10:00+03:00,15,A,True,12.444029850746269,1.0,0.0,0.0,0.0,,
2026-07-22 00:10:00+03:00,15,M,False,,,,,,,
2026-07-22 00:10:00+03:00,15,V,True,25.28234454441554,0.4961904761904764,0.5038095238095236,0.0,0.0,,
2026-07-22 00:15:00+03:00,15,A,True,12.444029850746269,1.0,0.0,0.0,0.0,,
2026-07-22 00:15:00+03:00,15,M,False,,,,,,,
2026-07-22 00:15:00+03:00,15,V,True,17.513502763602922,0.8047619047619053,0.19523809523809468,0.0,0.0,,
2026-07-22 00:20:00+03:00,15,A,True,12.444029850746269,1.0,0.0,0.0,0.0,,
2026-07-22 00:20:00+03:00,15,M,False,,,,,,,
2026-07-22 00:20:00+03:00,15,V,True,12.444029850746269,1.0,0.0,0.0,0.0,,
2026-07-22 00:25:00+03:00,15,A,True,12.444029850746269,1.0,0.0,0.0,0.0,,
2026-07-22 00:25:00+03:00,15,M,False,,,,,,,
2026-07-22 00:25:00+03:00,15,V,True,12.444029850746269,1.0,0.0,0.0,0.0,,
2026-07-22 00:30:00+03:00,15,A,True,12.444029850746269,1.0,0.0,0.0,0.0,,
2026-07-22 00:30:00+03:00,15,M,False,,,,,,,
2026-07-22 00:30:00+03:00,15,V,True,12.444029850746269,1.0,0.0,0.0,0.0,,
2026-07-22 00:35:00+03:00,15,A,True,12.444029850746269,1.0,0.0,0.0,0.0,,
2026-07-22 00:35:00+03:00,15,M,False,,,,,,,
2026-07-22 00:35:00+03:00,15,V,True,12.444029850746269,1.0,0.0,0.0,0.0,,
2026-07-22 00:40:00+03:00,15,A,True,12.444029850746269,1.0,0.0,0.0,0.0,,
2026-07-22 00:40:00+03:00,15,M,False,,,,,,,
2026-07-22 00:40:00+03:00,15,V,True,12.444029850746269,1.0,0.0,0.0,0.0,,
2026-07-22 00:45:00+03:00,15,A,True,12.444029850746269,1.0,0.0,0.0,0.0,,
2026-07-22 00:45:00+03:00,15,M,False,,,,,,,
2026-07-22 00:45:00+03:00,15,V,True,12.444029850746269,1.0,0.0,0.0,0.0,,
2026-07-22 00:50:00+03:00,15,A,True,12.444029850746269,1.0,0.0,0.0,0.0,,
2026-07-22 00:50:00+03:00,15,M,False,,,,,,,
2026-07-22 00:50:00+03:00,15,V,True,12.444029850746269,1.0,0.0,0.0,0.0,,
2026-07-22 00:55:00+03:00,15,A,True,12.444029850746269,1.0,0.0,0.0,0.0,,
2026-07-22 00:55:00+03:00,15,M,False,,,,,,,
2026-07-22 00:55:00+03:00,15,V,True,12.444029850746269,1.0,0.0,0.0,0.0,,
2026-07-22 01:00:00+03:00,15,A,True,12.444029850746269,1.0,0.0,0.0,0.0,,
2026-07-22 01:00:00+03:00,15,M,False,,,,,,,
2026-07-22 01:00:00+03:00,15,V,True,12.444029850746269,1.0,0.0,0.0,0.0,,
2026-07-22 01:05:00+03:00,15,A,True,12.444029850746269,1.0,0.0,0.0,0.0,,
2026-07-22 01:05:00+03:00,15,M,False,,,,,,,
2026-07-22 01:05:00+03:00,15,V,True,12.444029850746269,1.0,0.0,0.0,0.0,,
2026-07-22 01:10:00+03:00,15,A,True,12.444029850746269,1.0,0.0,0.0,0.0,,
2026-07-22 01:10:00+03:00,15,M,False,,,,,,,
2026-07-22 01:10:00+03:00,15,V,True,12.444029850746269,1.0,0.0,0.0,0.0,,
2026-07-22 01:15:00+03:00,15,A,True,12.444029850746269,1.0,0.0,0.0,0.0,,
2026-07-22 01:15:00+03:00,15,M,False,,,,,,,
2026-07-22 01:15:00+03:00,15,V,True,12.444029850746269,1.0,0.0,0.0,0.0,,
2026-07-22 01:20:00+03:00,15,A,True,12.444029850746269,1.0,0.0,0.0,0.0,,
2026-07-22 01:20:00+03:00,15,M,False,,,,,,,
2026-07-22 01:20:00+03:00,15,V,True,12.444029850746269,1.0,0.0,0.0,0.0,,
2026-07-22 01:25:00+03:00,15,A,True,12.444029850746269,1.0,0.0,0.0,0.0,,
2026-07-22 01:25:00+03:00,15,M,False,,,,,,,
2026-07-22 01:25:00+03:00,15,V,True,12.444029850746269,1.0,0.0,0.0,0.0,,
2026-07-22 01:30:00+03:00,15,A,True,12.444029850746269,1.0,0.0,0.0,0.0,,
2026-07-22 01:30:00+03:00,15,M,False,,,,,,,
2026-07-22 01:30:00+03:00,15,V,True,12.444029850746269,1.0,0.0,0.0,0.0,,
2026-07-22 01:35:00+03:00,15,A,True,12.444029850746269,1.0,0.0,0.0,0.0,,
2026-07-22 01:35:00+03:00,15,M,False,,,,,,,
2026-07-22 01:35:00+03:00,15,V,True,12.444029850746269,1.0,0.0,0.0,0.0,,
2026-07-22 01:40:00+03:00,15,A,True,12.444029850746269,1.0,0.0,0.0,0.0,,
2026-07-22 01:40:00+03:00,15,M,False,,,,,,,
2026-07-22 01:40:00+03:00,15,V,True,12.444029850746269,1.0,0.0,0.0,0.0,,
2026-07-22 01:45:00+03:00,15,A,True,12.444029850746269,1.0,0.0,0.0,0.0,,
2026-07-22 01:45:00+03:00,15,M,False,,,,,,,
2026-07-22 01:45:00+03:00,15,V,True,12.444029850746269,1.0,0.0,0.0,0.0,,
2026-07-22 01:50:00+03:00,15,A,True,12.444029850746269,1.0,0.0,0.0,0.0,,
2026-07-22 01:50:00+03:00,15,M,False,,,,,,,
2026-07-22 01:50:00+03:00,15,V,True,12.444029850746269,1.0,0.0,0.0,0.0,,
2026-07-22 01:55:00+03:00,15,A,True,12.444029850746269,1.0,0.0,0.0,0.0,,
2026-07-22 01:55:00+03:00,15,M,False,,,,,,,
2026-07-22 01:55:00+03:00,15,V,True,12.444029850746269,1.0,0.0,0.0,0.0,,
2026-07-22 02:00:00+03:00,15,A,True,12.444029850746269,1.0,0.0,0.0,0.0,,
2026-07-22 02:00:00+03:00,15,M,False,,,,,,,
2026-07-22 02:00:00+03:00,15,V,True,12.444029850746269,1.0,0.0,0.0,0.0,,
2026-07-22 02:05:00+03:00,15,A,True,12.444029850746269,1.0,0.0,0.0,0.0,,
2026-07-22 02:05:00+03:00,15,M,False,,,,,,,
2026-07-22 02:05:00+03:00,15,V,True,12.444029850746269,1.0,0.0,0.0,0.0,,
2026-07-22 02:10:00+03:00,15,A,True,12.444029850746269,1.0,0.0,0.0,0.0,,
2026-07-22 02:10:00+03:00,15,M,False,,,,,,,
2026-07-22 02:10:00+03:00,15,V,True,12.444029850746269,1.0,0.0,0.0,0.0,,
2026-07-22 02:15:00+03:00,15,A,True,12.444029850746269,1.0,0.0,0.0,0.0,,
2026-07-22 02:15:00+03:00,15,M,False,,,,,,,
2026-07-22 02:15:00+03:00,15,V,True,12.444029850746269,1.0,0.0,0.0,0.0,,
2026-07-22 02:20:00+03:00,15,A,True,12.444029850746269,1.0,0.0,0.0,0.0,,
2026-07-22 02:20:00+03:00,15,M,False,,,,,,,
2026-07-22 02:20:00+03:00,15,V,True,12.444029850746269,1.0,0.0,0.0,0.0,,
2026-07-22 02:25:00+03:00,15,A,True,12.444029850746269,1.0,0.0,0.0,0.0,,
2026-07-22 02:25:00+03:00,15,M,False,,,,,,,
2026-07-22 02:25:00+03:00,15,V,True,12.444029850746269,1.0,0.0,0.0,0.0,,
2026-07-22 02:30:00+03:00,15,A,True,12.444029850746269,1.0,0.0,0.0,0.0,,
2026-07-22 02:30:00+03:00,15,M,False,,,,,,,
2026-07-22 02:30:00+03:00,15,V,True,12.444029850746269,1.0,0.0,0.0,0.0,,
2026-07-22 02:35:00+03:00,15,A,True,12.444029850746269,1.0,0.0,0.0,0.0,,
2026-07-22 02:35:00+03:00,15,M,False,,,,,,,
2026-07-22 02:35:00+03:00,15,V,True,12.444029850746269,1.0,0.0,0.0,0.0,,
2026-07-22 02:40:00+03:00,15,A,True,12.444029850746269,1.0,0.0,0.0,0.0,,
2026-07-22 02:40:00+03:00,15,M,False,,,,,,,
2026-07-22 02:40:00+03:00,15,V,True,12.444029850746269,1.0,0.0,0.0,0.0,,
2026-07-22 02:45:00+03:00,15,A,True,12.444029850746269,1.0,0.0,0.0,0.0,,
2026-07-22 02:45:00+03:00,15,M,False,,,,,,,
2026-07-22 02:45:00+03:00,15,V,True,12.444029850746269,1.0,0.0,0.0,0.0,,
2026-07-22 02:50:00+03:00,15,A,True,12.444029850746269,1.0,0.0,0.0,0.0,,
2026-07-22 02:50:00+03:00,15,M,False,,,,,,,
2026-07-22 02:50:00+03:00,15,V,True,12.444029850746269,1.0,0.0,0.0,0.0,,
2026-07-22 02:55:00+03:00,15,A,True,12.444029850746269,1.0,0.0,0.0,0.0,,
2026-07-22 02:55:00+03:00,15,M,False,,,,,,,
2026-07-22 02:55:00+03:00,15,V,True,12.444029850746269,1.0,0.0,0.0,0.0,,
2026-07-22 03:00:00+03:00,15,A,True,12.444029850746269,1.0,0.0,0.0,0.0,,
2026-07-22 03:00:00+03:00,15,M,False,,,,,,,
2026-07-22 03:00:00+03:00,15,V,True,12.444029850746269,1.0,0.0,0.0,0.0,,
2026-07-22 03:05:00+03:00,15,A,True,12.444029850746269,1.0,0.0,0.0,0.0,,
2026-07-22 03:05:00+03:00,15,M,False,,,,,,,
2026-07-22 03:05:00+03:00,15,V,True,12.444029850746269,1.0,0.0,0.0,0.0,,
2026-07-22 03:10:00+03:00,15,A,True,12.444029850746269,1.0,0.0,0.0,0.0,,
2026-07-22 03:10:00+03:00,15,M,False,,,,,,,
2026-07-22 03:10:00+03:00,15,V,True,12.444029850746269,1.0,0.0,0.0,0.0,,
2026-07-22 03:15:00+03:00,15,A,True,12.444029850746269,1.0,0.0,0.0,0.0,,
2026-07-22 03:15:00+03:00,15,M,False,,,,,,,
2026-07-22 03:15:00+03:00,15,V,True,12.444029850746269,1.0,0.0,0.0,0.0,,
2026-07-22 03:20:00+03:00,15,A,True,12.444029850746269,1.0,0.0,0.0,0.0,,
2026-07-22 03:20:00+03:00,15,M,False,,,,,,,
2026-07-22 03:20:00+03:00,15,V,True,12.444029850746269,1.0,0.0,0.0,0.0,,
2026-07-22 03:25:00+03:00,15,A,True,12.444029850746269,1.0,0.0,0.0,0.0,,
2026-07-22 03:25:00+03:00,15,M,False,,,,,,,
2026-07-22 03:25:00+03:00,15,V,True,12.444029850746269,1.0,0.0,0.0,0.0,,
2026-07-22 03:30:00+03:00,15,A,True,12.444029850746269,1.0,0.0,0.0,0.0,,
2026-07-22 03:30:00+03:00,15,M,False,,,,,,,
2026-07-22 03:30:00+03:00,15,V,True,12.444029850746269,1.0,0.0,0.0,0.0,,
2026-07-22 03:35:00+03:00,15,A,True,12.444029850746269,1.0,0.0,0.0,0.0,,
2026-07-22 03:35:00+03:00,15,M,False,,,,,,,
2026-07-22 03:35:00+03:00,15,V,True,12.444029850746269,1.0,0.0,0.0,0.0,,
2026-07-22 03:40:00+03:00,15,A,True,12.444029850746269,1.0,0.0,0.0,0.0,,
2026-07-22 03:40:00+03:00,15,M,False,,,,,,,
2026-07-22 03:40:00+03:00,15,V,True,12.444029850746269,1.0,0.0,0.0,0.0,,
2026-07-22 03:45:00+03:00,15,A,True,12.444029850746269,1.0,0.0,0.0,0.0,,
2026-07-22 03:45:00+03:00,15,M,False,,,,,,,
2026-07-22 03:45:00+03:00,15,V,True,12.444029850746269,1.0,0.0,0.0,0.0,,
2026-07-22 03:50:00+03:00,15,A,True,12.444029850746269,1.0,0.0,0.0,0.0,,
2026-07-22 03:50:00+03:00,15,M,False,,,,,,,
2026-07-22 03:50:00+03:00,15,V,True,12.444029850746269,1.0,0.0,0.0,0.0,,
2026-07-22 03:55:00+03:00,15,A,True,12.444029850746269,1.0,0.0,0.0,0.0,,
2026-07-22 03:55:00+03:00,15,M,False,,,,,,,
2026-07-22 03:55:00+03:00,15,V,True,12.444029850746269,1.0,0.0,0.0,0.0,,
2026-07-22 04:00:00+03:00,15,A,True,12.444029850746269,1.0,0.0,0.0,0.0,,
2026-07-22 04:00:00+03:00,15,M,False,,,,,,,
2026-07-22 04:00:00+03:00,15,V,True,12.444029850746269,1.0,0.0,0.0,0.0,,
2026-07-22 04:05:00+03:00,15,A,True,12.444029850746269,1.0,0.0,0.0,0.0,,
2026-07-22 04:05:00+03:00,15,M,False,,,,,,,
2026-07-22 04:05:00+03:00,15,V,True,12.444029850746269,1.0,0.0,0.0,0.0,,
2026-07-22 04:10:00+03:00,15,A,True,12.444029850746269,1.0,0.0,0.0,0.0,,
2026-07-22 04:10:00+03:00,15,M,False,,,,,,,
2026-07-22 04:10:00+03:00,15,V,True,12.444029850746269,1.0,0.0,0.0,0.0,,
2026-07-22 04:15:00+03:00,15,A,True,12.444029850746269,1.0,0.0,0.0,0.0,,
2026-07-22 04:15:00+03:00,15,M,False,,,,,,,
2026-07-22 04:15:00+03:00,15,V,True,12.444029850746269,1.0,0.0,0.0,0.0,,
2026-07-22 04:20:00+03:00,15,A,True,12.444029850746269,1.0,0.0,0.0,0.0,,
2026-07-22 04:20:00+03:00,15,M,False,,,,,,,
2026-07-22 04:20:00+03:00,15,V,True,12.444029850746269,1.0,0.0,0.0,0.0,,
2026-07-22 04:25:00+03:00,15,A,True,12.444029850746269,1.0,0.0,0.0,0.0,,
2026-07-22 04:25:00+03:00,15,M,False,,,,,,,
2026-07-22 04:25:00+03:00,15,V,True,12.444029850746269,1.0,0.0,0.0,0.0,,
2026-07-22 04:30:00+03:00,15,A,True,12.444029850746269,1.0,0.0,0.0,0.0,,
2026-07-22 04:30:00+03:00,15,M,False,,,,,,,
2026-07-22 04:30:00+03:00,15,V,True,12.444029850746269,1.0,0.0,0.0,0.0,,
2026-07-22 04:35:00+03:00,15,A,True,12.444029850746269,1.0,0.0,0.0,0.0,,
2026-07-22 04:35:00+03:00,15,M,False,,,,,,,
2026-07-22 04:35:00+03:00,15,V,True,12.444029850746269,1.0,0.0,0.0,0.0,,
2026-07-22 04:40:00+03:00,15,A,True,12.444029850746269,1.0,0.0,0.0,0.0,,
2026-07-22 04:40:00+03:00,15,M,False,,,,,,,
2026-07-22 04:40:00+03:00,15,V,True,12.444029850746269,1.0,0.0,0.0,0.0,,
2026-07-22 04:45:00+03:00,15,A,True,12.444029850746269,1.0,0.0,0.0,0.0,,
2026-07-22 04:45:00+03:00,15,M,False,,,,,,,
2026-07-22 04:45:00+03:00,15,V,True,12.444029850746269,1.0,0.0,0.0,0.0,,
2026-07-22 04:50:00+03:00,15,A,True,12.444029850746269,1.0,0.0,0.0,0.0,,
2026-07-22 04:50:00+03:00,15,M,False,,,,,,,
2026-07-22 04:50:00+03:00,15,V,True,12.444029850746269,1.0,0.0,0.0,0.0,,
2026-07-22 04:55:00+03:00,15,A,True,12.444029850746269,1.0,0.0,0.0,0.0,,
2026-07-22 04:55:00+03:00,15,M,False,,,,,,,
2026-07-22 04:55:00+03:00,15,V,True,12.444029850746269,1.0,0.0,0.0,0.0,,
2026-07-22 05:00:00+03:00,15,A,True,12.444029850746269,1.0,0.0,0.0,0.0,,
2026-07-22 05:00:00+03:00,15,M,False,,,,,,,
2026-07-22 05:00:00+03:00,15,V,True,12.444029850746269,1.0,0.0,0.0,0.0,,
2026-07-22 05:05:00+03:00,15,A,True,12.444029850746269,1.0,0.0,0.0,0.0,,
2026-07-22 05:05:00+03:00,15,M,False,,,,,,,
2026-07-22 05:05:00+03:00,15,V,True,12.444029850746269,1.0,0.0,0.0,0.0,,
2026-07-22 05:10:00+03:00,15,A,True,12.444029850746269,1.0,0.0,0.0,0.0,,
2026-07-22 05:10:00+03:00,15,M,False,,,,,,,
2026-07-22 05:10:00+03:00,15,V,True,12.444029850746269,1.0,0.0,0.0,0.0,,
2026-07-22 05:15:00+03:00,15,A,True,12.444029850746269,1.0,0.0,0.0,0.0,,
2026-07-22 05:15:00+03:00,15,M,False,,,,,,,
2026-07-22 05:15:00+03:00,15,V,True,12.444029850746269,1.0,0.0,0.0,0.0,,
2026-07-22 05:20:00+03:00,15,A,True,12.444029850746269,1.0,0.0,0.0,0.0,,
2026-07-22 05:20:00+03:00,15,M,False,,,,,,,
2026-07-22 05:20:00+03:00,15,V,True,12.444029850746269,1.0,0.0,0.0,0.0,,
2026-07-22 05:25:00+03:00,15,A,True,12.444029850746269,1.0,0.0,0.0,0.0,,
2026-07-22 05:25:00+03:00,15,M,False,,,,,,,
2026-07-22 05:25:00+03:00,15,V,True,12.444029850746269,1.0,0.0,0.0,0.0,,
2026-07-22 05:30:00+03:00,15,A,True,12.444029850746269,1.0,0.0,0.0,0.0,,
2026-07-22 05:30:00+03:00,15,M,False,,,,,,,
2026-07-22 05:30:00+03:00,15,V,True,12.444029850746269,1.0,0.0,0.0,0.0,,
2026-07-22 05:35:00+03:00,15,A,True,12.444029850746269,1.0,0.0,0.0,0.0,,
2026-07-22 05:35:00+03:00,15,M,False,,,,,,,
2026-07-22 05:35:00+03:00,15,V,True,12.444029850746269,1.0,0.0,0.0,0.0,,
2026-07-22 05:40:00+03:00,15,A,True,12.444029850746269,1.0,0.0,0.0,0.0,,
2026-07-22 05:40:00+03:00,15,M,False,,,,,,,
2026-07-22 05:40:00+03:00,15,V,True,12.444029850746269,1.0,0.0,0.0,0.0,,
2026-07-22 05:45:00+03:00,15,A,True,12.444029850746269,1.0,0.0,0.0,0.0,,
2026-07-22 05:45:00+03:00,15,M,False,,,,,,,
2026-07-22 05:45:00+03:00,15,V,True,12.444029850746269,1.0,0.0,0.0,0.0,,
2026-07-22 05:50:00+03:00,15,A,True,12.444029850746269,1.0,0.0,0.0,0.0,,
2026-07-22 05:50:00+03:00,15,M,False,,,,,,,
2026-07-22 05:50:00+03:00,15,V,True,12.444029850746269,1.0,0.0,0.0,0.0,,
2026-07-22 05:55:00+03:00,15,A,True,12.444029850746269,1.0,0.0,0.0,0.0,,
2026-07-22 05:55:00+03:00,15,M,False,,,,,,,
2026-07-22 05:55:00+03:00,15,V,True,12.444029850746269,1.0,0.0,0.0,0.0,,
2026-07-22 06:00:00+03:00,15,A,True,12.444029850746269,1.0,0.0,0.0,0.0,,
2026-07-22 06:00:00+03:00,15,M,False,,,,,,,
2026-07-22 06:00:00+03:00,15,V,True,12.444029850746269,1.0,0.0,0.0,0.0,,
2026-07-22 06:05:00+03:00,15,A,True,12.444029850746269,1.0,0.0,0.0,0.0,,
2026-07-22 06:05:00+03:00,15,M,False,,,,,,,
2026-07-22 06:05:00+03:00,15,V,True,12.444029850746269,1.0,0.0,0.0,0.0,,
2026-07-22 06:10:00+03:00,15,A,True,12.444029850746269,1.0,0.0,0.0,0.0,,
2026-07-22 06:10:00+03:00,15,M,False,,,,,,,
2026-07-22 06:10:00+03:00,15,V,True,12.444029850746269,1.0,0.0,0.0,0.0,,
2026-07-22 06:15:00+03:00,15,A,True,12.444029850746269,1.0,0.0,0.0,0.0,,
2026-07-22 06:15:00+03:00,15,M,False,,,,,,,
2026-07-22 06:15:00+03:00,15,V,True,12.444029850746269,1.0,0.0,0.0,0.0,,
2026-07-22 06:20:00+03:00,15,A,True,12.444029850746269,1.0,0.0,0.0,0.0,,
2026-07-22 06:20:00+03:00,15,M,False,,,,,,,
2026-07-22 06:20:00+03:00,15,V,True,12.444029850746269,1.0,0.0,0.0,0.0,,
2026-07-22 06:25:00+03:00,15,A,True,12.444029850746269,1.0,0.0,0.0,0.0,,
2026-07-22 06:25:00+03:00,15,M,False,,,,,,,
2026-07-22 06:25:00+03:00,15,V,True,12.444029850746269,1.0,0.0,0.0,0.0,,
2026-07-22 06:30:00+03:00,15,A,True,12.444029850746269,1.0,0.0,0.0,0.0,,
2026-07-22 06:30:00+03:00,15,M,False,,,,,,,
2026-07-22 06:30:00+03:00,15,V,True,12.444029850746269,1.0,0.0,0.0,0.0,,
2026-07-22 06:35:00+03:00,15,A,True,12.444029850746269,1.0,0.0,0.0,0.0,,
2026-07-22 06:35:00+03:00,15,M,False,,,,,,,
2026-07-22 06:35:00+03:00,15,V,True,12.444029850746269,1.0,0.0,0.0,0.0,,
2026-07-22 06:40:00+03:00,15,A,True,12.444029850746269,1.0,0.0,0.0,0.0,,
2026-07-22 06:40:00+03:00,15,M,False,,,,,,,
2026-07-22 06:40:00+03:00,15,V,True,12.444029850746269,1.0,0.0,0.0,0.0,,
2026-07-22 06:45:00+03:00,15,A,True,12.444029850746269,1.0,0.0,0.0,0.0,,
2026-07-22 06:45:00+03:00,15,M,False,,,,,,,
2026-07-22 06:45:00+03:00,15,V,True,12.444029850746269,1.0,0.0,0.0,0.0,,
2026-07-22 06:50:00+03:00,15,A,True,12.444029850746269,1.0,0.0,0.0,0.0,,
2026-07-22 06:50:00+03:00,15,M,False,,,,,,,
2026-07-22 06:50:00+03:00,15,V,True,12.444029850746269,1.0,0.0,0.0,0.0,,
2026-07-22 06:55:00+03:00,15,A,True,12.444029850746269,1.0,0.0,0.0,0.0,,
2026-07-22 06:55:00+03:00,15,M,False,,,,,,,
2026-07-22 06:55:00+03:00,15,V,True,12.444029850746269,1.0,0.0,0.0,0.0,,
2026-07-22 07:00:00+03:00,15,A,True,12.444029850746269,1.0,0.0,0.0,0.0,,
2026-07-22 07:00:00+03:00,15,M,False,,,,,,,
2026-07-22 07:00:00+03:00,15,V,True,12.444029850746269,1.0,0.0,0.0,0.0,,
2026-07-22 07:05:00+03:00,15,A,True,12.444029850746269,1.0,0.0,0.0,0.0,,
2026-07-22 07:05:00+03:00,15,M,False,,,,,,,
2026-07-22 07:05:00+03:00,15,V,True,12.444029850746269,1.0,0.0,0.0,0.0,,
2026-07-22 07:10:00+03:00,15,A,True,12.444029850746269,1.0,0.0,0.0,0.0,,
2026-07-22 07:10:00+03:00,15,M,False,,,,,,,
2026-07-22 07:10:00+03:00,15,V,True,12.444029850746269,1.0,0.0,0.0,0.0,,
2026-07-22 07:15:00+03:00,15,A,True,12.444029850746269,1.0,0.0,0.0,0.0,,
2026-07-22 07:15:00+03:00,15,M,False,,,,,,,
2026-07-22 07:15:00+03:00,15,V,True,12.444029850746269,1.0,0.0,0.0,0.0,,
2026-07-22 07:20:00+03:00,15,A,True,12.444029850746269,1.0,0.0,0.0,0.0,,
2026-07-22 07:20:00+03:00,15,M,False,,,,,,,
2026-07-22 07:20:00+03:00,15,V,True,12.444029850746269,1.0,0.0,0.0,0.0,,
2026-07-22 07:25:00+03:00,15,A,True,12.444029850746269,1.0,0.0,0.0,0.0,,
2026-07-22 07:25:00+03:00,15,M,False,,,,,,,
2026-07-22 07:25:00+03:00,15,V,True,12.444029850746269,1.0,0.0,0.0,0.0,,
2026-07-22 07:30:00+03:00,15,A,True,12.444029850746269,1.0,0.0,0.0,0.0,,
2026-07-22 07:30:00+03:00,15,M,False,,,,,,,
2026-07-22 07:30:00+03:00,15,V,True,12.444029850746269,1.0,0.0,0.0,0.0,,
2026-07-22 07:35:00+03:00,15,A,True,12.444029850746269,1.0,0.0,0.0,0.0,,
2026-07-22 07:35:00+03:00,15,M,False,,,,,,,
2026-07-22 07:35:00+03:00,15,V,True,12.444029850746269,1.0,0.0,0.0,0.0,,
2026-07-22 07:40:00+03:00,15,A,True,12.444029850746269,1.0,0.0,0.0,0.0,,
2026-07-22 07:40:00+03:00,15,M,False,,,,,,,
2026-07-22 07:40:00+03:00,15,V,True,12.444029850746269,1.0,0.0,0.0,0.0,,
2026-07-22 07:45:00+03:00,15,A,True,12.444029850746269,1.0,0.0,0.0,0.0,,
2026-07-22 07:45:00+03:00,15,M,False,,,,,,,
2026-07-22 07:45:00+03:00,15,V,True,12.444029850746269,1.0,0.0,0.0,0.0,,
2026-07-22 07:50:00+03:00,15,A,True,12.444029850746269,1.0,0.0,0.0,0.0,,
2026-07-22 07:50:00+03:00,15,M,False,,,,,,,
2026-07-22 07:50:00+03:00,15,V,True,19.721743566689188,0.7180952380952379,0.2819047619047621,0.0,0.0,,
2026-07-22 07:55:00+03:00,15,A,True,12.444029850746269,1.0,0.0,0.0,0.0,,
2026-07-22 07:55:00+03:00,15,M,False,,,,,,,
2026-07-22 07:55:00+03:00,15,V,True,23.525720164609066,0.5666666666666661,0.43333333333333385,0.0,0.0,,
2026-07-22 08:00:00+03:00,15,A,True,12.444029850746269,1.0,0.0,0.0,0.0,,
2026-07-22 08:00:00+03:00,15,M,False,,,,,,,
2026-07-22 08:00:00+03:00,15,V,True,22.01696155826932,0.6271428571428568,0.37285714285714316,0.0,0.0,,
2026-07-22 08:05:00+03:00,15,A,True,12.444029850746269,1.0,0.0,0.0,0.0,,
2026-07-22 08:05:00+03:00,15,M,False,,,,,,,
2026-07-22 08:05:00+03:00,15,V,True,19.114202675405753,0.7421428571428578,0.25785714285714223,0.0,0.0,,
2026-07-22 08:10:00+03:00,15,A,True,12.444029850746269,1.0,0.0,0.0,0.0,,
2026-07-22 08:10:00+03:00,15,M,False,,,,,,,
2026-07-22 08:10:00+03:00,15,V,True,15.955404655992247,0.8654761904761911,0.134523809523809,0.0,0.0,,
2026-07-22 08:15:00+03:00,15,A,True,12.444029850746269,1.0,0.0,0.0,0.0,,
2026-07-22 08:15:00+03:00,15,M,False,,,,,,,
2026-07-22 08:15:00+03:00,15,V,True,12.700015157866792,0.990238095238096,0.009761904761904003,0.0,0.0,,
2026-07-22 08:20:00+03:00,15,A,True,12.444029850746269,1.0,0.0,0.0,0.0,,
2026-07-22 08:20:00+03:00,15,M,False,,,,,,,
2026-07-22 08:20:00+03:00,15,V,True,12.444029850746269,1.0,0.0,0.0,0.0,,
2026-07-22 08:25:00+03:00,15,A,True,12.444029850746269,1.0,0.0,0.0,0.0,,
2026-07-22 08:25:00+03:00,15,M,False,,,,,,,
2026-07-22 08:25:00+03:00,15,V,True,12.444029850746269,1.0,0.0,0.0,0.0,,
2026-07-22 08:30:00+03:00,15,A,True,12.444029850746269,1.0,0.0,0.0,0.0,,
2026-07-22 08:30:00+03:00,15,M,False,,,,,,,
2026-07-22 08:30:00+03:00,15,V,True,12.444029850746269,1.0,0.0,0.0,0.0,,
2026-07-22 08:35:00+03:00,15,A,True,12.444029850746269,1.0,0.0,0.0,0.0,,
2026-07-22 08:35:00+03:00,15,M,False,,,,,,,
2026-07-22 08:35:00+03:00,15,V,True,12.444029850746269,1.0,0.0,0.0,0.0,,
2026-07-22 08:40:00+03:00,15,A,True,12.444029850746269,1.0,0.0,0.0,0.0,,
2026-07-22 08:40:00+03:00,15,M,False,,,,,,,
2026-07-22 08:40:00+03:00,15,V,True,12.444029850746269,1.0,0.0,0.0,0.0,,
2026-07-22 08:45:00+03:00,15,A,True,12.444029850746269,1.0,0.0,0.0,0.0,,
2026-07-22 08:45:00+03:00,15,M,False,,,,,,,
2026-07-22 08:45:00+03:00,15,V,True,12.444029850746269,1.0,0.0,0.0,0.0,,
2026-07-22 08:50:00+03:00,15,A,True,12.444029850746269,1.0,0.0,0.0,0.0,,
2026-07-22 08:50:00+03:00,15,M,False,,,,,,,
2026-07-22 08:50:00+03:00,15,V,True,12.444029850746269,1.0,0.0,0.0,0.0,,
2026-07-22 08:55:00+03:00,15,A,True,12.444029850746269,1.0,0.0,0.0,0.0,,
2026-07-22 08:55:00+03:00,15,M,False,,,,,,,
2026-07-22 08:55:00+03:00,15,V,True,12.444029850746269,1.0,0.0,0.0,0.0,,
2026-07-22 09:00:00+03:00,15,A,True,12.444029850746269,1.0,0.0,0.0,0.0,,
2026-07-22 09:00:00+03:00,15,M,False,,,,,,,
2026-07-22 09:00:00+03:00,15,V,True,12.444029850746269,1.0,0.0,0.0,0.0,,
2026-07-22 09:05:00+03:00,15,A,True,12.444029850746269,1.0,0.0,0.0,0.0,,
2026-07-22 09:05:00+03:00,15,M,False,,,,,,,
2026-07-22 09:05:00+03:00,15,V,True,12.444029850746269,1.0,0.0,0.0,0.0,,
2026-07-22 09:10:00+03:00,15,A,True,12.444029850746269,1.0,0.0,0.0,0.0,,
2026-07-22 09:10:00+03:00,15,M,False,,,,,,,
2026-07-22 09:10:00+03:00,15,V,True,12.444029850746269,1.0,0.0,0.0,0.0,,
2026-07-22 09:15:00+03:00,15,A,True,12.444029850746269,1.0,0.0,0.0,0.0,,
2026-07-22 09:15:00+03:00,15,M,False,,,,,,,
2026-07-22 09:15:00+03:00,15,V,True,12.444029850746269,1.0,0.0,0.0,0.0,,
2026-07-22 09:20:00+03:00,15,A,True,12.444029850746269,1.0,0.0,0.0,0.0,,
2026-07-22 09:20:00+03:00,15,M,False,,,,,,,
2026-07-22 09:20:00+03:00,15,V,True,12.444029850746269,1.0,0.0,0.0,0.0,,
2026-07-22 09:25:00+03:00,15,A,True,12.444029850746269,1.0,0.0,0.0,0.0,,
2026-07-22 09:25:00+03:00,15,M,False,,,,,,,
2026-07-22 09:25:00+03:00,15,V,True,12.444029850746269,1.0,0.0,0.0,0.0,,
2026-07-22 09:30:00+03:00,15,A,True,12.444029850746269,1.0,0.0,0.0,0.0,,
2026-07-22 09:30:00+03:00,15,M,False,,,,,,,
2026-07-22 09:30:00+03:00,15,V,True,12.444029850746269,1.0,0.0,0.0,0.0,,
2026-07-22 09:35:00+03:00,15,A,True,12.444029850746269,1.0,0.0,0.0,0.0,,
2026-07-22 09:35:00+03:00,15,M,False,,,,,,,
2026-07-22 09:35:00+03:00,15,V,True,12.444029850746269,1.0,0.0,0.0,0.0,,
2026-07-22 09:40:00+03:00,15,A,True,12.444029850746269,1.0,0.0,0.0,0.0,,
2026-07-22 09:40:00+03:00,15,M,False,,,,,,,
2026-07-22 09:40:00+03:00,15,V,True,12.444029850746269,1.0,0.0,0.0,0.0,,
2026-07-22 09:45:00+03:00,15,A,True,12.444029850746269,1.0,0.0,0.0,0.0,,
2026-07-22 09:45:00+03:00,15,M,False,,,,,,,
2026-07-22 09:45:00+03:00,15,V,True,12.444029850746269,1.0,0.0,0.0,0.0,,
2026-07-22 09:50:00+03:00,15,A,True,12.444029850746269,1.0,0.0,0.0,0.0,,
2026-07-22 09:50:00+03:00,15,M,False,,,,,,,
2026-07-22 09:50:00+03:00,15,V,True,12.444029850746269,1.0,0.0,0.0,0.0,,
2026-07-22 09:55:00+03:00,15,A,True,12.444029850746269,1.0,0.0,0.0,0.0,,
2026-07-22 09:55:00+03:00,15,M,False,,,,,,,
2026-07-22 09:55:00+03:00,15,V,True,12.444029850746269,1.0,0.0,0.0,0.0,,
2026-07-22 10:00:00+03:00,15,A,True,12.444029850746269,1.0,0.0,0.0,0.0,,
2026-07-22 10:00:00+03:00,15,M,False,,,,,,,
2026-07-22 10:00:00+03:00,15,V,True,12.444029850746269,1.0,0.0,0.0,0.0,,
2026-07-22 10:05:00+03:00,15,A,True,12.444029850746269,1.0,0.0,0.0,0.0,,
2026-07-22 10:05:00+03:00,15,M,False,,,,,,,
2026-07-22 10:05:00+03:00,15,V,True,12.444029850746269,1.0,0.0,0.0,0.0,,
2026-07-22 10:10:00+03:00,15,A,True,12.444029850746269,1.0,0.0,0.0,0.0,,
2026-07-22 10:10:00+03:00,15,M,False,,,,,,,
2026-07-22 10:10:00+03:00,15,V,True,12.444029850746269,1.0,0.0,0.0,0.0,,
2026-07-22 10:15:00+03:00,15,A,True,12.444029850746269,1.0,0.0,0.0,0.0,,
2026-07-22 10:15:00+03:00,15,M,False,,,,,,,
2026-07-22 10:15:00+03:00,15,V,True,12.444029850746269,1.0,0.0,0.0,0.0,,
2026-07-22 10:20:00+03:00,15,A,True,12.444029850746269,1.0,0.0,0.0,0.0,,
2026-07-22 10:20:00+03:00,15,M,False,,,,,,,
2026-07-22 10:20:00+03:00,15,V,True,12.444029850746269,1.0,0.0,0.0,0.0,,
2026-07-22 10:25:00+03:00,15,A,True,12.444029850746269,1.0,0.0,0.0,0.0,,
2026-07-22 10:25:00+03:00,15,M,False,,,,,,,
2026-07-22 10:25:00+03:00,15,V,True,12.444029850746269,1.0,0.0,0.0,0.0,,
2026-07-22 10:30:00+03:00,15,A,True,12.444029850746269,1.0,0.0,0.0,0.0,,
2026-07-22 10:30:00+03:00,15,M,False,,,,,,,
2026-07-22 10:30:00+03:00,15,V,True,12.444029850746269,1.0,0.0,0.0,0.0,,
2026-07-22 10:35:00+03:00,15,A,True,12.444029850746269,1.0,0.0,0.0,0.0,,
2026-07-22 10:35:00+03:00,15,M,False,,,,,,,
2026-07-22 10:35:00+03:00,15,V,True,12.444029850746269,1.0,0.0,0.0,0.0,,
2026-07-22 10:40:00+03:00,15,A,True,12.444029850746269,1.0,0.0,0.0,0.0,,
2026-07-22 10:40:00+03:00,15,M,False,,,,,,,
2026-07-22 10:40:00+03:00,15,V,True,12.444029850746269,1.0,0.0,0.0,0.0,,
2026-07-22 10:45:00+03:00,15,A,True,12.444029850746269,1.0,0.0,0.0,0.0,,
2026-07-22 10:45:00+03:00,15,M,False,,,,,,,
2026-07-22 10:45:00+03:00,15,V,True,12.444029850746269,1.0,0.0,0.0,0.0,,
2026-07-22 10:50:00+03:00,15,A,True,12.444029850746269,1.0,0.0,0.0,0.0,,
2026-07-22 10:50:00+03:00,15,M,False,,,,,,,
2026-07-22 10:50:00+03:00,15,V,True,12.444029850746269,1.0,0.0,0.0,0.0,,
2026-07-22 10:55:00+03:00,15,A,True,12.444029850746269,1.0,0.0,0.0,0.0,,
2026-07-22 10:55:00+03:00,15,M,False,,,,,,,
2026-07-22 10:55:00+03:00,15,V,True,12.444029850746269,1.0,0.0,0.0,0.0,,
2026-07-22 11:00:00+03:00,15,A,True,12.444029850746269,1.0,0.0,0.0,0.0,,
2026-07-22 11:00:00+03:00,15,M,False,,,,,,,
2026-07-22 11:00:00+03:00,15,V,True,12.444029850746269,1.0,0.0,0.0,0.0,,
2026-07-22 11:05:00+03:00,15,A,True,12.444029850746269,1.0,0.0,0.0,0.0,,
2026-07-22 11:05:00+03:00,15,M,False,,,,,,,
2026-07-22 11:05:00+03:00,15,V,True,12.444029850746269,1.0,0.0,0.0,0.0,,
2026-07-22 11:10:00+03:00,15,A,True,12.444029850746269,1.0,0.0,0.0,0.0,,
2026-07-22 11:10:00+03:00,15,M,False,,,,,,,
2026-07-22 11:10:00+03:00,15,V,True,12.444029850746269,1.0,0.0,0.0,0.0,,
2026-07-22 11:15:00+03:00,15,A,True,12.444029850746269,1.0,0.0,0.0,0.0,,
2026-07-22 11:15:00+03:00,15,M,False,,,,,,,
2026-07-22 11:15:00+03:00,15,V,True,12.444029850746269,1.0,0.0,0.0,0.0,,
2026-07-22 11:20:00+03:00,15,A,True,12.444029850746269,1.0,0.0,0.0,0.0,,
2026-07-22 11:20:00+03:00,15,M,False,,,,,,,
2026-07-22 11:20:00+03:00,15,V,True,12.444029850746269,1.0,0.0,0.0,0.0,,
2026-07-22 11:25:00+03:00,15,A,True,12.444029850746269,1.0,0.0,0.0,0.0,,
2026-07-22 11:25:00+03:00,15,M,False,,,,,,,
2026-07-22 11:25:00+03:00,15,V,True,12.444029850746269,1.0,0.0,0.0,0.0,,
2026-07-22 11:30:00+03:00,15,A,True,12.444029850746269,1.0,0.0,0.0,0.0,,
2026-07-22 11:30:00+03:00,15,M,False,,,,,,,
2026-07-22 11:30:00+03:00,15,V,True,12.444029850746269,1.0,0.0,0.0,0.0,,
2026-07-22 11:35:00+03:00,15,A,True,12.444029850746269,1.0,0.0,0.0,0.0,,
2026-07-22 11:35:00+03:00,15,M,False,,,,,,,
2026-07-22 11:35:00+03:00,15,V,True,12.444029850746269,1.0,0.0,0.0,0.0,,
2026-07-22 11:40:00+03:00,15,A,True,12.444029850746269,1.0,0.0,0.0,0.0,,
2026-07-22 11:40:00+03:00,15,M,False,,,,,,,
2026-07-22 11:40:00+03:00,15,V,True,12.444029850746269,1.0,0.0,0.0,0.0,,
2026-07-22 11:45:00+03:00,15,A,True,12.444029850746269,1.0,0.0,0.0,0.0,,
2026-07-22 11:45:00+03:00,15,M,False,,,,,,,
2026-07-22 11:45:00+03:00,15,V,True,12.444029850746269,1.0,0.0,0.0,0.0,,
2026-07-22 11:50:00+03:00,15,A,True,12.444029850746269,1.0,0.0,0.0,0.0,,
2026-07-22 11:50:00+03:00,15,M,False,,,,,,,
2026-07-22 11:50:00+03:00,15,V,True,14.425576876710759,0.9242857142857149,0.07571428571428507,0.0,0.0,,
2026-07-22 11:55:00+03:00,15,A,True,12.444029850746269,1.0,0.0,0.0,0.0,,
2026-07-22 11:55:00+03:00,15,M,False,,,,,,,
2026-07-22 11:55:00+03:00,15,V,True,28.10193523325211,0.3821428571428571,0.6178571428571429,0.0,0.0,,
2026-07-22 12:00:00+03:00,15,A,True,12.444029850746269,1.0,0.0,0.0,0.0,,
2026-07-22 12:00:00+03:00,15,M,False,,,,,,,
2026-07-22 12:00:00+03:00,15,V,True,12.444029850746269,1.0,0.0,0.0,0.0,,
2026-07-22 12:05:00+03:00,15,A,True,12.444029850746269,1.0,0.0,0.0,0.0,,
2026-07-22 12:05:00+03:00,15,M,False,,,,,,,
2026-07-22 12:05:00+03:00,15,V,True,12.444029850746269,1.0,0.0,0.0,0.0,,
2026-07-22 12:10:00+03:00,15,A,True,12.444029850746269,1.0,0.0,0.0,0.0,,
2026-07-22 12:10:00+03:00,15,M,False,,,,,,,
2026-07-22 12:10:00+03:00,15,V,True,12.444029850746269,1.0,0.0,0.0,0.0,,
2026-07-22 12:15:00+03:00,15,A,True,12.444029850746269,1.0,0.0,0.0,0.0,,
2026-07-22 12:15:00+03:00,15,M,False,,,,,,,
2026-07-22 12:15:00+03:00,15,V,True,12.444029850746269,1.0,0.0,0.0,0.0,,
2026-07-22 12:20:00+03:00,15,A,True,12.444029850746269,1.0,0.0,0.0,0.0,,
2026-07-22 12:20:00+03:00,15,M,False,,,,,,,
2026-07-22 12:20:00+03:00,15,V,True,12.444029850746269,1.0,0.0,0.0,0.0,,
2026-07-22 12:25:00+03:00,15,A,True,12.444029850746269,1.0,0.0,0.0,0.0,,
2026-07-22 12:25:00+03:00,15,M,False,,,,,,,
2026-07-22 12:25:00+03:00,15,V,True,12.444029850746269,1.0,0.0,0.0,0.0,,
2026-07-22 12:30:00+03:00,15,A,True,12.444029850746269,1.0,0.0,0.0,0.0,,
2026-07-22 12:30:00+03:00,15,M,False,,,,,,,
2026-07-22 12:30:00+03:00,15,V,True,12.444029850746269,1.0,0.0,0.0,0.0,,
2026-07-22 12:35:00+03:00,15,A,True,12.444029850746269,1.0,0.0,0.0,0.0,,
2026-07-22 12:35:00+03:00,15,M,False,,,,,,,
2026-07-22 12:35:00+03:00,15,V,True,12.444029850746269,1.0,0.0,0.0,0.0,,
2026-07-22 12:40:00+03:00,15,A,True,12.444029850746269,1.0,0.0,0.0,0.0,,
2026-07-22 12:40:00+03:00,15,M,False,,,,,,,
2026-07-22 12:40:00+03:00,15,V,True,12.444029850746269,1.0,0.0,0.0,0.0,,
2026-07-22 12:45:00+03:00,15,A,True,12.444029850746269,1.0,0.0,0.0,0.0,,
2026-07-22 12:45:00+03:00,15,M,False,,,,,,,
2026-07-22 12:45:00+03:00,15,V,True,12.444029850746269,1.0,0.0,0.0,0.0,,
2026-07-22 12:50:00+03:00,15,A,True,12.444029850746269,1.0,0.0,0.0,0.0,,
2026-07-22 12:50:00+03:00,15,M,False,,,,,,,
2026-07-22 12:50:00+03:00,15,V,True,12.444029850746269,1.0,0.0,0.0,0.0,,
2026-07-22 12:55:00+03:00,15,A,True,12.444029850746269,1.0,0.0,0.0,0.0,,
2026-07-22 12:55:00+03:00,15,M,False,,,,,,,
2026-07-22 12:55:00+03:00,15,V,True,12.444029850746269,1.0,0.0,0.0,0.0,,
2026-07-22 13:00:00+03:00,15,A,True,12.444029850746269,1.0,0.0,0.0,0.0,,
2026-07-22 13:00:00+03:00,15,M,False,,,,,,,
2026-07-22 13:00:00+03:00,15,V,True,12.444029850746269,1.0,0.0,0.0,0.0,,
2026-07-22 13:05:00+03:00,15,A,True,12.444029850746269,1.0,0.0,0.0,0.0,,
2026-07-22 13:05:00+03:00,15,M,False,,,,,,,
2026-07-22 13:05:00+03:00,15,V,True,12.444029850746269,1.0,0.0,0.0,0.0,,
2026-07-22 13:10:00+03:00,15,A,True,12.444029850746269,1.0,0.0,0.0,0.0,,
2026-07-22 13:10:00+03:00,15,M,False,,,,,,,
2026-07-22 13:10:00+03:00,15,V,True,12.444029850746269,1.0,0.0,0.0,0.0,,
2026-07-22 13:15:00+03:00,15,A,True,12.444029850746269,1.0,0.0,0.0,0.0,,
2026-07-22 13:15:00+03:00,15,M,False,,,,,,,
2026-07-22 13:15:00+03:00,15,V,True,12.444029850746269,1.0,0.0,0.0,0.0,,
2026-07-22 13:20:00+03:00,15,A,True,12.444029850746269,1.0,0.0,0.0,0.0,,
2026-07-22 13:20:00+03:00,15,M,False,,,,,,,
2026-07-22 13:20:00+03:00,15,V,True,12.444029850746269,1.0,0.0,0.0,0.0,,
2026-07-22 13:25:00+03:00,15,A,True,12.444029850746269,1.0,0.0,0.0,0.0,,
2026-07-22 13:25:00+03:00,15,M,False,,,,,,,
2026-07-22 13:25:00+03:00,15,V,True,12.444029850746269,1.0,0.0,0.0,0.0,,
2026-07-22 13:30:00+03:00,15,A,True,12.444029850746269,1.0,0.0,0.0,0.0,,
2026-07-22 13:30:00+03:00,15,M,False,,,,,,,
2026-07-22 13:30:00+03:00,15,V,True,12.444029850746269,1.0,0.0,0.0,0.0,,
2026-07-22 13:35:00+03:00,15,A,True,12.444029850746269,1.0,0.0,0.0,0.0,,
2026-07-22 13:35:00+03:00,15,M,False,,,,,,,
2026-07-22 13:35:00+03:00,15,V,True,12.444029850746269,1.0,0.0,0.0,0.0,,
2026-07-22 13:40:00+03:00,15,A,True,12.444029850746269,1.0,0.0,0.0,0.0,,
2026-07-22 13:40:00+03:00,15,M,False,,,,,,,
2026-07-22 13:40:00+03:00,15,V,True,12.444029850746269,1.0,0.0,0.0,0.0,,
2026-07-22 13:45:00+03:00,15,A,True,12.444029850746269,1.0,0.0,0.0,0.0,,
2026-07-22 13:45:00+03:00,15,M,False,,,,,,,
2026-07-22 13:45:00+03:00,15,V,True,12.444029850746269,1.0,0.0,0.0,0.0,,
2026-07-22 13:50:00+03:00,15,A,True,12.444029850746269,1.0,0.0,0.0,0.0,,
2026-07-22 13:50:00+03:00,15,M,False,,,,,,,
2026-07-22 13:50:00+03:00,15,V,True,12.444029850746269,1.0,0.0,0.0,0.0,,
2026-07-22 13:55:00+03:00,15,A,True,12.444029850746269,1.0,0.0,0.0,0.0,,
2026-07-22 13:55:00+03:00,15,M,False,,,,,,,
2026-07-22 13:55:00+03:00,15,V,True,12.444029850746269,1.0,0.0,0.0,0.0,,
2026-07-22 14:00:00+03:00,15,A,True,12.444029850746269,1.0,0.0,0.0,0.0,,
2026-07-22 14:00:00+03:00,15,M,False,,,,,,,
2026-07-22 14:00:00+03:00,15,V,True,12.444029850746269,1.0,0.0,0.0,0.0,,
2026-07-22 14:05:00+03:00,15,A,True,12.444029850746269,1.0,0.0,0.0,0.0,,
2026-07-22 14:05:00+03:00,15,M,False,,,,,,,
2026-07-22 14:05:00+03:00,15,V,True,12.444029850746269,1.0,0.0,0.0,0.0,,
2026-07-22 14:10:00+03:00,15,A,True,12.444029850746269,1.0,0.0,0.0,0.0,,
2026-07-22 14:10:00+03:00,15,M,False,,,,,,,
2026-07-22 14:10:00+03:00,15,V,True,12.444029850746269,1.0,0.0,0.0,0.0,,
2026-07-22 14:15:00+03:00,15,A,True,12.444029850746269,1.0,0.0,0.0,0.0,,
2026-07-22 14:15:00+03:00,15,M,False,,,,,,,
2026-07-22 14:15:00+03:00,15,V,True,12.444029850746269,1.0,0.0,0.0,0.0,,
2026-07-22 14:20:00+03:00,15,A,True,12.444029850746269,1.0,0.0,0.0,0.0,,
2026-07-22 14:20:00+03:00,15,M,False,,,,,,,
2026-07-22 14:20:00+03:00,15,V,True,12.444029850746269,1.0,0.0,0.0,0.0,,
2026-07-22 14:25:00+03:00,15,A,True,12.444029850746269,1.0,0.0,0.0,0.0,,
2026-07-22 14:25:00+03:00,15,M,False,,,,,,,
2026-07-22 14:25:00+03:00,15,V,True,12.444029850746269,1.0,0.0,0.0,0.0,,
2026-07-22 14:30:00+03:00,15,A,True,12.444029850746269,1.0,0.0,0.0,0.0,,
2026-07-22 14:30:00+03:00,15,M,False,,,,,,,
2026-07-22 14:30:00+03:00,15,V,True,12.444029850746269,1.0,0.0,0.0,0.0,,
2026-07-22 14:35:00+03:00,15,A,True,12.444029850746269,1.0,0.0,0.0,0.0,,
2026-07-22 14:35:00+03:00,15,M,False,,,,,,,
2026-07-22 14:35:00+03:00,15,V,True,12.444029850746269,1.0,0.0,0.0,0.0,,
2026-07-22 14:40:00+03:00,15,A,True,12.444029850746269,1.0,0.0,0.0,0.0,,
2026-07-22 14:40:00+03:00,15,M,False,,,,,,,
2026-07-22 14:40:00+03:00,15,V,True,12.444029850746269,1.0,0.0,0.0,0.0,,
2026-07-22 14:45:00+03:00,15,A,True,12.444029850746269,1.0,0.0,0.0,0.0,,
2026-07-22 14:45:00+03:00,15,M,False,,,,,,,
2026-07-22 14:45:00+03:00,15,V,True,12.444029850746269,1.0,0.0,0.0,0.0,,
2026-07-22 14:50:00+03:00,15,A,True,12.444029850746269,1.0,0.0,0.0,0.0,,
2026-07-22 14:50:00+03:00,15,M,False,,,,,,,
2026-07-22 14:50:00+03:00,15,V,True,12.444029850746269,1.0,0.0,0.0,0.0,,
2026-07-22 14:55:00+03:00,15,A,True,12.444029850746269,1.0,0.0,0.0,0.0,,
2026-07-22 14:55:00+03:00,15,M,False,,,,,,,
2026-07-22 14:55:00+03:00,15,V,True,12.444029850746269,1.0,0.0,0.0,0.0,,
2026-07-22 15:00:00+03:00,15,A,True,12.444029850746269,1.0,0.0,0.0,0.0,,
2026-07-22 15:00:00+03:00,15,M,False,,,,,,,
2026-07-22 15:00:00+03:00,15,V,True,12.444029850746269,1.0,0.0,0.0,0.0,,
2026-07-22 15:05:00+03:00,15,A,True,12.444029850746269,1.0,0.0,0.0,0.0,,
2026-07-22 15:05:00+03:00,15,M,False,,,,,,,
2026-07-22 15:05:00+03:00,15,V,True,12.444029850746269,1.0,0.0,0.0,0.0,,
2026-07-22 15:10:00+03:00,15,A,True,12.444029850746269,1.0,0.0,0.0,0.0,,
2026-07-22 15:10:00+03:00,15,M,False,,,,,,,
2026-07-22 15:10:00+03:00,15,V,True,12.444029850746269,1.0,0.0,0.0,0.0,,
2026-07-22 15:15:00+03:00,15,A,True,12.444029850746269,1.0,0.0,0.0,0.0,,
2026-07-22 15:15:00+03:00,15,M,False,,,,,,,
2026-07-22 15:15:00+03:00,15,V,True,12.444029850746269,1.0,0.0,0.0,0.0,,
2026-07-22 15:20:00+03:00,15,A,True,12.444029850746269,1.0,0.0,0.0,0.0,,
2026-07-22 15:20:00+03:00,15,M,False,,,,,,,
2026-07-22 15:20:00+03:00,15,V,True,12.444029850746269,1.0,0.0,0.0,0.0,,
2026-07-22 15:25:00+03:00,15,A,True,12.444029850746269,1.0,0.0,0.0,0.0,,
2026-07-22 15:25:00+03:00,15,M,False,,,,,,,
2026-07-22 15:25:00+03:00,15,V,True,12.444029850746269,1.0,0.0,0.0,0.0,,
2026-07-22 15:30:00+03:00,15,A,True,12.444029850746269,1.0,0.0,0.0,0.0,,
2026-07-22 15:30:00+03:00,15,M,False,,,,,,,
2026-07-22 15:30:00+03:00,15,V,True,12.444029850746269,1.0,0.0,0.0,0.0,,
2026-07-22 15:35:00+03:00,15,A,True,12.444029850746269,1.0,0.0,0.0,0.0,,
2026-07-22 15:35:00+03:00,15,M,False,,,,,,,
2026-07-22 15:35:00+03:00,15,V,True,12.444029850746269,1.0,0.0,0.0,0.0,,
2026-07-22 15:40:00+03:00,15,A,True,12.444029850746269,1.0,0.0,0.0,0.0,,
2026-07-22 15:40:00+03:00,15,M,False,,,,,,,
2026-07-22 15:40:00+03:00,15,V,True,12.444029850746269,1.0,0.0,0.0,0.0,,
2026-07-22 15:45:00+03:00,15,A,True,12.444029850746269,1.0,0.0,0.0,0.0,,
2026-07-22 15:45:00+03:00,15,M,False,,,,,,,
2026-07-22 15:45:00+03:00,15,V,True,12.444029850746269,1.0,0.0,0.0,0.0,,
2026-07-22 15:50:00+03:00,15,A,True,12.444029850746269,1.0,0.0,0.0,0.0,,
2026-07-22 15:50:00+03:00,15,M,False,,,,,,,
2026-07-22 15:50:00+03:00,15,V,True,12.444029850746269,1.0,0.0,0.0,0.0,,
2026-07-22 15:55:00+03:00,15,A,True,12.444029850746269,1.0,0.0,0.0,0.0,,
2026-07-22 15:55:00+03:00,15,M,False,,,,,,,
2026-07-22 15:55:00+03:00,15,V,True,12.444029850746269,1.0,0.0,0.0,0.0,,
2026-07-22 16:00:00+03:00,15,A,True,12.444029850746269,1.0,0.0,0.0,0.0,,
2026-07-22 16:00:00+03:00,15,M,False,,,,,,,
2026-07-22 16:00:00+03:00,15,V,True,12.444029850746269,1.0,0.0,0.0,0.0,,
2026-07-22 16:05:00+03:00,15,A,True,12.444029850746269,1.0,0.0,0.0,0.0,,
2026-07-22 16:05:00+03:00,15,M,False,,,,,,,
2026-07-22 16:05:00+03:00,15,V,True,12.444029850746269,1.0,0.0,0.0,0.0,,
2026-07-22 16:10:00+03:00,15,A,True,12.444029850746269,1.0,0.0,0.0,0.0,,
2026-07-22 16:10:00+03:00,15,M,False,,,,,,,
2026-07-22 16:10:00+03:00,15,V,True,12.444029850746269,1.0,0.0,0.0,0.0,,
2026-07-22 16:15:00+03:00,15,A,True,12.444029850746269,1.0,0.0,0.0,0.0,,
2026-07-22 16:15:00+03:00,15,M,False,,,,,,,
2026-07-22 16:15:00+03:00,15,V,True,12.444029850746269,1.0,0.0,0.0,0.0,,
2026-07-22 16:20:00+03:00,15,A,True,12.444029850746269,1.0,0.0,0.0,0.0,,
2026-07-22 16:20:00+03:00,15,M,False,,,,,,,
2026-07-22 16:20:00+03:00,15,V,True,12.444029850746269,1.0,0.0,0.0,0.0,,
2026-07-22 16:25:00+03:00,15,A,True,12.444029850746269,1.0,0.0,0.0,0.0,,
2026-07-22 16:25:00+03:00,15,M,False,,,,,,,
2026-07-22 16:25:00+03:00,15,V,True,12.444029850746269,1.0,0.0,0.0,0.0,,
2026-07-22 16:30:00+03:00,15,A,True,12.444029850746269,1.0,0.0,0.0,0.0,,
2026-07-22 16:30:00+03:00,15,M,False,,,,,,,
2026-07-22 16:30:00+03:00,15,V,True,12.444029850746269,1.0,0.0,0.0,0.0,,
2026-07-22 16:35:00+03:00,15,A,True,12.444029850746269,1.0,0.0,0.0,0.0,,
2026-07-22 16:35:00+03:00,15,M,False,,,,,,,
2026-07-22 16:35:00+03:00,15,V,True,12.444029850746269,1.0,0.0,0.0,0.0,,
2026-07-22 16:40:00+03:00,15,A,True,12.444029850746269,1.0,0.0,0.0,0.0,,
2026-07-22 16:40:00+03:00,15,M,False,,,,,,,
2026-07-22 16:40:00+03:00,15,V,True,12.444029850746269,1.0,0.0,0.0,0.0,,
2026-07-22 16:45:00+03:00,15,A,True,12.444029850746269,1.0,0.0,0.0,0.0,,
2026-07-22 16:45:00+03:00,15,M,False,,,,,,,
2026-07-22 16:45:00+03:00,15,V,True,12.444029850746269,1.0,0.0,0.0,0.0,,
2026-07-22 16:50:00+03:00,15,A,True,12.444029850746269,1.0,0.0,0.0,0.0,,
2026-07-22 16:50:00+03:00,15,M,False,,,,,,,
2026-07-22 16:50:00+03:00,15,V,True,12.444029850746269,1.0,0.0,0.0,0.0,,
2026-07-22 16:55:00+03:00,15,A,True,12.444029850746269,1.0,0.0,0.0,0.0,,
2026-07-22 16:55:00+03:00,15,M,False,,,,,,,
2026-07-22 16:55:00+03:00,15,V,True,12.444029850746269,1.0,0.0,0.0,0.0,,
2026-07-22 17:00:00+03:00,15,A,True,12.444029850746269,1.0,0.0,0.0,0.0,,
2026-07-22 17:00:00+03:00,15,M,False,,,,,,,
2026-07-22 17:00:00+03:00,15,V,True,12.444029850746269,1.0,0.0,0.0,0.0,,
2026-07-22 17:05:00+03:00,15,A,True,12.444029850746269,1.0,0.0,0.0,0.0,,
2026-07-22 17:05:00+03:00,15,M,False,,,,,,,
2026-07-22 17:05:00+03:00,15,V,True,12.444029850746269,1.0,0.0,0.0,0.0,,
2026-07-22 17:10:00+03:00,15,A,True,12.444029850746269,1.0,0.0,0.0,0.0,,
2026-07-22 17:10:00+03:00,15,M,False,,,,,,,
2026-07-22 17:10:00+03:00,15,V,True,12.444029850746269,1.0,0.0,0.0,0.0,,
2026-07-22 17:15:00+03:00,15,A,True,12.444029850746269,1.0,0.0,0.0,0.0,,
2026-07-22 17:15:00+03:00,15,M,False,,,,,,,
2026-07-22 17:15:00+03:00,15,V,True,12.444029850746269,1.0,0.0,0.0,0.0,,
2026-07-22 17:20:00+03:00,15,A,True,12.444029850746269,1.0,0.0,0.0,0.0,,
2026-07-22 17:20:00+03:00,15,M,False,,,,,,,
2026-07-22 17:20:00+03:00,15,V,True,12.444029850746269,1.0,0.0,0.0,0.0,,
2026-07-22 17:25:00+03:00,15,A,True,12.444029850746269,1.0,0.0,0.0,0.0,,
2026-07-22 17:25:00+03:00,15,M,False,,,,,,,
2026-07-22 17:25:00+03:00,15,V,True,12.444029850746269,1.0,0.0,0.0,0.0,,
2026-07-22 17:30:00+03:00,15,A,True,12.444029850746269,1.0,0.0,0.0,0.0,,
2026-07-22 17:30:00+03:00,15,M,False,,,,,,,
2026-07-22 17:30:00+03:00,15,V,True,12.444029850746269,1.0,0.0,0.0,0.0,,
2026-07-22 17:35:00+03:00,15,A,True,12.444029850746269,1.0,0.0,0.0,0.0,,
2026-07-22 17:35:00+03:00,15,M,False,,,,,,,
2026-07-22 17:35:00+03:00,15,V,True,12.444029850746269,1.0,0.0,0.0,0.0,,
2026-07-22 17:40:00+03:00,15,A,True,12.444029850746269,1.0,0.0,0.0,0.0,,
2026-07-22 17:40:00+03:00,15,M,False,,,,,,,
2026-07-22 17:40:00+03:00,15,V,True,12.444029850746269,1.0,0.0,0.0,0.0,,
2026-07-22 17:45:00+03:00,15,A,True,12.444029850746269,1.0,0.0,0.0,0.0,,
2026-07-22 17:45:00+03:00,15,M,False,,,,,,,
2026-07-22 17:45:00+03:00,15,V,True,12.444029850746269,1.0,0.0,0.0,0.0,,
2026-07-22 17:50:00+03:00,15,A,True,12.444029850746269,1.0,0.0,0.0,0.0,,
2026-07-22 17:50:00+03:00,15,M,False,,,,,,,
2026-07-22 17:50:00+03:00,15,V,True,12.444029850746269,1.0,0.0,0.0,0.0,,
2026-07-22 17:55:00+03:00,15,A,True,12.444029850746269,1.0,0.0,0.0,0.0,,
2026-07-22 17:55:00+03:00,15,M,False,,,,,,,
2026-07-22 17:55:00+03:00,15,V,True,12.444029850746269,1.0,0.0,0.0,0.0,,
2026-07-22 18:00:00+03:00,15,A,True,12.444029850746269,1.0,0.0,0.0,0.0,,
2026-07-22 18:00:00+03:00,15,M,False,,,,,,,
2026-07-22 18:00:00+03:00,15,V,True,12.444029850746269,1.0,0.0,0.0,0.0,,
2026-07-22 18:05:00+03:00,15,A,True,12.444029850746269,1.0,0.0,0.0,0.0,,
2026-07-22 18:05:00+03:00,15,M,False,,,,,,,
2026-07-22 18:05:00+03:00,15,V,True,12.444029850746269,1.0,0.0,0.0,0.0,,
2026-07-22 18:10:00+03:00,15,A,True,12.444029850746269,1.0,0.0,0.0,0.0,,
2026-07-22 18:10:00+03:00,15,M,False,,,,,,,
2026-07-22 18:10:00+03:00,15,V,True,12.444029850746269,1.0,0.0,0.0,0.0,,
2026-07-22 18:15:00+03:00,15,A,True,12.444029850746269,1.0,0.0,0.0,0.0,,
2026-07-22 18:15:00+03:00,15,M,False,,,,,,,
2026-07-22 18:15:00+03:00,15,V,True,12.444029850746269,1.0,0.0,0.0,0.0,,
2026-07-22 18:20:00+03:00,15,A,True,12.444029850746269,1.0,0.0,0.0,0.0,,
2026-07-22 18:20:00+03:00,15,M,False,,,,,,,
2026-07-22 18:20:00+03:00,15,V,True,12.444029850746269,1.0,0.0,0.0,0.0,,
2026-07-22 18:25:00+03:00,15,A,True,12.444029850746269,1.0,0.0,0.0,0.0,,
2026-07-22 18:25:00+03:00,15,M,False,,,,,,,
2026-07-22 18:25:00+03:00,15,V,True,12.444029850746269,1.0,0.0,0.0,0.0,,
2026-07-22 18:30:00+03:00,15,A,True,12.444029850746269,1.0,0.0,0.0,0.0,,
2026-07-22 18:30:00+03:00,15,M,False,,,,,,,
2026-07-22 18:30:00+03:00,15,V,True,12.444029850746269,1.0,0.0,0.0,0.0,,
2026-07-22 18:35:00+03:00,15,A,True,12.444029850746269,1.0,0.0,0.0,0.0,,
2026-07-22 18:35:00+03:00,15,M,False,,,,,,,
2026-07-22 18:35:00+03:00,15,V,True,12.444029850746269,1.0,0.0,0.0,0.0,,
2026-07-22 18:40:00+03:00,15,A,True,12.444029850746269,1.0,0.0,0.0,0.0,,
2026-07-22 18:40:00+03:00,15,M,False,,,,,,,
2026-07-22 18:40:00+03:00,15,V,True,12.444029850746269,1.0,0.0,0.0,0.0,,
2026-07-22 18:45:00+03:00,15,A,True,12.444029850746269,1.0,0.0,0.0,0.0,,
2026-07-22 18:45:00+03:00,15,M,False,,,,,,,
2026-07-22 18:45:00+03:00,15,V,True,12.444029850746269,1.0,0.0,0.0,0.0,,
2026-07-22 18:50:00+03:00,15,A,True,12.444029850746269,1.0,0.0,0.0,0.0,,
2026-07-22 18:50:00+03:00,15,M,False,,,,,,,
2026-07-22 18:50:00+03:00,15,V,True,12.444029850746269,1.0,0.0,0.0,0.0,,
2026-07-22 18:55:00+03:00,15,A,True,12.444029850746269,1.0,0.0,0.0,0.0,,
2026-07-22 18:55:00+03:00,15,M,False,,,,,,,
2026-07-22 18:55:00+03:00,15,V,True,12.444029850746269,1.0,0.0,0.0,0.0,,
2026-07-22 19:00:00+03:00,15,A,True,12.444029850746269,1.0,0.0,0.0,0.0,,
2026-07-22 19:00:00+03:00,15,M,False,,,,,,,
2026-07-22 19:00:00+03:00,15,V,True,12.444029850746269,1.0,0.0,0.0,0.0,,
2026-07-22 19:05:00+03:00,15,A,True,12.444029850746269,1.0,0.0,0.0,0.0,,
2026-07-22 19:05:00+03:00,15,M,False,,,,,,,
2026-07-22 19:05:00+03:00,15,V,True,12.444029850746269,1.0,0.0,0.0,0.0,,
2026-07-22 19:10:00+03:00,15,A,True,12.444029850746269,1.0,0.0,0.0,0.0,,
2026-07-22 19:10:00+03:00,15,M,False,,,,,,,
2026-07-22 19:10:00+03:00,15,V,True,12.444029850746269,1.0,0.0,0.0,0.0,,
2026-07-22 19:15:00+03:00,15,A,True,12.444029850746269,1.0,0.0,0.0,0.0,,
2026-07-22 19:15:00+03:00,15,M,False,,,,,,,
2026-07-22 19:15:00+03:00,15,V,True,12.444029850746269,1.0,0.0,0.0,0.0,,
2026-07-22 19:20:00+03:00,15,A,True,12.444029850746269,1.0,0.0,0.0,0.0,,
2026-07-22 19:20:00+03:00,15,M,False,,,,,,,
2026-07-22 19:20:00+03:00,15,V,True,12.444029850746269,1.0,0.0,0.0,0.0,,
2026-07-22 19:25:00+03:00,15,A,True,12.444029850746269,1.0,0.0,0.0,0.0,,
2026-07-22 19:25:00+03:00,15,M,False,,,,,,,
2026-07-22 19:25:00+03:00,15,V,True,12.444029850746269,1.0,0.0,0.0,0.0,,
2026-07-22 19:30:00+03:00,15,A,True,12.444029850746269,1.0,0.0,0.0,0.0,,
2026-07-22 19:30:00+03:00,15,M,False,,,,,,,
2026-07-22 19:30:00+03:00,15,V,True,12.444029850746269,1.0,0.0,0.0,0.0,,
2026-07-22 19:35:00+03:00,15,A,True,12.444029850746269,1.0,0.0,0.0,0.0,,
2026-07-22 19:35:00+03:00,15,M,False,,,,,,,
2026-07-22 19:35:00+03:00,15,V,True,12.444029850746269,1.0,0.0,0.0,0.0,,
2026-07-22 19:40:00+03:00,15,A,True,12.444029850746269,1.0,0.0,0.0,0.0,,
2026-07-22 19:40:00+03:00,15,M,False,,,,,,,
2026-07-22 19:40:00+03:00,15,V,True,12.444029850746269,1.0,0.0,0.0,0.0,,
2026-07-22 19:45:00+03:00,15,A,True,12.444029850746269,1.0,0.0,0.0,0.0,,
2026-07-22 19:45:00+03:00,15,M,False,,,,,,,
2026-07-22 19:45:00+03:00,15,V,True,12.444029850746269,1.0,0.0,0.0,0.0,,
2026-07-22 19:50:00+03:00,15,A,True,12.444029850746269,1.0,0.0,0.0,0.0,,
2026-07-22 19:50:00+03:00,15,M,False,,,,,,,
2026-07-22 19:50:00+03:00,15,V,True,12.444029850746269,1.0,0.0,0.0,0.0,,
2026-07-22 19:55:00+03:00,15,A,True,12.444029850746269,1.0,0.0,0.0,0.0,,
2026-07-22 19:55:00+03:00,15,M,False,,,,,,,
2026-07-22 19:55:00+03:00,15,V,True,12.444029850746269,1.0,0.0,0.0,0.0,,
2026-07-22 20:00:00+03:00,15,A,True,12.444029850746269,1.0,0.0,0.0,0.0,,
2026-07-22 20:00:00+03:00,15,M,False,,,,,,,
2026-07-22 20:00:00+03:00,15,V,True,12.444029850746269,1.0,0.0,0.0,0.0,,
2026-07-22 20:05:00+03:00,15,A,True,12.444029850746269,1.0,0.0,0.0,0.0,,
2026-07-22 20:05:00+03:00,15,M,False,,,,,,,
2026-07-22 20:05:00+03:00,15,V,True,12.444029850746269,1.0,0.0,0.0,0.0,,
2026-07-22 20:10:00+03:00,15,A,True,12.444029850746269,1.0,0.0,0.0,0.0,,
2026-07-22 20:10:00+03:00,15,M,False,,,,,,,
2026-07-22 20:10:00+03:00,15,V,True,12.444029850746269,1.0,0.0,0.0,0.0,,
2026-07-22 20:15:00+03:00,15,A,True,12.444029850746269,1.0,0.0,0.0,0.0,,
2026-07-22 20:15:00+03:00,15,M,False,,,,,,,
2026-07-22 20:15:00+03:00,15,V,True,12.444029850746269,1.0,0.0,0.0,0.0,,
2026-07-22 20:20:00+03:00,15,A,True,12.444029850746269,1.0,0.0,0.0,0.0,,
2026-07-22 20:20:00+03:00,15,M,False,,,,,,,
2026-07-22 20:20:00+03:00,15,V,True,12.444029850746269,1.0,0.0,0.0,0.0,,
2026-07-22 20:25:00+03:00,15,A,True,12.444029850746269,1.0,0.0,0.0,0.0,,
2026-07-22 20:25:00+03:00,15,M,False,,,,,,,
2026-07-22 20:25:00+03:00,15,V,True,12.444029850746269,1.0,0.0,0.0,0.0,,
2026-07-22 20:30:00+03:00,15,A,True,12.444029850746269,1.0,0.0,0.0,0.0,,
2026-07-22 20:30:00+03:00,15,M,False,,,,,,,
2026-07-22 20:30:00+03:00,15,V,True,12.444029850746269,1.0,0.0,0.0,0.0,,
2026-07-22 20:35:00+03:00,15,A,True,12.444029850746269,1.0,0.0,0.0,0.0,,
2026-07-22 20:35:00+03:00,15,M,False,,,,,,,
2026-07-22 20:35:00+03:00,15,V,True,12.444029850746269,1.0,0.0,0.0,0.0,,
2026-07-22 20:40:00+03:00,15,A,True,12.444029850746269,1.0,0.0,0.0,0.0,,
2026-07-22 20:40:00+03:00,15,M,False,,,,,,,
2026-07-22 20:40:00+03:00,15,V,True,12.444029850746269,1.0,0.0,0.0,0.0,,
2026-07-22 20:45:00+03:00,15,A,True,12.444029850746269,1.0,0.0,0.0,0.0,,
2026-07-22 20:45:00+03:00,15,M,False,,,,,,,
2026-07-22 20:45:00+03:00,15,V,True,12.444029850746269,1.0,0.0,0.0,0.0,,
2026-07-22 20:50:00+03:00,15,A,True,12.444029850746269,1.0,0.0,0.0,0.0,,
2026-07-22 20:50:00+03:00,15,M,False,,,,,,,
2026-07-22 20:50:00+03:00,15,V,True,12.444029850746269,1.0,0.0,0.0,0.0,,
2026-07-22 20:55:00+03:00,15,A,True,12.444029850746269,1.0,0.0,0.0,0.0,,
2026-07-22 20:55:00+03:00,15,M,False,,,,,,,
2026-07-22 20:55:00+03:00,15,V,True,12.444029850746269,1.0,0.0,0.0,0.0,,
2026-07-22 21:00:00+03:00,15,A,True,12.444029850746269,1.0,0.0,0.0,0.0,,
2026-07-22 21:00:00+03:00,15,M,False,,,,,,,
2026-07-22 21:00:00+03:00,15,V,True,12.444029850746269,1.0,0.0,0.0,0.0,,
2026-07-22 21:05:00+03:00,15,A,True,12.444029850746269,1.0,0.0,0.0,0.0,,
2026-07-22 21:05:00+03:00,15,M,False,,,,,,,
2026-07-22 21:05:00+03:00,15,V,True,12.444029850746269,1.0,0.0,0.0,0.0,,
2026-07-22 21:10:00+03:00,15,A,True,12.444029850746269,1.0,0.0,0.0,0.0,,
2026-07-22 21:10:00+03:00,15,M,False,,,,,,,
2026-07-22 21:10:00+03:00,15,V,True,12.444029850746269,1.0,0.0,0.0,0.0,,
2026-07-22 21:15:00+03:00,15,A,True,12.444029850746269,1.0,0.0,0.0,0.0,,
2026-07-22 21:15:00+03:00,15,M,False,,,,,,,
2026-07-22 21:15:00+03:00,15,V,True,12.444029850746269,1.0,0.0,0.0,0.0,,
2026-07-22 21:20:00+03:00,15,A,True,12.444029850746269,1.0,0.0,0.0,0.0,,
2026-07-22 21:20:00+03:00,15,M,False,,,,,,,
2026-07-22 21:20:00+03:00,15,V,True,12.444029850746269,1.0,0.0,0.0,0.0,,
2026-07-22 21:25:00+03:00,15,A,True,12.444029850746269,1.0,0.0,0.0,0.0,,
2026-07-22 21:25:00+03:00,15,M,False,,,,,,,
2026-07-22 21:25:00+03:00,15,V,True,12.444029850746269,1.0,0.0,0.0,0.0,,
2026-07-22 21:30:00+03:00,15,A,True,12.444029850746269,1.0,0.0,0.0,0.0,,
2026-07-22 21:30:00+03:00,15,M,False,,,,,,,
2026-07-22 21:30:00+03:00,15,V,True,12.444029850746269,1.0,0.0,0.0,0.0,,
2026-07-22 21:35:00+03:00,15,A,True,12.444029850746269,1.0,0.0,0.0,0.0,,
2026-07-22 21:35:00+03:00,15,M,False,,,,,,,
2026-07-22 21:35:00+03:00,15,V,True,12.444029850746269,1.0,0.0,0.0,0.0,,
2026-07-22 21:40:00+03:00,15,A,True,12.444029850746269,1.0,0.0,0.0,0.0,,
2026-07-22 21:40:00+03:00,15,M,False,,,,,,,
2026-07-22 21:40:00+03:00,15,V,True,12.444029850746269,1.0,0.0,0.0,0.0,,
2026-07-22 21:45:00+03:00,15,A,True,12.444029850746269,1.0,0.0,0.0,0.0,,
2026-07-22 21:45:00+03:00,15,M,False,,,,,,,
2026-07-22 21:45:00+03:00,15,V,True,12.444029850746269,1.0,0.0,0.0,0.0,,
2026-07-22 21:50:00+03:00,15,A,True,12.444029850746269,1.0,0.0,0.0,0.0,,
2026-07-22 21:50:00+03:00,15,M,False,,,,,,,
2026-07-22 21:50:00+03:00,15,V,True,12.444029850746269,1.0,0.0,0.0,0.0,,
2026-07-22 21:55:00+03:00,15,A,True,12.444029850746269,1.0,0.0,0.0,0.0,,
2026-07-22 21:55:00+03:00,15,M,False,,,,,,,
2026-07-22 21:55:00+03:00,15,V,True,12.444029850746269,1.0,0.0,0.0,0.0,,
2026-07-22 22:00:00+03:00,15,A,True,12.444029850746269,1.0,0.0,0.0,0.0,,
2026-07-22 22:00:00+03:00,15,M,False,,,,,,,
2026-07-22 22:00:00+03:00,15,V,True,12.444029850746269,1.0,0.0,0.0,0.0,,
2026-07-22 22:05:00+03:00,15,A,True,12.444029850746269,1.0,0.0,0.0,0.0,,
2026-07-22 22:05:00+03:00,15,M,False,,,,,,,
2026-07-22 22:05:00+03:00,15,V,True,12.444029850746269,1.0,0.0,0.0,0.0,,
2026-07-22 22:10:00+03:00,15,A,True,12.444029850746269,1.0,0.0,0.0,0.0,,
2026-07-22 22:10:00+03:00,15,M,False,,,,,,,
2026-07-22 22:10:00+03:00,15,V,True,12.444029850746269,1.0,0.0,0.0,0.0,,
2026-07-22 22:15:00+03:00,15,A,True,12.444029850746269,1.0,0.0,0.0,0.0,,
2026-07-22 22:15:00+03:00,15,M,False,,,,,,,
2026-07-22 22:15:00+03:00,15,V,True,12.444029850746269,1.0,0.0,0.0,0.0,,
2026-07-22 22:20:00+03:00,15,A,True,12.444029850746269,1.0,0.0,0.0,0.0,,
2026-07-22 22:20:00+03:00,15,M,False,,,,,,,
2026-07-22 22:20:00+03:00,15,V,True,12.444029850746269,1.0,0.0,0.0,0.0,,
2026-07-22 22:25:00+03:00,15,A,True,12.444029850746269,1.0,0.0,0.0,0.0,,
2026-07-22 22:25:00+03:00,15,M,False,,,,,,,
2026-07-22 22:25:00+03:00,15,V,True,12.444029850746269,1.0,0.0,0.0,0.0,,
2026-07-22 22:30:00+03:00,15,A,True,12.444029850746269,1.0,0.0,0.0,0.0,,
2026-07-22 22:30:00+03:00,15,M,False,,,,,,,
2026-07-22 22:30:00+03:00,15,V,True,12.444029850746269,1.0,0.0,0.0,0.0,,
2026-07-22 22:35:00+03:00,15,A,True,12.444029850746269,1.0,0.0,0.0,0.0,,
2026-07-22 22:35:00+03:00,15,M,False,,,,,,,
2026-07-22 22:35:00+03:00,15,V,True,12.444029850746269,1.0,0.0,0.0,0.0,,
2026-07-22 22:40:00+03:00,15,A,True,12.444029850746269,1.0,0.0,0.0,0.0,,
2026-07-22 22:40:00+03:00,15,M,False,,,,,,,
2026-07-22 22:40:00+03:00,15,V,True,12.444029850746269,1.0,0.0,0.0,0.0,,
2026-07-22 22:45:00+03:00,15,A,True,12.444029850746269,1.0,0.0,0.0,0.0,,
2026-07-22 22:45:00+03:00,15,M,False,,,,,,,
2026-07-22 22:45:00+03:00,15,V,True,16.51797428403616,0.843571428571428,0.15642857142857208,0.0,0.0,,
2026-07-22 22:50:00+03:00,15,A,True,12.444029850746269,1.0,0.0,0.0,0.0,,
2026-07-22 22:50:00+03:00,15,M,False,,,,,,,
2026-07-22 22:50:00+03:00,15,V,True,20.899910011645552,0.6714285714285714,0.32857142857142857,0.0,0.0,,
2026-07-22 22:55:00+03:00,15,A,True,12.444029850746269,1.0,0.0,0.0,0.0,,
2026-07-22 22:55:00+03:00,15,M,False,,,,,,,
2026-07-22 22:55:00+03:00,15,V,True,24.826072898295124,0.5145238095238093,0.48547619047619067,0.0,0.0,,
2026-07-22 23:00:00+03:00,15,A,True,15.074952620478038,0.8993987600008648,0.10060123999913521,0.0,0.0,,
2026-07-22 23:00:00+03:00,15,M,False,,,,,,,
2026-07-22 23:00:00+03:00,15,V,True,26.959205692918434,0.42833333333333357,0.5716666666666664,0.0,0.0,,
2026-07-22 23:05:00+03:00,15,A,True,62.5,0.0,0.0,1.0,0.0,,
2026-07-22 23:05:00+03:00,15,M,False,,,,,,,
2026-07-22 23:05:00+03:00,15,V,True,28.617676497671987,0.3611904761904758,0.6388095238095243,0.0,0.0,,
2026-07-22 23:10:00+03:00,15,A,True,73.76514156537868,0.0,0.0,0.5423658402760821,0.45763415972391785,,
2026-07-22 23:10:00+03:00,15,M,False,,,,,,,
2026-07-22 23:10:00+03:00,15,V,True,29.740998291001222,0.315476190476191,0.684523809523809,0.0,0.0,,
2026-07-22 23:15:00+03:00,15,A,True,87.3436619722521,0.0,0.0,0.0,0.5595431798299154,,
2026-07-22 23:15:00+03:00,15,M,False,,,,,,,
2026-07-22 23:15:00+03:00,15,V,True,30.46169562643433,0.2861904761904758,0.7138095238095242,0.0,0.0,,
2026-07-22 23:20:00+03:00,15,A,True,87.4532668540664,0.0,0.0,0.0,0.785656778971354,,
2026-07-22 23:20:00+03:00,15,M,False,,,,,,,
2026-07-22 23:20:00+03:00,15,V,True,33.51473441955674,0.16190476190476244,0.8380952380952376,0.0,0.0,,
2026-07-22 23:25:00+03:00,15,A,True,87.39599685455309,0.0,0.0,0.0,0.6676521199544271,,
2026-07-22 23:25:00+03:00,15,M,False,,,,,,,
2026-07-22 23:25:00+03:00,15,V,True,37.5,0.0,1.0,0.0,0.0,,
2026-07-22 23:30:00+03:00,15,A,True,87.48604972725673,0.0,0.0,0.0,0.8541339111328125,,
2026-07-22 23:30:00+03:00,15,M,False,,,,,,,
2026-07-22 23:30:00+03:00,15,V,True,37.5,0.0,1.0,0.0,0.0,,
2026-07-22 23:35:00+03:00,15,A,True,87.51800543863493,0.0,0.0,0.0,0.918392084757487,,
2026-07-22 23:35:00+03:00,15,M,False,,,,,,,
2026-07-22 23:35:00+03:00,15,V,True,37.5,0.0,1.0,0.0,0.0,,
2026-07-22 23:40:00+03:00,15,A,True,87.53182235651774,0.0,0.0,0.0,0.9465606587727865,,
2026-07-22 23:40:00+03:00,15,M,False,,,,,,,
2026-07-22 23:40:00+03:00,15,V,True,37.5,0.0,1.0,0.0,0.0,,
2026-07-22 23:45:00+03:00,15,A,True,87.55597014925372,0.0,0.0,0.0,1.0,,
2026-07-22 23:45:00+03:00,15,M,False,,,,,,,
2026-07-22 23:45:00+03:00,15,V,True,37.5,0.0,1.0,0.0,0.0,,
2026-07-22 23:50:00+03:00,15,A,True,87.55597014925372,0.0,0.0,0.0,1.0,,
2026-07-22 23:50:00+03:00,15,M,False,,,,,,,
2026-07-22 23:50:00+03:00,15,V,True,37.5,0.0,1.0,0.0,0.0,,
2026-07-22 23:55:00+03:00,15,A,True,87.55597014925372,0.0,0.0,0.0,1.0,,
2026-07-22 23:55:00+03:00,15,M,False,,,,,,,
2026-07-22 23:55:00+03:00,15,V,True,46.609852470131635,0.0,0.6380952380952376,0.36190476190476245,0.0,,
2026-07-23 00:00:00+03:00,15,A,True,87.4583046583116,0.0,0.0,0.0,0.7954791259765625,,
2026-07-23 00:00:00+03:00,15,M,False,,,,,,,
2026-07-23 00:00:00+03:00,15,V,True,57.246376811594196,0.0,0.20642857142857207,0.7935714285714279,0.0,,
2026-07-23 00:05:00+03:00,15,A,True,87.35060549124101,0.0,0.0,0.0,0.5740186614990234,,
2026-07-23 00:05:00+03:00,15,M,False,,,,,,,
2026-07-23 00:05:00+03:00,15,V,True,59.37846011468989,0.0,0.12166666666666645,0.8783333333333335,0.0,,
2026-07-23 00:10:00+03:00,15,A,True,87.4921783276016,0.0,0.0,0.0,0.8682365722656249,,
2026-07-23 00:10:00+03:00,15,M,False,,,,,,,
2026-07-23 00:10:00+03:00,15,V,True,57.377579213450105,0.0,0.20119047619047672,0.7988095238095233,0.0,,
2026-07-23 00:15:00+03:00,15,A,True,87.45941528884394,0.0,0.0,0.0,0.7976765899658205,,
2026-07-23 00:15:00+03:00,15,M,False,,,,,,,
2026-07-23 00:15:00+03:00,15,V,True,57.00800075190621,0.0,0.21595238095238106,0.784047619047619,0.0,,
2026-07-23 00:20:00+03:00,15,A,True,87.3228925144272,0.0,0.0,0.0,0.5202160288492838,,
2026-07-23 00:20:00+03:00,15,M,False,,,,,,,
2026-07-23 00:20:00+03:00,15,V,True,54.31257446066486,0.0,0.32452380952380994,0.67547619047619,0.0,,
2026-07-23 00:25:00+03:00,15,A,True,87.45715466628693,0.0,0.0,0.0,0.7932160924275717,,
2026-07-23 00:25:00+03:00,15,M,False,,,,,,,
2026-07-23 00:25:00+03:00,15,V,True,52.429997383079716,0.0,0.4009523809523817,0.5990476190476183,0.0,,
2026-07-23 00:30:00+03:00,15,A,True,87.54668656282756,0.0,0.0,0.0,0.9787816543579101,,
2026-07-23 00:30:00+03:00,15,M,False,,,,,,,
2026-07-23 00:30:00+03:00,15,V,True,51.430556690918024,0.0,0.44166666666666615,0.5583333333333339,0.0,,
2026-07-23 00:35:00+03:00,15,A,True,87.55597014925372,0.0,0.0,0.0,1.0,,
2026-07-23 00:35:00+03:00,15,M,False,,,,,,,
2026-07-23 00:35:00+03:00,15,V,True,51.10342798293364,0.0,0.45500000000000035,0.5449999999999997,0.0,,
2026-07-23 00:40:00+03:00,15,A,True,87.5108219910882,0.0,0.0,0.0,0.9043758824666341,,
2026-07-23 00:40:00+03:00,15,M,False,,,,,,,
2026-07-23 00:40:00+03:00,15,V,True,50.677120789009145,0.0,0.4723809523809531,0.5276190476190469,0.0,,
2026-07-23 00:45:00+03:00,15,A,True,83.70643271184116,0.0,0.0,0.13295579274495423,0.773579002380371,,
2026-07-23 00:45:00+03:00,15,M,False,,,,,,,
2026-07-23 00:45:00+03:00,15,V,True,50.531158579436806,0.0,0.47833333333333355,0.5216666666666665,0.0,,
2026-07-23 00:50:00+03:00,15,A,True,68.39031555342095,0.0,0.0,0.6409112294514975,0.2038231277465826,,
2026-07-23 00:50:00+03:00,15,M,False,,,,,,,
2026-07-23 00:50:00+03:00,15,V,True,50.74718870250681,0.0,0.4695238095238096,0.5304761904761903,0.0,,
2026-07-23 00:55:00+03:00,15,A,True,62.49999999999998,0.0,0.0,0.5016457188924153,0.0,,
2026-07-23 00:55:00+03:00,15,M,False,,,,,,,
2026-07-23 00:55:00+03:00,15,V,True,51.155996468956225,0.0,0.4528571428571435,0.5471428571428565,0.0,,
2026-07-23 01:00:00+03:00,15,A,True,62.5,0.0,0.0,0.6499446538289387,0.0,,
2026-07-23 01:00:00+03:00,15,M,False,,,,,,,
2026-07-23 01:00:00+03:00,15,V,True,49.67899707011873,0.0,0.5130952380952376,0.48690476190476245,0.0,,
2026-07-23 01:05:00+03:00,15,A,True,62.49999999999999,0.0,0.0,0.7791498082478842,0.0,,
2026-07-23 01:05:00+03:00,15,M,False,,,,,,,
2026-07-23 01:05:00+03:00,15,V,True,46.967614827487104,0.0,0.6235714285714282,0.3764285714285718,0.0,,
2026-07-23 01:10:00+03:00,15,A,True,62.50000000000001,0.0,0.0,0.8920009040832519,0.0,,
2026-07-23 01:10:00+03:00,15,M,False,,,,,,,
2026-07-23 01:10:00+03:00,15,V,True,41.94146525235161,0.0,0.8259523809523817,0.17404761904761828,0.0,,
2026-07-23 01:15:00+03:00,15,A,True,62.5,0.0,0.0,1.0,0.0,,
2026-07-23 01:15:00+03:00,15,M,False,,,,,,,
2026-07-23 01:15:00+03:00,15,V,True,37.5,0.0,1.0,0.0,0.0,,
2026-07-23 01:20:00+03:00,15,A,True,62.5,0.0,0.0,1.0,0.0,,
2026-07-23 01:20:00+03:00,15,M,False,,,,,,,
2026-07-23 01:20:00+03:00,15,V,True,37.5,0.0,1.0,0.0,0.0,,
2026-07-23 01:25:00+03:00,15,A,True,52.0549410492396,0.0,0.41622726440429714,0.5837727355957029,0.0,,
2026-07-23 01:25:00+03:00,15,M,False,,,,,,,
2026-07-23 01:25:00+03:00,15,V,True,37.5,0.0,1.0,0.0,0.0,,
2026-07-23 01:30:00+03:00,15,A,True,37.92301107319613,0.0,0.9836330159505209,0.01636698404947907,0.0,,
2026-07-23 01:30:00+03:00,15,M,False,,,,,,,
2026-07-23 01:30:00+03:00,15,V,True,37.5,0.0,1.0,0.0,0.0,,
2026-07-23 01:35:00+03:00,15,A,True,37.5,0.0,1.0,0.0,0.0,,
2026-07-23 01:35:00+03:00,15,M,False,,,,,,,
2026-07-23 01:35:00+03:00,15,V,True,37.5,0.0,1.0,0.0,0.0,,
2026-07-23 01:40:00+03:00,15,A,True,37.5,0.0,1.0,0.0,0.0,,
2026-07-23 01:40:00+03:00,15,M,False,,,,,,,
2026-07-23 01:40:00+03:00,15,V,True,25.81751904653257,0.47452380952380996,0.5254761904761901,0.0,0.0,,
2026-07-23 01:45:00+03:00,15,A,True,30.791776474315082,0.2727888965606688,0.7272111034393312,0.0,0.0,,
2026-07-23 01:45:00+03:00,15,M,False,,,,,,,
2026-07-23 01:45:00+03:00,15,V,True,12.444029850746269,1.0,0.0,0.0,0.0,,
2026-07-23 01:50:00+03:00,15,A,True,23.111597677317167,0.5832725683848065,0.41672743161519354,0.0,0.0,,
2026-07-23 01:50:00+03:00,15,M,False,,,,,,,
2026-07-23 01:50:00+03:00,15,V,True,12.444029850746269,1.0,0.0,0.0,0.0,,
2026-07-23 01:55:00+03:00,15,A,True,15.583965876312126,0.8798653093973794,0.12013469060262061,0.0,0.0,,
2026-07-23 01:55:00+03:00,15,M,False,,,,,,,
2026-07-23 01:55:00+03:00,15,V,True,12.444029850746269,1.0,0.0,0.0,0.0,,
2026-07-23 02:00:00+03:00,15,A,True,12.444029850746269,1.0,0.0,0.0,0.0,,
2026-07-23 02:00:00+03:00,15,M,False,,,,,,,
2026-07-23 02:00:00+03:00,15,V,True,12.444029850746269,1.0,0.0,0.0,0.0,,
2026-07-23 02:05:00+03:00,15,A,True,12.444029850746269,1.0,0.0,0.0,0.0,,
2026-07-23 02:05:00+03:00,15,M,False,,,,,,,
2026-07-23 02:05:00+03:00,15,V,True,12.444029850746269,1.0,0.0,0.0,0.0,,
2026-07-23 02:10:00+03:00,15,A,True,12.444029850746269,1.0,0.0,0.0,0.0,,
2026-07-23 02:10:00+03:00,15,M,False,,,,,,,
2026-07-23 02:10:00+03:00,15,V,True,12.444029850746269,1.0,0.0,0.0,0.0,,
2026-07-23 02:15:00+03:00,15,A,True,12.444029850746269,1.0,0.0,0.0,0.0,,
2026-07-23 02:15:00+03:00,15,M,False,,,,,,,
2026-07-23 02:15:00+03:00,15,V,True,13.45461515525836,0.9614285714285707,0.03857142857142922,0.0,0.0,,
2026-07-23 02:20:00+03:00,15,A,True,12.444029850746269,1.0,0.0,0.0,0.0,,
2026-07-23 02:20:00+03:00,15,M,False,,,,,,,
2026-07-23 02:20:00+03:00,15,V,True,13.846993081426291,0.9464285714285714,0.05357142857142857,0.0,0.0,,
2026-07-23 02:25:00+03:00,15,A,True,12.444029850746269,1.0,0.0,0.0,0.0,,
2026-07-23 02:25:00+03:00,15,M,False,,,,,,,
2026-07-23 02:25:00+03:00,15,V,True,14.270118611089432,0.9302380952380953,0.06976190476190465,0.0,0.0,,
2026-07-23 02:30:00+03:00,15,A,True,12.444029850746269,1.0,0.0,0.0,0.0,,
2026-07-23 02:30:00+03:00,15,M,False,,,,,,,
2026-07-23 02:30:00+03:00,15,V,True,15.400596186765817,0.8869047619047624,0.11309523809523755,0.0,0.0,,
2026-07-23 02:35:00+03:00,15,A,True,12.444029850746269,1.0,0.0,0.0,0.0,,
2026-07-23 02:35:00+03:00,15,M,False,,,,,,,
2026-07-23 02:35:00+03:00,15,V,True,16.38960466811514,0.8485714285714282,0.15142857142857175,0.0,0.0,,
2026-07-23 02:40:00+03:00,15,A,True,12.444029850746269,1.0,0.0,0.0,0.0,,
2026-07-23 02:40:00+03:00,15,M,False,,,,,,,
2026-07-23 02:40:00+03:00,15,V,True,16.32235328811559,0.8511904761904767,0.14880952380952328,0.0,0.0,,
2026-07-23 02:45:00+03:00,15,A,True,12.444029850746269,1.0,0.0,0.0,0.0,,
2026-07-23 02:45:00+03:00,15,M,False,,,,,,,
2026-07-23 02:45:00+03:00,15,V,True,15.450220635628918,0.8850000000000007,0.11499999999999935,0.0,0.0,,
2026-07-23 02:50:00+03:00,15,A,True,12.444029850746269,1.0,0.0,0.0,0.0,,
2026-07-23 02:50:00+03:00,15,M,False,,,,,,,
2026-07-23 02:50:00+03:00,15,V,True,14.779815700868332,0.9107142857142857,0.08928571428571429,0.0,0.0,,
2026-07-23 02:55:00+03:00,15,A,True,12.444029850746269,1.0,0.0,0.0,0.0,,
2026-07-23 02:55:00+03:00,15,M,False,,,,,,,
2026-07-23 02:55:00+03:00,15,V,True,15.164803229013875,0.8959523809523814,0.10404761904761861,0.0,0.0,,
2026-07-23 03:00:00+03:00,15,A,True,12.444029850746269,1.0,0.0,0.0,0.0,,
2026-07-23 03:00:00+03:00,15,M,False,,,,,,,
2026-07-23 03:00:00+03:00,15,V,True,16.646318467101104,0.8385714285714292,0.16142857142857078,0.0,0.0,,
2026-07-23 03:05:00+03:00,15,A,True,12.444029850746269,1.0,0.0,0.0,0.0,,
2026-07-23 03:05:00+03:00,15,M,False,,,,,,,
2026-07-23 03:05:00+03:00,15,V,True,17.824672983526046,0.7926190476190479,0.20738095238095217,0.0,0.0,,
2026-07-23 03:10:00+03:00,15,A,True,12.444029850746269,1.0,0.0,0.0,0.0,,
2026-07-23 03:10:00+03:00,15,M,False,,,,,,,
2026-07-23 03:10:00+03:00,15,V,True,17.95275842406735,0.7876190476190476,0.21238095238095248,0.0,0.0,,
2026-07-23 03:15:00+03:00,15,A,True,12.444029850746269,1.0,0.0,0.0,0.0,,
2026-07-23 03:15:00+03:00,15,M,False,,,,,,,
2026-07-23 03:15:00+03:00,15,V,True,16.97622963576044,0.8257142857142851,0.17428571428571493,0.0,0.0,,
2026-07-23 03:20:00+03:00,15,A,True,12.444029850746269,1.0,0.0,0.0,0.0,,
2026-07-23 03:20:00+03:00,15,M,False,,,,,,,
2026-07-23 03:20:00+03:00,15,V,True,15.863635022715188,0.8690476190476196,0.1309523809523804,0.0,0.0,,
2026-07-23 03:25:00+03:00,15,A,True,12.444029850746269,1.0,0.0,0.0,0.0,,
2026-07-23 03:25:00+03:00,15,M,False,,,,,,,
2026-07-23 03:25:00+03:00,15,V,True,14.382054118709402,0.9259523809523817,0.0740476190476183,0.0,0.0,,
2026-07-23 03:30:00+03:00,15,A,True,12.444029850746269,1.0,0.0,0.0,0.0,,
2026-07-23 03:30:00+03:00,15,M,False,,,,,,,
2026-07-23 03:30:00+03:00,15,V,True,12.693773388280977,0.9904761904761911,0.009523809523808982,0.0,0.0,,
2026-07-23 03:35:00+03:00,15,A,True,12.444029850746269,1.0,0.0,0.0,0.0,,
2026-07-23 03:35:00+03:00,15,M,False,,,,,,,
2026-07-23 03:35:00+03:00,15,V,True,12.444029850746269,1.0,0.0,0.0,0.0,,
2026-07-23 03:40:00+03:00,15,A,True,12.444029850746269,1.0,0.0,0.0,0.0,,
2026-07-23 03:40:00+03:00,15,M,False,,,,,,,
2026-07-23 03:40:00+03:00,15,V,True,12.444029850746269,1.0,0.0,0.0,0.0,,
2026-07-23 03:45:00+03:00,15,A,True,12.444029850746269,1.0,0.0,0.0,0.0,,
2026-07-23 03:45:00+03:00,15,M,False,,,,,,,
2026-07-23 03:45:00+03:00,15,V,True,12.444029850746269,1.0,0.0,0.0,0.0,,
2026-07-23 03:50:00+03:00,15,A,True,12.444029850746269,1.0,0.0,0.0,0.0,,
2026-07-23 03:50:00+03:00,15,M,False,,,,,,,
2026-07-23 03:50:00+03:00,15,V,True,12.444029850746269,1.0,0.0,0.0,0.0,,
2026-07-23 03:55:00+03:00,15,A,True,12.444029850746269,1.0,0.0,0.0,0.0,,
2026-07-23 03:55:00+03:00,15,M,False,,,,,,,
2026-07-23 03:55:00+03:00,15,V,True,12.444029850746269,1.0,0.0,0.0,0.0,,
2026-07-23 04:00:00+03:00,15,A,True,12.444029850746269,1.0,0.0,0.0,0.0,,
2026-07-23 04:00:00+03:00,15,M,False,,,,,,,
2026-07-23 04:00:00+03:00,15,V,True,12.444029850746269,1.0,0.0,0.0,0.0,,
2026-07-23 04:05:00+03:00,15,A,True,12.444029850746269,1.0,0.0,0.0,0.0,,
2026-07-23 04:05:00+03:00,15,M,False,,,,,,,
2026-07-23 04:05:00+03:00,15,V,True,12.444029850746269,1.0,0.0,0.0,0.0,,
2026-07-23 04:10:00+03:00,15,A,True,12.444029850746269,1.0,0.0,0.0,0.0,,
2026-07-23 04:10:00+03:00,15,M,False,,,,,,,
2026-07-23 04:10:00+03:00,15,V,True,12.444029850746269,1.0,0.0,0.0,0.0,,
2026-07-23 04:15:00+03:00,15,A,True,12.444029850746269,1.0,0.0,0.0,0.0,,
2026-07-23 04:15:00+03:00,15,M,False,,,,,,,
2026-07-23 04:15:00+03:00,15,V,True,12.444029850746269,1.0,0.0,0.0,0.0,,
2026-07-23 04:20:00+03:00,15,A,True,12.444029850746269,1.0,0.0,0.0,0.0,,
2026-07-23 04:20:00+03:00,15,M,False,,,,,,,
2026-07-23 04:20:00+03:00,15,V,True,12.444029850746269,1.0,0.0,0.0,0.0,,
2026-07-23 04:25:00+03:00,15,A,True,12.444029850746269,1.0,0.0,0.0,0.0,,
2026-07-23 04:25:00+03:00,15,M,False,,,,,,,
2026-07-23 04:25:00+03:00,15,V,True,12.444029850746269,1.0,0.0,0.0,0.0,,
2026-07-23 04:30:00+03:00,15,A,True,12.444029850746269,1.0,0.0,0.0,0.0,,
2026-07-23 04:30:00+03:00,15,M,False,,,,,,,
2026-07-23 04:30:00+03:00,15,V,True,12.444029850746269,1.0,0.0,0.0,0.0,,
2026-07-23 04:35:00+03:00,15,A,True,12.444029850746269,1.0,0.0,0.0,0.0,,
2026-07-23 04:35:00+03:00,15,M,False,,,,,,,
2026-07-23 04:35:00+03:00,15,V,True,12.444029850746269,1.0,0.0,0.0,0.0,,
2026-07-23 04:40:00+03:00,15,A,True,12.444029850746269,1.0,0.0,0.0,0.0,,
2026-07-23 04:40:00+03:00,15,M,False,,,,,,,
2026-07-23 04:40:00+03:00,15,V,True,12.444029850746269,1.0,0.0,0.0,0.0,,
2026-07-23 04:45:00+03:00,15,A,True,12.444029850746269,1.0,0.0,0.0,0.0,,
2026-07-23 04:45:00+03:00,15,M,False,,,,,,,
2026-07-23 04:45:00+03:00,15,V,True,12.444029850746269,1.0,0.0,0.0,0.0,,
2026-07-23 04:50:00+03:00,15,A,True,12.444029850746269,1.0,0.0,0.0,0.0,,
2026-07-23 04:50:00+03:00,15,M,False,,,,,,,
2026-07-23 04:50:00+03:00,15,V,True,12.444029850746269,1.0,0.0,0.0,0.0,,
2026-07-23 04:55:00+03:00,15,A,True,12.444029850746269,1.0,0.0,0.0,0.0,,
2026-07-23 04:55:00+03:00,15,M,False,,,,,,,
2026-07-23 04:55:00+03:00,15,V,True,12.444029850746269,1.0,0.0,0.0,0.0,,
2026-07-23 05:00:00+03:00,15,A,True,12.444029850746269,1.0,0.0,0.0,0.0,,
2026-07-23 05:00:00+03:00,15,M,False,,,,,,,
2026-07-23 05:00:00+03:00,15,V,True,12.444029850746269,1.0,0.0,0.0,0.0,,
2026-07-23 05:05:00+03:00,15,A,True,12.444029850746269,1.0,0.0,0.0,0.0,,
2026-07-23 05:05:00+03:00,15,M,False,,,,,,,
2026-07-23 05:05:00+03:00,15,V,True,12.444029850746269,1.0,0.0,0.0,0.0,,
2026-07-23 05:10:00+03:00,15,A,True,12.444029850746269,1.0,0.0,0.0,0.0,,
2026-07-23 05:10:00+03:00,15,M,False,,,,,,,
2026-07-23 05:10:00+03:00,15,V,True,12.444029850746269,1.0,0.0,0.0,0.0,,
2026-07-23 05:15:00+03:00,15,A,True,12.444029850746269,1.0,0.0,0.0,0.0,,
2026-07-23 05:15:00+03:00,15,M,False,,,,,,,
2026-07-23 05:15:00+03:00,15,V,True,12.444029850746269,1.0,0.0,0.0,0.0,,
2026-07-23 05:20:00+03:00,15,A,True,12.444029850746269,1.0,0.0,0.0,0.0,,
2026-07-23 05:20:00+03:00,15,M,False,,,,,,,
2026-07-23 05:20:00+03:00,15,V,True,12.444029850746269,1.0,0.0,0.0,0.0,,
2026-07-23 05:25:00+03:00,15,A,True,12.444029850746269,1.0,0.0,0.0,0.0,,
2026-07-23 05:25:00+03:00,15,M,False,,,,,,,
2026-07-23 05:25:00+03:00,15,V,True,12.444029850746269,1.0,0.0,0.0,0.0,,
2026-07-23 05:30:00+03:00,15,A,True,12.444029850746269,1.0,0.0,0.0,0.0,,
2026-07-23 05:30:00+03:00,15,M,False,,,,,,,
2026-07-23 05:30:00+03:00,15,V,True,12.444029850746269,1.0,0.0,0.0,0.0,,
2026-07-23 05:35:00+03:00,15,A,True,12.444029850746269,1.0,0.0,0.0,0.0,,
2026-07-23 05:35:00+03:00,15,M,False,,,,,,,
2026-07-23 05:35:00+03:00,15,V,True,12.444029850746269,1.0,0.0,0.0,0.0,,
2026-07-23 05:40:00+03:00,15,A,True,12.444029850746269,1.0,0.0,0.0,0.0,,
2026-07-23 05:40:00+03:00,15,M,False,,,,,,,
2026-07-23 05:40:00+03:00,15,V,True,12.444029850746269,1.0,0.0,0.0,0.0,,
2026-07-23 05:45:00+03:00,15,A,True,12.444029850746269,1.0,0.0,0.0,0.0,,
2026-07-23 05:45:00+03:00,15,M,False,,,,,,,
2026-07-23 05:45:00+03:00,15,V,True,12.444029850746269,1.0,0.0,0.0,0.0,,
2026-07-23 05:50:00+03:00,15,A,True,12.444029850746269,1.0,0.0,0.0,0.0,,
2026-07-23 05:50:00+03:00,15,M,False,,,,,,,
2026-07-23 05:50:00+03:00,15,V,True,12.444029850746269,1.0,0.0,0.0,0.0,,
2026-07-23 05:55:00+03:00,15,A,True,12.444029850746269,1.0,0.0,0.0,0.0,,
2026-07-23 05:55:00+03:00,15,M,False,,,,,,,
2026-07-23 05:55:00+03:00,15,V,True,12.444029850746269,1.0,0.0,0.0,0.0,,
2026-07-23 06:00:00+03:00,15,A,True,12.444029850746269,1.0,0.0,0.0,0.0,,
2026-07-23 06:00:00+03:00,15,M,False,,,,,,,
2026-07-23 06:00:00+03:00,15,V,True,12.444029850746269,1.0,0.0,0.0,0.0,,
2026-07-23 06:05:00+03:00,15,A,True,12.444029850746269,1.0,0.0,0.0,0.0,,
2026-07-23 06:05:00+03:00,15,M,False,,,,,,,
2026-07-23 06:05:00+03:00,15,V,True,12.444029850746269,1.0,0.0,0.0,0.0,,
2026-07-23 06:10:00+03:00,15,A,True,12.444029850746269,1.0,0.0,0.0,0.0,,
2026-07-23 06:10:00+03:00,15,M,False,,,,,,,
2026-07-23 06:10:00+03:00,15,V,True,12.444029850746269,1.0,0.0,0.0,0.0,,
2026-07-23 06:15:00+03:00,15,A,True,12.444029850746269,1.0,0.0,0.0,0.0,,
2026-07-23 06:15:00+03:00,15,M,False,,,,,,,
2026-07-23 06:15:00+03:00,15,V,True,12.444029850746269,1.0,0.0,0.0,0.0,,
2026-07-23 06:20:00+03:00,15,A,True,12.444029850746269,1.0,0.0,0.0,0.0,,
2026-07-23 06:20:00+03:00,15,M,False,,,,,,,
2026-07-23 06:20:00+03:00,15,V,True,12.444029850746269,1.0,0.0,0.0,0.0,,
2026-07-23 06:25:00+03:00,15,A,True,12.444029850746269,1.0,0.0,0.0,0.0,,
2026-07-23 06:25:00+03:00,15,M,False,,,,,,,
2026-07-23 06:25:00+03:00,15,V,True,12.444029850746269,1.0,0.0,0.0,0.0,,
2026-07-23 06:30:00+03:00,15,A,True,12.444029850746269,1.0,0.0,0.0,0.0,,
2026-07-23 06:30:00+03:00,15,M,False,,,,,,,
2026-07-23 06:30:00+03:00,15,V,True,12.444029850746269,1.0,0.0,0.0,0.0,,
2026-07-23 06:35:00+03:00,15,A,True,12.444029850746269,1.0,0.0,0.0,0.0,,
2026-07-23 06:35:00+03:00,15,M,False,,,,,,,
2026-07-23 06:35:00+03:00,15,V,True,12.874748701773823,0.9835714285714289,0.016428571428571105,0.0,0.0,,
2026-07-23 06:40:00+03:00,15,A,True,12.444029850746269,1.0,0.0,0.0,0.0,,
2026-07-23 06:40:00+03:00,15,M,False,,,,,,,
2026-07-23 06:40:00+03:00,15,V,True,13.024464994708529,0.9778571428571435,0.022142857142856492,0.0,0.0,,
2026-07-23 06:45:00+03:00,15,A,True,12.444029850746269,1.0,0.0,0.0,0.0,,
2026-07-23 06:45:00+03:00,15,M,False,,,,,,,
2026-07-23 06:45:00+03:00,15,V,True,13.4919996024647,0.9600000000000006,0.03999999999999935,0.0,0.0,,
2026-07-23 06:50:00+03:00,15,A,True,12.444029850746269,1.0,0.0,0.0,0.0,,
2026-07-23 06:50:00+03:00,15,M,False,,,,,,,
2026-07-23 06:50:00+03:00,15,V,True,14.475311881024286,0.9223809523809532,0.07761904761904687,0.0,0.0,,
2026-07-23 06:55:00+03:00,15,A,True,12.444029850746269,1.0,0.0,0.0,0.0,,
2026-07-23 06:55:00+03:00,15,M,False,,,,,,,
2026-07-23 06:55:00+03:00,15,V,True,15.82692353078619,0.8704761904761897,0.1295238095238103,0.0,0.0,,
2026-07-23 07:00:00+03:00,15,A,True,12.444029850746269,1.0,0.0,0.0,0.0,,
2026-07-23 07:00:00+03:00,15,M,False,,,,,,,
2026-07-23 07:00:00+03:00,15,V,True,17.25713256840831,0.8147619047619044,0.18523809523809567,0.0,0.0,,
2026-07-23 07:05:00+03:00,15,A,True,12.444029850746269,1.0,0.0,0.0,0.0,,
2026-07-23 07:05:00+03:00,15,M,False,,,,,,,
2026-07-23 07:05:00+03:00,15,V,True,17.568426026967874,0.8026190476190469,0.19738095238095313,0.0,0.0,,
2026-07-23 07:10:00+03:00,15,A,True,12.444029850746269,1.0,0.0,0.0,0.0,,
2026-07-23 07:10:00+03:00,15,M,False,,,,,,,
2026-07-23 07:10:00+03:00,15,V,True,16.860168941943297,0.8302380952380953,0.16976190476190464,0.0,0.0,,
2026-07-23 07:15:00+03:00,15,A,True,12.444029850746269,1.0,0.0,0.0,0.0,,
2026-07-23 07:15:00+03:00,15,M,False,,,,,,,
2026-07-23 07:15:00+03:00,15,V,True,15.863635022715188,0.8690476190476196,0.1309523809523804,0.0,0.0,,
2026-07-23 07:20:00+03:00,15,A,True,12.444029850746269,1.0,0.0,0.0,0.0,,
2026-07-23 07:20:00+03:00,15,M,False,,,,,,,
2026-07-23 07:20:00+03:00,15,V,True,16.548534729413195,0.8423809523809528,0.1576190476190472,0.0,0.0,,
2026-07-23 07:25:00+03:00,15,A,True,12.444029850746269,1.0,0.0,0.0,0.0,,
2026-07-23 07:25:00+03:00,15,M,False,,,,,,,
2026-07-23 07:25:00+03:00,15,V,True,17.855171816568767,0.7914285714285711,0.2085714285714289,0.0,0.0,,
2026-07-23 07:30:00+03:00,15,A,True,12.444029850746269,1.0,0.0,0.0,0.0,,
2026-07-23 07:30:00+03:00,15,M,False,,,,,,,
2026-07-23 07:30:00+03:00,15,V,True,17.7026632761997,0.7973809523809532,0.20261904761904687,0.0,0.0,,
2026-07-23 07:35:00+03:00,15,A,True,12.444029850746269,1.0,0.0,0.0,0.0,,
2026-07-23 07:35:00+03:00,15,M,False,,,,,,,
2026-07-23 07:35:00+03:00,15,V,True,16.823513874903007,0.8316666666666671,0.1683333333333329,0.0,0.0,,
2026-07-23 07:40:00+03:00,15,A,True,12.444029850746269,1.0,0.0,0.0,0.0,,
2026-07-23 07:40:00+03:00,15,M,False,,,,,,,
2026-07-23 07:40:00+03:00,15,V,True,15.930934024311686,0.8664285714285711,0.1335714285714289,0.0,0.0,,
2026-07-23 07:45:00+03:00,15,A,True,12.444029850746269,1.0,0.0,0.0,0.0,,
2026-07-23 07:45:00+03:00,15,M,False,,,,,,,
2026-07-23 07:45:00+03:00,15,V,True,15.36957805010509,0.8880952380952376,0.11190476190476245,0.0,0.0,,
2026-07-23 07:50:00+03:00,15,A,True,12.444029850746269,1.0,0.0,0.0,0.0,,
2026-07-23 07:50:00+03:00,15,M,False,,,,,,,
2026-07-23 07:50:00+03:00,15,V,True,14.021270683608492,0.9397619047619044,0.060238095238095674,0.0,0.0,,
2026-07-23 07:55:00+03:00,15,A,True,12.444029850746269,1.0,0.0,0.0,0.0,,
2026-07-23 07:55:00+03:00,15,M,False,,,,,,,
2026-07-23 07:55:00+03:00,15,V,True,12.812351844879078,0.9859523809523807,0.014047619047619263,0.0,0.0,,
2026-07-23 08:00:00+03:00,15,A,True,12.444029850746269,1.0,0.0,0.0,0.0,,
2026-07-23 08:00:00+03:00,15,M,False,,,,,,,
2026-07-23 08:00:00+03:00,15,V,True,12.849791022863178,0.984523809523809,0.015476190476191018,0.0,0.0,,
2026-07-23 08:05:00+03:00,15,A,True,12.444029850746269,1.0,0.0,0.0,0.0,,
2026-07-23 08:05:00+03:00,15,M,False,,,,,,,
2026-07-23 08:05:00+03:00,15,V,True,12.856030575565127,0.984285714285714,0.015714285714286038,0.0,0.0,,
2026-07-23 08:10:00+03:00,15,A,True,12.444029850746269,1.0,0.0,0.0,0.0,,
2026-07-23 08:10:00+03:00,15,M,False,,,,,,,
2026-07-23 08:10:00+03:00,15,V,True,12.625108068225694,0.9930952380952379,0.006904761904762122,0.0,0.0,,
2026-07-23 08:15:00+03:00,15,A,True,12.444029850746269,1.0,0.0,0.0,0.0,,
2026-07-23 08:15:00+03:00,15,M,False,,,,,,,
2026-07-23 08:15:00+03:00,15,V,True,12.444029850746269,1.0,0.0,0.0,0.0,,
2026-07-23 08:20:00+03:00,15,A,True,12.444029850746269,1.0,0.0,0.0,0.0,,
2026-07-23 08:20:00+03:00,15,M,False,,,,,,,
2026-07-23 08:20:00+03:00,15,V,True,12.444029850746269,1.0,0.0,0.0,0.0,,
2026-07-23 08:25:00+03:00,15,A,True,12.444029850746269,1.0,0.0,0.0,0.0,,
2026-07-23 08:25:00+03:00,15,M,False,,,,,,,
2026-07-23 08:25:00+03:00,15,V,True,12.444029850746269,1.0,0.0,0.0,0.0,,
2026-07-23 08:30:00+03:00,15,A,True,12.444029850746269,1.0,0.0,0.0,0.0,,
2026-07-23 08:30:00+03:00,15,M,False,,,,,,,
2026-07-23 08:30:00+03:00,15,V,True,12.444029850746269,1.0,0.0,0.0,0.0,,
2026-07-23 08:35:00+03:00,15,A,True,12.444029850746269,1.0,0.0,0.0,0.0,,
2026-07-23 08:35:00+03:00,15,M,False,,,,,,,
2026-07-23 08:35:00+03:00,15,V,True,12.444029850746269,1.0,0.0,0.0,0.0,,
2026-07-23 08:40:00+03:00,15,A,True,12.444029850746269,1.0,0.0,0.0,0.0,,
2026-07-23 08:40:00+03:00,15,M,False,,,,,,,
2026-07-23 08:40:00+03:00,15,V,True,12.444029850746269,1.0,0.0,0.0,0.0,,
2026-07-23 08:45:00+03:00,15,A,True,12.444029850746269,1.0,0.0,0.0,0.0,,
2026-07-23 08:45:00+03:00,15,M,False,,,,,,,
2026-07-23 08:45:00+03:00,15,V,True,12.444029850746269,1.0,0.0,0.0,0.0,,
2026-07-23 08:50:00+03:00,15,A,True,12.444029850746269,1.0,0.0,0.0,0.0,,
2026-07-23 08:50:00+03:00,15,M,False,,,,,,,
2026-07-23 08:50:00+03:00,15,V,True,12.444029850746269,1.0,0.0,0.0,0.0,,
2026-07-23 08:55:00+03:00,15,A,True,12.444029850746269,1.0,0.0,0.0,0.0,,
2026-07-23 08:55:00+03:00,15,M,False,,,,,,,
2026-07-23 08:55:00+03:00,15,V,True,12.444029850746269,1.0,0.0,0.0,0.0,,
2026-07-23 09:00:00+03:00,15,A,True,12.444029850746269,1.0,0.0,0.0,0.0,,
2026-07-23 09:00:00+03:00,15,M,False,,,,,,,
2026-07-23 09:00:00+03:00,15,V,True,12.444029850746269,1.0,0.0,0.0,0.0,,
2026-07-23 09:05:00+03:00,15,A,True,12.444029850746269,1.0,0.0,0.0,0.0,,
2026-07-23 09:05:00+03:00,15,M,False,,,,,,,
2026-07-23 09:05:00+03:00,15,V,True,12.444029850746269,1.0,0.0,0.0,0.0,,
2026-07-23 09:10:00+03:00,15,A,True,12.444029850746269,1.0,0.0,0.0,0.0,,
2026-07-23 09:10:00+03:00,15,M,False,,,,,,,
2026-07-23 09:10:00+03:00,15,V,True,12.444029850746269,1.0,0.0,0.0,0.0,,
2026-07-23 09:15:00+03:00,15,A,True,12.444029850746269,1.0,0.0,0.0,0.0,,
2026-07-23 09:15:00+03:00,15,M,False,,,,,,,
2026-07-23 09:15:00+03:00,15,V,True,12.444029850746269,1.0,0.0,0.0,0.0,,
2026-07-23 09:20:00+03:00,15,A,True,12.444029850746269,1.0,0.0,0.0,0.0,,
2026-07-23 09:20:00+03:00,15,M,False,,,,,,,
2026-07-23 09:20:00+03:00,15,V,True,12.444029850746269,1.0,0.0,0.0,0.0,,
2026-07-23 09:25:00+03:00,15,A,True,12.444029850746269,1.0,0.0,0.0,0.0,,
2026-07-23 09:25:00+03:00,15,M,False,,,,,,,
2026-07-23 09:25:00+03:00,15,V,True,12.444029850746269,1.0,0.0,0.0,0.0,,
2026-07-23 09:30:00+03:00,15,A,True,12.444029850746269,1.0,0.0,0.0,0.0,,
2026-07-23 09:30:00+03:00,15,M,False,,,,,,,
2026-07-23 09:30:00+03:00,15,V,True,12.444029850746269,1.0,0.0,0.0,0.0,,
2026-07-23 09:35:00+03:00,15,A,True,12.444029850746269,1.0,0.0,0.0,0.0,,
2026-07-23 09:35:00+03:00,15,M,False,,,,,,,
2026-07-23 09:35:00+03:00,15,V,True,12.444029850746269,1.0,0.0,0.0,0.0,,
2026-07-23 09:40:00+03:00,15,A,True,12.444029850746269,1.0,0.0,0.0,0.0,,
2026-07-23 09:40:00+03:00,15,M,False,,,,,,,
2026-07-23 09:40:00+03:00,15,V,True,12.444029850746269,1.0,0.0,0.0,0.0,,
2026-07-23 09:45:00+03:00,15,A,True,12.444029850746269,1.0,0.0,0.0,0.0,,
2026-07-23 09:45:00+03:00,15,M,False,,,,,,,
2026-07-23 09:45:00+03:00,15,V,True,12.444029850746269,1.0,0.0,0.0,0.0,,
2026-07-23 09:50:00+03:00,15,A,True,12.444029850746269,1.0,0.0,0.0,0.0,,
2026-07-23 09:50:00+03:00,15,M,False,,,,,,,
2026-07-23 09:50:00+03:00,15,V,True,12.444029850746269,1.0,0.0,0.0,0.0,,
2026-07-23 09:55:00+03:00,15,A,True,12.444029850746269,1.0,0.0,0.0,0.0,,
2026-07-23 09:55:00+03:00,15,M,False,,,,,,,
2026-07-23 09:55:00+03:00,15,V,True,12.444029850746269,1.0,0.0,0.0,0.0,,
2026-07-23 10:00:00+03:00,15,A,True,12.444029850746269,1.0,0.0,0.0,0.0,,
2026-07-23 10:00:00+03:00,15,M,False,,,,,,,
2026-07-23 10:00:00+03:00,15,V,True,12.444029850746269,1.0,0.0,0.0,0.0,,
2026-07-23 10:05:00+03:00,15,A,True,12.444029850746269,1.0,0.0,0.0,0.0,,
2026-07-23 10:05:00+03:00,15,M,False,,,,,,,
2026-07-23 10:05:00+03:00,15,V,True,12.444029850746269,1.0,0.0,0.0,0.0,,
2026-07-23 10:10:00+03:00,15,A,True,12.444029850746269,1.0,0.0,0.0,0.0,,
2026-07-23 10:10:00+03:00,15,M,False,,,,,,,
2026-07-23 10:10:00+03:00,15,V,True,12.444029850746269,1.0,0.0,0.0,0.0,,
2026-07-23 10:15:00+03:00,15,A,True,12.444029850746269,1.0,0.0,0.0,0.0,,
2026-07-23 10:15:00+03:00,15,M,False,,,,,,,
2026-07-23 10:15:00+03:00,15,V,True,37.5,0.0,1.0,0.0,0.0,,
2026-07-23 10:20:00+03:00,15,A,True,12.444029850746269,1.0,0.0,0.0,0.0,,
2026-07-23 10:20:00+03:00,15,M,False,,,,,,,
2026-07-23 10:20:00+03:00,15,V,True,62.5,0.0,0.0,1.0,0.0,,
2026-07-23 10:25:00+03:00,15,A,True,12.444029850746269,1.0,0.0,0.0,0.0,,
2026-07-23 10:25:00+03:00,15,M,False,,,,,,,
2026-07-23 10:25:00+03:00,15,V,True,62.5,0.0,0.0,1.0,0.0,,
2026-07-23 10:30:00+03:00,15,A,True,12.444029850746269,1.0,0.0,0.0,0.0,,
2026-07-23 10:30:00+03:00,15,M,False,,,,,,,
2026-07-23 10:30:00+03:00,15,V,True,62.5,0.0,0.0,1.0,0.0,,
2026-07-23 10:35:00+03:00,15,A,True,12.444029850746269,1.0,0.0,0.0,0.0,,
2026-07-23 10:35:00+03:00,15,M,False,,,,,,,
2026-07-23 10:35:00+03:00,15,V,True,62.5,0.0,0.0,1.0,0.0,,
2026-07-23 10:40:00+03:00,15,A,True,12.444029850746269,1.0,0.0,0.0,0.0,,
2026-07-23 10:40:00+03:00,15,M,False,,,,,,,
2026-07-23 10:40:00+03:00,15,V,True,62.5,0.0,0.0,1.0,0.0,,
2026-07-23 10:45:00+03:00,15,A,True,12.444029850746269,1.0,0.0,0.0,0.0,,
2026-07-23 10:45:00+03:00,15,M,False,,,,,,,
2026-07-23 10:45:00+03:00,15,V,True,62.5,0.0,0.0,1.0,0.0,,
2026-07-23 10:50:00+03:00,15,A,True,12.444029850746269,1.0,0.0,0.0,0.0,,
2026-07-23 10:50:00+03:00,15,M,False,,,,,,,
2026-07-23 10:50:00+03:00,15,V,True,62.5,0.0,0.0,1.0,0.0,,
2026-07-23 10:55:00+03:00,15,A,True,12.444029850746269,1.0,0.0,0.0,0.0,,
2026-07-23 10:55:00+03:00,15,M,False,,,,,,,
2026-07-23 10:55:00+03:00,15,V,True,62.5,0.0,0.0,1.0,0.0,,
2026-07-23 11:00:00+03:00,15,A,True,12.444029850746269,1.0,0.0,0.0,0.0,,
2026-07-23 11:00:00+03:00,15,M,False,,,,,,,
2026-07-23 11:00:00+03:00,15,V,True,62.5,0.0,0.0,1.0,0.0,,
2026-07-23 11:05:00+03:00,15,A,True,12.444029850746269,1.0,0.0,0.0,0.0,,
2026-07-23 11:05:00+03:00,15,M,False,,,,,,,
2026-07-23 11:05:00+03:00,15,V,True,62.5,0.0,0.0,1.0,0.0,,
2026-07-23 11:10:00+03:00,15,A,True,12.444029850746269,1.0,0.0,0.0,0.0,,
2026-07-23 11:10:00+03:00,15,M,False,,,,,,,
2026-07-23 11:10:00+03:00,15,V,True,62.5,0.0,0.0,1.0,0.0,,
2026-07-23 11:15:00+03:00,15,A,True,12.444029850746269,1.0,0.0,0.0,0.0,,
2026-07-23 11:15:00+03:00,15,M,False,,,,,,,
2026-07-23 11:15:00+03:00,15,V,True,62.5,0.0,0.0,1.0,0.0,,
2026-07-23 11:20:00+03:00,15,A,True,12.444029850746269,1.0,0.0,0.0,0.0,,
2026-07-23 11:20:00+03:00,15,M,False,,,,,,,
2026-07-23 11:20:00+03:00,15,V,True,62.5,0.0,0.0,1.0,0.0,,
2026-07-23 11:25:00+03:00,15,A,True,12.444029850746269,1.0,0.0,0.0,0.0,,
2026-07-23 11:25:00+03:00,15,M,False,,,,,,,
2026-07-23 11:25:00+03:00,15,V,True,62.5,0.0,0.0,1.0,0.0,,
2026-07-23 11:30:00+03:00,15,A,True,12.444029850746269,1.0,0.0,0.0,0.0,,
2026-07-23 11:30:00+03:00,15,M,False,,,,,,,
2026-07-23 11:30:00+03:00,15,V,True,62.5,0.0,0.0,1.0,0.0,,
2026-07-23 11:35:00+03:00,15,A,True,12.444029850746269,1.0,0.0,0.0,0.0,,
2026-07-23 11:35:00+03:00,15,M,False,,,,,,,
2026-07-23 11:35:00+03:00,15,V,True,62.5,0.0,0.0,1.0,0.0,,
2026-07-23 11:40:00+03:00,15,A,True,12.444029850746269,1.0,0.0,0.0,0.0,,
2026-07-23 11:40:00+03:00,15,M,False,,,,,,,
2026-07-23 11:40:00+03:00,15,V,True,62.5,0.0,0.0,1.0,0.0,,
2026-07-23 11:45:00+03:00,15,A,True,37.5,0.0,1.0,0.0,0.0,,
2026-07-23 11:45:00+03:00,15,M,False,,,,,,,
2026-07-23 11:45:00+03:00,15,V,True,62.5,0.0,0.0,1.0,0.0,,
2026-07-23 11:50:00+03:00,15,A,True,62.5,0.0,0.0,1.0,0.0,,
2026-07-23 11:50:00+03:00,15,M,False,,,,,,,
2026-07-23 11:50:00+03:00,15,V,True,62.5,0.0,0.0,1.0,0.0,,
2026-07-23 11:55:00+03:00,15,A,True,62.5,0.0,0.0,1.0,0.0,,
2026-07-23 11:55:00+03:00,15,M,False,,,,,,,
2026-07-23 11:55:00+03:00,15,V,True,62.5,0.0,0.0,1.0,0.0,,
2026-07-23 12:00:00+03:00,15,A,True,41.36076276120601,0.0,0.8490417416890459,0.1509582583109541,0.0,,
2026-07-23 12:00:00+03:00,15,M,False,,,,,,,
2026-07-23 12:00:00+03:00,15,V,True,62.5,0.0,0.0,1.0,0.0,,
2026-07-23 12:05:00+03:00,15,A,True,27.42879655023315,0.40934681097666437,0.5906531890233356,0.0,0.0,,
2026-07-23 12:05:00+03:00,15,M,False,,,,,,,
2026-07-23 12:05:00+03:00,15,V,True,62.5,0.0,0.0,1.0,0.0,,
2026-07-23 12:10:00+03:00,15,A,True,12.444029850746269,1.0,0.0,0.0,0.0,,
2026-07-23 12:10:00+03:00,15,M,False,,,,,,,
2026-07-23 12:10:00+03:00,15,V,True,47.020262216924905,0.0,0.6214285714285714,0.37857142857142856,0.0,,
2026-07-23 12:15:00+03:00,15,A,True,12.444029850746269,1.0,0.0,0.0,0.0,,
2026-07-23 12:15:00+03:00,15,M,False,,,,,,,
2026-07-23 12:15:00+03:00,15,V,True,37.5,0.0,1.0,0.0,0.0,,
2026-07-23 12:20:00+03:00,15,A,True,12.444029850746269,1.0,0.0,0.0,0.0,,
2026-07-23 12:20:00+03:00,15,M,False,,,,,,,
2026-07-23 12:20:00+03:00,15,V,True,12.444029850746269,1.0,0.0,0.0,0.0,,
2026-07-23 12:25:00+03:00,15,A,True,12.444029850746269,1.0,0.0,0.0,0.0,,
2026-07-23 12:25:00+03:00,15,M,False,,,,,,,
2026-07-23 12:25:00+03:00,15,V,True,12.444029850746269,1.0,0.0,0.0,0.0,,
2026-07-23 12:30:00+03:00,15,A,True,12.444029850746269,1.0,0.0,0.0,0.0,,
2026-07-23 12:30:00+03:00,15,M,False,,,,,,,
2026-07-23 12:30:00+03:00,15,V,True,12.444029850746269,1.0,0.0,0.0,0.0,,
2026-07-23 12:35:00+03:00,15,A,True,12.444029850746269,1.0,0.0,0.0,0.0,,
2026-07-23 12:35:00+03:00,15,M,False,,,,,,,
2026-07-23 12:35:00+03:00,15,V,True,12.444029850746269,1.0,0.0,0.0,0.0,,
2026-07-23 12:40:00+03:00,15,A,True,12.444029850746269,1.0,0.0,0.0,0.0,,
2026-07-23 12:40:00+03:00,15,M,False,,,,,,,
2026-07-23 12:40:00+03:00,15,V,True,12.444029850746269,1.0,0.0,0.0,0.0,,
2026-07-23 12:45:00+03:00,15,A,True,12.444029850746269,1.0,0.0,0.0,0.0,,
2026-07-23 12:45:00+03:00,15,M,False,,,,,,,
2026-07-23 12:45:00+03:00,15,V,True,12.444029850746269,1.0,0.0,0.0,0.0,,
2026-07-23 12:50:00+03:00,15,A,True,12.444029850746269,1.0,0.0,0.0,0.0,,
2026-07-23 12:50:00+03:00,15,M,False,,,,,,,
2026-07-23 12:50:00+03:00,15,V,True,12.444029850746269,1.0,0.0,0.0,0.0,,
2026-07-23 12:55:00+03:00,15,A,True,12.444029850746269,1.0,0.0,0.0,0.0,,
2026-07-23 12:55:00+03:00,15,M,False,,,,,,,
2026-07-23 12:55:00+03:00,15,V,True,12.444029850746269,1.0,0.0,0.0,0.0,,
2026-07-23 13:00:00+03:00,15,A,True,12.444029850746269,1.0,0.0,0.0,0.0,,
2026-07-23 13:00:00+03:00,15,M,False,,,,,,,
2026-07-23 13:00:00+03:00,15,V,True,12.444029850746269,1.0,0.0,0.0,0.0,,
2026-07-23 13:05:00+03:00,15,A,True,12.444029850746269,1.0,0.0,0.0,0.0,,
2026-07-23 13:05:00+03:00,15,M,False,,,,,,,
2026-07-23 13:05:00+03:00,15,V,True,12.444029850746269,1.0,0.0,0.0,0.0,,
2026-07-23 13:10:00+03:00,15,A,True,12.444029850746269,1.0,0.0,0.0,0.0,,
2026-07-23 13:10:00+03:00,15,M,False,,,,,,,
2026-07-23 13:10:00+03:00,15,V,True,12.444029850746269,1.0,0.0,0.0,0.0,,
2026-07-23 13:15:00+03:00,15,A,True,12.444029850746269,1.0,0.0,0.0,0.0,,
2026-07-23 13:15:00+03:00,15,M,False,,,,,,,
2026-07-23 13:15:00+03:00,15,V,True,12.444029850746269,1.0,0.0,0.0,0.0,,
2026-07-23 13:20:00+03:00,15,A,True,12.444029850746269,1.0,0.0,0.0,0.0,,
2026-07-23 13:20:00+03:00,15,M,False,,,,,,,
2026-07-23 13:20:00+03:00,15,V,True,12.444029850746269,1.0,0.0,0.0,0.0,,
2026-07-23 13:25:00+03:00,15,A,True,12.444029850746269,1.0,0.0,0.0,0.0,,
2026-07-23 13:25:00+03:00,15,M,False,,,,,,,
2026-07-23 13:25:00+03:00,15,V,True,12.444029850746269,1.0,0.0,0.0,0.0,,
2026-07-23 13:30:00+03:00,15,A,True,12.444029850746269,1.0,0.0,0.0,0.0,,
2026-07-23 13:30:00+03:00,15,M,False,,,,,,,
2026-07-23 13:30:00+03:00,15,V,True,12.444029850746269,1.0,0.0,0.0,0.0,,
2026-07-23 13:35:00+03:00,15,A,True,12.444029850746269,1.0,0.0,0.0,0.0,,
2026-07-23 13:35:00+03:00,15,M,False,,,,,,,
2026-07-23 13:35:00+03:00,15,V,True,12.444029850746269,1.0,0.0,0.0,0.0,,
2026-07-23 13:40:00+03:00,15,A,True,12.444029850746269,1.0,0.0,0.0,0.0,,
2026-07-23 13:40:00+03:00,15,M,False,,,,,,,
2026-07-23 13:40:00+03:00,15,V,True,12.444029850746269,1.0,0.0,0.0,0.0,,
2026-07-23 13:45:00+03:00,15,A,True,12.444029850746269,1.0,0.0,0.0,0.0,,
2026-07-23 13:45:00+03:00,15,M,False,,,,,,,
2026-07-23 13:45:00+03:00,15,V,True,12.444029850746269,1.0,0.0,0.0,0.0,,
2026-07-23 13:50:00+03:00,15,A,True,12.444029850746269,1.0,0.0,0.0,0.0,,
2026-07-23 13:50:00+03:00,15,M,False,,,,,,,
2026-07-23 13:50:00+03:00,15,V,True,12.444029850746269,1.0,0.0,0.0,0.0,,
2026-07-23 13:55:00+03:00,15,A,True,12.444029850746269,1.0,0.0,0.0,0.0,,
2026-07-23 13:55:00+03:00,15,M,False,,,,,,,
2026-07-23 13:55:00+03:00,15,V,True,12.444029850746269,1.0,0.0,0.0,0.0,,
2026-07-23 14:00:00+03:00,15,A,True,12.444029850746269,1.0,0.0,0.0,0.0,,
2026-07-23 14:00:00+03:00,15,M,False,,,,,,,
2026-07-23 14:00:00+03:00,15,V,True,12.444029850746269,1.0,0.0,0.0,0.0,,
2026-07-23 14:05:00+03:00,15,A,True,12.444029850746269,1.0,0.0,0.0,0.0,,
2026-07-23 14:05:00+03:00,15,M,False,,,,,,,
2026-07-23 14:05:00+03:00,15,V,True,12.444029850746269,1.0,0.0,0.0,0.0,,
2026-07-23 14:10:00+03:00,15,A,True,12.444029850746269,1.0,0.0,0.0,0.0,,
2026-07-23 14:10:00+03:00,15,M,False,,,,,,,
2026-07-23 14:10:00+03:00,15,V,True,12.444029850746269,1.0,0.0,0.0,0.0,,
2026-07-23 14:15:00+03:00,15,A,True,12.444029850746269,1.0,0.0,0.0,0.0,,
2026-07-23 14:15:00+03:00,15,M,False,,,,,,,
2026-07-23 14:15:00+03:00,15,V,True,12.444029850746269,1.0,0.0,0.0,0.0,,
2026-07-23 14:20:00+03:00,15,A,True,12.444029850746269,1.0,0.0,0.0,0.0,,
2026-07-23 14:20:00+03:00,15,M,False,,,,,,,
2026-07-23 14:20:00+03:00,15,V,True,12.444029850746269,1.0,0.0,0.0,0.0,,
2026-07-23 14:25:00+03:00,15,A,True,12.444029850746269,1.0,0.0,0.0,0.0,,
2026-07-23 14:25:00+03:00,15,M,False,,,,,,,
2026-07-23 14:25:00+03:00,15,V,True,12.444029850746269,1.0,0.0,0.0,0.0,,
2026-07-23 14:30:00+03:00,15,A,True,12.444029850746269,1.0,0.0,0.0,0.0,,
2026-07-23 14:30:00+03:00,15,M,False,,,,,,,
2026-07-23 14:30:00+03:00,15,V,True,12.444029850746269,1.0,0.0,0.0,0.0,,
2026-07-23 14:35:00+03:00,15,A,True,12.444029850746269,1.0,0.0,0.0,0.0,,
2026-07-23 14:35:00+03:00,15,M,False,,,,,,,
2026-07-23 14:35:00+03:00,15,V,True,12.444029850746269,1.0,0.0,0.0,0.0,,
2026-07-23 14:40:00+03:00,15,A,True,12.444029850746269,1.0,0.0,0.0,0.0,,
2026-07-23 14:40:00+03:00,15,M,False,,,,,,,
2026-07-23 14:40:00+03:00,15,V,True,12.444029850746269,1.0,0.0,0.0,0.0,,
2026-07-23 14:45:00+03:00,15,A,True,12.444029850746269,1.0,0.0,0.0,0.0,,
2026-07-23 14:45:00+03:00,15,M,False,,,,,,,
2026-07-23 14:45:00+03:00,15,V,True,12.444029850746269,1.0,0.0,0.0,0.0,,
2026-07-23 14:50:00+03:00,15,A,True,12.444029850746269,1.0,0.0,0.0,0.0,,
2026-07-23 14:50:00+03:00,15,M,False,,,,,,,
2026-07-23 14:50:00+03:00,15,V,True,12.444029850746269,1.0,0.0,0.0,0.0,,
2026-07-23 14:55:00+03:00,15,A,True,12.444029850746269,1.0,0.0,0.0,0.0,,
2026-07-23 14:55:00+03:00,15,M,False,,,,,,,
2026-07-23 14:55:00+03:00,15,V,True,12.444029850746269,1.0,0.0,0.0,0.0,,
2026-07-23 15:00:00+03:00,15,A,True,12.444029850746269,1.0,0.0,0.0,0.0,,
2026-07-23 15:00:00+03:00,15,M,False,,,,,,,
2026-07-23 15:00:00+03:00,15,V,True,12.444029850746269,1.0,0.0,0.0,0.0,,
2026-07-23 15:05:00+03:00,15,A,True,12.444029850746269,1.0,0.0,0.0,0.0,,
2026-07-23 15:05:00+03:00,15,M,False,,,,,,,
2026-07-23 15:05:00+03:00,15,V,True,12.444029850746269,1.0,0.0,0.0,0.0,,
2026-07-23 15:10:00+03:00,15,A,True,12.444029850746269,1.0,0.0,0.0,0.0,,
2026-07-23 15:10:00+03:00,15,M,False,,,,,,,
2026-07-23 15:10:00+03:00,15,V,True,12.444029850746269,1.0,0.0,0.0,0.0,,
2026-07-23 15:15:00+03:00,15,A,True,12.444029850746269,1.0,0.0,0.0,0.0,,
2026-07-23 15:15:00+03:00,15,M,False,,,,,,,
2026-07-23 15:15:00+03:00,15,V,True,12.444029850746269,1.0,0.0,0.0,0.0,,
2026-07-23 15:20:00+03:00,15,A,True,12.444029850746269,1.0,0.0,0.0,0.0,,
2026-07-23 15:20:00+03:00,15,M,False,,,,,,,
2026-07-23 15:20:00+03:00,15,V,True,12.444029850746269,1.0,0.0,0.0,0.0,,
2026-07-23 15:25:00+03:00,15,A,True,12.444029850746269,1.0,0.0,0.0,0.0,,
2026-07-23 15:25:00+03:00,15,M,False,,,,,,,
2026-07-23 15:25:00+03:00,15,V,True,12.444029850746269,1.0,0.0,0.0,0.0,,
2026-07-23 15:30:00+03:00,15,A,True,12.444029850746269,1.0,0.0,0.0,0.0,,
2026-07-23 15:30:00+03:00,15,M,False,,,,,,,
2026-07-23 15:30:00+03:00,15,V,True,12.444029850746269,1.0,0.0,0.0,0.0,,
2026-07-23 15:35:00+03:00,15,A,True,12.444029850746269,1.0,0.0,0.0,0.0,,
2026-07-23 15:35:00+03:00,15,M,False,,,,,,,
2026-07-23 15:35:00+03:00,15,V,True,12.444029850746269,1.0,0.0,0.0,0.0,,
2026-07-23 15:40:00+03:00,15,A,True,12.444029850746269,1.0,0.0,0.0,0.0,,
2026-07-23 15:40:00+03:00,15,M,False,,,,,,,
2026-07-23 15:40:00+03:00,15,V,True,12.444029850746269,1.0,0.0,0.0,0.0,,
2026-07-23 15:45:00+03:00,15,A,True,12.444029850746269,1.0,0.0,0.0,0.0,,
2026-07-23 15:45:00+03:00,15,M,False,,,,,,,
2026-07-23 15:45:00+03:00,15,V,True,12.444029850746269,1.0,0.0,0.0,0.0,,
2026-07-23 15:50:00+03:00,15,A,True,12.444029850746269,1.0,0.0,0.0,0.0,,
2026-07-23 15:50:00+03:00,15,M,False,,,,,,,
2026-07-23 15:50:00+03:00,15,V,True,12.444029850746269,1.0,0.0,0.0,0.0,,
2026-07-23 15:55:00+03:00,15,A,True,12.444029850746269,1.0,0.0,0.0,0.0,,
2026-07-23 15:55:00+03:00,15,M,False,,,,,,,
2026-07-23 15:55:00+03:00,15,V,True,12.444029850746269,1.0,0.0,0.0,0.0,,
2026-07-23 16:00:00+03:00,15,A,True,12.444029850746269,1.0,0.0,0.0,0.0,,
2026-07-23 16:00:00+03:00,15,M,False,,,,,,,
2026-07-23 16:00:00+03:00,15,V,True,12.444029850746269,1.0,0.0,0.0,0.0,,
2026-07-23 16:05:00+03:00,15,A,True,12.444029850746269,1.0,0.0,0.0,0.0,,
2026-07-23 16:05:00+03:00,15,M,False,,,,,,,
2026-07-23 16:05:00+03:00,15,V,True,12.444029850746269,1.0,0.0,0.0,0.0,,
2026-07-23 16:10:00+03:00,15,A,True,12.444029850746269,1.0,0.0,0.0,0.0,,
2026-07-23 16:10:00+03:00,15,M,False,,,,,,,
2026-07-23 16:10:00+03:00,15,V,True,12.444029850746269,1.0,0.0,0.0,0.0,,
2026-07-23 16:15:00+03:00,15,A,True,12.444029850746269,1.0,0.0,0.0,0.0,,
2026-07-23 16:15:00+03:00,15,M,False,,,,,,,
2026-07-23 16:15:00+03:00,15,V,True,12.444029850746269,1.0,0.0,0.0,0.0,,
2026-07-23 16:20:00+03:00,15,A,True,12.444029850746269,1.0,0.0,0.0,0.0,,
2026-07-23 16:20:00+03:00,15,M,False,,,,,,,
2026-07-23 16:20:00+03:00,15,V,True,12.444029850746269,1.0,0.0,0.0,0.0,,
2026-07-23 16:25:00+03:00,15,A,True,12.444029850746269,1.0,0.0,0.0,0.0,,
2026-07-23 16:25:00+03:00,15,M,False,,,,,,,
2026-07-23 16:25:00+03:00,15,V,True,12.444029850746269,1.0,0.0,0.0,0.0,,
2026-07-23 16:30:00+03:00,15,A,True,12.444029850746269,1.0,0.0,0.0,0.0,,
2026-07-23 16:30:00+03:00,15,M,False,,,,,,,
2026-07-23 16:30:00+03:00,15,V,True,12.444029850746269,1.0,0.0,0.0,0.0,,
2026-07-23 16:35:00+03:00,15,A,True,12.444029850746269,1.0,0.0,0.0,0.0,,
2026-07-23 16:35:00+03:00,15,M,False,,,,,,,
2026-07-23 16:35:00+03:00,15,V,True,12.444029850746269,1.0,0.0,0.0,0.0,,
2026-07-23 16:40:00+03:00,15,A,True,12.444029850746269,1.0,0.0,0.0,0.0,,
2026-07-23 16:40:00+03:00,15,M,False,,,,,,,
2026-07-23 16:40:00+03:00,15,V,True,12.444029850746269,1.0,0.0,0.0,0.0,,
2026-07-23 16:45:00+03:00,15,A,True,12.444029850746269,1.0,0.0,0.0,0.0,,
2026-07-23 16:45:00+03:00,15,M,False,,,,,,,
2026-07-23 16:45:00+03:00,15,V,True,12.444029850746269,1.0,0.0,0.0,0.0,,
2026-07-23 16:50:00+03:00,15,A,True,12.444029850746269,1.0,0.0,0.0,0.0,,
2026-07-23 16:50:00+03:00,15,M,False,,,,,,,
2026-07-23 16:50:00+03:00,15,V,True,12.444029850746269,1.0,0.0,0.0,0.0,,
2026-07-23 16:55:00+03:00,15,A,True,12.444029850746269,1.0,0.0,0.0,0.0,,
2026-07-23 16:55:00+03:00,15,M,False,,,,,,,
2026-07-23 16:55:00+03:00,15,V,True,12.444029850746269,1.0,0.0,0.0,0.0,,
2026-07-23 17:00:00+03:00,15,A,True,12.444029850746269,1.0,0.0,0.0,0.0,,
2026-07-23 17:00:00+03:00,15,M,False,,,,,,,
2026-07-23 17:00:00+03:00,15,V,True,12.444029850746269,1.0,0.0,0.0,0.0,,
2026-07-23 17:05:00+03:00,15,A,True,12.444029850746269,1.0,0.0,0.0,0.0,,
2026-07-23 17:05:00+03:00,15,M,False,,,,,,,
2026-07-23 17:05:00+03:00,15,V,True,12.444029850746269,1.0,0.0,0.0,0.0,,
2026-07-23 17:10:00+03:00,15,A,True,12.444029850746269,1.0,0.0,0.0,0.0,,
2026-07-23 17:10:00+03:00,15,M,False,,,,,,,
2026-07-23 17:10:00+03:00,15,V,True,12.444029850746269,1.0,0.0,0.0,0.0,,
2026-07-23 17:15:00+03:00,15,A,True,12.444029850746269,1.0,0.0,0.0,0.0,,
2026-07-23 17:15:00+03:00,15,M,False,,,,,,,
2026-07-23 17:15:00+03:00,15,V,True,12.444029850746269,1.0,0.0,0.0,0.0,,
2026-07-23 17:20:00+03:00,15,A,True,12.444029850746269,1.0,0.0,0.0,0.0,,
2026-07-23 17:20:00+03:00,15,M,False,,,,,,,
2026-07-23 17:20:00+03:00,15,V,True,12.444029850746269,1.0,0.0,0.0,0.0,,
2026-07-23 17:25:00+03:00,15,A,True,12.444029850746269,1.0,0.0,0.0,0.0,,
2026-07-23 17:25:00+03:00,15,M,False,,,,,,,
2026-07-23 17:25:00+03:00,15,V,True,12.444029850746269,1.0,0.0,0.0,0.0,,
2026-07-23 17:30:00+03:00,15,A,True,12.444029850746269,1.0,0.0,0.0,0.0,,
2026-07-23 17:30:00+03:00,15,M,False,,,,,,,
2026-07-23 17:30:00+03:00,15,V,True,12.444029850746269,1.0,0.0,0.0,0.0,,
2026-07-23 17:35:00+03:00,15,A,True,12.444029850746269,1.0,0.0,0.0,0.0,,
2026-07-23 17:35:00+03:00,15,M,False,,,,,,,
2026-07-23 17:35:00+03:00,15,V,True,12.444029850746269,1.0,0.0,0.0,0.0,,
2026-07-23 17:40:00+03:00,15,A,True,12.444029850746269,1.0,0.0,0.0,0.0,,
2026-07-23 17:40:00+03:00,15,M,False,,,,,,,
2026-07-23 17:40:00+03:00,15,V,True,12.444029850746269,1.0,0.0,0.0,0.0,,
2026-07-23 17:45:00+03:00,15,A,True,12.444029850746269,1.0,0.0,0.0,0.0,,
2026-07-23 17:45:00+03:00,15,M,False,,,,,,,
2026-07-23 17:45:00+03:00,15,V,True,12.444029850746269,1.0,0.0,0.0,0.0,,
2026-07-23 17:50:00+03:00,15,A,True,12.444029850746269,1.0,0.0,0.0,0.0,,
2026-07-23 17:50:00+03:00,15,M,False,,,,,,,
2026-07-23 17:50:00+03:00,15,V,True,12.444029850746269,1.0,0.0,0.0,0.0,,
2026-07-23 17:55:00+03:00,15,A,True,12.444029850746269,1.0,0.0,0.0,0.0,,
2026-07-23 17:55:00+03:00,15,M,False,,,,,,,
2026-07-23 17:55:00+03:00,15,V,True,12.444029850746269,1.0,0.0,0.0,0.0,,
2026-07-23 18:00:00+03:00,15,A,True,12.444029850746269,1.0,0.0,0.0,0.0,,
2026-07-23 18:00:00+03:00,15,M,False,,,,,,,
2026-07-23 18:00:00+03:00,15,V,True,12.444029850746269,1.0,0.0,0.0,0.0,,
2026-07-23 18:05:00+03:00,15,A,True,12.444029850746269,1.0,0.0,0.0,0.0,,
2026-07-23 18:05:00+03:00,15,M,False,,,,,,,
2026-07-23 18:05:00+03:00,15,V,True,12.444029850746269,1.0,0.0,0.0,0.0,,
2026-07-23 18:10:00+03:00,15,A,True,12.444029850746269,1.0,0.0,0.0,0.0,,
2026-07-23 18:10:00+03:00,15,M,False,,,,,,,
2026-07-23 18:10:00+03:00,15,V,True,12.444029850746269,1.0,0.0,0.0,0.0,,
2026-07-23 18:15:00+03:00,15,A,True,12.444029850746269,1.0,0.0,0.0,0.0,,
2026-07-23 18:15:00+03:00,15,M,False,,,,,,,
2026-07-23 18:15:00+03:00,15,V,True,12.444029850746269,1.0,0.0,0.0,0.0,,
2026-07-23 18:20:00+03:00,15,A,True,12.444029850746269,1.0,0.0,0.0,0.0,,
2026-07-23 18:20:00+03:00,15,M,False,,,,,,,
2026-07-23 18:20:00+03:00,15,V,True,12.444029850746269,1.0,0.0,0.0,0.0,,
2026-07-23 18:25:00+03:00,15,A,True,12.444029850746269,1.0,0.0,0.0,0.0,,
2026-07-23 18:25:00+03:00,15,M,False,,,,,,,
2026-07-23 18:25:00+03:00,15,V,True,12.444029850746269,1.0,0.0,0.0,0.0,,
2026-07-23 18:30:00+03:00,15,A,True,12.444029850746269,1.0,0.0,0.0,0.0,,
2026-07-23 18:30:00+03:00,15,M,False,,,,,,,
2026-07-23 18:30:00+03:00,15,V,True,12.444029850746269,1.0,0.0,0.0,0.0,,
2026-07-23 18:35:00+03:00,15,A,True,12.444029850746269,1.0,0.0,0.0,0.0,,
2026-07-23 18:35:00+03:00,15,M,False,,,,,,,
2026-07-23 18:35:00+03:00,15,V,True,12.444029850746269,1.0,0.0,0.0,0.0,,
2026-07-23 18:40:00+03:00,15,A,True,12.444029850746269,1.0,0.0,0.0,0.0,,
2026-07-23 18:40:00+03:00,15,M,False,,,,,,,
2026-07-23 18:40:00+03:00,15,V,True,12.444029850746269,1.0,0.0,0.0,0.0,,
2026-07-23 18:45:00+03:00,15,A,True,12.444029850746269,1.0,0.0,0.0,0.0,,
2026-07-23 18:45:00+03:00,15,M,False,,,,,,,
2026-07-23 18:45:00+03:00,15,V,True,12.444029850746269,1.0,0.0,0.0,0.0,,
2026-07-23 18:50:00+03:00,15,A,True,12.444029850746269,1.0,0.0,0.0,0.0,,
2026-07-23 18:50:00+03:00,15,M,False,,,,,,,
2026-07-23 18:50:00+03:00,15,V,True,12.444029850746269,1.0,0.0,0.0,0.0,,
2026-07-23 18:55:00+03:00,15,A,True,12.444029850746269,1.0,0.0,0.0,0.0,,
2026-07-23 18:55:00+03:00,15,M,False,,,,,,,
2026-07-23 18:55:00+03:00,15,V,True,12.444029850746269,1.0,0.0,0.0,0.0,,
2026-07-23 19:00:00+03:00,15,A,True,12.444029850746269,1.0,0.0,0.0,0.0,,
2026-07-23 19:00:00+03:00,15,M,False,,,,,,,
2026-07-23 19:00:00+03:00,15,V,True,12.444029850746269,1.0,0.0,0.0,0.0,,
2026-07-23 19:05:00+03:00,15,A,True,12.444029850746269,1.0,0.0,0.0,0.0,,
2026-07-23 19:05:00+03:00,15,M,False,,,,,,,
2026-07-23 19:05:00+03:00,15,V,True,12.444029850746269,1.0,0.0,0.0,0.0,,
2026-07-23 19:10:00+03:00,15,A,True,12.444029850746269,1.0,0.0,0.0,0.0,,
2026-07-23 19:10:00+03:00,15,M,False,,,,,,,
2026-07-23 19:10:00+03:00,15,V,True,12.444029850746269,1.0,0.0,0.0,0.0,,
2026-07-23 19:15:00+03:00,15,A,True,12.444029850746269,1.0,0.0,0.0,0.0,,
2026-07-23 19:15:00+03:00,15,M,False,,,,,,,
2026-07-23 19:15:00+03:00,15,V,True,12.444029850746269,1.0,0.0,0.0,0.0,,
2026-07-23 19:20:00+03:00,15,A,True,12.444029850746269,1.0,0.0,0.0,0.0,,
2026-07-23 19:20:00+03:00,15,M,False,,,,,,,
2026-07-23 19:20:00+03:00,15,V,True,12.444029850746269,1.0,0.0,0.0,0.0,,
2026-07-23 19:25:00+03:00,15,A,True,12.444029850746269,1.0,0.0,0.0,0.0,,
2026-07-23 19:25:00+03:00,15,M,False,,,,,,,
2026-07-23 19:25:00+03:00,15,V,True,12.444029850746269,1.0,0.0,0.0,0.0,,
2026-07-23 19:30:00+03:00,15,A,True,12.444029850746269,1.0,0.0,0.0,0.0,,
2026-07-23 19:30:00+03:00,15,M,False,,,,,,,
2026-07-23 19:30:00+03:00,15,V,True,12.444029850746269,1.0,0.0,0.0,0.0,,
2026-07-23 19:35:00+03:00,15,A,True,12.444029850746269,1.0,0.0,0.0,0.0,,
2026-07-23 19:35:00+03:00,15,M,False,,,,,,,
2026-07-23 19:35:00+03:00,15,V,True,12.444029850746269,1.0,0.0,0.0,0.0,,
2026-07-23 19:40:00+03:00,15,A,True,12.444029850746269,1.0,0.0,0.0,0.0,,
2026-07-23 19:40:00+03:00,15,M,False,,,,,,,
2026-07-23 19:40:00+03:00,15,V,True,12.444029850746269,1.0,0.0,0.0,0.0,,
2026-07-23 19:45:00+03:00,15,A,True,12.444029850746269,1.0,0.0,0.0,0.0,,
2026-07-23 19:45:00+03:00,15,M,False,,,,,,,
2026-07-23 19:45:00+03:00,15,V,True,12.444029850746269,1.0,0.0,0.0,0.0,,
2026-07-23 19:50:00+03:00,15,A,True,12.444029850746269,1.0,0.0,0.0,0.0,,
2026-07-23 19:50:00+03:00,15,M,False,,,,,,,
2026-07-23 19:50:00+03:00,15,V,True,12.444029850746269,1.0,0.0,0.0,0.0,,
2026-07-23 19:55:00+03:00,15,A,True,12.444029850746269,1.0,0.0,0.0,0.0,,
2026-07-23 19:55:00+03:00,15,M,False,,,,,,,
2026-07-23 19:55:00+03:00,15,V,True,12.444029850746269,1.0,0.0,0.0,0.0,,
2026-07-23 20:00:00+03:00,15,A,True,12.444029850746269,1.0,0.0,0.0,0.0,,
2026-07-23 20:00:00+03:00,15,M,False,,,,,,,
2026-07-23 20:00:00+03:00,15,V,True,12.444029850746269,1.0,0.0,0.0,0.0,,
2026-07-23 20:05:00+03:00,15,A,True,12.444029850746269,1.0,0.0,0.0,0.0,,
2026-07-23 20:05:00+03:00,15,M,False,,,,,,,
2026-07-23 20:05:00+03:00,15,V,True,12.444029850746269,1.0,0.0,0.0,0.0,,
2026-07-23 20:10:00+03:00,15,A,True,12.444029850746269,1.0,0.0,0.0,0.0,,
2026-07-23 20:10:00+03:00,15,M,False,,,,,,,
2026-07-23 20:10:00+03:00,15,V,True,12.444029850746269,1.0,0.0,0.0,0.0,,
2026-07-23 20:15:00+03:00,15,A,True,12.444029850746269,1.0,0.0,0.0,0.0,,
2026-07-23 20:15:00+03:00,15,M,False,,,,,,,
2026-07-23 20:15:00+03:00,15,V,True,12.444029850746269,1.0,0.0,0.0,0.0,,
2026-07-23 20:20:00+03:00,15,A,True,12.444029850746269,1.0,0.0,0.0,0.0,,
2026-07-23 20:20:00+03:00,15,M,False,,,,,,,
2026-07-23 20:20:00+03:00,15,V,True,12.444029850746269,1.0,0.0,0.0,0.0,,
2026-07-23 20:25:00+03:00,15,A,True,12.444029850746269,1.0,0.0,0.0,0.0,,
2026-07-23 20:25:00+03:00,15,M,False,,,,,,,
2026-07-23 20:25:00+03:00,15,V,True,12.444029850746269,1.0,0.0,0.0,0.0,,
2026-07-23 20:30:00+03:00,15,A,True,12.444029850746269,1.0,0.0,0.0,0.0,,
2026-07-23 20:30:00+03:00,15,M,False,,,,,,,
2026-07-23 20:30:00+03:00,15,V,True,12.444029850746269,1.0,0.0,0.0,0.0,,
2026-07-23 20:35:00+03:00,15,A,True,12.444029850746269,1.0,0.0,0.0,0.0,,
2026-07-23 20:35:00+03:00,15,M,False,,,,,,,
2026-07-23 20:35:00+03:00,15,V,True,12.444029850746269,1.0,0.0,0.0,0.0,,
2026-07-23 20:40:00+03:00,15,A,True,12.444029850746269,1.0,0.0,0.0,0.0,,
2026-07-23 20:40:00+03:00,15,M,False,,,,,,,
2026-07-23 20:40:00+03:00,15,V,True,12.444029850746269,1.0,0.0,0.0,0.0,,
2026-07-23 20:45:00+03:00,15,A,True,12.444029850746269,1.0,0.0,0.0,0.0,,
2026-07-23 20:45:00+03:00,15,M,False,,,,,,,
2026-07-23 20:45:00+03:00,15,V,True,12.444029850746269,1.0,0.0,0.0,0.0,,
2026-07-23 20:50:00+03:00,15,A,True,12.444029850746269,1.0,0.0,0.0,0.0,,
2026-07-23 20:50:00+03:00,15,M,False,,,,,,,
2026-07-23 20:50:00+03:00,15,V,True,12.444029850746269,1.0,0.0,0.0,0.0,,
2026-07-23 20:55:00+03:00,15,A,True,12.444029850746269,1.0,0.0,0.0,0.0,,
2026-07-23 20:55:00+03:00,15,M,False,,,,,,,
2026-07-23 20:55:00+03:00,15,V,True,12.444029850746269,1.0,0.0,0.0,0.0,,
2026-07-23 21:00:00+03:00,15,A,True,12.444029850746269,1.0,0.0,0.0,0.0,,
2026-07-23 21:00:00+03:00,15,M,False,,,,,,,
2026-07-23 21:00:00+03:00,15,V,True,12.444029850746269,1.0,0.0,0.0,0.0,,
2026-07-23 21:05:00+03:00,15,A,True,12.444029850746269,1.0,0.0,0.0,0.0,,
2026-07-23 21:05:00+03:00,15,M,False,,,,,,,
2026-07-23 21:05:00+03:00,15,V,True,12.444029850746269,1.0,0.0,0.0,0.0,,
2026-07-23 21:10:00+03:00,15,A,True,12.444029850746269,1.0,0.0,0.0,0.0,,
2026-07-23 21:10:00+03:00,15,M,False,,,,,,,
2026-07-23 21:10:00+03:00,15,V,True,12.444029850746269,1.0,0.0,0.0,0.0,,
2026-07-23 21:15:00+03:00,15,A,True,12.444029850746269,1.0,0.0,0.0,0.0,,
2026-07-23 21:15:00+03:00,15,M,False,,,,,,,
2026-07-23 21:15:00+03:00,15,V,True,12.444029850746269,1.0,0.0,0.0,0.0,,
2026-07-23 21:20:00+03:00,15,A,True,12.444029850746269,1.0,0.0,0.0,0.0,,
2026-07-23 21:20:00+03:00,15,M,False,,,,,,,
2026-07-23 21:20:00+03:00,15,V,True,12.444029850746269,1.0,0.0,0.0,0.0,,
2026-07-23 21:25:00+03:00,15,A,True,12.444029850746269,1.0,0.0,0.0,0.0,,
2026-07-23 21:25:00+03:00,15,M,False,,,,,,,
2026-07-23 21:25:00+03:00,15,V,True,12.444029850746269,1.0,0.0,0.0,0.0,,
2026-07-23 21:30:00+03:00,15,A,True,12.444029850746269,1.0,0.0,0.0,0.0,,
2026-07-23 21:30:00+03:00,15,M,False,,,,,,,
2026-07-23 21:30:00+03:00,15,V,True,12.444029850746269,1.0,0.0,0.0,0.0,,
2026-07-23 21:35:00+03:00,15,A,True,12.444029850746269,1.0,0.0,0.0,0.0,,
2026-07-23 21:35:00+03:00,15,M,False,,,,,,,
2026-07-23 21:35:00+03:00,15,V,True,12.444029850746269,1.0,0.0,0.0,0.0,,
2026-07-23 21:40:00+03:00,15,A,True,12.444029850746269,1.0,0.0,0.0,0.0,,
2026-07-23 21:40:00+03:00,15,M,False,,,,,,,
2026-07-23 21:40:00+03:00,15,V,True,12.444029850746269,1.0,0.0,0.0,0.0,,
2026-07-23 21:45:00+03:00,15,A,True,12.444029850746269,1.0,0.0,0.0,0.0,,
2026-07-23 21:45:00+03:00,15,M,False,,,,,,,
2026-07-23 21:45:00+03:00,15,V,True,12.444029850746269,1.0,0.0,0.0,0.0,,
2026-07-23 21:50:00+03:00,15,A,True,12.444029850746269,1.0,0.0,0.0,0.0,,
2026-07-23 21:50:00+03:00,15,M,False,,,,,,,
2026-07-23 21:50:00+03:00,15,V,True,12.444029850746269,1.0,0.0,0.0,0.0,,
2026-07-23 21:55:00+03:00,15,A,True,12.444029850746269,1.0,0.0,0.0,0.0,,
2026-07-23 21:55:00+03:00,15,M,False,,,,,,,
2026-07-23 21:55:00+03:00,15,V,True,12.444029850746269,1.0,0.0,0.0,0.0,,
2026-07-23 22:00:00+03:00,15,A,True,12.444029850746269,1.0,0.0,0.0,0.0,,
2026-07-23 22:00:00+03:00,15,M,False,,,,,,,
2026-07-23 22:00:00+03:00,15,V,True,12.444029850746269,1.0,0.0,0.0,0.0,,
2026-07-23 22:05:00+03:00,15,A,True,12.444029850746269,1.0,0.0,0.0,0.0,,
2026-07-23 22:05:00+03:00,15,M,False,,,,,,,
2026-07-23 22:05:00+03:00,15,V,True,12.444029850746269,1.0,0.0,0.0,0.0,,
2026-07-23 22:10:00+03:00,15,A,True,12.444029850746269,1.0,0.0,0.0,0.0,,
2026-07-23 22:10:00+03:00,15,M,False,,,,,,,
2026-07-23 22:10:00+03:00,15,V,True,12.444029850746269,1.0,0.0,0.0,0.0,,
2026-07-23 22:15:00+03:00,15,A,True,12.444029850746269,1.0,0.0,0.0,0.0,,
2026-07-23 22:15:00+03:00,15,M,False,,,,,,,
2026-07-23 22:15:00+03:00,15,V,True,12.444029850746269,1.0,0.0,0.0,0.0,,
2026-07-23 22:20:00+03:00,15,A,True,12.444029850746269,1.0,0.0,0.0,0.0,,
2026-07-23 22:20:00+03:00,15,M,False,,,,,,,
2026-07-23 22:20:00+03:00,15,V,True,12.444029850746269,1.0,0.0,0.0,0.0,,
2026-07-23 22:25:00+03:00,15,A,True,12.444029850746269,1.0,0.0,0.0,0.0,,
2026-07-23 22:25:00+03:00,15,M,False,,,,,,,
2026-07-23 22:25:00+03:00,15,V,True,12.444029850746269,1.0,0.0,0.0,0.0,,
2026-07-23 22:30:00+03:00,15,A,True,12.444029850746269,1.0,0.0,0.0,0.0,,
2026-07-23 22:30:00+03:00,15,M,False,,,,,,,
2026-07-23 22:30:00+03:00,15,V,True,12.444029850746269,1.0,0.0,0.0,0.0,,
2026-07-23 22:35:00+03:00,15,A,True,12.444029850746269,1.0,0.0,0.0,0.0,,
2026-07-23 22:35:00+03:00,15,M,False,,,,,,,
2026-07-23 22:35:00+03:00,15,V,True,12.444029850746269,1.0,0.0,0.0,0.0,,
2026-07-23 22:40:00+03:00,15,A,True,12.444029850746269,1.0,0.0,0.0,0.0,,
2026-07-23 22:40:00+03:00,15,M,False,,,,,,,
2026-07-23 22:40:00+03:00,15,V,True,12.444029850746269,1.0,0.0,0.0,0.0,,
2026-07-23 22:45:00+03:00,15,A,True,12.444029850746269,1.0,0.0,0.0,0.0,,
2026-07-23 22:45:00+03:00,15,M,False,,,,,,,
2026-07-23 22:45:00+03:00,15,V,True,12.444029850746269,1.0,0.0,0.0,0.0,,
2026-07-23 22:50:00+03:00,15,A,True,12.444029850746269,1.0,0.0,0.0,0.0,,
2026-07-23 22:50:00+03:00,15,M,False,,,,,,,
2026-07-23 22:50:00+03:00,15,V,True,12.444029850746269,1.0,0.0,0.0,0.0,,
2026-07-23 22:55:00+03:00,15,A,True,12.444029850746269,1.0,0.0,0.0,0.0,,
2026-07-23 22:55:00+03:00,15,M,False,,,,,,,
2026-07-23 22:55:00+03:00,15,V,True,12.444029850746269,1.0,0.0,0.0,0.0,,
2026-07-23 23:00:00+03:00,15,A,True,12.444029850746269,1.0,0.0,0.0,0.0,,
2026-07-23 23:00:00+03:00,15,M,False,,,,,,,
2026-07-23 23:00:00+03:00,15,V,True,12.444029850746269,1.0,0.0,0.0,0.0,,
2026-07-23 23:05:00+03:00,15,A,True,12.444029850746269,1.0,0.0,0.0,0.0,,
2026-07-23 23:05:00+03:00,15,M,False,,,,,,,
2026-07-23 23:05:00+03:00,15,V,True,12.444029850746269,1.0,0.0,0.0,0.0,,
2026-07-23 23:10:00+03:00,15,A,True,12.444029850746269,1.0,0.0,0.0,0.0,,
2026-07-23 23:10:00+03:00,15,M,False,,,,,,,
2026-07-23 23:10:00+03:00,15,V,True,12.444029850746269,1.0,0.0,0.0,0.0,,
2026-07-23 23:15:00+03:00,15,A,True,12.444029850746269,1.0,0.0,0.0,0.0,,
2026-07-23 23:15:00+03:00,15,M,False,,,,,,,
2026-07-23 23:15:00+03:00,15,V,True,12.444029850746269,1.0,0.0,0.0,0.0,,
2026-07-23 23:20:00+03:00,15,A,True,12.444029850746269,1.0,0.0,0.0,0.0,,
2026-07-23 23:20:00+03:00,15,M,False,,,,,,,
2026-07-23 23:20:00+03:00,15,V,True,12.444029850746269,1.0,0.0,0.0,0.0,,
2026-07-23 23:25:00+03:00,15,A,True,12.444029850746269,1.0,0.0,0.0,0.0,,
2026-07-23 23:25:00+03:00,15,M,False,,,,,,,
2026-07-23 23:25:00+03:00,15,V,True,12.444029850746269,1.0,0.0,0.0,0.0,,
2026-07-23 23:30:00+03:00,15,A,True,12.444029850746269,1.0,0.0,0.0,0.0,,
2026-07-23 23:30:00+03:00,15,M,False,,,,,,,
2026-07-23 23:30:00+03:00,15,V,True,12.444029850746269,1.0,0.0,0.0,0.0,,
2026-07-23 23:35:00+03:00,15,A,True,12.444029850746269,1.0,0.0,0.0,0.0,,
2026-07-23 23:35:00+03:00,15,M,False,,,,,,,
2026-07-23 23:35:00+03:00,15,V,True,12.444029850746269,1.0,0.0,0.0,0.0,,
2026-07-23 23:40:00+03:00,15,A,True,12.444029850746269,1.0,0.0,0.0,0.0,,
2026-07-23 23:40:00+03:00,15,M,False,,,,,,,
2026-07-23 23:40:00+03:00,15,V,True,12.444029850746269,1.0,0.0,0.0,0.0,,
2026-07-23 23:45:00+03:00,15,A,True,12.444029850746269,1.0,0.0,0.0,0.0,,
2026-07-23 23:45:00+03:00,15,M,False,,,,,,,
2026-07-23 23:45:00+03:00,15,V,True,12.444029850746269,1.0,0.0,0.0,0.0,,
2026-07-23 23:50:00+03:00,15,A,True,12.444029850746269,1.0,0.0,0.0,0.0,,
2026-07-23 23:50:00+03:00,15,M,False,,,,,,,
2026-07-23 23:50:00+03:00,15,V,True,12.444029850746269,1.0,0.0,0.0,0.0,,
2026-07-23 23:55:00+03:00,15,A,True,12.444029850746269,1.0,0.0,0.0,0.0,,
2026-07-23 23:55:00+03:00,15,M,False,,,,,,,
2026-07-23 23:55:00+03:00,15,V,True,12.444029850746269,1.0,0.0,0.0,0.0,,
2026-07-24 00:00:00+03:00,15,A,True,12.444029850746269,1.0,0.0,0.0,0.0,,
2026-07-24 00:00:00+03:00,15,M,False,,,,,,,
2026-07-24 00:00:00+03:00,15,V,True,12.444029850746269,1.0,0.0,0.0,0.0,,
2026-07-24 00:05:00+03:00,15,A,True,12.444029850746269,1.0,0.0,0.0,0.0,,
2026-07-24 00:05:00+03:00,15,M,False,,,,,,,
2026-07-24 00:05:00+03:00,15,V,True,12.444029850746269,1.0,0.0,0.0,0.0,,
2026-07-24 00:10:00+03:00,15,A,True,12.444029850746269,1.0,0.0,0.0,0.0,,
2026-07-24 00:10:00+03:00,15,M,False,,,,,,,
2026-07-24 00:10:00+03:00,15,V,True,12.444029850746269,1.0,0.0,0.0,0.0,,
2026-07-24 00:15:00+03:00,15,A,True,12.444029850746269,1.0,0.0,0.0,0.0,,
2026-07-24 00:15:00+03:00,15,M,False,,,,,,,
2026-07-24 00:15:00+03:00,15,V,True,12.444029850746269,1.0,0.0,0.0,0.0,,
2026-07-24 00:20:00+03:00,15,A,True,12.444029850746269,1.0,0.0,0.0,0.0,,
2026-07-24 00:20:00+03:00,15,M,False,,,,,,,
2026-07-24 00:20:00+03:00,15,V,True,12.444029850746269,1.0,0.0,0.0,0.0,,
2026-07-24 00:25:00+03:00,15,A,True,12.444029850746269,1.0,0.0,0.0,0.0,,
2026-07-24 00:25:00+03:00,15,M,False,,,,,,,
2026-07-24 00:25:00+03:00,15,V,True,12.444029850746269,1.0,0.0,0.0,0.0,,
2026-07-24 00:30:00+03:00,15,A,True,12.444029850746269,1.0,0.0,0.0,0.0,,
2026-07-24 00:30:00+03:00,15,M,False,,,,,,,
2026-07-24 00:30:00+03:00,15,V,True,12.444029850746269,1.0,0.0,0.0,0.0,,
2026-07-24 00:35:00+03:00,15,A,True,12.444029850746269,1.0,0.0,0.0,0.0,,
2026-07-24 00:35:00+03:00,15,M,False,,,,,,,
2026-07-24 00:35:00+03:00,15,V,True,12.444029850746269,1.0,0.0,0.0,0.0,,
2026-07-24 00:40:00+03:00,15,A,True,12.444029850746269,1.0,0.0,0.0,0.0,,
2026-07-24 00:40:00+03:00,15,M,False,,,,,,,
2026-07-24 00:40:00+03:00,15,V,True,12.444029850746269,1.0,0.0,0.0,0.0,,
2026-07-24 00:45:00+03:00,15,A,True,12.444029850746269,1.0,0.0,0.0,0.0,,
2026-07-24 00:45:00+03:00,15,M,False,,,,,,,
2026-07-24 00:45:00+03:00,15,V,True,12.444029850746269,1.0,0.0,0.0,0.0,,
2026-07-24 00:50:00+03:00,15,A,True,12.444029850746269,1.0,0.0,0.0,0.0,,
2026-07-24 00:50:00+03:00,15,M,False,,,,,,,
2026-07-24 00:50:00+03:00,15,V,True,12.444029850746269,1.0,0.0,0.0,0.0,,
2026-07-24 00:55:00+03:00,15,A,True,12.444029850746269,1.0,0.0,0.0,0.0,,
2026-07-24 00:55:00+03:00,15,M,False,,,,,,,
2026-07-24 00:55:00+03:00,15,V,True,12.444029850746269,1.0,0.0,0.0,0.0,,
2026-07-24 01:00:00+03:00,15,A,True,12.444029850746269,1.0,0.0,0.0,0.0,,
2026-07-24 01:00:00+03:00,15,M,False,,,,,,,
2026-07-24 01:00:00+03:00,15,V,True,12.444029850746269,1.0,0.0,0.0,0.0,,
2026-07-24 01:05:00+03:00,15,A,True,12.444029850746269,1.0,0.0,0.0,0.0,,
2026-07-24 01:05:00+03:00,15,M,False,,,,,,,
2026-07-24 01:05:00+03:00,15,V,True,12.444029850746269,1.0,0.0,0.0,0.0,,
2026-07-24 01:10:00+03:00,15,A,True,12.444029850746269,1.0,0.0,0.0,0.0,,
2026-07-24 01:10:00+03:00,15,M,False,,,,,,,
2026-07-24 01:10:00+03:00,15,V,True,12.444029850746269,1.0,0.0,0.0,0.0,,
2026-07-24 01:15:00+03:00,15,A,True,12.444029850746269,1.0,0.0,0.0,0.0,,
2026-07-24 01:15:00+03:00,15,M,False,,,,,,,
2026-07-24 01:15:00+03:00,15,V,True,12.444029850746269,1.0,0.0,0.0,0.0,,
2026-07-24 01:20:00+03:00,15,A,True,12.444029850746269,1.0,0.0,0.0,0.0,,
2026-07-24 01:20:00+03:00,15,M,False,,,,,,,
2026-07-24 01:20:00+03:00,15,V,True,12.444029850746269,1.0,0.0,0.0,0.0,,
2026-07-24 01:25:00+03:00,15,A,True,12.444029850746269,1.0,0.0,0.0,0.0,,
2026-07-24 01:25:00+03:00,15,M,False,,,,,,,
2026-07-24 01:25:00+03:00,15,V,True,12.444029850746269,1.0,0.0,0.0,0.0,,
2026-07-24 01:30:00+03:00,15,A,True,12.444029850746269,1.0,0.0,0.0,0.0,,
2026-07-24 01:30:00+03:00,15,M,False,,,,,,,
2026-07-24 01:30:00+03:00,15,V,True,12.444029850746269,1.0,0.0,0.0,0.0,,
2026-07-24 01:35:00+03:00,15,A,True,12.444029850746269,1.0,0.0,0.0,0.0,,
2026-07-24 01:35:00+03:00,15,M,False,,,,,,,
2026-07-24 01:35:00+03:00,15,V,True,12.444029850746269,1.0,0.0,0.0,0.0,,
2026-07-24 01:40:00+03:00,15,A,True,12.444029850746269,1.0,0.0,0.0,0.0,,
2026-07-24 01:40:00+03:00,15,M,False,,,,,,,
2026-07-24 01:40:00+03:00,15,V,True,12.444029850746269,1.0,0.0,0.0,0.0,,
2026-07-24 01:45:00+03:00,15,A,True,12.444029850746269,1.0,0.0,0.0,0.0,,
2026-07-24 01:45:00+03:00,15,M,False,,,,,,,
2026-07-24 01:45:00+03:00,15,V,True,12.444029850746269,1.0,0.0,0.0,0.0,,
2026-07-24 01:50:00+03:00,15,A,True,12.444029850746269,1.0,0.0,0.0,0.0,,
2026-07-24 01:50:00+03:00,15,M,False,,,,,,,
2026-07-24 01:50:00+03:00,15,V,True,12.444029850746269,1.0,0.0,0.0,0.0,,
2026-07-24 01:55:00+03:00,15,A,True,12.444029850746269,1.0,0.0,0.0,0.0,,
2026-07-24 01:55:00+03:00,15,M,False,,,,,,,
2026-07-24 01:55:00+03:00,15,V,True,12.444029850746269,1.0,0.0,0.0,0.0,,
2026-07-24 02:00:00+03:00,15,A,True,12.444029850746269,1.0,0.0,0.0,0.0,,
2026-07-24 02:00:00+03:00,15,M,False,,,,,,,
2026-07-24 02:00:00+03:00,15,V,True,12.444029850746269,1.0,0.0,0.0,0.0,,
2026-07-24 02:05:00+03:00,15,A,True,12.444029850746269,1.0,0.0,0.0,0.0,,
2026-07-24 02:05:00+03:00,15,M,False,,,,,,,
2026-07-24 02:05:00+03:00,15,V,True,12.444029850746269,1.0,0.0,0.0,0.0,,
2026-07-24 02:10:00+03:00,15,A,True,12.444029850746269,1.0,0.0,0.0,0.0,,
2026-07-24 02:10:00+03:00,15,M,False,,,,,,,
2026-07-24 02:10:00+03:00,15,V,True,12.444029850746269,1.0,0.0,0.0,0.0,,
2026-07-24 02:15:00+03:00,15,A,True,12.444029850746269,1.0,0.0,0.0,0.0,,
2026-07-24 02:15:00+03:00,15,M,False,,,,,,,
2026-07-24 02:15:00+03:00,15,V,True,12.444029850746269,1.0,0.0,0.0,0.0,,
2026-07-24 02:20:00+03:00,15,A,True,12.444029850746269,1.0,0.0,0.0,0.0,,
2026-07-24 02:20:00+03:00,15,M,False,,,,,,,
2026-07-24 02:20:00+03:00,15,V,True,12.444029850746269,1.0,0.0,0.0,0.0,,
2026-07-24 02:25:00+03:00,15,A,True,12.444029850746269,1.0,0.0,0.0,0.0,,
2026-07-24 02:25:00+03:00,15,M,False,,,,,,,
2026-07-24 02:25:00+03:00,15,V,True,12.444029850746269,1.0,0.0,0.0,0.0,,
2026-07-24 02:30:00+03:00,15,A,True,12.444029850746269,1.0,0.0,0.0,0.0,,
2026-07-24 02:30:00+03:00,15,M,False,,,,,,,
2026-07-24 02:30:00+03:00,15,V,True,12.444029850746269,1.0,0.0,0.0,0.0,,
2026-07-24 02:35:00+03:00,15,A,True,12.444029850746269,1.0,0.0,0.0,0.0,,
2026-07-24 02:35:00+03:00,15,M,False,,,,,,,
2026-07-24 02:35:00+03:00,15,V,True,12.444029850746269,1.0,0.0,0.0,0.0,,
2026-07-24 02:40:00+03:00,15,A,True,12.444029850746269,1.0,0.0,0.0,0.0,,
2026-07-24 02:40:00+03:00,15,M,False,,,,,,,
2026-07-24 02:40:00+03:00,15,V,True,12.444029850746269,1.0,0.0,0.0,0.0,,
2026-07-24 02:45:00+03:00,15,A,True,12.444029850746269,1.0,0.0,0.0,0.0,,
2026-07-24 02:45:00+03:00,15,M,False,,,,,,,
2026-07-24 02:45:00+03:00,15,V,True,12.444029850746269,1.0,0.0,0.0,0.0,,
2026-07-24 02:50:00+03:00,15,A,True,12.444029850746269,1.0,0.0,0.0,0.0,,
2026-07-24 02:50:00+03:00,15,M,False,,,,,,,
2026-07-24 02:50:00+03:00,15,V,True,12.444029850746269,1.0,0.0,0.0,0.0,,
2026-07-24 02:55:00+03:00,15,A,True,12.444029850746269,1.0,0.0,0.0,0.0,,
2026-07-24 02:55:00+03:00,15,M,False,,,,,,,
2026-07-24 02:55:00+03:00,15,V,True,12.444029850746269,1.0,0.0,0.0,0.0,,
2026-07-24 03:00:00+03:00,15,A,True,12.444029850746269,1.0,0.0,0.0,0.0,,
2026-07-24 03:00:00+03:00,15,M,False,,,,,,,
2026-07-24 03:00:00+03:00,15,V,True,12.444029850746269,1.0,0.0,0.0,0.0,,
2026-07-24 03:05:00+03:00,15,A,True,12.444029850746269,1.0,0.0,0.0,0.0,,
2026-07-24 03:05:00+03:00,15,M,False,,,,,,,
2026-07-24 03:05:00+03:00,15,V,True,12.444029850746269,1.0,0.0,0.0,0.0,,
2026-07-24 03:10:00+03:00,15,A,True,12.444029850746269,1.0,0.0,0.0,0.0,,
2026-07-24 03:10:00+03:00,15,M,False,,,,,,,
2026-07-24 03:10:00+03:00,15,V,True,12.444029850746269,1.0,0.0,0.0,0.0,,
2026-07-24 03:15:00+03:00,15,A,True,12.444029850746269,1.0,0.0,0.0,0.0,,
2026-07-24 03:15:00+03:00,15,M,False,,,,,,,
2026-07-24 03:15:00+03:00,15,V,True,12.444029850746269,1.0,0.0,0.0,0.0,,
2026-07-24 03:20:00+03:00,15,A,True,12.444029850746269,1.0,0.0,0.0,0.0,,
2026-07-24 03:20:00+03:00,15,M,False,,,,,,,
2026-07-24 03:20:00+03:00,15,V,True,12.444029850746269,1.0,0.0,0.0,0.0,,
2026-07-24 03:25:00+03:00,15,A,True,12.444029850746269,1.0,0.0,0.0,0.0,,
2026-07-24 03:25:00+03:00,15,M,False,,,,,,,
2026-07-24 03:25:00+03:00,15,V,True,12.444029850746269,1.0,0.0,0.0,0.0,,
2026-07-24 03:30:00+03:00,15,A,True,12.444029850746269,1.0,0.0,0.0,0.0,,
2026-07-24 03:30:00+03:00,15,M,False,,,,,,,
2026-07-24 03:30:00+03:00,15,V,True,12.444029850746269,1.0,0.0,0.0,0.0,,
2026-07-24 03:35:00+03:00,15,A,True,12.444029850746269,1.0,0.0,0.0,0.0,,
2026-07-24 03:35:00+03:00,15,M,False,,,,,,,
2026-07-24 03:35:00+03:00,15,V,True,12.444029850746269,1.0,0.0,0.0,0.0,,
2026-07-24 03:40:00+03:00,15,A,True,12.444029850746269,1.0,0.0,0.0,0.0,,
2026-07-24 03:40:00+03:00,15,M,False,,,,,,,
2026-07-24 03:40:00+03:00,15,V,True,12.444029850746269,1.0,0.0,0.0,0.0,,
2026-07-24 03:45:00+03:00,15,A,True,12.444029850746269,1.0,0.0,0.0,0.0,,
2026-07-24 03:45:00+03:00,15,M,False,,,,,,,
2026-07-24 03:45:00+03:00,15,V,True,12.444029850746269,1.0,0.0,0.0,0.0,,
2026-07-24 03:50:00+03:00,15,A,True,12.444029850746269,1.0,0.0,0.0,0.0,,
2026-07-24 03:50:00+03:00,15,M,False,,,,,,,
2026-07-24 03:50:00+03:00,15,V,True,12.444029850746269,1.0,0.0,0.0,0.0,,
2026-07-24 03:55:00+03:00,15,A,True,12.444029850746269,1.0,0.0,0.0,0.0,,
2026-07-24 03:55:00+03:00,15,M,False,,,,,,,
2026-07-24 03:55:00+03:00,15,V,True,12.444029850746269,1.0,0.0,0.0,0.0,,
2026-07-24 04:00:00+03:00,15,A,True,12.444029850746269,1.0,0.0,0.0,0.0,,
2026-07-24 04:00:00+03:00,15,M,False,,,,,,,
2026-07-24 04:00:00+03:00,15,V,True,12.444029850746269,1.0,0.0,0.0,0.0,,
2026-07-24 04:05:00+03:00,15,A,True,12.444029850746269,1.0,0.0,0.0,0.0,,
2026-07-24 04:05:00+03:00,15,M,False,,,,,,,
2026-07-24 04:05:00+03:00,15,V,True,12.444029850746269,1.0,0.0,0.0,0.0,,
2026-07-24 04:10:00+03:00,15,A,True,12.444029850746269,1.0,0.0,0.0,0.0,,
2026-07-24 04:10:00+03:00,15,M,False,,,,,,,
2026-07-24 04:10:00+03:00,15,V,True,12.444029850746269,1.0,0.0,0.0,0.0,,
2026-07-24 04:15:00+03:00,15,A,True,12.444029850746269,1.0,0.0,0.0,0.0,,
2026-07-24 04:15:00+03:00,15,M,False,,,,,,,
2026-07-24 04:15:00+03:00,15,V,True,12.444029850746269,1.0,0.0,0.0,0.0,,
2026-07-24 04:20:00+03:00,15,A,True,12.444029850746269,1.0,0.0,0.0,0.0,,
2026-07-24 04:20:00+03:00,15,M,False,,,,,,,
2026-07-24 04:20:00+03:00,15,V,True,12.444029850746269,1.0,0.0,0.0,0.0,,
2026-07-24 04:25:00+03:00,15,A,True,12.444029850746269,1.0,0.0,0.0,0.0,,
2026-07-24 04:25:00+03:00,15,M,False,,,,,,,
2026-07-24 04:25:00+03:00,15,V,True,12.444029850746269,1.0,0.0,0.0,0.0,,
2026-07-24 04:30:00+03:00,15,A,True,12.444029850746269,1.0,0.0,0.0,0.0,,
2026-07-24 04:30:00+03:00,15,M,False,,,,,,,
2026-07-24 04:30:00+03:00,15,V,True,12.444029850746269,1.0,0.0,0.0,0.0,,
2026-07-24 04:35:00+03:00,15,A,True,12.444029850746269,1.0,0.0,0.0,0.0,,
2026-07-24 04:35:00+03:00,15,M,False,,,,,,,
2026-07-24 04:35:00+03:00,15,V,True,12.444029850746269,1.0,0.0,0.0,0.0,,
2026-07-24 04:40:00+03:00,15,A,True,12.444029850746269,1.0,0.0,0.0,0.0,,
2026-07-24 04:40:00+03:00,15,M,False,,,,,,,
2026-07-24 04:40:00+03:00,15,V,True,12.444029850746269,1.0,0.0,0.0,0.0,,
2026-07-24 04:45:00+03:00,15,A,True,12.444029850746269,1.0,0.0,0.0,0.0,,
2026-07-24 04:45:00+03:00,15,M,False,,,,,,,
2026-07-24 04:45:00+03:00,15,V,True,12.444029850746269,1.0,0.0,0.0,0.0,,
2026-07-24 04:50:00+03:00,15,A,True,12.444029850746269,1.0,0.0,0.0,0.0,,
2026-07-24 04:50:00+03:00,15,M,False,,,,,,,
2026-07-24 04:50:00+03:00,15,V,True,12.444029850746269,1.0,0.0,0.0,0.0,,
2026-07-24 04:55:00+03:00,15,A,True,12.444029850746269,1.0,0.0,0.0,0.0,,
2026-07-24 04:55:00+03:00,15,M,False,,,,,,,
2026-07-24 04:55:00+03:00,15,V,True,12.444029850746269,1.0,0.0,0.0,0.0,,
2026-07-24 05:00:00+03:00,15,A,True,12.444029850746269,1.0,0.0,0.0,0.0,,
2026-07-24 05:00:00+03:00,15,M,False,,,,,,,
2026-07-24 05:00:00+03:00,15,V,True,12.444029850746269,1.0,0.0,0.0,0.0,,
2026-07-24 05:05:00+03:00,15,A,True,12.444029850746269,1.0,0.0,0.0,0.0,,
2026-07-24 05:05:00+03:00,15,M,False,,,,,,,
2026-07-24 05:05:00+03:00,15,V,True,12.444029850746269,1.0,0.0,0.0,0.0,,
2026-07-24 05:10:00+03:00,15,A,True,12.444029850746269,1.0,0.0,0.0,0.0,,
2026-07-24 05:10:00+03:00,15,M,False,,,,,,,
2026-07-24 05:10:00+03:00,15,V,True,12.444029850746269,1.0,0.0,0.0,0.0,,
2026-07-24 05:15:00+03:00,15,A,True,12.444029850746269,1.0,0.0,0.0,0.0,,
2026-07-24 05:15:00+03:00,15,M,False,,,,,,,
2026-07-24 05:15:00+03:00,15,V,True,12.444029850746269,1.0,0.0,0.0,0.0,,
2026-07-24 05:20:00+03:00,15,A,True,12.444029850746269,1.0,0.0,0.0,0.0,,
2026-07-24 05:20:00+03:00,15,M,False,,,,,,,
2026-07-24 05:20:00+03:00,15,V,True,12.444029850746269,1.0,0.0,0.0,0.0,,
2026-07-24 05:25:00+03:00,15,A,True,12.444029850746269,1.0,0.0,0.0,0.0,,
2026-07-24 05:25:00+03:00,15,M,False,,,,,,,
2026-07-24 05:25:00+03:00,15,V,True,12.444029850746269,1.0,0.0,0.0,0.0,,
2026-07-24 05:30:00+03:00,15,A,True,12.444029850746269,1.0,0.0,0.0,0.0,,
2026-07-24 05:30:00+03:00,15,M,False,,,,,,,
2026-07-24 05:30:00+03:00,15,V,True,12.444029850746269,1.0,0.0,0.0,0.0,,
2026-07-24 05:35:00+03:00,15,A,True,12.444029850746269,1.0,0.0,0.0,0.0,,
2026-07-24 05:35:00+03:00,15,M,False,,,,,,,
2026-07-24 05:35:00+03:00,15,V,True,12.444029850746269,1.0,0.0,0.0,0.0,,
2026-07-24 05:40:00+03:00,15,A,True,12.444029850746269,1.0,0.0,0.0,0.0,,
2026-07-24 05:40:00+03:00,15,M,False,,,,,,,
2026-07-24 05:40:00+03:00,15,V,True,12.444029850746269,1.0,0.0,0.0,0.0,,
2026-07-24 05:45:00+03:00,15,A,True,12.444029850746269,1.0,0.0,0.0,0.0,,
2026-07-24 05:45:00+03:00,15,M,False,,,,,,,
2026-07-24 05:45:00+03:00,15,V,True,12.444029850746269,1.0,0.0,0.0,0.0,,
2026-07-24 05:50:00+03:00,15,A,True,12.444029850746269,1.0,0.0,0.0,0.0,,
2026-07-24 05:50:00+03:00,15,M,False,,,,,,,
2026-07-24 05:50:00+03:00,15,V,True,12.444029850746269,1.0,0.0,0.0,0.0,,
2026-07-24 05:55:00+03:00,15,A,True,12.444029850746269,1.0,0.0,0.0,0.0,,
2026-07-24 05:55:00+03:00,15,M,False,,,,,,,
2026-07-24 05:55:00+03:00,15,V,True,12.444029850746269,1.0,0.0,0.0,0.0,,
2026-07-24 06:00:00+03:00,15,A,True,12.444029850746269,1.0,0.0,0.0,0.0,,
2026-07-24 06:00:00+03:00,15,M,False,,,,,,,
2026-07-24 06:00:00+03:00,15,V,True,12.444029850746269,1.0,0.0,0.0,0.0,,
2026-07-24 06:05:00+03:00,15,A,True,12.444029850746269,1.0,0.0,0.0,0.0,,
2026-07-24 06:05:00+03:00,15,M,False,,,,,,,
2026-07-24 06:05:00+03:00,15,V,True,12.444029850746269,1.0,0.0,0.0,0.0,,
2026-07-24 06:10:00+03:00,15,A,True,12.444029850746269,1.0,0.0,0.0,0.0,,
2026-07-24 06:10:00+03:00,15,M,False,,,,,,,
2026-07-24 06:10:00+03:00,15,V,True,12.444029850746269,1.0,0.0,0.0,0.0,,
2026-07-24 06:15:00+03:00,15,A,True,12.444029850746269,1.0,0.0,0.0,0.0,,
2026-07-24 06:15:00+03:00,15,M,False,,,,,,,
2026-07-24 06:15:00+03:00,15,V,True,12.444029850746269,1.0,0.0,0.0,0.0,,
2026-07-24 06:20:00+03:00,15,A,True,12.444029850746269,1.0,0.0,0.0,0.0,,
2026-07-24 06:20:00+03:00,15,M,False,,,,,,,
2026-07-24 06:20:00+03:00,15,V,True,12.444029850746269,1.0,0.0,0.0,0.0,,
2026-07-24 06:25:00+03:00,15,A,True,12.444029850746269,1.0,0.0,0.0,0.0,,
2026-07-24 06:25:00+03:00,15,M,False,,,,,,,
2026-07-24 06:25:00+03:00,15,V,True,12.444029850746269,1.0,0.0,0.0,0.0,,
2026-07-24 06:30:00+03:00,15,A,True,12.444029850746269,1.0,0.0,0.0,0.0,,
2026-07-24 06:30:00+03:00,15,M,False,,,,,,,
2026-07-24 06:30:00+03:00,15,V,True,12.444029850746269,1.0,0.0,0.0,0.0,,
2026-07-24 06:35:00+03:00,15,A,True,12.444029850746269,1.0,0.0,0.0,0.0,,
2026-07-24 06:35:00+03:00,15,M,False,,,,,,,
2026-07-24 06:35:00+03:00,15,V,True,12.444029850746269,1.0,0.0,0.0,0.0,,
2026-07-24 06:40:00+03:00,15,A,True,12.444029850746269,1.0,0.0,0.0,0.0,,
2026-07-24 06:40:00+03:00,15,M,False,,,,,,,
2026-07-24 06:40:00+03:00,15,V,True,12.444029850746269,1.0,0.0,0.0,0.0,,
2026-07-24 06:45:00+03:00,15,A,True,12.444029850746269,1.0,0.0,0.0,0.0,,
2026-07-24 06:45:00+03:00,15,M,False,,,,,,,
2026-07-24 06:45:00+03:00,15,V,True,12.444029850746269,1.0,0.0,0.0,0.0,,
2026-07-24 06:50:00+03:00,15,A,True,12.444029850746269,1.0,0.0,0.0,0.0,,
2026-07-24 06:50:00+03:00,15,M,False,,,,,,,
2026-07-24 06:50:00+03:00,15,V,True,12.444029850746269,1.0,0.0,0.0,0.0,,
2026-07-24 06:55:00+03:00,15,A,True,12.444029850746269,1.0,0.0,0.0,0.0,,
2026-07-24 06:55:00+03:00,15,M,False,,,,,,,
2026-07-24 06:55:00+03:00,15,V,True,12.444029850746269,1.0,0.0,0.0,0.0,,
2026-07-24 07:00:00+03:00,15,A,True,12.444029850746269,1.0,0.0,0.0,0.0,,
2026-07-24 07:00:00+03:00,15,M,False,,,,,,,
2026-07-24 07:00:00+03:00,15,V,True,12.444029850746269,1.0,0.0,0.0,0.0,,
2026-07-24 07:05:00+03:00,15,A,True,12.444029850746269,1.0,0.0,0.0,0.0,,
2026-07-24 07:05:00+03:00,15,M,False,,,,,,,
2026-07-24 07:05:00+03:00,15,V,True,12.444029850746269,1.0,0.0,0.0,0.0,,
2026-07-24 07:10:00+03:00,15,A,True,12.444029850746269,1.0,0.0,0.0,0.0,,
2026-07-24 07:10:00+03:00,15,M,False,,,,,,,
2026-07-24 07:10:00+03:00,15,V,True,12.444029850746269,1.0,0.0,0.0,0.0,,
2026-07-24 07:15:00+03:00,15,A,True,12.444029850746269,1.0,0.0,0.0,0.0,,
2026-07-24 07:15:00+03:00,15,M,False,,,,,,,
2026-07-24 07:15:00+03:00,15,V,True,12.444029850746269,1.0,0.0,0.0,0.0,,
2026-07-24 07:20:00+03:00,15,A,True,12.444029850746269,1.0,0.0,0.0,0.0,,
2026-07-24 07:20:00+03:00,15,M,False,,,,,,,
2026-07-24 07:20:00+03:00,15,V,True,12.444029850746269,1.0,0.0,0.0,0.0,,
2026-07-24 07:25:00+03:00,15,A,True,12.444029850746269,1.0,0.0,0.0,0.0,,
2026-07-24 07:25:00+03:00,15,M,False,,,,,,,
2026-07-24 07:25:00+03:00,15,V,True,12.444029850746269,1.0,0.0,0.0,0.0,,
2026-07-24 07:30:00+03:00,15,A,True,12.444029850746269,1.0,0.0,0.0,0.0,,
2026-07-24 07:30:00+03:00,15,M,False,,,,,,,
2026-07-24 07:30:00+03:00,15,V,True,12.444029850746269,1.0,0.0,0.0,0.0,,
2026-07-24 07:35:00+03:00,15,A,True,12.444029850746269,1.0,0.0,0.0,0.0,,
2026-07-24 07:35:00+03:00,15,M,False,,,,,,,
2026-07-24 07:35:00+03:00,15,V,True,12.444029850746269,1.0,0.0,0.0,0.0,,
2026-07-24 07:40:00+03:00,15,A,True,12.444029850746269,1.0,0.0,0.0,0.0,,
2026-07-24 07:40:00+03:00,15,M,False,,,,,,,
2026-07-24 07:40:00+03:00,15,V,True,12.444029850746269,1.0,0.0,0.0,0.0,,
2026-07-24 07:45:00+03:00,15,A,True,12.444029850746269,1.0,0.0,0.0,0.0,,
2026-07-24 07:45:00+03:00,15,M,False,,,,,,,
2026-07-24 07:45:00+03:00,15,V,True,12.444029850746269,1.0,0.0,0.0,0.0,,
2026-07-24 07:50:00+03:00,15,A,True,12.444029850746269,1.0,0.0,0.0,0.0,,
2026-07-24 07:50:00+03:00,15,M,False,,,,,,,
2026-07-24 07:50:00+03:00,15,V,True,12.444029850746269,1.0,0.0,0.0,0.0,,
2026-07-24 07:55:00+03:00,15,A,True,12.444029850746269,1.0,0.0,0.0,0.0,,
2026-07-24 07:55:00+03:00,15,M,False,,,,,,,
2026-07-24 07:55:00+03:00,15,V,True,12.444029850746269,1.0,0.0,0.0,0.0,,
2026-07-24 08:00:00+03:00,15,A,True,12.444029850746269,1.0,0.0,0.0,0.0,,
2026-07-24 08:00:00+03:00,15,M,False,,,,,,,
2026-07-24 08:00:00+03:00,15,V,True,12.444029850746269,1.0,0.0,0.0,0.0,,
2026-07-24 08:05:00+03:00,15,A,True,12.444029850746269,1.0,0.0,0.0,0.0,,
2026-07-24 08:05:00+03:00,15,M,False,,,,,,,
2026-07-24 08:05:00+03:00,15,V,True,12.444029850746269,1.0,0.0,0.0,0.0,,
2026-07-24 08:10:00+03:00,15,A,True,12.444029850746269,1.0,0.0,0.0,0.0,,
2026-07-24 08:10:00+03:00,15,M,False,,,,,,,
2026-07-24 08:10:00+03:00,15,V,True,12.444029850746269,1.0,0.0,0.0,0.0,,
2026-07-24 08:15:00+03:00,15,A,True,12.444029850746269,1.0,0.0,0.0,0.0,,
2026-07-24 08:15:00+03:00,15,M,False,,,,,,,
2026-07-24 08:15:00+03:00,15,V,True,12.444029850746269,1.0,0.0,0.0,0.0,,
2026-07-24 08:20:00+03:00,15,A,True,12.444029850746269,1.0,0.0,0.0,0.0,,
2026-07-24 08:20:00+03:00,15,M,False,,,,,,,
2026-07-24 08:20:00+03:00,15,V,True,12.444029850746269,1.0,0.0,0.0,0.0,,
2026-07-24 08:25:00+03:00,15,A,True,12.444029850746269,1.0,0.0,0.0,0.0,,
2026-07-24 08:25:00+03:00,15,M,False,,,,,,,
2026-07-24 08:25:00+03:00,15,V,True,12.444029850746269,1.0,0.0,0.0,0.0,,
2026-07-24 08:30:00+03:00,15,A,True,12.444029850746269,1.0,0.0,0.0,0.0,,
2026-07-24 08:30:00+03:00,15,M,False,,,,,,,
2026-07-24 08:30:00+03:00,15,V,True,12.444029850746269,1.0,0.0,0.0,0.0,,
2026-07-24 08:35:00+03:00,15,A,True,12.444029850746269,1.0,0.0,0.0,0.0,,
2026-07-24 08:35:00+03:00,15,M,False,,,,,,,
2026-07-24 08:35:00+03:00,15,V,True,12.444029850746269,1.0,0.0,0.0,0.0,,
2026-07-24 08:40:00+03:00,15,A,True,12.444029850746269,1.0,0.0,0.0,0.0,,
2026-07-24 08:40:00+03:00,15,M,False,,,,,,,
2026-07-24 08:40:00+03:00,15,V,True,12.444029850746269,1.0,0.0,0.0,0.0,,
2026-07-24 08:45:00+03:00,15,A,True,12.444029850746269,1.0,0.0,0.0,0.0,,
2026-07-24 08:45:00+03:00,15,M,False,,,,,,,
2026-07-24 08:45:00+03:00,15,V,True,12.444029850746269,1.0,0.0,0.0,0.0,,
2026-07-24 08:50:00+03:00,15,A,True,12.444029850746269,1.0,0.0,0.0,0.0,,
2026-07-24 08:50:00+03:00,15,M,False,,,,,,,
2026-07-24 08:50:00+03:00,15,V,True,12.444029850746269,1.0,0.0,0.0,0.0,,
2026-07-24 08:55:00+03:00,15,A,True,12.444029850746269,1.0,0.0,0.0,0.0,,
2026-07-24 08:55:00+03:00,15,M,False,,,,,,,
2026-07-24 08:55:00+03:00,15,V,True,12.444029850746269,1.0,0.0,0.0,0.0,,
2026-07-24 09:00:00+03:00,15,A,True,12.444029850746269,1.0,0.0,0.0,0.0,,
2026-07-24 09:00:00+03:00,15,M,False,,,,,,,
2026-07-24 09:00:00+03:00,15,V,True,12.444029850746269,1.0,0.0,0.0,0.0,,
2026-07-24 09:05:00+03:00,15,A,True,12.444029850746269,1.0,0.0,0.0,0.0,,
2026-07-24 09:05:00+03:00,15,M,False,,,,,,,
2026-07-24 09:05:00+03:00,15,V,True,12.444029850746269,1.0,0.0,0.0,0.0,,
2026-07-24 09:10:00+03:00,15,A,True,12.444029850746269,1.0,0.0,0.0,0.0,,
2026-07-24 09:10:00+03:00,15,M,False,,,,,,,
2026-07-24 09:10:00+03:00,15,V,True,12.444029850746269,1.0,0.0,0.0,0.0,,
2026-07-24 09:15:00+03:00,15,A,True,12.444029850746269,1.0,0.0,0.0,0.0,,
2026-07-24 09:15:00+03:00,15,M,False,,,,,,,
2026-07-24 09:15:00+03:00,15,V,True,12.444029850746269,1.0,0.0,0.0,0.0,,
2026-07-24 09:20:00+03:00,15,A,True,12.444029850746269,1.0,0.0,0.0,0.0,,
2026-07-24 09:20:00+03:00,15,M,False,,,,,,,
2026-07-24 09:20:00+03:00,15,V,True,12.444029850746269,1.0,0.0,0.0,0.0,,
2026-07-24 09:25:00+03:00,15,A,True,12.444029850746269,1.0,0.0,0.0,0.0,,
2026-07-24 09:25:00+03:00,15,M,False,,,,,,,
2026-07-24 09:25:00+03:00,15,V,True,12.444029850746269,1.0,0.0,0.0,0.0,,
2026-07-24 09:30:00+03:00,15,A,True,12.444029850746269,1.0,0.0,0.0,0.0,,
2026-07-24 09:30:00+03:00,15,M,False,,,,,,,
2026-07-24 09:30:00+03:00,15,V,True,12.444029850746269,1.0,0.0,0.0,0.0,,
2026-07-24 09:35:00+03:00,15,A,True,12.444029850746269,1.0,0.0,0.0,0.0,,
2026-07-24 09:35:00+03:00,15,M,False,,,,,,,
2026-07-24 09:35:00+03:00,15,V,True,12.444029850746269,1.0,0.0,0.0,0.0,,
2026-07-24 09:40:00+03:00,15,A,True,12.444029850746269,1.0,0.0,0.0,0.0,,
2026-07-24 09:40:00+03:00,15,M,False,,,,,,,
2026-07-24 09:40:00+03:00,15,V,True,12.444029850746269,1.0,0.0,0.0,0.0,,
2026-07-24 09:45:00+03:00,15,A,True,12.444029850746269,1.0,0.0,0.0,0.0,,
2026-07-24 09:45:00+03:00,15,M,False,,,,,,,
2026-07-24 09:45:00+03:00,15,V,True,12.444029850746269,1.0,0.0,0.0,0.0,,
2026-07-24 09:50:00+03:00,15,A,True,12.444029850746269,1.0,0.0,0.0,0.0,,
2026-07-24 09:50:00+03:00,15,M,False,,,,,,,
2026-07-24 09:50:00+03:00,15,V,True,12.444029850746269,1.0,0.0,0.0,0.0,,
2026-07-24 09:55:00+03:00,15,A,True,12.444029850746269,1.0,0.0,0.0,0.0,,
2026-07-24 09:55:00+03:00,15,M,False,,,,,,,
2026-07-24 09:55:00+03:00,15,V,True,12.444029850746269,1.0,0.0,0.0,0.0,,
2026-07-24 10:00:00+03:00,15,A,True,12.444029850746269,1.0,0.0,0.0,0.0,,
2026-07-24 10:00:00+03:00,15,M,False,,,,,,,
2026-07-24 10:00:00+03:00,15,V,True,12.444029850746269,1.0,0.0,0.0,0.0,,
2026-07-24 10:05:00+03:00,15,A,True,12.444029850746269,1.0,0.0,0.0,0.0,,
2026-07-24 10:05:00+03:00,15,M,False,,,,,,,
2026-07-24 10:05:00+03:00,15,V,True,12.444029850746269,1.0,0.0,0.0,0.0,,
2026-07-24 10:10:00+03:00,15,A,True,12.444029850746269,1.0,0.0,0.0,0.0,,
2026-07-24 10:10:00+03:00,15,M,False,,,,,,,
2026-07-24 10:10:00+03:00,15,V,True,12.444029850746269,1.0,0.0,0.0,0.0,,
2026-07-24 10:15:00+03:00,15,A,True,12.444029850746269,1.0,0.0,0.0,0.0,,
2026-07-24 10:15:00+03:00,15,M,False,,,,,,,
2026-07-24 10:15:00+03:00,15,V,True,12.444029850746269,1.0,0.0,0.0,0.0,,
2026-07-24 10:20:00+03:00,15,A,True,12.444029850746269,1.0,0.0,0.0,0.0,,
2026-07-24 10:20:00+03:00,15,M,False,,,,,,,
2026-07-24 10:20:00+03:00,15,V,True,12.444029850746269,1.0,0.0,0.0,0.0,,
2026-07-24 10:25:00+03:00,15,A,True,12.444029850746269,1.0,0.0,0.0,0.0,,
2026-07-24 10:25:00+03:00,15,M,False,,,,,,,
2026-07-24 10:25:00+03:00,15,V,True,12.444029850746269,1.0,0.0,0.0,0.0,,
2026-07-24 10:30:00+03:00,15,A,True,12.444029850746269,1.0,0.0,0.0,0.0,,
2026-07-24 10:30:00+03:00,15,M,False,,,,,,,
2026-07-24 10:30:00+03:00,15,V,True,12.444029850746269,1.0,0.0,0.0,0.0,,
2026-07-24 10:35:00+03:00,15,A,True,12.444029850746269,1.0,0.0,0.0,0.0,,
2026-07-24 10:35:00+03:00,15,M,False,,,,,,,
2026-07-24 10:35:00+03:00,15,V,True,12.444029850746269,1.0,0.0,0.0,0.0,,
2026-07-24 10:40:00+03:00,15,A,True,12.444029850746269,1.0,0.0,0.0,0.0,,
2026-07-24 10:40:00+03:00,15,M,False,,,,,,,
2026-07-24 10:40:00+03:00,15,V,True,12.444029850746269,1.0,0.0,0.0,0.0,,
2026-07-24 10:45:00+03:00,15,A,True,12.444029850746269,1.0,0.0,0.0,0.0,,
2026-07-24 10:45:00+03:00,15,M,False,,,,,,,
2026-07-24 10:45:00+03:00,15,V,True,12.444029850746269,1.0,0.0,0.0,0.0,,
2026-07-24 10:50:00+03:00,15,A,True,12.444029850746269,1.0,0.0,0.0,0.0,,
2026-07-24 10:50:00+03:00,15,M,False,,,,,,,
2026-07-24 10:50:00+03:00,15,V,True,12.444029850746269,1.0,0.0,0.0,0.0,,
2026-07-24 10:55:00+03:00,15,A,True,12.444029850746269,1.0,0.0,0.0,0.0,,
2026-07-24 10:55:00+03:00,15,M,False,,,,,,,
2026-07-24 10:55:00+03:00,15,V,True,12.444029850746269,1.0,0.0,0.0,0.0,,
2026-07-24 11:00:00+03:00,15,A,True,12.444029850746269,1.0,0.0,0.0,0.0,,
2026-07-24 11:00:00+03:00,15,M,False,,,,,,,
2026-07-24 11:00:00+03:00,15,V,True,12.444029850746269,1.0,0.0,0.0,0.0,,
2026-07-24 11:05:00+03:00,15,A,True,12.444029850746269,1.0,0.0,0.0,0.0,,
2026-07-24 11:05:00+03:00,15,M,False,,,,,,,
2026-07-24 11:05:00+03:00,15,V,True,12.444029850746269,1.0,0.0,0.0,0.0,,
2026-07-24 11:10:00+03:00,15,A,True,12.444029850746269,1.0,0.0,0.0,0.0,,
2026-07-24 11:10:00+03:00,15,M,False,,,,,,,
2026-07-24 11:10:00+03:00,15,V,True,12.444029850746269,1.0,0.0,0.0,0.0,,
2026-07-24 11:15:00+03:00,15,A,True,12.444029850746269,1.0,0.0,0.0,0.0,,
2026-07-24 11:15:00+03:00,15,M,False,,,,,,,
2026-07-24 11:15:00+03:00,15,V,True,12.444029850746269,1.0,0.0,0.0,0.0,,
2026-07-24 11:20:00+03:00,15,A,True,12.444029850746269,1.0,0.0,0.0,0.0,,
2026-07-24 11:20:00+03:00,15,M,False,,,,,,,
2026-07-24 11:20:00+03:00,15,V,True,12.444029850746269,1.0,0.0,0.0,0.0,,
2026-07-24 11:25:00+03:00,15,A,True,12.444029850746269,1.0,0.0,0.0,0.0,,
2026-07-24 11:25:00+03:00,15,M,False,,,,,,,
2026-07-24 11:25:00+03:00,15,V,True,12.444029850746269,1.0,0.0,0.0,0.0,,
2026-07-24 11:30:00+03:00,15,A,True,12.444029850746269,1.0,0.0,0.0,0.0,,
2026-07-24 11:30:00+03:00,15,M,False,,,,,,,
2026-07-24 11:30:00+03:00,15,V,True,12.444029850746269,1.0,0.0,0.0,0.0,,
2026-07-24 11:35:00+03:00,15,A,True,12.444029850746269,1.0,0.0,0.0,0.0,,
2026-07-24 11:35:00+03:00,15,M,False,,,,,,,
2026-07-24 11:35:00+03:00,15,V,True,12.444029850746269,1.0,0.0,0.0,0.0,,
2026-07-24 11:40:00+03:00,15,A,True,12.444029850746269,1.0,0.0,0.0,0.0,,
2026-07-24 11:40:00+03:00,15,M,False,,,,,,,
2026-07-24 11:40:00+03:00,15,V,True,12.444029850746269,1.0,0.0,0.0,0.0,,
2026-07-24 11:45:00+03:00,15,A,True,12.444029850746269,1.0,0.0,0.0,0.0,,
2026-07-24 11:45:00+03:00,15,M,False,,,,,,,
2026-07-24 11:45:00+03:00,15,V,True,12.444029850746269,1.0,0.0,0.0,0.0,,
2026-07-24 11:50:00+03:00,15,A,True,12.444029850746269,1.0,0.0,0.0,0.0,,
2026-07-24 11:50:00+03:00,15,M,False,,,,,,,
2026-07-24 11:50:00+03:00,15,V,True,12.444029850746269,1.0,0.0,0.0,0.0,,
2026-07-24 11:55:00+03:00,15,A,True,12.444029850746269,1.0,0.0,0.0,0.0,,
2026-07-24 11:55:00+03:00,15,M,False,,,,,,,
2026-07-24 11:55:00+03:00,15,V,True,12.444029850746269,1.0,0.0,0.0,0.0,,
2026-07-24 12:00:00+03:00,15,A,True,12.444029850746269,1.0,0.0,0.0,0.0,,
2026-07-24 12:00:00+03:00,15,M,False,,,,,,,
2026-07-24 12:00:00+03:00,15,V,True,12.444029850746269,1.0,0.0,0.0,0.0,,
2026-07-24 12:05:00+03:00,15,A,True,12.444029850746269,1.0,0.0,0.0,0.0,,
2026-07-24 12:05:00+03:00,15,M,False,,,,,,,
2026-07-24 12:05:00+03:00,15,V,True,12.444029850746269,1.0,0.0,0.0,0.0,,
2026-07-24 12:10:00+03:00,15,A,True,12.444029850746269,1.0,0.0,0.0,0.0,,
2026-07-24 12:10:00+03:00,15,M,False,,,,,,,
2026-07-24 12:10:00+03:00,15,V,True,12.444029850746269,1.0,0.0,0.0,0.0,,
2026-07-24 12:15:00+03:00,15,A,True,12.444029850746269,1.0,0.0,0.0,0.0,,
2026-07-24 12:15:00+03:00,15,M,False,,,,,,,
2026-07-24 12:15:00+03:00,15,V,True,12.444029850746269,1.0,0.0,0.0,0.0,,
2026-07-24 12:20:00+03:00,15,A,True,12.444029850746269,1.0,0.0,0.0,0.0,,
2026-07-24 12:20:00+03:00,15,M,False,,,,,,,
2026-07-24 12:20:00+03:00,15,V,True,12.444029850746269,1.0,0.0,0.0,0.0,,
2026-07-24 12:25:00+03:00,15,A,True,12.444029850746269,1.0,0.0,0.0,0.0,,
2026-07-24 12:25:00+03:00,15,M,False,,,,,,,
2026-07-24 12:25:00+03:00,15,V,True,12.444029850746269,1.0,0.0,0.0,0.0,,
2026-07-24 12:30:00+03:00,15,A,True,12.444029850746269,1.0,0.0,0.0,0.0,,
2026-07-24 12:30:00+03:00,15,M,False,,,,,,,
2026-07-24 12:30:00+03:00,15,V,True,12.444029850746269,1.0,0.0,0.0,0.0,,
2026-07-24 12:35:00+03:00,15,A,True,12.444029850746269,1.0,0.0,0.0,0.0,,
2026-07-24 12:35:00+03:00,15,M,False,,,,,,,
2026-07-24 12:35:00+03:00,15,V,True,12.444029850746269,1.0,0.0,0.0,0.0,,
2026-07-24 12:40:00+03:00,15,A,True,12.444029850746269,1.0,0.0,0.0,0.0,,
2026-07-24 12:40:00+03:00,15,M,False,,,,,,,
2026-07-24 12:40:00+03:00,15,V,True,12.444029850746269,1.0,0.0,0.0,0.0,,
2026-07-24 12:45:00+03:00,15,A,True,12.444029850746269,1.0,0.0,0.0,0.0,,
2026-07-24 12:45:00+03:00,15,M,False,,,,,,,
2026-07-24 12:45:00+03:00,15,V,True,12.444029850746269,1.0,0.0,0.0,0.0,,
2026-07-24 12:50:00+03:00,15,A,True,12.444029850746269,1.0,0.0,0.0,0.0,,
2026-07-24 12:50:00+03:00,15,M,False,,,,,,,
2026-07-24 12:50:00+03:00,15,V,True,12.444029850746269,1.0,0.0,0.0,0.0,,
2026-07-24 12:55:00+03:00,15,A,True,12.444029850746269,1.0,0.0,0.0,0.0,,
2026-07-24 12:55:00+03:00,15,M,False,,,,,,,
2026-07-24 12:55:00+03:00,15,V,True,12.444029850746269,1.0,0.0,0.0,0.0,,
2026-07-24 13:00:00+03:00,15,A,True,12.444029850746269,1.0,0.0,0.0,0.0,,
2026-07-24 13:00:00+03:00,15,M,False,,,,,,,
2026-07-24 13:00:00+03:00,15,V,True,13.379836705715306,0.9642857142857143,0.03571428571428571,0.0,0.0,,
2026-07-24 13:05:00+03:00,15,A,True,12.444029850746269,1.0,0.0,0.0,0.0,,
2026-07-24 13:05:00+03:00,15,M,False,,,,,,,
2026-07-24 13:05:00+03:00,15,V,True,24.826072898295124,0.5145238095238093,0.48547619047619067,0.0,0.0,,
2026-07-24 13:10:00+03:00,15,A,True,12.444029850746269,1.0,0.0,0.0,0.0,,
2026-07-24 13:10:00+03:00,15,M,False,,,,,,,
2026-07-24 13:10:00+03:00,15,V,True,31.42338701111089,0.2471428571428565,0.7528571428571436,0.0,0.0,,
2026-07-24 13:15:00+03:00,15,A,True,12.444029850746269,1.0,0.0,0.0,0.0,,
2026-07-24 13:15:00+03:00,15,M,False,,,,,,,
2026-07-24 13:15:00+03:00,15,V,True,32.12321482993488,0.21857142857142792,0.781428571428572,0.0,0.0,,
2026-07-24 13:20:00+03:00,15,A,True,12.444029850746269,1.0,0.0,0.0,0.0,,
2026-07-24 13:20:00+03:00,15,M,False,,,,,,,
2026-07-24 13:20:00+03:00,15,V,True,27.006307934513252,0.42642857142857177,0.5735714285714283,0.0,0.0,,
2026-07-24 13:25:00+03:00,15,A,True,12.444029850746269,1.0,0.0,0.0,0.0,,
2026-07-24 13:25:00+03:00,15,M,False,,,,,,,
2026-07-24 13:25:00+03:00,15,V,True,19.93822297273445,0.709523809523809,0.290476190476191,0.0,0.0,,
2026-07-24 13:30:00+03:00,15,A,True,12.444029850746269,1.0,0.0,0.0,0.0,,
2026-07-24 13:30:00+03:00,15,M,False,,,,,,,
2026-07-24 13:30:00+03:00,15,V,True,12.444029850746269,1.0,0.0,0.0,0.0,,
2026-07-24 13:35:00+03:00,15,A,True,12.444029850746269,1.0,0.0,0.0,0.0,,
2026-07-24 13:35:00+03:00,15,M,False,,,,,,,
2026-07-24 13:35:00+03:00,15,V,True,12.444029850746269,1.0,0.0,0.0,0.0,,
2026-07-24 13:40:00+03:00,15,A,True,12.444029850746269,1.0,0.0,0.0,0.0,,
2026-07-24 13:40:00+03:00,15,M,False,,,,,,,
2026-07-24 13:40:00+03:00,15,V,True,12.444029850746269,1.0,0.0,0.0,0.0,,
2026-07-24 13:45:00+03:00,15,A,True,12.444029850746269,1.0,0.0,0.0,0.0,,
2026-07-24 13:45:00+03:00,15,M,False,,,,,,,
2026-07-24 13:45:00+03:00,15,V,True,12.444029850746269,1.0,0.0,0.0,0.0,,
2026-07-24 13:50:00+03:00,15,A,True,12.444029850746269,1.0,0.0,0.0,0.0,,
2026-07-24 13:50:00+03:00,15,M,False,,,,,,,
2026-07-24 13:50:00+03:00,15,V,True,12.444029850746269,1.0,0.0,0.0,0.0,,
2026-07-24 13:55:00+03:00,15,A,True,12.444029850746269,1.0,0.0,0.0,0.0,,
2026-07-24 13:55:00+03:00,15,M,False,,,,,,,
2026-07-24 13:55:00+03:00,15,V,True,12.444029850746269,1.0,0.0,0.0,0.0,,
2026-07-24 14:00:00+03:00,15,A,True,12.444029850746269,1.0,0.0,0.0,0.0,,
2026-07-24 14:00:00+03:00,15,M,False,,,,,,,
2026-07-24 14:00:00+03:00,15,V,True,12.444029850746269,1.0,0.0,0.0,0.0,,
2026-07-24 14:05:00+03:00,15,A,True,12.444029850746269,1.0,0.0,0.0,0.0,,
2026-07-24 14:05:00+03:00,15,M,False,,,,,,,
2026-07-24 14:05:00+03:00,15,V,True,12.444029850746269,1.0,0.0,0.0,0.0,,
2026-07-24 14:10:00+03:00,15,A,True,12.444029850746269,1.0,0.0,0.0,0.0,,
2026-07-24 14:10:00+03:00,15,M,False,,,,,,,
2026-07-24 14:10:00+03:00,15,V,True,12.444029850746269,1.0,0.0,0.0,0.0,,
2026-07-24 14:15:00+03:00,15,A,True,12.444029850746269,1.0,0.0,0.0,0.0,,
2026-07-24 14:15:00+03:00,15,M,False,,,,,,,
2026-07-24 14:15:00+03:00,15,V,True,12.444029850746269,1.0,0.0,0.0,0.0,,
2026-07-24 14:20:00+03:00,15,A,True,12.444029850746269,1.0,0.0,0.0,0.0,,
2026-07-24 14:20:00+03:00,15,M,False,,,,,,,
2026-07-24 14:20:00+03:00,15,V,True,12.444029850746269,1.0,0.0,0.0,0.0,,
2026-07-24 14:25:00+03:00,15,A,True,12.444029850746269,1.0,0.0,0.0,0.0,,
2026-07-24 14:25:00+03:00,15,M,False,,,,,,,
2026-07-24 14:25:00+03:00,15,V,True,12.444029850746269,1.0,0.0,0.0,0.0,,
2026-07-24 14:30:00+03:00,15,A,True,12.444029850746269,1.0,0.0,0.0,0.0,,
2026-07-24 14:30:00+03:00,15,M,False,,,,,,,
2026-07-24 14:30:00+03:00,15,V,True,12.444029850746269,1.0,0.0,0.0,0.0,,
2026-07-24 14:35:00+03:00,15,A,True,12.444029850746269,1.0,0.0,0.0,0.0,,
2026-07-24 14:35:00+03:00,15,M,False,,,,,,,
2026-07-24 14:35:00+03:00,15,V,True,12.444029850746269,1.0,0.0,0.0,0.0,,
2026-07-24 14:40:00+03:00,15,A,True,12.444029850746269,1.0,0.0,0.0,0.0,,
2026-07-24 14:40:00+03:00,15,M,False,,,,,,,
2026-07-24 14:40:00+03:00,15,V,True,12.444029850746269,1.0,0.0,0.0,0.0,,
2026-07-24 14:45:00+03:00,15,A,True,12.444029850746269,1.0,0.0,0.0,0.0,,
2026-07-24 14:45:00+03:00,15,M,False,,,,,,,
2026-07-24 14:45:00+03:00,15,V,True,12.444029850746269,1.0,0.0,0.0,0.0,,
2026-07-24 14:50:00+03:00,15,A,True,12.444029850746269,1.0,0.0,0.0,0.0,,
2026-07-24 14:50:00+03:00,15,M,False,,,,,,,
2026-07-24 14:50:00+03:00,15,V,True,12.444029850746269,1.0,0.0,0.0,0.0,,
2026-07-24 14:55:00+03:00,15,A,True,12.444029850746269,1.0,0.0,0.0,0.0,,
2026-07-24 14:55:00+03:00,15,M,False,,,,,,,
2026-07-24 14:55:00+03:00,15,V,True,12.444029850746269,1.0,0.0,0.0,0.0,,
2026-07-24 15:00:00+03:00,15,A,True,12.444029850746269,1.0,0.0,0.0,0.0,,
2026-07-24 15:00:00+03:00,15,M,False,,,,,,,
2026-07-24 15:00:00+03:00,15,V,True,12.444029850746269,1.0,0.0,0.0,0.0,,
2026-07-24 15:05:00+03:00,15,A,True,12.444029850746269,1.0,0.0,0.0,0.0,,
2026-07-24 15:05:00+03:00,15,M,False,,,,,,,
2026-07-24 15:05:00+03:00,15,V,True,12.444029850746269,1.0,0.0,0.0,0.0,,
2026-07-24 15:10:00+03:00,15,A,True,12.444029850746269,1.0,0.0,0.0,0.0,,
2026-07-24 15:10:00+03:00,15,M,False,,,,,,,
2026-07-24 15:10:00+03:00,15,V,True,12.444029850746269,1.0,0.0,0.0,0.0,,
2026-07-24 15:15:00+03:00,15,A,True,12.444029850746269,1.0,0.0,0.0,0.0,,
2026-07-24 15:15:00+03:00,15,M,False,,,,,,,
2026-07-24 15:15:00+03:00,15,V,True,12.444029850746269,1.0,0.0,0.0,0.0,,
2026-07-24 15:20:00+03:00,15,A,True,12.444029850746269,1.0,0.0,0.0,0.0,,
2026-07-24 15:20:00+03:00,15,M,False,,,,,,,
2026-07-24 15:20:00+03:00,15,V,True,12.444029850746269,1.0,0.0,0.0,0.0,,
2026-07-24 15:25:00+03:00,15,A,True,12.444029850746269,1.0,0.0,0.0,0.0,,
2026-07-24 15:25:00+03:00,15,M,False,,,,,,,
2026-07-24 15:25:00+03:00,15,V,True,12.444029850746269,1.0,0.0,0.0,0.0,,
2026-07-24 15:30:00+03:00,15,A,True,12.444029850746269,1.0,0.0,0.0,0.0,,
2026-07-24 15:30:00+03:00,15,M,False,,,,,,,
2026-07-24 15:30:00+03:00,15,V,True,12.444029850746269,1.0,0.0,0.0,0.0,,
2026-07-24 15:35:00+03:00,15,A,True,12.444029850746269,1.0,0.0,0.0,0.0,,
2026-07-24 15:35:00+03:00,15,M,False,,,,,,,
2026-07-24 15:35:00+03:00,15,V,True,12.444029850746269,1.0,0.0,0.0,0.0,,
2026-07-24 15:40:00+03:00,15,A,True,12.444029850746269,1.0,0.0,0.0,0.0,,
2026-07-24 15:40:00+03:00,15,M,False,,,,,,,
2026-07-24 15:40:00+03:00,15,V,True,12.444029850746269,1.0,0.0,0.0,0.0,,
2026-07-24 15:45:00+03:00,15,A,True,12.444029850746269,1.0,0.0,0.0,0.0,,
2026-07-24 15:45:00+03:00,15,M,False,,,,,,,
2026-07-24 15:45:00+03:00,15,V,True,12.444029850746269,1.0,0.0,0.0,0.0,,
2026-07-24 15:50:00+03:00,15,A,True,12.444029850746269,1.0,0.0,0.0,0.0,,
2026-07-24 15:50:00+03:00,15,M,False,,,,,,,
2026-07-24 15:50:00+03:00,15,V,True,12.444029850746269,1.0,0.0,0.0,0.0,,
2026-07-24 15:55:00+03:00,15,A,True,12.444029850746269,1.0,0.0,0.0,0.0,,
2026-07-24 15:55:00+03:00,15,M,False,,,,,,,
2026-07-24 15:55:00+03:00,15,V,True,12.444029850746269,1.0,0.0,0.0,0.0,,
2026-07-24 16:00:00+03:00,15,A,True,12.444029850746269,1.0,0.0,0.0,0.0,,
2026-07-24 16:00:00+03:00,15,M,False,,,,,,,
2026-07-24 16:00:00+03:00,15,V,True,12.444029850746269,1.0,0.0,0.0,0.0,,
2026-07-24 16:05:00+03:00,15,A,True,12.444029850746269,1.0,0.0,0.0,0.0,,
2026-07-24 16:05:00+03:00,15,M,False,,,,,,,
2026-07-24 16:05:00+03:00,15,V,True,12.444029850746269,1.0,0.0,0.0,0.0,,
2026-07-24 16:10:00+03:00,15,A,True,12.444029850746269,1.0,0.0,0.0,0.0,,
2026-07-24 16:10:00+03:00,15,M,False,,,,,,,
2026-07-24 16:10:00+03:00,15,V,True,12.444029850746269,1.0,0.0,0.0,0.0,,
2026-07-24 16:15:00+03:00,15,A,True,12.444029850746269,1.0,0.0,0.0,0.0,,
2026-07-24 16:15:00+03:00,15,M,False,,,,,,,
2026-07-24 16:15:00+03:00,15,V,True,12.444029850746269,1.0,0.0,0.0,0.0,,
2026-07-24 16:20:00+03:00,15,A,True,12.444029850746269,1.0,0.0,0.0,0.0,,
2026-07-24 16:20:00+03:00,15,M,False,,,,,,,
2026-07-24 16:20:00+03:00,15,V,True,12.444029850746269,1.0,0.0,0.0,0.0,,
2026-07-24 16:25:00+03:00,15,A,True,12.444029850746269,1.0,0.0,0.0,0.0,,
2026-07-24 16:25:00+03:00,15,M,False,,,,,,,
2026-07-24 16:25:00+03:00,15,V,True,12.444029850746269,1.0,0.0,0.0,0.0,,
2026-07-24 16:30:00+03:00,15,A,True,12.444029850746269,1.0,0.0,0.0,0.0,,
2026-07-24 16:30:00+03:00,15,M,False,,,,,,,
2026-07-24 16:30:00+03:00,15,V,True,12.444029850746269,1.0,0.0,0.0,0.0,,
2026-07-24 16:35:00+03:00,15,A,True,12.444029850746269,1.0,0.0,0.0,0.0,,
2026-07-24 16:35:00+03:00,15,M,False,,,,,,,
2026-07-24 16:35:00+03:00,15,V,True,12.444029850746269,1.0,0.0,0.0,0.0,,
2026-07-24 16:40:00+03:00,15,A,True,12.444029850746269,1.0,0.0,0.0,0.0,,
2026-07-24 16:40:00+03:00,15,M,False,,,,,,,
2026-07-24 16:40:00+03:00,15,V,True,12.444029850746269,1.0,0.0,0.0,0.0,,
2026-07-24 16:45:00+03:00,15,A,True,12.444029850746269,1.0,0.0,0.0,0.0,,
2026-07-24 16:45:00+03:00,15,M,False,,,,,,,
2026-07-24 16:45:00+03:00,15,V,True,12.444029850746269,1.0,0.0,0.0,0.0,,
2026-07-24 16:50:00+03:00,15,A,True,12.444029850746269,1.0,0.0,0.0,0.0,,
2026-07-24 16:50:00+03:00,15,M,False,,,,,,,
2026-07-24 16:50:00+03:00,15,V,True,12.444029850746269,1.0,0.0,0.0,0.0,,
2026-07-24 16:55:00+03:00,15,A,True,12.444029850746269,1.0,0.0,0.0,0.0,,
2026-07-24 16:55:00+03:00,15,M,False,,,,,,,
2026-07-24 16:55:00+03:00,15,V,True,12.444029850746269,1.0,0.0,0.0,0.0,,
2026-07-24 17:00:00+03:00,15,A,True,12.444029850746269,1.0,0.0,0.0,0.0,,
2026-07-24 17:00:00+03:00,15,M,False,,,,,,,
2026-07-24 17:00:00+03:00,15,V,True,12.444029850746269,1.0,0.0,0.0,0.0,,
2026-07-24 17:05:00+03:00,15,A,True,12.444029850746269,1.0,0.0,0.0,0.0,,
2026-07-24 17:05:00+03:00,15,M,False,,,,,,,
2026-07-24 17:05:00+03:00,15,V,True,12.444029850746269,1.0,0.0,0.0,0.0,,
2026-07-24 17:10:00+03:00,15,A,True,12.444029850746269,1.0,0.0,0.0,0.0,,
2026-07-24 17:10:00+03:00,15,M,False,,,,,,,
2026-07-24 17:10:00+03:00,15,V,True,12.444029850746269,1.0,0.0,0.0,0.0,,
2026-07-24 17:15:00+03:00,15,A,True,12.444029850746269,1.0,0.0,0.0,0.0,,
2026-07-24 17:15:00+03:00,15,M,False,,,,,,,
2026-07-24 17:15:00+03:00,15,V,True,12.444029850746269,1.0,0.0,0.0,0.0,,
2026-07-24 17:20:00+03:00,15,A,True,12.444029850746269,1.0,0.0,0.0,0.0,,
2026-07-24 17:20:00+03:00,15,M,False,,,,,,,
2026-07-24 17:20:00+03:00,15,V,True,12.444029850746269,1.0,0.0,0.0,0.0,,
2026-07-24 17:25:00+03:00,15,A,True,12.444029850746269,1.0,0.0,0.0,0.0,,
2026-07-24 17:25:00+03:00,15,M,False,,,,,,,
2026-07-24 17:25:00+03:00,15,V,True,12.444029850746269,1.0,0.0,0.0,0.0,,
2026-07-24 17:30:00+03:00,15,A,True,12.444029850746269,1.0,0.0,0.0,0.0,,
2026-07-24 17:30:00+03:00,15,M,False,,,,,,,
2026-07-24 17:30:00+03:00,15,V,True,12.444029850746269,1.0,0.0,0.0,0.0,,
2026-07-24 17:35:00+03:00,15,A,True,12.444029850746269,1.0,0.0,0.0,0.0,,
2026-07-24 17:35:00+03:00,15,M,False,,,,,,,
2026-07-24 17:35:00+03:00,15,V,True,12.444029850746269,1.0,0.0,0.0,0.0,,
2026-07-24 17:40:00+03:00,15,A,True,12.444029850746269,1.0,0.0,0.0,0.0,,
2026-07-24 17:40:00+03:00,15,M,False,,,,,,,
2026-07-24 17:40:00+03:00,15,V,True,12.444029850746269,1.0,0.0,0.0,0.0,,
2026-07-24 17:45:00+03:00,15,A,True,12.444029850746269,1.0,0.0,0.0,0.0,,
2026-07-24 17:45:00+03:00,15,M,False,,,,,,,
2026-07-24 17:45:00+03:00,15,V,True,12.444029850746269,1.0,0.0,0.0,0.0,,
2026-07-24 17:50:00+03:00,15,A,True,12.444029850746269,1.0,0.0,0.0,0.0,,
2026-07-24 17:50:00+03:00,15,M,False,,,,,,,
2026-07-24 17:50:00+03:00,15,V,True,12.444029850746269,1.0,0.0,0.0,0.0,,
2026-07-24 17:55:00+03:00,15,A,True,12.444029850746269,1.0,0.0,0.0,0.0,,
2026-07-24 17:55:00+03:00,15,M,False,,,,,,,
2026-07-24 17:55:00+03:00,15,V,True,12.444029850746269,1.0,0.0,0.0,0.0,,
2026-07-24 18:00:00+03:00,15,A,True,12.444029850746269,1.0,0.0,0.0,0.0,,
2026-07-24 18:00:00+03:00,15,M,False,,,,,,,
2026-07-24 18:00:00+03:00,15,V,True,12.444029850746269,1.0,0.0,0.0,0.0,,
2026-07-24 18:05:00+03:00,15,A,True,12.444029850746269,1.0,0.0,0.0,0.0,,
2026-07-24 18:05:00+03:00,15,M,False,,,,,,,
2026-07-24 18:05:00+03:00,15,V,True,12.444029850746269,1.0,0.0,0.0,0.0,,
2026-07-24 18:10:00+03:00,15,A,True,12.444029850746269,1.0,0.0,0.0,0.0,,
2026-07-24 18:10:00+03:00,15,M,False,,,,,,,
2026-07-24 18:10:00+03:00,15,V,True,12.444029850746269,1.0,0.0,0.0,0.0,,
2026-07-24 18:15:00+03:00,15,A,True,12.444029850746269,1.0,0.0,0.0,0.0,,
2026-07-24 18:15:00+03:00,15,M,False,,,,,,,
2026-07-24 18:15:00+03:00,15,V,True,12.444029850746269,1.0,0.0,0.0,0.0,,
2026-07-24 18:20:00+03:00,15,A,True,12.444029850746269,1.0,0.0,0.0,0.0,,
2026-07-24 18:20:00+03:00,15,M,False,,,,,,,
2026-07-24 18:20:00+03:00,15,V,True,12.444029850746269,1.0,0.0,0.0,0.0,,
2026-07-24 18:25:00+03:00,15,A,True,12.444029850746269,1.0,0.0,0.0,0.0,,
2026-07-24 18:25:00+03:00,15,M,False,,,,,,,
2026-07-24 18:25:00+03:00,15,V,True,12.444029850746269,1.0,0.0,0.0,0.0,,
2026-07-24 18:30:00+03:00,15,A,True,12.444029850746269,1.0,0.0,0.0,0.0,,
2026-07-24 18:30:00+03:00,15,M,False,,,,,,,
2026-07-24 18:30:00+03:00,15,V,True,12.444029850746269,1.0,0.0,0.0,0.0,,
2026-07-24 18:35:00+03:00,15,A,True,12.444029850746269,1.0,0.0,0.0,0.0,,
2026-07-24 18:35:00+03:00,15,M,False,,,,,,,
2026-07-24 18:35:00+03:00,15,V,True,12.444029850746269,1.0,0.0,0.0,0.0,,
2026-07-24 18:40:00+03:00,15,A,True,12.444029850746269,1.0,0.0,0.0,0.0,,
2026-07-24 18:40:00+03:00,15,M,False,,,,,,,
2026-07-24 18:40:00+03:00,15,V,True,12.444029850746269,1.0,0.0,0.0,0.0,,
2026-07-24 18:45:00+03:00,15,A,True,12.444029850746269,1.0,0.0,0.0,0.0,,
2026-07-24 18:45:00+03:00,15,M,False,,,,,,,
2026-07-24 18:45:00+03:00,15,V,True,12.444029850746269,1.0,0.0,0.0,0.0,,
2026-07-24 18:50:00+03:00,15,A,True,12.444029850746269,1.0,0.0,0.0,0.0,,
2026-07-24 18:50:00+03:00,15,M,False,,,,,,,
2026-07-24 18:50:00+03:00,15,V,True,12.444029850746269,1.0,0.0,0.0,0.0,,
2026-07-24 18:55:00+03:00,15,A,True,12.444029850746269,1.0,0.0,0.0,0.0,,
2026-07-24 18:55:00+03:00,15,M,False,,,,,,,
2026-07-24 18:55:00+03:00,15,V,True,12.444029850746269,1.0,0.0,0.0,0.0,,
2026-07-24 19:00:00+03:00,15,A,True,12.444029850746269,1.0,0.0,0.0,0.0,,
2026-07-24 19:00:00+03:00,15,M,False,,,,,,,
2026-07-24 19:00:00+03:00,15,V,True,12.444029850746269,1.0,0.0,0.0,0.0,,
2026-07-24 19:05:00+03:00,15,A,True,12.444029850746269,1.0,0.0,0.0,0.0,,
2026-07-24 19:05:00+03:00,15,M,False,,,,,,,
2026-07-24 19:05:00+03:00,15,V,True,12.444029850746269,1.0,0.0,0.0,0.0,,
2026-07-24 19:10:00+03:00,15,A,True,12.444029850746269,1.0,0.0,0.0,0.0,,
2026-07-24 19:10:00+03:00,15,M,False,,,,,,,
2026-07-24 19:10:00+03:00,15,V,True,12.444029850746269,1.0,0.0,0.0,0.0,,
2026-07-24 19:15:00+03:00,15,A,True,12.444029850746269,1.0,0.0,0.0,0.0,,
2026-07-24 19:15:00+03:00,15,M,False,,,,,,,
2026-07-24 19:15:00+03:00,15,V,True,12.444029850746269,1.0,0.0,0.0,0.0,,
2026-07-24 19:20:00+03:00,15,A,True,12.444029850746269,1.0,0.0,0.0,0.0,,
2026-07-24 19:20:00+03:00,15,M,False,,,,,,,
2026-07-24 19:20:00+03:00,15,V,True,12.444029850746269,1.0,0.0,0.0,0.0,,
2026-07-24 19:25:00+03:00,15,A,True,12.444029850746269,1.0,0.0,0.0,0.0,,
2026-07-24 19:25:00+03:00,15,M,False,,,,,,,
2026-07-24 19:25:00+03:00,15,V,True,12.444029850746269,1.0,0.0,0.0,0.0,,
2026-07-24 19:30:00+03:00,15,A,True,12.444029850746269,1.0,0.0,0.0,0.0,,
2026-07-24 19:30:00+03:00,15,M,False,,,,,,,
2026-07-24 19:30:00+03:00,15,V,True,12.444029850746269,1.0,0.0,0.0,0.0,,
2026-07-24 19:35:00+03:00,15,A,True,12.444029850746269,1.0,0.0,0.0,0.0,,
2026-07-24 19:35:00+03:00,15,M,False,,,,,,,
2026-07-24 19:35:00+03:00,15,V,True,12.444029850746269,1.0,0.0,0.0,0.0,,
2026-07-24 19:40:00+03:00,15,A,True,12.444029850746269,1.0,0.0,0.0,0.0,,
2026-07-24 19:40:00+03:00,15,M,False,,,,,,,
2026-07-24 19:40:00+03:00,15,V,True,12.444029850746269,1.0,0.0,0.0,0.0,,
2026-07-24 19:45:00+03:00,15,A,True,12.444029850746269,1.0,0.0,0.0,0.0,,
2026-07-24 19:45:00+03:00,15,M,False,,,,,,,
2026-07-24 19:45:00+03:00,15,V,True,12.444029850746269,1.0,0.0,0.0,0.0,,
2026-07-24 19:50:00+03:00,15,A,True,12.444029850746269,1.0,0.0,0.0,0.0,,
2026-07-24 19:50:00+03:00,15,M,False,,,,,,,
2026-07-24 19:50:00+03:00,15,V,True,12.444029850746269,1.0,0.0,0.0,0.0,,
2026-07-24 19:55:00+03:00,15,A,True,12.444029850746269,1.0,0.0,0.0,0.0,,
2026-07-24 19:55:00+03:00,15,M,False,,,,,,,
2026-07-24 19:55:00+03:00,15,V,True,12.444029850746269,1.0,0.0,0.0,0.0,,
2026-07-24 20:00:00+03:00,15,A,True,12.444029850746269,1.0,0.0,0.0,0.0,,
2026-07-24 20:00:00+03:00,15,M,False,,,,,,,
2026-07-24 20:00:00+03:00,15,V,True,12.444029850746269,1.0,0.0,0.0,0.0,,
2026-07-24 20:05:00+03:00,15,A,True,12.444029850746269,1.0,0.0,0.0,0.0,,
2026-07-24 20:05:00+03:00,15,M,False,,,,,,,
2026-07-24 20:05:00+03:00,15,V,True,12.444029850746269,1.0,0.0,0.0,0.0,,
2026-07-24 20:10:00+03:00,15,A,True,12.444029850746269,1.0,0.0,0.0,0.0,,
2026-07-24 20:10:00+03:00,15,M,False,,,,,,,
2026-07-24 20:10:00+03:00,15,V,True,12.444029850746269,1.0,0.0,0.0,0.0,,
2026-07-24 20:15:00+03:00,15,A,True,12.444029850746269,1.0,0.0,0.0,0.0,,
2026-07-24 20:15:00+03:00,15,M,False,,,,,,,
2026-07-24 20:15:00+03:00,15,V,True,12.444029850746269,1.0,0.0,0.0,0.0,,
2026-07-24 20:20:00+03:00,15,A,True,12.444029850746269,1.0,0.0,0.0,0.0,,
2026-07-24 20:20:00+03:00,15,M,False,,,,,,,
2026-07-24 20:20:00+03:00,15,V,True,12.444029850746269,1.0,0.0,0.0,0.0,,
2026-07-24 20:25:00+03:00,15,A,True,12.444029850746269,1.0,0.0,0.0,0.0,,
2026-07-24 20:25:00+03:00,15,M,False,,,,,,,
2026-07-24 20:25:00+03:00,15,V,True,12.444029850746269,1.0,0.0,0.0,0.0,,
2026-07-24 20:30:00+03:00,15,A,True,12.444029850746269,1.0,0.0,0.0,0.0,,
2026-07-24 20:30:00+03:00,15,M,False,,,,,,,
2026-07-24 20:30:00+03:00,15,V,True,12.444029850746269,1.0,0.0,0.0,0.0,,
2026-07-24 20:35:00+03:00,15,A,True,12.444029850746269,1.0,0.0,0.0,0.0,,
2026-07-24 20:35:00+03:00,15,M,False,,,,,,,
2026-07-24 20:35:00+03:00,15,V,True,12.444029850746269,1.0,0.0,0.0,0.0,,
2026-07-24 20:40:00+03:00,15,A,True,12.444029850746269,1.0,0.0,0.0,0.0,,
2026-07-24 20:40:00+03:00,15,M,False,,,,,,,
2026-07-24 20:40:00+03:00,15,V,True,12.444029850746269,1.0,0.0,0.0,0.0,,
2026-07-24 20:45:00+03:00,15,A,True,12.444029850746269,1.0,0.0,0.0,0.0,,
2026-07-24 20:45:00+03:00,15,M,False,,,,,,,
2026-07-24 20:45:00+03:00,15,V,True,12.444029850746269,1.0,0.0,0.0,0.0,,
2026-07-24 20:50:00+03:00,15,A,True,12.444029850746269,1.0,0.0,0.0,0.0,,
2026-07-24 20:50:00+03:00,15,M,False,,,,,,,
2026-07-24 20:50:00+03:00,15,V,True,12.444029850746269,1.0,0.0,0.0,0.0,,
2026-07-24 20:55:00+03:00,15,A,True,12.444029850746269,1.0,0.0,0.0,0.0,,
2026-07-24 20:55:00+03:00,15,M,False,,,,,,,
2026-07-24 20:55:00+03:00,15,V,True,12.444029850746269,1.0,0.0,0.0,0.0,,
2026-07-24 21:00:00+03:00,15,A,True,12.444029850746269,1.0,0.0,0.0,0.0,,
2026-07-24 21:00:00+03:00,15,M,False,,,,,,,
2026-07-24 21:00:00+03:00,15,V,True,12.444029850746269,1.0,0.0,0.0,0.0,,
2026-07-24 21:05:00+03:00,15,A,True,12.444029850746269,1.0,0.0,0.0,0.0,,
2026-07-24 21:05:00+03:00,15,M,False,,,,,,,
2026-07-24 21:05:00+03:00,15,V,True,12.444029850746269,1.0,0.0,0.0,0.0,,
2026-07-24 21:10:00+03:00,15,A,True,12.444029850746269,1.0,0.0,0.0,0.0,,
2026-07-24 21:10:00+03:00,15,M,False,,,,,,,
2026-07-24 21:10:00+03:00,15,V,True,12.444029850746269,1.0,0.0,0.0,0.0,,
2026-07-24 21:15:00+03:00,15,A,True,12.444029850746269,1.0,0.0,0.0,0.0,,
2026-07-24 21:15:00+03:00,15,M,False,,,,,,,
2026-07-24 21:15:00+03:00,15,V,True,12.444029850746269,1.0,0.0,0.0,0.0,,
2026-07-24 21:20:00+03:00,15,A,True,12.444029850746269,1.0,0.0,0.0,0.0,,
2026-07-24 21:20:00+03:00,15,M,False,,,,,,,
2026-07-24 21:20:00+03:00,15,V,True,12.444029850746269,1.0,0.0,0.0,0.0,,
2026-07-24 21:25:00+03:00,15,A,True,12.444029850746269,1.0,0.0,0.0,0.0,,
2026-07-24 21:25:00+03:00,15,M,False,,,,,,,
2026-07-24 21:25:00+03:00,15,V,True,12.444029850746269,1.0,0.0,0.0,0.0,,
2026-07-24 21:30:00+03:00,15,A,True,12.444029850746269,1.0,0.0,0.0,0.0,,
2026-07-24 21:30:00+03:00,15,M,False,,,,,,,
2026-07-24 21:30:00+03:00,15,V,True,12.444029850746269,1.0,0.0,0.0,0.0,,
2026-07-24 21:35:00+03:00,15,A,True,12.444029850746269,1.0,0.0,0.0,0.0,,
2026-07-24 21:35:00+03:00,15,M,False,,,,,,,
2026-07-24 21:35:00+03:00,15,V,True,12.444029850746269,1.0,0.0,0.0,0.0,,
2026-07-24 21:40:00+03:00,15,A,True,12.444029850746269,1.0,0.0,0.0,0.0,,
2026-07-24 21:40:00+03:00,15,M,False,,,,,,,
2026-07-24 21:40:00+03:00,15,V,True,12.444029850746269,1.0,0.0,0.0,0.0,,
2026-07-24 21:45:00+03:00,15,A,True,12.444029850746269,1.0,0.0,0.0,0.0,,
2026-07-24 21:45:00+03:00,15,M,False,,,,,,,
2026-07-24 21:45:00+03:00,15,V,True,12.444029850746269,1.0,0.0,0.0,0.0,,
2026-07-24 21:50:00+03:00,15,A,True,12.444029850746269,1.0,0.0,0.0,0.0,,
2026-07-24 21:50:00+03:00,15,M,False,,,,,,,
2026-07-24 21:50:00+03:00,15,V,True,12.444029850746269,1.0,0.0,0.0,0.0,,
2026-07-24 21:55:00+03:00,15,A,True,12.444029850746269,1.0,0.0,0.0,0.0,,
2026-07-24 21:55:00+03:00,15,M,False,,,,,,,
2026-07-24 21:55:00+03:00,15,V,True,12.444029850746269,1.0,0.0,0.0,0.0,,
2026-07-24 22:00:00+03:00,15,A,True,12.444029850746269,1.0,0.0,0.0,0.0,,
2026-07-24 22:00:00+03:00,15,M,False,,,,,,,
2026-07-24 22:00:00+03:00,15,V,True,12.444029850746269,1.0,0.0,0.0,0.0,,
2026-07-24 22:05:00+03:00,15,A,True,12.444029850746269,1.0,0.0,0.0,0.0,,
2026-07-24 22:05:00+03:00,15,M,False,,,,,,,
2026-07-24 22:05:00+03:00,15,V,True,12.444029850746269,1.0,0.0,0.0,0.0,,
2026-07-24 22:10:00+03:00,15,A,True,12.444029850746269,1.0,0.0,0.0,0.0,,
2026-07-24 22:10:00+03:00,15,M,False,,,,,,,
2026-07-24 22:10:00+03:00,15,V,True,12.444029850746269,1.0,0.0,0.0,0.0,,
2026-07-24 22:15:00+03:00,15,A,True,12.444029850746269,1.0,0.0,0.0,0.0,,
2026-07-24 22:15:00+03:00,15,M,False,,,,,,,
2026-07-24 22:15:00+03:00,15,V,True,12.444029850746269,1.0,0.0,0.0,0.0,,
2026-07-24 22:20:00+03:00,15,A,True,12.444029850746269,1.0,0.0,0.0,0.0,,
2026-07-24 22:20:00+03:00,15,M,False,,,,,,,
2026-07-24 22:20:00+03:00,15,V,True,12.444029850746269,1.0,0.0,0.0,0.0,,
2026-07-24 22:25:00+03:00,15,A,True,12.444029850746269,1.0,0.0,0.0,0.0,,
2026-07-24 22:25:00+03:00,15,M,False,,,,,,,
2026-07-24 22:25:00+03:00,15,V,True,12.444029850746269,1.0,0.0,0.0,0.0,,
2026-07-24 22:30:00+03:00,15,A,True,12.444029850746269,1.0,0.0,0.0,0.0,,
2026-07-24 22:30:00+03:00,15,M,False,,,,,,,
2026-07-24 22:30:00+03:00,15,V,True,12.444029850746269,1.0,0.0,0.0,0.0,,
2026-07-24 22:35:00+03:00,15,A,True,12.444029850746269,1.0,0.0,0.0,0.0,,
2026-07-24 22:35:00+03:00,15,M,False,,,,,,,
2026-07-24 22:35:00+03:00,15,V,True,12.444029850746269,1.0,0.0,0.0,0.0,,
2026-07-24 22:40:00+03:00,15,A,True,12.444029850746269,1.0,0.0,0.0,0.0,,
2026-07-24 22:40:00+03:00,15,M,False,,,,,,,
2026-07-24 22:40:00+03:00,15,V,True,12.444029850746269,1.0,0.0,0.0,0.0,,
2026-07-24 22:45:00+03:00,15,A,True,12.444029850746269,1.0,0.0,0.0,0.0,,
2026-07-24 22:45:00+03:00,15,M,False,,,,,,,
2026-07-24 22:45:00+03:00,15,V,True,12.444029850746269,1.0,0.0,0.0,0.0,,
2026-07-24 22:50:00+03:00,15,A,True,12.444029850746269,1.0,0.0,0.0,0.0,,
2026-07-24 22:50:00+03:00,15,M,False,,,,,,,
2026-07-24 22:50:00+03:00,15,V,True,12.444029850746269,1.0,0.0,0.0,0.0,,
2026-07-24 22:55:00+03:00,15,A,True,12.444029850746269,1.0,0.0,0.0,0.0,,
2026-07-24 22:55:00+03:00,15,M,False,,,,,,,
2026-07-24 22:55:00+03:00,15,V,True,12.444029850746269,1.0,0.0,0.0,0.0,,
2026-07-24 23:00:00+03:00,15,A,True,12.444029850746269,1.0,0.0,0.0,0.0,,
2026-07-24 23:00:00+03:00,15,M,False,,,,,,,
2026-07-24 23:00:00+03:00,15,V,True,12.444029850746269,1.0,0.0,0.0,0.0,,
2026-07-24 23:05:00+03:00,15,A,True,12.444029850746269,1.0,0.0,0.0,0.0,,
2026-07-24 23:05:00+03:00,15,M,False,,,,,,,
2026-07-24 23:05:00+03:00,15,V,True,12.444029850746269,1.0,0.0,0.0,0.0,,
2026-07-24 23:10:00+03:00,15,A,True,12.444029850746269,1.0,0.0,0.0,0.0,,
2026-07-24 23:10:00+03:00,15,M,False,,,,,,,
2026-07-24 23:10:00+03:00,15,V,True,12.444029850746269,1.0,0.0,0.0,0.0,,
2026-07-24 23:15:00+03:00,15,A,True,12.444029850746269,1.0,0.0,0.0,0.0,,
2026-07-24 23:15:00+03:00,15,M,False,,,,,,,
2026-07-24 23:15:00+03:00,15,V,True,12.444029850746269,1.0,0.0,0.0,0.0,,
2026-07-24 23:20:00+03:00,15,A,True,12.444029850746269,1.0,0.0,0.0,0.0,,
2026-07-24 23:20:00+03:00,15,M,False,,,,,,,
2026-07-24 23:20:00+03:00,15,V,True,12.444029850746269,1.0,0.0,0.0,0.0,,
2026-07-24 23:25:00+03:00,15,A,True,12.444029850746269,1.0,0.0,0.0,0.0,,
2026-07-24 23:25:00+03:00,15,M,False,,,,,,,
2026-07-24 23:25:00+03:00,15,V,True,12.444029850746269,1.0,0.0,0.0,0.0,,
2026-07-24 23:30:00+03:00,15,A,True,12.444029850746269,1.0,0.0,0.0,0.0,,
2026-07-24 23:30:00+03:00,15,M,False,,,,,,,
2026-07-24 23:30:00+03:00,15,V,True,12.444029850746269,1.0,0.0,0.0,0.0,,
2026-07-24 23:35:00+03:00,15,A,True,12.444029850746269,1.0,0.0,0.0,0.0,,
2026-07-24 23:35:00+03:00,15,M,False,,,,,,,
2026-07-24 23:35:00+03:00,15,V,True,12.444029850746269,1.0,0.0,0.0,0.0,,
2026-07-24 23:40:00+03:00,15,A,True,12.444029850746269,1.0,0.0,0.0,0.0,,
2026-07-24 23:40:00+03:00,15,M,False,,,,,,,
2026-07-24 23:40:00+03:00,15,V,True,12.444029850746269,1.0,0.0,0.0,0.0,,
2026-07-24 23:45:00+03:00,15,A,True,12.444029850746269,1.0,0.0,0.0,0.0,,
2026-07-24 23:45:00+03:00,15,M,False,,,,,,,
2026-07-24 23:45:00+03:00,15,V,True,12.444029850746269,1.0,0.0,0.0,0.0,,
2026-07-24 23:50:00+03:00,15,A,True,12.444029850746269,1.0,0.0,0.0,0.0,,
2026-07-24 23:50:00+03:00,15,M,False,,,,,,,
2026-07-24 23:50:00+03:00,15,V,True,12.444029850746269,1.0,0.0,0.0,0.0,,
2026-07-24 23:55:00+03:00,15,A,True,12.444029850746269,1.0,0.0,0.0,0.0,,
2026-07-24 23:55:00+03:00,15,M,False,,,,,,,
2026-07-24 23:55:00+03:00,15,V,True,12.444029850746269,1.0,0.0,0.0,0.0,,
2026-07-25 00:00:00+03:00,15,A,True,12.444029850746269,1.0,0.0,0.0,0.0,,
2026-07-25 00:00:00+03:00,15,M,False,,,,,,,
2026-07-25 00:00:00+03:00,15,V,True,12.444029850746269,1.0,0.0,0.0,0.0,,
2026-07-25 00:05:00+03:00,15,A,True,12.444029850746269,1.0,0.0,0.0,0.0,,
2026-07-25 00:05:00+03:00,15,M,False,,,,,,,
2026-07-25 00:05:00+03:00,15,V,True,12.444029850746269,1.0,0.0,0.0,0.0,,
2026-07-25 00:10:00+03:00,15,A,True,12.444029850746269,1.0,0.0,0.0,0.0,,
2026-07-25 00:10:00+03:00,15,M,False,,,,,,,
2026-07-25 00:10:00+03:00,15,V,True,12.444029850746269,1.0,0.0,0.0,0.0,,
2026-07-25 00:15:00+03:00,15,A,True,12.444029850746269,1.0,0.0,0.0,0.0,,
2026-07-25 00:15:00+03:00,15,M,False,,,,,,,
2026-07-25 00:15:00+03:00,15,V,True,12.444029850746269,1.0,0.0,0.0,0.0,,
2026-07-25 00:20:00+03:00,15,A,True,12.444029850746269,1.0,0.0,0.0,0.0,,
2026-07-25 00:20:00+03:00,15,M,False,,,,,,,
2026-07-25 00:20:00+03:00,15,V,True,12.444029850746269,1.0,0.0,0.0,0.0,,
2026-07-25 00:25:00+03:00,15,A,True,12.444029850746269,1.0,0.0,0.0,0.0,,
2026-07-25 00:25:00+03:00,15,M,False,,,,,,,
2026-07-25 00:25:00+03:00,15,V,True,12.444029850746269,1.0,0.0,0.0,0.0,,
2026-07-25 00:30:00+03:00,15,A,True,12.444029850746269,1.0,0.0,0.0,0.0,,
2026-07-25 00:30:00+03:00,15,M,False,,,,,,,
2026-07-25 00:30:00+03:00,15,V,True,12.444029850746269,1.0,0.0,0.0,0.0,,
2026-07-25 00:35:00+03:00,15,A,True,12.444029850746269,1.0,0.0,0.0,0.0,,
2026-07-25 00:35:00+03:00,15,M,False,,,,,,,
2026-07-25 00:35:00+03:00,15,V,True,12.444029850746269,1.0,0.0,0.0,0.0,,
2026-07-25 00:40:00+03:00,15,A,True,12.444029850746269,1.0,0.0,0.0,0.0,,
2026-07-25 00:40:00+03:00,15,M,False,,,,,,,
2026-07-25 00:40:00+03:00,15,V,True,12.444029850746269,1.0,0.0,0.0,0.0,,
2026-07-25 00:45:00+03:00,15,A,True,12.444029850746269,1.0,0.0,0.0,0.0,,
2026-07-25 00:45:00+03:00,15,M,False,,,,,,,
2026-07-25 00:45:00+03:00,15,V,True,12.444029850746269,1.0,0.0,0.0,0.0,,
2026-07-25 00:50:00+03:00,15,A,True,12.444029850746269,1.0,0.0,0.0,0.0,,
2026-07-25 00:50:00+03:00,15,M,False,,,,,,,
2026-07-25 00:50:00+03:00,15,V,True,12.444029850746269,1.0,0.0,0.0,0.0,,
2026-07-25 00:55:00+03:00,15,A,True,12.444029850746269,1.0,0.0,0.0,0.0,,
2026-07-25 00:55:00+03:00,15,M,False,,,,,,,
2026-07-25 00:55:00+03:00,15,V,True,12.444029850746269,1.0,0.0,0.0,0.0,,
2026-07-25 01:00:00+03:00,15,A,True,12.444029850746269,1.0,0.0,0.0,0.0,,
2026-07-25 01:00:00+03:00,15,M,False,,,,,,,
2026-07-25 01:00:00+03:00,15,V,True,12.444029850746269,1.0,0.0,0.0,0.0,,
2026-07-25 01:05:00+03:00,15,A,True,12.444029850746269,1.0,0.0,0.0,0.0,,
2026-07-25 01:05:00+03:00,15,M,False,,,,,,,
2026-07-25 01:05:00+03:00,15,V,True,12.444029850746269,1.0,0.0,0.0,0.0,,
2026-07-25 01:10:00+03:00,15,A,True,12.444029850746269,1.0,0.0,0.0,0.0,,
2026-07-25 01:10:00+03:00,15,M,False,,,,,,,
2026-07-25 01:10:00+03:00,15,V,True,12.444029850746269,1.0,0.0,0.0,0.0,,
2026-07-25 01:15:00+03:00,15,A,True,12.444029850746269,1.0,0.0,0.0,0.0,,
2026-07-25 01:15:00+03:00,15,M,False,,,,,,,
2026-07-25 01:15:00+03:00,15,V,True,12.444029850746269,1.0,0.0,0.0,0.0,,
2026-07-25 01:20:00+03:00,15,A,True,12.444029850746269,1.0,0.0,0.0,0.0,,
2026-07-25 01:20:00+03:00,15,M,False,,,,,,,
2026-07-25 01:20:00+03:00,15,V,True,12.444029850746269,1.0,0.0,0.0,0.0,,
2026-07-25 01:25:00+03:00,15,A,True,12.444029850746269,1.0,0.0,0.0,0.0,,
2026-07-25 01:25:00+03:00,15,M,False,,,,,,,
2026-07-25 01:25:00+03:00,15,V,True,12.444029850746269,1.0,0.0,0.0,0.0,,
2026-07-25 01:30:00+03:00,15,A,True,12.444029850746269,1.0,0.0,0.0,0.0,,
2026-07-25 01:30:00+03:00,15,M,False,,,,,,,
2026-07-25 01:30:00+03:00,15,V,True,12.444029850746269,1.0,0.0,0.0,0.0,,
2026-07-25 01:35:00+03:00,15,A,True,12.444029850746269,1.0,0.0,0.0,0.0,,
2026-07-25 01:35:00+03:00,15,M,False,,,,,,,
2026-07-25 01:35:00+03:00,15,V,True,12.444029850746269,1.0,0.0,0.0,0.0,,
2026-07-25 01:40:00+03:00,15,A,True,12.444029850746269,1.0,0.0,0.0,0.0,,
2026-07-25 01:40:00+03:00,15,M,False,,,,,,,
2026-07-25 01:40:00+03:00,15,V,True,12.444029850746269,1.0,0.0,0.0,0.0,,
2026-07-25 01:45:00+03:00,15,A,True,12.444029850746269,1.0,0.0,0.0,0.0,,
2026-07-25 01:45:00+03:00,15,M,False,,,,,,,
2026-07-25 01:45:00+03:00,15,V,True,12.444029850746269,1.0,0.0,0.0,0.0,,
2026-07-25 01:50:00+03:00,15,A,True,12.444029850746269,1.0,0.0,0.0,0.0,,
2026-07-25 01:50:00+03:00,15,M,False,,,,,,,
2026-07-25 01:50:00+03:00,15,V,True,12.444029850746269,1.0,0.0,0.0,0.0,,
2026-07-25 01:55:00+03:00,15,A,True,12.444029850746269,1.0,0.0,0.0,0.0,,
2026-07-25 01:55:00+03:00,15,M,False,,,,,,,
2026-07-25 01:55:00+03:00,15,V,True,12.444029850746269,1.0,0.0,0.0,0.0,,
2026-07-25 02:00:00+03:00,15,A,True,12.444029850746269,1.0,0.0,0.0,0.0,,
2026-07-25 02:00:00+03:00,15,M,False,,,,,,,
2026-07-25 02:00:00+03:00,15,V,True,12.444029850746269,1.0,0.0,0.0,0.0,,
2026-07-25 02:05:00+03:00,15,A,True,12.444029850746269,1.0,0.0,0.0,0.0,,
2026-07-25 02:05:00+03:00,15,M,False,,,,,,,
2026-07-25 02:05:00+03:00,15,V,True,12.444029850746269,1.0,0.0,0.0,0.0,,
2026-07-25 02:10:00+03:00,15,A,True,12.444029850746269,1.0,0.0,0.0,0.0,,
2026-07-25 02:10:00+03:00,15,M,False,,,,,,,
2026-07-25 02:10:00+03:00,15,V,True,12.444029850746269,1.0,0.0,0.0,0.0,,
2026-07-25 02:15:00+03:00,15,A,True,12.444029850746269,1.0,0.0,0.0,0.0,,
2026-07-25 02:15:00+03:00,15,M,False,,,,,,,
2026-07-25 02:15:00+03:00,15,V,True,12.444029850746269,1.0,0.0,0.0,0.0,,
2026-07-25 02:20:00+03:00,15,A,True,12.444029850746269,1.0,0.0,0.0,0.0,,
2026-07-25 02:20:00+03:00,15,M,False,,,,,,,
2026-07-25 02:20:00+03:00,15,V,True,12.444029850746269,1.0,0.0,0.0,0.0,,
2026-07-25 02:25:00+03:00,15,A,True,12.444029850746269,1.0,0.0,0.0,0.0,,
2026-07-25 02:25:00+03:00,15,M,False,,,,,,,
2026-07-25 02:25:00+03:00,15,V,True,12.444029850746269,1.0,0.0,0.0,0.0,,
2026-07-25 02:30:00+03:00,15,A,True,12.444029850746269,1.0,0.0,0.0,0.0,,
2026-07-25 02:30:00+03:00,15,M,False,,,,,,,
2026-07-25 02:30:00+03:00,15,V,True,12.444029850746269,1.0,0.0,0.0,0.0,,
2026-07-25 02:35:00+03:00,15,A,True,12.444029850746269,1.0,0.0,0.0,0.0,,
2026-07-25 02:35:00+03:00,15,M,False,,,,,,,
2026-07-25 02:35:00+03:00,15,V,True,12.444029850746269,1.0,0.0,0.0,0.0,,
2026-07-25 02:40:00+03:00,15,A,True,12.444029850746269,1.0,0.0,0.0,0.0,,
2026-07-25 02:40:00+03:00,15,M,False,,,,,,,
2026-07-25 02:40:00+03:00,15,V,True,12.444029850746269,1.0,0.0,0.0,0.0,,
2026-07-25 02:45:00+03:00,15,A,True,12.444029850746269,1.0,0.0,0.0,0.0,,
2026-07-25 02:45:00+03:00,15,M,False,,,,,,,
2026-07-25 02:45:00+03:00,15,V,True,12.444029850746269,1.0,0.0,0.0,0.0,,
2026-07-25 02:50:00+03:00,15,A,True,12.444029850746269,1.0,0.0,0.0,0.0,,
2026-07-25 02:50:00+03:00,15,M,False,,,,,,,
2026-07-25 02:50:00+03:00,15,V,True,12.444029850746269,1.0,0.0,0.0,0.0,,
2026-07-25 02:55:00+03:00,15,A,True,12.444029850746269,1.0,0.0,0.0,0.0,,
2026-07-25 02:55:00+03:00,15,M,False,,,,,,,
2026-07-25 02:55:00+03:00,15,V,True,12.444029850746269,1.0,0.0,0.0,0.0,,
2026-07-25 03:00:00+03:00,15,A,True,12.444029850746269,1.0,0.0,0.0,0.0,,
2026-07-25 03:00:00+03:00,15,M,False,,,,,,,
2026-07-25 03:00:00+03:00,15,V,True,12.444029850746269,1.0,0.0,0.0,0.0,,
2026-07-25 03:05:00+03:00,15,A,True,12.444029850746269,1.0,0.0,0.0,0.0,,
2026-07-25 03:05:00+03:00,15,M,False,,,,,,,
2026-07-25 03:05:00+03:00,15,V,True,12.444029850746269,1.0,0.0,0.0,0.0,,
2026-07-25 03:10:00+03:00,15,A,True,12.444029850746269,1.0,0.0,0.0,0.0,,
2026-07-25 03:10:00+03:00,15,M,False,,,,,,,
2026-07-25 03:10:00+03:00,15,V,True,12.444029850746269,1.0,0.0,0.0,0.0,,
2026-07-25 03:15:00+03:00,15,A,True,12.444029850746269,1.0,0.0,0.0,0.0,,
2026-07-25 03:15:00+03:00,15,M,False,,,,,,,
2026-07-25 03:15:00+03:00,15,V,True,12.444029850746269,1.0,0.0,0.0,0.0,,
2026-07-25 03:20:00+03:00,15,A,True,12.444029850746269,1.0,0.0,0.0,0.0,,
2026-07-25 03:20:00+03:00,15,M,False,,,,,,,
2026-07-25 03:20:00+03:00,15,V,True,12.444029850746269,1.0,0.0,0.0,0.0,,
2026-07-25 03:25:00+03:00,15,A,True,12.444029850746269,1.0,0.0,0.0,0.0,,
2026-07-25 03:25:00+03:00,15,M,False,,,,,,,
2026-07-25 03:25:00+03:00,15,V,True,12.444029850746269,1.0,0.0,0.0,0.0,,
2026-07-25 03:30:00+03:00,15,A,True,12.444029850746269,1.0,0.0,0.0,0.0,,
2026-07-25 03:30:00+03:00,15,M,False,,,,,,,
2026-07-25 03:30:00+03:00,15,V,True,12.444029850746269,1.0,0.0,0.0,0.0,,
2026-07-25 03:35:00+03:00,15,A,True,12.444029850746269,1.0,0.0,0.0,0.0,,
2026-07-25 03:35:00+03:00,15,M,False,,,,,,,
2026-07-25 03:35:00+03:00,15,V,True,12.444029850746269,1.0,0.0,0.0,0.0,,
2026-07-25 03:40:00+03:00,15,A,True,12.444029850746269,1.0,0.0,0.0,0.0,,
2026-07-25 03:40:00+03:00,15,M,False,,,,,,,
2026-07-25 03:40:00+03:00,15,V,True,12.444029850746269,1.0,0.0,0.0,0.0,,
2026-07-25 03:45:00+03:00,15,A,True,12.444029850746269,1.0,0.0,0.0,0.0,,
2026-07-25 03:45:00+03:00,15,M,False,,,,,,,
2026-07-25 03:45:00+03:00,15,V,True,12.444029850746269,1.0,0.0,0.0,0.0,,
2026-07-25 03:50:00+03:00,15,A,True,12.444029850746269,1.0,0.0,0.0,0.0,,
2026-07-25 03:50:00+03:00,15,M,False,,,,,,,
2026-07-25 03:50:00+03:00,15,V,True,12.444029850746269,1.0,0.0,0.0,0.0,,
2026-07-25 03:55:00+03:00,15,A,True,12.444029850746269,1.0,0.0,0.0,0.0,,
2026-07-25 03:55:00+03:00,15,M,False,,,,,,,
2026-07-25 03:55:00+03:00,15,V,True,12.444029850746269,1.0,0.0,0.0,0.0,,
2026-07-25 04:00:00+03:00,15,A,True,12.444029850746269,1.0,0.0,0.0,0.0,,
2026-07-25 04:00:00+03:00,15,M,False,,,,,,,
2026-07-25 04:00:00+03:00,15,V,True,12.444029850746269,1.0,0.0,0.0,0.0,,
2026-07-25 04:05:00+03:00,15,A,True,12.444029850746269,1.0,0.0,0.0,0.0,,
2026-07-25 04:05:00+03:00,15,M,False,,,,,,,
2026-07-25 04:05:00+03:00,15,V,True,12.444029850746269,1.0,0.0,0.0,0.0,,
2026-07-25 04:10:00+03:00,15,A,True,12.444029850746269,1.0,0.0,0.0,0.0,,
2026-07-25 04:10:00+03:00,15,M,False,,,,,,,
2026-07-25 04:10:00+03:00,15,V,True,12.444029850746269,1.0,0.0,0.0,0.0,,
2026-07-25 04:15:00+03:00,15,A,True,12.444029850746269,1.0,0.0,0.0,0.0,,
2026-07-25 04:15:00+03:00,15,M,False,,,,,,,
2026-07-25 04:15:00+03:00,15,V,True,12.444029850746269,1.0,0.0,0.0,0.0,,
2026-07-25 04:20:00+03:00,15,A,True,12.444029850746269,1.0,0.0,0.0,0.0,,
2026-07-25 04:20:00+03:00,15,M,False,,,,,,,
2026-07-25 04:20:00+03:00,15,V,True,12.444029850746269,1.0,0.0,0.0,0.0,,
2026-07-25 04:25:00+03:00,15,A,True,12.444029850746269,1.0,0.0,0.0,0.0,,
2026-07-25 04:25:00+03:00,15,M,False,,,,,,,
2026-07-25 04:25:00+03:00,15,V,True,12.444029850746269,1.0,0.0,0.0,0.0,,
2026-07-25 04:30:00+03:00,15,A,True,12.444029850746269,1.0,0.0,0.0,0.0,,
2026-07-25 04:30:00+03:00,15,M,False,,,,,,,
2026-07-25 04:30:00+03:00,15,V,True,12.444029850746269,1.0,0.0,0.0,0.0,,
2026-07-25 04:35:00+03:00,15,A,True,12.444029850746269,1.0,0.0,0.0,0.0,,
2026-07-25 04:35:00+03:00,15,M,False,,,,,,,
2026-07-25 04:35:00+03:00,15,V,True,12.444029850746269,1.0,0.0,0.0,0.0,,
2026-07-25 04:40:00+03:00,15,A,True,12.444029850746269,1.0,0.0,0.0,0.0,,
2026-07-25 04:40:00+03:00,15,M,False,,,,,,,
2026-07-25 04:40:00+03:00,15,V,True,12.444029850746269,1.0,0.0,0.0,0.0,,
2026-07-25 04:45:00+03:00,15,A,True,12.444029850746269,1.0,0.0,0.0,0.0,,
2026-07-25 04:45:00+03:00,15,M,False,,,,,,,
2026-07-25 04:45:00+03:00,15,V,True,12.444029850746269,1.0,0.0,0.0,0.0,,
2026-07-25 04:50:00+03:00,15,A,True,12.444029850746269,1.0,0.0,0.0,0.0,,
2026-07-25 04:50:00+03:00,15,M,False,,,,,,,
2026-07-25 04:50:00+03:00,15,V,True,12.444029850746269,1.0,0.0,0.0,0.0,,
2026-07-25 04:55:00+03:00,15,A,True,12.444029850746269,1.0,0.0,0.0,0.0,,
2026-07-25 04:55:00+03:00,15,M,False,,,,,,,
2026-07-25 04:55:00+03:00,15,V,True,12.444029850746269,1.0,0.0,0.0,0.0,,
2026-07-25 05:00:00+03:00,15,A,True,12.444029850746269,1.0,0.0,0.0,0.0,,
2026-07-25 05:00:00+03:00,15,M,False,,,,,,,
2026-07-25 05:00:00+03:00,15,V,True,12.444029850746269,1.0,0.0,0.0,0.0,,
2026-07-25 05:05:00+03:00,15,A,True,12.444029850746269,1.0,0.0,0.0,0.0,,
2026-07-25 05:05:00+03:00,15,M,False,,,,,,,
2026-07-25 05:05:00+03:00,15,V,True,12.444029850746269,1.0,0.0,0.0,0.0,,
2026-07-25 05:10:00+03:00,15,A,True,12.444029850746269,1.0,0.0,0.0,0.0,,
2026-07-25 05:10:00+03:00,15,M,False,,,,,,,
2026-07-25 05:10:00+03:00,15,V,True,12.444029850746269,1.0,0.0,0.0,0.0,,
2026-07-25 05:15:00+03:00,15,A,True,12.444029850746269,1.0,0.0,0.0,0.0,,
2026-07-25 05:15:00+03:00,15,M,False,,,,,,,
2026-07-25 05:15:00+03:00,15,V,True,12.444029850746269,1.0,0.0,0.0,0.0,,
2026-07-25 05:20:00+03:00,15,A,True,12.444029850746269,1.0,0.0,0.0,0.0,,
2026-07-25 05:20:00+03:00,15,M,False,,,,,,,
2026-07-25 05:20:00+03:00,15,V,True,12.444029850746269,1.0,0.0,0.0,0.0,,
2026-07-25 05:25:00+03:00,15,A,True,12.444029850746269,1.0,0.0,0.0,0.0,,
2026-07-25 05:25:00+03:00,15,M,False,,,,,,,
2026-07-25 05:25:00+03:00,15,V,True,12.444029850746269,1.0,0.0,0.0,0.0,,
2026-07-25 05:30:00+03:00,15,A,True,12.444029850746269,1.0,0.0,0.0,0.0,,
2026-07-25 05:30:00+03:00,15,M,False,,,,,,,
2026-07-25 05:30:00+03:00,15,V,True,12.444029850746269,1.0,0.0,0.0,0.0,,
2026-07-25 05:35:00+03:00,15,A,True,12.444029850746269,1.0,0.0,0.0,0.0,,
2026-07-25 05:35:00+03:00,15,M,False,,,,,,,
2026-07-25 05:35:00+03:00,15,V,True,12.444029850746269,1.0,0.0,0.0,0.0,,
2026-07-25 05:40:00+03:00,15,A,True,12.444029850746269,1.0,0.0,0.0,0.0,,
2026-07-25 05:40:00+03:00,15,M,False,,,,,,,
2026-07-25 05:40:00+03:00,15,V,True,12.444029850746269,1.0,0.0,0.0,0.0,,
2026-07-25 05:45:00+03:00,15,A,True,12.444029850746269,1.0,0.0,0.0,0.0,,
2026-07-25 05:45:00+03:00,15,M,False,,,,,,,
2026-07-25 05:45:00+03:00,15,V,True,12.444029850746269,1.0,0.0,0.0,0.0,,
2026-07-25 05:50:00+03:00,15,A,True,12.444029850746269,1.0,0.0,0.0,0.0,,
2026-07-25 05:50:00+03:00,15,M,False,,,,,,,
2026-07-25 05:50:00+03:00,15,V,True,12.444029850746269,1.0,0.0,0.0,0.0,,
2026-07-25 05:55:00+03:00,15,A,True,12.444029850746269,1.0,0.0,0.0,0.0,,
2026-07-25 05:55:00+03:00,15,M,False,,,,,,,
2026-07-25 05:55:00+03:00,15,V,True,12.444029850746269,1.0,0.0,0.0,0.0,,
2026-07-25 06:00:00+03:00,15,A,True,12.444029850746269,1.0,0.0,0.0,0.0,,
2026-07-25 06:00:00+03:00,15,M,False,,,,,,,
2026-07-25 06:00:00+03:00,15,V,True,12.444029850746269,1.0,0.0,0.0,0.0,,
2026-07-25 06:05:00+03:00,15,A,True,12.444029850746269,1.0,0.0,0.0,0.0,,
2026-07-25 06:05:00+03:00,15,M,False,,,,,,,
2026-07-25 06:05:00+03:00,15,V,True,12.444029850746269,1.0,0.0,0.0,0.0,,
2026-07-25 06:10:00+03:00,15,A,True,12.444029850746269,1.0,0.0,0.0,0.0,,
2026-07-25 06:10:00+03:00,15,M,False,,,,,,,
2026-07-25 06:10:00+03:00,15,V,True,12.444029850746269,1.0,0.0,0.0,0.0,,
2026-07-25 06:15:00+03:00,15,A,True,12.444029850746269,1.0,0.0,0.0,0.0,,
2026-07-25 06:15:00+03:00,15,M,False,,,,,,,
2026-07-25 06:15:00+03:00,15,V,True,12.444029850746269,1.0,0.0,0.0,0.0,,
2026-07-25 06:20:00+03:00,15,A,True,12.444029850746269,1.0,0.0,0.0,0.0,,
2026-07-25 06:20:00+03:00,15,M,False,,,,,,,
2026-07-25 06:20:00+03:00,15,V,True,12.444029850746269,1.0,0.0,0.0,0.0,,
2026-07-25 06:25:00+03:00,15,A,True,12.444029850746269,1.0,0.0,0.0,0.0,,
2026-07-25 06:25:00+03:00,15,M,False,,,,,,,
2026-07-25 06:25:00+03:00,15,V,True,12.444029850746269,1.0,0.0,0.0,0.0,,
2026-07-25 06:30:00+03:00,15,A,True,12.444029850746269,1.0,0.0,0.0,0.0,,
2026-07-25 06:30:00+03:00,15,M,False,,,,,,,
2026-07-25 06:30:00+03:00,15,V,True,12.444029850746269,1.0,0.0,0.0,0.0,,
2026-07-25 06:35:00+03:00,15,A,True,12.444029850746269,1.0,0.0,0.0,0.0,,
2026-07-25 06:35:00+03:00,15,M,False,,,,,,,
2026-07-25 06:35:00+03:00,15,V,True,12.444029850746269,1.0,0.0,0.0,0.0,,
2026-07-25 06:40:00+03:00,15,A,True,12.444029850746269,1.0,0.0,0.0,0.0,,
2026-07-25 06:40:00+03:00,15,M,False,,,,,,,
2026-07-25 06:40:00+03:00,15,V,True,12.444029850746269,1.0,0.0,0.0,0.0,,
2026-07-25 06:45:00+03:00,15,A,True,12.444029850746269,1.0,0.0,0.0,0.0,,
2026-07-25 06:45:00+03:00,15,M,False,,,,,,,
2026-07-25 06:45:00+03:00,15,V,True,12.444029850746269,1.0,0.0,0.0,0.0,,
2026-07-25 06:50:00+03:00,15,A,True,12.444029850746269,1.0,0.0,0.0,0.0,,
2026-07-25 06:50:00+03:00,15,M,False,,,,,,,
2026-07-25 06:50:00+03:00,15,V,True,12.444029850746269,1.0,0.0,0.0,0.0,,
2026-07-25 06:55:00+03:00,15,A,True,12.444029850746269,1.0,0.0,0.0,0.0,,
2026-07-25 06:55:00+03:00,15,M,False,,,,,,,
2026-07-25 06:55:00+03:00,15,V,True,12.444029850746269,1.0,0.0,0.0,0.0,,
2026-07-25 07:00:00+03:00,15,A,True,12.444029850746269,1.0,0.0,0.0,0.0,,
2026-07-25 07:00:00+03:00,15,M,False,,,,,,,
2026-07-25 07:00:00+03:00,15,V,True,12.444029850746269,1.0,0.0,0.0,0.0,,
2026-07-25 07:05:00+03:00,15,A,True,12.444029850746269,1.0,0.0,0.0,0.0,,
2026-07-25 07:05:00+03:00,15,M,False,,,,,,,
2026-07-25 07:05:00+03:00,15,V,True,12.444029850746269,1.0,0.0,0.0,0.0,,
2026-07-25 07:10:00+03:00,15,A,True,12.444029850746269,1.0,0.0,0.0,0.0,,
2026-07-25 07:10:00+03:00,15,M,False,,,,,,,
2026-07-25 07:10:00+03:00,15,V,True,12.444029850746269,1.0,0.0,0.0,0.0,,
2026-07-25 07:15:00+03:00,15,A,True,12.444029850746269,1.0,0.0,0.0,0.0,,
2026-07-25 07:15:00+03:00,15,M,False,,,,,,,
2026-07-25 07:15:00+03:00,15,V,True,12.444029850746269,1.0,0.0,0.0,0.0,,
2026-07-25 07:20:00+03:00,15,A,True,12.444029850746269,1.0,0.0,0.0,0.0,,
2026-07-25 07:20:00+03:00,15,M,False,,,,,,,
2026-07-25 07:20:00+03:00,15,V,True,12.444029850746269,1.0,0.0,0.0,0.0,,
2026-07-25 07:25:00+03:00,15,A,True,12.444029850746269,1.0,0.0,0.0,0.0,,
2026-07-25 07:25:00+03:00,15,M,False,,,,,,,
2026-07-25 07:25:00+03:00,15,V,True,12.444029850746269,1.0,0.0,0.0,0.0,,
2026-07-25 07:30:00+03:00,15,A,True,12.444029850746269,1.0,0.0,0.0,0.0,,
2026-07-25 07:30:00+03:00,15,M,False,,,,,,,
2026-07-25 07:30:00+03:00,15,V,True,12.444029850746269,1.0,0.0,0.0,0.0,,
2026-07-25 07:35:00+03:00,15,A,True,12.444029850746269,1.0,0.0,0.0,0.0,,
2026-07-25 07:35:00+03:00,15,M,False,,,,,,,
2026-07-25 07:35:00+03:00,15,V,True,12.444029850746269,1.0,0.0,0.0,0.0,,
2026-07-25 07:40:00+03:00,15,A,True,12.444029850746269,1.0,0.0,0.0,0.0,,
2026-07-25 07:40:00+03:00,15,M,False,,,,,,,
2026-07-25 07:40:00+03:00,15,V,True,12.444029850746269,1.0,0.0,0.0,0.0,,
2026-07-25 07:45:00+03:00,15,A,True,12.444029850746269,1.0,0.0,0.0,0.0,,
2026-07-25 07:45:00+03:00,15,M,False,,,,,,,
2026-07-25 07:45:00+03:00,15,V,True,12.444029850746269,1.0,0.0,0.0,0.0,,
2026-07-25 07:50:00+03:00,15,A,True,12.444029850746269,1.0,0.0,0.0,0.0,,
2026-07-25 07:50:00+03:00,15,M,False,,,,,,,
2026-07-25 07:50:00+03:00,15,V,True,12.444029850746269,1.0,0.0,0.0,0.0,,
2026-07-25 07:55:00+03:00,15,A,True,12.444029850746269,1.0,0.0,0.0,0.0,,
2026-07-25 07:55:00+03:00,15,M,False,,,,,,,
2026-07-25 07:55:00+03:00,15,V,True,12.444029850746269,1.0,0.0,0.0,0.0,,
2026-07-25 08:00:00+03:00,15,A,True,12.444029850746269,1.0,0.0,0.0,0.0,,
2026-07-25 08:00:00+03:00,15,M,False,,,,,,,
2026-07-25 08:00:00+03:00,15,V,True,12.444029850746269,1.0,0.0,0.0,0.0,,
2026-07-25 08:05:00+03:00,15,A,True,12.444029850746269,1.0,0.0,0.0,0.0,,
2026-07-25 08:05:00+03:00,15,M,False,,,,,,,
2026-07-25 08:05:00+03:00,15,V,True,12.444029850746269,1.0,0.0,0.0,0.0,,
2026-07-25 08:10:00+03:00,15,A,True,12.444029850746269,1.0,0.0,0.0,0.0,,
2026-07-25 08:10:00+03:00,15,M,False,,,,,,,
2026-07-25 08:10:00+03:00,15,V,True,12.444029850746269,1.0,0.0,0.0,0.0,,
2026-07-25 08:15:00+03:00,15,A,True,12.444029850746269,1.0,0.0,0.0,0.0,,
2026-07-25 08:15:00+03:00,15,M,False,,,,,,,
2026-07-25 08:15:00+03:00,15,V,True,12.444029850746269,1.0,0.0,0.0,0.0,,
2026-07-25 08:20:00+03:00,15,A,True,12.444029850746269,1.0,0.0,0.0,0.0,,
2026-07-25 08:20:00+03:00,15,M,False,,,,,,,
2026-07-25 08:20:00+03:00,15,V,True,12.444029850746269,1.0,0.0,0.0,0.0,,
2026-07-25 08:25:00+03:00,15,A,True,12.444029850746269,1.0,0.0,0.0,0.0,,
2026-07-25 08:25:00+03:00,15,M,False,,,,,,,
2026-07-25 08:25:00+03:00,15,V,True,12.444029850746269,1.0,0.0,0.0,0.0,,
2026-07-25 08:30:00+03:00,15,A,True,12.444029850746269,1.0,0.0,0.0,0.0,,
2026-07-25 08:30:00+03:00,15,M,False,,,,,,,
2026-07-25 08:30:00+03:00,15,V,True,12.444029850746269,1.0,0.0,0.0,0.0,,
2026-07-25 08:35:00+03:00,15,A,True,12.444029850746269,1.0,0.0,0.0,0.0,,
2026-07-25 08:35:00+03:00,15,M,False,,,,,,,
2026-07-25 08:35:00+03:00,15,V,True,12.444029850746269,1.0,0.0,0.0,0.0,,
2026-07-25 08:40:00+03:00,15,A,True,12.444029850746269,1.0,0.0,0.0,0.0,,
2026-07-25 08:40:00+03:00,15,M,False,,,,,,,
2026-07-25 08:40:00+03:00,15,V,True,12.444029850746269,1.0,0.0,0.0,0.0,,
2026-07-25 08:45:00+03:00,15,A,True,12.444029850746269,1.0,0.0,0.0,0.0,,
2026-07-25 08:45:00+03:00,15,M,False,,,,,,,
2026-07-25 08:45:00+03:00,15,V,True,12.444029850746269,1.0,0.0,0.0,0.0,,
2026-07-25 08:50:00+03:00,15,A,True,12.444029850746269,1.0,0.0,0.0,0.0,,
2026-07-25 08:50:00+03:00,15,M,False,,,,,,,
2026-07-25 08:50:00+03:00,15,V,True,12.444029850746269,1.0,0.0,0.0,0.0,,
2026-07-25 08:55:00+03:00,15,A,True,12.444029850746269,1.0,0.0,0.0,0.0,,
2026-07-25 08:55:00+03:00,15,M,False,,,,,,,
2026-07-25 08:55:00+03:00,15,V,True,12.444029850746269,1.0,0.0,0.0,0.0,,
2026-07-25 09:00:00+03:00,15,A,True,12.444029850746269,1.0,0.0,0.0,0.0,,
2026-07-25 09:00:00+03:00,15,M,False,,,,,,,
2026-07-25 09:00:00+03:00,15,V,True,12.444029850746269,1.0,0.0,0.0,0.0,,
2026-07-25 09:05:00+03:00,15,A,True,12.444029850746269,1.0,0.0,0.0,0.0,,
2026-07-25 09:05:00+03:00,15,M,False,,,,,,,
2026-07-25 09:05:00+03:00,15,V,True,12.444029850746269,1.0,0.0,0.0,0.0,,
2026-07-25 09:10:00+03:00,15,A,True,12.444029850746269,1.0,0.0,0.0,0.0,,
2026-07-25 09:10:00+03:00,15,M,False,,,,,,,
2026-07-25 09:10:00+03:00,15,V,True,12.444029850746269,1.0,0.0,0.0,0.0,,
2026-07-25 09:15:00+03:00,15,A,True,12.444029850746269,1.0,0.0,0.0,0.0,,
2026-07-25 09:15:00+03:00,15,M,False,,,,,,,
2026-07-25 09:15:00+03:00,15,V,True,12.444029850746269,1.0,0.0,0.0,0.0,,
2026-07-25 09:20:00+03:00,15,A,True,12.444029850746269,1.0,0.0,0.0,0.0,,
2026-07-25 09:20:00+03:00,15,M,False,,,,,,,
2026-07-25 09:20:00+03:00,15,V,True,12.444029850746269,1.0,0.0,0.0,0.0,,
2026-07-25 09:25:00+03:00,15,A,True,12.444029850746269,1.0,0.0,0.0,0.0,,
2026-07-25 09:25:00+03:00,15,M,False,,,,,,,
2026-07-25 09:25:00+03:00,15,V,True,12.444029850746269,1.0,0.0,0.0,0.0,,
2026-07-25 09:30:00+03:00,15,A,True,12.444029850746269,1.0,0.0,0.0,0.0,,
2026-07-25 09:30:00+03:00,15,M,False,,,,,,,
2026-07-25 09:30:00+03:00,15,V,True,12.444029850746269,1.0,0.0,0.0,0.0,,
2026-07-25 09:35:00+03:00,15,A,True,12.444029850746269,1.0,0.0,0.0,0.0,,
2026-07-25 09:35:00+03:00,15,M,False,,,,,,,
2026-07-25 09:35:00+03:00,15,V,True,12.444029850746269,1.0,0.0,0.0,0.0,,
2026-07-25 09:40:00+03:00,15,A,True,12.444029850746269,1.0,0.0,0.0,0.0,,
2026-07-25 09:40:00+03:00,15,M,False,,,,,,,
2026-07-25 09:40:00+03:00,15,V,True,12.444029850746269,1.0,0.0,0.0,0.0,,
2026-07-25 09:45:00+03:00,15,A,True,12.444029850746269,1.0,0.0,0.0,0.0,,
2026-07-25 09:45:00+03:00,15,M,False,,,,,,,
2026-07-25 09:45:00+03:00,15,V,True,12.444029850746269,1.0,0.0,0.0,0.0,,
2026-07-25 09:50:00+03:00,15,A,True,12.444029850746269,1.0,0.0,0.0,0.0,,
2026-07-25 09:50:00+03:00,15,M,False,,,,,,,
2026-07-25 09:50:00+03:00,15,V,True,12.444029850746269,1.0,0.0,0.0,0.0,,
2026-07-25 09:55:00+03:00,15,A,True,12.444029850746269,1.0,0.0,0.0,0.0,,
2026-07-25 09:55:00+03:00,15,M,False,,,,,,,
2026-07-25 09:55:00+03:00,15,V,True,12.444029850746269,1.0,0.0,0.0,0.0,,
2026-07-25 10:00:00+03:00,15,A,True,12.444029850746269,1.0,0.0,0.0,0.0,,
2026-07-25 10:00:00+03:00,15,M,False,,,,,,,
2026-07-25 10:00:00+03:00,15,V,True,12.444029850746269,1.0,0.0,0.0,0.0,,
2026-07-25 10:05:00+03:00,15,A,True,12.444029850746269,1.0,0.0,0.0,0.0,,
2026-07-25 10:05:00+03:00,15,M,False,,,,,,,
2026-07-25 10:05:00+03:00,15,V,True,12.444029850746269,1.0,0.0,0.0,0.0,,
2026-07-25 10:10:00+03:00,15,A,True,12.444029850746269,1.0,0.0,0.0,0.0,,
2026-07-25 10:10:00+03:00,15,M,False,,,,,,,
2026-07-25 10:10:00+03:00,15,V,True,12.444029850746269,1.0,0.0,0.0,0.0,,
2026-07-25 10:15:00+03:00,15,A,True,12.444029850746269,1.0,0.0,0.0,0.0,,
2026-07-25 10:15:00+03:00,15,M,False,,,,,,,
2026-07-25 10:15:00+03:00,15,V,True,12.444029850746269,1.0,0.0,0.0,0.0,,
2026-07-25 10:20:00+03:00,15,A,True,12.444029850746269,1.0,0.0,0.0,0.0,,
2026-07-25 10:20:00+03:00,15,M,False,,,,,,,
2026-07-25 10:20:00+03:00,15,V,True,12.444029850746269,1.0,0.0,0.0,0.0,,
2026-07-25 10:25:00+03:00,15,A,True,12.444029850746269,1.0,0.0,0.0,0.0,,
2026-07-25 10:25:00+03:00,15,M,False,,,,,,,
2026-07-25 10:25:00+03:00,15,V,True,12.444029850746269,1.0,0.0,0.0,0.0,,
2026-07-25 10:30:00+03:00,15,A,True,12.444029850746269,1.0,0.0,0.0,0.0,,
2026-07-25 10:30:00+03:00,15,M,False,,,,,,,
2026-07-25 10:30:00+03:00,15,V,True,12.444029850746269,1.0,0.0,0.0,0.0,,
2026-07-25 10:35:00+03:00,15,A,True,12.444029850746269,1.0,0.0,0.0,0.0,,
2026-07-25 10:35:00+03:00,15,M,False,,,,,,,
2026-07-25 10:35:00+03:00,15,V,True,12.444029850746269,1.0,0.0,0.0,0.0,,
2026-07-25 10:40:00+03:00,15,A,True,12.444029850746269,1.0,0.0,0.0,0.0,,
2026-07-25 10:40:00+03:00,15,M,False,,,,,,,
2026-07-25 10:40:00+03:00,15,V,True,12.444029850746269,1.0,0.0,0.0,0.0,,
2026-07-25 10:45:00+03:00,15,A,True,12.444029850746269,1.0,0.0,0.0,0.0,,
2026-07-25 10:45:00+03:00,15,M,False,,,,,,,
2026-07-25 10:45:00+03:00,15,V,True,12.444029850746269,1.0,0.0,0.0,0.0,,
2026-07-25 10:50:00+03:00,15,A,True,12.444029850746269,1.0,0.0,0.0,0.0,,
2026-07-25 10:50:00+03:00,15,M,False,,,,,,,
2026-07-25 10:50:00+03:00,15,V,True,12.444029850746269,1.0,0.0,0.0,0.0,,
2026-07-25 10:55:00+03:00,15,A,True,12.444029850746269,1.0,0.0,0.0,0.0,,
2026-07-25 10:55:00+03:00,15,M,False,,,,,,,
2026-07-25 10:55:00+03:00,15,V,True,12.444029850746269,1.0,0.0,0.0,0.0,,
2026-07-25 11:00:00+03:00,15,A,True,12.444029850746269,1.0,0.0,0.0,0.0,,
2026-07-25 11:00:00+03:00,15,M,False,,,,,,,
2026-07-25 11:00:00+03:00,15,V,True,12.444029850746269,1.0,0.0,0.0,0.0,,
2026-07-25 11:05:00+03:00,15,A,True,12.444029850746269,1.0,0.0,0.0,0.0,,
2026-07-25 11:05:00+03:00,15,M,False,,,,,,,
2026-07-25 11:05:00+03:00,15,V,True,12.444029850746269,1.0,0.0,0.0,0.0,,
2026-07-25 11:10:00+03:00,15,A,True,12.444029850746269,1.0,0.0,0.0,0.0,,
2026-07-25 11:10:00+03:00,15,M,False,,,,,,,
2026-07-25 11:10:00+03:00,15,V,True,12.444029850746269,1.0,0.0,0.0,0.0,,
2026-07-25 11:15:00+03:00,15,A,True,12.444029850746269,1.0,0.0,0.0,0.0,,
2026-07-25 11:15:00+03:00,15,M,False,,,,,,,
2026-07-25 11:15:00+03:00,15,V,True,12.444029850746269,1.0,0.0,0.0,0.0,,
2026-07-25 11:20:00+03:00,15,A,True,12.444029850746269,1.0,0.0,0.0,0.0,,
2026-07-25 11:20:00+03:00,15,M,False,,,,,,,
2026-07-25 11:20:00+03:00,15,V,True,12.444029850746269,1.0,0.0,0.0,0.0,,
2026-07-25 11:25:00+03:00,15,A,True,12.444029850746269,1.0,0.0,0.0,0.0,,
2026-07-25 11:25:00+03:00,15,M,False,,,,,,,
2026-07-25 11:25:00+03:00,15,V,True,12.444029850746269,1.0,0.0,0.0,0.0,,
2026-07-25 11:30:00+03:00,15,A,True,12.444029850746269,1.0,0.0,0.0,0.0,,
2026-07-25 11:30:00+03:00,15,M,False,,,,,,,
2026-07-25 11:30:00+03:00,15,V,True,12.444029850746269,1.0,0.0,0.0,0.0,,
2026-07-25 11:35:00+03:00,15,A,True,12.444029850746269,1.0,0.0,0.0,0.0,,
2026-07-25 11:35:00+03:00,15,M,False,,,,,,,
2026-07-25 11:35:00+03:00,15,V,True,12.444029850746269,1.0,0.0,0.0,0.0,,
2026-07-25 11:40:00+03:00,15,A,True,12.444029850746269,1.0,0.0,0.0,0.0,,
2026-07-25 11:40:00+03:00,15,M,False,,,,,,,
2026-07-25 11:40:00+03:00,15,V,True,12.444029850746269,1.0,0.0,0.0,0.0,,
2026-07-25 11:45:00+03:00,15,A,True,12.444029850746269,1.0,0.0,0.0,0.0,,
2026-07-25 11:45:00+03:00,15,M,False,,,,,,,
2026-07-25 11:45:00+03:00,15,V,True,12.444029850746269,1.0,0.0,0.0,0.0,,
2026-07-25 11:50:00+03:00,15,A,True,12.444029850746269,1.0,0.0,0.0,0.0,,
2026-07-25 11:50:00+03:00,15,M,False,,,,,,,
2026-07-25 11:50:00+03:00,15,V,True,12.444029850746269,1.0,0.0,0.0,0.0,,
2026-07-25 11:55:00+03:00,15,A,True,12.444029850746269,1.0,0.0,0.0,0.0,,
2026-07-25 11:55:00+03:00,15,M,False,,,,,,,
2026-07-25 11:55:00+03:00,15,V,True,12.444029850746269,1.0,0.0,0.0,0.0,,
2026-07-25 12:00:00+03:00,15,A,True,12.444029850746269,1.0,0.0,0.0,0.0,,
2026-07-25 12:00:00+03:00,15,M,False,,,,,,,
2026-07-25 12:00:00+03:00,15,V,True,12.444029850746269,1.0,0.0,0.0,0.0,,
2026-07-25 12:05:00+03:00,15,A,True,12.444029850746269,1.0,0.0,0.0,0.0,,
2026-07-25 12:05:00+03:00,15,M,False,,,,,,,
2026-07-25 12:05:00+03:00,15,V,True,12.444029850746269,1.0,0.0,0.0,0.0,,
2026-07-25 12:10:00+03:00,15,A,True,12.444029850746269,1.0,0.0,0.0,0.0,,
2026-07-25 12:10:00+03:00,15,M,False,,,,,,,
2026-07-25 12:10:00+03:00,15,V,True,12.444029850746269,1.0,0.0,0.0,0.0,,
2026-07-25 12:15:00+03:00,15,A,True,12.444029850746269,1.0,0.0,0.0,0.0,,
2026-07-25 12:15:00+03:00,15,M,False,,,,,,,
2026-07-25 12:15:00+03:00,15,V,True,12.444029850746269,1.0,0.0,0.0,0.0,,
2026-07-25 12:20:00+03:00,15,A,True,12.444029850746269,1.0,0.0,0.0,0.0,,
2026-07-25 12:20:00+03:00,15,M,False,,,,,,,
2026-07-25 12:20:00+03:00,15,V,True,12.444029850746269,1.0,0.0,0.0,0.0,,
2026-07-25 12:25:00+03:00,15,A,True,12.444029850746269,1.0,0.0,0.0,0.0,,
2026-07-25 12:25:00+03:00,15,M,False,,,,,,,
2026-07-25 12:25:00+03:00,15,V,True,12.444029850746269,1.0,0.0,0.0,0.0,,
2026-07-25 12:30:00+03:00,15,A,True,12.444029850746269,1.0,0.0,0.0,0.0,,
2026-07-25 12:30:00+03:00,15,M,False,,,,,,,
2026-07-25 12:30:00+03:00,15,V,True,12.444029850746269,1.0,0.0,0.0,0.0,,
2026-07-25 12:35:00+03:00,15,A,True,12.444029850746269,1.0,0.0,0.0,0.0,,
2026-07-25 12:35:00+03:00,15,M,False,,,,,,,
2026-07-25 12:35:00+03:00,15,V,True,12.444029850746269,1.0,0.0,0.0,0.0,,
2026-07-25 12:40:00+03:00,15,A,True,12.444029850746269,1.0,0.0,0.0,0.0,,
2026-07-25 12:40:00+03:00,15,M,False,,,,,,,
2026-07-25 12:40:00+03:00,15,V,True,12.444029850746269,1.0,0.0,0.0,0.0,,
2026-07-25 12:45:00+03:00,15,A,True,12.444029850746269,1.0,0.0,0.0,0.0,,
2026-07-25 12:45:00+03:00,15,M,False,,,,,,,
2026-07-25 12:45:00+03:00,15,V,True,12.444029850746269,1.0,0.0,0.0,0.0,,
2026-07-25 12:50:00+03:00,15,A,True,12.444029850746269,1.0,0.0,0.0,0.0,,
2026-07-25 12:50:00+03:00,15,M,False,,,,,,,
2026-07-25 12:50:00+03:00,15,V,True,12.444029850746269,1.0,0.0,0.0,0.0,,
2026-07-25 12:55:00+03:00,15,A,True,12.444029850746269,1.0,0.0,0.0,0.0,,
2026-07-25 12:55:00+03:00,15,M,False,,,,,,,
2026-07-25 12:55:00+03:00,15,V,True,12.444029850746269,1.0,0.0,0.0,0.0,,
2026-07-25 13:00:00+03:00,15,A,True,12.444029850746269,1.0,0.0,0.0,0.0,,
2026-07-25 13:00:00+03:00,15,M,False,,,,,,,
2026-07-25 13:00:00+03:00,15,V,True,12.444029850746269,1.0,0.0,0.0,0.0,,
2026-07-25 13:05:00+03:00,15,A,True,12.444029850746269,1.0,0.0,0.0,0.0,,
2026-07-25 13:05:00+03:00,15,M,False,,,,,,,
2026-07-25 13:05:00+03:00,15,V,True,12.444029850746269,1.0,0.0,0.0,0.0,,
2026-07-25 13:10:00+03:00,15,A,True,12.444029850746269,1.0,0.0,0.0,0.0,,
2026-07-25 13:10:00+03:00,15,M,False,,,,,,,
2026-07-25 13:10:00+03:00,15,V,True,12.444029850746269,1.0,0.0,0.0,0.0,,
2026-07-25 13:15:00+03:00,15,A,True,12.444029850746269,1.0,0.0,0.0,0.0,,
2026-07-25 13:15:00+03:00,15,M,False,,,,,,,
2026-07-25 13:15:00+03:00,15,V,True,12.444029850746269,1.0,0.0,0.0,0.0,,
2026-07-25 13:20:00+03:00,15,A,True,12.444029850746269,1.0,0.0,0.0,0.0,,
2026-07-25 13:20:00+03:00,15,M,False,,,,,,,
2026-07-25 13:20:00+03:00,15,V,True,12.444029850746269,1.0,0.0,0.0,0.0,,
2026-07-25 13:25:00+03:00,15,A,True,12.444029850746269,1.0,0.0,0.0,0.0,,
2026-07-25 13:25:00+03:00,15,M,False,,,,,,,
2026-07-25 13:25:00+03:00,15,V,True,12.444029850746269,1.0,0.0,0.0,0.0,,
2026-07-25 13:30:00+03:00,15,A,True,12.444029850746269,1.0,0.0,0.0,0.0,,
2026-07-25 13:30:00+03:00,15,M,False,,,,,,,
2026-07-25 13:30:00+03:00,15,V,True,12.444029850746269,1.0,0.0,0.0,0.0,,
2026-07-25 13:35:00+03:00,15,A,True,12.444029850746269,1.0,0.0,0.0,0.0,,
2026-07-25 13:35:00+03:00,15,M,False,,,,,,,
2026-07-25 13:35:00+03:00,15,V,True,12.444029850746269,1.0,0.0,0.0,0.0,,
2026-07-25 13:40:00+03:00,15,A,True,12.444029850746269,1.0,0.0,0.0,0.0,,
2026-07-25 13:40:00+03:00,15,M,False,,,,,,,
2026-07-25 13:40:00+03:00,15,V,True,12.444029850746269,1.0,0.0,0.0,0.0,,
2026-07-25 13:45:00+03:00,15,A,True,12.444029850746269,1.0,0.0,0.0,0.0,,
2026-07-25 13:45:00+03:00,15,M,False,,,,,,,
2026-07-25 13:45:00+03:00,15,V,True,12.444029850746269,1.0,0.0,0.0,0.0,,
2026-07-25 13:50:00+03:00,15,A,True,12.444029850746269,1.0,0.0,0.0,0.0,,
2026-07-25 13:50:00+03:00,15,M,False,,,,,,,
2026-07-25 13:50:00+03:00,15,V,True,12.444029850746269,1.0,0.0,0.0,0.0,,
2026-07-25 13:55:00+03:00,15,A,True,12.444029850746269,1.0,0.0,0.0,0.0,,
2026-07-25 13:55:00+03:00,15,M,False,,,,,,,
2026-07-25 13:55:00+03:00,15,V,True,12.444029850746269,1.0,0.0,0.0,0.0,,
2026-07-25 14:00:00+03:00,15,A,True,12.444029850746269,1.0,0.0,0.0,0.0,,
2026-07-25 14:00:00+03:00,15,M,False,,,,,,,
2026-07-25 14:00:00+03:00,15,V,True,12.444029850746269,1.0,0.0,0.0,0.0,,
2026-07-25 14:05:00+03:00,15,A,True,12.444029850746269,1.0,0.0,0.0,0.0,,
2026-07-25 14:05:00+03:00,15,M,False,,,,,,,
2026-07-25 14:05:00+03:00,15,V,True,12.444029850746269,1.0,0.0,0.0,0.0,,
2026-07-25 14:10:00+03:00,15,A,True,12.444029850746269,1.0,0.0,0.0,0.0,,
2026-07-25 14:10:00+03:00,15,M,False,,,,,,,
2026-07-25 14:10:00+03:00,15,V,True,12.444029850746269,1.0,0.0,0.0,0.0,,
2026-07-25 14:15:00+03:00,15,A,True,12.444029850746269,1.0,0.0,0.0,0.0,,
2026-07-25 14:15:00+03:00,15,M,False,,,,,,,
2026-07-25 14:15:00+03:00,15,V,True,12.444029850746269,1.0,0.0,0.0,0.0,,
2026-07-25 14:20:00+03:00,15,A,True,12.444029850746269,1.0,0.0,0.0,0.0,,
2026-07-25 14:20:00+03:00,15,M,False,,,,,,,
2026-07-25 14:20:00+03:00,15,V,True,12.444029850746269,1.0,0.0,0.0,0.0,,
2026-07-25 14:25:00+03:00,15,A,True,12.444029850746269,1.0,0.0,0.0,0.0,,
2026-07-25 14:25:00+03:00,15,M,False,,,,,,,
2026-07-25 14:25:00+03:00,15,V,True,12.444029850746269,1.0,0.0,0.0,0.0,,
2026-07-25 14:30:00+03:00,15,A,True,12.444029850746269,1.0,0.0,0.0,0.0,,
2026-07-25 14:30:00+03:00,15,M,False,,,,,,,
2026-07-25 14:30:00+03:00,15,V,True,12.444029850746269,1.0,0.0,0.0,0.0,,
2026-07-25 14:35:00+03:00,15,A,True,12.444029850746269,1.0,0.0,0.0,0.0,,
2026-07-25 14:35:00+03:00,15,M,False,,,,,,,
2026-07-25 14:35:00+03:00,15,V,True,12.444029850746269,1.0,0.0,0.0,0.0,,
2026-07-25 14:40:00+03:00,15,A,True,12.444029850746269,1.0,0.0,0.0,0.0,,
2026-07-25 14:40:00+03:00,15,M,False,,,,,,,
2026-07-25 14:40:00+03:00,15,V,True,12.444029850746269,1.0,0.0,0.0,0.0,,
2026-07-25 14:45:00+03:00,15,A,True,12.444029850746269,1.0,0.0,0.0,0.0,,
2026-07-25 14:45:00+03:00,15,M,False,,,,,,,
2026-07-25 14:45:00+03:00,15,V,True,12.444029850746269,1.0,0.0,0.0,0.0,,
2026-07-25 14:50:00+03:00,15,A,True,12.444029850746269,1.0,0.0,0.0,0.0,,
2026-07-25 14:50:00+03:00,15,M,False,,,,,,,
2026-07-25 14:50:00+03:00,15,V,True,12.444029850746269,1.0,0.0,0.0,0.0,,
2026-07-25 14:55:00+03:00,15,A,True,12.444029850746269,1.0,0.0,0.0,0.0,,
2026-07-25 14:55:00+03:00,15,M,False,,,,,,,
2026-07-25 14:55:00+03:00,15,V,True,12.444029850746269,1.0,0.0,0.0,0.0,,
2026-07-25 15:00:00+03:00,15,A,True,12.444029850746269,1.0,0.0,0.0,0.0,,
2026-07-25 15:00:00+03:00,15,M,False,,,,,,,
2026-07-25 15:00:00+03:00,15,V,True,12.444029850746269,1.0,0.0,0.0,0.0,,
2026-07-25 15:05:00+03:00,15,A,True,12.444029850746269,1.0,0.0,0.0,0.0,,
2026-07-25 15:05:00+03:00,15,M,False,,,,,,,
2026-07-25 15:05:00+03:00,15,V,True,12.444029850746269,1.0,0.0,0.0,0.0,,
2026-07-25 15:10:00+03:00,15,A,True,12.444029850746269,1.0,0.0,0.0,0.0,,
2026-07-25 15:10:00+03:00,15,M,False,,,,,,,
2026-07-25 15:10:00+03:00,15,V,True,12.444029850746269,1.0,0.0,0.0,0.0,,
2026-07-25 15:15:00+03:00,15,A,True,12.444029850746269,1.0,0.0,0.0,0.0,,
2026-07-25 15:15:00+03:00,15,M,False,,,,,,,
2026-07-25 15:15:00+03:00,15,V,True,12.444029850746269,1.0,0.0,0.0,0.0,,
2026-07-25 15:20:00+03:00,15,A,True,12.444029850746269,1.0,0.0,0.0,0.0,,
2026-07-25 15:20:00+03:00,15,M,False,,,,,,,
2026-07-25 15:20:00+03:00,15,V,True,12.444029850746269,1.0,0.0,0.0,0.0,,
2026-07-25 15:25:00+03:00,15,A,True,12.444029850746269,1.0,0.0,0.0,0.0,,
2026-07-25 15:25:00+03:00,15,M,False,,,,,,,
2026-07-25 15:25:00+03:00,15,V,True,12.444029850746269,1.0,0.0,0.0,0.0,,
2026-07-25 15:30:00+03:00,15,A,True,12.444029850746269,1.0,0.0,0.0,0.0,,
2026-07-25 15:30:00+03:00,15,M,False,,,,,,,
2026-07-25 15:30:00+03:00,15,V,True,12.444029850746269,1.0,0.0,0.0,0.0,,
2026-07-25 15:35:00+03:00,15,A,True,12.444029850746269,1.0,0.0,0.0,0.0,,
2026-07-25 15:35:00+03:00,15,M,False,,,,,,,
2026-07-25 15:35:00+03:00,15,V,True,12.444029850746269,1.0,0.0,0.0,0.0,,
2026-07-25 15:40:00+03:00,15,A,True,12.444029850746269,1.0,0.0,0.0,0.0,,
2026-07-25 15:40:00+03:00,15,M,False,,,,,,,
2026-07-25 15:40:00+03:00,15,V,True,12.444029850746269,1.0,0.0,0.0,0.0,,
2026-07-25 15:45:00+03:00,15,A,True,12.444029850746269,1.0,0.0,0.0,0.0,,
2026-07-25 15:45:00+03:00,15,M,False,,,,,,,
2026-07-25 15:45:00+03:00,15,V,True,12.444029850746269,1.0,0.0,0.0,0.0,,
2026-07-25 15:50:00+03:00,15,A,True,12.444029850746269,1.0,0.0,0.0,0.0,,
2026-07-25 15:50:00+03:00,15,M,False,,,,,,,
2026-07-25 15:50:00+03:00,15,V,True,12.444029850746269,1.0,0.0,0.0,0.0,,
2026-07-25 15:55:00+03:00,15,A,True,12.444029850746269,1.0,0.0,0.0,0.0,,
2026-07-25 15:55:00+03:00,15,M,False,,,,,,,
2026-07-25 15:55:00+03:00,15,V,True,12.444029850746269,1.0,0.0,0.0,0.0,,
2026-07-25 16:00:00+03:00,15,A,True,12.444029850746269,1.0,0.0,0.0,0.0,,
2026-07-25 16:00:00+03:00,15,M,False,,,,,,,
2026-07-25 16:00:00+03:00,15,V,True,12.444029850746269,1.0,0.0,0.0,0.0,,
2026-07-25 16:05:00+03:00,15,A,True,12.444029850746269,1.0,0.0,0.0,0.0,,
2026-07-25 16:05:00+03:00,15,M,False,,,,,,,
2026-07-25 16:05:00+03:00,15,V,True,12.444029850746269,1.0,0.0,0.0,0.0,,
2026-07-25 16:10:00+03:00,15,A,True,12.444029850746269,1.0,0.0,0.0,0.0,,
2026-07-25 16:10:00+03:00,15,M,False,,,,,,,
2026-07-25 16:10:00+03:00,15,V,True,12.444029850746269,1.0,0.0,0.0,0.0,,
2026-07-25 16:15:00+03:00,15,A,True,12.444029850746269,1.0,0.0,0.0,0.0,,
2026-07-25 16:15:00+03:00,15,M,False,,,,,,,
2026-07-25 16:15:00+03:00,15,V,True,12.444029850746269,1.0,0.0,0.0,0.0,,
2026-07-25 16:20:00+03:00,15,A,True,12.444029850746269,1.0,0.0,0.0,0.0,,
2026-07-25 16:20:00+03:00,15,M,False,,,,,,,
2026-07-25 16:20:00+03:00,15,V,True,12.444029850746269,1.0,0.0,0.0,0.0,,
2026-07-25 16:25:00+03:00,15,A,True,12.444029850746269,1.0,0.0,0.0,0.0,,
2026-07-25 16:25:00+03:00,15,M,False,,,,,,,
2026-07-25 16:25:00+03:00,15,V,True,12.444029850746269,1.0,0.0,0.0,0.0,,
2026-07-25 16:30:00+03:00,15,A,True,12.444029850746269,1.0,0.0,0.0,0.0,,
2026-07-25 16:30:00+03:00,15,M,False,,,,,,,
2026-07-25 16:30:00+03:00,15,V,True,12.444029850746269,1.0,0.0,0.0,0.0,,
2026-07-25 16:35:00+03:00,15,A,True,12.444029850746269,1.0,0.0,0.0,0.0,,
2026-07-25 16:35:00+03:00,15,M,False,,,,,,,
2026-07-25 16:35:00+03:00,15,V,True,12.444029850746269,1.0,0.0,0.0,0.0,,
2026-07-25 16:40:00+03:00,15,A,True,12.444029850746269,1.0,0.0,0.0,0.0,,
2026-07-25 16:40:00+03:00,15,M,False,,,,,,,
2026-07-25 16:40:00+03:00,15,V,True,12.444029850746269,1.0,0.0,0.0,0.0,,
2026-07-25 16:45:00+03:00,15,A,True,12.444029850746269,1.0,0.0,0.0,0.0,,
2026-07-25 16:45:00+03:00,15,M,False,,,,,,,
2026-07-25 16:45:00+03:00,15,V,True,12.444029850746269,1.0,0.0,0.0,0.0,,
2026-07-25 16:50:00+03:00,15,A,True,12.444029850746269,1.0,0.0,0.0,0.0,,
2026-07-25 16:50:00+03:00,15,M,False,,,,,,,
2026-07-25 16:50:00+03:00,15,V,True,12.444029850746269,1.0,0.0,0.0,0.0,,
2026-07-25 16:55:00+03:00,15,A,True,12.444029850746269,1.0,0.0,0.0,0.0,,
2026-07-25 16:55:00+03:00,15,M,False,,,,,,,
2026-07-25 16:55:00+03:00,15,V,True,12.444029850746269,1.0,0.0,0.0,0.0,,
2026-07-25 17:00:00+03:00,15,A,True,12.444029850746269,1.0,0.0,0.0,0.0,,
2026-07-25 17:00:00+03:00,15,M,False,,,,,,,
2026-07-25 17:00:00+03:00,15,V,True,12.444029850746269,1.0,0.0,0.0,0.0,,
2026-07-25 17:05:00+03:00,15,A,True,12.444029850746269,1.0,0.0,0.0,0.0,,
2026-07-25 17:05:00+03:00,15,M,False,,,,,,,
2026-07-25 17:05:00+03:00,15,V,True,12.444029850746269,1.0,0.0,0.0,0.0,,
2026-07-25 17:10:00+03:00,15,A,True,12.444029850746269,1.0,0.0,0.0,0.0,,
2026-07-25 17:10:00+03:00,15,M,False,,,,,,,
2026-07-25 17:10:00+03:00,15,V,True,12.444029850746269,1.0,0.0,0.0,0.0,,
2026-07-25 17:15:00+03:00,15,A,True,12.444029850746269,1.0,0.0,0.0,0.0,,
2026-07-25 17:15:00+03:00,15,M,False,,,,,,,
2026-07-25 17:15:00+03:00,15,V,True,12.444029850746269,1.0,0.0,0.0,0.0,,
2026-07-25 17:20:00+03:00,15,A,True,12.444029850746269,1.0,0.0,0.0,0.0,,
2026-07-25 17:20:00+03:00,15,M,False,,,,,,,
2026-07-25 17:20:00+03:00,15,V,True,12.444029850746269,1.0,0.0,0.0,0.0,,
2026-07-25 17:25:00+03:00,15,A,True,12.444029850746269,1.0,0.0,0.0,0.0,,
2026-07-25 17:25:00+03:00,15,M,False,,,,,,,
2026-07-25 17:25:00+03:00,15,V,True,12.444029850746269,1.0,0.0,0.0,0.0,,
2026-07-25 17:30:00+03:00,15,A,True,12.444029850746269,1.0,0.0,0.0,0.0,,
2026-07-25 17:30:00+03:00,15,M,False,,,,,,,
2026-07-25 17:30:00+03:00,15,V,True,12.444029850746269,1.0,0.0,0.0,0.0,,
2026-07-25 17:35:00+03:00,15,A,True,12.444029850746269,1.0,0.0,0.0,0.0,,
2026-07-25 17:35:00+03:00,15,M,False,,,,,,,
2026-07-25 17:35:00+03:00,15,V,True,12.444029850746269,1.0,0.0,0.0,0.0,,
2026-07-25 17:40:00+03:00,15,A,True,12.444029850746269,1.0,0.0,0.0,0.0,,
2026-07-25 17:40:00+03:00,15,M,False,,,,,,,
2026-07-25 17:40:00+03:00,15,V,True,12.444029850746269,1.0,0.0,0.0,0.0,,
2026-07-25 17:45:00+03:00,15,A,True,12.444029850746269,1.0,0.0,0.0,0.0,,
2026-07-25 17:45:00+03:00,15,M,False,,,,,,,
2026-07-25 17:45:00+03:00,15,V,True,12.444029850746269,1.0,0.0,0.0,0.0,,
2026-07-25 17:50:00+03:00,15,A,True,12.444029850746269,1.0,0.0,0.0,0.0,,
2026-07-25 17:50:00+03:00,15,M,False,,,,,,,
2026-07-25 17:50:00+03:00,15,V,True,12.444029850746269,1.0,0.0,0.0,0.0,,
2026-07-25 17:55:00+03:00,15,A,True,12.444029850746269,1.0,0.0,0.0,0.0,,
2026-07-25 17:55:00+03:00,15,M,False,,,,,,,
2026-07-25 17:55:00+03:00,15,V,True,12.444029850746269,1.0,0.0,0.0,0.0,,
2026-07-25 18:00:00+03:00,15,A,True,12.444029850746269,1.0,0.0,0.0,0.0,,
2026-07-25 18:00:00+03:00,15,M,False,,,,,,,
2026-07-25 18:00:00+03:00,15,V,True,12.444029850746269,1.0,0.0,0.0,0.0,,
2026-07-25 18:05:00+03:00,15,A,True,12.444029850746269,1.0,0.0,0.0,0.0,,
2026-07-25 18:05:00+03:00,15,M,False,,,,,,,
2026-07-25 18:05:00+03:00,15,V,True,12.444029850746269,1.0,0.0,0.0,0.0,,
2026-07-25 18:10:00+03:00,15,A,True,12.444029850746269,1.0,0.0,0.0,0.0,,
2026-07-25 18:10:00+03:00,15,M,False,,,,,,,
2026-07-25 18:10:00+03:00,15,V,True,12.444029850746269,1.0,0.0,0.0,0.0,,
2026-07-25 18:15:00+03:00,15,A,True,12.444029850746269,1.0,0.0,0.0,0.0,,
2026-07-25 18:15:00+03:00,15,M,False,,,,,,,
2026-07-25 18:15:00+03:00,15,V,True,12.444029850746269,1.0,0.0,0.0,0.0,,
2026-07-25 18:20:00+03:00,15,A,True,12.444029850746269,1.0,0.0,0.0,0.0,,
2026-07-25 18:20:00+03:00,15,M,False,,,,,,,
2026-07-25 18:20:00+03:00,15,V,True,12.444029850746269,1.0,0.0,0.0,0.0,,
2026-07-25 18:25:00+03:00,15,A,True,12.444029850746269,1.0,0.0,0.0,0.0,,
2026-07-25 18:25:00+03:00,15,M,False,,,,,,,
2026-07-25 18:25:00+03:00,15,V,True,12.444029850746269,1.0,0.0,0.0,0.0,,
2026-07-25 18:30:00+03:00,15,A,True,12.444029850746269,1.0,0.0,0.0,0.0,,
2026-07-25 18:30:00+03:00,15,M,False,,,,,,,
2026-07-25 18:30:00+03:00,15,V,True,12.444029850746269,1.0,0.0,0.0,0.0,,
2026-07-25 18:35:00+03:00,15,A,True,12.444029850746269,1.0,0.0,0.0,0.0,,
2026-07-25 18:35:00+03:00,15,M,False,,,,,,,
2026-07-25 18:35:00+03:00,15,V,True,12.444029850746269,1.0,0.0,0.0,0.0,,
2026-07-25 18:40:00+03:00,15,A,True,12.444029850746269,1.0,0.0,0.0,0.0,,
2026-07-25 18:40:00+03:00,15,M,False,,,,,,,
2026-07-25 18:40:00+03:00,15,V,True,12.444029850746269,1.0,0.0,0.0,0.0,,
2026-07-25 18:45:00+03:00,15,A,True,12.444029850746269,1.0,0.0,0.0,0.0,,
2026-07-25 18:45:00+03:00,15,M,False,,,,,,,
2026-07-25 18:45:00+03:00,15,V,True,12.444029850746269,1.0,0.0,0.0,0.0,,
2026-07-25 18:50:00+03:00,15,A,True,12.444029850746269,1.0,0.0,0.0,0.0,,
2026-07-25 18:50:00+03:00,15,M,False,,,,,,,
2026-07-25 18:50:00+03:00,15,V,True,12.444029850746269,1.0,0.0,0.0,0.0,,
2026-07-25 18:55:00+03:00,15,A,True,12.444029850746269,1.0,0.0,0.0,0.0,,
2026-07-25 18:55:00+03:00,15,M,False,,,,,,,
2026-07-25 18:55:00+03:00,15,V,True,12.444029850746269,1.0,0.0,0.0,0.0,,
2026-07-25 19:00:00+03:00,15,A,True,12.444029850746269,1.0,0.0,0.0,0.0,,
2026-07-25 19:00:00+03:00,15,M,False,,,,,,,
2026-07-25 19:00:00+03:00,15,V,True,12.444029850746269,1.0,0.0,0.0,0.0,,
2026-07-25 19:05:00+03:00,15,A,True,12.444029850746269,1.0,0.0,0.0,0.0,,
2026-07-25 19:05:00+03:00,15,M,False,,,,,,,
2026-07-25 19:05:00+03:00,15,V,True,12.444029850746269,1.0,0.0,0.0,0.0,,
2026-07-25 19:10:00+03:00,15,A,True,12.444029850746269,1.0,0.0,0.0,0.0,,
2026-07-25 19:10:00+03:00,15,M,False,,,,,,,
2026-07-25 19:10:00+03:00,15,V,True,12.444029850746269,1.0,0.0,0.0,0.0,,
2026-07-25 19:15:00+03:00,15,A,True,12.444029850746269,1.0,0.0,0.0,0.0,,
2026-07-25 19:15:00+03:00,15,M,False,,,,,,,
2026-07-25 19:15:00+03:00,15,V,True,12.444029850746269,1.0,0.0,0.0,0.0,,
2026-07-25 19:20:00+03:00,15,A,True,12.444029850746269,1.0,0.0,0.0,0.0,,
2026-07-25 19:20:00+03:00,15,M,False,,,,,,,
2026-07-25 19:20:00+03:00,15,V,True,12.444029850746269,1.0,0.0,0.0,0.0,,
2026-07-25 19:25:00+03:00,15,A,True,12.444029850746269,1.0,0.0,0.0,0.0,,
2026-07-25 19:25:00+03:00,15,M,False,,,,,,,
2026-07-25 19:25:00+03:00,15,V,True,12.444029850746269,1.0,0.0,0.0,0.0,,
2026-07-25 19:30:00+03:00,15,A,True,12.444029850746269,1.0,0.0,0.0,0.0,,
2026-07-25 19:30:00+03:00,15,M,False,,,,,,,
2026-07-25 19:30:00+03:00,15,V,True,12.444029850746269,1.0,0.0,0.0,0.0,,
2026-07-25 19:35:00+03:00,15,A,True,12.444029850746269,1.0,0.0,0.0,0.0,,
2026-07-25 19:35:00+03:00,15,M,False,,,,,,,
2026-07-25 19:35:00+03:00,15,V,True,12.444029850746269,1.0,0.0,0.0,0.0,,
2026-07-25 19:40:00+03:00,15,A,True,12.444029850746269,1.0,0.0,0.0,0.0,,
2026-07-25 19:40:00+03:00,15,M,False,,,,,,,
2026-07-25 19:40:00+03:00,15,V,True,12.444029850746269,1.0,0.0,0.0,0.0,,
2026-07-25 19:45:00+03:00,15,A,True,12.444029850746269,1.0,0.0,0.0,0.0,,
2026-07-25 19:45:00+03:00,15,M,False,,,,,,,
2026-07-25 19:45:00+03:00,15,V,True,12.444029850746269,1.0,0.0,0.0,0.0,,
2026-07-25 19:50:00+03:00,15,A,True,12.444029850746269,1.0,0.0,0.0,0.0,,
2026-07-25 19:50:00+03:00,15,M,False,,,,,,,
2026-07-25 19:50:00+03:00,15,V,True,12.444029850746269,1.0,0.0,0.0,0.0,,
2026-07-25 19:55:00+03:00,15,A,True,12.444029850746269,1.0,0.0,0.0,0.0,,
2026-07-25 19:55:00+03:00,15,M,False,,,,,,,
2026-07-25 19:55:00+03:00,15,V,True,12.444029850746269,1.0,0.0,0.0,0.0,,
2026-07-25 20:00:00+03:00,15,A,True,12.444029850746269,1.0,0.0,0.0,0.0,,
2026-07-25 20:00:00+03:00,15,M,False,,,,,,,
2026-07-25 20:00:00+03:00,15,V,True,12.444029850746269,1.0,0.0,0.0,0.0,,
2026-07-25 20:05:00+03:00,15,A,True,12.444029850746269,1.0,0.0,0.0,0.0,,
2026-07-25 20:05:00+03:00,15,M,False,,,,,,,
2026-07-25 20:05:00+03:00,15,V,True,12.444029850746269,1.0,0.0,0.0,0.0,,
2026-07-25 20:10:00+03:00,15,A,True,12.444029850746269,1.0,0.0,0.0,0.0,,
2026-07-25 20:10:00+03:00,15,M,False,,,,,,,
2026-07-25 20:10:00+03:00,15,V,True,12.444029850746269,1.0,0.0,0.0,0.0,,
2026-07-25 20:15:00+03:00,15,A,True,12.444029850746269,1.0,0.0,0.0,0.0,,
2026-07-25 20:15:00+03:00,15,M,False,,,,,,,
2026-07-25 20:15:00+03:00,15,V,True,12.444029850746269,1.0,0.0,0.0,0.0,,
2026-07-25 20:20:00+03:00,15,A,True,12.444029850746269,1.0,0.0,0.0,0.0,,
2026-07-25 20:20:00+03:00,15,M,False,,,,,,,
2026-07-25 20:20:00+03:00,15,V,True,12.444029850746269,1.0,0.0,0.0,0.0,,
2026-07-25 20:25:00+03:00,15,A,True,12.444029850746269,1.0,0.0,0.0,0.0,,
2026-07-25 20:25:00+03:00,15,M,False,,,,,,,
2026-07-25 20:25:00+03:00,15,V,True,12.444029850746269,1.0,0.0,0.0,0.0,,
2026-07-25 20:30:00+03:00,15,A,True,12.444029850746269,1.0,0.0,0.0,0.0,,
2026-07-25 20:30:00+03:00,15,M,False,,,,,,,
2026-07-25 20:30:00+03:00,15,V,True,12.444029850746269,1.0,0.0,0.0,0.0,,
2026-07-25 20:35:00+03:00,15,A,True,12.444029850746269,1.0,0.0,0.0,0.0,,
2026-07-25 20:35:00+03:00,15,M,False,,,,,,,
2026-07-25 20:35:00+03:00,15,V,True,12.444029850746269,1.0,0.0,0.0,0.0,,
2026-07-25 20:40:00+03:00,15,A,True,12.444029850746269,1.0,0.0,0.0,0.0,,
2026-07-25 20:40:00+03:00,15,M,False,,,,,,,
2026-07-25 20:40:00+03:00,15,V,True,12.444029850746269,1.0,0.0,0.0,0.0,,
2026-07-25 20:45:00+03:00,15,A,True,12.444029850746269,1.0,0.0,0.0,0.0,,
2026-07-25 20:45:00+03:00,15,M,False,,,,,,,
2026-07-25 20:45:00+03:00,15,V,True,12.444029850746269,1.0,0.0,0.0,0.0,,
2026-07-25 20:50:00+03:00,15,A,True,12.444029850746269,1.0,0.0,0.0,0.0,,
2026-07-25 20:50:00+03:00,15,M,False,,,,,,,
2026-07-25 20:50:00+03:00,15,V,True,12.444029850746269,1.0,0.0,0.0,0.0,,
2026-07-25 20:55:00+03:00,15,A,True,12.444029850746269,1.0,0.0,0.0,0.0,,
2026-07-25 20:55:00+03:00,15,M,False,,,,,,,
2026-07-25 20:55:00+03:00,15,V,True,12.444029850746269,1.0,0.0,0.0,0.0,,
2026-07-25 21:00:00+03:00,15,A,True,12.444029850746269,1.0,0.0,0.0,0.0,,
2026-07-25 21:00:00+03:00,15,M,False,,,,,,,
2026-07-25 21:00:00+03:00,15,V,True,12.444029850746269,1.0,0.0,0.0,0.0,,
2026-07-25 21:05:00+03:00,15,A,True,12.444029850746269,1.0,0.0,0.0,0.0,,
2026-07-25 21:05:00+03:00,15,M,False,,,,,,,
2026-07-25 21:05:00+03:00,15,V,True,12.444029850746269,1.0,0.0,0.0,0.0,,
2026-07-25 21:10:00+03:00,15,A,True,12.444029850746269,1.0,0.0,0.0,0.0,,
2026-07-25 21:10:00+03:00,15,M,False,,,,,,,
2026-07-25 21:10:00+03:00,15,V,True,12.444029850746269,1.0,0.0,0.0,0.0,,
2026-07-25 21:15:00+03:00,15,A,True,12.444029850746269,1.0,0.0,0.0,0.0,,
2026-07-25 21:15:00+03:00,15,M,False,,,,,,,
2026-07-25 21:15:00+03:00,15,V,True,12.444029850746269,1.0,0.0,0.0,0.0,,
2026-07-25 21:20:00+03:00,15,A,True,12.444029850746269,1.0,0.0,0.0,0.0,,
2026-07-25 21:20:00+03:00,15,M,False,,,,,,,
2026-07-25 21:20:00+03:00,15,V,True,12.444029850746269,1.0,0.0,0.0,0.0,,
2026-07-25 21:25:00+03:00,15,A,True,12.444029850746269,1.0,0.0,0.0,0.0,,
2026-07-25 21:25:00+03:00,15,M,False,,,,,,,
2026-07-25 21:25:00+03:00,15,V,True,12.444029850746269,1.0,0.0,0.0,0.0,,
2026-07-25 21:30:00+03:00,15,A,True,12.444029850746269,1.0,0.0,0.0,0.0,,
2026-07-25 21:30:00+03:00,15,M,False,,,,,,,
2026-07-25 21:30:00+03:00,15,V,True,12.444029850746269,1.0,0.0,0.0,0.0,,
2026-07-25 21:35:00+03:00,15,A,True,12.444029850746269,1.0,0.0,0.0,0.0,,
2026-07-25 21:35:00+03:00,15,M,False,,,,,,,
2026-07-25 21:35:00+03:00,15,V,True,12.444029850746269,1.0,0.0,0.0,0.0,,
2026-07-25 21:40:00+03:00,15,A,True,12.444029850746269,1.0,0.0,0.0,0.0,,
2026-07-25 21:40:00+03:00,15,M,False,,,,,,,
2026-07-25 21:40:00+03:00,15,V,True,12.444029850746269,1.0,0.0,0.0,0.0,,
2026-07-25 21:45:00+03:00,15,A,True,12.444029850746269,1.0,0.0,0.0,0.0,,
2026-07-25 21:45:00+03:00,15,M,False,,,,,,,
2026-07-25 21:45:00+03:00,15,V,True,12.444029850746269,1.0,0.0,0.0,0.0,,
2026-07-25 21:50:00+03:00,15,A,True,12.444029850746269,1.0,0.0,0.0,0.0,,
2026-07-25 21:50:00+03:00,15,M,False,,,,,,,
2026-07-25 21:50:00+03:00,15,V,True,12.444029850746269,1.0,0.0,0.0,0.0,,
2026-07-25 21:55:00+03:00,15,A,True,12.444029850746269,1.0,0.0,0.0,0.0,,
2026-07-25 21:55:00+03:00,15,M,False,,,,,,,
2026-07-25 21:55:00+03:00,15,V,True,12.444029850746269,1.0,0.0,0.0,0.0,,
2026-07-25 22:00:00+03:00,15,A,True,12.444029850746269,1.0,0.0,0.0,0.0,,
2026-07-25 22:00:00+03:00,15,M,False,,,,,,,
2026-07-25 22:00:00+03:00,15,V,True,12.444029850746269,1.0,0.0,0.0,0.0,,
2026-07-25 22:05:00+03:00,15,A,True,12.444029850746269,1.0,0.0,0.0,0.0,,
2026-07-25 22:05:00+03:00,15,M,False,,,,,,,
2026-07-25 22:05:00+03:00,15,V,True,12.444029850746269,1.0,0.0,0.0,0.0,,
2026-07-25 22:10:00+03:00,15,A,True,12.444029850746269,1.0,0.0,0.0,0.0,,
2026-07-25 22:10:00+03:00,15,M,False,,,,,,,
2026-07-25 22:10:00+03:00,15,V,True,12.444029850746269,1.0,0.0,0.0,0.0,,
2026-07-25 22:15:00+03:00,15,A,True,12.444029850746269,1.0,0.0,0.0,0.0,,
2026-07-25 22:15:00+03:00,15,M,False,,,,,,,
2026-07-25 22:15:00+03:00,15,V,True,12.444029850746269,1.0,0.0,0.0,0.0,,
2026-07-25 22:20:00+03:00,15,A,True,12.444029850746269,1.0,0.0,0.0,0.0,,
2026-07-25 22:20:00+03:00,15,M,False,,,,,,,
2026-07-25 22:20:00+03:00,15,V,True,12.444029850746269,1.0,0.0,0.0,0.0,,
2026-07-25 22:25:00+03:00,15,A,True,12.444029850746269,1.0,0.0,0.0,0.0,,
2026-07-25 22:25:00+03:00,15,M,False,,,,,,,
2026-07-25 22:25:00+03:00,15,V,True,12.444029850746269,1.0,0.0,0.0,0.0,,
2026-07-25 22:30:00+03:00,15,A,True,12.444029850746269,1.0,0.0,0.0,0.0,,
2026-07-25 22:30:00+03:00,15,M,False,,,,,,,
2026-07-25 22:30:00+03:00,15,V,True,12.444029850746269,1.0,0.0,0.0,0.0,,
2026-07-25 22:35:00+03:00,15,A,True,12.444029850746269,1.0,0.0,0.0,0.0,,
2026-07-25 22:35:00+03:00,15,M,False,,,,,,,
2026-07-25 22:35:00+03:00,15,V,True,12.444029850746269,1.0,0.0,0.0,0.0,,
2026-07-25 22:40:00+03:00,15,A,True,12.444029850746269,1.0,0.0,0.0,0.0,,
2026-07-25 22:40:00+03:00,15,M,False,,,,,,,
2026-07-25 22:40:00+03:00,15,V,True,12.444029850746269,1.0,0.0,0.0,0.0,,
2026-07-25 22:45:00+03:00,15,A,True,12.444029850746269,1.0,0.0,0.0,0.0,,
2026-07-25 22:45:00+03:00,15,M,False,,,,,,,
2026-07-25 22:45:00+03:00,15,V,True,12.444029850746269,1.0,0.0,0.0,0.0,,
2026-07-25 22:50:00+03:00,15,A,True,12.444029850746269,1.0,0.0,0.0,0.0,,
2026-07-25 22:50:00+03:00,15,M,False,,,,,,,
2026-07-25 22:50:00+03:00,15,V,True,12.444029850746269,1.0,0.0,0.0,0.0,,
2026-07-25 22:55:00+03:00,15,A,True,12.444029850746269,1.0,0.0,0.0,0.0,,
2026-07-25 22:55:00+03:00,15,M,False,,,,,,,
2026-07-25 22:55:00+03:00,15,V,True,12.444029850746269,1.0,0.0,0.0,0.0,,
2026-07-25 23:00:00+03:00,15,A,True,12.444029850746269,1.0,0.0,0.0,0.0,,
2026-07-25 23:00:00+03:00,15,M,False,,,,,,,
2026-07-25 23:00:00+03:00,15,V,True,12.444029850746269,1.0,0.0,0.0,0.0,,
2026-07-25 23:05:00+03:00,15,A,True,12.444029850746269,1.0,0.0,0.0,0.0,,
2026-07-25 23:05:00+03:00,15,M,False,,,,,,,
2026-07-25 23:05:00+03:00,15,V,True,12.444029850746269,1.0,0.0,0.0,0.0,,
2026-07-25 23:10:00+03:00,15,A,True,12.444029850746269,1.0,0.0,0.0,0.0,,
2026-07-25 23:10:00+03:00,15,M,False,,,,,,,
2026-07-25 23:10:00+03:00,15,V,True,12.444029850746269,1.0,0.0,0.0,0.0,,
2026-07-25 23:15:00+03:00,15,A,True,12.444029850746269,1.0,0.0,0.0,0.0,,
2026-07-25 23:15:00+03:00,15,M,False,,,,,,,
2026-07-25 23:15:00+03:00,15,V,True,12.444029850746269,1.0,0.0,0.0,0.0,,
2026-07-25 23:20:00+03:00,15,A,True,12.444029850746269,1.0,0.0,0.0,0.0,,
2026-07-25 23:20:00+03:00,15,M,False,,,,,,,
2026-07-25 23:20:00+03:00,15,V,True,12.444029850746269,1.0,0.0,0.0,0.0,,
2026-07-25 23:25:00+03:00,15,A,True,12.444029850746269,1.0,0.0,0.0,0.0,,
2026-07-25 23:25:00+03:00,15,M,False,,,,,,,
2026-07-25 23:25:00+03:00,15,V,True,12.444029850746269,1.0,0.0,0.0,0.0,,
2026-07-25 23:30:00+03:00,15,A,True,12.444029850746269,1.0,0.0,0.0,0.0,,
2026-07-25 23:30:00+03:00,15,M,False,,,,,,,
2026-07-25 23:30:00+03:00,15,V,True,12.444029850746269,1.0,0.0,0.0,0.0,,
2026-07-25 23:35:00+03:00,15,A,True,12.444029850746269,1.0,0.0,0.0,0.0,,
2026-07-25 23:35:00+03:00,15,M,False,,,,,,,
2026-07-25 23:35:00+03:00,15,V,True,12.444029850746269,1.0,0.0,0.0,0.0,,
2026-07-25 23:40:00+03:00,15,A,True,12.444029850746269,1.0,0.0,0.0,0.0,,
2026-07-25 23:40:00+03:00,15,M,False,,,,,,,
2026-07-25 23:40:00+03:00,15,V,True,12.444029850746269,1.0,0.0,0.0,0.0,,
2026-07-25 23:45:00+03:00,15,A,True,12.444029850746269,1.0,0.0,0.0,0.0,,
2026-07-25 23:45:00+03:00,15,M,False,,,,,,,
2026-07-25 23:45:00+03:00,15,V,True,12.444029850746269,1.0,0.0,0.0,0.0,,
2026-07-25 23:50:00+03:00,15,A,True,12.444029850746269,1.0,0.0,0.0,0.0,,
2026-07-25 23:50:00+03:00,15,M,False,,,,,,,
2026-07-25 23:50:00+03:00,15,V,True,12.444029850746269,1.0,0.0,0.0,0.0,,
2026-07-25 23:55:00+03:00,15,A,True,12.444029850746269,1.0,0.0,0.0,0.0,,
2026-07-25 23:55:00+03:00,15,M,False,,,,,,,
2026-07-25 23:55:00+03:00,15,V,True,12.444029850746269,1.0,0.0,0.0,0.0,,
2026-07-26 00:00:00+03:00,15,A,True,12.444029850746269,1.0,0.0,0.0,0.0,,
2026-07-26 00:00:00+03:00,15,M,False,,,,,,,
2026-07-26 00:00:00+03:00,15,V,True,12.444029850746269,1.0,0.0,0.0,0.0,,
2026-07-26 00:05:00+03:00,15,A,True,12.444029850746269,1.0,0.0,0.0,0.0,,
2026-07-26 00:05:00+03:00,15,M,False,,,,,,,
2026-07-26 00:05:00+03:00,15,V,True,12.444029850746269,1.0,0.0,0.0,0.0,,
2026-07-26 00:10:00+03:00,15,A,True,12.444029850746269,1.0,0.0,0.0,0.0,,
2026-07-26 00:10:00+03:00,15,M,False,,,,,,,
2026-07-26 00:10:00+03:00,15,V,True,12.444029850746269,1.0,0.0,0.0,0.0,,
2026-07-26 00:15:00+03:00,15,A,True,12.444029850746269,1.0,0.0,0.0,0.0,,
2026-07-26 00:15:00+03:00,15,M,False,,,,,,,
2026-07-26 00:15:00+03:00,15,V,True,12.444029850746269,1.0,0.0,0.0,0.0,,
2026-07-26 00:20:00+03:00,15,A,True,12.444029850746269,1.0,0.0,0.0,0.0,,
2026-07-26 00:20:00+03:00,15,M,False,,,,,,,
2026-07-26 00:20:00+03:00,15,V,True,12.444029850746269,1.0,0.0,0.0,0.0,,
2026-07-26 00:25:00+03:00,15,A,True,12.444029850746269,1.0,0.0,0.0,0.0,,
2026-07-26 00:25:00+03:00,15,M,False,,,,,,,
2026-07-26 00:25:00+03:00,15,V,True,12.444029850746269,1.0,0.0,0.0,0.0,,
2026-07-26 00:30:00+03:00,15,A,True,12.444029850746269,1.0,0.0,0.0,0.0,,
2026-07-26 00:30:00+03:00,15,M,False,,,,,,,
2026-07-26 00:30:00+03:00,15,V,True,12.444029850746269,1.0,0.0,0.0,0.0,,
2026-07-26 00:35:00+03:00,15,A,True,12.444029850746269,1.0,0.0,0.0,0.0,,
2026-07-26 00:35:00+03:00,15,M,False,,,,,,,
2026-07-26 00:35:00+03:00,15,V,True,12.444029850746269,1.0,0.0,0.0,0.0,,
2026-07-26 00:40:00+03:00,15,A,True,12.444029850746269,1.0,0.0,0.0,0.0,,
2026-07-26 00:40:00+03:00,15,M,False,,,,,,,
2026-07-26 00:40:00+03:00,15,V,True,12.444029850746269,1.0,0.0,0.0,0.0,,
2026-07-26 00:45:00+03:00,15,A,True,12.444029850746269,1.0,0.0,0.0,0.0,,
2026-07-26 00:45:00+03:00,15,M,False,,,,,,,
2026-07-26 00:45:00+03:00,15,V,True,12.444029850746269,1.0,0.0,0.0,0.0,,
2026-07-26 00:50:00+03:00,15,A,True,12.444029850746269,1.0,0.0,0.0,0.0,,
2026-07-26 00:50:00+03:00,15,M,False,,,,,,,
2026-07-26 00:50:00+03:00,15,V,True,12.444029850746269,1.0,0.0,0.0,0.0,,
2026-07-26 00:55:00+03:00,15,A,True,12.444029850746269,1.0,0.0,0.0,0.0,,
2026-07-26 00:55:00+03:00,15,M,False,,,,,,,
2026-07-26 00:55:00+03:00,15,V,True,12.444029850746269,1.0,0.0,0.0,0.0,,
2026-07-26 01:00:00+03:00,15,A,True,12.444029850746269,1.0,0.0,0.0,0.0,,
2026-07-26 01:00:00+03:00,15,M,False,,,,,,,
2026-07-26 01:00:00+03:00,15,V,True,12.444029850746269,1.0,0.0,0.0,0.0,,
2026-07-26 01:05:00+03:00,15,A,True,12.444029850746269,1.0,0.0,0.0,0.0,,
2026-07-26 01:05:00+03:00,15,M,False,,,,,,,
2026-07-26 01:05:00+03:00,15,V,True,12.444029850746269,1.0,0.0,0.0,0.0,,
2026-07-26 01:10:00+03:00,15,A,True,12.444029850746269,1.0,0.0,0.0,0.0,,
2026-07-26 01:10:00+03:00,15,M,False,,,,,,,
2026-07-26 01:10:00+03:00,15,V,True,12.444029850746269,1.0,0.0,0.0,0.0,,
2026-07-26 01:15:00+03:00,15,A,True,12.444029850746269,1.0,0.0,0.0,0.0,,
2026-07-26 01:15:00+03:00,15,M,False,,,,,,,
2026-07-26 01:15:00+03:00,15,V,True,12.444029850746269,1.0,0.0,0.0,0.0,,
2026-07-26 01:20:00+03:00,15,A,True,12.444029850746269,1.0,0.0,0.0,0.0,,
2026-07-26 01:20:00+03:00,15,M,False,,,,,,,
2026-07-26 01:20:00+03:00,15,V,True,12.444029850746269,1.0,0.0,0.0,0.0,,
2026-07-26 01:25:00+03:00,15,A,True,12.444029850746269,1.0,0.0,0.0,0.0,,
2026-07-26 01:25:00+03:00,15,M,False,,,,,,,
2026-07-26 01:25:00+03:00,15,V,True,12.444029850746269,1.0,0.0,0.0,0.0,,
2026-07-26 01:30:00+03:00,15,A,True,12.444029850746269,1.0,0.0,0.0,0.0,,
2026-07-26 01:30:00+03:00,15,M,False,,,,,,,
2026-07-26 01:30:00+03:00,15,V,True,12.444029850746269,1.0,0.0,0.0,0.0,,
2026-07-26 01:35:00+03:00,15,A,True,12.444029850746269,1.0,0.0,0.0,0.0,,
2026-07-26 01:35:00+03:00,15,M,False,,,,,,,
2026-07-26 01:35:00+03:00,15,V,True,13.485769082420525,0.9602380952380957,0.03976190476190433,0.0,0.0,,
2026-07-26 01:40:00+03:00,15,A,True,12.444029850746269,1.0,0.0,0.0,0.0,,
2026-07-26 01:40:00+03:00,15,M,False,,,,,,,
2026-07-26 01:40:00+03:00,15,V,True,12.493989917654526,0.9980952380952383,0.0019047619047617966,0.0,0.0,,
2026-07-26 01:45:00+03:00,15,A,True,12.444029850746269,1.0,0.0,0.0,0.0,,
2026-07-26 01:45:00+03:00,15,M,False,,,,,,,
2026-07-26 01:45:00+03:00,15,V,True,12.444029850746269,1.0,0.0,0.0,0.0,,
2026-07-26 01:50:00+03:00,15,A,True,12.444029850746269,1.0,0.0,0.0,0.0,,
2026-07-26 01:50:00+03:00,15,M,False,,,,,,,
2026-07-26 01:50:00+03:00,15,V,True,12.444029850746269,1.0,0.0,0.0,0.0,,
2026-07-26 01:55:00+03:00,15,A,True,12.444029850746269,1.0,0.0,0.0,0.0,,
2026-07-26 01:55:00+03:00,15,M,False,,,,,,,
2026-07-26 01:55:00+03:00,15,V,True,12.444029850746269,1.0,0.0,0.0,0.0,,
2026-07-26 02:00:00+03:00,15,A,True,12.444029850746269,1.0,0.0,0.0,0.0,,
2026-07-26 02:00:00+03:00,15,M,False,,,,,,,
2026-07-26 02:00:00+03:00,15,V,True,12.444029850746269,1.0,0.0,0.0,0.0,,
2026-07-26 02:05:00+03:00,15,A,True,12.444029850746269,1.0,0.0,0.0,0.0,,
2026-07-26 02:05:00+03:00,15,M,False,,,,,,,
2026-07-26 02:05:00+03:00,15,V,True,12.444029850746269,1.0,0.0,0.0,0.0,,
2026-07-26 02:10:00+03:00,15,A,True,12.444029850746269,1.0,0.0,0.0,0.0,,
2026-07-26 02:10:00+03:00,15,M,False,,,,,,,
2026-07-26 02:10:00+03:00,15,V,True,12.444029850746269,1.0,0.0,0.0,0.0,,
2026-07-26 02:15:00+03:00,15,A,True,12.444029850746269,1.0,0.0,0.0,0.0,,
2026-07-26 02:15:00+03:00,15,M,False,,,,,,,
2026-07-26 02:15:00+03:00,15,V,True,12.444029850746269,1.0,0.0,0.0,0.0,,
2026-07-26 02:20:00+03:00,15,A,True,12.444029850746269,1.0,0.0,0.0,0.0,,
2026-07-26 02:20:00+03:00,15,M,False,,,,,,,
2026-07-26 02:20:00+03:00,15,V,True,12.444029850746269,1.0,0.0,0.0,0.0,,
2026-07-26 02:25:00+03:00,15,A,True,12.444029850746269,1.0,0.0,0.0,0.0,,
2026-07-26 02:25:00+03:00,15,M,False,,,,,,,
2026-07-26 02:25:00+03:00,15,V,True,12.444029850746269,1.0,0.0,0.0,0.0,,
2026-07-26 02:30:00+03:00,15,A,True,12.444029850746269,1.0,0.0,0.0,0.0,,
2026-07-26 02:30:00+03:00,15,M,False,,,,,,,
2026-07-26 02:30:00+03:00,15,V,True,12.444029850746269,1.0,0.0,0.0,0.0,,
2026-07-26 02:35:00+03:00,15,A,True,12.444029850746269,1.0,0.0,0.0,0.0,,
2026-07-26 02:35:00+03:00,15,M,False,,,,,,,
2026-07-26 02:35:00+03:00,15,V,True,12.444029850746269,1.0,0.0,0.0,0.0,,
2026-07-26 02:40:00+03:00,15,A,True,12.444029850746269,1.0,0.0,0.0,0.0,,
2026-07-26 02:40:00+03:00,15,M,False,,,,,,,
2026-07-26 02:40:00+03:00,15,V,True,12.444029850746269,1.0,0.0,0.0,0.0,,
2026-07-26 02:45:00+03:00,15,A,True,12.444029850746269,1.0,0.0,0.0,0.0,,
2026-07-26 02:45:00+03:00,15,M,False,,,,,,,
2026-07-26 02:45:00+03:00,15,V,True,12.444029850746269,1.0,0.0,0.0,0.0,,
2026-07-26 02:50:00+03:00,15,A,True,12.444029850746269,1.0,0.0,0.0,0.0,,
2026-07-26 02:50:00+03:00,15,M,False,,,,,,,
2026-07-26 02:50:00+03:00,15,V,True,12.444029850746269,1.0,0.0,0.0,0.0,,
2026-07-26 02:55:00+03:00,15,A,True,12.444029850746269,1.0,0.0,0.0,0.0,,
2026-07-26 02:55:00+03:00,15,M,False,,,,,,,
2026-07-26 02:55:00+03:00,15,V,True,12.444029850746269,1.0,0.0,0.0,0.0,,
2026-07-26 03:00:00+03:00,15,A,True,12.444029850746269,1.0,0.0,0.0,0.0,,
2026-07-26 03:00:00+03:00,15,M,False,,,,,,,
2026-07-26 03:00:00+03:00,15,V,True,12.444029850746269,1.0,0.0,0.0,0.0,,
2026-07-26 03:05:00+03:00,15,A,True,12.444029850746269,1.0,0.0,0.0,0.0,,
2026-07-26 03:05:00+03:00,15,M,False,,,,,,,
2026-07-26 03:05:00+03:00,15,V,True,12.444029850746269,1.0,0.0,0.0,0.0,,
2026-07-26 03:10:00+03:00,15,A,True,12.444029850746269,1.0,0.0,0.0,0.0,,
2026-07-26 03:10:00+03:00,15,M,False,,,,,,,
2026-07-26 03:10:00+03:00,15,V,True,12.444029850746269,1.0,0.0,0.0,0.0,,
2026-07-26 03:15:00+03:00,15,A,True,12.444029850746269,1.0,0.0,0.0,0.0,,
2026-07-26 03:15:00+03:00,15,M,False,,,,,,,
2026-07-26 03:15:00+03:00,15,V,True,12.444029850746269,1.0,0.0,0.0,0.0,,
2026-07-26 03:20:00+03:00,15,A,True,12.444029850746269,1.0,0.0,0.0,0.0,,
2026-07-26 03:20:00+03:00,15,M,False,,,,,,,
2026-07-26 03:20:00+03:00,15,V,True,12.444029850746269,1.0,0.0,0.0,0.0,,
2026-07-26 03:25:00+03:00,15,A,True,12.444029850746269,1.0,0.0,0.0,0.0,,
2026-07-26 03:25:00+03:00,15,M,False,,,,,,,
2026-07-26 03:25:00+03:00,15,V,True,12.444029850746269,1.0,0.0,0.0,0.0,,
2026-07-26 03:30:00+03:00,15,A,True,12.444029850746269,1.0,0.0,0.0,0.0,,
2026-07-26 03:30:00+03:00,15,M,False,,,,,,,
2026-07-26 03:30:00+03:00,15,V,True,12.444029850746269,1.0,0.0,0.0,0.0,,
2026-07-26 03:35:00+03:00,15,A,True,12.444029850746269,1.0,0.0,0.0,0.0,,
2026-07-26 03:35:00+03:00,15,M,False,,,,,,,
2026-07-26 03:35:00+03:00,15,V,True,12.444029850746269,1.0,0.0,0.0,0.0,,
2026-07-26 03:40:00+03:00,15,A,True,12.444029850746269,1.0,0.0,0.0,0.0,,
2026-07-26 03:40:00+03:00,15,M,False,,,,,,,
2026-07-26 03:40:00+03:00,15,V,True,12.444029850746269,1.0,0.0,0.0,0.0,,
2026-07-26 03:45:00+03:00,15,A,True,12.444029850746269,1.0,0.0,0.0,0.0,,
2026-07-26 03:45:00+03:00,15,M,False,,,,,,,
2026-07-26 03:45:00+03:00,15,V,True,12.444029850746269,1.0,0.0,0.0,0.0,,
2026-07-26 03:50:00+03:00,15,A,True,12.444029850746269,1.0,0.0,0.0,0.0,,
2026-07-26 03:50:00+03:00,15,M,False,,,,,,,
2026-07-26 03:50:00+03:00,15,V,True,12.444029850746269,1.0,0.0,0.0,0.0,,
2026-07-26 03:55:00+03:00,15,A,True,12.444029850746269,1.0,0.0,0.0,0.0,,
2026-07-26 03:55:00+03:00,15,M,False,,,,,,,
2026-07-26 03:55:00+03:00,15,V,True,12.444029850746269,1.0,0.0,0.0,0.0,,
2026-07-26 04:00:00+03:00,15,A,True,12.444029850746269,1.0,0.0,0.0,0.0,,
2026-07-26 04:00:00+03:00,15,M,False,,,,,,,
2026-07-26 04:00:00+03:00,15,V,True,12.444029850746269,1.0,0.0,0.0,0.0,,
2026-07-26 04:05:00+03:00,15,A,True,12.444029850746269,1.0,0.0,0.0,0.0,,
2026-07-26 04:05:00+03:00,15,M,False,,,,,,,
2026-07-26 04:05:00+03:00,15,V,True,12.444029850746269,1.0,0.0,0.0,0.0,,
2026-07-26 04:10:00+03:00,15,A,True,12.444029850746269,1.0,0.0,0.0,0.0,,
2026-07-26 04:10:00+03:00,15,M,False,,,,,,,
2026-07-26 04:10:00+03:00,15,V,True,12.444029850746269,1.0,0.0,0.0,0.0,,
2026-07-26 04:15:00+03:00,15,A,True,12.444029850746269,1.0,0.0,0.0,0.0,,
2026-07-26 04:15:00+03:00,15,M,False,,,,,,,
2026-07-26 04:15:00+03:00,15,V,True,12.444029850746269,1.0,0.0,0.0,0.0,,
2026-07-26 04:20:00+03:00,15,A,True,12.444029850746269,1.0,0.0,0.0,0.0,,
2026-07-26 04:20:00+03:00,15,M,False,,,,,,,
2026-07-26 04:20:00+03:00,15,V,True,12.444029850746269,1.0,0.0,0.0,0.0,,
2026-07-26 04:25:00+03:00,15,A,True,12.444029850746269,1.0,0.0,0.0,0.0,,
2026-07-26 04:25:00+03:00,15,M,False,,,,,,,
2026-07-26 04:25:00+03:00,15,V,True,12.444029850746269,1.0,0.0,0.0,0.0,,
2026-07-26 04:30:00+03:00,15,A,True,12.444029850746269,1.0,0.0,0.0,0.0,,
2026-07-26 04:30:00+03:00,15,M,False,,,,,,,
2026-07-26 04:30:00+03:00,15,V,True,12.444029850746269,1.0,0.0,0.0,0.0,,
2026-07-26 04:35:00+03:00,15,A,True,12.444029850746269,1.0,0.0,0.0,0.0,,
2026-07-26 04:35:00+03:00,15,M,False,,,,,,,
2026-07-26 04:35:00+03:00,15,V,True,12.444029850746269,1.0,0.0,0.0,0.0,,
2026-07-26 04:40:00+03:00,15,A,True,12.444029850746269,1.0,0.0,0.0,0.0,,
2026-07-26 04:40:00+03:00,15,M,False,,,,,,,
2026-07-26 04:40:00+03:00,15,V,True,12.444029850746269,1.0,0.0,0.0,0.0,,
2026-07-26 04:45:00+03:00,15,A,True,12.444029850746269,1.0,0.0,0.0,0.0,,
2026-07-26 04:45:00+03:00,15,M,False,,,,,,,
2026-07-26 04:45:00+03:00,15,V,True,12.444029850746269,1.0,0.0,0.0,0.0,,
2026-07-26 04:50:00+03:00,15,A,True,12.444029850746269,1.0,0.0,0.0,0.0,,
2026-07-26 04:50:00+03:00,15,M,False,,,,,,,
2026-07-26 04:50:00+03:00,15,V,True,12.444029850746269,1.0,0.0,0.0,0.0,,
2026-07-26 04:55:00+03:00,15,A,True,12.444029850746269,1.0,0.0,0.0,0.0,,
2026-07-26 04:55:00+03:00,15,M,False,,,,,,,
2026-07-26 04:55:00+03:00,15,V,True,12.444029850746269,1.0,0.0,0.0,0.0,,
2026-07-26 05:00:00+03:00,15,A,True,12.444029850746269,1.0,0.0,0.0,0.0,,
2026-07-26 05:00:00+03:00,15,M,False,,,,,,,
2026-07-26 05:00:00+03:00,15,V,True,12.444029850746269,1.0,0.0,0.0,0.0,,
2026-07-26 05:05:00+03:00,15,A,True,12.444029850746269,1.0,0.0,0.0,0.0,,
2026-07-26 05:05:00+03:00,15,M,False,,,,,,,
2026-07-26 05:05:00+03:00,15,V,True,12.444029850746269,1.0,0.0,0.0,0.0,,
2026-07-26 05:10:00+03:00,15,A,True,12.444029850746269,1.0,0.0,0.0,0.0,,
2026-07-26 05:10:00+03:00,15,M,False,,,,,,,
2026-07-26 05:10:00+03:00,15,V,True,12.444029850746269,1.0,0.0,0.0,0.0,,
2026-07-26 05:15:00+03:00,15,A,True,12.444029850746269,1.0,0.0,0.0,0.0,,
2026-07-26 05:15:00+03:00,15,M,False,,,,,,,
2026-07-26 05:15:00+03:00,15,V,True,12.444029850746269,1.0,0.0,0.0,0.0,,
2026-07-26 05:20:00+03:00,15,A,True,12.444029850746269,1.0,0.0,0.0,0.0,,
2026-07-26 05:20:00+03:00,15,M,False,,,,,,,
2026-07-26 05:20:00+03:00,15,V,True,12.444029850746269,1.0,0.0,0.0,0.0,,
2026-07-26 05:25:00+03:00,15,A,True,12.444029850746269,1.0,0.0,0.0,0.0,,
2026-07-26 05:25:00+03:00,15,M,False,,,,,,,
2026-07-26 05:25:00+03:00,15,V,True,12.444029850746269,1.0,0.0,0.0,0.0,,
2026-07-26 05:30:00+03:00,15,A,True,12.444029850746269,1.0,0.0,0.0,0.0,,
2026-07-26 05:30:00+03:00,15,M,False,,,,,,,
2026-07-26 05:30:00+03:00,15,V,True,12.444029850746269,1.0,0.0,0.0,0.0,,
2026-07-26 05:35:00+03:00,15,A,True,12.444029850746269,1.0,0.0,0.0,0.0,,
2026-07-26 05:35:00+03:00,15,M,False,,,,,,,
2026-07-26 05:35:00+03:00,15,V,True,12.444029850746269,1.0,0.0,0.0,0.0,,
2026-07-26 05:40:00+03:00,15,A,True,12.444029850746269,1.0,0.0,0.0,0.0,,
2026-07-26 05:40:00+03:00,15,M,False,,,,,,,
2026-07-26 05:40:00+03:00,15,V,True,12.444029850746269,1.0,0.0,0.0,0.0,,
2026-07-26 05:45:00+03:00,15,A,True,12.444029850746269,1.0,0.0,0.0,0.0,,
2026-07-26 05:45:00+03:00,15,M,False,,,,,,,
2026-07-26 05:45:00+03:00,15,V,True,12.444029850746269,1.0,0.0,0.0,0.0,,
2026-07-26 05:50:00+03:00,15,A,True,12.444029850746269,1.0,0.0,0.0,0.0,,
2026-07-26 05:50:00+03:00,15,M,False,,,,,,,
2026-07-26 05:50:00+03:00,15,V,True,12.444029850746269,1.0,0.0,0.0,0.0,,
2026-07-26 05:55:00+03:00,15,A,True,12.444029850746269,1.0,0.0,0.0,0.0,,
2026-07-26 05:55:00+03:00,15,M,False,,,,,,,
2026-07-26 05:55:00+03:00,15,V,True,12.444029850746269,1.0,0.0,0.0,0.0,,
2026-07-26 06:00:00+03:00,15,A,True,12.444029850746269,1.0,0.0,0.0,0.0,,
2026-07-26 06:00:00+03:00,15,M,False,,,,,,,
2026-07-26 06:00:00+03:00,15,V,True,12.444029850746269,1.0,0.0,0.0,0.0,,
2026-07-26 06:05:00+03:00,15,A,True,12.444029850746269,1.0,0.0,0.0,0.0,,
2026-07-26 06:05:00+03:00,15,M,False,,,,,,,
2026-07-26 06:05:00+03:00,15,V,True,12.444029850746269,1.0,0.0,0.0,0.0,,
2026-07-26 06:10:00+03:00,15,A,True,12.444029850746269,1.0,0.0,0.0,0.0,,
2026-07-26 06:10:00+03:00,15,M,False,,,,,,,
2026-07-26 06:10:00+03:00,15,V,True,12.444029850746269,1.0,0.0,0.0,0.0,,
2026-07-26 06:15:00+03:00,15,A,True,12.444029850746269,1.0,0.0,0.0,0.0,,
2026-07-26 06:15:00+03:00,15,M,False,,,,,,,
2026-07-26 06:15:00+03:00,15,V,True,12.444029850746269,1.0,0.0,0.0,0.0,,
2026-07-26 06:20:00+03:00,15,A,True,12.444029850746269,1.0,0.0,0.0,0.0,,
2026-07-26 06:20:00+03:00,15,M,False,,,,,,,
2026-07-26 06:20:00+03:00,15,V,True,12.444029850746269,1.0,0.0,0.0,0.0,,
2026-07-26 06:25:00+03:00,15,A,True,12.444029850746269,1.0,0.0,0.0,0.0,,
2026-07-26 06:25:00+03:00,15,M,False,,,,,,,
2026-07-26 06:25:00+03:00,15,V,True,12.444029850746269,1.0,0.0,0.0,0.0,,
2026-07-26 06:30:00+03:00,15,A,True,12.444029850746269,1.0,0.0,0.0,0.0,,
2026-07-26 06:30:00+03:00,15,M,False,,,,,,,
2026-07-26 06:30:00+03:00,15,V,True,12.444029850746269,1.0,0.0,0.0,0.0,,
2026-07-26 06:35:00+03:00,15,A,True,12.444029850746269,1.0,0.0,0.0,0.0,,
2026-07-26 06:35:00+03:00,15,M,False,,,,,,,
2026-07-26 06:35:00+03:00,15,V,True,12.444029850746269,1.0,0.0,0.0,0.0,,
2026-07-26 06:40:00+03:00,15,A,True,12.444029850746269,1.0,0.0,0.0,0.0,,
2026-07-26 06:40:00+03:00,15,M,False,,,,,,,
2026-07-26 06:40:00+03:00,15,V,True,12.444029850746269,1.0,0.0,0.0,0.0,,
2026-07-26 06:45:00+03:00,15,A,True,12.444029850746269,1.0,0.0,0.0,0.0,,
2026-07-26 06:45:00+03:00,15,M,False,,,,,,,
2026-07-26 06:45:00+03:00,15,V,True,12.444029850746269,1.0,0.0,0.0,0.0,,
2026-07-26 06:50:00+03:00,15,A,True,12.444029850746269,1.0,0.0,0.0,0.0,,
2026-07-26 06:50:00+03:00,15,M,False,,,,,,,
2026-07-26 06:50:00+03:00,15,V,True,12.444029850746269,1.0,0.0,0.0,0.0,,
2026-07-26 06:55:00+03:00,15,A,True,12.444029850746269,1.0,0.0,0.0,0.0,,
2026-07-26 06:55:00+03:00,15,M,False,,,,,,,
2026-07-26 06:55:00+03:00,15,V,True,12.444029850746269,1.0,0.0,0.0,0.0,,
2026-07-26 07:00:00+03:00,15,A,True,12.444029850746269,1.0,0.0,0.0,0.0,,
2026-07-26 07:00:00+03:00,15,M,False,,,,,,,
2026-07-26 07:00:00+03:00,15,V,True,12.444029850746269,1.0,0.0,0.0,0.0,,
2026-07-26 07:05:00+03:00,15,A,True,12.444029850746269,1.0,0.0,0.0,0.0,,
2026-07-26 07:05:00+03:00,15,M,False,,,,,,,
2026-07-26 07:05:00+03:00,15,V,True,12.444029850746269,1.0,0.0,0.0,0.0,,
2026-07-26 07:10:00+03:00,15,A,True,12.444029850746269,1.0,0.0,0.0,0.0,,
2026-07-26 07:10:00+03:00,15,M,False,,,,,,,
2026-07-26 07:10:00+03:00,15,V,True,12.444029850746269,1.0,0.0,0.0,0.0,,
2026-07-26 07:15:00+03:00,15,A,True,12.444029850746269,1.0,0.0,0.0,0.0,,
2026-07-26 07:15:00+03:00,15,M,False,,,,,,,
2026-07-26 07:15:00+03:00,15,V,True,12.444029850746269,1.0,0.0,0.0,0.0,,
2026-07-26 07:20:00+03:00,15,A,True,12.444029850746269,1.0,0.0,0.0,0.0,,
2026-07-26 07:20:00+03:00,15,M,False,,,,,,,
2026-07-26 07:20:00+03:00,15,V,True,12.444029850746269,1.0,0.0,0.0,0.0,,
2026-07-26 07:25:00+03:00,15,A,True,12.444029850746269,1.0,0.0,0.0,0.0,,
2026-07-26 07:25:00+03:00,15,M,False,,,,,,,
2026-07-26 07:25:00+03:00,15,V,True,12.444029850746269,1.0,0.0,0.0,0.0,,
2026-07-26 07:30:00+03:00,15,A,True,12.444029850746269,1.0,0.0,0.0,0.0,,
2026-07-26 07:30:00+03:00,15,M,False,,,,,,,
2026-07-26 07:30:00+03:00,15,V,True,12.444029850746269,1.0,0.0,0.0,0.0,,
2026-07-26 07:35:00+03:00,15,A,True,12.444029850746269,1.0,0.0,0.0,0.0,,
2026-07-26 07:35:00+03:00,15,M,False,,,,,,,
2026-07-26 07:35:00+03:00,15,V,True,12.444029850746269,1.0,0.0,0.0,0.0,,
2026-07-26 07:40:00+03:00,15,A,True,12.444029850746269,1.0,0.0,0.0,0.0,,
2026-07-26 07:40:00+03:00,15,M,False,,,,,,,
2026-07-26 07:40:00+03:00,15,V,True,12.444029850746269,1.0,0.0,0.0,0.0,,
2026-07-26 07:45:00+03:00,15,A,True,12.444029850746269,1.0,0.0,0.0,0.0,,
2026-07-26 07:45:00+03:00,15,M,False,,,,,,,
2026-07-26 07:45:00+03:00,15,V,True,12.444029850746269,1.0,0.0,0.0,0.0,,
2026-07-26 07:50:00+03:00,15,A,True,12.444029850746269,1.0,0.0,0.0,0.0,,
2026-07-26 07:50:00+03:00,15,M,False,,,,,,,
2026-07-26 07:50:00+03:00,15,V,True,12.444029850746269,1.0,0.0,0.0,0.0,,
2026-07-26 07:55:00+03:00,15,A,True,12.444029850746269,1.0,0.0,0.0,0.0,,
2026-07-26 07:55:00+03:00,15,M,False,,,,,,,
2026-07-26 07:55:00+03:00,15,V,True,12.444029850746269,1.0,0.0,0.0,0.0,,
2026-07-26 08:00:00+03:00,15,A,True,12.444029850746269,1.0,0.0,0.0,0.0,,
2026-07-26 08:00:00+03:00,15,M,False,,,,,,,
2026-07-26 08:00:00+03:00,15,V,True,12.444029850746269,1.0,0.0,0.0,0.0,,
2026-07-26 08:05:00+03:00,15,A,True,12.444029850746269,1.0,0.0,0.0,0.0,,
2026-07-26 08:05:00+03:00,15,M,False,,,,,,,
2026-07-26 08:05:00+03:00,15,V,True,12.444029850746269,1.0,0.0,0.0,0.0,,
2026-07-26 08:10:00+03:00,15,A,True,12.444029850746269,1.0,0.0,0.0,0.0,,
2026-07-26 08:10:00+03:00,15,M,False,,,,,,,
2026-07-26 08:10:00+03:00,15,V,True,12.444029850746269,1.0,0.0,0.0,0.0,,
2026-07-26 08:15:00+03:00,15,A,True,12.444029850746269,1.0,0.0,0.0,0.0,,
2026-07-26 08:15:00+03:00,15,M,False,,,,,,,
2026-07-26 08:15:00+03:00,15,V,True,12.444029850746269,1.0,0.0,0.0,0.0,,
2026-07-26 08:20:00+03:00,15,A,True,12.444029850746269,1.0,0.0,0.0,0.0,,
2026-07-26 08:20:00+03:00,15,M,False,,,,,,,
2026-07-26 08:20:00+03:00,15,V,True,12.444029850746269,1.0,0.0,0.0,0.0,,
2026-07-26 08:25:00+03:00,15,A,True,12.444029850746269,1.0,0.0,0.0,0.0,,
2026-07-26 08:25:00+03:00,15,M,False,,,,,,,
2026-07-26 08:25:00+03:00,15,V,True,12.444029850746269,1.0,0.0,0.0,0.0,,
2026-07-26 08:30:00+03:00,15,A,True,12.444029850746269,1.0,0.0,0.0,0.0,,
2026-07-26 08:30:00+03:00,15,M,False,,,,,,,
2026-07-26 08:30:00+03:00,15,V,True,12.444029850746269,1.0,0.0,0.0,0.0,,
2026-07-26 08:35:00+03:00,15,A,True,12.444029850746269,1.0,0.0,0.0,0.0,,
2026-07-26 08:35:00+03:00,15,M,False,,,,,,,
2026-07-26 08:35:00+03:00,15,V,True,12.444029850746269,1.0,0.0,0.0,0.0,,
2026-07-26 08:40:00+03:00,15,A,True,12.444029850746269,1.0,0.0,0.0,0.0,,
2026-07-26 08:40:00+03:00,15,M,False,,,,,,,
2026-07-26 08:40:00+03:00,15,V,True,12.444029850746269,1.0,0.0,0.0,0.0,,
2026-07-26 08:45:00+03:00,15,A,True,12.444029850746269,1.0,0.0,0.0,0.0,,
2026-07-26 08:45:00+03:00,15,M,False,,,,,,,
2026-07-26 08:45:00+03:00,15,V,True,12.444029850746269,1.0,0.0,0.0,0.0,,
2026-07-26 08:50:00+03:00,15,A,True,12.444029850746269,1.0,0.0,0.0,0.0,,
2026-07-26 08:50:00+03:00,15,M,False,,,,,,,
2026-07-26 08:50:00+03:00,15,V,True,12.444029850746269,1.0,0.0,0.0,0.0,,
2026-07-26 08:55:00+03:00,15,A,True,12.444029850746269,1.0,0.0,0.0,0.0,,
2026-07-26 08:55:00+03:00,15,M,False,,,,,,,
2026-07-26 08:55:00+03:00,15,V,True,12.444029850746269,1.0,0.0,0.0,0.0,,
2026-07-26 09:00:00+03:00,15,A,True,12.444029850746269,1.0,0.0,0.0,0.0,,
2026-07-26 09:00:00+03:00,15,M,False,,,,,,,
2026-07-26 09:00:00+03:00,15,V,True,12.444029850746269,1.0,0.0,0.0,0.0,,
2026-07-26 09:05:00+03:00,15,A,True,12.444029850746269,1.0,0.0,0.0,0.0,,
2026-07-26 09:05:00+03:00,15,M,False,,,,,,,
2026-07-26 09:05:00+03:00,15,V,True,12.444029850746269,1.0,0.0,0.0,0.0,,
2026-07-26 09:10:00+03:00,15,A,True,12.444029850746269,1.0,0.0,0.0,0.0,,
2026-07-26 09:10:00+03:00,15,M,False,,,,,,,
2026-07-26 09:10:00+03:00,15,V,True,12.444029850746269,1.0,0.0,0.0,0.0,,
2026-07-26 09:15:00+03:00,15,A,True,12.444029850746269,1.0,0.0,0.0,0.0,,
2026-07-26 09:15:00+03:00,15,M,False,,,,,,,
2026-07-26 09:15:00+03:00,15,V,True,12.444029850746269,1.0,0.0,0.0,0.0,,
2026-07-26 09:20:00+03:00,15,A,True,12.444029850746269,1.0,0.0,0.0,0.0,,
2026-07-26 09:20:00+03:00,15,M,False,,,,,,,
2026-07-26 09:20:00+03:00,15,V,True,12.444029850746269,1.0,0.0,0.0,0.0,,
2026-07-26 09:25:00+03:00,15,A,True,12.444029850746269,1.0,0.0,0.0,0.0,,
2026-07-26 09:25:00+03:00,15,M,False,,,,,,,
2026-07-26 09:25:00+03:00,15,V,True,12.444029850746269,1.0,0.0,0.0,0.0,,
2026-07-26 09:30:00+03:00,15,A,True,12.444029850746269,1.0,0.0,0.0,0.0,,
2026-07-26 09:30:00+03:00,15,M,False,,,,,,,
2026-07-26 09:30:00+03:00,15,V,True,12.444029850746269,1.0,0.0,0.0,0.0,,
2026-07-26 09:35:00+03:00,15,A,True,12.444029850746269,1.0,0.0,0.0,0.0,,
2026-07-26 09:35:00+03:00,15,M,False,,,,,,,
2026-07-26 09:35:00+03:00,15,V,True,12.444029850746269,1.0,0.0,0.0,0.0,,
2026-07-26 09:40:00+03:00,15,A,True,12.444029850746269,1.0,0.0,0.0,0.0,,
2026-07-26 09:40:00+03:00,15,M,False,,,,,,,
2026-07-26 09:40:00+03:00,15,V,True,12.444029850746269,1.0,0.0,0.0,0.0,,
2026-07-26 09:45:00+03:00,15,A,True,12.444029850746269,1.0,0.0,0.0,0.0,,
2026-07-26 09:45:00+03:00,15,M,False,,,,,,,
2026-07-26 09:45:00+03:00,15,V,True,12.444029850746269,1.0,0.0,0.0,0.0,,
2026-07-26 09:50:00+03:00,15,A,True,12.444029850746269,1.0,0.0,0.0,0.0,,
2026-07-26 09:50:00+03:00,15,M,False,,,,,,,
2026-07-26 09:50:00+03:00,15,V,True,12.444029850746269,1.0,0.0,0.0,0.0,,
2026-07-26 09:55:00+03:00,15,A,True,12.444029850746269,1.0,0.0,0.0,0.0,,
2026-07-26 09:55:00+03:00,15,M,False,,,,,,,
2026-07-26 09:55:00+03:00,15,V,True,12.444029850746269,1.0,0.0,0.0,0.0,,
2026-07-26 10:00:00+03:00,15,A,True,12.444029850746269,1.0,0.0,0.0,0.0,,
2026-07-26 10:00:00+03:00,15,M,False,,,,,,,
2026-07-26 10:00:00+03:00,15,V,True,12.444029850746269,1.0,0.0,0.0,0.0,,
2026-07-26 10:05:00+03:00,15,A,True,12.444029850746269,1.0,0.0,0.0,0.0,,
2026-07-26 10:05:00+03:00,15,M,False,,,,,,,
2026-07-26 10:05:00+03:00,15,V,True,12.444029850746269,1.0,0.0,0.0,0.0,,
2026-07-26 10:10:00+03:00,15,A,True,12.444029850746269,1.0,0.0,0.0,0.0,,
2026-07-26 10:10:00+03:00,15,M,False,,,,,,,
2026-07-26 10:10:00+03:00,15,V,True,12.444029850746269,1.0,0.0,0.0,0.0,,
2026-07-26 10:15:00+03:00,15,A,True,12.444029850746269,1.0,0.0,0.0,0.0,,
2026-07-26 10:15:00+03:00,15,M,False,,,,,,,
2026-07-26 10:15:00+03:00,15,V,True,12.444029850746269,1.0,0.0,0.0,0.0,,
2026-07-26 10:20:00+03:00,15,A,True,12.444029850746269,1.0,0.0,0.0,0.0,,
2026-07-26 10:20:00+03:00,15,M,False,,,,,,,
2026-07-26 10:20:00+03:00,15,V,True,12.444029850746269,1.0,0.0,0.0,0.0,,
2026-07-26 10:25:00+03:00,15,A,True,12.444029850746269,1.0,0.0,0.0,0.0,,
2026-07-26 10:25:00+03:00,15,M,False,,,,,,,
2026-07-26 10:25:00+03:00,15,V,True,12.444029850746269,1.0,0.0,0.0,0.0,,
2026-07-26 10:30:00+03:00,15,A,True,12.444029850746269,1.0,0.0,0.0,0.0,,
2026-07-26 10:30:00+03:00,15,M,False,,,,,,,
2026-07-26 10:30:00+03:00,15,V,True,12.444029850746269,1.0,0.0,0.0,0.0,,
2026-07-26 10:35:00+03:00,15,A,True,12.444029850746269,1.0,0.0,0.0,0.0,,
2026-07-26 10:35:00+03:00,15,M,False,,,,,,,
2026-07-26 10:35:00+03:00,15,V,True,12.444029850746269,1.0,0.0,0.0,0.0,,
2026-07-26 10:40:00+03:00,15,A,True,12.444029850746269,1.0,0.0,0.0,0.0,,
2026-07-26 10:40:00+03:00,15,M,False,,,,,,,
2026-07-26 10:40:00+03:00,15,V,True,12.444029850746269,1.0,0.0,0.0,0.0,,
2026-07-26 10:45:00+03:00,15,A,True,12.444029850746269,1.0,0.0,0.0,0.0,,
2026-07-26 10:45:00+03:00,15,M,False,,,,,,,
2026-07-26 10:45:00+03:00,15,V,True,12.444029850746269,1.0,0.0,0.0,0.0,,
2026-07-26 10:50:00+03:00,15,A,True,12.444029850746269,1.0,0.0,0.0,0.0,,
2026-07-26 10:50:00+03:00,15,M,False,,,,,,,
2026-07-26 10:50:00+03:00,15,V,True,12.444029850746269,1.0,0.0,0.0,0.0,,
2026-07-26 10:55:00+03:00,15,A,True,12.444029850746269,1.0,0.0,0.0,0.0,,
2026-07-26 10:55:00+03:00,15,M,False,,,,,,,
2026-07-26 10:55:00+03:00,15,V,True,12.444029850746269,1.0,0.0,0.0,0.0,,
2026-07-26 11:00:00+03:00,15,A,True,12.444029850746269,1.0,0.0,0.0,0.0,,
2026-07-26 11:00:00+03:00,15,M,False,,,,,,,
2026-07-26 11:00:00+03:00,15,V,True,12.444029850746269,1.0,0.0,0.0,0.0,,
2026-07-26 11:05:00+03:00,15,A,True,12.444029850746269,1.0,0.0,0.0,0.0,,
2026-07-26 11:05:00+03:00,15,M,False,,,,,,,
2026-07-26 11:05:00+03:00,15,V,True,12.444029850746269,1.0,0.0,0.0,0.0,,
2026-07-26 11:10:00+03:00,15,A,True,12.444029850746269,1.0,0.0,0.0,0.0,,
2026-07-26 11:10:00+03:00,15,M,False,,,,,,,
2026-07-26 11:10:00+03:00,15,V,True,12.444029850746269,1.0,0.0,0.0,0.0,,
2026-07-26 11:15:00+03:00,15,A,True,12.444029850746269,1.0,0.0,0.0,0.0,,
2026-07-26 11:15:00+03:00,15,M,False,,,,,,,
2026-07-26 11:15:00+03:00,15,V,True,12.444029850746269,1.0,0.0,0.0,0.0,,
2026-07-26 11:20:00+03:00,15,A,True,12.444029850746269,1.0,0.0,0.0,0.0,,
2026-07-26 11:20:00+03:00,15,M,False,,,,,,,
2026-07-26 11:20:00+03:00,15,V,True,12.444029850746269,1.0,0.0,0.0,0.0,,
2026-07-26 11:25:00+03:00,15,A,True,12.444029850746269,1.0,0.0,0.0,0.0,,
2026-07-26 11:25:00+03:00,15,M,False,,,,,,,
2026-07-26 11:25:00+03:00,15,V,True,12.444029850746269,1.0,0.0,0.0,0.0,,
2026-07-26 11:30:00+03:00,15,A,True,12.444029850746269,1.0,0.0,0.0,0.0,,
2026-07-26 11:30:00+03:00,15,M,False,,,,,,,
2026-07-26 11:30:00+03:00,15,V,True,12.444029850746269,1.0,0.0,0.0,0.0,,
2026-07-26 11:35:00+03:00,15,A,True,12.444029850746269,1.0,0.0,0.0,0.0,,
2026-07-26 11:35:00+03:00,15,M,False,,,,,,,
2026-07-26 11:35:00+03:00,15,V,True,12.444029850746269,1.0,0.0,0.0,0.0,,
2026-07-26 11:40:00+03:00,15,A,True,12.444029850746269,1.0,0.0,0.0,0.0,,
2026-07-26 11:40:00+03:00,15,M,False,,,,,,,
2026-07-26 11:40:00+03:00,15,V,True,12.444029850746269,1.0,0.0,0.0,0.0,,
2026-07-26 11:45:00+03:00,15,A,True,12.444029850746269,1.0,0.0,0.0,0.0,,
2026-07-26 11:45:00+03:00,15,M,False,,,,,,,
2026-07-26 11:45:00+03:00,15,V,True,12.444029850746269,1.0,0.0,0.0,0.0,,
2026-07-26 11:50:00+03:00,15,A,True,12.444029850746269,1.0,0.0,0.0,0.0,,
2026-07-26 11:50:00+03:00,15,M,False,,,,,,,
2026-07-26 11:50:00+03:00,15,V,True,12.444029850746269,1.0,0.0,0.0,0.0,,
2026-07-26 11:55:00+03:00,15,A,True,12.444029850746269,1.0,0.0,0.0,0.0,,
2026-07-26 11:55:00+03:00,15,M,False,,,,,,,
2026-07-26 11:55:00+03:00,15,V,True,12.444029850746269,1.0,0.0,0.0,0.0,,
2026-07-26 12:00:00+03:00,15,A,True,12.444029850746269,1.0,0.0,0.0,0.0,,
2026-07-26 12:00:00+03:00,15,M,False,,,,,,,
2026-07-26 12:00:00+03:00,15,V,True,12.444029850746269,1.0,0.0,0.0,0.0,,
2026-07-26 12:05:00+03:00,15,A,True,12.444029850746269,1.0,0.0,0.0,0.0,,
2026-07-26 12:05:00+03:00,15,M,False,,,,,,,
2026-07-26 12:05:00+03:00,15,V,True,12.444029850746269,1.0,0.0,0.0,0.0,,
2026-07-26 12:10:00+03:00,15,A,True,12.444029850746269,1.0,0.0,0.0,0.0,,
2026-07-26 12:10:00+03:00,15,M,False,,,,,,,
2026-07-26 12:10:00+03:00,15,V,True,12.444029850746269,1.0,0.0,0.0,0.0,,
2026-07-26 12:15:00+03:00,15,A,True,12.444029850746269,1.0,0.0,0.0,0.0,,
2026-07-26 12:15:00+03:00,15,M,False,,,,,,,
2026-07-26 12:15:00+03:00,15,V,True,12.444029850746269,1.0,0.0,0.0,0.0,,
2026-07-26 12:20:00+03:00,15,A,True,12.444029850746269,1.0,0.0,0.0,0.0,,
2026-07-26 12:20:00+03:00,15,M,False,,,,,,,
2026-07-26 12:20:00+03:00,15,V,True,12.444029850746269,1.0,0.0,0.0,0.0,,
2026-07-26 12:25:00+03:00,15,A,True,12.444029850746269,1.0,0.0,0.0,0.0,,
2026-07-26 12:25:00+03:00,15,M,False,,,,,,,
2026-07-26 12:25:00+03:00,15,V,True,12.444029850746269,1.0,0.0,0.0,0.0,,
2026-07-26 12:30:00+03:00,15,A,True,12.444029850746269,1.0,0.0,0.0,0.0,,
2026-07-26 12:30:00+03:00,15,M,False,,,,,,,
2026-07-26 12:30:00+03:00,15,V,True,12.444029850746269,1.0,0.0,0.0,0.0,,
2026-07-26 12:35:00+03:00,15,A,True,12.444029850746269,1.0,0.0,0.0,0.0,,
2026-07-26 12:35:00+03:00,15,M,False,,,,,,,
2026-07-26 12:35:00+03:00,15,V,True,12.444029850746269,1.0,0.0,0.0,0.0,,
2026-07-26 12:40:00+03:00,15,A,True,12.444029850746269,1.0,0.0,0.0,0.0,,
2026-07-26 12:40:00+03:00,15,M,False,,,,,,,
2026-07-26 12:40:00+03:00,15,V,True,12.444029850746269,1.0,0.0,0.0,0.0,,
2026-07-26 12:45:00+03:00,15,A,True,12.444029850746269,1.0,0.0,0.0,0.0,,
2026-07-26 12:45:00+03:00,15,M,False,,,,,,,
2026-07-26 12:45:00+03:00,15,V,True,12.444029850746269,1.0,0.0,0.0,0.0,,
2026-07-26 12:50:00+03:00,15,A,True,12.444029850746269,1.0,0.0,0.0,0.0,,
2026-07-26 12:50:00+03:00,15,M,False,,,,,,,
2026-07-26 12:50:00+03:00,15,V,True,12.444029850746269,1.0,0.0,0.0,0.0,,
2026-07-26 12:55:00+03:00,15,A,True,12.444029850746269,1.0,0.0,0.0,0.0,,
2026-07-26 12:55:00+03:00,15,M,False,,,,,,,
2026-07-26 12:55:00+03:00,15,V,True,12.444029850746269,1.0,0.0,0.0,0.0,,
2026-07-26 13:00:00+03:00,15,A,True,12.444029850746269,1.0,0.0,0.0,0.0,,
2026-07-26 13:00:00+03:00,15,M,False,,,,,,,
2026-07-26 13:00:00+03:00,15,V,True,12.444029850746269,1.0,0.0,0.0,0.0,,
2026-07-26 13:05:00+03:00,15,A,True,12.444029850746269,1.0,0.0,0.0,0.0,,
2026-07-26 13:05:00+03:00,15,M,False,,,,,,,
2026-07-26 13:05:00+03:00,15,V,True,12.444029850746269,1.0,0.0,0.0,0.0,,
2026-07-26 13:10:00+03:00,15,A,True,12.444029850746269,1.0,0.0,0.0,0.0,,
2026-07-26 13:10:00+03:00,15,M,False,,,,,,,
2026-07-26 13:10:00+03:00,15,V,True,12.444029850746269,1.0,0.0,0.0,0.0,,
2026-07-26 13:15:00+03:00,15,A,True,12.444029850746269,1.0,0.0,0.0,0.0,,
2026-07-26 13:15:00+03:00,15,M,False,,,,,,,
2026-07-26 13:15:00+03:00,15,V,True,12.444029850746269,1.0,0.0,0.0,0.0,,
2026-07-26 13:20:00+03:00,15,A,True,12.444029850746269,1.0,0.0,0.0,0.0,,
2026-07-26 13:20:00+03:00,15,M,False,,,,,,,
2026-07-26 13:20:00+03:00,15,V,True,12.444029850746269,1.0,0.0,0.0,0.0,,
2026-07-26 13:25:00+03:00,15,A,True,12.444029850746269,1.0,0.0,0.0,0.0,,
2026-07-26 13:25:00+03:00,15,M,False,,,,,,,
2026-07-26 13:25:00+03:00,15,V,True,12.444029850746269,1.0,0.0,0.0,0.0,,
2026-07-26 13:30:00+03:00,15,A,True,12.444029850746269,1.0,0.0,0.0,0.0,,
2026-07-26 13:30:00+03:00,15,M,False,,,,,,,
2026-07-26 13:30:00+03:00,15,V,True,12.444029850746269,1.0,0.0,0.0,0.0,,
2026-07-26 13:35:00+03:00,15,A,True,12.444029850746269,1.0,0.0,0.0,0.0,,
2026-07-26 13:35:00+03:00,15,M,False,,,,,,,
2026-07-26 13:35:00+03:00,15,V,True,12.444029850746269,1.0,0.0,0.0,0.0,,
2026-07-26 13:40:00+03:00,15,A,True,12.444029850746269,1.0,0.0,0.0,0.0,,
2026-07-26 13:40:00+03:00,15,M,False,,,,,,,
2026-07-26 13:40:00+03:00,15,V,True,12.444029850746269,1.0,0.0,0.0,0.0,,
2026-07-26 13:45:00+03:00,15,A,True,12.444029850746269,1.0,0.0,0.0,0.0,,
2026-07-26 13:45:00+03:00,15,M,False,,,,,,,
2026-07-26 13:45:00+03:00,15,V,True,12.444029850746269,1.0,0.0,0.0,0.0,,
2026-07-26 13:50:00+03:00,15,A,True,12.444029850746269,1.0,0.0,0.0,0.0,,
2026-07-26 13:50:00+03:00,15,M,False,,,,,,,
2026-07-26 13:50:00+03:00,15,V,True,12.444029850746269,1.0,0.0,0.0,0.0,,
2026-07-26 13:55:00+03:00,15,A,True,12.444029850746269,1.0,0.0,0.0,0.0,,
2026-07-26 13:55:00+03:00,15,M,False,,,,,,,
2026-07-26 13:55:00+03:00,15,V,True,12.444029850746269,1.0,0.0,0.0,0.0,,
2026-07-26 14:00:00+03:00,15,A,True,12.444029850746269,1.0,0.0,0.0,0.0,,
2026-07-26 14:00:00+03:00,15,M,False,,,,,,,
2026-07-26 14:00:00+03:00,15,V,True,12.444029850746269,1.0,0.0,0.0,0.0,,
2026-07-26 14:05:00+03:00,15,A,True,12.444029850746269,1.0,0.0,0.0,0.0,,
2026-07-26 14:05:00+03:00,15,M,False,,,,,,,
2026-07-26 14:05:00+03:00,15,V,True,12.444029850746269,1.0,0.0,0.0,0.0,,
2026-07-26 14:10:00+03:00,15,A,True,12.444029850746269,1.0,0.0,0.0,0.0,,
2026-07-26 14:10:00+03:00,15,M,False,,,,,,,
2026-07-26 14:10:00+03:00,15,V,True,12.444029850746269,1.0,0.0,0.0,0.0,,
2026-07-26 14:15:00+03:00,15,A,True,12.444029850746269,1.0,0.0,0.0,0.0,,
2026-07-26 14:15:00+03:00,15,M,False,,,,,,,
2026-07-26 14:15:00+03:00,15,V,True,12.444029850746269,1.0,0.0,0.0,0.0,,
2026-07-26 14:20:00+03:00,15,A,True,12.444029850746269,1.0,0.0,0.0,0.0,,
2026-07-26 14:20:00+03:00,15,M,False,,,,,,,
2026-07-26 14:20:00+03:00,15,V,True,12.444029850746269,1.0,0.0,0.0,0.0,,
2026-07-26 14:25:00+03:00,15,A,True,12.444029850746269,1.0,0.0,0.0,0.0,,
2026-07-26 14:25:00+03:00,15,M,False,,,,,,,
2026-07-26 14:25:00+03:00,15,V,True,12.444029850746269,1.0,0.0,0.0,0.0,,
2026-07-26 14:30:00+03:00,15,A,True,12.444029850746269,1.0,0.0,0.0,0.0,,
2026-07-26 14:30:00+03:00,15,M,False,,,,,,,
2026-07-26 14:30:00+03:00,15,V,True,12.444029850746269,1.0,0.0,0.0,0.0,,
2026-07-26 14:35:00+03:00,15,A,True,12.444029850746269,1.0,0.0,0.0,0.0,,
2026-07-26 14:35:00+03:00,15,M,False,,,,,,,
2026-07-26 14:35:00+03:00,15,V,True,12.444029850746269,1.0,0.0,0.0,0.0,,
2026-07-26 14:40:00+03:00,15,A,True,12.444029850746269,1.0,0.0,0.0,0.0,,
2026-07-26 14:40:00+03:00,15,M,False,,,,,,,
2026-07-26 14:40:00+03:00,15,V,True,12.444029850746269,1.0,0.0,0.0,0.0,,
2026-07-26 14:45:00+03:00,15,A,True,12.444029850746269,1.0,0.0,0.0,0.0,,
2026-07-26 14:45:00+03:00,15,M,False,,,,,,,
2026-07-26 14:45:00+03:00,15,V,True,12.444029850746269,1.0,0.0,0.0,0.0,,
2026-07-26 14:50:00+03:00,15,A,True,12.444029850746269,1.0,0.0,0.0,0.0,,
2026-07-26 14:50:00+03:00,15,M,False,,,,,,,
2026-07-26 14:50:00+03:00,15,V,True,12.444029850746269,1.0,0.0,0.0,0.0,,
2026-07-26 14:55:00+03:00,15,A,True,12.444029850746269,1.0,0.0,0.0,0.0,,
2026-07-26 14:55:00+03:00,15,M,False,,,,,,,
2026-07-26 14:55:00+03:00,15,V,True,12.444029850746269,1.0,0.0,0.0,0.0,,
2026-07-26 15:00:00+03:00,15,A,True,12.444029850746269,1.0,0.0,0.0,0.0,,
2026-07-26 15:00:00+03:00,15,M,False,,,,,,,
2026-07-26 15:00:00+03:00,15,V,True,12.444029850746269,1.0,0.0,0.0,0.0,,
2026-07-26 15:05:00+03:00,15,A,True,12.444029850746269,1.0,0.0,0.0,0.0,,
2026-07-26 15:05:00+03:00,15,M,False,,,,,,,
2026-07-26 15:05:00+03:00,15,V,True,12.444029850746269,1.0,0.0,0.0,0.0,,
2026-07-26 15:10:00+03:00,15,A,True,12.444029850746269,1.0,0.0,0.0,0.0,,
2026-07-26 15:10:00+03:00,15,M,False,,,,,,,
2026-07-26 15:10:00+03:00,15,V,True,12.444029850746269,1.0,0.0,0.0,0.0,,
2026-07-26 15:15:00+03:00,15,A,True,12.444029850746269,1.0,0.0,0.0,0.0,,
2026-07-26 15:15:00+03:00,15,M,False,,,,,,,
2026-07-26 15:15:00+03:00,15,V,True,12.444029850746269,1.0,0.0,0.0,0.0,,
2026-07-26 15:20:00+03:00,15,A,True,12.444029850746269,1.0,0.0,0.0,0.0,,
2026-07-26 15:20:00+03:00,15,M,False,,,,,,,
2026-07-26 15:20:00+03:00,15,V,True,12.444029850746269,1.0,0.0,0.0,0.0,,
2026-07-26 15:25:00+03:00,15,A,True,12.444029850746269,1.0,0.0,0.0,0.0,,
2026-07-26 15:25:00+03:00,15,M,False,,,,,,,
2026-07-26 15:25:00+03:00,15,V,True,12.444029850746269,1.0,0.0,0.0,0.0,,
2026-07-26 15:30:00+03:00,15,A,True,12.444029850746269,1.0,0.0,0.0,0.0,,
2026-07-26 15:30:00+03:00,15,M,False,,,,,,,
2026-07-26 15:30:00+03:00,15,V,True,12.444029850746269,1.0,0.0,0.0,0.0,,
2026-07-26 15:35:00+03:00,15,A,True,12.444029850746269,1.0,0.0,0.0,0.0,,
2026-07-26 15:35:00+03:00,15,M,False,,,,,,,
2026-07-26 15:35:00+03:00,15,V,True,12.444029850746269,1.0,0.0,0.0,0.0,,
2026-07-26 15:40:00+03:00,15,A,True,12.444029850746269,1.0,0.0,0.0,0.0,,
2026-07-26 15:40:00+03:00,15,M,False,,,,,,,
2026-07-26 15:40:00+03:00,15,V,True,12.444029850746269,1.0,0.0,0.0,0.0,,
2026-07-26 15:45:00+03:00,15,A,True,12.444029850746269,1.0,0.0,0.0,0.0,,
2026-07-26 15:45:00+03:00,15,M,False,,,,,,,
2026-07-26 15:45:00+03:00,15,V,True,12.444029850746269,1.0,0.0,0.0,0.0,,
2026-07-26 15:50:00+03:00,15,A,True,12.444029850746269,1.0,0.0,0.0,0.0,,
2026-07-26 15:50:00+03:00,15,M,False,,,,,,,
2026-07-26 15:50:00+03:00,15,V,True,12.444029850746269,1.0,0.0,0.0,0.0,,
2026-07-26 15:55:00+03:00,15,A,True,12.444029850746269,1.0,0.0,0.0,0.0,,
2026-07-26 15:55:00+03:00,15,M,False,,,,,,,
2026-07-26 15:55:00+03:00,15,V,True,12.444029850746269,1.0,0.0,0.0,0.0,,
2026-07-26 16:00:00+03:00,15,A,True,12.444029850746269,1.0,0.0,0.0,0.0,,
2026-07-26 16:00:00+03:00,15,M,False,,,,,,,
2026-07-26 16:00:00+03:00,15,V,True,12.444029850746269,1.0,0.0,0.0,0.0,,
2026-07-26 16:05:00+03:00,15,A,True,12.444029850746269,1.0,0.0,0.0,0.0,,
2026-07-26 16:05:00+03:00,15,M,False,,,,,,,
2026-07-26 16:05:00+03:00,15,V,True,12.444029850746269,1.0,0.0,0.0,0.0,,
2026-07-26 16:10:00+03:00,15,A,True,12.444029850746269,1.0,0.0,0.0,0.0,,
2026-07-26 16:10:00+03:00,15,M,False,,,,,,,
2026-07-26 16:10:00+03:00,15,V,True,12.444029850746269,1.0,0.0,0.0,0.0,,
2026-07-26 16:15:00+03:00,15,A,True,12.444029850746269,1.0,0.0,0.0,0.0,,
2026-07-26 16:15:00+03:00,15,M,False,,,,,,,
2026-07-26 16:15:00+03:00,15,V,True,12.444029850746269,1.0,0.0,0.0,0.0,,
2026-07-26 16:20:00+03:00,15,A,True,12.444029850746269,1.0,0.0,0.0,0.0,,
2026-07-26 16:20:00+03:00,15,M,False,,,,,,,
2026-07-26 16:20:00+03:00,15,V,True,12.444029850746269,1.0,0.0,0.0,0.0,,
2026-07-26 16:25:00+03:00,15,A,True,12.444029850746269,1.0,0.0,0.0,0.0,,
2026-07-26 16:25:00+03:00,15,M,False,,,,,,,
2026-07-26 16:25:00+03:00,15,V,True,12.444029850746269,1.0,0.0,0.0,0.0,,
2026-07-26 16:30:00+03:00,15,A,True,12.444029850746269,1.0,0.0,0.0,0.0,,
2026-07-26 16:30:00+03:00,15,M,False,,,,,,,
2026-07-26 16:30:00+03:00,15,V,True,12.444029850746269,1.0,0.0,0.0,0.0,,
2026-07-26 16:35:00+03:00,15,A,True,12.444029850746269,1.0,0.0,0.0,0.0,,
2026-07-26 16:35:00+03:00,15,M,False,,,,,,,
2026-07-26 16:35:00+03:00,15,V,True,12.444029850746269,1.0,0.0,0.0,0.0,,
2026-07-26 16:40:00+03:00,15,A,True,12.444029850746269,1.0,0.0,0.0,0.0,,
2026-07-26 16:40:00+03:00,15,M,False,,,,,,,
2026-07-26 16:40:00+03:00,15,V,True,12.444029850746269,1.0,0.0,0.0,0.0,,
2026-07-26 16:45:00+03:00,15,A,True,12.444029850746269,1.0,0.0,0.0,0.0,,
2026-07-26 16:45:00+03:00,15,M,False,,,,,,,
2026-07-26 16:45:00+03:00,15,V,True,12.444029850746269,1.0,0.0,0.0,0.0,,
2026-07-26 16:50:00+03:00,15,A,True,12.444029850746269,1.0,0.0,0.0,0.0,,
2026-07-26 16:50:00+03:00,15,M,False,,,,,,,
2026-07-26 16:50:00+03:00,15,V,True,12.444029850746269,1.0,0.0,0.0,0.0,,
2026-07-26 16:55:00+03:00,15,A,True,12.444029850746269,1.0,0.0,0.0,0.0,,
2026-07-26 16:55:00+03:00,15,M,False,,,,,,,
2026-07-26 16:55:00+03:00,15,V,True,12.444029850746269,1.0,0.0,0.0,0.0,,
2026-07-26 17:00:00+03:00,15,A,True,12.444029850746269,1.0,0.0,0.0,0.0,,
2026-07-26 17:00:00+03:00,15,M,False,,,,,,,
2026-07-26 17:00:00+03:00,15,V,True,12.444029850746269,1.0,0.0,0.0,0.0,,
2026-07-26 17:05:00+03:00,15,A,True,12.444029850746269,1.0,0.0,0.0,0.0,,
2026-07-26 17:05:00+03:00,15,M,False,,,,,,,
2026-07-26 17:05:00+03:00,15,V,True,12.444029850746269,1.0,0.0,0.0,0.0,,
2026-07-26 17:10:00+03:00,15,A,True,12.444029850746269,1.0,0.0,0.0,0.0,,
2026-07-26 17:10:00+03:00,15,M,False,,,,,,,
2026-07-26 17:10:00+03:00,15,V,True,12.444029850746269,1.0,0.0,0.0,0.0,,
2026-07-26 17:15:00+03:00,15,A,True,12.444029850746269,1.0,0.0,0.0,0.0,,
2026-07-26 17:15:00+03:00,15,M,False,,,,,,,
2026-07-26 17:15:00+03:00,15,V,True,12.444029850746269,1.0,0.0,0.0,0.0,,
2026-07-26 17:20:00+03:00,15,A,True,12.444029850746269,1.0,0.0,0.0,0.0,,
2026-07-26 17:20:00+03:00,15,M,False,,,,,,,
2026-07-26 17:20:00+03:00,15,V,True,12.444029850746269,1.0,0.0,0.0,0.0,,
2026-07-26 17:25:00+03:00,15,A,True,12.444029850746269,1.0,0.0,0.0,0.0,,
2026-07-26 17:25:00+03:00,15,M,False,,,,,,,
2026-07-26 17:25:00+03:00,15,V,True,12.444029850746269,1.0,0.0,0.0,0.0,,
2026-07-26 17:30:00+03:00,15,A,True,12.444029850746269,1.0,0.0,0.0,0.0,,
2026-07-26 17:30:00+03:00,15,M,False,,,,,,,
2026-07-26 17:30:00+03:00,15,V,True,12.444029850746269,1.0,0.0,0.0,0.0,,
2026-07-26 17:35:00+03:00,15,A,True,12.444029850746269,1.0,0.0,0.0,0.0,,
2026-07-26 17:35:00+03:00,15,M,False,,,,,,,
2026-07-26 17:35:00+03:00,15,V,True,12.444029850746269,1.0,0.0,0.0,0.0,,
2026-07-26 17:40:00+03:00,15,A,True,12.444029850746269,1.0,0.0,0.0,0.0,,
2026-07-26 17:40:00+03:00,15,M,False,,,,,,,
2026-07-26 17:40:00+03:00,15,V,True,12.444029850746269,1.0,0.0,0.0,0.0,,
2026-07-26 17:45:00+03:00,15,A,True,12.444029850746269,1.0,0.0,0.0,0.0,,
2026-07-26 17:45:00+03:00,15,M,False,,,,,,,
2026-07-26 17:45:00+03:00,15,V,True,12.444029850746269,1.0,0.0,0.0,0.0,,
2026-07-26 17:50:00+03:00,15,A,True,12.444029850746269,1.0,0.0,0.0,0.0,,
2026-07-26 17:50:00+03:00,15,M,False,,,,,,,
2026-07-26 17:50:00+03:00,15,V,True,12.444029850746269,1.0,0.0,0.0,0.0,,
2026-07-26 17:55:00+03:00,15,A,True,12.444029850746269,1.0,0.0,0.0,0.0,,
2026-07-26 17:55:00+03:00,15,M,False,,,,,,,
2026-07-26 17:55:00+03:00,15,V,True,12.444029850746269,1.0,0.0,0.0,0.0,,
2026-07-26 18:00:00+03:00,15,A,True,12.444029850746269,1.0,0.0,0.0,0.0,,
2026-07-26 18:00:00+03:00,15,M,False,,,,,,,
2026-07-26 18:00:00+03:00,15,V,True,12.444029850746269,1.0,0.0,0.0,0.0,,
2026-07-26 18:05:00+03:00,15,A,True,12.444029850746269,1.0,0.0,0.0,0.0,,
2026-07-26 18:05:00+03:00,15,M,False,,,,,,,
2026-07-26 18:05:00+03:00,15,V,True,12.444029850746269,1.0,0.0,0.0,0.0,,
2026-07-26 18:10:00+03:00,15,A,True,12.444029850746269,1.0,0.0,0.0,0.0,,
2026-07-26 18:10:00+03:00,15,M,False,,,,,,,
2026-07-26 18:10:00+03:00,15,V,True,12.444029850746269,1.0,0.0,0.0,0.0,,
2026-07-26 18:15:00+03:00,15,A,True,12.444029850746269,1.0,0.0,0.0,0.0,,
2026-07-26 18:15:00+03:00,15,M,False,,,,,,,
2026-07-26 18:15:00+03:00,15,V,True,12.444029850746269,1.0,0.0,0.0,0.0,,
2026-07-26 18:20:00+03:00,15,A,True,12.444029850746269,1.0,0.0,0.0,0.0,,
2026-07-26 18:20:00+03:00,15,M,False,,,,,,,
2026-07-26 18:20:00+03:00,15,V,True,12.444029850746269,1.0,0.0,0.0,0.0,,
2026-07-26 18:25:00+03:00,15,A,True,12.444029850746269,1.0,0.0,0.0,0.0,,
2026-07-26 18:25:00+03:00,15,M,False,,,,,,,
2026-07-26 18:25:00+03:00,15,V,True,12.444029850746269,1.0,0.0,0.0,0.0,,
2026-07-26 18:30:00+03:00,15,A,True,12.444029850746269,1.0,0.0,0.0,0.0,,
2026-07-26 18:30:00+03:00,15,M,False,,,,,,,
2026-07-26 18:30:00+03:00,15,V,True,12.444029850746269,1.0,0.0,0.0,0.0,,
2026-07-26 18:35:00+03:00,15,A,True,12.444029850746269,1.0,0.0,0.0,0.0,,
2026-07-26 18:35:00+03:00,15,M,False,,,,,,,
2026-07-26 18:35:00+03:00,15,V,True,12.444029850746269,1.0,0.0,0.0,0.0,,
2026-07-26 18:40:00+03:00,15,A,True,12.444029850746269,1.0,0.0,0.0,0.0,,
2026-07-26 18:40:00+03:00,15,M,False,,,,,,,
2026-07-26 18:40:00+03:00,15,V,True,12.444029850746269,1.0,0.0,0.0,0.0,,
2026-07-26 18:45:00+03:00,15,A,True,12.444029850746269,1.0,0.0,0.0,0.0,,
2026-07-26 18:45:00+03:00,15,M,False,,,,,,,
2026-07-26 18:45:00+03:00,15,V,True,12.444029850746269,1.0,0.0,0.0,0.0,,
2026-07-26 18:50:00+03:00,15,A,True,12.444029850746269,1.0,0.0,0.0,0.0,,
2026-07-26 18:50:00+03:00,15,M,False,,,,,,,
2026-07-26 18:50:00+03:00,15,V,True,12.444029850746269,1.0,0.0,0.0,0.0,,
2026-07-26 18:55:00+03:00,15,A,True,12.444029850746269,1.0,0.0,0.0,0.0,,
2026-07-26 18:55:00+03:00,15,M,False,,,,,,,
2026-07-26 18:55:00+03:00,15,V,True,12.444029850746269,1.0,0.0,0.0,0.0,,
2026-07-26 19:00:00+03:00,15,A,True,12.444029850746269,1.0,0.0,0.0,0.0,,
2026-07-26 19:00:00+03:00,15,M,False,,,,,,,
2026-07-26 19:00:00+03:00,15,V,True,12.444029850746269,1.0,0.0,0.0,0.0,,
2026-07-26 19:05:00+03:00,15,A,True,12.444029850746269,1.0,0.0,0.0,0.0,,
2026-07-26 19:05:00+03:00,15,M,False,,,,,,,
2026-07-26 19:05:00+03:00,15,V,True,12.444029850746269,1.0,0.0,0.0,0.0,,
2026-07-26 19:10:00+03:00,15,A,True,12.444029850746269,1.0,0.0,0.0,0.0,,
2026-07-26 19:10:00+03:00,15,M,False,,,,,,,
2026-07-26 19:10:00+03:00,15,V,True,12.444029850746269,1.0,0.0,0.0,0.0,,
2026-07-26 19:15:00+03:00,15,A,True,12.444029850746269,1.0,0.0,0.0,0.0,,
2026-07-26 19:15:00+03:00,15,M,False,,,,,,,
2026-07-26 19:15:00+03:00,15,V,True,12.444029850746269,1.0,0.0,0.0,0.0,,
2026-07-26 19:20:00+03:00,15,A,True,12.444029850746269,1.0,0.0,0.0,0.0,,
2026-07-26 19:20:00+03:00,15,M,False,,,,,,,
2026-07-26 19:20:00+03:00,15,V,True,12.444029850746269,1.0,0.0,0.0,0.0,,
2026-07-26 19:25:00+03:00,15,A,True,12.444029850746269,1.0,0.0,0.0,0.0,,
2026-07-26 19:25:00+03:00,15,M,False,,,,,,,
2026-07-26 19:25:00+03:00,15,V,True,12.444029850746269,1.0,0.0,0.0,0.0,,
2026-07-26 19:30:00+03:00,15,A,True,12.444029850746269,1.0,0.0,0.0,0.0,,
2026-07-26 19:30:00+03:00,15,M,False,,,,,,,
2026-07-26 19:30:00+03:00,15,V,True,12.444029850746269,1.0,0.0,0.0,0.0,,
2026-07-26 19:35:00+03:00,15,A,True,12.444029850746269,1.0,0.0,0.0,0.0,,
2026-07-26 19:35:00+03:00,15,M,False,,,,,,,
2026-07-26 19:35:00+03:00,15,V,True,12.444029850746269,1.0,0.0,0.0,0.0,,
2026-07-26 19:40:00+03:00,15,A,True,12.444029850746269,1.0,0.0,0.0,0.0,,
2026-07-26 19:40:00+03:00,15,M,False,,,,,,,
2026-07-26 19:40:00+03:00,15,V,True,12.444029850746269,1.0,0.0,0.0,0.0,,
2026-07-26 19:45:00+03:00,15,A,True,12.444029850746269,1.0,0.0,0.0,0.0,,
2026-07-26 19:45:00+03:00,15,M,False,,,,,,,
2026-07-26 19:45:00+03:00,15,V,True,12.444029850746269,1.0,0.0,0.0,0.0,,
2026-07-26 19:50:00+03:00,15,A,True,12.444029850746269,1.0,0.0,0.0,0.0,,
2026-07-26 19:50:00+03:00,15,M,False,,,,,,,
2026-07-26 19:50:00+03:00,15,V,True,12.444029850746269,1.0,0.0,0.0,0.0,,
2026-07-26 19:55:00+03:00,15,A,True,12.444029850746269,1.0,0.0,0.0,0.0,,
2026-07-26 19:55:00+03:00,15,M,False,,,,,,,
2026-07-26 19:55:00+03:00,15,V,True,12.444029850746269,1.0,0.0,0.0,0.0,,
2026-07-26 20:00:00+03:00,15,A,True,12.444029850746269,1.0,0.0,0.0,0.0,,
2026-07-26 20:00:00+03:00,15,M,False,,,,,,,
2026-07-26 20:00:00+03:00,15,V,True,12.444029850746269,1.0,0.0,0.0,0.0,,
2026-07-26 20:05:00+03:00,15,A,True,12.444029850746269,1.0,0.0,0.0,0.0,,
2026-07-26 20:05:00+03:00,15,M,False,,,,,,,
2026-07-26 20:05:00+03:00,15,V,True,12.444029850746269,1.0,0.0,0.0,0.0,,
2026-07-26 20:10:00+03:00,15,A,True,12.444029850746269,1.0,0.0,0.0,0.0,,
2026-07-26 20:10:00+03:00,15,M,False,,,,,,,
2026-07-26 20:10:00+03:00,15,V,True,12.444029850746269,1.0,0.0,0.0,0.0,,
2026-07-26 20:15:00+03:00,15,A,True,12.444029850746269,1.0,0.0,0.0,0.0,,
2026-07-26 20:15:00+03:00,15,M,False,,,,,,,
2026-07-26 20:15:00+03:00,15,V,True,12.444029850746269,1.0,0.0,0.0,0.0,,
2026-07-26 20:20:00+03:00,15,A,True,12.444029850746269,1.0,0.0,0.0,0.0,,
2026-07-26 20:20:00+03:00,15,M,False,,,,,,,
2026-07-26 20:20:00+03:00,15,V,True,12.444029850746269,1.0,0.0,0.0,0.0,,
2026-07-26 20:25:00+03:00,15,A,True,12.444029850746269,1.0,0.0,0.0,0.0,,
2026-07-26 20:25:00+03:00,15,M,False,,,,,,,
2026-07-26 20:25:00+03:00,15,V,True,12.444029850746269,1.0,0.0,0.0,0.0,,
2026-07-26 20:30:00+03:00,15,A,True,12.444029850746269,1.0,0.0,0.0,0.0,,
2026-07-26 20:30:00+03:00,15,M,False,,,,,,,
2026-07-26 20:30:00+03:00,15,V,True,12.444029850746269,1.0,0.0,0.0,0.0,,
2026-07-26 20:35:00+03:00,15,A,True,12.444029850746269,1.0,0.0,0.0,0.0,,
2026-07-26 20:35:00+03:00,15,M,False,,,,,,,
2026-07-26 20:35:00+03:00,15,V,True,12.444029850746269,1.0,0.0,0.0,0.0,,
2026-07-26 20:40:00+03:00,15,A,True,12.444029850746269,1.0,0.0,0.0,0.0,,
2026-07-26 20:40:00+03:00,15,M,False,,,,,,,
2026-07-26 20:40:00+03:00,15,V,True,12.444029850746269,1.0,0.0,0.0,0.0,,
2026-07-26 20:45:00+03:00,15,A,True,12.444029850746269,1.0,0.0,0.0,0.0,,
2026-07-26 20:45:00+03:00,15,M,False,,,,,,,
2026-07-26 20:45:00+03:00,15,V,True,12.444029850746269,1.0,0.0,0.0,0.0,,
2026-07-26 20:50:00+03:00,15,A,True,12.444029850746269,1.0,0.0,0.0,0.0,,
2026-07-26 20:50:00+03:00,15,M,False,,,,,,,
2026-07-26 20:50:00+03:00,15,V,True,33.8897272079418,0.14666666666666645,0.8533333333333335,0.0,0.0,,
2026-07-26 20:55:00+03:00,15,A,True,12.444029850746269,1.0,0.0,0.0,0.0,,
2026-07-26 20:55:00+03:00,15,M,False,,,,,,,
2026-07-26 20:55:00+03:00,15,V,True,37.5,0.0,1.0,0.0,0.0,,
2026-07-26 21:00:00+03:00,15,A,True,12.444029850746269,1.0,0.0,0.0,0.0,,
2026-07-26 21:00:00+03:00,15,M,False,,,,,,,
2026-07-26 21:00:00+03:00,15,V,True,54.07736820799374,0.0,0.3340476190476189,0.6659523809523811,0.0,,
2026-07-26 21:05:00+03:00,15,A,True,62.5,0.0,0.0,1.0,0.0,,
2026-07-26 21:05:00+03:00,15,M,False,,,,,,,
2026-07-26 21:05:00+03:00,15,V,True,62.5,0.0,0.0,1.0,0.0,,
2026-07-26 21:10:00+03:00,15,A,True,62.49999999999998,0.0,0.0,0.701892488161723,0.0,,
2026-07-26 21:10:00+03:00,15,M,False,,,,,,,
2026-07-26 21:10:00+03:00,15,V,True,62.5,0.0,0.0,1.0,0.0,,
2026-07-26 21:15:00+03:00,15,A,True,62.500000000000014,0.0,0.0,0.5006189063390096,0.0,,
2026-07-26 21:15:00+03:00,15,M,False,,,,,,,
2026-07-26 21:15:00+03:00,15,V,True,62.5,0.0,0.0,1.0,0.0,,
2026-07-26 21:20:00+03:00,15,A,True,65.11118342163883,0.0,0.0,0.640267900466919,0.07745287895202609,,
2026-07-26 21:20:00+03:00,15,M,False,,,,,,,
2026-07-26 21:20:00+03:00,15,V,True,62.5,0.0,0.0,1.0,0.0,,
2026-07-26 21:25:00+03:00,15,A,True,87.55597014925372,0.0,0.0,0.0,1.0,,
2026-07-26 21:25:00+03:00,15,M,False,,,,,,,
2026-07-26 21:25:00+03:00,15,V,True,62.5,0.0,0.0,1.0,0.0,,
2026-07-26 21:30:00+03:00,15,A,True,87.37678394285457,0.0,0.0,0.0,0.6323068504333498,,
2026-07-26 21:30:00+03:00,15,M,False,,,,,,,
2026-07-26 21:30:00+03:00,15,V,True,62.5,0.0,0.0,1.0,0.0,,
2026-07-26 21:35:00+03:00,15,A,True,87.51911163404716,0.0,0.0,0.0,0.9205876782735192,,
2026-07-26 21:35:00+03:00,15,M,False,,,,,,,
2026-07-26 21:35:00+03:00,15,V,True,62.5,0.0,0.0,1.0,0.0,,
2026-07-26 21:40:00+03:00,15,A,True,62.50000000000002,0.0,0.0,0.5648187052408855,0.0,,
2026-07-26 21:40:00+03:00,15,M,False,,,,,,,
2026-07-26 21:40:00+03:00,15,V,True,62.5,0.0,0.0,1.0,0.0,,
2026-07-26 21:45:00+03:00,15,A,True,87.50726521828035,0.0,0.0,0.0,0.8975872472127279,,
2026-07-26 21:45:00+03:00,15,M,False,,,,,,,
2026-07-26 21:45:00+03:00,15,V,True,62.5,0.0,0.0,1.0,0.0,,
2026-07-26 21:50:00+03:00,15,A,True,87.55597014925372,0.0,0.0,0.0,1.0,,
2026-07-26 21:50:00+03:00,15,M,False,,,,,,,
2026-07-26 21:50:00+03:00,15,V,True,62.5,0.0,0.0,1.0,0.0,,
2026-07-26 21:55:00+03:00,15,A,True,87.44827321435564,0.0,0.0,0.0,0.7761494191487628,,
2026-07-26 21:55:00+03:00,15,M,False,,,,,,,
2026-07-26 21:55:00+03:00,15,V,True,62.5,0.0,0.0,1.0,0.0,,
2026-07-26 22:00:00+03:00,15,A,True,62.5,0.0,0.0,0.8666507581075032,0.0,,
2026-07-26 22:00:00+03:00,15,M,False,,,,,,,
2026-07-26 22:00:00+03:00,15,V,True,62.5,0.0,0.0,1.0,0.0,,
2026-07-26 22:05:00+03:00,15,A,True,37.5,0.0,1.0,0.0,0.0,,
2026-07-26 22:05:00+03:00,15,M,False,,,,,,,
2026-07-26 22:05:00+03:00,15,V,True,62.5,0.0,0.0,1.0,0.0,,
2026-07-26 22:10:00+03:00,15,A,True,12.444029850746269,1.0,0.0,0.0,0.0,,
2026-07-26 22:10:00+03:00,15,M,False,,,,,,,
2026-07-26 22:10:00+03:00,15,V,True,62.5,0.0,0.0,1.0,0.0,,
2026-07-26 22:15:00+03:00,15,A,True,12.444029850746269,1.0,0.0,0.0,0.0,,
2026-07-26 22:15:00+03:00,15,M,False,,,,,,,
2026-07-26 22:15:00+03:00,15,V,True,62.5,0.0,0.0,1.0,0.0,,
2026-07-26 22:20:00+03:00,15,A,True,12.444029850746269,1.0,0.0,0.0,0.0,,
2026-07-26 22:20:00+03:00,15,M,False,,,,,,,
2026-07-26 22:20:00+03:00,15,V,True,73.92951658433309,0.0,0.0,0.5357142857142857,0.4642857142857143,,
2026-07-26 22:25:00+03:00,15,A,True,12.444029850746269,1.0,0.0,0.0,0.0,,
2026-07-26 22:25:00+03:00,15,M,False,,,,,,,
2026-07-26 22:25:00+03:00,15,V,True,87.55597014925372,0.0,0.0,0.0,1.0,,
2026-07-26 22:30:00+03:00,15,A,True,62.5,0.0,0.0,1.0,0.0,,
2026-07-26 22:30:00+03:00,15,M,False,,,,,,,
2026-07-26 22:30:00+03:00,15,V,True,87.55597014925372,0.0,0.0,0.0,1.0,,
2026-07-26 22:35:00+03:00,15,A,True,87.55597014925372,0.0,0.0,0.0,1.0,,
2026-07-26 22:35:00+03:00,15,M,False,,,,,,,
2026-07-26 22:35:00+03:00,15,V,True,67.10559835699232,0.0,0.0,0.8128571428571442,0.18714285714285583,,
2026-07-26 22:40:00+03:00,15,A,True,87.55597014925372,0.0,0.0,0.0,1.0,,
2026-07-26 22:40:00+03:00,15,M,False,,,,,,,
2026-07-26 22:40:00+03:00,15,V,True,62.5,0.0,0.0,1.0,0.0,,
2026-07-26 22:45:00+03:00,15,A,True,87.55597014925372,0.0,0.0,0.0,1.0,,
2026-07-26 22:45:00+03:00,15,M,False,,,,,,,
2026-07-26 22:45:00+03:00,15,V,True,62.5,0.0,0.0,1.0,0.0,,
2026-07-26 22:50:00+03:00,15,A,True,87.55597014925372,0.0,0.0,0.0,1.0,,
2026-07-26 22:50:00+03:00,15,M,False,,,,,,,
2026-07-26 22:50:00+03:00,15,V,True,62.5,0.0,0.0,1.0,0.0,,
2026-07-26 22:55:00+03:00,15,A,True,87.55597014925372,0.0,0.0,0.0,1.0,,
2026-07-26 22:55:00+03:00,15,M,False,,,,,,,
2026-07-26 22:55:00+03:00,15,V,True,62.5,0.0,0.0,1.0,0.0,,
2026-07-26 23:00:00+03:00,15,A,True,87.55597014925372,0.0,0.0,0.0,1.0,,
2026-07-26 23:00:00+03:00,15,M,False,,,,,,,
2026-07-26 23:00:00+03:00,15,V,True,62.5,0.0,0.0,1.0,0.0,,
2026-07-26 23:05:00+03:00,15,A,True,87.55597014925372,0.0,0.0,0.0,1.0,,
2026-07-26 23:05:00+03:00,15,M,False,,,,,,,
2026-07-26 23:05:00+03:00,15,V,True,62.5,0.0,0.0,1.0,0.0,,
2026-07-26 23:10:00+03:00,15,A,True,87.55597014925372,0.0,0.0,0.0,1.0,,
2026-07-26 23:10:00+03:00,15,M,False,,,,,,,
2026-07-26 23:10:00+03:00,15,V,True,62.5,0.0,0.0,1.0,0.0,,
2026-07-26 23:15:00+03:00,15,A,True,87.55597014925372,0.0,0.0,0.0,1.0,,
2026-07-26 23:15:00+03:00,15,M,False,,,,,,,
2026-07-26 23:15:00+03:00,15,V,True,62.5,0.0,0.0,1.0,0.0,,
2026-07-26 23:20:00+03:00,15,A,True,87.45448362661914,0.0,0.0,0.0,0.7880075976053871,,
2026-07-26 23:20:00+03:00,15,M,False,,,,,,,
2026-07-26 23:20:00+03:00,15,V,True,62.5,0.0,0.0,1.0,0.0,,
2026-07-26 23:25:00+03:00,15,A,True,87.52187877495254,0.0,0.0,0.0,0.9261244354248046,,
2026-07-26 23:25:00+03:00,15,M,False,,,,,,,
2026-07-26 23:25:00+03:00,15,V,True,62.5,0.0,0.0,1.0,0.0,,
2026-07-26 23:30:00+03:00,15,A,True,62.50000000000001,0.0,0.0,0.6241776224772135,0.0,,
2026-07-26 23:30:00+03:00,15,M,False,,,,,,,
2026-07-26 23:30:00+03:00,15,V,True,62.5,0.0,0.0,1.0,0.0,,
2026-07-26 23:35:00+03:00,15,A,True,37.5,0.0,1.0,0.0,0.0,,
2026-07-26 23:35:00+03:00,15,M,False,,,,,,,
2026-07-26 23:35:00+03:00,15,V,True,62.5,0.0,0.0,1.0,0.0,,
2026-07-26 23:40:00+03:00,15,A,True,12.444029850746269,1.0,0.0,0.0,0.0,,
2026-07-26 23:40:00+03:00,15,M,False,,,,,,,
2026-07-26 23:40:00+03:00,15,V,True,62.5,0.0,0.0,1.0,0.0,,
2026-07-26 23:45:00+03:00,15,A,True,37.5,0.0,1.0,0.0,0.0,,
2026-07-26 23:45:00+03:00,15,M,False,,,,,,,
2026-07-26 23:45:00+03:00,15,V,True,62.5,0.0,0.0,1.0,0.0,,
2026-07-26 23:50:00+03:00,15,A,True,87.55597014925372,0.0,0.0,0.0,1.0,,
2026-07-26 23:50:00+03:00,15,M,False,,,,,,,
2026-07-26 23:50:00+03:00,15,V,True,62.5,0.0,0.0,1.0,0.0,,
2026-07-26 23:55:00+03:00,15,A,True,87.55597014925372,0.0,0.0,0.0,1.0,,
2026-07-26 23:55:00+03:00,15,M,False,,,,,,,
2026-07-26 23:55:00+03:00,15,V,True,62.5,0.0,0.0,1.0,0.0,,
2026-07-27 00:00:00+03:00,15,A,False,,,,,,,
2026-07-27 00:00:00+03:00,15,M,False,,,,,,,
2026-07-27 00:00:00+03:00,15,V,True,62.5,0.0,0.0,1.0,0.0,,
2026-07-27 00:05:00+03:00,15,A,False,,,,,,,
2026-07-27 00:05:00+03:00,15,M,False,,,,,,,
2026-07-27 00:05:00+03:00,15,V,True,62.5,0.0,0.0,1.0,0.0,,
2026-07-27 00:10:00+03:00,15,A,False,,,,,,,
2026-07-27 00:10:00+03:00,15,M,False,,,,,,,
2026-07-27 00:10:00+03:00,15,V,True,37.5,0.0,1.0,0.0,0.0,,
2026-07-27 00:15:00+03:00,15,A,True,87.55597014925372,0.0,0.0,0.0,1.0,,
2026-07-27 00:15:00+03:00,15,M,False,,,,,,,
2026-07-27 00:15:00+03:00,15,V,True,37.5,0.0,1.0,0.0,0.0,,
2026-07-27 00:20:00+03:00,15,A,True,87.55597014925372,0.0,0.0,0.0,1.0,,
2026-07-27 00:20:00+03:00,15,M,False,,,,,,,
2026-07-27 00:20:00+03:00,15,V,True,37.5,0.0,1.0,0.0,0.0,,
2026-07-27 00:25:00+03:00,15,A,True,78.33222432201288,0.0,0.0,0.35900944073994906,0.6409905592600509,,
2026-07-27 00:25:00+03:00,15,M,False,,,,,,,
2026-07-27 00:25:00+03:00,15,V,True,35.43389779026502,0.08380952380952392,0.9161904761904761,0.0,0.0,,
2026-07-27 00:30:00+03:00,15,A,True,12.444029850746269,1.0,0.0,0.0,0.0,,
2026-07-27 00:30:00+03:00,15,M,False,,,,,,,
2026-07-27 00:30:00+03:00,15,V,True,30.643466763540985,0.2788095238095236,0.7211904761904764,0.0,0.0,,
2026-07-27 00:35:00+03:00,15,A,True,12.444029850746269,1.0,0.0,0.0,0.0,,
2026-07-27 00:35:00+03:00,15,M,False,,,,,,,
2026-07-27 00:35:00+03:00,15,V,True,23.92948265726044,0.55047619047619,0.44952380952380994,0.0,0.0,,
2026-07-27 00:40:00+03:00,15,A,True,12.444029850746269,1.0,0.0,0.0,0.0,,
2026-07-27 00:40:00+03:00,15,M,False,,,,,,,
2026-07-27 00:40:00+03:00,15,V,True,18.19666057306549,0.7780952380952385,0.22190476190476147,0.0,0.0,,
2026-07-27 00:45:00+03:00,15,A,True,12.444029850746269,1.0,0.0,0.0,0.0,,
2026-07-27 00:45:00+03:00,15,M,False,,,,,,,
2026-07-27 00:45:00+03:00,15,V,True,17.556221260067066,0.8030952380952385,0.19690476190476147,0.0,0.0,,
2026-07-27 00:50:00+03:00,15,A,True,12.444029850746269,1.0,0.0,0.0,0.0,,
2026-07-27 00:50:00+03:00,15,M,False,,,,,,,
2026-07-27 00:50:00+03:00,15,V,True,20.905918279003235,0.6711904761904764,0.3288095238095236,0.0,0.0,,
2026-07-27 00:55:00+03:00,15,A,True,12.444029850746269,1.0,0.0,0.0,0.0,,
2026-07-27 00:55:00+03:00,15,M,False,,,,,,,
2026-07-27 00:55:00+03:00,15,V,True,24.17292768959435,0.540714285714286,0.45928571428571396,0.0,0.0,,
2026-07-27 01:00:00+03:00,15,A,True,12.444029850746269,1.0,0.0,0.0,0.0,,
2026-07-27 01:00:00+03:00,15,M,False,,,,,,,
2026-07-27 01:00:00+03:00,15,V,True,24.41637272192829,0.5309523809523804,0.4690476190476196,0.0,0.0,,
2026-07-27 01:05:00+03:00,15,A,True,12.444029850746269,1.0,0.0,0.0,0.0,,
2026-07-27 01:05:00+03:00,15,M,False,,,,,,,
2026-07-27 01:05:00+03:00,15,V,True,24.457936507936523,0.5292857142857136,0.47071428571428636,0.0,0.0,,
2026-07-27 01:10:00+03:00,15,A,True,12.444029850746269,1.0,0.0,0.0,0.0,,
2026-07-27 01:10:00+03:00,15,M,False,,,,,,,
2026-07-27 01:10:00+03:00,15,V,True,24.08386243386243,0.5442857142857146,0.4557142857142854,0.0,0.0,,
2026-07-27 01:15:00+03:00,15,A,True,12.444029850746269,1.0,0.0,0.0,0.0,,
2026-07-27 01:15:00+03:00,15,M,False,,,,,,,
2026-07-27 01:15:00+03:00,15,V,True,23.157583774250426,0.5814285714285721,0.41857142857142793,0.0,0.0,,
2026-07-27 01:20:00+03:00,15,A,True,12.444029850746269,1.0,0.0,0.0,0.0,,
2026-07-27 01:20:00+03:00,15,M,False,,,,,,,
2026-07-27 01:20:00+03:00,15,V,True,21.914906026000434,0.6311904761904754,0.3688095238095246,0.0,0.0,,
2026-07-27 01:25:00+03:00,15,A,True,12.444029850746269,1.0,0.0,0.0,0.0,,
2026-07-27 01:25:00+03:00,15,M,False,,,,,,,
2026-07-27 01:25:00+03:00,15,V,True,20.094546398036336,0.7033333333333336,0.29666666666666647,0.0,0.0,,
2026-07-27 01:30:00+03:00,15,A,True,12.444029850746269,1.0,0.0,0.0,0.0,,
2026-07-27 01:30:00+03:00,15,M,False,,,,,,,
2026-07-27 01:30:00+03:00,15,V,True,18.726830451440325,0.7573809523809522,0.24261904761904785,0.0,0.0,,
2026-07-27 01:35:00+03:00,15,A,True,12.444029850746269,1.0,0.0,0.0,0.0,,
2026-07-27 01:35:00+03:00,15,M,False,,,,,,,
2026-07-27 01:35:00+03:00,15,V,True,17.189971213625068,0.8173809523809528,0.18261904761904718,0.0,0.0,,
2026-07-27 01:40:00+03:00,15,A,True,12.444029850746269,1.0,0.0,0.0,0.0,,
2026-07-27 01:40:00+03:00,15,M,False,,,,,,,
2026-07-27 01:40:00+03:00,15,V,True,17.09837631946883,0.8209523809523814,0.17904761904761862,0.0,0.0,,
2026-07-27 01:45:00+03:00,15,A,True,12.444029850746269,1.0,0.0,0.0,0.0,,
2026-07-27 01:45:00+03:00,15,M,False,,,,,,,
2026-07-27 01:45:00+03:00,15,V,True,16.010460199210446,0.8633333333333326,0.13666666666666744,0.0,0.0,,
2026-07-27 01:50:00+03:00,15,A,True,12.444029850746269,1.0,0.0,0.0,0.0,,
2026-07-27 01:50:00+03:00,15,M,False,,,,,,,
2026-07-27 01:50:00+03:00,15,V,True,14.400707258380974,0.925238095238095,0.07476190476190497,0.0,0.0,,
2026-07-27 01:55:00+03:00,15,A,True,12.444029850746269,1.0,0.0,0.0,0.0,,
2026-07-27 01:55:00+03:00,15,M,False,,,,,,,
2026-07-27 01:55:00+03:00,15,V,True,12.444029850746269,1.0,0.0,0.0,0.0,,
2026-07-27 02:00:00+03:00,15,A,True,12.444029850746269,1.0,0.0,0.0,0.0,,
2026-07-27 02:00:00+03:00,15,M,False,,,,,,,
2026-07-27 02:00:00+03:00,15,V,True,12.444029850746269,1.0,0.0,0.0,0.0,,
2026-07-27 02:05:00+03:00,15,A,True,12.444029850746269,1.0,0.0,0.0,0.0,,
2026-07-27 02:05:00+03:00,15,M,False,,,,,,,
2026-07-27 02:05:00+03:00,15,V,True,12.444029850746269,1.0,0.0,0.0,0.0,,
2026-07-27 02:10:00+03:00,15,A,True,12.444029850746269,1.0,0.0,0.0,0.0,,
2026-07-27 02:10:00+03:00,15,M,False,,,,,,,
2026-07-27 02:10:00+03:00,15,V,True,12.444029850746269,1.0,0.0,0.0,0.0,,
2026-07-27 02:15:00+03:00,15,A,True,12.444029850746269,1.0,0.0,0.0,0.0,,
2026-07-27 02:15:00+03:00,15,M,False,,,,,,,
2026-07-27 02:15:00+03:00,15,V,True,12.444029850746269,1.0,0.0,0.0,0.0,,
2026-07-27 02:20:00+03:00,15,A,True,12.444029850746269,1.0,0.0,0.0,0.0,,
2026-07-27 02:20:00+03:00,15,M,False,,,,,,,
2026-07-27 02:20:00+03:00,15,V,True,12.444029850746269,1.0,0.0,0.0,0.0,,
2026-07-27 02:25:00+03:00,15,A,True,12.444029850746269,1.0,0.0,0.0,0.0,,
2026-07-27 02:25:00+03:00,15,M,False,,,,,,,
2026-07-27 02:25:00+03:00,15,V,True,12.444029850746269,1.0,0.0,0.0,0.0,,
2026-07-27 02:30:00+03:00,15,A,True,12.444029850746269,1.0,0.0,0.0,0.0,,
2026-07-27 02:30:00+03:00,15,M,False,,,,,,,
2026-07-27 02:30:00+03:00,15,V,True,12.444029850746269,1.0,0.0,0.0,0.0,,
2026-07-27 02:35:00+03:00,15,A,True,12.444029850746269,1.0,0.0,0.0,0.0,,
2026-07-27 02:35:00+03:00,15,M,False,,,,,,,
2026-07-27 02:35:00+03:00,15,V,True,12.444029850746269,1.0,0.0,0.0,0.0,,
2026-07-27 02:40:00+03:00,15,A,True,12.444029850746269,1.0,0.0,0.0,0.0,,
2026-07-27 02:40:00+03:00,15,M,False,,,,,,,
2026-07-27 02:40:00+03:00,15,V,True,12.444029850746269,1.0,0.0,0.0,0.0,,
2026-07-27 02:45:00+03:00,15,A,True,12.444029850746269,1.0,0.0,0.0,0.0,,
2026-07-27 02:45:00+03:00,15,M,False,,,,,,,
2026-07-27 02:45:00+03:00,15,V,True,12.444029850746269,1.0,0.0,0.0,0.0,,
2026-07-27 02:50:00+03:00,15,A,True,12.444029850746269,1.0,0.0,0.0,0.0,,
2026-07-27 02:50:00+03:00,15,M,False,,,,,,,
2026-07-27 02:50:00+03:00,15,V,True,12.444029850746269,1.0,0.0,0.0,0.0,,
2026-07-27 02:55:00+03:00,15,A,True,12.444029850746269,1.0,0.0,0.0,0.0,,
2026-07-27 02:55:00+03:00,15,M,False,,,,,,,
2026-07-27 02:55:00+03:00,15,V,True,12.444029850746269,1.0,0.0,0.0,0.0,,
2026-07-27 03:00:00+03:00,15,A,True,12.444029850746269,1.0,0.0,0.0,0.0,,
2026-07-27 03:00:00+03:00,15,M,False,,,,,,,
2026-07-27 03:00:00+03:00,15,V,True,12.444029850746269,1.0,0.0,0.0,0.0,,
2026-07-27 03:05:00+03:00,15,A,True,12.444029850746269,1.0,0.0,0.0,0.0,,
2026-07-27 03:05:00+03:00,15,M,False,,,,,,,
2026-07-27 03:05:00+03:00,15,V,True,12.444029850746269,1.0,0.0,0.0,0.0,,
2026-07-27 03:10:00+03:00,15,A,True,12.444029850746269,1.0,0.0,0.0,0.0,,
2026-07-27 03:10:00+03:00,15,M,False,,,,,,,
2026-07-27 03:10:00+03:00,15,V,True,12.444029850746269,1.0,0.0,0.0,0.0,,
2026-07-27 03:15:00+03:00,15,A,True,12.444029850746269,1.0,0.0,0.0,0.0,,
2026-07-27 03:15:00+03:00,15,M,False,,,,,,,
2026-07-27 03:15:00+03:00,15,V,True,12.444029850746269,1.0,0.0,0.0,0.0,,
2026-07-27 03:20:00+03:00,15,A,True,12.444029850746269,1.0,0.0,0.0,0.0,,
2026-07-27 03:20:00+03:00,15,M,False,,,,,,,
2026-07-27 03:20:00+03:00,15,V,True,12.444029850746269,1.0,0.0,0.0,0.0,,
2026-07-27 03:25:00+03:00,15,A,True,12.444029850746269,1.0,0.0,0.0,0.0,,
2026-07-27 03:25:00+03:00,15,M,False,,,,,,,
2026-07-27 03:25:00+03:00,15,V,True,12.444029850746269,1.0,0.0,0.0,0.0,,
2026-07-27 03:30:00+03:00,15,A,True,12.444029850746269,1.0,0.0,0.0,0.0,,
2026-07-27 03:30:00+03:00,15,M,False,,,,,,,
2026-07-27 03:30:00+03:00,15,V,True,12.444029850746269,1.0,0.0,0.0,0.0,,
2026-07-27 03:35:00+03:00,15,A,True,12.444029850746269,1.0,0.0,0.0,0.0,,
2026-07-27 03:35:00+03:00,15,M,False,,,,,,,
2026-07-27 03:35:00+03:00,15,V,True,12.444029850746269,1.0,0.0,0.0,0.0,,
2026-07-27 03:40:00+03:00,15,A,True,12.444029850746269,1.0,0.0,0.0,0.0,,
2026-07-27 03:40:00+03:00,15,M,False,,,,,,,
2026-07-27 03:40:00+03:00,15,V,True,12.444029850746269,1.0,0.0,0.0,0.0,,
2026-07-27 03:45:00+03:00,15,A,True,12.444029850746269,1.0,0.0,0.0,0.0,,
2026-07-27 03:45:00+03:00,15,M,False,,,,,,,
2026-07-27 03:45:00+03:00,15,V,True,12.444029850746269,1.0,0.0,0.0,0.0,,
2026-07-27 03:50:00+03:00,15,A,True,12.444029850746269,1.0,0.0,0.0,0.0,,
2026-07-27 03:50:00+03:00,15,M,False,,,,,,,
2026-07-27 03:50:00+03:00,15,V,True,12.444029850746269,1.0,0.0,0.0,0.0,,
2026-07-27 03:55:00+03:00,15,A,True,12.444029850746269,1.0,0.0,0.0,0.0,,
2026-07-27 03:55:00+03:00,15,M,False,,,,,,,
2026-07-27 03:55:00+03:00,15,V,True,12.444029850746269,1.0,0.0,0.0,0.0,,
2026-07-27 04:00:00+03:00,15,A,True,12.444029850746269,1.0,0.0,0.0,0.0,,
2026-07-27 04:00:00+03:00,15,M,False,,,,,,,
2026-07-27 04:00:00+03:00,15,V,True,12.444029850746269,1.0,0.0,0.0,0.0,,
2026-07-27 04:05:00+03:00,15,A,True,12.444029850746269,1.0,0.0,0.0,0.0,,
2026-07-27 04:05:00+03:00,15,M,False,,,,,,,
2026-07-27 04:05:00+03:00,15,V,True,12.444029850746269,1.0,0.0,0.0,0.0,,
2026-07-27 04:10:00+03:00,15,A,True,12.444029850746269,1.0,0.0,0.0,0.0,,
2026-07-27 04:10:00+03:00,15,M,False,,,,,,,
2026-07-27 04:10:00+03:00,15,V,True,12.444029850746269,1.0,0.0,0.0,0.0,,
2026-07-27 04:15:00+03:00,15,A,True,12.444029850746269,1.0,0.0,0.0,0.0,,
2026-07-27 04:15:00+03:00,15,M,False,,,,,,,
2026-07-27 04:15:00+03:00,15,V,True,12.444029850746269,1.0,0.0,0.0,0.0,,
2026-07-27 04:20:00+03:00,15,A,True,12.444029850746269,1.0,0.0,0.0,0.0,,
2026-07-27 04:20:00+03:00,15,M,False,,,,,,,
2026-07-27 04:20:00+03:00,15,V,True,12.444029850746269,1.0,0.0,0.0,0.0,,
2026-07-27 04:25:00+03:00,15,A,True,12.444029850746269,1.0,0.0,0.0,0.0,,
2026-07-27 04:25:00+03:00,15,M,False,,,,,,,
2026-07-27 04:25:00+03:00,15,V,True,12.444029850746269,1.0,0.0,0.0,0.0,,
2026-07-27 04:30:00+03:00,15,A,True,12.444029850746269,1.0,0.0,0.0,0.0,,
2026-07-27 04:30:00+03:00,15,M,False,,,,,,,
2026-07-27 04:30:00+03:00,15,V,True,12.444029850746269,1.0,0.0,0.0,0.0,,
2026-07-27 04:35:00+03:00,15,A,True,12.444029850746269,1.0,0.0,0.0,0.0,,
2026-07-27 04:35:00+03:00,15,M,False,,,,,,,
2026-07-27 04:35:00+03:00,15,V,True,12.444029850746269,1.0,0.0,0.0,0.0,,
2026-07-27 04:40:00+03:00,15,A,True,12.444029850746269,1.0,0.0,0.0,0.0,,
2026-07-27 04:40:00+03:00,15,M,False,,,,,,,
2026-07-27 04:40:00+03:00,15,V,True,12.444029850746269,1.0,0.0,0.0,0.0,,
2026-07-27 04:45:00+03:00,15,A,True,12.444029850746269,1.0,0.0,0.0,0.0,,
2026-07-27 04:45:00+03:00,15,M,False,,,,,,,
2026-07-27 04:45:00+03:00,15,V,True,12.444029850746269,1.0,0.0,0.0,0.0,,
2026-07-27 04:50:00+03:00,15,A,True,12.444029850746269,1.0,0.0,0.0,0.0,,
2026-07-27 04:50:00+03:00,15,M,False,,,,,,,
2026-07-27 04:50:00+03:00,15,V,True,12.444029850746269,1.0,0.0,0.0,0.0,,
2026-07-27 04:55:00+03:00,15,A,True,12.444029850746269,1.0,0.0,0.0,0.0,,
2026-07-27 04:55:00+03:00,15,M,False,,,,,,,
2026-07-27 04:55:00+03:00,15,V,True,12.444029850746269,1.0,0.0,0.0,0.0,,
2026-07-27 05:00:00+03:00,15,A,True,12.444029850746269,1.0,0.0,0.0,0.0,,
2026-07-27 05:00:00+03:00,15,M,False,,,,,,,
2026-07-27 05:00:00+03:00,15,V,True,12.444029850746269,1.0,0.0,0.0,0.0,,
2026-07-27 05:05:00+03:00,15,A,True,12.444029850746269,1.0,0.0,0.0,0.0,,
2026-07-27 05:05:00+03:00,15,M,False,,,,,,,
2026-07-27 05:05:00+03:00,15,V,True,12.444029850746269,1.0,0.0,0.0,0.0,,
2026-07-27 05:10:00+03:00,15,A,True,12.444029850746269,1.0,0.0,0.0,0.0,,
2026-07-27 05:10:00+03:00,15,M,False,,,,,,,
2026-07-27 05:10:00+03:00,15,V,True,12.444029850746269,1.0,0.0,0.0,0.0,,
2026-07-27 05:15:00+03:00,15,A,True,12.444029850746269,1.0,0.0,0.0,0.0,,
2026-07-27 05:15:00+03:00,15,M,False,,,,,,,
2026-07-27 05:15:00+03:00,15,V,True,12.444029850746269,1.0,0.0,0.0,0.0,,
2026-07-27 05:20:00+03:00,15,A,True,12.444029850746269,1.0,0.0,0.0,0.0,,
2026-07-27 05:20:00+03:00,15,M,False,,,,,,,
2026-07-27 05:20:00+03:00,15,V,True,12.444029850746269,1.0,0.0,0.0,0.0,,
2026-07-27 05:25:00+03:00,15,A,True,12.444029850746269,1.0,0.0,0.0,0.0,,
2026-07-27 05:25:00+03:00,15,M,False,,,,,,,
2026-07-27 05:25:00+03:00,15,V,True,12.444029850746269,1.0,0.0,0.0,0.0,,
2026-07-27 05:30:00+03:00,15,A,True,12.444029850746269,1.0,0.0,0.0,0.0,,
2026-07-27 05:30:00+03:00,15,M,False,,,,,,,
2026-07-27 05:30:00+03:00,15,V,True,12.444029850746269,1.0,0.0,0.0,0.0,,
2026-07-27 05:35:00+03:00,15,A,True,12.444029850746269,1.0,0.0,0.0,0.0,,
2026-07-27 05:35:00+03:00,15,M,False,,,,,,,
2026-07-27 05:35:00+03:00,15,V,True,12.444029850746269,1.0,0.0,0.0,0.0,,
2026-07-27 05:40:00+03:00,15,A,True,12.444029850746269,1.0,0.0,0.0,0.0,,
2026-07-27 05:40:00+03:00,15,M,False,,,,,,,
2026-07-27 05:40:00+03:00,15,V,True,12.444029850746269,1.0,0.0,0.0,0.0,,
2026-07-27 05:45:00+03:00,15,A,True,12.444029850746269,1.0,0.0,0.0,0.0,,
2026-07-27 05:45:00+03:00,15,M,False,,,,,,,
2026-07-27 05:45:00+03:00,15,V,True,12.444029850746269,1.0,0.0,0.0,0.0,,
2026-07-27 05:50:00+03:00,15,A,True,12.444029850746269,1.0,0.0,0.0,0.0,,
2026-07-27 05:50:00+03:00,15,M,False,,,,,,,
2026-07-27 05:50:00+03:00,15,V,True,12.444029850746269,1.0,0.0,0.0,0.0,,
2026-07-27 05:55:00+03:00,15,A,True,12.444029850746269,1.0,0.0,0.0,0.0,,
2026-07-27 05:55:00+03:00,15,M,False,,,,,,,
2026-07-27 05:55:00+03:00,15,V,True,12.444029850746269,1.0,0.0,0.0,0.0,,
2026-07-27 06:00:00+03:00,15,A,True,12.444029850746269,1.0,0.0,0.0,0.0,,
2026-07-27 06:00:00+03:00,15,M,False,,,,,,,
2026-07-27 06:00:00+03:00,15,V,True,12.444029850746269,1.0,0.0,0.0,0.0,,
2026-07-27 06:05:00+03:00,15,A,True,12.444029850746269,1.0,0.0,0.0,0.0,,
2026-07-27 06:05:00+03:00,15,M,False,,,,,,,
2026-07-27 06:05:00+03:00,15,V,True,12.444029850746269,1.0,0.0,0.0,0.0,,
2026-07-27 06:10:00+03:00,15,A,True,12.444029850746269,1.0,0.0,0.0,0.0,,
2026-07-27 06:10:00+03:00,15,M,False,,,,,,,
2026-07-27 06:10:00+03:00,15,V,True,12.444029850746269,1.0,0.0,0.0,0.0,,
2026-07-27 06:15:00+03:00,15,A,True,12.444029850746269,1.0,0.0,0.0,0.0,,
2026-07-27 06:15:00+03:00,15,M,False,,,,,,,
2026-07-27 06:15:00+03:00,15,V,True,12.444029850746269,1.0,0.0,0.0,0.0,,
2026-07-27 06:20:00+03:00,15,A,True,12.444029850746269,1.0,0.0,0.0,0.0,,
2026-07-27 06:20:00+03:00,15,M,False,,,,,,,
2026-07-27 06:20:00+03:00,15,V,True,12.444029850746269,1.0,0.0,0.0,0.0,,
2026-07-27 06:25:00+03:00,15,A,True,12.444029850746269,1.0,0.0,0.0,0.0,,
2026-07-27 06:25:00+03:00,15,M,False,,,,,,,
2026-07-27 06:25:00+03:00,15,V,True,12.444029850746269,1.0,0.0,0.0,0.0,,
2026-07-27 06:30:00+03:00,15,A,True,12.444029850746269,1.0,0.0,0.0,0.0,,
2026-07-27 06:30:00+03:00,15,M,False,,,,,,,
2026-07-27 06:30:00+03:00,15,V,True,12.444029850746269,1.0,0.0,0.0,0.0,,
2026-07-27 06:35:00+03:00,15,A,True,12.444029850746269,1.0,0.0,0.0,0.0,,
2026-07-27 06:35:00+03:00,15,M,False,,,,,,,
2026-07-27 06:35:00+03:00,15,V,True,12.444029850746269,1.0,0.0,0.0,0.0,,
2026-07-27 06:40:00+03:00,15,A,True,12.444029850746269,1.0,0.0,0.0,0.0,,
2026-07-27 06:40:00+03:00,15,M,False,,,,,,,
2026-07-27 06:40:00+03:00,15,V,True,12.444029850746269,1.0,0.0,0.0,0.0,,
2026-07-27 06:45:00+03:00,15,A,True,12.444029850746269,1.0,0.0,0.0,0.0,,
2026-07-27 06:45:00+03:00,15,M,False,,,,,,,
2026-07-27 06:45:00+03:00,15,V,True,12.444029850746269,1.0,0.0,0.0,0.0,,
2026-07-27 06:50:00+03:00,15,A,True,12.444029850746269,1.0,0.0,0.0,0.0,,
2026-07-27 06:50:00+03:00,15,M,False,,,,,,,
2026-07-27 06:50:00+03:00,15,V,True,12.444029850746269,1.0,0.0,0.0,0.0,,
2026-07-27 06:55:00+03:00,15,A,True,12.444029850746269,1.0,0.0,0.0,0.0,,
2026-07-27 06:55:00+03:00,15,M,False,,,,,,,
2026-07-27 06:55:00+03:00,15,V,True,12.444029850746269,1.0,0.0,0.0,0.0,,
2026-07-27 07:00:00+03:00,15,A,True,12.444029850746269,1.0,0.0,0.0,0.0,,
2026-07-27 07:00:00+03:00,15,M,False,,,,,,,
2026-07-27 07:00:00+03:00,15,V,True,12.444029850746269,1.0,0.0,0.0,0.0,,
2026-07-27 07:05:00+03:00,15,A,True,12.444029850746269,1.0,0.0,0.0,0.0,,
2026-07-27 07:05:00+03:00,15,M,False,,,,,,,
2026-07-27 07:05:00+03:00,15,V,True,12.444029850746269,1.0,0.0,0.0,0.0,,
2026-07-27 07:10:00+03:00,15,A,True,12.444029850746269,1.0,0.0,0.0,0.0,,
2026-07-27 07:10:00+03:00,15,M,False,,,,,,,
2026-07-27 07:10:00+03:00,15,V,True,12.444029850746269,1.0,0.0,0.0,0.0,,
2026-07-27 07:15:00+03:00,15,A,True,12.444029850746269,1.0,0.0,0.0,0.0,,
2026-07-27 07:15:00+03:00,15,M,False,,,,,,,
2026-07-27 07:15:00+03:00,15,V,True,12.444029850746269,1.0,0.0,0.0,0.0,,
2026-07-27 07:20:00+03:00,15,A,True,12.444029850746269,1.0,0.0,0.0,0.0,,
2026-07-27 07:20:00+03:00,15,M,False,,,,,,,
2026-07-27 07:20:00+03:00,15,V,True,12.444029850746269,1.0,0.0,0.0,0.0,,
2026-07-27 07:25:00+03:00,15,A,True,12.444029850746269,1.0,0.0,0.0,0.0,,
2026-07-27 07:25:00+03:00,15,M,False,,,,,,,
2026-07-27 07:25:00+03:00,15,V,True,12.444029850746269,1.0,0.0,0.0,0.0,,
2026-07-27 07:30:00+03:00,15,A,True,12.444029850746269,1.0,0.0,0.0,0.0,,
2026-07-27 07:30:00+03:00,15,M,False,,,,,,,
2026-07-27 07:30:00+03:00,15,V,True,12.444029850746269,1.0,0.0,0.0,0.0,,
2026-07-27 07:35:00+03:00,15,A,True,12.444029850746269,1.0,0.0,0.0,0.0,,
2026-07-27 07:35:00+03:00,15,M,False,,,,,,,
2026-07-27 07:35:00+03:00,15,V,True,12.444029850746269,1.0,0.0,0.0,0.0,,
2026-07-27 07:40:00+03:00,15,A,True,12.444029850746269,1.0,0.0,0.0,0.0,,
2026-07-27 07:40:00+03:00,15,M,False,,,,,,,
2026-07-27 07:40:00+03:00,15,V,True,12.444029850746269,1.0,0.0,0.0,0.0,,
2026-07-27 07:45:00+03:00,15,A,True,12.444029850746269,1.0,0.0,0.0,0.0,,
2026-07-27 07:45:00+03:00,15,M,False,,,,,,,
2026-07-27 07:45:00+03:00,15,V,True,12.444029850746269,1.0,0.0,0.0,0.0,,
2026-07-27 07:50:00+03:00,15,A,True,12.444029850746269,1.0,0.0,0.0,0.0,,
2026-07-27 07:50:00+03:00,15,M,False,,,,,,,
2026-07-27 07:50:00+03:00,15,V,True,21.72878375231952,0.6385714285714292,0.36142857142857077,0.0,0.0,,
2026-07-27 07:55:00+03:00,15,A,True,12.444029850746269,1.0,0.0,0.0,0.0,,
2026-07-27 07:55:00+03:00,15,M,False,,,,,,,
2026-07-27 07:55:00+03:00,15,V,True,37.5,0.0,1.0,0.0,0.0,,
2026-07-27 08:00:00+03:00,15,A,True,12.444029850746269,1.0,0.0,0.0,0.0,,
2026-07-27 08:00:00+03:00,15,M,False,,,,,,,
2026-07-27 08:00:00+03:00,15,V,True,37.5,0.0,1.0,0.0,0.0,,
2026-07-27 08:05:00+03:00,15,A,True,12.444029850746269,1.0,0.0,0.0,0.0,,
2026-07-27 08:05:00+03:00,15,M,False,,,,,,,
2026-07-27 08:05:00+03:00,15,V,True,37.5,0.0,1.0,0.0,0.0,,
2026-07-27 08:10:00+03:00,15,A,True,12.444029850746269,1.0,0.0,0.0,0.0,,
2026-07-27 08:10:00+03:00,15,M,False,,,,,,,
2026-07-27 08:10:00+03:00,15,V,True,37.5,0.0,1.0,0.0,0.0,,
2026-07-27 08:15:00+03:00,15,A,True,12.444029850746269,1.0,0.0,0.0,0.0,,
2026-07-27 08:15:00+03:00,15,M,False,,,,,,,
2026-07-27 08:15:00+03:00,15,V,True,37.5,0.0,1.0,0.0,0.0,,
2026-07-27 08:20:00+03:00,15,A,True,12.444029850746269,1.0,0.0,0.0,0.0,,
2026-07-27 08:20:00+03:00,15,M,False,,,,,,,
2026-07-27 08:20:00+03:00,15,V,True,37.5,0.0,1.0,0.0,0.0,,
2026-07-27 08:25:00+03:00,15,A,True,12.444029850746269,1.0,0.0,0.0,0.0,,
2026-07-27 08:25:00+03:00,15,M,False,,,,,,,
2026-07-27 08:25:00+03:00,15,V,True,30.420657888219864,0.28785714285714253,0.7121428571428575,0.0,0.0,,
2026-07-27 08:30:00+03:00,15,A,True,12.444029850746269,1.0,0.0,0.0,0.0,,
2026-07-27 08:30:00+03:00,15,M,False,,,,,,,
2026-07-27 08:30:00+03:00,15,V,True,20.67758424349086,0.6802380952380953,0.31976190476190464,0.0,0.0,,
2026-07-27 08:35:00+03:00,15,A,True,12.444029850746269,1.0,0.0,0.0,0.0,,
2026-07-27 08:35:00+03:00,15,M,False,,,,,,,
2026-07-27 08:35:00+03:00,15,V,True,13.896793748329578,0.9445238095238097,0.055476190476190367,0.0,0.0,,
2026-07-27 08:40:00+03:00,15,A,True,12.444029850746269,1.0,0.0,0.0,0.0,,
2026-07-27 08:40:00+03:00,15,M,False,,,,,,,
2026-07-27 08:40:00+03:00,15,V,True,12.444029850746269,1.0,0.0,0.0,0.0,,
2026-07-27 08:45:00+03:00,15,A,True,12.444029850746269,1.0,0.0,0.0,0.0,,
2026-07-27 08:45:00+03:00,15,M,False,,,,,,,
2026-07-27 08:45:00+03:00,15,V,True,12.444029850746269,1.0,0.0,0.0,0.0,,
2026-07-27 08:50:00+03:00,15,A,True,12.444029850746269,1.0,0.0,0.0,0.0,,
2026-07-27 08:50:00+03:00,15,M,False,,,,,,,
2026-07-27 08:50:00+03:00,15,V,True,12.444029850746269,1.0,0.0,0.0,0.0,,
2026-07-27 08:55:00+03:00,15,A,True,87.44596405426084,0.0,0.0,0.0,0.7718278563817341,,
2026-07-27 08:55:00+03:00,15,M,False,,,,,,,
2026-07-27 08:55:00+03:00,15,V,True,17.910066094086872,0.7892857142857143,0.21071428571428572,0.0,0.0,,
2026-07-27 09:00:00+03:00,15,A,True,87.55597014925372,0.0,0.0,0.0,1.0,,
2026-07-27 09:00:00+03:00,15,M,False,,,,,,,
2026-07-27 09:00:00+03:00,15,V,True,37.5,0.0,1.0,0.0,0.0,,
2026-07-27 09:05:00+03:00,15,A,True,87.55597014925372,0.0,0.0,0.0,1.0,,
2026-07-27 09:05:00+03:00,15,M,False,,,,,,,
2026-07-27 09:05:00+03:00,15,V,True,37.5,0.0,1.0,0.0,0.0,,
2026-07-27 09:10:00+03:00,15,A,True,87.55597014925372,0.0,0.0,0.0,1.0,,
2026-07-27 09:10:00+03:00,15,M,False,,,,,,,
2026-07-27 09:10:00+03:00,15,V,True,37.5,0.0,1.0,0.0,0.0,,
2026-07-27 09:15:00+03:00,15,A,True,87.55597014925372,0.0,0.0,0.0,1.0,,
2026-07-27 09:15:00+03:00,15,M,False,,,,,,,
2026-07-27 09:15:00+03:00,15,V,True,20.3530393162715,0.6930952380952379,0.3069047619047621,0.0,0.0,,
2026-07-27 09:20:00+03:00,15,A,True,87.37574020295284,0.0,0.0,0.0,0.6304906476338704,,
2026-07-27 09:20:00+03:00,15,M,False,,,,,,,
2026-07-27 09:20:00+03:00,15,V,True,12.444029850746269,1.0,0.0,0.0,0.0,,
2026-07-27 09:25:00+03:00,15,A,True,62.50000000000001,0.0,0.0,0.6877207641601564,0.0,,
2026-07-27 09:25:00+03:00,15,M,False,,,,,,,
2026-07-27 09:25:00+03:00,15,V,True,12.444029850746269,1.0,0.0,0.0,0.0,,
2026-07-27 09:30:00+03:00,15,A,True,41.03182107355015,0.0,0.8620974445343016,0.13790255546569838,0.0,,
2026-07-27 09:30:00+03:00,15,M,False,,,,,,,
2026-07-27 09:30:00+03:00,15,V,True,12.444029850746269,1.0,0.0,0.0,0.0,,
2026-07-27 09:35:00+03:00,15,A,True,30.73635698056727,0.275038480758667,0.724961519241333,0.0,0.0,,
2026-07-27 09:35:00+03:00,15,M,False,,,,,,,
2026-07-27 09:35:00+03:00,15,V,True,12.444029850746269,1.0,0.0,0.0,0.0,,
2026-07-27 09:40:00+03:00,15,A,True,12.444029850746269,1.0,0.0,0.0,0.0,,
2026-07-27 09:40:00+03:00,15,M,False,,,,,,,
2026-07-27 09:40:00+03:00,15,V,True,12.444029850746269,1.0,0.0,0.0,0.0,,
2026-07-27 09:45:00+03:00,15,A,True,12.444029850746269,1.0,0.0,0.0,0.0,,
2026-07-27 09:45:00+03:00,15,M,False,,,,,,,
2026-07-27 09:45:00+03:00,15,V,True,12.444029850746269,1.0,0.0,0.0,0.0,,
2026-07-27 09:50:00+03:00,15,A,True,12.444029850746269,1.0,0.0,0.0,0.0,,
2026-07-27 09:50:00+03:00,15,M,False,,,,,,,
2026-07-27 09:50:00+03:00,15,V,True,12.444029850746269,1.0,0.0,0.0,0.0,,
2026-07-27 09:55:00+03:00,15,A,True,12.444029850746269,1.0,0.0,0.0,0.0,,
2026-07-27 09:55:00+03:00,15,M,False,,,,,,,
2026-07-27 09:55:00+03:00,15,V,True,12.444029850746269,1.0,0.0,0.0,0.0,,
2026-07-27 10:00:00+03:00,15,A,True,12.444029850746269,1.0,0.0,0.0,0.0,,
2026-07-27 10:00:00+03:00,15,M,False,,,,,,,
2026-07-27 10:00:00+03:00,15,V,True,12.444029850746269,1.0,0.0,0.0,0.0,,
2026-07-27 10:05:00+03:00,15,A,True,12.444029850746269,1.0,0.0,0.0,0.0,,
2026-07-27 10:05:00+03:00,15,M,False,,,,,,,
2026-07-27 10:05:00+03:00,15,V,True,12.444029850746269,1.0,0.0,0.0,0.0,,
2026-07-27 10:10:00+03:00,15,A,True,12.444029850746269,1.0,0.0,0.0,0.0,,
2026-07-27 10:10:00+03:00,15,M,False,,,,,,,
2026-07-27 10:10:00+03:00,15,V,True,12.444029850746269,1.0,0.0,0.0,0.0,,
2026-07-27 10:15:00+03:00,15,A,True,12.444029850746269,1.0,0.0,0.0,0.0,,
2026-07-27 10:15:00+03:00,15,M,False,,,,,,,
2026-07-27 10:15:00+03:00,15,V,True,12.444029850746269,1.0,0.0,0.0,0.0,,
2026-07-27 10:20:00+03:00,15,A,True,12.444029850746269,1.0,0.0,0.0,0.0,,
2026-07-27 10:20:00+03:00,15,M,False,,,,,,,
2026-07-27 10:20:00+03:00,15,V,True,12.444029850746269,1.0,0.0,0.0,0.0,,
2026-07-27 10:25:00+03:00,15,A,True,12.444029850746269,1.0,0.0,0.0,0.0,,
2026-07-27 10:25:00+03:00,15,M,False,,,,,,,
2026-07-27 10:25:00+03:00,15,V,True,12.444029850746269,1.0,0.0,0.0,0.0,,
2026-07-27 10:30:00+03:00,15,A,True,12.444029850746269,1.0,0.0,0.0,0.0,,
2026-07-27 10:30:00+03:00,15,M,False,,,,,,,
2026-07-27 10:30:00+03:00,15,V,True,12.444029850746269,1.0,0.0,0.0,0.0,,
2026-07-27 10:35:00+03:00,15,A,True,12.444029850746269,1.0,0.0,0.0,0.0,,
2026-07-27 10:35:00+03:00,15,M,False,,,,,,,
2026-07-27 10:35:00+03:00,15,V,True,12.444029850746269,1.0,0.0,0.0,0.0,,
2026-07-27 10:40:00+03:00,15,A,True,12.444029850746269,1.0,0.0,0.0,0.0,,
2026-07-27 10:40:00+03:00,15,M,False,,,,,,,
2026-07-27 10:40:00+03:00,15,V,True,12.444029850746269,1.0,0.0,0.0,0.0,,
2026-07-27 10:45:00+03:00,15,A,True,12.444029850746269,1.0,0.0,0.0,0.0,,
2026-07-27 10:45:00+03:00,15,M,False,,,,,,,
2026-07-27 10:45:00+03:00,15,V,True,12.444029850746269,1.0,0.0,0.0,0.0,,
2026-07-27 10:50:00+03:00,15,A,True,12.444029850746269,1.0,0.0,0.0,0.0,,
2026-07-27 10:50:00+03:00,15,M,False,,,,,,,
2026-07-27 10:50:00+03:00,15,V,True,12.444029850746269,1.0,0.0,0.0,0.0,,
2026-07-27 10:55:00+03:00,15,A,True,12.444029850746269,1.0,0.0,0.0,0.0,,
2026-07-27 10:55:00+03:00,15,M,False,,,,,,,
2026-07-27 10:55:00+03:00,15,V,True,12.444029850746269,1.0,0.0,0.0,0.0,,
2026-07-27 11:00:00+03:00,15,A,True,12.444029850746269,1.0,0.0,0.0,0.0,,
2026-07-27 11:00:00+03:00,15,M,False,,,,,,,
2026-07-27 11:00:00+03:00,15,V,True,12.444029850746269,1.0,0.0,0.0,0.0,,
2026-07-27 11:05:00+03:00,15,A,True,12.444029850746269,1.0,0.0,0.0,0.0,,
2026-07-27 11:05:00+03:00,15,M,False,,,,,,,
2026-07-27 11:05:00+03:00,15,V,True,12.444029850746269,1.0,0.0,0.0,0.0,,
2026-07-27 11:10:00+03:00,15,A,True,12.444029850746269,1.0,0.0,0.0,0.0,,
2026-07-27 11:10:00+03:00,15,M,False,,,,,,,
2026-07-27 11:10:00+03:00,15,V,True,12.444029850746269,1.0,0.0,0.0,0.0,,
2026-07-27 11:15:00+03:00,15,A,True,12.444029850746269,1.0,0.0,0.0,0.0,,
2026-07-27 11:15:00+03:00,15,M,False,,,,,,,
2026-07-27 11:15:00+03:00,15,V,True,12.444029850746269,1.0,0.0,0.0,0.0,,
2026-07-27 11:20:00+03:00,15,A,True,12.444029850746269,1.0,0.0,0.0,0.0,,
2026-07-27 11:20:00+03:00,15,M,False,,,,,,,
2026-07-27 11:20:00+03:00,15,V,True,12.444029850746269,1.0,0.0,0.0,0.0,,
2026-07-27 11:25:00+03:00,15,A,True,12.444029850746269,1.0,0.0,0.0,0.0,,
2026-07-27 11:25:00+03:00,15,M,False,,,,,,,
2026-07-27 11:25:00+03:00,15,V,True,12.444029850746269,1.0,0.0,0.0,0.0,,
2026-07-27 11:30:00+03:00,15,A,True,12.444029850746269,1.0,0.0,0.0,0.0,,
2026-07-27 11:30:00+03:00,15,M,False,,,,,,,
2026-07-27 11:30:00+03:00,15,V,True,12.444029850746269,1.0,0.0,0.0,0.0,,
2026-07-27 11:35:00+03:00,15,A,True,12.444029850746269,1.0,0.0,0.0,0.0,,
2026-07-27 11:35:00+03:00,15,M,False,,,,,,,
2026-07-27 11:35:00+03:00,15,V,True,12.444029850746269,1.0,0.0,0.0,0.0,,
2026-07-27 11:40:00+03:00,15,A,True,12.444029850746269,1.0,0.0,0.0,0.0,,
2026-07-27 11:40:00+03:00,15,M,False,,,,,,,
2026-07-27 11:40:00+03:00,15,V,True,12.444029850746269,1.0,0.0,0.0,0.0,,
2026-07-27 11:45:00+03:00,15,A,True,12.444029850746269,1.0,0.0,0.0,0.0,,
2026-07-27 11:45:00+03:00,15,M,False,,,,,,,
2026-07-27 11:45:00+03:00,15,V,True,12.444029850746269,1.0,0.0,0.0,0.0,,
2026-07-27 11:50:00+03:00,15,A,True,12.444029850746269,1.0,0.0,0.0,0.0,,
2026-07-27 11:50:00+03:00,15,M,False,,,,,,,
2026-07-27 11:50:00+03:00,15,V,True,12.444029850746269,1.0,0.0,0.0,0.0,,
2026-07-27 11:55:00+03:00,15,A,True,12.444029850746269,1.0,0.0,0.0,0.0,,
2026-07-27 11:55:00+03:00,15,M,False,,,,,,,
2026-07-27 11:55:00+03:00,15,V,True,12.444029850746269,1.0,0.0,0.0,0.0,,
2026-07-27 12:00:00+03:00,15,A,True,12.444029850746269,1.0,0.0,0.0,0.0,,
2026-07-27 12:00:00+03:00,15,M,False,,,,,,,
2026-07-27 12:00:00+03:00,15,V,True,12.444029850746269,1.0,0.0,0.0,0.0,,
2026-07-27 12:05:00+03:00,15,A,True,12.444029850746269,1.0,0.0,0.0,0.0,,
2026-07-27 12:05:00+03:00,15,M,False,,,,,,,
2026-07-27 12:05:00+03:00,15,V,True,12.444029850746269,1.0,0.0,0.0,0.0,,
2026-07-27 12:10:00+03:00,15,A,True,12.444029850746269,1.0,0.0,0.0,0.0,,
2026-07-27 12:10:00+03:00,15,M,False,,,,,,,
2026-07-27 12:10:00+03:00,15,V,True,12.444029850746269,1.0,0.0,0.0,0.0,,
2026-07-27 12:15:00+03:00,15,A,True,12.444029850746269,1.0,0.0,0.0,0.0,,
2026-07-27 12:15:00+03:00,15,M,False,,,,,,,
2026-07-27 12:15:00+03:00,15,V,True,12.444029850746269,1.0,0.0,0.0,0.0,,
2026-07-27 12:20:00+03:00,15,A,True,12.444029850746269,1.0,0.0,0.0,0.0,,
2026-07-27 12:20:00+03:00,15,M,False,,,,,,,
2026-07-27 12:20:00+03:00,15,V,True,12.444029850746269,1.0,0.0,0.0,0.0,,
2026-07-27 12:25:00+03:00,15,A,True,12.444029850746269,1.0,0.0,0.0,0.0,,
2026-07-27 12:25:00+03:00,15,M,False,,,,,,,
2026-07-27 12:25:00+03:00,15,V,True,12.444029850746269,1.0,0.0,0.0,0.0,,
2026-07-27 12:30:00+03:00,15,A,True,12.444029850746269,1.0,0.0,0.0,0.0,,
2026-07-27 12:30:00+03:00,15,M,False,,,,,,,
2026-07-27 12:30:00+03:00,15,V,True,12.444029850746269,1.0,0.0,0.0,0.0,,
2026-07-27 12:35:00+03:00,15,A,True,12.444029850746269,1.0,0.0,0.0,0.0,,
2026-07-27 12:35:00+03:00,15,M,False,,,,,,,
2026-07-27 12:35:00+03:00,15,V,True,12.444029850746269,1.0,0.0,0.0,0.0,,
2026-07-27 12:40:00+03:00,15,A,True,12.444029850746269,1.0,0.0,0.0,0.0,,
2026-07-27 12:40:00+03:00,15,M,False,,,,,,,
2026-07-27 12:40:00+03:00,15,V,True,12.444029850746269,1.0,0.0,0.0,0.0,,
2026-07-27 12:45:00+03:00,15,A,True,12.444029850746269,1.0,0.0,0.0,0.0,,
2026-07-27 12:45:00+03:00,15,M,False,,,,,,,
2026-07-27 12:45:00+03:00,15,V,True,12.444029850746269,1.0,0.0,0.0,0.0,,
2026-07-27 12:50:00+03:00,15,A,True,12.444029850746269,1.0,0.0,0.0,0.0,,
2026-07-27 12:50:00+03:00,15,M,False,,,,,,,
2026-07-27 12:50:00+03:00,15,V,True,12.444029850746269,1.0,0.0,0.0,0.0,,
2026-07-27 12:55:00+03:00,15,A,True,12.444029850746269,1.0,0.0,0.0,0.0,,
2026-07-27 12:55:00+03:00,15,M,False,,,,,,,
2026-07-27 12:55:00+03:00,15,V,True,12.444029850746269,1.0,0.0,0.0,0.0,,
2026-07-27 13:00:00+03:00,15,A,True,12.444029850746269,1.0,0.0,0.0,0.0,,
2026-07-27 13:00:00+03:00,15,M,False,,,,,,,
2026-07-27 13:00:00+03:00,15,V,True,12.444029850746269,1.0,0.0,0.0,0.0,,
2026-07-27 13:05:00+03:00,15,A,True,12.444029850746269,1.0,0.0,0.0,0.0,,
2026-07-27 13:05:00+03:00,15,M,False,,,,,,,
2026-07-27 13:05:00+03:00,15,V,True,12.444029850746269,1.0,0.0,0.0,0.0,,
2026-07-27 13:10:00+03:00,15,A,True,12.444029850746269,1.0,0.0,0.0,0.0,,
2026-07-27 13:10:00+03:00,15,M,False,,,,,,,
2026-07-27 13:10:00+03:00,15,V,True,12.444029850746269,1.0,0.0,0.0,0.0,,
2026-07-27 13:15:00+03:00,15,A,True,12.444029850746269,1.0,0.0,0.0,0.0,,
2026-07-27 13:15:00+03:00,15,M,False,,,,,,,
2026-07-27 13:15:00+03:00,15,V,True,12.444029850746269,1.0,0.0,0.0,0.0,,
2026-07-27 13:20:00+03:00,15,A,True,12.444029850746269,1.0,0.0,0.0,0.0,,
2026-07-27 13:20:00+03:00,15,M,False,,,,,,,
2026-07-27 13:20:00+03:00,15,V,True,12.444029850746269,1.0,0.0,0.0,0.0,,
2026-07-27 13:25:00+03:00,15,A,True,12.444029850746269,1.0,0.0,0.0,0.0,,
2026-07-27 13:25:00+03:00,15,M,False,,,,,,,
2026-07-27 13:25:00+03:00,15,V,True,12.444029850746269,1.0,0.0,0.0,0.0,,
2026-07-27 13:30:00+03:00,15,A,True,12.444029850746269,1.0,0.0,0.0,0.0,,
2026-07-27 13:30:00+03:00,15,M,False,,,,,,,
2026-07-27 13:30:00+03:00,15,V,True,12.444029850746269,1.0,0.0,0.0,0.0,,
2026-07-27 13:35:00+03:00,15,A,True,12.444029850746269,1.0,0.0,0.0,0.0,,
2026-07-27 13:35:00+03:00,15,M,False,,,,,,,
2026-07-27 13:35:00+03:00,15,V,True,12.444029850746269,1.0,0.0,0.0,0.0,,
2026-07-27 13:40:00+03:00,15,A,True,12.444029850746269,1.0,0.0,0.0,0.0,,
2026-07-27 13:40:00+03:00,15,M,False,,,,,,,
2026-07-27 13:40:00+03:00,15,V,True,12.444029850746269,1.0,0.0,0.0,0.0,,
2026-07-27 13:45:00+03:00,15,A,True,12.444029850746269,1.0,0.0,0.0,0.0,,
2026-07-27 13:45:00+03:00,15,M,False,,,,,,,
2026-07-27 13:45:00+03:00,15,V,True,12.444029850746269,1.0,0.0,0.0,0.0,,
2026-07-27 13:50:00+03:00,15,A,True,12.444029850746269,1.0,0.0,0.0,0.0,,
2026-07-27 13:50:00+03:00,15,M,False,,,,,,,
2026-07-27 13:50:00+03:00,15,V,True,12.444029850746269,1.0,0.0,0.0,0.0,,
2026-07-27 13:55:00+03:00,15,A,True,12.444029850746269,1.0,0.0,0.0,0.0,,
2026-07-27 13:55:00+03:00,15,M,False,,,,,,,
2026-07-27 13:55:00+03:00,15,V,True,12.444029850746269,1.0,0.0,0.0,0.0,,
2026-07-27 14:00:00+03:00,15,A,True,12.444029850746269,1.0,0.0,0.0,0.0,,
2026-07-27 14:00:00+03:00,15,M,False,,,,,,,
2026-07-27 14:00:00+03:00,15,V,True,12.444029850746269,1.0,0.0,0.0,0.0,,
2026-07-27 14:05:00+03:00,15,A,True,12.444029850746269,1.0,0.0,0.0,0.0,,
2026-07-27 14:05:00+03:00,15,M,False,,,,,,,
2026-07-27 14:05:00+03:00,15,V,True,12.444029850746269,1.0,0.0,0.0,0.0,,
2026-07-27 14:10:00+03:00,15,A,True,12.444029850746269,1.0,0.0,0.0,0.0,,
2026-07-27 14:10:00+03:00,15,M,False,,,,,,,
2026-07-27 14:10:00+03:00,15,V,True,12.444029850746269,1.0,0.0,0.0,0.0,,
2026-07-27 14:15:00+03:00,15,A,True,12.444029850746269,1.0,0.0,0.0,0.0,,
2026-07-27 14:15:00+03:00,15,M,False,,,,,,,
2026-07-27 14:15:00+03:00,15,V,True,12.444029850746269,1.0,0.0,0.0,0.0,,
2026-07-27 14:20:00+03:00,15,A,True,12.444029850746269,1.0,0.0,0.0,0.0,,
2026-07-27 14:20:00+03:00,15,M,False,,,,,,,
2026-07-27 14:20:00+03:00,15,V,True,12.444029850746269,1.0,0.0,0.0,0.0,,
2026-07-27 14:25:00+03:00,15,A,True,12.444029850746269,1.0,0.0,0.0,0.0,,
2026-07-27 14:25:00+03:00,15,M,False,,,,,,,
2026-07-27 14:25:00+03:00,15,V,True,12.444029850746269,1.0,0.0,0.0,0.0,,
2026-07-27 14:30:00+03:00,15,A,True,12.444029850746269,1.0,0.0,0.0,0.0,,
2026-07-27 14:30:00+03:00,15,M,False,,,,,,,
2026-07-27 14:30:00+03:00,15,V,True,12.444029850746269,1.0,0.0,0.0,0.0,,
2026-07-27 14:35:00+03:00,15,A,True,12.444029850746269,1.0,0.0,0.0,0.0,,
2026-07-27 14:35:00+03:00,15,M,False,,,,,,,
2026-07-27 14:35:00+03:00,15,V,True,12.444029850746269,1.0,0.0,0.0,0.0,,
2026-07-27 14:40:00+03:00,15,A,True,12.444029850746269,1.0,0.0,0.0,0.0,,
2026-07-27 14:40:00+03:00,15,M,False,,,,,,,
2026-07-27 14:40:00+03:00,15,V,True,12.444029850746269,1.0,0.0,0.0,0.0,,
2026-07-27 14:45:00+03:00,15,A,True,12.444029850746269,1.0,0.0,0.0,0.0,,
2026-07-27 14:45:00+03:00,15,M,False,,,,,,,
2026-07-27 14:45:00+03:00,15,V,True,12.444029850746269,1.0,0.0,0.0,0.0,,
2026-07-27 14:50:00+03:00,15,A,True,12.444029850746269,1.0,0.0,0.0,0.0,,
2026-07-27 14:50:00+03:00,15,M,False,,,,,,,
2026-07-27 14:50:00+03:00,15,V,True,12.444029850746269,1.0,0.0,0.0,0.0,,
2026-07-27 14:55:00+03:00,15,A,True,12.444029850746269,1.0,0.0,0.0,0.0,,
2026-07-27 14:55:00+03:00,15,M,False,,,,,,,
2026-07-27 14:55:00+03:00,15,V,True,12.444029850746269,1.0,0.0,0.0,0.0,,
2026-07-27 15:00:00+03:00,15,A,True,12.444029850746269,1.0,0.0,0.0,0.0,,
2026-07-27 15:00:00+03:00,15,M,False,,,,,,,
2026-07-27 15:00:00+03:00,15,V,True,12.444029850746269,1.0,0.0,0.0,0.0,,
2026-07-27 15:05:00+03:00,15,A,True,12.444029850746269,1.0,0.0,0.0,0.0,,
2026-07-27 15:05:00+03:00,15,M,False,,,,,,,
2026-07-27 15:05:00+03:00,15,V,True,12.444029850746269,1.0,0.0,0.0,0.0,,
2026-07-27 15:10:00+03:00,15,A,True,12.444029850746269,1.0,0.0,0.0,0.0,,
2026-07-27 15:10:00+03:00,15,M,False,,,,,,,
2026-07-27 15:10:00+03:00,15,V,True,12.444029850746269,1.0,0.0,0.0,0.0,,
2026-07-27 15:15:00+03:00,15,A,True,12.444029850746269,1.0,0.0,0.0,0.0,,
2026-07-27 15:15:00+03:00,15,M,False,,,,,,,
2026-07-27 15:15:00+03:00,15,V,True,12.444029850746269,1.0,0.0,0.0,0.0,,
2026-07-27 15:20:00+03:00,15,A,True,12.444029850746269,1.0,0.0,0.0,0.0,,
2026-07-27 15:20:00+03:00,15,M,False,,,,,,,
2026-07-27 15:20:00+03:00,15,V,True,12.444029850746269,1.0,0.0,0.0,0.0,,
2026-07-27 15:25:00+03:00,15,A,True,12.444029850746269,1.0,0.0,0.0,0.0,,
2026-07-27 15:25:00+03:00,15,M,False,,,,,,,
2026-07-27 15:25:00+03:00,15,V,True,12.444029850746269,1.0,0.0,0.0,0.0,,
2026-07-27 15:30:00+03:00,15,A,True,12.444029850746269,1.0,0.0,0.0,0.0,,
2026-07-27 15:30:00+03:00,15,M,False,,,,,,,
2026-07-27 15:30:00+03:00,15,V,True,12.444029850746269,1.0,0.0,0.0,0.0,,
2026-07-27 15:35:00+03:00,15,A,True,12.444029850746269,1.0,0.0,0.0,0.0,,
2026-07-27 15:35:00+03:00,15,M,False,,,,,,,
2026-07-27 15:35:00+03:00,15,V,True,12.444029850746269,1.0,0.0,0.0,0.0,,
2026-07-27 15:40:00+03:00,15,A,True,12.444029850746269,1.0,0.0,0.0,0.0,,
2026-07-27 15:40:00+03:00,15,M,False,,,,,,,
2026-07-27 15:40:00+03:00,15,V,True,12.444029850746269,1.0,0.0,0.0,0.0,,
2026-07-27 15:45:00+03:00,15,A,True,12.444029850746269,1.0,0.0,0.0,0.0,,
2026-07-27 15:45:00+03:00,15,M,False,,,,,,,
2026-07-27 15:45:00+03:00,15,V,True,12.444029850746269,1.0,0.0,0.0,0.0,,
2026-07-27 15:50:00+03:00,15,A,True,12.444029850746269,1.0,0.0,0.0,0.0,,
2026-07-27 15:50:00+03:00,15,M,False,,,,,,,
2026-07-27 15:50:00+03:00,15,V,True,12.444029850746269,1.0,0.0,0.0,0.0,,
2026-07-27 15:55:00+03:00,15,A,True,12.444029850746269,1.0,0.0,0.0,0.0,,
2026-07-27 15:55:00+03:00,15,M,False,,,,,,,
2026-07-27 15:55:00+03:00,15,V,True,12.444029850746269,1.0,0.0,0.0,0.0,,
2026-07-27 16:00:00+03:00,15,A,True,12.444029850746269,1.0,0.0,0.0,0.0,,
2026-07-27 16:00:00+03:00,15,M,False,,,,,,,
2026-07-27 16:00:00+03:00,15,V,True,12.444029850746269,1.0,0.0,0.0,0.0,,
2026-07-27 16:05:00+03:00,15,A,True,12.444029850746269,1.0,0.0,0.0,0.0,,
2026-07-27 16:05:00+03:00,15,M,False,,,,,,,
2026-07-27 16:05:00+03:00,15,V,True,12.444029850746269,1.0,0.0,0.0,0.0,,
2026-07-27 16:10:00+03:00,15,A,True,12.444029850746269,1.0,0.0,0.0,0.0,,
2026-07-27 16:10:00+03:00,15,M,False,,,,,,,
2026-07-27 16:10:00+03:00,15,V,True,12.444029850746269,1.0,0.0,0.0,0.0,,
2026-07-27 16:15:00+03:00,15,A,True,12.444029850746269,1.0,0.0,0.0,0.0,,
2026-07-27 16:15:00+03:00,15,M,False,,,,,,,
2026-07-27 16:15:00+03:00,15,V,True,12.444029850746269,1.0,0.0,0.0,0.0,,
2026-07-27 16:20:00+03:00,15,A,True,12.444029850746269,1.0,0.0,0.0,0.0,,
2026-07-27 16:20:00+03:00,15,M,False,,,,,,,
2026-07-27 16:20:00+03:00,15,V,True,12.444029850746269,1.0,0.0,0.0,0.0,,
2026-07-27 16:25:00+03:00,15,A,True,12.444029850746269,1.0,0.0,0.0,0.0,,
2026-07-27 16:25:00+03:00,15,M,False,,,,,,,
2026-07-27 16:25:00+03:00,15,V,True,12.444029850746269,1.0,0.0,0.0,0.0,,
2026-07-27 16:30:00+03:00,15,A,True,12.444029850746269,1.0,0.0,0.0,0.0,,
2026-07-27 16:30:00+03:00,15,M,False,,,,,,,
2026-07-27 16:30:00+03:00,15,V,True,12.444029850746269,1.0,0.0,0.0,0.0,,
2026-07-27 16:35:00+03:00,15,A,True,12.444029850746269,1.0,0.0,0.0,0.0,,
2026-07-27 16:35:00+03:00,15,M,False,,,,,,,
2026-07-27 16:35:00+03:00,15,V,True,12.444029850746269,1.0,0.0,0.0,0.0,,
2026-07-27 16:40:00+03:00,15,A,True,12.444029850746269,1.0,0.0,0.0,0.0,,
2026-07-27 16:40:00+03:00,15,M,False,,,,,,,
2026-07-27 16:40:00+03:00,15,V,True,12.444029850746269,1.0,0.0,0.0,0.0,,
2026-07-27 16:45:00+03:00,15,A,True,12.444029850746269,1.0,0.0,0.0,0.0,,
2026-07-27 16:45:00+03:00,15,M,False,,,,,,,
2026-07-27 16:45:00+03:00,15,V,True,12.444029850746269,1.0,0.0,0.0,0.0,,
2026-07-27 16:50:00+03:00,15,A,True,12.444029850746269,1.0,0.0,0.0,0.0,,
2026-07-27 16:50:00+03:00,15,M,False,,,,,,,
2026-07-27 16:50:00+03:00,15,V,True,12.444029850746269,1.0,0.0,0.0,0.0,,
2026-07-27 16:55:00+03:00,15,A,True,12.444029850746269,1.0,0.0,0.0,0.0,,
2026-07-27 16:55:00+03:00,15,M,False,,,,,,,
2026-07-27 16:55:00+03:00,15,V,True,12.444029850746269,1.0,0.0,0.0,0.0,,
2026-07-27 17:00:00+03:00,15,A,True,12.444029850746269,1.0,0.0,0.0,0.0,,
2026-07-27 17:00:00+03:00,15,M,False,,,,,,,
2026-07-27 17:00:00+03:00,15,V,True,12.444029850746269,1.0,0.0,0.0,0.0,,
2026-07-27 17:05:00+03:00,15,A,True,12.444029850746269,1.0,0.0,0.0,0.0,,
2026-07-27 17:05:00+03:00,15,M,False,,,,,,,
2026-07-27 17:05:00+03:00,15,V,True,12.444029850746269,1.0,0.0,0.0,0.0,,
2026-07-27 17:10:00+03:00,15,A,True,12.444029850746269,1.0,0.0,0.0,0.0,,
2026-07-27 17:10:00+03:00,15,M,False,,,,,,,
2026-07-27 17:10:00+03:00,15,V,True,12.444029850746269,1.0,0.0,0.0,0.0,,
2026-07-27 17:15:00+03:00,15,A,True,12.444029850746269,1.0,0.0,0.0,0.0,,
2026-07-27 17:15:00+03:00,15,M,False,,,,,,,
2026-07-27 17:15:00+03:00,15,V,True,12.444029850746269,1.0,0.0,0.0,0.0,,
2026-07-27 17:20:00+03:00,15,A,True,12.444029850746269,1.0,0.0,0.0,0.0,,
2026-07-27 17:20:00+03:00,15,M,False,,,,,,,
2026-07-27 17:20:00+03:00,15,V,True,12.444029850746269,1.0,0.0,0.0,0.0,,
2026-07-27 17:25:00+03:00,15,A,True,12.444029850746269,1.0,0.0,0.0,0.0,,
2026-07-27 17:25:00+03:00,15,M,False,,,,,,,
2026-07-27 17:25:00+03:00,15,V,True,12.444029850746269,1.0,0.0,0.0,0.0,,
2026-07-27 17:30:00+03:00,15,A,True,12.444029850746269,1.0,0.0,0.0,0.0,,
2026-07-27 17:30:00+03:00,15,M,False,,,,,,,
2026-07-27 17:30:00+03:00,15,V,True,12.444029850746269,1.0,0.0,0.0,0.0,,
2026-07-27 17:35:00+03:00,15,A,True,12.444029850746269,1.0,0.0,0.0,0.0,,
2026-07-27 17:35:00+03:00,15,M,False,,,,,,,
2026-07-27 17:35:00+03:00,15,V,True,12.444029850746269,1.0,0.0,0.0,0.0,,
2026-07-27 17:40:00+03:00,15,A,True,12.444029850746269,1.0,0.0,0.0,0.0,,
2026-07-27 17:40:00+03:00,15,M,False,,,,,,,
2026-07-27 17:40:00+03:00,15,V,True,12.444029850746269,1.0,0.0,0.0,0.0,,
2026-07-27 17:45:00+03:00,15,A,True,12.444029850746269,1.0,0.0,0.0,0.0,,
2026-07-27 17:45:00+03:00,15,M,False,,,,,,,
2026-07-27 17:45:00+03:00,15,V,True,12.444029850746269,1.0,0.0,0.0,0.0,,
2026-07-27 17:50:00+03:00,15,A,True,12.444029850746269,1.0,0.0,0.0,0.0,,
2026-07-27 17:50:00+03:00,15,M,False,,,,,,,
2026-07-27 17:50:00+03:00,15,V,True,12.444029850746269,1.0,0.0,0.0,0.0,,
2026-07-27 17:55:00+03:00,15,A,True,12.444029850746269,1.0,0.0,0.0,0.0,,
2026-07-27 17:55:00+03:00,15,M,False,,,,,,,
2026-07-27 17:55:00+03:00,15,V,True,12.444029850746269,1.0,0.0,0.0,0.0,,
2026-07-27 18:00:00+03:00,15,A,True,12.444029850746269,1.0,0.0,0.0,0.0,,
2026-07-27 18:00:00+03:00,15,M,False,,,,,,,
2026-07-27 18:00:00+03:00,15,V,True,12.444029850746269,1.0,0.0,0.0,0.0,,
2026-07-27 18:05:00+03:00,15,A,True,12.444029850746269,1.0,0.0,0.0,0.0,,
2026-07-27 18:05:00+03:00,15,M,False,,,,,,,
2026-07-27 18:05:00+03:00,15,V,True,12.444029850746269,1.0,0.0,0.0,0.0,,
2026-07-27 18:10:00+03:00,15,A,True,12.444029850746269,1.0,0.0,0.0,0.0,,
2026-07-27 18:10:00+03:00,15,M,False,,,,,,,
2026-07-27 18:10:00+03:00,15,V,True,12.444029850746269,1.0,0.0,0.0,0.0,,
2026-07-27 18:15:00+03:00,15,A,True,12.444029850746269,1.0,0.0,0.0,0.0,,
2026-07-27 18:15:00+03:00,15,M,False,,,,,,,
2026-07-27 18:15:00+03:00,15,V,True,12.444029850746269,1.0,0.0,0.0,0.0,,
2026-07-27 18:20:00+03:00,15,A,True,12.444029850746269,1.0,0.0,0.0,0.0,,
2026-07-27 18:20:00+03:00,15,M,False,,,,,,,
2026-07-27 18:20:00+03:00,15,V,True,12.444029850746269,1.0,0.0,0.0,0.0,,
2026-07-27 18:25:00+03:00,15,A,True,12.444029850746269,1.0,0.0,0.0,0.0,,
2026-07-27 18:25:00+03:00,15,M,False,,,,,,,
2026-07-27 18:25:00+03:00,15,V,True,12.444029850746269,1.0,0.0,0.0,0.0,,
2026-07-27 18:30:00+03:00,15,A,True,12.444029850746269,1.0,0.0,0.0,0.0,,
2026-07-27 18:30:00+03:00,15,M,False,,,,,,,
2026-07-27 18:30:00+03:00,15,V,True,12.444029850746269,1.0,0.0,0.0,0.0,,
2026-07-27 18:35:00+03:00,15,A,True,12.444029850746269,1.0,0.0,0.0,0.0,,
2026-07-27 18:35:00+03:00,15,M,False,,,,,,,
2026-07-27 18:35:00+03:00,15,V,True,12.444029850746269,1.0,0.0,0.0,0.0,,
2026-07-27 18:40:00+03:00,15,A,True,12.444029850746269,1.0,0.0,0.0,0.0,,
2026-07-27 18:40:00+03:00,15,M,False,,,,,,,
2026-07-27 18:40:00+03:00,15,V,True,12.444029850746269,1.0,0.0,0.0,0.0,,
2026-07-27 18:45:00+03:00,15,A,True,12.444029850746269,1.0,0.0,0.0,0.0,,
2026-07-27 18:45:00+03:00,15,M,False,,,,,,,
2026-07-27 18:45:00+03:00,15,V,True,12.444029850746269,1.0,0.0,0.0,0.0,,
2026-07-27 18:50:00+03:00,15,A,True,12.444029850746269,1.0,0.0,0.0,0.0,,
2026-07-27 18:50:00+03:00,15,M,False,,,,,,,
2026-07-27 18:50:00+03:00,15,V,True,12.444029850746269,1.0,0.0,0.0,0.0,,
2026-07-27 18:55:00+03:00,15,A,True,12.444029850746269,1.0,0.0,0.0,0.0,,
2026-07-27 18:55:00+03:00,15,M,False,,,,,,,
2026-07-27 18:55:00+03:00,15,V,True,12.444029850746269,1.0,0.0,0.0,0.0,,
2026-07-27 19:00:00+03:00,15,A,True,12.444029850746269,1.0,0.0,0.0,0.0,,
2026-07-27 19:00:00+03:00,15,M,False,,,,,,,
2026-07-27 19:00:00+03:00,15,V,True,12.444029850746269,1.0,0.0,0.0,0.0,,
2026-07-27 19:05:00+03:00,15,A,True,12.444029850746269,1.0,0.0,0.0,0.0,,
2026-07-27 19:05:00+03:00,15,M,False,,,,,,,
2026-07-27 19:05:00+03:00,15,V,True,12.444029850746269,1.0,0.0,0.0,0.0,,
2026-07-27 19:10:00+03:00,15,A,True,12.444029850746269,1.0,0.0,0.0,0.0,,
2026-07-27 19:10:00+03:00,15,M,False,,,,,,,
2026-07-27 19:10:00+03:00,15,V,True,12.444029850746269,1.0,0.0,0.0,0.0,,
2026-07-27 19:15:00+03:00,15,A,True,12.444029850746269,1.0,0.0,0.0,0.0,,
2026-07-27 19:15:00+03:00,15,M,False,,,,,,,
2026-07-27 19:15:00+03:00,15,V,True,12.444029850746269,1.0,0.0,0.0,0.0,,
2026-07-27 19:20:00+03:00,15,A,True,12.444029850746269,1.0,0.0,0.0,0.0,,
2026-07-27 19:20:00+03:00,15,M,False,,,,,,,
2026-07-27 19:20:00+03:00,15,V,True,12.444029850746269,1.0,0.0,0.0,0.0,,
2026-07-27 19:25:00+03:00,15,A,True,12.444029850746269,1.0,0.0,0.0,0.0,,
2026-07-27 19:25:00+03:00,15,M,False,,,,,,,
2026-07-27 19:25:00+03:00,15,V,True,12.444029850746269,1.0,0.0,0.0,0.0,,
2026-07-27 19:30:00+03:00,15,A,True,12.444029850746269,1.0,0.0,0.0,0.0,,
2026-07-27 19:30:00+03:00,15,M,False,,,,,,,
2026-07-27 19:30:00+03:00,15,V,True,12.444029850746269,1.0,0.0,0.0,0.0,,
2026-07-27 19:35:00+03:00,15,A,True,12.444029850746269,1.0,0.0,0.0,0.0,,
2026-07-27 19:35:00+03:00,15,M,False,,,,,,,
2026-07-27 19:35:00+03:00,15,V,True,12.444029850746269,1.0,0.0,0.0,0.0,,
2026-07-27 19:40:00+03:00,15,A,True,12.444029850746269,1.0,0.0,0.0,0.0,,
2026-07-27 19:40:00+03:00,15,M,False,,,,,,,
2026-07-27 19:40:00+03:00,15,V,True,12.444029850746269,1.0,0.0,0.0,0.0,,
2026-07-27 19:45:00+03:00,15,A,True,12.444029850746269,1.0,0.0,0.0,0.0,,
2026-07-27 19:45:00+03:00,15,M,False,,,,,,,
2026-07-27 19:45:00+03:00,15,V,True,12.444029850746269,1.0,0.0,0.0,0.0,,
2026-07-27 19:50:00+03:00,15,A,True,12.444029850746269,1.0,0.0,0.0,0.0,,
2026-07-27 19:50:00+03:00,15,M,False,,,,,,,
2026-07-27 19:50:00+03:00,15,V,True,12.444029850746269,1.0,0.0,0.0,0.0,,
2026-07-27 19:55:00+03:00,15,A,True,12.444029850746269,1.0,0.0,0.0,0.0,,
2026-07-27 19:55:00+03:00,15,M,False,,,,,,,
2026-07-27 19:55:00+03:00,15,V,True,12.444029850746269,1.0,0.0,0.0,0.0,,
2026-07-27 20:00:00+03:00,15,A,True,12.444029850746269,1.0,0.0,0.0,0.0,,
2026-07-27 20:00:00+03:00,15,M,False,,,,,,,
2026-07-27 20:00:00+03:00,15,V,True,12.444029850746269,1.0,0.0,0.0,0.0,,
2026-07-27 20:05:00+03:00,15,A,True,12.444029850746269,1.0,0.0,0.0,0.0,,
2026-07-27 20:05:00+03:00,15,M,False,,,,,,,
2026-07-27 20:05:00+03:00,15,V,True,12.444029850746269,1.0,0.0,0.0,0.0,,
2026-07-27 20:10:00+03:00,15,A,True,12.444029850746269,1.0,0.0,0.0,0.0,,
2026-07-27 20:10:00+03:00,15,M,False,,,,,,,
2026-07-27 20:10:00+03:00,15,V,True,12.444029850746269,1.0,0.0,0.0,0.0,,
2026-07-27 20:15:00+03:00,15,A,True,12.444029850746269,1.0,0.0,0.0,0.0,,
2026-07-27 20:15:00+03:00,15,M,False,,,,,,,
2026-07-27 20:15:00+03:00,15,V,True,12.444029850746269,1.0,0.0,0.0,0.0,,
2026-07-27 20:20:00+03:00,15,A,True,12.444029850746269,1.0,0.0,0.0,0.0,,
2026-07-27 20:20:00+03:00,15,M,False,,,,,,,
2026-07-27 20:20:00+03:00,15,V,True,12.444029850746269,1.0,0.0,0.0,0.0,,
2026-07-27 20:25:00+03:00,15,A,True,12.444029850746269,1.0,0.0,0.0,0.0,,
2026-07-27 20:25:00+03:00,15,M,False,,,,,,,
2026-07-27 20:25:00+03:00,15,V,True,12.444029850746269,1.0,0.0,0.0,0.0,,
2026-07-27 20:30:00+03:00,15,A,True,12.444029850746269,1.0,0.0,0.0,0.0,,
2026-07-27 20:30:00+03:00,15,M,False,,,,,,,
2026-07-27 20:30:00+03:00,15,V,True,12.444029850746269,1.0,0.0,0.0,0.0,,
2026-07-27 20:35:00+03:00,15,A,True,12.444029850746269,1.0,0.0,0.0,0.0,,
2026-07-27 20:35:00+03:00,15,M,False,,,,,,,
2026-07-27 20:35:00+03:00,15,V,True,12.444029850746269,1.0,0.0,0.0,0.0,,
2026-07-27 20:40:00+03:00,15,A,True,12.444029850746269,1.0,0.0,0.0,0.0,,
2026-07-27 20:40:00+03:00,15,M,False,,,,,,,
2026-07-27 20:40:00+03:00,15,V,True,12.444029850746269,1.0,0.0,0.0,0.0,,
2026-07-27 20:45:00+03:00,15,A,True,12.444029850746269,1.0,0.0,0.0,0.0,,
2026-07-27 20:45:00+03:00,15,M,False,,,,,,,
2026-07-27 20:45:00+03:00,15,V,True,12.444029850746269,1.0,0.0,0.0,0.0,,
2026-07-27 20:50:00+03:00,15,A,True,12.444029850746269,1.0,0.0,0.0,0.0,,
2026-07-27 20:50:00+03:00,15,M,False,,,,,,,
2026-07-27 20:50:00+03:00,15,V,True,12.444029850746269,1.0,0.0,0.0,0.0,,
2026-07-27 20:55:00+03:00,15,A,True,12.444029850746269,1.0,0.0,0.0,0.0,,
2026-07-27 20:55:00+03:00,15,M,False,,,,,,,
2026-07-27 20:55:00+03:00,15,V,True,12.444029850746269,1.0,0.0,0.0,0.0,,
2026-07-27 21:00:00+03:00,15,A,True,12.444029850746269,1.0,0.0,0.0,0.0,,
2026-07-27 21:00:00+03:00,15,M,False,,,,,,,
2026-07-27 21:00:00+03:00,15,V,True,12.444029850746269,1.0,0.0,0.0,0.0,,
2026-07-27 21:05:00+03:00,15,A,True,12.444029850746269,1.0,0.0,0.0,0.0,,
2026-07-27 21:05:00+03:00,15,M,False,,,,,,,
2026-07-27 21:05:00+03:00,15,V,True,12.444029850746269,1.0,0.0,0.0,0.0,,
2026-07-27 21:10:00+03:00,15,A,True,12.444029850746269,1.0,0.0,0.0,0.0,,
2026-07-27 21:10:00+03:00,15,M,False,,,,,,,
2026-07-27 21:10:00+03:00,15,V,True,12.444029850746269,1.0,0.0,0.0,0.0,,
2026-07-27 21:15:00+03:00,15,A,True,12.444029850746269,1.0,0.0,0.0,0.0,,
2026-07-27 21:15:00+03:00,15,M,False,,,,,,,
2026-07-27 21:15:00+03:00,15,V,True,12.444029850746269,1.0,0.0,0.0,0.0,,
2026-07-27 21:20:00+03:00,15,A,True,12.444029850746269,1.0,0.0,0.0,0.0,,
2026-07-27 21:20:00+03:00,15,M,False,,,,,,,
2026-07-27 21:20:00+03:00,15,V,True,12.444029850746269,1.0,0.0,0.0,0.0,,
2026-07-27 21:25:00+03:00,15,A,True,12.444029850746269,1.0,0.0,0.0,0.0,,
2026-07-27 21:25:00+03:00,15,M,False,,,,,,,
2026-07-27 21:25:00+03:00,15,V,True,12.444029850746269,1.0,0.0,0.0,0.0,,
2026-07-27 21:30:00+03:00,15,A,True,12.444029850746269,1.0,0.0,0.0,0.0,,
2026-07-27 21:30:00+03:00,15,M,False,,,,,,,
2026-07-27 21:30:00+03:00,15,V,True,12.444029850746269,1.0,0.0,0.0,0.0,,
2026-07-27 21:35:00+03:00,15,A,True,12.444029850746269,1.0,0.0,0.0,0.0,,
2026-07-27 21:35:00+03:00,15,M,False,,,,,,,
2026-07-27 21:35:00+03:00,15,V,True,12.444029850746269,1.0,0.0,0.0,0.0,,
2026-07-27 21:40:00+03:00,15,A,True,12.444029850746269,1.0,0.0,0.0,0.0,,
2026-07-27 21:40:00+03:00,15,M,False,,,,,,,
2026-07-27 21:40:00+03:00,15,V,True,12.444029850746269,1.0,0.0,0.0,0.0,,
2026-07-27 21:45:00+03:00,15,A,True,12.444029850746269,1.0,0.0,0.0,0.0,,
2026-07-27 21:45:00+03:00,15,M,False,,,,,,,
2026-07-27 21:45:00+03:00,15,V,True,12.444029850746269,1.0,0.0,0.0,0.0,,
2026-07-27 21:50:00+03:00,15,A,True,12.444029850746269,1.0,0.0,0.0,0.0,,
2026-07-27 21:50:00+03:00,15,M,False,,,,,,,
2026-07-27 21:50:00+03:00,15,V,True,12.444029850746269,1.0,0.0,0.0,0.0,,
2026-07-27 21:55:00+03:00,15,A,True,12.444029850746269,1.0,0.0,0.0,0.0,,
2026-07-27 21:55:00+03:00,15,M,False,,,,,,,
2026-07-27 21:55:00+03:00,15,V,True,12.444029850746269,1.0,0.0,0.0,0.0,,
2026-07-27 22:00:00+03:00,15,A,True,12.444029850746269,1.0,0.0,0.0,0.0,,
2026-07-27 22:00:00+03:00,15,M,False,,,,,,,
2026-07-27 22:00:00+03:00,15,V,True,12.444029850746269,1.0,0.0,0.0,0.0,,
2026-07-27 22:05:00+03:00,15,A,True,12.444029850746269,1.0,0.0,0.0,0.0,,
2026-07-27 22:05:00+03:00,15,M,False,,,,,,,
2026-07-27 22:05:00+03:00,15,V,True,12.444029850746269,1.0,0.0,0.0,0.0,,
2026-07-27 22:10:00+03:00,15,A,True,12.444029850746269,1.0,0.0,0.0,0.0,,
2026-07-27 22:10:00+03:00,15,M,False,,,,,,,
2026-07-27 22:10:00+03:00,15,V,True,12.444029850746269,1.0,0.0,0.0,0.0,,
2026-07-27 22:15:00+03:00,15,A,True,12.444029850746269,1.0,0.0,0.0,0.0,,
2026-07-27 22:15:00+03:00,15,M,False,,,,,,,
2026-07-27 22:15:00+03:00,15,V,True,12.444029850746269,1.0,0.0,0.0,0.0,,
2026-07-27 22:20:00+03:00,15,A,True,12.444029850746269,1.0,0.0,0.0,0.0,,
2026-07-27 22:20:00+03:00,15,M,False,,,,,,,
2026-07-27 22:20:00+03:00,15,V,True,12.444029850746269,1.0,0.0,0.0,0.0,,
2026-07-27 22:25:00+03:00,15,A,True,12.444029850746269,1.0,0.0,0.0,0.0,,
2026-07-27 22:25:00+03:00,15,M,False,,,,,,,
2026-07-27 22:25:00+03:00,15,V,True,12.444029850746269,1.0,0.0,0.0,0.0,,
2026-07-27 22:30:00+03:00,15,A,True,12.444029850746269,1.0,0.0,0.0,0.0,,
2026-07-27 22:30:00+03:00,15,M,False,,,,,,,
2026-07-27 22:30:00+03:00,15,V,True,12.444029850746269,1.0,0.0,0.0,0.0,,
2026-07-27 22:35:00+03:00,15,A,True,12.444029850746269,1.0,0.0,0.0,0.0,,
2026-07-27 22:35:00+03:00,15,M,False,,,,,,,
2026-07-27 22:35:00+03:00,15,V,True,12.444029850746269,1.0,0.0,0.0,0.0,,
2026-07-27 22:40:00+03:00,15,A,True,12.444029850746269,1.0,0.0,0.0,0.0,,
2026-07-27 22:40:00+03:00,15,M,False,,,,,,,
2026-07-27 22:40:00+03:00,15,V,True,12.444029850746269,1.0,0.0,0.0,0.0,,
2026-07-27 22:45:00+03:00,15,A,True,23.328280804873494,0.5745837895075478,0.42541621049245215,0.0,0.0,,
2026-07-27 22:45:00+03:00,15,M,False,,,,,,,
2026-07-27 22:45:00+03:00,15,V,True,12.444029850746269,1.0,0.0,0.0,0.0,,
2026-07-27 22:50:00+03:00,15,A,True,31.869383331108054,0.22892883300781222,0.7710711669921878,0.0,0.0,,
2026-07-27 22:50:00+03:00,15,M,False,,,,,,,
2026-07-27 22:50:00+03:00,15,V,True,12.444029850746269,1.0,0.0,0.0,0.0,,
2026-07-27 22:55:00+03:00,15,A,True,34.00477822705501,0.14199426333109527,0.8580057366689047,0.0,0.0,,
2026-07-27 22:55:00+03:00,15,M,False,,,,,,,
2026-07-27 22:55:00+03:00,15,V,True,12.444029850746269,1.0,0.0,0.0,0.0,,
2026-07-27 23:00:00+03:00,15,A,True,37.5,0.0,1.0,0.0,0.0,,
2026-07-27 23:00:00+03:00,15,M,False,,,,,,,
2026-07-27 23:00:00+03:00,15,V,True,12.444029850746269,1.0,0.0,0.0,0.0,,
2026-07-27 23:05:00+03:00,15,A,True,37.5,0.0,1.0,0.0,0.0,,
2026-07-27 23:05:00+03:00,15,M,False,,,,,,,
2026-07-27 23:05:00+03:00,15,V,True,12.444029850746269,1.0,0.0,0.0,0.0,,
2026-07-27 23:10:00+03:00,15,A,True,39.48708942637444,0.0,0.9227892112731937,0.07721078872680635,0.0,,
2026-07-27 23:10:00+03:00,15,M,False,,,,,,,
2026-07-27 23:10:00+03:00,15,V,True,12.444029850746269,1.0,0.0,0.0,0.0,,
2026-07-27 23:15:00+03:00,15,A,True,40.304200261460174,0.0,0.8907966677347823,0.10920333226521776,0.0,,
2026-07-27 23:15:00+03:00,15,M,False,,,,,,,
2026-07-27 23:15:00+03:00,15,V,True,12.444029850746269,1.0,0.0,0.0,0.0,,
2026-07-27 23:20:00+03:00,15,A,True,37.5,0.0,1.0,0.0,0.0,,
2026-07-27 23:20:00+03:00,15,M,False,,,,,,,
2026-07-27 23:20:00+03:00,15,V,True,12.444029850746269,1.0,0.0,0.0,0.0,,
2026-07-27 23:25:00+03:00,15,A,True,37.5,0.0,1.0,0.0,0.0,,
2026-07-27 23:25:00+03:00,15,M,False,,,,,,,
2026-07-27 23:25:00+03:00,15,V,True,12.444029850746269,1.0,0.0,0.0,0.0,,
2026-07-27 23:30:00+03:00,15,A,True,37.5,0.0,1.0,0.0,0.0,,
2026-07-27 23:30:00+03:00,15,M,False,,,,,,,
2026-07-27 23:30:00+03:00,15,V,True,12.444029850746269,1.0,0.0,0.0,0.0,,
2026-07-27 23:35:00+03:00,15,A,True,37.5,0.0,1.0,0.0,0.0,,
2026-07-27 23:35:00+03:00,15,M,False,,,,,,,
2026-07-27 23:35:00+03:00,15,V,True,12.444029850746269,1.0,0.0,0.0,0.0,,
2026-07-27 23:40:00+03:00,15,A,True,37.5,0.0,1.0,0.0,0.0,,
2026-07-27 23:40:00+03:00,15,M,False,,,,,,,
2026-07-27 23:40:00+03:00,15,V,True,12.444029850746269,1.0,0.0,0.0,0.0,,
2026-07-27 23:45:00+03:00,15,A,True,12.64968359061239,0.9921579202016193,0.007842079798380652,0.0,0.0,,
2026-07-27 23:45:00+03:00,15,M,False,,,,,,,
2026-07-27 23:45:00+03:00,15,V,True,12.444029850746269,1.0,0.0,0.0,0.0,,
2026-07-27 23:50:00+03:00,15,A,True,12.444029850746269,1.0,0.0,0.0,0.0,,
2026-07-27 23:50:00+03:00,15,M,False,,,,,,,
2026-07-27 23:50:00+03:00,15,V,True,12.444029850746269,1.0,0.0,0.0,0.0,,
2026-07-27 23:55:00+03:00,15,A,True,12.444029850746269,1.0,0.0,0.0,0.0,,
2026-07-27 23:55:00+03:00,15,M,False,,,,,,,
2026-07-27 23:55:00+03:00,15,V,True,12.444029850746269,1.0,0.0,0.0,0.0,,
2026-07-28 00:00:00+03:00,15,A,True,12.444029850746269,1.0,0.0,0.0,0.0,,
2026-07-28 00:00:00+03:00,15,M,False,,,,,,,
2026-07-28 00:00:00+03:00,15,V,True,12.444029850746269,1.0,0.0,0.0,0.0,,
2026-07-28 00:05:00+03:00,15,A,True,12.444029850746269,1.0,0.0,0.0,0.0,,
2026-07-28 00:05:00+03:00,15,M,False,,,,,,,
2026-07-28 00:05:00+03:00,15,V,True,12.444029850746269,1.0,0.0,0.0,0.0,,
2026-07-28 00:10:00+03:00,15,A,True,12.444029850746269,1.0,0.0,0.0,0.0,,
2026-07-28 00:10:00+03:00,15,M,False,,,,,,,
2026-07-28 00:10:00+03:00,15,V,True,12.444029850746269,1.0,0.0,0.0,0.0,,
2026-07-28 00:15:00+03:00,15,A,True,12.444029850746269,1.0,0.0,0.0,0.0,,
2026-07-28 00:15:00+03:00,15,M,False,,,,,,,
2026-07-28 00:15:00+03:00,15,V,True,12.444029850746269,1.0,0.0,0.0,0.0,,
2026-07-28 00:20:00+03:00,15,A,True,12.444029850746269,1.0,0.0,0.0,0.0,,
2026-07-28 00:20:00+03:00,15,M,False,,,,,,,
2026-07-28 00:20:00+03:00,15,V,True,12.444029850746269,1.0,0.0,0.0,0.0,,
2026-07-28 00:25:00+03:00,15,A,True,12.444029850746269,1.0,0.0,0.0,0.0,,
2026-07-28 00:25:00+03:00,15,M,False,,,,,,,
2026-07-28 00:25:00+03:00,15,V,True,12.444029850746269,1.0,0.0,0.0,0.0,,
2026-07-28 00:30:00+03:00,15,A,True,22.97986136189214,0.5885550642013548,0.41144493579864516,0.0,0.0,,
2026-07-28 00:30:00+03:00,15,M,False,,,,,,,
2026-07-28 00:30:00+03:00,15,V,True,12.444029850746269,1.0,0.0,0.0,0.0,,
2026-07-28 00:35:00+03:00,15,A,True,37.5,0.0,1.0,0.0,0.0,,
2026-07-28 00:35:00+03:00,15,M,False,,,,,,,
2026-07-28 00:35:00+03:00,15,V,False,,,,,,,
2026-07-28 00:40:00+03:00,15,A,True,37.5,0.0,1.0,0.0,0.0,,
2026-07-28 00:40:00+03:00,15,M,False,,,,,,,
2026-07-28 00:40:00+03:00,15,V,False,,,,,,,
2026-07-28 00:45:00+03:00,15,A,True,42.54739225419827,0.0,0.8018037287394207,0.19819627126057923,0.0,,
2026-07-28 00:45:00+03:00,15,M,False,,,,,,,
2026-07-28 00:45:00+03:00,15,V,False,,,,,,,
2026-07-28 00:50:00+03:00,15,A,True,39.23903048391432,0.0,0.9324734052022301,0.06752659479776994,0.0,,
2026-07-28 00:50:00+03:00,15,M,False,,,,,,,
2026-07-28 00:50:00+03:00,15,V,False,,,,,,,
2026-07-28 00:55:00+03:00,15,A,True,37.5,0.0,1.0,0.0,0.0,,
2026-07-28 00:55:00+03:00,15,M,False,,,,,,,
2026-07-28 00:55:00+03:00,15,V,False,,,,,,,
2026-07-28 01:00:00+03:00,15,A,True,37.5,0.0,1.0,0.0,0.0,,
2026-07-28 01:00:00+03:00,15,M,False,,,,,,,
2026-07-28 01:00:00+03:00,15,V,False,,,,,,,
2026-07-28 01:05:00+03:00,15,A,True,33.04169845569922,0.1811466821034749,0.8188533178965252,0.0,0.0,,
2026-07-28 01:05:00+03:00,15,M,False,,,,,,,
2026-07-28 01:05:00+03:00,15,V,False,,,,,,,
2026-07-28 01:10:00+03:00,15,A,True,24.634108139163676,0.5222214063008626,0.4777785936991375,0.0,0.0,,
2026-07-28 01:10:00+03:00,15,M,False,,,,,,,
2026-07-28 01:10:00+03:00,15,V,False,,,,,,,
2026-07-28 01:15:00+03:00,15,A,True,18.123303977241974,0.7809600194295246,0.21903998057047538,0.0,0.0,,
2026-07-28 01:15:00+03:00,15,M,False,,,,,,,
2026-07-28 01:15:00+03:00,15,V,False,,,,,,,
2026-07-28 01:20:00+03:00,15,A,True,12.444029850746269,1.0,0.0,0.0,0.0,,
2026-07-28 01:20:00+03:00,15,M,False,,,,,,,
2026-07-28 01:20:00+03:00,15,V,False,,,,,,,
2026-07-28 01:25:00+03:00,15,A,True,12.444029850746269,1.0,0.0,0.0,0.0,,
2026-07-28 01:25:00+03:00,15,M,False,,,,,,,
2026-07-28 01:25:00+03:00,15,V,False,,,,,,,
2026-07-28 01:30:00+03:00,15,A,True,12.444029850746269,1.0,0.0,0.0,0.0,,
2026-07-28 01:30:00+03:00,15,M,False,,,,,,,
2026-07-28 01:30:00+03:00,15,V,False,,,,,,,
2026-07-28 01:35:00+03:00,15,A,True,12.444029850746269,1.0,0.0,0.0,0.0,,
2026-07-28 01:35:00+03:00,15,M,False,,,,,,,
2026-07-28 01:35:00+03:00,15,V,False,,,,,,,
2026-07-28 01:40:00+03:00,15,A,True,12.444029850746269,1.0,0.0,0.0,0.0,,
2026-07-28 01:40:00+03:00,15,M,False,,,,,,,
2026-07-28 01:40:00+03:00,15,V,False,,,,,,,
2026-07-28 01:45:00+03:00,15,A,True,12.444029850746269,1.0,0.0,0.0,0.0,,
2026-07-28 01:45:00+03:00,15,M,False,,,,,,,
2026-07-28 01:45:00+03:00,15,V,False,,,,,,,
2026-07-28 01:50:00+03:00,15,A,True,12.444029850746269,1.0,0.0,0.0,0.0,,
2026-07-28 01:50:00+03:00,15,M,False,,,,,,,
2026-07-28 01:50:00+03:00,15,V,False,,,,,,,
2026-07-28 01:55:00+03:00,15,A,True,12.444029850746269,1.0,0.0,0.0,0.0,,
2026-07-28 01:55:00+03:00,15,M,False,,,,,,,
2026-07-28 01:55:00+03:00,15,V,False,,,,,,,
2026-07-28 02:00:00+03:00,15,A,True,12.444029850746269,1.0,0.0,0.0,0.0,,
2026-07-28 02:00:00+03:00,15,M,False,,,,,,,
2026-07-28 02:00:00+03:00,15,V,False,,,,,,,
2026-07-28 02:05:00+03:00,15,A,True,12.444029850746269,1.0,0.0,0.0,0.0,,
2026-07-28 02:05:00+03:00,15,M,False,,,,,,,
2026-07-28 02:05:00+03:00,15,V,False,,,,,,,
2026-07-28 02:10:00+03:00,15,A,True,12.444029850746269,1.0,0.0,0.0,0.0,,
2026-07-28 02:10:00+03:00,15,M,False,,,,,,,
2026-07-28 02:10:00+03:00,15,V,False,,,,,,,
2026-07-28 02:15:00+03:00,15,A,True,12.444029850746269,1.0,0.0,0.0,0.0,,
2026-07-28 02:15:00+03:00,15,M,False,,,,,,,
2026-07-28 02:15:00+03:00,15,V,False,,,,,,,
2026-07-28 02:20:00+03:00,15,A,True,12.444029850746269,1.0,0.0,0.0,0.0,,
2026-07-28 02:20:00+03:00,15,M,False,,,,,,,
2026-07-28 02:20:00+03:00,15,V,False,,,,,,,
2026-07-28 02:25:00+03:00,15,A,True,12.444029850746269,1.0,0.0,0.0,0.0,,
2026-07-28 02:25:00+03:00,15,M,False,,,,,,,
2026-07-28 02:25:00+03:00,15,V,False,,,,,,,
2026-07-28 02:30:00+03:00,15,A,True,12.444029850746269,1.0,0.0,0.0,0.0,,
2026-07-28 02:30:00+03:00,15,M,False,,,,,,,
2026-07-28 02:30:00+03:00,15,V,False,,,,,,,
2026-07-28 02:35:00+03:00,15,A,True,12.444029850746269,1.0,0.0,0.0,0.0,,
2026-07-28 02:35:00+03:00,15,M,False,,,,,,,
2026-07-28 02:35:00+03:00,15,V,False,,,,,,,
2026-07-28 02:40:00+03:00,15,A,True,12.444029850746269,1.0,0.0,0.0,0.0,,
2026-07-28 02:40:00+03:00,15,M,False,,,,,,,
2026-07-28 02:40:00+03:00,15,V,False,,,,,,,
2026-07-28 02:45:00+03:00,15,A,True,12.444029850746269,1.0,0.0,0.0,0.0,,
2026-07-28 02:45:00+03:00,15,M,False,,,,,,,
2026-07-28 02:45:00+03:00,15,V,False,,,,,,,
2026-07-28 02:50:00+03:00,15,A,True,12.444029850746269,1.0,0.0,0.0,0.0,,
2026-07-28 02:50:00+03:00,15,M,False,,,,,,,
2026-07-28 02:50:00+03:00,15,V,False,,,,,,,
2026-07-28 02:55:00+03:00,15,A,True,12.444029850746269,1.0,0.0,0.0,0.0,,
2026-07-28 02:55:00+03:00,15,M,False,,,,,,,
2026-07-28 02:55:00+03:00,15,V,False,,,,,,,
2026-07-28 03:00:00+03:00,15,A,True,12.444029850746269,1.0,0.0,0.0,0.0,,
2026-07-28 03:00:00+03:00,15,M,False,,,,,,,
2026-07-28 03:00:00+03:00,15,V,False,,,,,,,
2026-07-28 03:05:00+03:00,15,A,True,12.444029850746269,1.0,0.0,0.0,0.0,,
2026-07-28 03:05:00+03:00,15,M,False,,,,,,,
2026-07-28 03:05:00+03:00,15,V,False,,,,,,,
2026-07-28 03:10:00+03:00,15,A,True,12.444029850746269,1.0,0.0,0.0,0.0,,
2026-07-28 03:10:00+03:00,15,M,False,,,,,,,
2026-07-28 03:10:00+03:00,15,V,False,,,,,,,
2026-07-28 03:15:00+03:00,15,A,True,12.444029850746269,1.0,0.0,0.0,0.0,,
2026-07-28 03:15:00+03:00,15,M,False,,,,,,,
2026-07-28 03:15:00+03:00,15,V,False,,,,,,,
2026-07-28 03:20:00+03:00,15,A,True,12.444029850746269,1.0,0.0,0.0,0.0,,
2026-07-28 03:20:00+03:00,15,M,False,,,,,,,
2026-07-28 03:20:00+03:00,15,V,False,,,,,,,
2026-07-28 03:25:00+03:00,15,A,True,12.444029850746269,1.0,0.0,0.0,0.0,,
2026-07-28 03:25:00+03:00,15,M,False,,,,,,,
2026-07-28 03:25:00+03:00,15,V,False,,,,,,,
2026-07-28 03:30:00+03:00,15,A,True,12.444029850746269,1.0,0.0,0.0,0.0,,
2026-07-28 03:30:00+03:00,15,M,False,,,,,,,
2026-07-28 03:30:00+03:00,15,V,False,,,,,,,
2026-07-28 03:35:00+03:00,15,A,True,12.444029850746269,1.0,0.0,0.0,0.0,,
2026-07-28 03:35:00+03:00,15,M,False,,,,,,,
2026-07-28 03:35:00+03:00,15,V,False,,,,,,,
2026-07-28 03:40:00+03:00,15,A,True,12.444029850746269,1.0,0.0,0.0,0.0,,
2026-07-28 03:40:00+03:00,15,M,False,,,,,,,
2026-07-28 03:40:00+03:00,15,V,False,,,,,,,
2026-07-28 03:45:00+03:00,15,A,True,12.444029850746269,1.0,0.0,0.0,0.0,,
2026-07-28 03:45:00+03:00,15,M,False,,,,,,,
2026-07-28 03:45:00+03:00,15,V,False,,,,,,,
2026-07-28 03:50:00+03:00,15,A,True,12.444029850746269,1.0,0.0,0.0,0.0,,
2026-07-28 03:50:00+03:00,15,M,False,,,,,,,
2026-07-28 03:50:00+03:00,15,V,False,,,,,,,
2026-07-28 03:55:00+03:00,15,A,True,12.444029850746269,1.0,0.0,0.0,0.0,,
2026-07-28 03:55:00+03:00,15,M,False,,,,,,,
2026-07-28 03:55:00+03:00,15,V,False,,,,,,,
2026-07-28 04:00:00+03:00,15,A,True,12.444029850746269,1.0,0.0,0.0,0.0,,
2026-07-28 04:00:00+03:00,15,M,False,,,,,,,
2026-07-28 04:00:00+03:00,15,V,False,,,,,,,
2026-07-28 04:05:00+03:00,15,A,True,12.444029850746269,1.0,0.0,0.0,0.0,,
2026-07-28 04:05:00+03:00,15,M,False,,,,,,,
2026-07-28 04:05:00+03:00,15,V,False,,,,,,,
2026-07-28 04:10:00+03:00,15,A,True,12.444029850746269,1.0,0.0,0.0,0.0,,
2026-07-28 04:10:00+03:00,15,M,False,,,,,,,
2026-07-28 04:10:00+03:00,15,V,False,,,,,,,
2026-07-28 04:15:00+03:00,15,A,True,12.444029850746269,1.0,0.0,0.0,0.0,,
2026-07-28 04:15:00+03:00,15,M,False,,,,,,,
2026-07-28 04:15:00+03:00,15,V,False,,,,,,,
2026-07-28 04:20:00+03:00,15,A,True,12.444029850746269,1.0,0.0,0.0,0.0,,
2026-07-28 04:20:00+03:00,15,M,False,,,,,,,
2026-07-28 04:20:00+03:00,15,V,False,,,,,,,
2026-07-28 04:25:00+03:00,15,A,True,12.444029850746269,1.0,0.0,0.0,0.0,,
2026-07-28 04:25:00+03:00,15,M,False,,,,,,,
2026-07-28 04:25:00+03:00,15,V,False,,,,,,,
2026-07-28 04:30:00+03:00,15,A,True,12.444029850746269,1.0,0.0,0.0,0.0,,
2026-07-28 04:30:00+03:00,15,M,False,,,,,,,
2026-07-28 04:30:00+03:00,15,V,False,,,,,,,
2026-07-28 04:35:00+03:00,15,A,True,12.444029850746269,1.0,0.0,0.0,0.0,,
2026-07-28 04:35:00+03:00,15,M,False,,,,,,,
2026-07-28 04:35:00+03:00,15,V,False,,,,,,,
2026-07-28 04:40:00+03:00,15,A,True,12.444029850746269,1.0,0.0,0.0,0.0,,
2026-07-28 04:40:00+03:00,15,M,False,,,,,,,
2026-07-28 04:40:00+03:00,15,V,False,,,,,,,
2026-07-28 04:45:00+03:00,15,A,True,12.444029850746269,1.0,0.0,0.0,0.0,,
2026-07-28 04:45:00+03:00,15,M,False,,,,,,,
2026-07-28 04:45:00+03:00,15,V,False,,,,,,,
2026-07-28 04:50:00+03:00,15,A,True,12.444029850746269,1.0,0.0,0.0,0.0,,
2026-07-28 04:50:00+03:00,15,M,False,,,,,,,
2026-07-28 04:50:00+03:00,15,V,False,,,,,,,
2026-07-28 04:55:00+03:00,15,A,True,12.444029850746269,1.0,0.0,0.0,0.0,,
2026-07-28 04:55:00+03:00,15,M,False,,,,,,,
2026-07-28 04:55:00+03:00,15,V,False,,,,,,,
2026-07-28 05:00:00+03:00,15,A,True,12.444029850746269,1.0,0.0,0.0,0.0,,
2026-07-28 05:00:00+03:00,15,M,False,,,,,,,
2026-07-28 05:00:00+03:00,15,V,False,,,,,,,
2026-07-28 05:05:00+03:00,15,A,True,12.444029850746269,1.0,0.0,0.0,0.0,,
2026-07-28 05:05:00+03:00,15,M,False,,,,,,,
2026-07-28 05:05:00+03:00,15,V,False,,,,,,,
2026-07-28 05:10:00+03:00,15,A,True,12.444029850746269,1.0,0.0,0.0,0.0,,
2026-07-28 05:10:00+03:00,15,M,False,,,,,,,
2026-07-28 05:10:00+03:00,15,V,False,,,,,,,
2026-07-28 05:15:00+03:00,15,A,True,12.444029850746269,1.0,0.0,0.0,0.0,,
2026-07-28 05:15:00+03:00,15,M,False,,,,,,,
2026-07-28 05:15:00+03:00,15,V,False,,,,,,,
2026-07-28 05:20:00+03:00,15,A,True,12.444029850746269,1.0,0.0,0.0,0.0,,
2026-07-28 05:20:00+03:00,15,M,False,,,,,,,
2026-07-28 05:20:00+03:00,15,V,False,,,,,,,
2026-07-28 05:25:00+03:00,15,A,True,12.444029850746269,1.0,0.0,0.0,0.0,,
2026-07-28 05:25:00+03:00,15,M,False,,,,,,,
2026-07-28 05:25:00+03:00,15,V,False,,,,,,,
2026-07-28 05:30:00+03:00,15,A,True,12.444029850746269,1.0,0.0,0.0,0.0,,
2026-07-28 05:30:00+03:00,15,M,False,,,,,,,
2026-07-28 05:30:00+03:00,15,V,False,,,,,,,
2026-07-28 05:35:00+03:00,15,A,True,12.444029850746269,1.0,0.0,0.0,0.0,,
2026-07-28 05:35:00+03:00,15,M,False,,,,,,,
2026-07-28 05:35:00+03:00,15,V,False,,,,,,,
2026-07-28 05:40:00+03:00,15,A,True,12.444029850746269,1.0,0.0,0.0,0.0,,
2026-07-28 05:40:00+03:00,15,M,False,,,,,,,
2026-07-28 05:40:00+03:00,15,V,False,,,,,,,
2026-07-28 05:45:00+03:00,15,A,True,12.444029850746269,1.0,0.0,0.0,0.0,,
2026-07-28 05:45:00+03:00,15,M,False,,,,,,,
2026-07-28 05:45:00+03:00,15,V,False,,,,,,,
2026-07-28 05:50:00+03:00,15,A,True,12.444029850746269,1.0,0.0,0.0,0.0,,
2026-07-28 05:50:00+03:00,15,M,False,,,,,,,
2026-07-28 05:50:00+03:00,15,V,False,,,,,,,
2026-07-28 05:55:00+03:00,15,A,True,12.444029850746269,1.0,0.0,0.0,0.0,,
2026-07-28 05:55:00+03:00,15,M,False,,,,,,,
2026-07-28 05:55:00+03:00,15,V,False,,,,,,,
2026-07-28 06:00:00+03:00,15,A,True,12.444029850746269,1.0,0.0,0.0,0.0,,
2026-07-28 06:00:00+03:00,15,M,False,,,,,,,
2026-07-28 06:00:00+03:00,15,V,False,,,,,,,
2026-07-28 06:05:00+03:00,15,A,True,12.444029850746269,1.0,0.0,0.0,0.0,,
2026-07-28 06:05:00+03:00,15,M,False,,,,,,,
2026-07-28 06:05:00+03:00,15,V,False,,,,,,,
2026-07-28 06:10:00+03:00,15,A,True,12.444029850746269,1.0,0.0,0.0,0.0,,
2026-07-28 06:10:00+03:00,15,M,False,,,,,,,
2026-07-28 06:10:00+03:00,15,V,False,,,,,,,
2026-07-28 06:15:00+03:00,15,A,True,12.444029850746269,1.0,0.0,0.0,0.0,,
2026-07-28 06:15:00+03:00,15,M,False,,,,,,,
2026-07-28 06:15:00+03:00,15,V,False,,,,,,,
2026-07-28 06:20:00+03:00,15,A,True,12.444029850746269,1.0,0.0,0.0,0.0,,
2026-07-28 06:20:00+03:00,15,M,False,,,,,,,
2026-07-28 06:20:00+03:00,15,V,False,,,,,,,
2026-07-28 06:25:00+03:00,15,A,True,12.444029850746269,1.0,0.0,0.0,0.0,,
2026-07-28 06:25:00+03:00,15,M,False,,,,,,,
2026-07-28 06:25:00+03:00,15,V,False,,,,,,,
2026-07-28 06:30:00+03:00,15,A,True,12.444029850746269,1.0,0.0,0.0,0.0,,
2026-07-28 06:30:00+03:00,15,M,False,,,,,,,
2026-07-28 06:30:00+03:00,15,V,False,,,,,,,
2026-07-28 06:35:00+03:00,15,A,True,12.444029850746269,1.0,0.0,0.0,0.0,,
2026-07-28 06:35:00+03:00,15,M,False,,,,,,,
2026-07-28 06:35:00+03:00,15,V,False,,,,,,,
2026-07-28 06:40:00+03:00,15,A,True,12.444029850746269,1.0,0.0,0.0,0.0,,
2026-07-28 06:40:00+03:00,15,M,False,,,,,,,
2026-07-28 06:40:00+03:00,15,V,False,,,,,,,
2026-07-28 06:45:00+03:00,15,A,True,12.444029850746269,1.0,0.0,0.0,0.0,,
2026-07-28 06:45:00+03:00,15,M,False,,,,,,,
2026-07-28 06:45:00+03:00,15,V,False,,,,,,,
2026-07-28 06:50:00+03:00,15,A,True,12.444029850746269,1.0,0.0,0.0,0.0,,
2026-07-28 06:50:00+03:00,15,M,False,,,,,,,
2026-07-28 06:50:00+03:00,15,V,False,,,,,,,
2026-07-28 06:55:00+03:00,15,A,True,12.444029850746269,1.0,0.0,0.0,0.0,,
2026-07-28 06:55:00+03:00,15,M,False,,,,,,,
2026-07-28 06:55:00+03:00,15,V,False,,,,,,,
2026-07-28 07:00:00+03:00,15,A,True,12.444029850746269,1.0,0.0,0.0,0.0,,
2026-07-28 07:00:00+03:00,15,M,False,,,,,,,
2026-07-28 07:00:00+03:00,15,V,False,,,,,,,
2026-07-28 07:05:00+03:00,15,A,True,12.444029850746269,1.0,0.0,0.0,0.0,,
2026-07-28 07:05:00+03:00,15,M,False,,,,,,,
2026-07-28 07:05:00+03:00,15,V,False,,,,,,,
2026-07-28 07:10:00+03:00,15,A,True,12.444029850746269,1.0,0.0,0.0,0.0,,
2026-07-28 07:10:00+03:00,15,M,False,,,,,,,
2026-07-28 07:10:00+03:00,15,V,False,,,,,,,
2026-07-28 07:15:00+03:00,15,A,True,12.444029850746269,1.0,0.0,0.0,0.0,,
2026-07-28 07:15:00+03:00,15,M,False,,,,,,,
2026-07-28 07:15:00+03:00,15,V,False,,,,,,,
2026-07-28 07:20:00+03:00,15,A,True,12.444029850746269,1.0,0.0,0.0,0.0,,
2026-07-28 07:20:00+03:00,15,M,False,,,,,,,
2026-07-28 07:20:00+03:00,15,V,False,,,,,,,
2026-07-28 07:25:00+03:00,15,A,True,12.444029850746269,1.0,0.0,0.0,0.0,,
2026-07-28 07:25:00+03:00,15,M,False,,,,,,,
2026-07-28 07:25:00+03:00,15,V,False,,,,,,,
2026-07-28 07:30:00+03:00,15,A,True,12.444029850746269,1.0,0.0,0.0,0.0,,
2026-07-28 07:30:00+03:00,15,M,False,,,,,,,
2026-07-28 07:30:00+03:00,15,V,False,,,,,,,
2026-07-28 07:35:00+03:00,15,A,True,12.444029850746269,1.0,0.0,0.0,0.0,,
2026-07-28 07:35:00+03:00,15,M,False,,,,,,,
2026-07-28 07:35:00+03:00,15,V,False,,,,,,,
2026-07-28 07:40:00+03:00,15,A,True,12.444029850746269,1.0,0.0,0.0,0.0,,
2026-07-28 07:40:00+03:00,15,M,False,,,,,,,
2026-07-28 07:40:00+03:00,15,V,False,,,,,,,
2026-07-28 07:45:00+03:00,15,A,True,12.444029850746269,1.0,0.0,0.0,0.0,,
2026-07-28 07:45:00+03:00,15,M,False,,,,,,,
2026-07-28 07:45:00+03:00,15,V,False,,,,,,,
2026-07-28 07:50:00+03:00,15,A,True,12.444029850746269,1.0,0.0,0.0,0.0,,
2026-07-28 07:50:00+03:00,15,M,False,,,,,,,
2026-07-28 07:50:00+03:00,15,V,False,,,,,,,
2026-07-28 07:55:00+03:00,15,A,True,12.444029850746269,1.0,0.0,0.0,0.0,,
2026-07-28 07:55:00+03:00,15,M,False,,,,,,,
2026-07-28 07:55:00+03:00,15,V,False,,,,,,,
2026-07-28 08:00:00+03:00,15,A,True,12.444029850746269,1.0,0.0,0.0,0.0,,
2026-07-28 08:00:00+03:00,15,M,False,,,,,,,
2026-07-28 08:00:00+03:00,15,V,False,,,,,,,
2026-07-28 08:05:00+03:00,15,A,True,12.444029850746269,1.0,0.0,0.0,0.0,,
2026-07-28 08:05:00+03:00,15,M,False,,,,,,,
2026-07-28 08:05:00+03:00,15,V,False,,,,,,,
2026-07-28 08:10:00+03:00,15,A,True,12.444029850746269,1.0,0.0,0.0,0.0,,
2026-07-28 08:10:00+03:00,15,M,False,,,,,,,
2026-07-28 08:10:00+03:00,15,V,False,,,,,,,
2026-07-28 08:15:00+03:00,15,A,True,12.444029850746269,1.0,0.0,0.0,0.0,,
2026-07-28 08:15:00+03:00,15,M,False,,,,,,,
2026-07-28 08:15:00+03:00,15,V,False,,,,,,,
2026-07-28 08:20:00+03:00,15,A,True,12.444029850746269,1.0,0.0,0.0,0.0,,
2026-07-28 08:20:00+03:00,15,M,False,,,,,,,
2026-07-28 08:20:00+03:00,15,V,False,,,,,,,
2026-07-28 08:25:00+03:00,15,A,True,12.444029850746269,1.0,0.0,0.0,0.0,,
2026-07-28 08:25:00+03:00,15,M,False,,,,,,,
2026-07-28 08:25:00+03:00,15,V,False,,,,,,,
2026-07-28 08:30:00+03:00,15,A,True,12.444029850746269,1.0,0.0,0.0,0.0,,
2026-07-28 08:30:00+03:00,15,M,False,,,,,,,
2026-07-28 08:30:00+03:00,15,V,False,,,,,,,
2026-07-28 08:35:00+03:00,15,A,True,12.444029850746269,1.0,0.0,0.0,0.0,,
2026-07-28 08:35:00+03:00,15,M,False,,,,,,,
2026-07-28 08:35:00+03:00,15,V,False,,,,,,,
2026-07-28 08:40:00+03:00,15,A,True,12.444029850746269,1.0,0.0,0.0,0.0,,
2026-07-28 08:40:00+03:00,15,M,False,,,,,,,
2026-07-28 08:40:00+03:00,15,V,False,,,,,,,
2026-07-28 08:45:00+03:00,15,A,True,12.444029850746269,1.0,0.0,0.0,0.0,,
2026-07-28 08:45:00+03:00,15,M,False,,,,,,,
2026-07-28 08:45:00+03:00,15,V,False,,,,,,,
2026-07-28 08:50:00+03:00,15,A,True,12.444029850746269,1.0,0.0,0.0,0.0,,
2026-07-28 08:50:00+03:00,15,M,False,,,,,,,
2026-07-28 08:50:00+03:00,15,V,False,,,,,,,
2026-07-28 08:55:00+03:00,15,A,True,12.444029850746269,1.0,0.0,0.0,0.0,,
2026-07-28 08:55:00+03:00,15,M,False,,,,,,,
2026-07-28 08:55:00+03:00,15,V,False,,,,,,,
2026-07-28 09:00:00+03:00,15,A,True,12.444029850746269,1.0,0.0,0.0,0.0,,
2026-07-28 09:00:00+03:00,15,M,False,,,,,,,
2026-07-28 09:00:00+03:00,15,V,False,,,,,,,
2026-07-28 09:05:00+03:00,15,A,True,12.444029850746269,1.0,0.0,0.0,0.0,,
2026-07-28 09:05:00+03:00,15,M,False,,,,,,,
2026-07-28 09:05:00+03:00,15,V,False,,,,,,,
2026-07-28 09:10:00+03:00,15,A,True,12.444029850746269,1.0,0.0,0.0,0.0,,
2026-07-28 09:10:00+03:00,15,M,False,,,,,,,
2026-07-28 09:10:00+03:00,15,V,False,,,,,,,
2026-07-28 09:15:00+03:00,15,A,True,12.444029850746269,1.0,0.0,0.0,0.0,,
2026-07-28 09:15:00+03:00,15,M,False,,,,,,,
2026-07-28 09:15:00+03:00,15,V,False,,,,,,,
2026-07-28 09:20:00+03:00,15,A,True,12.444029850746269,1.0,0.0,0.0,0.0,,
2026-07-28 09:20:00+03:00,15,M,False,,,,,,,
2026-07-28 09:20:00+03:00,15,V,False,,,,,,,
2026-07-28 09:25:00+03:00,15,A,True,12.444029850746269,1.0,0.0,0.0,0.0,,
2026-07-28 09:25:00+03:00,15,M,False,,,,,,,
2026-07-28 09:25:00+03:00,15,V,False,,,,,,,
2026-07-28 09:30:00+03:00,15,A,True,12.444029850746269,1.0,0.0,0.0,0.0,,
2026-07-28 09:30:00+03:00,15,M,False,,,,,,,
2026-07-28 09:30:00+03:00,15,V,False,,,,,,,
2026-07-28 09:35:00+03:00,15,A,True,12.444029850746269,1.0,0.0,0.0,0.0,,
2026-07-28 09:35:00+03:00,15,M,False,,,,,,,
2026-07-28 09:35:00+03:00,15,V,False,,,,,,,
2026-07-28 09:40:00+03:00,15,A,True,12.444029850746269,1.0,0.0,0.0,0.0,,
2026-07-28 09:40:00+03:00,15,M,False,,,,,,,
2026-07-28 09:40:00+03:00,15,V,False,,,,,,,
2026-07-28 09:45:00+03:00,15,A,True,12.444029850746269,1.0,0.0,0.0,0.0,,
2026-07-28 09:45:00+03:00,15,M,False,,,,,,,
2026-07-28 09:45:00+03:00,15,V,False,,,,,,,
2026-07-28 09:50:00+03:00,15,A,True,12.444029850746269,1.0,0.0,0.0,0.0,,
2026-07-28 09:50:00+03:00,15,M,False,,,,,,,
2026-07-28 09:50:00+03:00,15,V,False,,,,,,,
2026-07-28 09:55:00+03:00,15,A,True,12.444029850746269,1.0,0.0,0.0,0.0,,
2026-07-28 09:55:00+03:00,15,M,False,,,,,,,
2026-07-28 09:55:00+03:00,15,V,False,,,,,,,
2026-07-28 10:00:00+03:00,15,A,True,12.444029850746269,1.0,0.0,0.0,0.0,,
2026-07-28 10:00:00+03:00,15,M,False,,,,,,,
2026-07-28 10:00:00+03:00,15,V,False,,,,,,,
2026-07-28 10:05:00+03:00,15,A,True,12.444029850746269,1.0,0.0,0.0,0.0,,
2026-07-28 10:05:00+03:00,15,M,False,,,,,,,
2026-07-28 10:05:00+03:00,15,V,False,,,,,,,
2026-07-28 10:10:00+03:00,15,A,True,12.444029850746269,1.0,0.0,0.0,0.0,,
2026-07-28 10:10:00+03:00,15,M,False,,,,,,,
2026-07-28 10:10:00+03:00,15,V,False,,,,,,,
2026-07-28 10:15:00+03:00,15,A,True,12.444029850746269,1.0,0.0,0.0,0.0,,
2026-07-28 10:15:00+03:00,15,M,False,,,,,,,
2026-07-28 10:15:00+03:00,15,V,False,,,,,,,
2026-07-28 10:20:00+03:00,15,A,True,12.444029850746269,1.0,0.0,0.0,0.0,,
2026-07-28 10:20:00+03:00,15,M,False,,,,,,,
2026-07-28 10:20:00+03:00,15,V,False,,,,,,,
2026-07-28 10:25:00+03:00,15,A,True,12.444029850746269,1.0,0.0,0.0,0.0,,
2026-07-28 10:25:00+03:00,15,M,False,,,,,,,
2026-07-28 10:25:00+03:00,15,V,False,,,,,,,
2026-07-28 10:30:00+03:00,15,A,True,12.444029850746269,1.0,0.0,0.0,0.0,,
2026-07-28 10:30:00+03:00,15,M,False,,,,,,,
2026-07-28 10:30:00+03:00,15,V,False,,,,,,,
2026-07-28 10:35:00+03:00,15,A,True,12.444029850746269,1.0,0.0,0.0,0.0,,
2026-07-28 10:35:00+03:00,15,M,False,,,,,,,
2026-07-28 10:35:00+03:00,15,V,False,,,,,,,
2026-07-28 10:40:00+03:00,15,A,True,22.469359777788082,0.6090256722768149,0.3909743277231851,0.0,0.0,,
2026-07-28 10:40:00+03:00,15,M,False,,,,,,,
2026-07-28 10:40:00+03:00,15,V,False,,,,,,,
2026-07-28 10:45:00+03:00,15,A,True,62.50000000000001,0.0,0.0,0.5218871936798095,0.0,,
2026-07-28 10:45:00+03:00,15,M,False,,,,,,,
2026-07-28 10:45:00+03:00,15,V,False,,,,,,,
2026-07-28 10:50:00+03:00,15,A,True,87.39540606708113,0.0,0.0,0.0,0.6665081926981605,,
2026-07-28 10:50:00+03:00,15,M,False,,,,,,,
2026-07-28 10:50:00+03:00,15,V,False,,,,,,,
2026-07-28 10:55:00+03:00,15,A,True,87.46892978312849,0.0,0.0,0.0,0.8169942881266274,,
2026-07-28 10:55:00+03:00,15,M,False,,,,,,,
2026-07-28 10:55:00+03:00,15,V,False,,,,,,,
2026-07-28 11:00:00+03:00,15,A,True,87.50752429749951,0.0,0.0,0.0,0.8980784276326497,,
2026-07-28 11:00:00+03:00,15,M,False,,,,,,,
2026-07-28 11:00:00+03:00,15,V,False,,,,,,,
2026-07-28 11:05:00+03:00,15,A,True,62.5,0.0,0.0,1.0,0.0,,
2026-07-28 11:05:00+03:00,15,M,False,,,,,,,
2026-07-28 11:05:00+03:00,15,V,False,,,,,,,
2026-07-28 11:10:00+03:00,15,A,True,37.5,0.0,1.0,0.0,0.0,,
2026-07-28 11:10:00+03:00,15,M,False,,,,,,,
2026-07-28 11:10:00+03:00,15,V,False,,,,,,,
2026-07-28 11:15:00+03:00,15,A,True,20.021726556231954,0.7062171252568564,0.2937828747431436,0.0,0.0,,
2026-07-28 11:15:00+03:00,15,M,False,,,,,,,
2026-07-28 11:15:00+03:00,15,V,False,,,,,,,
2026-07-28 11:20:00+03:00,15,A,True,12.444029850746269,1.0,0.0,0.0,0.0,,
2026-07-28 11:20:00+03:00,15,M,False,,,,,,,
2026-07-28 11:20:00+03:00,15,V,False,,,,,,,
2026-07-28 11:25:00+03:00,15,A,True,12.444029850746269,1.0,0.0,0.0,0.0,,
2026-07-28 11:25:00+03:00,15,M,False,,,,,,,
2026-07-28 11:25:00+03:00,15,V,False,,,,,,,
2026-07-28 11:30:00+03:00,15,A,True,12.444029850746269,1.0,0.0,0.0,0.0,,
2026-07-28 11:30:00+03:00,15,M,False,,,,,,,
2026-07-28 11:30:00+03:00,15,V,False,,,,,,,
2026-07-28 11:35:00+03:00,15,A,True,12.444029850746269,1.0,0.0,0.0,0.0,,
2026-07-28 11:35:00+03:00,15,M,False,,,,,,,
2026-07-28 11:35:00+03:00,15,V,False,,,,,,,
2026-07-28 11:40:00+03:00,15,A,True,12.444029850746269,1.0,0.0,0.0,0.0,,
2026-07-28 11:40:00+03:00,15,M,False,,,,,,,
2026-07-28 11:40:00+03:00,15,V,False,,,,,,,
2026-07-28 11:45:00+03:00,15,A,True,12.444029850746269,1.0,0.0,0.0,0.0,,
2026-07-28 11:45:00+03:00,15,M,False,,,,,,,
2026-07-28 11:45:00+03:00,15,V,False,,,,,,,
2026-07-28 11:50:00+03:00,15,A,True,12.444029850746269,1.0,0.0,0.0,0.0,,
2026-07-28 11:50:00+03:00,15,M,False,,,,,,,
2026-07-28 11:50:00+03:00,15,V,False,,,,,,,
2026-07-28 11:55:00+03:00,15,A,True,12.444029850746269,1.0,0.0,0.0,0.0,,
2026-07-28 11:55:00+03:00,15,M,False,,,,,,,
2026-07-28 11:55:00+03:00,15,V,False,,,,,,,
2026-07-28 12:00:00+03:00,15,A,True,12.444029850746269,1.0,0.0,0.0,0.0,,
2026-07-28 12:00:00+03:00,15,M,False,,,,,,,
2026-07-28 12:00:00+03:00,15,V,False,,,,,,,
2026-07-28 12:05:00+03:00,15,A,True,12.444029850746269,1.0,0.0,0.0,0.0,,
2026-07-28 12:05:00+03:00,15,M,False,,,,,,,
2026-07-28 12:05:00+03:00,15,V,True,12.444029850746269,1.0,0.0,0.0,0.0,,
2026-07-28 12:10:00+03:00,15,A,True,12.444029850746269,1.0,0.0,0.0,0.0,,
2026-07-28 12:10:00+03:00,15,M,False,,,,,,,
2026-07-28 12:10:00+03:00,15,V,True,12.444029850746269,1.0,0.0,0.0,0.0,,
2026-07-28 12:15:00+03:00,15,A,True,12.444029850746269,1.0,0.0,0.0,0.0,,
2026-07-28 12:15:00+03:00,15,M,False,,,,,,,
2026-07-28 12:15:00+03:00,15,V,True,12.444029850746269,1.0,0.0,0.0,0.0,,
2026-07-28 12:20:00+03:00,15,A,True,12.444029850746269,1.0,0.0,0.0,0.0,,
2026-07-28 12:20:00+03:00,15,M,False,,,,,,,
2026-07-28 12:20:00+03:00,15,V,True,12.444029850746269,1.0,0.0,0.0,0.0,,
2026-07-28 12:25:00+03:00,15,A,True,12.444029850746269,1.0,0.0,0.0,0.0,,
2026-07-28 12:25:00+03:00,15,M,False,,,,,,,
2026-07-28 12:25:00+03:00,15,V,True,12.444029850746269,1.0,0.0,0.0,0.0,,
2026-07-28 12:30:00+03:00,15,A,True,12.444029850746269,1.0,0.0,0.0,0.0,,
2026-07-28 12:30:00+03:00,15,M,False,,,,,,,
2026-07-28 12:30:00+03:00,15,V,True,12.444029850746269,1.0,0.0,0.0,0.0,,
2026-07-28 12:35:00+03:00,15,A,True,12.444029850746269,1.0,0.0,0.0,0.0,,
2026-07-28 12:35:00+03:00,15,M,False,,,,,,,
2026-07-28 12:35:00+03:00,15,V,True,12.444029850746269,1.0,0.0,0.0,0.0,,
2026-07-28 12:40:00+03:00,15,A,True,12.444029850746269,1.0,0.0,0.0,0.0,,
2026-07-28 12:40:00+03:00,15,M,False,,,,,,,
2026-07-28 12:40:00+03:00,15,V,True,12.444029850746269,1.0,0.0,0.0,0.0,,
2026-07-28 12:45:00+03:00,15,A,True,12.444029850746269,1.0,0.0,0.0,0.0,,
2026-07-28 12:45:00+03:00,15,M,False,,,,,,,
2026-07-28 12:45:00+03:00,15,V,True,12.444029850746269,1.0,0.0,0.0,0.0,,
2026-07-28 12:50:00+03:00,15,A,True,12.444029850746269,1.0,0.0,0.0,0.0,,
2026-07-28 12:50:00+03:00,15,M,False,,,,,,,
2026-07-28 12:50:00+03:00,15,V,True,12.444029850746269,1.0,0.0,0.0,0.0,,
2026-07-28 12:55:00+03:00,15,A,True,12.444029850746269,1.0,0.0,0.0,0.0,,
2026-07-28 12:55:00+03:00,15,M,False,,,,,,,
2026-07-28 12:55:00+03:00,15,V,True,12.444029850746269,1.0,0.0,0.0,0.0,,
2026-07-28 13:00:00+03:00,15,A,True,12.444029850746269,1.0,0.0,0.0,0.0,,
2026-07-28 13:00:00+03:00,15,M,False,,,,,,,
2026-07-28 13:00:00+03:00,15,V,True,12.444029850746269,1.0,0.0,0.0,0.0,,
2026-07-28 13:05:00+03:00,15,A,True,12.444029850746269,1.0,0.0,0.0,0.0,,
2026-07-28 13:05:00+03:00,15,M,False,,,,,,,
2026-07-28 13:05:00+03:00,15,V,True,12.444029850746269,1.0,0.0,0.0,0.0,,
2026-07-28 13:10:00+03:00,15,A,True,12.444029850746269,1.0,0.0,0.0,0.0,,
2026-07-28 13:10:00+03:00,15,M,False,,,,,,,
2026-07-28 13:10:00+03:00,15,V,True,12.444029850746269,1.0,0.0,0.0,0.0,,
2026-07-28 13:15:00+03:00,15,A,True,12.444029850746269,1.0,0.0,0.0,0.0,,
2026-07-28 13:15:00+03:00,15,M,False,,,,,,,
2026-07-28 13:15:00+03:00,15,V,True,12.444029850746269,1.0,0.0,0.0,0.0,,
2026-07-28 13:20:00+03:00,15,A,True,12.444029850746269,1.0,0.0,0.0,0.0,,
2026-07-28 13:20:00+03:00,15,M,False,,,,,,,
2026-07-28 13:20:00+03:00,15,V,True,12.444029850746269,1.0,0.0,0.0,0.0,,
2026-07-28 13:25:00+03:00,15,A,True,12.444029850746269,1.0,0.0,0.0,0.0,,
2026-07-28 13:25:00+03:00,15,M,False,,,,,,,
2026-07-28 13:25:00+03:00,15,V,True,12.444029850746269,1.0,0.0,0.0,0.0,,
2026-07-28 13:30:00+03:00,15,A,True,12.444029850746269,1.0,0.0,0.0,0.0,,
2026-07-28 13:30:00+03:00,15,M,False,,,,,,,
2026-07-28 13:30:00+03:00,15,V,True,12.444029850746269,1.0,0.0,0.0,0.0,,
2026-07-28 13:35:00+03:00,15,A,True,12.444029850746269,1.0,0.0,0.0,0.0,,
2026-07-28 13:35:00+03:00,15,M,False,,,,,,,
2026-07-28 13:35:00+03:00,15,V,True,12.444029850746269,1.0,0.0,0.0,0.0,,
2026-07-28 13:40:00+03:00,15,A,True,12.444029850746269,1.0,0.0,0.0,0.0,,
2026-07-28 13:40:00+03:00,15,M,False,,,,,,,
2026-07-28 13:40:00+03:00,15,V,True,12.444029850746269,1.0,0.0,0.0,0.0,,
2026-07-28 13:45:00+03:00,15,A,True,12.444029850746269,1.0,0.0,0.0,0.0,,
2026-07-28 13:45:00+03:00,15,M,False,,,,,,,
2026-07-28 13:45:00+03:00,15,V,True,12.444029850746269,1.0,0.0,0.0,0.0,,
2026-07-28 13:50:00+03:00,15,A,True,12.444029850746269,1.0,0.0,0.0,0.0,,
2026-07-28 13:50:00+03:00,15,M,False,,,,,,,
2026-07-28 13:50:00+03:00,15,V,True,12.444029850746269,1.0,0.0,0.0,0.0,,
2026-07-28 13:55:00+03:00,15,A,True,12.444029850746269,1.0,0.0,0.0,0.0,,
2026-07-28 13:55:00+03:00,15,M,False,,,,,,,
2026-07-28 13:55:00+03:00,15,V,True,12.444029850746269,1.0,0.0,0.0,0.0,,
2026-07-28 14:00:00+03:00,15,A,True,12.444029850746269,1.0,0.0,0.0,0.0,,
2026-07-28 14:00:00+03:00,15,M,False,,,,,,,
2026-07-28 14:00:00+03:00,15,V,True,12.444029850746269,1.0,0.0,0.0,0.0,,
2026-07-28 14:05:00+03:00,15,A,True,12.444029850746269,1.0,0.0,0.0,0.0,,
2026-07-28 14:05:00+03:00,15,M,False,,,,,,,
2026-07-28 14:05:00+03:00,15,V,True,12.444029850746269,1.0,0.0,0.0,0.0,,
2026-07-28 14:10:00+03:00,15,A,True,12.444029850746269,1.0,0.0,0.0,0.0,,
2026-07-28 14:10:00+03:00,15,M,False,,,,,,,
2026-07-28 14:10:00+03:00,15,V,True,12.444029850746269,1.0,0.0,0.0,0.0,,
2026-07-28 14:15:00+03:00,15,A,True,12.444029850746269,1.0,0.0,0.0,0.0,,
2026-07-28 14:15:00+03:00,15,M,False,,,,,,,
2026-07-28 14:15:00+03:00,15,V,True,12.444029850746269,1.0,0.0,0.0,0.0,,
2026-07-28 14:20:00+03:00,15,A,True,12.444029850746269,1.0,0.0,0.0,0.0,,
2026-07-28 14:20:00+03:00,15,M,False,,,,,,,
2026-07-28 14:20:00+03:00,15,V,True,12.444029850746269,1.0,0.0,0.0,0.0,,
2026-07-28 14:25:00+03:00,15,A,True,12.444029850746269,1.0,0.0,0.0,0.0,,
2026-07-28 14:25:00+03:00,15,M,False,,,,,,,
2026-07-28 14:25:00+03:00,15,V,True,12.444029850746269,1.0,0.0,0.0,0.0,,
2026-07-28 14:30:00+03:00,15,A,True,12.444029850746269,1.0,0.0,0.0,0.0,,
2026-07-28 14:30:00+03:00,15,M,False,,,,,,,
2026-07-28 14:30:00+03:00,15,V,True,12.444029850746269,1.0,0.0,0.0,0.0,,
2026-07-28 14:35:00+03:00,15,A,True,12.444029850746269,1.0,0.0,0.0,0.0,,
2026-07-28 14:35:00+03:00,15,M,False,,,,,,,
2026-07-28 14:35:00+03:00,15,V,True,12.444029850746269,1.0,0.0,0.0,0.0,,
2026-07-28 14:40:00+03:00,15,A,True,12.444029850746269,1.0,0.0,0.0,0.0,,
2026-07-28 14:40:00+03:00,15,M,False,,,,,,,
2026-07-28 14:40:00+03:00,15,V,True,12.444029850746269,1.0,0.0,0.0,0.0,,
2026-07-28 14:45:00+03:00,15,A,True,12.444029850746269,1.0,0.0,0.0,0.0,,
2026-07-28 14:45:00+03:00,15,M,False,,,,,,,
2026-07-28 14:45:00+03:00,15,V,True,12.444029850746269,1.0,0.0,0.0,0.0,,
2026-07-28 14:50:00+03:00,15,A,True,12.444029850746269,1.0,0.0,0.0,0.0,,
2026-07-28 14:50:00+03:00,15,M,False,,,,,,,
2026-07-28 14:50:00+03:00,15,V,True,12.444029850746269,1.0,0.0,0.0,0.0,,
2026-07-28 14:55:00+03:00,15,A,True,12.444029850746269,1.0,0.0,0.0,0.0,,
2026-07-28 14:55:00+03:00,15,M,False,,,,,,,
2026-07-28 14:55:00+03:00,15,V,True,12.444029850746269,1.0,0.0,0.0,0.0,,
2026-07-28 15:00:00+03:00,15,A,True,12.444029850746269,1.0,0.0,0.0,0.0,,
2026-07-28 15:00:00+03:00,15,M,False,,,,,,,
2026-07-28 15:00:00+03:00,15,V,True,12.444029850746269,1.0,0.0,0.0,0.0,,
2026-07-28 15:05:00+03:00,15,A,True,12.444029850746269,1.0,0.0,0.0,0.0,,
2026-07-28 15:05:00+03:00,15,M,False,,,,,,,
2026-07-28 15:05:00+03:00,15,V,True,12.444029850746269,1.0,0.0,0.0,0.0,,
2026-07-28 15:10:00+03:00,15,A,True,12.444029850746269,1.0,0.0,0.0,0.0,,
2026-07-28 15:10:00+03:00,15,M,False,,,,,,,
2026-07-28 15:10:00+03:00,15,V,True,12.444029850746269,1.0,0.0,0.0,0.0,,
2026-07-28 15:15:00+03:00,15,A,True,12.444029850746269,1.0,0.0,0.0,0.0,,
2026-07-28 15:15:00+03:00,15,M,False,,,,,,,
2026-07-28 15:15:00+03:00,15,V,True,12.444029850746269,1.0,0.0,0.0,0.0,,
2026-07-28 15:20:00+03:00,15,A,True,12.444029850746269,1.0,0.0,0.0,0.0,,
2026-07-28 15:20:00+03:00,15,M,False,,,,,,,
2026-07-28 15:20:00+03:00,15,V,True,12.444029850746269,1.0,0.0,0.0,0.0,,
2026-07-28 15:25:00+03:00,15,A,True,12.444029850746269,1.0,0.0,0.0,0.0,,
2026-07-28 15:25:00+03:00,15,M,False,,,,,,,
2026-07-28 15:25:00+03:00,15,V,True,12.444029850746269,1.0,0.0,0.0,0.0,,
2026-07-28 15:30:00+03:00,15,A,True,12.444029850746269,1.0,0.0,0.0,0.0,,
2026-07-28 15:30:00+03:00,15,M,False,,,,,,,
2026-07-28 15:30:00+03:00,15,V,True,12.444029850746269,1.0,0.0,0.0,0.0,,
2026-07-28 15:35:00+03:00,15,A,True,12.444029850746269,1.0,0.0,0.0,0.0,,
2026-07-28 15:35:00+03:00,15,M,False,,,,,,,
2026-07-28 15:35:00+03:00,15,V,True,12.444029850746269,1.0,0.0,0.0,0.0,,
2026-07-28 15:40:00+03:00,15,A,True,12.444029850746269,1.0,0.0,0.0,0.0,,
2026-07-28 15:40:00+03:00,15,M,False,,,,,,,
2026-07-28 15:40:00+03:00,15,V,True,12.444029850746269,1.0,0.0,0.0,0.0,,
2026-07-28 15:45:00+03:00,15,A,True,12.444029850746269,1.0,0.0,0.0,0.0,,
2026-07-28 15:45:00+03:00,15,M,False,,,,,,,
2026-07-28 15:45:00+03:00,15,V,True,12.444029850746269,1.0,0.0,0.0,0.0,,
2026-07-28 15:50:00+03:00,15,A,True,12.444029850746269,1.0,0.0,0.0,0.0,,
2026-07-28 15:50:00+03:00,15,M,False,,,,,,,
2026-07-28 15:50:00+03:00,15,V,True,12.444029850746269,1.0,0.0,0.0,0.0,,
2026-07-28 15:55:00+03:00,15,A,True,12.444029850746269,1.0,0.0,0.0,0.0,,
2026-07-28 15:55:00+03:00,15,M,False,,,,,,,
2026-07-28 15:55:00+03:00,15,V,True,12.444029850746269,1.0,0.0,0.0,0.0,,
2026-07-28 16:00:00+03:00,15,A,True,12.444029850746269,1.0,0.0,0.0,0.0,,
2026-07-28 16:00:00+03:00,15,M,False,,,,,,,
2026-07-28 16:00:00+03:00,15,V,True,12.444029850746269,1.0,0.0,0.0,0.0,,
2026-07-28 16:05:00+03:00,15,A,True,16.835873862005396,0.8311849653720855,0.16881503462791442,0.0,0.0,,
2026-07-28 16:05:00+03:00,15,M,False,,,,,,,
2026-07-28 16:05:00+03:00,15,V,True,12.444029850746269,1.0,0.0,0.0,0.0,,
2026-07-28 16:10:00+03:00,15,A,True,22.375126957010334,0.6128043150901796,0.3871956849098204,0.0,0.0,,
2026-07-28 16:10:00+03:00,15,M,False,,,,,,,
2026-07-28 16:10:00+03:00,15,V,True,12.444029850746269,1.0,0.0,0.0,0.0,,
2026-07-28 16:15:00+03:00,15,A,True,12.444029850746269,1.0,0.0,0.0,0.0,,
2026-07-28 16:15:00+03:00,15,M,False,,,,,,,
2026-07-28 16:15:00+03:00,15,V,True,12.444029850746269,1.0,0.0,0.0,0.0,,
2026-07-28 16:20:00+03:00,15,A,True,12.444029850746269,1.0,0.0,0.0,0.0,,
2026-07-28 16:20:00+03:00,15,M,False,,,,,,,
2026-07-28 16:20:00+03:00,15,V,True,12.444029850746269,1.0,0.0,0.0,0.0,,
2026-07-28 16:25:00+03:00,15,A,True,12.444029850746269,1.0,0.0,0.0,0.0,,
2026-07-28 16:25:00+03:00,15,M,False,,,,,,,
2026-07-28 16:25:00+03:00,15,V,True,12.444029850746269,1.0,0.0,0.0,0.0,,
2026-07-28 16:30:00+03:00,15,A,True,12.444029850746269,1.0,0.0,0.0,0.0,,
2026-07-28 16:30:00+03:00,15,M,False,,,,,,,
2026-07-28 16:30:00+03:00,15,V,True,12.444029850746269,1.0,0.0,0.0,0.0,,
2026-07-28 16:35:00+03:00,15,A,True,12.444029850746269,1.0,0.0,0.0,0.0,,
2026-07-28 16:35:00+03:00,15,M,False,,,,,,,
2026-07-28 16:35:00+03:00,15,V,True,12.444029850746269,1.0,0.0,0.0,0.0,,
2026-07-28 16:40:00+03:00,15,A,True,12.444029850746269,1.0,0.0,0.0,0.0,,
2026-07-28 16:40:00+03:00,15,M,False,,,,,,,
2026-07-28 16:40:00+03:00,15,V,True,12.444029850746269,1.0,0.0,0.0,0.0,,
2026-07-28 16:45:00+03:00,15,A,True,12.444029850746269,1.0,0.0,0.0,0.0,,
2026-07-28 16:45:00+03:00,15,M,False,,,,,,,
2026-07-28 16:45:00+03:00,15,V,True,12.444029850746269,1.0,0.0,0.0,0.0,,
2026-07-28 16:50:00+03:00,15,A,True,12.444029850746269,1.0,0.0,0.0,0.0,,
2026-07-28 16:50:00+03:00,15,M,False,,,,,,,
2026-07-28 16:50:00+03:00,15,V,True,12.444029850746269,1.0,0.0,0.0,0.0,,
2026-07-28 16:55:00+03:00,15,A,True,12.444029850746269,1.0,0.0,0.0,0.0,,
2026-07-28 16:55:00+03:00,15,M,False,,,,,,,
2026-07-28 16:55:00+03:00,15,V,True,12.444029850746269,1.0,0.0,0.0,0.0,,
2026-07-28 17:00:00+03:00,15,A,True,12.444029850746269,1.0,0.0,0.0,0.0,,
2026-07-28 17:00:00+03:00,15,M,False,,,,,,,
2026-07-28 17:00:00+03:00,15,V,True,12.444029850746269,1.0,0.0,0.0,0.0,,
2026-07-28 17:05:00+03:00,15,A,True,12.444029850746269,1.0,0.0,0.0,0.0,,
2026-07-28 17:05:00+03:00,15,M,False,,,,,,,
2026-07-28 17:05:00+03:00,15,V,True,12.444029850746269,1.0,0.0,0.0,0.0,,
2026-07-28 17:10:00+03:00,15,A,True,12.444029850746269,1.0,0.0,0.0,0.0,,
2026-07-28 17:10:00+03:00,15,M,False,,,,,,,
2026-07-28 17:10:00+03:00,15,V,True,12.444029850746269,1.0,0.0,0.0,0.0,,
2026-07-28 17:15:00+03:00,15,A,True,12.444029850746269,1.0,0.0,0.0,0.0,,
2026-07-28 17:15:00+03:00,15,M,False,,,,,,,
2026-07-28 17:15:00+03:00,15,V,True,12.444029850746269,1.0,0.0,0.0,0.0,,
2026-07-28 17:20:00+03:00,15,A,True,12.444029850746269,1.0,0.0,0.0,0.0,,
2026-07-28 17:20:00+03:00,15,M,False,,,,,,,
2026-07-28 17:20:00+03:00,15,V,True,12.444029850746269,1.0,0.0,0.0,0.0,,
2026-07-28 17:25:00+03:00,15,A,True,12.444029850746269,1.0,0.0,0.0,0.0,,
2026-07-28 17:25:00+03:00,15,M,False,,,,,,,
2026-07-28 17:25:00+03:00,15,V,True,12.444029850746269,1.0,0.0,0.0,0.0,,
2026-07-28 17:30:00+03:00,15,A,True,12.444029850746269,1.0,0.0,0.0,0.0,,
2026-07-28 17:30:00+03:00,15,M,False,,,,,,,
2026-07-28 17:30:00+03:00,15,V,True,12.444029850746269,1.0,0.0,0.0,0.0,,
2026-07-28 17:35:00+03:00,15,A,True,12.444029850746269,1.0,0.0,0.0,0.0,,
2026-07-28 17:35:00+03:00,15,M,False,,,,,,,
2026-07-28 17:35:00+03:00,15,V,True,12.444029850746269,1.0,0.0,0.0,0.0,,
2026-07-28 17:40:00+03:00,15,A,True,12.444029850746269,1.0,0.0,0.0,0.0,,
2026-07-28 17:40:00+03:00,15,M,False,,,,,,,
2026-07-28 17:40:00+03:00,15,V,True,12.444029850746269,1.0,0.0,0.0,0.0,,
2026-07-28 17:45:00+03:00,15,A,True,12.444029850746269,1.0,0.0,0.0,0.0,,
2026-07-28 17:45:00+03:00,15,M,False,,,,,,,
2026-07-28 17:45:00+03:00,15,V,True,12.444029850746269,1.0,0.0,0.0,0.0,,
2026-07-28 17:50:00+03:00,15,A,True,12.444029850746269,1.0,0.0,0.0,0.0,,
2026-07-28 17:50:00+03:00,15,M,False,,,,,,,
2026-07-28 17:50:00+03:00,15,V,True,12.444029850746269,1.0,0.0,0.0,0.0,,
2026-07-28 17:55:00+03:00,15,A,True,12.444029850746269,1.0,0.0,0.0,0.0,,
2026-07-28 17:55:00+03:00,15,M,False,,,,,,,
2026-07-28 17:55:00+03:00,15,V,True,12.444029850746269,1.0,0.0,0.0,0.0,,
2026-07-28 18:00:00+03:00,15,A,True,12.444029850746269,1.0,0.0,0.0,0.0,,
2026-07-28 18:00:00+03:00,15,M,False,,,,,,,
2026-07-28 18:00:00+03:00,15,V,True,12.444029850746269,1.0,0.0,0.0,0.0,,
2026-07-28 18:05:00+03:00,15,A,True,12.444029850746269,1.0,0.0,0.0,0.0,,
2026-07-28 18:05:00+03:00,15,M,False,,,,,,,
2026-07-28 18:05:00+03:00,15,V,True,12.444029850746269,1.0,0.0,0.0,0.0,,
2026-07-28 18:10:00+03:00,15,A,True,12.444029850746269,1.0,0.0,0.0,0.0,,
2026-07-28 18:10:00+03:00,15,M,False,,,,,,,
2026-07-28 18:10:00+03:00,15,V,True,12.444029850746269,1.0,0.0,0.0,0.0,,
2026-07-28 18:15:00+03:00,15,A,True,12.444029850746269,1.0,0.0,0.0,0.0,,
2026-07-28 18:15:00+03:00,15,M,False,,,,,,,
2026-07-28 18:15:00+03:00,15,V,True,12.444029850746269,1.0,0.0,0.0,0.0,,
2026-07-28 18:20:00+03:00,15,A,True,12.444029850746269,1.0,0.0,0.0,0.0,,
2026-07-28 18:20:00+03:00,15,M,False,,,,,,,
2026-07-28 18:20:00+03:00,15,V,True,12.444029850746269,1.0,0.0,0.0,0.0,,
2026-07-28 18:25:00+03:00,15,A,True,12.444029850746269,1.0,0.0,0.0,0.0,,
2026-07-28 18:25:00+03:00,15,M,False,,,,,,,
2026-07-28 18:25:00+03:00,15,V,True,12.444029850746269,1.0,0.0,0.0,0.0,,
2026-07-28 18:30:00+03:00,15,A,True,12.444029850746269,1.0,0.0,0.0,0.0,,
2026-07-28 18:30:00+03:00,15,M,False,,,,,,,
2026-07-28 18:30:00+03:00,15,V,True,12.444029850746269,1.0,0.0,0.0,0.0,,
2026-07-28 18:35:00+03:00,15,A,True,12.444029850746269,1.0,0.0,0.0,0.0,,
2026-07-28 18:35:00+03:00,15,M,False,,,,,,,
2026-07-28 18:35:00+03:00,15,V,True,12.444029850746269,1.0,0.0,0.0,0.0,,
2026-07-28 18:40:00+03:00,15,A,True,12.444029850746269,1.0,0.0,0.0,0.0,,
2026-07-28 18:40:00+03:00,15,M,False,,,,,,,
2026-07-28 18:40:00+03:00,15,V,True,12.444029850746269,1.0,0.0,0.0,0.0,,
2026-07-28 18:45:00+03:00,15,A,True,12.444029850746269,1.0,0.0,0.0,0.0,,
2026-07-28 18:45:00+03:00,15,M,False,,,,,,,
2026-07-28 18:45:00+03:00,15,V,True,12.444029850746269,1.0,0.0,0.0,0.0,,
2026-07-28 18:50:00+03:00,15,A,True,12.444029850746269,1.0,0.0,0.0,0.0,,
2026-07-28 18:50:00+03:00,15,M,False,,,,,,,
2026-07-28 18:50:00+03:00,15,V,True,12.444029850746269,1.0,0.0,0.0,0.0,,
2026-07-28 18:55:00+03:00,15,A,True,12.444029850746269,1.0,0.0,0.0,0.0,,
2026-07-28 18:55:00+03:00,15,M,False,,,,,,,
2026-07-28 18:55:00+03:00,15,V,True,12.444029850746269,1.0,0.0,0.0,0.0,,
2026-07-28 19:00:00+03:00,15,A,True,12.444029850746269,1.0,0.0,0.0,0.0,,
2026-07-28 19:00:00+03:00,15,M,False,,,,,,,
2026-07-28 19:00:00+03:00,15,V,True,12.444029850746269,1.0,0.0,0.0,0.0,,
2026-07-28 19:05:00+03:00,15,A,True,12.444029850746269,1.0,0.0,0.0,0.0,,
2026-07-28 19:05:00+03:00,15,M,False,,,,,,,
2026-07-28 19:05:00+03:00,15,V,True,12.444029850746269,1.0,0.0,0.0,0.0,,
2026-07-28 19:10:00+03:00,15,A,True,12.444029850746269,1.0,0.0,0.0,0.0,,
2026-07-28 19:10:00+03:00,15,M,False,,,,,,,
2026-07-28 19:10:00+03:00,15,V,True,12.444029850746269,1.0,0.0,0.0,0.0,,
2026-07-28 19:15:00+03:00,15,A,True,12.444029850746269,1.0,0.0,0.0,0.0,,
2026-07-28 19:15:00+03:00,15,M,False,,,,,,,
2026-07-28 19:15:00+03:00,15,V,True,12.444029850746269,1.0,0.0,0.0,0.0,,
2026-07-28 19:20:00+03:00,15,A,True,12.444029850746269,1.0,0.0,0.0,0.0,,
2026-07-28 19:20:00+03:00,15,M,False,,,,,,,
2026-07-28 19:20:00+03:00,15,V,True,12.444029850746269,1.0,0.0,0.0,0.0,,
2026-07-28 19:25:00+03:00,15,A,True,12.444029850746269,1.0,0.0,0.0,0.0,,
2026-07-28 19:25:00+03:00,15,M,False,,,,,,,
2026-07-28 19:25:00+03:00,15,V,True,12.444029850746269,1.0,0.0,0.0,0.0,,
2026-07-28 19:30:00+03:00,15,A,True,12.444029850746269,1.0,0.0,0.0,0.0,,
2026-07-28 19:30:00+03:00,15,M,False,,,,,,,
2026-07-28 19:30:00+03:00,15,V,True,12.444029850746269,1.0,0.0,0.0,0.0,,
2026-07-28 19:35:00+03:00,15,A,True,12.444029850746269,1.0,0.0,0.0,0.0,,
2026-07-28 19:35:00+03:00,15,M,False,,,,,,,
2026-07-28 19:35:00+03:00,15,V,True,12.444029850746269,1.0,0.0,0.0,0.0,,
2026-07-28 19:40:00+03:00,15,A,True,12.444029850746269,1.0,0.0,0.0,0.0,,
2026-07-28 19:40:00+03:00,15,M,False,,,,,,,
2026-07-28 19:40:00+03:00,15,V,True,12.444029850746269,1.0,0.0,0.0,0.0,,
2026-07-28 19:45:00+03:00,15,A,True,12.444029850746269,1.0,0.0,0.0,0.0,,
2026-07-28 19:45:00+03:00,15,M,False,,,,,,,
2026-07-28 19:45:00+03:00,15,V,True,12.444029850746269,1.0,0.0,0.0,0.0,,
2026-07-28 19:50:00+03:00,15,A,True,12.444029850746269,1.0,0.0,0.0,0.0,,
2026-07-28 19:50:00+03:00,15,M,False,,,,,,,
2026-07-28 19:50:00+03:00,15,V,True,12.444029850746269,1.0,0.0,0.0,0.0,,
2026-07-28 19:55:00+03:00,15,A,True,12.444029850746269,1.0,0.0,0.0,0.0,,
2026-07-28 19:55:00+03:00,15,M,False,,,,,,,
2026-07-28 19:55:00+03:00,15,V,True,12.444029850746269,1.0,0.0,0.0,0.0,,
2026-07-28 20:00:00+03:00,15,A,True,12.444029850746269,1.0,0.0,0.0,0.0,,
2026-07-28 20:00:00+03:00,15,M,False,,,,,,,
2026-07-28 20:00:00+03:00,15,V,True,12.444029850746269,1.0,0.0,0.0,0.0,,
2026-07-28 20:05:00+03:00,15,A,True,12.444029850746269,1.0,0.0,0.0,0.0,,
2026-07-28 20:05:00+03:00,15,M,False,,,,,,,
2026-07-28 20:05:00+03:00,15,V,True,12.444029850746269,1.0,0.0,0.0,0.0,,
2026-07-28 20:10:00+03:00,15,A,True,12.444029850746269,1.0,0.0,0.0,0.0,,
2026-07-28 20:10:00+03:00,15,M,False,,,,,,,
2026-07-28 20:10:00+03:00,15,V,True,12.444029850746269,1.0,0.0,0.0,0.0,,
2026-07-28 20:15:00+03:00,15,A,True,12.444029850746269,1.0,0.0,0.0,0.0,,
2026-07-28 20:15:00+03:00,15,M,False,,,,,,,
2026-07-28 20:15:00+03:00,15,V,True,12.444029850746269,1.0,0.0,0.0,0.0,,
2026-07-28 20:20:00+03:00,15,A,True,12.444029850746269,1.0,0.0,0.0,0.0,,
2026-07-28 20:20:00+03:00,15,M,False,,,,,,,
2026-07-28 20:20:00+03:00,15,V,True,12.444029850746269,1.0,0.0,0.0,0.0,,
2026-07-28 20:25:00+03:00,15,A,True,12.444029850746269,1.0,0.0,0.0,0.0,,
2026-07-28 20:25:00+03:00,15,M,False,,,,,,,
2026-07-28 20:25:00+03:00,15,V,True,12.444029850746269,1.0,0.0,0.0,0.0,,
2026-07-28 20:30:00+03:00,15,A,True,12.444029850746269,1.0,0.0,0.0,0.0,,
2026-07-28 20:30:00+03:00,15,M,False,,,,,,,
2026-07-28 20:30:00+03:00,15,V,True,12.444029850746269,1.0,0.0,0.0,0.0,,
2026-07-28 20:35:00+03:00,15,A,True,12.444029850746269,1.0,0.0,0.0,0.0,,
2026-07-28 20:35:00+03:00,15,M,False,,,,,,,
2026-07-28 20:35:00+03:00,15,V,True,12.444029850746269,1.0,0.0,0.0,0.0,,
2026-07-28 20:40:00+03:00,15,A,True,12.444029850746269,1.0,0.0,0.0,0.0,,
2026-07-28 20:40:00+03:00,15,M,False,,,,,,,
2026-07-28 20:40:00+03:00,15,V,True,12.444029850746269,1.0,0.0,0.0,0.0,,
2026-07-28 20:45:00+03:00,15,A,True,12.444029850746269,1.0,0.0,0.0,0.0,,
2026-07-28 20:45:00+03:00,15,M,False,,,,,,,
2026-07-28 20:45:00+03:00,15,V,True,12.444029850746269,1.0,0.0,0.0,0.0,,
2026-07-28 20:50:00+03:00,15,A,True,12.444029850746269,1.0,0.0,0.0,0.0,,
2026-07-28 20:50:00+03:00,15,M,False,,,,,,,
2026-07-28 20:50:00+03:00,15,V,True,12.444029850746269,1.0,0.0,0.0,0.0,,
2026-07-28 20:55:00+03:00,15,A,True,12.444029850746269,1.0,0.0,0.0,0.0,,
2026-07-28 20:55:00+03:00,15,M,False,,,,,,,
2026-07-28 20:55:00+03:00,15,V,True,12.444029850746269,1.0,0.0,0.0,0.0,,
2026-07-28 21:00:00+03:00,15,A,True,12.444029850746269,1.0,0.0,0.0,0.0,,
2026-07-28 21:00:00+03:00,15,M,False,,,,,,,
2026-07-28 21:00:00+03:00,15,V,True,12.444029850746269,1.0,0.0,0.0,0.0,,
2026-07-28 21:05:00+03:00,15,A,True,12.444029850746269,1.0,0.0,0.0,0.0,,
2026-07-28 21:05:00+03:00,15,M,False,,,,,,,
2026-07-28 21:05:00+03:00,15,V,True,12.444029850746269,1.0,0.0,0.0,0.0,,
2026-07-28 21:10:00+03:00,15,A,True,12.444029850746269,1.0,0.0,0.0,0.0,,
2026-07-28 21:10:00+03:00,15,M,False,,,,,,,
2026-07-28 21:10:00+03:00,15,V,True,12.444029850746269,1.0,0.0,0.0,0.0,,
2026-07-28 21:15:00+03:00,15,A,True,12.444029850746269,1.0,0.0,0.0,0.0,,
2026-07-28 21:15:00+03:00,15,M,False,,,,,,,
2026-07-28 21:15:00+03:00,15,V,True,12.444029850746269,1.0,0.0,0.0,0.0,,
2026-07-28 21:20:00+03:00,15,A,True,12.444029850746269,1.0,0.0,0.0,0.0,,
2026-07-28 21:20:00+03:00,15,M,False,,,,,,,
2026-07-28 21:20:00+03:00,15,V,True,12.444029850746269,1.0,0.0,0.0,0.0,,
2026-07-28 21:25:00+03:00,15,A,True,12.444029850746269,1.0,0.0,0.0,0.0,,
2026-07-28 21:25:00+03:00,15,M,False,,,,,,,
2026-07-28 21:25:00+03:00,15,V,True,12.444029850746269,1.0,0.0,0.0,0.0,,
2026-07-28 21:30:00+03:00,15,A,True,12.444029850746269,1.0,0.0,0.0,0.0,,
2026-07-28 21:30:00+03:00,15,M,False,,,,,,,
2026-07-28 21:30:00+03:00,15,V,True,12.444029850746269,1.0,0.0,0.0,0.0,,
2026-07-28 21:35:00+03:00,15,A,True,12.444029850746269,1.0,0.0,0.0,0.0,,
2026-07-28 21:35:00+03:00,15,M,False,,,,,,,
2026-07-28 21:35:00+03:00,15,V,True,12.444029850746269,1.0,0.0,0.0,0.0,,
2026-07-28 21:40:00+03:00,15,A,True,12.444029850746269,1.0,0.0,0.0,0.0,,
2026-07-28 21:40:00+03:00,15,M,False,,,,,,,
2026-07-28 21:40:00+03:00,15,V,True,12.444029850746269,1.0,0.0,0.0,0.0,,
2026-07-28 21:45:00+03:00,15,A,True,12.444029850746269,1.0,0.0,0.0,0.0,,
2026-07-28 21:45:00+03:00,15,M,False,,,,,,,
2026-07-28 21:45:00+03:00,15,V,True,12.444029850746269,1.0,0.0,0.0,0.0,,
2026-07-28 21:50:00+03:00,15,A,True,12.444029850746269,1.0,0.0,0.0,0.0,,
2026-07-28 21:50:00+03:00,15,M,False,,,,,,,
2026-07-28 21:50:00+03:00,15,V,True,12.444029850746269,1.0,0.0,0.0,0.0,,
2026-07-28 21:55:00+03:00,15,A,True,12.444029850746269,1.0,0.0,0.0,0.0,,
2026-07-28 21:55:00+03:00,15,M,False,,,,,,,
2026-07-28 21:55:00+03:00,15,V,True,12.444029850746269,1.0,0.0,0.0,0.0,,
2026-07-28 22:00:00+03:00,15,A,True,12.444029850746269,1.0,0.0,0.0,0.0,,
2026-07-28 22:00:00+03:00,15,M,False,,,,,,,
2026-07-28 22:00:00+03:00,15,V,True,12.444029850746269,1.0,0.0,0.0,0.0,,
2026-07-28 22:05:00+03:00,15,A,True,12.444029850746269,1.0,0.0,0.0,0.0,,
2026-07-28 22:05:00+03:00,15,M,False,,,,,,,
2026-07-28 22:05:00+03:00,15,V,True,12.444029850746269,1.0,0.0,0.0,0.0,,
2026-07-28 22:10:00+03:00,15,A,True,12.444029850746269,1.0,0.0,0.0,0.0,,
2026-07-28 22:10:00+03:00,15,M,False,,,,,,,
2026-07-28 22:10:00+03:00,15,V,True,12.444029850746269,1.0,0.0,0.0,0.0,,
2026-07-28 22:15:00+03:00,15,A,True,12.444029850746269,1.0,0.0,0.0,0.0,,
2026-07-28 22:15:00+03:00,15,M,False,,,,,,,
2026-07-28 22:15:00+03:00,15,V,True,12.444029850746269,1.0,0.0,0.0,0.0,,
2026-07-28 22:20:00+03:00,15,A,True,12.444029850746269,1.0,0.0,0.0,0.0,,
2026-07-28 22:20:00+03:00,15,M,False,,,,,,,
2026-07-28 22:20:00+03:00,15,V,True,12.444029850746269,1.0,0.0,0.0,0.0,,
2026-07-28 22:25:00+03:00,15,A,True,12.444029850746269,1.0,0.0,0.0,0.0,,
2026-07-28 22:25:00+03:00,15,M,False,,,,,,,
2026-07-28 22:25:00+03:00,15,V,True,12.444029850746269,1.0,0.0,0.0,0.0,,
2026-07-28 22:30:00+03:00,15,A,True,12.444029850746269,1.0,0.0,0.0,0.0,,
2026-07-28 22:30:00+03:00,15,M,False,,,,,,,
2026-07-28 22:30:00+03:00,15,V,True,12.444029850746269,1.0,0.0,0.0,0.0,,
2026-07-28 22:35:00+03:00,15,A,True,12.444029850746269,1.0,0.0,0.0,0.0,,
2026-07-28 22:35:00+03:00,15,M,False,,,,,,,
2026-07-28 22:35:00+03:00,15,V,True,12.444029850746269,1.0,0.0,0.0,0.0,,
2026-07-28 22:40:00+03:00,15,A,True,12.444029850746269,1.0,0.0,0.0,0.0,,
2026-07-28 22:40:00+03:00,15,M,False,,,,,,,
2026-07-28 22:40:00+03:00,15,V,True,12.444029850746269,1.0,0.0,0.0,0.0,,
2026-07-28 22:45:00+03:00,15,A,True,19.503706257730315,0.7267268832524618,0.27327311674753824,0.0,0.0,,
2026-07-28 22:45:00+03:00,15,M,False,,,,,,,
2026-07-28 22:45:00+03:00,15,V,True,12.444029850746269,1.0,0.0,0.0,0.0,,
2026-07-28 22:50:00+03:00,15,A,True,37.5,0.0,1.0,0.0,0.0,,
2026-07-28 22:50:00+03:00,15,M,False,,,,,,,
2026-07-28 22:50:00+03:00,15,V,True,12.444029850746269,1.0,0.0,0.0,0.0,,
2026-07-28 22:55:00+03:00,15,A,True,37.5,0.0,1.0,0.0,0.0,,
2026-07-28 22:55:00+03:00,15,M,False,,,,,,,
2026-07-28 22:55:00+03:00,15,V,True,12.444029850746269,1.0,0.0,0.0,0.0,,
2026-07-28 23:00:00+03:00,15,A,True,37.5,0.0,1.0,0.0,0.0,,
2026-07-28 23:00:00+03:00,15,M,False,,,,,,,
2026-07-28 23:00:00+03:00,15,V,True,12.444029850746269,1.0,0.0,0.0,0.0,,
2026-07-28 23:05:00+03:00,15,A,True,37.5,0.0,1.0,0.0,0.0,,
2026-07-28 23:05:00+03:00,15,M,False,,,,,,,
2026-07-28 23:05:00+03:00,15,V,True,12.444029850746269,1.0,0.0,0.0,0.0,,
2026-07-28 23:10:00+03:00,15,A,True,37.5,0.0,1.0,0.0,0.0,,
2026-07-28 23:10:00+03:00,15,M,False,,,,,,,
2026-07-28 23:10:00+03:00,15,V,True,12.444029850746269,1.0,0.0,0.0,0.0,,
2026-07-28 23:15:00+03:00,15,A,True,39.51211267679375,0.0,0.921811580657959,0.07818841934204102,0.0,,
2026-07-28 23:15:00+03:00,15,M,False,,,,,,,
2026-07-28 23:15:00+03:00,15,V,True,12.444029850746269,1.0,0.0,0.0,0.0,,
2026-07-28 23:20:00+03:00,15,A,True,48.62711780548872,0.0,0.5559828503926596,0.4440171496073404,0.0,,
2026-07-28 23:20:00+03:00,15,M,False,,,,,,,
2026-07-28 23:20:00+03:00,15,V,True,12.444029850746269,1.0,0.0,0.0,0.0,,
2026-07-28 23:25:00+03:00,15,A,True,52.021412009550694,0.0,0.41759302139282256,0.5824069786071775,0.0,,
2026-07-28 23:25:00+03:00,15,M,False,,,,,,,
2026-07-28 23:25:00+03:00,15,V,True,12.444029850746269,1.0,0.0,0.0,0.0,,
2026-07-28 23:30:00+03:00,15,A,True,53.23415414589983,0.0,0.3682344754536949,0.6317655245463051,0.0,,
2026-07-28 23:30:00+03:00,15,M,False,,,,,,,
2026-07-28 23:30:00+03:00,15,V,True,12.444029850746269,1.0,0.0,0.0,0.0,,
2026-07-28 23:35:00+03:00,15,A,True,44.37199663087936,0.0,0.7286411857604982,0.2713588142395018,0.0,,
2026-07-28 23:35:00+03:00,15,M,False,,,,,,,
2026-07-28 23:35:00+03:00,15,V,True,12.444029850746269,1.0,0.0,0.0,0.0,,
2026-07-28 23:40:00+03:00,15,A,True,37.5,0.0,1.0,0.0,0.0,,
2026-07-28 23:40:00+03:00,15,M,False,,,,,,,
2026-07-28 23:40:00+03:00,15,V,True,12.444029850746269,1.0,0.0,0.0,0.0,,
2026-07-28 23:45:00+03:00,15,A,True,35.81273776371659,0.06840018590291308,0.9315998140970869,0.0,0.0,,
2026-07-28 23:45:00+03:00,15,M,False,,,,,,,
2026-07-28 23:45:00+03:00,15,V,True,12.444029850746269,1.0,0.0,0.0,0.0,,
2026-07-28 23:50:00+03:00,15,A,True,21.411860372159005,0.6511370150248208,0.3488629849751792,0.0,0.0,,
2026-07-28 23:50:00+03:00,15,M,False,,,,,,,
2026-07-28 23:50:00+03:00,15,V,True,12.444029850746269,1.0,0.0,0.0,0.0,,
2026-07-28 23:55:00+03:00,15,A,True,12.444029850746269,1.0,0.0,0.0,0.0,,
2026-07-28 23:55:00+03:00,15,M,False,,,,,,,
2026-07-28 23:55:00+03:00,15,V,True,12.444029850746269,1.0,0.0,0.0,0.0,,
2026-07-29 00:00:00+03:00,15,A,True,12.444029850746269,1.0,0.0,0.0,0.0,,
2026-07-29 00:00:00+03:00,15,M,False,,,,,,,
2026-07-29 00:00:00+03:00,15,V,True,12.444029850746269,1.0,0.0,0.0,0.0,,
2026-07-29 00:05:00+03:00,15,A,True,12.444029850746269,1.0,0.0,0.0,0.0,,
2026-07-29 00:05:00+03:00,15,M,False,,,,,,,
2026-07-29 00:05:00+03:00,15,V,True,12.444029850746269,1.0,0.0,0.0,0.0,,
2026-07-29 00:10:00+03:00,15,A,True,12.444029850746269,1.0,0.0,0.0,0.0,,
2026-07-29 00:10:00+03:00,15,M,False,,,,,,,
2026-07-29 00:10:00+03:00,15,V,True,12.444029850746269,1.0,0.0,0.0,0.0,,
2026-07-29 00:15:00+03:00,15,A,True,12.444029850746269,1.0,0.0,0.0,0.0,,
2026-07-29 00:15:00+03:00,15,M,False,,,,,,,
2026-07-29 00:15:00+03:00,15,V,True,12.444029850746269,1.0,0.0,0.0,0.0,,
2026-07-29 00:20:00+03:00,15,A,True,12.444029850746269,1.0,0.0,0.0,0.0,,
2026-07-29 00:20:00+03:00,15,M,False,,,,,,,
2026-07-29 00:20:00+03:00,15,V,True,12.444029850746269,1.0,0.0,0.0,0.0,,
2026-07-29 00:25:00+03:00,15,A,True,12.444029850746269,1.0,0.0,0.0,0.0,,
2026-07-29 00:25:00+03:00,15,M,False,,,,,,,
2026-07-29 00:25:00+03:00,15,V,True,12.444029850746269,1.0,0.0,0.0,0.0,,
2026-07-29 00:30:00+03:00,15,A,True,12.444029850746269,1.0,0.0,0.0,0.0,,
2026-07-29 00:30:00+03:00,15,M,False,,,,,,,
2026-07-29 00:30:00+03:00,15,V,True,12.444029850746269,1.0,0.0,0.0,0.0,,
2026-07-29 00:35:00+03:00,15,A,True,29.501574781299333,0.325212745666504,0.6747872543334961,0.0,0.0,,
2026-07-29 00:35:00+03:00,15,M,False,,,,,,,
2026-07-29 00:35:00+03:00,15,V,True,12.444029850746269,1.0,0.0,0.0,0.0,,
2026-07-29 00:40:00+03:00,15,A,True,37.5,0.0,1.0,0.0,0.0,,
2026-07-29 00:40:00+03:00,15,M,False,,,,,,,
2026-07-29 00:40:00+03:00,15,V,True,12.444029850746269,1.0,0.0,0.0,0.0,,
2026-07-29 00:45:00+03:00,15,A,True,62.5,0.0,0.0,1.0,0.0,,
2026-07-29 00:45:00+03:00,15,M,False,,,,,,,
2026-07-29 00:45:00+03:00,15,V,True,15.381985568431894,0.8876190476190475,0.11238095238095248,0.0,0.0,,
2026-07-29 00:50:00+03:00,15,A,True,62.499999999999986,0.0,0.0,0.9208235435485841,0.0,,
2026-07-29 00:50:00+03:00,15,M,False,,,,,,,
2026-07-29 00:50:00+03:00,15,V,True,17.641649796020335,0.799761904761905,0.20023809523809502,0.0,0.0,,
2026-07-29 00:55:00+03:00,15,A,True,62.5,0.0,0.0,0.8369713058471681,0.0,,
2026-07-29 00:55:00+03:00,15,M,False,,,,,,,
2026-07-29 00:55:00+03:00,15,V,True,15.164803229013875,0.8959523809523814,0.10404761904761861,0.0,0.0,,
2026-07-29 01:00:00+03:00,15,A,True,62.5,0.0,0.0,0.9941969680786132,0.0,,
2026-07-29 01:00:00+03:00,15,M,False,,,,,,,
2026-07-29 01:00:00+03:00,15,V,True,12.444029850746269,1.0,0.0,0.0,0.0,,
2026-07-29 01:05:00+03:00,15,A,True,62.5,0.0,0.0,1.0,0.0,,
2026-07-29 01:05:00+03:00,15,M,False,,,,,,,
2026-07-29 01:05:00+03:00,15,V,True,12.444029850746269,1.0,0.0,0.0,0.0,,
2026-07-29 01:10:00+03:00,15,A,True,55.33081377750653,0.0,0.28335558573404923,0.7166444142659507,0.0,,
2026-07-29 01:10:00+03:00,15,M,False,,,,,,,
2026-07-29 01:10:00+03:00,15,V,True,12.444029850746269,1.0,0.0,0.0,0.0,,
2026-07-29 01:15:00+03:00,15,A,True,41.34165206902074,0.0,0.8498007074991861,0.1501992925008139,0.0,,
2026-07-29 01:15:00+03:00,15,M,False,,,,,,,
2026-07-29 01:15:00+03:00,15,V,True,12.444029850746269,1.0,0.0,0.0,0.0,,
2026-07-29 01:20:00+03:00,15,A,True,37.5,0.0,1.0,0.0,0.0,,
2026-07-29 01:20:00+03:00,15,M,False,,,,,,,
2026-07-29 01:20:00+03:00,15,V,True,12.444029850746269,1.0,0.0,0.0,0.0,,
2026-07-29 01:25:00+03:00,15,A,True,37.5,0.0,1.0,0.0,0.0,,
2026-07-29 01:25:00+03:00,15,M,False,,,,,,,
2026-07-29 01:25:00+03:00,15,V,True,12.444029850746269,1.0,0.0,0.0,0.0,,
2026-07-29 01:30:00+03:00,15,A,True,37.5,0.0,1.0,0.0,0.0,,
2026-07-29 01:30:00+03:00,15,M,False,,,,,,,
2026-07-29 01:30:00+03:00,15,V,True,12.444029850746269,1.0,0.0,0.0,0.0,,
2026-07-29 01:35:00+03:00,15,A,True,33.83821786457127,0.14875896453857393,0.851241035461426,0.0,0.0,,
2026-07-29 01:35:00+03:00,15,M,False,,,,,,,
2026-07-29 01:35:00+03:00,15,V,True,12.444029850746269,1.0,0.0,0.0,0.0,,
2026-07-29 01:40:00+03:00,15,A,True,29.323326158027953,0.3324639606475831,0.6675360393524169,0.0,0.0,,
2026-07-29 01:40:00+03:00,15,M,False,,,,,,,
2026-07-29 01:40:00+03:00,15,V,True,12.444029850746269,1.0,0.0,0.0,0.0,,
2026-07-29 01:45:00+03:00,15,A,True,24.45585003762579,0.5293693796793619,0.4706306203206381,0.0,0.0,,
2026-07-29 01:45:00+03:00,15,M,False,,,,,,,
2026-07-29 01:45:00+03:00,15,V,True,12.444029850746269,1.0,0.0,0.0,0.0,,
2026-07-29 01:50:00+03:00,15,A,True,20.485150946015068,0.6878619098663329,0.3121380901336671,0.0,0.0,,
2026-07-29 01:50:00+03:00,15,M,False,,,,,,,
2026-07-29 01:50:00+03:00,15,V,True,12.444029850746269,1.0,0.0,0.0,0.0,,
2026-07-29 01:55:00+03:00,15,A,True,16.28510008671742,0.8526411533355713,0.14735884666442872,0.0,0.0,,
2026-07-29 01:55:00+03:00,15,M,False,,,,,,,
2026-07-29 01:55:00+03:00,15,V,True,12.444029850746269,1.0,0.0,0.0,0.0,,
2026-07-29 02:00:00+03:00,15,A,True,12.444029850746269,1.0,0.0,0.0,0.0,,
2026-07-29 02:00:00+03:00,15,M,False,,,,,,,
2026-07-29 02:00:00+03:00,15,V,True,12.444029850746269,1.0,0.0,0.0,0.0,,
2026-07-29 02:05:00+03:00,15,A,True,12.444029850746269,1.0,0.0,0.0,0.0,,
2026-07-29 02:05:00+03:00,15,M,False,,,,,,,
2026-07-29 02:05:00+03:00,15,V,True,12.444029850746269,1.0,0.0,0.0,0.0,,
2026-07-29 02:10:00+03:00,15,A,True,12.444029850746269,1.0,0.0,0.0,0.0,,
2026-07-29 02:10:00+03:00,15,M,False,,,,,,,
2026-07-29 02:10:00+03:00,15,V,True,12.444029850746269,1.0,0.0,0.0,0.0,,
2026-07-29 02:15:00+03:00,15,A,True,12.444029850746269,1.0,0.0,0.0,0.0,,
2026-07-29 02:15:00+03:00,15,M,False,,,,,,,
2026-07-29 02:15:00+03:00,15,V,True,12.444029850746269,1.0,0.0,0.0,0.0,,
2026-07-29 02:20:00+03:00,15,A,True,12.444029850746269,1.0,0.0,0.0,0.0,,
2026-07-29 02:20:00+03:00,15,M,False,,,,,,,
2026-07-29 02:20:00+03:00,15,V,True,12.444029850746269,1.0,0.0,0.0,0.0,,
2026-07-29 02:25:00+03:00,15,A,True,12.444029850746269,1.0,0.0,0.0,0.0,,
2026-07-29 02:25:00+03:00,15,M,False,,,,,,,
2026-07-29 02:25:00+03:00,15,V,True,12.444029850746269,1.0,0.0,0.0,0.0,,
2026-07-29 02:30:00+03:00,15,A,True,12.444029850746269,1.0,0.0,0.0,0.0,,
2026-07-29 02:30:00+03:00,15,M,False,,,,,,,
2026-07-29 02:30:00+03:00,15,V,True,12.444029850746269,1.0,0.0,0.0,0.0,,
2026-07-29 02:35:00+03:00,15,A,True,12.444029850746269,1.0,0.0,0.0,0.0,,
2026-07-29 02:35:00+03:00,15,M,False,,,,,,,
2026-07-29 02:35:00+03:00,15,V,True,12.444029850746269,1.0,0.0,0.0,0.0,,
2026-07-29 02:40:00+03:00,15,A,True,12.444029850746269,1.0,0.0,0.0,0.0,,
2026-07-29 02:40:00+03:00,15,M,False,,,,,,,
2026-07-29 02:40:00+03:00,15,V,True,12.444029850746269,1.0,0.0,0.0,0.0,,
2026-07-29 02:45:00+03:00,15,A,True,12.444029850746269,1.0,0.0,0.0,0.0,,
2026-07-29 02:45:00+03:00,15,M,False,,,,,,,
2026-07-29 02:45:00+03:00,15,V,True,12.444029850746269,1.0,0.0,0.0,0.0,,
2026-07-29 02:50:00+03:00,15,A,True,12.444029850746269,1.0,0.0,0.0,0.0,,
2026-07-29 02:50:00+03:00,15,M,False,,,,,,,
2026-07-29 02:50:00+03:00,15,V,True,12.444029850746269,1.0,0.0,0.0,0.0,,
2026-07-29 02:55:00+03:00,15,A,True,12.444029850746269,1.0,0.0,0.0,0.0,,
2026-07-29 02:55:00+03:00,15,M,False,,,,,,,
2026-07-29 02:55:00+03:00,15,V,True,12.444029850746269,1.0,0.0,0.0,0.0,,
2026-07-29 03:00:00+03:00,15,A,True,12.444029850746269,1.0,0.0,0.0,0.0,,
2026-07-29 03:00:00+03:00,15,M,False,,,,,,,
2026-07-29 03:00:00+03:00,15,V,True,12.444029850746269,1.0,0.0,0.0,0.0,,
