computed_ts,proposed_status,proposed_index_value,proposed_index_class,crisp_max_index_value,crisp_max_index_class,crisp_class_max_index_value,crisp_class_max_index_class,weighted_mean_index_value,weighted_mean_index_class
2026-07-15 03:05:00+03:00,PARTIAL,12.444029850746269,Favorable,12.444029850746269,Favorable,12.5,Favorable,12.444029850746269,Favorable
2026-07-15 03:10:00+03:00,PARTIAL,12.444029850746269,Favorable,12.444029850746269,Favorable,12.5,Favorable,12.444029850746269,Favorable
2026-07-15 03:15:00+03:00,PARTIAL,12.444029850746269,Favorable,12.444029850746269,Favorable,12.5,Favorable,12.444029850746269,Favorable
2026-07-15 03:20:00+03:00,PARTIAL,12.444029850746269,Favorable,12.444029850746269,Favorable,12.5,Favorable,12.444029850746269,Favorable
2026-07-15 03:25:00+03:00,PARTIAL,12.444029850746269,Favorable,12.444029850746269,Favorable,12.5,Favorable,12.444029850746269,Favorable
2026-07-15 03:30:00+03:00,PARTIAL,13.03474872482593,Favorable,13.03474872482593,Favorable,12.5,Favorable,12.7393892877861,Favorable
2026-07-15 03:35:00+03:00,PARTIAL,13.562427556433054,Favorable,13.562427556433054,Favorable,12.5,Favorable,13.003228703589661,Favorable
2026-07-15 03:40:00+03:00,PARTIAL,13.369674351684273,Favorable,13.369674351684273,Favorable,12.5,Favorable,12.906852101215271,Favorable
2026-07-15 03:45:00+03:00,PARTIAL,12.827906187805484,Favorable,12.827906187805484,Favorable,12.5,Favorable,12.635968019275875,Favorable
2026-07-15 03:50:00+03:00,PARTIAL,12.75962214390601,Favorable,12.75962214390601,Favorable,12.5,Favorable,12.601825997326138,Favorable
2026-07-15 03:55:00+03:00,PARTIAL,12.642906209763916,Favorable,12.642906209763916,Favorable,12.5,Favorable,12.543468030255092,Favorable
2026-07-15 04:00:00+03:00,PARTIAL,12.797863772888302,Favorable,12.797863772888302,Favorable,12.5,Favorable,12.620946811817285,Favorable
2026-07-15 04:05:00+03:00,PARTIAL,12.911524404731106,Favorable,12.911524404731106,Favorable,12.5,Favorable,12.677777127738686,Favorable
2026-07-15 04:10:00+03:00,PARTIAL,13.890899147479335,Favorable,13.890899147479335,Favorable,12.5,Favorable,13.167464499112802,Favorable
2026-07-15 04:15:00+03:00,PARTIAL,13.737859043564072,Favorable,13.737859043564072,Favorable,12.5,Favorable,13.09094444715517,Favorable
2026-07-15 04:20:00+03:00,PARTIAL,13.237563153787715,Favorable,13.237563153787715,Favorable,12.5,Favorable,12.840796502266992,Favorable
2026-07-15 04:25:00+03:00,PARTIAL,13.668794506686487,Favorable,13.668794506686487,Favorable,12.5,Favorable,13.056412178716378,Favorable
2026-07-15 04:30:00+03:00,PARTIAL,14.244898900700878,Favorable,14.244898900700878,Favorable,12.5,Favorable,13.344464375723573,Favorable
2026-07-15 04:35:00+03:00,PARTIAL,15.655631756329552,Favorable,15.655631756329552,Favorable,12.5,Favorable,14.04983080353791,Favorable
2026-07-15 04:40:00+03:00,PARTIAL,15.287530247259419,Favorable,15.287530247259419,Favorable,12.5,Favorable,13.865780049002844,Favorable
2026-07-15 04:45:00+03:00,PARTIAL,14.730874836953525,Favorable,14.730874836953525,Favorable,12.5,Favorable,13.587452343849897,Favorable
2026-07-15 04:50:00+03:00,PARTIAL,15.052399599822856,Favorable,15.052399599822856,Favorable,12.5,Favorable,13.748214725284562,Favorable
2026-07-15 04:55:00+03:00,PARTIAL,15.186649707762417,Favorable,15.186649707762417,Favorable,12.5,Favorable,13.815339779254343,Favorable
2026-07-15 05:00:00+03:00,PARTIAL,15.324570038766383,Favorable,15.324570038766383,Favorable,12.5,Favorable,13.884299944756325,Favorable
2026-07-15 05:05:00+03:00,PARTIAL,15.03498027122075,Favorable,15.03498027122075,Favorable,12.5,Favorable,13.73950506098351,Favorable
2026-07-15 05:10:00+03:00,PARTIAL,14.40022206697856,Favorable,14.40022206697856,Favorable,12.5,Favorable,13.422125958862415,Favorable
2026-07-15 05:15:00+03:00,PARTIAL,14.17489174111701,Favorable,14.17489174111701,Favorable,12.5,Favorable,13.309460795931638,Favorable
2026-07-15 05:20:00+03:00,PARTIAL,14.992195553172522,Favorable,14.992195553172522,Favorable,12.5,Favorable,13.718112701959395,Favorable
2026-07-15 05:25:00+03:00,PARTIAL,16.191310153346496,Favorable,16.191310153346496,Favorable,12.5,Favorable,14.317670002046382,Favorable
2026-07-15 05:30:00+03:00,PARTIAL,16.168416715733617,Favorable,16.168416715733617,Favorable,12.5,Favorable,14.306223283239943,Favorable
2026-07-15 05:35:00+03:00,PARTIAL,15.287224794633808,Favorable,15.287224794633808,Favorable,12.5,Favorable,13.865627322690038,Favorable
2026-07-15 05:40:00+03:00,PARTIAL,14.739941055200193,Favorable,14.739941055200193,Favorable,12.5,Favorable,13.59198545297323,Favorable
2026-07-15 05:45:00+03:00,PARTIAL,15.245232516678215,Favorable,15.245232516678215,Favorable,12.5,Favorable,13.844631183712242,Favorable
2026-07-15 05:50:00+03:00,PARTIAL,15.593052205121563,Favorable,15.593052205121563,Favorable,12.5,Favorable,14.018541027933916,Favorable
2026-07-15 05:55:00+03:00,PARTIAL,15.085605604869784,Favorable,15.085605604869784,Favorable,12.5,Favorable,13.764817727808026,Favorable
2026-07-15 06:00:00+03:00,PARTIAL,14.940625923978493,Favorable,14.940625923978493,Favorable,12.5,Favorable,13.692327887362381,Favorable
2026-07-15 06:05:00+03:00,PARTIAL,14.948032258497214,Favorable,14.948032258497214,Favorable,12.5,Favorable,13.696031054621741,Favorable
2026-07-15 06:10:00+03:00,PARTIAL,14.749599083353434,Favorable,14.749599083353434,Favorable,12.5,Favorable,13.596814467049851,Favorable
2026-07-15 06:15:00+03:00,PARTIAL,15.06349076189673,Favorable,15.06349076189673,Favorable,12.5,Favorable,13.7537603063215,Favorable
2026-07-15 06:20:00+03:00,PARTIAL,15.42104690608883,Favorable,15.42104690608883,Favorable,12.5,Favorable,13.932538378417549,Favorable
2026-07-15 06:25:00+03:00,PARTIAL,15.774779342151817,Favorable,15.774779342151817,Favorable,12.5,Favorable,14.109404596449043,Favorable
2026-07-15 06:30:00+03:00,PARTIAL,15.628749196051078,Favorable,15.628749196051078,Favorable,12.5,Favorable,14.036389523398674,Favorable
2026-07-15 06:35:00+03:00,PARTIAL,15.919749721587342,Favorable,15.919749721587342,Favorable,12.5,Favorable,14.181889786166806,Favorable
2026-07-15 06:40:00+03:00,PARTIAL,15.818837517151852,Favorable,15.818837517151852,Favorable,12.5,Favorable,14.13143368394906,Favorable
2026-07-15 06:45:00+03:00,PARTIAL,15.634314297677669,Favorable,15.634314297677669,Favorable,12.5,Favorable,14.039172074211969,Favorable
2026-07-15 06:50:00+03:00,PARTIAL,15.905713739424018,Favorable,15.905713739424018,Favorable,12.5,Favorable,14.174871795085142,Favorable
2026-07-15 06:55:00+03:00,PARTIAL,15.369518802774794,Favorable,15.369518802774794,Favorable,12.5,Favorable,13.90677432676053,Favorable
2026-07-15 07:00:00+03:00,PARTIAL,16.254637216455784,Favorable,16.254637216455784,Favorable,12.5,Favorable,14.349333533601026,Favorable
2026-07-15 07:05:00+03:00,PARTIAL,16.204233395065273,Favorable,16.204233395065273,Favorable,12.5,Favorable,14.324131622905771,Favorable
2026-07-15 07:10:00+03:00,PARTIAL,16.924487317250374,Favorable,16.924487317250374,Favorable,12.5,Favorable,14.684258583998322,Favorable
2026-07-15 07:15:00+03:00,PARTIAL,17.292031999082027,Favorable,17.292031999082027,Favorable,12.5,Favorable,14.868030924914148,Favorable
2026-07-15 07:20:00+03:00,PARTIAL,17.2011709902172,Favorable,17.2011709902172,Favorable,12.5,Favorable,15.393308889698428,Favorable
2026-07-15 07:25:00+03:00,PARTIAL,20.461230122687535,Favorable,20.461230122687535,Favorable,12.5,Favorable,19.1420335774731,Favorable
2026-07-15 07:30:00+03:00,PARTIAL,27.63058010757117,Acceptable,27.63058010757117,Acceptable,37.5,Acceptable,22.803808875751837,Favorable
2026-07-15 07:35:00+03:00,PARTIAL,34.120792598235056,Acceptable,34.55181250770121,Acceptable,37.5,Acceptable,26.792870721107498,Acceptable
2026-07-15 07:40:00+03:00,PARTIAL,37.49999999999999,Acceptable,37.5,Acceptable,37.5,Acceptable,28.361184378193826,Acceptable
2026-07-15 07:45:00+03:00,PARTIAL,37.5,Acceptable,37.5,Acceptable,37.5,Acceptable,28.456502968091897,Acceptable
2026-07-15 07:50:00+03:00,PARTIAL,62.500000000000014,Degraded,62.5,Degraded,62.5,Degraded,40.236254550980576,Acceptable
2026-07-15 07:55:00+03:00,PARTIAL,62.499999999999986,Degraded,62.5,Degraded,62.5,Degraded,40.83460709493772,Acceptable
2026-07-15 08:00:00+03:00,PARTIAL,62.49999999999999,Degraded,62.5,Degraded,62.5,Degraded,41.57563431774524,Acceptable
2026-07-15 08:05:00+03:00,PARTIAL,62.500000000000014,Degraded,62.5,Degraded,62.5,Degraded,42.65006735020704,Acceptable
2026-07-15 08:10:00+03:00,PARTIAL,62.50000000000002,Degraded,62.5,Degraded,62.5,Degraded,43.29486540923884,Acceptable
2026-07-15 08:15:00+03:00,PARTIAL,62.50000000000002,Degraded,62.5,Degraded,62.5,Degraded,43.58194095234812,Acceptable
2026-07-15 08:20:00+03:00,PARTIAL,56.55963602928746,Degraded,58.4356370319753,Degraded,62.5,Degraded,41.96534678125816,Acceptable
2026-07-15 08:25:00+03:00,PARTIAL,45.57312799054071,Acceptable,44.09632084121859,Acceptable,37.5,Acceptable,35.25793664425949,Acceptable
2026-07-15 08:30:00+03:00,PARTIAL,37.50000000000001,Acceptable,37.5,Acceptable,37.5,Acceptable,32.69578051615718,Acceptable
2026-07-15 08:35:00+03:00,PARTIAL,37.5,Acceptable,37.5,Acceptable,37.5,Acceptable,33.83822692759786,Acceptable
2026-07-15 08:40:00+03:00,PARTIAL,37.49999999999999,Acceptable,37.5,Acceptable,37.5,Acceptable,34.507773510675534,Acceptable
2026-07-15 08:45:00+03:00,PARTIAL,34.78288469277888,Acceptable,35.042197089708694,Acceptable,37.5,Acceptable,33.79631219057191,Acceptable
2026-07-15 08:50:00+03:00,PARTIAL,33.7210892269318,Acceptable,34.11012006206254,Acceptable,37.5,Acceptable,32.77258056177369,Acceptable
2026-07-15 08:55:00+03:00,PARTIAL,34.978732825203835,Acceptable,35.17849303910247,Acceptable,37.5,Acceptable,34.14173454509674,Acceptable
2026-07-15 09:00:00+03:00,PARTIAL,37.5,Acceptable,37.5,Acceptable,37.5,Acceptable,36.7683807372101,Acceptable
2026-07-15 09:05:00+03:00,PARTIAL,62.50000000000001,Degraded,62.50000000000001,Degraded,62.5,Degraded,50.0,Degraded
2026-07-15 09:10:00+03:00,PARTIAL,83.95394666741838,Critical,83.95394666741838,Critical,87.5,Critical,72.65579755006708,Degraded
2026-07-15 09:15:00+03:00,PARTIAL,87.55597014925372,Critical,87.55597014925372,Critical,87.5,Critical,75.02798507462686,Critical
2026-07-15 09:20:00+03:00,PARTIAL,62.500000000000014,Degraded,62.500000000000014,Degraded,62.5,Degraded,60.29123055912029,Degraded
2026-07-15 09:25:00+03:00,PARTIAL,62.5,Degraded,62.5,Degraded,62.5,Degraded,50.0,Degraded
2026-07-15 09:30:00+03:00,PARTIAL,59.03636377136182,Degraded,59.03636377136182,Degraded,62.5,Degraded,48.26818188568091,Acceptable
2026-07-15 09:35:00+03:00,PARTIAL,53.56548607790564,Degraded,53.56548607790564,Degraded,62.5,Degraded,45.532743038952816,Acceptable
2026-07-15 09:40:00+03:00,PARTIAL,46.35915198801131,Acceptable,46.35915198801131,Acceptable,37.5,Acceptable,41.92957599400566,Acceptable
2026-07-15 09:45:00+03:00,PARTIAL,37.5,Acceptable,37.5,Acceptable,37.5,Acceptable,34.86998427528064,Acceptable
2026-07-15 09:50:00+03:00,PARTIAL,37.50000000000001,Acceptable,37.5,Acceptable,37.5,Acceptable,28.788255028028942,Acceptable
2026-07-15 09:55:00+03:00,PARTIAL,37.5,Acceptable,37.5,Acceptable,37.5,Acceptable,24.972014925373134,Favorable
2026-07-15 10:00:00+03:00,PARTIAL,37.5,Acceptable,37.5,Acceptable,37.5,Acceptable,24.972014925373134,Favorable
2026-07-15 10:05:00+03:00,PARTIAL,37.5,Acceptable,37.5,Acceptable,37.5,Acceptable,24.972014925373134,Favorable
2026-07-15 10:10:00+03:00,PARTIAL,37.5,Acceptable,37.5,Acceptable,37.5,Acceptable,24.972014925373134,Favorable
2026-07-15 10:15:00+03:00,PARTIAL,37.5,Acceptable,37.5,Acceptable,37.5,Acceptable,24.972014925373134,Favorable
2026-07-15 10:20:00+03:00,PARTIAL,33.78184536323086,Acceptable,33.78184536323086,Acceptable,37.5,Acceptable,23.112937606988563,Favorable
2026-07-15 10:25:00+03:00,PARTIAL,30.022669456995917,Acceptable,30.022669456995917,Acceptable,37.5,Acceptable,21.233349653871095,Favorable
2026-07-15 10:30:00+03:00,PARTIAL,28.859230789288937,Acceptable,28.859230789288937,Acceptable,37.5,Acceptable,20.651630320017603,Favorable
2026-07-15 10:35:00+03:00,PARTIAL,28.73723109685188,Acceptable,28.73723109685188,Acceptable,37.5,Acceptable,20.590630473799074,Favorable
2026-07-15 10:40:00+03:00,PARTIAL,26.639755918263585,Acceptable,26.639755918263585,Acceptable,37.5,Acceptable,19.541892884504925,Favorable
2026-07-15 10:45:00+03:00,PARTIAL,25.951426029523624,Acceptable,25.951426029523624,Acceptable,37.5,Acceptable,19.197727940134946,Favorable
2026-07-15 10:50:00+03:00,PARTIAL,24.79994557463093,Favorable,24.79994557463093,Favorable,12.5,Favorable,18.6219877126886,Favorable
2026-07-15 10:55:00+03:00,PARTIAL,25.395330317752983,Acceptable,25.395330317752983,Acceptable,37.5,Acceptable,18.919680084249627,Favorable
2026-07-15 11:00:00+03:00,PARTIAL,24.099362691243492,Favorable,24.099362691243492,Favorable,12.5,Favorable,18.27169627099488,Favorable
2026-07-15 11:05:00+03:00,PARTIAL,24.45024414925909,Favorable,24.45024414925909,Favorable,12.5,Favorable,18.447137000002677,Favorable
2026-07-15 11:10:00+03:00,PARTIAL,23.37293356514762,Favorable,23.37293356514762,Favorable,12.5,Favorable,17.908481707946944,Favorable
2026-07-15 11:15:00+03:00,PARTIAL,23.701557950620302,Favorable,23.701557950620302,Favorable,12.5,Favorable,18.072793900683287,Favorable
2026-07-15 11:20:00+03:00,PARTIAL,22.869256390858087,Favorable,22.869256390858087,Favorable,12.5,Favorable,17.65664312080218,Favorable
2026-07-15 11:25:00+03:00,PARTIAL,23.71051089832322,Favorable,23.71051089832322,Favorable,12.5,Favorable,18.077270374534745,Favorable
2026-07-15 11:30:00+03:00,PARTIAL,23.93327727847629,Favorable,23.93327727847629,Favorable,12.5,Favorable,18.18865356461128,Favorable
2026-07-15 11:35:00+03:00,PARTIAL,23.2994759979562,Favorable,23.2994759979562,Favorable,12.5,Favorable,17.871752924351235,Favorable
2026-07-15 11:40:00+03:00,PARTIAL,21.799655259577708,Favorable,21.799655259577708,Favorable,12.5,Favorable,17.12184255516199,Favorable
2026-07-15 11:45:00+03:00,PARTIAL,20.08755881124839,Favorable,20.08755881124839,Favorable,12.5,Favorable,16.26579433099733,Favorable
2026-07-15 11:50:00+03:00,PARTIAL,18.971747949994676,Favorable,18.971747949994676,Favorable,12.5,Favorable,15.707888900370472,Favorable
2026-07-15 11:55:00+03:00,PARTIAL,18.37942377493125,Favorable,18.37942377493125,Favorable,12.5,Favorable,15.41172681283876,Favorable
2026-07-15 12:00:00+03:00,PARTIAL,17.879919253645443,Favorable,17.879919253645443,Favorable,12.5,Favorable,15.161974552195856,Favorable
2026-07-15 12:05:00+03:00,PARTIAL,18.407944960127956,Favorable,18.407944960127956,Favorable,12.5,Favorable,15.425987405437112,Favorable
2026-07-15 12:10:00+03:00,PARTIAL,18.84262253687463,Favorable,18.84262253687463,Favorable,12.5,Favorable,15.643326193810449,Favorable
2026-07-15 12:15:00+03:00,PARTIAL,19.22349980705626,Favorable,19.22349980705626,Favorable,12.5,Favorable,15.833764828901264,Favorable
2026-07-15 12:20:00+03:00,PARTIAL,18.770018731924292,Favorable,18.770018731924292,Favorable,12.5,Favorable,15.60702429133528,Favorable
2026-07-15 12:25:00+03:00,PARTIAL,16.747135600684484,Favorable,16.747135600684484,Favorable,12.5,Favorable,14.595582725715376,Favorable
2026-07-15 12:30:00+03:00,PARTIAL,15.27038579877018,Favorable,15.27038579877018,Favorable,12.5,Favorable,13.857207824758223,Favorable
2026-07-15 12:35:00+03:00,PARTIAL,13.152542144413614,Favorable,13.152542144413614,Favorable,12.5,Favorable,12.798285997579942,Favorable
2026-07-15 12:40:00+03:00,PARTIAL,12.444029850746269,Favorable,12.444029850746269,Favorable,12.5,Favorable,12.444029850746269,Favorable
2026-07-15 12:45:00+03:00,PARTIAL,12.444029850746269,Favorable,12.444029850746269,Favorable,12.5,Favorable,12.444029850746269,Favorable
2026-07-15 12:50:00+03:00,PARTIAL,12.444029850746269,Favorable,12.444029850746269,Favorable,12.5,Favorable,12.444029850746269,Favorable
2026-07-15 12:55:00+03:00,PARTIAL,12.444029850746269,Favorable,12.444029850746269,Favorable,12.5,Favorable,12.444029850746269,Favorable
2026-07-15 13:00:00+03:00,PARTIAL,12.444029850746269,Favorable,12.444029850746269,Favorable,12.5,Favorable,12.444029850746269,Favorable
2026-07-15 13:05:00+03:00,PARTIAL,12.444029850746269,Favorable,12.444029850746269,Favorable,12.5,Favorable,12.444029850746269,Favorable
2026-07-15 13:10:00+03:00,PARTIAL,12.444029850746269,Favorable,12.444029850746269,Favorable,12.5,Favorable,12.444029850746269,Favorable
2026-07-15 13:15:00+03:00,PARTIAL,12.444029850746269,Favorable,12.444029850746269,Favorable,12.5,Favorable,12.444029850746269,Favorable
2026-07-15 13:20:00+03:00,PARTIAL,12.444029850746269,Favorable,12.444029850746269,Favorable,12.5,Favorable,12.444029850746269,Favorable
2026-07-15 13:25:00+03:00,PARTIAL,12.444029850746269,Favorable,12.444029850746269,Favorable,12.5,Favorable,12.444029850746269,Favorable
2026-07-15 13:30:00+03:00,PARTIAL,12.444029850746269,Favorable,12.444029850746269,Favorable,12.5,Favorable,12.444029850746269,Favorable
2026-07-15 13:35:00+03:00,PARTIAL,12.444029850746269,Favorable,12.444029850746269,Favorable,12.5,Favorable,12.444029850746269,Favorable
2026-07-15 13:40:00+03:00,PARTIAL,12.444029850746269,Favorable,12.444029850746269,Favorable,12.5,Favorable,12.444029850746269,Favorable
2026-07-15 13:45:00+03:00,PARTIAL,12.444029850746269,Favorable,12.444029850746269,Favorable,12.5,Favorable,12.444029850746269,Favorable
2026-07-15 13:50:00+03:00,PARTIAL,12.444029850746269,Favorable,12.444029850746269,Favorable,12.5,Favorable,12.444029850746269,Favorable
2026-07-15 13:55:00+03:00,PARTIAL,12.444029850746269,Favorable,12.444029850746269,Favorable,12.5,Favorable,12.444029850746269,Favorable
2026-07-15 14:00:00+03:00,PARTIAL,12.444029850746269,Favorable,12.444029850746269,Favorable,12.5,Favorable,12.444029850746269,Favorable
2026-07-15 14:05:00+03:00,PARTIAL,12.444029850746269,Favorable,12.444029850746269,Favorable,12.5,Favorable,12.444029850746269,Favorable
2026-07-15 14:10:00+03:00,PARTIAL,12.444029850746269,Favorable,12.444029850746269,Favorable,12.5,Favorable,12.444029850746269,Favorable
2026-07-15 14:15:00+03:00,PARTIAL,12.444029850746269,Favorable,12.444029850746269,Favorable,12.5,Favorable,12.444029850746269,Favorable
2026-07-15 14:20:00+03:00,PARTIAL,13.995071182312282,Favorable,13.995071182312282,Favorable,12.5,Favorable,13.219550516529274,Favorable
2026-07-15 14:25:00+03:00,PARTIAL,14.370342572562594,Favorable,14.370342572562594,Favorable,12.5,Favorable,13.40718621165443,Favorable
2026-07-15 14:30:00+03:00,PARTIAL,14.28521807603787,Favorable,14.28521807603787,Favorable,12.5,Favorable,13.36462396339207,Favorable
2026-07-15 14:35:00+03:00,PARTIAL,13.665572592033921,Favorable,13.665572592033921,Favorable,12.5,Favorable,13.054801221390095,Favorable
2026-07-15 14:40:00+03:00,PARTIAL,12.444029850746269,Favorable,12.444029850746269,Favorable,12.5,Favorable,12.444029850746269,Favorable
2026-07-15 14:45:00+03:00,PARTIAL,12.444029850746269,Favorable,12.444029850746269,Favorable,12.5,Favorable,12.444029850746269,Favorable
2026-07-15 14:50:00+03:00,PARTIAL,12.444029850746269,Favorable,12.444029850746269,Favorable,12.5,Favorable,12.444029850746269,Favorable
2026-07-15 14:55:00+03:00,PARTIAL,12.444029850746269,Favorable,12.444029850746269,Favorable,12.5,Favorable,12.444029850746269,Favorable
2026-07-15 15:00:00+03:00,PARTIAL,12.444029850746269,Favorable,12.444029850746269,Favorable,12.5,Favorable,12.444029850746269,Favorable
2026-07-15 15:05:00+03:00,PARTIAL,12.444029850746269,Favorable,12.444029850746269,Favorable,12.5,Favorable,12.444029850746269,Favorable
2026-07-15 15:10:00+03:00,PARTIAL,12.444029850746269,Favorable,12.444029850746269,Favorable,12.5,Favorable,12.444029850746269,Favorable
2026-07-15 15:15:00+03:00,PARTIAL,12.444029850746269,Favorable,12.444029850746269,Favorable,12.5,Favorable,12.444029850746269,Favorable
2026-07-15 15:20:00+03:00,PARTIAL,12.444029850746269,Favorable,12.444029850746269,Favorable,12.5,Favorable,12.444029850746269,Favorable
2026-07-15 15:25:00+03:00,PARTIAL,12.444029850746269,Favorable,12.444029850746269,Favorable,12.5,Favorable,12.444029850746269,Favorable
2026-07-15 15:30:00+03:00,PARTIAL,12.444029850746269,Favorable,12.444029850746269,Favorable,12.5,Favorable,12.444029850746269,Favorable
2026-07-15 15:35:00+03:00,PARTIAL,12.444029850746269,Favorable,12.444029850746269,Favorable,12.5,Favorable,12.444029850746269,Favorable
2026-07-15 15:40:00+03:00,PARTIAL,12.444029850746269,Favorable,12.444029850746269,Favorable,12.5,Favorable,12.444029850746269,Favorable
2026-07-15 15:45:00+03:00,PARTIAL,12.444029850746269,Favorable,12.444029850746269,Favorable,12.5,Favorable,12.444029850746269,Favorable
2026-07-15 15:50:00+03:00,PARTIAL,12.444029850746269,Favorable,12.444029850746269,Favorable,12.5,Favorable,12.444029850746269,Favorable
2026-07-15 15:55:00+03:00,PARTIAL,12.444029850746269,Favorable,12.444029850746269,Favorable,12.5,Favorable,12.444029850746269,Favorable
2026-07-15 16:00:00+03:00,PARTIAL,12.444029850746269,Favorable,12.444029850746269,Favorable,12.5,Favorable,12.444029850746269,Favorable
2026-07-15 16:05:00+03:00,PARTIAL,12.444029850746269,Favorable,12.444029850746269,Favorable,12.5,Favorable,12.444029850746269,Favorable
2026-07-15 16:10:00+03:00,PARTIAL,12.444029850746269,Favorable,12.444029850746269,Favorable,12.5,Favorable,12.444029850746269,Favorable
2026-07-15 16:15:00+03:00,PARTIAL,12.444029850746269,Favorable,12.444029850746269,Favorable,12.5,Favorable,12.444029850746269,Favorable
2026-07-15 16:20:00+03:00,PARTIAL,12.444029850746269,Favorable,12.444029850746269,Favorable,12.5,Favorable,12.444029850746269,Favorable
2026-07-15 16:25:00+03:00,PARTIAL,12.444029850746269,Favorable,12.444029850746269,Favorable,12.5,Favorable,12.444029850746269,Favorable
2026-07-15 16:30:00+03:00,PARTIAL,12.444029850746269,Favorable,12.444029850746269,Favorable,12.5,Favorable,12.444029850746269,Favorable
2026-07-15 16:35:00+03:00,PARTIAL,12.444029850746269,Favorable,12.444029850746269,Favorable,12.5,Favorable,12.444029850746269,Favorable
2026-07-15 16:40:00+03:00,PARTIAL,12.444029850746269,Favorable,12.444029850746269,Favorable,12.5,Favorable,12.444029850746269,Favorable
2026-07-15 16:45:00+03:00,PARTIAL,12.444029850746269,Favorable,12.444029850746269,Favorable,12.5,Favorable,12.444029850746269,Favorable
2026-07-15 16:50:00+03:00,PARTIAL,12.444029850746269,Favorable,12.444029850746269,Favorable,12.5,Favorable,12.444029850746269,Favorable
2026-07-15 16:55:00+03:00,PARTIAL,12.444029850746269,Favorable,12.444029850746269,Favorable,12.5,Favorable,12.444029850746269,Favorable
2026-07-15 17:00:00+03:00,PARTIAL,12.444029850746269,Favorable,12.444029850746269,Favorable,12.5,Favorable,12.444029850746269,Favorable
2026-07-15 17:05:00+03:00,PARTIAL,12.444029850746269,Favorable,12.444029850746269,Favorable,12.5,Favorable,12.444029850746269,Favorable
2026-07-15 17:10:00+03:00,PARTIAL,12.444029850746269,Favorable,12.444029850746269,Favorable,12.5,Favorable,12.444029850746269,Favorable
2026-07-15 17:15:00+03:00,PARTIAL,12.444029850746269,Favorable,12.444029850746269,Favorable,12.5,Favorable,12.444029850746269,Favorable
2026-07-15 17:20:00+03:00,PARTIAL,12.444029850746269,Favorable,12.444029850746269,Favorable,12.5,Favorable,12.444029850746269,Favorable
2026-07-15 17:25:00+03:00,PARTIAL,12.444029850746269,Favorable,12.444029850746269,Favorable,12.5,Favorable,12.444029850746269,Favorable
2026-07-15 17:30:00+03:00,PARTIAL,12.444029850746269,Favorable,12.444029850746269,Favorable,12.5,Favorable,12.444029850746269,Favorable
2026-07-15 17:35:00+03:00,PARTIAL,12.444029850746269,Favorable,12.444029850746269,Favorable,12.5,Favorable,12.444029850746269,Favorable
2026-07-15 17:40:00+03:00,PARTIAL,12.444029850746269,Favorable,12.444029850746269,Favorable,12.5,Favorable,12.444029850746269,Favorable
2026-07-15 17:45:00+03:00,PARTIAL,12.444029850746269,Favorable,12.444029850746269,Favorable,12.5,Favorable,12.444029850746269,Favorable
2026-07-15 17:50:00+03:00,PARTIAL,12.444029850746269,Favorable,12.444029850746269,Favorable,12.5,Favorable,12.444029850746269,Favorable
2026-07-15 17:55:00+03:00,PARTIAL,12.444029850746269,Favorable,12.444029850746269,Favorable,12.5,Favorable,12.444029850746269,Favorable
2026-07-15 18:00:00+03:00,PARTIAL,12.444029850746269,Favorable,12.444029850746269,Favorable,12.5,Favorable,12.444029850746269,Favorable
2026-07-15 18:05:00+03:00,PARTIAL,12.444029850746269,Favorable,12.444029850746269,Favorable,12.5,Favorable,12.444029850746269,Favorable
2026-07-15 18:10:00+03:00,PARTIAL,12.444029850746269,Favorable,12.444029850746269,Favorable,12.5,Favorable,12.444029850746269,Favorable
2026-07-15 18:15:00+03:00,PARTIAL,12.444029850746269,Favorable,12.444029850746269,Favorable,12.5,Favorable,12.444029850746269,Favorable
2026-07-15 18:20:00+03:00,PARTIAL,12.444029850746269,Favorable,12.444029850746269,Favorable,12.5,Favorable,12.444029850746269,Favorable
2026-07-15 18:25:00+03:00,PARTIAL,12.444029850746269,Favorable,12.444029850746269,Favorable,12.5,Favorable,12.444029850746269,Favorable
2026-07-15 18:30:00+03:00,PARTIAL,12.444029850746269,Favorable,12.444029850746269,Favorable,12.5,Favorable,12.444029850746269,Favorable
2026-07-15 18:35:00+03:00,PARTIAL,12.444029850746269,Favorable,12.444029850746269,Favorable,12.5,Favorable,12.444029850746269,Favorable
2026-07-15 18:40:00+03:00,PARTIAL,12.444029850746269,Favorable,12.444029850746269,Favorable,12.5,Favorable,12.444029850746269,Favorable
2026-07-15 18:45:00+03:00,PARTIAL,12.444029850746269,Favorable,12.444029850746269,Favorable,12.5,Favorable,12.444029850746269,Favorable
2026-07-15 18:50:00+03:00,PARTIAL,12.444029850746269,Favorable,12.444029850746269,Favorable,12.5,Favorable,12.444029850746269,Favorable
2026-07-15 18:55:00+03:00,PARTIAL,12.444029850746269,Favorable,12.444029850746269,Favorable,12.5,Favorable,12.444029850746269,Favorable
2026-07-15 19:00:00+03:00,PARTIAL,12.444029850746269,Favorable,12.444029850746269,Favorable,12.5,Favorable,12.444029850746269,Favorable
2026-07-15 19:05:00+03:00,PARTIAL,12.444029850746269,Favorable,12.444029850746269,Favorable,12.5,Favorable,12.444029850746269,Favorable
2026-07-15 19:10:00+03:00,PARTIAL,12.444029850746269,Favorable,12.444029850746269,Favorable,12.5,Favorable,12.444029850746269,Favorable
2026-07-15 19:15:00+03:00,PARTIAL,12.444029850746269,Favorable,12.444029850746269,Favorable,12.5,Favorable,12.444029850746269,Favorable
2026-07-15 19:20:00+03:00,PARTIAL,12.444029850746269,Favorable,12.444029850746269,Favorable,12.5,Favorable,12.444029850746269,Favorable
2026-07-15 19:25:00+03:00,PARTIAL,12.444029850746269,Favorable,12.444029850746269,Favorable,12.5,Favorable,12.444029850746269,Favorable
2026-07-15 19:30:00+03:00,PARTIAL,12.444029850746269,Favorable,12.444029850746269,Favorable,12.5,Favorable,12.444029850746269,Favorable
2026-07-15 19:35:00+03:00,PARTIAL,12.444029850746269,Favorable,12.444029850746269,Favorable,12.5,Favorable,12.444029850746269,Favorable
2026-07-15 19:40:00+03:00,PARTIAL,12.444029850746269,Favorable,12.444029850746269,Favorable,12.5,Favorable,12.444029850746269,Favorable
2026-07-15 19:45:00+03:00,PARTIAL,12.444029850746269,Favorable,12.444029850746269,Favorable,12.5,Favorable,12.444029850746269,Favorable
2026-07-15 19:50:00+03:00,PARTIAL,12.444029850746269,Favorable,12.444029850746269,Favorable,12.5,Favorable,12.444029850746269,Favorable
2026-07-15 19:55:00+03:00,PARTIAL,12.444029850746269,Favorable,12.444029850746269,Favorable,12.5,Favorable,12.444029850746269,Favorable
2026-07-15 20:00:00+03:00,PARTIAL,12.444029850746269,Favorable,12.444029850746269,Favorable,12.5,Favorable,12.444029850746269,Favorable
2026-07-15 20:05:00+03:00,PARTIAL,12.444029850746269,Favorable,12.444029850746269,Favorable,12.5,Favorable,12.444029850746269,Favorable
2026-07-15 20:10:00+03:00,PARTIAL,12.444029850746269,Favorable,12.444029850746269,Favorable,12.5,Favorable,12.444029850746269,Favorable
2026-07-15 20:15:00+03:00,PARTIAL,12.444029850746269,Favorable,12.444029850746269,Favorable,12.5,Favorable,12.444029850746269,Favorable
2026-07-15 20:20:00+03:00,PARTIAL,12.444029850746269,Favorable,12.444029850746269,Favorable,12.5,Favorable,12.444029850746269,Favorable
2026-07-15 20:25:00+03:00,PARTIAL,12.444029850746269,Favorable,12.444029850746269,Favorable,12.5,Favorable,12.444029850746269,Favorable
2026-07-15 20:30:00+03:00,PARTIAL,12.444029850746269,Favorable,12.444029850746269,Favorable,12.5,Favorable,12.444029850746269,Favorable
2026-07-15 20:35:00+03:00,PARTIAL,12.444029850746269,Favorable,12.444029850746269,Favorable,12.5,Favorable,12.444029850746269,Favorable
2026-07-15 20:40:00+03:00,PARTIAL,12.444029850746269,Favorable,12.444029850746269,Favorable,12.5,Favorable,12.444029850746269,Favorable
2026-07-15 20:45:00+03:00,PARTIAL,12.444029850746269,Favorable,12.444029850746269,Favorable,12.5,Favorable,12.444029850746269,Favorable
2026-07-15 20:50:00+03:00,PARTIAL,12.444029850746269,Favorable,12.444029850746269,Favorable,12.5,Favorable,12.444029850746269,Favorable
2026-07-15 20:55:00+03:00,PARTIAL,12.444029850746269,Favorable,12.444029850746269,Favorable,12.5,Favorable,12.444029850746269,Favorable
2026-07-15 21:00:00+03:00,PARTIAL,12.444029850746269,Favorable,12.444029850746269,Favorable,12.5,Favorable,12.444029850746269,Favorable
2026-07-15 21:05:00+03:00,PARTIAL,12.444029850746269,Favorable,12.444029850746269,Favorable,12.5,Favorable,12.444029850746269,Favorable
2026-07-15 21:10:00+03:00,PARTIAL,12.444029850746269,Favorable,12.444029850746269,Favorable,12.5,Favorable,12.444029850746269,Favorable
2026-07-15 21:15:00+03:00,PARTIAL,12.444029850746269,Favorable,12.444029850746269,Favorable,12.5,Favorable,12.444029850746269,Favorable
2026-07-15 21:20:00+03:00,PARTIAL,12.444029850746269,Favorable,12.444029850746269,Favorable,12.5,Favorable,12.444029850746269,Favorable
2026-07-15 21:25:00+03:00,PARTIAL,12.444029850746269,Favorable,12.444029850746269,Favorable,12.5,Favorable,12.444029850746269,Favorable
2026-07-15 21:30:00+03:00,PARTIAL,12.444029850746269,Favorable,12.444029850746269,Favorable,12.5,Favorable,12.444029850746269,Favorable
2026-07-15 21:35:00+03:00,PARTIAL,12.444029850746269,Favorable,12.444029850746269,Favorable,12.5,Favorable,12.444029850746269,Favorable
2026-07-15 21:40:00+03:00,PARTIAL,12.444029850746269,Favorable,12.444029850746269,Favorable,12.5,Favorable,12.444029850746269,Favorable
2026-07-15 21:45:00+03:00,PARTIAL,12.444029850746269,Favorable,12.444029850746269,Favorable,12.5,Favorable,12.444029850746269,Favorable
2026-07-15 21:50:00+03:00,PARTIAL,12.444029850746269,Favorable,12.444029850746269,Favorable,12.5,Favorable,12.444029850746269,Favorable
2026-07-15 21:55:00+03:00,PARTIAL,12.444029850746269,Favorable,12.444029850746269,Favorable,12.5,Favorable,12.444029850746269,Favorable
2026-07-15 22:00:00+03:00,PARTIAL,12.444029850746269,Favorable,12.444029850746269,Favorable,12.5,Favorable,12.444029850746269,Favorable
2026-07-15 22:05:00+03:00,PARTIAL,12.980803015451327,Favorable,12.980803015451327,Favorable,12.5,Favorable,12.712416433098799,Favorable
2026-07-15 22:10:00+03:00,PARTIAL,37.5,Acceptable,37.5,Acceptable,37.5,Acceptable,34.047445256890114,Acceptable
2026-07-15 22:15:00+03:00,PARTIAL,54.170168766059405,Degraded,54.170168766059405,Degraded,62.5,Degraded,45.8350843830297,Acceptable
2026-07-15 22:20:00+03:00,PARTIAL,62.499999999999964,Degraded,62.5,Degraded,62.5,Degraded,62.499999999999986,Degraded
2026-07-15 22:25:00+03:00,PARTIAL,87.55597014925372,Critical,87.55597014925372,Critical,87.5,Critical,75.02798507462686,Critical
2026-07-15 22:30:00+03:00,PARTIAL,87.55597014925372,Critical,87.55597014925372,Critical,87.5,Critical,75.02798507462686,Critical
2026-07-15 22:35:00+03:00,FAILED,,,62.5,Degraded,62.5,Degraded,62.5,Degraded
2026-07-15 22:40:00+03:00,FAILED,,,62.5,Degraded,62.5,Degraded,62.5,Degraded
2026-07-15 22:45:00+03:00,FAILED,,,62.5,Degraded,62.5,Degraded,62.5,Degraded
2026-07-15 22:50:00+03:00,FAILED,,,62.5,Degraded,62.5,Degraded,62.5,Degraded
2026-07-15 22:55:00+03:00,FAILED,,,62.5,Degraded,62.5,Degraded,62.5,Degraded
2026-07-15 23:00:00+03:00,FAILED,,,62.5,Degraded,62.5,Degraded,62.5,Degraded
2026-07-15 23:05:00+03:00,FAILED,,,62.5,Degraded,62.5,Degraded,62.5,Degraded
2026-07-15 23:10:00+03:00,FAILED,,,62.5,Degraded,62.5,Degraded,62.5,Degraded
2026-07-15 23:15:00+03:00,FAILED,,,62.5,Degraded,62.5,Degraded,62.5,Degraded
2026-07-15 23:20:00+03:00,FAILED,,,62.5,Degraded,62.5,Degraded,62.5,Degraded
2026-07-15 23:25:00+03:00,FAILED,,,62.5,Degraded,62.5,Degraded,62.5,Degraded
2026-07-15 23:30:00+03:00,PARTIAL,87.55597014925372,Critical,87.55597014925372,Critical,87.5,Critical,75.02798507462686,Critical
2026-07-15 23:35:00+03:00,PARTIAL,87.55597014925372,Critical,87.55597014925372,Critical,87.5,Critical,75.02798507462686,Critical
2026-07-15 23:40:00+03:00,PARTIAL,87.53266542160475,Critical,87.55597014925372,Critical,87.5,Critical,74.36195637841155,Degraded
2026-07-15 23:45:00+03:00,PARTIAL,87.55597014925372,Critical,87.55597014925372,Critical,87.5,Critical,75.02798507462686,Critical
2026-07-15 23:50:00+03:00,PARTIAL,87.3275356109104,Critical,87.3275356109104,Critical,87.5,Critical,74.9137678054552,Degraded
2026-07-15 23:55:00+03:00,PARTIAL,87.5265103826877,Critical,87.5265103826877,Critical,87.5,Critical,75.01325519134386,Critical
2026-07-16 00:00:00+03:00,PARTIAL,62.499999999999986,Degraded,62.499999999999986,Degraded,62.5,Degraded,59.87616954252668,Degraded
2026-07-16 00:05:00+03:00,PARTIAL,62.49999999999999,Degraded,62.5,Degraded,62.5,Degraded,57.79253901922564,Degraded
2026-07-16 00:10:00+03:00,PARTIAL,62.49999999999999,Degraded,62.500000000000014,Degraded,62.5,Degraded,60.77068367599702,Degraded
2026-07-16 00:15:00+03:00,PARTIAL,62.5,Degraded,62.5,Degraded,62.5,Degraded,62.5,Degraded
2026-07-16 00:20:00+03:00,PARTIAL,62.5,Degraded,62.5,Degraded,62.5,Degraded,62.5,Degraded
2026-07-16 00:25:00+03:00,PARTIAL,58.71601941816303,Degraded,58.969323850971186,Degraded,62.5,Degraded,58.07586516704657,Degraded
2026-07-16 00:30:00+03:00,PARTIAL,50.49374783841978,Degraded,50.49374783841978,Degraded,62.5,Degraded,49.25694491376441,Acceptable
2026-07-16 00:35:00+03:00,PARTIAL,45.40624143967868,Acceptable,45.40624143967868,Acceptable,37.5,Acceptable,41.96304920341572,Acceptable
2026-07-16 00:40:00+03:00,PARTIAL,40.04159593962657,Acceptable,40.04159593962657,Acceptable,37.5,Acceptable,38.77079796981329,Acceptable
2026-07-16 00:45:00+03:00,PARTIAL,37.5,Acceptable,37.5,Acceptable,37.5,Acceptable,37.5,Acceptable
2026-07-16 00:50:00+03:00,PARTIAL,37.5,Acceptable,37.5,Acceptable,37.5,Acceptable,37.5,Acceptable
2026-07-16 00:55:00+03:00,PARTIAL,37.5,Acceptable,37.5,Acceptable,37.5,Acceptable,37.5,Acceptable
2026-07-16 01:00:00+03:00,PARTIAL,37.5,Acceptable,37.5,Acceptable,37.5,Acceptable,37.5,Acceptable
2026-07-16 01:05:00+03:00,PARTIAL,37.5,Acceptable,37.5,Acceptable,37.5,Acceptable,37.5,Acceptable
2026-07-16 01:10:00+03:00,PARTIAL,37.5,Acceptable,37.5,Acceptable,37.5,Acceptable,37.5,Acceptable
2026-07-16 01:15:00+03:00,PARTIAL,37.49999999999999,Acceptable,37.5,Acceptable,37.5,Acceptable,35.67727857601132,Acceptable
2026-07-16 01:20:00+03:00,PARTIAL,37.49999999999999,Acceptable,37.5,Acceptable,37.5,Acceptable,33.336616350823114,Acceptable
2026-07-16 01:25:00+03:00,PARTIAL,37.500000000000014,Acceptable,37.5,Acceptable,37.5,Acceptable,31.411751840781513,Acceptable
2026-07-16 01:30:00+03:00,PARTIAL,37.50000000000001,Acceptable,37.5,Acceptable,37.5,Acceptable,29.74047144520089,Acceptable
2026-07-16 01:35:00+03:00,PARTIAL,37.5,Acceptable,37.5,Acceptable,37.5,Acceptable,28.018984587883686,Acceptable
2026-07-16 01:40:00+03:00,PARTIAL,37.50000000000001,Acceptable,37.5,Acceptable,37.5,Acceptable,26.425483056710604,Acceptable
2026-07-16 01:45:00+03:00,PARTIAL,37.48871569825597,Acceptable,37.4887334057322,Acceptable,37.5,Acceptable,24.99448396615416,Favorable
2026-07-16 01:50:00+03:00,PARTIAL,37.36299384692223,Acceptable,37.36299384692223,Acceptable,37.5,Acceptable,24.90351184883425,Favorable
2026-07-16 01:55:00+03:00,PARTIAL,36.2876616928569,Acceptable,36.2876616928569,Acceptable,37.5,Acceptable,24.365845771801585,Favorable
2026-07-16 02:00:00+03:00,PARTIAL,36.35850181475182,Acceptable,36.35850181475182,Acceptable,37.5,Acceptable,24.401265832749043,Favorable
2026-07-16 02:05:00+03:00,PARTIAL,35.6622842299446,Acceptable,35.6622842299446,Acceptable,37.5,Acceptable,24.053157040345436,Favorable
2026-07-16 02:10:00+03:00,PARTIAL,35.617376152772906,Acceptable,35.617376152772906,Acceptable,37.5,Acceptable,24.030703001759587,Favorable
2026-07-16 02:15:00+03:00,PARTIAL,35.29011610776196,Acceptable,35.29011610776196,Acceptable,37.5,Acceptable,23.867072979254115,Favorable
2026-07-16 02:20:00+03:00,PARTIAL,34.6001830153359,Acceptable,34.6001830153359,Acceptable,37.5,Acceptable,23.522106433041085,Favorable
2026-07-16 02:25:00+03:00,PARTIAL,33.21818647611915,Acceptable,33.21818647611915,Acceptable,37.5,Acceptable,22.83110816343271,Favorable
2026-07-16 02:30:00+03:00,PARTIAL,32.29460574359179,Acceptable,32.29460574359179,Acceptable,37.5,Acceptable,22.36931779716903,Favorable
2026-07-16 02:35:00+03:00,PARTIAL,31.561592721193918,Acceptable,31.561592721193918,Acceptable,37.5,Acceptable,22.002811285970093,Favorable
2026-07-16 02:40:00+03:00,PARTIAL,32.00502617941399,Acceptable,32.00502617941399,Acceptable,37.5,Acceptable,22.22452801508013,Favorable
2026-07-16 02:45:00+03:00,PARTIAL,30.809699601014774,Acceptable,30.809699601014774,Acceptable,37.5,Acceptable,21.626864725880523,Favorable
2026-07-16 02:50:00+03:00,PARTIAL,30.146313434671896,Acceptable,30.146313434671896,Acceptable,37.5,Acceptable,21.295171642709082,Favorable
2026-07-16 02:55:00+03:00,PARTIAL,29.213527236278512,Acceptable,29.213527236278512,Acceptable,37.5,Acceptable,20.828778543512392,Favorable
2026-07-16 03:00:00+03:00,PARTIAL,29.703884272387242,Acceptable,29.703884272387242,Acceptable,37.5,Acceptable,21.073957061566755,Favorable
2026-07-16 03:05:00+03:00,PARTIAL,29.953284414662413,Acceptable,29.953284414662413,Acceptable,37.5,Acceptable,21.19865713270434,Favorable
2026-07-16 03:10:00+03:00,PARTIAL,29.594716225002497,Acceptable,29.594716225002497,Acceptable,37.5,Acceptable,21.01937303787438,Favorable
2026-07-16 03:15:00+03:00,PARTIAL,29.54857278172802,Acceptable,29.54857278172802,Acceptable,37.5,Acceptable,20.996301316237144,Favorable
2026-07-16 03:20:00+03:00,PARTIAL,28.671995721239064,Acceptable,28.671995721239064,Acceptable,37.5,Acceptable,20.558012785992666,Favorable
2026-07-16 03:25:00+03:00,PARTIAL,29.476261529251413,Acceptable,29.476261529251413,Acceptable,37.5,Acceptable,20.96014568999884,Favorable
2026-07-16 03:30:00+03:00,PARTIAL,29.3243034405009,Acceptable,29.3243034405009,Acceptable,37.5,Acceptable,20.884166645623583,Favorable
2026-07-16 03:35:00+03:00,PARTIAL,28.788254683310907,Acceptable,28.788254683310907,Acceptable,37.5,Acceptable,20.616142267028586,Favorable
2026-07-16 03:40:00+03:00,PARTIAL,27.799609538937663,Acceptable,27.799609538937663,Acceptable,37.5,Acceptable,20.121819694841967,Favorable
2026-07-16 03:45:00+03:00,PARTIAL,27.58471443642379,Acceptable,27.58471443642379,Acceptable,37.5,Acceptable,20.014372143585028,Favorable
2026-07-16 03:50:00+03:00,PARTIAL,28.071487008466175,Acceptable,28.071487008466175,Acceptable,37.5,Acceptable,20.25775842960622,Favorable
2026-07-16 03:55:00+03:00,PARTIAL,27.645718438335695,Acceptable,27.645718438335695,Acceptable,37.5,Acceptable,20.044874144540984,Favorable
2026-07-16 04:00:00+03:00,PARTIAL,27.869616935401353,Acceptable,27.869616935401353,Acceptable,37.5,Acceptable,20.15682339307381,Favorable
2026-07-16 04:05:00+03:00,PARTIAL,28.19486754687298,Acceptable,28.19486754687298,Acceptable,37.5,Acceptable,20.319448698809623,Favorable
2026-07-16 04:10:00+03:00,PARTIAL,28.377748924354943,Acceptable,28.377748924354943,Acceptable,37.5,Acceptable,20.410889387550604,Favorable
2026-07-16 04:15:00+03:00,PARTIAL,28.609919108683425,Acceptable,28.609919108683425,Acceptable,37.5,Acceptable,20.526974479714845,Favorable
2026-07-16 04:20:00+03:00,PARTIAL,28.530638097914853,Acceptable,28.530638097914853,Acceptable,37.5,Acceptable,20.48733397433056,Favorable
2026-07-16 04:25:00+03:00,PARTIAL,28.19068174510555,Acceptable,28.19068174510555,Acceptable,37.5,Acceptable,20.31735579792591,Favorable
2026-07-16 04:30:00+03:00,PARTIAL,27.696981802105263,Acceptable,27.696981802105263,Acceptable,37.5,Acceptable,20.070505826425766,Favorable
2026-07-16 04:35:00+03:00,PARTIAL,27.553315096167033,Acceptable,27.553315096167033,Acceptable,37.5,Acceptable,19.99867247345665,Favorable
2026-07-16 04:40:00+03:00,PARTIAL,27.67563408854169,Acceptable,27.67563408854169,Acceptable,37.5,Acceptable,20.05983196964398,Favorable
2026-07-16 04:45:00+03:00,PARTIAL,27.49053954091087,Acceptable,27.49053954091087,Acceptable,37.5,Acceptable,19.967284695828567,Favorable
2026-07-16 04:50:00+03:00,PARTIAL,27.099159235730355,Acceptable,27.099159235730355,Acceptable,37.5,Acceptable,19.77159454323831,Favorable
2026-07-16 04:55:00+03:00,PARTIAL,27.75808936541718,Acceptable,27.75808936541718,Acceptable,37.5,Acceptable,20.101059608081727,Favorable
2026-07-16 05:00:00+03:00,PARTIAL,27.931335226570013,Acceptable,27.931335226570013,Acceptable,37.5,Acceptable,20.18768253865814,Favorable
2026-07-16 05:05:00+03:00,PARTIAL,27.93368163914842,Acceptable,27.93368163914842,Acceptable,37.5,Acceptable,20.188855744947347,Favorable
2026-07-16 05:10:00+03:00,PARTIAL,26.911768420956466,Acceptable,26.911768420956466,Acceptable,37.5,Acceptable,19.67789913585137,Favorable
2026-07-16 05:15:00+03:00,PARTIAL,27.1101040413259,Acceptable,27.1101040413259,Acceptable,37.5,Acceptable,19.777066946036086,Favorable
2026-07-16 05:20:00+03:00,PARTIAL,26.738500663226038,Acceptable,26.738500663226038,Acceptable,37.5,Acceptable,19.591265256986155,Favorable
2026-07-16 05:25:00+03:00,PARTIAL,27.679166518469277,Acceptable,27.679166518469277,Acceptable,37.5,Acceptable,20.061598184607774,Favorable
2026-07-16 05:30:00+03:00,PARTIAL,26.96070853813459,Acceptable,26.96070853813459,Acceptable,37.5,Acceptable,19.70236919444043,Favorable
2026-07-16 05:35:00+03:00,PARTIAL,26.684305398429082,Acceptable,26.684305398429082,Acceptable,37.5,Acceptable,19.564167624587675,Favorable
2026-07-16 05:40:00+03:00,PARTIAL,25.77608341358694,Acceptable,25.77608341358694,Acceptable,37.5,Acceptable,19.110056632166604,Favorable
2026-07-16 05:45:00+03:00,PARTIAL,25.6632289546683,Acceptable,25.6632289546683,Acceptable,37.5,Acceptable,19.053629402707283,Favorable
2026-07-16 05:50:00+03:00,PARTIAL,25.4504290336291,Acceptable,25.4504290336291,Acceptable,37.5,Acceptable,18.947229442187684,Favorable
2026-07-16 05:55:00+03:00,PARTIAL,25.826833619917156,Acceptable,25.826833619917156,Acceptable,37.5,Acceptable,19.135431735331714,Favorable
2026-07-16 06:00:00+03:00,PARTIAL,25.562158158413506,Acceptable,25.562158158413506,Acceptable,37.5,Acceptable,19.003094004579886,Favorable
2026-07-16 06:05:00+03:00,PARTIAL,26.216812561748977,Acceptable,26.216812561748977,Acceptable,37.5,Acceptable,19.33042120624762,Favorable
2026-07-16 06:10:00+03:00,PARTIAL,25.94017929949428,Acceptable,25.94017929949428,Acceptable,37.5,Acceptable,19.192104575120275,Favorable
2026-07-16 06:15:00+03:00,PARTIAL,25.154737748825013,Acceptable,25.154737748825013,Acceptable,12.5,Favorable,18.79938379978564,Favorable
2026-07-16 06:20:00+03:00,PARTIAL,25.39327648144184,Acceptable,25.39327648144184,Acceptable,37.5,Acceptable,18.918653166094053,Favorable
2026-07-16 06:25:00+03:00,PARTIAL,25.887206478310986,Acceptable,25.887206478310986,Acceptable,37.5,Acceptable,19.165618164528627,Favorable
2026-07-16 06:30:00+03:00,PARTIAL,27.15682819179738,Acceptable,27.15682819179738,Acceptable,37.5,Acceptable,19.800429021271825,Favorable
2026-07-16 06:35:00+03:00,PARTIAL,27.46726455874894,Acceptable,27.46726455874894,Acceptable,37.5,Acceptable,19.955647204747606,Favorable
2026-07-16 06:40:00+03:00,PARTIAL,27.338923937036824,Acceptable,27.338923937036824,Acceptable,37.5,Acceptable,19.891476893891546,Favorable
2026-07-16 06:45:00+03:00,PARTIAL,27.319400840824024,Acceptable,27.319400840824024,Acceptable,37.5,Acceptable,19.881715345785146,Favorable
2026-07-16 06:50:00+03:00,PARTIAL,27.362402238967103,Acceptable,27.362402238967103,Acceptable,37.5,Acceptable,19.903216044856684,Favorable
2026-07-16 06:55:00+03:00,PARTIAL,27.076140825200625,Acceptable,27.076140825200625,Acceptable,37.5,Acceptable,19.760085337973447,Favorable
2026-07-16 07:00:00+03:00,PARTIAL,26.920840987990566,Acceptable,26.920840987990566,Acceptable,37.5,Acceptable,19.682435419368417,Favorable
2026-07-16 07:05:00+03:00,PARTIAL,26.816180477201197,Acceptable,26.816180477201197,Acceptable,37.5,Acceptable,19.63010516397373,Favorable
2026-07-16 07:10:00+03:00,PARTIAL,26.41223682564761,Acceptable,26.41223682564761,Acceptable,37.5,Acceptable,19.42813333819694,Favorable
2026-07-16 07:15:00+03:00,PARTIAL,27.038426915554837,Acceptable,27.038426915554837,Acceptable,37.5,Acceptable,19.741228383150553,Favorable
2026-07-16 07:20:00+03:00,PARTIAL,26.661964444251403,Acceptable,26.661964444251403,Acceptable,37.5,Acceptable,19.552997147498836,Favorable
2026-07-16 07:25:00+03:00,PARTIAL,27.554018508010476,Acceptable,27.554018508010476,Acceptable,37.5,Acceptable,19.999024179378374,Favorable
2026-07-16 07:30:00+03:00,PARTIAL,28.020151025739093,Acceptable,28.020151025739093,Acceptable,37.5,Acceptable,20.23209043824268,Favorable
2026-07-16 07:35:00+03:00,PARTIAL,28.834581790332596,Acceptable,28.834581790332596,Acceptable,37.5,Acceptable,20.639305820539434,Favorable
2026-07-16 07:40:00+03:00,PARTIAL,29.21749872629002,Acceptable,29.21749872629002,Acceptable,37.5,Acceptable,20.830764288518147,Favorable
2026-07-16 07:45:00+03:00,PARTIAL,29.2131752334524,Acceptable,29.2131752334524,Acceptable,37.5,Acceptable,20.828602542099333,Favorable
2026-07-16 07:50:00+03:00,PARTIAL,29.780081953089567,Acceptable,29.780081953089567,Acceptable,37.5,Acceptable,21.11205590191792,Favorable
2026-07-16 07:55:00+03:00,PARTIAL,29.340093625702977,Acceptable,29.340093625702977,Acceptable,37.5,Acceptable,20.892061738224623,Favorable
2026-07-16 08:00:00+03:00,PARTIAL,29.86366880334883,Acceptable,29.86366880334883,Acceptable,37.5,Acceptable,21.15384932704755,Favorable
2026-07-16 08:05:00+03:00,PARTIAL,29.389175528322664,Acceptable,29.389175528322664,Acceptable,37.5,Acceptable,20.916602689534464,Favorable
2026-07-16 08:10:00+03:00,PARTIAL,29.734376483642283,Acceptable,29.734376483642283,Acceptable,37.5,Acceptable,21.089203167194277,Favorable
2026-07-16 08:15:00+03:00,PARTIAL,37.5,Acceptable,37.5,Acceptable,37.5,Acceptable,33.18974037005782,Acceptable
2026-07-16 08:20:00+03:00,PARTIAL,62.500000000000014,Degraded,62.5,Degraded,62.5,Degraded,45.585227268156245,Acceptable
2026-07-16 08:25:00+03:00,PARTIAL,62.5,Degraded,62.5,Degraded,62.5,Degraded,44.91707425093717,Acceptable
2026-07-16 08:30:00+03:00,PARTIAL,62.5,Degraded,62.5,Degraded,62.5,Degraded,44.79157957511616,Acceptable
2026-07-16 08:35:00+03:00,PARTIAL,62.50000000000001,Degraded,62.5,Degraded,62.5,Degraded,44.48462718775878,Acceptable
2026-07-16 08:40:00+03:00,PARTIAL,62.49999999999999,Degraded,62.5,Degraded,62.5,Degraded,44.362916279406264,Acceptable
2026-07-16 08:45:00+03:00,PARTIAL,62.5,Degraded,62.5,Degraded,62.5,Degraded,50.0,Degraded
2026-07-16 08:50:00+03:00,PARTIAL,62.5,Degraded,62.5,Degraded,62.5,Degraded,50.0,Degraded
2026-07-16 08:55:00+03:00,PARTIAL,62.500000000000014,Degraded,62.5,Degraded,62.5,Degraded,53.27103675080539,Degraded
2026-07-16 09:00:00+03:00,PARTIAL,62.500000000000014,Degraded,62.5,Degraded,62.5,Degraded,52.59137666492861,Degraded
2026-07-16 09:05:00+03:00,PARTIAL,62.5,Degraded,62.5,Degraded,62.5,Degraded,50.0,Degraded
2026-07-16 09:10:00+03:00,PARTIAL,62.05081436633046,Degraded,62.05081436633046,Degraded,62.5,Degraded,49.77540718316523,Acceptable
2026-07-16 09:15:00+03:00,PARTIAL,39.93580676748993,Acceptable,39.93580676748993,Acceptable,37.5,Acceptable,38.71790338374497,Acceptable
2026-07-16 09:20:00+03:00,PARTIAL,37.5,Acceptable,37.5,Acceptable,37.5,Acceptable,37.5,Acceptable
2026-07-16 09:25:00+03:00,PARTIAL,37.5,Acceptable,37.5,Acceptable,37.5,Acceptable,37.5,Acceptable
2026-07-16 09:30:00+03:00,PARTIAL,37.5,Acceptable,37.5,Acceptable,37.5,Acceptable,37.5,Acceptable
2026-07-16 09:35:00+03:00,PARTIAL,37.5,Acceptable,37.5,Acceptable,37.5,Acceptable,37.06292314073977,Acceptable
2026-07-16 09:40:00+03:00,PARTIAL,37.49999999999999,Acceptable,37.5,Acceptable,37.5,Acceptable,36.99818322745712,Acceptable
2026-07-16 09:45:00+03:00,PARTIAL,37.34992204442419,Acceptable,37.35264549352368,Acceptable,37.5,Acceptable,37.11156671243492,Acceptable
2026-07-16 09:50:00+03:00,PARTIAL,34.53598659290968,Acceptable,34.99100026246275,Acceptable,37.5,Acceptable,32.99615050464305,Acceptable
2026-07-16 09:55:00+03:00,PARTIAL,31.514012302656383,Acceptable,32.47148799973086,Acceptable,37.5,Acceptable,27.226215445066323,Acceptable
2026-07-16 10:00:00+03:00,PARTIAL,30.66420919973566,Acceptable,30.66420919973566,Acceptable,37.5,Acceptable,22.022022952725482,Favorable
2026-07-16 10:05:00+03:00,PARTIAL,29.766955003291415,Acceptable,29.766955003291415,Acceptable,37.5,Acceptable,21.10549242701884,Favorable
2026-07-16 10:10:00+03:00,PARTIAL,30.95095630058225,Acceptable,30.95095630058225,Acceptable,37.5,Acceptable,21.69749307566426,Favorable
2026-07-16 10:15:00+03:00,PARTIAL,29.951417031804702,Acceptable,29.951417031804702,Acceptable,37.5,Acceptable,21.197723441275485,Favorable
2026-07-16 10:20:00+03:00,PARTIAL,29.46953402608308,Acceptable,29.46953402608308,Acceptable,37.5,Acceptable,20.95678193841467,Favorable
2026-07-16 10:25:00+03:00,PARTIAL,28.07538436768351,Acceptable,28.07538436768351,Acceptable,37.5,Acceptable,20.25970710921489,Favorable
2026-07-16 10:30:00+03:00,PARTIAL,26.89893953453013,Acceptable,26.89893953453013,Acceptable,37.5,Acceptable,19.6714846926382,Favorable
2026-07-16 10:35:00+03:00,PARTIAL,26.503429393304366,Acceptable,26.503429393304366,Acceptable,37.5,Acceptable,19.473729622025317,Favorable
2026-07-16 10:40:00+03:00,PARTIAL,24.66125023767291,Favorable,24.66125023767291,Favorable,12.5,Favorable,18.55264004420959,Favorable
2026-07-16 10:45:00+03:00,PARTIAL,21.622415093254144,Favorable,21.622415093254144,Favorable,12.5,Favorable,17.033222472000205,Favorable
2026-07-16 10:50:00+03:00,PARTIAL,18.614495038474377,Favorable,18.614495038474377,Favorable,12.5,Favorable,15.529262444610323,Favorable
2026-07-16 10:55:00+03:00,PARTIAL,16.806626663940065,Favorable,16.806626663940065,Favorable,12.5,Favorable,14.625328257343167,Favorable
2026-07-16 11:00:00+03:00,PARTIAL,16.487782071150264,Favorable,16.487782071150264,Favorable,12.5,Favorable,14.465905960948266,Favorable
2026-07-16 11:05:00+03:00,PARTIAL,15.372932971830943,Favorable,15.372932971830943,Favorable,12.5,Favorable,13.908481411288605,Favorable
2026-07-16 11:10:00+03:00,PARTIAL,15.372220056368876,Favorable,15.372220056368876,Favorable,12.5,Favorable,13.908124953557572,Favorable
2026-07-16 11:15:00+03:00,PARTIAL,14.44501532801173,Favorable,14.44501532801173,Favorable,12.5,Favorable,13.444522589378998,Favorable
2026-07-16 11:20:00+03:00,PARTIAL,14.893592209791398,Favorable,14.893592209791398,Favorable,12.5,Favorable,13.668811030268834,Favorable
2026-07-16 11:25:00+03:00,PARTIAL,13.140645115302945,Favorable,13.140645115302945,Favorable,12.5,Favorable,12.792337483024607,Favorable
2026-07-16 11:30:00+03:00,PARTIAL,12.899582525979874,Favorable,12.899582525979874,Favorable,12.5,Favorable,12.671806188363071,Favorable
2026-07-16 11:35:00+03:00,PARTIAL,12.444029850746269,Favorable,12.444029850746269,Favorable,12.5,Favorable,12.444029850746269,Favorable
2026-07-16 11:40:00+03:00,PARTIAL,12.444029850746269,Favorable,12.444029850746269,Favorable,12.5,Favorable,12.444029850746269,Favorable
2026-07-16 11:45:00+03:00,PARTIAL,12.444029850746269,Favorable,12.444029850746269,Favorable,12.5,Favorable,12.444029850746269,Favorable
2026-07-16 11:50:00+03:00,PARTIAL,12.444029850746269,Favorable,12.444029850746269,Favorable,12.5,Favorable,12.444029850746269,Favorable
2026-07-16 11:55:00+03:00,PARTIAL,12.444029850746269,Favorable,12.444029850746269,Favorable,12.5,Favorable,12.444029850746269,Favorable
2026-07-16 12:00:00+03:00,PARTIAL,12.444029850746269,Favorable,12.444029850746269,Favorable,12.5,Favorable,12.444029850746269,Favorable
2026-07-16 12:05:00+03:00,PARTIAL,12.444029850746269,Favorable,12.444029850746269,Favorable,12.5,Favorable,12.444029850746269,Favorable
2026-07-16 12:10:00+03:00,PARTIAL,12.444029850746269,Favorable,12.444029850746269,Favorable,12.5,Favorable,12.444029850746269,Favorable
2026-07-16 12:15:00+03:00,PARTIAL,12.444029850746269,Favorable,12.444029850746269,Favorable,12.5,Favorable,12.444029850746269,Favorable
2026-07-16 12:20:00+03:00,PARTIAL,12.444029850746269,Favorable,12.444029850746269,Favorable,12.5,Favorable,12.444029850746269,Favorable
2026-07-16 12:25:00+03:00,PARTIAL,12.444029850746269,Favorable,12.444029850746269,Favorable,12.5,Favorable,12.444029850746269,Favorable
2026-07-16 12:30:00+03:00,PARTIAL,12.444029850746269,Favorable,12.444029850746269,Favorable,12.5,Favorable,12.444029850746269,Favorable
2026-07-16 12:35:00+03:00,PARTIAL,12.444029850746269,Favorable,12.444029850746269,Favorable,12.5,Favorable,12.444029850746269,Favorable
2026-07-16 12:40:00+03:00,PARTIAL,12.444029850746269,Favorable,12.444029850746269,Favorable,12.5,Favorable,12.444029850746269,Favorable
2026-07-16 12:45:00+03:00,PARTIAL,12.444029850746269,Favorable,12.444029850746269,Favorable,12.5,Favorable,12.444029850746269,Favorable
2026-07-16 12:50:00+03:00,PARTIAL,12.444029850746269,Favorable,12.444029850746269,Favorable,12.5,Favorable,12.444029850746269,Favorable
2026-07-16 12:55:00+03:00,PARTIAL,12.444029850746269,Favorable,12.444029850746269,Favorable,12.5,Favorable,12.444029850746269,Favorable
2026-07-16 13:00:00+03:00,PARTIAL,12.444029850746269,Favorable,12.444029850746269,Favorable,12.5,Favorable,12.444029850746269,Favorable
2026-07-16 13:05:00+03:00,PARTIAL,12.444029850746269,Favorable,12.444029850746269,Favorable,12.5,Favorable,12.444029850746269,Favorable
2026-07-16 13:10:00+03:00,PARTIAL,12.444029850746269,Favorable,12.444029850746269,Favorable,12.5,Favorable,12.444029850746269,Favorable
2026-07-16 13:15:00+03:00,PARTIAL,12.444029850746269,Favorable,12.444029850746269,Favorable,12.5,Favorable,12.444029850746269,Favorable
2026-07-16 13:20:00+03:00,PARTIAL,12.444029850746269,Favorable,12.444029850746269,Favorable,12.5,Favorable,12.444029850746269,Favorable
2026-07-16 13:25:00+03:00,PARTIAL,12.444029850746269,Favorable,12.444029850746269,Favorable,12.5,Favorable,12.444029850746269,Favorable
2026-07-16 13:30:00+03:00,PARTIAL,12.444029850746269,Favorable,12.444029850746269,Favorable,12.5,Favorable,12.444029850746269,Favorable
2026-07-16 13:35:00+03:00,PARTIAL,12.444029850746269,Favorable,12.444029850746269,Favorable,12.5,Favorable,12.444029850746269,Favorable
2026-07-16 13:40:00+03:00,PARTIAL,12.444029850746269,Favorable,12.444029850746269,Favorable,12.5,Favorable,12.444029850746269,Favorable
2026-07-16 13:45:00+03:00,PARTIAL,12.444029850746269,Favorable,12.444029850746269,Favorable,12.5,Favorable,12.444029850746269,Favorable
2026-07-16 13:50:00+03:00,PARTIAL,12.444029850746269,Favorable,12.444029850746269,Favorable,12.5,Favorable,12.444029850746269,Favorable
2026-07-16 13:55:00+03:00,PARTIAL,12.444029850746269,Favorable,12.444029850746269,Favorable,12.5,Favorable,12.444029850746269,Favorable
2026-07-16 14:00:00+03:00,PARTIAL,12.444029850746269,Favorable,12.444029850746269,Favorable,12.5,Favorable,12.444029850746269,Favorable
2026-07-16 14:05:00+03:00,PARTIAL,12.444029850746269,Favorable,12.444029850746269,Favorable,12.5,Favorable,12.444029850746269,Favorable
2026-07-16 14:10:00+03:00,PARTIAL,13.813090850471639,Favorable,13.813090850471639,Favorable,12.5,Favorable,13.128560350608954,Favorable
2026-07-16 14:15:00+03:00,PARTIAL,14.05486392660241,Favorable,14.05486392660241,Favorable,12.5,Favorable,13.249446888674338,Favorable
2026-07-16 14:20:00+03:00,PARTIAL,12.999445667126423,Favorable,12.999445667126423,Favorable,12.5,Favorable,12.721737758936346,Favorable
2026-07-16 14:25:00+03:00,PARTIAL,12.444029850746269,Favorable,12.444029850746269,Favorable,12.5,Favorable,12.444029850746269,Favorable
2026-07-16 14:30:00+03:00,PARTIAL,12.444029850746269,Favorable,12.444029850746269,Favorable,12.5,Favorable,12.444029850746269,Favorable
2026-07-16 14:35:00+03:00,PARTIAL,12.444029850746269,Favorable,12.444029850746269,Favorable,12.5,Favorable,12.444029850746269,Favorable
2026-07-16 14:40:00+03:00,PARTIAL,12.444029850746269,Favorable,12.444029850746269,Favorable,12.5,Favorable,12.444029850746269,Favorable
2026-07-16 14:45:00+03:00,PARTIAL,12.444029850746269,Favorable,12.444029850746269,Favorable,12.5,Favorable,12.444029850746269,Favorable
2026-07-16 14:50:00+03:00,PARTIAL,12.444029850746269,Favorable,12.444029850746269,Favorable,12.5,Favorable,12.444029850746269,Favorable
2026-07-16 14:55:00+03:00,PARTIAL,12.444029850746269,Favorable,12.444029850746269,Favorable,12.5,Favorable,12.444029850746269,Favorable
2026-07-16 15:00:00+03:00,PARTIAL,12.444029850746269,Favorable,12.444029850746269,Favorable,12.5,Favorable,12.444029850746269,Favorable
2026-07-16 15:05:00+03:00,PARTIAL,12.444029850746269,Favorable,12.444029850746269,Favorable,12.5,Favorable,12.444029850746269,Favorable
2026-07-16 15:10:00+03:00,PARTIAL,12.444029850746269,Favorable,12.444029850746269,Favorable,12.5,Favorable,12.444029850746269,Favorable
2026-07-16 15:15:00+03:00,PARTIAL,12.444029850746269,Favorable,12.444029850746269,Favorable,12.5,Favorable,12.444029850746269,Favorable
2026-07-16 15:20:00+03:00,PARTIAL,12.444029850746269,Favorable,12.444029850746269,Favorable,12.5,Favorable,12.444029850746269,Favorable
2026-07-16 15:25:00+03:00,PARTIAL,12.444029850746269,Favorable,12.444029850746269,Favorable,12.5,Favorable,12.444029850746269,Favorable
2026-07-16 15:30:00+03:00,PARTIAL,12.444029850746269,Favorable,12.444029850746269,Favorable,12.5,Favorable,12.444029850746269,Favorable
2026-07-16 15:35:00+03:00,PARTIAL,12.444029850746269,Favorable,12.444029850746269,Favorable,12.5,Favorable,12.444029850746269,Favorable
2026-07-16 15:40:00+03:00,PARTIAL,12.444029850746269,Favorable,12.444029850746269,Favorable,12.5,Favorable,12.444029850746269,Favorable
2026-07-16 15:45:00+03:00,PARTIAL,12.444029850746269,Favorable,12.444029850746269,Favorable,12.5,Favorable,12.444029850746269,Favorable
2026-07-16 15:50:00+03:00,PARTIAL,12.444029850746269,Favorable,12.444029850746269,Favorable,12.5,Favorable,12.444029850746269,Favorable
2026-07-16 15:55:00+03:00,PARTIAL,12.444029850746269,Favorable,12.444029850746269,Favorable,12.5,Favorable,12.444029850746269,Favorable
2026-07-16 16:00:00+03:00,PARTIAL,12.444029850746269,Favorable,12.444029850746269,Favorable,12.5,Favorable,12.444029850746269,Favorable
2026-07-16 16:05:00+03:00,PARTIAL,12.444029850746269,Favorable,12.444029850746269,Favorable,12.5,Favorable,12.444029850746269,Favorable
2026-07-16 16:10:00+03:00,PARTIAL,12.444029850746269,Favorable,12.444029850746269,Favorable,12.5,Favorable,12.444029850746269,Favorable
2026-07-16 16:15:00+03:00,PARTIAL,12.444029850746269,Favorable,12.444029850746269,Favorable,12.5,Favorable,12.444029850746269,Favorable
2026-07-16 16:20:00+03:00,PARTIAL,12.444029850746269,Favorable,12.444029850746269,Favorable,12.5,Favorable,12.444029850746269,Favorable
2026-07-16 16:25:00+03:00,PARTIAL,12.444029850746269,Favorable,12.444029850746269,Favorable,12.5,Favorable,12.444029850746269,Favorable
2026-07-16 16:30:00+03:00,PARTIAL,12.444029850746269,Favorable,12.444029850746269,Favorable,12.5,Favorable,12.444029850746269,Favorable
2026-07-16 16:35:00+03:00,PARTIAL,12.444029850746269,Favorable,12.444029850746269,Favorable,12.5,Favorable,12.444029850746269,Favorable
2026-07-16 16:40:00+03:00,PARTIAL,12.444029850746269,Favorable,12.444029850746269,Favorable,12.5,Favorable,12.444029850746269,Favorable
2026-07-16 16:45:00+03:00,PARTIAL,12.444029850746269,Favorable,12.444029850746269,Favorable,12.5,Favorable,12.444029850746269,Favorable
2026-07-16 16:50:00+03:00,PARTIAL,12.444029850746269,Favorable,12.444029850746269,Favorable,12.5,Favorable,12.444029850746269,Favorable
2026-07-16 16:55:00+03:00,PARTIAL,12.444029850746269,Favorable,12.444029850746269,Favorable,12.5,Favorable,12.444029850746269,Favorable
2026-07-16 17:00:00+03:00,PARTIAL,12.444029850746269,Favorable,12.444029850746269,Favorable,12.5,Favorable,12.444029850746269,Favorable
2026-07-16 17:05:00+03:00,PARTIAL,12.444029850746269,Favorable,12.444029850746269,Favorable,12.5,Favorable,12.444029850746269,Favorable
2026-07-16 17:10:00+03:00,PARTIAL,12.444029850746269,Favorable,12.444029850746269,Favorable,12.5,Favorable,12.444029850746269,Favorable
2026-07-16 17:15:00+03:00,PARTIAL,12.444029850746269,Favorable,12.444029850746269,Favorable,12.5,Favorable,12.444029850746269,Favorable
2026-07-16 17:20:00+03:00,PARTIAL,12.444029850746269,Favorable,12.444029850746269,Favorable,12.5,Favorable,12.444029850746269,Favorable
2026-07-16 17:25:00+03:00,PARTIAL,12.444029850746269,Favorable,12.444029850746269,Favorable,12.5,Favorable,12.444029850746269,Favorable
2026-07-16 17:30:00+03:00,PARTIAL,12.444029850746269,Favorable,12.444029850746269,Favorable,12.5,Favorable,12.444029850746269,Favorable
2026-07-16 17:35:00+03:00,PARTIAL,12.444029850746269,Favorable,12.444029850746269,Favorable,12.5,Favorable,12.444029850746269,Favorable
2026-07-16 17:40:00+03:00,PARTIAL,12.444029850746269,Favorable,12.444029850746269,Favorable,12.5,Favorable,12.444029850746269,Favorable
2026-07-16 17:45:00+03:00,PARTIAL,12.444029850746269,Favorable,12.444029850746269,Favorable,12.5,Favorable,12.444029850746269,Favorable
2026-07-16 17:50:00+03:00,PARTIAL,12.444029850746269,Favorable,12.444029850746269,Favorable,12.5,Favorable,12.444029850746269,Favorable
2026-07-16 17:55:00+03:00,PARTIAL,12.444029850746269,Favorable,12.444029850746269,Favorable,12.5,Favorable,12.444029850746269,Favorable
2026-07-16 18:00:00+03:00,PARTIAL,12.444029850746269,Favorable,12.444029850746269,Favorable,12.5,Favorable,12.444029850746269,Favorable
2026-07-16 18:05:00+03:00,PARTIAL,12.444029850746269,Favorable,12.444029850746269,Favorable,12.5,Favorable,12.444029850746269,Favorable
2026-07-16 18:10:00+03:00,PARTIAL,12.444029850746269,Favorable,12.444029850746269,Favorable,12.5,Favorable,12.444029850746269,Favorable
2026-07-16 18:15:00+03:00,PARTIAL,12.444029850746269,Favorable,12.444029850746269,Favorable,12.5,Favorable,12.444029850746269,Favorable
2026-07-16 18:20:00+03:00,PARTIAL,12.444029850746269,Favorable,12.444029850746269,Favorable,12.5,Favorable,12.444029850746269,Favorable
2026-07-16 18:25:00+03:00,PARTIAL,12.444029850746269,Favorable,12.444029850746269,Favorable,12.5,Favorable,12.444029850746269,Favorable
2026-07-16 18:30:00+03:00,PARTIAL,12.444029850746269,Favorable,12.444029850746269,Favorable,12.5,Favorable,12.444029850746269,Favorable
2026-07-16 18:35:00+03:00,PARTIAL,12.444029850746269,Favorable,12.444029850746269,Favorable,12.5,Favorable,12.444029850746269,Favorable
2026-07-16 18:40:00+03:00,PARTIAL,12.444029850746269,Favorable,12.444029850746269,Favorable,12.5,Favorable,12.444029850746269,Favorable
2026-07-16 18:45:00+03:00,PARTIAL,12.444029850746269,Favorable,12.444029850746269,Favorable,12.5,Favorable,12.444029850746269,Favorable
2026-07-16 18:50:00+03:00,PARTIAL,12.444029850746269,Favorable,12.444029850746269,Favorable,12.5,Favorable,12.444029850746269,Favorable
2026-07-16 18:55:00+03:00,PARTIAL,12.444029850746269,Favorable,12.444029850746269,Favorable,12.5,Favorable,12.444029850746269,Favorable
2026-07-16 19:00:00+03:00,PARTIAL,12.444029850746269,Favorable,12.444029850746269,Favorable,12.5,Favorable,12.444029850746269,Favorable
2026-07-16 19:05:00+03:00,PARTIAL,12.444029850746269,Favorable,12.444029850746269,Favorable,12.5,Favorable,12.444029850746269,Favorable
2026-07-16 19:10:00+03:00,PARTIAL,12.444029850746269,Favorable,12.444029850746269,Favorable,12.5,Favorable,12.444029850746269,Favorable
2026-07-16 19:15:00+03:00,PARTIAL,12.444029850746269,Favorable,12.444029850746269,Favorable,12.5,Favorable,12.444029850746269,Favorable
2026-07-16 19:20:00+03:00,PARTIAL,12.444029850746269,Favorable,12.444029850746269,Favorable,12.5,Favorable,12.444029850746269,Favorable
2026-07-16 19:25:00+03:00,PARTIAL,12.444029850746269,Favorable,12.444029850746269,Favorable,12.5,Favorable,12.444029850746269,Favorable
2026-07-16 19:30:00+03:00,PARTIAL,12.444029850746269,Favorable,12.444029850746269,Favorable,12.5,Favorable,12.444029850746269,Favorable
2026-07-16 19:35:00+03:00,PARTIAL,12.444029850746269,Favorable,12.444029850746269,Favorable,12.5,Favorable,12.444029850746269,Favorable
2026-07-16 19:40:00+03:00,PARTIAL,12.444029850746269,Favorable,12.444029850746269,Favorable,12.5,Favorable,12.444029850746269,Favorable
2026-07-16 19:45:00+03:00,PARTIAL,12.444029850746269,Favorable,12.444029850746269,Favorable,12.5,Favorable,12.444029850746269,Favorable
2026-07-16 19:50:00+03:00,PARTIAL,12.444029850746269,Favorable,12.444029850746269,Favorable,12.5,Favorable,12.444029850746269,Favorable
2026-07-16 19:55:00+03:00,PARTIAL,12.444029850746269,Favorable,12.444029850746269,Favorable,12.5,Favorable,12.444029850746269,Favorable
2026-07-16 20:00:00+03:00,PARTIAL,12.444029850746269,Favorable,12.444029850746269,Favorable,12.5,Favorable,12.444029850746269,Favorable
2026-07-16 20:05:00+03:00,PARTIAL,12.444029850746269,Favorable,12.444029850746269,Favorable,12.5,Favorable,12.444029850746269,Favorable
2026-07-16 20:10:00+03:00,PARTIAL,12.444029850746269,Favorable,12.444029850746269,Favorable,12.5,Favorable,12.444029850746269,Favorable
2026-07-16 20:15:00+03:00,PARTIAL,12.444029850746269,Favorable,12.444029850746269,Favorable,12.5,Favorable,12.444029850746269,Favorable
2026-07-16 20:20:00+03:00,PARTIAL,12.444029850746269,Favorable,12.444029850746269,Favorable,12.5,Favorable,12.444029850746269,Favorable
2026-07-16 20:25:00+03:00,PARTIAL,12.444029850746269,Favorable,12.444029850746269,Favorable,12.5,Favorable,12.444029850746269,Favorable
2026-07-16 20:30:00+03:00,PARTIAL,12.444029850746269,Favorable,12.444029850746269,Favorable,12.5,Favorable,12.444029850746269,Favorable
2026-07-16 20:35:00+03:00,PARTIAL,12.444029850746269,Favorable,12.444029850746269,Favorable,12.5,Favorable,12.444029850746269,Favorable
2026-07-16 20:40:00+03:00,PARTIAL,12.444029850746269,Favorable,12.444029850746269,Favorable,12.5,Favorable,12.444029850746269,Favorable
2026-07-16 20:45:00+03:00,PARTIAL,12.444029850746269,Favorable,12.444029850746269,Favorable,12.5,Favorable,12.444029850746269,Favorable
2026-07-16 20:50:00+03:00,PARTIAL,12.444029850746269,Favorable,12.444029850746269,Favorable,12.5,Favorable,12.444029850746269,Favorable
2026-07-16 20:55:00+03:00,PARTIAL,12.444029850746269,Favorable,12.444029850746269,Favorable,12.5,Favorable,12.444029850746269,Favorable
2026-07-16 21:00:00+03:00,PARTIAL,12.444029850746269,Favorable,12.444029850746269,Favorable,12.5,Favorable,12.444029850746269,Favorable
2026-07-16 21:05:00+03:00,PARTIAL,12.444029850746269,Favorable,12.444029850746269,Favorable,12.5,Favorable,12.444029850746269,Favorable
2026-07-16 21:10:00+03:00,PARTIAL,12.444029850746269,Favorable,12.444029850746269,Favorable,12.5,Favorable,12.444029850746269,Favorable
2026-07-16 21:15:00+03:00,PARTIAL,12.444029850746269,Favorable,12.444029850746269,Favorable,12.5,Favorable,12.444029850746269,Favorable
2026-07-16 21:20:00+03:00,PARTIAL,12.444029850746269,Favorable,12.444029850746269,Favorable,12.5,Favorable,12.444029850746269,Favorable
2026-07-16 21:25:00+03:00,PARTIAL,12.444029850746269,Favorable,12.444029850746269,Favorable,12.5,Favorable,12.444029850746269,Favorable
2026-07-16 21:30:00+03:00,PARTIAL,12.444029850746269,Favorable,12.444029850746269,Favorable,12.5,Favorable,12.444029850746269,Favorable
2026-07-16 21:35:00+03:00,PARTIAL,12.444029850746269,Favorable,12.444029850746269,Favorable,12.5,Favorable,12.444029850746269,Favorable
2026-07-16 21:40:00+03:00,PARTIAL,12.444029850746269,Favorable,12.444029850746269,Favorable,12.5,Favorable,12.444029850746269,Favorable
2026-07-16 21:45:00+03:00,PARTIAL,12.444029850746269,Favorable,12.444029850746269,Favorable,12.5,Favorable,12.444029850746269,Favorable
2026-07-16 21:50:00+03:00,PARTIAL,12.444029850746269,Favorable,12.444029850746269,Favorable,12.5,Favorable,12.444029850746269,Favorable
2026-07-16 21:55:00+03:00,PARTIAL,12.444029850746269,Favorable,12.444029850746269,Favorable,12.5,Favorable,12.444029850746269,Favorable
2026-07-16 22:00:00+03:00,PARTIAL,12.444029850746269,Favorable,12.444029850746269,Favorable,12.5,Favorable,12.444029850746269,Favorable
2026-07-16 22:05:00+03:00,PARTIAL,12.444029850746269,Favorable,12.444029850746269,Favorable,12.5,Favorable,12.444029850746269,Favorable
2026-07-16 22:10:00+03:00,PARTIAL,12.444029850746269,Favorable,12.444029850746269,Favorable,12.5,Favorable,12.444029850746269,Favorable
2026-07-16 22:15:00+03:00,PARTIAL,12.444029850746269,Favorable,12.444029850746269,Favorable,12.5,Favorable,12.444029850746269,Favorable
2026-07-16 22:20:00+03:00,PARTIAL,12.444029850746269,Favorable,12.444029850746269,Favorable,12.5,Favorable,12.444029850746269,Favorable
2026-07-16 22:25:00+03:00,PARTIAL,12.444029850746269,Favorable,12.444029850746269,Favorable,12.5,Favorable,12.444029850746269,Favorable
2026-07-16 22:30:00+03:00,PARTIAL,13.50169846356189,Favorable,13.50169846356189,Favorable,12.5,Favorable,12.97286415715408,Favorable
2026-07-16 22:35:00+03:00,PARTIAL,13.249738463897826,Favorable,13.249738463897826,Favorable,12.5,Favorable,12.846884157322048,Favorable
2026-07-16 22:40:00+03:00,PARTIAL,13.376115098326817,Favorable,13.376115098326817,Favorable,12.5,Favorable,12.910072474536543,Favorable
2026-07-16 22:45:00+03:00,PARTIAL,13.722802270965584,Favorable,13.722802270965584,Favorable,12.5,Favorable,13.083416060855926,Favorable
2026-07-16 22:50:00+03:00,PARTIAL,13.670519913869384,Favorable,13.670519913869384,Favorable,12.5,Favorable,13.057274882307826,Favorable
2026-07-16 22:55:00+03:00,PARTIAL,13.412968779684373,Favorable,13.412968779684373,Favorable,12.5,Favorable,12.928499315215321,Favorable
2026-07-16 23:00:00+03:00,PARTIAL,12.82073490292488,Favorable,12.82073490292488,Favorable,12.5,Favorable,12.632382376835574,Favorable
2026-07-16 23:05:00+03:00,PARTIAL,13.718296778430059,Favorable,13.718296778430059,Favorable,12.5,Favorable,13.081163314588164,Favorable
2026-07-16 23:10:00+03:00,PARTIAL,13.730139082606891,Favorable,13.730139082606891,Favorable,12.5,Favorable,13.087084466676579,Favorable
2026-07-16 23:15:00+03:00,PARTIAL,13.357006594661913,Favorable,13.357006594661913,Favorable,12.5,Favorable,12.90051822270409,Favorable
2026-07-16 23:20:00+03:00,PARTIAL,13.904861609884696,Favorable,13.904861609884696,Favorable,12.5,Favorable,13.174445730315483,Favorable
2026-07-16 23:25:00+03:00,PARTIAL,15.482364362418718,Favorable,15.482364362418718,Favorable,12.5,Favorable,13.963197106582493,Favorable
2026-07-16 23:30:00+03:00,PARTIAL,16.770684856053094,Favorable,16.770684856053094,Favorable,12.5,Favorable,14.607357353399681,Favorable
2026-07-16 23:35:00+03:00,PARTIAL,16.52038913908371,Favorable,16.52038913908371,Favorable,12.5,Favorable,14.48220949491499,Favorable
2026-07-16 23:40:00+03:00,PARTIAL,16.20570801346879,Favorable,16.20570801346879,Favorable,12.5,Favorable,14.32486893210753,Favorable
2026-07-16 23:45:00+03:00,PARTIAL,15.78616105805667,Favorable,15.78616105805667,Favorable,12.5,Favorable,14.11509545440147,Favorable
2026-07-16 23:50:00+03:00,PARTIAL,16.547104537296423,Favorable,16.547104537296423,Favorable,12.5,Favorable,14.495567194021346,Favorable
2026-07-16 23:55:00+03:00,PARTIAL,16.1552046069024,Favorable,16.1552046069024,Favorable,12.5,Favorable,14.299617228824335,Favorable
2026-07-17 00:00:00+03:00,PARTIAL,16.390979389432722,Favorable,16.390979389432722,Favorable,12.5,Favorable,14.417504620089495,Favorable
2026-07-17 00:05:00+03:00,PARTIAL,16.058828898937378,Favorable,16.058828898937378,Favorable,12.5,Favorable,14.251429374841823,Favorable
2026-07-17 00:10:00+03:00,PARTIAL,15.668991382011422,Favorable,15.668991382011422,Favorable,12.5,Favorable,14.056510616378844,Favorable
2026-07-17 00:15:00+03:00,PARTIAL,15.665821304565048,Favorable,15.665821304565048,Favorable,12.5,Favorable,14.05492557765566,Favorable
2026-07-17 00:20:00+03:00,PARTIAL,15.363923828380624,Favorable,15.363923828380624,Favorable,12.5,Favorable,13.903976839563446,Favorable
2026-07-17 00:25:00+03:00,PARTIAL,15.699491671407618,Favorable,15.699491671407618,Favorable,12.5,Favorable,14.071760761076943,Favorable
2026-07-17 00:30:00+03:00,PARTIAL,15.253054841345564,Favorable,15.253054841345564,Favorable,12.5,Favorable,13.848542346045917,Favorable
2026-07-17 00:35:00+03:00,PARTIAL,15.163349466995637,Favorable,15.163349466995637,Favorable,12.5,Favorable,13.803689658870953,Favorable
2026-07-17 00:40:00+03:00,PARTIAL,15.3942495770482,Favorable,15.3942495770482,Favorable,12.5,Favorable,13.919139713897234,Favorable
2026-07-17 00:45:00+03:00,PARTIAL,15.146418857299473,Favorable,15.146418857299473,Favorable,12.5,Favorable,13.79522435402287,Favorable
2026-07-17 00:50:00+03:00,PARTIAL,15.511658791604678,Favorable,15.511658791604678,Favorable,12.5,Favorable,13.977844321175473,Favorable
2026-07-17 00:55:00+03:00,PARTIAL,15.953355725036378,Favorable,15.953355725036378,Favorable,12.5,Favorable,14.198692787891323,Favorable
2026-07-17 01:00:00+03:00,PARTIAL,15.997610518184391,Favorable,15.997610518184391,Favorable,12.5,Favorable,14.22082018446533,Favorable
2026-07-17 01:05:00+03:00,PARTIAL,16.395878635265934,Favorable,16.395878635265934,Favorable,12.5,Favorable,14.419954243006101,Favorable
2026-07-17 01:10:00+03:00,PARTIAL,16.633441189019095,Favorable,16.633441189019095,Favorable,12.5,Favorable,14.538735519882682,Favorable
2026-07-17 01:15:00+03:00,PARTIAL,16.654320391889744,Favorable,16.654320391889744,Favorable,12.5,Favorable,14.549175121318006,Favorable
2026-07-17 01:20:00+03:00,PARTIAL,16.381925200277994,Favorable,16.381925200277994,Favorable,12.5,Favorable,14.412977525512131,Favorable
2026-07-17 01:25:00+03:00,PARTIAL,16.379137481003156,Favorable,16.379137481003156,Favorable,12.5,Favorable,14.411583665874712,Favorable
2026-07-17 01:30:00+03:00,PARTIAL,16.784552424632253,Favorable,16.784552424632253,Favorable,12.5,Favorable,14.61429113768926,Favorable
2026-07-17 01:35:00+03:00,PARTIAL,16.874535246954455,Favorable,16.874535246954455,Favorable,12.5,Favorable,14.659282548850362,Favorable
2026-07-17 01:40:00+03:00,PARTIAL,17.312660699484354,Favorable,17.312660699484354,Favorable,12.5,Favorable,14.878345275115311,Favorable
2026-07-17 01:45:00+03:00,PARTIAL,16.543757236795315,Favorable,16.543757236795315,Favorable,12.5,Favorable,14.493893543770792,Favorable
2026-07-17 01:50:00+03:00,PARTIAL,16.620995835923587,Favorable,16.620995835923587,Favorable,12.5,Favorable,14.532512843334928,Favorable
2026-07-17 01:55:00+03:00,PARTIAL,16.322401893998016,Favorable,16.322401893998016,Favorable,12.5,Favorable,14.383215872372142,Favorable
2026-07-17 02:00:00+03:00,PARTIAL,16.687908713430446,Favorable,16.687908713430446,Favorable,12.5,Favorable,14.565969282088357,Favorable
2026-07-17 02:05:00+03:00,PARTIAL,17.04237259500328,Favorable,17.04237259500328,Favorable,12.5,Favorable,14.743201222874774,Favorable
2026-07-17 02:10:00+03:00,PARTIAL,16.878962020582488,Favorable,16.878962020582488,Favorable,12.5,Favorable,14.661495935664378,Favorable
2026-07-17 02:15:00+03:00,PARTIAL,16.186288030146223,Favorable,16.186288030146223,Favorable,12.5,Favorable,14.315158940446246,Favorable
2026-07-17 02:20:00+03:00,PARTIAL,16.07737899453009,Favorable,16.07737899453009,Favorable,12.5,Favorable,14.26070442263818,Favorable
2026-07-17 02:25:00+03:00,PARTIAL,16.019243699361375,Favorable,16.019243699361375,Favorable,12.5,Favorable,14.231636775053822,Favorable
2026-07-17 02:30:00+03:00,PARTIAL,17.302580482592074,Favorable,17.302580482592074,Favorable,12.5,Favorable,14.873305166669171,Favorable
2026-07-17 02:35:00+03:00,PARTIAL,17.508222130719766,Favorable,17.508222130719766,Favorable,12.5,Favorable,14.976125990733017,Favorable
2026-07-17 02:40:00+03:00,PARTIAL,17.505251682311844,Favorable,17.505251682311844,Favorable,12.5,Favorable,14.974640766529056,Favorable
2026-07-17 02:45:00+03:00,PARTIAL,17.052548106763805,Favorable,17.052548106763805,Favorable,12.5,Favorable,14.748288978755037,Favorable
2026-07-17 02:50:00+03:00,PARTIAL,16.99102414717882,Favorable,16.99102414717882,Favorable,12.5,Favorable,14.717526998962544,Favorable
2026-07-17 02:55:00+03:00,PARTIAL,17.338588221177545,Favorable,17.338588221177545,Favorable,12.5,Favorable,14.891309035961907,Favorable
2026-07-17 03:00:00+03:00,PARTIAL,17.769957469055537,Favorable,17.769957469055537,Favorable,12.5,Favorable,15.106993659900903,Favorable
2026-07-17 03:05:00+03:00,PARTIAL,17.394164237076552,Favorable,17.394164237076552,Favorable,12.5,Favorable,14.91909704391141,Favorable
2026-07-17 03:10:00+03:00,PARTIAL,17.49362716118458,Favorable,17.49362716118458,Favorable,12.5,Favorable,14.968828505965424,Favorable
2026-07-17 03:15:00+03:00,PARTIAL,17.716638771842206,Favorable,17.716638771842206,Favorable,12.5,Favorable,15.080334311294237,Favorable
2026-07-17 03:20:00+03:00,PARTIAL,16.94443778891351,Favorable,16.94443778891351,Favorable,12.5,Favorable,14.69423381982989,Favorable
2026-07-17 03:25:00+03:00,PARTIAL,17.778585110149237,Favorable,17.778585110149237,Favorable,12.5,Favorable,15.111307480447753,Favorable
2026-07-17 03:30:00+03:00,PARTIAL,18.104065326175,Favorable,18.104065326175,Favorable,12.5,Favorable,15.274047588460634,Favorable
2026-07-17 03:35:00+03:00,PARTIAL,18.707164115132105,Favorable,18.707164115132105,Favorable,12.5,Favorable,15.575596982939187,Favorable
2026-07-17 03:40:00+03:00,PARTIAL,17.61166524784498,Favorable,17.61166524784498,Favorable,12.5,Favorable,15.027847549295624,Favorable
2026-07-17 03:45:00+03:00,PARTIAL,16.319306573633447,Favorable,16.319306573633447,Favorable,12.5,Favorable,14.381668212189858,Favorable
2026-07-17 03:50:00+03:00,PARTIAL,16.00133837545852,Favorable,16.00133837545852,Favorable,12.5,Favorable,14.222684113102394,Favorable
2026-07-17 03:55:00+03:00,PARTIAL,16.151397941044443,Favorable,16.151397941044443,Favorable,12.5,Favorable,14.297713895895356,Favorable
2026-07-17 04:00:00+03:00,PARTIAL,16.56813723987495,Favorable,16.56813723987495,Favorable,12.5,Favorable,14.50608354531061,Favorable
2026-07-17 04:05:00+03:00,PARTIAL,17.350458240488553,Favorable,17.350458240488553,Favorable,12.5,Favorable,14.897244045617411,Favorable
2026-07-17 04:10:00+03:00,PARTIAL,17.84670805283147,Favorable,17.84670805283147,Favorable,12.5,Favorable,15.14536895178887,Favorable
2026-07-17 04:15:00+03:00,PARTIAL,17.600814084770512,Favorable,17.600814084770512,Favorable,12.5,Favorable,15.02242196775839,Favorable
2026-07-17 04:20:00+03:00,PARTIAL,17.04423393034107,Favorable,17.04423393034107,Favorable,12.5,Favorable,14.744131890543668,Favorable
2026-07-17 04:25:00+03:00,PARTIAL,17.041222294102095,Favorable,17.041222294102095,Favorable,12.5,Favorable,14.742626072424182,Favorable
2026-07-17 04:30:00+03:00,PARTIAL,17.369551905458266,Favorable,17.369551905458266,Favorable,12.5,Favorable,14.906790878102267,Favorable
2026-07-17 04:35:00+03:00,PARTIAL,16.299425657112025,Favorable,16.299425657112025,Favorable,12.5,Favorable,14.371727753929147,Favorable
2026-07-17 04:40:00+03:00,PARTIAL,16.57068236379453,Favorable,16.57068236379453,Favorable,12.5,Favorable,14.507356107270398,Favorable
2026-07-17 04:45:00+03:00,PARTIAL,15.53037635331787,Favorable,15.53037635331787,Favorable,12.5,Favorable,13.987203102032069,Favorable
2026-07-17 04:50:00+03:00,PARTIAL,16.14843195963665,Favorable,16.14843195963665,Favorable,12.5,Favorable,14.29623090519146,Favorable
2026-07-17 04:55:00+03:00,PARTIAL,15.991570059985445,Favorable,15.991570059985445,Favorable,12.5,Favorable,14.217799955365857,Favorable
2026-07-17 05:00:00+03:00,PARTIAL,15.85383243365807,Favorable,15.85383243365807,Favorable,12.5,Favorable,14.14893114220217,Favorable
2026-07-17 05:05:00+03:00,PARTIAL,15.38281642661719,Favorable,15.38281642661719,Favorable,12.5,Favorable,13.913423138681729,Favorable
2026-07-17 05:10:00+03:00,PARTIAL,14.660107643370429,Favorable,14.660107643370429,Favorable,12.5,Favorable,13.55206874705835,Favorable
2026-07-17 05:15:00+03:00,PARTIAL,14.674273942828762,Favorable,14.674273942828762,Favorable,12.5,Favorable,13.559151896787515,Favorable
2026-07-17 05:20:00+03:00,PARTIAL,14.562065104371772,Favorable,14.562065104371772,Favorable,12.5,Favorable,13.50304747755902,Favorable
2026-07-17 05:25:00+03:00,PARTIAL,14.511495516900156,Favorable,14.511495516900156,Favorable,12.5,Favorable,13.477762683823212,Favorable
2026-07-17 05:30:00+03:00,PARTIAL,13.940222045616967,Favorable,13.940222045616967,Favorable,12.5,Favorable,13.192125948181618,Favorable
2026-07-17 05:35:00+03:00,PARTIAL,13.925798569821794,Favorable,13.925798569821794,Favorable,12.5,Favorable,13.184914210284031,Favorable
2026-07-17 05:40:00+03:00,PARTIAL,13.137050343364981,Favorable,13.137050343364981,Favorable,12.5,Favorable,12.790540097055626,Favorable
2026-07-17 05:45:00+03:00,PARTIAL,13.104540459711195,Favorable,13.104540459711195,Favorable,12.5,Favorable,12.774285155228732,Favorable
2026-07-17 05:50:00+03:00,PARTIAL,13.411096008692073,Favorable,13.411096008692073,Favorable,12.5,Favorable,12.927562929719171,Favorable
2026-07-17 05:55:00+03:00,PARTIAL,13.271823954117597,Favorable,13.271823954117597,Favorable,12.5,Favorable,12.857926902431933,Favorable
2026-07-17 06:00:00+03:00,PARTIAL,13.206202268007944,Favorable,13.206202268007944,Favorable,12.5,Favorable,12.825116059377105,Favorable
2026-07-17 06:05:00+03:00,PARTIAL,13.469850151661436,Favorable,13.469850151661436,Favorable,12.5,Favorable,12.956940001203852,Favorable
2026-07-17 06:10:00+03:00,PARTIAL,14.331506364143962,Favorable,14.331506364143962,Favorable,12.5,Favorable,13.387768107445115,Favorable
2026-07-17 06:15:00+03:00,PARTIAL,14.957144641579626,Favorable,14.957144641579626,Favorable,12.5,Favorable,13.700587246162947,Favorable
2026-07-17 06:20:00+03:00,PARTIAL,14.24961946420954,Favorable,14.24961946420954,Favorable,12.5,Favorable,13.346824657477903,Favorable
2026-07-17 06:25:00+03:00,PARTIAL,13.678274766216791,Favorable,13.678274766216791,Favorable,12.5,Favorable,13.06115230848153,Favorable
2026-07-17 06:30:00+03:00,PARTIAL,12.886216965746245,Favorable,12.886216965746245,Favorable,12.5,Favorable,12.665123408246256,Favorable
2026-07-17 06:35:00+03:00,PARTIAL,13.230680974444804,Favorable,13.230680974444804,Favorable,12.5,Favorable,12.837355412595535,Favorable
2026-07-17 06:40:00+03:00,PARTIAL,12.858050263774786,Favorable,12.858050263774786,Favorable,12.5,Favorable,12.651040057260527,Favorable
2026-07-17 06:45:00+03:00,PARTIAL,13.821296039710136,Favorable,13.821296039710136,Favorable,12.5,Favorable,13.132662945228201,Favorable
2026-07-17 06:50:00+03:00,PARTIAL,12.80272548633633,Favorable,12.80272548633633,Favorable,12.5,Favorable,12.623377668541298,Favorable
2026-07-17 06:55:00+03:00,PARTIAL,13.05647448885101,Favorable,13.05647448885101,Favorable,12.5,Favorable,12.750252169798639,Favorable
2026-07-17 07:00:00+03:00,PARTIAL,13.044677528874635,Favorable,13.044677528874635,Favorable,12.5,Favorable,12.744353689810453,Favorable
2026-07-17 07:05:00+03:00,PARTIAL,13.173160983154428,Favorable,13.173160983154428,Favorable,12.5,Favorable,12.808595416950348,Favorable
2026-07-17 07:10:00+03:00,PARTIAL,12.444029850746269,Favorable,12.444029850746269,Favorable,12.5,Favorable,12.444029850746269,Favorable
2026-07-17 07:15:00+03:00,PARTIAL,12.444029850746269,Favorable,12.444029850746269,Favorable,12.5,Favorable,12.444029850746269,Favorable
2026-07-17 07:20:00+03:00,PARTIAL,12.444029850746269,Favorable,12.444029850746269,Favorable,12.5,Favorable,12.444029850746269,Favorable
2026-07-17 07:25:00+03:00,PARTIAL,12.444029850746269,Favorable,12.444029850746269,Favorable,12.5,Favorable,12.444029850746269,Favorable
2026-07-17 07:30:00+03:00,PARTIAL,12.640220432389874,Favorable,12.640220432389874,Favorable,12.5,Favorable,12.542125141568071,Favorable
2026-07-17 07:35:00+03:00,PARTIAL,12.444029850746269,Favorable,12.444029850746269,Favorable,12.5,Favorable,12.444029850746269,Favorable
2026-07-17 07:40:00+03:00,PARTIAL,12.444029850746269,Favorable,12.444029850746269,Favorable,12.5,Favorable,12.444029850746269,Favorable
2026-07-17 07:45:00+03:00,PARTIAL,12.444029850746269,Favorable,12.444029850746269,Favorable,12.5,Favorable,12.444029850746269,Favorable
2026-07-17 07:50:00+03:00,PARTIAL,12.444029850746269,Favorable,12.444029850746269,Favorable,12.5,Favorable,12.444029850746269,Favorable
2026-07-17 07:55:00+03:00,PARTIAL,12.868193240305871,Favorable,12.868193240305871,Favorable,12.5,Favorable,12.65611154552607,Favorable
2026-07-17 08:00:00+03:00,PARTIAL,13.024822361028537,Favorable,13.024822361028537,Favorable,12.5,Favorable,12.734426105887403,Favorable
2026-07-17 08:05:00+03:00,PARTIAL,14.100152194658857,Favorable,14.100152194658857,Favorable,12.5,Favorable,13.272091022702563,Favorable
2026-07-17 08:10:00+03:00,PARTIAL,13.927760974226068,Favorable,13.927760974226068,Favorable,12.5,Favorable,13.185895412486168,Favorable
2026-07-17 08:15:00+03:00,PARTIAL,13.889620993410928,Favorable,13.889620993410928,Favorable,12.5,Favorable,13.166825422078599,Favorable
2026-07-17 08:20:00+03:00,PARTIAL,13.096373729825325,Favorable,13.096373729825325,Favorable,12.5,Favorable,12.770201790285796,Favorable
2026-07-17 08:25:00+03:00,PARTIAL,12.630446011107178,Favorable,12.630446011107178,Favorable,12.5,Favorable,12.537237930926723,Favorable
2026-07-17 08:30:00+03:00,PARTIAL,13.078691186257764,Favorable,13.078691186257764,Favorable,12.5,Favorable,12.761360518502016,Favorable
2026-07-17 08:35:00+03:00,PARTIAL,12.803229301143661,Favorable,12.803229301143661,Favorable,12.5,Favorable,12.623629575944964,Favorable
2026-07-17 08:40:00+03:00,PARTIAL,13.66508107480406,Favorable,13.66508107480406,Favorable,12.5,Favorable,13.054555462775165,Favorable
2026-07-17 08:45:00+03:00,PARTIAL,13.512765870443703,Favorable,13.512765870443703,Favorable,12.5,Favorable,12.978397860594985,Favorable
2026-07-17 08:50:00+03:00,PARTIAL,13.83306831881692,Favorable,13.83306831881692,Favorable,12.5,Favorable,13.138549084781594,Favorable
2026-07-17 08:55:00+03:00,PARTIAL,12.444029850746269,Favorable,12.444029850746269,Favorable,12.5,Favorable,12.444029850746269,Favorable
2026-07-17 09:00:00+03:00,PARTIAL,12.444029850746269,Favorable,12.444029850746269,Favorable,12.5,Favorable,12.444029850746269,Favorable
2026-07-17 09:05:00+03:00,PARTIAL,12.444029850746269,Favorable,12.444029850746269,Favorable,12.5,Favorable,12.444029850746269,Favorable
2026-07-17 09:10:00+03:00,PARTIAL,12.444029850746269,Favorable,12.444029850746269,Favorable,12.5,Favorable,12.444029850746269,Favorable
2026-07-17 09:15:00+03:00,PARTIAL,12.444029850746269,Favorable,12.444029850746269,Favorable,12.5,Favorable,12.444029850746269,Favorable
2026-07-17 09:20:00+03:00,PARTIAL,12.444029850746269,Favorable,12.444029850746269,Favorable,12.5,Favorable,12.444029850746269,Favorable
2026-07-17 09:25:00+03:00,PARTIAL,12.444029850746269,Favorable,12.444029850746269,Favorable,12.5,Favorable,12.444029850746269,Favorable
2026-07-17 09:30:00+03:00,PARTIAL,12.444029850746269,Favorable,12.444029850746269,Favorable,12.5,Favorable,12.444029850746269,Favorable
2026-07-17 09:35:00+03:00,PARTIAL,12.444029850746269,Favorable,12.444029850746269,Favorable,12.5,Favorable,12.444029850746269,Favorable
2026-07-17 09:40:00+03:00,PARTIAL,12.444029850746269,Favorable,12.444029850746269,Favorable,12.5,Favorable,12.444029850746269,Favorable
2026-07-17 09:45:00+03:00,PARTIAL,12.444029850746269,Favorable,12.444029850746269,Favorable,12.5,Favorable,12.444029850746269,Favorable
2026-07-17 09:50:00+03:00,PARTIAL,12.444029850746269,Favorable,12.444029850746269,Favorable,12.5,Favorable,12.444029850746269,Favorable
2026-07-17 09:55:00+03:00,PARTIAL,12.444029850746269,Favorable,12.444029850746269,Favorable,12.5,Favorable,12.444029850746269,Favorable
2026-07-17 10:00:00+03:00,PARTIAL,12.444029850746269,Favorable,12.444029850746269,Favorable,12.5,Favorable,12.444029850746269,Favorable
2026-07-17 10:05:00+03:00,PARTIAL,12.444029850746269,Favorable,12.444029850746269,Favorable,12.5,Favorable,12.444029850746269,Favorable
2026-07-17 10:10:00+03:00,PARTIAL,12.444029850746269,Favorable,12.444029850746269,Favorable,12.5,Favorable,12.444029850746269,Favorable
2026-07-17 10:15:00+03:00,PARTIAL,12.444029850746269,Favorable,12.444029850746269,Favorable,12.5,Favorable,12.444029850746269,Favorable
2026-07-17 10:20:00+03:00,PARTIAL,12.444029850746269,Favorable,12.444029850746269,Favorable,12.5,Favorable,12.444029850746269,Favorable
2026-07-17 10:25:00+03:00,PARTIAL,12.444029850746269,Favorable,12.444029850746269,Favorable,12.5,Favorable,12.444029850746269,Favorable
2026-07-17 10:30:00+03:00,PARTIAL,12.444029850746269,Favorable,12.444029850746269,Favorable,12.5,Favorable,12.444029850746269,Favorable
2026-07-17 10:35:00+03:00,PARTIAL,12.444029850746269,Favorable,12.444029850746269,Favorable,12.5,Favorable,12.444029850746269,Favorable
2026-07-17 10:40:00+03:00,PARTIAL,12.444029850746269,Favorable,12.444029850746269,Favorable,12.5,Favorable,12.444029850746269,Favorable
2026-07-17 10:45:00+03:00,PARTIAL,12.444029850746269,Favorable,12.444029850746269,Favorable,12.5,Favorable,12.444029850746269,Favorable
2026-07-17 10:50:00+03:00,PARTIAL,12.444029850746269,Favorable,12.444029850746269,Favorable,12.5,Favorable,12.444029850746269,Favorable
2026-07-17 10:55:00+03:00,PARTIAL,12.444029850746269,Favorable,12.444029850746269,Favorable,12.5,Favorable,12.444029850746269,Favorable
2026-07-17 11:00:00+03:00,PARTIAL,12.444029850746269,Favorable,12.444029850746269,Favorable,12.5,Favorable,12.444029850746269,Favorable
2026-07-17 11:05:00+03:00,PARTIAL,12.444029850746269,Favorable,12.444029850746269,Favorable,12.5,Favorable,12.444029850746269,Favorable
2026-07-17 11:10:00+03:00,PARTIAL,12.444029850746269,Favorable,12.444029850746269,Favorable,12.5,Favorable,12.444029850746269,Favorable
2026-07-17 11:15:00+03:00,PARTIAL,12.444029850746269,Favorable,12.444029850746269,Favorable,12.5,Favorable,12.444029850746269,Favorable
2026-07-17 11:20:00+03:00,PARTIAL,12.444029850746269,Favorable,12.444029850746269,Favorable,12.5,Favorable,12.444029850746269,Favorable
2026-07-17 11:25:00+03:00,PARTIAL,12.444029850746269,Favorable,12.444029850746269,Favorable,12.5,Favorable,12.444029850746269,Favorable
2026-07-17 11:30:00+03:00,PARTIAL,12.444029850746269,Favorable,12.444029850746269,Favorable,12.5,Favorable,12.444029850746269,Favorable
2026-07-17 11:35:00+03:00,PARTIAL,12.444029850746269,Favorable,12.444029850746269,Favorable,12.5,Favorable,12.444029850746269,Favorable
2026-07-17 11:40:00+03:00,PARTIAL,12.444029850746269,Favorable,12.444029850746269,Favorable,12.5,Favorable,12.444029850746269,Favorable
2026-07-17 11:45:00+03:00,PARTIAL,37.49999999999999,Acceptable,37.5,Acceptable,37.5,Acceptable,26.280014544116234,Acceptable
2026-07-17 11:50:00+03:00,PARTIAL,37.5,Acceptable,37.5,Acceptable,37.5,Acceptable,28.251447247501055,Acceptable
2026-07-17 11:55:00+03:00,PARTIAL,37.5,Acceptable,37.5,Acceptable,37.5,Acceptable,28.47798118125393,Acceptable
2026-07-17 12:00:00+03:00,PARTIAL,37.49999999999999,Acceptable,37.5,Acceptable,37.5,Acceptable,25.34734180693335,Acceptable
2026-07-17 12:05:00+03:00,PARTIAL,21.044100626001274,Favorable,21.044100626001274,Favorable,12.5,Favorable,16.74406523837377,Favorable
2026-07-17 12:10:00+03:00,PARTIAL,12.444029850746269,Favorable,12.444029850746269,Favorable,12.5,Favorable,12.444029850746269,Favorable
2026-07-17 12:15:00+03:00,PARTIAL,12.444029850746269,Favorable,12.444029850746269,Favorable,12.5,Favorable,12.444029850746269,Favorable
2026-07-17 12:20:00+03:00,PARTIAL,12.444029850746269,Favorable,12.444029850746269,Favorable,12.5,Favorable,12.444029850746269,Favorable
2026-07-17 12:25:00+03:00,PARTIAL,12.444029850746269,Favorable,12.444029850746269,Favorable,12.5,Favorable,12.444029850746269,Favorable
2026-07-17 12:30:00+03:00,PARTIAL,12.444029850746269,Favorable,12.444029850746269,Favorable,12.5,Favorable,12.444029850746269,Favorable
2026-07-17 12:35:00+03:00,PARTIAL,12.444029850746269,Favorable,12.444029850746269,Favorable,12.5,Favorable,12.444029850746269,Favorable
2026-07-17 12:40:00+03:00,PARTIAL,12.444029850746269,Favorable,12.444029850746269,Favorable,12.5,Favorable,12.444029850746269,Favorable
2026-07-17 12:45:00+03:00,PARTIAL,12.444029850746269,Favorable,12.444029850746269,Favorable,12.5,Favorable,12.444029850746269,Favorable
2026-07-17 12:50:00+03:00,PARTIAL,12.444029850746269,Favorable,12.444029850746269,Favorable,12.5,Favorable,12.444029850746269,Favorable
2026-07-17 12:55:00+03:00,PARTIAL,12.444029850746269,Favorable,12.444029850746269,Favorable,12.5,Favorable,12.444029850746269,Favorable
2026-07-17 13:00:00+03:00,PARTIAL,12.444029850746269,Favorable,12.444029850746269,Favorable,12.5,Favorable,12.444029850746269,Favorable
2026-07-17 13:05:00+03:00,PARTIAL,12.444029850746269,Favorable,12.444029850746269,Favorable,12.5,Favorable,12.444029850746269,Favorable
2026-07-17 13:10:00+03:00,PARTIAL,12.444029850746269,Favorable,12.444029850746269,Favorable,12.5,Favorable,12.444029850746269,Favorable
2026-07-17 13:15:00+03:00,PARTIAL,12.444029850746269,Favorable,12.444029850746269,Favorable,12.5,Favorable,12.444029850746269,Favorable
2026-07-17 13:20:00+03:00,PARTIAL,12.444029850746269,Favorable,12.444029850746269,Favorable,12.5,Favorable,12.444029850746269,Favorable
2026-07-17 13:25:00+03:00,PARTIAL,12.444029850746269,Favorable,12.444029850746269,Favorable,12.5,Favorable,12.444029850746269,Favorable
2026-07-17 13:30:00+03:00,PARTIAL,12.444029850746269,Favorable,12.444029850746269,Favorable,12.5,Favorable,12.444029850746269,Favorable
2026-07-17 13:35:00+03:00,PARTIAL,12.444029850746269,Favorable,12.444029850746269,Favorable,12.5,Favorable,12.444029850746269,Favorable
2026-07-17 13:40:00+03:00,PARTIAL,12.444029850746269,Favorable,12.444029850746269,Favorable,12.5,Favorable,12.444029850746269,Favorable
2026-07-17 13:45:00+03:00,PARTIAL,12.444029850746269,Favorable,12.444029850746269,Favorable,12.5,Favorable,12.444029850746269,Favorable
2026-07-17 13:50:00+03:00,PARTIAL,12.444029850746269,Favorable,12.444029850746269,Favorable,12.5,Favorable,12.444029850746269,Favorable
2026-07-17 13:55:00+03:00,PARTIAL,12.444029850746269,Favorable,12.444029850746269,Favorable,12.5,Favorable,12.444029850746269,Favorable
2026-07-17 14:00:00+03:00,PARTIAL,12.444029850746269,Favorable,12.444029850746269,Favorable,12.5,Favorable,12.444029850746269,Favorable
2026-07-17 14:05:00+03:00,PARTIAL,12.444029850746269,Favorable,12.444029850746269,Favorable,12.5,Favorable,12.444029850746269,Favorable
2026-07-17 14:10:00+03:00,PARTIAL,12.444029850746269,Favorable,12.444029850746269,Favorable,12.5,Favorable,12.444029850746269,Favorable
2026-07-17 14:15:00+03:00,PARTIAL,12.444029850746269,Favorable,12.444029850746269,Favorable,12.5,Favorable,12.444029850746269,Favorable
2026-07-17 14:20:00+03:00,PARTIAL,12.444029850746269,Favorable,12.444029850746269,Favorable,12.5,Favorable,12.444029850746269,Favorable
2026-07-17 14:25:00+03:00,PARTIAL,12.444029850746269,Favorable,12.444029850746269,Favorable,12.5,Favorable,12.444029850746269,Favorable
2026-07-17 14:30:00+03:00,PARTIAL,12.444029850746269,Favorable,12.444029850746269,Favorable,12.5,Favorable,12.444029850746269,Favorable
2026-07-17 14:35:00+03:00,PARTIAL,12.444029850746269,Favorable,12.444029850746269,Favorable,12.5,Favorable,12.444029850746269,Favorable
2026-07-17 14:40:00+03:00,PARTIAL,12.444029850746269,Favorable,12.444029850746269,Favorable,12.5,Favorable,12.444029850746269,Favorable
2026-07-17 14:45:00+03:00,PARTIAL,12.444029850746269,Favorable,12.444029850746269,Favorable,12.5,Favorable,12.444029850746269,Favorable
2026-07-17 14:50:00+03:00,PARTIAL,12.444029850746269,Favorable,12.444029850746269,Favorable,12.5,Favorable,12.444029850746269,Favorable
2026-07-17 14:55:00+03:00,PARTIAL,12.444029850746269,Favorable,12.444029850746269,Favorable,12.5,Favorable,12.444029850746269,Favorable
2026-07-17 15:00:00+03:00,PARTIAL,12.444029850746269,Favorable,12.444029850746269,Favorable,12.5,Favorable,12.444029850746269,Favorable
2026-07-17 15:05:00+03:00,PARTIAL,12.444029850746269,Favorable,12.444029850746269,Favorable,12.5,Favorable,12.444029850746269,Favorable
2026-07-17 15:10:00+03:00,PARTIAL,12.444029850746269,Favorable,12.444029850746269,Favorable,12.5,Favorable,12.444029850746269,Favorable
2026-07-17 15:15:00+03:00,PARTIAL,12.444029850746269,Favorable,12.444029850746269,Favorable,12.5,Favorable,12.444029850746269,Favorable
2026-07-17 15:20:00+03:00,PARTIAL,12.444029850746269,Favorable,12.444029850746269,Favorable,12.5,Favorable,12.444029850746269,Favorable
2026-07-17 15:25:00+03:00,PARTIAL,12.444029850746269,Favorable,12.444029850746269,Favorable,12.5,Favorable,12.444029850746269,Favorable
2026-07-17 15:30:00+03:00,PARTIAL,12.444029850746269,Favorable,12.444029850746269,Favorable,12.5,Favorable,12.444029850746269,Favorable
2026-07-17 15:35:00+03:00,PARTIAL,12.444029850746269,Favorable,12.444029850746269,Favorable,12.5,Favorable,12.444029850746269,Favorable
2026-07-17 15:40:00+03:00,PARTIAL,12.444029850746269,Favorable,12.444029850746269,Favorable,12.5,Favorable,12.444029850746269,Favorable
2026-07-17 15:45:00+03:00,PARTIAL,12.444029850746269,Favorable,12.444029850746269,Favorable,12.5,Favorable,12.444029850746269,Favorable
2026-07-17 15:50:00+03:00,PARTIAL,12.521410280195981,Favorable,12.521410280195981,Favorable,12.5,Favorable,12.482720065471124,Favorable
2026-07-17 15:55:00+03:00,PARTIAL,13.161595259103663,Favorable,13.161595259103663,Favorable,12.5,Favorable,12.802812554924966,Favorable
2026-07-17 16:00:00+03:00,PARTIAL,13.716961168282504,Favorable,13.716961168282504,Favorable,12.5,Favorable,13.080495509514385,Favorable
2026-07-17 16:05:00+03:00,PARTIAL,13.268782392095183,Favorable,13.268782392095183,Favorable,12.5,Favorable,12.856406121420726,Favorable
2026-07-17 16:10:00+03:00,PARTIAL,13.152059626067198,Favorable,13.152059626067198,Favorable,12.5,Favorable,12.798044738406734,Favorable
2026-07-17 16:15:00+03:00,PARTIAL,13.608079136380859,Favorable,13.608079136380859,Favorable,12.5,Favorable,13.026054493563564,Favorable
2026-07-17 16:20:00+03:00,PARTIAL,13.879032009845607,Favorable,13.879032009845607,Favorable,12.5,Favorable,13.161530930295939,Favorable
2026-07-17 16:25:00+03:00,PARTIAL,12.921700380057443,Favorable,12.921700380057443,Favorable,12.5,Favorable,12.682865115401857,Favorable
2026-07-17 16:30:00+03:00,PARTIAL,12.444029850746269,Favorable,12.444029850746269,Favorable,12.5,Favorable,12.444029850746269,Favorable
2026-07-17 16:35:00+03:00,PARTIAL,12.444029850746269,Favorable,12.444029850746269,Favorable,12.5,Favorable,12.444029850746269,Favorable
2026-07-17 16:40:00+03:00,PARTIAL,12.444029850746269,Favorable,12.444029850746269,Favorable,12.5,Favorable,12.444029850746269,Favorable
2026-07-17 16:45:00+03:00,PARTIAL,12.444029850746269,Favorable,12.444029850746269,Favorable,12.5,Favorable,12.444029850746269,Favorable
2026-07-17 16:50:00+03:00,PARTIAL,12.444029850746269,Favorable,12.444029850746269,Favorable,12.5,Favorable,12.444029850746269,Favorable
2026-07-17 16:55:00+03:00,PARTIAL,12.444029850746269,Favorable,12.444029850746269,Favorable,12.5,Favorable,12.444029850746269,Favorable
2026-07-17 17:00:00+03:00,PARTIAL,12.444029850746269,Favorable,12.444029850746269,Favorable,12.5,Favorable,12.444029850746269,Favorable
2026-07-17 17:05:00+03:00,PARTIAL,12.444029850746269,Favorable,12.444029850746269,Favorable,12.5,Favorable,12.444029850746269,Favorable
2026-07-17 17:10:00+03:00,PARTIAL,12.444029850746269,Favorable,12.444029850746269,Favorable,12.5,Favorable,12.444029850746269,Favorable
2026-07-17 17:15:00+03:00,PARTIAL,12.444029850746269,Favorable,12.444029850746269,Favorable,12.5,Favorable,12.444029850746269,Favorable
2026-07-17 17:20:00+03:00,PARTIAL,12.444029850746269,Favorable,12.444029850746269,Favorable,12.5,Favorable,12.444029850746269,Favorable
2026-07-17 17:25:00+03:00,PARTIAL,12.444029850746269,Favorable,12.444029850746269,Favorable,12.5,Favorable,12.444029850746269,Favorable
2026-07-17 17:30:00+03:00,PARTIAL,12.444029850746269,Favorable,12.444029850746269,Favorable,12.5,Favorable,12.444029850746269,Favorable
2026-07-17 17:35:00+03:00,PARTIAL,12.444029850746269,Favorable,12.444029850746269,Favorable,12.5,Favorable,12.444029850746269,Favorable
2026-07-17 17:40:00+03:00,PARTIAL,12.444029850746269,Favorable,12.444029850746269,Favorable,12.5,Favorable,12.444029850746269,Favorable
2026-07-17 17:45:00+03:00,PARTIAL,12.444029850746269,Favorable,12.444029850746269,Favorable,12.5,Favorable,12.444029850746269,Favorable
2026-07-17 17:50:00+03:00,PARTIAL,12.444029850746269,Favorable,12.444029850746269,Favorable,12.5,Favorable,12.444029850746269,Favorable
2026-07-17 17:55:00+03:00,PARTIAL,12.444029850746269,Favorable,12.444029850746269,Favorable,12.5,Favorable,12.444029850746269,Favorable
2026-07-17 18:00:00+03:00,PARTIAL,12.444029850746269,Favorable,12.444029850746269,Favorable,12.5,Favorable,12.444029850746269,Favorable
2026-07-17 18:05:00+03:00,PARTIAL,12.444029850746269,Favorable,12.444029850746269,Favorable,12.5,Favorable,12.444029850746269,Favorable
2026-07-17 18:10:00+03:00,PARTIAL,12.444029850746269,Favorable,12.444029850746269,Favorable,12.5,Favorable,12.444029850746269,Favorable
2026-07-17 18:15:00+03:00,PARTIAL,12.444029850746269,Favorable,12.444029850746269,Favorable,12.5,Favorable,12.444029850746269,Favorable
2026-07-17 18:20:00+03:00,PARTIAL,12.444029850746269,Favorable,12.444029850746269,Favorable,12.5,Favorable,12.444029850746269,Favorable
2026-07-17 18:25:00+03:00,PARTIAL,12.444029850746269,Favorable,12.444029850746269,Favorable,12.5,Favorable,12.444029850746269,Favorable
2026-07-17 18:30:00+03:00,PARTIAL,12.444029850746269,Favorable,12.444029850746269,Favorable,12.5,Favorable,12.444029850746269,Favorable
2026-07-17 18:35:00+03:00,PARTIAL,12.444029850746269,Favorable,12.444029850746269,Favorable,12.5,Favorable,12.444029850746269,Favorable
2026-07-17 18:40:00+03:00,PARTIAL,12.444029850746269,Favorable,12.444029850746269,Favorable,12.5,Favorable,12.444029850746269,Favorable
2026-07-17 18:45:00+03:00,PARTIAL,12.444029850746269,Favorable,12.444029850746269,Favorable,12.5,Favorable,12.444029850746269,Favorable
2026-07-17 18:50:00+03:00,PARTIAL,12.444029850746269,Favorable,12.444029850746269,Favorable,12.5,Favorable,12.444029850746269,Favorable
2026-07-17 18:55:00+03:00,PARTIAL,12.444029850746269,Favorable,12.444029850746269,Favorable,12.5,Favorable,12.444029850746269,Favorable
2026-07-17 19:00:00+03:00,PARTIAL,12.444029850746269,Favorable,12.444029850746269,Favorable,12.5,Favorable,12.444029850746269,Favorable
2026-07-17 19:05:00+03:00,PARTIAL,12.444029850746269,Favorable,12.444029850746269,Favorable,12.5,Favorable,12.444029850746269,Favorable
2026-07-17 19:10:00+03:00,PARTIAL,12.444029850746269,Favorable,12.444029850746269,Favorable,12.5,Favorable,12.444029850746269,Favorable
2026-07-17 19:15:00+03:00,PARTIAL,12.444029850746269,Favorable,12.444029850746269,Favorable,12.5,Favorable,12.444029850746269,Favorable
2026-07-17 19:20:00+03:00,PARTIAL,12.444029850746269,Favorable,12.444029850746269,Favorable,12.5,Favorable,12.444029850746269,Favorable
2026-07-17 19:25:00+03:00,PARTIAL,12.444029850746269,Favorable,12.444029850746269,Favorable,12.5,Favorable,12.444029850746269,Favorable
2026-07-17 19:30:00+03:00,PARTIAL,12.444029850746269,Favorable,12.444029850746269,Favorable,12.5,Favorable,12.444029850746269,Favorable
2026-07-17 19:35:00+03:00,PARTIAL,12.444029850746269,Favorable,12.444029850746269,Favorable,12.5,Favorable,12.444029850746269,Favorable
2026-07-17 19:40:00+03:00,PARTIAL,12.444029850746269,Favorable,12.444029850746269,Favorable,12.5,Favorable,12.444029850746269,Favorable
2026-07-17 19:45:00+03:00,PARTIAL,12.444029850746269,Favorable,12.444029850746269,Favorable,12.5,Favorable,12.444029850746269,Favorable
2026-07-17 19:50:00+03:00,PARTIAL,12.444029850746269,Favorable,12.444029850746269,Favorable,12.5,Favorable,12.444029850746269,Favorable
2026-07-17 19:55:00+03:00,PARTIAL,12.444029850746269,Favorable,12.444029850746269,Favorable,12.5,Favorable,12.444029850746269,Favorable
2026-07-17 20:00:00+03:00,PARTIAL,12.444029850746269,Favorable,12.444029850746269,Favorable,12.5,Favorable,12.444029850746269,Favorable
2026-07-17 20:05:00+03:00,PARTIAL,12.444029850746269,Favorable,12.444029850746269,Favorable,12.5,Favorable,12.444029850746269,Favorable
2026-07-17 20:10:00+03:00,PARTIAL,12.444029850746269,Favorable,12.444029850746269,Favorable,12.5,Favorable,12.444029850746269,Favorable
2026-07-17 20:15:00+03:00,PARTIAL,12.444029850746269,Favorable,12.444029850746269,Favorable,12.5,Favorable,12.444029850746269,Favorable
2026-07-17 20:20:00+03:00,PARTIAL,12.444029850746269,Favorable,12.444029850746269,Favorable,12.5,Favorable,12.444029850746269,Favorable
2026-07-17 20:25:00+03:00,PARTIAL,12.444029850746269,Favorable,12.444029850746269,Favorable,12.5,Favorable,12.444029850746269,Favorable
2026-07-17 20:30:00+03:00,PARTIAL,12.444029850746269,Favorable,12.444029850746269,Favorable,12.5,Favorable,12.444029850746269,Favorable
2026-07-17 20:35:00+03:00,PARTIAL,12.444029850746269,Favorable,12.444029850746269,Favorable,12.5,Favorable,12.444029850746269,Favorable
2026-07-17 20:40:00+03:00,PARTIAL,12.444029850746269,Favorable,12.444029850746269,Favorable,12.5,Favorable,12.444029850746269,Favorable
2026-07-17 20:45:00+03:00,PARTIAL,12.444029850746269,Favorable,12.444029850746269,Favorable,12.5,Favorable,12.444029850746269,Favorable
2026-07-17 20:50:00+03:00,PARTIAL,12.444029850746269,Favorable,12.444029850746269,Favorable,12.5,Favorable,12.444029850746269,Favorable
2026-07-17 20:55:00+03:00,PARTIAL,12.444029850746269,Favorable,12.444029850746269,Favorable,12.5,Favorable,12.444029850746269,Favorable
2026-07-17 21:00:00+03:00,PARTIAL,12.444029850746269,Favorable,12.444029850746269,Favorable,12.5,Favorable,12.444029850746269,Favorable
2026-07-17 21:05:00+03:00,PARTIAL,12.444029850746269,Favorable,12.444029850746269,Favorable,12.5,Favorable,12.444029850746269,Favorable
2026-07-17 21:10:00+03:00,PARTIAL,12.444029850746269,Favorable,12.444029850746269,Favorable,12.5,Favorable,12.444029850746269,Favorable
2026-07-17 21:15:00+03:00,PARTIAL,12.444029850746269,Favorable,12.444029850746269,Favorable,12.5,Favorable,12.444029850746269,Favorable
2026-07-17 21:20:00+03:00,PARTIAL,12.444029850746269,Favorable,12.444029850746269,Favorable,12.5,Favorable,12.444029850746269,Favorable
2026-07-17 21:25:00+03:00,PARTIAL,12.444029850746269,Favorable,12.444029850746269,Favorable,12.5,Favorable,12.444029850746269,Favorable
2026-07-17 21:30:00+03:00,PARTIAL,12.444029850746269,Favorable,12.444029850746269,Favorable,12.5,Favorable,12.444029850746269,Favorable
2026-07-17 21:35:00+03:00,PARTIAL,12.444029850746269,Favorable,12.444029850746269,Favorable,12.5,Favorable,12.444029850746269,Favorable
2026-07-17 21:40:00+03:00,PARTIAL,12.444029850746269,Favorable,12.444029850746269,Favorable,12.5,Favorable,12.444029850746269,Favorable
2026-07-17 21:45:00+03:00,PARTIAL,12.444029850746269,Favorable,12.444029850746269,Favorable,12.5,Favorable,12.444029850746269,Favorable
2026-07-17 21:50:00+03:00,PARTIAL,12.444029850746269,Favorable,12.444029850746269,Favorable,12.5,Favorable,12.444029850746269,Favorable
2026-07-17 21:55:00+03:00,PARTIAL,12.444029850746269,Favorable,12.444029850746269,Favorable,12.5,Favorable,12.444029850746269,Favorable
2026-07-17 22:00:00+03:00,PARTIAL,12.444029850746269,Favorable,12.444029850746269,Favorable,12.5,Favorable,12.444029850746269,Favorable
2026-07-17 22:05:00+03:00,PARTIAL,12.444029850746269,Favorable,12.444029850746269,Favorable,12.5,Favorable,12.444029850746269,Favorable
2026-07-17 22:10:00+03:00,PARTIAL,12.444029850746269,Favorable,12.444029850746269,Favorable,12.5,Favorable,12.444029850746269,Favorable
2026-07-17 22:15:00+03:00,PARTIAL,12.444029850746269,Favorable,12.444029850746269,Favorable,12.5,Favorable,12.444029850746269,Favorable
2026-07-17 22:20:00+03:00,PARTIAL,12.444029850746269,Favorable,12.444029850746269,Favorable,12.5,Favorable,12.444029850746269,Favorable
2026-07-17 22:25:00+03:00,PARTIAL,12.444029850746269,Favorable,12.444029850746269,Favorable,12.5,Favorable,12.444029850746269,Favorable
2026-07-17 22:30:00+03:00,PARTIAL,12.444029850746269,Favorable,12.444029850746269,Favorable,12.5,Favorable,12.444029850746269,Favorable
2026-07-17 22:35:00+03:00,PARTIAL,12.444029850746269,Favorable,12.444029850746269,Favorable,12.5,Favorable,12.444029850746269,Favorable
2026-07-17 22:40:00+03:00,PARTIAL,12.444029850746269,Favorable,12.444029850746269,Favorable,12.5,Favorable,12.444029850746269,Favorable
2026-07-17 22:45:00+03:00,PARTIAL,12.444029850746269,Favorable,12.444029850746269,Favorable,12.5,Favorable,12.444029850746269,Favorable
2026-07-17 22:50:00+03:00,PARTIAL,12.444029850746269,Favorable,12.444029850746269,Favorable,12.5,Favorable,12.444029850746269,Favorable
2026-07-17 22:55:00+03:00,PARTIAL,12.444029850746269,Favorable,12.444029850746269,Favorable,12.5,Favorable,12.444029850746269,Favorable
2026-07-17 23:00:00+03:00,PARTIAL,12.444029850746269,Favorable,12.444029850746269,Favorable,12.5,Favorable,12.444029850746269,Favorable
2026-07-17 23:05:00+03:00,PARTIAL,12.444029850746269,Favorable,12.444029850746269,Favorable,12.5,Favorable,12.444029850746269,Favorable
2026-07-17 23:10:00+03:00,PARTIAL,12.444029850746269,Favorable,12.444029850746269,Favorable,12.5,Favorable,12.444029850746269,Favorable
2026-07-17 23:15:00+03:00,PARTIAL,12.444029850746269,Favorable,12.444029850746269,Favorable,12.5,Favorable,12.444029850746269,Favorable
2026-07-17 23:20:00+03:00,PARTIAL,12.444029850746269,Favorable,12.444029850746269,Favorable,12.5,Favorable,12.444029850746269,Favorable
2026-07-17 23:25:00+03:00,PARTIAL,12.45277380622189,Favorable,12.45277380622189,Favorable,12.5,Favorable,12.44840182848408,Favorable
2026-07-17 23:30:00+03:00,PARTIAL,14.947723003899057,Favorable,14.947723003899057,Favorable,12.5,Favorable,13.695876427322663,Favorable
2026-07-17 23:35:00+03:00,PARTIAL,17.17550511994698,Favorable,17.17550511994698,Favorable,12.5,Favorable,14.809767485346624,Favorable
2026-07-17 23:40:00+03:00,PARTIAL,15.022259400916083,Favorable,15.022259400916083,Favorable,12.5,Favorable,13.733144625831176,Favorable
2026-07-17 23:45:00+03:00,PARTIAL,13.510882046130819,Favorable,13.510882046130819,Favorable,12.5,Favorable,12.977455948438543,Favorable
2026-07-17 23:50:00+03:00,PARTIAL,13.23481275874228,Favorable,13.23481275874228,Favorable,12.5,Favorable,12.839421304744274,Favorable
2026-07-17 23:55:00+03:00,PARTIAL,12.49774776101528,Favorable,12.49774776101528,Favorable,12.5,Favorable,12.470888805880774,Favorable
2026-07-18 00:00:00+03:00,PARTIAL,12.444029850746269,Favorable,12.444029850746269,Favorable,12.5,Favorable,12.444029850746269,Favorable
2026-07-18 00:05:00+03:00,PARTIAL,12.632234598433515,Favorable,12.632234598433515,Favorable,12.5,Favorable,12.53813222458989,Favorable
2026-07-18 00:10:00+03:00,PARTIAL,12.886023041677948,Favorable,12.886023041677948,Favorable,12.5,Favorable,12.665026446212108,Favorable
2026-07-18 00:15:00+03:00,PARTIAL,12.444029850746269,Favorable,12.444029850746269,Favorable,12.5,Favorable,12.444029850746269,Favorable
2026-07-18 00:20:00+03:00,PARTIAL,12.444029850746269,Favorable,12.444029850746269,Favorable,12.5,Favorable,12.444029850746269,Favorable
2026-07-18 00:25:00+03:00,PARTIAL,12.444029850746269,Favorable,12.444029850746269,Favorable,12.5,Favorable,12.444029850746269,Favorable
2026-07-18 00:30:00+03:00,PARTIAL,12.444029850746269,Favorable,12.444029850746269,Favorable,12.5,Favorable,12.444029850746269,Favorable
2026-07-18 00:35:00+03:00,PARTIAL,12.444029850746269,Favorable,12.444029850746269,Favorable,12.5,Favorable,12.444029850746269,Favorable
2026-07-18 00:40:00+03:00,PARTIAL,12.444029850746269,Favorable,12.444029850746269,Favorable,12.5,Favorable,12.444029850746269,Favorable
2026-07-18 00:45:00+03:00,PARTIAL,12.444029850746269,Favorable,12.444029850746269,Favorable,12.5,Favorable,12.444029850746269,Favorable
2026-07-18 00:50:00+03:00,PARTIAL,12.444029850746269,Favorable,12.444029850746269,Favorable,12.5,Favorable,12.444029850746269,Favorable
2026-07-18 00:55:00+03:00,PARTIAL,12.444029850746269,Favorable,12.444029850746269,Favorable,12.5,Favorable,12.444029850746269,Favorable
2026-07-18 01:00:00+03:00,PARTIAL,12.444029850746269,Favorable,12.444029850746269,Favorable,12.5,Favorable,12.444029850746269,Favorable
2026-07-18 01:05:00+03:00,PARTIAL,12.444029850746269,Favorable,12.444029850746269,Favorable,12.5,Favorable,12.444029850746269,Favorable
2026-07-18 01:10:00+03:00,PARTIAL,12.444029850746269,Favorable,12.444029850746269,Favorable,12.5,Favorable,12.444029850746269,Favorable
2026-07-18 01:15:00+03:00,PARTIAL,12.444029850746269,Favorable,12.444029850746269,Favorable,12.5,Favorable,12.444029850746269,Favorable
2026-07-18 01:20:00+03:00,PARTIAL,12.444029850746269,Favorable,12.444029850746269,Favorable,12.5,Favorable,12.444029850746269,Favorable
2026-07-18 01:25:00+03:00,PARTIAL,12.444029850746269,Favorable,12.444029850746269,Favorable,12.5,Favorable,12.444029850746269,Favorable
2026-07-18 01:30:00+03:00,PARTIAL,12.444029850746269,Favorable,12.444029850746269,Favorable,12.5,Favorable,12.444029850746269,Favorable
2026-07-18 01:35:00+03:00,PARTIAL,12.444029850746269,Favorable,12.444029850746269,Favorable,12.5,Favorable,12.444029850746269,Favorable
2026-07-18 01:40:00+03:00,PARTIAL,12.444029850746269,Favorable,12.444029850746269,Favorable,12.5,Favorable,12.444029850746269,Favorable
2026-07-18 01:45:00+03:00,PARTIAL,12.444029850746269,Favorable,12.444029850746269,Favorable,12.5,Favorable,12.444029850746269,Favorable
2026-07-18 01:50:00+03:00,PARTIAL,12.444029850746269,Favorable,12.444029850746269,Favorable,12.5,Favorable,12.444029850746269,Favorable
2026-07-18 01:55:00+03:00,PARTIAL,12.444029850746269,Favorable,12.444029850746269,Favorable,12.5,Favorable,12.444029850746269,Favorable
2026-07-18 02:00:00+03:00,PARTIAL,12.444029850746269,Favorable,12.444029850746269,Favorable,12.5,Favorable,12.444029850746269,Favorable
2026-07-18 02:05:00+03:00,PARTIAL,12.444029850746269,Favorable,12.444029850746269,Favorable,12.5,Favorable,12.444029850746269,Favorable
2026-07-18 02:10:00+03:00,PARTIAL,12.444029850746269,Favorable,12.444029850746269,Favorable,12.5,Favorable,12.444029850746269,Favorable
2026-07-18 02:15:00+03:00,PARTIAL,12.444029850746269,Favorable,12.444029850746269,Favorable,12.5,Favorable,12.444029850746269,Favorable
2026-07-18 02:20:00+03:00,PARTIAL,12.444029850746269,Favorable,12.444029850746269,Favorable,12.5,Favorable,12.444029850746269,Favorable
2026-07-18 02:25:00+03:00,PARTIAL,12.444029850746269,Favorable,12.444029850746269,Favorable,12.5,Favorable,12.444029850746269,Favorable
2026-07-18 02:30:00+03:00,PARTIAL,12.444029850746269,Favorable,12.444029850746269,Favorable,12.5,Favorable,12.444029850746269,Favorable
2026-07-18 02:35:00+03:00,PARTIAL,12.444029850746269,Favorable,12.444029850746269,Favorable,12.5,Favorable,12.444029850746269,Favorable
2026-07-18 02:40:00+03:00,PARTIAL,12.444029850746269,Favorable,12.444029850746269,Favorable,12.5,Favorable,12.444029850746269,Favorable
2026-07-18 02:45:00+03:00,PARTIAL,12.444029850746269,Favorable,12.444029850746269,Favorable,12.5,Favorable,12.444029850746269,Favorable
2026-07-18 02:50:00+03:00,PARTIAL,12.444029850746269,Favorable,12.444029850746269,Favorable,12.5,Favorable,12.444029850746269,Favorable
2026-07-18 02:55:00+03:00,PARTIAL,12.444029850746269,Favorable,12.444029850746269,Favorable,12.5,Favorable,12.444029850746269,Favorable
2026-07-18 03:00:00+03:00,PARTIAL,12.444029850746269,Favorable,12.444029850746269,Favorable,12.5,Favorable,12.444029850746269,Favorable
2026-07-18 03:05:00+03:00,PARTIAL,12.444029850746269,Favorable,12.444029850746269,Favorable,12.5,Favorable,12.444029850746269,Favorable
2026-07-18 03:10:00+03:00,PARTIAL,12.444029850746269,Favorable,12.444029850746269,Favorable,12.5,Favorable,12.444029850746269,Favorable
2026-07-18 03:15:00+03:00,PARTIAL,12.444029850746269,Favorable,12.444029850746269,Favorable,12.5,Favorable,12.444029850746269,Favorable
2026-07-18 03:20:00+03:00,PARTIAL,12.444029850746269,Favorable,12.444029850746269,Favorable,12.5,Favorable,12.444029850746269,Favorable
2026-07-18 03:25:00+03:00,PARTIAL,12.444029850746269,Favorable,12.444029850746269,Favorable,12.5,Favorable,12.444029850746269,Favorable
2026-07-18 03:30:00+03:00,PARTIAL,12.444029850746269,Favorable,12.444029850746269,Favorable,12.5,Favorable,12.444029850746269,Favorable
2026-07-18 03:35:00+03:00,PARTIAL,12.444029850746269,Favorable,12.444029850746269,Favorable,12.5,Favorable,12.444029850746269,Favorable
2026-07-18 03:40:00+03:00,PARTIAL,12.444029850746269,Favorable,12.444029850746269,Favorable,12.5,Favorable,12.444029850746269,Favorable
2026-07-18 03:45:00+03:00,PARTIAL,12.444029850746269,Favorable,12.444029850746269,Favorable,12.5,Favorable,12.444029850746269,Favorable
2026-07-18 03:50:00+03:00,PARTIAL,12.444029850746269,Favorable,12.444029850746269,Favorable,12.5,Favorable,12.444029850746269,Favorable
2026-07-18 03:55:00+03:00,PARTIAL,12.444029850746269,Favorable,12.444029850746269,Favorable,12.5,Favorable,12.444029850746269,Favorable
2026-07-18 04:00:00+03:00,PARTIAL,12.444029850746269,Favorable,12.444029850746269,Favorable,12.5,Favorable,12.444029850746269,Favorable
2026-07-18 04:05:00+03:00,PARTIAL,12.444029850746269,Favorable,12.444029850746269,Favorable,12.5,Favorable,12.444029850746269,Favorable
2026-07-18 04:10:00+03:00,PARTIAL,12.444029850746269,Favorable,12.444029850746269,Favorable,12.5,Favorable,12.444029850746269,Favorable
2026-07-18 04:15:00+03:00,PARTIAL,12.444029850746269,Favorable,12.444029850746269,Favorable,12.5,Favorable,12.444029850746269,Favorable
2026-07-18 04:20:00+03:00,PARTIAL,12.444029850746269,Favorable,12.444029850746269,Favorable,12.5,Favorable,12.444029850746269,Favorable
2026-07-18 04:25:00+03:00,PARTIAL,12.444029850746269,Favorable,12.444029850746269,Favorable,12.5,Favorable,12.444029850746269,Favorable
2026-07-18 04:30:00+03:00,PARTIAL,12.444029850746269,Favorable,12.444029850746269,Favorable,12.5,Favorable,12.444029850746269,Favorable
2026-07-18 04:35:00+03:00,PARTIAL,12.444029850746269,Favorable,12.444029850746269,Favorable,12.5,Favorable,12.444029850746269,Favorable
2026-07-18 04:40:00+03:00,PARTIAL,12.444029850746269,Favorable,12.444029850746269,Favorable,12.5,Favorable,12.444029850746269,Favorable
2026-07-18 04:45:00+03:00,PARTIAL,12.444029850746269,Favorable,12.444029850746269,Favorable,12.5,Favorable,12.444029850746269,Favorable
2026-07-18 04:50:00+03:00,PARTIAL,12.444029850746269,Favorable,12.444029850746269,Favorable,12.5,Favorable,12.444029850746269,Favorable
2026-07-18 04:55:00+03:00,PARTIAL,12.444029850746269,Favorable,12.444029850746269,Favorable,12.5,Favorable,12.444029850746269,Favorable
2026-07-18 05:00:00+03:00,PARTIAL,12.444029850746269,Favorable,12.444029850746269,Favorable,12.5,Favorable,12.444029850746269,Favorable
2026-07-18 05:05:00+03:00,PARTIAL,12.444029850746269,Favorable,12.444029850746269,Favorable,12.5,Favorable,12.444029850746269,Favorable
2026-07-18 05:10:00+03:00,PARTIAL,12.444029850746269,Favorable,12.444029850746269,Favorable,12.5,Favorable,12.444029850746269,Favorable
2026-07-18 05:15:00+03:00,PARTIAL,12.444029850746269,Favorable,12.444029850746269,Favorable,12.5,Favorable,12.444029850746269,Favorable
2026-07-18 05:20:00+03:00,PARTIAL,12.444029850746269,Favorable,12.444029850746269,Favorable,12.5,Favorable,12.444029850746269,Favorable
2026-07-18 05:25:00+03:00,PARTIAL,12.444029850746269,Favorable,12.444029850746269,Favorable,12.5,Favorable,12.444029850746269,Favorable
2026-07-18 05:30:00+03:00,PARTIAL,12.444029850746269,Favorable,12.444029850746269,Favorable,12.5,Favorable,12.444029850746269,Favorable
2026-07-18 05:35:00+03:00,PARTIAL,12.444029850746269,Favorable,12.444029850746269,Favorable,12.5,Favorable,12.444029850746269,Favorable
2026-07-18 05:40:00+03:00,PARTIAL,12.444029850746269,Favorable,12.444029850746269,Favorable,12.5,Favorable,12.444029850746269,Favorable
2026-07-18 05:45:00+03:00,PARTIAL,12.444029850746269,Favorable,12.444029850746269,Favorable,12.5,Favorable,12.444029850746269,Favorable
2026-07-18 05:50:00+03:00,PARTIAL,12.444029850746269,Favorable,12.444029850746269,Favorable,12.5,Favorable,12.444029850746269,Favorable
2026-07-18 05:55:00+03:00,PARTIAL,12.444029850746269,Favorable,12.444029850746269,Favorable,12.5,Favorable,12.444029850746269,Favorable
2026-07-18 06:00:00+03:00,PARTIAL,12.444029850746269,Favorable,12.444029850746269,Favorable,12.5,Favorable,12.444029850746269,Favorable
2026-07-18 06:05:00+03:00,PARTIAL,12.444029850746269,Favorable,12.444029850746269,Favorable,12.5,Favorable,12.444029850746269,Favorable
2026-07-18 06:10:00+03:00,PARTIAL,12.444029850746269,Favorable,12.444029850746269,Favorable,12.5,Favorable,12.444029850746269,Favorable
2026-07-18 06:15:00+03:00,PARTIAL,12.444029850746269,Favorable,12.444029850746269,Favorable,12.5,Favorable,12.444029850746269,Favorable
2026-07-18 06:20:00+03:00,PARTIAL,12.444029850746269,Favorable,12.444029850746269,Favorable,12.5,Favorable,12.444029850746269,Favorable
2026-07-18 06:25:00+03:00,PARTIAL,12.444029850746269,Favorable,12.444029850746269,Favorable,12.5,Favorable,12.444029850746269,Favorable
2026-07-18 06:30:00+03:00,PARTIAL,12.444029850746269,Favorable,12.444029850746269,Favorable,12.5,Favorable,12.444029850746269,Favorable
2026-07-18 06:35:00+03:00,PARTIAL,12.444029850746269,Favorable,12.444029850746269,Favorable,12.5,Favorable,12.444029850746269,Favorable
2026-07-18 06:40:00+03:00,PARTIAL,12.444029850746269,Favorable,12.444029850746269,Favorable,12.5,Favorable,12.444029850746269,Favorable
2026-07-18 06:45:00+03:00,PARTIAL,12.444029850746269,Favorable,12.444029850746269,Favorable,12.5,Favorable,12.444029850746269,Favorable
2026-07-18 06:50:00+03:00,PARTIAL,12.444029850746269,Favorable,12.444029850746269,Favorable,12.5,Favorable,12.444029850746269,Favorable
2026-07-18 06:55:00+03:00,PARTIAL,12.444029850746269,Favorable,12.444029850746269,Favorable,12.5,Favorable,12.444029850746269,Favorable
2026-07-18 07:00:00+03:00,PARTIAL,12.444029850746269,Favorable,12.444029850746269,Favorable,12.5,Favorable,12.444029850746269,Favorable
2026-07-18 07:05:00+03:00,PARTIAL,12.444029850746269,Favorable,12.444029850746269,Favorable,12.5,Favorable,12.444029850746269,Favorable
2026-07-18 07:10:00+03:00,PARTIAL,12.444029850746269,Favorable,12.444029850746269,Favorable,12.5,Favorable,12.444029850746269,Favorable
2026-07-18 07:15:00+03:00,PARTIAL,12.444029850746269,Favorable,12.444029850746269,Favorable,12.5,Favorable,12.444029850746269,Favorable
2026-07-18 07:20:00+03:00,PARTIAL,12.444029850746269,Favorable,12.444029850746269,Favorable,12.5,Favorable,12.444029850746269,Favorable
2026-07-18 07:25:00+03:00,PARTIAL,12.444029850746269,Favorable,12.444029850746269,Favorable,12.5,Favorable,12.444029850746269,Favorable
2026-07-18 07:30:00+03:00,PARTIAL,12.444029850746269,Favorable,12.444029850746269,Favorable,12.5,Favorable,12.444029850746269,Favorable
2026-07-18 07:35:00+03:00,PARTIAL,12.444029850746269,Favorable,12.444029850746269,Favorable,12.5,Favorable,12.444029850746269,Favorable
2026-07-18 07:40:00+03:00,PARTIAL,12.444029850746269,Favorable,12.444029850746269,Favorable,12.5,Favorable,12.444029850746269,Favorable
2026-07-18 07:45:00+03:00,PARTIAL,12.444029850746269,Favorable,12.444029850746269,Favorable,12.5,Favorable,12.444029850746269,Favorable
2026-07-18 07:50:00+03:00,PARTIAL,12.444029850746269,Favorable,12.444029850746269,Favorable,12.5,Favorable,12.444029850746269,Favorable
2026-07-18 07:55:00+03:00,PARTIAL,12.444029850746269,Favorable,12.444029850746269,Favorable,12.5,Favorable,12.444029850746269,Favorable
2026-07-18 08:00:00+03:00,PARTIAL,12.444029850746269,Favorable,12.444029850746269,Favorable,12.5,Favorable,12.444029850746269,Favorable
2026-07-18 08:05:00+03:00,PARTIAL,12.444029850746269,Favorable,12.444029850746269,Favorable,12.5,Favorable,12.444029850746269,Favorable
2026-07-18 08:10:00+03:00,PARTIAL,12.444029850746269,Favorable,12.444029850746269,Favorable,12.5,Favorable,12.444029850746269,Favorable
2026-07-18 08:15:00+03:00,PARTIAL,12.444029850746269,Favorable,12.444029850746269,Favorable,12.5,Favorable,12.444029850746269,Favorable
2026-07-18 08:20:00+03:00,PARTIAL,12.444029850746269,Favorable,12.444029850746269,Favorable,12.5,Favorable,12.444029850746269,Favorable
2026-07-18 08:25:00+03:00,PARTIAL,12.444029850746269,Favorable,12.444029850746269,Favorable,12.5,Favorable,12.444029850746269,Favorable
2026-07-18 08:30:00+03:00,PARTIAL,12.444029850746269,Favorable,12.444029850746269,Favorable,12.5,Favorable,12.444029850746269,Favorable
2026-07-18 08:35:00+03:00,PARTIAL,12.444029850746269,Favorable,12.444029850746269,Favorable,12.5,Favorable,12.444029850746269,Favorable
2026-07-18 08:40:00+03:00,PARTIAL,12.444029850746269,Favorable,12.444029850746269,Favorable,12.5,Favorable,12.444029850746269,Favorable
2026-07-18 08:45:00+03:00,PARTIAL,12.444029850746269,Favorable,12.444029850746269,Favorable,12.5,Favorable,12.444029850746269,Favorable
2026-07-18 08:50:00+03:00,PARTIAL,12.444029850746269,Favorable,12.444029850746269,Favorable,12.5,Favorable,12.444029850746269,Favorable
2026-07-18 08:55:00+03:00,PARTIAL,12.444029850746269,Favorable,12.444029850746269,Favorable,12.5,Favorable,12.444029850746269,Favorable
2026-07-18 09:00:00+03:00,PARTIAL,12.444029850746269,Favorable,12.444029850746269,Favorable,12.5,Favorable,12.444029850746269,Favorable
2026-07-18 09:05:00+03:00,PARTIAL,12.444029850746269,Favorable,12.444029850746269,Favorable,12.5,Favorable,12.444029850746269,Favorable
2026-07-18 09:10:00+03:00,PARTIAL,12.444029850746269,Favorable,12.444029850746269,Favorable,12.5,Favorable,12.444029850746269,Favorable
2026-07-18 09:15:00+03:00,PARTIAL,12.444029850746269,Favorable,12.444029850746269,Favorable,12.5,Favorable,12.444029850746269,Favorable
2026-07-18 09:20:00+03:00,PARTIAL,12.444029850746269,Favorable,12.444029850746269,Favorable,12.5,Favorable,12.444029850746269,Favorable
2026-07-18 09:25:00+03:00,PARTIAL,12.444029850746269,Favorable,12.444029850746269,Favorable,12.5,Favorable,12.444029850746269,Favorable
2026-07-18 09:30:00+03:00,PARTIAL,12.444029850746269,Favorable,12.444029850746269,Favorable,12.5,Favorable,12.444029850746269,Favorable
2026-07-18 09:35:00+03:00,PARTIAL,12.444029850746269,Favorable,12.444029850746269,Favorable,12.5,Favorable,12.444029850746269,Favorable
2026-07-18 09:40:00+03:00,PARTIAL,12.444029850746269,Favorable,12.444029850746269,Favorable,12.5,Favorable,12.444029850746269,Favorable
2026-07-18 09:45:00+03:00,PARTIAL,12.444029850746269,Favorable,12.444029850746269,Favorable,12.5,Favorable,12.444029850746269,Favorable
2026-07-18 09:50:00+03:00,PARTIAL,12.444029850746269,Favorable,12.444029850746269,Favorable,12.5,Favorable,12.444029850746269,Favorable
2026-07-18 09:55:00+03:00,PARTIAL,12.444029850746269,Favorable,12.444029850746269,Favorable,12.5,Favorable,12.444029850746269,Favorable
2026-07-18 10:00:00+03:00,PARTIAL,12.444029850746269,Favorable,12.444029850746269,Favorable,12.5,Favorable,12.444029850746269,Favorable
2026-07-18 10:05:00+03:00,PARTIAL,12.444029850746269,Favorable,12.444029850746269,Favorable,12.5,Favorable,12.444029850746269,Favorable
2026-07-18 10:10:00+03:00,PARTIAL,12.444029850746269,Favorable,12.444029850746269,Favorable,12.5,Favorable,12.444029850746269,Favorable
2026-07-18 10:15:00+03:00,PARTIAL,12.444029850746269,Favorable,12.444029850746269,Favorable,12.5,Favorable,12.444029850746269,Favorable
2026-07-18 10:20:00+03:00,PARTIAL,12.444029850746269,Favorable,12.444029850746269,Favorable,12.5,Favorable,12.444029850746269,Favorable
2026-07-18 10:25:00+03:00,PARTIAL,12.444029850746269,Favorable,12.444029850746269,Favorable,12.5,Favorable,12.444029850746269,Favorable
2026-07-18 10:30:00+03:00,PARTIAL,12.444029850746269,Favorable,12.444029850746269,Favorable,12.5,Favorable,12.444029850746269,Favorable
2026-07-18 10:35:00+03:00,PARTIAL,12.444029850746269,Favorable,12.444029850746269,Favorable,12.5,Favorable,12.444029850746269,Favorable
2026-07-18 10:40:00+03:00,PARTIAL,12.444029850746269,Favorable,12.444029850746269,Favorable,12.5,Favorable,12.444029850746269,Favorable
2026-07-18 10:45:00+03:00,PARTIAL,12.444029850746269,Favorable,12.444029850746269,Favorable,12.5,Favorable,12.444029850746269,Favorable
2026-07-18 10:50:00+03:00,PARTIAL,12.444029850746269,Favorable,12.444029850746269,Favorable,12.5,Favorable,12.444029850746269,Favorable
2026-07-18 10:55:00+03:00,PARTIAL,12.444029850746269,Favorable,12.444029850746269,Favorable,12.5,Favorable,12.444029850746269,Favorable
2026-07-18 11:00:00+03:00,PARTIAL,12.444029850746269,Favorable,12.444029850746269,Favorable,12.5,Favorable,12.444029850746269,Favorable
2026-07-18 11:05:00+03:00,PARTIAL,12.444029850746269,Favorable,12.444029850746269,Favorable,12.5,Favorable,12.444029850746269,Favorable
2026-07-18 11:10:00+03:00,PARTIAL,12.444029850746269,Favorable,12.444029850746269,Favorable,12.5,Favorable,12.444029850746269,Favorable
2026-07-18 11:15:00+03:00,PARTIAL,12.444029850746269,Favorable,12.444029850746269,Favorable,12.5,Favorable,12.444029850746269,Favorable
2026-07-18 11:20:00+03:00,PARTIAL,12.444029850746269,Favorable,12.444029850746269,Favorable,12.5,Favorable,12.444029850746269,Favorable
2026-07-18 11:25:00+03:00,PARTIAL,12.444029850746269,Favorable,12.444029850746269,Favorable,12.5,Favorable,12.444029850746269,Favorable
2026-07-18 11:30:00+03:00,PARTIAL,12.444029850746269,Favorable,12.444029850746269,Favorable,12.5,Favorable,12.444029850746269,Favorable
2026-07-18 11:35:00+03:00,PARTIAL,12.444029850746269,Favorable,12.444029850746269,Favorable,12.5,Favorable,12.444029850746269,Favorable
2026-07-18 11:40:00+03:00,PARTIAL,12.444029850746269,Favorable,12.444029850746269,Favorable,12.5,Favorable,12.444029850746269,Favorable
2026-07-18 11:45:00+03:00,PARTIAL,12.444029850746269,Favorable,12.444029850746269,Favorable,12.5,Favorable,12.444029850746269,Favorable
2026-07-18 11:50:00+03:00,PARTIAL,12.444029850746269,Favorable,12.444029850746269,Favorable,12.5,Favorable,12.444029850746269,Favorable
2026-07-18 11:55:00+03:00,PARTIAL,12.444029850746269,Favorable,12.444029850746269,Favorable,12.5,Favorable,12.444029850746269,Favorable
2026-07-18 12:00:00+03:00,PARTIAL,12.444029850746269,Favorable,12.444029850746269,Favorable,12.5,Favorable,12.444029850746269,Favorable
2026-07-18 12:05:00+03:00,PARTIAL,12.444029850746269,Favorable,12.444029850746269,Favorable,12.5,Favorable,12.444029850746269,Favorable
2026-07-18 12:10:00+03:00,PARTIAL,12.444029850746269,Favorable,12.444029850746269,Favorable,12.5,Favorable,12.444029850746269,Favorable
2026-07-18 12:15:00+03:00,PARTIAL,12.444029850746269,Favorable,12.444029850746269,Favorable,12.5,Favorable,12.444029850746269,Favorable
2026-07-18 12:20:00+03:00,PARTIAL,12.444029850746269,Favorable,12.444029850746269,Favorable,12.5,Favorable,12.444029850746269,Favorable
2026-07-18 12:25:00+03:00,PARTIAL,12.444029850746269,Favorable,12.444029850746269,Favorable,12.5,Favorable,12.444029850746269,Favorable
2026-07-18 12:30:00+03:00,PARTIAL,12.444029850746269,Favorable,12.444029850746269,Favorable,12.5,Favorable,12.444029850746269,Favorable
2026-07-18 12:35:00+03:00,PARTIAL,12.444029850746269,Favorable,12.444029850746269,Favorable,12.5,Favorable,12.444029850746269,Favorable
2026-07-18 12:40:00+03:00,PARTIAL,12.444029850746269,Favorable,12.444029850746269,Favorable,12.5,Favorable,12.444029850746269,Favorable
2026-07-18 12:45:00+03:00,PARTIAL,12.444029850746269,Favorable,12.444029850746269,Favorable,12.5,Favorable,12.444029850746269,Favorable
2026-07-18 12:50:00+03:00,PARTIAL,12.444029850746269,Favorable,12.444029850746269,Favorable,12.5,Favorable,12.444029850746269,Favorable
2026-07-18 12:55:00+03:00,PARTIAL,12.444029850746269,Favorable,12.444029850746269,Favorable,12.5,Favorable,12.444029850746269,Favorable
2026-07-18 13:00:00+03:00,PARTIAL,12.444029850746269,Favorable,12.444029850746269,Favorable,12.5,Favorable,12.444029850746269,Favorable
2026-07-18 13:05:00+03:00,PARTIAL,12.444029850746269,Favorable,12.444029850746269,Favorable,12.5,Favorable,12.444029850746269,Favorable
2026-07-18 13:10:00+03:00,PARTIAL,12.444029850746269,Favorable,12.444029850746269,Favorable,12.5,Favorable,12.444029850746269,Favorable
2026-07-18 13:15:00+03:00,PARTIAL,12.444029850746269,Favorable,12.444029850746269,Favorable,12.5,Favorable,12.444029850746269,Favorable
2026-07-18 13:20:00+03:00,PARTIAL,12.444029850746269,Favorable,12.444029850746269,Favorable,12.5,Favorable,12.444029850746269,Favorable
2026-07-18 13:25:00+03:00,PARTIAL,12.444029850746269,Favorable,12.444029850746269,Favorable,12.5,Favorable,12.444029850746269,Favorable
2026-07-18 13:30:00+03:00,PARTIAL,12.444029850746269,Favorable,12.444029850746269,Favorable,12.5,Favorable,12.444029850746269,Favorable
2026-07-18 13:35:00+03:00,PARTIAL,12.444029850746269,Favorable,12.444029850746269,Favorable,12.5,Favorable,12.444029850746269,Favorable
2026-07-18 13:40:00+03:00,PARTIAL,12.444029850746269,Favorable,12.444029850746269,Favorable,12.5,Favorable,12.444029850746269,Favorable
2026-07-18 13:45:00+03:00,PARTIAL,12.444029850746269,Favorable,12.444029850746269,Favorable,12.5,Favorable,12.444029850746269,Favorable
2026-07-18 13:50:00+03:00,PARTIAL,12.444029850746269,Favorable,12.444029850746269,Favorable,12.5,Favorable,12.444029850746269,Favorable
2026-07-18 13:55:00+03:00,PARTIAL,12.444029850746269,Favorable,12.444029850746269,Favorable,12.5,Favorable,12.444029850746269,Favorable
2026-07-18 14:00:00+03:00,PARTIAL,12.444029850746269,Favorable,12.444029850746269,Favorable,12.5,Favorable,12.444029850746269,Favorable
2026-07-18 14:05:00+03:00,PARTIAL,12.444029850746269,Favorable,12.444029850746269,Favorable,12.5,Favorable,12.444029850746269,Favorable
2026-07-18 14:10:00+03:00,PARTIAL,12.444029850746269,Favorable,12.444029850746269,Favorable,12.5,Favorable,12.444029850746269,Favorable
2026-07-18 14:15:00+03:00,PARTIAL,12.444029850746269,Favorable,12.444029850746269,Favorable,12.5,Favorable,12.444029850746269,Favorable
2026-07-18 14:20:00+03:00,PARTIAL,12.444029850746269,Favorable,12.444029850746269,Favorable,12.5,Favorable,12.444029850746269,Favorable
2026-07-18 14:25:00+03:00,PARTIAL,12.444029850746269,Favorable,12.444029850746269,Favorable,12.5,Favorable,12.444029850746269,Favorable
2026-07-18 14:30:00+03:00,PARTIAL,12.444029850746269,Favorable,12.444029850746269,Favorable,12.5,Favorable,12.444029850746269,Favorable
2026-07-18 14:35:00+03:00,PARTIAL,12.444029850746269,Favorable,12.444029850746269,Favorable,12.5,Favorable,12.444029850746269,Favorable
2026-07-18 14:40:00+03:00,PARTIAL,12.444029850746269,Favorable,12.444029850746269,Favorable,12.5,Favorable,12.444029850746269,Favorable
2026-07-18 14:45:00+03:00,PARTIAL,12.444029850746269,Favorable,12.444029850746269,Favorable,12.5,Favorable,12.444029850746269,Favorable
2026-07-18 14:50:00+03:00,PARTIAL,12.444029850746269,Favorable,12.444029850746269,Favorable,12.5,Favorable,12.444029850746269,Favorable
2026-07-18 14:55:00+03:00,PARTIAL,12.444029850746269,Favorable,12.444029850746269,Favorable,12.5,Favorable,12.444029850746269,Favorable
2026-07-18 15:00:00+03:00,PARTIAL,12.444029850746269,Favorable,12.444029850746269,Favorable,12.5,Favorable,12.444029850746269,Favorable
2026-07-18 15:05:00+03:00,PARTIAL,12.444029850746269,Favorable,12.444029850746269,Favorable,12.5,Favorable,12.444029850746269,Favorable
2026-07-18 15:10:00+03:00,PARTIAL,12.444029850746269,Favorable,12.444029850746269,Favorable,12.5,Favorable,12.444029850746269,Favorable
2026-07-18 15:15:00+03:00,PARTIAL,12.444029850746269,Favorable,12.444029850746269,Favorable,12.5,Favorable,12.444029850746269,Favorable
2026-07-18 15:20:00+03:00,PARTIAL,12.444029850746269,Favorable,12.444029850746269,Favorable,12.5,Favorable,12.444029850746269,Favorable
2026-07-18 15:25:00+03:00,PARTIAL,12.444029850746269,Favorable,12.444029850746269,Favorable,12.5,Favorable,12.444029850746269,Favorable
2026-07-18 15:30:00+03:00,PARTIAL,12.444029850746269,Favorable,12.444029850746269,Favorable,12.5,Favorable,12.444029850746269,Favorable
2026-07-18 15:35:00+03:00,PARTIAL,12.444029850746269,Favorable,12.444029850746269,Favorable,12.5,Favorable,12.444029850746269,Favorable
2026-07-18 15:40:00+03:00,PARTIAL,12.444029850746269,Favorable,12.444029850746269,Favorable,12.5,Favorable,12.444029850746269,Favorable
2026-07-18 15:45:00+03:00,PARTIAL,12.444029850746269,Favorable,12.444029850746269,Favorable,12.5,Favorable,12.444029850746269,Favorable
2026-07-18 15:50:00+03:00,PARTIAL,12.444029850746269,Favorable,12.444029850746269,Favorable,12.5,Favorable,12.444029850746269,Favorable
2026-07-18 15:55:00+03:00,PARTIAL,12.444029850746269,Favorable,12.444029850746269,Favorable,12.5,Favorable,12.444029850746269,Favorable
2026-07-18 16:00:00+03:00,PARTIAL,12.444029850746269,Favorable,12.444029850746269,Favorable,12.5,Favorable,12.444029850746269,Favorable
2026-07-18 16:05:00+03:00,PARTIAL,12.444029850746269,Favorable,12.444029850746269,Favorable,12.5,Favorable,12.444029850746269,Favorable
2026-07-18 16:10:00+03:00,PARTIAL,12.444029850746269,Favorable,12.444029850746269,Favorable,12.5,Favorable,12.444029850746269,Favorable
2026-07-18 16:15:00+03:00,PARTIAL,12.444029850746269,Favorable,12.444029850746269,Favorable,12.5,Favorable,12.444029850746269,Favorable
2026-07-18 16:20:00+03:00,PARTIAL,12.444029850746269,Favorable,12.444029850746269,Favorable,12.5,Favorable,12.444029850746269,Favorable
2026-07-18 16:25:00+03:00,PARTIAL,12.444029850746269,Favorable,12.444029850746269,Favorable,12.5,Favorable,12.444029850746269,Favorable
2026-07-18 16:30:00+03:00,PARTIAL,12.444029850746269,Favorable,12.444029850746269,Favorable,12.5,Favorable,12.444029850746269,Favorable
2026-07-18 16:35:00+03:00,PARTIAL,12.444029850746269,Favorable,12.444029850746269,Favorable,12.5,Favorable,12.444029850746269,Favorable
2026-07-18 16:40:00+03:00,PARTIAL,12.444029850746269,Favorable,12.444029850746269,Favorable,12.5,Favorable,12.444029850746269,Favorable
2026-07-18 16:45:00+03:00,PARTIAL,12.444029850746269,Favorable,12.444029850746269,Favorable,12.5,Favorable,12.444029850746269,Favorable
2026-07-18 16:50:00+03:00,PARTIAL,12.444029850746269,Favorable,12.444029850746269,Favorable,12.5,Favorable,12.444029850746269,Favorable
2026-07-18 16:55:00+03:00,PARTIAL,12.444029850746269,Favorable,12.444029850746269,Favorable,12.5,Favorable,12.444029850746269,Favorable
2026-07-18 17:00:00+03:00,PARTIAL,12.444029850746269,Favorable,12.444029850746269,Favorable,12.5,Favorable,12.444029850746269,Favorable
2026-07-18 17:05:00+03:00,PARTIAL,12.444029850746269,Favorable,12.444029850746269,Favorable,12.5,Favorable,12.444029850746269,Favorable
2026-07-18 17:10:00+03:00,PARTIAL,12.444029850746269,Favorable,12.444029850746269,Favorable,12.5,Favorable,12.444029850746269,Favorable
2026-07-18 17:15:00+03:00,PARTIAL,12.444029850746269,Favorable,12.444029850746269,Favorable,12.5,Favorable,12.444029850746269,Favorable
2026-07-18 17:20:00+03:00,PARTIAL,12.444029850746269,Favorable,12.444029850746269,Favorable,12.5,Favorable,12.444029850746269,Favorable
2026-07-18 17:25:00+03:00,PARTIAL,12.444029850746269,Favorable,12.444029850746269,Favorable,12.5,Favorable,12.444029850746269,Favorable
2026-07-18 17:30:00+03:00,PARTIAL,12.444029850746269,Favorable,12.444029850746269,Favorable,12.5,Favorable,12.444029850746269,Favorable
2026-07-18 17:35:00+03:00,PARTIAL,12.444029850746269,Favorable,12.444029850746269,Favorable,12.5,Favorable,12.444029850746269,Favorable
2026-07-18 17:40:00+03:00,PARTIAL,12.608597636148447,Favorable,12.608597636148447,Favorable,12.5,Favorable,12.526313743447357,Favorable
2026-07-18 17:45:00+03:00,PARTIAL,13.776200099335616,Favorable,13.776200099335616,Favorable,12.5,Favorable,13.110114975040943,Favorable
2026-07-18 17:50:00+03:00,PARTIAL,14.296397505457401,Favorable,14.296397505457401,Favorable,12.5,Favorable,13.370213678101834,Favorable
2026-07-18 17:55:00+03:00,PARTIAL,13.33916062796971,Favorable,13.33916062796971,Favorable,12.5,Favorable,12.89159523935799,Favorable
2026-07-18 18:00:00+03:00,PARTIAL,12.444029850746269,Favorable,12.444029850746269,Favorable,12.5,Favorable,12.444029850746269,Favorable
2026-07-18 18:05:00+03:00,PARTIAL,12.444029850746269,Favorable,12.444029850746269,Favorable,12.5,Favorable,12.444029850746269,Favorable
2026-07-18 18:10:00+03:00,PARTIAL,12.444029850746269,Favorable,12.444029850746269,Favorable,12.5,Favorable,12.444029850746269,Favorable
2026-07-18 18:15:00+03:00,PARTIAL,12.444029850746269,Favorable,12.444029850746269,Favorable,12.5,Favorable,12.444029850746269,Favorable
2026-07-18 18:20:00+03:00,PARTIAL,12.444029850746269,Favorable,12.444029850746269,Favorable,12.5,Favorable,12.444029850746269,Favorable
2026-07-18 18:25:00+03:00,PARTIAL,12.444029850746269,Favorable,12.444029850746269,Favorable,12.5,Favorable,12.444029850746269,Favorable
2026-07-18 18:30:00+03:00,PARTIAL,12.444029850746269,Favorable,12.444029850746269,Favorable,12.5,Favorable,12.444029850746269,Favorable
2026-07-18 18:35:00+03:00,PARTIAL,12.444029850746269,Favorable,12.444029850746269,Favorable,12.5,Favorable,12.444029850746269,Favorable
2026-07-18 18:40:00+03:00,PARTIAL,12.444029850746269,Favorable,12.444029850746269,Favorable,12.5,Favorable,12.444029850746269,Favorable
2026-07-18 18:45:00+03:00,PARTIAL,12.444029850746269,Favorable,12.444029850746269,Favorable,12.5,Favorable,12.444029850746269,Favorable
2026-07-18 18:50:00+03:00,PARTIAL,12.444029850746269,Favorable,12.444029850746269,Favorable,12.5,Favorable,12.444029850746269,Favorable
2026-07-18 18:55:00+03:00,PARTIAL,12.444029850746269,Favorable,12.444029850746269,Favorable,12.5,Favorable,12.444029850746269,Favorable
2026-07-18 19:00:00+03:00,PARTIAL,12.444029850746269,Favorable,12.444029850746269,Favorable,12.5,Favorable,12.444029850746269,Favorable
2026-07-18 19:05:00+03:00,PARTIAL,12.444029850746269,Favorable,12.444029850746269,Favorable,12.5,Favorable,12.444029850746269,Favorable
2026-07-18 19:10:00+03:00,PARTIAL,12.444029850746269,Favorable,12.444029850746269,Favorable,12.5,Favorable,12.444029850746269,Favorable
2026-07-18 19:15:00+03:00,PARTIAL,12.444029850746269,Favorable,12.444029850746269,Favorable,12.5,Favorable,12.444029850746269,Favorable
2026-07-18 19:20:00+03:00,PARTIAL,12.444029850746269,Favorable,12.444029850746269,Favorable,12.5,Favorable,12.444029850746269,Favorable
2026-07-18 19:25:00+03:00,PARTIAL,12.444029850746269,Favorable,12.444029850746269,Favorable,12.5,Favorable,12.444029850746269,Favorable
2026-07-18 19:30:00+03:00,PARTIAL,12.444029850746269,Favorable,12.444029850746269,Favorable,12.5,Favorable,12.444029850746269,Favorable
2026-07-18 19:35:00+03:00,PARTIAL,12.444029850746269,Favorable,12.444029850746269,Favorable,12.5,Favorable,12.444029850746269,Favorable
2026-07-18 19:40:00+03:00,PARTIAL,12.444029850746269,Favorable,12.444029850746269,Favorable,12.5,Favorable,12.444029850746269,Favorable
2026-07-18 19:45:00+03:00,PARTIAL,12.444029850746269,Favorable,12.444029850746269,Favorable,12.5,Favorable,12.444029850746269,Favorable
2026-07-18 19:50:00+03:00,PARTIAL,12.444029850746269,Favorable,12.444029850746269,Favorable,12.5,Favorable,12.444029850746269,Favorable
2026-07-18 19:55:00+03:00,PARTIAL,12.444029850746269,Favorable,12.444029850746269,Favorable,12.5,Favorable,12.444029850746269,Favorable
2026-07-18 20:00:00+03:00,PARTIAL,12.444029850746269,Favorable,12.444029850746269,Favorable,12.5,Favorable,12.444029850746269,Favorable
2026-07-18 20:05:00+03:00,PARTIAL,12.444029850746269,Favorable,12.444029850746269,Favorable,12.5,Favorable,12.444029850746269,Favorable
2026-07-18 20:10:00+03:00,PARTIAL,12.444029850746269,Favorable,12.444029850746269,Favorable,12.5,Favorable,12.444029850746269,Favorable
2026-07-18 20:15:00+03:00,PARTIAL,12.444029850746269,Favorable,12.444029850746269,Favorable,12.5,Favorable,12.444029850746269,Favorable
2026-07-18 20:20:00+03:00,PARTIAL,12.444029850746269,Favorable,12.444029850746269,Favorable,12.5,Favorable,12.444029850746269,Favorable
2026-07-18 20:25:00+03:00,PARTIAL,12.444029850746269,Favorable,12.444029850746269,Favorable,12.5,Favorable,12.444029850746269,Favorable
2026-07-18 20:30:00+03:00,PARTIAL,12.444029850746269,Favorable,12.444029850746269,Favorable,12.5,Favorable,12.444029850746269,Favorable
2026-07-18 20:35:00+03:00,PARTIAL,12.444029850746269,Favorable,12.444029850746269,Favorable,12.5,Favorable,12.444029850746269,Favorable
2026-07-18 20:40:00+03:00,PARTIAL,12.444029850746269,Favorable,12.444029850746269,Favorable,12.5,Favorable,12.444029850746269,Favorable
2026-07-18 20:45:00+03:00,PARTIAL,12.444029850746269,Favorable,12.444029850746269,Favorable,12.5,Favorable,12.444029850746269,Favorable
2026-07-18 20:50:00+03:00,PARTIAL,12.444029850746269,Favorable,12.444029850746269,Favorable,12.5,Favorable,12.444029850746269,Favorable
2026-07-18 20:55:00+03:00,PARTIAL,12.444029850746269,Favorable,12.444029850746269,Favorable,12.5,Favorable,12.444029850746269,Favorable
2026-07-18 21:00:00+03:00,PARTIAL,12.444029850746269,Favorable,12.444029850746269,Favorable,12.5,Favorable,12.444029850746269,Favorable
2026-07-18 21:05:00+03:00,PARTIAL,12.444029850746269,Favorable,12.444029850746269,Favorable,12.5,Favorable,12.444029850746269,Favorable
2026-07-18 21:10:00+03:00,PARTIAL,12.444029850746269,Favorable,12.444029850746269,Favorable,12.5,Favorable,12.444029850746269,Favorable
2026-07-18 21:15:00+03:00,PARTIAL,12.444029850746269,Favorable,12.444029850746269,Favorable,12.5,Favorable,12.444029850746269,Favorable
2026-07-18 21:20:00+03:00,PARTIAL,12.444029850746269,Favorable,12.444029850746269,Favorable,12.5,Favorable,12.444029850746269,Favorable
2026-07-18 21:25:00+03:00,PARTIAL,12.444029850746269,Favorable,12.444029850746269,Favorable,12.5,Favorable,12.444029850746269,Favorable
2026-07-18 21:30:00+03:00,PARTIAL,12.444029850746269,Favorable,12.444029850746269,Favorable,12.5,Favorable,12.444029850746269,Favorable
2026-07-18 21:35:00+03:00,PARTIAL,12.444029850746269,Favorable,12.444029850746269,Favorable,12.5,Favorable,12.444029850746269,Favorable
2026-07-18 21:40:00+03:00,PARTIAL,12.444029850746269,Favorable,12.444029850746269,Favorable,12.5,Favorable,12.444029850746269,Favorable
2026-07-18 21:45:00+03:00,PARTIAL,12.444029850746269,Favorable,12.444029850746269,Favorable,12.5,Favorable,12.444029850746269,Favorable
2026-07-18 21:50:00+03:00,PARTIAL,12.444029850746269,Favorable,12.444029850746269,Favorable,12.5,Favorable,12.444029850746269,Favorable
2026-07-18 21:55:00+03:00,PARTIAL,12.444029850746269,Favorable,12.444029850746269,Favorable,12.5,Favorable,12.444029850746269,Favorable
2026-07-18 22:00:00+03:00,PARTIAL,12.444029850746269,Favorable,12.444029850746269,Favorable,12.5,Favorable,12.444029850746269,Favorable
2026-07-18 22:05:00+03:00,PARTIAL,12.444029850746269,Favorable,12.444029850746269,Favorable,12.5,Favorable,12.444029850746269,Favorable
2026-07-18 22:10:00+03:00,PARTIAL,12.444029850746269,Favorable,12.444029850746269,Favorable,12.5,Favorable,12.444029850746269,Favorable
2026-07-18 22:15:00+03:00,PARTIAL,12.444029850746269,Favorable,12.444029850746269,Favorable,12.5,Favorable,12.444029850746269,Favorable
2026-07-18 22:20:00+03:00,PARTIAL,12.444029850746269,Favorable,12.444029850746269,Favorable,12.5,Favorable,12.444029850746269,Favorable
2026-07-18 22:25:00+03:00,PARTIAL,12.444029850746269,Favorable,12.444029850746269,Favorable,12.5,Favorable,12.444029850746269,Favorable
2026-07-18 22:30:00+03:00,PARTIAL,12.444029850746269,Favorable,12.444029850746269,Favorable,12.5,Favorable,12.444029850746269,Favorable
2026-07-18 22:35:00+03:00,PARTIAL,12.444029850746269,Favorable,12.444029850746269,Favorable,12.5,Favorable,12.444029850746269,Favorable
2026-07-18 22:40:00+03:00,PARTIAL,12.444029850746269,Favorable,12.444029850746269,Favorable,12.5,Favorable,12.444029850746269,Favorable
2026-07-18 22:45:00+03:00,PARTIAL,12.444029850746269,Favorable,12.444029850746269,Favorable,12.5,Favorable,12.444029850746269,Favorable
2026-07-18 22:50:00+03:00,PARTIAL,12.444029850746269,Favorable,12.444029850746269,Favorable,12.5,Favorable,12.444029850746269,Favorable
2026-07-18 22:55:00+03:00,PARTIAL,12.444029850746269,Favorable,12.444029850746269,Favorable,12.5,Favorable,12.444029850746269,Favorable
2026-07-18 23:00:00+03:00,PARTIAL,12.444029850746269,Favorable,12.444029850746269,Favorable,12.5,Favorable,12.444029850746269,Favorable
2026-07-18 23:05:00+03:00,PARTIAL,12.444029850746269,Favorable,12.444029850746269,Favorable,12.5,Favorable,12.444029850746269,Favorable
2026-07-18 23:10:00+03:00,PARTIAL,12.444029850746269,Favorable,12.444029850746269,Favorable,12.5,Favorable,12.444029850746269,Favorable
2026-07-18 23:15:00+03:00,PARTIAL,12.444029850746269,Favorable,12.444029850746269,Favorable,12.5,Favorable,12.444029850746269,Favorable
2026-07-18 23:20:00+03:00,PARTIAL,12.444029850746269,Favorable,12.444029850746269,Favorable,12.5,Favorable,12.444029850746269,Favorable
2026-07-18 23:25:00+03:00,PARTIAL,12.444029850746269,Favorable,12.444029850746269,Favorable,12.5,Favorable,12.444029850746269,Favorable
2026-07-18 23:30:00+03:00,PARTIAL,12.444029850746269,Favorable,12.444029850746269,Favorable,12.5,Favorable,12.444029850746269,Favorable
2026-07-18 23:35:00+03:00,PARTIAL,12.444029850746269,Favorable,12.444029850746269,Favorable,12.5,Favorable,12.444029850746269,Favorable
2026-07-18 23:40:00+03:00,PARTIAL,12.444029850746269,Favorable,12.444029850746269,Favorable,12.5,Favorable,12.444029850746269,Favorable
2026-07-18 23:45:00+03:00,PARTIAL,12.444029850746269,Favorable,12.444029850746269,Favorable,12.5,Favorable,12.444029850746269,Favorable
2026-07-18 23:50:00+03:00,PARTIAL,12.444029850746269,Favorable,12.444029850746269,Favorable,12.5,Favorable,12.444029850746269,Favorable
2026-07-18 23:55:00+03:00,PARTIAL,12.444029850746269,Favorable,12.444029850746269,Favorable,12.5,Favorable,12.444029850746269,Favorable
2026-07-19 00:00:00+03:00,PARTIAL,12.444029850746269,Favorable,12.444029850746269,Favorable,12.5,Favorable,12.444029850746269,Favorable
2026-07-19 00:05:00+03:00,PARTIAL,12.444029850746269,Favorable,12.444029850746269,Favorable,12.5,Favorable,12.444029850746269,Favorable
2026-07-19 00:10:00+03:00,PARTIAL,12.444029850746269,Favorable,12.444029850746269,Favorable,12.5,Favorable,12.444029850746269,Favorable
2026-07-19 00:15:00+03:00,PARTIAL,12.444029850746269,Favorable,12.444029850746269,Favorable,12.5,Favorable,12.444029850746269,Favorable
2026-07-19 00:20:00+03:00,PARTIAL,12.444029850746269,Favorable,12.444029850746269,Favorable,12.5,Favorable,12.444029850746269,Favorable
2026-07-19 00:25:00+03:00,PARTIAL,12.444029850746269,Favorable,12.444029850746269,Favorable,12.5,Favorable,12.444029850746269,Favorable
2026-07-19 00:30:00+03:00,PARTIAL,12.444029850746269,Favorable,12.444029850746269,Favorable,12.5,Favorable,12.444029850746269,Favorable
2026-07-19 00:35:00+03:00,PARTIAL,12.444029850746269,Favorable,12.444029850746269,Favorable,12.5,Favorable,12.444029850746269,Favorable
2026-07-19 00:40:00+03:00,PARTIAL,12.444029850746269,Favorable,12.444029850746269,Favorable,12.5,Favorable,12.444029850746269,Favorable
2026-07-19 00:45:00+03:00,PARTIAL,12.444029850746269,Favorable,12.444029850746269,Favorable,12.5,Favorable,12.444029850746269,Favorable
2026-07-19 00:50:00+03:00,PARTIAL,12.444029850746269,Favorable,12.444029850746269,Favorable,12.5,Favorable,12.444029850746269,Favorable
2026-07-19 00:55:00+03:00,PARTIAL,12.444029850746269,Favorable,12.444029850746269,Favorable,12.5,Favorable,12.444029850746269,Favorable
2026-07-19 01:00:00+03:00,PARTIAL,12.444029850746269,Favorable,12.444029850746269,Favorable,12.5,Favorable,12.444029850746269,Favorable
2026-07-19 01:05:00+03:00,PARTIAL,12.444029850746269,Favorable,12.444029850746269,Favorable,12.5,Favorable,12.444029850746269,Favorable
2026-07-19 01:10:00+03:00,PARTIAL,12.444029850746269,Favorable,12.444029850746269,Favorable,12.5,Favorable,12.444029850746269,Favorable
2026-07-19 01:15:00+03:00,PARTIAL,12.444029850746269,Favorable,12.444029850746269,Favorable,12.5,Favorable,12.444029850746269,Favorable
2026-07-19 01:20:00+03:00,PARTIAL,12.444029850746269,Favorable,12.444029850746269,Favorable,12.5,Favorable,12.444029850746269,Favorable
2026-07-19 01:25:00+03:00,PARTIAL,12.444029850746269,Favorable,12.444029850746269,Favorable,12.5,Favorable,12.444029850746269,Favorable
2026-07-19 01:30:00+03:00,PARTIAL,12.444029850746269,Favorable,12.444029850746269,Favorable,12.5,Favorable,12.444029850746269,Favorable
2026-07-19 01:35:00+03:00,PARTIAL,12.444029850746269,Favorable,12.444029850746269,Favorable,12.5,Favorable,12.444029850746269,Favorable
2026-07-19 01:40:00+03:00,PARTIAL,12.444029850746269,Favorable,12.444029850746269,Favorable,12.5,Favorable,12.444029850746269,Favorable
2026-07-19 01:45:00+03:00,PARTIAL,12.444029850746269,Favorable,12.444029850746269,Favorable,12.5,Favorable,12.444029850746269,Favorable
2026-07-19 01:50:00+03:00,PARTIAL,12.444029850746269,Favorable,12.444029850746269,Favorable,12.5,Favorable,12.444029850746269,Favorable
2026-07-19 01:55:00+03:00,PARTIAL,12.444029850746269,Favorable,12.444029850746269,Favorable,12.5,Favorable,12.444029850746269,Favorable
2026-07-19 02:00:00+03:00,PARTIAL,12.444029850746269,Favorable,12.444029850746269,Favorable,12.5,Favorable,12.444029850746269,Favorable
2026-07-19 02:05:00+03:00,PARTIAL,12.444029850746269,Favorable,12.444029850746269,Favorable,12.5,Favorable,12.444029850746269,Favorable
2026-07-19 02:10:00+03:00,PARTIAL,12.444029850746269,Favorable,12.444029850746269,Favorable,12.5,Favorable,12.444029850746269,Favorable
2026-07-19 02:15:00+03:00,PARTIAL,12.444029850746269,Favorable,12.444029850746269,Favorable,12.5,Favorable,12.444029850746269,Favorable
2026-07-19 02:20:00+03:00,PARTIAL,12.444029850746269,Favorable,12.444029850746269,Favorable,12.5,Favorable,12.444029850746269,Favorable
2026-07-19 02:25:00+03:00,PARTIAL,12.444029850746269,Favorable,12.444029850746269,Favorable,12.5,Favorable,12.444029850746269,Favorable
2026-07-19 02:30:00+03:00,PARTIAL,12.444029850746269,Favorable,12.444029850746269,Favorable,12.5,Favorable,12.444029850746269,Favorable
2026-07-19 02:35:00+03:00,PARTIAL,12.444029850746269,Favorable,12.444029850746269,Favorable,12.5,Favorable,12.444029850746269,Favorable
2026-07-19 02:40:00+03:00,PARTIAL,12.444029850746269,Favorable,12.444029850746269,Favorable,12.5,Favorable,12.444029850746269,Favorable
2026-07-19 02:45:00+03:00,PARTIAL,12.444029850746269,Favorable,12.444029850746269,Favorable,12.5,Favorable,12.444029850746269,Favorable
2026-07-19 02:50:00+03:00,PARTIAL,12.444029850746269,Favorable,12.444029850746269,Favorable,12.5,Favorable,12.444029850746269,Favorable
2026-07-19 02:55:00+03:00,PARTIAL,12.444029850746269,Favorable,12.444029850746269,Favorable,12.5,Favorable,12.444029850746269,Favorable
2026-07-19 03:00:00+03:00,PARTIAL,12.444029850746269,Favorable,12.444029850746269,Favorable,12.5,Favorable,12.444029850746269,Favorable
2026-07-19 03:05:00+03:00,PARTIAL,12.444029850746269,Favorable,12.444029850746269,Favorable,12.5,Favorable,12.444029850746269,Favorable
2026-07-19 03:10:00+03:00,PARTIAL,12.444029850746269,Favorable,12.444029850746269,Favorable,12.5,Favorable,12.444029850746269,Favorable
2026-07-19 03:15:00+03:00,PARTIAL,12.444029850746269,Favorable,12.444029850746269,Favorable,12.5,Favorable,12.444029850746269,Favorable
2026-07-19 03:20:00+03:00,PARTIAL,12.444029850746269,Favorable,12.444029850746269,Favorable,12.5,Favorable,12.444029850746269,Favorable
2026-07-19 03:25:00+03:00,PARTIAL,12.444029850746269,Favorable,12.444029850746269,Favorable,12.5,Favorable,12.444029850746269,Favorable
2026-07-19 03:30:00+03:00,PARTIAL,12.444029850746269,Favorable,12.444029850746269,Favorable,12.5,Favorable,12.444029850746269,Favorable
2026-07-19 03:35:00+03:00,PARTIAL,12.444029850746269,Favorable,12.444029850746269,Favorable,12.5,Favorable,12.444029850746269,Favorable
2026-07-19 03:40:00+03:00,PARTIAL,12.444029850746269,Favorable,12.444029850746269,Favorable,12.5,Favorable,12.444029850746269,Favorable
2026-07-19 03:45:00+03:00,PARTIAL,12.444029850746269,Favorable,12.444029850746269,Favorable,12.5,Favorable,12.444029850746269,Favorable
2026-07-19 03:50:00+03:00,PARTIAL,12.444029850746269,Favorable,12.444029850746269,Favorable,12.5,Favorable,12.444029850746269,Favorable
2026-07-19 03:55:00+03:00,PARTIAL,12.444029850746269,Favorable,12.444029850746269,Favorable,12.5,Favorable,12.444029850746269,Favorable
2026-07-19 04:00:00+03:00,PARTIAL,12.444029850746269,Favorable,12.444029850746269,Favorable,12.5,Favorable,12.444029850746269,Favorable
2026-07-19 04:05:00+03:00,PARTIAL,12.444029850746269,Favorable,12.444029850746269,Favorable,12.5,Favorable,12.444029850746269,Favorable
2026-07-19 04:10:00+03:00,PARTIAL,12.444029850746269,Favorable,12.444029850746269,Favorable,12.5,Favorable,12.444029850746269,Favorable
2026-07-19 04:15:00+03:00,PARTIAL,12.444029850746269,Favorable,12.444029850746269,Favorable,12.5,Favorable,12.444029850746269,Favorable
2026-07-19 04:20:00+03:00,PARTIAL,12.444029850746269,Favorable,12.444029850746269,Favorable,12.5,Favorable,12.444029850746269,Favorable
2026-07-19 04:25:00+03:00,PARTIAL,12.444029850746269,Favorable,12.444029850746269,Favorable,12.5,Favorable,12.444029850746269,Favorable
2026-07-19 04:30:00+03:00,PARTIAL,12.444029850746269,Favorable,12.444029850746269,Favorable,12.5,Favorable,12.444029850746269,Favorable
2026-07-19 04:35:00+03:00,PARTIAL,12.444029850746269,Favorable,12.444029850746269,Favorable,12.5,Favorable,12.444029850746269,Favorable
2026-07-19 04:40:00+03:00,PARTIAL,12.444029850746269,Favorable,12.444029850746269,Favorable,12.5,Favorable,12.444029850746269,Favorable
2026-07-19 04:45:00+03:00,PARTIAL,12.444029850746269,Favorable,12.444029850746269,Favorable,12.5,Favorable,12.444029850746269,Favorable
2026-07-19 04:50:00+03:00,PARTIAL,12.444029850746269,Favorable,12.444029850746269,Favorable,12.5,Favorable,12.444029850746269,Favorable
2026-07-19 04:55:00+03:00,PARTIAL,12.444029850746269,Favorable,12.444029850746269,Favorable,12.5,Favorable,12.444029850746269,Favorable
2026-07-19 05:00:00+03:00,PARTIAL,12.444029850746269,Favorable,12.444029850746269,Favorable,12.5,Favorable,12.444029850746269,Favorable
2026-07-19 05:05:00+03:00,PARTIAL,12.444029850746269,Favorable,12.444029850746269,Favorable,12.5,Favorable,12.444029850746269,Favorable
2026-07-19 05:10:00+03:00,PARTIAL,12.444029850746269,Favorable,12.444029850746269,Favorable,12.5,Favorable,12.444029850746269,Favorable
2026-07-19 05:15:00+03:00,PARTIAL,12.444029850746269,Favorable,12.444029850746269,Favorable,12.5,Favorable,12.444029850746269,Favorable
2026-07-19 05:20:00+03:00,PARTIAL,12.444029850746269,Favorable,12.444029850746269,Favorable,12.5,Favorable,12.444029850746269,Favorable
2026-07-19 05:25:00+03:00,PARTIAL,12.444029850746269,Favorable,12.444029850746269,Favorable,12.5,Favorable,12.444029850746269,Favorable
2026-07-19 05:30:00+03:00,PARTIAL,12.444029850746269,Favorable,12.444029850746269,Favorable,12.5,Favorable,12.444029850746269,Favorable
2026-07-19 05:35:00+03:00,PARTIAL,12.444029850746269,Favorable,12.444029850746269,Favorable,12.5,Favorable,12.444029850746269,Favorable
2026-07-19 05:40:00+03:00,PARTIAL,12.444029850746269,Favorable,12.444029850746269,Favorable,12.5,Favorable,12.444029850746269,Favorable
2026-07-19 05:45:00+03:00,PARTIAL,12.444029850746269,Favorable,12.444029850746269,Favorable,12.5,Favorable,12.444029850746269,Favorable
2026-07-19 05:50:00+03:00,PARTIAL,12.444029850746269,Favorable,12.444029850746269,Favorable,12.5,Favorable,12.444029850746269,Favorable
2026-07-19 05:55:00+03:00,PARTIAL,12.444029850746269,Favorable,12.444029850746269,Favorable,12.5,Favorable,12.444029850746269,Favorable
2026-07-19 06:00:00+03:00,PARTIAL,12.444029850746269,Favorable,12.444029850746269,Favorable,12.5,Favorable,12.444029850746269,Favorable
2026-07-19 06:05:00+03:00,PARTIAL,12.444029850746269,Favorable,12.444029850746269,Favorable,12.5,Favorable,12.444029850746269,Favorable
2026-07-19 06:10:00+03:00,PARTIAL,12.444029850746269,Favorable,12.444029850746269,Favorable,12.5,Favorable,12.444029850746269,Favorable
2026-07-19 06:15:00+03:00,PARTIAL,12.444029850746269,Favorable,12.444029850746269,Favorable,12.5,Favorable,12.444029850746269,Favorable
2026-07-19 06:20:00+03:00,PARTIAL,12.444029850746269,Favorable,12.444029850746269,Favorable,12.5,Favorable,12.444029850746269,Favorable
2026-07-19 06:25:00+03:00,PARTIAL,12.444029850746269,Favorable,12.444029850746269,Favorable,12.5,Favorable,12.444029850746269,Favorable
2026-07-19 06:30:00+03:00,PARTIAL,12.444029850746269,Favorable,12.444029850746269,Favorable,12.5,Favorable,12.444029850746269,Favorable
2026-07-19 06:35:00+03:00,PARTIAL,12.444029850746269,Favorable,12.444029850746269,Favorable,12.5,Favorable,12.444029850746269,Favorable
2026-07-19 06:40:00+03:00,PARTIAL,12.444029850746269,Favorable,12.444029850746269,Favorable,12.5,Favorable,12.444029850746269,Favorable
2026-07-19 06:45:00+03:00,PARTIAL,12.444029850746269,Favorable,12.444029850746269,Favorable,12.5,Favorable,12.444029850746269,Favorable
2026-07-19 06:50:00+03:00,PARTIAL,12.444029850746269,Favorable,12.444029850746269,Favorable,12.5,Favorable,12.444029850746269,Favorable
2026-07-19 06:55:00+03:00,PARTIAL,12.444029850746269,Favorable,12.444029850746269,Favorable,12.5,Favorable,12.444029850746269,Favorable
2026-07-19 07:00:00+03:00,PARTIAL,12.444029850746269,Favorable,12.444029850746269,Favorable,12.5,Favorable,12.444029850746269,Favorable
2026-07-19 07:05:00+03:00,PARTIAL,12.444029850746269,Favorable,12.444029850746269,Favorable,12.5,Favorable,12.444029850746269,Favorable
2026-07-19 07:10:00+03:00,PARTIAL,12.444029850746269,Favorable,12.444029850746269,Favorable,12.5,Favorable,12.444029850746269,Favorable
2026-07-19 07:15:00+03:00,PARTIAL,12.444029850746269,Favorable,12.444029850746269,Favorable,12.5,Favorable,12.444029850746269,Favorable
2026-07-19 07:20:00+03:00,PARTIAL,12.444029850746269,Favorable,12.444029850746269,Favorable,12.5,Favorable,12.444029850746269,Favorable
2026-07-19 07:25:00+03:00,PARTIAL,12.444029850746269,Favorable,12.444029850746269,Favorable,12.5,Favorable,12.444029850746269,Favorable
2026-07-19 07:30:00+03:00,PARTIAL,12.444029850746269,Favorable,12.444029850746269,Favorable,12.5,Favorable,12.444029850746269,Favorable
2026-07-19 07:35:00+03:00,PARTIAL,12.444029850746269,Favorable,12.444029850746269,Favorable,12.5,Favorable,12.444029850746269,Favorable
2026-07-19 07:40:00+03:00,PARTIAL,12.444029850746269,Favorable,12.444029850746269,Favorable,12.5,Favorable,12.444029850746269,Favorable
2026-07-19 07:45:00+03:00,PARTIAL,12.444029850746269,Favorable,12.444029850746269,Favorable,12.5,Favorable,12.444029850746269,Favorable
2026-07-19 07:50:00+03:00,PARTIAL,12.444029850746269,Favorable,12.444029850746269,Favorable,12.5,Favorable,12.444029850746269,Favorable
2026-07-19 07:55:00+03:00,PARTIAL,12.444029850746269,Favorable,12.444029850746269,Favorable,12.5,Favorable,12.444029850746269,Favorable
2026-07-19 08:00:00+03:00,PARTIAL,12.444029850746269,Favorable,12.444029850746269,Favorable,12.5,Favorable,12.444029850746269,Favorable
2026-07-19 08:05:00+03:00,PARTIAL,12.444029850746269,Favorable,12.444029850746269,Favorable,12.5,Favorable,12.444029850746269,Favorable
2026-07-19 08:10:00+03:00,PARTIAL,12.444029850746269,Favorable,12.444029850746269,Favorable,12.5,Favorable,12.444029850746269,Favorable
2026-07-19 08:15:00+03:00,PARTIAL,12.444029850746269,Favorable,12.444029850746269,Favorable,12.5,Favorable,12.444029850746269,Favorable
2026-07-19 08:20:00+03:00,PARTIAL,12.444029850746269,Favorable,12.444029850746269,Favorable,12.5,Favorable,12.444029850746269,Favorable
2026-07-19 08:25:00+03:00,PARTIAL,12.444029850746269,Favorable,12.444029850746269,Favorable,12.5,Favorable,12.444029850746269,Favorable
2026-07-19 08:30:00+03:00,PARTIAL,12.444029850746269,Favorable,12.444029850746269,Favorable,12.5,Favorable,12.444029850746269,Favorable
2026-07-19 08:35:00+03:00,PARTIAL,12.444029850746269,Favorable,12.444029850746269,Favorable,12.5,Favorable,12.444029850746269,Favorable
2026-07-19 08:40:00+03:00,PARTIAL,12.444029850746269,Favorable,12.444029850746269,Favorable,12.5,Favorable,12.444029850746269,Favorable
2026-07-19 08:45:00+03:00,PARTIAL,12.444029850746269,Favorable,12.444029850746269,Favorable,12.5,Favorable,12.444029850746269,Favorable
2026-07-19 08:50:00+03:00,PARTIAL,12.444029850746269,Favorable,12.444029850746269,Favorable,12.5,Favorable,12.444029850746269,Favorable
2026-07-19 08:55:00+03:00,PARTIAL,12.444029850746269,Favorable,12.444029850746269,Favorable,12.5,Favorable,12.444029850746269,Favorable
2026-07-19 09:00:00+03:00,PARTIAL,12.444029850746269,Favorable,12.444029850746269,Favorable,12.5,Favorable,12.444029850746269,Favorable
2026-07-19 09:05:00+03:00,PARTIAL,12.444029850746269,Favorable,12.444029850746269,Favorable,12.5,Favorable,12.444029850746269,Favorable
2026-07-19 09:10:00+03:00,PARTIAL,12.444029850746269,Favorable,12.444029850746269,Favorable,12.5,Favorable,12.444029850746269,Favorable
2026-07-19 09:15:00+03:00,PARTIAL,12.444029850746269,Favorable,12.444029850746269,Favorable,12.5,Favorable,12.444029850746269,Favorable
2026-07-19 09:20:00+03:00,PARTIAL,12.444029850746269,Favorable,12.444029850746269,Favorable,12.5,Favorable,12.444029850746269,Favorable
2026-07-19 09:25:00+03:00,PARTIAL,12.444029850746269,Favorable,12.444029850746269,Favorable,12.5,Favorable,12.444029850746269,Favorable
2026-07-19 09:30:00+03:00,PARTIAL,12.444029850746269,Favorable,12.444029850746269,Favorable,12.5,Favorable,12.444029850746269,Favorable
2026-07-19 09:35:00+03:00,PARTIAL,12.444029850746269,Favorable,12.444029850746269,Favorable,12.5,Favorable,12.444029850746269,Favorable
2026-07-19 09:40:00+03:00,PARTIAL,12.444029850746269,Favorable,12.444029850746269,Favorable,12.5,Favorable,12.444029850746269,Favorable
2026-07-19 09:45:00+03:00,PARTIAL,12.444029850746269,Favorable,12.444029850746269,Favorable,12.5,Favorable,12.444029850746269,Favorable
2026-07-19 09:50:00+03:00,PARTIAL,12.444029850746269,Favorable,12.444029850746269,Favorable,12.5,Favorable,12.444029850746269,Favorable
2026-07-19 09:55:00+03:00,PARTIAL,12.444029850746269,Favorable,12.444029850746269,Favorable,12.5,Favorable,12.444029850746269,Favorable
2026-07-19 10:00:00+03:00,PARTIAL,12.444029850746269,Favorable,12.444029850746269,Favorable,12.5,Favorable,12.444029850746269,Favorable
2026-07-19 10:05:00+03:00,PARTIAL,12.444029850746269,Favorable,12.444029850746269,Favorable,12.5,Favorable,12.444029850746269,Favorable
2026-07-19 10:10:00+03:00,PARTIAL,12.444029850746269,Favorable,12.444029850746269,Favorable,12.5,Favorable,12.444029850746269,Favorable
2026-07-19 10:15:00+03:00,PARTIAL,12.444029850746269,Favorable,12.444029850746269,Favorable,12.5,Favorable,12.444029850746269,Favorable
2026-07-19 10:20:00+03:00,PARTIAL,12.444029850746269,Favorable,12.444029850746269,Favorable,12.5,Favorable,12.444029850746269,Favorable
2026-07-19 10:25:00+03:00,PARTIAL,12.444029850746269,Favorable,12.444029850746269,Favorable,12.5,Favorable,12.444029850746269,Favorable
2026-07-19 10:30:00+03:00,PARTIAL,12.444029850746269,Favorable,12.444029850746269,Favorable,12.5,Favorable,12.444029850746269,Favorable
2026-07-19 10:35:00+03:00,PARTIAL,12.444029850746269,Favorable,12.444029850746269,Favorable,12.5,Favorable,12.444029850746269,Favorable
2026-07-19 10:40:00+03:00,PARTIAL,12.444029850746269,Favorable,12.444029850746269,Favorable,12.5,Favorable,12.444029850746269,Favorable
2026-07-19 10:45:00+03:00,PARTIAL,12.444029850746269,Favorable,12.444029850746269,Favorable,12.5,Favorable,12.444029850746269,Favorable
2026-07-19 10:50:00+03:00,PARTIAL,12.444029850746269,Favorable,12.444029850746269,Favorable,12.5,Favorable,12.444029850746269,Favorable
2026-07-19 10:55:00+03:00,PARTIAL,12.444029850746269,Favorable,12.444029850746269,Favorable,12.5,Favorable,12.444029850746269,Favorable
2026-07-19 11:00:00+03:00,PARTIAL,12.444029850746269,Favorable,12.444029850746269,Favorable,12.5,Favorable,12.444029850746269,Favorable
2026-07-19 11:05:00+03:00,PARTIAL,12.444029850746269,Favorable,12.444029850746269,Favorable,12.5,Favorable,12.444029850746269,Favorable
2026-07-19 11:10:00+03:00,PARTIAL,12.444029850746269,Favorable,12.444029850746269,Favorable,12.5,Favorable,12.444029850746269,Favorable
2026-07-19 11:15:00+03:00,PARTIAL,12.444029850746269,Favorable,12.444029850746269,Favorable,12.5,Favorable,12.444029850746269,Favorable
2026-07-19 11:20:00+03:00,PARTIAL,12.444029850746269,Favorable,12.444029850746269,Favorable,12.5,Favorable,12.444029850746269,Favorable
2026-07-19 11:25:00+03:00,PARTIAL,12.444029850746269,Favorable,12.444029850746269,Favorable,12.5,Favorable,12.444029850746269,Favorable
2026-07-19 11:30:00+03:00,PARTIAL,12.444029850746269,Favorable,12.444029850746269,Favorable,12.5,Favorable,12.444029850746269,Favorable
2026-07-19 11:35:00+03:00,PARTIAL,12.444029850746269,Favorable,12.444029850746269,Favorable,12.5,Favorable,12.444029850746269,Favorable
2026-07-19 11:40:00+03:00,PARTIAL,12.444029850746269,Favorable,12.444029850746269,Favorable,12.5,Favorable,12.444029850746269,Favorable
2026-07-19 11:45:00+03:00,PARTIAL,12.444029850746269,Favorable,12.444029850746269,Favorable,12.5,Favorable,12.444029850746269,Favorable
2026-07-19 11:50:00+03:00,PARTIAL,12.444029850746269,Favorable,12.444029850746269,Favorable,12.5,Favorable,12.444029850746269,Favorable
2026-07-19 11:55:00+03:00,PARTIAL,12.444029850746269,Favorable,12.444029850746269,Favorable,12.5,Favorable,12.444029850746269,Favorable
2026-07-19 12:00:00+03:00,PARTIAL,12.444029850746269,Favorable,12.444029850746269,Favorable,12.5,Favorable,12.444029850746269,Favorable
2026-07-19 12:05:00+03:00,PARTIAL,12.444029850746269,Favorable,12.444029850746269,Favorable,12.5,Favorable,12.444029850746269,Favorable
2026-07-19 12:10:00+03:00,PARTIAL,12.444029850746269,Favorable,12.444029850746269,Favorable,12.5,Favorable,12.444029850746269,Favorable
2026-07-19 12:15:00+03:00,PARTIAL,12.444029850746269,Favorable,12.444029850746269,Favorable,12.5,Favorable,12.444029850746269,Favorable
2026-07-19 12:20:00+03:00,PARTIAL,12.444029850746269,Favorable,12.444029850746269,Favorable,12.5,Favorable,12.444029850746269,Favorable
2026-07-19 12:25:00+03:00,PARTIAL,12.444029850746269,Favorable,12.444029850746269,Favorable,12.5,Favorable,12.444029850746269,Favorable
2026-07-19 12:30:00+03:00,PARTIAL,12.444029850746269,Favorable,12.444029850746269,Favorable,12.5,Favorable,12.444029850746269,Favorable
2026-07-19 12:35:00+03:00,PARTIAL,12.444029850746269,Favorable,12.444029850746269,Favorable,12.5,Favorable,12.444029850746269,Favorable
2026-07-19 12:40:00+03:00,PARTIAL,14.996957732152834,Favorable,14.996957732152834,Favorable,12.5,Favorable,13.720493791449552,Favorable
2026-07-19 12:45:00+03:00,PARTIAL,26.299960476261045,Acceptable,26.299960476261045,Acceptable,37.5,Acceptable,21.870075780209476,Favorable
2026-07-19 12:50:00+03:00,PARTIAL,33.80074396038355,Acceptable,34.14773257452498,Acceptable,37.5,Acceptable,26.345609567490232,Acceptable
2026-07-19 12:55:00+03:00,PARTIAL,37.5,Acceptable,37.5,Acceptable,37.5,Acceptable,28.03321450325661,Acceptable
2026-07-19 13:00:00+03:00,PARTIAL,37.5,Acceptable,37.5,Acceptable,37.5,Acceptable,27.78623349618603,Acceptable
2026-07-19 13:05:00+03:00,PARTIAL,37.499999999999986,Acceptable,37.5,Acceptable,37.5,Acceptable,27.255469894012485,Acceptable
2026-07-19 13:10:00+03:00,PARTIAL,34.58993623658461,Acceptable,34.645158882137125,Acceptable,37.5,Acceptable,25.321952283982267,Acceptable
2026-07-19 13:15:00+03:00,PARTIAL,29.88155652003765,Acceptable,29.88155652003765,Acceptable,37.5,Acceptable,22.80939328587813,Favorable
2026-07-19 13:20:00+03:00,PARTIAL,26.6707431564384,Acceptable,26.6707431564384,Acceptable,37.5,Acceptable,21.285998990749817,Favorable
2026-07-19 13:25:00+03:00,PARTIAL,24.09573780129334,Favorable,24.09573780129334,Favorable,12.5,Favorable,20.54045568779263,Favorable
2026-07-19 13:30:00+03:00,PARTIAL,22.118489124044675,Favorable,22.118489124044675,Favorable,12.5,Favorable,19.82758230805748,Favorable
2026-07-19 13:35:00+03:00,PARTIAL,21.35045162656128,Favorable,21.35045162656128,Favorable,12.5,Favorable,19.69537913908146,Favorable
2026-07-19 13:40:00+03:00,PARTIAL,19.787893944029925,Favorable,19.787893944029925,Favorable,12.5,Favorable,18.056905650057892,Favorable
2026-07-19 13:45:00+03:00,PARTIAL,18.36733738472953,Favorable,18.36733738472953,Favorable,12.5,Favorable,16.876307101972763,Favorable
2026-07-19 13:50:00+03:00,PARTIAL,15.375781853213484,Favorable,15.375781853213484,Favorable,12.5,Favorable,14.911208886575135,Favorable
2026-07-19 13:55:00+03:00,PARTIAL,14.598847898593942,Favorable,14.598847898593942,Favorable,12.5,Favorable,13.8553119141472,Favorable
2026-07-19 14:00:00+03:00,PARTIAL,14.73716240619724,Favorable,14.73716240619724,Favorable,12.5,Favorable,13.590596128471756,Favorable
2026-07-19 14:05:00+03:00,PARTIAL,14.66247892966474,Favorable,14.66247892966474,Favorable,12.5,Favorable,13.553254390205504,Favorable
2026-07-19 14:10:00+03:00,PARTIAL,14.970567045250277,Favorable,14.970567045250277,Favorable,12.5,Favorable,13.707298447998273,Favorable
2026-07-19 14:15:00+03:00,PARTIAL,14.448561049854183,Favorable,14.448561049854183,Favorable,12.5,Favorable,13.446295450300227,Favorable
2026-07-19 14:20:00+03:00,PARTIAL,14.222381914757982,Favorable,14.222381914757982,Favorable,12.5,Favorable,13.333205882752125,Favorable
2026-07-19 14:25:00+03:00,PARTIAL,13.925810287431531,Favorable,13.925810287431531,Favorable,12.5,Favorable,13.1849200690889,Favorable
2026-07-19 14:30:00+03:00,PARTIAL,13.484626364775032,Favorable,13.484626364775032,Favorable,12.5,Favorable,12.96432810776065,Favorable
2026-07-19 14:35:00+03:00,PARTIAL,13.264780265268476,Favorable,13.264780265268476,Favorable,12.5,Favorable,12.854405058007373,Favorable
2026-07-19 14:40:00+03:00,PARTIAL,13.335490007735576,Favorable,13.335490007735576,Favorable,12.5,Favorable,12.889759929240922,Favorable
2026-07-19 14:45:00+03:00,PARTIAL,13.539906034221048,Favorable,13.539906034221048,Favorable,12.5,Favorable,12.991967942483658,Favorable
2026-07-19 14:50:00+03:00,PARTIAL,14.012409498734788,Favorable,14.012409498734788,Favorable,12.5,Favorable,13.22821967474053,Favorable
2026-07-19 14:55:00+03:00,PARTIAL,13.735146451579562,Favorable,13.735146451579562,Favorable,12.5,Favorable,13.089588151162914,Favorable
2026-07-19 15:00:00+03:00,PARTIAL,13.429455209413813,Favorable,13.429455209413813,Favorable,12.5,Favorable,12.936742530080041,Favorable
2026-07-19 15:05:00+03:00,PARTIAL,12.444029850746269,Favorable,12.444029850746269,Favorable,12.5,Favorable,12.444029850746269,Favorable
2026-07-19 15:10:00+03:00,PARTIAL,12.444029850746269,Favorable,12.444029850746269,Favorable,12.5,Favorable,12.444029850746269,Favorable
2026-07-19 15:15:00+03:00,PARTIAL,12.444029850746269,Favorable,12.444029850746269,Favorable,12.5,Favorable,12.444029850746269,Favorable
2026-07-19 15:20:00+03:00,PARTIAL,12.444029850746269,Favorable,12.444029850746269,Favorable,12.5,Favorable,12.444029850746269,Favorable
2026-07-19 15:25:00+03:00,PARTIAL,12.444029850746269,Favorable,12.444029850746269,Favorable,12.5,Favorable,12.444029850746269,Favorable
2026-07-19 15:30:00+03:00,PARTIAL,12.444029850746269,Favorable,12.444029850746269,Favorable,12.5,Favorable,12.444029850746269,Favorable
2026-07-19 15:35:00+03:00,PARTIAL,12.444029850746269,Favorable,12.444029850746269,Favorable,12.5,Favorable,12.444029850746269,Favorable
2026-07-19 15:40:00+03:00,PARTIAL,12.444029850746269,Favorable,12.444029850746269,Favorable,12.5,Favorable,12.444029850746269,Favorable
2026-07-19 15:45:00+03:00,PARTIAL,12.444029850746269,Favorable,12.444029850746269,Favorable,12.5,Favorable,12.444029850746269,Favorable
2026-07-19 15:50:00+03:00,PARTIAL,12.444029850746269,Favorable,12.444029850746269,Favorable,12.5,Favorable,12.444029850746269,Favorable
2026-07-19 15:55:00+03:00,PARTIAL,12.444029850746269,Favorable,12.444029850746269,Favorable,12.5,Favorable,12.444029850746269,Favorable
2026-07-19 16:00:00+03:00,PARTIAL,12.444029850746269,Favorable,12.444029850746269,Favorable,12.5,Favorable,12.444029850746269,Favorable
2026-07-19 16:05:00+03:00,PARTIAL,12.444029850746269,Favorable,12.444029850746269,Favorable,12.5,Favorable,12.444029850746269,Favorable
2026-07-19 16:10:00+03:00,PARTIAL,12.444029850746269,Favorable,12.444029850746269,Favorable,12.5,Favorable,12.444029850746269,Favorable
2026-07-19 16:15:00+03:00,PARTIAL,12.444029850746269,Favorable,12.444029850746269,Favorable,12.5,Favorable,12.444029850746269,Favorable
2026-07-19 16:20:00+03:00,PARTIAL,12.444029850746269,Favorable,12.444029850746269,Favorable,12.5,Favorable,12.444029850746269,Favorable
2026-07-19 16:25:00+03:00,PARTIAL,12.444029850746269,Favorable,12.444029850746269,Favorable,12.5,Favorable,12.444029850746269,Favorable
2026-07-19 16:30:00+03:00,PARTIAL,12.444029850746269,Favorable,12.444029850746269,Favorable,12.5,Favorable,12.444029850746269,Favorable
2026-07-19 16:35:00+03:00,PARTIAL,12.444029850746269,Favorable,12.444029850746269,Favorable,12.5,Favorable,12.444029850746269,Favorable
2026-07-19 16:40:00+03:00,PARTIAL,12.444029850746269,Favorable,12.444029850746269,Favorable,12.5,Favorable,12.444029850746269,Favorable
2026-07-19 16:45:00+03:00,PARTIAL,12.444029850746269,Favorable,12.444029850746269,Favorable,12.5,Favorable,12.444029850746269,Favorable
2026-07-19 16:50:00+03:00,PARTIAL,12.444029850746269,Favorable,12.444029850746269,Favorable,12.5,Favorable,12.444029850746269,Favorable
2026-07-19 16:55:00+03:00,PARTIAL,12.444029850746269,Favorable,12.444029850746269,Favorable,12.5,Favorable,12.444029850746269,Favorable
2026-07-19 17:00:00+03:00,PARTIAL,12.444029850746269,Favorable,12.444029850746269,Favorable,12.5,Favorable,12.444029850746269,Favorable
2026-07-19 17:05:00+03:00,PARTIAL,12.444029850746269,Favorable,12.444029850746269,Favorable,12.5,Favorable,12.444029850746269,Favorable
2026-07-19 17:10:00+03:00,PARTIAL,12.444029850746269,Favorable,12.444029850746269,Favorable,12.5,Favorable,12.444029850746269,Favorable
2026-07-19 17:15:00+03:00,PARTIAL,12.444029850746269,Favorable,12.444029850746269,Favorable,12.5,Favorable,12.444029850746269,Favorable
2026-07-19 17:20:00+03:00,PARTIAL,12.444029850746269,Favorable,12.444029850746269,Favorable,12.5,Favorable,12.444029850746269,Favorable
2026-07-19 17:25:00+03:00,PARTIAL,12.444029850746269,Favorable,12.444029850746269,Favorable,12.5,Favorable,12.444029850746269,Favorable
2026-07-19 17:30:00+03:00,PARTIAL,12.444029850746269,Favorable,12.444029850746269,Favorable,12.5,Favorable,12.444029850746269,Favorable
2026-07-19 17:35:00+03:00,PARTIAL,12.444029850746269,Favorable,12.444029850746269,Favorable,12.5,Favorable,12.444029850746269,Favorable
2026-07-19 17:40:00+03:00,PARTIAL,12.444029850746269,Favorable,12.444029850746269,Favorable,12.5,Favorable,12.444029850746269,Favorable
2026-07-19 17:45:00+03:00,PARTIAL,12.444029850746269,Favorable,12.444029850746269,Favorable,12.5,Favorable,12.444029850746269,Favorable
2026-07-19 17:50:00+03:00,PARTIAL,12.444029850746269,Favorable,12.444029850746269,Favorable,12.5,Favorable,12.444029850746269,Favorable
2026-07-19 17:55:00+03:00,PARTIAL,12.444029850746269,Favorable,12.444029850746269,Favorable,12.5,Favorable,12.444029850746269,Favorable
2026-07-19 18:00:00+03:00,PARTIAL,12.444029850746269,Favorable,12.444029850746269,Favorable,12.5,Favorable,12.444029850746269,Favorable
2026-07-19 18:05:00+03:00,PARTIAL,12.444029850746269,Favorable,12.444029850746269,Favorable,12.5,Favorable,12.444029850746269,Favorable
2026-07-19 18:10:00+03:00,PARTIAL,12.444029850746269,Favorable,12.444029850746269,Favorable,12.5,Favorable,12.444029850746269,Favorable
2026-07-19 18:15:00+03:00,PARTIAL,12.444029850746269,Favorable,12.444029850746269,Favorable,12.5,Favorable,12.444029850746269,Favorable
2026-07-19 18:20:00+03:00,PARTIAL,12.444029850746269,Favorable,12.444029850746269,Favorable,12.5,Favorable,12.444029850746269,Favorable
2026-07-19 18:25:00+03:00,PARTIAL,12.444029850746269,Favorable,12.444029850746269,Favorable,12.5,Favorable,12.444029850746269,Favorable
2026-07-19 18:30:00+03:00,PARTIAL,12.444029850746269,Favorable,12.444029850746269,Favorable,12.5,Favorable,12.444029850746269,Favorable
2026-07-19 18:35:00+03:00,PARTIAL,12.444029850746269,Favorable,12.444029850746269,Favorable,12.5,Favorable,12.444029850746269,Favorable
2026-07-19 18:40:00+03:00,PARTIAL,12.444029850746269,Favorable,12.444029850746269,Favorable,12.5,Favorable,12.444029850746269,Favorable
2026-07-19 18:45:00+03:00,PARTIAL,12.444029850746269,Favorable,12.444029850746269,Favorable,12.5,Favorable,12.444029850746269,Favorable
2026-07-19 18:50:00+03:00,PARTIAL,12.444029850746269,Favorable,12.444029850746269,Favorable,12.5,Favorable,12.444029850746269,Favorable
2026-07-19 18:55:00+03:00,PARTIAL,12.444029850746269,Favorable,12.444029850746269,Favorable,12.5,Favorable,12.444029850746269,Favorable
2026-07-19 19:00:00+03:00,PARTIAL,12.444029850746269,Favorable,12.444029850746269,Favorable,12.5,Favorable,12.444029850746269,Favorable
2026-07-19 19:05:00+03:00,PARTIAL,12.444029850746269,Favorable,12.444029850746269,Favorable,12.5,Favorable,12.444029850746269,Favorable
2026-07-19 19:10:00+03:00,PARTIAL,12.444029850746269,Favorable,12.444029850746269,Favorable,12.5,Favorable,12.444029850746269,Favorable
2026-07-19 19:15:00+03:00,PARTIAL,12.444029850746269,Favorable,12.444029850746269,Favorable,12.5,Favorable,12.444029850746269,Favorable
2026-07-19 19:20:00+03:00,PARTIAL,12.444029850746269,Favorable,12.444029850746269,Favorable,12.5,Favorable,12.444029850746269,Favorable
2026-07-19 19:25:00+03:00,PARTIAL,12.444029850746269,Favorable,12.444029850746269,Favorable,12.5,Favorable,12.444029850746269,Favorable
2026-07-19 19:30:00+03:00,PARTIAL,12.444029850746269,Favorable,12.444029850746269,Favorable,12.5,Favorable,12.444029850746269,Favorable
2026-07-19 19:35:00+03:00,PARTIAL,12.444029850746269,Favorable,12.444029850746269,Favorable,12.5,Favorable,12.444029850746269,Favorable
2026-07-19 19:40:00+03:00,PARTIAL,12.444029850746269,Favorable,12.444029850746269,Favorable,12.5,Favorable,12.444029850746269,Favorable
2026-07-19 19:45:00+03:00,PARTIAL,12.444029850746269,Favorable,12.444029850746269,Favorable,12.5,Favorable,12.444029850746269,Favorable
2026-07-19 19:50:00+03:00,PARTIAL,12.444029850746269,Favorable,12.444029850746269,Favorable,12.5,Favorable,12.444029850746269,Favorable
2026-07-19 19:55:00+03:00,PARTIAL,12.444029850746269,Favorable,12.444029850746269,Favorable,12.5,Favorable,12.444029850746269,Favorable
2026-07-19 20:00:00+03:00,PARTIAL,12.444029850746269,Favorable,12.444029850746269,Favorable,12.5,Favorable,12.444029850746269,Favorable
2026-07-19 20:05:00+03:00,PARTIAL,12.444029850746269,Favorable,12.444029850746269,Favorable,12.5,Favorable,12.444029850746269,Favorable
2026-07-19 20:10:00+03:00,PARTIAL,12.444029850746269,Favorable,12.444029850746269,Favorable,12.5,Favorable,12.444029850746269,Favorable
2026-07-19 20:15:00+03:00,PARTIAL,12.444029850746269,Favorable,12.444029850746269,Favorable,12.5,Favorable,12.444029850746269,Favorable
2026-07-19 20:20:00+03:00,PARTIAL,12.444029850746269,Favorable,12.444029850746269,Favorable,12.5,Favorable,12.444029850746269,Favorable
2026-07-19 20:25:00+03:00,PARTIAL,12.444029850746269,Favorable,12.444029850746269,Favorable,12.5,Favorable,12.444029850746269,Favorable
2026-07-19 20:30:00+03:00,PARTIAL,12.444029850746269,Favorable,12.444029850746269,Favorable,12.5,Favorable,12.444029850746269,Favorable
2026-07-19 20:35:00+03:00,PARTIAL,12.444029850746269,Favorable,12.444029850746269,Favorable,12.5,Favorable,12.444029850746269,Favorable
2026-07-19 20:40:00+03:00,PARTIAL,12.444029850746269,Favorable,12.444029850746269,Favorable,12.5,Favorable,12.444029850746269,Favorable
2026-07-19 20:45:00+03:00,PARTIAL,12.444029850746269,Favorable,12.444029850746269,Favorable,12.5,Favorable,12.444029850746269,Favorable
2026-07-19 20:50:00+03:00,PARTIAL,12.444029850746269,Favorable,12.444029850746269,Favorable,12.5,Favorable,12.444029850746269,Favorable
2026-07-19 20:55:00+03:00,PARTIAL,12.444029850746269,Favorable,12.444029850746269,Favorable,12.5,Favorable,12.444029850746269,Favorable
2026-07-19 21:00:00+03:00,PARTIAL,12.444029850746269,Favorable,12.444029850746269,Favorable,12.5,Favorable,12.444029850746269,Favorable
2026-07-19 21:05:00+03:00,PARTIAL,12.444029850746269,Favorable,12.444029850746269,Favorable,12.5,Favorable,12.444029850746269,Favorable
2026-07-19 21:10:00+03:00,PARTIAL,12.444029850746269,Favorable,12.444029850746269,Favorable,12.5,Favorable,12.444029850746269,Favorable
2026-07-19 21:15:00+03:00,PARTIAL,12.444029850746269,Favorable,12.444029850746269,Favorable,12.5,Favorable,12.444029850746269,Favorable
2026-07-19 21:20:00+03:00,PARTIAL,12.444029850746269,Favorable,12.444029850746269,Favorable,12.5,Favorable,12.444029850746269,Favorable
2026-07-19 21:25:00+03:00,PARTIAL,12.444029850746269,Favorable,12.444029850746269,Favorable,12.5,Favorable,12.444029850746269,Favorable
2026-07-19 21:30:00+03:00,PARTIAL,12.444029850746269,Favorable,12.444029850746269,Favorable,12.5,Favorable,12.444029850746269,Favorable
2026-07-19 21:35:00+03:00,PARTIAL,12.444029850746269,Favorable,12.444029850746269,Favorable,12.5,Favorable,12.444029850746269,Favorable
2026-07-19 21:40:00+03:00,PARTIAL,12.444029850746269,Favorable,12.444029850746269,Favorable,12.5,Favorable,12.444029850746269,Favorable
2026-07-19 21:45:00+03:00,PARTIAL,12.444029850746269,Favorable,12.444029850746269,Favorable,12.5,Favorable,12.444029850746269,Favorable
2026-07-19 21:50:00+03:00,PARTIAL,12.444029850746269,Favorable,12.444029850746269,Favorable,12.5,Favorable,12.444029850746269,Favorable
2026-07-19 21:55:00+03:00,PARTIAL,12.444029850746269,Favorable,12.444029850746269,Favorable,12.5,Favorable,12.444029850746269,Favorable
2026-07-19 22:00:00+03:00,PARTIAL,12.444029850746269,Favorable,12.444029850746269,Favorable,12.5,Favorable,12.444029850746269,Favorable
2026-07-19 22:05:00+03:00,PARTIAL,12.444029850746269,Favorable,12.444029850746269,Favorable,12.5,Favorable,12.444029850746269,Favorable
2026-07-19 22:10:00+03:00,PARTIAL,12.444029850746269,Favorable,12.444029850746269,Favorable,12.5,Favorable,12.444029850746269,Favorable
2026-07-19 22:15:00+03:00,PARTIAL,12.444029850746269,Favorable,12.444029850746269,Favorable,12.5,Favorable,12.444029850746269,Favorable
2026-07-19 22:20:00+03:00,PARTIAL,12.444029850746269,Favorable,12.444029850746269,Favorable,12.5,Favorable,12.444029850746269,Favorable
2026-07-19 22:25:00+03:00,PARTIAL,12.444029850746269,Favorable,12.444029850746269,Favorable,12.5,Favorable,12.444029850746269,Favorable
2026-07-19 22:30:00+03:00,PARTIAL,12.444029850746269,Favorable,12.444029850746269,Favorable,12.5,Favorable,12.444029850746269,Favorable
2026-07-19 22:35:00+03:00,PARTIAL,12.444029850746269,Favorable,12.444029850746269,Favorable,12.5,Favorable,12.444029850746269,Favorable
2026-07-19 22:40:00+03:00,PARTIAL,12.444029850746269,Favorable,12.444029850746269,Favorable,12.5,Favorable,12.444029850746269,Favorable
2026-07-19 22:45:00+03:00,PARTIAL,12.444029850746269,Favorable,12.444029850746269,Favorable,12.5,Favorable,12.444029850746269,Favorable
2026-07-19 22:50:00+03:00,PARTIAL,12.444029850746269,Favorable,12.444029850746269,Favorable,12.5,Favorable,12.444029850746269,Favorable
2026-07-19 22:55:00+03:00,PARTIAL,12.444029850746269,Favorable,12.444029850746269,Favorable,12.5,Favorable,12.444029850746269,Favorable
2026-07-19 23:00:00+03:00,PARTIAL,12.444029850746269,Favorable,12.444029850746269,Favorable,12.5,Favorable,12.444029850746269,Favorable
2026-07-19 23:05:00+03:00,PARTIAL,12.444029850746269,Favorable,12.444029850746269,Favorable,12.5,Favorable,12.444029850746269,Favorable
2026-07-19 23:10:00+03:00,PARTIAL,12.444029850746269,Favorable,12.444029850746269,Favorable,12.5,Favorable,12.444029850746269,Favorable
2026-07-19 23:15:00+03:00,PARTIAL,12.444029850746269,Favorable,12.444029850746269,Favorable,12.5,Favorable,12.444029850746269,Favorable
2026-07-19 23:20:00+03:00,PARTIAL,12.444029850746269,Favorable,12.444029850746269,Favorable,12.5,Favorable,12.444029850746269,Favorable
2026-07-19 23:25:00+03:00,PARTIAL,12.444029850746269,Favorable,12.444029850746269,Favorable,12.5,Favorable,12.444029850746269,Favorable
2026-07-19 23:30:00+03:00,PARTIAL,12.444029850746269,Favorable,12.444029850746269,Favorable,12.5,Favorable,12.444029850746269,Favorable
2026-07-19 23:35:00+03:00,PARTIAL,12.444029850746269,Favorable,12.444029850746269,Favorable,12.5,Favorable,12.444029850746269,Favorable
2026-07-19 23:40:00+03:00,PARTIAL,12.444029850746269,Favorable,12.444029850746269,Favorable,12.5,Favorable,12.444029850746269,Favorable
2026-07-19 23:45:00+03:00,PARTIAL,12.444029850746269,Favorable,12.444029850746269,Favorable,12.5,Favorable,12.444029850746269,Favorable
2026-07-19 23:50:00+03:00,PARTIAL,12.444029850746269,Favorable,12.444029850746269,Favorable,12.5,Favorable,12.444029850746269,Favorable
2026-07-19 23:55:00+03:00,PARTIAL,12.444029850746269,Favorable,12.444029850746269,Favorable,12.5,Favorable,12.444029850746269,Favorable
2026-07-20 00:00:00+03:00,PARTIAL,12.444029850746269,Favorable,12.444029850746269,Favorable,12.5,Favorable,12.444029850746269,Favorable
2026-07-20 00:05:00+03:00,PARTIAL,12.444029850746269,Favorable,12.444029850746269,Favorable,12.5,Favorable,12.444029850746269,Favorable
2026-07-20 00:10:00+03:00,PARTIAL,12.444029850746269,Favorable,12.444029850746269,Favorable,12.5,Favorable,12.444029850746269,Favorable
2026-07-20 00:15:00+03:00,PARTIAL,12.444029850746269,Favorable,12.444029850746269,Favorable,12.5,Favorable,12.444029850746269,Favorable
2026-07-20 00:20:00+03:00,PARTIAL,12.444029850746269,Favorable,12.444029850746269,Favorable,12.5,Favorable,12.444029850746269,Favorable
2026-07-20 00:25:00+03:00,PARTIAL,12.444029850746269,Favorable,12.444029850746269,Favorable,12.5,Favorable,12.444029850746269,Favorable
2026-07-20 00:30:00+03:00,PARTIAL,12.444029850746269,Favorable,12.444029850746269,Favorable,12.5,Favorable,12.444029850746269,Favorable
2026-07-20 00:35:00+03:00,PARTIAL,12.444029850746269,Favorable,12.444029850746269,Favorable,12.5,Favorable,12.444029850746269,Favorable
2026-07-20 00:40:00+03:00,PARTIAL,12.444029850746269,Favorable,12.444029850746269,Favorable,12.5,Favorable,12.444029850746269,Favorable
2026-07-20 00:45:00+03:00,PARTIAL,12.444029850746269,Favorable,12.444029850746269,Favorable,12.5,Favorable,12.444029850746269,Favorable
2026-07-20 00:50:00+03:00,PARTIAL,12.444029850746269,Favorable,12.444029850746269,Favorable,12.5,Favorable,12.444029850746269,Favorable
2026-07-20 00:55:00+03:00,PARTIAL,12.444029850746269,Favorable,12.444029850746269,Favorable,12.5,Favorable,12.444029850746269,Favorable
2026-07-20 01:00:00+03:00,PARTIAL,12.444029850746269,Favorable,12.444029850746269,Favorable,12.5,Favorable,12.444029850746269,Favorable
2026-07-20 01:05:00+03:00,PARTIAL,12.444029850746269,Favorable,12.444029850746269,Favorable,12.5,Favorable,12.444029850746269,Favorable
2026-07-20 01:10:00+03:00,PARTIAL,12.444029850746269,Favorable,12.444029850746269,Favorable,12.5,Favorable,12.444029850746269,Favorable
2026-07-20 01:15:00+03:00,PARTIAL,12.444029850746269,Favorable,12.444029850746269,Favorable,12.5,Favorable,12.444029850746269,Favorable
2026-07-20 01:20:00+03:00,PARTIAL,12.444029850746269,Favorable,12.444029850746269,Favorable,12.5,Favorable,12.444029850746269,Favorable
2026-07-20 01:25:00+03:00,PARTIAL,12.444029850746269,Favorable,12.444029850746269,Favorable,12.5,Favorable,12.444029850746269,Favorable
2026-07-20 01:30:00+03:00,PARTIAL,12.444029850746269,Favorable,12.444029850746269,Favorable,12.5,Favorable,12.444029850746269,Favorable
2026-07-20 01:35:00+03:00,PARTIAL,12.444029850746269,Favorable,12.444029850746269,Favorable,12.5,Favorable,12.444029850746269,Favorable
2026-07-20 01:40:00+03:00,PARTIAL,12.444029850746269,Favorable,12.444029850746269,Favorable,12.5,Favorable,12.444029850746269,Favorable
2026-07-20 01:45:00+03:00,PARTIAL,12.444029850746269,Favorable,12.444029850746269,Favorable,12.5,Favorable,12.444029850746269,Favorable
2026-07-20 01:50:00+03:00,PARTIAL,12.444029850746269,Favorable,12.444029850746269,Favorable,12.5,Favorable,12.444029850746269,Favorable
2026-07-20 01:55:00+03:00,PARTIAL,12.444029850746269,Favorable,12.444029850746269,Favorable,12.5,Favorable,12.444029850746269,Favorable
2026-07-20 02:00:00+03:00,PARTIAL,12.444029850746269,Favorable,12.444029850746269,Favorable,12.5,Favorable,12.444029850746269,Favorable
2026-07-20 02:05:00+03:00,PARTIAL,12.444029850746269,Favorable,12.444029850746269,Favorable,12.5,Favorable,12.444029850746269,Favorable
2026-07-20 02:10:00+03:00,PARTIAL,12.444029850746269,Favorable,12.444029850746269,Favorable,12.5,Favorable,12.444029850746269,Favorable
2026-07-20 02:15:00+03:00,PARTIAL,12.444029850746269,Favorable,12.444029850746269,Favorable,12.5,Favorable,12.444029850746269,Favorable
2026-07-20 02:20:00+03:00,PARTIAL,12.444029850746269,Favorable,12.444029850746269,Favorable,12.5,Favorable,12.444029850746269,Favorable
2026-07-20 02:25:00+03:00,PARTIAL,12.444029850746269,Favorable,12.444029850746269,Favorable,12.5,Favorable,12.444029850746269,Favorable
2026-07-20 02:30:00+03:00,PARTIAL,12.444029850746269,Favorable,12.444029850746269,Favorable,12.5,Favorable,12.444029850746269,Favorable
2026-07-20 02:35:00+03:00,PARTIAL,12.444029850746269,Favorable,12.444029850746269,Favorable,12.5,Favorable,12.444029850746269,Favorable
2026-07-20 02:40:00+03:00,PARTIAL,12.444029850746269,Favorable,12.444029850746269,Favorable,12.5,Favorable,12.444029850746269,Favorable
2026-07-20 02:45:00+03:00,PARTIAL,12.444029850746269,Favorable,12.444029850746269,Favorable,12.5,Favorable,12.444029850746269,Favorable
2026-07-20 02:50:00+03:00,PARTIAL,12.444029850746269,Favorable,12.444029850746269,Favorable,12.5,Favorable,12.444029850746269,Favorable
2026-07-20 02:55:00+03:00,PARTIAL,12.444029850746269,Favorable,12.444029850746269,Favorable,12.5,Favorable,12.444029850746269,Favorable
2026-07-20 03:00:00+03:00,PARTIAL,12.444029850746269,Favorable,12.444029850746269,Favorable,12.5,Favorable,12.444029850746269,Favorable
2026-07-20 03:05:00+03:00,PARTIAL,12.444029850746269,Favorable,12.444029850746269,Favorable,12.5,Favorable,12.444029850746269,Favorable
2026-07-20 03:10:00+03:00,PARTIAL,12.444029850746269,Favorable,12.444029850746269,Favorable,12.5,Favorable,12.444029850746269,Favorable
2026-07-20 03:15:00+03:00,PARTIAL,12.444029850746269,Favorable,12.444029850746269,Favorable,12.5,Favorable,12.444029850746269,Favorable
2026-07-20 03:20:00+03:00,PARTIAL,12.444029850746269,Favorable,12.444029850746269,Favorable,12.5,Favorable,12.444029850746269,Favorable
2026-07-20 03:25:00+03:00,PARTIAL,12.444029850746269,Favorable,12.444029850746269,Favorable,12.5,Favorable,12.444029850746269,Favorable
2026-07-20 03:30:00+03:00,PARTIAL,12.444029850746269,Favorable,12.444029850746269,Favorable,12.5,Favorable,12.444029850746269,Favorable
2026-07-20 03:35:00+03:00,PARTIAL,12.444029850746269,Favorable,12.444029850746269,Favorable,12.5,Favorable,12.444029850746269,Favorable
2026-07-20 03:40:00+03:00,PARTIAL,12.444029850746269,Favorable,12.444029850746269,Favorable,12.5,Favorable,12.444029850746269,Favorable
2026-07-20 03:45:00+03:00,PARTIAL,12.444029850746269,Favorable,12.444029850746269,Favorable,12.5,Favorable,12.444029850746269,Favorable
2026-07-20 03:50:00+03:00,PARTIAL,12.444029850746269,Favorable,12.444029850746269,Favorable,12.5,Favorable,12.444029850746269,Favorable
2026-07-20 03:55:00+03:00,PARTIAL,12.444029850746269,Favorable,12.444029850746269,Favorable,12.5,Favorable,12.444029850746269,Favorable
2026-07-20 04:00:00+03:00,PARTIAL,12.444029850746269,Favorable,12.444029850746269,Favorable,12.5,Favorable,12.444029850746269,Favorable
2026-07-20 04:05:00+03:00,PARTIAL,12.444029850746269,Favorable,12.444029850746269,Favorable,12.5,Favorable,12.444029850746269,Favorable
2026-07-20 04:10:00+03:00,PARTIAL,12.444029850746269,Favorable,12.444029850746269,Favorable,12.5,Favorable,12.444029850746269,Favorable
2026-07-20 04:15:00+03:00,PARTIAL,12.444029850746269,Favorable,12.444029850746269,Favorable,12.5,Favorable,12.444029850746269,Favorable
2026-07-20 04:20:00+03:00,PARTIAL,12.444029850746269,Favorable,12.444029850746269,Favorable,12.5,Favorable,12.444029850746269,Favorable
2026-07-20 04:25:00+03:00,PARTIAL,12.444029850746269,Favorable,12.444029850746269,Favorable,12.5,Favorable,12.444029850746269,Favorable
2026-07-20 04:30:00+03:00,PARTIAL,12.444029850746269,Favorable,12.444029850746269,Favorable,12.5,Favorable,12.444029850746269,Favorable
2026-07-20 04:35:00+03:00,PARTIAL,12.444029850746269,Favorable,12.444029850746269,Favorable,12.5,Favorable,12.444029850746269,Favorable
2026-07-20 04:40:00+03:00,PARTIAL,12.444029850746269,Favorable,12.444029850746269,Favorable,12.5,Favorable,12.444029850746269,Favorable
2026-07-20 04:45:00+03:00,PARTIAL,12.444029850746269,Favorable,12.444029850746269,Favorable,12.5,Favorable,12.444029850746269,Favorable
2026-07-20 04:50:00+03:00,PARTIAL,12.444029850746269,Favorable,12.444029850746269,Favorable,12.5,Favorable,12.444029850746269,Favorable
2026-07-20 04:55:00+03:00,PARTIAL,12.444029850746269,Favorable,12.444029850746269,Favorable,12.5,Favorable,12.444029850746269,Favorable
2026-07-20 05:00:00+03:00,PARTIAL,12.444029850746269,Favorable,12.444029850746269,Favorable,12.5,Favorable,12.444029850746269,Favorable
2026-07-20 05:05:00+03:00,PARTIAL,12.444029850746269,Favorable,12.444029850746269,Favorable,12.5,Favorable,12.444029850746269,Favorable
2026-07-20 05:10:00+03:00,PARTIAL,12.444029850746269,Favorable,12.444029850746269,Favorable,12.5,Favorable,12.444029850746269,Favorable
2026-07-20 05:15:00+03:00,PARTIAL,12.444029850746269,Favorable,12.444029850746269,Favorable,12.5,Favorable,12.444029850746269,Favorable
2026-07-20 05:20:00+03:00,PARTIAL,12.444029850746269,Favorable,12.444029850746269,Favorable,12.5,Favorable,12.444029850746269,Favorable
2026-07-20 05:25:00+03:00,PARTIAL,12.444029850746269,Favorable,12.444029850746269,Favorable,12.5,Favorable,12.444029850746269,Favorable
2026-07-20 05:30:00+03:00,PARTIAL,12.444029850746269,Favorable,12.444029850746269,Favorable,12.5,Favorable,12.444029850746269,Favorable
2026-07-20 05:35:00+03:00,PARTIAL,12.444029850746269,Favorable,12.444029850746269,Favorable,12.5,Favorable,12.444029850746269,Favorable
2026-07-20 05:40:00+03:00,PARTIAL,12.444029850746269,Favorable,12.444029850746269,Favorable,12.5,Favorable,12.444029850746269,Favorable
2026-07-20 05:45:00+03:00,PARTIAL,12.444029850746269,Favorable,12.444029850746269,Favorable,12.5,Favorable,12.444029850746269,Favorable
2026-07-20 05:50:00+03:00,PARTIAL,12.444029850746269,Favorable,12.444029850746269,Favorable,12.5,Favorable,12.444029850746269,Favorable
2026-07-20 05:55:00+03:00,PARTIAL,12.444029850746269,Favorable,12.444029850746269,Favorable,12.5,Favorable,12.444029850746269,Favorable
2026-07-20 06:00:00+03:00,PARTIAL,12.444029850746269,Favorable,12.444029850746269,Favorable,12.5,Favorable,12.444029850746269,Favorable
2026-07-20 06:05:00+03:00,PARTIAL,12.444029850746269,Favorable,12.444029850746269,Favorable,12.5,Favorable,12.444029850746269,Favorable
2026-07-20 06:10:00+03:00,PARTIAL,12.444029850746269,Favorable,12.444029850746269,Favorable,12.5,Favorable,12.444029850746269,Favorable
2026-07-20 06:15:00+03:00,PARTIAL,12.444029850746269,Favorable,12.444029850746269,Favorable,12.5,Favorable,12.444029850746269,Favorable
2026-07-20 06:20:00+03:00,PARTIAL,12.444029850746269,Favorable,12.444029850746269,Favorable,12.5,Favorable,12.444029850746269,Favorable
2026-07-20 06:25:00+03:00,PARTIAL,12.444029850746269,Favorable,12.444029850746269,Favorable,12.5,Favorable,12.444029850746269,Favorable
2026-07-20 06:30:00+03:00,PARTIAL,12.444029850746269,Favorable,12.444029850746269,Favorable,12.5,Favorable,12.444029850746269,Favorable
2026-07-20 06:35:00+03:00,PARTIAL,12.444029850746269,Favorable,12.444029850746269,Favorable,12.5,Favorable,12.444029850746269,Favorable
2026-07-20 06:40:00+03:00,PARTIAL,12.444029850746269,Favorable,12.444029850746269,Favorable,12.5,Favorable,12.444029850746269,Favorable
2026-07-20 06:45:00+03:00,PARTIAL,12.444029850746269,Favorable,12.444029850746269,Favorable,12.5,Favorable,12.444029850746269,Favorable
2026-07-20 06:50:00+03:00,PARTIAL,12.444029850746269,Favorable,12.444029850746269,Favorable,12.5,Favorable,12.444029850746269,Favorable
2026-07-20 06:55:00+03:00,PARTIAL,12.444029850746269,Favorable,12.444029850746269,Favorable,12.5,Favorable,12.444029850746269,Favorable
2026-07-20 07:00:00+03:00,PARTIAL,12.444029850746269,Favorable,12.444029850746269,Favorable,12.5,Favorable,12.444029850746269,Favorable
2026-07-20 07:05:00+03:00,PARTIAL,12.444029850746269,Favorable,12.444029850746269,Favorable,12.5,Favorable,12.444029850746269,Favorable
2026-07-20 07:10:00+03:00,PARTIAL,12.444029850746269,Favorable,12.444029850746269,Favorable,12.5,Favorable,12.444029850746269,Favorable
2026-07-20 07:15:00+03:00,PARTIAL,12.444029850746269,Favorable,12.444029850746269,Favorable,12.5,Favorable,12.444029850746269,Favorable
2026-07-20 07:20:00+03:00,PARTIAL,12.444029850746269,Favorable,12.444029850746269,Favorable,12.5,Favorable,12.444029850746269,Favorable
2026-07-20 07:25:00+03:00,PARTIAL,12.444029850746269,Favorable,12.444029850746269,Favorable,12.5,Favorable,12.444029850746269,Favorable
2026-07-20 07:30:00+03:00,PARTIAL,12.444029850746269,Favorable,12.444029850746269,Favorable,12.5,Favorable,12.444029850746269,Favorable
2026-07-20 07:35:00+03:00,PARTIAL,12.444029850746269,Favorable,12.444029850746269,Favorable,12.5,Favorable,12.444029850746269,Favorable
2026-07-20 07:40:00+03:00,PARTIAL,12.444029850746269,Favorable,12.444029850746269,Favorable,12.5,Favorable,12.444029850746269,Favorable
2026-07-20 07:45:00+03:00,PARTIAL,12.444029850746269,Favorable,12.444029850746269,Favorable,12.5,Favorable,12.444029850746269,Favorable
2026-07-20 07:50:00+03:00,PARTIAL,12.444029850746269,Favorable,12.444029850746269,Favorable,12.5,Favorable,12.444029850746269,Favorable
2026-07-20 07:55:00+03:00,PARTIAL,12.444029850746269,Favorable,12.444029850746269,Favorable,12.5,Favorable,12.444029850746269,Favorable
2026-07-20 08:00:00+03:00,PARTIAL,12.444029850746269,Favorable,12.444029850746269,Favorable,12.5,Favorable,12.444029850746269,Favorable
2026-07-20 08:05:00+03:00,PARTIAL,12.444029850746269,Favorable,12.444029850746269,Favorable,12.5,Favorable,12.444029850746269,Favorable
2026-07-20 08:10:00+03:00,PARTIAL,12.444029850746269,Favorable,12.444029850746269,Favorable,12.5,Favorable,12.444029850746269,Favorable
2026-07-20 08:15:00+03:00,PARTIAL,12.444029850746269,Favorable,12.444029850746269,Favorable,12.5,Favorable,12.444029850746269,Favorable
2026-07-20 08:20:00+03:00,PARTIAL,12.444029850746269,Favorable,12.444029850746269,Favorable,12.5,Favorable,12.444029850746269,Favorable
2026-07-20 08:25:00+03:00,PARTIAL,12.444029850746269,Favorable,12.444029850746269,Favorable,12.5,Favorable,12.444029850746269,Favorable
2026-07-20 08:30:00+03:00,PARTIAL,12.444029850746269,Favorable,12.444029850746269,Favorable,12.5,Favorable,12.444029850746269,Favorable
2026-07-20 08:35:00+03:00,PARTIAL,12.444029850746269,Favorable,12.444029850746269,Favorable,12.5,Favorable,12.444029850746269,Favorable
2026-07-20 08:40:00+03:00,PARTIAL,12.444029850746269,Favorable,12.444029850746269,Favorable,12.5,Favorable,12.444029850746269,Favorable
2026-07-20 08:45:00+03:00,PARTIAL,12.444029850746269,Favorable,12.444029850746269,Favorable,12.5,Favorable,12.444029850746269,Favorable
2026-07-20 08:50:00+03:00,PARTIAL,12.444029850746269,Favorable,12.444029850746269,Favorable,12.5,Favorable,12.444029850746269,Favorable
2026-07-20 08:55:00+03:00,PARTIAL,12.444029850746269,Favorable,12.444029850746269,Favorable,12.5,Favorable,12.444029850746269,Favorable
2026-07-20 09:00:00+03:00,PARTIAL,12.444029850746269,Favorable,12.444029850746269,Favorable,12.5,Favorable,12.444029850746269,Favorable
2026-07-20 09:05:00+03:00,PARTIAL,12.444029850746269,Favorable,12.444029850746269,Favorable,12.5,Favorable,12.444029850746269,Favorable
2026-07-20 09:10:00+03:00,PARTIAL,12.444029850746269,Favorable,12.444029850746269,Favorable,12.5,Favorable,12.444029850746269,Favorable
2026-07-20 09:15:00+03:00,PARTIAL,12.444029850746269,Favorable,12.444029850746269,Favorable,12.5,Favorable,12.444029850746269,Favorable
2026-07-20 09:20:00+03:00,PARTIAL,12.444029850746269,Favorable,12.444029850746269,Favorable,12.5,Favorable,12.444029850746269,Favorable
2026-07-20 09:25:00+03:00,PARTIAL,12.444029850746269,Favorable,12.444029850746269,Favorable,12.5,Favorable,12.444029850746269,Favorable
2026-07-20 09:30:00+03:00,PARTIAL,12.444029850746269,Favorable,12.444029850746269,Favorable,12.5,Favorable,12.444029850746269,Favorable
2026-07-20 09:35:00+03:00,PARTIAL,12.444029850746269,Favorable,12.444029850746269,Favorable,12.5,Favorable,12.444029850746269,Favorable
2026-07-20 09:40:00+03:00,PARTIAL,12.444029850746269,Favorable,12.444029850746269,Favorable,12.5,Favorable,12.444029850746269,Favorable
2026-07-20 09:45:00+03:00,PARTIAL,12.444029850746269,Favorable,12.444029850746269,Favorable,12.5,Favorable,12.444029850746269,Favorable
2026-07-20 09:50:00+03:00,PARTIAL,12.444029850746269,Favorable,12.444029850746269,Favorable,12.5,Favorable,12.444029850746269,Favorable
2026-07-20 09:55:00+03:00,PARTIAL,12.444029850746269,Favorable,12.444029850746269,Favorable,12.5,Favorable,12.444029850746269,Favorable
2026-07-20 10:00:00+03:00,PARTIAL,12.444029850746269,Favorable,12.444029850746269,Favorable,12.5,Favorable,12.444029850746269,Favorable
2026-07-20 10:05:00+03:00,PARTIAL,12.444029850746269,Favorable,12.444029850746269,Favorable,12.5,Favorable,12.444029850746269,Favorable
2026-07-20 10:10:00+03:00,PARTIAL,12.444029850746269,Favorable,12.444029850746269,Favorable,12.5,Favorable,12.444029850746269,Favorable
2026-07-20 10:15:00+03:00,PARTIAL,12.444029850746269,Favorable,12.444029850746269,Favorable,12.5,Favorable,12.444029850746269,Favorable
2026-07-20 10:20:00+03:00,PARTIAL,12.444029850746269,Favorable,12.444029850746269,Favorable,12.5,Favorable,12.444029850746269,Favorable
2026-07-20 10:25:00+03:00,PARTIAL,12.444029850746269,Favorable,12.444029850746269,Favorable,12.5,Favorable,12.444029850746269,Favorable
2026-07-20 10:30:00+03:00,PARTIAL,12.444029850746269,Favorable,12.444029850746269,Favorable,12.5,Favorable,12.444029850746269,Favorable
2026-07-20 10:35:00+03:00,PARTIAL,12.444029850746269,Favorable,12.444029850746269,Favorable,12.5,Favorable,12.444029850746269,Favorable
2026-07-20 10:40:00+03:00,PARTIAL,12.444029850746269,Favorable,12.444029850746269,Favorable,12.5,Favorable,12.444029850746269,Favorable
2026-07-20 10:45:00+03:00,PARTIAL,12.444029850746269,Favorable,12.444029850746269,Favorable,12.5,Favorable,12.444029850746269,Favorable
2026-07-20 10:50:00+03:00,PARTIAL,12.444029850746269,Favorable,12.444029850746269,Favorable,12.5,Favorable,12.444029850746269,Favorable
2026-07-20 10:55:00+03:00,PARTIAL,12.444029850746269,Favorable,12.444029850746269,Favorable,12.5,Favorable,12.444029850746269,Favorable
2026-07-20 11:00:00+03:00,PARTIAL,12.444029850746269,Favorable,12.444029850746269,Favorable,12.5,Favorable,12.444029850746269,Favorable
2026-07-20 11:05:00+03:00,PARTIAL,12.444029850746269,Favorable,12.444029850746269,Favorable,12.5,Favorable,12.444029850746269,Favorable
2026-07-20 11:10:00+03:00,PARTIAL,12.444029850746269,Favorable,12.444029850746269,Favorable,12.5,Favorable,12.444029850746269,Favorable
2026-07-20 11:15:00+03:00,PARTIAL,12.444029850746269,Favorable,12.444029850746269,Favorable,12.5,Favorable,12.444029850746269,Favorable
2026-07-20 11:20:00+03:00,PARTIAL,12.444029850746269,Favorable,12.444029850746269,Favorable,12.5,Favorable,12.444029850746269,Favorable
2026-07-20 11:25:00+03:00,PARTIAL,12.444029850746269,Favorable,12.444029850746269,Favorable,12.5,Favorable,12.444029850746269,Favorable
2026-07-20 11:30:00+03:00,PARTIAL,12.444029850746269,Favorable,12.444029850746269,Favorable,12.5,Favorable,12.444029850746269,Favorable
2026-07-20 11:35:00+03:00,PARTIAL,12.444029850746269,Favorable,12.444029850746269,Favorable,12.5,Favorable,12.444029850746269,Favorable
2026-07-20 11:40:00+03:00,PARTIAL,12.444029850746269,Favorable,12.444029850746269,Favorable,12.5,Favorable,12.444029850746269,Favorable
2026-07-20 11:45:00+03:00,PARTIAL,12.444029850746269,Favorable,12.444029850746269,Favorable,12.5,Favorable,12.444029850746269,Favorable
2026-07-20 11:50:00+03:00,PARTIAL,12.444029850746269,Favorable,12.444029850746269,Favorable,12.5,Favorable,12.444029850746269,Favorable
2026-07-20 11:55:00+03:00,PARTIAL,12.444029850746269,Favorable,12.444029850746269,Favorable,12.5,Favorable,12.444029850746269,Favorable
2026-07-20 12:00:00+03:00,PARTIAL,12.444029850746269,Favorable,12.444029850746269,Favorable,12.5,Favorable,12.444029850746269,Favorable
2026-07-20 12:05:00+03:00,PARTIAL,12.444029850746269,Favorable,12.444029850746269,Favorable,12.5,Favorable,12.444029850746269,Favorable
2026-07-20 12:10:00+03:00,PARTIAL,12.444029850746269,Favorable,12.444029850746269,Favorable,12.5,Favorable,12.444029850746269,Favorable
2026-07-20 12:15:00+03:00,PARTIAL,12.444029850746269,Favorable,12.444029850746269,Favorable,12.5,Favorable,12.444029850746269,Favorable
2026-07-20 12:20:00+03:00,PARTIAL,12.444029850746269,Favorable,12.444029850746269,Favorable,12.5,Favorable,12.444029850746269,Favorable
2026-07-20 12:25:00+03:00,PARTIAL,12.444029850746269,Favorable,12.444029850746269,Favorable,12.5,Favorable,12.444029850746269,Favorable
2026-07-20 12:30:00+03:00,PARTIAL,12.444029850746269,Favorable,12.444029850746269,Favorable,12.5,Favorable,12.444029850746269,Favorable
2026-07-20 12:35:00+03:00,PARTIAL,12.444029850746269,Favorable,12.444029850746269,Favorable,12.5,Favorable,12.444029850746269,Favorable
2026-07-20 12:40:00+03:00,PARTIAL,12.444029850746269,Favorable,12.444029850746269,Favorable,12.5,Favorable,12.444029850746269,Favorable
2026-07-20 12:45:00+03:00,PARTIAL,12.444029850746269,Favorable,12.444029850746269,Favorable,12.5,Favorable,12.444029850746269,Favorable
2026-07-20 12:50:00+03:00,PARTIAL,12.444029850746269,Favorable,12.444029850746269,Favorable,12.5,Favorable,12.444029850746269,Favorable
2026-07-20 12:55:00+03:00,PARTIAL,12.444029850746269,Favorable,12.444029850746269,Favorable,12.5,Favorable,12.444029850746269,Favorable
2026-07-20 13:00:00+03:00,PARTIAL,12.444029850746269,Favorable,12.444029850746269,Favorable,12.5,Favorable,12.444029850746269,Favorable
2026-07-20 13:05:00+03:00,PARTIAL,12.444029850746269,Favorable,12.444029850746269,Favorable,12.5,Favorable,12.444029850746269,Favorable
2026-07-20 13:10:00+03:00,PARTIAL,12.444029850746269,Favorable,12.444029850746269,Favorable,12.5,Favorable,12.444029850746269,Favorable
2026-07-20 13:15:00+03:00,PARTIAL,12.444029850746269,Favorable,12.444029850746269,Favorable,12.5,Favorable,12.444029850746269,Favorable
2026-07-20 13:20:00+03:00,PARTIAL,12.444029850746269,Favorable,12.444029850746269,Favorable,12.5,Favorable,12.444029850746269,Favorable
2026-07-20 13:25:00+03:00,PARTIAL,12.444029850746269,Favorable,12.444029850746269,Favorable,12.5,Favorable,12.444029850746269,Favorable
2026-07-20 13:30:00+03:00,PARTIAL,12.444029850746269,Favorable,12.444029850746269,Favorable,12.5,Favorable,12.444029850746269,Favorable
2026-07-20 13:35:00+03:00,PARTIAL,12.444029850746269,Favorable,12.444029850746269,Favorable,12.5,Favorable,12.444029850746269,Favorable
2026-07-20 13:40:00+03:00,PARTIAL,12.444029850746269,Favorable,12.444029850746269,Favorable,12.5,Favorable,12.444029850746269,Favorable
2026-07-20 13:45:00+03:00,PARTIAL,12.444029850746269,Favorable,12.444029850746269,Favorable,12.5,Favorable,12.444029850746269,Favorable
2026-07-20 13:50:00+03:00,PARTIAL,12.444029850746269,Favorable,12.444029850746269,Favorable,12.5,Favorable,12.444029850746269,Favorable
2026-07-20 13:55:00+03:00,PARTIAL,12.444029850746269,Favorable,12.444029850746269,Favorable,12.5,Favorable,12.444029850746269,Favorable
2026-07-20 14:00:00+03:00,PARTIAL,12.444029850746269,Favorable,12.444029850746269,Favorable,12.5,Favorable,12.444029850746269,Favorable
2026-07-20 14:05:00+03:00,PARTIAL,12.444029850746269,Favorable,12.444029850746269,Favorable,12.5,Favorable,12.444029850746269,Favorable
2026-07-20 14:10:00+03:00,PARTIAL,12.444029850746269,Favorable,12.444029850746269,Favorable,12.5,Favorable,12.444029850746269,Favorable
2026-07-20 14:15:00+03:00,PARTIAL,12.444029850746269,Favorable,12.444029850746269,Favorable,12.5,Favorable,12.444029850746269,Favorable
2026-07-20 14:20:00+03:00,PARTIAL,37.5,Acceptable,37.5,Acceptable,37.5,Acceptable,24.972014925373134,Favorable
2026-07-20 14:25:00+03:00,PARTIAL,62.5,Degraded,62.5,Degraded,62.5,Degraded,37.47201492537313,Acceptable
2026-07-20 14:30:00+03:00,PARTIAL,62.5,Degraded,62.5,Degraded,62.5,Degraded,37.47201492537313,Acceptable
2026-07-20 14:35:00+03:00,PARTIAL,37.5,Acceptable,37.5,Acceptable,37.5,Acceptable,24.972014925373134,Favorable
2026-07-20 14:40:00+03:00,PARTIAL,12.444029850746269,Favorable,12.444029850746269,Favorable,12.5,Favorable,12.444029850746269,Favorable
2026-07-20 14:45:00+03:00,PARTIAL,12.444029850746269,Favorable,12.444029850746269,Favorable,12.5,Favorable,12.444029850746269,Favorable
2026-07-20 14:50:00+03:00,PARTIAL,12.444029850746269,Favorable,12.444029850746269,Favorable,12.5,Favorable,12.444029850746269,Favorable
2026-07-20 14:55:00+03:00,PARTIAL,12.444029850746269,Favorable,12.444029850746269,Favorable,12.5,Favorable,12.444029850746269,Favorable
2026-07-20 15:00:00+03:00,PARTIAL,12.444029850746269,Favorable,12.444029850746269,Favorable,12.5,Favorable,12.444029850746269,Favorable
2026-07-20 15:05:00+03:00,PARTIAL,12.444029850746269,Favorable,12.444029850746269,Favorable,12.5,Favorable,12.444029850746269,Favorable
2026-07-20 15:10:00+03:00,PARTIAL,12.444029850746269,Favorable,12.444029850746269,Favorable,12.5,Favorable,12.444029850746269,Favorable
2026-07-20 15:15:00+03:00,PARTIAL,12.444029850746269,Favorable,12.444029850746269,Favorable,12.5,Favorable,12.444029850746269,Favorable
2026-07-20 15:20:00+03:00,PARTIAL,12.444029850746269,Favorable,12.444029850746269,Favorable,12.5,Favorable,12.444029850746269,Favorable
2026-07-20 15:25:00+03:00,PARTIAL,12.444029850746269,Favorable,12.444029850746269,Favorable,12.5,Favorable,12.444029850746269,Favorable
2026-07-20 15:30:00+03:00,PARTIAL,12.444029850746269,Favorable,12.444029850746269,Favorable,12.5,Favorable,12.444029850746269,Favorable
2026-07-20 15:35:00+03:00,PARTIAL,12.444029850746269,Favorable,12.444029850746269,Favorable,12.5,Favorable,12.444029850746269,Favorable
2026-07-20 15:40:00+03:00,PARTIAL,12.444029850746269,Favorable,12.444029850746269,Favorable,12.5,Favorable,12.444029850746269,Favorable
2026-07-20 15:45:00+03:00,PARTIAL,12.444029850746269,Favorable,12.444029850746269,Favorable,12.5,Favorable,12.444029850746269,Favorable
2026-07-20 15:50:00+03:00,PARTIAL,12.444029850746269,Favorable,12.444029850746269,Favorable,12.5,Favorable,12.444029850746269,Favorable
2026-07-20 15:55:00+03:00,PARTIAL,12.444029850746269,Favorable,12.444029850746269,Favorable,12.5,Favorable,12.444029850746269,Favorable
2026-07-20 16:00:00+03:00,PARTIAL,12.444029850746269,Favorable,12.444029850746269,Favorable,12.5,Favorable,12.444029850746269,Favorable
2026-07-20 16:05:00+03:00,PARTIAL,12.444029850746269,Favorable,12.444029850746269,Favorable,12.5,Favorable,12.444029850746269,Favorable
2026-07-20 16:10:00+03:00,PARTIAL,12.444029850746269,Favorable,12.444029850746269,Favorable,12.5,Favorable,12.444029850746269,Favorable
2026-07-20 16:15:00+03:00,PARTIAL,12.444029850746269,Favorable,12.444029850746269,Favorable,12.5,Favorable,12.444029850746269,Favorable
2026-07-20 16:20:00+03:00,PARTIAL,12.444029850746269,Favorable,12.444029850746269,Favorable,12.5,Favorable,12.444029850746269,Favorable
2026-07-20 16:25:00+03:00,PARTIAL,12.444029850746269,Favorable,12.444029850746269,Favorable,12.5,Favorable,12.444029850746269,Favorable
2026-07-20 16:30:00+03:00,PARTIAL,12.444029850746269,Favorable,12.444029850746269,Favorable,12.5,Favorable,12.444029850746269,Favorable
2026-07-20 16:35:00+03:00,PARTIAL,12.444029850746269,Favorable,12.444029850746269,Favorable,12.5,Favorable,12.444029850746269,Favorable
2026-07-20 16:40:00+03:00,PARTIAL,12.444029850746269,Favorable,12.444029850746269,Favorable,12.5,Favorable,12.444029850746269,Favorable
2026-07-20 16:45:00+03:00,PARTIAL,12.444029850746269,Favorable,12.444029850746269,Favorable,12.5,Favorable,12.444029850746269,Favorable
2026-07-20 16:50:00+03:00,PARTIAL,12.444029850746269,Favorable,12.444029850746269,Favorable,12.5,Favorable,12.444029850746269,Favorable
2026-07-20 16:55:00+03:00,PARTIAL,12.444029850746269,Favorable,12.444029850746269,Favorable,12.5,Favorable,12.444029850746269,Favorable
2026-07-20 17:00:00+03:00,PARTIAL,12.444029850746269,Favorable,12.444029850746269,Favorable,12.5,Favorable,12.444029850746269,Favorable
2026-07-20 17:05:00+03:00,PARTIAL,12.444029850746269,Favorable,12.444029850746269,Favorable,12.5,Favorable,12.444029850746269,Favorable
2026-07-20 17:10:00+03:00,PARTIAL,12.444029850746269,Favorable,12.444029850746269,Favorable,12.5,Favorable,12.444029850746269,Favorable
2026-07-20 17:15:00+03:00,PARTIAL,12.444029850746269,Favorable,12.444029850746269,Favorable,12.5,Favorable,12.444029850746269,Favorable
2026-07-20 17:20:00+03:00,PARTIAL,12.444029850746269,Favorable,12.444029850746269,Favorable,12.5,Favorable,12.444029850746269,Favorable
2026-07-20 17:25:00+03:00,PARTIAL,12.444029850746269,Favorable,12.444029850746269,Favorable,12.5,Favorable,12.444029850746269,Favorable
2026-07-20 17:30:00+03:00,PARTIAL,12.444029850746269,Favorable,12.444029850746269,Favorable,12.5,Favorable,12.444029850746269,Favorable
2026-07-20 17:35:00+03:00,PARTIAL,12.444029850746269,Favorable,12.444029850746269,Favorable,12.5,Favorable,12.444029850746269,Favorable
2026-07-20 17:40:00+03:00,PARTIAL,12.444029850746269,Favorable,12.444029850746269,Favorable,12.5,Favorable,12.444029850746269,Favorable
2026-07-20 17:45:00+03:00,PARTIAL,12.444029850746269,Favorable,12.444029850746269,Favorable,12.5,Favorable,12.444029850746269,Favorable
2026-07-20 17:50:00+03:00,PARTIAL,12.444029850746269,Favorable,12.444029850746269,Favorable,12.5,Favorable,12.444029850746269,Favorable
2026-07-20 17:55:00+03:00,PARTIAL,12.444029850746269,Favorable,12.444029850746269,Favorable,12.5,Favorable,12.444029850746269,Favorable
2026-07-20 18:00:00+03:00,PARTIAL,12.444029850746269,Favorable,12.444029850746269,Favorable,12.5,Favorable,12.444029850746269,Favorable
2026-07-20 18:05:00+03:00,PARTIAL,12.444029850746269,Favorable,12.444029850746269,Favorable,12.5,Favorable,12.444029850746269,Favorable
2026-07-20 18:10:00+03:00,PARTIAL,12.444029850746269,Favorable,12.444029850746269,Favorable,12.5,Favorable,12.444029850746269,Favorable
2026-07-20 18:15:00+03:00,PARTIAL,12.444029850746269,Favorable,12.444029850746269,Favorable,12.5,Favorable,12.444029850746269,Favorable
2026-07-20 18:20:00+03:00,PARTIAL,12.444029850746269,Favorable,12.444029850746269,Favorable,12.5,Favorable,12.444029850746269,Favorable
2026-07-20 18:25:00+03:00,PARTIAL,12.444029850746269,Favorable,12.444029850746269,Favorable,12.5,Favorable,12.444029850746269,Favorable
2026-07-20 18:30:00+03:00,PARTIAL,12.444029850746269,Favorable,12.444029850746269,Favorable,12.5,Favorable,12.444029850746269,Favorable
2026-07-20 18:35:00+03:00,PARTIAL,12.444029850746269,Favorable,12.444029850746269,Favorable,12.5,Favorable,12.444029850746269,Favorable
2026-07-20 18:40:00+03:00,PARTIAL,12.444029850746269,Favorable,12.444029850746269,Favorable,12.5,Favorable,12.444029850746269,Favorable
2026-07-20 18:45:00+03:00,PARTIAL,12.444029850746269,Favorable,12.444029850746269,Favorable,12.5,Favorable,12.444029850746269,Favorable
2026-07-20 18:50:00+03:00,PARTIAL,12.444029850746269,Favorable,12.444029850746269,Favorable,12.5,Favorable,12.444029850746269,Favorable
2026-07-20 18:55:00+03:00,PARTIAL,12.444029850746269,Favorable,12.444029850746269,Favorable,12.5,Favorable,12.444029850746269,Favorable
2026-07-20 19:00:00+03:00,PARTIAL,12.444029850746269,Favorable,12.444029850746269,Favorable,12.5,Favorable,12.444029850746269,Favorable
2026-07-20 19:05:00+03:00,PARTIAL,12.444029850746269,Favorable,12.444029850746269,Favorable,12.5,Favorable,12.444029850746269,Favorable
2026-07-20 19:10:00+03:00,PARTIAL,12.444029850746269,Favorable,12.444029850746269,Favorable,12.5,Favorable,12.444029850746269,Favorable
2026-07-20 19:15:00+03:00,PARTIAL,12.444029850746269,Favorable,12.444029850746269,Favorable,12.5,Favorable,12.444029850746269,Favorable
2026-07-20 19:20:00+03:00,PARTIAL,12.444029850746269,Favorable,12.444029850746269,Favorable,12.5,Favorable,12.444029850746269,Favorable
2026-07-20 19:25:00+03:00,PARTIAL,12.444029850746269,Favorable,12.444029850746269,Favorable,12.5,Favorable,12.444029850746269,Favorable
2026-07-20 19:30:00+03:00,PARTIAL,12.444029850746269,Favorable,12.444029850746269,Favorable,12.5,Favorable,12.444029850746269,Favorable
2026-07-20 19:35:00+03:00,PARTIAL,12.444029850746269,Favorable,12.444029850746269,Favorable,12.5,Favorable,12.444029850746269,Favorable
2026-07-20 19:40:00+03:00,PARTIAL,12.444029850746269,Favorable,12.444029850746269,Favorable,12.5,Favorable,12.444029850746269,Favorable
2026-07-20 19:45:00+03:00,PARTIAL,12.444029850746269,Favorable,12.444029850746269,Favorable,12.5,Favorable,12.444029850746269,Favorable
2026-07-20 19:50:00+03:00,PARTIAL,12.444029850746269,Favorable,12.444029850746269,Favorable,12.5,Favorable,12.444029850746269,Favorable
2026-07-20 19:55:00+03:00,PARTIAL,12.444029850746269,Favorable,12.444029850746269,Favorable,12.5,Favorable,12.444029850746269,Favorable
2026-07-20 20:00:00+03:00,PARTIAL,12.444029850746269,Favorable,12.444029850746269,Favorable,12.5,Favorable,12.444029850746269,Favorable
2026-07-20 20:05:00+03:00,PARTIAL,12.444029850746269,Favorable,12.444029850746269,Favorable,12.5,Favorable,12.444029850746269,Favorable
2026-07-20 20:10:00+03:00,PARTIAL,12.444029850746269,Favorable,12.444029850746269,Favorable,12.5,Favorable,12.444029850746269,Favorable
2026-07-20 20:15:00+03:00,PARTIAL,12.444029850746269,Favorable,12.444029850746269,Favorable,12.5,Favorable,12.444029850746269,Favorable
2026-07-20 20:20:00+03:00,PARTIAL,12.444029850746269,Favorable,12.444029850746269,Favorable,12.5,Favorable,12.444029850746269,Favorable
2026-07-20 20:25:00+03:00,PARTIAL,12.444029850746269,Favorable,12.444029850746269,Favorable,12.5,Favorable,12.444029850746269,Favorable
2026-07-20 20:30:00+03:00,PARTIAL,12.444029850746269,Favorable,12.444029850746269,Favorable,12.5,Favorable,12.444029850746269,Favorable
2026-07-20 20:35:00+03:00,PARTIAL,12.444029850746269,Favorable,12.444029850746269,Favorable,12.5,Favorable,12.444029850746269,Favorable
2026-07-20 20:40:00+03:00,PARTIAL,12.444029850746269,Favorable,12.444029850746269,Favorable,12.5,Favorable,12.444029850746269,Favorable
2026-07-20 20:45:00+03:00,PARTIAL,12.444029850746269,Favorable,12.444029850746269,Favorable,12.5,Favorable,12.444029850746269,Favorable
2026-07-20 20:50:00+03:00,PARTIAL,12.444029850746269,Favorable,12.444029850746269,Favorable,12.5,Favorable,12.444029850746269,Favorable
2026-07-20 20:55:00+03:00,PARTIAL,12.444029850746269,Favorable,12.444029850746269,Favorable,12.5,Favorable,12.444029850746269,Favorable
2026-07-20 21:00:00+03:00,PARTIAL,12.444029850746269,Favorable,12.444029850746269,Favorable,12.5,Favorable,12.444029850746269,Favorable
2026-07-20 21:05:00+03:00,PARTIAL,12.444029850746269,Favorable,12.444029850746269,Favorable,12.5,Favorable,12.444029850746269,Favorable
2026-07-20 21:10:00+03:00,PARTIAL,12.444029850746269,Favorable,12.444029850746269,Favorable,12.5,Favorable,12.444029850746269,Favorable
2026-07-20 21:15:00+03:00,PARTIAL,12.444029850746269,Favorable,12.444029850746269,Favorable,12.5,Favorable,12.444029850746269,Favorable
2026-07-20 21:20:00+03:00,PARTIAL,12.444029850746269,Favorable,12.444029850746269,Favorable,12.5,Favorable,12.444029850746269,Favorable
2026-07-20 21:25:00+03:00,PARTIAL,12.444029850746269,Favorable,12.444029850746269,Favorable,12.5,Favorable,12.444029850746269,Favorable
2026-07-20 21:30:00+03:00,PARTIAL,12.444029850746269,Favorable,12.444029850746269,Favorable,12.5,Favorable,12.444029850746269,Favorable
2026-07-20 21:35:00+03:00,PARTIAL,12.444029850746269,Favorable,12.444029850746269,Favorable,12.5,Favorable,12.444029850746269,Favorable
2026-07-20 21:40:00+03:00,PARTIAL,12.444029850746269,Favorable,12.444029850746269,Favorable,12.5,Favorable,12.444029850746269,Favorable
2026-07-20 21:45:00+03:00,PARTIAL,12.444029850746269,Favorable,12.444029850746269,Favorable,12.5,Favorable,12.444029850746269,Favorable
2026-07-20 21:50:00+03:00,PARTIAL,12.444029850746269,Favorable,12.444029850746269,Favorable,12.5,Favorable,12.444029850746269,Favorable
2026-07-20 21:55:00+03:00,PARTIAL,12.444029850746269,Favorable,12.444029850746269,Favorable,12.5,Favorable,12.444029850746269,Favorable
2026-07-20 22:00:00+03:00,PARTIAL,12.444029850746269,Favorable,12.444029850746269,Favorable,12.5,Favorable,12.444029850746269,Favorable
2026-07-20 22:05:00+03:00,PARTIAL,12.444029850746269,Favorable,12.444029850746269,Favorable,12.5,Favorable,12.444029850746269,Favorable
2026-07-20 22:10:00+03:00,PARTIAL,12.444029850746269,Favorable,12.444029850746269,Favorable,12.5,Favorable,12.444029850746269,Favorable
2026-07-20 22:15:00+03:00,PARTIAL,12.444029850746269,Favorable,12.444029850746269,Favorable,12.5,Favorable,12.444029850746269,Favorable
2026-07-20 22:20:00+03:00,PARTIAL,12.444029850746269,Favorable,12.444029850746269,Favorable,12.5,Favorable,12.444029850746269,Favorable
2026-07-20 22:25:00+03:00,PARTIAL,12.444029850746269,Favorable,12.444029850746269,Favorable,12.5,Favorable,12.444029850746269,Favorable
2026-07-20 22:30:00+03:00,PARTIAL,12.444029850746269,Favorable,12.444029850746269,Favorable,12.5,Favorable,12.444029850746269,Favorable
2026-07-20 22:35:00+03:00,PARTIAL,12.444029850746269,Favorable,12.444029850746269,Favorable,12.5,Favorable,12.444029850746269,Favorable
2026-07-20 22:40:00+03:00,PARTIAL,12.444029850746269,Favorable,12.444029850746269,Favorable,12.5,Favorable,12.444029850746269,Favorable
2026-07-20 22:45:00+03:00,PARTIAL,12.444029850746269,Favorable,12.444029850746269,Favorable,12.5,Favorable,12.444029850746269,Favorable
2026-07-20 22:50:00+03:00,PARTIAL,12.444029850746269,Favorable,12.444029850746269,Favorable,12.5,Favorable,12.444029850746269,Favorable
2026-07-20 22:55:00+03:00,PARTIAL,12.444029850746269,Favorable,12.444029850746269,Favorable,12.5,Favorable,12.444029850746269,Favorable
2026-07-20 23:00:00+03:00,PARTIAL,12.444029850746269,Favorable,12.444029850746269,Favorable,12.5,Favorable,12.444029850746269,Favorable
2026-07-20 23:05:00+03:00,PARTIAL,14.779815700868332,Favorable,14.779815700868332,Favorable,12.5,Favorable,13.611922775807301,Favorable
2026-07-20 23:10:00+03:00,PARTIAL,16.114441243301794,Favorable,16.114441243301794,Favorable,12.5,Favorable,14.279235547024031,Favorable
2026-07-20 23:15:00+03:00,PARTIAL,16.18171420549324,Favorable,16.18171420549324,Favorable,12.5,Favorable,14.312872028119754,Favorable
2026-07-20 23:20:00+03:00,PARTIAL,18.044232504553072,Favorable,18.044232504553072,Favorable,12.5,Favorable,15.24413117764967,Favorable
2026-07-20 23:25:00+03:00,PARTIAL,21.11018254957775,Favorable,21.11018254957775,Favorable,12.5,Favorable,16.77710620016201,Favorable
2026-07-20 23:30:00+03:00,PARTIAL,23.519782480893614,Favorable,23.519782480893614,Favorable,12.5,Favorable,17.981906165819943,Favorable
2026-07-20 23:35:00+03:00,PARTIAL,25.711642177904377,Acceptable,25.711642177904377,Acceptable,37.5,Acceptable,19.07783601432532,Favorable
2026-07-20 23:40:00+03:00,PARTIAL,28.23748269497,Acceptable,28.23748269497,Acceptable,37.5,Acceptable,20.340756272858137,Favorable
2026-07-20 23:45:00+03:00,PARTIAL,31.62738056448832,Acceptable,31.62738056448832,Acceptable,37.5,Acceptable,22.035705207617294,Favorable
2026-07-20 23:50:00+03:00,PARTIAL,34.18292762355439,Acceptable,34.18292762355439,Acceptable,37.5,Acceptable,23.31347873715033,Favorable
2026-07-20 23:55:00+03:00,PARTIAL,35.90811215814422,Acceptable,35.90811215814422,Acceptable,37.5,Acceptable,24.176071004445244,Favorable
2026-07-21 00:00:00+03:00,PARTIAL,37.5,Acceptable,37.5,Acceptable,37.5,Acceptable,24.972014925373134,Favorable
2026-07-21 00:05:00+03:00,PARTIAL,37.5,Acceptable,37.5,Acceptable,37.5,Acceptable,24.972014925373134,Favorable
2026-07-21 00:10:00+03:00,PARTIAL,37.5,Acceptable,37.5,Acceptable,37.5,Acceptable,24.972014925373134,Favorable
2026-07-21 00:15:00+03:00,PARTIAL,37.5,Acceptable,37.5,Acceptable,37.5,Acceptable,24.972014925373134,Favorable
2026-07-21 00:20:00+03:00,PARTIAL,37.5,Acceptable,37.5,Acceptable,37.5,Acceptable,24.972014925373134,Favorable
2026-07-21 00:25:00+03:00,PARTIAL,37.5,Acceptable,37.5,Acceptable,37.5,Acceptable,24.972014925373134,Favorable
2026-07-21 00:30:00+03:00,PARTIAL,37.5,Acceptable,37.5,Acceptable,37.5,Acceptable,24.972014925373134,Favorable
2026-07-21 00:35:00+03:00,PARTIAL,37.5,Acceptable,37.5,Acceptable,37.5,Acceptable,24.972014925373134,Favorable
2026-07-21 00:40:00+03:00,PARTIAL,37.5,Acceptable,37.5,Acceptable,37.5,Acceptable,24.972014925373134,Favorable
2026-07-21 00:45:00+03:00,PARTIAL,37.5,Acceptable,37.5,Acceptable,37.5,Acceptable,24.972014925373134,Favorable
2026-07-21 00:50:00+03:00,PARTIAL,37.5,Acceptable,37.5,Acceptable,37.5,Acceptable,24.972014925373134,Favorable
2026-07-21 00:55:00+03:00,PARTIAL,37.5,Acceptable,37.5,Acceptable,37.5,Acceptable,24.972014925373134,Favorable
2026-07-21 01:00:00+03:00,PARTIAL,37.5,Acceptable,37.5,Acceptable,37.5,Acceptable,24.972014925373134,Favorable
2026-07-21 01:05:00+03:00,PARTIAL,37.5,Acceptable,37.5,Acceptable,37.5,Acceptable,24.972014925373134,Favorable
2026-07-21 01:10:00+03:00,PARTIAL,37.5,Acceptable,37.5,Acceptable,37.5,Acceptable,24.972014925373134,Favorable
2026-07-21 01:15:00+03:00,PARTIAL,37.5,Acceptable,37.5,Acceptable,37.5,Acceptable,24.972014925373134,Favorable
2026-07-21 01:20:00+03:00,PARTIAL,36.911631779257874,Acceptable,36.911631779257874,Acceptable,37.5,Acceptable,24.67783081500207,Favorable
2026-07-21 01:25:00+03:00,PARTIAL,32.3801167206668,Acceptable,32.3801167206668,Acceptable,37.5,Acceptable,22.412073285706533,Favorable
2026-07-21 01:30:00+03:00,PARTIAL,29.395594483707743,Acceptable,29.395594483707743,Acceptable,37.5,Acceptable,20.919812167227008,Favorable
2026-07-21 01:35:00+03:00,PARTIAL,26.22346344401208,Acceptable,26.22346344401208,Acceptable,37.5,Acceptable,19.333746647379172,Favorable
2026-07-21 01:40:00+03:00,PARTIAL,23.353527336860676,Favorable,23.353527336860676,Favorable,12.5,Favorable,17.89877859380347,Favorable
2026-07-21 01:45:00+03:00,PARTIAL,19.433047284557112,Favorable,19.433047284557112,Favorable,12.5,Favorable,15.93853856765169,Favorable
2026-07-21 01:50:00+03:00,PARTIAL,16.377377663702884,Favorable,16.377377663702884,Favorable,12.5,Favorable,14.410703757224576,Favorable
2026-07-21 01:55:00+03:00,PARTIAL,14.257679568199398,Favorable,14.257679568199398,Favorable,12.5,Favorable,13.350854709472834,Favorable
2026-07-21 02:00:00+03:00,PARTIAL,12.444029850746269,Favorable,12.444029850746269,Favorable,12.5,Favorable,12.444029850746269,Favorable
2026-07-21 02:05:00+03:00,PARTIAL,12.444029850746269,Favorable,12.444029850746269,Favorable,12.5,Favorable,12.444029850746269,Favorable
2026-07-21 02:10:00+03:00,PARTIAL,12.444029850746269,Favorable,12.444029850746269,Favorable,12.5,Favorable,12.444029850746269,Favorable
2026-07-21 02:15:00+03:00,PARTIAL,12.444029850746269,Favorable,12.444029850746269,Favorable,12.5,Favorable,12.444029850746269,Favorable
2026-07-21 02:20:00+03:00,PARTIAL,12.444029850746269,Favorable,12.444029850746269,Favorable,12.5,Favorable,12.444029850746269,Favorable
2026-07-21 02:25:00+03:00,PARTIAL,12.444029850746269,Favorable,12.444029850746269,Favorable,12.5,Favorable,12.444029850746269,Favorable
2026-07-21 02:30:00+03:00,PARTIAL,12.444029850746269,Favorable,12.444029850746269,Favorable,12.5,Favorable,12.444029850746269,Favorable
2026-07-21 02:35:00+03:00,PARTIAL,12.444029850746269,Favorable,12.444029850746269,Favorable,12.5,Favorable,12.444029850746269,Favorable
2026-07-21 02:40:00+03:00,PARTIAL,12.444029850746269,Favorable,12.444029850746269,Favorable,12.5,Favorable,12.444029850746269,Favorable
2026-07-21 02:45:00+03:00,PARTIAL,12.444029850746269,Favorable,12.444029850746269,Favorable,12.5,Favorable,12.444029850746269,Favorable
2026-07-21 02:50:00+03:00,PARTIAL,12.444029850746269,Favorable,12.444029850746269,Favorable,12.5,Favorable,12.444029850746269,Favorable
2026-07-21 02:55:00+03:00,PARTIAL,12.444029850746269,Favorable,12.444029850746269,Favorable,12.5,Favorable,12.444029850746269,Favorable
2026-07-21 03:00:00+03:00,PARTIAL,12.444029850746269,Favorable,12.444029850746269,Favorable,12.5,Favorable,12.444029850746269,Favorable
2026-07-21 03:05:00+03:00,PARTIAL,12.444029850746269,Favorable,12.444029850746269,Favorable,12.5,Favorable,12.444029850746269,Favorable
2026-07-21 03:10:00+03:00,PARTIAL,12.444029850746269,Favorable,12.444029850746269,Favorable,12.5,Favorable,12.444029850746269,Favorable
2026-07-21 03:15:00+03:00,PARTIAL,12.444029850746269,Favorable,12.444029850746269,Favorable,12.5,Favorable,12.444029850746269,Favorable
2026-07-21 03:20:00+03:00,PARTIAL,12.444029850746269,Favorable,12.444029850746269,Favorable,12.5,Favorable,12.444029850746269,Favorable
2026-07-21 03:25:00+03:00,PARTIAL,12.444029850746269,Favorable,12.444029850746269,Favorable,12.5,Favorable,12.444029850746269,Favorable
2026-07-21 03:30:00+03:00,PARTIAL,12.444029850746269,Favorable,12.444029850746269,Favorable,12.5,Favorable,12.444029850746269,Favorable
2026-07-21 03:35:00+03:00,PARTIAL,12.444029850746269,Favorable,12.444029850746269,Favorable,12.5,Favorable,12.444029850746269,Favorable
2026-07-21 03:40:00+03:00,PARTIAL,12.444029850746269,Favorable,12.444029850746269,Favorable,12.5,Favorable,12.444029850746269,Favorable
2026-07-21 03:45:00+03:00,PARTIAL,12.444029850746269,Favorable,12.444029850746269,Favorable,12.5,Favorable,12.444029850746269,Favorable
2026-07-21 03:50:00+03:00,PARTIAL,12.444029850746269,Favorable,12.444029850746269,Favorable,12.5,Favorable,12.444029850746269,Favorable
2026-07-21 03:55:00+03:00,PARTIAL,12.444029850746269,Favorable,12.444029850746269,Favorable,12.5,Favorable,12.444029850746269,Favorable
2026-07-21 04:00:00+03:00,PARTIAL,12.444029850746269,Favorable,12.444029850746269,Favorable,12.5,Favorable,12.444029850746269,Favorable
2026-07-21 04:05:00+03:00,PARTIAL,12.444029850746269,Favorable,12.444029850746269,Favorable,12.5,Favorable,12.444029850746269,Favorable
2026-07-21 04:10:00+03:00,PARTIAL,12.444029850746269,Favorable,12.444029850746269,Favorable,12.5,Favorable,12.444029850746269,Favorable
2026-07-21 04:15:00+03:00,PARTIAL,12.444029850746269,Favorable,12.444029850746269,Favorable,12.5,Favorable,12.444029850746269,Favorable
2026-07-21 04:20:00+03:00,PARTIAL,12.444029850746269,Favorable,12.444029850746269,Favorable,12.5,Favorable,12.444029850746269,Favorable
2026-07-21 04:25:00+03:00,PARTIAL,12.444029850746269,Favorable,12.444029850746269,Favorable,12.5,Favorable,12.444029850746269,Favorable
2026-07-21 04:30:00+03:00,PARTIAL,12.444029850746269,Favorable,12.444029850746269,Favorable,12.5,Favorable,12.444029850746269,Favorable
2026-07-21 04:35:00+03:00,PARTIAL,12.444029850746269,Favorable,12.444029850746269,Favorable,12.5,Favorable,12.444029850746269,Favorable
2026-07-21 04:40:00+03:00,PARTIAL,12.444029850746269,Favorable,12.444029850746269,Favorable,12.5,Favorable,12.444029850746269,Favorable
2026-07-21 04:45:00+03:00,PARTIAL,12.444029850746269,Favorable,12.444029850746269,Favorable,12.5,Favorable,12.444029850746269,Favorable
2026-07-21 04:50:00+03:00,PARTIAL,12.444029850746269,Favorable,12.444029850746269,Favorable,12.5,Favorable,12.444029850746269,Favorable
2026-07-21 04:55:00+03:00,PARTIAL,12.444029850746269,Favorable,12.444029850746269,Favorable,12.5,Favorable,12.444029850746269,Favorable
2026-07-21 05:00:00+03:00,PARTIAL,12.444029850746269,Favorable,12.444029850746269,Favorable,12.5,Favorable,12.444029850746269,Favorable
2026-07-21 05:05:00+03:00,PARTIAL,12.444029850746269,Favorable,12.444029850746269,Favorable,12.5,Favorable,12.444029850746269,Favorable
2026-07-21 05:10:00+03:00,PARTIAL,12.444029850746269,Favorable,12.444029850746269,Favorable,12.5,Favorable,12.444029850746269,Favorable
2026-07-21 05:15:00+03:00,PARTIAL,12.444029850746269,Favorable,12.444029850746269,Favorable,12.5,Favorable,12.444029850746269,Favorable
2026-07-21 05:20:00+03:00,PARTIAL,12.444029850746269,Favorable,12.444029850746269,Favorable,12.5,Favorable,12.444029850746269,Favorable
2026-07-21 05:25:00+03:00,PARTIAL,12.444029850746269,Favorable,12.444029850746269,Favorable,12.5,Favorable,12.444029850746269,Favorable
2026-07-21 05:30:00+03:00,PARTIAL,12.444029850746269,Favorable,12.444029850746269,Favorable,12.5,Favorable,12.444029850746269,Favorable
2026-07-21 05:35:00+03:00,PARTIAL,12.444029850746269,Favorable,12.444029850746269,Favorable,12.5,Favorable,12.444029850746269,Favorable
2026-07-21 05:40:00+03:00,PARTIAL,12.444029850746269,Favorable,12.444029850746269,Favorable,12.5,Favorable,12.444029850746269,Favorable
2026-07-21 05:45:00+03:00,PARTIAL,12.444029850746269,Favorable,12.444029850746269,Favorable,12.5,Favorable,12.444029850746269,Favorable
2026-07-21 05:50:00+03:00,PARTIAL,12.444029850746269,Favorable,12.444029850746269,Favorable,12.5,Favorable,12.444029850746269,Favorable
2026-07-21 05:55:00+03:00,PARTIAL,12.444029850746269,Favorable,12.444029850746269,Favorable,12.5,Favorable,12.444029850746269,Favorable
2026-07-21 06:00:00+03:00,PARTIAL,12.444029850746269,Favorable,12.444029850746269,Favorable,12.5,Favorable,12.444029850746269,Favorable
2026-07-21 06:05:00+03:00,PARTIAL,12.444029850746269,Favorable,12.444029850746269,Favorable,12.5,Favorable,12.444029850746269,Favorable
2026-07-21 06:10:00+03:00,PARTIAL,12.444029850746269,Favorable,12.444029850746269,Favorable,12.5,Favorable,12.444029850746269,Favorable
2026-07-21 06:15:00+03:00,PARTIAL,12.444029850746269,Favorable,12.444029850746269,Favorable,12.5,Favorable,12.444029850746269,Favorable
2026-07-21 06:20:00+03:00,PARTIAL,12.444029850746269,Favorable,12.444029850746269,Favorable,12.5,Favorable,12.444029850746269,Favorable
2026-07-21 06:25:00+03:00,PARTIAL,12.444029850746269,Favorable,12.444029850746269,Favorable,12.5,Favorable,12.444029850746269,Favorable
2026-07-21 06:30:00+03:00,PARTIAL,12.444029850746269,Favorable,12.444029850746269,Favorable,12.5,Favorable,12.444029850746269,Favorable
2026-07-21 06:35:00+03:00,PARTIAL,12.444029850746269,Favorable,12.444029850746269,Favorable,12.5,Favorable,12.444029850746269,Favorable
2026-07-21 06:40:00+03:00,PARTIAL,12.444029850746269,Favorable,12.444029850746269,Favorable,12.5,Favorable,12.444029850746269,Favorable
2026-07-21 06:45:00+03:00,PARTIAL,12.444029850746269,Favorable,12.444029850746269,Favorable,12.5,Favorable,12.444029850746269,Favorable
2026-07-21 06:50:00+03:00,PARTIAL,12.444029850746269,Favorable,12.444029850746269,Favorable,12.5,Favorable,12.444029850746269,Favorable
2026-07-21 06:55:00+03:00,PARTIAL,12.444029850746269,Favorable,12.444029850746269,Favorable,12.5,Favorable,12.444029850746269,Favorable
2026-07-21 07:00:00+03:00,PARTIAL,12.444029850746269,Favorable,12.444029850746269,Favorable,12.5,Favorable,12.444029850746269,Favorable
2026-07-21 07:05:00+03:00,PARTIAL,12.444029850746269,Favorable,12.444029850746269,Favorable,12.5,Favorable,12.444029850746269,Favorable
2026-07-21 07:10:00+03:00,PARTIAL,12.444029850746269,Favorable,12.444029850746269,Favorable,12.5,Favorable,12.444029850746269,Favorable
2026-07-21 07:15:00+03:00,PARTIAL,12.444029850746269,Favorable,12.444029850746269,Favorable,12.5,Favorable,12.444029850746269,Favorable
2026-07-21 07:20:00+03:00,PARTIAL,12.444029850746269,Favorable,12.444029850746269,Favorable,12.5,Favorable,12.444029850746269,Favorable
2026-07-21 07:25:00+03:00,PARTIAL,12.444029850746269,Favorable,12.444029850746269,Favorable,12.5,Favorable,12.444029850746269,Favorable
2026-07-21 07:30:00+03:00,PARTIAL,12.444029850746269,Favorable,12.444029850746269,Favorable,12.5,Favorable,12.444029850746269,Favorable
2026-07-21 07:35:00+03:00,PARTIAL,12.444029850746269,Favorable,12.444029850746269,Favorable,12.5,Favorable,12.444029850746269,Favorable
2026-07-21 07:40:00+03:00,PARTIAL,12.444029850746269,Favorable,12.444029850746269,Favorable,12.5,Favorable,12.444029850746269,Favorable
2026-07-21 07:45:00+03:00,PARTIAL,12.444029850746269,Favorable,12.444029850746269,Favorable,12.5,Favorable,12.444029850746269,Favorable
2026-07-21 07:50:00+03:00,PARTIAL,12.444029850746269,Favorable,12.444029850746269,Favorable,12.5,Favorable,12.444029850746269,Favorable
2026-07-21 07:55:00+03:00,PARTIAL,12.444029850746269,Favorable,12.444029850746269,Favorable,12.5,Favorable,12.444029850746269,Favorable
2026-07-21 08:00:00+03:00,PARTIAL,12.444029850746269,Favorable,12.444029850746269,Favorable,12.5,Favorable,12.444029850746269,Favorable
2026-07-21 08:05:00+03:00,PARTIAL,12.444029850746269,Favorable,12.444029850746269,Favorable,12.5,Favorable,12.444029850746269,Favorable
2026-07-21 08:10:00+03:00,PARTIAL,12.444029850746269,Favorable,12.444029850746269,Favorable,12.5,Favorable,12.444029850746269,Favorable
2026-07-21 08:15:00+03:00,PARTIAL,12.444029850746269,Favorable,12.444029850746269,Favorable,12.5,Favorable,12.444029850746269,Favorable
2026-07-21 08:20:00+03:00,PARTIAL,12.444029850746269,Favorable,12.444029850746269,Favorable,12.5,Favorable,12.444029850746269,Favorable
2026-07-21 08:25:00+03:00,PARTIAL,12.444029850746269,Favorable,12.444029850746269,Favorable,12.5,Favorable,12.444029850746269,Favorable
2026-07-21 08:30:00+03:00,PARTIAL,12.444029850746269,Favorable,12.444029850746269,Favorable,12.5,Favorable,12.444029850746269,Favorable
2026-07-21 08:35:00+03:00,PARTIAL,12.444029850746269,Favorable,12.444029850746269,Favorable,12.5,Favorable,12.444029850746269,Favorable
2026-07-21 08:40:00+03:00,FAILED,,,12.444029850746269,Favorable,12.5,Favorable,12.444029850746269,Favorable
2026-07-21 08:45:00+03:00,FAILED,,,12.444029850746269,Favorable,12.5,Favorable,12.444029850746269,Favorable
2026-07-21 08:50:00+03:00,FAILED,,,12.444029850746269,Favorable,12.5,Favorable,12.444029850746269,Favorable
2026-07-21 08:55:00+03:00,FAILED,,,12.444029850746269,Favorable,12.5,Favorable,12.444029850746269,Favorable
2026-07-21 09:00:00+03:00,FAILED,,,12.444029850746269,Favorable,12.5,Favorable,12.444029850746269,Favorable
2026-07-21 09:05:00+03:00,FAILED,,,12.444029850746269,Favorable,12.5,Favorable,12.444029850746269,Favorable
2026-07-21 09:10:00+03:00,FAILED,,,12.444029850746269,Favorable,12.5,Favorable,12.444029850746269,Favorable
2026-07-21 09:15:00+03:00,PARTIAL,12.444029850746269,Favorable,12.444029850746269,Favorable,12.5,Favorable,12.444029850746269,Favorable
2026-07-21 09:20:00+03:00,PARTIAL,12.444029850746269,Favorable,12.444029850746269,Favorable,12.5,Favorable,12.444029850746269,Favorable
2026-07-21 09:25:00+03:00,PARTIAL,12.444029850746269,Favorable,12.444029850746269,Favorable,12.5,Favorable,12.444029850746269,Favorable
2026-07-21 09:30:00+03:00,PARTIAL,12.444029850746269,Favorable,12.444029850746269,Favorable,12.5,Favorable,12.444029850746269,Favorable
2026-07-21 09:35:00+03:00,PARTIAL,12.444029850746269,Favorable,12.444029850746269,Favorable,12.5,Favorable,12.444029850746269,Favorable
2026-07-21 09:40:00+03:00,PARTIAL,12.444029850746269,Favorable,12.444029850746269,Favorable,12.5,Favorable,12.444029850746269,Favorable
2026-07-21 09:45:00+03:00,PARTIAL,12.444029850746269,Favorable,12.444029850746269,Favorable,12.5,Favorable,12.444029850746269,Favorable
2026-07-21 09:50:00+03:00,PARTIAL,12.444029850746269,Favorable,12.444029850746269,Favorable,12.5,Favorable,12.444029850746269,Favorable
2026-07-21 09:55:00+03:00,PARTIAL,37.5,Acceptable,37.5,Acceptable,37.5,Acceptable,24.972014925373134,Favorable
2026-07-21 10:00:00+03:00,PARTIAL,37.5,Acceptable,37.5,Acceptable,37.5,Acceptable,24.972014925373134,Favorable
2026-07-21 10:05:00+03:00,PARTIAL,37.5,Acceptable,37.5,Acceptable,37.5,Acceptable,24.972014925373134,Favorable
2026-07-21 10:10:00+03:00,PARTIAL,31.81397748903028,Acceptable,31.81397748903028,Acceptable,37.5,Acceptable,22.129003669888274,Favorable
2026-07-21 10:15:00+03:00,PARTIAL,22.641005291005296,Favorable,22.641005291005296,Favorable,12.5,Favorable,17.54251757087578,Favorable
2026-07-21 10:20:00+03:00,PARTIAL,17.428057312304183,Favorable,17.428057312304183,Favorable,12.5,Favorable,14.936043581525226,Favorable
2026-07-21 10:25:00+03:00,PARTIAL,12.444029850746269,Favorable,12.444029850746269,Favorable,12.5,Favorable,12.444029850746269,Favorable
2026-07-21 10:30:00+03:00,PARTIAL,12.444029850746269,Favorable,12.444029850746269,Favorable,12.5,Favorable,12.444029850746269,Favorable
2026-07-21 10:35:00+03:00,PARTIAL,12.444029850746269,Favorable,12.444029850746269,Favorable,12.5,Favorable,12.444029850746269,Favorable
2026-07-21 10:40:00+03:00,PARTIAL,87.39585698667007,Critical,87.53094719349029,Critical,87.5,Critical,54.26649695278835,Degraded
2026-07-21 10:45:00+03:00,PARTIAL,87.53568251568544,Critical,87.53568251568544,Critical,87.5,Critical,62.51784125784272,Degraded
2026-07-21 10:50:00+03:00,PARTIAL,87.38194878633458,Critical,87.38194878633458,Critical,87.5,Critical,62.44097439316729,Degraded
2026-07-21 10:55:00+03:00,PARTIAL,70.61821521816121,Degraded,70.5483050771459,Degraded,62.5,Degraded,45.9193468366535,Acceptable
2026-07-21 11:00:00+03:00,PARTIAL,37.5,Acceptable,37.5,Acceptable,37.5,Acceptable,24.972014925373134,Favorable
2026-07-21 11:05:00+03:00,PARTIAL,12.444029850746269,Favorable,12.444029850746269,Favorable,12.5,Favorable,12.444029850746269,Favorable
2026-07-21 11:10:00+03:00,PARTIAL,12.444029850746269,Favorable,12.444029850746269,Favorable,12.5,Favorable,12.444029850746269,Favorable
2026-07-21 11:15:00+03:00,PARTIAL,12.444029850746269,Favorable,12.444029850746269,Favorable,12.5,Favorable,12.444029850746269,Favorable
2026-07-21 11:20:00+03:00,PARTIAL,12.444029850746269,Favorable,12.444029850746269,Favorable,12.5,Favorable,12.444029850746269,Favorable
2026-07-21 11:25:00+03:00,PARTIAL,12.444029850746269,Favorable,12.444029850746269,Favorable,12.5,Favorable,12.444029850746269,Favorable
2026-07-21 11:30:00+03:00,PARTIAL,12.444029850746269,Favorable,12.444029850746269,Favorable,12.5,Favorable,12.444029850746269,Favorable
2026-07-21 11:35:00+03:00,PARTIAL,12.444029850746269,Favorable,12.444029850746269,Favorable,12.5,Favorable,12.444029850746269,Favorable
2026-07-21 11:40:00+03:00,PARTIAL,12.444029850746269,Favorable,12.444029850746269,Favorable,12.5,Favorable,12.444029850746269,Favorable
2026-07-21 11:45:00+03:00,PARTIAL,12.444029850746269,Favorable,12.444029850746269,Favorable,12.5,Favorable,12.444029850746269,Favorable
2026-07-21 11:50:00+03:00,PARTIAL,12.444029850746269,Favorable,12.444029850746269,Favorable,12.5,Favorable,12.444029850746269,Favorable
2026-07-21 11:55:00+03:00,PARTIAL,12.444029850746269,Favorable,12.444029850746269,Favorable,12.5,Favorable,12.444029850746269,Favorable
2026-07-21 12:00:00+03:00,PARTIAL,12.444029850746269,Favorable,12.444029850746269,Favorable,12.5,Favorable,12.444029850746269,Favorable
2026-07-21 12:05:00+03:00,PARTIAL,12.444029850746269,Favorable,12.444029850746269,Favorable,12.5,Favorable,12.444029850746269,Favorable
2026-07-21 12:10:00+03:00,PARTIAL,12.444029850746269,Favorable,12.444029850746269,Favorable,12.5,Favorable,12.444029850746269,Favorable
2026-07-21 12:15:00+03:00,PARTIAL,12.444029850746269,Favorable,12.444029850746269,Favorable,12.5,Favorable,12.444029850746269,Favorable
2026-07-21 12:20:00+03:00,PARTIAL,12.444029850746269,Favorable,12.444029850746269,Favorable,12.5,Favorable,12.444029850746269,Favorable
2026-07-21 12:25:00+03:00,PARTIAL,12.444029850746269,Favorable,12.444029850746269,Favorable,12.5,Favorable,12.444029850746269,Favorable
2026-07-21 12:30:00+03:00,PARTIAL,12.444029850746269,Favorable,12.444029850746269,Favorable,12.5,Favorable,12.444029850746269,Favorable
2026-07-21 12:35:00+03:00,PARTIAL,12.444029850746269,Favorable,12.444029850746269,Favorable,12.5,Favorable,12.444029850746269,Favorable
2026-07-21 12:40:00+03:00,PARTIAL,12.444029850746269,Favorable,12.444029850746269,Favorable,12.5,Favorable,12.444029850746269,Favorable
2026-07-21 12:45:00+03:00,PARTIAL,12.444029850746269,Favorable,12.444029850746269,Favorable,12.5,Favorable,12.444029850746269,Favorable
2026-07-21 12:50:00+03:00,PARTIAL,12.444029850746269,Favorable,12.444029850746269,Favorable,12.5,Favorable,12.444029850746269,Favorable
2026-07-21 12:55:00+03:00,PARTIAL,12.444029850746269,Favorable,12.444029850746269,Favorable,12.5,Favorable,12.444029850746269,Favorable
2026-07-21 13:00:00+03:00,PARTIAL,12.444029850746269,Favorable,12.444029850746269,Favorable,12.5,Favorable,12.444029850746269,Favorable
2026-07-21 13:05:00+03:00,PARTIAL,12.444029850746269,Favorable,12.444029850746269,Favorable,12.5,Favorable,12.444029850746269,Favorable
2026-07-21 13:10:00+03:00,PARTIAL,12.444029850746269,Favorable,12.444029850746269,Favorable,12.5,Favorable,12.444029850746269,Favorable
2026-07-21 13:15:00+03:00,PARTIAL,12.444029850746269,Favorable,12.444029850746269,Favorable,12.5,Favorable,12.444029850746269,Favorable
2026-07-21 13:20:00+03:00,PARTIAL,12.444029850746269,Favorable,12.444029850746269,Favorable,12.5,Favorable,12.444029850746269,Favorable
2026-07-21 13:25:00+03:00,PARTIAL,12.444029850746269,Favorable,12.444029850746269,Favorable,12.5,Favorable,12.444029850746269,Favorable
2026-07-21 13:30:00+03:00,PARTIAL,12.444029850746269,Favorable,12.444029850746269,Favorable,12.5,Favorable,12.444029850746269,Favorable
2026-07-21 13:35:00+03:00,PARTIAL,12.444029850746269,Favorable,12.444029850746269,Favorable,12.5,Favorable,12.444029850746269,Favorable
2026-07-21 13:40:00+03:00,PARTIAL,12.444029850746269,Favorable,12.444029850746269,Favorable,12.5,Favorable,12.444029850746269,Favorable
2026-07-21 13:45:00+03:00,PARTIAL,12.444029850746269,Favorable,12.444029850746269,Favorable,12.5,Favorable,12.444029850746269,Favorable
2026-07-21 13:50:00+03:00,PARTIAL,12.444029850746269,Favorable,12.444029850746269,Favorable,12.5,Favorable,12.444029850746269,Favorable
2026-07-21 13:55:00+03:00,PARTIAL,12.444029850746269,Favorable,12.444029850746269,Favorable,12.5,Favorable,12.444029850746269,Favorable
2026-07-21 14:00:00+03:00,PARTIAL,12.444029850746269,Favorable,12.444029850746269,Favorable,12.5,Favorable,12.444029850746269,Favorable
2026-07-21 14:05:00+03:00,PARTIAL,12.444029850746269,Favorable,12.444029850746269,Favorable,12.5,Favorable,12.444029850746269,Favorable
2026-07-21 14:10:00+03:00,PARTIAL,12.444029850746269,Favorable,12.444029850746269,Favorable,12.5,Favorable,12.444029850746269,Favorable
2026-07-21 14:15:00+03:00,PARTIAL,12.444029850746269,Favorable,12.444029850746269,Favorable,12.5,Favorable,12.444029850746269,Favorable
2026-07-21 14:20:00+03:00,PARTIAL,12.444029850746269,Favorable,12.444029850746269,Favorable,12.5,Favorable,12.444029850746269,Favorable
2026-07-21 14:25:00+03:00,PARTIAL,12.444029850746269,Favorable,12.444029850746269,Favorable,12.5,Favorable,12.444029850746269,Favorable
2026-07-21 14:30:00+03:00,PARTIAL,12.444029850746269,Favorable,12.444029850746269,Favorable,12.5,Favorable,12.444029850746269,Favorable
2026-07-21 14:35:00+03:00,PARTIAL,12.444029850746269,Favorable,12.444029850746269,Favorable,12.5,Favorable,12.444029850746269,Favorable
2026-07-21 14:40:00+03:00,PARTIAL,12.444029850746269,Favorable,12.444029850746269,Favorable,12.5,Favorable,12.444029850746269,Favorable
2026-07-21 14:45:00+03:00,PARTIAL,12.444029850746269,Favorable,12.444029850746269,Favorable,12.5,Favorable,12.444029850746269,Favorable
2026-07-21 14:50:00+03:00,PARTIAL,12.444029850746269,Favorable,12.444029850746269,Favorable,12.5,Favorable,12.444029850746269,Favorable
2026-07-21 14:55:00+03:00,PARTIAL,12.444029850746269,Favorable,12.444029850746269,Favorable,12.5,Favorable,12.444029850746269,Favorable
2026-07-21 15:00:00+03:00,PARTIAL,12.444029850746269,Favorable,12.444029850746269,Favorable,12.5,Favorable,12.444029850746269,Favorable
2026-07-21 15:05:00+03:00,PARTIAL,12.444029850746269,Favorable,12.444029850746269,Favorable,12.5,Favorable,12.444029850746269,Favorable
2026-07-21 15:10:00+03:00,PARTIAL,12.444029850746269,Favorable,12.444029850746269,Favorable,12.5,Favorable,12.444029850746269,Favorable
2026-07-21 15:15:00+03:00,PARTIAL,12.444029850746269,Favorable,12.444029850746269,Favorable,12.5,Favorable,12.444029850746269,Favorable
2026-07-21 15:20:00+03:00,PARTIAL,12.444029850746269,Favorable,12.444029850746269,Favorable,12.5,Favorable,12.444029850746269,Favorable
2026-07-21 15:25:00+03:00,PARTIAL,12.444029850746269,Favorable,12.444029850746269,Favorable,12.5,Favorable,12.444029850746269,Favorable
2026-07-21 15:30:00+03:00,PARTIAL,12.444029850746269,Favorable,12.444029850746269,Favorable,12.5,Favorable,12.444029850746269,Favorable
2026-07-21 15:35:00+03:00,PARTIAL,12.444029850746269,Favorable,12.444029850746269,Favorable,12.5,Favorable,12.444029850746269,Favorable
2026-07-21 15:40:00+03:00,PARTIAL,12.444029850746269,Favorable,12.444029850746269,Favorable,12.5,Favorable,12.444029850746269,Favorable
2026-07-21 15:45:00+03:00,PARTIAL,12.444029850746269,Favorable,12.444029850746269,Favorable,12.5,Favorable,12.444029850746269,Favorable
2026-07-21 15:50:00+03:00,PARTIAL,12.444029850746269,Favorable,12.444029850746269,Favorable,12.5,Favorable,12.444029850746269,Favorable
2026-07-21 15:55:00+03:00,PARTIAL,12.444029850746269,Favorable,12.444029850746269,Favorable,12.5,Favorable,12.444029850746269,Favorable
2026-07-21 16:00:00+03:00,PARTIAL,12.444029850746269,Favorable,12.444029850746269,Favorable,12.5,Favorable,12.444029850746269,Favorable
2026-07-21 16:05:00+03:00,PARTIAL,12.444029850746269,Favorable,12.444029850746269,Favorable,12.5,Favorable,12.444029850746269,Favorable
2026-07-21 16:10:00+03:00,PARTIAL,12.444029850746269,Favorable,12.444029850746269,Favorable,12.5,Favorable,12.444029850746269,Favorable
2026-07-21 16:15:00+03:00,PARTIAL,12.444029850746269,Favorable,12.444029850746269,Favorable,12.5,Favorable,12.444029850746269,Favorable
2026-07-21 16:20:00+03:00,PARTIAL,12.444029850746269,Favorable,12.444029850746269,Favorable,12.5,Favorable,12.444029850746269,Favorable
2026-07-21 16:25:00+03:00,PARTIAL,12.444029850746269,Favorable,12.444029850746269,Favorable,12.5,Favorable,12.444029850746269,Favorable
2026-07-21 16:30:00+03:00,PARTIAL,12.444029850746269,Favorable,12.444029850746269,Favorable,12.5,Favorable,12.444029850746269,Favorable
2026-07-21 16:35:00+03:00,PARTIAL,12.444029850746269,Favorable,12.444029850746269,Favorable,12.5,Favorable,12.444029850746269,Favorable
2026-07-21 16:40:00+03:00,PARTIAL,12.444029850746269,Favorable,12.444029850746269,Favorable,12.5,Favorable,12.444029850746269,Favorable
2026-07-21 16:45:00+03:00,PARTIAL,12.444029850746269,Favorable,12.444029850746269,Favorable,12.5,Favorable,12.444029850746269,Favorable
2026-07-21 16:50:00+03:00,PARTIAL,12.444029850746269,Favorable,12.444029850746269,Favorable,12.5,Favorable,12.444029850746269,Favorable
2026-07-21 16:55:00+03:00,PARTIAL,12.444029850746269,Favorable,12.444029850746269,Favorable,12.5,Favorable,12.444029850746269,Favorable
2026-07-21 17:00:00+03:00,PARTIAL,12.444029850746269,Favorable,12.444029850746269,Favorable,12.5,Favorable,12.444029850746269,Favorable
2026-07-21 17:05:00+03:00,PARTIAL,12.444029850746269,Favorable,12.444029850746269,Favorable,12.5,Favorable,12.444029850746269,Favorable
2026-07-21 17:10:00+03:00,PARTIAL,12.444029850746269,Favorable,12.444029850746269,Favorable,12.5,Favorable,12.444029850746269,Favorable
2026-07-21 17:15:00+03:00,PARTIAL,12.444029850746269,Favorable,12.444029850746269,Favorable,12.5,Favorable,12.444029850746269,Favorable
2026-07-21 17:20:00+03:00,PARTIAL,12.444029850746269,Favorable,12.444029850746269,Favorable,12.5,Favorable,12.444029850746269,Favorable
2026-07-21 17:25:00+03:00,PARTIAL,12.444029850746269,Favorable,12.444029850746269,Favorable,12.5,Favorable,12.444029850746269,Favorable
2026-07-21 17:30:00+03:00,PARTIAL,12.444029850746269,Favorable,12.444029850746269,Favorable,12.5,Favorable,12.444029850746269,Favorable
2026-07-21 17:35:00+03:00,PARTIAL,12.444029850746269,Favorable,12.444029850746269,Favorable,12.5,Favorable,12.444029850746269,Favorable
2026-07-21 17:40:00+03:00,PARTIAL,12.444029850746269,Favorable,12.444029850746269,Favorable,12.5,Favorable,12.444029850746269,Favorable
2026-07-21 17:45:00+03:00,PARTIAL,12.444029850746269,Favorable,12.444029850746269,Favorable,12.5,Favorable,12.444029850746269,Favorable
2026-07-21 17:50:00+03:00,PARTIAL,12.444029850746269,Favorable,12.444029850746269,Favorable,12.5,Favorable,12.444029850746269,Favorable
2026-07-21 17:55:00+03:00,PARTIAL,12.444029850746269,Favorable,12.444029850746269,Favorable,12.5,Favorable,12.444029850746269,Favorable
2026-07-21 18:00:00+03:00,PARTIAL,12.444029850746269,Favorable,12.444029850746269,Favorable,12.5,Favorable,12.444029850746269,Favorable
2026-07-21 18:05:00+03:00,PARTIAL,12.444029850746269,Favorable,12.444029850746269,Favorable,12.5,Favorable,12.444029850746269,Favorable
2026-07-21 18:10:00+03:00,PARTIAL,12.444029850746269,Favorable,12.444029850746269,Favorable,12.5,Favorable,12.444029850746269,Favorable
2026-07-21 18:15:00+03:00,PARTIAL,12.444029850746269,Favorable,12.444029850746269,Favorable,12.5,Favorable,12.444029850746269,Favorable
2026-07-21 18:20:00+03:00,PARTIAL,12.444029850746269,Favorable,12.444029850746269,Favorable,12.5,Favorable,12.444029850746269,Favorable
2026-07-21 18:25:00+03:00,PARTIAL,12.444029850746269,Favorable,12.444029850746269,Favorable,12.5,Favorable,12.444029850746269,Favorable
2026-07-21 18:30:00+03:00,PARTIAL,12.444029850746269,Favorable,12.444029850746269,Favorable,12.5,Favorable,12.444029850746269,Favorable
2026-07-21 18:35:00+03:00,PARTIAL,12.444029850746269,Favorable,12.444029850746269,Favorable,12.5,Favorable,12.444029850746269,Favorable
2026-07-21 18:40:00+03:00,PARTIAL,12.444029850746269,Favorable,12.444029850746269,Favorable,12.5,Favorable,12.444029850746269,Favorable
2026-07-21 18:45:00+03:00,PARTIAL,12.444029850746269,Favorable,12.444029850746269,Favorable,12.5,Favorable,12.444029850746269,Favorable
2026-07-21 18:50:00+03:00,PARTIAL,12.444029850746269,Favorable,12.444029850746269,Favorable,12.5,Favorable,12.444029850746269,Favorable
2026-07-21 18:55:00+03:00,PARTIAL,12.444029850746269,Favorable,12.444029850746269,Favorable,12.5,Favorable,12.444029850746269,Favorable
2026-07-21 19:00:00+03:00,PARTIAL,12.444029850746269,Favorable,12.444029850746269,Favorable,12.5,Favorable,12.444029850746269,Favorable
2026-07-21 19:05:00+03:00,PARTIAL,12.444029850746269,Favorable,12.444029850746269,Favorable,12.5,Favorable,12.444029850746269,Favorable
2026-07-21 19:10:00+03:00,PARTIAL,12.444029850746269,Favorable,12.444029850746269,Favorable,12.5,Favorable,12.444029850746269,Favorable
2026-07-21 19:15:00+03:00,PARTIAL,12.444029850746269,Favorable,12.444029850746269,Favorable,12.5,Favorable,12.444029850746269,Favorable
2026-07-21 19:20:00+03:00,PARTIAL,12.444029850746269,Favorable,12.444029850746269,Favorable,12.5,Favorable,12.444029850746269,Favorable
2026-07-21 19:25:00+03:00,PARTIAL,12.444029850746269,Favorable,12.444029850746269,Favorable,12.5,Favorable,12.444029850746269,Favorable
2026-07-21 19:30:00+03:00,PARTIAL,12.444029850746269,Favorable,12.444029850746269,Favorable,12.5,Favorable,12.444029850746269,Favorable
2026-07-21 19:35:00+03:00,PARTIAL,12.444029850746269,Favorable,12.444029850746269,Favorable,12.5,Favorable,12.444029850746269,Favorable
2026-07-21 19:40:00+03:00,PARTIAL,12.444029850746269,Favorable,12.444029850746269,Favorable,12.5,Favorable,12.444029850746269,Favorable
2026-07-21 19:45:00+03:00,PARTIAL,12.444029850746269,Favorable,12.444029850746269,Favorable,12.5,Favorable,12.444029850746269,Favorable
2026-07-21 19:50:00+03:00,PARTIAL,12.444029850746269,Favorable,12.444029850746269,Favorable,12.5,Favorable,12.444029850746269,Favorable
2026-07-21 19:55:00+03:00,PARTIAL,12.444029850746269,Favorable,12.444029850746269,Favorable,12.5,Favorable,12.444029850746269,Favorable
2026-07-21 20:00:00+03:00,PARTIAL,12.444029850746269,Favorable,12.444029850746269,Favorable,12.5,Favorable,12.444029850746269,Favorable
2026-07-21 20:05:00+03:00,PARTIAL,12.444029850746269,Favorable,12.444029850746269,Favorable,12.5,Favorable,12.444029850746269,Favorable
2026-07-21 20:10:00+03:00,PARTIAL,12.444029850746269,Favorable,12.444029850746269,Favorable,12.5,Favorable,12.444029850746269,Favorable
2026-07-21 20:15:00+03:00,PARTIAL,12.444029850746269,Favorable,12.444029850746269,Favorable,12.5,Favorable,12.444029850746269,Favorable
2026-07-21 20:20:00+03:00,PARTIAL,12.444029850746269,Favorable,12.444029850746269,Favorable,12.5,Favorable,12.444029850746269,Favorable
2026-07-21 20:25:00+03:00,PARTIAL,12.444029850746269,Favorable,12.444029850746269,Favorable,12.5,Favorable,12.444029850746269,Favorable
2026-07-21 20:30:00+03:00,PARTIAL,12.444029850746269,Favorable,12.444029850746269,Favorable,12.5,Favorable,12.444029850746269,Favorable
2026-07-21 20:35:00+03:00,PARTIAL,12.444029850746269,Favorable,12.444029850746269,Favorable,12.5,Favorable,12.444029850746269,Favorable
2026-07-21 20:40:00+03:00,PARTIAL,12.444029850746269,Favorable,12.444029850746269,Favorable,12.5,Favorable,12.444029850746269,Favorable
2026-07-21 20:45:00+03:00,PARTIAL,12.444029850746269,Favorable,12.444029850746269,Favorable,12.5,Favorable,12.444029850746269,Favorable
2026-07-21 20:50:00+03:00,PARTIAL,12.444029850746269,Favorable,12.444029850746269,Favorable,12.5,Favorable,12.444029850746269,Favorable
2026-07-21 20:55:00+03:00,PARTIAL,12.444029850746269,Favorable,12.444029850746269,Favorable,12.5,Favorable,12.444029850746269,Favorable
2026-07-21 21:00:00+03:00,PARTIAL,14.344745458198894,Favorable,14.344745458198894,Favorable,12.5,Favorable,13.394387654472581,Favorable
2026-07-21 21:05:00+03:00,PARTIAL,37.5,Acceptable,37.5,Acceptable,37.5,Acceptable,24.972014925373134,Favorable
2026-07-21 21:10:00+03:00,PARTIAL,37.5,Acceptable,37.5,Acceptable,37.5,Acceptable,24.972014925373134,Favorable
2026-07-21 21:15:00+03:00,PARTIAL,37.5,Acceptable,37.5,Acceptable,37.5,Acceptable,24.972014925373134,Favorable
2026-07-21 21:20:00+03:00,PARTIAL,37.5,Acceptable,37.5,Acceptable,37.5,Acceptable,24.972014925373134,Favorable
2026-07-21 21:25:00+03:00,PARTIAL,87.31550213005976,Critical,87.31550213005976,Critical,87.5,Critical,62.40775106502988,Degraded
2026-07-21 21:30:00+03:00,PARTIAL,87.38678462069265,Critical,87.44545068720744,Critical,87.5,Critical,58.17188355548416,Degraded
2026-07-21 21:35:00+03:00,PARTIAL,87.40611665747943,Critical,87.55597014925372,Critical,87.5,Critical,54.02062071438912,Degraded
2026-07-21 21:40:00+03:00,PARTIAL,87.48924406915965,Critical,87.55597014925372,Critical,87.5,Critical,51.807682341427096,Degraded
2026-07-21 21:45:00+03:00,PARTIAL,87.52414864689887,Critical,87.55597014925372,Critical,87.5,Critical,50.90682485872656,Degraded
2026-07-21 21:50:00+03:00,PARTIAL,87.54055518240517,Critical,87.55597014925372,Critical,87.5,Critical,50.45543893676469,Degraded
2026-07-21 21:55:00+03:00,PARTIAL,87.55268069384908,Critical,87.55597014925372,Critical,87.5,Critical,50.09990309374594,Degraded
2026-07-21 22:00:00+03:00,PARTIAL,87.52763853290085,Critical,87.55597014925372,Critical,87.5,Critical,50.81351085835428,Degraded
2026-07-21 22:05:00+03:00,PARTIAL,87.45018450184502,Critical,87.55597014925372,Critical,87.5,Critical,52.85497724142113,Degraded
2026-07-21 22:10:00+03:00,PARTIAL,48.8963783843635,Acceptable,48.8963783843635,Acceptable,37.5,Acceptable,36.392148627807856,Acceptable
2026-07-21 22:15:00+03:00,PARTIAL,30.274116657980414,Acceptable,30.274116657980414,Acceptable,37.5,Acceptable,21.35907325436334,Favorable
2026-07-21 22:20:00+03:00,PARTIAL,35.28768255881265,Acceptable,35.28768255881265,Acceptable,37.5,Acceptable,23.86585620477946,Favorable
2026-07-21 22:25:00+03:00,PARTIAL,37.5,Acceptable,37.5,Acceptable,37.5,Acceptable,37.5,Acceptable
2026-07-21 22:30:00+03:00,PARTIAL,38.81467557572728,Acceptable,38.81467557572728,Acceptable,37.5,Acceptable,38.15733778786364,Acceptable
2026-07-21 22:35:00+03:00,PARTIAL,40.720437481519426,Acceptable,40.720437481519426,Acceptable,37.5,Acceptable,39.11021874075971,Acceptable
2026-07-21 22:40:00+03:00,PARTIAL,37.07038083047022,Acceptable,37.07038083047022,Acceptable,37.5,Acceptable,24.757205340608245,Favorable
2026-07-21 22:45:00+03:00,PARTIAL,33.110826875952036,Acceptable,33.110826875952036,Acceptable,37.5,Acceptable,22.777428363349152,Favorable
2026-07-21 22:50:00+03:00,PARTIAL,30.895688965649068,Acceptable,30.895688965649068,Acceptable,37.5,Acceptable,21.669859408197667,Favorable
2026-07-21 22:55:00+03:00,PARTIAL,27.960510053463096,Acceptable,27.960510053463096,Acceptable,37.5,Acceptable,20.202269952104682,Favorable
2026-07-21 23:00:00+03:00,PARTIAL,24.80825984714872,Favorable,24.80825984714872,Favorable,12.5,Favorable,18.626144848947494,Favorable
2026-07-21 23:05:00+03:00,PARTIAL,23.81666666666666,Favorable,23.81666666666666,Favorable,12.5,Favorable,18.130348258706462,Favorable
2026-07-21 23:10:00+03:00,PARTIAL,25.65282556900637,Acceptable,25.65282556900637,Acceptable,37.5,Acceptable,19.04842770987632,Favorable
2026-07-21 23:15:00+03:00,PARTIAL,29.255146197728028,Acceptable,29.255146197728028,Acceptable,37.5,Acceptable,20.84958802423715,Favorable
2026-07-21 23:20:00+03:00,PARTIAL,37.394011026681156,Acceptable,37.394011026681156,Acceptable,37.5,Acceptable,24.919020438713712,Favorable
2026-07-21 23:25:00+03:00,PARTIAL,37.5,Acceptable,37.5,Acceptable,37.5,Acceptable,24.972014925373134,Favorable
2026-07-21 23:30:00+03:00,PARTIAL,37.5,Acceptable,37.5,Acceptable,37.5,Acceptable,24.972014925373134,Favorable
2026-07-21 23:35:00+03:00,PARTIAL,37.5,Acceptable,37.5,Acceptable,37.5,Acceptable,24.972014925373134,Favorable
2026-07-21 23:40:00+03:00,PARTIAL,40.85052914734718,Acceptable,40.85052914734718,Acceptable,37.5,Acceptable,26.647279499046725,Acceptable
2026-07-21 23:45:00+03:00,PARTIAL,53.237584971995474,Degraded,53.237584971995474,Degraded,62.5,Degraded,32.840807411370875,Acceptable
2026-07-21 23:50:00+03:00,PARTIAL,53.03823501916423,Degraded,53.03823501916423,Degraded,62.5,Degraded,32.74113243495525,Acceptable
2026-07-21 23:55:00+03:00,PARTIAL,37.5,Acceptable,37.5,Acceptable,37.5,Acceptable,24.972014925373134,Favorable
2026-07-22 00:00:00+03:00,PARTIAL,37.5,Acceptable,37.5,Acceptable,37.5,Acceptable,24.972014925373134,Favorable
2026-07-22 00:05:00+03:00,PARTIAL,34.347210871300675,Acceptable,34.347210871300675,Acceptable,37.5,Acceptable,23.39562036102347,Favorable
2026-07-22 00:10:00+03:00,PARTIAL,25.28234454441554,Acceptable,25.28234454441554,Acceptable,37.5,Acceptable,18.863187197580906,Favorable
2026-07-22 00:15:00+03:00,PARTIAL,17.513502763602922,Favorable,17.513502763602922,Favorable,12.5,Favorable,14.978766307174595,Favorable
2026-07-22 00:20:00+03:00,PARTIAL,12.444029850746269,Favorable,12.444029850746269,Favorable,12.5,Favorable,12.444029850746269,Favorable
2026-07-22 00:25:00+03:00,PARTIAL,12.444029850746269,Favorable,12.444029850746269,Favorable,12.5,Favorable,12.444029850746269,Favorable
2026-07-22 00:30:00+03:00,PARTIAL,12.444029850746269,Favorable,12.444029850746269,Favorable,12.5,Favorable,12.444029850746269,Favorable
2026-07-22 00:35:00+03:00,PARTIAL,12.444029850746269,Favorable,12.444029850746269,Favorable,12.5,Favorable,12.444029850746269,Favorable
2026-07-22 00:40:00+03:00,PARTIAL,12.444029850746269,Favorable,12.444029850746269,Favorable,12.5,Favorable,12.444029850746269,Favorable
2026-07-22 00:45:00+03:00,PARTIAL,12.444029850746269,Favorable,12.444029850746269,Favorable,12.5,Favorable,12.444029850746269,Favorable
2026-07-22 00:50:00+03:00,PARTIAL,12.444029850746269,Favorable,12.444029850746269,Favorable,12.5,Favorable,12.444029850746269,Favorable
2026-07-22 00:55:00+03:00,PARTIAL,12.444029850746269,Favorable,12.444029850746269,Favorable,12.5,Favorable,12.444029850746269,Favorable
2026-07-22 01:00:00+03:00,PARTIAL,12.444029850746269,Favorable,12.444029850746269,Favorable,12.5,Favorable,12.444029850746269,Favorable
2026-07-22 01:05:00+03:00,PARTIAL,12.444029850746269,Favorable,12.444029850746269,Favorable,12.5,Favorable,12.444029850746269,Favorable
2026-07-22 01:10:00+03:00,PARTIAL,12.444029850746269,Favorable,12.444029850746269,Favorable,12.5,Favorable,12.444029850746269,Favorable
2026-07-22 01:15:00+03:00,PARTIAL,12.444029850746269,Favorable,12.444029850746269,Favorable,12.5,Favorable,12.444029850746269,Favorable
2026-07-22 01:20:00+03:00,PARTIAL,12.444029850746269,Favorable,12.444029850746269,Favorable,12.5,Favorable,12.444029850746269,Favorable
2026-07-22 01:25:00+03:00,PARTIAL,12.444029850746269,Favorable,12.444029850746269,Favorable,12.5,Favorable,12.444029850746269,Favorable
2026-07-22 01:30:00+03:00,PARTIAL,12.444029850746269,Favorable,12.444029850746269,Favorable,12.5,Favorable,12.444029850746269,Favorable
2026-07-22 01:35:00+03:00,PARTIAL,12.444029850746269,Favorable,12.444029850746269,Favorable,12.5,Favorable,12.444029850746269,Favorable
2026-07-22 01:40:00+03:00,PARTIAL,12.444029850746269,Favorable,12.444029850746269,Favorable,12.5,Favorable,12.444029850746269,Favorable
2026-07-22 01:45:00+03:00,PARTIAL,12.444029850746269,Favorable,12.444029850746269,Favorable,12.5,Favorable,12.444029850746269,Favorable
2026-07-22 01:50:00+03:00,PARTIAL,12.444029850746269,Favorable,12.444029850746269,Favorable,12.5,Favorable,12.444029850746269,Favorable
2026-07-22 01:55:00+03:00,PARTIAL,12.444029850746269,Favorable,12.444029850746269,Favorable,12.5,Favorable,12.444029850746269,Favorable
2026-07-22 02:00:00+03:00,PARTIAL,12.444029850746269,Favorable,12.444029850746269,Favorable,12.5,Favorable,12.444029850746269,Favorable
2026-07-22 02:05:00+03:00,PARTIAL,12.444029850746269,Favorable,12.444029850746269,Favorable,12.5,Favorable,12.444029850746269,Favorable
2026-07-22 02:10:00+03:00,PARTIAL,12.444029850746269,Favorable,12.444029850746269,Favorable,12.5,Favorable,12.444029850746269,Favorable
2026-07-22 02:15:00+03:00,PARTIAL,12.444029850746269,Favorable,12.444029850746269,Favorable,12.5,Favorable,12.444029850746269,Favorable
2026-07-22 02:20:00+03:00,PARTIAL,12.444029850746269,Favorable,12.444029850746269,Favorable,12.5,Favorable,12.444029850746269,Favorable
2026-07-22 02:25:00+03:00,PARTIAL,12.444029850746269,Favorable,12.444029850746269,Favorable,12.5,Favorable,12.444029850746269,Favorable
2026-07-22 02:30:00+03:00,PARTIAL,12.444029850746269,Favorable,12.444029850746269,Favorable,12.5,Favorable,12.444029850746269,Favorable
2026-07-22 02:35:00+03:00,PARTIAL,12.444029850746269,Favorable,12.444029850746269,Favorable,12.5,Favorable,12.444029850746269,Favorable
2026-07-22 02:40:00+03:00,PARTIAL,12.444029850746269,Favorable,12.444029850746269,Favorable,12.5,Favorable,12.444029850746269,Favorable
2026-07-22 02:45:00+03:00,PARTIAL,12.444029850746269,Favorable,12.444029850746269,Favorable,12.5,Favorable,12.444029850746269,Favorable
2026-07-22 02:50:00+03:00,PARTIAL,12.444029850746269,Favorable,12.444029850746269,Favorable,12.5,Favorable,12.444029850746269,Favorable
2026-07-22 02:55:00+03:00,PARTIAL,12.444029850746269,Favorable,12.444029850746269,Favorable,12.5,Favorable,12.444029850746269,Favorable
2026-07-22 03:00:00+03:00,PARTIAL,12.444029850746269,Favorable,12.444029850746269,Favorable,12.5,Favorable,12.444029850746269,Favorable
2026-07-22 03:05:00+03:00,PARTIAL,12.444029850746269,Favorable,12.444029850746269,Favorable,12.5,Favorable,12.444029850746269,Favorable
2026-07-22 03:10:00+03:00,PARTIAL,12.444029850746269,Favorable,12.444029850746269,Favorable,12.5,Favorable,12.444029850746269,Favorable
2026-07-22 03:15:00+03:00,PARTIAL,12.444029850746269,Favorable,12.444029850746269,Favorable,12.5,Favorable,12.444029850746269,Favorable
2026-07-22 03:20:00+03:00,PARTIAL,12.444029850746269,Favorable,12.444029850746269,Favorable,12.5,Favorable,12.444029850746269,Favorable
2026-07-22 03:25:00+03:00,PARTIAL,12.444029850746269,Favorable,12.444029850746269,Favorable,12.5,Favorable,12.444029850746269,Favorable
2026-07-22 03:30:00+03:00,PARTIAL,12.444029850746269,Favorable,12.444029850746269,Favorable,12.5,Favorable,12.444029850746269,Favorable
2026-07-22 03:35:00+03:00,PARTIAL,12.444029850746269,Favorable,12.444029850746269,Favorable,12.5,Favorable,12.444029850746269,Favorable
2026-07-22 03:40:00+03:00,PARTIAL,12.444029850746269,Favorable,12.444029850746269,Favorable,12.5,Favorable,12.444029850746269,Favorable
2026-07-22 03:45:00+03:00,PARTIAL,12.444029850746269,Favorable,12.444029850746269,Favorable,12.5,Favorable,12.444029850746269,Favorable
2026-07-22 03:50:00+03:00,PARTIAL,12.444029850746269,Favorable,12.444029850746269,Favorable,12.5,Favorable,12.444029850746269,Favorable
2026-07-22 03:55:00+03:00,PARTIAL,12.444029850746269,Favorable,12.444029850746269,Favorable,12.5,Favorable,12.444029850746269,Favorable
2026-07-22 04:00:00+03:00,PARTIAL,12.444029850746269,Favorable,12.444029850746269,Favorable,12.5,Favorable,12.444029850746269,Favorable
2026-07-22 04:05:00+03:00,PARTIAL,12.444029850746269,Favorable,12.444029850746269,Favorable,12.5,Favorable,12.444029850746269,Favorable
2026-07-22 04:10:00+03:00,PARTIAL,12.444029850746269,Favorable,12.444029850746269,Favorable,12.5,Favorable,12.444029850746269,Favorable
2026-07-22 04:15:00+03:00,PARTIAL,12.444029850746269,Favorable,12.444029850746269,Favorable,12.5,Favorable,12.444029850746269,Favorable
2026-07-22 04:20:00+03:00,PARTIAL,12.444029850746269,Favorable,12.444029850746269,Favorable,12.5,Favorable,12.444029850746269,Favorable
2026-07-22 04:25:00+03:00,PARTIAL,12.444029850746269,Favorable,12.444029850746269,Favorable,12.5,Favorable,12.444029850746269,Favorable
2026-07-22 04:30:00+03:00,PARTIAL,12.444029850746269,Favorable,12.444029850746269,Favorable,12.5,Favorable,12.444029850746269,Favorable
2026-07-22 04:35:00+03:00,PARTIAL,12.444029850746269,Favorable,12.444029850746269,Favorable,12.5,Favorable,12.444029850746269,Favorable
2026-07-22 04:40:00+03:00,PARTIAL,12.444029850746269,Favorable,12.444029850746269,Favorable,12.5,Favorable,12.444029850746269,Favorable
2026-07-22 04:45:00+03:00,PARTIAL,12.444029850746269,Favorable,12.444029850746269,Favorable,12.5,Favorable,12.444029850746269,Favorable
2026-07-22 04:50:00+03:00,PARTIAL,12.444029850746269,Favorable,12.444029850746269,Favorable,12.5,Favorable,12.444029850746269,Favorable
2026-07-22 04:55:00+03:00,PARTIAL,12.444029850746269,Favorable,12.444029850746269,Favorable,12.5,Favorable,12.444029850746269,Favorable
2026-07-22 05:00:00+03:00,PARTIAL,12.444029850746269,Favorable,12.444029850746269,Favorable,12.5,Favorable,12.444029850746269,Favorable
2026-07-22 05:05:00+03:00,PARTIAL,12.444029850746269,Favorable,12.444029850746269,Favorable,12.5,Favorable,12.444029850746269,Favorable
2026-07-22 05:10:00+03:00,PARTIAL,12.444029850746269,Favorable,12.444029850746269,Favorable,12.5,Favorable,12.444029850746269,Favorable
2026-07-22 05:15:00+03:00,PARTIAL,12.444029850746269,Favorable,12.444029850746269,Favorable,12.5,Favorable,12.444029850746269,Favorable
2026-07-22 05:20:00+03:00,PARTIAL,12.444029850746269,Favorable,12.444029850746269,Favorable,12.5,Favorable,12.444029850746269,Favorable
2026-07-22 05:25:00+03:00,PARTIAL,12.444029850746269,Favorable,12.444029850746269,Favorable,12.5,Favorable,12.444029850746269,Favorable
2026-07-22 05:30:00+03:00,PARTIAL,12.444029850746269,Favorable,12.444029850746269,Favorable,12.5,Favorable,12.444029850746269,Favorable
2026-07-22 05:35:00+03:00,PARTIAL,12.444029850746269,Favorable,12.444029850746269,Favorable,12.5,Favorable,12.444029850746269,Favorable
2026-07-22 05:40:00+03:00,PARTIAL,12.444029850746269,Favorable,12.444029850746269,Favorable,12.5,Favorable,12.444029850746269,Favorable
2026-07-22 05:45:00+03:00,PARTIAL,12.444029850746269,Favorable,12.444029850746269,Favorable,12.5,Favorable,12.444029850746269,Favorable
2026-07-22 05:50:00+03:00,PARTIAL,12.444029850746269,Favorable,12.444029850746269,Favorable,12.5,Favorable,12.444029850746269,Favorable
2026-07-22 05:55:00+03:00,PARTIAL,12.444029850746269,Favorable,12.444029850746269,Favorable,12.5,Favorable,12.444029850746269,Favorable
2026-07-22 06:00:00+03:00,PARTIAL,12.444029850746269,Favorable,12.444029850746269,Favorable,12.5,Favorable,12.444029850746269,Favorable
2026-07-22 06:05:00+03:00,PARTIAL,12.444029850746269,Favorable,12.444029850746269,Favorable,12.5,Favorable,12.444029850746269,Favorable
2026-07-22 06:10:00+03:00,PARTIAL,12.444029850746269,Favorable,12.444029850746269,Favorable,12.5,Favorable,12.444029850746269,Favorable
2026-07-22 06:15:00+03:00,PARTIAL,12.444029850746269,Favorable,12.444029850746269,Favorable,12.5,Favorable,12.444029850746269,Favorable
2026-07-22 06:20:00+03:00,PARTIAL,12.444029850746269,Favorable,12.444029850746269,Favorable,12.5,Favorable,12.444029850746269,Favorable
2026-07-22 06:25:00+03:00,PARTIAL,12.444029850746269,Favorable,12.444029850746269,Favorable,12.5,Favorable,12.444029850746269,Favorable
2026-07-22 06:30:00+03:00,PARTIAL,12.444029850746269,Favorable,12.444029850746269,Favorable,12.5,Favorable,12.444029850746269,Favorable
2026-07-22 06:35:00+03:00,PARTIAL,12.444029850746269,Favorable,12.444029850746269,Favorable,12.5,Favorable,12.444029850746269,Favorable
2026-07-22 06:40:00+03:00,PARTIAL,12.444029850746269,Favorable,12.444029850746269,Favorable,12.5,Favorable,12.444029850746269,Favorable
2026-07-22 06:45:00+03:00,PARTIAL,12.444029850746269,Favorable,12.444029850746269,Favorable,12.5,Favorable,12.444029850746269,Favorable
2026-07-22 06:50:00+03:00,PARTIAL,12.444029850746269,Favorable,12.444029850746269,Favorable,12.5,Favorable,12.444029850746269,Favorable
2026-07-22 06:55:00+03:00,PARTIAL,12.444029850746269,Favorable,12.444029850746269,Favorable,12.5,Favorable,12.444029850746269,Favorable
2026-07-22 07:00:00+03:00,PARTIAL,12.444029850746269,Favorable,12.444029850746269,Favorable,12.5,Favorable,12.444029850746269,Favorable
2026-07-22 07:05:00+03:00,PARTIAL,12.444029850746269,Favorable,12.444029850746269,Favorable,12.5,Favorable,12.444029850746269,Favorable
2026-07-22 07:10:00+03:00,PARTIAL,12.444029850746269,Favorable,12.444029850746269,Favorable,12.5,Favorable,12.444029850746269,Favorable
2026-07-22 07:15:00+03:00,PARTIAL,12.444029850746269,Favorable,12.444029850746269,Favorable,12.5,Favorable,12.444029850746269,Favorable
2026-07-22 07:20:00+03:00,PARTIAL,12.444029850746269,Favorable,12.444029850746269,Favorable,12.5,Favorable,12.444029850746269,Favorable
2026-07-22 07:25:00+03:00,PARTIAL,12.444029850746269,Favorable,12.444029850746269,Favorable,12.5,Favorable,12.444029850746269,Favorable
2026-07-22 07:30:00+03:00,PARTIAL,12.444029850746269,Favorable,12.444029850746269,Favorable,12.5,Favorable,12.444029850746269,Favorable
2026-07-22 07:35:00+03:00,PARTIAL,12.444029850746269,Favorable,12.444029850746269,Favorable,12.5,Favorable,12.444029850746269,Favorable
2026-07-22 07:40:00+03:00,PARTIAL,12.444029850746269,Favorable,12.444029850746269,Favorable,12.5,Favorable,12.444029850746269,Favorable
2026-07-22 07:45:00+03:00,PARTIAL,12.444029850746269,Favorable,12.444029850746269,Favorable,12.5,Favorable,12.444029850746269,Favorable
2026-07-22 07:50:00+03:00,PARTIAL,19.721743566689188,Favorable,19.721743566689188,Favorable,12.5,Favorable,16.08288670871773,Favorable
2026-07-22 07:55:00+03:00,PARTIAL,23.525720164609066,Favorable,23.525720164609066,Favorable,12.5,Favorable,17.984875007677665,Favorable
2026-07-22 08:00:00+03:00,PARTIAL,22.01696155826932,Favorable,22.01696155826932,Favorable,12.5,Favorable,17.230495704507796,Favorable
2026-07-22 08:05:00+03:00,PARTIAL,19.114202675405753,Favorable,19.114202675405753,Favorable,12.5,Favorable,15.779116263076011,Favorable
2026-07-22 08:10:00+03:00,PARTIAL,15.955404655992247,Favorable,15.955404655992247,Favorable,12.5,Favorable,14.199717253369258,Favorable
2026-07-22 08:15:00+03:00,PARTIAL,12.700015157866792,Favorable,12.700015157866792,Favorable,12.5,Favorable,12.572022504306531,Favorable
2026-07-22 08:20:00+03:00,PARTIAL,12.444029850746269,Favorable,12.444029850746269,Favorable,12.5,Favorable,12.444029850746269,Favorable
2026-07-22 08:25:00+03:00,PARTIAL,12.444029850746269,Favorable,12.444029850746269,Favorable,12.5,Favorable,12.444029850746269,Favorable
2026-07-22 08:30:00+03:00,PARTIAL,12.444029850746269,Favorable,12.444029850746269,Favorable,12.5,Favorable,12.444029850746269,Favorable
2026-07-22 08:35:00+03:00,PARTIAL,12.444029850746269,Favorable,12.444029850746269,Favorable,12.5,Favorable,12.444029850746269,Favorable
2026-07-22 08:40:00+03:00,PARTIAL,12.444029850746269,Favorable,12.444029850746269,Favorable,12.5,Favorable,12.444029850746269,Favorable
2026-07-22 08:45:00+03:00,PARTIAL,12.444029850746269,Favorable,12.444029850746269,Favorable,12.5,Favorable,12.444029850746269,Favorable
2026-07-22 08:50:00+03:00,PARTIAL,12.444029850746269,Favorable,12.444029850746269,Favorable,12.5,Favorable,12.444029850746269,Favorable
2026-07-22 08:55:00+03:00,PARTIAL,12.444029850746269,Favorable,12.444029850746269,Favorable,12.5,Favorable,12.444029850746269,Favorable
2026-07-22 09:00:00+03:00,PARTIAL,12.444029850746269,Favorable,12.444029850746269,Favorable,12.5,Favorable,12.444029850746269,Favorable
2026-07-22 09:05:00+03:00,PARTIAL,12.444029850746269,Favorable,12.444029850746269,Favorable,12.5,Favorable,12.444029850746269,Favorable
2026-07-22 09:10:00+03:00,PARTIAL,12.444029850746269,Favorable,12.444029850746269,Favorable,12.5,Favorable,12.444029850746269,Favorable
2026-07-22 09:15:00+03:00,PARTIAL,12.444029850746269,Favorable,12.444029850746269,Favorable,12.5,Favorable,12.444029850746269,Favorable
2026-07-22 09:20:00+03:00,PARTIAL,12.444029850746269,Favorable,12.444029850746269,Favorable,12.5,Favorable,12.444029850746269,Favorable
2026-07-22 09:25:00+03:00,PARTIAL,12.444029850746269,Favorable,12.444029850746269,Favorable,12.5,Favorable,12.444029850746269,Favorable
2026-07-22 09:30:00+03:00,PARTIAL,12.444029850746269,Favorable,12.444029850746269,Favorable,12.5,Favorable,12.444029850746269,Favorable
2026-07-22 09:35:00+03:00,PARTIAL,12.444029850746269,Favorable,12.444029850746269,Favorable,12.5,Favorable,12.444029850746269,Favorable
2026-07-22 09:40:00+03:00,PARTIAL,12.444029850746269,Favorable,12.444029850746269,Favorable,12.5,Favorable,12.444029850746269,Favorable
2026-07-22 09:45:00+03:00,PARTIAL,12.444029850746269,Favorable,12.444029850746269,Favorable,12.5,Favorable,12.444029850746269,Favorable
2026-07-22 09:50:00+03:00,PARTIAL,12.444029850746269,Favorable,12.444029850746269,Favorable,12.5,Favorable,12.444029850746269,Favorable
2026-07-22 09:55:00+03:00,PARTIAL,12.444029850746269,Favorable,12.444029850746269,Favorable,12.5,Favorable,12.444029850746269,Favorable
2026-07-22 10:00:00+03:00,PARTIAL,12.444029850746269,Favorable,12.444029850746269,Favorable,12.5,Favorable,12.444029850746269,Favorable
2026-07-22 10:05:00+03:00,PARTIAL,12.444029850746269,Favorable,12.444029850746269,Favorable,12.5,Favorable,12.444029850746269,Favorable
2026-07-22 10:10:00+03:00,PARTIAL,12.444029850746269,Favorable,12.444029850746269,Favorable,12.5,Favorable,12.444029850746269,Favorable
2026-07-22 10:15:00+03:00,PARTIAL,12.444029850746269,Favorable,12.444029850746269,Favorable,12.5,Favorable,12.444029850746269,Favorable
2026-07-22 10:20:00+03:00,PARTIAL,12.444029850746269,Favorable,12.444029850746269,Favorable,12.5,Favorable,12.444029850746269,Favorable
2026-07-22 10:25:00+03:00,PARTIAL,12.444029850746269,Favorable,12.444029850746269,Favorable,12.5,Favorable,12.444029850746269,Favorable
2026-07-22 10:30:00+03:00,PARTIAL,12.444029850746269,Favorable,12.444029850746269,Favorable,12.5,Favorable,12.444029850746269,Favorable
2026-07-22 10:35:00+03:00,PARTIAL,12.444029850746269,Favorable,12.444029850746269,Favorable,12.5,Favorable,12.444029850746269,Favorable
2026-07-22 10:40:00+03:00,PARTIAL,12.444029850746269,Favorable,12.444029850746269,Favorable,12.5,Favorable,12.444029850746269,Favorable
2026-07-22 10:45:00+03:00,PARTIAL,12.444029850746269,Favorable,12.444029850746269,Favorable,12.5,Favorable,12.444029850746269,Favorable
2026-07-22 10:50:00+03:00,PARTIAL,12.444029850746269,Favorable,12.444029850746269,Favorable,12.5,Favorable,12.444029850746269,Favorable
2026-07-22 10:55:00+03:00,PARTIAL,12.444029850746269,Favorable,12.444029850746269,Favorable,12.5,Favorable,12.444029850746269,Favorable
2026-07-22 11:00:00+03:00,PARTIAL,12.444029850746269,Favorable,12.444029850746269,Favorable,12.5,Favorable,12.444029850746269,Favorable
2026-07-22 11:05:00+03:00,PARTIAL,12.444029850746269,Favorable,12.444029850746269,Favorable,12.5,Favorable,12.444029850746269,Favorable
2026-07-22 11:10:00+03:00,PARTIAL,12.444029850746269,Favorable,12.444029850746269,Favorable,12.5,Favorable,12.444029850746269,Favorable
2026-07-22 11:15:00+03:00,PARTIAL,12.444029850746269,Favorable,12.444029850746269,Favorable,12.5,Favorable,12.444029850746269,Favorable
2026-07-22 11:20:00+03:00,PARTIAL,12.444029850746269,Favorable,12.444029850746269,Favorable,12.5,Favorable,12.444029850746269,Favorable
2026-07-22 11:25:00+03:00,PARTIAL,12.444029850746269,Favorable,12.444029850746269,Favorable,12.5,Favorable,12.444029850746269,Favorable
2026-07-22 11:30:00+03:00,PARTIAL,12.444029850746269,Favorable,12.444029850746269,Favorable,12.5,Favorable,12.444029850746269,Favorable
2026-07-22 11:35:00+03:00,PARTIAL,12.444029850746269,Favorable,12.444029850746269,Favorable,12.5,Favorable,12.444029850746269,Favorable
2026-07-22 11:40:00+03:00,PARTIAL,12.444029850746269,Favorable,12.444029850746269,Favorable,12.5,Favorable,12.444029850746269,Favorable
2026-07-22 11:45:00+03:00,PARTIAL,12.444029850746269,Favorable,12.444029850746269,Favorable,12.5,Favorable,12.444029850746269,Favorable
2026-07-22 11:50:00+03:00,PARTIAL,14.425576876710759,Favorable,14.425576876710759,Favorable,12.5,Favorable,13.434803363728513,Favorable
2026-07-22 11:55:00+03:00,PARTIAL,28.10193523325211,Acceptable,28.10193523325211,Acceptable,37.5,Acceptable,20.27298254199919,Favorable
2026-07-22 12:00:00+03:00,PARTIAL,12.444029850746269,Favorable,12.444029850746269,Favorable,12.5,Favorable,12.444029850746269,Favorable
2026-07-22 12:05:00+03:00,PARTIAL,12.444029850746269,Favorable,12.444029850746269,Favorable,12.5,Favorable,12.444029850746269,Favorable
2026-07-22 12:10:00+03:00,PARTIAL,12.444029850746269,Favorable,12.444029850746269,Favorable,12.5,Favorable,12.444029850746269,Favorable
2026-07-22 12:15:00+03:00,PARTIAL,12.444029850746269,Favorable,12.444029850746269,Favorable,12.5,Favorable,12.444029850746269,Favorable
2026-07-22 12:20:00+03:00,PARTIAL,12.444029850746269,Favorable,12.444029850746269,Favorable,12.5,Favorable,12.444029850746269,Favorable
2026-07-22 12:25:00+03:00,PARTIAL,12.444029850746269,Favorable,12.444029850746269,Favorable,12.5,Favorable,12.444029850746269,Favorable
2026-07-22 12:30:00+03:00,PARTIAL,12.444029850746269,Favorable,12.444029850746269,Favorable,12.5,Favorable,12.444029850746269,Favorable
2026-07-22 12:35:00+03:00,PARTIAL,12.444029850746269,Favorable,12.444029850746269,Favorable,12.5,Favorable,12.444029850746269,Favorable
2026-07-22 12:40:00+03:00,PARTIAL,12.444029850746269,Favorable,12.444029850746269,Favorable,12.5,Favorable,12.444029850746269,Favorable
2026-07-22 12:45:00+03:00,PARTIAL,12.444029850746269,Favorable,12.444029850746269,Favorable,12.5,Favorable,12.444029850746269,Favorable
2026-07-22 12:50:00+03:00,PARTIAL,12.444029850746269,Favorable,12.444029850746269,Favorable,12.5,Favorable,12.444029850746269,Favorable
2026-07-22 12:55:00+03:00,PARTIAL,12.444029850746269,Favorable,12.444029850746269,Favorable,12.5,Favorable,12.444029850746269,Favorable
2026-07-22 13:00:00+03:00,PARTIAL,12.444029850746269,Favorable,12.444029850746269,Favorable,12.5,Favorable,12.444029850746269,Favorable
2026-07-22 13:05:00+03:00,PARTIAL,12.444029850746269,Favorable,12.444029850746269,Favorable,12.5,Favorable,12.444029850746269,Favorable
2026-07-22 13:10:00+03:00,PARTIAL,12.444029850746269,Favorable,12.444029850746269,Favorable,12.5,Favorable,12.444029850746269,Favorable
2026-07-22 13:15:00+03:00,PARTIAL,12.444029850746269,Favorable,12.444029850746269,Favorable,12.5,Favorable,12.444029850746269,Favorable
2026-07-22 13:20:00+03:00,PARTIAL,12.444029850746269,Favorable,12.444029850746269,Favorable,12.5,Favorable,12.444029850746269,Favorable
2026-07-22 13:25:00+03:00,PARTIAL,12.444029850746269,Favorable,12.444029850746269,Favorable,12.5,Favorable,12.444029850746269,Favorable
2026-07-22 13:30:00+03:00,PARTIAL,12.444029850746269,Favorable,12.444029850746269,Favorable,12.5,Favorable,12.444029850746269,Favorable
2026-07-22 13:35:00+03:00,PARTIAL,12.444029850746269,Favorable,12.444029850746269,Favorable,12.5,Favorable,12.444029850746269,Favorable
2026-07-22 13:40:00+03:00,PARTIAL,12.444029850746269,Favorable,12.444029850746269,Favorable,12.5,Favorable,12.444029850746269,Favorable
2026-07-22 13:45:00+03:00,PARTIAL,12.444029850746269,Favorable,12.444029850746269,Favorable,12.5,Favorable,12.444029850746269,Favorable
2026-07-22 13:50:00+03:00,PARTIAL,12.444029850746269,Favorable,12.444029850746269,Favorable,12.5,Favorable,12.444029850746269,Favorable
2026-07-22 13:55:00+03:00,PARTIAL,12.444029850746269,Favorable,12.444029850746269,Favorable,12.5,Favorable,12.444029850746269,Favorable
2026-07-22 14:00:00+03:00,PARTIAL,12.444029850746269,Favorable,12.444029850746269,Favorable,12.5,Favorable,12.444029850746269,Favorable
2026-07-22 14:05:00+03:00,PARTIAL,12.444029850746269,Favorable,12.444029850746269,Favorable,12.5,Favorable,12.444029850746269,Favorable
2026-07-22 14:10:00+03:00,PARTIAL,12.444029850746269,Favorable,12.444029850746269,Favorable,12.5,Favorable,12.444029850746269,Favorable
2026-07-22 14:15:00+03:00,PARTIAL,12.444029850746269,Favorable,12.444029850746269,Favorable,12.5,Favorable,12.444029850746269,Favorable
2026-07-22 14:20:00+03:00,PARTIAL,12.444029850746269,Favorable,12.444029850746269,Favorable,12.5,Favorable,12.444029850746269,Favorable
2026-07-22 14:25:00+03:00,PARTIAL,12.444029850746269,Favorable,12.444029850746269,Favorable,12.5,Favorable,12.444029850746269,Favorable
2026-07-22 14:30:00+03:00,PARTIAL,12.444029850746269,Favorable,12.444029850746269,Favorable,12.5,Favorable,12.444029850746269,Favorable
2026-07-22 14:35:00+03:00,PARTIAL,12.444029850746269,Favorable,12.444029850746269,Favorable,12.5,Favorable,12.444029850746269,Favorable
2026-07-22 14:40:00+03:00,PARTIAL,12.444029850746269,Favorable,12.444029850746269,Favorable,12.5,Favorable,12.444029850746269,Favorable
2026-07-22 14:45:00+03:00,PARTIAL,12.444029850746269,Favorable,12.444029850746269,Favorable,12.5,Favorable,12.444029850746269,Favorable
2026-07-22 14:50:00+03:00,PARTIAL,12.444029850746269,Favorable,12.444029850746269,Favorable,12.5,Favorable,12.444029850746269,Favorable
2026-07-22 14:55:00+03:00,PARTIAL,12.444029850746269,Favorable,12.444029850746269,Favorable,12.5,Favorable,12.444029850746269,Favorable
2026-07-22 15:00:00+03:00,PARTIAL,12.444029850746269,Favorable,12.444029850746269,Favorable,12.5,Favorable,12.444029850746269,Favorable
2026-07-22 15:05:00+03:00,PARTIAL,12.444029850746269,Favorable,12.444029850746269,Favorable,12.5,Favorable,12.444029850746269,Favorable
2026-07-22 15:10:00+03:00,PARTIAL,12.444029850746269,Favorable,12.444029850746269,Favorable,12.5,Favorable,12.444029850746269,Favorable
2026-07-22 15:15:00+03:00,PARTIAL,12.444029850746269,Favorable,12.444029850746269,Favorable,12.5,Favorable,12.444029850746269,Favorable
2026-07-22 15:20:00+03:00,PARTIAL,12.444029850746269,Favorable,12.444029850746269,Favorable,12.5,Favorable,12.444029850746269,Favorable
2026-07-22 15:25:00+03:00,PARTIAL,12.444029850746269,Favorable,12.444029850746269,Favorable,12.5,Favorable,12.444029850746269,Favorable
2026-07-22 15:30:00+03:00,PARTIAL,12.444029850746269,Favorable,12.444029850746269,Favorable,12.5,Favorable,12.444029850746269,Favorable
2026-07-22 15:35:00+03:00,PARTIAL,12.444029850746269,Favorable,12.444029850746269,Favorable,12.5,Favorable,12.444029850746269,Favorable
2026-07-22 15:40:00+03:00,PARTIAL,12.444029850746269,Favorable,12.444029850746269,Favorable,12.5,Favorable,12.444029850746269,Favorable
2026-07-22 15:45:00+03:00,PARTIAL,12.444029850746269,Favorable,12.444029850746269,Favorable,12.5,Favorable,12.444029850746269,Favorable
2026-07-22 15:50:00+03:00,PARTIAL,12.444029850746269,Favorable,12.444029850746269,Favorable,12.5,Favorable,12.444029850746269,Favorable
2026-07-22 15:55:00+03:00,PARTIAL,12.444029850746269,Favorable,12.444029850746269,Favorable,12.5,Favorable,12.444029850746269,Favorable
2026-07-22 16:00:00+03:00,PARTIAL,12.444029850746269,Favorable,12.444029850746269,Favorable,12.5,Favorable,12.444029850746269,Favorable
2026-07-22 16:05:00+03:00,PARTIAL,12.444029850746269,Favorable,12.444029850746269,Favorable,12.5,Favorable,12.444029850746269,Favorable
2026-07-22 16:10:00+03:00,PARTIAL,12.444029850746269,Favorable,12.444029850746269,Favorable,12.5,Favorable,12.444029850746269,Favorable
2026-07-22 16:15:00+03:00,PARTIAL,12.444029850746269,Favorable,12.444029850746269,Favorable,12.5,Favorable,12.444029850746269,Favorable
2026-07-22 16:20:00+03:00,PARTIAL,12.444029850746269,Favorable,12.444029850746269,Favorable,12.5,Favorable,12.444029850746269,Favorable
2026-07-22 16:25:00+03:00,PARTIAL,12.444029850746269,Favorable,12.444029850746269,Favorable,12.5,Favorable,12.444029850746269,Favorable
2026-07-22 16:30:00+03:00,PARTIAL,12.444029850746269,Favorable,12.444029850746269,Favorable,12.5,Favorable,12.444029850746269,Favorable
2026-07-22 16:35:00+03:00,PARTIAL,12.444029850746269,Favorable,12.444029850746269,Favorable,12.5,Favorable,12.444029850746269,Favorable
2026-07-22 16:40:00+03:00,PARTIAL,12.444029850746269,Favorable,12.444029850746269,Favorable,12.5,Favorable,12.444029850746269,Favorable
2026-07-22 16:45:00+03:00,PARTIAL,12.444029850746269,Favorable,12.444029850746269,Favorable,12.5,Favorable,12.444029850746269,Favorable
2026-07-22 16:50:00+03:00,PARTIAL,12.444029850746269,Favorable,12.444029850746269,Favorable,12.5,Favorable,12.444029850746269,Favorable
2026-07-22 16:55:00+03:00,PARTIAL,12.444029850746269,Favorable,12.444029850746269,Favorable,12.5,Favorable,12.444029850746269,Favorable
2026-07-22 17:00:00+03:00,PARTIAL,12.444029850746269,Favorable,12.444029850746269,Favorable,12.5,Favorable,12.444029850746269,Favorable
2026-07-22 17:05:00+03:00,PARTIAL,12.444029850746269,Favorable,12.444029850746269,Favorable,12.5,Favorable,12.444029850746269,Favorable
2026-07-22 17:10:00+03:00,PARTIAL,12.444029850746269,Favorable,12.444029850746269,Favorable,12.5,Favorable,12.444029850746269,Favorable
2026-07-22 17:15:00+03:00,PARTIAL,12.444029850746269,Favorable,12.444029850746269,Favorable,12.5,Favorable,12.444029850746269,Favorable
2026-07-22 17:20:00+03:00,PARTIAL,12.444029850746269,Favorable,12.444029850746269,Favorable,12.5,Favorable,12.444029850746269,Favorable
2026-07-22 17:25:00+03:00,PARTIAL,12.444029850746269,Favorable,12.444029850746269,Favorable,12.5,Favorable,12.444029850746269,Favorable
2026-07-22 17:30:00+03:00,PARTIAL,12.444029850746269,Favorable,12.444029850746269,Favorable,12.5,Favorable,12.444029850746269,Favorable
2026-07-22 17:35:00+03:00,PARTIAL,12.444029850746269,Favorable,12.444029850746269,Favorable,12.5,Favorable,12.444029850746269,Favorable
2026-07-22 17:40:00+03:00,PARTIAL,12.444029850746269,Favorable,12.444029850746269,Favorable,12.5,Favorable,12.444029850746269,Favorable
2026-07-22 17:45:00+03:00,PARTIAL,12.444029850746269,Favorable,12.444029850746269,Favorable,12.5,Favorable,12.444029850746269,Favorable
2026-07-22 17:50:00+03:00,PARTIAL,12.444029850746269,Favorable,12.444029850746269,Favorable,12.5,Favorable,12.444029850746269,Favorable
2026-07-22 17:55:00+03:00,PARTIAL,12.444029850746269,Favorable,12.444029850746269,Favorable,12.5,Favorable,12.444029850746269,Favorable
2026-07-22 18:00:00+03:00,PARTIAL,12.444029850746269,Favorable,12.444029850746269,Favorable,12.5,Favorable,12.444029850746269,Favorable
2026-07-22 18:05:00+03:00,PARTIAL,12.444029850746269,Favorable,12.444029850746269,Favorable,12.5,Favorable,12.444029850746269,Favorable
2026-07-22 18:10:00+03:00,PARTIAL,12.444029850746269,Favorable,12.444029850746269,Favorable,12.5,Favorable,12.444029850746269,Favorable
2026-07-22 18:15:00+03:00,PARTIAL,12.444029850746269,Favorable,12.444029850746269,Favorable,12.5,Favorable,12.444029850746269,Favorable
2026-07-22 18:20:00+03:00,PARTIAL,12.444029850746269,Favorable,12.444029850746269,Favorable,12.5,Favorable,12.444029850746269,Favorable
2026-07-22 18:25:00+03:00,PARTIAL,12.444029850746269,Favorable,12.444029850746269,Favorable,12.5,Favorable,12.444029850746269,Favorable
2026-07-22 18:30:00+03:00,PARTIAL,12.444029850746269,Favorable,12.444029850746269,Favorable,12.5,Favorable,12.444029850746269,Favorable
2026-07-22 18:35:00+03:00,PARTIAL,12.444029850746269,Favorable,12.444029850746269,Favorable,12.5,Favorable,12.444029850746269,Favorable
2026-07-22 18:40:00+03:00,PARTIAL,12.444029850746269,Favorable,12.444029850746269,Favorable,12.5,Favorable,12.444029850746269,Favorable
2026-07-22 18:45:00+03:00,PARTIAL,12.444029850746269,Favorable,12.444029850746269,Favorable,12.5,Favorable,12.444029850746269,Favorable
2026-07-22 18:50:00+03:00,PARTIAL,12.444029850746269,Favorable,12.444029850746269,Favorable,12.5,Favorable,12.444029850746269,Favorable
2026-07-22 18:55:00+03:00,PARTIAL,12.444029850746269,Favorable,12.444029850746269,Favorable,12.5,Favorable,12.444029850746269,Favorable
2026-07-22 19:00:00+03:00,PARTIAL,12.444029850746269,Favorable,12.444029850746269,Favorable,12.5,Favorable,12.444029850746269,Favorable
2026-07-22 19:05:00+03:00,PARTIAL,12.444029850746269,Favorable,12.444029850746269,Favorable,12.5,Favorable,12.444029850746269,Favorable
2026-07-22 19:10:00+03:00,PARTIAL,12.444029850746269,Favorable,12.444029850746269,Favorable,12.5,Favorable,12.444029850746269,Favorable
2026-07-22 19:15:00+03:00,PARTIAL,12.444029850746269,Favorable,12.444029850746269,Favorable,12.5,Favorable,12.444029850746269,Favorable
2026-07-22 19:20:00+03:00,PARTIAL,12.444029850746269,Favorable,12.444029850746269,Favorable,12.5,Favorable,12.444029850746269,Favorable
2026-07-22 19:25:00+03:00,PARTIAL,12.444029850746269,Favorable,12.444029850746269,Favorable,12.5,Favorable,12.444029850746269,Favorable
2026-07-22 19:30:00+03:00,PARTIAL,12.444029850746269,Favorable,12.444029850746269,Favorable,12.5,Favorable,12.444029850746269,Favorable
2026-07-22 19:35:00+03:00,PARTIAL,12.444029850746269,Favorable,12.444029850746269,Favorable,12.5,Favorable,12.444029850746269,Favorable
2026-07-22 19:40:00+03:00,PARTIAL,12.444029850746269,Favorable,12.444029850746269,Favorable,12.5,Favorable,12.444029850746269,Favorable
2026-07-22 19:45:00+03:00,PARTIAL,12.444029850746269,Favorable,12.444029850746269,Favorable,12.5,Favorable,12.444029850746269,Favorable
2026-07-22 19:50:00+03:00,PARTIAL,12.444029850746269,Favorable,12.444029850746269,Favorable,12.5,Favorable,12.444029850746269,Favorable
2026-07-22 19:55:00+03:00,PARTIAL,12.444029850746269,Favorable,12.444029850746269,Favorable,12.5,Favorable,12.444029850746269,Favorable
2026-07-22 20:00:00+03:00,PARTIAL,12.444029850746269,Favorable,12.444029850746269,Favorable,12.5,Favorable,12.444029850746269,Favorable
2026-07-22 20:05:00+03:00,PARTIAL,12.444029850746269,Favorable,12.444029850746269,Favorable,12.5,Favorable,12.444029850746269,Favorable
2026-07-22 20:10:00+03:00,PARTIAL,12.444029850746269,Favorable,12.444029850746269,Favorable,12.5,Favorable,12.444029850746269,Favorable
2026-07-22 20:15:00+03:00,PARTIAL,12.444029850746269,Favorable,12.444029850746269,Favorable,12.5,Favorable,12.444029850746269,Favorable
2026-07-22 20:20:00+03:00,PARTIAL,12.444029850746269,Favorable,12.444029850746269,Favorable,12.5,Favorable,12.444029850746269,Favorable
2026-07-22 20:25:00+03:00,PARTIAL,12.444029850746269,Favorable,12.444029850746269,Favorable,12.5,Favorable,12.444029850746269,Favorable
2026-07-22 20:30:00+03:00,PARTIAL,12.444029850746269,Favorable,12.444029850746269,Favorable,12.5,Favorable,12.444029850746269,Favorable
2026-07-22 20:35:00+03:00,PARTIAL,12.444029850746269,Favorable,12.444029850746269,Favorable,12.5,Favorable,12.444029850746269,Favorable
2026-07-22 20:40:00+03:00,PARTIAL,12.444029850746269,Favorable,12.444029850746269,Favorable,12.5,Favorable,12.444029850746269,Favorable
2026-07-22 20:45:00+03:00,PARTIAL,12.444029850746269,Favorable,12.444029850746269,Favorable,12.5,Favorable,12.444029850746269,Favorable
2026-07-22 20:50:00+03:00,PARTIAL,12.444029850746269,Favorable,12.444029850746269,Favorable,12.5,Favorable,12.444029850746269,Favorable
2026-07-22 20:55:00+03:00,PARTIAL,12.444029850746269,Favorable,12.444029850746269,Favorable,12.5,Favorable,12.444029850746269,Favorable
2026-07-22 21:00:00+03:00,PARTIAL,12.444029850746269,Favorable,12.444029850746269,Favorable,12.5,Favorable,12.444029850746269,Favorable
2026-07-22 21:05:00+03:00,PARTIAL,12.444029850746269,Favorable,12.444029850746269,Favorable,12.5,Favorable,12.444029850746269,Favorable
2026-07-22 21:10:00+03:00,PARTIAL,12.444029850746269,Favorable,12.444029850746269,Favorable,12.5,Favorable,12.444029850746269,Favorable
2026-07-22 21:15:00+03:00,PARTIAL,12.444029850746269,Favorable,12.444029850746269,Favorable,12.5,Favorable,12.444029850746269,Favorable
2026-07-22 21:20:00+03:00,PARTIAL,12.444029850746269,Favorable,12.444029850746269,Favorable,12.5,Favorable,12.444029850746269,Favorable
2026-07-22 21:25:00+03:00,PARTIAL,12.444029850746269,Favorable,12.444029850746269,Favorable,12.5,Favorable,12.444029850746269,Favorable
2026-07-22 21:30:00+03:00,PARTIAL,12.444029850746269,Favorable,12.444029850746269,Favorable,12.5,Favorable,12.444029850746269,Favorable
2026-07-22 21:35:00+03:00,PARTIAL,12.444029850746269,Favorable,12.444029850746269,Favorable,12.5,Favorable,12.444029850746269,Favorable
2026-07-22 21:40:00+03:00,PARTIAL,12.444029850746269,Favorable,12.444029850746269,Favorable,12.5,Favorable,12.444029850746269,Favorable
2026-07-22 21:45:00+03:00,PARTIAL,12.444029850746269,Favorable,12.444029850746269,Favorable,12.5,Favorable,12.444029850746269,Favorable
2026-07-22 21:50:00+03:00,PARTIAL,12.444029850746269,Favorable,12.444029850746269,Favorable,12.5,Favorable,12.444029850746269,Favorable
2026-07-22 21:55:00+03:00,PARTIAL,12.444029850746269,Favorable,12.444029850746269,Favorable,12.5,Favorable,12.444029850746269,Favorable
2026-07-22 22:00:00+03:00,PARTIAL,12.444029850746269,Favorable,12.444029850746269,Favorable,12.5,Favorable,12.444029850746269,Favorable
2026-07-22 22:05:00+03:00,PARTIAL,12.444029850746269,Favorable,12.444029850746269,Favorable,12.5,Favorable,12.444029850746269,Favorable
2026-07-22 22:10:00+03:00,PARTIAL,12.444029850746269,Favorable,12.444029850746269,Favorable,12.5,Favorable,12.444029850746269,Favorable
2026-07-22 22:15:00+03:00,PARTIAL,12.444029850746269,Favorable,12.444029850746269,Favorable,12.5,Favorable,12.444029850746269,Favorable
2026-07-22 22:20:00+03:00,PARTIAL,12.444029850746269,Favorable,12.444029850746269,Favorable,12.5,Favorable,12.444029850746269,Favorable
2026-07-22 22:25:00+03:00,PARTIAL,12.444029850746269,Favorable,12.444029850746269,Favorable,12.5,Favorable,12.444029850746269,Favorable
2026-07-22 22:30:00+03:00,PARTIAL,12.444029850746269,Favorable,12.444029850746269,Favorable,12.5,Favorable,12.444029850746269,Favorable
2026-07-22 22:35:00+03:00,PARTIAL,12.444029850746269,Favorable,12.444029850746269,Favorable,12.5,Favorable,12.444029850746269,Favorable
2026-07-22 22:40:00+03:00,PARTIAL,12.444029850746269,Favorable,12.444029850746269,Favorable,12.5,Favorable,12.444029850746269,Favorable
2026-07-22 22:45:00+03:00,PARTIAL,16.51797428403616,Favorable,16.51797428403616,Favorable,12.5,Favorable,14.481002067391215,Favorable
2026-07-22 22:50:00+03:00,PARTIAL,20.899910011645552,Favorable,20.899910011645552,Favorable,12.5,Favorable,16.67196993119591,Favorable
2026-07-22 22:55:00+03:00,PARTIAL,24.826072898295124,Favorable,24.826072898295124,Favorable,12.5,Favorable,18.635051374520696,Favorable
2026-07-22 23:00:00+03:00,PARTIAL,26.959205692918434,Acceptable,26.959205692918434,Acceptable,37.5,Acceptable,21.017079156698237,Favorable
2026-07-22 23:05:00+03:00,PARTIAL,62.50000000000002,Degraded,62.5,Degraded,62.5,Degraded,45.558838248836,Acceptable
2026-07-22 23:10:00+03:00,PARTIAL,73.76514156537868,Degraded,73.76514156537868,Degraded,62.5,Degraded,51.75306992818995,Degraded
2026-07-22 23:15:00+03:00,PARTIAL,87.3436619722521,Critical,87.3436619722521,Critical,87.5,Critical,58.902678799343214,Degraded
2026-07-22 23:20:00+03:00,PARTIAL,87.4532668540664,Critical,87.4532668540664,Critical,87.5,Critical,60.48400063681157,Degraded
2026-07-22 23:25:00+03:00,PARTIAL,87.39599685455309,Critical,87.39599685455309,Critical,87.5,Critical,62.447998427276545,Degraded
2026-07-22 23:30:00+03:00,PARTIAL,87.48604972725673,Critical,87.48604972725673,Critical,87.5,Critical,62.493024863628364,Degraded
2026-07-22 23:35:00+03:00,PARTIAL,87.51800543863493,Critical,87.51800543863493,Critical,87.5,Critical,62.509002719317465,Degraded
2026-07-22 23:40:00+03:00,PARTIAL,87.53182235651774,Critical,87.53182235651774,Critical,87.5,Critical,62.51591117825887,Degraded
2026-07-22 23:45:00+03:00,PARTIAL,87.55597014925372,Critical,87.55597014925372,Critical,87.5,Critical,62.52798507462686,Degraded
2026-07-22 23:50:00+03:00,PARTIAL,87.55597014925372,Critical,87.55597014925372,Critical,87.5,Critical,62.52798507462686,Degraded
2026-07-22 23:55:00+03:00,PARTIAL,87.3800719266458,Critical,87.55597014925372,Critical,87.5,Critical,67.08291130969268,Degraded
2026-07-23 00:00:00+03:00,PARTIAL,87.45733565520244,Critical,87.4583046583116,Critical,87.5,Critical,72.3523407349529,Degraded
2026-07-23 00:05:00+03:00,PARTIAL,87.35060549124101,Critical,87.35060549124101,Critical,87.5,Critical,73.36453280296544,Degraded
2026-07-23 00:10:00+03:00,PARTIAL,87.4599855803893,Critical,87.4921783276016,Critical,87.5,Critical,72.43487877052584,Degraded
2026-07-23 00:15:00+03:00,PARTIAL,87.45242989282043,Critical,87.45941528884394,Critical,87.5,Critical,72.23370802037508,Degraded
2026-07-23 00:20:00+03:00,PARTIAL,87.3228925144272,Critical,87.3228925144272,Critical,87.5,Critical,70.81773348754604,Degraded
2026-07-23 00:25:00+03:00,PARTIAL,87.36183570177145,Critical,87.45715466628693,Critical,87.5,Critical,69.94357602468332,Degraded
2026-07-23 00:30:00+03:00,PARTIAL,87.34306569343067,Critical,87.54668656282756,Critical,87.5,Critical,69.4886216268728,Degraded
2026-07-23 00:35:00+03:00,PARTIAL,87.33632286995513,Critical,87.55597014925372,Critical,87.5,Critical,69.32969906609368,Degraded
2026-07-23 00:40:00+03:00,PARTIAL,87.32703328190433,Critical,87.5108219910882,Critical,87.5,Critical,69.09397139004868,Degraded
2026-07-23 00:45:00+03:00,PARTIAL,82.2050068455624,Critical,83.70643271184116,Critical,87.5,Critical,67.11879564563898,Degraded
2026-07-23 00:50:00+03:00,PARTIAL,69.24799576918645,Degraded,68.39031555342095,Degraded,62.5,Degraded,59.568752127963876,Degraded
2026-07-23 00:55:00+03:00,PARTIAL,62.49999999999998,Degraded,62.49999999999998,Degraded,62.5,Degraded,56.8279982344781,Degraded
2026-07-23 01:00:00+03:00,PARTIAL,62.5,Degraded,62.5,Degraded,62.5,Degraded,56.08949853505936,Degraded
2026-07-23 01:05:00+03:00,PARTIAL,62.5,Degraded,62.49999999999999,Degraded,62.5,Degraded,54.73380741374355,Degraded
2026-07-23 01:10:00+03:00,PARTIAL,62.5,Degraded,62.50000000000001,Degraded,62.5,Degraded,52.22073262617581,Degraded
2026-07-23 01:15:00+03:00,PARTIAL,62.5,Degraded,62.5,Degraded,62.5,Degraded,50.0,Degraded
2026-07-23 01:20:00+03:00,PARTIAL,62.5,Degraded,62.5,Degraded,62.5,Degraded,50.0,Degraded
2026-07-23 01:25:00+03:00,PARTIAL,52.0549410492396,Degraded,52.0549410492396,Degraded,62.5,Degraded,44.7774705246198,Acceptable
2026-07-23 01:30:00+03:00,PARTIAL,37.92301107319613,Acceptable,37.92301107319613,Acceptable,37.5,Acceptable,37.71150553659807,Acceptable
2026-07-23 01:35:00+03:00,PARTIAL,37.5,Acceptable,37.5,Acceptable,37.5,Acceptable,37.5,Acceptable
2026-07-23 01:40:00+03:00,PARTIAL,37.50000000000001,Acceptable,37.5,Acceptable,37.5,Acceptable,31.658759523266284,Acceptable
2026-07-23 01:45:00+03:00,PARTIAL,30.791776474315082,Acceptable,30.791776474315082,Acceptable,37.5,Acceptable,21.617903162530673,Favorable
2026-07-23 01:50:00+03:00,PARTIAL,23.111597677317167,Favorable,23.111597677317167,Favorable,12.5,Favorable,17.77781376403172,Favorable
2026-07-23 01:55:00+03:00,PARTIAL,15.583965876312126,Favorable,15.583965876312126,Favorable,12.5,Favorable,14.013997863529198,Favorable
2026-07-23 02:00:00+03:00,PARTIAL,12.444029850746269,Favorable,12.444029850746269,Favorable,12.5,Favorable,12.444029850746269,Favorable
2026-07-23 02:05:00+03:00,PARTIAL,12.444029850746269,Favorable,12.444029850746269,Favorable,12.5,Favorable,12.444029850746269,Favorable
2026-07-23 02:10:00+03:00,PARTIAL,12.444029850746269,Favorable,12.444029850746269,Favorable,12.5,Favorable,12.444029850746269,Favorable
2026-07-23 02:15:00+03:00,PARTIAL,13.45461515525836,Favorable,13.45461515525836,Favorable,12.5,Favorable,12.949322503002314,Favorable
2026-07-23 02:20:00+03:00,PARTIAL,13.846993081426291,Favorable,13.846993081426291,Favorable,12.5,Favorable,13.14551146608628,Favorable
2026-07-23 02:25:00+03:00,PARTIAL,14.270118611089432,Favorable,14.270118611089432,Favorable,12.5,Favorable,13.35707423091785,Favorable
2026-07-23 02:30:00+03:00,PARTIAL,15.400596186765817,Favorable,15.400596186765817,Favorable,12.5,Favorable,13.922313018756043,Favorable
2026-07-23 02:35:00+03:00,PARTIAL,16.38960466811514,Favorable,16.38960466811514,Favorable,12.5,Favorable,14.416817259430704,Favorable
2026-07-23 02:40:00+03:00,PARTIAL,16.32235328811559,Favorable,16.32235328811559,Favorable,12.5,Favorable,14.38319156943093,Favorable
2026-07-23 02:45:00+03:00,PARTIAL,15.450220635628918,Favorable,15.450220635628918,Favorable,12.5,Favorable,13.947125243187593,Favorable
2026-07-23 02:50:00+03:00,PARTIAL,14.779815700868332,Favorable,14.779815700868332,Favorable,12.5,Favorable,13.611922775807301,Favorable
2026-07-23 02:55:00+03:00,PARTIAL,15.164803229013875,Favorable,15.164803229013875,Favorable,12.5,Favorable,13.804416539880073,Favorable
2026-07-23 03:00:00+03:00,PARTIAL,16.646318467101104,Favorable,16.646318467101104,Favorable,12.5,Favorable,14.545174158923686,Favorable
2026-07-23 03:05:00+03:00,PARTIAL,17.824672983526046,Favorable,17.824672983526046,Favorable,12.5,Favorable,15.134351417136157,Favorable
2026-07-23 03:10:00+03:00,PARTIAL,17.95275842406735,Favorable,17.95275842406735,Favorable,12.5,Favorable,15.19839413740681,Favorable
2026-07-23 03:15:00+03:00,PARTIAL,16.97622963576044,Favorable,16.97622963576044,Favorable,12.5,Favorable,14.710129743253354,Favorable
2026-07-23 03:20:00+03:00,PARTIAL,15.863635022715188,Favorable,15.863635022715188,Favorable,12.5,Favorable,14.153832436730728,Favorable
2026-07-23 03:25:00+03:00,PARTIAL,14.382054118709402,Favorable,14.382054118709402,Favorable,12.5,Favorable,13.413041984727835,Favorable
2026-07-23 03:30:00+03:00,PARTIAL,12.693773388280977,Favorable,12.693773388280977,Favorable,12.5,Favorable,12.568901619513623,Favorable
2026-07-23 03:35:00+03:00,PARTIAL,12.444029850746269,Favorable,12.444029850746269,Favorable,12.5,Favorable,12.444029850746269,Favorable
2026-07-23 03:40:00+03:00,PARTIAL,12.444029850746269,Favorable,12.444029850746269,Favorable,12.5,Favorable,12.444029850746269,Favorable
2026-07-23 03:45:00+03:00,PARTIAL,12.444029850746269,Favorable,12.444029850746269,Favorable,12.5,Favorable,12.444029850746269,Favorable
2026-07-23 03:50:00+03:00,PARTIAL,12.444029850746269,Favorable,12.444029850746269,Favorable,12.5,Favorable,12.444029850746269,Favorable
2026-07-23 03:55:00+03:00,PARTIAL,12.444029850746269,Favorable,12.444029850746269,Favorable,12.5,Favorable,12.444029850746269,Favorable
2026-07-23 04:00:00+03:00,PARTIAL,12.444029850746269,Favorable,12.444029850746269,Favorable,12.5,Favorable,12.444029850746269,Favorable
2026-07-23 04:05:00+03:00,PARTIAL,12.444029850746269,Favorable,12.444029850746269,Favorable,12.5,Favorable,12.444029850746269,Favorable
2026-07-23 04:10:00+03:00,PARTIAL,12.444029850746269,Favorable,12.444029850746269,Favorable,12.5,Favorable,12.444029850746269,Favorable
2026-07-23 04:15:00+03:00,PARTIAL,12.444029850746269,Favorable,12.444029850746269,Favorable,12.5,Favorable,12.444029850746269,Favorable
2026-07-23 04:20:00+03:00,PARTIAL,12.444029850746269,Favorable,12.444029850746269,Favorable,12.5,Favorable,12.444029850746269,Favorable
2026-07-23 04:25:00+03:00,PARTIAL,12.444029850746269,Favorable,12.444029850746269,Favorable,12.5,Favorable,12.444029850746269,Favorable
2026-07-23 04:30:00+03:00,PARTIAL,12.444029850746269,Favorable,12.444029850746269,Favorable,12.5,Favorable,12.444029850746269,Favorable
2026-07-23 04:35:00+03:00,PARTIAL,12.444029850746269,Favorable,12.444029850746269,Favorable,12.5,Favorable,12.444029850746269,Favorable
2026-07-23 04:40:00+03:00,PARTIAL,12.444029850746269,Favorable,12.444029850746269,Favorable,12.5,Favorable,12.444029850746269,Favorable
2026-07-23 04:45:00+03:00,PARTIAL,12.444029850746269,Favorable,12.444029850746269,Favorable,12.5,Favorable,12.444029850746269,Favorable
2026-07-23 04:50:00+03:00,PARTIAL,12.444029850746269,Favorable,12.444029850746269,Favorable,12.5,Favorable,12.444029850746269,Favorable
2026-07-23 04:55:00+03:00,PARTIAL,12.444029850746269,Favorable,12.444029850746269,Favorable,12.5,Favorable,12.444029850746269,Favorable
2026-07-23 05:00:00+03:00,PARTIAL,12.444029850746269,Favorable,12.444029850746269,Favorable,12.5,Favorable,12.444029850746269,Favorable
2026-07-23 05:05:00+03:00,PARTIAL,12.444029850746269,Favorable,12.444029850746269,Favorable,12.5,Favorable,12.444029850746269,Favorable
2026-07-23 05:10:00+03:00,PARTIAL,12.444029850746269,Favorable,12.444029850746269,Favorable,12.5,Favorable,12.444029850746269,Favorable
2026-07-23 05:15:00+03:00,PARTIAL,12.444029850746269,Favorable,12.444029850746269,Favorable,12.5,Favorable,12.444029850746269,Favorable
2026-07-23 05:20:00+03:00,PARTIAL,12.444029850746269,Favorable,12.444029850746269,Favorable,12.5,Favorable,12.444029850746269,Favorable
2026-07-23 05:25:00+03:00,PARTIAL,12.444029850746269,Favorable,12.444029850746269,Favorable,12.5,Favorable,12.444029850746269,Favorable
2026-07-23 05:30:00+03:00,PARTIAL,12.444029850746269,Favorable,12.444029850746269,Favorable,12.5,Favorable,12.444029850746269,Favorable
2026-07-23 05:35:00+03:00,PARTIAL,12.444029850746269,Favorable,12.444029850746269,Favorable,12.5,Favorable,12.444029850746269,Favorable
2026-07-23 05:40:00+03:00,PARTIAL,12.444029850746269,Favorable,12.444029850746269,Favorable,12.5,Favorable,12.444029850746269,Favorable
2026-07-23 05:45:00+03:00,PARTIAL,12.444029850746269,Favorable,12.444029850746269,Favorable,12.5,Favorable,12.444029850746269,Favorable
2026-07-23 05:50:00+03:00,PARTIAL,12.444029850746269,Favorable,12.444029850746269,Favorable,12.5,Favorable,12.444029850746269,Favorable
2026-07-23 05:55:00+03:00,PARTIAL,12.444029850746269,Favorable,12.444029850746269,Favorable,12.5,Favorable,12.444029850746269,Favorable
2026-07-23 06:00:00+03:00,PARTIAL,12.444029850746269,Favorable,12.444029850746269,Favorable,12.5,Favorable,12.444029850746269,Favorable
2026-07-23 06:05:00+03:00,PARTIAL,12.444029850746269,Favorable,12.444029850746269,Favorable,12.5,Favorable,12.444029850746269,Favorable
2026-07-23 06:10:00+03:00,PARTIAL,12.444029850746269,Favorable,12.444029850746269,Favorable,12.5,Favorable,12.444029850746269,Favorable
2026-07-23 06:15:00+03:00,PARTIAL,12.444029850746269,Favorable,12.444029850746269,Favorable,12.5,Favorable,12.444029850746269,Favorable
2026-07-23 06:20:00+03:00,PARTIAL,12.444029850746269,Favorable,12.444029850746269,Favorable,12.5,Favorable,12.444029850746269,Favorable
2026-07-23 06:25:00+03:00,PARTIAL,12.444029850746269,Favorable,12.444029850746269,Favorable,12.5,Favorable,12.444029850746269,Favorable
2026-07-23 06:30:00+03:00,PARTIAL,12.444029850746269,Favorable,12.444029850746269,Favorable,12.5,Favorable,12.444029850746269,Favorable
2026-07-23 06:35:00+03:00,PARTIAL,12.874748701773823,Favorable,12.874748701773823,Favorable,12.5,Favorable,12.659389276260047,Favorable
2026-07-23 06:40:00+03:00,PARTIAL,13.024464994708529,Favorable,13.024464994708529,Favorable,12.5,Favorable,12.7342474227274,Favorable
2026-07-23 06:45:00+03:00,PARTIAL,13.4919996024647,Favorable,13.4919996024647,Favorable,12.5,Favorable,12.968014726605485,Favorable
2026-07-23 06:50:00+03:00,PARTIAL,14.475311881024286,Favorable,14.475311881024286,Favorable,12.5,Favorable,13.459670865885277,Favorable
2026-07-23 06:55:00+03:00,PARTIAL,15.82692353078619,Favorable,15.82692353078619,Favorable,12.5,Favorable,14.135476690766229,Favorable
2026-07-23 07:00:00+03:00,PARTIAL,17.25713256840831,Favorable,17.25713256840831,Favorable,12.5,Favorable,14.850581209577289,Favorable
2026-07-23 07:05:00+03:00,PARTIAL,17.568426026967874,Favorable,17.568426026967874,Favorable,12.5,Favorable,15.006227938857071,Favorable
2026-07-23 07:10:00+03:00,PARTIAL,16.860168941943297,Favorable,16.860168941943297,Favorable,12.5,Favorable,14.652099396344783,Favorable
2026-07-23 07:15:00+03:00,PARTIAL,15.863635022715188,Favorable,15.863635022715188,Favorable,12.5,Favorable,14.153832436730728,Favorable
2026-07-23 07:20:00+03:00,PARTIAL,16.548534729413195,Favorable,16.548534729413195,Favorable,12.5,Favorable,14.496282290079732,Favorable
2026-07-23 07:25:00+03:00,PARTIAL,17.855171816568767,Favorable,17.855171816568767,Favorable,12.5,Favorable,15.149600833657518,Favorable
2026-07-23 07:30:00+03:00,PARTIAL,17.7026632761997,Favorable,17.7026632761997,Favorable,12.5,Favorable,15.073346563472985,Favorable
2026-07-23 07:35:00+03:00,PARTIAL,16.823513874903007,Favorable,16.823513874903007,Favorable,12.5,Favorable,14.633771862824638,Favorable
2026-07-23 07:40:00+03:00,PARTIAL,15.930934024311686,Favorable,15.930934024311686,Favorable,12.5,Favorable,14.187481937528977,Favorable
2026-07-23 07:45:00+03:00,PARTIAL,15.36957805010509,Favorable,15.36957805010509,Favorable,12.5,Favorable,13.90680395042568,Favorable
2026-07-23 07:50:00+03:00,PARTIAL,14.021270683608492,Favorable,14.021270683608492,Favorable,12.5,Favorable,13.23265026717738,Favorable
2026-07-23 07:55:00+03:00,PARTIAL,12.812351844879078,Favorable,12.812351844879078,Favorable,12.5,Favorable,12.628190847812673,Favorable
2026-07-23 08:00:00+03:00,PARTIAL,12.849791022863178,Favorable,12.849791022863178,Favorable,12.5,Favorable,12.646910436804724,Favorable
2026-07-23 08:05:00+03:00,PARTIAL,12.856030575565127,Favorable,12.856030575565127,Favorable,12.5,Favorable,12.650030213155699,Favorable
2026-07-23 08:10:00+03:00,PARTIAL,12.625108068225694,Favorable,12.625108068225694,Favorable,12.5,Favorable,12.53456895948598,Favorable
2026-07-23 08:15:00+03:00,PARTIAL,12.444029850746269,Favorable,12.444029850746269,Favorable,12.5,Favorable,12.444029850746269,Favorable
2026-07-23 08:20:00+03:00,PARTIAL,12.444029850746269,Favorable,12.444029850746269,Favorable,12.5,Favorable,12.444029850746269,Favorable
2026-07-23 08:25:00+03:00,PARTIAL,12.444029850746269,Favorable,12.444029850746269,Favorable,12.5,Favorable,12.444029850746269,Favorable
2026-07-23 08:30:00+03:00,PARTIAL,12.444029850746269,Favorable,12.444029850746269,Favorable,12.5,Favorable,12.444029850746269,Favorable
2026-07-23 08:35:00+03:00,PARTIAL,12.444029850746269,Favorable,12.444029850746269,Favorable,12.5,Favorable,12.444029850746269,Favorable
2026-07-23 08:40:00+03:00,PARTIAL,12.444029850746269,Favorable,12.444029850746269,Favorable,12.5,Favorable,12.444029850746269,Favorable
2026-07-23 08:45:00+03:00,PARTIAL,12.444029850746269,Favorable,12.444029850746269,Favorable,12.5,Favorable,12.444029850746269,Favorable
2026-07-23 08:50:00+03:00,PARTIAL,12.444029850746269,Favorable,12.444029850746269,Favorable,12.5,Favorable,12.444029850746269,Favorable
2026-07-23 08:55:00+03:00,PARTIAL,12.444029850746269,Favorable,12.444029850746269,Favorable,12.5,Favorable,12.444029850746269,Favorable
2026-07-23 09:00:00+03:00,PARTIAL,12.444029850746269,Favorable,12.444029850746269,Favorable,12.5,Favorable,12.444029850746269,Favorable
2026-07-23 09:05:00+03:00,PARTIAL,12.444029850746269,Favorable,12.444029850746269,Favorable,12.5,Favorable,12.444029850746269,Favorable
2026-07-23 09:10:00+03:00,PARTIAL,12.444029850746269,Favorable,12.444029850746269,Favorable,12.5,Favorable,12.444029850746269,Favorable
2026-07-23 09:15:00+03:00,PARTIAL,12.444029850746269,Favorable,12.444029850746269,Favorable,12.5,Favorable,12.444029850746269,Favorable
2026-07-23 09:20:00+03:00,PARTIAL,12.444029850746269,Favorable,12.444029850746269,Favorable,12.5,Favorable,12.444029850746269,Favorable
2026-07-23 09:25:00+03:00,PARTIAL,12.444029850746269,Favorable,12.444029850746269,Favorable,12.5,Favorable,12.444029850746269,Favorable
2026-07-23 09:30:00+03:00,PARTIAL,12.444029850746269,Favorable,12.444029850746269,Favorable,12.5,Favorable,12.444029850746269,Favorable
2026-07-23 09:35:00+03:00,PARTIAL,12.444029850746269,Favorable,12.444029850746269,Favorable,12.5,Favorable,12.444029850746269,Favorable
2026-07-23 09:40:00+03:00,PARTIAL,12.444029850746269,Favorable,12.444029850746269,Favorable,12.5,Favorable,12.444029850746269,Favorable
2026-07-23 09:45:00+03:00,PARTIAL,12.444029850746269,Favorable,12.444029850746269,Favorable,12.5,Favorable,12.444029850746269,Favorable
2026-07-23 09:50:00+03:00,PARTIAL,12.444029850746269,Favorable,12.444029850746269,Favorable,12.5,Favorable,12.444029850746269,Favorable
2026-07-23 09:55:00+03:00,PARTIAL,12.444029850746269,Favorable,12.444029850746269,Favorable,12.5,Favorable,12.444029850746269,Favorable
2026-07-23 10:00:00+03:00,PARTIAL,12.444029850746269,Favorable,12.444029850746269,Favorable,12.5,Favorable,12.444029850746269,Favorable
2026-07-23 10:05:00+03:00,PARTIAL,12.444029850746269,Favorable,12.444029850746269,Favorable,12.5,Favorable,12.444029850746269,Favorable
2026-07-23 10:10:00+03:00,PARTIAL,12.444029850746269,Favorable,12.444029850746269,Favorable,12.5,Favorable,12.444029850746269,Favorable
2026-07-23 10:15:00+03:00,PARTIAL,37.5,Acceptable,37.5,Acceptable,37.5,Acceptable,24.972014925373134,Favorable
2026-07-23 10:20:00+03:00,PARTIAL,62.5,Degraded,62.5,Degraded,62.5,Degraded,37.47201492537313,Acceptable
2026-07-23 10:25:00+03:00,PARTIAL,62.5,Degraded,62.5,Degraded,62.5,Degraded,37.47201492537313,Acceptable
2026-07-23 10:30:00+03:00,PARTIAL,62.5,Degraded,62.5,Degraded,62.5,Degraded,37.47201492537313,Acceptable
2026-07-23 10:35:00+03:00,PARTIAL,62.5,Degraded,62.5,Degraded,62.5,Degraded,37.47201492537313,Acceptable
2026-07-23 10:40:00+03:00,PARTIAL,62.5,Degraded,62.5,Degraded,62.5,Degraded,37.47201492537313,Acceptable
2026-07-23 10:45:00+03:00,PARTIAL,62.5,Degraded,62.5,Degraded,62.5,Degraded,37.47201492537313,Acceptable
2026-07-23 10:50:00+03:00,PARTIAL,62.5,Degraded,62.5,Degraded,62.5,Degraded,37.47201492537313,Acceptable
2026-07-23 10:55:00+03:00,PARTIAL,62.5,Degraded,62.5,Degraded,62.5,Degraded,37.47201492537313,Acceptable
2026-07-23 11:00:00+03:00,PARTIAL,62.5,Degraded,62.5,Degraded,62.5,Degraded,37.47201492537313,Acceptable
2026-07-23 11:05:00+03:00,PARTIAL,62.5,Degraded,62.5,Degraded,62.5,Degraded,37.47201492537313,Acceptable
2026-07-23 11:10:00+03:00,PARTIAL,62.5,Degraded,62.5,Degraded,62.5,Degraded,37.47201492537313,Acceptable
2026-07-23 11:15:00+03:00,PARTIAL,62.5,Degraded,62.5,Degraded,62.5,Degraded,37.47201492537313,Acceptable
2026-07-23 11:20:00+03:00,PARTIAL,62.5,Degraded,62.5,Degraded,62.5,Degraded,37.47201492537313,Acceptable
2026-07-23 11:25:00+03:00,PARTIAL,62.5,Degraded,62.5,Degraded,62.5,Degraded,37.47201492537313,Acceptable
2026-07-23 11:30:00+03:00,PARTIAL,62.5,Degraded,62.5,Degraded,62.5,Degraded,37.47201492537313,Acceptable
2026-07-23 11:35:00+03:00,PARTIAL,62.5,Degraded,62.5,Degraded,62.5,Degraded,37.47201492537313,Acceptable
2026-07-23 11:40:00+03:00,PARTIAL,62.5,Degraded,62.5,Degraded,62.5,Degraded,37.47201492537313,Acceptable
2026-07-23 11:45:00+03:00,PARTIAL,62.5,Degraded,62.5,Degraded,62.5,Degraded,50.0,Degraded
2026-07-23 11:50:00+03:00,PARTIAL,62.5,Degraded,62.5,Degraded,62.5,Degraded,62.5,Degraded
2026-07-23 11:55:00+03:00,PARTIAL,62.5,Degraded,62.5,Degraded,62.5,Degraded,62.5,Degraded
2026-07-23 12:00:00+03:00,PARTIAL,62.5,Degraded,62.5,Degraded,62.5,Degraded,51.93038138060301,Degraded
2026-07-23 12:05:00+03:00,PARTIAL,62.50000000000001,Degraded,62.5,Degraded,62.5,Degraded,44.96439827511658,Acceptable
2026-07-23 12:10:00+03:00,PARTIAL,47.020262216924905,Acceptable,47.020262216924905,Acceptable,37.5,Acceptable,29.732146033835587,Acceptable
2026-07-23 12:15:00+03:00,PARTIAL,37.5,Acceptable,37.5,Acceptable,37.5,Acceptable,24.972014925373134,Favorable
2026-07-23 12:20:00+03:00,PARTIAL,12.444029850746269,Favorable,12.444029850746269,Favorable,12.5,Favorable,12.444029850746269,Favorable
2026-07-23 12:25:00+03:00,PARTIAL,12.444029850746269,Favorable,12.444029850746269,Favorable,12.5,Favorable,12.444029850746269,Favorable
2026-07-23 12:30:00+03:00,PARTIAL,12.444029850746269,Favorable,12.444029850746269,Favorable,12.5,Favorable,12.444029850746269,Favorable
2026-07-23 12:35:00+03:00,PARTIAL,12.444029850746269,Favorable,12.444029850746269,Favorable,12.5,Favorable,12.444029850746269,Favorable
2026-07-23 12:40:00+03:00,PARTIAL,12.444029850746269,Favorable,12.444029850746269,Favorable,12.5,Favorable,12.444029850746269,Favorable
2026-07-23 12:45:00+03:00,PARTIAL,12.444029850746269,Favorable,12.444029850746269,Favorable,12.5,Favorable,12.444029850746269,Favorable
2026-07-23 12:50:00+03:00,PARTIAL,12.444029850746269,Favorable,12.444029850746269,Favorable,12.5,Favorable,12.444029850746269,Favorable
2026-07-23 12:55:00+03:00,PARTIAL,12.444029850746269,Favorable,12.444029850746269,Favorable,12.5,Favorable,12.444029850746269,Favorable
2026-07-23 13:00:00+03:00,PARTIAL,12.444029850746269,Favorable,12.444029850746269,Favorable,12.5,Favorable,12.444029850746269,Favorable
2026-07-23 13:05:00+03:00,PARTIAL,12.444029850746269,Favorable,12.444029850746269,Favorable,12.5,Favorable,12.444029850746269,Favorable
2026-07-23 13:10:00+03:00,PARTIAL,12.444029850746269,Favorable,12.444029850746269,Favorable,12.5,Favorable,12.444029850746269,Favorable
2026-07-23 13:15:00+03:00,PARTIAL,12.444029850746269,Favorable,12.444029850746269,Favorable,12.5,Favorable,12.444029850746269,Favorable
2026-07-23 13:20:00+03:00,PARTIAL,12.444029850746269,Favorable,12.444029850746269,Favorable,12.5,Favorable,12.444029850746269,Favorable
2026-07-23 13:25:00+03:00,PARTIAL,12.444029850746269,Favorable,12.444029850746269,Favorable,12.5,Favorable,12.444029850746269,Favorable
2026-07-23 13:30:00+03:00,PARTIAL,12.444029850746269,Favorable,12.444029850746269,Favorable,12.5,Favorable,12.444029850746269,Favorable
2026-07-23 13:35:00+03:00,PARTIAL,12.444029850746269,Favorable,12.444029850746269,Favorable,12.5,Favorable,12.444029850746269,Favorable
2026-07-23 13:40:00+03:00,PARTIAL,12.444029850746269,Favorable,12.444029850746269,Favorable,12.5,Favorable,12.444029850746269,Favorable
2026-07-23 13:45:00+03:00,PARTIAL,12.444029850746269,Favorable,12.444029850746269,Favorable,12.5,Favorable,12.444029850746269,Favorable
2026-07-23 13:50:00+03:00,PARTIAL,12.444029850746269,Favorable,12.444029850746269,Favorable,12.5,Favorable,12.444029850746269,Favorable
2026-07-23 13:55:00+03:00,PARTIAL,12.444029850746269,Favorable,12.444029850746269,Favorable,12.5,Favorable,12.444029850746269,Favorable
2026-07-23 14:00:00+03:00,PARTIAL,12.444029850746269,Favorable,12.444029850746269,Favorable,12.5,Favorable,12.444029850746269,Favorable
2026-07-23 14:05:00+03:00,PARTIAL,12.444029850746269,Favorable,12.444029850746269,Favorable,12.5,Favorable,12.444029850746269,Favorable
2026-07-23 14:10:00+03:00,PARTIAL,12.444029850746269,Favorable,12.444029850746269,Favorable,12.5,Favorable,12.444029850746269,Favorable
2026-07-23 14:15:00+03:00,PARTIAL,12.444029850746269,Favorable,12.444029850746269,Favorable,12.5,Favorable,12.444029850746269,Favorable
2026-07-23 14:20:00+03:00,PARTIAL,12.444029850746269,Favorable,12.444029850746269,Favorable,12.5,Favorable,12.444029850746269,Favorable
2026-07-23 14:25:00+03:00,PARTIAL,12.444029850746269,Favorable,12.444029850746269,Favorable,12.5,Favorable,12.444029850746269,Favorable
2026-07-23 14:30:00+03:00,PARTIAL,12.444029850746269,Favorable,12.444029850746269,Favorable,12.5,Favorable,12.444029850746269,Favorable
2026-07-23 14:35:00+03:00,PARTIAL,12.444029850746269,Favorable,12.444029850746269,Favorable,12.5,Favorable,12.444029850746269,Favorable
2026-07-23 14:40:00+03:00,PARTIAL,12.444029850746269,Favorable,12.444029850746269,Favorable,12.5,Favorable,12.444029850746269,Favorable
2026-07-23 14:45:00+03:00,PARTIAL,12.444029850746269,Favorable,12.444029850746269,Favorable,12.5,Favorable,12.444029850746269,Favorable
2026-07-23 14:50:00+03:00,PARTIAL,12.444029850746269,Favorable,12.444029850746269,Favorable,12.5,Favorable,12.444029850746269,Favorable
2026-07-23 14:55:00+03:00,PARTIAL,12.444029850746269,Favorable,12.444029850746269,Favorable,12.5,Favorable,12.444029850746269,Favorable
2026-07-23 15:00:00+03:00,PARTIAL,12.444029850746269,Favorable,12.444029850746269,Favorable,12.5,Favorable,12.444029850746269,Favorable
2026-07-23 15:05:00+03:00,PARTIAL,12.444029850746269,Favorable,12.444029850746269,Favorable,12.5,Favorable,12.444029850746269,Favorable
2026-07-23 15:10:00+03:00,PARTIAL,12.444029850746269,Favorable,12.444029850746269,Favorable,12.5,Favorable,12.444029850746269,Favorable
2026-07-23 15:15:00+03:00,PARTIAL,12.444029850746269,Favorable,12.444029850746269,Favorable,12.5,Favorable,12.444029850746269,Favorable
2026-07-23 15:20:00+03:00,PARTIAL,12.444029850746269,Favorable,12.444029850746269,Favorable,12.5,Favorable,12.444029850746269,Favorable
2026-07-23 15:25:00+03:00,PARTIAL,12.444029850746269,Favorable,12.444029850746269,Favorable,12.5,Favorable,12.444029850746269,Favorable
2026-07-23 15:30:00+03:00,PARTIAL,12.444029850746269,Favorable,12.444029850746269,Favorable,12.5,Favorable,12.444029850746269,Favorable
2026-07-23 15:35:00+03:00,PARTIAL,12.444029850746269,Favorable,12.444029850746269,Favorable,12.5,Favorable,12.444029850746269,Favorable
2026-07-23 15:40:00+03:00,PARTIAL,12.444029850746269,Favorable,12.444029850746269,Favorable,12.5,Favorable,12.444029850746269,Favorable
2026-07-23 15:45:00+03:00,PARTIAL,12.444029850746269,Favorable,12.444029850746269,Favorable,12.5,Favorable,12.444029850746269,Favorable
2026-07-23 15:50:00+03:00,PARTIAL,12.444029850746269,Favorable,12.444029850746269,Favorable,12.5,Favorable,12.444029850746269,Favorable
2026-07-23 15:55:00+03:00,PARTIAL,12.444029850746269,Favorable,12.444029850746269,Favorable,12.5,Favorable,12.444029850746269,Favorable
2026-07-23 16:00:00+03:00,PARTIAL,12.444029850746269,Favorable,12.444029850746269,Favorable,12.5,Favorable,12.444029850746269,Favorable
2026-07-23 16:05:00+03:00,PARTIAL,12.444029850746269,Favorable,12.444029850746269,Favorable,12.5,Favorable,12.444029850746269,Favorable
2026-07-23 16:10:00+03:00,PARTIAL,12.444029850746269,Favorable,12.444029850746269,Favorable,12.5,Favorable,12.444029850746269,Favorable
2026-07-23 16:15:00+03:00,PARTIAL,12.444029850746269,Favorable,12.444029850746269,Favorable,12.5,Favorable,12.444029850746269,Favorable
2026-07-23 16:20:00+03:00,PARTIAL,12.444029850746269,Favorable,12.444029850746269,Favorable,12.5,Favorable,12.444029850746269,Favorable
2026-07-23 16:25:00+03:00,PARTIAL,12.444029850746269,Favorable,12.444029850746269,Favorable,12.5,Favorable,12.444029850746269,Favorable
2026-07-23 16:30:00+03:00,PARTIAL,12.444029850746269,Favorable,12.444029850746269,Favorable,12.5,Favorable,12.444029850746269,Favorable
2026-07-23 16:35:00+03:00,PARTIAL,12.444029850746269,Favorable,12.444029850746269,Favorable,12.5,Favorable,12.444029850746269,Favorable
2026-07-23 16:40:00+03:00,PARTIAL,12.444029850746269,Favorable,12.444029850746269,Favorable,12.5,Favorable,12.444029850746269,Favorable
2026-07-23 16:45:00+03:00,PARTIAL,12.444029850746269,Favorable,12.444029850746269,Favorable,12.5,Favorable,12.444029850746269,Favorable
2026-07-23 16:50:00+03:00,PARTIAL,12.444029850746269,Favorable,12.444029850746269,Favorable,12.5,Favorable,12.444029850746269,Favorable
2026-07-23 16:55:00+03:00,PARTIAL,12.444029850746269,Favorable,12.444029850746269,Favorable,12.5,Favorable,12.444029850746269,Favorable
2026-07-23 17:00:00+03:00,PARTIAL,12.444029850746269,Favorable,12.444029850746269,Favorable,12.5,Favorable,12.444029850746269,Favorable
2026-07-23 17:05:00+03:00,PARTIAL,12.444029850746269,Favorable,12.444029850746269,Favorable,12.5,Favorable,12.444029850746269,Favorable
2026-07-23 17:10:00+03:00,PARTIAL,12.444029850746269,Favorable,12.444029850746269,Favorable,12.5,Favorable,12.444029850746269,Favorable
2026-07-23 17:15:00+03:00,PARTIAL,12.444029850746269,Favorable,12.444029850746269,Favorable,12.5,Favorable,12.444029850746269,Favorable
2026-07-23 17:20:00+03:00,PARTIAL,12.444029850746269,Favorable,12.444029850746269,Favorable,12.5,Favorable,12.444029850746269,Favorable
2026-07-23 17:25:00+03:00,PARTIAL,12.444029850746269,Favorable,12.444029850746269,Favorable,12.5,Favorable,12.444029850746269,Favorable
2026-07-23 17:30:00+03:00,PARTIAL,12.444029850746269,Favorable,12.444029850746269,Favorable,12.5,Favorable,12.444029850746269,Favorable
2026-07-23 17:35:00+03:00,PARTIAL,12.444029850746269,Favorable,12.444029850746269,Favorable,12.5,Favorable,12.444029850746269,Favorable
2026-07-23 17:40:00+03:00,PARTIAL,12.444029850746269,Favorable,12.444029850746269,Favorable,12.5,Favorable,12.444029850746269,Favorable
2026-07-23 17:45:00+03:00,PARTIAL,12.444029850746269,Favorable,12.444029850746269,Favorable,12.5,Favorable,12.444029850746269,Favorable
2026-07-23 17:50:00+03:00,PARTIAL,12.444029850746269,Favorable,12.444029850746269,Favorable,12.5,Favorable,12.444029850746269,Favorable
2026-07-23 17:55:00+03:00,PARTIAL,12.444029850746269,Favorable,12.444029850746269,Favorable,12.5,Favorable,12.444029850746269,Favorable
2026-07-23 18:00:00+03:00,PARTIAL,12.444029850746269,Favorable,12.444029850746269,Favorable,12.5,Favorable,12.444029850746269,Favorable
2026-07-23 18:05:00+03:00,PARTIAL,12.444029850746269,Favorable,12.444029850746269,Favorable,12.5,Favorable,12.444029850746269,Favorable
2026-07-23 18:10:00+03:00,PARTIAL,12.444029850746269,Favorable,12.444029850746269,Favorable,12.5,Favorable,12.444029850746269,Favorable
2026-07-23 18:15:00+03:00,PARTIAL,12.444029850746269,Favorable,12.444029850746269,Favorable,12.5,Favorable,12.444029850746269,Favorable
2026-07-23 18:20:00+03:00,PARTIAL,12.444029850746269,Favorable,12.444029850746269,Favorable,12.5,Favorable,12.444029850746269,Favorable
2026-07-23 18:25:00+03:00,PARTIAL,12.444029850746269,Favorable,12.444029850746269,Favorable,12.5,Favorable,12.444029850746269,Favorable
2026-07-23 18:30:00+03:00,PARTIAL,12.444029850746269,Favorable,12.444029850746269,Favorable,12.5,Favorable,12.444029850746269,Favorable
2026-07-23 18:35:00+03:00,PARTIAL,12.444029850746269,Favorable,12.444029850746269,Favorable,12.5,Favorable,12.444029850746269,Favorable
2026-07-23 18:40:00+03:00,PARTIAL,12.444029850746269,Favorable,12.444029850746269,Favorable,12.5,Favorable,12.444029850746269,Favorable
2026-07-23 18:45:00+03:00,PARTIAL,12.444029850746269,Favorable,12.444029850746269,Favorable,12.5,Favorable,12.444029850746269,Favorable
2026-07-23 18:50:00+03:00,PARTIAL,12.444029850746269,Favorable,12.444029850746269,Favorable,12.5,Favorable,12.444029850746269,Favorable
2026-07-23 18:55:00+03:00,PARTIAL,12.444029850746269,Favorable,12.444029850746269,Favorable,12.5,Favorable,12.444029850746269,Favorable
2026-07-23 19:00:00+03:00,PARTIAL,12.444029850746269,Favorable,12.444029850746269,Favorable,12.5,Favorable,12.444029850746269,Favorable
2026-07-23 19:05:00+03:00,PARTIAL,12.444029850746269,Favorable,12.444029850746269,Favorable,12.5,Favorable,12.444029850746269,Favorable
2026-07-23 19:10:00+03:00,PARTIAL,12.444029850746269,Favorable,12.444029850746269,Favorable,12.5,Favorable,12.444029850746269,Favorable
2026-07-23 19:15:00+03:00,PARTIAL,12.444029850746269,Favorable,12.444029850746269,Favorable,12.5,Favorable,12.444029850746269,Favorable
2026-07-23 19:20:00+03:00,PARTIAL,12.444029850746269,Favorable,12.444029850746269,Favorable,12.5,Favorable,12.444029850746269,Favorable
2026-07-23 19:25:00+03:00,PARTIAL,12.444029850746269,Favorable,12.444029850746269,Favorable,12.5,Favorable,12.444029850746269,Favorable
2026-07-23 19:30:00+03:00,PARTIAL,12.444029850746269,Favorable,12.444029850746269,Favorable,12.5,Favorable,12.444029850746269,Favorable
2026-07-23 19:35:00+03:00,PARTIAL,12.444029850746269,Favorable,12.444029850746269,Favorable,12.5,Favorable,12.444029850746269,Favorable
2026-07-23 19:40:00+03:00,PARTIAL,12.444029850746269,Favorable,12.444029850746269,Favorable,12.5,Favorable,12.444029850746269,Favorable
2026-07-23 19:45:00+03:00,PARTIAL,12.444029850746269,Favorable,12.444029850746269,Favorable,12.5,Favorable,12.444029850746269,Favorable
2026-07-23 19:50:00+03:00,PARTIAL,12.444029850746269,Favorable,12.444029850746269,Favorable,12.5,Favorable,12.444029850746269,Favorable
2026-07-23 19:55:00+03:00,PARTIAL,12.444029850746269,Favorable,12.444029850746269,Favorable,12.5,Favorable,12.444029850746269,Favorable
2026-07-23 20:00:00+03:00,PARTIAL,12.444029850746269,Favorable,12.444029850746269,Favorable,12.5,Favorable,12.444029850746269,Favorable
2026-07-23 20:05:00+03:00,PARTIAL,12.444029850746269,Favorable,12.444029850746269,Favorable,12.5,Favorable,12.444029850746269,Favorable
2026-07-23 20:10:00+03:00,PARTIAL,12.444029850746269,Favorable,12.444029850746269,Favorable,12.5,Favorable,12.444029850746269,Favorable
2026-07-23 20:15:00+03:00,PARTIAL,12.444029850746269,Favorable,12.444029850746269,Favorable,12.5,Favorable,12.444029850746269,Favorable
2026-07-23 20:20:00+03:00,PARTIAL,12.444029850746269,Favorable,12.444029850746269,Favorable,12.5,Favorable,12.444029850746269,Favorable
2026-07-23 20:25:00+03:00,PARTIAL,12.444029850746269,Favorable,12.444029850746269,Favorable,12.5,Favorable,12.444029850746269,Favorable
2026-07-23 20:30:00+03:00,PARTIAL,12.444029850746269,Favorable,12.444029850746269,Favorable,12.5,Favorable,12.444029850746269,Favorable
2026-07-23 20:35:00+03:00,PARTIAL,12.444029850746269,Favorable,12.444029850746269,Favorable,12.5,Favorable,12.444029850746269,Favorable
2026-07-23 20:40:00+03:00,PARTIAL,12.444029850746269,Favorable,12.444029850746269,Favorable,12.5,Favorable,12.444029850746269,Favorable
2026-07-23 20:45:00+03:00,PARTIAL,12.444029850746269,Favorable,12.444029850746269,Favorable,12.5,Favorable,12.444029850746269,Favorable
2026-07-23 20:50:00+03:00,PARTIAL,12.444029850746269,Favorable,12.444029850746269,Favorable,12.5,Favorable,12.444029850746269,Favorable
2026-07-23 20:55:00+03:00,PARTIAL,12.444029850746269,Favorable,12.444029850746269,Favorable,12.5,Favorable,12.444029850746269,Favorable
2026-07-23 21:00:00+03:00,PARTIAL,12.444029850746269,Favorable,12.444029850746269,Favorable,12.5,Favorable,12.444029850746269,Favorable
2026-07-23 21:05:00+03:00,PARTIAL,12.444029850746269,Favorable,12.444029850746269,Favorable,12.5,Favorable,12.444029850746269,Favorable
2026-07-23 21:10:00+03:00,PARTIAL,12.444029850746269,Favorable,12.444029850746269,Favorable,12.5,Favorable,12.444029850746269,Favorable
2026-07-23 21:15:00+03:00,PARTIAL,12.444029850746269,Favorable,12.444029850746269,Favorable,12.5,Favorable,12.444029850746269,Favorable
2026-07-23 21:20:00+03:00,PARTIAL,12.444029850746269,Favorable,12.444029850746269,Favorable,12.5,Favorable,12.444029850746269,Favorable
2026-07-23 21:25:00+03:00,PARTIAL,12.444029850746269,Favorable,12.444029850746269,Favorable,12.5,Favorable,12.444029850746269,Favorable
2026-07-23 21:30:00+03:00,PARTIAL,12.444029850746269,Favorable,12.444029850746269,Favorable,12.5,Favorable,12.444029850746269,Favorable
2026-07-23 21:35:00+03:00,PARTIAL,12.444029850746269,Favorable,12.444029850746269,Favorable,12.5,Favorable,12.444029850746269,Favorable
2026-07-23 21:40:00+03:00,PARTIAL,12.444029850746269,Favorable,12.444029850746269,Favorable,12.5,Favorable,12.444029850746269,Favorable
2026-07-23 21:45:00+03:00,PARTIAL,12.444029850746269,Favorable,12.444029850746269,Favorable,12.5,Favorable,12.444029850746269,Favorable
2026-07-23 21:50:00+03:00,PARTIAL,12.444029850746269,Favorable,12.444029850746269,Favorable,12.5,Favorable,12.444029850746269,Favorable
2026-07-23 21:55:00+03:00,PARTIAL,12.444029850746269,Favorable,12.444029850746269,Favorable,12.5,Favorable,12.444029850746269,Favorable
2026-07-23 22:00:00+03:00,PARTIAL,12.444029850746269,Favorable,12.444029850746269,Favorable,12.5,Favorable,12.444029850746269,Favorable
2026-07-23 22:05:00+03:00,PARTIAL,12.444029850746269,Favorable,12.444029850746269,Favorable,12.5,Favorable,12.444029850746269,Favorable
2026-07-23 22:10:00+03:00,PARTIAL,12.444029850746269,Favorable,12.444029850746269,Favorable,12.5,Favorable,12.444029850746269,Favorable
2026-07-23 22:15:00+03:00,PARTIAL,12.444029850746269,Favorable,12.444029850746269,Favorable,12.5,Favorable,12.444029850746269,Favorable
2026-07-23 22:20:00+03:00,PARTIAL,12.444029850746269,Favorable,12.444029850746269,Favorable,12.5,Favorable,12.444029850746269,Favorable
2026-07-23 22:25:00+03:00,PARTIAL,12.444029850746269,Favorable,12.444029850746269,Favorable,12.5,Favorable,12.444029850746269,Favorable
2026-07-23 22:30:00+03:00,PARTIAL,12.444029850746269,Favorable,12.444029850746269,Favorable,12.5,Favorable,12.444029850746269,Favorable
2026-07-23 22:35:00+03:00,PARTIAL,12.444029850746269,Favorable,12.444029850746269,Favorable,12.5,Favorable,12.444029850746269,Favorable
2026-07-23 22:40:00+03:00,PARTIAL,12.444029850746269,Favorable,12.444029850746269,Favorable,12.5,Favorable,12.444029850746269,Favorable
2026-07-23 22:45:00+03:00,PARTIAL,12.444029850746269,Favorable,12.444029850746269,Favorable,12.5,Favorable,12.444029850746269,Favorable
2026-07-23 22:50:00+03:00,PARTIAL,12.444029850746269,Favorable,12.444029850746269,Favorable,12.5,Favorable,12.444029850746269,Favorable
2026-07-23 22:55:00+03:00,PARTIAL,12.444029850746269,Favorable,12.444029850746269,Favorable,12.5,Favorable,12.444029850746269,Favorable
2026-07-23 23:00:00+03:00,PARTIAL,12.444029850746269,Favorable,12.444029850746269,Favorable,12.5,Favorable,12.444029850746269,Favorable
2026-07-23 23:05:00+03:00,PARTIAL,12.444029850746269,Favorable,12.444029850746269,Favorable,12.5,Favorable,12.444029850746269,Favorable
2026-07-23 23:10:00+03:00,PARTIAL,12.444029850746269,Favorable,12.444029850746269,Favorable,12.5,Favorable,12.444029850746269,Favorable
2026-07-23 23:15:00+03:00,PARTIAL,12.444029850746269,Favorable,12.444029850746269,Favorable,12.5,Favorable,12.444029850746269,Favorable
2026-07-23 23:20:00+03:00,PARTIAL,12.444029850746269,Favorable,12.444029850746269,Favorable,12.5,Favorable,12.444029850746269,Favorable
2026-07-23 23:25:00+03:00,PARTIAL,12.444029850746269,Favorable,12.444029850746269,Favorable,12.5,Favorable,12.444029850746269,Favorable
2026-07-23 23:30:00+03:00,PARTIAL,12.444029850746269,Favorable,12.444029850746269,Favorable,12.5,Favorable,12.444029850746269,Favorable
2026-07-23 23:35:00+03:00,PARTIAL,12.444029850746269,Favorable,12.444029850746269,Favorable,12.5,Favorable,12.444029850746269,Favorable
2026-07-23 23:40:00+03:00,PARTIAL,12.444029850746269,Favorable,12.444029850746269,Favorable,12.5,Favorable,12.444029850746269,Favorable
2026-07-23 23:45:00+03:00,PARTIAL,12.444029850746269,Favorable,12.444029850746269,Favorable,12.5,Favorable,12.444029850746269,Favorable
2026-07-23 23:50:00+03:00,PARTIAL,12.444029850746269,Favorable,12.444029850746269,Favorable,12.5,Favorable,12.444029850746269,Favorable
2026-07-23 23:55:00+03:00,PARTIAL,12.444029850746269,Favorable,12.444029850746269,Favorable,12.5,Favorable,12.444029850746269,Favorable
2026-07-24 00:00:00+03:00,PARTIAL,12.444029850746269,Favorable,12.444029850746269,Favorable,12.5,Favorable,12.444029850746269,Favorable
2026-07-24 00:05:00+03:00,PARTIAL,12.444029850746269,Favorable,12.444029850746269,Favorable,12.5,Favorable,12.444029850746269,Favorable
2026-07-24 00:10:00+03:00,PARTIAL,12.444029850746269,Favorable,12.444029850746269,Favorable,12.5,Favorable,12.444029850746269,Favorable
2026-07-24 00:15:00+03:00,PARTIAL,12.444029850746269,Favorable,12.444029850746269,Favorable,12.5,Favorable,12.444029850746269,Favorable
2026-07-24 00:20:00+03:00,PARTIAL,12.444029850746269,Favorable,12.444029850746269,Favorable,12.5,Favorable,12.444029850746269,Favorable
2026-07-24 00:25:00+03:00,PARTIAL,12.444029850746269,Favorable,12.444029850746269,Favorable,12.5,Favorable,12.444029850746269,Favorable
2026-07-24 00:30:00+03:00,PARTIAL,12.444029850746269,Favorable,12.444029850746269,Favorable,12.5,Favorable,12.444029850746269,Favorable
2026-07-24 00:35:00+03:00,PARTIAL,12.444029850746269,Favorable,12.444029850746269,Favorable,12.5,Favorable,12.444029850746269,Favorable
2026-07-24 00:40:00+03:00,PARTIAL,12.444029850746269,Favorable,12.444029850746269,Favorable,12.5,Favorable,12.444029850746269,Favorable
2026-07-24 00:45:00+03:00,PARTIAL,12.444029850746269,Favorable,12.444029850746269,Favorable,12.5,Favorable,12.444029850746269,Favorable
2026-07-24 00:50:00+03:00,PARTIAL,12.444029850746269,Favorable,12.444029850746269,Favorable,12.5,Favorable,12.444029850746269,Favorable
2026-07-24 00:55:00+03:00,PARTIAL,12.444029850746269,Favorable,12.444029850746269,Favorable,12.5,Favorable,12.444029850746269,Favorable
2026-07-24 01:00:00+03:00,PARTIAL,12.444029850746269,Favorable,12.444029850746269,Favorable,12.5,Favorable,12.444029850746269,Favorable
2026-07-24 01:05:00+03:00,PARTIAL,12.444029850746269,Favorable,12.444029850746269,Favorable,12.5,Favorable,12.444029850746269,Favorable
2026-07-24 01:10:00+03:00,PARTIAL,12.444029850746269,Favorable,12.444029850746269,Favorable,12.5,Favorable,12.444029850746269,Favorable
2026-07-24 01:15:00+03:00,PARTIAL,12.444029850746269,Favorable,12.444029850746269,Favorable,12.5,Favorable,12.444029850746269,Favorable
2026-07-24 01:20:00+03:00,PARTIAL,12.444029850746269,Favorable,12.444029850746269,Favorable,12.5,Favorable,12.444029850746269,Favorable
2026-07-24 01:25:00+03:00,PARTIAL,12.444029850746269,Favorable,12.444029850746269,Favorable,12.5,Favorable,12.444029850746269,Favorable
2026-07-24 01:30:00+03:00,PARTIAL,12.444029850746269,Favorable,12.444029850746269,Favorable,12.5,Favorable,12.444029850746269,Favorable
2026-07-24 01:35:00+03:00,PARTIAL,12.444029850746269,Favorable,12.444029850746269,Favorable,12.5,Favorable,12.444029850746269,Favorable
2026-07-24 01:40:00+03:00,PARTIAL,12.444029850746269,Favorable,12.444029850746269,Favorable,12.5,Favorable,12.444029850746269,Favorable
2026-07-24 01:45:00+03:00,PARTIAL,12.444029850746269,Favorable,12.444029850746269,Favorable,12.5,Favorable,12.444029850746269,Favorable
2026-07-24 01:50:00+03:00,PARTIAL,12.444029850746269,Favorable,12.444029850746269,Favorable,12.5,Favorable,12.444029850746269,Favorable
2026-07-24 01:55:00+03:00,PARTIAL,12.444029850746269,Favorable,12.444029850746269,Favorable,12.5,Favorable,12.444029850746269,Favorable
2026-07-24 02:00:00+03:00,PARTIAL,12.444029850746269,Favorable,12.444029850746269,Favorable,12.5,Favorable,12.444029850746269,Favorable
2026-07-24 02:05:00+03:00,PARTIAL,12.444029850746269,Favorable,12.444029850746269,Favorable,12.5,Favorable,12.444029850746269,Favorable
2026-07-24 02:10:00+03:00,PARTIAL,12.444029850746269,Favorable,12.444029850746269,Favorable,12.5,Favorable,12.444029850746269,Favorable
2026-07-24 02:15:00+03:00,PARTIAL,12.444029850746269,Favorable,12.444029850746269,Favorable,12.5,Favorable,12.444029850746269,Favorable
2026-07-24 02:20:00+03:00,PARTIAL,12.444029850746269,Favorable,12.444029850746269,Favorable,12.5,Favorable,12.444029850746269,Favorable
2026-07-24 02:25:00+03:00,PARTIAL,12.444029850746269,Favorable,12.444029850746269,Favorable,12.5,Favorable,12.444029850746269,Favorable
2026-07-24 02:30:00+03:00,PARTIAL,12.444029850746269,Favorable,12.444029850746269,Favorable,12.5,Favorable,12.444029850746269,Favorable
2026-07-24 02:35:00+03:00,PARTIAL,12.444029850746269,Favorable,12.444029850746269,Favorable,12.5,Favorable,12.444029850746269,Favorable
2026-07-24 02:40:00+03:00,PARTIAL,12.444029850746269,Favorable,12.444029850746269,Favorable,12.5,Favorable,12.444029850746269,Favorable
2026-07-24 02:45:00+03:00,PARTIAL,12.444029850746269,Favorable,12.444029850746269,Favorable,12.5,Favorable,12.444029850746269,Favorable
2026-07-24 02:50:00+03:00,PARTIAL,12.444029850746269,Favorable,12.444029850746269,Favorable,12.5,Favorable,12.444029850746269,Favorable
2026-07-24 02:55:00+03:00,PARTIAL,12.444029850746269,Favorable,12.444029850746269,Favorable,12.5,Favorable,12.444029850746269,Favorable
2026-07-24 03:00:00+03:00,PARTIAL,12.444029850746269,Favorable,12.444029850746269,Favorable,12.5,Favorable,12.444029850746269,Favorable
2026-07-24 03:05:00+03:00,PARTIAL,12.444029850746269,Favorable,12.444029850746269,Favorable,12.5,Favorable,12.444029850746269,Favorable
2026-07-24 03:10:00+03:00,PARTIAL,12.444029850746269,Favorable,12.444029850746269,Favorable,12.5,Favorable,12.444029850746269,Favorable
2026-07-24 03:15:00+03:00,PARTIAL,12.444029850746269,Favorable,12.444029850746269,Favorable,12.5,Favorable,12.444029850746269,Favorable
2026-07-24 03:20:00+03:00,PARTIAL,12.444029850746269,Favorable,12.444029850746269,Favorable,12.5,Favorable,12.444029850746269,Favorable
2026-07-24 03:25:00+03:00,PARTIAL,12.444029850746269,Favorable,12.444029850746269,Favorable,12.5,Favorable,12.444029850746269,Favorable
2026-07-24 03:30:00+03:00,PARTIAL,12.444029850746269,Favorable,12.444029850746269,Favorable,12.5,Favorable,12.444029850746269,Favorable
2026-07-24 03:35:00+03:00,PARTIAL,12.444029850746269,Favorable,12.444029850746269,Favorable,12.5,Favorable,12.444029850746269,Favorable
2026-07-24 03:40:00+03:00,PARTIAL,12.444029850746269,Favorable,12.444029850746269,Favorable,12.5,Favorable,12.444029850746269,Favorable
2026-07-24 03:45:00+03:00,PARTIAL,12.444029850746269,Favorable,12.444029850746269,Favorable,12.5,Favorable,12.444029850746269,Favorable
2026-07-24 03:50:00+03:00,PARTIAL,12.444029850746269,Favorable,12.444029850746269,Favorable,12.5,Favorable,12.444029850746269,Favorable
2026-07-24 03:55:00+03:00,PARTIAL,12.444029850746269,Favorable,12.444029850746269,Favorable,12.5,Favorable,12.444029850746269,Favorable
2026-07-24 04:00:00+03:00,PARTIAL,12.444029850746269,Favorable,12.444029850746269,Favorable,12.5,Favorable,12.444029850746269,Favorable
2026-07-24 04:05:00+03:00,PARTIAL,12.444029850746269,Favorable,12.444029850746269,Favorable,12.5,Favorable,12.444029850746269,Favorable
2026-07-24 04:10:00+03:00,PARTIAL,12.444029850746269,Favorable,12.444029850746269,Favorable,12.5,Favorable,12.444029850746269,Favorable
2026-07-24 04:15:00+03:00,PARTIAL,12.444029850746269,Favorable,12.444029850746269,Favorable,12.5,Favorable,12.444029850746269,Favorable
2026-07-24 04:20:00+03:00,PARTIAL,12.444029850746269,Favorable,12.444029850746269,Favorable,12.5,Favorable,12.444029850746269,Favorable
2026-07-24 04:25:00+03:00,PARTIAL,12.444029850746269,Favorable,12.444029850746269,Favorable,12.5,Favorable,12.444029850746269,Favorable
2026-07-24 04:30:00+03:00,PARTIAL,12.444029850746269,Favorable,12.444029850746269,Favorable,12.5,Favorable,12.444029850746269,Favorable
2026-07-24 04:35:00+03:00,PARTIAL,12.444029850746269,Favorable,12.444029850746269,Favorable,12.5,Favorable,12.444029850746269,Favorable
2026-07-24 04:40:00+03:00,PARTIAL,12.444029850746269,Favorable,12.444029850746269,Favorable,12.5,Favorable,12.444029850746269,Favorable
2026-07-24 04:45:00+03:00,PARTIAL,12.444029850746269,Favorable,12.444029850746269,Favorable,12.5,Favorable,12.444029850746269,Favorable
2026-07-24 04:50:00+03:00,PARTIAL,12.444029850746269,Favorable,12.444029850746269,Favorable,12.5,Favorable,12.444029850746269,Favorable
2026-07-24 04:55:00+03:00,PARTIAL,12.444029850746269,Favorable,12.444029850746269,Favorable,12.5,Favorable,12.444029850746269,Favorable
2026-07-24 05:00:00+03:00,PARTIAL,12.444029850746269,Favorable,12.444029850746269,Favorable,12.5,Favorable,12.444029850746269,Favorable
2026-07-24 05:05:00+03:00,PARTIAL,12.444029850746269,Favorable,12.444029850746269,Favorable,12.5,Favorable,12.444029850746269,Favorable
2026-07-24 05:10:00+03:00,PARTIAL,12.444029850746269,Favorable,12.444029850746269,Favorable,12.5,Favorable,12.444029850746269,Favorable
2026-07-24 05:15:00+03:00,PARTIAL,12.444029850746269,Favorable,12.444029850746269,Favorable,12.5,Favorable,12.444029850746269,Favorable
2026-07-24 05:20:00+03:00,PARTIAL,12.444029850746269,Favorable,12.444029850746269,Favorable,12.5,Favorable,12.444029850746269,Favorable
2026-07-24 05:25:00+03:00,PARTIAL,12.444029850746269,Favorable,12.444029850746269,Favorable,12.5,Favorable,12.444029850746269,Favorable
2026-07-24 05:30:00+03:00,PARTIAL,12.444029850746269,Favorable,12.444029850746269,Favorable,12.5,Favorable,12.444029850746269,Favorable
2026-07-24 05:35:00+03:00,PARTIAL,12.444029850746269,Favorable,12.444029850746269,Favorable,12.5,Favorable,12.444029850746269,Favorable
2026-07-24 05:40:00+03:00,PARTIAL,12.444029850746269,Favorable,12.444029850746269,Favorable,12.5,Favorable,12.444029850746269,Favorable
2026-07-24 05:45:00+03:00,PARTIAL,12.444029850746269,Favorable,12.444029850746269,Favorable,12.5,Favorable,12.444029850746269,Favorable
2026-07-24 05:50:00+03:00,PARTIAL,12.444029850746269,Favorable,12.444029850746269,Favorable,12.5,Favorable,12.444029850746269,Favorable
2026-07-24 05:55:00+03:00,PARTIAL,12.444029850746269,Favorable,12.444029850746269,Favorable,12.5,Favorable,12.444029850746269,Favorable
2026-07-24 06:00:00+03:00,PARTIAL,12.444029850746269,Favorable,12.444029850746269,Favorable,12.5,Favorable,12.444029850746269,Favorable
2026-07-24 06:05:00+03:00,PARTIAL,12.444029850746269,Favorable,12.444029850746269,Favorable,12.5,Favorable,12.444029850746269,Favorable
2026-07-24 06:10:00+03:00,PARTIAL,12.444029850746269,Favorable,12.444029850746269,Favorable,12.5,Favorable,12.444029850746269,Favorable
2026-07-24 06:15:00+03:00,PARTIAL,12.444029850746269,Favorable,12.444029850746269,Favorable,12.5,Favorable,12.444029850746269,Favorable
2026-07-24 06:20:00+03:00,PARTIAL,12.444029850746269,Favorable,12.444029850746269,Favorable,12.5,Favorable,12.444029850746269,Favorable
2026-07-24 06:25:00+03:00,PARTIAL,12.444029850746269,Favorable,12.444029850746269,Favorable,12.5,Favorable,12.444029850746269,Favorable
2026-07-24 06:30:00+03:00,PARTIAL,12.444029850746269,Favorable,12.444029850746269,Favorable,12.5,Favorable,12.444029850746269,Favorable
2026-07-24 06:35:00+03:00,PARTIAL,12.444029850746269,Favorable,12.444029850746269,Favorable,12.5,Favorable,12.444029850746269,Favorable
2026-07-24 06:40:00+03:00,PARTIAL,12.444029850746269,Favorable,12.444029850746269,Favorable,12.5,Favorable,12.444029850746269,Favorable
2026-07-24 06:45:00+03:00,PARTIAL,12.444029850746269,Favorable,12.444029850746269,Favorable,12.5,Favorable,12.444029850746269,Favorable
2026-07-24 06:50:00+03:00,PARTIAL,12.444029850746269,Favorable,12.444029850746269,Favorable,12.5,Favorable,12.444029850746269,Favorable
2026-07-24 06:55:00+03:00,PARTIAL,12.444029850746269,Favorable,12.444029850746269,Favorable,12.5,Favorable,12.444029850746269,Favorable
2026-07-24 07:00:00+03:00,PARTIAL,12.444029850746269,Favorable,12.444029850746269,Favorable,12.5,Favorable,12.444029850746269,Favorable
2026-07-24 07:05:00+03:00,PARTIAL,12.444029850746269,Favorable,12.444029850746269,Favorable,12.5,Favorable,12.444029850746269,Favorable
2026-07-24 07:10:00+03:00,PARTIAL,12.444029850746269,Favorable,12.444029850746269,Favorable,12.5,Favorable,12.444029850746269,Favorable
2026-07-24 07:15:00+03:00,PARTIAL,12.444029850746269,Favorable,12.444029850746269,Favorable,12.5,Favorable,12.444029850746269,Favorable
2026-07-24 07:20:00+03:00,PARTIAL,12.444029850746269,Favorable,12.444029850746269,Favorable,12.5,Favorable,12.444029850746269,Favorable
2026-07-24 07:25:00+03:00,PARTIAL,12.444029850746269,Favorable,12.444029850746269,Favorable,12.5,Favorable,12.444029850746269,Favorable
2026-07-24 07:30:00+03:00,PARTIAL,12.444029850746269,Favorable,12.444029850746269,Favorable,12.5,Favorable,12.444029850746269,Favorable
2026-07-24 07:35:00+03:00,PARTIAL,12.444029850746269,Favorable,12.444029850746269,Favorable,12.5,Favorable,12.444029850746269,Favorable
2026-07-24 07:40:00+03:00,PARTIAL,12.444029850746269,Favorable,12.444029850746269,Favorable,12.5,Favorable,12.444029850746269,Favorable
2026-07-24 07:45:00+03:00,PARTIAL,12.444029850746269,Favorable,12.444029850746269,Favorable,12.5,Favorable,12.444029850746269,Favorable
2026-07-24 07:50:00+03:00,PARTIAL,12.444029850746269,Favorable,12.444029850746269,Favorable,12.5,Favorable,12.444029850746269,Favorable
2026-07-24 07:55:00+03:00,PARTIAL,12.444029850746269,Favorable,12.444029850746269,Favorable,12.5,Favorable,12.444029850746269,Favorable
2026-07-24 08:00:00+03:00,PARTIAL,12.444029850746269,Favorable,12.444029850746269,Favorable,12.5,Favorable,12.444029850746269,Favorable
2026-07-24 08:05:00+03:00,PARTIAL,12.444029850746269,Favorable,12.444029850746269,Favorable,12.5,Favorable,12.444029850746269,Favorable
2026-07-24 08:10:00+03:00,PARTIAL,12.444029850746269,Favorable,12.444029850746269,Favorable,12.5,Favorable,12.444029850746269,Favorable
2026-07-24 08:15:00+03:00,PARTIAL,12.444029850746269,Favorable,12.444029850746269,Favorable,12.5,Favorable,12.444029850746269,Favorable
2026-07-24 08:20:00+03:00,PARTIAL,12.444029850746269,Favorable,12.444029850746269,Favorable,12.5,Favorable,12.444029850746269,Favorable
2026-07-24 08:25:00+03:00,PARTIAL,12.444029850746269,Favorable,12.444029850746269,Favorable,12.5,Favorable,12.444029850746269,Favorable
2026-07-24 08:30:00+03:00,PARTIAL,12.444029850746269,Favorable,12.444029850746269,Favorable,12.5,Favorable,12.444029850746269,Favorable
2026-07-24 08:35:00+03:00,PARTIAL,12.444029850746269,Favorable,12.444029850746269,Favorable,12.5,Favorable,12.444029850746269,Favorable
2026-07-24 08:40:00+03:00,PARTIAL,12.444029850746269,Favorable,12.444029850746269,Favorable,12.5,Favorable,12.444029850746269,Favorable
2026-07-24 08:45:00+03:00,PARTIAL,12.444029850746269,Favorable,12.444029850746269,Favorable,12.5,Favorable,12.444029850746269,Favorable
2026-07-24 08:50:00+03:00,PARTIAL,12.444029850746269,Favorable,12.444029850746269,Favorable,12.5,Favorable,12.444029850746269,Favorable
2026-07-24 08:55:00+03:00,PARTIAL,12.444029850746269,Favorable,12.444029850746269,Favorable,12.5,Favorable,12.444029850746269,Favorable
2026-07-24 09:00:00+03:00,PARTIAL,12.444029850746269,Favorable,12.444029850746269,Favorable,12.5,Favorable,12.444029850746269,Favorable
2026-07-24 09:05:00+03:00,PARTIAL,12.444029850746269,Favorable,12.444029850746269,Favorable,12.5,Favorable,12.444029850746269,Favorable
2026-07-24 09:10:00+03:00,PARTIAL,12.444029850746269,Favorable,12.444029850746269,Favorable,12.5,Favorable,12.444029850746269,Favorable
2026-07-24 09:15:00+03:00,PARTIAL,12.444029850746269,Favorable,12.444029850746269,Favorable,12.5,Favorable,12.444029850746269,Favorable
2026-07-24 09:20:00+03:00,PARTIAL,12.444029850746269,Favorable,12.444029850746269,Favorable,12.5,Favorable,12.444029850746269,Favorable
2026-07-24 09:25:00+03:00,PARTIAL,12.444029850746269,Favorable,12.444029850746269,Favorable,12.5,Favorable,12.444029850746269,Favorable
2026-07-24 09:30:00+03:00,PARTIAL,12.444029850746269,Favorable,12.444029850746269,Favorable,12.5,Favorable,12.444029850746269,Favorable
2026-07-24 09:35:00+03:00,PARTIAL,12.444029850746269,Favorable,12.444029850746269,Favorable,12.5,Favorable,12.444029850746269,Favorable
2026-07-24 09:40:00+03:00,PARTIAL,12.444029850746269,Favorable,12.444029850746269,Favorable,12.5,Favorable,12.444029850746269,Favorable
2026-07-24 09:45:00+03:00,PARTIAL,12.444029850746269,Favorable,12.444029850746269,Favorable,12.5,Favorable,12.444029850746269,Favorable
2026-07-24 09:50:00+03:00,PARTIAL,12.444029850746269,Favorable,12.444029850746269,Favorable,12.5,Favorable,12.444029850746269,Favorable
2026-07-24 09:55:00+03:00,PARTIAL,12.444029850746269,Favorable,12.444029850746269,Favorable,12.5,Favorable,12.444029850746269,Favorable
2026-07-24 10:00:00+03:00,PARTIAL,12.444029850746269,Favorable,12.444029850746269,Favorable,12.5,Favorable,12.444029850746269,Favorable
2026-07-24 10:05:00+03:00,PARTIAL,12.444029850746269,Favorable,12.444029850746269,Favorable,12.5,Favorable,12.444029850746269,Favorable
2026-07-24 10:10:00+03:00,PARTIAL,12.444029850746269,Favorable,12.444029850746269,Favorable,12.5,Favorable,12.444029850746269,Favorable
2026-07-24 10:15:00+03:00,PARTIAL,12.444029850746269,Favorable,12.444029850746269,Favorable,12.5,Favorable,12.444029850746269,Favorable
2026-07-24 10:20:00+03:00,PARTIAL,12.444029850746269,Favorable,12.444029850746269,Favorable,12.5,Favorable,12.444029850746269,Favorable
2026-07-24 10:25:00+03:00,PARTIAL,12.444029850746269,Favorable,12.444029850746269,Favorable,12.5,Favorable,12.444029850746269,Favorable
2026-07-24 10:30:00+03:00,PARTIAL,12.444029850746269,Favorable,12.444029850746269,Favorable,12.5,Favorable,12.444029850746269,Favorable
2026-07-24 10:35:00+03:00,PARTIAL,12.444029850746269,Favorable,12.444029850746269,Favorable,12.5,Favorable,12.444029850746269,Favorable
2026-07-24 10:40:00+03:00,PARTIAL,12.444029850746269,Favorable,12.444029850746269,Favorable,12.5,Favorable,12.444029850746269,Favorable
2026-07-24 10:45:00+03:00,PARTIAL,12.444029850746269,Favorable,12.444029850746269,Favorable,12.5,Favorable,12.444029850746269,Favorable
2026-07-24 10:50:00+03:00,PARTIAL,12.444029850746269,Favorable,12.444029850746269,Favorable,12.5,Favorable,12.444029850746269,Favorable
2026-07-24 10:55:00+03:00,PARTIAL,12.444029850746269,Favorable,12.444029850746269,Favorable,12.5,Favorable,12.444029850746269,Favorable
2026-07-24 11:00:00+03:00,PARTIAL,12.444029850746269,Favorable,12.444029850746269,Favorable,12.5,Favorable,12.444029850746269,Favorable
2026-07-24 11:05:00+03:00,PARTIAL,12.444029850746269,Favorable,12.444029850746269,Favorable,12.5,Favorable,12.444029850746269,Favorable
2026-07-24 11:10:00+03:00,PARTIAL,12.444029850746269,Favorable,12.444029850746269,Favorable,12.5,Favorable,12.444029850746269,Favorable
2026-07-24 11:15:00+03:00,PARTIAL,12.444029850746269,Favorable,12.444029850746269,Favorable,12.5,Favorable,12.444029850746269,Favorable
2026-07-24 11:20:00+03:00,PARTIAL,12.444029850746269,Favorable,12.444029850746269,Favorable,12.5,Favorable,12.444029850746269,Favorable
2026-07-24 11:25:00+03:00,PARTIAL,12.444029850746269,Favorable,12.444029850746269,Favorable,12.5,Favorable,12.444029850746269,Favorable
2026-07-24 11:30:00+03:00,PARTIAL,12.444029850746269,Favorable,12.444029850746269,Favorable,12.5,Favorable,12.444029850746269,Favorable
2026-07-24 11:35:00+03:00,PARTIAL,12.444029850746269,Favorable,12.444029850746269,Favorable,12.5,Favorable,12.444029850746269,Favorable
2026-07-24 11:40:00+03:00,PARTIAL,12.444029850746269,Favorable,12.444029850746269,Favorable,12.5,Favorable,12.444029850746269,Favorable
2026-07-24 11:45:00+03:00,PARTIAL,12.444029850746269,Favorable,12.444029850746269,Favorable,12.5,Favorable,12.444029850746269,Favorable
2026-07-24 11:50:00+03:00,PARTIAL,12.444029850746269,Favorable,12.444029850746269,Favorable,12.5,Favorable,12.444029850746269,Favorable
2026-07-24 11:55:00+03:00,PARTIAL,12.444029850746269,Favorable,12.444029850746269,Favorable,12.5,Favorable,12.444029850746269,Favorable
2026-07-24 12:00:00+03:00,PARTIAL,12.444029850746269,Favorable,12.444029850746269,Favorable,12.5,Favorable,12.444029850746269,Favorable
2026-07-24 12:05:00+03:00,PARTIAL,12.444029850746269,Favorable,12.444029850746269,Favorable,12.5,Favorable,12.444029850746269,Favorable
2026-07-24 12:10:00+03:00,PARTIAL,12.444029850746269,Favorable,12.444029850746269,Favorable,12.5,Favorable,12.444029850746269,Favorable
2026-07-24 12:15:00+03:00,PARTIAL,12.444029850746269,Favorable,12.444029850746269,Favorable,12.5,Favorable,12.444029850746269,Favorable
2026-07-24 12:20:00+03:00,PARTIAL,12.444029850746269,Favorable,12.444029850746269,Favorable,12.5,Favorable,12.444029850746269,Favorable
2026-07-24 12:25:00+03:00,PARTIAL,12.444029850746269,Favorable,12.444029850746269,Favorable,12.5,Favorable,12.444029850746269,Favorable
2026-07-24 12:30:00+03:00,PARTIAL,12.444029850746269,Favorable,12.444029850746269,Favorable,12.5,Favorable,12.444029850746269,Favorable
2026-07-24 12:35:00+03:00,PARTIAL,12.444029850746269,Favorable,12.444029850746269,Favorable,12.5,Favorable,12.444029850746269,Favorable
2026-07-24 12:40:00+03:00,PARTIAL,12.444029850746269,Favorable,12.444029850746269,Favorable,12.5,Favorable,12.444029850746269,Favorable
2026-07-24 12:45:00+03:00,PARTIAL,12.444029850746269,Favorable,12.444029850746269,Favorable,12.5,Favorable,12.444029850746269,Favorable
2026-07-24 12:50:00+03:00,PARTIAL,12.444029850746269,Favorable,12.444029850746269,Favorable,12.5,Favorable,12.444029850746269,Favorable
2026-07-24 12:55:00+03:00,PARTIAL,12.444029850746269,Favorable,12.444029850746269,Favorable,12.5,Favorable,12.444029850746269,Favorable
2026-07-24 13:00:00+03:00,PARTIAL,13.379836705715306,Favorable,13.379836705715306,Favorable,12.5,Favorable,12.911933278230787,Favorable
2026-07-24 13:05:00+03:00,PARTIAL,24.826072898295124,Favorable,24.826072898295124,Favorable,12.5,Favorable,18.635051374520696,Favorable
2026-07-24 13:10:00+03:00,PARTIAL,31.42338701111089,Acceptable,31.42338701111089,Acceptable,37.5,Acceptable,21.93370843092858,Favorable
2026-07-24 13:15:00+03:00,PARTIAL,32.12321482993488,Acceptable,32.12321482993488,Acceptable,37.5,Acceptable,22.283622340340575,Favorable
2026-07-24 13:20:00+03:00,PARTIAL,27.006307934513252,Acceptable,27.006307934513252,Acceptable,37.5,Acceptable,19.72516889262976,Favorable
2026-07-24 13:25:00+03:00,PARTIAL,19.93822297273445,Favorable,19.93822297273445,Favorable,12.5,Favorable,16.19112641174036,Favorable
2026-07-24 13:30:00+03:00,PARTIAL,12.444029850746269,Favorable,12.444029850746269,Favorable,12.5,Favorable,12.444029850746269,Favorable
2026-07-24 13:35:00+03:00,PARTIAL,12.444029850746269,Favorable,12.444029850746269,Favorable,12.5,Favorable,12.444029850746269,Favorable
2026-07-24 13:40:00+03:00,PARTIAL,12.444029850746269,Favorable,12.444029850746269,Favorable,12.5,Favorable,12.444029850746269,Favorable
2026-07-24 13:45:00+03:00,PARTIAL,12.444029850746269,Favorable,12.444029850746269,Favorable,12.5,Favorable,12.444029850746269,Favorable
2026-07-24 13:50:00+03:00,PARTIAL,12.444029850746269,Favorable,12.444029850746269,Favorable,12.5,Favorable,12.444029850746269,Favorable
2026-07-24 13:55:00+03:00,PARTIAL,12.444029850746269,Favorable,12.444029850746269,Favorable,12.5,Favorable,12.444029850746269,Favorable
2026-07-24 14:00:00+03:00,PARTIAL,12.444029850746269,Favorable,12.444029850746269,Favorable,12.5,Favorable,12.444029850746269,Favorable
2026-07-24 14:05:00+03:00,PARTIAL,12.444029850746269,Favorable,12.444029850746269,Favorable,12.5,Favorable,12.444029850746269,Favorable
2026-07-24 14:10:00+03:00,PARTIAL,12.444029850746269,Favorable,12.444029850746269,Favorable,12.5,Favorable,12.444029850746269,Favorable
2026-07-24 14:15:00+03:00,PARTIAL,12.444029850746269,Favorable,12.444029850746269,Favorable,12.5,Favorable,12.444029850746269,Favorable
2026-07-24 14:20:00+03:00,PARTIAL,12.444029850746269,Favorable,12.444029850746269,Favorable,12.5,Favorable,12.444029850746269,Favorable
2026-07-24 14:25:00+03:00,PARTIAL,12.444029850746269,Favorable,12.444029850746269,Favorable,12.5,Favorable,12.444029850746269,Favorable
2026-07-24 14:30:00+03:00,PARTIAL,12.444029850746269,Favorable,12.444029850746269,Favorable,12.5,Favorable,12.444029850746269,Favorable
2026-07-24 14:35:00+03:00,PARTIAL,12.444029850746269,Favorable,12.444029850746269,Favorable,12.5,Favorable,12.444029850746269,Favorable
2026-07-24 14:40:00+03:00,PARTIAL,12.444029850746269,Favorable,12.444029850746269,Favorable,12.5,Favorable,12.444029850746269,Favorable
2026-07-24 14:45:00+03:00,PARTIAL,12.444029850746269,Favorable,12.444029850746269,Favorable,12.5,Favorable,12.444029850746269,Favorable
2026-07-24 14:50:00+03:00,PARTIAL,12.444029850746269,Favorable,12.444029850746269,Favorable,12.5,Favorable,12.444029850746269,Favorable
2026-07-24 14:55:00+03:00,PARTIAL,12.444029850746269,Favorable,12.444029850746269,Favorable,12.5,Favorable,12.444029850746269,Favorable
2026-07-24 15:00:00+03:00,PARTIAL,12.444029850746269,Favorable,12.444029850746269,Favorable,12.5,Favorable,12.444029850746269,Favorable
2026-07-24 15:05:00+03:00,PARTIAL,12.444029850746269,Favorable,12.444029850746269,Favorable,12.5,Favorable,12.444029850746269,Favorable
2026-07-24 15:10:00+03:00,PARTIAL,12.444029850746269,Favorable,12.444029850746269,Favorable,12.5,Favorable,12.444029850746269,Favorable
2026-07-24 15:15:00+03:00,PARTIAL,12.444029850746269,Favorable,12.444029850746269,Favorable,12.5,Favorable,12.444029850746269,Favorable
2026-07-24 15:20:00+03:00,PARTIAL,12.444029850746269,Favorable,12.444029850746269,Favorable,12.5,Favorable,12.444029850746269,Favorable
2026-07-24 15:25:00+03:00,PARTIAL,12.444029850746269,Favorable,12.444029850746269,Favorable,12.5,Favorable,12.444029850746269,Favorable
2026-07-24 15:30:00+03:00,PARTIAL,12.444029850746269,Favorable,12.444029850746269,Favorable,12.5,Favorable,12.444029850746269,Favorable
2026-07-24 15:35:00+03:00,PARTIAL,12.444029850746269,Favorable,12.444029850746269,Favorable,12.5,Favorable,12.444029850746269,Favorable
2026-07-24 15:40:00+03:00,PARTIAL,12.444029850746269,Favorable,12.444029850746269,Favorable,12.5,Favorable,12.444029850746269,Favorable
2026-07-24 15:45:00+03:00,PARTIAL,12.444029850746269,Favorable,12.444029850746269,Favorable,12.5,Favorable,12.444029850746269,Favorable
2026-07-24 15:50:00+03:00,PARTIAL,12.444029850746269,Favorable,12.444029850746269,Favorable,12.5,Favorable,12.444029850746269,Favorable
2026-07-24 15:55:00+03:00,PARTIAL,12.444029850746269,Favorable,12.444029850746269,Favorable,12.5,Favorable,12.444029850746269,Favorable
2026-07-24 16:00:00+03:00,PARTIAL,12.444029850746269,Favorable,12.444029850746269,Favorable,12.5,Favorable,12.444029850746269,Favorable
2026-07-24 16:05:00+03:00,PARTIAL,12.444029850746269,Favorable,12.444029850746269,Favorable,12.5,Favorable,12.444029850746269,Favorable
2026-07-24 16:10:00+03:00,PARTIAL,12.444029850746269,Favorable,12.444029850746269,Favorable,12.5,Favorable,12.444029850746269,Favorable
2026-07-24 16:15:00+03:00,PARTIAL,12.444029850746269,Favorable,12.444029850746269,Favorable,12.5,Favorable,12.444029850746269,Favorable
2026-07-24 16:20:00+03:00,PARTIAL,12.444029850746269,Favorable,12.444029850746269,Favorable,12.5,Favorable,12.444029850746269,Favorable
2026-07-24 16:25:00+03:00,PARTIAL,12.444029850746269,Favorable,12.444029850746269,Favorable,12.5,Favorable,12.444029850746269,Favorable
2026-07-24 16:30:00+03:00,PARTIAL,12.444029850746269,Favorable,12.444029850746269,Favorable,12.5,Favorable,12.444029850746269,Favorable
2026-07-24 16:35:00+03:00,PARTIAL,12.444029850746269,Favorable,12.444029850746269,Favorable,12.5,Favorable,12.444029850746269,Favorable
2026-07-24 16:40:00+03:00,PARTIAL,12.444029850746269,Favorable,12.444029850746269,Favorable,12.5,Favorable,12.444029850746269,Favorable
2026-07-24 16:45:00+03:00,PARTIAL,12.444029850746269,Favorable,12.444029850746269,Favorable,12.5,Favorable,12.444029850746269,Favorable
2026-07-24 16:50:00+03:00,PARTIAL,12.444029850746269,Favorable,12.444029850746269,Favorable,12.5,Favorable,12.444029850746269,Favorable
2026-07-24 16:55:00+03:00,PARTIAL,12.444029850746269,Favorable,12.444029850746269,Favorable,12.5,Favorable,12.444029850746269,Favorable
2026-07-24 17:00:00+03:00,PARTIAL,12.444029850746269,Favorable,12.444029850746269,Favorable,12.5,Favorable,12.444029850746269,Favorable
2026-07-24 17:05:00+03:00,PARTIAL,12.444029850746269,Favorable,12.444029850746269,Favorable,12.5,Favorable,12.444029850746269,Favorable
2026-07-24 17:10:00+03:00,PARTIAL,12.444029850746269,Favorable,12.444029850746269,Favorable,12.5,Favorable,12.444029850746269,Favorable
2026-07-24 17:15:00+03:00,PARTIAL,12.444029850746269,Favorable,12.444029850746269,Favorable,12.5,Favorable,12.444029850746269,Favorable
2026-07-24 17:20:00+03:00,PARTIAL,12.444029850746269,Favorable,12.444029850746269,Favorable,12.5,Favorable,12.444029850746269,Favorable
2026-07-24 17:25:00+03:00,PARTIAL,12.444029850746269,Favorable,12.444029850746269,Favorable,12.5,Favorable,12.444029850746269,Favorable
2026-07-24 17:30:00+03:00,PARTIAL,12.444029850746269,Favorable,12.444029850746269,Favorable,12.5,Favorable,12.444029850746269,Favorable
2026-07-24 17:35:00+03:00,PARTIAL,12.444029850746269,Favorable,12.444029850746269,Favorable,12.5,Favorable,12.444029850746269,Favorable
2026-07-24 17:40:00+03:00,PARTIAL,12.444029850746269,Favorable,12.444029850746269,Favorable,12.5,Favorable,12.444029850746269,Favorable
2026-07-24 17:45:00+03:00,PARTIAL,12.444029850746269,Favorable,12.444029850746269,Favorable,12.5,Favorable,12.444029850746269,Favorable
2026-07-24 17:50:00+03:00,PARTIAL,12.444029850746269,Favorable,12.444029850746269,Favorable,12.5,Favorable,12.444029850746269,Favorable
2026-07-24 17:55:00+03:00,PARTIAL,12.444029850746269,Favorable,12.444029850746269,Favorable,12.5,Favorable,12.444029850746269,Favorable
2026-07-24 18:00:00+03:00,PARTIAL,12.444029850746269,Favorable,12.444029850746269,Favorable,12.5,Favorable,12.444029850746269,Favorable
2026-07-24 18:05:00+03:00,PARTIAL,12.444029850746269,Favorable,12.444029850746269,Favorable,12.5,Favorable,12.444029850746269,Favorable
2026-07-24 18:10:00+03:00,PARTIAL,12.444029850746269,Favorable,12.444029850746269,Favorable,12.5,Favorable,12.444029850746269,Favorable
2026-07-24 18:15:00+03:00,PARTIAL,12.444029850746269,Favorable,12.444029850746269,Favorable,12.5,Favorable,12.444029850746269,Favorable
2026-07-24 18:20:00+03:00,PARTIAL,12.444029850746269,Favorable,12.444029850746269,Favorable,12.5,Favorable,12.444029850746269,Favorable
2026-07-24 18:25:00+03:00,PARTIAL,12.444029850746269,Favorable,12.444029850746269,Favorable,12.5,Favorable,12.444029850746269,Favorable
2026-07-24 18:30:00+03:00,PARTIAL,12.444029850746269,Favorable,12.444029850746269,Favorable,12.5,Favorable,12.444029850746269,Favorable
2026-07-24 18:35:00+03:00,PARTIAL,12.444029850746269,Favorable,12.444029850746269,Favorable,12.5,Favorable,12.444029850746269,Favorable
2026-07-24 18:40:00+03:00,PARTIAL,12.444029850746269,Favorable,12.444029850746269,Favorable,12.5,Favorable,12.444029850746269,Favorable
2026-07-24 18:45:00+03:00,PARTIAL,12.444029850746269,Favorable,12.444029850746269,Favorable,12.5,Favorable,12.444029850746269,Favorable
2026-07-24 18:50:00+03:00,PARTIAL,12.444029850746269,Favorable,12.444029850746269,Favorable,12.5,Favorable,12.444029850746269,Favorable
2026-07-24 18:55:00+03:00,PARTIAL,12.444029850746269,Favorable,12.444029850746269,Favorable,12.5,Favorable,12.444029850746269,Favorable
2026-07-24 19:00:00+03:00,PARTIAL,12.444029850746269,Favorable,12.444029850746269,Favorable,12.5,Favorable,12.444029850746269,Favorable
2026-07-24 19:05:00+03:00,PARTIAL,12.444029850746269,Favorable,12.444029850746269,Favorable,12.5,Favorable,12.444029850746269,Favorable
2026-07-24 19:10:00+03:00,PARTIAL,12.444029850746269,Favorable,12.444029850746269,Favorable,12.5,Favorable,12.444029850746269,Favorable
2026-07-24 19:15:00+03:00,PARTIAL,12.444029850746269,Favorable,12.444029850746269,Favorable,12.5,Favorable,12.444029850746269,Favorable
2026-07-24 19:20:00+03:00,PARTIAL,12.444029850746269,Favorable,12.444029850746269,Favorable,12.5,Favorable,12.444029850746269,Favorable
2026-07-24 19:25:00+03:00,PARTIAL,12.444029850746269,Favorable,12.444029850746269,Favorable,12.5,Favorable,12.444029850746269,Favorable
2026-07-24 19:30:00+03:00,PARTIAL,12.444029850746269,Favorable,12.444029850746269,Favorable,12.5,Favorable,12.444029850746269,Favorable
2026-07-24 19:35:00+03:00,PARTIAL,12.444029850746269,Favorable,12.444029850746269,Favorable,12.5,Favorable,12.444029850746269,Favorable
2026-07-24 19:40:00+03:00,PARTIAL,12.444029850746269,Favorable,12.444029850746269,Favorable,12.5,Favorable,12.444029850746269,Favorable
2026-07-24 19:45:00+03:00,PARTIAL,12.444029850746269,Favorable,12.444029850746269,Favorable,12.5,Favorable,12.444029850746269,Favorable
2026-07-24 19:50:00+03:00,PARTIAL,12.444029850746269,Favorable,12.444029850746269,Favorable,12.5,Favorable,12.444029850746269,Favorable
2026-07-24 19:55:00+03:00,PARTIAL,12.444029850746269,Favorable,12.444029850746269,Favorable,12.5,Favorable,12.444029850746269,Favorable
2026-07-24 20:00:00+03:00,PARTIAL,12.444029850746269,Favorable,12.444029850746269,Favorable,12.5,Favorable,12.444029850746269,Favorable
2026-07-24 20:05:00+03:00,PARTIAL,12.444029850746269,Favorable,12.444029850746269,Favorable,12.5,Favorable,12.444029850746269,Favorable
2026-07-24 20:10:00+03:00,PARTIAL,12.444029850746269,Favorable,12.444029850746269,Favorable,12.5,Favorable,12.444029850746269,Favorable
2026-07-24 20:15:00+03:00,PARTIAL,12.444029850746269,Favorable,12.444029850746269,Favorable,12.5,Favorable,12.444029850746269,Favorable
2026-07-24 20:20:00+03:00,PARTIAL,12.444029850746269,Favorable,12.444029850746269,Favorable,12.5,Favorable,12.444029850746269,Favorable
2026-07-24 20:25:00+03:00,PARTIAL,12.444029850746269,Favorable,12.444029850746269,Favorable,12.5,Favorable,12.444029850746269,Favorable
2026-07-24 20:30:00+03:00,PARTIAL,12.444029850746269,Favorable,12.444029850746269,Favorable,12.5,Favorable,12.444029850746269,Favorable
2026-07-24 20:35:00+03:00,PARTIAL,12.444029850746269,Favorable,12.444029850746269,Favorable,12.5,Favorable,12.444029850746269,Favorable
2026-07-24 20:40:00+03:00,PARTIAL,12.444029850746269,Favorable,12.444029850746269,Favorable,12.5,Favorable,12.444029850746269,Favorable
2026-07-24 20:45:00+03:00,PARTIAL,12.444029850746269,Favorable,12.444029850746269,Favorable,12.5,Favorable,12.444029850746269,Favorable
2026-07-24 20:50:00+03:00,PARTIAL,12.444029850746269,Favorable,12.444029850746269,Favorable,12.5,Favorable,12.444029850746269,Favorable
2026-07-24 20:55:00+03:00,PARTIAL,12.444029850746269,Favorable,12.444029850746269,Favorable,12.5,Favorable,12.444029850746269,Favorable
2026-07-24 21:00:00+03:00,PARTIAL,12.444029850746269,Favorable,12.444029850746269,Favorable,12.5,Favorable,12.444029850746269,Favorable
2026-07-24 21:05:00+03:00,PARTIAL,12.444029850746269,Favorable,12.444029850746269,Favorable,12.5,Favorable,12.444029850746269,Favorable
2026-07-24 21:10:00+03:00,PARTIAL,12.444029850746269,Favorable,12.444029850746269,Favorable,12.5,Favorable,12.444029850746269,Favorable
2026-07-24 21:15:00+03:00,PARTIAL,12.444029850746269,Favorable,12.444029850746269,Favorable,12.5,Favorable,12.444029850746269,Favorable
2026-07-24 21:20:00+03:00,PARTIAL,12.444029850746269,Favorable,12.444029850746269,Favorable,12.5,Favorable,12.444029850746269,Favorable
2026-07-24 21:25:00+03:00,PARTIAL,12.444029850746269,Favorable,12.444029850746269,Favorable,12.5,Favorable,12.444029850746269,Favorable
2026-07-24 21:30:00+03:00,PARTIAL,12.444029850746269,Favorable,12.444029850746269,Favorable,12.5,Favorable,12.444029850746269,Favorable
2026-07-24 21:35:00+03:00,PARTIAL,12.444029850746269,Favorable,12.444029850746269,Favorable,12.5,Favorable,12.444029850746269,Favorable
2026-07-24 21:40:00+03:00,PARTIAL,12.444029850746269,Favorable,12.444029850746269,Favorable,12.5,Favorable,12.444029850746269,Favorable
2026-07-24 21:45:00+03:00,PARTIAL,12.444029850746269,Favorable,12.444029850746269,Favorable,12.5,Favorable,12.444029850746269,Favorable
2026-07-24 21:50:00+03:00,PARTIAL,12.444029850746269,Favorable,12.444029850746269,Favorable,12.5,Favorable,12.444029850746269,Favorable
2026-07-24 21:55:00+03:00,PARTIAL,12.444029850746269,Favorable,12.444029850746269,Favorable,12.5,Favorable,12.444029850746269,Favorable
2026-07-24 22:00:00+03:00,PARTIAL,12.444029850746269,Favorable,12.444029850746269,Favorable,12.5,Favorable,12.444029850746269,Favorable
2026-07-24 22:05:00+03:00,PARTIAL,12.444029850746269,Favorable,12.444029850746269,Favorable,12.5,Favorable,12.444029850746269,Favorable
2026-07-24 22:10:00+03:00,PARTIAL,12.444029850746269,Favorable,12.444029850746269,Favorable,12.5,Favorable,12.444029850746269,Favorable
2026-07-24 22:15:00+03:00,PARTIAL,12.444029850746269,Favorable,12.444029850746269,Favorable,12.5,Favorable,12.444029850746269,Favorable
2026-07-24 22:20:00+03:00,PARTIAL,12.444029850746269,Favorable,12.444029850746269,Favorable,12.5,Favorable,12.444029850746269,Favorable
2026-07-24 22:25:00+03:00,PARTIAL,12.444029850746269,Favorable,12.444029850746269,Favorable,12.5,Favorable,12.444029850746269,Favorable
2026-07-24 22:30:00+03:00,PARTIAL,12.444029850746269,Favorable,12.444029850746269,Favorable,12.5,Favorable,12.444029850746269,Favorable
2026-07-24 22:35:00+03:00,PARTIAL,12.444029850746269,Favorable,12.444029850746269,Favorable,12.5,Favorable,12.444029850746269,Favorable
2026-07-24 22:40:00+03:00,PARTIAL,12.444029850746269,Favorable,12.444029850746269,Favorable,12.5,Favorable,12.444029850746269,Favorable
2026-07-24 22:45:00+03:00,PARTIAL,12.444029850746269,Favorable,12.444029850746269,Favorable,12.5,Favorable,12.444029850746269,Favorable
2026-07-24 22:50:00+03:00,PARTIAL,12.444029850746269,Favorable,12.444029850746269,Favorable,12.5,Favorable,12.444029850746269,Favorable
2026-07-24 22:55:00+03:00,PARTIAL,12.444029850746269,Favorable,12.444029850746269,Favorable,12.5,Favorable,12.444029850746269,Favorable
2026-07-24 23:00:00+03:00,PARTIAL,12.444029850746269,Favorable,12.444029850746269,Favorable,12.5,Favorable,12.444029850746269,Favorable
2026-07-24 23:05:00+03:00,PARTIAL,12.444029850746269,Favorable,12.444029850746269,Favorable,12.5,Favorable,12.444029850746269,Favorable
2026-07-24 23:10:00+03:00,PARTIAL,12.444029850746269,Favorable,12.444029850746269,Favorable,12.5,Favorable,12.444029850746269,Favorable
2026-07-24 23:15:00+03:00,PARTIAL,12.444029850746269,Favorable,12.444029850746269,Favorable,12.5,Favorable,12.444029850746269,Favorable
2026-07-24 23:20:00+03:00,PARTIAL,12.444029850746269,Favorable,12.444029850746269,Favorable,12.5,Favorable,12.444029850746269,Favorable
2026-07-24 23:25:00+03:00,PARTIAL,12.444029850746269,Favorable,12.444029850746269,Favorable,12.5,Favorable,12.444029850746269,Favorable
2026-07-24 23:30:00+03:00,PARTIAL,12.444029850746269,Favorable,12.444029850746269,Favorable,12.5,Favorable,12.444029850746269,Favorable
2026-07-24 23:35:00+03:00,PARTIAL,12.444029850746269,Favorable,12.444029850746269,Favorable,12.5,Favorable,12.444029850746269,Favorable
2026-07-24 23:40:00+03:00,PARTIAL,12.444029850746269,Favorable,12.444029850746269,Favorable,12.5,Favorable,12.444029850746269,Favorable
2026-07-24 23:45:00+03:00,PARTIAL,12.444029850746269,Favorable,12.444029850746269,Favorable,12.5,Favorable,12.444029850746269,Favorable
2026-07-24 23:50:00+03:00,PARTIAL,12.444029850746269,Favorable,12.444029850746269,Favorable,12.5,Favorable,12.444029850746269,Favorable
2026-07-24 23:55:00+03:00,PARTIAL,12.444029850746269,Favorable,12.444029850746269,Favorable,12.5,Favorable,12.444029850746269,Favorable
2026-07-25 00:00:00+03:00,PARTIAL,12.444029850746269,Favorable,12.444029850746269,Favorable,12.5,Favorable,12.444029850746269,Favorable
2026-07-25 00:05:00+03:00,PARTIAL,12.444029850746269,Favorable,12.444029850746269,Favorable,12.5,Favorable,12.444029850746269,Favorable
2026-07-25 00:10:00+03:00,PARTIAL,12.444029850746269,Favorable,12.444029850746269,Favorable,12.5,Favorable,12.444029850746269,Favorable
2026-07-25 00:15:00+03:00,PARTIAL,12.444029850746269,Favorable,12.444029850746269,Favorable,12.5,Favorable,12.444029850746269,Favorable
2026-07-25 00:20:00+03:00,PARTIAL,12.444029850746269,Favorable,12.444029850746269,Favorable,12.5,Favorable,12.444029850746269,Favorable
2026-07-25 00:25:00+03:00,PARTIAL,12.444029850746269,Favorable,12.444029850746269,Favorable,12.5,Favorable,12.444029850746269,Favorable
2026-07-25 00:30:00+03:00,PARTIAL,12.444029850746269,Favorable,12.444029850746269,Favorable,12.5,Favorable,12.444029850746269,Favorable
2026-07-25 00:35:00+03:00,PARTIAL,12.444029850746269,Favorable,12.444029850746269,Favorable,12.5,Favorable,12.444029850746269,Favorable
2026-07-25 00:40:00+03:00,PARTIAL,12.444029850746269,Favorable,12.444029850746269,Favorable,12.5,Favorable,12.444029850746269,Favorable
2026-07-25 00:45:00+03:00,PARTIAL,12.444029850746269,Favorable,12.444029850746269,Favorable,12.5,Favorable,12.444029850746269,Favorable
2026-07-25 00:50:00+03:00,PARTIAL,12.444029850746269,Favorable,12.444029850746269,Favorable,12.5,Favorable,12.444029850746269,Favorable
2026-07-25 00:55:00+03:00,PARTIAL,12.444029850746269,Favorable,12.444029850746269,Favorable,12.5,Favorable,12.444029850746269,Favorable
2026-07-25 01:00:00+03:00,PARTIAL,12.444029850746269,Favorable,12.444029850746269,Favorable,12.5,Favorable,12.444029850746269,Favorable
2026-07-25 01:05:00+03:00,PARTIAL,12.444029850746269,Favorable,12.444029850746269,Favorable,12.5,Favorable,12.444029850746269,Favorable
2026-07-25 01:10:00+03:00,PARTIAL,12.444029850746269,Favorable,12.444029850746269,Favorable,12.5,Favorable,12.444029850746269,Favorable
2026-07-25 01:15:00+03:00,PARTIAL,12.444029850746269,Favorable,12.444029850746269,Favorable,12.5,Favorable,12.444029850746269,Favorable
2026-07-25 01:20:00+03:00,PARTIAL,12.444029850746269,Favorable,12.444029850746269,Favorable,12.5,Favorable,12.444029850746269,Favorable
2026-07-25 01:25:00+03:00,PARTIAL,12.444029850746269,Favorable,12.444029850746269,Favorable,12.5,Favorable,12.444029850746269,Favorable
2026-07-25 01:30:00+03:00,PARTIAL,12.444029850746269,Favorable,12.444029850746269,Favorable,12.5,Favorable,12.444029850746269,Favorable
2026-07-25 01:35:00+03:00,PARTIAL,12.444029850746269,Favorable,12.444029850746269,Favorable,12.5,Favorable,12.444029850746269,Favorable
2026-07-25 01:40:00+03:00,PARTIAL,12.444029850746269,Favorable,12.444029850746269,Favorable,12.5,Favorable,12.444029850746269,Favorable
2026-07-25 01:45:00+03:00,PARTIAL,12.444029850746269,Favorable,12.444029850746269,Favorable,12.5,Favorable,12.444029850746269,Favorable
2026-07-25 01:50:00+03:00,PARTIAL,12.444029850746269,Favorable,12.444029850746269,Favorable,12.5,Favorable,12.444029850746269,Favorable
2026-07-25 01:55:00+03:00,PARTIAL,12.444029850746269,Favorable,12.444029850746269,Favorable,12.5,Favorable,12.444029850746269,Favorable
2026-07-25 02:00:00+03:00,PARTIAL,12.444029850746269,Favorable,12.444029850746269,Favorable,12.5,Favorable,12.444029850746269,Favorable
2026-07-25 02:05:00+03:00,PARTIAL,12.444029850746269,Favorable,12.444029850746269,Favorable,12.5,Favorable,12.444029850746269,Favorable
2026-07-25 02:10:00+03:00,PARTIAL,12.444029850746269,Favorable,12.444029850746269,Favorable,12.5,Favorable,12.444029850746269,Favorable
2026-07-25 02:15:00+03:00,PARTIAL,12.444029850746269,Favorable,12.444029850746269,Favorable,12.5,Favorable,12.444029850746269,Favorable
2026-07-25 02:20:00+03:00,PARTIAL,12.444029850746269,Favorable,12.444029850746269,Favorable,12.5,Favorable,12.444029850746269,Favorable
2026-07-25 02:25:00+03:00,PARTIAL,12.444029850746269,Favorable,12.444029850746269,Favorable,12.5,Favorable,12.444029850746269,Favorable
2026-07-25 02:30:00+03:00,PARTIAL,12.444029850746269,Favorable,12.444029850746269,Favorable,12.5,Favorable,12.444029850746269,Favorable
2026-07-25 02:35:00+03:00,PARTIAL,12.444029850746269,Favorable,12.444029850746269,Favorable,12.5,Favorable,12.444029850746269,Favorable
2026-07-25 02:40:00+03:00,PARTIAL,12.444029850746269,Favorable,12.444029850746269,Favorable,12.5,Favorable,12.444029850746269,Favorable
2026-07-25 02:45:00+03:00,PARTIAL,12.444029850746269,Favorable,12.444029850746269,Favorable,12.5,Favorable,12.444029850746269,Favorable
2026-07-25 02:50:00+03:00,PARTIAL,12.444029850746269,Favorable,12.444029850746269,Favorable,12.5,Favorable,12.444029850746269,Favorable
2026-07-25 02:55:00+03:00,PARTIAL,12.444029850746269,Favorable,12.444029850746269,Favorable,12.5,Favorable,12.444029850746269,Favorable
2026-07-25 03:00:00+03:00,PARTIAL,12.444029850746269,Favorable,12.444029850746269,Favorable,12.5,Favorable,12.444029850746269,Favorable
2026-07-25 03:05:00+03:00,PARTIAL,12.444029850746269,Favorable,12.444029850746269,Favorable,12.5,Favorable,12.444029850746269,Favorable
2026-07-25 03:10:00+03:00,PARTIAL,12.444029850746269,Favorable,12.444029850746269,Favorable,12.5,Favorable,12.444029850746269,Favorable
2026-07-25 03:15:00+03:00,PARTIAL,12.444029850746269,Favorable,12.444029850746269,Favorable,12.5,Favorable,12.444029850746269,Favorable
2026-07-25 03:20:00+03:00,PARTIAL,12.444029850746269,Favorable,12.444029850746269,Favorable,12.5,Favorable,12.444029850746269,Favorable
2026-07-25 03:25:00+03:00,PARTIAL,12.444029850746269,Favorable,12.444029850746269,Favorable,12.5,Favorable,12.444029850746269,Favorable
2026-07-25 03:30:00+03:00,PARTIAL,12.444029850746269,Favorable,12.444029850746269,Favorable,12.5,Favorable,12.444029850746269,Favorable
2026-07-25 03:35:00+03:00,PARTIAL,12.444029850746269,Favorable,12.444029850746269,Favorable,12.5,Favorable,12.444029850746269,Favorable
2026-07-25 03:40:00+03:00,PARTIAL,12.444029850746269,Favorable,12.444029850746269,Favorable,12.5,Favorable,12.444029850746269,Favorable
2026-07-25 03:45:00+03:00,PARTIAL,12.444029850746269,Favorable,12.444029850746269,Favorable,12.5,Favorable,12.444029850746269,Favorable
2026-07-25 03:50:00+03:00,PARTIAL,12.444029850746269,Favorable,12.444029850746269,Favorable,12.5,Favorable,12.444029850746269,Favorable
2026-07-25 03:55:00+03:00,PARTIAL,12.444029850746269,Favorable,12.444029850746269,Favorable,12.5,Favorable,12.444029850746269,Favorable
2026-07-25 04:00:00+03:00,PARTIAL,12.444029850746269,Favorable,12.444029850746269,Favorable,12.5,Favorable,12.444029850746269,Favorable
2026-07-25 04:05:00+03:00,PARTIAL,12.444029850746269,Favorable,12.444029850746269,Favorable,12.5,Favorable,12.444029850746269,Favorable
2026-07-25 04:10:00+03:00,PARTIAL,12.444029850746269,Favorable,12.444029850746269,Favorable,12.5,Favorable,12.444029850746269,Favorable
2026-07-25 04:15:00+03:00,PARTIAL,12.444029850746269,Favorable,12.444029850746269,Favorable,12.5,Favorable,12.444029850746269,Favorable
2026-07-25 04:20:00+03:00,PARTIAL,12.444029850746269,Favorable,12.444029850746269,Favorable,12.5,Favorable,12.444029850746269,Favorable
2026-07-25 04:25:00+03:00,PARTIAL,12.444029850746269,Favorable,12.444029850746269,Favorable,12.5,Favorable,12.444029850746269,Favorable
2026-07-25 04:30:00+03:00,PARTIAL,12.444029850746269,Favorable,12.444029850746269,Favorable,12.5,Favorable,12.444029850746269,Favorable
2026-07-25 04:35:00+03:00,PARTIAL,12.444029850746269,Favorable,12.444029850746269,Favorable,12.5,Favorable,12.444029850746269,Favorable
2026-07-25 04:40:00+03:00,PARTIAL,12.444029850746269,Favorable,12.444029850746269,Favorable,12.5,Favorable,12.444029850746269,Favorable
2026-07-25 04:45:00+03:00,PARTIAL,12.444029850746269,Favorable,12.444029850746269,Favorable,12.5,Favorable,12.444029850746269,Favorable
2026-07-25 04:50:00+03:00,PARTIAL,12.444029850746269,Favorable,12.444029850746269,Favorable,12.5,Favorable,12.444029850746269,Favorable
2026-07-25 04:55:00+03:00,PARTIAL,12.444029850746269,Favorable,12.444029850746269,Favorable,12.5,Favorable,12.444029850746269,Favorable
2026-07-25 05:00:00+03:00,PARTIAL,12.444029850746269,Favorable,12.444029850746269,Favorable,12.5,Favorable,12.444029850746269,Favorable
2026-07-25 05:05:00+03:00,PARTIAL,12.444029850746269,Favorable,12.444029850746269,Favorable,12.5,Favorable,12.444029850746269,Favorable
2026-07-25 05:10:00+03:00,PARTIAL,12.444029850746269,Favorable,12.444029850746269,Favorable,12.5,Favorable,12.444029850746269,Favorable
2026-07-25 05:15:00+03:00,PARTIAL,12.444029850746269,Favorable,12.444029850746269,Favorable,12.5,Favorable,12.444029850746269,Favorable
2026-07-25 05:20:00+03:00,PARTIAL,12.444029850746269,Favorable,12.444029850746269,Favorable,12.5,Favorable,12.444029850746269,Favorable
2026-07-25 05:25:00+03:00,PARTIAL,12.444029850746269,Favorable,12.444029850746269,Favorable,12.5,Favorable,12.444029850746269,Favorable
2026-07-25 05:30:00+03:00,PARTIAL,12.444029850746269,Favorable,12.444029850746269,Favorable,12.5,Favorable,12.444029850746269,Favorable
2026-07-25 05:35:00+03:00,PARTIAL,12.444029850746269,Favorable,12.444029850746269,Favorable,12.5,Favorable,12.444029850746269,Favorable
2026-07-25 05:40:00+03:00,PARTIAL,12.444029850746269,Favorable,12.444029850746269,Favorable,12.5,Favorable,12.444029850746269,Favorable
2026-07-25 05:45:00+03:00,PARTIAL,12.444029850746269,Favorable,12.444029850746269,Favorable,12.5,Favorable,12.444029850746269,Favorable
2026-07-25 05:50:00+03:00,PARTIAL,12.444029850746269,Favorable,12.444029850746269,Favorable,12.5,Favorable,12.444029850746269,Favorable
2026-07-25 05:55:00+03:00,PARTIAL,12.444029850746269,Favorable,12.444029850746269,Favorable,12.5,Favorable,12.444029850746269,Favorable
2026-07-25 06:00:00+03:00,PARTIAL,12.444029850746269,Favorable,12.444029850746269,Favorable,12.5,Favorable,12.444029850746269,Favorable
2026-07-25 06:05:00+03:00,PARTIAL,12.444029850746269,Favorable,12.444029850746269,Favorable,12.5,Favorable,12.444029850746269,Favorable
2026-07-25 06:10:00+03:00,PARTIAL,12.444029850746269,Favorable,12.444029850746269,Favorable,12.5,Favorable,12.444029850746269,Favorable
2026-07-25 06:15:00+03:00,PARTIAL,12.444029850746269,Favorable,12.444029850746269,Favorable,12.5,Favorable,12.444029850746269,Favorable
2026-07-25 06:20:00+03:00,PARTIAL,12.444029850746269,Favorable,12.444029850746269,Favorable,12.5,Favorable,12.444029850746269,Favorable
2026-07-25 06:25:00+03:00,PARTIAL,12.444029850746269,Favorable,12.444029850746269,Favorable,12.5,Favorable,12.444029850746269,Favorable
2026-07-25 06:30:00+03:00,PARTIAL,12.444029850746269,Favorable,12.444029850746269,Favorable,12.5,Favorable,12.444029850746269,Favorable
2026-07-25 06:35:00+03:00,PARTIAL,12.444029850746269,Favorable,12.444029850746269,Favorable,12.5,Favorable,12.444029850746269,Favorable
2026-07-25 06:40:00+03:00,PARTIAL,12.444029850746269,Favorable,12.444029850746269,Favorable,12.5,Favorable,12.444029850746269,Favorable
2026-07-25 06:45:00+03:00,PARTIAL,12.444029850746269,Favorable,12.444029850746269,Favorable,12.5,Favorable,12.444029850746269,Favorable
2026-07-25 06:50:00+03:00,PARTIAL,12.444029850746269,Favorable,12.444029850746269,Favorable,12.5,Favorable,12.444029850746269,Favorable
2026-07-25 06:55:00+03:00,PARTIAL,12.444029850746269,Favorable,12.444029850746269,Favorable,12.5,Favorable,12.444029850746269,Favorable
2026-07-25 07:00:00+03:00,PARTIAL,12.444029850746269,Favorable,12.444029850746269,Favorable,12.5,Favorable,12.444029850746269,Favorable
2026-07-25 07:05:00+03:00,PARTIAL,12.444029850746269,Favorable,12.444029850746269,Favorable,12.5,Favorable,12.444029850746269,Favorable
2026-07-25 07:10:00+03:00,PARTIAL,12.444029850746269,Favorable,12.444029850746269,Favorable,12.5,Favorable,12.444029850746269,Favorable
2026-07-25 07:15:00+03:00,PARTIAL,12.444029850746269,Favorable,12.444029850746269,Favorable,12.5,Favorable,12.444029850746269,Favorable
2026-07-25 07:20:00+03:00,PARTIAL,12.444029850746269,Favorable,12.444029850746269,Favorable,12.5,Favorable,12.444029850746269,Favorable
2026-07-25 07:25:00+03:00,PARTIAL,12.444029850746269,Favorable,12.444029850746269,Favorable,12.5,Favorable,12.444029850746269,Favorable
2026-07-25 07:30:00+03:00,PARTIAL,12.444029850746269,Favorable,12.444029850746269,Favorable,12.5,Favorable,12.444029850746269,Favorable
2026-07-25 07:35:00+03:00,PARTIAL,12.444029850746269,Favorable,12.444029850746269,Favorable,12.5,Favorable,12.444029850746269,Favorable
2026-07-25 07:40:00+03:00,PARTIAL,12.444029850746269,Favorable,12.444029850746269,Favorable,12.5,Favorable,12.444029850746269,Favorable
2026-07-25 07:45:00+03:00,PARTIAL,12.444029850746269,Favorable,12.444029850746269,Favorable,12.5,Favorable,12.444029850746269,Favorable
2026-07-25 07:50:00+03:00,PARTIAL,12.444029850746269,Favorable,12.444029850746269,Favorable,12.5,Favorable,12.444029850746269,Favorable
2026-07-25 07:55:00+03:00,PARTIAL,12.444029850746269,Favorable,12.444029850746269,Favorable,12.5,Favorable,12.444029850746269,Favorable
2026-07-25 08:00:00+03:00,PARTIAL,12.444029850746269,Favorable,12.444029850746269,Favorable,12.5,Favorable,12.444029850746269,Favorable
2026-07-25 08:05:00+03:00,PARTIAL,12.444029850746269,Favorable,12.444029850746269,Favorable,12.5,Favorable,12.444029850746269,Favorable
2026-07-25 08:10:00+03:00,PARTIAL,12.444029850746269,Favorable,12.444029850746269,Favorable,12.5,Favorable,12.444029850746269,Favorable
2026-07-25 08:15:00+03:00,PARTIAL,12.444029850746269,Favorable,12.444029850746269,Favorable,12.5,Favorable,12.444029850746269,Favorable
2026-07-25 08:20:00+03:00,PARTIAL,12.444029850746269,Favorable,12.444029850746269,Favorable,12.5,Favorable,12.444029850746269,Favorable
2026-07-25 08:25:00+03:00,PARTIAL,12.444029850746269,Favorable,12.444029850746269,Favorable,12.5,Favorable,12.444029850746269,Favorable
2026-07-25 08:30:00+03:00,PARTIAL,12.444029850746269,Favorable,12.444029850746269,Favorable,12.5,Favorable,12.444029850746269,Favorable
2026-07-25 08:35:00+03:00,PARTIAL,12.444029850746269,Favorable,12.444029850746269,Favorable,12.5,Favorable,12.444029850746269,Favorable
2026-07-25 08:40:00+03:00,PARTIAL,12.444029850746269,Favorable,12.444029850746269,Favorable,12.5,Favorable,12.444029850746269,Favorable
2026-07-25 08:45:00+03:00,PARTIAL,12.444029850746269,Favorable,12.444029850746269,Favorable,12.5,Favorable,12.444029850746269,Favorable
2026-07-25 08:50:00+03:00,PARTIAL,12.444029850746269,Favorable,12.444029850746269,Favorable,12.5,Favorable,12.444029850746269,Favorable
2026-07-25 08:55:00+03:00,PARTIAL,12.444029850746269,Favorable,12.444029850746269,Favorable,12.5,Favorable,12.444029850746269,Favorable
2026-07-25 09:00:00+03:00,PARTIAL,12.444029850746269,Favorable,12.444029850746269,Favorable,12.5,Favorable,12.444029850746269,Favorable
2026-07-25 09:05:00+03:00,PARTIAL,12.444029850746269,Favorable,12.444029850746269,Favorable,12.5,Favorable,12.444029850746269,Favorable
2026-07-25 09:10:00+03:00,PARTIAL,12.444029850746269,Favorable,12.444029850746269,Favorable,12.5,Favorable,12.444029850746269,Favorable
2026-07-25 09:15:00+03:00,PARTIAL,12.444029850746269,Favorable,12.444029850746269,Favorable,12.5,Favorable,12.444029850746269,Favorable
2026-07-25 09:20:00+03:00,PARTIAL,12.444029850746269,Favorable,12.444029850746269,Favorable,12.5,Favorable,12.444029850746269,Favorable
2026-07-25 09:25:00+03:00,PARTIAL,12.444029850746269,Favorable,12.444029850746269,Favorable,12.5,Favorable,12.444029850746269,Favorable
2026-07-25 09:30:00+03:00,PARTIAL,12.444029850746269,Favorable,12.444029850746269,Favorable,12.5,Favorable,12.444029850746269,Favorable
2026-07-25 09:35:00+03:00,PARTIAL,12.444029850746269,Favorable,12.444029850746269,Favorable,12.5,Favorable,12.444029850746269,Favorable
2026-07-25 09:40:00+03:00,PARTIAL,12.444029850746269,Favorable,12.444029850746269,Favorable,12.5,Favorable,12.444029850746269,Favorable
2026-07-25 09:45:00+03:00,PARTIAL,12.444029850746269,Favorable,12.444029850746269,Favorable,12.5,Favorable,12.444029850746269,Favorable
2026-07-25 09:50:00+03:00,PARTIAL,12.444029850746269,Favorable,12.444029850746269,Favorable,12.5,Favorable,12.444029850746269,Favorable
2026-07-25 09:55:00+03:00,PARTIAL,12.444029850746269,Favorable,12.444029850746269,Favorable,12.5,Favorable,12.444029850746269,Favorable
2026-07-25 10:00:00+03:00,PARTIAL,12.444029850746269,Favorable,12.444029850746269,Favorable,12.5,Favorable,12.444029850746269,Favorable
2026-07-25 10:05:00+03:00,PARTIAL,12.444029850746269,Favorable,12.444029850746269,Favorable,12.5,Favorable,12.444029850746269,Favorable
2026-07-25 10:10:00+03:00,PARTIAL,12.444029850746269,Favorable,12.444029850746269,Favorable,12.5,Favorable,12.444029850746269,Favorable
2026-07-25 10:15:00+03:00,PARTIAL,12.444029850746269,Favorable,12.444029850746269,Favorable,12.5,Favorable,12.444029850746269,Favorable
2026-07-25 10:20:00+03:00,PARTIAL,12.444029850746269,Favorable,12.444029850746269,Favorable,12.5,Favorable,12.444029850746269,Favorable
2026-07-25 10:25:00+03:00,PARTIAL,12.444029850746269,Favorable,12.444029850746269,Favorable,12.5,Favorable,12.444029850746269,Favorable
2026-07-25 10:30:00+03:00,PARTIAL,12.444029850746269,Favorable,12.444029850746269,Favorable,12.5,Favorable,12.444029850746269,Favorable
2026-07-25 10:35:00+03:00,PARTIAL,12.444029850746269,Favorable,12.444029850746269,Favorable,12.5,Favorable,12.444029850746269,Favorable
2026-07-25 10:40:00+03:00,PARTIAL,12.444029850746269,Favorable,12.444029850746269,Favorable,12.5,Favorable,12.444029850746269,Favorable
2026-07-25 10:45:00+03:00,PARTIAL,12.444029850746269,Favorable,12.444029850746269,Favorable,12.5,Favorable,12.444029850746269,Favorable
2026-07-25 10:50:00+03:00,PARTIAL,12.444029850746269,Favorable,12.444029850746269,Favorable,12.5,Favorable,12.444029850746269,Favorable
2026-07-25 10:55:00+03:00,PARTIAL,12.444029850746269,Favorable,12.444029850746269,Favorable,12.5,Favorable,12.444029850746269,Favorable
2026-07-25 11:00:00+03:00,PARTIAL,12.444029850746269,Favorable,12.444029850746269,Favorable,12.5,Favorable,12.444029850746269,Favorable
2026-07-25 11:05:00+03:00,PARTIAL,12.444029850746269,Favorable,12.444029850746269,Favorable,12.5,Favorable,12.444029850746269,Favorable
2026-07-25 11:10:00+03:00,PARTIAL,12.444029850746269,Favorable,12.444029850746269,Favorable,12.5,Favorable,12.444029850746269,Favorable
2026-07-25 11:15:00+03:00,PARTIAL,12.444029850746269,Favorable,12.444029850746269,Favorable,12.5,Favorable,12.444029850746269,Favorable
2026-07-25 11:20:00+03:00,PARTIAL,12.444029850746269,Favorable,12.444029850746269,Favorable,12.5,Favorable,12.444029850746269,Favorable
2026-07-25 11:25:00+03:00,PARTIAL,12.444029850746269,Favorable,12.444029850746269,Favorable,12.5,Favorable,12.444029850746269,Favorable
2026-07-25 11:30:00+03:00,PARTIAL,12.444029850746269,Favorable,12.444029850746269,Favorable,12.5,Favorable,12.444029850746269,Favorable
2026-07-25 11:35:00+03:00,PARTIAL,12.444029850746269,Favorable,12.444029850746269,Favorable,12.5,Favorable,12.444029850746269,Favorable
2026-07-25 11:40:00+03:00,PARTIAL,12.444029850746269,Favorable,12.444029850746269,Favorable,12.5,Favorable,12.444029850746269,Favorable
2026-07-25 11:45:00+03:00,PARTIAL,12.444029850746269,Favorable,12.444029850746269,Favorable,12.5,Favorable,12.444029850746269,Favorable
2026-07-25 11:50:00+03:00,PARTIAL,12.444029850746269,Favorable,12.444029850746269,Favorable,12.5,Favorable,12.444029850746269,Favorable
2026-07-25 11:55:00+03:00,PARTIAL,12.444029850746269,Favorable,12.444029850746269,Favorable,12.5,Favorable,12.444029850746269,Favorable
2026-07-25 12:00:00+03:00,PARTIAL,12.444029850746269,Favorable,12.444029850746269,Favorable,12.5,Favorable,12.444029850746269,Favorable
2026-07-25 12:05:00+03:00,PARTIAL,12.444029850746269,Favorable,12.444029850746269,Favorable,12.5,Favorable,12.444029850746269,Favorable
2026-07-25 12:10:00+03:00,PARTIAL,12.444029850746269,Favorable,12.444029850746269,Favorable,12.5,Favorable,12.444029850746269,Favorable
2026-07-25 12:15:00+03:00,PARTIAL,12.444029850746269,Favorable,12.444029850746269,Favorable,12.5,Favorable,12.444029850746269,Favorable
2026-07-25 12:20:00+03:00,PARTIAL,12.444029850746269,Favorable,12.444029850746269,Favorable,12.5,Favorable,12.444029850746269,Favorable
2026-07-25 12:25:00+03:00,PARTIAL,12.444029850746269,Favorable,12.444029850746269,Favorable,12.5,Favorable,12.444029850746269,Favorable
2026-07-25 12:30:00+03:00,PARTIAL,12.444029850746269,Favorable,12.444029850746269,Favorable,12.5,Favorable,12.444029850746269,Favorable
2026-07-25 12:35:00+03:00,PARTIAL,12.444029850746269,Favorable,12.444029850746269,Favorable,12.5,Favorable,12.444029850746269,Favorable
2026-07-25 12:40:00+03:00,PARTIAL,12.444029850746269,Favorable,12.444029850746269,Favorable,12.5,Favorable,12.444029850746269,Favorable
2026-07-25 12:45:00+03:00,PARTIAL,12.444029850746269,Favorable,12.444029850746269,Favorable,12.5,Favorable,12.444029850746269,Favorable
2026-07-25 12:50:00+03:00,PARTIAL,12.444029850746269,Favorable,12.444029850746269,Favorable,12.5,Favorable,12.444029850746269,Favorable
2026-07-25 12:55:00+03:00,PARTIAL,12.444029850746269,Favorable,12.444029850746269,Favorable,12.5,Favorable,12.444029850746269,Favorable
2026-07-25 13:00:00+03:00,PARTIAL,12.444029850746269,Favorable,12.444029850746269,Favorable,12.5,Favorable,12.444029850746269,Favorable
2026-07-25 13:05:00+03:00,PARTIAL,12.444029850746269,Favorable,12.444029850746269,Favorable,12.5,Favorable,12.444029850746269,Favorable
2026-07-25 13:10:00+03:00,PARTIAL,12.444029850746269,Favorable,12.444029850746269,Favorable,12.5,Favorable,12.444029850746269,Favorable
2026-07-25 13:15:00+03:00,PARTIAL,12.444029850746269,Favorable,12.444029850746269,Favorable,12.5,Favorable,12.444029850746269,Favorable
2026-07-25 13:20:00+03:00,PARTIAL,12.444029850746269,Favorable,12.444029850746269,Favorable,12.5,Favorable,12.444029850746269,Favorable
2026-07-25 13:25:00+03:00,PARTIAL,12.444029850746269,Favorable,12.444029850746269,Favorable,12.5,Favorable,12.444029850746269,Favorable
2026-07-25 13:30:00+03:00,PARTIAL,12.444029850746269,Favorable,12.444029850746269,Favorable,12.5,Favorable,12.444029850746269,Favorable
2026-07-25 13:35:00+03:00,PARTIAL,12.444029850746269,Favorable,12.444029850746269,Favorable,12.5,Favorable,12.444029850746269,Favorable
2026-07-25 13:40:00+03:00,PARTIAL,12.444029850746269,Favorable,12.444029850746269,Favorable,12.5,Favorable,12.444029850746269,Favorable
2026-07-25 13:45:00+03:00,PARTIAL,12.444029850746269,Favorable,12.444029850746269,Favorable,12.5,Favorable,12.444029850746269,Favorable
2026-07-25 13:50:00+03:00,PARTIAL,12.444029850746269,Favorable,12.444029850746269,Favorable,12.5,Favorable,12.444029850746269,Favorable
2026-07-25 13:55:00+03:00,PARTIAL,12.444029850746269,Favorable,12.444029850746269,Favorable,12.5,Favorable,12.444029850746269,Favorable
2026-07-25 14:00:00+03:00,PARTIAL,12.444029850746269,Favorable,12.444029850746269,Favorable,12.5,Favorable,12.444029850746269,Favorable
2026-07-25 14:05:00+03:00,PARTIAL,12.444029850746269,Favorable,12.444029850746269,Favorable,12.5,Favorable,12.444029850746269,Favorable
2026-07-25 14:10:00+03:00,PARTIAL,12.444029850746269,Favorable,12.444029850746269,Favorable,12.5,Favorable,12.444029850746269,Favorable
2026-07-25 14:15:00+03:00,PARTIAL,12.444029850746269,Favorable,12.444029850746269,Favorable,12.5,Favorable,12.444029850746269,Favorable
2026-07-25 14:20:00+03:00,PARTIAL,12.444029850746269,Favorable,12.444029850746269,Favorable,12.5,Favorable,12.444029850746269,Favorable
2026-07-25 14:25:00+03:00,PARTIAL,12.444029850746269,Favorable,12.444029850746269,Favorable,12.5,Favorable,12.444029850746269,Favorable
2026-07-25 14:30:00+03:00,PARTIAL,12.444029850746269,Favorable,12.444029850746269,Favorable,12.5,Favorable,12.444029850746269,Favorable
2026-07-25 14:35:00+03:00,PARTIAL,12.444029850746269,Favorable,12.444029850746269,Favorable,12.5,Favorable,12.444029850746269,Favorable
2026-07-25 14:40:00+03:00,PARTIAL,12.444029850746269,Favorable,12.444029850746269,Favorable,12.5,Favorable,12.444029850746269,Favorable
2026-07-25 14:45:00+03:00,PARTIAL,12.444029850746269,Favorable,12.444029850746269,Favorable,12.5,Favorable,12.444029850746269,Favorable
2026-07-25 14:50:00+03:00,PARTIAL,12.444029850746269,Favorable,12.444029850746269,Favorable,12.5,Favorable,12.444029850746269,Favorable
2026-07-25 14:55:00+03:00,PARTIAL,12.444029850746269,Favorable,12.444029850746269,Favorable,12.5,Favorable,12.444029850746269,Favorable
2026-07-25 15:00:00+03:00,PARTIAL,12.444029850746269,Favorable,12.444029850746269,Favorable,12.5,Favorable,12.444029850746269,Favorable
2026-07-25 15:05:00+03:00,PARTIAL,12.444029850746269,Favorable,12.444029850746269,Favorable,12.5,Favorable,12.444029850746269,Favorable
2026-07-25 15:10:00+03:00,PARTIAL,12.444029850746269,Favorable,12.444029850746269,Favorable,12.5,Favorable,12.444029850746269,Favorable
2026-07-25 15:15:00+03:00,PARTIAL,12.444029850746269,Favorable,12.444029850746269,Favorable,12.5,Favorable,12.444029850746269,Favorable
2026-07-25 15:20:00+03:00,PARTIAL,12.444029850746269,Favorable,12.444029850746269,Favorable,12.5,Favorable,12.444029850746269,Favorable
2026-07-25 15:25:00+03:00,PARTIAL,12.444029850746269,Favorable,12.444029850746269,Favorable,12.5,Favorable,12.444029850746269,Favorable
2026-07-25 15:30:00+03:00,PARTIAL,12.444029850746269,Favorable,12.444029850746269,Favorable,12.5,Favorable,12.444029850746269,Favorable
2026-07-25 15:35:00+03:00,PARTIAL,12.444029850746269,Favorable,12.444029850746269,Favorable,12.5,Favorable,12.444029850746269,Favorable
2026-07-25 15:40:00+03:00,PARTIAL,12.444029850746269,Favorable,12.444029850746269,Favorable,12.5,Favorable,12.444029850746269,Favorable
2026-07-25 15:45:00+03:00,PARTIAL,12.444029850746269,Favorable,12.444029850746269,Favorable,12.5,Favorable,12.444029850746269,Favorable
2026-07-25 15:50:00+03:00,PARTIAL,12.444029850746269,Favorable,12.444029850746269,Favorable,12.5,Favorable,12.444029850746269,Favorable
2026-07-25 15:55:00+03:00,PARTIAL,12.444029850746269,Favorable,12.444029850746269,Favorable,12.5,Favorable,12.444029850746269,Favorable
2026-07-25 16:00:00+03:00,PARTIAL,12.444029850746269,Favorable,12.444029850746269,Favorable,12.5,Favorable,12.444029850746269,Favorable
2026-07-25 16:05:00+03:00,PARTIAL,12.444029850746269,Favorable,12.444029850746269,Favorable,12.5,Favorable,12.444029850746269,Favorable
2026-07-25 16:10:00+03:00,PARTIAL,12.444029850746269,Favorable,12.444029850746269,Favorable,12.5,Favorable,12.444029850746269,Favorable
2026-07-25 16:15:00+03:00,PARTIAL,12.444029850746269,Favorable,12.444029850746269,Favorable,12.5,Favorable,12.444029850746269,Favorable
2026-07-25 16:20:00+03:00,PARTIAL,12.444029850746269,Favorable,12.444029850746269,Favorable,12.5,Favorable,12.444029850746269,Favorable
2026-07-25 16:25:00+03:00,PARTIAL,12.444029850746269,Favorable,12.444029850746269,Favorable,12.5,Favorable,12.444029850746269,Favorable
2026-07-25 16:30:00+03:00,PARTIAL,12.444029850746269,Favorable,12.444029850746269,Favorable,12.5,Favorable,12.444029850746269,Favorable
2026-07-25 16:35:00+03:00,PARTIAL,12.444029850746269,Favorable,12.444029850746269,Favorable,12.5,Favorable,12.444029850746269,Favorable
2026-07-25 16:40:00+03:00,PARTIAL,12.444029850746269,Favorable,12.444029850746269,Favorable,12.5,Favorable,12.444029850746269,Favorable
2026-07-25 16:45:00+03:00,PARTIAL,12.444029850746269,Favorable,12.444029850746269,Favorable,12.5,Favorable,12.444029850746269,Favorable
2026-07-25 16:50:00+03:00,PARTIAL,12.444029850746269,Favorable,12.444029850746269,Favorable,12.5,Favorable,12.444029850746269,Favorable
2026-07-25 16:55:00+03:00,PARTIAL,12.444029850746269,Favorable,12.444029850746269,Favorable,12.5,Favorable,12.444029850746269,Favorable
2026-07-25 17:00:00+03:00,PARTIAL,12.444029850746269,Favorable,12.444029850746269,Favorable,12.5,Favorable,12.444029850746269,Favorable
2026-07-25 17:05:00+03:00,PARTIAL,12.444029850746269,Favorable,12.444029850746269,Favorable,12.5,Favorable,12.444029850746269,Favorable
2026-07-25 17:10:00+03:00,PARTIAL,12.444029850746269,Favorable,12.444029850746269,Favorable,12.5,Favorable,12.444029850746269,Favorable
2026-07-25 17:15:00+03:00,PARTIAL,12.444029850746269,Favorable,12.444029850746269,Favorable,12.5,Favorable,12.444029850746269,Favorable
2026-07-25 17:20:00+03:00,PARTIAL,12.444029850746269,Favorable,12.444029850746269,Favorable,12.5,Favorable,12.444029850746269,Favorable
2026-07-25 17:25:00+03:00,PARTIAL,12.444029850746269,Favorable,12.444029850746269,Favorable,12.5,Favorable,12.444029850746269,Favorable
2026-07-25 17:30:00+03:00,PARTIAL,12.444029850746269,Favorable,12.444029850746269,Favorable,12.5,Favorable,12.444029850746269,Favorable
2026-07-25 17:35:00+03:00,PARTIAL,12.444029850746269,Favorable,12.444029850746269,Favorable,12.5,Favorable,12.444029850746269,Favorable
2026-07-25 17:40:00+03:00,PARTIAL,12.444029850746269,Favorable,12.444029850746269,Favorable,12.5,Favorable,12.444029850746269,Favorable
2026-07-25 17:45:00+03:00,PARTIAL,12.444029850746269,Favorable,12.444029850746269,Favorable,12.5,Favorable,12.444029850746269,Favorable
2026-07-25 17:50:00+03:00,PARTIAL,12.444029850746269,Favorable,12.444029850746269,Favorable,12.5,Favorable,12.444029850746269,Favorable
2026-07-25 17:55:00+03:00,PARTIAL,12.444029850746269,Favorable,12.444029850746269,Favorable,12.5,Favorable,12.444029850746269,Favorable
2026-07-25 18:00:00+03:00,PARTIAL,12.444029850746269,Favorable,12.444029850746269,Favorable,12.5,Favorable,12.444029850746269,Favorable
2026-07-25 18:05:00+03:00,PARTIAL,12.444029850746269,Favorable,12.444029850746269,Favorable,12.5,Favorable,12.444029850746269,Favorable
2026-07-25 18:10:00+03:00,PARTIAL,12.444029850746269,Favorable,12.444029850746269,Favorable,12.5,Favorable,12.444029850746269,Favorable
2026-07-25 18:15:00+03:00,PARTIAL,12.444029850746269,Favorable,12.444029850746269,Favorable,12.5,Favorable,12.444029850746269,Favorable
2026-07-25 18:20:00+03:00,PARTIAL,12.444029850746269,Favorable,12.444029850746269,Favorable,12.5,Favorable,12.444029850746269,Favorable
2026-07-25 18:25:00+03:00,PARTIAL,12.444029850746269,Favorable,12.444029850746269,Favorable,12.5,Favorable,12.444029850746269,Favorable
2026-07-25 18:30:00+03:00,PARTIAL,12.444029850746269,Favorable,12.444029850746269,Favorable,12.5,Favorable,12.444029850746269,Favorable
2026-07-25 18:35:00+03:00,PARTIAL,12.444029850746269,Favorable,12.444029850746269,Favorable,12.5,Favorable,12.444029850746269,Favorable
2026-07-25 18:40:00+03:00,PARTIAL,12.444029850746269,Favorable,12.444029850746269,Favorable,12.5,Favorable,12.444029850746269,Favorable
2026-07-25 18:45:00+03:00,PARTIAL,12.444029850746269,Favorable,12.444029850746269,Favorable,12.5,Favorable,12.444029850746269,Favorable
2026-07-25 18:50:00+03:00,PARTIAL,12.444029850746269,Favorable,12.444029850746269,Favorable,12.5,Favorable,12.444029850746269,Favorable
2026-07-25 18:55:00+03:00,PARTIAL,12.444029850746269,Favorable,12.444029850746269,Favorable,12.5,Favorable,12.444029850746269,Favorable
2026-07-25 19:00:00+03:00,PARTIAL,12.444029850746269,Favorable,12.444029850746269,Favorable,12.5,Favorable,12.444029850746269,Favorable
2026-07-25 19:05:00+03:00,PARTIAL,12.444029850746269,Favorable,12.444029850746269,Favorable,12.5,Favorable,12.444029850746269,Favorable
2026-07-25 19:10:00+03:00,PARTIAL,12.444029850746269,Favorable,12.444029850746269,Favorable,12.5,Favorable,12.444029850746269,Favorable
2026-07-25 19:15:00+03:00,PARTIAL,12.444029850746269,Favorable,12.444029850746269,Favorable,12.5,Favorable,12.444029850746269,Favorable
2026-07-25 19:20:00+03:00,PARTIAL,12.444029850746269,Favorable,12.444029850746269,Favorable,12.5,Favorable,12.444029850746269,Favorable
2026-07-25 19:25:00+03:00,PARTIAL,12.444029850746269,Favorable,12.444029850746269,Favorable,12.5,Favorable,12.444029850746269,Favorable
2026-07-25 19:30:00+03:00,PARTIAL,12.444029850746269,Favorable,12.444029850746269,Favorable,12.5,Favorable,12.444029850746269,Favorable
2026-07-25 19:35:00+03:00,PARTIAL,12.444029850746269,Favorable,12.444029850746269,Favorable,12.5,Favorable,12.444029850746269,Favorable
2026-07-25 19:40:00+03:00,PARTIAL,12.444029850746269,Favorable,12.444029850746269,Favorable,12.5,Favorable,12.444029850746269,Favorable
2026-07-25 19:45:00+03:00,PARTIAL,12.444029850746269,Favorable,12.444029850746269,Favorable,12.5,Favorable,12.444029850746269,Favorable
2026-07-25 19:50:00+03:00,PARTIAL,12.444029850746269,Favorable,12.444029850746269,Favorable,12.5,Favorable,12.444029850746269,Favorable
2026-07-25 19:55:00+03:00,PARTIAL,12.444029850746269,Favorable,12.444029850746269,Favorable,12.5,Favorable,12.444029850746269,Favorable
2026-07-25 20:00:00+03:00,PARTIAL,12.444029850746269,Favorable,12.444029850746269,Favorable,12.5,Favorable,12.444029850746269,Favorable
2026-07-25 20:05:00+03:00,PARTIAL,12.444029850746269,Favorable,12.444029850746269,Favorable,12.5,Favorable,12.444029850746269,Favorable
2026-07-25 20:10:00+03:00,PARTIAL,12.444029850746269,Favorable,12.444029850746269,Favorable,12.5,Favorable,12.444029850746269,Favorable
2026-07-25 20:15:00+03:00,PARTIAL,12.444029850746269,Favorable,12.444029850746269,Favorable,12.5,Favorable,12.444029850746269,Favorable
2026-07-25 20:20:00+03:00,PARTIAL,12.444029850746269,Favorable,12.444029850746269,Favorable,12.5,Favorable,12.444029850746269,Favorable
2026-07-25 20:25:00+03:00,PARTIAL,12.444029850746269,Favorable,12.444029850746269,Favorable,12.5,Favorable,12.444029850746269,Favorable
2026-07-25 20:30:00+03:00,PARTIAL,12.444029850746269,Favorable,12.444029850746269,Favorable,12.5,Favorable,12.444029850746269,Favorable
2026-07-25 20:35:00+03:00,PARTIAL,12.444029850746269,Favorable,12.444029850746269,Favorable,12.5,Favorable,12.444029850746269,Favorable
2026-07-25 20:40:00+03:00,PARTIAL,12.444029850746269,Favorable,12.444029850746269,Favorable,12.5,Favorable,12.444029850746269,Favorable
2026-07-25 20:45:00+03:00,PARTIAL,12.444029850746269,Favorable,12.444029850746269,Favorable,12.5,Favorable,12.444029850746269,Favorable
2026-07-25 20:50:00+03:00,PARTIAL,12.444029850746269,Favorable,12.444029850746269,Favorable,12.5,Favorable,12.444029850746269,Favorable
2026-07-25 20:55:00+03:00,PARTIAL,12.444029850746269,Favorable,12.444029850746269,Favorable,12.5,Favorable,12.444029850746269,Favorable
2026-07-25 21:00:00+03:00,PARTIAL,12.444029850746269,Favorable,12.444029850746269,Favorable,12.5,Favorable,12.444029850746269,Favorable
2026-07-25 21:05:00+03:00,PARTIAL,12.444029850746269,Favorable,12.444029850746269,Favorable,12.5,Favorable,12.444029850746269,Favorable
2026-07-25 21:10:00+03:00,PARTIAL,12.444029850746269,Favorable,12.444029850746269,Favorable,12.5,Favorable,12.444029850746269,Favorable
2026-07-25 21:15:00+03:00,PARTIAL,12.444029850746269,Favorable,12.444029850746269,Favorable,12.5,Favorable,12.444029850746269,Favorable
2026-07-25 21:20:00+03:00,PARTIAL,12.444029850746269,Favorable,12.444029850746269,Favorable,12.5,Favorable,12.444029850746269,Favorable
2026-07-25 21:25:00+03:00,PARTIAL,12.444029850746269,Favorable,12.444029850746269,Favorable,12.5,Favorable,12.444029850746269,Favorable
2026-07-25 21:30:00+03:00,PARTIAL,12.444029850746269,Favorable,12.444029850746269,Favorable,12.5,Favorable,12.444029850746269,Favorable
2026-07-25 21:35:00+03:00,PARTIAL,12.444029850746269,Favorable,12.444029850746269,Favorable,12.5,Favorable,12.444029850746269,Favorable
2026-07-25 21:40:00+03:00,PARTIAL,12.444029850746269,Favorable,12.444029850746269,Favorable,12.5,Favorable,12.444029850746269,Favorable
2026-07-25 21:45:00+03:00,PARTIAL,12.444029850746269,Favorable,12.444029850746269,Favorable,12.5,Favorable,12.444029850746269,Favorable
2026-07-25 21:50:00+03:00,PARTIAL,12.444029850746269,Favorable,12.444029850746269,Favorable,12.5,Favorable,12.444029850746269,Favorable
2026-07-25 21:55:00+03:00,PARTIAL,12.444029850746269,Favorable,12.444029850746269,Favorable,12.5,Favorable,12.444029850746269,Favorable
2026-07-25 22:00:00+03:00,PARTIAL,12.444029850746269,Favorable,12.444029850746269,Favorable,12.5,Favorable,12.444029850746269,Favorable
2026-07-25 22:05:00+03:00,PARTIAL,12.444029850746269,Favorable,12.444029850746269,Favorable,12.5,Favorable,12.444029850746269,Favorable
2026-07-25 22:10:00+03:00,PARTIAL,12.444029850746269,Favorable,12.444029850746269,Favorable,12.5,Favorable,12.444029850746269,Favorable
2026-07-25 22:15:00+03:00,PARTIAL,12.444029850746269,Favorable,12.444029850746269,Favorable,12.5,Favorable,12.444029850746269,Favorable
2026-07-25 22:20:00+03:00,PARTIAL,12.444029850746269,Favorable,12.444029850746269,Favorable,12.5,Favorable,12.444029850746269,Favorable
2026-07-25 22:25:00+03:00,PARTIAL,12.444029850746269,Favorable,12.444029850746269,Favorable,12.5,Favorable,12.444029850746269,Favorable
2026-07-25 22:30:00+03:00,PARTIAL,12.444029850746269,Favorable,12.444029850746269,Favorable,12.5,Favorable,12.444029850746269,Favorable
2026-07-25 22:35:00+03:00,PARTIAL,12.444029850746269,Favorable,12.444029850746269,Favorable,12.5,Favorable,12.444029850746269,Favorable
2026-07-25 22:40:00+03:00,PARTIAL,12.444029850746269,Favorable,12.444029850746269,Favorable,12.5,Favorable,12.444029850746269,Favorable
2026-07-25 22:45:00+03:00,PARTIAL,12.444029850746269,Favorable,12.444029850746269,Favorable,12.5,Favorable,12.444029850746269,Favorable
2026-07-25 22:50:00+03:00,PARTIAL,12.444029850746269,Favorable,12.444029850746269,Favorable,12.5,Favorable,12.444029850746269,Favorable
2026-07-25 22:55:00+03:00,PARTIAL,12.444029850746269,Favorable,12.444029850746269,Favorable,12.5,Favorable,12.444029850746269,Favorable
2026-07-25 23:00:00+03:00,PARTIAL,12.444029850746269,Favorable,12.444029850746269,Favorable,12.5,Favorable,12.444029850746269,Favorable
2026-07-25 23:05:00+03:00,PARTIAL,12.444029850746269,Favorable,12.444029850746269,Favorable,12.5,Favorable,12.444029850746269,Favorable
2026-07-25 23:10:00+03:00,PARTIAL,12.444029850746269,Favorable,12.444029850746269,Favorable,12.5,Favorable,12.444029850746269,Favorable
2026-07-25 23:15:00+03:00,PARTIAL,12.444029850746269,Favorable,12.444029850746269,Favorable,12.5,Favorable,12.444029850746269,Favorable
2026-07-25 23:20:00+03:00,PARTIAL,12.444029850746269,Favorable,12.444029850746269,Favorable,12.5,Favorable,12.444029850746269,Favorable
2026-07-25 23:25:00+03:00,PARTIAL,12.444029850746269,Favorable,12.444029850746269,Favorable,12.5,Favorable,12.444029850746269,Favorable
2026-07-25 23:30:00+03:00,PARTIAL,12.444029850746269,Favorable,12.444029850746269,Favorable,12.5,Favorable,12.444029850746269,Favorable
2026-07-25 23:35:00+03:00,PARTIAL,12.444029850746269,Favorable,12.444029850746269,Favorable,12.5,Favorable,12.444029850746269,Favorable
2026-07-25 23:40:00+03:00,PARTIAL,12.444029850746269,Favorable,12.444029850746269,Favorable,12.5,Favorable,12.444029850746269,Favorable
2026-07-25 23:45:00+03:00,PARTIAL,12.444029850746269,Favorable,12.444029850746269,Favorable,12.5,Favorable,12.444029850746269,Favorable
2026-07-25 23:50:00+03:00,PARTIAL,12.444029850746269,Favorable,12.444029850746269,Favorable,12.5,Favorable,12.444029850746269,Favorable
2026-07-25 23:55:00+03:00,PARTIAL,12.444029850746269,Favorable,12.444029850746269,Favorable,12.5,Favorable,12.444029850746269,Favorable
2026-07-26 00:00:00+03:00,PARTIAL,12.444029850746269,Favorable,12.444029850746269,Favorable,12.5,Favorable,12.444029850746269,Favorable
2026-07-26 00:05:00+03:00,PARTIAL,12.444029850746269,Favorable,12.444029850746269,Favorable,12.5,Favorable,12.444029850746269,Favorable
2026-07-26 00:10:00+03:00,PARTIAL,12.444029850746269,Favorable,12.444029850746269,Favorable,12.5,Favorable,12.444029850746269,Favorable
2026-07-26 00:15:00+03:00,PARTIAL,12.444029850746269,Favorable,12.444029850746269,Favorable,12.5,Favorable,12.444029850746269,Favorable
2026-07-26 00:20:00+03:00,PARTIAL,12.444029850746269,Favorable,12.444029850746269,Favorable,12.5,Favorable,12.444029850746269,Favorable
2026-07-26 00:25:00+03:00,PARTIAL,12.444029850746269,Favorable,12.444029850746269,Favorable,12.5,Favorable,12.444029850746269,Favorable
2026-07-26 00:30:00+03:00,PARTIAL,12.444029850746269,Favorable,12.444029850746269,Favorable,12.5,Favorable,12.444029850746269,Favorable
2026-07-26 00:35:00+03:00,PARTIAL,12.444029850746269,Favorable,12.444029850746269,Favorable,12.5,Favorable,12.444029850746269,Favorable
2026-07-26 00:40:00+03:00,PARTIAL,12.444029850746269,Favorable,12.444029850746269,Favorable,12.5,Favorable,12.444029850746269,Favorable
2026-07-26 00:45:00+03:00,PARTIAL,12.444029850746269,Favorable,12.444029850746269,Favorable,12.5,Favorable,12.444029850746269,Favorable
2026-07-26 00:50:00+03:00,PARTIAL,12.444029850746269,Favorable,12.444029850746269,Favorable,12.5,Favorable,12.444029850746269,Favorable
2026-07-26 00:55:00+03:00,PARTIAL,12.444029850746269,Favorable,12.444029850746269,Favorable,12.5,Favorable,12.444029850746269,Favorable
2026-07-26 01:00:00+03:00,PARTIAL,12.444029850746269,Favorable,12.444029850746269,Favorable,12.5,Favorable,12.444029850746269,Favorable
2026-07-26 01:05:00+03:00,PARTIAL,12.444029850746269,Favorable,12.444029850746269,Favorable,12.5,Favorable,12.444029850746269,Favorable
2026-07-26 01:10:00+03:00,PARTIAL,12.444029850746269,Favorable,12.444029850746269,Favorable,12.5,Favorable,12.444029850746269,Favorable
2026-07-26 01:15:00+03:00,PARTIAL,12.444029850746269,Favorable,12.444029850746269,Favorable,12.5,Favorable,12.444029850746269,Favorable
2026-07-26 01:20:00+03:00,PARTIAL,12.444029850746269,Favorable,12.444029850746269,Favorable,12.5,Favorable,12.444029850746269,Favorable
2026-07-26 01:25:00+03:00,PARTIAL,12.444029850746269,Favorable,12.444029850746269,Favorable,12.5,Favorable,12.444029850746269,Favorable
2026-07-26 01:30:00+03:00,PARTIAL,12.444029850746269,Favorable,12.444029850746269,Favorable,12.5,Favorable,12.444029850746269,Favorable
2026-07-26 01:35:00+03:00,PARTIAL,13.485769082420525,Favorable,13.485769082420525,Favorable,12.5,Favorable,12.964899466583397,Favorable
2026-07-26 01:40:00+03:00,PARTIAL,12.493989917654526,Favorable,12.493989917654526,Favorable,12.5,Favorable,12.469009884200396,Favorable
2026-07-26 01:45:00+03:00,PARTIAL,12.444029850746269,Favorable,12.444029850746269,Favorable,12.5,Favorable,12.444029850746269,Favorable
2026-07-26 01:50:00+03:00,PARTIAL,12.444029850746269,Favorable,12.444029850746269,Favorable,12.5,Favorable,12.444029850746269,Favorable
2026-07-26 01:55:00+03:00,PARTIAL,12.444029850746269,Favorable,12.444029850746269,Favorable,12.5,Favorable,12.444029850746269,Favorable
2026-07-26 02:00:00+03:00,PARTIAL,12.444029850746269,Favorable,12.444029850746269,Favorable,12.5,Favorable,12.444029850746269,Favorable
2026-07-26 02:05:00+03:00,PARTIAL,12.444029850746269,Favorable,12.444029850746269,Favorable,12.5,Favorable,12.444029850746269,Favorable
2026-07-26 02:10:00+03:00,PARTIAL,12.444029850746269,Favorable,12.444029850746269,Favorable,12.5,Favorable,12.444029850746269,Favorable
2026-07-26 02:15:00+03:00,PARTIAL,12.444029850746269,Favorable,12.444029850746269,Favorable,12.5,Favorable,12.444029850746269,Favorable
2026-07-26 02:20:00+03:00,PARTIAL,12.444029850746269,Favorable,12.444029850746269,Favorable,12.5,Favorable,12.444029850746269,Favorable
2026-07-26 02:25:00+03:00,PARTIAL,12.444029850746269,Favorable,12.444029850746269,Favorable,12.5,Favorable,12.444029850746269,Favorable
2026-07-26 02:30:00+03:00,PARTIAL,12.444029850746269,Favorable,12.444029850746269,Favorable,12.5,Favorable,12.444029850746269,Favorable
2026-07-26 02:35:00+03:00,PARTIAL,12.444029850746269,Favorable,12.444029850746269,Favorable,12.5,Favorable,12.444029850746269,Favorable
2026-07-26 02:40:00+03:00,PARTIAL,12.444029850746269,Favorable,12.444029850746269,Favorable,12.5,Favorable,12.444029850746269,Favorable
2026-07-26 02:45:00+03:00,PARTIAL,12.444029850746269,Favorable,12.444029850746269,Favorable,12.5,Favorable,12.444029850746269,Favorable
2026-07-26 02:50:00+03:00,PARTIAL,12.444029850746269,Favorable,12.444029850746269,Favorable,12.5,Favorable,12.444029850746269,Favorable
2026-07-26 02:55:00+03:00,PARTIAL,12.444029850746269,Favorable,12.444029850746269,Favorable,12.5,Favorable,12.444029850746269,Favorable
2026-07-26 03:00:00+03:00,PARTIAL,12.444029850746269,Favorable,12.444029850746269,Favorable,12.5,Favorable,12.444029850746269,Favorable
2026-07-26 03:05:00+03:00,PARTIAL,12.444029850746269,Favorable,12.444029850746269,Favorable,12.5,Favorable,12.444029850746269,Favorable
2026-07-26 03:10:00+03:00,PARTIAL,12.444029850746269,Favorable,12.444029850746269,Favorable,12.5,Favorable,12.444029850746269,Favorable
2026-07-26 03:15:00+03:00,PARTIAL,12.444029850746269,Favorable,12.444029850746269,Favorable,12.5,Favorable,12.444029850746269,Favorable
2026-07-26 03:20:00+03:00,PARTIAL,12.444029850746269,Favorable,12.444029850746269,Favorable,12.5,Favorable,12.444029850746269,Favorable
2026-07-26 03:25:00+03:00,PARTIAL,12.444029850746269,Favorable,12.444029850746269,Favorable,12.5,Favorable,12.444029850746269,Favorable
2026-07-26 03:30:00+03:00,PARTIAL,12.444029850746269,Favorable,12.444029850746269,Favorable,12.5,Favorable,12.444029850746269,Favorable
2026-07-26 03:35:00+03:00,PARTIAL,12.444029850746269,Favorable,12.444029850746269,Favorable,12.5,Favorable,12.444029850746269,Favorable
2026-07-26 03:40:00+03:00,PARTIAL,12.444029850746269,Favorable,12.444029850746269,Favorable,12.5,Favorable,12.444029850746269,Favorable
2026-07-26 03:45:00+03:00,PARTIAL,12.444029850746269,Favorable,12.444029850746269,Favorable,12.5,Favorable,12.444029850746269,Favorable
2026-07-26 03:50:00+03:00,PARTIAL,12.444029850746269,Favorable,12.444029850746269,Favorable,12.5,Favorable,12.444029850746269,Favorable
2026-07-26 03:55:00+03:00,PARTIAL,12.444029850746269,Favorable,12.444029850746269,Favorable,12.5,Favorable,12.444029850746269,Favorable
2026-07-26 04:00:00+03:00,PARTIAL,12.444029850746269,Favorable,12.444029850746269,Favorable,12.5,Favorable,12.444029850746269,Favorable
2026-07-26 04:05:00+03:00,PARTIAL,12.444029850746269,Favorable,12.444029850746269,Favorable,12.5,Favorable,12.444029850746269,Favorable
2026-07-26 04:10:00+03:00,PARTIAL,12.444029850746269,Favorable,12.444029850746269,Favorable,12.5,Favorable,12.444029850746269,Favorable
2026-07-26 04:15:00+03:00,PARTIAL,12.444029850746269,Favorable,12.444029850746269,Favorable,12.5,Favorable,12.444029850746269,Favorable
2026-07-26 04:20:00+03:00,PARTIAL,12.444029850746269,Favorable,12.444029850746269,Favorable,12.5,Favorable,12.444029850746269,Favorable
2026-07-26 04:25:00+03:00,PARTIAL,12.444029850746269,Favorable,12.444029850746269,Favorable,12.5,Favorable,12.444029850746269,Favorable
2026-07-26 04:30:00+03:00,PARTIAL,12.444029850746269,Favorable,12.444029850746269,Favorable,12.5,Favorable,12.444029850746269,Favorable
2026-07-26 04:35:00+03:00,PARTIAL,12.444029850746269,Favorable,12.444029850746269,Favorable,12.5,Favorable,12.444029850746269,Favorable
2026-07-26 04:40:00+03:00,PARTIAL,12.444029850746269,Favorable,12.444029850746269,Favorable,12.5,Favorable,12.444029850746269,Favorable
2026-07-26 04:45:00+03:00,PARTIAL,12.444029850746269,Favorable,12.444029850746269,Favorable,12.5,Favorable,12.444029850746269,Favorable
2026-07-26 04:50:00+03:00,PARTIAL,12.444029850746269,Favorable,12.444029850746269,Favorable,12.5,Favorable,12.444029850746269,Favorable
2026-07-26 04:55:00+03:00,PARTIAL,12.444029850746269,Favorable,12.444029850746269,Favorable,12.5,Favorable,12.444029850746269,Favorable
2026-07-26 05:00:00+03:00,PARTIAL,12.444029850746269,Favorable,12.444029850746269,Favorable,12.5,Favorable,12.444029850746269,Favorable
2026-07-26 05:05:00+03:00,PARTIAL,12.444029850746269,Favorable,12.444029850746269,Favorable,12.5,Favorable,12.444029850746269,Favorable
2026-07-26 05:10:00+03:00,PARTIAL,12.444029850746269,Favorable,12.444029850746269,Favorable,12.5,Favorable,12.444029850746269,Favorable
2026-07-26 05:15:00+03:00,PARTIAL,12.444029850746269,Favorable,12.444029850746269,Favorable,12.5,Favorable,12.444029850746269,Favorable
2026-07-26 05:20:00+03:00,PARTIAL,12.444029850746269,Favorable,12.444029850746269,Favorable,12.5,Favorable,12.444029850746269,Favorable
2026-07-26 05:25:00+03:00,PARTIAL,12.444029850746269,Favorable,12.444029850746269,Favorable,12.5,Favorable,12.444029850746269,Favorable
2026-07-26 05:30:00+03:00,PARTIAL,12.444029850746269,Favorable,12.444029850746269,Favorable,12.5,Favorable,12.444029850746269,Favorable
2026-07-26 05:35:00+03:00,PARTIAL,12.444029850746269,Favorable,12.444029850746269,Favorable,12.5,Favorable,12.444029850746269,Favorable
2026-07-26 05:40:00+03:00,PARTIAL,12.444029850746269,Favorable,12.444029850746269,Favorable,12.5,Favorable,12.444029850746269,Favorable
2026-07-26 05:45:00+03:00,PARTIAL,12.444029850746269,Favorable,12.444029850746269,Favorable,12.5,Favorable,12.444029850746269,Favorable
2026-07-26 05:50:00+03:00,PARTIAL,12.444029850746269,Favorable,12.444029850746269,Favorable,12.5,Favorable,12.444029850746269,Favorable
2026-07-26 05:55:00+03:00,PARTIAL,12.444029850746269,Favorable,12.444029850746269,Favorable,12.5,Favorable,12.444029850746269,Favorable
2026-07-26 06:00:00+03:00,PARTIAL,12.444029850746269,Favorable,12.444029850746269,Favorable,12.5,Favorable,12.444029850746269,Favorable
2026-07-26 06:05:00+03:00,PARTIAL,12.444029850746269,Favorable,12.444029850746269,Favorable,12.5,Favorable,12.444029850746269,Favorable
2026-07-26 06:10:00+03:00,PARTIAL,12.444029850746269,Favorable,12.444029850746269,Favorable,12.5,Favorable,12.444029850746269,Favorable
2026-07-26 06:15:00+03:00,PARTIAL,12.444029850746269,Favorable,12.444029850746269,Favorable,12.5,Favorable,12.444029850746269,Favorable
2026-07-26 06:20:00+03:00,PARTIAL,12.444029850746269,Favorable,12.444029850746269,Favorable,12.5,Favorable,12.444029850746269,Favorable
2026-07-26 06:25:00+03:00,PARTIAL,12.444029850746269,Favorable,12.444029850746269,Favorable,12.5,Favorable,12.444029850746269,Favorable
2026-07-26 06:30:00+03:00,PARTIAL,12.444029850746269,Favorable,12.444029850746269,Favorable,12.5,Favorable,12.444029850746269,Favorable
2026-07-26 06:35:00+03:00,PARTIAL,12.444029850746269,Favorable,12.444029850746269,Favorable,12.5,Favorable,12.444029850746269,Favorable
2026-07-26 06:40:00+03:00,PARTIAL,12.444029850746269,Favorable,12.444029850746269,Favorable,12.5,Favorable,12.444029850746269,Favorable
2026-07-26 06:45:00+03:00,PARTIAL,12.444029850746269,Favorable,12.444029850746269,Favorable,12.5,Favorable,12.444029850746269,Favorable
2026-07-26 06:50:00+03:00,PARTIAL,12.444029850746269,Favorable,12.444029850746269,Favorable,12.5,Favorable,12.444029850746269,Favorable
2026-07-26 06:55:00+03:00,PARTIAL,12.444029850746269,Favorable,12.444029850746269,Favorable,12.5,Favorable,12.444029850746269,Favorable
2026-07-26 07:00:00+03:00,PARTIAL,12.444029850746269,Favorable,12.444029850746269,Favorable,12.5,Favorable,12.444029850746269,Favorable
2026-07-26 07:05:00+03:00,PARTIAL,12.444029850746269,Favorable,12.444029850746269,Favorable,12.5,Favorable,12.444029850746269,Favorable
2026-07-26 07:10:00+03:00,PARTIAL,12.444029850746269,Favorable,12.444029850746269,Favorable,12.5,Favorable,12.444029850746269,Favorable
2026-07-26 07:15:00+03:00,PARTIAL,12.444029850746269,Favorable,12.444029850746269,Favorable,12.5,Favorable,12.444029850746269,Favorable
2026-07-26 07:20:00+03:00,PARTIAL,12.444029850746269,Favorable,12.444029850746269,Favorable,12.5,Favorable,12.444029850746269,Favorable
2026-07-26 07:25:00+03:00,PARTIAL,12.444029850746269,Favorable,12.444029850746269,Favorable,12.5,Favorable,12.444029850746269,Favorable
2026-07-26 07:30:00+03:00,PARTIAL,12.444029850746269,Favorable,12.444029850746269,Favorable,12.5,Favorable,12.444029850746269,Favorable
2026-07-26 07:35:00+03:00,PARTIAL,12.444029850746269,Favorable,12.444029850746269,Favorable,12.5,Favorable,12.444029850746269,Favorable
2026-07-26 07:40:00+03:00,PARTIAL,12.444029850746269,Favorable,12.444029850746269,Favorable,12.5,Favorable,12.444029850746269,Favorable
2026-07-26 07:45:00+03:00,PARTIAL,12.444029850746269,Favorable,12.444029850746269,Favorable,12.5,Favorable,12.444029850746269,Favorable
2026-07-26 07:50:00+03:00,PARTIAL,12.444029850746269,Favorable,12.444029850746269,Favorable,12.5,Favorable,12.444029850746269,Favorable
2026-07-26 07:55:00+03:00,PARTIAL,12.444029850746269,Favorable,12.444029850746269,Favorable,12.5,Favorable,12.444029850746269,Favorable
2026-07-26 08:00:00+03:00,PARTIAL,12.444029850746269,Favorable,12.444029850746269,Favorable,12.5,Favorable,12.444029850746269,Favorable
2026-07-26 08:05:00+03:00,PARTIAL,12.444029850746269,Favorable,12.444029850746269,Favorable,12.5,Favorable,12.444029850746269,Favorable
2026-07-26 08:10:00+03:00,PARTIAL,12.444029850746269,Favorable,12.444029850746269,Favorable,12.5,Favorable,12.444029850746269,Favorable
2026-07-26 08:15:00+03:00,PARTIAL,12.444029850746269,Favorable,12.444029850746269,Favorable,12.5,Favorable,12.444029850746269,Favorable
2026-07-26 08:20:00+03:00,PARTIAL,12.444029850746269,Favorable,12.444029850746269,Favorable,12.5,Favorable,12.444029850746269,Favorable
2026-07-26 08:25:00+03:00,PARTIAL,12.444029850746269,Favorable,12.444029850746269,Favorable,12.5,Favorable,12.444029850746269,Favorable
2026-07-26 08:30:00+03:00,PARTIAL,12.444029850746269,Favorable,12.444029850746269,Favorable,12.5,Favorable,12.444029850746269,Favorable
2026-07-26 08:35:00+03:00,PARTIAL,12.444029850746269,Favorable,12.444029850746269,Favorable,12.5,Favorable,12.444029850746269,Favorable
2026-07-26 08:40:00+03:00,PARTIAL,12.444029850746269,Favorable,12.444029850746269,Favorable,12.5,Favorable,12.444029850746269,Favorable
2026-07-26 08:45:00+03:00,PARTIAL,12.444029850746269,Favorable,12.444029850746269,Favorable,12.5,Favorable,12.444029850746269,Favorable
2026-07-26 08:50:00+03:00,PARTIAL,12.444029850746269,Favorable,12.444029850746269,Favorable,12.5,Favorable,12.444029850746269,Favorable
2026-07-26 08:55:00+03:00,PARTIAL,12.444029850746269,Favorable,12.444029850746269,Favorable,12.5,Favorable,12.444029850746269,Favorable
2026-07-26 09:00:00+03:00,PARTIAL,12.444029850746269,Favorable,12.444029850746269,Favorable,12.5,Favorable,12.444029850746269,Favorable
2026-07-26 09:05:00+03:00,PARTIAL,12.444029850746269,Favorable,12.444029850746269,Favorable,12.5,Favorable,12.444029850746269,Favorable
2026-07-26 09:10:00+03:00,PARTIAL,12.444029850746269,Favorable,12.444029850746269,Favorable,12.5,Favorable,12.444029850746269,Favorable
2026-07-26 09:15:00+03:00,PARTIAL,12.444029850746269,Favorable,12.444029850746269,Favorable,12.5,Favorable,12.444029850746269,Favorable
2026-07-26 09:20:00+03:00,PARTIAL,12.444029850746269,Favorable,12.444029850746269,Favorable,12.5,Favorable,12.444029850746269,Favorable
2026-07-26 09:25:00+03:00,PARTIAL,12.444029850746269,Favorable,12.444029850746269,Favorable,12.5,Favorable,12.444029850746269,Favorable
2026-07-26 09:30:00+03:00,PARTIAL,12.444029850746269,Favorable,12.444029850746269,Favorable,12.5,Favorable,12.444029850746269,Favorable
2026-07-26 09:35:00+03:00,PARTIAL,12.444029850746269,Favorable,12.444029850746269,Favorable,12.5,Favorable,12.444029850746269,Favorable
2026-07-26 09:40:00+03:00,PARTIAL,12.444029850746269,Favorable,12.444029850746269,Favorable,12.5,Favorable,12.444029850746269,Favorable
2026-07-26 09:45:00+03:00,PARTIAL,12.444029850746269,Favorable,12.444029850746269,Favorable,12.5,Favorable,12.444029850746269,Favorable
2026-07-26 09:50:00+03:00,PARTIAL,12.444029850746269,Favorable,12.444029850746269,Favorable,12.5,Favorable,12.444029850746269,Favorable
2026-07-26 09:55:00+03:00,PARTIAL,12.444029850746269,Favorable,12.444029850746269,Favorable,12.5,Favorable,12.444029850746269,Favorable
2026-07-26 10:00:00+03:00,PARTIAL,12.444029850746269,Favorable,12.444029850746269,Favorable,12.5,Favorable,12.444029850746269,Favorable
2026-07-26 10:05:00+03:00,PARTIAL,12.444029850746269,Favorable,12.444029850746269,Favorable,12.5,Favorable,12.444029850746269,Favorable
2026-07-26 10:10:00+03:00,PARTIAL,12.444029850746269,Favorable,12.444029850746269,Favorable,12.5,Favorable,12.444029850746269,Favorable
2026-07-26 10:15:00+03:00,PARTIAL,12.444029850746269,Favorable,12.444029850746269,Favorable,12.5,Favorable,12.444029850746269,Favorable
2026-07-26 10:20:00+03:00,PARTIAL,12.444029850746269,Favorable,12.444029850746269,Favorable,12.5,Favorable,12.444029850746269,Favorable
2026-07-26 10:25:00+03:00,PARTIAL,12.444029850746269,Favorable,12.444029850746269,Favorable,12.5,Favorable,12.444029850746269,Favorable
2026-07-26 10:30:00+03:00,PARTIAL,12.444029850746269,Favorable,12.444029850746269,Favorable,12.5,Favorable,12.444029850746269,Favorable
2026-07-26 10:35:00+03:00,PARTIAL,12.444029850746269,Favorable,12.444029850746269,Favorable,12.5,Favorable,12.444029850746269,Favorable
2026-07-26 10:40:00+03:00,PARTIAL,12.444029850746269,Favorable,12.444029850746269,Favorable,12.5,Favorable,12.444029850746269,Favorable
2026-07-26 10:45:00+03:00,PARTIAL,12.444029850746269,Favorable,12.444029850746269,Favorable,12.5,Favorable,12.444029850746269,Favorable
2026-07-26 10:50:00+03:00,PARTIAL,12.444029850746269,Favorable,12.444029850746269,Favorable,12.5,Favorable,12.444029850746269,Favorable
2026-07-26 10:55:00+03:00,PARTIAL,12.444029850746269,Favorable,12.444029850746269,Favorable,12.5,Favorable,12.444029850746269,Favorable
2026-07-26 11:00:00+03:00,PARTIAL,12.444029850746269,Favorable,12.444029850746269,Favorable,12.5,Favorable,12.444029850746269,Favorable
2026-07-26 11:05:00+03:00,PARTIAL,12.444029850746269,Favorable,12.444029850746269,Favorable,12.5,Favorable,12.444029850746269,Favorable
2026-07-26 11:10:00+03:00,PARTIAL,12.444029850746269,Favorable,12.444029850746269,Favorable,12.5,Favorable,12.444029850746269,Favorable
2026-07-26 11:15:00+03:00,PARTIAL,12.444029850746269,Favorable,12.444029850746269,Favorable,12.5,Favorable,12.444029850746269,Favorable
2026-07-26 11:20:00+03:00,PARTIAL,12.444029850746269,Favorable,12.444029850746269,Favorable,12.5,Favorable,12.444029850746269,Favorable
2026-07-26 11:25:00+03:00,PARTIAL,12.444029850746269,Favorable,12.444029850746269,Favorable,12.5,Favorable,12.444029850746269,Favorable
2026-07-26 11:30:00+03:00,PARTIAL,12.444029850746269,Favorable,12.444029850746269,Favorable,12.5,Favorable,12.444029850746269,Favorable
2026-07-26 11:35:00+03:00,PARTIAL,12.444029850746269,Favorable,12.444029850746269,Favorable,12.5,Favorable,12.444029850746269,Favorable
2026-07-26 11:40:00+03:00,PARTIAL,12.444029850746269,Favorable,12.444029850746269,Favorable,12.5,Favorable,12.444029850746269,Favorable
2026-07-26 11:45:00+03:00,PARTIAL,12.444029850746269,Favorable,12.444029850746269,Favorable,12.5,Favorable,12.444029850746269,Favorable
2026-07-26 11:50:00+03:00,PARTIAL,12.444029850746269,Favorable,12.444029850746269,Favorable,12.5,Favorable,12.444029850746269,Favorable
2026-07-26 11:55:00+03:00,PARTIAL,12.444029850746269,Favorable,12.444029850746269,Favorable,12.5,Favorable,12.444029850746269,Favorable
2026-07-26 12:00:00+03:00,PARTIAL,12.444029850746269,Favorable,12.444029850746269,Favorable,12.5,Favorable,12.444029850746269,Favorable
2026-07-26 12:05:00+03:00,PARTIAL,12.444029850746269,Favorable,12.444029850746269,Favorable,12.5,Favorable,12.444029850746269,Favorable
2026-07-26 12:10:00+03:00,PARTIAL,12.444029850746269,Favorable,12.444029850746269,Favorable,12.5,Favorable,12.444029850746269,Favorable
2026-07-26 12:15:00+03:00,PARTIAL,12.444029850746269,Favorable,12.444029850746269,Favorable,12.5,Favorable,12.444029850746269,Favorable
2026-07-26 12:20:00+03:00,PARTIAL,12.444029850746269,Favorable,12.444029850746269,Favorable,12.5,Favorable,12.444029850746269,Favorable
2026-07-26 12:25:00+03:00,PARTIAL,12.444029850746269,Favorable,12.444029850746269,Favorable,12.5,Favorable,12.444029850746269,Favorable
2026-07-26 12:30:00+03:00,PARTIAL,12.444029850746269,Favorable,12.444029850746269,Favorable,12.5,Favorable,12.444029850746269,Favorable
2026-07-26 12:35:00+03:00,PARTIAL,12.444029850746269,Favorable,12.444029850746269,Favorable,12.5,Favorable,12.444029850746269,Favorable
2026-07-26 12:40:00+03:00,PARTIAL,12.444029850746269,Favorable,12.444029850746269,Favorable,12.5,Favorable,12.444029850746269,Favorable
2026-07-26 12:45:00+03:00,PARTIAL,12.444029850746269,Favorable,12.444029850746269,Favorable,12.5,Favorable,12.444029850746269,Favorable
2026-07-26 12:50:00+03:00,PARTIAL,12.444029850746269,Favorable,12.444029850746269,Favorable,12.5,Favorable,12.444029850746269,Favorable
2026-07-26 12:55:00+03:00,PARTIAL,12.444029850746269,Favorable,12.444029850746269,Favorable,12.5,Favorable,12.444029850746269,Favorable
2026-07-26 13:00:00+03:00,PARTIAL,12.444029850746269,Favorable,12.444029850746269,Favorable,12.5,Favorable,12.444029850746269,Favorable
2026-07-26 13:05:00+03:00,PARTIAL,12.444029850746269,Favorable,12.444029850746269,Favorable,12.5,Favorable,12.444029850746269,Favorable
2026-07-26 13:10:00+03:00,PARTIAL,12.444029850746269,Favorable,12.444029850746269,Favorable,12.5,Favorable,12.444029850746269,Favorable
2026-07-26 13:15:00+03:00,PARTIAL,12.444029850746269,Favorable,12.444029850746269,Favorable,12.5,Favorable,12.444029850746269,Favorable
2026-07-26 13:20:00+03:00,PARTIAL,12.444029850746269,Favorable,12.444029850746269,Favorable,12.5,Favorable,12.444029850746269,Favorable
2026-07-26 13:25:00+03:00,PARTIAL,12.444029850746269,Favorable,12.444029850746269,Favorable,12.5,Favorable,12.444029850746269,Favorable
2026-07-26 13:30:00+03:00,PARTIAL,12.444029850746269,Favorable,12.444029850746269,Favorable,12.5,Favorable,12.444029850746269,Favorable
2026-07-26 13:35:00+03:00,PARTIAL,12.444029850746269,Favorable,12.444029850746269,Favorable,12.5,Favorable,12.444029850746269,Favorable
2026-07-26 13:40:00+03:00,PARTIAL,12.444029850746269,Favorable,12.444029850746269,Favorable,12.5,Favorable,12.444029850746269,Favorable
2026-07-26 13:45:00+03:00,PARTIAL,12.444029850746269,Favorable,12.444029850746269,Favorable,12.5,Favorable,12.444029850746269,Favorable
2026-07-26 13:50:00+03:00,PARTIAL,12.444029850746269,Favorable,12.444029850746269,Favorable,12.5,Favorable,12.444029850746269,Favorable
2026-07-26 13:55:00+03:00,PARTIAL,12.444029850746269,Favorable,12.444029850746269,Favorable,12.5,Favorable,12.444029850746269,Favorable
2026-07-26 14:00:00+03:00,PARTIAL,12.444029850746269,Favorable,12.444029850746269,Favorable,12.5,Favorable,12.444029850746269,Favorable
2026-07-26 14:05:00+03:00,PARTIAL,12.444029850746269,Favorable,12.444029850746269,Favorable,12.5,Favorable,12.444029850746269,Favorable
2026-07-26 14:10:00+03:00,PARTIAL,12.444029850746269,Favorable,12.444029850746269,Favorable,12.5,Favorable,12.444029850746269,Favorable
2026-07-26 14:15:00+03:00,PARTIAL,12.444029850746269,Favorable,12.444029850746269,Favorable,12.5,Favorable,12.444029850746269,Favorable
2026-07-26 14:20:00+03:00,PARTIAL,12.444029850746269,Favorable,12.444029850746269,Favorable,12.5,Favorable,12.444029850746269,Favorable
2026-07-26 14:25:00+03:00,PARTIAL,12.444029850746269,Favorable,12.444029850746269,Favorable,12.5,Favorable,12.444029850746269,Favorable
2026-07-26 14:30:00+03:00,PARTIAL,12.444029850746269,Favorable,12.444029850746269,Favorable,12.5,Favorable,12.444029850746269,Favorable
2026-07-26 14:35:00+03:00,PARTIAL,12.444029850746269,Favorable,12.444029850746269,Favorable,12.5,Favorable,12.444029850746269,Favorable
2026-07-26 14:40:00+03:00,PARTIAL,12.444029850746269,Favorable,12.444029850746269,Favorable,12.5,Favorable,12.444029850746269,Favorable
2026-07-26 14:45:00+03:00,PARTIAL,12.444029850746269,Favorable,12.444029850746269,Favorable,12.5,Favorable,12.444029850746269,Favorable
2026-07-26 14:50:00+03:00,PARTIAL,12.444029850746269,Favorable,12.444029850746269,Favorable,12.5,Favorable,12.444029850746269,Favorable
2026-07-26 14:55:00+03:00,PARTIAL,12.444029850746269,Favorable,12.444029850746269,Favorable,12.5,Favorable,12.444029850746269,Favorable
2026-07-26 15:00:00+03:00,PARTIAL,12.444029850746269,Favorable,12.444029850746269,Favorable,12.5,Favorable,12.444029850746269,Favorable
2026-07-26 15:05:00+03:00,PARTIAL,12.444029850746269,Favorable,12.444029850746269,Favorable,12.5,Favorable,12.444029850746269,Favorable
2026-07-26 15:10:00+03:00,PARTIAL,12.444029850746269,Favorable,12.444029850746269,Favorable,12.5,Favorable,12.444029850746269,Favorable
2026-07-26 15:15:00+03:00,PARTIAL,12.444029850746269,Favorable,12.444029850746269,Favorable,12.5,Favorable,12.444029850746269,Favorable
2026-07-26 15:20:00+03:00,PARTIAL,12.444029850746269,Favorable,12.444029850746269,Favorable,12.5,Favorable,12.444029850746269,Favorable
2026-07-26 15:25:00+03:00,PARTIAL,12.444029850746269,Favorable,12.444029850746269,Favorable,12.5,Favorable,12.444029850746269,Favorable
2026-07-26 15:30:00+03:00,PARTIAL,12.444029850746269,Favorable,12.444029850746269,Favorable,12.5,Favorable,12.444029850746269,Favorable
2026-07-26 15:35:00+03:00,PARTIAL,12.444029850746269,Favorable,12.444029850746269,Favorable,12.5,Favorable,12.444029850746269,Favorable
2026-07-26 15:40:00+03:00,PARTIAL,12.444029850746269,Favorable,12.444029850746269,Favorable,12.5,Favorable,12.444029850746269,Favorable
2026-07-26 15:45:00+03:00,PARTIAL,12.444029850746269,Favorable,12.444029850746269,Favorable,12.5,Favorable,12.444029850746269,Favorable
2026-07-26 15:50:00+03:00,PARTIAL,12.444029850746269,Favorable,12.444029850746269,Favorable,12.5,Favorable,12.444029850746269,Favorable
2026-07-26 15:55:00+03:00,PARTIAL,12.444029850746269,Favorable,12.444029850746269,Favorable,12.5,Favorable,12.444029850746269,Favorable
2026-07-26 16:00:00+03:00,PARTIAL,12.444029850746269,Favorable,12.444029850746269,Favorable,12.5,Favorable,12.444029850746269,Favorable
2026-07-26 16:05:00+03:00,PARTIAL,12.444029850746269,Favorable,12.444029850746269,Favorable,12.5,Favorable,12.444029850746269,Favorable
2026-07-26 16:10:00+03:00,PARTIAL,12.444029850746269,Favorable,12.444029850746269,Favorable,12.5,Favorable,12.444029850746269,Favorable
2026-07-26 16:15:00+03:00,PARTIAL,12.444029850746269,Favorable,12.444029850746269,Favorable,12.5,Favorable,12.444029850746269,Favorable
2026-07-26 16:20:00+03:00,PARTIAL,12.444029850746269,Favorable,12.444029850746269,Favorable,12.5,Favorable,12.444029850746269,Favorable
2026-07-26 16:25:00+03:00,PARTIAL,12.444029850746269,Favorable,12.444029850746269,Favorable,12.5,Favorable,12.444029850746269,Favorable
2026-07-26 16:30:00+03:00,PARTIAL,12.444029850746269,Favorable,12.444029850746269,Favorable,12.5,Favorable,12.444029850746269,Favorable
2026-07-26 16:35:00+03:00,PARTIAL,12.444029850746269,Favorable,12.444029850746269,Favorable,12.5,Favorable,12.444029850746269,Favorable
2026-07-26 16:40:00+03:00,PARTIAL,12.444029850746269,Favorable,12.444029850746269,Favorable,12.5,Favorable,12.444029850746269,Favorable
2026-07-26 16:45:00+03:00,PARTIAL,12.444029850746269,Favorable,12.444029850746269,Favorable,12.5,Favorable,12.444029850746269,Favorable
2026-07-26 16:50:00+03:00,PARTIAL,12.444029850746269,Favorable,12.444029850746269,Favorable,12.5,Favorable,12.444029850746269,Favorable
2026-07-26 16:55:00+03:00,PARTIAL,12.444029850746269,Favorable,12.444029850746269,Favorable,12.5,Favorable,12.444029850746269,Favorable
2026-07-26 17:00:00+03:00,PARTIAL,12.444029850746269,Favorable,12.444029850746269,Favorable,12.5,Favorable,12.444029850746269,Favorable
2026-07-26 17:05:00+03:00,PARTIAL,12.444029850746269,Favorable,12.444029850746269,Favorable,12.5,Favorable,12.444029850746269,Favorable
2026-07-26 17:10:00+03:00,PARTIAL,12.444029850746269,Favorable,12.444029850746269,Favorable,12.5,Favorable,12.444029850746269,Favorable
2026-07-26 17:15:00+03:00,PARTIAL,12.444029850746269,Favorable,12.444029850746269,Favorable,12.5,Favorable,12.444029850746269,Favorable
2026-07-26 17:20:00+03:00,PARTIAL,12.444029850746269,Favorable,12.444029850746269,Favorable,12.5,Favorable,12.444029850746269,Favorable
2026-07-26 17:25:00+03:00,PARTIAL,12.444029850746269,Favorable,12.444029850746269,Favorable,12.5,Favorable,12.444029850746269,Favorable
2026-07-26 17:30:00+03:00,PARTIAL,12.444029850746269,Favorable,12.444029850746269,Favorable,12.5,Favorable,12.444029850746269,Favorable
2026-07-26 17:35:00+03:00,PARTIAL,12.444029850746269,Favorable,12.444029850746269,Favorable,12.5,Favorable,12.444029850746269,Favorable
2026-07-26 17:40:00+03:00,PARTIAL,12.444029850746269,Favorable,12.444029850746269,Favorable,12.5,Favorable,12.444029850746269,Favorable
2026-07-26 17:45:00+03:00,PARTIAL,12.444029850746269,Favorable,12.444029850746269,Favorable,12.5,Favorable,12.444029850746269,Favorable
2026-07-26 17:50:00+03:00,PARTIAL,12.444029850746269,Favorable,12.444029850746269,Favorable,12.5,Favorable,12.444029850746269,Favorable
2026-07-26 17:55:00+03:00,PARTIAL,12.444029850746269,Favorable,12.444029850746269,Favorable,12.5,Favorable,12.444029850746269,Favorable
2026-07-26 18:00:00+03:00,PARTIAL,12.444029850746269,Favorable,12.444029850746269,Favorable,12.5,Favorable,12.444029850746269,Favorable
2026-07-26 18:05:00+03:00,PARTIAL,12.444029850746269,Favorable,12.444029850746269,Favorable,12.5,Favorable,12.444029850746269,Favorable
2026-07-26 18:10:00+03:00,PARTIAL,12.444029850746269,Favorable,12.444029850746269,Favorable,12.5,Favorable,12.444029850746269,Favorable
2026-07-26 18:15:00+03:00,PARTIAL,12.444029850746269,Favorable,12.444029850746269,Favorable,12.5,Favorable,12.444029850746269,Favorable
2026-07-26 18:20:00+03:00,PARTIAL,12.444029850746269,Favorable,12.444029850746269,Favorable,12.5,Favorable,12.444029850746269,Favorable
2026-07-26 18:25:00+03:00,PARTIAL,12.444029850746269,Favorable,12.444029850746269,Favorable,12.5,Favorable,12.444029850746269,Favorable
2026-07-26 18:30:00+03:00,PARTIAL,12.444029850746269,Favorable,12.444029850746269,Favorable,12.5,Favorable,12.444029850746269,Favorable
2026-07-26 18:35:00+03:00,PARTIAL,12.444029850746269,Favorable,12.444029850746269,Favorable,12.5,Favorable,12.444029850746269,Favorable
2026-07-26 18:40:00+03:00,PARTIAL,12.444029850746269,Favorable,12.444029850746269,Favorable,12.5,Favorable,12.444029850746269,Favorable
2026-07-26 18:45:00+03:00,PARTIAL,12.444029850746269,Favorable,12.444029850746269,Favorable,12.5,Favorable,12.444029850746269,Favorable
2026-07-26 18:50:00+03:00,PARTIAL,12.444029850746269,Favorable,12.444029850746269,Favorable,12.5,Favorable,12.444029850746269,Favorable
2026-07-26 18:55:00+03:00,PARTIAL,12.444029850746269,Favorable,12.444029850746269,Favorable,12.5,Favorable,12.444029850746269,Favorable
2026-07-26 19:00:00+03:00,PARTIAL,12.444029850746269,Favorable,12.444029850746269,Favorable,12.5,Favorable,12.444029850746269,Favorable
2026-07-26 19:05:00+03:00,PARTIAL,12.444029850746269,Favorable,12.444029850746269,Favorable,12.5,Favorable,12.444029850746269,Favorable
2026-07-26 19:10:00+03:00,PARTIAL,12.444029850746269,Favorable,12.444029850746269,Favorable,12.5,Favorable,12.444029850746269,Favorable
2026-07-26 19:15:00+03:00,PARTIAL,12.444029850746269,Favorable,12.444029850746269,Favorable,12.5,Favorable,12.444029850746269,Favorable
2026-07-26 19:20:00+03:00,PARTIAL,12.444029850746269,Favorable,12.444029850746269,Favorable,12.5,Favorable,12.444029850746269,Favorable
2026-07-26 19:25:00+03:00,PARTIAL,12.444029850746269,Favorable,12.444029850746269,Favorable,12.5,Favorable,12.444029850746269,Favorable
2026-07-26 19:30:00+03:00,PARTIAL,12.444029850746269,Favorable,12.444029850746269,Favorable,12.5,Favorable,12.444029850746269,Favorable
2026-07-26 19:35:00+03:00,PARTIAL,12.444029850746269,Favorable,12.444029850746269,Favorable,12.5,Favorable,12.444029850746269,Favorable
2026-07-26 19:40:00+03:00,PARTIAL,12.444029850746269,Favorable,12.444029850746269,Favorable,12.5,Favorable,12.444029850746269,Favorable
2026-07-26 19:45:00+03:00,PARTIAL,12.444029850746269,Favorable,12.444029850746269,Favorable,12.5,Favorable,12.444029850746269,Favorable
2026-07-26 19:50:00+03:00,PARTIAL,12.444029850746269,Favorable,12.444029850746269,Favorable,12.5,Favorable,12.444029850746269,Favorable
2026-07-26 19:55:00+03:00,PARTIAL,12.444029850746269,Favorable,12.444029850746269,Favorable,12.5,Favorable,12.444029850746269,Favorable
2026-07-26 20:00:00+03:00,PARTIAL,12.444029850746269,Favorable,12.444029850746269,Favorable,12.5,Favorable,12.444029850746269,Favorable
2026-07-26 20:05:00+03:00,PARTIAL,12.444029850746269,Favorable,12.444029850746269,Favorable,12.5,Favorable,12.444029850746269,Favorable
2026-07-26 20:10:00+03:00,PARTIAL,12.444029850746269,Favorable,12.444029850746269,Favorable,12.5,Favorable,12.444029850746269,Favorable
2026-07-26 20:15:00+03:00,PARTIAL,12.444029850746269,Favorable,12.444029850746269,Favorable,12.5,Favorable,12.444029850746269,Favorable
2026-07-26 20:20:00+03:00,PARTIAL,12.444029850746269,Favorable,12.444029850746269,Favorable,12.5,Favorable,12.444029850746269,Favorable
2026-07-26 20:25:00+03:00,PARTIAL,12.444029850746269,Favorable,12.444029850746269,Favorable,12.5,Favorable,12.444029850746269,Favorable
2026-07-26 20:30:00+03:00,PARTIAL,12.444029850746269,Favorable,12.444029850746269,Favorable,12.5,Favorable,12.444029850746269,Favorable
2026-07-26 20:35:00+03:00,PARTIAL,12.444029850746269,Favorable,12.444029850746269,Favorable,12.5,Favorable,12.444029850746269,Favorable
2026-07-26 20:40:00+03:00,PARTIAL,12.444029850746269,Favorable,12.444029850746269,Favorable,12.5,Favorable,12.444029850746269,Favorable
2026-07-26 20:45:00+03:00,PARTIAL,12.444029850746269,Favorable,12.444029850746269,Favorable,12.5,Favorable,12.444029850746269,Favorable
2026-07-26 20:50:00+03:00,PARTIAL,33.8897272079418,Acceptable,33.8897272079418,Acceptable,37.5,Acceptable,23.166878529344036,Favorable
2026-07-26 20:55:00+03:00,PARTIAL,37.5,Acceptable,37.5,Acceptable,37.5,Acceptable,24.972014925373134,Favorable
2026-07-26 21:00:00+03:00,PARTIAL,54.07736820799374,Degraded,54.07736820799374,Degraded,62.5,Degraded,33.26069902937,Acceptable
2026-07-26 21:05:00+03:00,PARTIAL,62.5,Degraded,62.5,Degraded,62.5,Degraded,62.5,Degraded
2026-07-26 21:10:00+03:00,PARTIAL,62.49999999999998,Degraded,62.5,Degraded,62.5,Degraded,62.499999999999986,Degraded
2026-07-26 21:15:00+03:00,PARTIAL,62.500000000000014,Degraded,62.500000000000014,Degraded,62.5,Degraded,62.50000000000001,Degraded
2026-07-26 21:20:00+03:00,PARTIAL,65.11118342163883,Degraded,65.11118342163883,Degraded,62.5,Degraded,63.805591710819414,Degraded
2026-07-26 21:25:00+03:00,PARTIAL,87.55597014925372,Critical,87.55597014925372,Critical,87.5,Critical,75.02798507462686,Critical
2026-07-26 21:30:00+03:00,PARTIAL,87.37678394285457,Critical,87.37678394285457,Critical,87.5,Critical,74.93839197142728,Degraded
2026-07-26 21:35:00+03:00,PARTIAL,87.51911163404716,Critical,87.51911163404716,Critical,87.5,Critical,75.00955581702358,Critical
2026-07-26 21:40:00+03:00,PARTIAL,62.50000000000002,Degraded,62.50000000000002,Degraded,62.5,Degraded,62.500000000000014,Degraded
2026-07-26 21:45:00+03:00,PARTIAL,87.50726521828035,Critical,87.50726521828035,Critical,87.5,Critical,75.00363260914017,Critical
2026-07-26 21:50:00+03:00,PARTIAL,87.55597014925372,Critical,87.55597014925372,Critical,87.5,Critical,75.02798507462686,Critical
2026-07-26 21:55:00+03:00,PARTIAL,87.44827321435564,Critical,87.44827321435564,Critical,87.5,Critical,74.97413660717783,Degraded
2026-07-26 22:00:00+03:00,PARTIAL,62.5,Degraded,62.5,Degraded,62.5,Degraded,62.5,Degraded
2026-07-26 22:05:00+03:00,PARTIAL,62.5,Degraded,62.5,Degraded,62.5,Degraded,50.0,Degraded
2026-07-26 22:10:00+03:00,PARTIAL,62.5,Degraded,62.5,Degraded,62.5,Degraded,37.47201492537313,Acceptable
2026-07-26 22:15:00+03:00,PARTIAL,62.5,Degraded,62.5,Degraded,62.5,Degraded,37.47201492537313,Acceptable
2026-07-26 22:20:00+03:00,PARTIAL,73.92951658433309,Degraded,73.92951658433309,Degraded,62.5,Degraded,43.18677321753968,Acceptable
2026-07-26 22:25:00+03:00,PARTIAL,87.55597014925372,Critical,87.55597014925372,Critical,87.5,Critical,50.0,Degraded
2026-07-26 22:30:00+03:00,PARTIAL,87.55597014925372,Critical,87.55597014925372,Critical,87.5,Critical,75.02798507462686,Critical
2026-07-26 22:35:00+03:00,PARTIAL,87.46692896639728,Critical,87.55597014925372,Critical,87.5,Critical,77.33078425312303,Critical
2026-07-26 22:40:00+03:00,PARTIAL,87.55597014925372,Critical,87.55597014925372,Critical,87.5,Critical,75.02798507462686,Critical
2026-07-26 22:45:00+03:00,PARTIAL,87.55597014925372,Critical,87.55597014925372,Critical,87.5,Critical,75.02798507462686,Critical
2026-07-26 22:50:00+03:00,PARTIAL,87.55597014925372,Critical,87.55597014925372,Critical,87.5,Critical,75.02798507462686,Critical
2026-07-26 22:55:00+03:00,PARTIAL,87.55597014925372,Critical,87.55597014925372,Critical,87.5,Critical,75.02798507462686,Critical
2026-07-26 23:00:00+03:00,PARTIAL,87.55597014925372,Critical,87.55597014925372,Critical,87.5,Critical,75.02798507462686,Critical
2026-07-26 23:05:00+03:00,PARTIAL,87.55597014925372,Critical,87.55597014925372,Critical,87.5,Critical,75.02798507462686,Critical
2026-07-26 23:10:00+03:00,PARTIAL,87.55597014925372,Critical,87.55597014925372,Critical,87.5,Critical,75.02798507462686,Critical
2026-07-26 23:15:00+03:00,PARTIAL,87.55597014925372,Critical,87.55597014925372,Critical,87.5,Critical,75.02798507462686,Critical
2026-07-26 23:20:00+03:00,PARTIAL,87.45448362661914,Critical,87.45448362661914,Critical,87.5,Critical,74.97724181330958,Degraded
2026-07-26 23:25:00+03:00,PARTIAL,87.52187877495254,Critical,87.52187877495254,Critical,87.5,Critical,75.01093938747627,Critical
2026-07-26 23:30:00+03:00,PARTIAL,62.50000000000001,Degraded,62.50000000000001,Degraded,62.5,Degraded,62.5,Degraded
2026-07-26 23:35:00+03:00,PARTIAL,62.5,Degraded,62.5,Degraded,62.5,Degraded,50.0,Degraded
2026-07-26 23:40:00+03:00,PARTIAL,62.5,Degraded,62.5,Degraded,62.5,Degraded,37.47201492537313,Acceptable
2026-07-26 23:45:00+03:00,PARTIAL,62.5,Degraded,62.5,Degraded,62.5,Degraded,50.0,Degraded
2026-07-26 23:50:00+03:00,PARTIAL,87.55597014925372,Critical,87.55597014925372,Critical,87.5,Critical,75.02798507462686,Critical
2026-07-26 23:55:00+03:00,PARTIAL,87.55597014925372,Critical,87.55597014925372,Critical,87.5,Critical,75.02798507462686,Critical
2026-07-27 00:00:00+03:00,FAILED,,,62.5,Degraded,62.5,Degraded,62.5,Degraded
2026-07-27 00:05:00+03:00,FAILED,,,62.5,Degraded,62.5,Degraded,62.5,Degraded
2026-07-27 00:10:00+03:00,FAILED,,,37.5,Acceptable,37.5,Acceptable,37.5,Acceptable
2026-07-27 00:15:00+03:00,PARTIAL,87.55597014925372,Critical,87.55597014925372,Critical,87.5,Critical,62.52798507462686,Degraded
2026-07-27 00:20:00+03:00,PARTIAL,87.55597014925372,Critical,87.55597014925372,Critical,87.5,Critical,62.52798507462686,Degraded
2026-07-27 00:25:00+03:00,PARTIAL,78.33222432201288,Critical,78.33222432201288,Critical,87.5,Critical,56.88306105613895,Degraded
2026-07-27 00:30:00+03:00,PARTIAL,30.643466763540985,Acceptable,30.643466763540985,Acceptable,37.5,Acceptable,21.543748307143627,Favorable
2026-07-27 00:35:00+03:00,PARTIAL,23.92948265726044,Favorable,23.92948265726044,Favorable,12.5,Favorable,18.186756254003356,Favorable
2026-07-27 00:40:00+03:00,PARTIAL,18.19666057306549,Favorable,18.19666057306549,Favorable,12.5,Favorable,15.32034521190588,Favorable
2026-07-27 00:45:00+03:00,PARTIAL,17.556221260067066,Favorable,17.556221260067066,Favorable,12.5,Favorable,15.000125555406667,Favorable
2026-07-27 00:50:00+03:00,PARTIAL,20.905918279003235,Favorable,20.905918279003235,Favorable,12.5,Favorable,16.674974064874753,Favorable
2026-07-27 00:55:00+03:00,PARTIAL,24.17292768959435,Favorable,24.17292768959435,Favorable,12.5,Favorable,18.30847877017031,Favorable
2026-07-27 01:00:00+03:00,PARTIAL,24.41637272192829,Favorable,24.41637272192829,Favorable,12.5,Favorable,18.43020128633728,Favorable
2026-07-27 01:05:00+03:00,PARTIAL,24.457936507936523,Favorable,24.457936507936523,Favorable,12.5,Favorable,18.450983179341396,Favorable
2026-07-27 01:10:00+03:00,PARTIAL,24.08386243386243,Favorable,24.08386243386243,Favorable,12.5,Favorable,18.26394614230435,Favorable
2026-07-27 01:15:00+03:00,PARTIAL,23.157583774250426,Favorable,23.157583774250426,Favorable,12.5,Favorable,17.800806812498347,Favorable
2026-07-27 01:20:00+03:00,PARTIAL,21.914906026000434,Favorable,21.914906026000434,Favorable,12.5,Favorable,17.17946793837335,Favorable
2026-07-27 01:25:00+03:00,PARTIAL,20.094546398036336,Favorable,20.094546398036336,Favorable,12.5,Favorable,16.269288124391302,Favorable
2026-07-27 01:30:00+03:00,PARTIAL,18.726830451440325,Favorable,18.726830451440325,Favorable,12.5,Favorable,15.585430151093297,Favorable
2026-07-27 01:35:00+03:00,PARTIAL,17.189971213625068,Favorable,17.189971213625068,Favorable,12.5,Favorable,14.817000532185668,Favorable
2026-07-27 01:40:00+03:00,PARTIAL,17.09837631946883,Favorable,17.09837631946883,Favorable,12.5,Favorable,14.77120308510755,Favorable
2026-07-27 01:45:00+03:00,PARTIAL,16.010460199210446,Favorable,16.010460199210446,Favorable,12.5,Favorable,14.227245024978357,Favorable
2026-07-27 01:50:00+03:00,PARTIAL,14.400707258380974,Favorable,14.400707258380974,Favorable,12.5,Favorable,13.422368554563622,Favorable
2026-07-27 01:55:00+03:00,PARTIAL,12.444029850746269,Favorable,12.444029850746269,Favorable,12.5,Favorable,12.444029850746269,Favorable
2026-07-27 02:00:00+03:00,PARTIAL,12.444029850746269,Favorable,12.444029850746269,Favorable,12.5,Favorable,12.444029850746269,Favorable
2026-07-27 02:05:00+03:00,PARTIAL,12.444029850746269,Favorable,12.444029850746269,Favorable,12.5,Favorable,12.444029850746269,Favorable
2026-07-27 02:10:00+03:00,PARTIAL,12.444029850746269,Favorable,12.444029850746269,Favorable,12.5,Favorable,12.444029850746269,Favorable
2026-07-27 02:15:00+03:00,PARTIAL,12.444029850746269,Favorable,12.444029850746269,Favorable,12.5,Favorable,12.444029850746269,Favorable
2026-07-27 02:20:00+03:00,PARTIAL,12.444029850746269,Favorable,12.444029850746269,Favorable,12.5,Favorable,12.444029850746269,Favorable
2026-07-27 02:25:00+03:00,PARTIAL,12.444029850746269,Favorable,12.444029850746269,Favorable,12.5,Favorable,12.444029850746269,Favorable
2026-07-27 02:30:00+03:00,PARTIAL,12.444029850746269,Favorable,12.444029850746269,Favorable,12.5,Favorable,12.444029850746269,Favorable
2026-07-27 02:35:00+03:00,PARTIAL,12.444029850746269,Favorable,12.444029850746269,Favorable,12.5,Favorable,12.444029850746269,Favorable
2026-07-27 02:40:00+03:00,PARTIAL,12.444029850746269,Favorable,12.444029850746269,Favorable,12.5,Favorable,12.444029850746269,Favorable
2026-07-27 02:45:00+03:00,PARTIAL,12.444029850746269,Favorable,12.444029850746269,Favorable,12.5,Favorable,12.444029850746269,Favorable
2026-07-27 02:50:00+03:00,PARTIAL,12.444029850746269,Favorable,12.444029850746269,Favorable,12.5,Favorable,12.444029850746269,Favorable
2026-07-27 02:55:00+03:00,PARTIAL,12.444029850746269,Favorable,12.444029850746269,Favorable,12.5,Favorable,12.444029850746269,Favorable
2026-07-27 03:00:00+03:00,PARTIAL,12.444029850746269,Favorable,12.444029850746269,Favorable,12.5,Favorable,12.444029850746269,Favorable
2026-07-27 03:05:00+03:00,PARTIAL,12.444029850746269,Favorable,12.444029850746269,Favorable,12.5,Favorable,12.444029850746269,Favorable
2026-07-27 03:10:00+03:00,PARTIAL,12.444029850746269,Favorable,12.444029850746269,Favorable,12.5,Favorable,12.444029850746269,Favorable
2026-07-27 03:15:00+03:00,PARTIAL,12.444029850746269,Favorable,12.444029850746269,Favorable,12.5,Favorable,12.444029850746269,Favorable
2026-07-27 03:20:00+03:00,PARTIAL,12.444029850746269,Favorable,12.444029850746269,Favorable,12.5,Favorable,12.444029850746269,Favorable
2026-07-27 03:25:00+03:00,PARTIAL,12.444029850746269,Favorable,12.444029850746269,Favorable,12.5,Favorable,12.444029850746269,Favorable
2026-07-27 03:30:00+03:00,PARTIAL,12.444029850746269,Favorable,12.444029850746269,Favorable,12.5,Favorable,12.444029850746269,Favorable
2026-07-27 03:35:00+03:00,PARTIAL,12.444029850746269,Favorable,12.444029850746269,Favorable,12.5,Favorable,12.444029850746269,Favorable
2026-07-27 03:40:00+03:00,PARTIAL,12.444029850746269,Favorable,12.444029850746269,Favorable,12.5,Favorable,12.444029850746269,Favorable
2026-07-27 03:45:00+03:00,PARTIAL,12.444029850746269,Favorable,12.444029850746269,Favorable,12.5,Favorable,12.444029850746269,Favorable
2026-07-27 03:50:00+03:00,PARTIAL,12.444029850746269,Favorable,12.444029850746269,Favorable,12.5,Favorable,12.444029850746269,Favorable
2026-07-27 03:55:00+03:00,PARTIAL,12.444029850746269,Favorable,12.444029850746269,Favorable,12.5,Favorable,12.444029850746269,Favorable
2026-07-27 04:00:00+03:00,PARTIAL,12.444029850746269,Favorable,12.444029850746269,Favorable,12.5,Favorable,12.444029850746269,Favorable
2026-07-27 04:05:00+03:00,PARTIAL,12.444029850746269,Favorable,12.444029850746269,Favorable,12.5,Favorable,12.444029850746269,Favorable
2026-07-27 04:10:00+03:00,PARTIAL,12.444029850746269,Favorable,12.444029850746269,Favorable,12.5,Favorable,12.444029850746269,Favorable
2026-07-27 04:15:00+03:00,PARTIAL,12.444029850746269,Favorable,12.444029850746269,Favorable,12.5,Favorable,12.444029850746269,Favorable
2026-07-27 04:20:00+03:00,PARTIAL,12.444029850746269,Favorable,12.444029850746269,Favorable,12.5,Favorable,12.444029850746269,Favorable
2026-07-27 04:25:00+03:00,PARTIAL,12.444029850746269,Favorable,12.444029850746269,Favorable,12.5,Favorable,12.444029850746269,Favorable
2026-07-27 04:30:00+03:00,PARTIAL,12.444029850746269,Favorable,12.444029850746269,Favorable,12.5,Favorable,12.444029850746269,Favorable
2026-07-27 04:35:00+03:00,PARTIAL,12.444029850746269,Favorable,12.444029850746269,Favorable,12.5,Favorable,12.444029850746269,Favorable
2026-07-27 04:40:00+03:00,PARTIAL,12.444029850746269,Favorable,12.444029850746269,Favorable,12.5,Favorable,12.444029850746269,Favorable
2026-07-27 04:45:00+03:00,PARTIAL,12.444029850746269,Favorable,12.444029850746269,Favorable,12.5,Favorable,12.444029850746269,Favorable
2026-07-27 04:50:00+03:00,PARTIAL,12.444029850746269,Favorable,12.444029850746269,Favorable,12.5,Favorable,12.444029850746269,Favorable
2026-07-27 04:55:00+03:00,PARTIAL,12.444029850746269,Favorable,12.444029850746269,Favorable,12.5,Favorable,12.444029850746269,Favorable
2026-07-27 05:00:00+03:00,PARTIAL,12.444029850746269,Favorable,12.444029850746269,Favorable,12.5,Favorable,12.444029850746269,Favorable
2026-07-27 05:05:00+03:00,PARTIAL,12.444029850746269,Favorable,12.444029850746269,Favorable,12.5,Favorable,12.444029850746269,Favorable
2026-07-27 05:10:00+03:00,PARTIAL,12.444029850746269,Favorable,12.444029850746269,Favorable,12.5,Favorable,12.444029850746269,Favorable
2026-07-27 05:15:00+03:00,PARTIAL,12.444029850746269,Favorable,12.444029850746269,Favorable,12.5,Favorable,12.444029850746269,Favorable
2026-07-27 05:20:00+03:00,PARTIAL,12.444029850746269,Favorable,12.444029850746269,Favorable,12.5,Favorable,12.444029850746269,Favorable
2026-07-27 05:25:00+03:00,PARTIAL,12.444029850746269,Favorable,12.444029850746269,Favorable,12.5,Favorable,12.444029850746269,Favorable
2026-07-27 05:30:00+03:00,PARTIAL,12.444029850746269,Favorable,12.444029850746269,Favorable,12.5,Favorable,12.444029850746269,Favorable
2026-07-27 05:35:00+03:00,PARTIAL,12.444029850746269,Favorable,12.444029850746269,Favorable,12.5,Favorable,12.444029850746269,Favorable
2026-07-27 05:40:00+03:00,PARTIAL,12.444029850746269,Favorable,12.444029850746269,Favorable,12.5,Favorable,12.444029850746269,Favorable
2026-07-27 05:45:00+03:00,PARTIAL,12.444029850746269,Favorable,12.444029850746269,Favorable,12.5,Favorable,12.444029850746269,Favorable
2026-07-27 05:50:00+03:00,PARTIAL,12.444029850746269,Favorable,12.444029850746269,Favorable,12.5,Favorable,12.444029850746269,Favorable
2026-07-27 05:55:00+03:00,PARTIAL,12.444029850746269,Favorable,12.444029850746269,Favorable,12.5,Favorable,12.444029850746269,Favorable
2026-07-27 06:00:00+03:00,PARTIAL,12.444029850746269,Favorable,12.444029850746269,Favorable,12.5,Favorable,12.444029850746269,Favorable
2026-07-27 06:05:00+03:00,PARTIAL,12.444029850746269,Favorable,12.444029850746269,Favorable,12.5,Favorable,12.444029850746269,Favorable
2026-07-27 06:10:00+03:00,PARTIAL,12.444029850746269,Favorable,12.444029850746269,Favorable,12.5,Favorable,12.444029850746269,Favorable
2026-07-27 06:15:00+03:00,PARTIAL,12.444029850746269,Favorable,12.444029850746269,Favorable,12.5,Favorable,12.444029850746269,Favorable
2026-07-27 06:20:00+03:00,PARTIAL,12.444029850746269,Favorable,12.444029850746269,Favorable,12.5,Favorable,12.444029850746269,Favorable
2026-07-27 06:25:00+03:00,PARTIAL,12.444029850746269,Favorable,12.444029850746269,Favorable,12.5,Favorable,12.444029850746269,Favorable
2026-07-27 06:30:00+03:00,PARTIAL,12.444029850746269,Favorable,12.444029850746269,Favorable,12.5,Favorable,12.444029850746269,Favorable
2026-07-27 06:35:00+03:00,PARTIAL,12.444029850746269,Favorable,12.444029850746269,Favorable,12.5,Favorable,12.444029850746269,Favorable
2026-07-27 06:40:00+03:00,PARTIAL,12.444029850746269,Favorable,12.444029850746269,Favorable,12.5,Favorable,12.444029850746269,Favorable
2026-07-27 06:45:00+03:00,PARTIAL,12.444029850746269,Favorable,12.444029850746269,Favorable,12.5,Favorable,12.444029850746269,Favorable
2026-07-27 06:50:00+03:00,PARTIAL,12.444029850746269,Favorable,12.444029850746269,Favorable,12.5,Favorable,12.444029850746269,Favorable
2026-07-27 06:55:00+03:00,PARTIAL,12.444029850746269,Favorable,12.444029850746269,Favorable,12.5,Favorable,12.444029850746269,Favorable
2026-07-27 07:00:00+03:00,PARTIAL,12.444029850746269,Favorable,12.444029850746269,Favorable,12.5,Favorable,12.444029850746269,Favorable
2026-07-27 07:05:00+03:00,PARTIAL,12.444029850746269,Favorable,12.444029850746269,Favorable,12.5,Favorable,12.444029850746269,Favorable
2026-07-27 07:10:00+03:00,PARTIAL,12.444029850746269,Favorable,12.444029850746269,Favorable,12.5,Favorable,12.444029850746269,Favorable
2026-07-27 07:15:00+03:00,PARTIAL,12.444029850746269,Favorable,12.444029850746269,Favorable,12.5,Favorable,12.444029850746269,Favorable
2026-07-27 07:20:00+03:00,PARTIAL,12.444029850746269,Favorable,12.444029850746269,Favorable,12.5,Favorable,12.444029850746269,Favorable
2026-07-27 07:25:00+03:00,PARTIAL,12.444029850746269,Favorable,12.444029850746269,Favorable,12.5,Favorable,12.444029850746269,Favorable
2026-07-27 07:30:00+03:00,PARTIAL,12.444029850746269,Favorable,12.444029850746269,Favorable,12.5,Favorable,12.444029850746269,Favorable
2026-07-27 07:35:00+03:00,PARTIAL,12.444029850746269,Favorable,12.444029850746269,Favorable,12.5,Favorable,12.444029850746269,Favorable
2026-07-27 07:40:00+03:00,PARTIAL,12.444029850746269,Favorable,12.444029850746269,Favorable,12.5,Favorable,12.444029850746269,Favorable
2026-07-27 07:45:00+03:00,PARTIAL,12.444029850746269,Favorable,12.444029850746269,Favorable,12.5,Favorable,12.444029850746269,Favorable
2026-07-27 07:50:00+03:00,PARTIAL,21.72878375231952,Favorable,21.72878375231952,Favorable,12.5,Favorable,17.086406801532895,Favorable
2026-07-27 07:55:00+03:00,PARTIAL,37.5,Acceptable,37.5,Acceptable,37.5,Acceptable,24.972014925373134,Favorable
2026-07-27 08:00:00+03:00,PARTIAL,37.5,Acceptable,37.5,Acceptable,37.5,Acceptable,24.972014925373134,Favorable
2026-07-27 08:05:00+03:00,PARTIAL,37.5,Acceptable,37.5,Acceptable,37.5,Acceptable,24.972014925373134,Favorable
2026-07-27 08:10:00+03:00,PARTIAL,37.5,Acceptable,37.5,Acceptable,37.5,Acceptable,24.972014925373134,Favorable
2026-07-27 08:15:00+03:00,PARTIAL,37.5,Acceptable,37.5,Acceptable,37.5,Acceptable,24.972014925373134,Favorable
2026-07-27 08:20:00+03:00,PARTIAL,37.5,Acceptable,37.5,Acceptable,37.5,Acceptable,24.972014925373134,Favorable
2026-07-27 08:25:00+03:00,PARTIAL,30.420657888219864,Acceptable,30.420657888219864,Acceptable,37.5,Acceptable,21.432343869483066,Favorable
2026-07-27 08:30:00+03:00,PARTIAL,20.67758424349086,Favorable,20.67758424349086,Favorable,12.5,Favorable,16.560807047118566,Favorable
2026-07-27 08:35:00+03:00,PARTIAL,13.896793748329578,Favorable,13.896793748329578,Favorable,12.5,Favorable,13.170411799537924,Favorable
2026-07-27 08:40:00+03:00,PARTIAL,12.444029850746269,Favorable,12.444029850746269,Favorable,12.5,Favorable,12.444029850746269,Favorable
2026-07-27 08:45:00+03:00,PARTIAL,12.444029850746269,Favorable,12.444029850746269,Favorable,12.5,Favorable,12.444029850746269,Favorable
2026-07-27 08:50:00+03:00,PARTIAL,12.444029850746269,Favorable,12.444029850746269,Favorable,12.5,Favorable,12.444029850746269,Favorable
2026-07-27 08:55:00+03:00,PARTIAL,87.44596405426084,Critical,87.44596405426084,Critical,87.5,Critical,52.67801507417386,Degraded
2026-07-27 09:00:00+03:00,PARTIAL,87.55597014925372,Critical,87.55597014925372,Critical,87.5,Critical,62.52798507462686,Degraded
2026-07-27 09:05:00+03:00,PARTIAL,87.55597014925372,Critical,87.55597014925372,Critical,87.5,Critical,62.52798507462686,Degraded
2026-07-27 09:10:00+03:00,PARTIAL,87.55597014925372,Critical,87.55597014925372,Critical,87.5,Critical,62.52798507462686,Degraded
2026-07-27 09:15:00+03:00,PARTIAL,87.40864644130998,Critical,87.55597014925372,Critical,87.5,Critical,53.954504732762615,Degraded
2026-07-27 09:20:00+03:00,PARTIAL,87.37574020295284,Critical,87.37574020295284,Critical,87.5,Critical,49.90988502684955,Acceptable
2026-07-27 09:25:00+03:00,PARTIAL,62.50000000000001,Degraded,62.50000000000001,Degraded,62.5,Degraded,37.47201492537314,Acceptable
2026-07-27 09:30:00+03:00,PARTIAL,41.03182107355015,Acceptable,41.03182107355015,Acceptable,37.5,Acceptable,26.73792546214821,Acceptable
2026-07-27 09:35:00+03:00,PARTIAL,30.73635698056727,Acceptable,30.73635698056727,Acceptable,37.5,Acceptable,21.59019341565677,Favorable
2026-07-27 09:40:00+03:00,PARTIAL,12.444029850746269,Favorable,12.444029850746269,Favorable,12.5,Favorable,12.444029850746269,Favorable
2026-07-27 09:45:00+03:00,PARTIAL,12.444029850746269,Favorable,12.444029850746269,Favorable,12.5,Favorable,12.444029850746269,Favorable
2026-07-27 09:50:00+03:00,PARTIAL,12.444029850746269,Favorable,12.444029850746269,Favorable,12.5,Favorable,12.444029850746269,Favorable
2026-07-27 09:55:00+03:00,PARTIAL,12.444029850746269,Favorable,12.444029850746269,Favorable,12.5,Favorable,12.444029850746269,Favorable
2026-07-27 10:00:00+03:00,PARTIAL,12.444029850746269,Favorable,12.444029850746269,Favorable,12.5,Favorable,12.444029850746269,Favorable
2026-07-27 10:05:00+03:00,PARTIAL,12.444029850746269,Favorable,12.444029850746269,Favorable,12.5,Favorable,12.444029850746269,Favorable
2026-07-27 10:10:00+03:00,PARTIAL,12.444029850746269,Favorable,12.444029850746269,Favorable,12.5,Favorable,12.444029850746269,Favorable
2026-07-27 10:15:00+03:00,PARTIAL,12.444029850746269,Favorable,12.444029850746269,Favorable,12.5,Favorable,12.444029850746269,Favorable
2026-07-27 10:20:00+03:00,PARTIAL,12.444029850746269,Favorable,12.444029850746269,Favorable,12.5,Favorable,12.444029850746269,Favorable
2026-07-27 10:25:00+03:00,PARTIAL,12.444029850746269,Favorable,12.444029850746269,Favorable,12.5,Favorable,12.444029850746269,Favorable
2026-07-27 10:30:00+03:00,PARTIAL,12.444029850746269,Favorable,12.444029850746269,Favorable,12.5,Favorable,12.444029850746269,Favorable
2026-07-27 10:35:00+03:00,PARTIAL,12.444029850746269,Favorable,12.444029850746269,Favorable,12.5,Favorable,12.444029850746269,Favorable
2026-07-27 10:40:00+03:00,PARTIAL,12.444029850746269,Favorable,12.444029850746269,Favorable,12.5,Favorable,12.444029850746269,Favorable
2026-07-27 10:45:00+03:00,PARTIAL,12.444029850746269,Favorable,12.444029850746269,Favorable,12.5,Favorable,12.444029850746269,Favorable
2026-07-27 10:50:00+03:00,PARTIAL,12.444029850746269,Favorable,12.444029850746269,Favorable,12.5,Favorable,12.444029850746269,Favorable
2026-07-27 10:55:00+03:00,PARTIAL,12.444029850746269,Favorable,12.444029850746269,Favorable,12.5,Favorable,12.444029850746269,Favorable
2026-07-27 11:00:00+03:00,PARTIAL,12.444029850746269,Favorable,12.444029850746269,Favorable,12.5,Favorable,12.444029850746269,Favorable
2026-07-27 11:05:00+03:00,PARTIAL,12.444029850746269,Favorable,12.444029850746269,Favorable,12.5,Favorable,12.444029850746269,Favorable
2026-07-27 11:10:00+03:00,PARTIAL,12.444029850746269,Favorable,12.444029850746269,Favorable,12.5,Favorable,12.444029850746269,Favorable
2026-07-27 11:15:00+03:00,PARTIAL,12.444029850746269,Favorable,12.444029850746269,Favorable,12.5,Favorable,12.444029850746269,Favorable
2026-07-27 11:20:00+03:00,PARTIAL,12.444029850746269,Favorable,12.444029850746269,Favorable,12.5,Favorable,12.444029850746269,Favorable
2026-07-27 11:25:00+03:00,PARTIAL,12.444029850746269,Favorable,12.444029850746269,Favorable,12.5,Favorable,12.444029850746269,Favorable
2026-07-27 11:30:00+03:00,PARTIAL,12.444029850746269,Favorable,12.444029850746269,Favorable,12.5,Favorable,12.444029850746269,Favorable
2026-07-27 11:35:00+03:00,PARTIAL,12.444029850746269,Favorable,12.444029850746269,Favorable,12.5,Favorable,12.444029850746269,Favorable
2026-07-27 11:40:00+03:00,PARTIAL,12.444029850746269,Favorable,12.444029850746269,Favorable,12.5,Favorable,12.444029850746269,Favorable
2026-07-27 11:45:00+03:00,PARTIAL,12.444029850746269,Favorable,12.444029850746269,Favorable,12.5,Favorable,12.444029850746269,Favorable
2026-07-27 11:50:00+03:00,PARTIAL,12.444029850746269,Favorable,12.444029850746269,Favorable,12.5,Favorable,12.444029850746269,Favorable
2026-07-27 11:55:00+03:00,PARTIAL,12.444029850746269,Favorable,12.444029850746269,Favorable,12.5,Favorable,12.444029850746269,Favorable
2026-07-27 12:00:00+03:00,PARTIAL,12.444029850746269,Favorable,12.444029850746269,Favorable,12.5,Favorable,12.444029850746269,Favorable
2026-07-27 12:05:00+03:00,PARTIAL,12.444029850746269,Favorable,12.444029850746269,Favorable,12.5,Favorable,12.444029850746269,Favorable
2026-07-27 12:10:00+03:00,PARTIAL,12.444029850746269,Favorable,12.444029850746269,Favorable,12.5,Favorable,12.444029850746269,Favorable
2026-07-27 12:15:00+03:00,PARTIAL,12.444029850746269,Favorable,12.444029850746269,Favorable,12.5,Favorable,12.444029850746269,Favorable
2026-07-27 12:20:00+03:00,PARTIAL,12.444029850746269,Favorable,12.444029850746269,Favorable,12.5,Favorable,12.444029850746269,Favorable
2026-07-27 12:25:00+03:00,PARTIAL,12.444029850746269,Favorable,12.444029850746269,Favorable,12.5,Favorable,12.444029850746269,Favorable
2026-07-27 12:30:00+03:00,PARTIAL,12.444029850746269,Favorable,12.444029850746269,Favorable,12.5,Favorable,12.444029850746269,Favorable
2026-07-27 12:35:00+03:00,PARTIAL,12.444029850746269,Favorable,12.444029850746269,Favorable,12.5,Favorable,12.444029850746269,Favorable
2026-07-27 12:40:00+03:00,PARTIAL,12.444029850746269,Favorable,12.444029850746269,Favorable,12.5,Favorable,12.444029850746269,Favorable
2026-07-27 12:45:00+03:00,PARTIAL,12.444029850746269,Favorable,12.444029850746269,Favorable,12.5,Favorable,12.444029850746269,Favorable
2026-07-27 12:50:00+03:00,PARTIAL,12.444029850746269,Favorable,12.444029850746269,Favorable,12.5,Favorable,12.444029850746269,Favorable
2026-07-27 12:55:00+03:00,PARTIAL,12.444029850746269,Favorable,12.444029850746269,Favorable,12.5,Favorable,12.444029850746269,Favorable
2026-07-27 13:00:00+03:00,PARTIAL,12.444029850746269,Favorable,12.444029850746269,Favorable,12.5,Favorable,12.444029850746269,Favorable
2026-07-27 13:05:00+03:00,PARTIAL,12.444029850746269,Favorable,12.444029850746269,Favorable,12.5,Favorable,12.444029850746269,Favorable
2026-07-27 13:10:00+03:00,PARTIAL,12.444029850746269,Favorable,12.444029850746269,Favorable,12.5,Favorable,12.444029850746269,Favorable
2026-07-27 13:15:00+03:00,PARTIAL,12.444029850746269,Favorable,12.444029850746269,Favorable,12.5,Favorable,12.444029850746269,Favorable
2026-07-27 13:20:00+03:00,PARTIAL,12.444029850746269,Favorable,12.444029850746269,Favorable,12.5,Favorable,12.444029850746269,Favorable
2026-07-27 13:25:00+03:00,PARTIAL,12.444029850746269,Favorable,12.444029850746269,Favorable,12.5,Favorable,12.444029850746269,Favorable
2026-07-27 13:30:00+03:00,PARTIAL,12.444029850746269,Favorable,12.444029850746269,Favorable,12.5,Favorable,12.444029850746269,Favorable
2026-07-27 13:35:00+03:00,PARTIAL,12.444029850746269,Favorable,12.444029850746269,Favorable,12.5,Favorable,12.444029850746269,Favorable
2026-07-27 13:40:00+03:00,PARTIAL,12.444029850746269,Favorable,12.444029850746269,Favorable,12.5,Favorable,12.444029850746269,Favorable
2026-07-27 13:45:00+03:00,PARTIAL,12.444029850746269,Favorable,12.444029850746269,Favorable,12.5,Favorable,12.444029850746269,Favorable
2026-07-27 13:50:00+03:00,PARTIAL,12.444029850746269,Favorable,12.444029850746269,Favorable,12.5,Favorable,12.444029850746269,Favorable
2026-07-27 13:55:00+03:00,PARTIAL,12.444029850746269,Favorable,12.444029850746269,Favorable,12.5,Favorable,12.444029850746269,Favorable
2026-07-27 14:00:00+03:00,PARTIAL,12.444029850746269,Favorable,12.444029850746269,Favorable,12.5,Favorable,12.444029850746269,Favorable
2026-07-27 14:05:00+03:00,PARTIAL,12.444029850746269,Favorable,12.444029850746269,Favorable,12.5,Favorable,12.444029850746269,Favorable
2026-07-27 14:10:00+03:00,PARTIAL,12.444029850746269,Favorable,12.444029850746269,Favorable,12.5,Favorable,12.444029850746269,Favorable
2026-07-27 14:15:00+03:00,PARTIAL,12.444029850746269,Favorable,12.444029850746269,Favorable,12.5,Favorable,12.444029850746269,Favorable
2026-07-27 14:20:00+03:00,PARTIAL,12.444029850746269,Favorable,12.444029850746269,Favorable,12.5,Favorable,12.444029850746269,Favorable
2026-07-27 14:25:00+03:00,PARTIAL,12.444029850746269,Favorable,12.444029850746269,Favorable,12.5,Favorable,12.444029850746269,Favorable
2026-07-27 14:30:00+03:00,PARTIAL,12.444029850746269,Favorable,12.444029850746269,Favorable,12.5,Favorable,12.444029850746269,Favorable
2026-07-27 14:35:00+03:00,PARTIAL,12.444029850746269,Favorable,12.444029850746269,Favorable,12.5,Favorable,12.444029850746269,Favorable
2026-07-27 14:40:00+03:00,PARTIAL,12.444029850746269,Favorable,12.444029850746269,Favorable,12.5,Favorable,12.444029850746269,Favorable
2026-07-27 14:45:00+03:00,PARTIAL,12.444029850746269,Favorable,12.444029850746269,Favorable,12.5,Favorable,12.444029850746269,Favorable
2026-07-27 14:50:00+03:00,PARTIAL,12.444029850746269,Favorable,12.444029850746269,Favorable,12.5,Favorable,12.444029850746269,Favorable
2026-07-27 14:55:00+03:00,PARTIAL,12.444029850746269,Favorable,12.444029850746269,Favorable,12.5,Favorable,12.444029850746269,Favorable
2026-07-27 15:00:00+03:00,PARTIAL,12.444029850746269,Favorable,12.444029850746269,Favorable,12.5,Favorable,12.444029850746269,Favorable
2026-07-27 15:05:00+03:00,PARTIAL,12.444029850746269,Favorable,12.444029850746269,Favorable,12.5,Favorable,12.444029850746269,Favorable
2026-07-27 15:10:00+03:00,PARTIAL,12.444029850746269,Favorable,12.444029850746269,Favorable,12.5,Favorable,12.444029850746269,Favorable
2026-07-27 15:15:00+03:00,PARTIAL,12.444029850746269,Favorable,12.444029850746269,Favorable,12.5,Favorable,12.444029850746269,Favorable
2026-07-27 15:20:00+03:00,PARTIAL,12.444029850746269,Favorable,12.444029850746269,Favorable,12.5,Favorable,12.444029850746269,Favorable
2026-07-27 15:25:00+03:00,PARTIAL,12.444029850746269,Favorable,12.444029850746269,Favorable,12.5,Favorable,12.444029850746269,Favorable
2026-07-27 15:30:00+03:00,PARTIAL,12.444029850746269,Favorable,12.444029850746269,Favorable,12.5,Favorable,12.444029850746269,Favorable
2026-07-27 15:35:00+03:00,PARTIAL,12.444029850746269,Favorable,12.444029850746269,Favorable,12.5,Favorable,12.444029850746269,Favorable
2026-07-27 15:40:00+03:00,PARTIAL,12.444029850746269,Favorable,12.444029850746269,Favorable,12.5,Favorable,12.444029850746269,Favorable
2026-07-27 15:45:00+03:00,PARTIAL,12.444029850746269,Favorable,12.444029850746269,Favorable,12.5,Favorable,12.444029850746269,Favorable
2026-07-27 15:50:00+03:00,PARTIAL,12.444029850746269,Favorable,12.444029850746269,Favorable,12.5,Favorable,12.444029850746269,Favorable
2026-07-27 15:55:00+03:00,PARTIAL,12.444029850746269,Favorable,12.444029850746269,Favorable,12.5,Favorable,12.444029850746269,Favorable
2026-07-27 16:00:00+03:00,PARTIAL,12.444029850746269,Favorable,12.444029850746269,Favorable,12.5,Favorable,12.444029850746269,Favorable
2026-07-27 16:05:00+03:00,PARTIAL,12.444029850746269,Favorable,12.444029850746269,Favorable,12.5,Favorable,12.444029850746269,Favorable
2026-07-27 16:10:00+03:00,PARTIAL,12.444029850746269,Favorable,12.444029850746269,Favorable,12.5,Favorable,12.444029850746269,Favorable
2026-07-27 16:15:00+03:00,PARTIAL,12.444029850746269,Favorable,12.444029850746269,Favorable,12.5,Favorable,12.444029850746269,Favorable
2026-07-27 16:20:00+03:00,PARTIAL,12.444029850746269,Favorable,12.444029850746269,Favorable,12.5,Favorable,12.444029850746269,Favorable
2026-07-27 16:25:00+03:00,PARTIAL,12.444029850746269,Favorable,12.444029850746269,Favorable,12.5,Favorable,12.444029850746269,Favorable
2026-07-27 16:30:00+03:00,PARTIAL,12.444029850746269,Favorable,12.444029850746269,Favorable,12.5,Favorable,12.444029850746269,Favorable
2026-07-27 16:35:00+03:00,PARTIAL,12.444029850746269,Favorable,12.444029850746269,Favorable,12.5,Favorable,12.444029850746269,Favorable
2026-07-27 16:40:00+03:00,PARTIAL,12.444029850746269,Favorable,12.444029850746269,Favorable,12.5,Favorable,12.444029850746269,Favorable
2026-07-27 16:45:00+03:00,PARTIAL,12.444029850746269,Favorable,12.444029850746269,Favorable,12.5,Favorable,12.444029850746269,Favorable
2026-07-27 16:50:00+03:00,PARTIAL,12.444029850746269,Favorable,12.444029850746269,Favorable,12.5,Favorable,12.444029850746269,Favorable
2026-07-27 16:55:00+03:00,PARTIAL,12.444029850746269,Favorable,12.444029850746269,Favorable,12.5,Favorable,12.444029850746269,Favorable
2026-07-27 17:00:00+03:00,PARTIAL,12.444029850746269,Favorable,12.444029850746269,Favorable,12.5,Favorable,12.444029850746269,Favorable
2026-07-27 17:05:00+03:00,PARTIAL,12.444029850746269,Favorable,12.444029850746269,Favorable,12.5,Favorable,12.444029850746269,Favorable
2026-07-27 17:10:00+03:00,PARTIAL,12.444029850746269,Favorable,12.444029850746269,Favorable,12.5,Favorable,12.444029850746269,Favorable
2026-07-27 17:15:00+03:00,PARTIAL,12.444029850746269,Favorable,12.444029850746269,Favorable,12.5,Favorable,12.444029850746269,Favorable
2026-07-27 17:20:00+03:00,PARTIAL,12.444029850746269,Favorable,12.444029850746269,Favorable,12.5,Favorable,12.444029850746269,Favorable
2026-07-27 17:25:00+03:00,PARTIAL,12.444029850746269,Favorable,12.444029850746269,Favorable,12.5,Favorable,12.444029850746269,Favorable
2026-07-27 17:30:00+03:00,PARTIAL,12.444029850746269,Favorable,12.444029850746269,Favorable,12.5,Favorable,12.444029850746269,Favorable
2026-07-27 17:35:00+03:00,PARTIAL,12.444029850746269,Favorable,12.444029850746269,Favorable,12.5,Favorable,12.444029850746269,Favorable
2026-07-27 17:40:00+03:00,PARTIAL,12.444029850746269,Favorable,12.444029850746269,Favorable,12.5,Favorable,12.444029850746269,Favorable
2026-07-27 17:45:00+03:00,PARTIAL,12.444029850746269,Favorable,12.444029850746269,Favorable,12.5,Favorable,12.444029850746269,Favorable
2026-07-27 17:50:00+03:00,PARTIAL,12.444029850746269,Favorable,12.444029850746269,Favorable,12.5,Favorable,12.444029850746269,Favorable
2026-07-27 17:55:00+03:00,PARTIAL,12.444029850746269,Favorable,12.444029850746269,Favorable,12.5,Favorable,12.444029850746269,Favorable
2026-07-27 18:00:00+03:00,PARTIAL,12.444029850746269,Favorable,12.444029850746269,Favorable,12.5,Favorable,12.444029850746269,Favorable
2026-07-27 18:05:00+03:00,PARTIAL,12.444029850746269,Favorable,12.444029850746269,Favorable,12.5,Favorable,12.444029850746269,Favorable
2026-07-27 18:10:00+03:00,PARTIAL,12.444029850746269,Favorable,12.444029850746269,Favorable,12.5,Favorable,12.444029850746269,Favorable
2026-07-27 18:15:00+03:00,PARTIAL,12.444029850746269,Favorable,12.444029850746269,Favorable,12.5,Favorable,12.444029850746269,Favorable
2026-07-27 18:20:00+03:00,PARTIAL,12.444029850746269,Favorable,12.444029850746269,Favorable,12.5,Favorable,12.444029850746269,Favorable
2026-07-27 18:25:00+03:00,PARTIAL,12.444029850746269,Favorable,12.444029850746269,Favorable,12.5,Favorable,12.444029850746269,Favorable
2026-07-27 18:30:00+03:00,PARTIAL,12.444029850746269,Favorable,12.444029850746269,Favorable,12.5,Favorable,12.444029850746269,Favorable
2026-07-27 18:35:00+03:00,PARTIAL,12.444029850746269,Favorable,12.444029850746269,Favorable,12.5,Favorable,12.444029850746269,Favorable
2026-07-27 18:40:00+03:00,PARTIAL,12.444029850746269,Favorable,12.444029850746269,Favorable,12.5,Favorable,12.444029850746269,Favorable
2026-07-27 18:45:00+03:00,PARTIAL,12.444029850746269,Favorable,12.444029850746269,Favorable,12.5,Favorable,12.444029850746269,Favorable
2026-07-27 18:50:00+03:00,PARTIAL,12.444029850746269,Favorable,12.444029850746269,Favorable,12.5,Favorable,12.444029850746269,Favorable
2026-07-27 18:55:00+03:00,PARTIAL,12.444029850746269,Favorable,12.444029850746269,Favorable,12.5,Favorable,12.444029850746269,Favorable
2026-07-27 19:00:00+03:00,PARTIAL,12.444029850746269,Favorable,12.444029850746269,Favorable,12.5,Favorable,12.444029850746269,Favorable
2026-07-27 19:05:00+03:00,PARTIAL,12.444029850746269,Favorable,12.444029850746269,Favorable,12.5,Favorable,12.444029850746269,Favorable
2026-07-27 19:10:00+03:00,PARTIAL,12.444029850746269,Favorable,12.444029850746269,Favorable,12.5,Favorable,12.444029850746269,Favorable
2026-07-27 19:15:00+03:00,PARTIAL,12.444029850746269,Favorable,12.444029850746269,Favorable,12.5,Favorable,12.444029850746269,Favorable
2026-07-27 19:20:00+03:00,PARTIAL,12.444029850746269,Favorable,12.444029850746269,Favorable,12.5,Favorable,12.444029850746269,Favorable
2026-07-27 19:25:00+03:00,PARTIAL,12.444029850746269,Favorable,12.444029850746269,Favorable,12.5,Favorable,12.444029850746269,Favorable
2026-07-27 19:30:00+03:00,PARTIAL,12.444029850746269,Favorable,12.444029850746269,Favorable,12.5,Favorable,12.444029850746269,Favorable
2026-07-27 19:35:00+03:00,PARTIAL,12.444029850746269,Favorable,12.444029850746269,Favorable,12.5,Favorable,12.444029850746269,Favorable
2026-07-27 19:40:00+03:00,PARTIAL,12.444029850746269,Favorable,12.444029850746269,Favorable,12.5,Favorable,12.444029850746269,Favorable
2026-07-27 19:45:00+03:00,PARTIAL,12.444029850746269,Favorable,12.444029850746269,Favorable,12.5,Favorable,12.444029850746269,Favorable
2026-07-27 19:50:00+03:00,PARTIAL,12.444029850746269,Favorable,12.444029850746269,Favorable,12.5,Favorable,12.444029850746269,Favorable
2026-07-27 19:55:00+03:00,PARTIAL,12.444029850746269,Favorable,12.444029850746269,Favorable,12.5,Favorable,12.444029850746269,Favorable
2026-07-27 20:00:00+03:00,PARTIAL,12.444029850746269,Favorable,12.444029850746269,Favorable,12.5,Favorable,12.444029850746269,Favorable
2026-07-27 20:05:00+03:00,PARTIAL,12.444029850746269,Favorable,12.444029850746269,Favorable,12.5,Favorable,12.444029850746269,Favorable
2026-07-27 20:10:00+03:00,PARTIAL,12.444029850746269,Favorable,12.444029850746269,Favorable,12.5,Favorable,12.444029850746269,Favorable
2026-07-27 20:15:00+03:00,PARTIAL,12.444029850746269,Favorable,12.444029850746269,Favorable,12.5,Favorable,12.444029850746269,Favorable
2026-07-27 20:20:00+03:00,PARTIAL,12.444029850746269,Favorable,12.444029850746269,Favorable,12.5,Favorable,12.444029850746269,Favorable
2026-07-27 20:25:00+03:00,PARTIAL,12.444029850746269,Favorable,12.444029850746269,Favorable,12.5,Favorable,12.444029850746269,Favorable
2026-07-27 20:30:00+03:00,PARTIAL,12.444029850746269,Favorable,12.444029850746269,Favorable,12.5,Favorable,12.444029850746269,Favorable
2026-07-27 20:35:00+03:00,PARTIAL,12.444029850746269,Favorable,12.444029850746269,Favorable,12.5,Favorable,12.444029850746269,Favorable
2026-07-27 20:40:00+03:00,PARTIAL,12.444029850746269,Favorable,12.444029850746269,Favorable,12.5,Favorable,12.444029850746269,Favorable
2026-07-27 20:45:00+03:00,PARTIAL,12.444029850746269,Favorable,12.444029850746269,Favorable,12.5,Favorable,12.444029850746269,Favorable
2026-07-27 20:50:00+03:00,PARTIAL,12.444029850746269,Favorable,12.444029850746269,Favorable,12.5,Favorable,12.444029850746269,Favorable
2026-07-27 20:55:00+03:00,PARTIAL,12.444029850746269,Favorable,12.444029850746269,Favorable,12.5,Favorable,12.444029850746269,Favorable
2026-07-27 21:00:00+03:00,PARTIAL,12.444029850746269,Favorable,12.444029850746269,Favorable,12.5,Favorable,12.444029850746269,Favorable
2026-07-27 21:05:00+03:00,PARTIAL,12.444029850746269,Favorable,12.444029850746269,Favorable,12.5,Favorable,12.444029850746269,Favorable
2026-07-27 21:10:00+03:00,PARTIAL,12.444029850746269,Favorable,12.444029850746269,Favorable,12.5,Favorable,12.444029850746269,Favorable
2026-07-27 21:15:00+03:00,PARTIAL,12.444029850746269,Favorable,12.444029850746269,Favorable,12.5,Favorable,12.444029850746269,Favorable
2026-07-27 21:20:00+03:00,PARTIAL,12.444029850746269,Favorable,12.444029850746269,Favorable,12.5,Favorable,12.444029850746269,Favorable
2026-07-27 21:25:00+03:00,PARTIAL,12.444029850746269,Favorable,12.444029850746269,Favorable,12.5,Favorable,12.444029850746269,Favorable
2026-07-27 21:30:00+03:00,PARTIAL,12.444029850746269,Favorable,12.444029850746269,Favorable,12.5,Favorable,12.444029850746269,Favorable
2026-07-27 21:35:00+03:00,PARTIAL,12.444029850746269,Favorable,12.444029850746269,Favorable,12.5,Favorable,12.444029850746269,Favorable
2026-07-27 21:40:00+03:00,PARTIAL,12.444029850746269,Favorable,12.444029850746269,Favorable,12.5,Favorable,12.444029850746269,Favorable
2026-07-27 21:45:00+03:00,PARTIAL,12.444029850746269,Favorable,12.444029850746269,Favorable,12.5,Favorable,12.444029850746269,Favorable
2026-07-27 21:50:00+03:00,PARTIAL,12.444029850746269,Favorable,12.444029850746269,Favorable,12.5,Favorable,12.444029850746269,Favorable
2026-07-27 21:55:00+03:00,PARTIAL,12.444029850746269,Favorable,12.444029850746269,Favorable,12.5,Favorable,12.444029850746269,Favorable
2026-07-27 22:00:00+03:00,PARTIAL,12.444029850746269,Favorable,12.444029850746269,Favorable,12.5,Favorable,12.444029850746269,Favorable
2026-07-27 22:05:00+03:00,PARTIAL,12.444029850746269,Favorable,12.444029850746269,Favorable,12.5,Favorable,12.444029850746269,Favorable
2026-07-27 22:10:00+03:00,PARTIAL,12.444029850746269,Favorable,12.444029850746269,Favorable,12.5,Favorable,12.444029850746269,Favorable
2026-07-27 22:15:00+03:00,PARTIAL,12.444029850746269,Favorable,12.444029850746269,Favorable,12.5,Favorable,12.444029850746269,Favorable
2026-07-27 22:20:00+03:00,PARTIAL,12.444029850746269,Favorable,12.444029850746269,Favorable,12.5,Favorable,12.444029850746269,Favorable
2026-07-27 22:25:00+03:00,PARTIAL,12.444029850746269,Favorable,12.444029850746269,Favorable,12.5,Favorable,12.444029850746269,Favorable
2026-07-27 22:30:00+03:00,PARTIAL,12.444029850746269,Favorable,12.444029850746269,Favorable,12.5,Favorable,12.444029850746269,Favorable
2026-07-27 22:35:00+03:00,PARTIAL,12.444029850746269,Favorable,12.444029850746269,Favorable,12.5,Favorable,12.444029850746269,Favorable
2026-07-27 22:40:00+03:00,PARTIAL,12.444029850746269,Favorable,12.444029850746269,Favorable,12.5,Favorable,12.444029850746269,Favorable
2026-07-27 22:45:00+03:00,PARTIAL,23.328280804873494,Favorable,23.328280804873494,Favorable,12.5,Favorable,17.88615532780988,Favorable
2026-07-27 22:50:00+03:00,PARTIAL,31.869383331108054,Acceptable,31.869383331108054,Acceptable,37.5,Acceptable,22.15670659092716,Favorable
2026-07-27 22:55:00+03:00,PARTIAL,34.00477822705501,Acceptable,34.00477822705501,Acceptable,37.5,Acceptable,23.22440403890064,Favorable
2026-07-27 23:00:00+03:00,PARTIAL,37.5,Acceptable,37.5,Acceptable,37.5,Acceptable,24.972014925373134,Favorable
2026-07-27 23:05:00+03:00,PARTIAL,37.5,Acceptable,37.5,Acceptable,37.5,Acceptable,24.972014925373134,Favorable
2026-07-27 23:10:00+03:00,PARTIAL,39.48708942637444,Acceptable,39.48708942637444,Acceptable,37.5,Acceptable,25.965559638560354,Acceptable
2026-07-27 23:15:00+03:00,PARTIAL,40.304200261460174,Acceptable,40.304200261460174,Acceptable,37.5,Acceptable,26.37411505610322,Acceptable
2026-07-27 23:20:00+03:00,PARTIAL,37.5,Acceptable,37.5,Acceptable,37.5,Acceptable,24.972014925373134,Favorable
2026-07-27 23:25:00+03:00,PARTIAL,37.5,Acceptable,37.5,Acceptable,37.5,Acceptable,24.972014925373134,Favorable
2026-07-27 23:30:00+03:00,PARTIAL,37.5,Acceptable,37.5,Acceptable,37.5,Acceptable,24.972014925373134,Favorable
2026-07-27 23:35:00+03:00,PARTIAL,37.5,Acceptable,37.5,Acceptable,37.5,Acceptable,24.972014925373134,Favorable
2026-07-27 23:40:00+03:00,PARTIAL,37.5,Acceptable,37.5,Acceptable,37.5,Acceptable,24.972014925373134,Favorable
2026-07-27 23:45:00+03:00,PARTIAL,12.64968359061239,Favorable,12.64968359061239,Favorable,12.5,Favorable,12.54685672067933,Favorable
2026-07-27 23:50:00+03:00,PARTIAL,12.444029850746269,Favorable,12.444029850746269,Favorable,12.5,Favorable,12.444029850746269,Favorable
2026-07-27 23:55:00+03:00,PARTIAL,12.444029850746269,Favorable,12.444029850746269,Favorable,12.5,Favorable,12.444029850746269,Favorable
2026-07-28 00:00:00+03:00,PARTIAL,12.444029850746269,Favorable,12.444029850746269,Favorable,12.5,Favorable,12.444029850746269,Favorable
2026-07-28 00:05:00+03:00,PARTIAL,12.444029850746269,Favorable,12.444029850746269,Favorable,12.5,Favorable,12.444029850746269,Favorable
2026-07-28 00:10:00+03:00,PARTIAL,12.444029850746269,Favorable,12.444029850746269,Favorable,12.5,Favorable,12.444029850746269,Favorable
2026-07-28 00:15:00+03:00,PARTIAL,12.444029850746269,Favorable,12.444029850746269,Favorable,12.5,Favorable,12.444029850746269,Favorable
2026-07-28 00:20:00+03:00,PARTIAL,12.444029850746269,Favorable,12.444029850746269,Favorable,12.5,Favorable,12.444029850746269,Favorable
2026-07-28 00:25:00+03:00,PARTIAL,12.444029850746269,Favorable,12.444029850746269,Favorable,12.5,Favorable,12.444029850746269,Favorable
2026-07-28 00:30:00+03:00,PARTIAL,22.97986136189214,Favorable,22.97986136189214,Favorable,12.5,Favorable,17.711945606319205,Favorable
2026-07-28 00:35:00+03:00,FAILED,,,37.5,Acceptable,37.5,Acceptable,37.5,Acceptable
2026-07-28 00:40:00+03:00,FAILED,,,37.5,Acceptable,37.5,Acceptable,37.5,Acceptable
2026-07-28 00:45:00+03:00,FAILED,,,42.54739225419827,Acceptable,37.5,Acceptable,42.54739225419827,Acceptable
2026-07-28 00:50:00+03:00,FAILED,,,39.23903048391432,Acceptable,37.5,Acceptable,39.23903048391432,Acceptable
2026-07-28 00:55:00+03:00,FAILED,,,37.5,Acceptable,37.5,Acceptable,37.5,Acceptable
2026-07-28 01:00:00+03:00,FAILED,,,37.5,Acceptable,37.5,Acceptable,37.5,Acceptable
2026-07-28 01:05:00+03:00,FAILED,,,33.04169845569922,Acceptable,37.5,Acceptable,33.04169845569922,Acceptable
2026-07-28 01:10:00+03:00,FAILED,,,24.634108139163676,Favorable,12.5,Favorable,24.634108139163676,Favorable
2026-07-28 01:15:00+03:00,FAILED,,,18.123303977241974,Favorable,12.5,Favorable,18.123303977241974,Favorable
2026-07-28 01:20:00+03:00,FAILED,,,12.444029850746269,Favorable,12.5,Favorable,12.444029850746269,Favorable
2026-07-28 01:25:00+03:00,FAILED,,,12.444029850746269,Favorable,12.5,Favorable,12.444029850746269,Favorable
2026-07-28 01:30:00+03:00,FAILED,,,12.444029850746269,Favorable,12.5,Favorable,12.444029850746269,Favorable
2026-07-28 01:35:00+03:00,FAILED,,,12.444029850746269,Favorable,12.5,Favorable,12.444029850746269,Favorable
2026-07-28 01:40:00+03:00,FAILED,,,12.444029850746269,Favorable,12.5,Favorable,12.444029850746269,Favorable
2026-07-28 01:45:00+03:00,FAILED,,,12.444029850746269,Favorable,12.5,Favorable,12.444029850746269,Favorable
2026-07-28 01:50:00+03:00,FAILED,,,12.444029850746269,Favorable,12.5,Favorable,12.444029850746269,Favorable
2026-07-28 01:55:00+03:00,FAILED,,,12.444029850746269,Favorable,12.5,Favorable,12.444029850746269,Favorable
2026-07-28 02:00:00+03:00,FAILED,,,12.444029850746269,Favorable,12.5,Favorable,12.444029850746269,Favorable
2026-07-28 02:05:00+03:00,FAILED,,,12.444029850746269,Favorable,12.5,Favorable,12.444029850746269,Favorable
2026-07-28 02:10:00+03:00,FAILED,,,12.444029850746269,Favorable,12.5,Favorable,12.444029850746269,Favorable
2026-07-28 02:15:00+03:00,FAILED,,,12.444029850746269,Favorable,12.5,Favorable,12.444029850746269,Favorable
2026-07-28 02:20:00+03:00,FAILED,,,12.444029850746269,Favorable,12.5,Favorable,12.444029850746269,Favorable
2026-07-28 02:25:00+03:00,FAILED,,,12.444029850746269,Favorable,12.5,Favorable,12.444029850746269,Favorable
2026-07-28 02:30:00+03:00,FAILED,,,12.444029850746269,Favorable,12.5,Favorable,12.444029850746269,Favorable
2026-07-28 02:35:00+03:00,FAILED,,,12.444029850746269,Favorable,12.5,Favorable,12.444029850746269,Favorable
2026-07-28 02:40:00+03:00,FAILED,,,12.444029850746269,Favorable,12.5,Favorable,12.444029850746269,Favorable
2026-07-28 02:45:00+03:00,FAILED,,,12.444029850746269,Favorable,12.5,Favorable,12.444029850746269,Favorable
2026-07-28 02:50:00+03:00,FAILED,,,12.444029850746269,Favorable,12.5,Favorable,12.444029850746269,Favorable
2026-07-28 02:55:00+03:00,FAILED,,,12.444029850746269,Favorable,12.5,Favorable,12.444029850746269,Favorable
2026-07-28 03:00:00+03:00,FAILED,,,12.444029850746269,Favorable,12.5,Favorable,12.444029850746269,Favorable
2026-07-28 03:05:00+03:00,FAILED,,,12.444029850746269,Favorable,12.5,Favorable,12.444029850746269,Favorable
2026-07-28 03:10:00+03:00,FAILED,,,12.444029850746269,Favorable,12.5,Favorable,12.444029850746269,Favorable
2026-07-28 03:15:00+03:00,FAILED,,,12.444029850746269,Favorable,12.5,Favorable,12.444029850746269,Favorable
2026-07-28 03:20:00+03:00,FAILED,,,12.444029850746269,Favorable,12.5,Favorable,12.444029850746269,Favorable
2026-07-28 03:25:00+03:00,FAILED,,,12.444029850746269,Favorable,12.5,Favorable,12.444029850746269,Favorable
2026-07-28 03:30:00+03:00,FAILED,,,12.444029850746269,Favorable,12.5,Favorable,12.444029850746269,Favorable
2026-07-28 03:35:00+03:00,FAILED,,,12.444029850746269,Favorable,12.5,Favorable,12.444029850746269,Favorable
2026-07-28 03:40:00+03:00,FAILED,,,12.444029850746269,Favorable,12.5,Favorable,12.444029850746269,Favorable
2026-07-28 03:45:00+03:00,FAILED,,,12.444029850746269,Favorable,12.5,Favorable,12.444029850746269,Favorable
2026-07-28 03:50:00+03:00,FAILED,,,12.444029850746269,Favorable,12.5,Favorable,12.444029850746269,Favorable
2026-07-28 03:55:00+03:00,FAILED,,,12.444029850746269,Favorable,12.5,Favorable,12.444029850746269,Favorable
2026-07-28 04:00:00+03:00,FAILED,,,12.444029850746269,Favorable,12.5,Favorable,12.444029850746269,Favorable
2026-07-28 04:05:00+03:00,FAILED,,,12.444029850746269,Favorable,12.5,Favorable,12.444029850746269,Favorable
2026-07-28 04:10:00+03:00,FAILED,,,12.444029850746269,Favorable,12.5,Favorable,12.444029850746269,Favorable
2026-07-28 04:15:00+03:00,FAILED,,,12.444029850746269,Favorable,12.5,Favorable,12.444029850746269,Favorable
2026-07-28 04:20:00+03:00,FAILED,,,12.444029850746269,Favorable,12.5,Favorable,12.444029850746269,Favorable
2026-07-28 04:25:00+03:00,FAILED,,,12.444029850746269,Favorable,12.5,Favorable,12.444029850746269,Favorable
2026-07-28 04:30:00+03:00,FAILED,,,12.444029850746269,Favorable,12.5,Favorable,12.444029850746269,Favorable
2026-07-28 04:35:00+03:00,FAILED,,,12.444029850746269,Favorable,12.5,Favorable,12.444029850746269,Favorable
2026-07-28 04:40:00+03:00,FAILED,,,12.444029850746269,Favorable,12.5,Favorable,12.444029850746269,Favorable
2026-07-28 04:45:00+03:00,FAILED,,,12.444029850746269,Favorable,12.5,Favorable,12.444029850746269,Favorable
2026-07-28 04:50:00+03:00,FAILED,,,12.444029850746269,Favorable,12.5,Favorable,12.444029850746269,Favorable
2026-07-28 04:55:00+03:00,FAILED,,,12.444029850746269,Favorable,12.5,Favorable,12.444029850746269,Favorable
2026-07-28 05:00:00+03:00,FAILED,,,12.444029850746269,Favorable,12.5,Favorable,12.444029850746269,Favorable
2026-07-28 05:05:00+03:00,FAILED,,,12.444029850746269,Favorable,12.5,Favorable,12.444029850746269,Favorable
2026-07-28 05:10:00+03:00,FAILED,,,12.444029850746269,Favorable,12.5,Favorable,12.444029850746269,Favorable
2026-07-28 05:15:00+03:00,FAILED,,,12.444029850746269,Favorable,12.5,Favorable,12.444029850746269,Favorable
2026-07-28 05:20:00+03:00,FAILED,,,12.444029850746269,Favorable,12.5,Favorable,12.444029850746269,Favorable
2026-07-28 05:25:00+03:00,FAILED,,,12.444029850746269,Favorable,12.5,Favorable,12.444029850746269,Favorable
2026-07-28 05:30:00+03:00,FAILED,,,12.444029850746269,Favorable,12.5,Favorable,12.444029850746269,Favorable
2026-07-28 05:35:00+03:00,FAILED,,,12.444029850746269,Favorable,12.5,Favorable,12.444029850746269,Favorable
2026-07-28 05:40:00+03:00,FAILED,,,12.444029850746269,Favorable,12.5,Favorable,12.444029850746269,Favorable
2026-07-28 05:45:00+03:00,FAILED,,,12.444029850746269,Favorable,12.5,Favorable,12.444029850746269,Favorable
2026-07-28 05:50:00+03:00,FAILED,,,12.444029850746269,Favorable,12.5,Favorable,12.444029850746269,Favorable
2026-07-28 05:55:00+03:00,FAILED,,,12.444029850746269,Favorable,12.5,Favorable,12.444029850746269,Favorable
2026-07-28 06:00:00+03:00,FAILED,,,12.444029850746269,Favorable,12.5,Favorable,12.444029850746269,Favorable
2026-07-28 06:05:00+03:00,FAILED,,,12.444029850746269,Favorable,12.5,Favorable,12.444029850746269,Favorable
2026-07-28 06:10:00+03:00,FAILED,,,12.444029850746269,Favorable,12.5,Favorable,12.444029850746269,Favorable
2026-07-28 06:15:00+03:00,FAILED,,,12.444029850746269,Favorable,12.5,Favorable,12.444029850746269,Favorable
2026-07-28 06:20:00+03:00,FAILED,,,12.444029850746269,Favorable,12.5,Favorable,12.444029850746269,Favorable
2026-07-28 06:25:00+03:00,FAILED,,,12.444029850746269,Favorable,12.5,Favorable,12.444029850746269,Favorable
2026-07-28 06:30:00+03:00,FAILED,,,12.444029850746269,Favorable,12.5,Favorable,12.444029850746269,Favorable
2026-07-28 06:35:00+03:00,FAILED,,,12.444029850746269,Favorable,12.5,Favorable,12.444029850746269,Favorable
2026-07-28 06:40:00+03:00,FAILED,,,12.444029850746269,Favorable,12.5,Favorable,12.444029850746269,Favorable
2026-07-28 06:45:00+03:00,FAILED,,,12.444029850746269,Favorable,12.5,Favorable,12.444029850746269,Favorable
2026-07-28 06:50:00+03:00,FAILED,,,12.444029850746269,Favorable,12.5,Favorable,12.444029850746269,Favorable
2026-07-28 06:55:00+03:00,FAILED,,,12.444029850746269,Favorable,12.5,Favorable,12.444029850746269,Favorable
2026-07-28 07:00:00+03:00,FAILED,,,12.444029850746269,Favorable,12.5,Favorable,12.444029850746269,Favorable
2026-07-28 07:05:00+03:00,FAILED,,,12.444029850746269,Favorable,12.5,Favorable,12.444029850746269,Favorable
2026-07-28 07:10:00+03:00,FAILED,,,12.444029850746269,Favorable,12.5,Favorable,12.444029850746269,Favorable
2026-07-28 07:15:00+03:00,FAILED,,,12.444029850746269,Favorable,12.5,Favorable,12.444029850746269,Favorable
2026-07-28 07:20:00+03:00,FAILED,,,12.444029850746269,Favorable,12.5,Favorable,12.444029850746269,Favorable
2026-07-28 07:25:00+03:00,FAILED,,,12.444029850746269,Favorable,12.5,Favorable,12.444029850746269,Favorable
2026-07-28 07:30:00+03:00,FAILED,,,12.444029850746269,Favorable,12.5,Favorable,12.444029850746269,Favorable
2026-07-28 07:35:00+03:00,FAILED,,,12.444029850746269,Favorable,12.5,Favorable,12.444029850746269,Favorable
2026-07-28 07:40:00+03:00,FAILED,,,12.444029850746269,Favorable,12.5,Favorable,12.444029850746269,Favorable
2026-07-28 07:45:00+03:00,FAILED,,,12.444029850746269,Favorable,12.5,Favorable,12.444029850746269,Favorable
2026-07-28 07:50:00+03:00,FAILED,,,12.444029850746269,Favorable,12.5,Favorable,12.444029850746269,Favorable
2026-07-28 07:55:00+03:00,FAILED,,,12.444029850746269,Favorable,12.5,Favorable,12.444029850746269,Favorable
2026-07-28 08:00:00+03:00,FAILED,,,12.444029850746269,Favorable,12.5,Favorable,12.444029850746269,Favorable
2026-07-28 08:05:00+03:00,FAILED,,,12.444029850746269,Favorable,12.5,Favorable,12.444029850746269,Favorable
2026-07-28 08:10:00+03:00,FAILED,,,12.444029850746269,Favorable,12.5,Favorable,12.444029850746269,Favorable
2026-07-28 08:15:00+03:00,FAILED,,,12.444029850746269,Favorable,12.5,Favorable,12.444029850746269,Favorable
2026-07-28 08:20:00+03:00,FAILED,,,12.444029850746269,Favorable,12.5,Favorable,12.444029850746269,Favorable
2026-07-28 08:25:00+03:00,FAILED,,,12.444029850746269,Favorable,12.5,Favorable,12.444029850746269,Favorable
2026-07-28 08:30:00+03:00,FAILED,,,12.444029850746269,Favorable,12.5,Favorable,12.444029850746269,Favorable
2026-07-28 08:35:00+03:00,FAILED,,,12.444029850746269,Favorable,12.5,Favorable,12.444029850746269,Favorable
2026-07-28 08:40:00+03:00,FAILED,,,12.444029850746269,Favorable,12.5,Favorable,12.444029850746269,Favorable
2026-07-28 08:45:00+03:00,FAILED,,,12.444029850746269,Favorable,12.5,Favorable,12.444029850746269,Favorable
2026-07-28 08:50:00+03:00,FAILED,,,12.444029850746269,Favorable,12.5,Favorable,12.444029850746269,Favorable
2026-07-28 08:55:00+03:00,FAILED,,,12.444029850746269,Favorable,12.5,Favorable,12.444029850746269,Favorable
2026-07-28 09:00:00+03:00,FAILED,,,12.444029850746269,Favorable,12.5,Favorable,12.444029850746269,Favorable
2026-07-28 09:05:00+03:00,FAILED,,,12.444029850746269,Favorable,12.5,Favorable,12.444029850746269,Favorable
2026-07-28 09:10:00+03:00,FAILED,,,12.444029850746269,Favorable,12.5,Favorable,12.444029850746269,Favorable
2026-07-28 09:15:00+03:00,FAILED,,,12.444029850746269,Favorable,12.5,Favorable,12.444029850746269,Favorable
2026-07-28 09:20:00+03:00,FAILED,,,12.444029850746269,Favorable,12.5,Favorable,12.444029850746269,Favorable
2026-07-28 09:25:00+03:00,FAILED,,,12.444029850746269,Favorable,12.5,Favorable,12.444029850746269,Favorable
2026-07-28 09:30:00+03:00,FAILED,,,12.444029850746269,Favorable,12.5,Favorable,12.444029850746269,Favorable
2026-07-28 09:35:00+03:00,FAILED,,,12.444029850746269,Favorable,12.5,Favorable,12.444029850746269,Favorable
2026-07-28 09:40:00+03:00,FAILED,,,12.444029850746269,Favorable,12.5,Favorable,12.444029850746269,Favorable
2026-07-28 09:45:00+03:00,FAILED,,,12.444029850746269,Favorable,12.5,Favorable,12.444029850746269,Favorable
2026-07-28 09:50:00+03:00,FAILED,,,12.444029850746269,Favorable,12.5,Favorable,12.444029850746269,Favorable
2026-07-28 09:55:00+03:00,FAILED,,,12.444029850746269,Favorable,12.5,Favorable,12.444029850746269,Favorable
2026-07-28 10:00:00+03:00,FAILED,,,12.444029850746269,Favorable,12.5,Favorable,12.444029850746269,Favorable
2026-07-28 10:05:00+03:00,FAILED,,,12.444029850746269,Favorable,12.5,Favorable,12.444029850746269,Favorable
2026-07-28 10:10:00+03:00,FAILED,,,12.444029850746269,Favorable,12.5,Favorable,12.444029850746269,Favorable
2026-07-28 10:15:00+03:00,FAILED,,,12.444029850746269,Favorable,12.5,Favorable,12.444029850746269,Favorable
2026-07-28 10:20:00+03:00,FAILED,,,12.444029850746269,Favorable,12.5,Favorable,12.444029850746269,Favorable
2026-07-28 10:25:00+03:00,FAILED,,,12.444029850746269,Favorable,12.5,Favorable,12.444029850746269,Favorable
2026-07-28 10:30:00+03:00,FAILED,,,12.444029850746269,Favorable,12.5,Favorable,12.444029850746269,Favorable
2026-07-28 10:35:00+03:00,FAILED,,,12.444029850746269,Favorable,12.5,Favorable,12.444029850746269,Favorable
2026-07-28 10:40:00+03:00,FAILED,,,22.469359777788082,Favorable,12.5,Favorable,22.469359777788082,Favorable
2026-07-28 10:45:00+03:00,FAILED,,,62.50000000000001,Degraded,62.5,Degraded,62.50000000000001,Degraded
2026-07-28 10:50:00+03:00,FAILED,,,87.39540606708113,Critical,87.5,Critical,87.39540606708113,Critical
2026-07-28 10:55:00+03:00,FAILED,,,87.46892978312849,Critical,87.5,Critical,87.46892978312849,Critical
2026-07-28 11:00:00+03:00,FAILED,,,87.50752429749951,Critical,87.5,Critical,87.50752429749951,Critical
2026-07-28 11:05:00+03:00,FAILED,,,62.5,Degraded,62.5,Degraded,62.5,Degraded
2026-07-28 11:10:00+03:00,FAILED,,,37.5,Acceptable,37.5,Acceptable,37.5,Acceptable
2026-07-28 11:15:00+03:00,FAILED,,,20.021726556231954,Favorable,12.5,Favorable,20.021726556231954,Favorable
2026-07-28 11:20:00+03:00,FAILED,,,12.444029850746269,Favorable,12.5,Favorable,12.444029850746269,Favorable
2026-07-28 11:25:00+03:00,FAILED,,,12.444029850746269,Favorable,12.5,Favorable,12.444029850746269,Favorable
2026-07-28 11:30:00+03:00,FAILED,,,12.444029850746269,Favorable,12.5,Favorable,12.444029850746269,Favorable
2026-07-28 11:35:00+03:00,FAILED,,,12.444029850746269,Favorable,12.5,Favorable,12.444029850746269,Favorable
2026-07-28 11:40:00+03:00,FAILED,,,12.444029850746269,Favorable,12.5,Favorable,12.444029850746269,Favorable
2026-07-28 11:45:00+03:00,FAILED,,,12.444029850746269,Favorable,12.5,Favorable,12.444029850746269,Favorable
2026-07-28 11:50:00+03:00,FAILED,,,12.444029850746269,Favorable,12.5,Favorable,12.444029850746269,Favorable
2026-07-28 11:55:00+03:00,FAILED,,,12.444029850746269,Favorable,12.5,Favorable,12.444029850746269,Favorable
2026-07-28 12:00:00+03:00,FAILED,,,12.444029850746269,Favorable,12.5,Favorable,12.444029850746269,Favorable
2026-07-28 12:05:00+03:00,PARTIAL,12.444029850746269,Favorable,12.444029850746269,Favorable,12.5,Favorable,12.444029850746269,Favorable
2026-07-28 12:10:00+03:00,PARTIAL,12.444029850746269,Favorable,12.444029850746269,Favorable,12.5,Favorable,12.444029850746269,Favorable
2026-07-28 12:15:00+03:00,PARTIAL,12.444029850746269,Favorable,12.444029850746269,Favorable,12.5,Favorable,12.444029850746269,Favorable
2026-07-28 12:20:00+03:00,PARTIAL,12.444029850746269,Favorable,12.444029850746269,Favorable,12.5,Favorable,12.444029850746269,Favorable
2026-07-28 12:25:00+03:00,PARTIAL,12.444029850746269,Favorable,12.444029850746269,Favorable,12.5,Favorable,12.444029850746269,Favorable
2026-07-28 12:30:00+03:00,PARTIAL,12.444029850746269,Favorable,12.444029850746269,Favorable,12.5,Favorable,12.444029850746269,Favorable
2026-07-28 12:35:00+03:00,PARTIAL,12.444029850746269,Favorable,12.444029850746269,Favorable,12.5,Favorable,12.444029850746269,Favorable
2026-07-28 12:40:00+03:00,PARTIAL,12.444029850746269,Favorable,12.444029850746269,Favorable,12.5,Favorable,12.444029850746269,Favorable
2026-07-28 12:45:00+03:00,PARTIAL,12.444029850746269,Favorable,12.444029850746269,Favorable,12.5,Favorable,12.444029850746269,Favorable
2026-07-28 12:50:00+03:00,PARTIAL,12.444029850746269,Favorable,12.444029850746269,Favorable,12.5,Favorable,12.444029850746269,Favorable
2026-07-28 12:55:00+03:00,PARTIAL,12.444029850746269,Favorable,12.444029850746269,Favorable,12.5,Favorable,12.444029850746269,Favorable
2026-07-28 13:00:00+03:00,PARTIAL,12.444029850746269,Favorable,12.444029850746269,Favorable,12.5,Favorable,12.444029850746269,Favorable
2026-07-28 13:05:00+03:00,PARTIAL,12.444029850746269,Favorable,12.444029850746269,Favorable,12.5,Favorable,12.444029850746269,Favorable
2026-07-28 13:10:00+03:00,PARTIAL,12.444029850746269,Favorable,12.444029850746269,Favorable,12.5,Favorable,12.444029850746269,Favorable
2026-07-28 13:15:00+03:00,PARTIAL,12.444029850746269,Favorable,12.444029850746269,Favorable,12.5,Favorable,12.444029850746269,Favorable
2026-07-28 13:20:00+03:00,PARTIAL,12.444029850746269,Favorable,12.444029850746269,Favorable,12.5,Favorable,12.444029850746269,Favorable
2026-07-28 13:25:00+03:00,PARTIAL,12.444029850746269,Favorable,12.444029850746269,Favorable,12.5,Favorable,12.444029850746269,Favorable
2026-07-28 13:30:00+03:00,PARTIAL,12.444029850746269,Favorable,12.444029850746269,Favorable,12.5,Favorable,12.444029850746269,Favorable
2026-07-28 13:35:00+03:00,PARTIAL,12.444029850746269,Favorable,12.444029850746269,Favorable,12.5,Favorable,12.444029850746269,Favorable
2026-07-28 13:40:00+03:00,PARTIAL,12.444029850746269,Favorable,12.444029850746269,Favorable,12.5,Favorable,12.444029850746269,Favorable
2026-07-28 13:45:00+03:00,PARTIAL,12.444029850746269,Favorable,12.444029850746269,Favorable,12.5,Favorable,12.444029850746269,Favorable
2026-07-28 13:50:00+03:00,PARTIAL,12.444029850746269,Favorable,12.444029850746269,Favorable,12.5,Favorable,12.444029850746269,Favorable
2026-07-28 13:55:00+03:00,PARTIAL,12.444029850746269,Favorable,12.444029850746269,Favorable,12.5,Favorable,12.444029850746269,Favorable
2026-07-28 14:00:00+03:00,PARTIAL,12.444029850746269,Favorable,12.444029850746269,Favorable,12.5,Favorable,12.444029850746269,Favorable
2026-07-28 14:05:00+03:00,PARTIAL,12.444029850746269,Favorable,12.444029850746269,Favorable,12.5,Favorable,12.444029850746269,Favorable
2026-07-28 14:10:00+03:00,PARTIAL,12.444029850746269,Favorable,12.444029850746269,Favorable,12.5,Favorable,12.444029850746269,Favorable
2026-07-28 14:15:00+03:00,PARTIAL,12.444029850746269,Favorable,12.444029850746269,Favorable,12.5,Favorable,12.444029850746269,Favorable
2026-07-28 14:20:00+03:00,PARTIAL,12.444029850746269,Favorable,12.444029850746269,Favorable,12.5,Favorable,12.444029850746269,Favorable
2026-07-28 14:25:00+03:00,PARTIAL,12.444029850746269,Favorable,12.444029850746269,Favorable,12.5,Favorable,12.444029850746269,Favorable
2026-07-28 14:30:00+03:00,PARTIAL,12.444029850746269,Favorable,12.444029850746269,Favorable,12.5,Favorable,12.444029850746269,Favorable
2026-07-28 14:35:00+03:00,PARTIAL,12.444029850746269,Favorable,12.444029850746269,Favorable,12.5,Favorable,12.444029850746269,Favorable
2026-07-28 14:40:00+03:00,PARTIAL,12.444029850746269,Favorable,12.444029850746269,Favorable,12.5,Favorable,12.444029850746269,Favorable
2026-07-28 14:45:00+03:00,PARTIAL,12.444029850746269,Favorable,12.444029850746269,Favorable,12.5,Favorable,12.444029850746269,Favorable
2026-07-28 14:50:00+03:00,PARTIAL,12.444029850746269,Favorable,12.444029850746269,Favorable,12.5,Favorable,12.444029850746269,Favorable
2026-07-28 14:55:00+03:00,PARTIAL,12.444029850746269,Favorable,12.444029850746269,Favorable,12.5,Favorable,12.444029850746269,Favorable
2026-07-28 15:00:00+03:00,PARTIAL,12.444029850746269,Favorable,12.444029850746269,Favorable,12.5,Favorable,12.444029850746269,Favorable
2026-07-28 15:05:00+03:00,PARTIAL,12.444029850746269,Favorable,12.444029850746269,Favorable,12.5,Favorable,12.444029850746269,Favorable
2026-07-28 15:10:00+03:00,PARTIAL,12.444029850746269,Favorable,12.444029850746269,Favorable,12.5,Favorable,12.444029850746269,Favorable
2026-07-28 15:15:00+03:00,PARTIAL,12.444029850746269,Favorable,12.444029850746269,Favorable,12.5,Favorable,12.444029850746269,Favorable
2026-07-28 15:20:00+03:00,PARTIAL,12.444029850746269,Favorable,12.444029850746269,Favorable,12.5,Favorable,12.444029850746269,Favorable
2026-07-28 15:25:00+03:00,PARTIAL,12.444029850746269,Favorable,12.444029850746269,Favorable,12.5,Favorable,12.444029850746269,Favorable
2026-07-28 15:30:00+03:00,PARTIAL,12.444029850746269,Favorable,12.444029850746269,Favorable,12.5,Favorable,12.444029850746269,Favorable
2026-07-28 15:35:00+03:00,PARTIAL,12.444029850746269,Favorable,12.444029850746269,Favorable,12.5,Favorable,12.444029850746269,Favorable
2026-07-28 15:40:00+03:00,PARTIAL,12.444029850746269,Favorable,12.444029850746269,Favorable,12.5,Favorable,12.444029850746269,Favorable
2026-07-28 15:45:00+03:00,PARTIAL,12.444029850746269,Favorable,12.444029850746269,Favorable,12.5,Favorable,12.444029850746269,Favorable
2026-07-28 15:50:00+03:00,PARTIAL,12.444029850746269,Favorable,12.444029850746269,Favorable,12.5,Favorable,12.444029850746269,Favorable
2026-07-28 15:55:00+03:00,PARTIAL,12.444029850746269,Favorable,12.444029850746269,Favorable,12.5,Favorable,12.444029850746269,Favorable
2026-07-28 16:00:00+03:00,PARTIAL,12.444029850746269,Favorable,12.444029850746269,Favorable,12.5,Favorable,12.444029850746269,Favorable
2026-07-28 16:05:00+03:00,PARTIAL,16.835873862005396,Favorable,16.835873862005396,Favorable,12.5,Favorable,14.639951856375832,Favorable
2026-07-28 16:10:00+03:00,PARTIAL,22.375126957010334,Favorable,22.375126957010334,Favorable,12.5,Favorable,17.4095784038783,Favorable
2026-07-28 16:15:00+03:00,PARTIAL,12.444029850746269,Favorable,12.444029850746269,Favorable,12.5,Favorable,12.444029850746269,Favorable
2026-07-28 16:20:00+03:00,PARTIAL,12.444029850746269,Favorable,12.444029850746269,Favorable,12.5,Favorable,12.444029850746269,Favorable
2026-07-28 16:25:00+03:00,PARTIAL,12.444029850746269,Favorable,12.444029850746269,Favorable,12.5,Favorable,12.444029850746269,Favorable
2026-07-28 16:30:00+03:00,PARTIAL,12.444029850746269,Favorable,12.444029850746269,Favorable,12.5,Favorable,12.444029850746269,Favorable
2026-07-28 16:35:00+03:00,PARTIAL,12.444029850746269,Favorable,12.444029850746269,Favorable,12.5,Favorable,12.444029850746269,Favorable
2026-07-28 16:40:00+03:00,PARTIAL,12.444029850746269,Favorable,12.444029850746269,Favorable,12.5,Favorable,12.444029850746269,Favorable
2026-07-28 16:45:00+03:00,PARTIAL,12.444029850746269,Favorable,12.444029850746269,Favorable,12.5,Favorable,12.444029850746269,Favorable
2026-07-28 16:50:00+03:00,PARTIAL,12.444029850746269,Favorable,12.444029850746269,Favorable,12.5,Favorable,12.444029850746269,Favorable
2026-07-28 16:55:00+03:00,PARTIAL,12.444029850746269,Favorable,12.444029850746269,Favorable,12.5,Favorable,12.444029850746269,Favorable
2026-07-28 17:00:00+03:00,PARTIAL,12.444029850746269,Favorable,12.444029850746269,Favorable,12.5,Favorable,12.444029850746269,Favorable
2026-07-28 17:05:00+03:00,PARTIAL,12.444029850746269,Favorable,12.444029850746269,Favorable,12.5,Favorable,12.444029850746269,Favorable
2026-07-28 17:10:00+03:00,PARTIAL,12.444029850746269,Favorable,12.444029850746269,Favorable,12.5,Favorable,12.444029850746269,Favorable
2026-07-28 17:15:00+03:00,PARTIAL,12.444029850746269,Favorable,12.444029850746269,Favorable,12.5,Favorable,12.444029850746269,Favorable
2026-07-28 17:20:00+03:00,PARTIAL,12.444029850746269,Favorable,12.444029850746269,Favorable,12.5,Favorable,12.444029850746269,Favorable
2026-07-28 17:25:00+03:00,PARTIAL,12.444029850746269,Favorable,12.444029850746269,Favorable,12.5,Favorable,12.444029850746269,Favorable
2026-07-28 17:30:00+03:00,PARTIAL,12.444029850746269,Favorable,12.444029850746269,Favorable,12.5,Favorable,12.444029850746269,Favorable
2026-07-28 17:35:00+03:00,PARTIAL,12.444029850746269,Favorable,12.444029850746269,Favorable,12.5,Favorable,12.444029850746269,Favorable
2026-07-28 17:40:00+03:00,PARTIAL,12.444029850746269,Favorable,12.444029850746269,Favorable,12.5,Favorable,12.444029850746269,Favorable
2026-07-28 17:45:00+03:00,PARTIAL,12.444029850746269,Favorable,12.444029850746269,Favorable,12.5,Favorable,12.444029850746269,Favorable
2026-07-28 17:50:00+03:00,PARTIAL,12.444029850746269,Favorable,12.444029850746269,Favorable,12.5,Favorable,12.444029850746269,Favorable
2026-07-28 17:55:00+03:00,PARTIAL,12.444029850746269,Favorable,12.444029850746269,Favorable,12.5,Favorable,12.444029850746269,Favorable
2026-07-28 18:00:00+03:00,PARTIAL,12.444029850746269,Favorable,12.444029850746269,Favorable,12.5,Favorable,12.444029850746269,Favorable
2026-07-28 18:05:00+03:00,PARTIAL,12.444029850746269,Favorable,12.444029850746269,Favorable,12.5,Favorable,12.444029850746269,Favorable
2026-07-28 18:10:00+03:00,PARTIAL,12.444029850746269,Favorable,12.444029850746269,Favorable,12.5,Favorable,12.444029850746269,Favorable
2026-07-28 18:15:00+03:00,PARTIAL,12.444029850746269,Favorable,12.444029850746269,Favorable,12.5,Favorable,12.444029850746269,Favorable
2026-07-28 18:20:00+03:00,PARTIAL,12.444029850746269,Favorable,12.444029850746269,Favorable,12.5,Favorable,12.444029850746269,Favorable
2026-07-28 18:25:00+03:00,PARTIAL,12.444029850746269,Favorable,12.444029850746269,Favorable,12.5,Favorable,12.444029850746269,Favorable
2026-07-28 18:30:00+03:00,PARTIAL,12.444029850746269,Favorable,12.444029850746269,Favorable,12.5,Favorable,12.444029850746269,Favorable
2026-07-28 18:35:00+03:00,PARTIAL,12.444029850746269,Favorable,12.444029850746269,Favorable,12.5,Favorable,12.444029850746269,Favorable
2026-07-28 18:40:00+03:00,PARTIAL,12.444029850746269,Favorable,12.444029850746269,Favorable,12.5,Favorable,12.444029850746269,Favorable
2026-07-28 18:45:00+03:00,PARTIAL,12.444029850746269,Favorable,12.444029850746269,Favorable,12.5,Favorable,12.444029850746269,Favorable
2026-07-28 18:50:00+03:00,PARTIAL,12.444029850746269,Favorable,12.444029850746269,Favorable,12.5,Favorable,12.444029850746269,Favorable
2026-07-28 18:55:00+03:00,PARTIAL,12.444029850746269,Favorable,12.444029850746269,Favorable,12.5,Favorable,12.444029850746269,Favorable
2026-07-28 19:00:00+03:00,PARTIAL,12.444029850746269,Favorable,12.444029850746269,Favorable,12.5,Favorable,12.444029850746269,Favorable
2026-07-28 19:05:00+03:00,PARTIAL,12.444029850746269,Favorable,12.444029850746269,Favorable,12.5,Favorable,12.444029850746269,Favorable
2026-07-28 19:10:00+03:00,PARTIAL,12.444029850746269,Favorable,12.444029850746269,Favorable,12.5,Favorable,12.444029850746269,Favorable
2026-07-28 19:15:00+03:00,PARTIAL,12.444029850746269,Favorable,12.444029850746269,Favorable,12.5,Favorable,12.444029850746269,Favorable
2026-07-28 19:20:00+03:00,PARTIAL,12.444029850746269,Favorable,12.444029850746269,Favorable,12.5,Favorable,12.444029850746269,Favorable
2026-07-28 19:25:00+03:00,PARTIAL,12.444029850746269,Favorable,12.444029850746269,Favorable,12.5,Favorable,12.444029850746269,Favorable
2026-07-28 19:30:00+03:00,PARTIAL,12.444029850746269,Favorable,12.444029850746269,Favorable,12.5,Favorable,12.444029850746269,Favorable
2026-07-28 19:35:00+03:00,PARTIAL,12.444029850746269,Favorable,12.444029850746269,Favorable,12.5,Favorable,12.444029850746269,Favorable
2026-07-28 19:40:00+03:00,PARTIAL,12.444029850746269,Favorable,12.444029850746269,Favorable,12.5,Favorable,12.444029850746269,Favorable
2026-07-28 19:45:00+03:00,PARTIAL,12.444029850746269,Favorable,12.444029850746269,Favorable,12.5,Favorable,12.444029850746269,Favorable
2026-07-28 19:50:00+03:00,PARTIAL,12.444029850746269,Favorable,12.444029850746269,Favorable,12.5,Favorable,12.444029850746269,Favorable
2026-07-28 19:55:00+03:00,PARTIAL,12.444029850746269,Favorable,12.444029850746269,Favorable,12.5,Favorable,12.444029850746269,Favorable
2026-07-28 20:00:00+03:00,PARTIAL,12.444029850746269,Favorable,12.444029850746269,Favorable,12.5,Favorable,12.444029850746269,Favorable
2026-07-28 20:05:00+03:00,PARTIAL,12.444029850746269,Favorable,12.444029850746269,Favorable,12.5,Favorable,12.444029850746269,Favorable
2026-07-28 20:10:00+03:00,PARTIAL,12.444029850746269,Favorable,12.444029850746269,Favorable,12.5,Favorable,12.444029850746269,Favorable
2026-07-28 20:15:00+03:00,PARTIAL,12.444029850746269,Favorable,12.444029850746269,Favorable,12.5,Favorable,12.444029850746269,Favorable
2026-07-28 20:20:00+03:00,PARTIAL,12.444029850746269,Favorable,12.444029850746269,Favorable,12.5,Favorable,12.444029850746269,Favorable
2026-07-28 20:25:00+03:00,PARTIAL,12.444029850746269,Favorable,12.444029850746269,Favorable,12.5,Favorable,12.444029850746269,Favorable
2026-07-28 20:30:00+03:00,PARTIAL,12.444029850746269,Favorable,12.444029850746269,Favorable,12.5,Favorable,12.444029850746269,Favorable
2026-07-28 20:35:00+03:00,PARTIAL,12.444029850746269,Favorable,12.444029850746269,Favorable,12.5,Favorable,12.444029850746269,Favorable
2026-07-28 20:40:00+03:00,PARTIAL,12.444029850746269,Favorable,12.444029850746269,Favorable,12.5,Favorable,12.444029850746269,Favorable
2026-07-28 20:45:00+03:00,PARTIAL,12.444029850746269,Favorable,12.444029850746269,Favorable,12.5,Favorable,12.444029850746269,Favorable
2026-07-28 20:50:00+03:00,PARTIAL,12.444029850746269,Favorable,12.444029850746269,Favorable,12.5,Favorable,12.444029850746269,Favorable
2026-07-28 20:55:00+03:00,PARTIAL,12.444029850746269,Favorable,12.444029850746269,Favorable,12.5,Favorable,12.444029850746269,Favorable
2026-07-28 21:00:00+03:00,PARTIAL,12.444029850746269,Favorable,12.444029850746269,Favorable,12.5,Favorable,12.444029850746269,Favorable
2026-07-28 21:05:00+03:00,PARTIAL,12.444029850746269,Favorable,12.444029850746269,Favorable,12.5,Favorable,12.444029850746269,Favorable
2026-07-28 21:10:00+03:00,PARTIAL,12.444029850746269,Favorable,12.444029850746269,Favorable,12.5,Favorable,12.444029850746269,Favorable
2026-07-28 21:15:00+03:00,PARTIAL,12.444029850746269,Favorable,12.444029850746269,Favorable,12.5,Favorable,12.444029850746269,Favorable
2026-07-28 21:20:00+03:00,PARTIAL,12.444029850746269,Favorable,12.444029850746269,Favorable,12.5,Favorable,12.444029850746269,Favorable
2026-07-28 21:25:00+03:00,PARTIAL,12.444029850746269,Favorable,12.444029850746269,Favorable,12.5,Favorable,12.444029850746269,Favorable
2026-07-28 21:30:00+03:00,PARTIAL,12.444029850746269,Favorable,12.444029850746269,Favorable,12.5,Favorable,12.444029850746269,Favorable
2026-07-28 21:35:00+03:00,PARTIAL,12.444029850746269,Favorable,12.444029850746269,Favorable,12.5,Favorable,12.444029850746269,Favorable
2026-07-28 21:40:00+03:00,PARTIAL,12.444029850746269,Favorable,12.444029850746269,Favorable,12.5,Favorable,12.444029850746269,Favorable
2026-07-28 21:45:00+03:00,PARTIAL,12.444029850746269,Favorable,12.444029850746269,Favorable,12.5,Favorable,12.444029850746269,Favorable
2026-07-28 21:50:00+03:00,PARTIAL,12.444029850746269,Favorable,12.444029850746269,Favorable,12.5,Favorable,12.444029850746269,Favorable
2026-07-28 21:55:00+03:00,PARTIAL,12.444029850746269,Favorable,12.444029850746269,Favorable,12.5,Favorable,12.444029850746269,Favorable
2026-07-28 22:00:00+03:00,PARTIAL,12.444029850746269,Favorable,12.444029850746269,Favorable,12.5,Favorable,12.444029850746269,Favorable
2026-07-28 22:05:00+03:00,PARTIAL,12.444029850746269,Favorable,12.444029850746269,Favorable,12.5,Favorable,12.444029850746269,Favorable
2026-07-28 22:10:00+03:00,PARTIAL,12.444029850746269,Favorable,12.444029850746269,Favorable,12.5,Favorable,12.444029850746269,Favorable
2026-07-28 22:15:00+03:00,PARTIAL,12.444029850746269,Favorable,12.444029850746269,Favorable,12.5,Favorable,12.444029850746269,Favorable
2026-07-28 22:20:00+03:00,PARTIAL,12.444029850746269,Favorable,12.444029850746269,Favorable,12.5,Favorable,12.444029850746269,Favorable
2026-07-28 22:25:00+03:00,PARTIAL,12.444029850746269,Favorable,12.444029850746269,Favorable,12.5,Favorable,12.444029850746269,Favorable
2026-07-28 22:30:00+03:00,PARTIAL,12.444029850746269,Favorable,12.444029850746269,Favorable,12.5,Favorable,12.444029850746269,Favorable
2026-07-28 22:35:00+03:00,PARTIAL,12.444029850746269,Favorable,12.444029850746269,Favorable,12.5,Favorable,12.444029850746269,Favorable
2026-07-28 22:40:00+03:00,PARTIAL,12.444029850746269,Favorable,12.444029850746269,Favorable,12.5,Favorable,12.444029850746269,Favorable
2026-07-28 22:45:00+03:00,PARTIAL,19.503706257730315,Favorable,19.503706257730315,Favorable,12.5,Favorable,15.973868054238292,Favorable
2026-07-28 22:50:00+03:00,PARTIAL,37.5,Acceptable,37.5,Acceptable,37.5,Acceptable,24.972014925373134,Favorable
2026-07-28 22:55:00+03:00,PARTIAL,37.5,Acceptable,37.5,Acceptable,37.5,Acceptable,24.972014925373134,Favorable
2026-07-28 23:00:00+03:00,PARTIAL,37.5,Acceptable,37.5,Acceptable,37.5,Acceptable,24.972014925373134,Favorable
2026-07-28 23:05:00+03:00,PARTIAL,37.5,Acceptable,37.5,Acceptable,37.5,Acceptable,24.972014925373134,Favorable
2026-07-28 23:10:00+03:00,PARTIAL,37.5,Acceptable,37.5,Acceptable,37.5,Acceptable,24.972014925373134,Favorable
2026-07-28 23:15:00+03:00,PARTIAL,39.51211267679375,Acceptable,39.51211267679375,Acceptable,37.5,Acceptable,25.97807126377001,Acceptable
2026-07-28 23:20:00+03:00,PARTIAL,48.62711780548872,Acceptable,48.62711780548872,Acceptable,37.5,Acceptable,30.535573828117496,Acceptable
2026-07-28 23:25:00+03:00,PARTIAL,52.021412009550694,Degraded,52.021412009550694,Degraded,62.5,Degraded,32.23272093014848,Acceptable
2026-07-28 23:30:00+03:00,PARTIAL,53.23415414589983,Degraded,53.23415414589983,Degraded,62.5,Degraded,32.83909199832305,Acceptable
2026-07-28 23:35:00+03:00,PARTIAL,44.37199663087936,Acceptable,44.37199663087936,Acceptable,37.5,Acceptable,28.408013240812814,Acceptable
2026-07-28 23:40:00+03:00,PARTIAL,37.5,Acceptable,37.5,Acceptable,37.5,Acceptable,24.972014925373134,Favorable
2026-07-28 23:45:00+03:00,PARTIAL,35.81273776371659,Acceptable,35.81273776371659,Acceptable,37.5,Acceptable,24.12838380723143,Favorable
2026-07-28 23:50:00+03:00,PARTIAL,21.411860372159005,Favorable,21.411860372159005,Favorable,12.5,Favorable,16.927945111452637,Favorable
2026-07-28 23:55:00+03:00,PARTIAL,12.444029850746269,Favorable,12.444029850746269,Favorable,12.5,Favorable,12.444029850746269,Favorable
2026-07-29 00:00:00+03:00,PARTIAL,12.444029850746269,Favorable,12.444029850746269,Favorable,12.5,Favorable,12.444029850746269,Favorable
2026-07-29 00:05:00+03:00,PARTIAL,12.444029850746269,Favorable,12.444029850746269,Favorable,12.5,Favorable,12.444029850746269,Favorable
2026-07-29 00:10:00+03:00,PARTIAL,12.444029850746269,Favorable,12.444029850746269,Favorable,12.5,Favorable,12.444029850746269,Favorable
2026-07-29 00:15:00+03:00,PARTIAL,12.444029850746269,Favorable,12.444029850746269,Favorable,12.5,Favorable,12.444029850746269,Favorable
2026-07-29 00:20:00+03:00,PARTIAL,12.444029850746269,Favorable,12.444029850746269,Favorable,12.5,Favorable,12.444029850746269,Favorable
2026-07-29 00:25:00+03:00,PARTIAL,12.444029850746269,Favorable,12.444029850746269,Favorable,12.5,Favorable,12.444029850746269,Favorable
2026-07-29 00:30:00+03:00,PARTIAL,12.444029850746269,Favorable,12.444029850746269,Favorable,12.5,Favorable,12.444029850746269,Favorable
2026-07-29 00:35:00+03:00,PARTIAL,29.501574781299333,Acceptable,29.501574781299333,Acceptable,37.5,Acceptable,20.9728023160228,Favorable
2026-07-29 00:40:00+03:00,PARTIAL,37.5,Acceptable,37.5,Acceptable,37.5,Acceptable,24.972014925373134,Favorable
2026-07-29 00:45:00+03:00,PARTIAL,62.5,Degraded,62.5,Degraded,62.5,Degraded,38.94099278421595,Acceptable
2026-07-29 00:50:00+03:00,PARTIAL,62.50000000000001,Degraded,62.499999999999986,Degraded,62.5,Degraded,40.07082489801016,Acceptable
2026-07-29 00:55:00+03:00,PARTIAL,62.5,Degraded,62.5,Degraded,62.5,Degraded,38.832401614506935,Acceptable
2026-07-29 01:00:00+03:00,PARTIAL,62.5,Degraded,62.5,Degraded,62.5,Degraded,37.47201492537313,Acceptable
2026-07-29 01:05:00+03:00,PARTIAL,62.5,Degraded,62.5,Degraded,62.5,Degraded,37.47201492537313,Acceptable
2026-07-29 01:10:00+03:00,PARTIAL,55.33081377750653,Degraded,55.33081377750653,Degraded,62.5,Degraded,33.8874218141264,Acceptable
2026-07-29 01:15:00+03:00,PARTIAL,41.34165206902074,Acceptable,41.34165206902074,Acceptable,37.5,Acceptable,26.892840959883504,Acceptable
2026-07-29 01:20:00+03:00,PARTIAL,37.5,Acceptable,37.5,Acceptable,37.5,Acceptable,24.972014925373134,Favorable
2026-07-29 01:25:00+03:00,PARTIAL,37.5,Acceptable,37.5,Acceptable,37.5,Acceptable,24.972014925373134,Favorable
2026-07-29 01:30:00+03:00,PARTIAL,37.5,Acceptable,37.5,Acceptable,37.5,Acceptable,24.972014925373134,Favorable
2026-07-29 01:35:00+03:00,PARTIAL,33.83821786457127,Acceptable,33.83821786457127,Acceptable,37.5,Acceptable,23.14112385765877,Favorable
2026-07-29 01:40:00+03:00,PARTIAL,29.323326158027953,Acceptable,29.323326158027953,Acceptable,37.5,Acceptable,20.88367800438711,Favorable
2026-07-29 01:45:00+03:00,PARTIAL,24.45585003762579,Favorable,24.45585003762579,Favorable,12.5,Favorable,18.449939944186028,Favorable
2026-07-29 01:50:00+03:00,PARTIAL,20.485150946015068,Favorable,20.485150946015068,Favorable,12.5,Favorable,16.46459039838067,Favorable
2026-07-29 01:55:00+03:00,PARTIAL,16.28510008671742,Favorable,16.28510008671742,Favorable,12.5,Favorable,14.364564968731845,Favorable
2026-07-29 02:00:00+03:00,PARTIAL,12.444029850746269,Favorable,12.444029850746269,Favorable,12.5,Favorable,12.444029850746269,Favorable
2026-07-29 02:05:00+03:00,PARTIAL,12.444029850746269,Favorable,12.444029850746269,Favorable,12.5,Favorable,12.444029850746269,Favorable
2026-07-29 02:10:00+03:00,PARTIAL,12.444029850746269,Favorable,12.444029850746269,Favorable,12.5,Favorable,12.444029850746269,Favorable
2026-07-29 02:15:00+03:00,PARTIAL,12.444029850746269,Favorable,12.444029850746269,Favorable,12.5,Favorable,12.444029850746269,Favorable
2026-07-29 02:20:00+03:00,PARTIAL,12.444029850746269,Favorable,12.444029850746269,Favorable,12.5,Favorable,12.444029850746269,Favorable
2026-07-29 02:25:00+03:00,PARTIAL,12.444029850746269,Favorable,12.444029850746269,Favorable,12.5,Favorable,12.444029850746269,Favorable
2026-07-29 02:30:00+03:00,PARTIAL,12.444029850746269,Favorable,12.444029850746269,Favorable,12.5,Favorable,12.444029850746269,Favorable
2026-07-29 02:35:00+03:00,PARTIAL,12.444029850746269,Favorable,12.444029850746269,Favorable,12.5,Favorable,12.444029850746269,Favorable
2026-07-29 02:40:00+03:00,PARTIAL,12.444029850746269,Favorable,12.444029850746269,Favorable,12.5,Favorable,12.444029850746269,Favorable
2026-07-29 02:45:00+03:00,PARTIAL,12.444029850746269,Favorable,12.444029850746269,Favorable,12.5,Favorable,12.444029850746269,Favorable
2026-07-29 02:50:00+03:00,PARTIAL,12.444029850746269,Favorable,12.444029850746269,Favorable,12.5,Favorable,12.444029850746269,Favorable
2026-07-29 02:55:00+03:00,PARTIAL,12.444029850746269,Favorable,12.444029850746269,Favorable,12.5,Favorable,12.444029850746269,Favorable
2026-07-29 03:00:00+03:00,PARTIAL,12.444029850746269,Favorable,12.444029850746269,Favorable,12.5,Favorable,12.444029850746269,Favorable
