sample_id,method,trial_index,trial_class,trial_index_value,changed_from_baseline,abs_index_change
boundary_humidity_2026-07-16T10:55:00+03:00,CRISP_CLASS_MAX,0,Favorable,12.5,False,0.0
boundary_humidity_2026-07-16T10:55:00+03:00,CRISP_CLASS_MAX,1,Favorable,12.5,False,0.0
boundary_humidity_2026-07-16T10:55:00+03:00,CRISP_CLASS_MAX,2,Favorable,12.5,False,0.0
boundary_humidity_2026-07-16T10:55:00+03:00,CRISP_CLASS_MAX,3,Favorable,12.5,False,0.0
boundary_humidity_2026-07-16T10:55:00+03:00,CRISP_CLASS_MAX,4,Acceptable,37.5,True,25.0
boundary_humidity_2026-07-16T10:55:00+03:00,CRISP_CLASS_MAX,5,Favorable,12.5,False,0.0
boundary_humidity_2026-07-16T10:55:00+03:00,CRISP_CLASS_MAX,6,Acceptable,37.5,True,25.0
boundary_humidity_2026-07-16T10:55:00+03:00,CRISP_CLASS_MAX,7,Acceptable,37.5,True,25.0
boundary_humidity_2026-07-16T10:55:00+03:00,CRISP_CLASS_MAX,8,Acceptable,37.5,True,25.0
boundary_humidity_2026-07-16T10:55:00+03:00,CRISP_CLASS_MAX,9,Favorable,12.5,False,0.0
boundary_humidity_2026-07-16T10:55:00+03:00,CRISP_CLASS_MAX,10,Acceptable,37.5,True,25.0
boundary_humidity_2026-07-16T10:55:00+03:00,CRISP_CLASS_MAX,11,Favorable,12.5,False,0.0
boundary_humidity_2026-07-16T10:55:00+03:00,CRISP_CLASS_MAX,12,Favorable,12.5,False,0.0
boundary_humidity_2026-07-16T10:55:00+03:00,CRISP_CLASS_MAX,13,Favorable,12.5,False,0.0
boundary_humidity_2026-07-16T10:55:00+03:00,CRISP_CLASS_MAX,14,Favorable,12.5,False,0.0
boundary_humidity_2026-07-16T10:55:00+03:00,CRISP_CLASS_MAX,15,Acceptable,37.5,True,25.0
boundary_humidity_2026-07-16T10:55:00+03:00,CRISP_CLASS_MAX,16,Acceptable,37.5,True,25.0
boundary_humidity_2026-07-16T10:55:00+03:00,CRISP_CLASS_MAX,17,Favorable,12.5,False,0.0
boundary_humidity_2026-07-16T10:55:00+03:00,CRISP_CLASS_MAX,18,Favorable,12.5,False,0.0
boundary_humidity_2026-07-16T10:55:00+03:00,CRISP_CLASS_MAX,19,Acceptable,37.5,True,25.0
boundary_humidity_2026-07-16T10:55:00+03:00,CRISP_CLASS_MAX,20,Acceptable,37.5,True,25.0
boundary_humidity_2026-07-16T10:55:00+03:00,CRISP_CLASS_MAX,21,Favorable,12.5,False,0.0
boundary_humidity_2026-07-16T10:55:00+03:00,CRISP_CLASS_MAX,22,Acceptable,37.5,True,25.0
boundary_humidity_2026-07-16T10:55:00+03:00,CRISP_CLASS_MAX,23,Favorable,12.5,False,0.0
boundary_humidity_2026-07-16T10:55:00+03:00,CRISP_CLASS_MAX,24,Favorable,12.5,False,0.0
boundary_humidity_2026-07-16T10:55:00+03:00,CRISP_CLASS_MAX,25,Favorable,12.5,False,0.0
boundary_humidity_2026-07-16T10:55:00+03:00,CRISP_CLASS_MAX,26,Favorable,12.5,False,0.0
boundary_humidity_2026-07-16T10:55:00+03:00,CRISP_CLASS_MAX,27,Acceptable,37.5,True,25.0
boundary_humidity_2026-07-16T10:55:00+03:00,CRISP_CLASS_MAX,28,Acceptable,37.5,True,25.0
boundary_humidity_2026-07-16T10:55:00+03:00,CRISP_CLASS_MAX,29,Acceptable,37.5,True,25.0
boundary_humidity_2026-07-16T10:55:00+03:00,FUZZY_COMPONENT_MAX,0,Favorable,12.444029850746269,False,4.362596813193797
boundary_humidity_2026-07-16T10:55:00+03:00,FUZZY_COMPONENT_MAX,1,Favorable,15.42081854330528,False,1.3858081206347848
boundary_humidity_2026-07-16T10:55:00+03:00,FUZZY_COMPONENT_MAX,2,Favorable,12.444029850746269,False,4.362596813193797
boundary_humidity_2026-07-16T10:55:00+03:00,FUZZY_COMPONENT_MAX,3,Favorable,23.991936049022364,False,7.185309385082299
boundary_humidity_2026-07-16T10:55:00+03:00,FUZZY_COMPONENT_MAX,4,Acceptable,27.767620827753564,True,10.9609941638135
boundary_humidity_2026-07-16T10:55:00+03:00,FUZZY_COMPONENT_MAX,5,Favorable,12.444029850746269,False,4.362596813193797
boundary_humidity_2026-07-16T10:55:00+03:00,FUZZY_COMPONENT_MAX,6,Acceptable,27.542376063556585,True,10.73574939961652
boundary_humidity_2026-07-16T10:55:00+03:00,FUZZY_COMPONENT_MAX,7,Acceptable,25.38588957685998,True,8.579262912919916
boundary_humidity_2026-07-16T10:55:00+03:00,FUZZY_COMPONENT_MAX,8,Acceptable,37.5,True,20.693373336059935
boundary_humidity_2026-07-16T10:55:00+03:00,FUZZY_COMPONENT_MAX,9,Favorable,12.444029850746269,False,4.362596813193797
boundary_humidity_2026-07-16T10:55:00+03:00,FUZZY_COMPONENT_MAX,10,Acceptable,37.5,True,20.693373336059935
boundary_humidity_2026-07-16T10:55:00+03:00,FUZZY_COMPONENT_MAX,11,Favorable,15.163926778809337,False,1.6426998851307282
boundary_humidity_2026-07-16T10:55:00+03:00,FUZZY_COMPONENT_MAX,12,Favorable,12.444029850746269,False,4.362596813193797
boundary_humidity_2026-07-16T10:55:00+03:00,FUZZY_COMPONENT_MAX,13,Favorable,12.444029850746269,False,4.362596813193797
boundary_humidity_2026-07-16T10:55:00+03:00,FUZZY_COMPONENT_MAX,14,Favorable,17.229047812346284,False,0.4224211484062188
boundary_humidity_2026-07-16T10:55:00+03:00,FUZZY_COMPONENT_MAX,15,Acceptable,37.5,True,20.693373336059935
boundary_humidity_2026-07-16T10:55:00+03:00,FUZZY_COMPONENT_MAX,16,Acceptable,37.5,True,20.693373336059935
boundary_humidity_2026-07-16T10:55:00+03:00,FUZZY_COMPONENT_MAX,17,Favorable,12.444029850746269,False,4.362596813193797
boundary_humidity_2026-07-16T10:55:00+03:00,FUZZY_COMPONENT_MAX,18,Favorable,12.444029850746269,False,4.362596813193797
boundary_humidity_2026-07-16T10:55:00+03:00,FUZZY_COMPONENT_MAX,19,Acceptable,32.859362789017965,True,16.0527361250779
boundary_humidity_2026-07-16T10:55:00+03:00,FUZZY_COMPONENT_MAX,20,Acceptable,28.31474859277354,True,11.508121928833475
boundary_humidity_2026-07-16T10:55:00+03:00,FUZZY_COMPONENT_MAX,21,Favorable,12.82808031326901,False,3.9785463506710546
boundary_humidity_2026-07-16T10:55:00+03:00,FUZZY_COMPONENT_MAX,22,Acceptable,36.772940413866266,True,19.9663137499262
boundary_humidity_2026-07-16T10:55:00+03:00,FUZZY_COMPONENT_MAX,23,Favorable,24.1664919028023,False,7.359865238862234
boundary_humidity_2026-07-16T10:55:00+03:00,FUZZY_COMPONENT_MAX,24,Favorable,12.444029850746269,False,4.362596813193797
boundary_humidity_2026-07-16T10:55:00+03:00,FUZZY_COMPONENT_MAX,25,Favorable,16.899907228816094,False,0.09328056487602865
boundary_humidity_2026-07-16T10:55:00+03:00,FUZZY_COMPONENT_MAX,26,Favorable,12.444029850746269,False,4.362596813193797
boundary_humidity_2026-07-16T10:55:00+03:00,FUZZY_COMPONENT_MAX,27,Acceptable,37.5,True,20.693373336059935
boundary_humidity_2026-07-16T10:55:00+03:00,FUZZY_COMPONENT_MAX,28,Acceptable,36.34197695998776,True,19.535350296047696
boundary_humidity_2026-07-16T10:55:00+03:00,FUZZY_COMPONENT_MAX,29,Acceptable,25.64233878211705,True,8.835712118176986
boundary_humidity_2026-07-16T10:55:00+03:00,PROPOSED_HFIS,0,Favorable,12.444029850746269,False,4.362596813193797
boundary_humidity_2026-07-16T10:55:00+03:00,PROPOSED_HFIS,1,Favorable,15.42081854330528,False,1.3858081206347848
boundary_humidity_2026-07-16T10:55:00+03:00,PROPOSED_HFIS,2,Favorable,12.444029850746269,False,4.362596813193797
boundary_humidity_2026-07-16T10:55:00+03:00,PROPOSED_HFIS,3,Favorable,23.991936049022364,False,7.185309385082299
boundary_humidity_2026-07-16T10:55:00+03:00,PROPOSED_HFIS,4,Acceptable,27.767620827753564,True,10.9609941638135
boundary_humidity_2026-07-16T10:55:00+03:00,PROPOSED_HFIS,5,Favorable,12.444029850746269,False,4.362596813193797
boundary_humidity_2026-07-16T10:55:00+03:00,PROPOSED_HFIS,6,Acceptable,27.542376063556585,True,10.73574939961652
boundary_humidity_2026-07-16T10:55:00+03:00,PROPOSED_HFIS,7,Acceptable,25.38588957685998,True,8.579262912919916
boundary_humidity_2026-07-16T10:55:00+03:00,PROPOSED_HFIS,8,Acceptable,37.5,True,20.693373336059935
boundary_humidity_2026-07-16T10:55:00+03:00,PROPOSED_HFIS,9,Favorable,12.444029850746269,False,4.362596813193797
boundary_humidity_2026-07-16T10:55:00+03:00,PROPOSED_HFIS,10,Acceptable,37.5,True,20.693373336059935
boundary_humidity_2026-07-16T10:55:00+03:00,PROPOSED_HFIS,11,Favorable,15.163926778809337,False,1.6426998851307282
boundary_humidity_2026-07-16T10:55:00+03:00,PROPOSED_HFIS,12,Favorable,12.444029850746269,False,4.362596813193797
boundary_humidity_2026-07-16T10:55:00+03:00,PROPOSED_HFIS,13,Favorable,12.444029850746269,False,4.362596813193797
boundary_humidity_2026-07-16T10:55:00+03:00,PROPOSED_HFIS,14,Favorable,17.229047812346284,False,0.4224211484062188
boundary_humidity_2026-07-16T10:55:00+03:00,PROPOSED_HFIS,15,Acceptable,37.5,True,20.693373336059935
boundary_humidity_2026-07-16T10:55:00+03:00,PROPOSED_HFIS,16,Acceptable,37.5,True,20.693373336059935
boundary_humidity_2026-07-16T10:55:00+03:00,PROPOSED_HFIS,17,Favorable,12.444029850746269,False,4.362596813193797
boundary_humidity_2026-07-16T10:55:00+03:00,PROPOSED_HFIS,18,Favorable,12.444029850746269,False,4.362596813193797
boundary_humidity_2026-07-16T10:55:00+03:00,PROPOSED_HFIS,19,Acceptable,32.859362789017965,True,16.0527361250779
boundary_humidity_2026-07-16T10:55:00+03:00,PROPOSED_HFIS,20,Acceptable,28.31474859277354,True,11.508121928833475
boundary_humidity_2026-07-16T10:55:00+03:00,PROPOSED_HFIS,21,Favorable,12.82808031326901,False,3.9785463506710546
boundary_humidity_2026-07-16T10:55:00+03:00,PROPOSED_HFIS,22,Acceptable,36.772940413866266,True,19.9663137499262
boundary_humidity_2026-07-16T10:55:00+03:00,PROPOSED_HFIS,23,Favorable,24.1664919028023,False,7.359865238862234
boundary_humidity_2026-07-16T10:55:00+03:00,PROPOSED_HFIS,24,Favorable,12.444029850746269,False,4.362596813193797
boundary_humidity_2026-07-16T10:55:00+03:00,PROPOSED_HFIS,25,Favorable,16.899907228816094,False,0.09328056487602865
boundary_humidity_2026-07-16T10:55:00+03:00,PROPOSED_HFIS,26,Favorable,12.444029850746269,False,4.362596813193797
boundary_humidity_2026-07-16T10:55:00+03:00,PROPOSED_HFIS,27,Acceptable,37.5,True,20.693373336059935
boundary_humidity_2026-07-16T10:55:00+03:00,PROPOSED_HFIS,28,Acceptable,36.34197695998776,True,19.535350296047696
boundary_humidity_2026-07-16T10:55:00+03:00,PROPOSED_HFIS,29,Acceptable,25.64233878211705,True,8.835712118176986
boundary_humidity_2026-07-16T10:55:00+03:00,WEIGHTED_MEAN,0,Favorable,12.444029850746269,False,2.1812984065968983
boundary_humidity_2026-07-16T10:55:00+03:00,WEIGHTED_MEAN,1,Favorable,13.932424197025775,False,0.6929040603173924
boundary_humidity_2026-07-16T10:55:00+03:00,WEIGHTED_MEAN,2,Favorable,12.444029850746269,False,2.1812984065968983
boundary_humidity_2026-07-16T10:55:00+03:00,WEIGHTED_MEAN,3,Favorable,18.59341194386078,False,3.9680836865176126
boundary_humidity_2026-07-16T10:55:00+03:00,WEIGHTED_MEAN,4,Favorable,20.105825339249918,False,5.480497081906751
boundary_humidity_2026-07-16T10:55:00+03:00,WEIGHTED_MEAN,5,Favorable,12.444029850746269,False,2.1812984065968983
boundary_humidity_2026-07-16T10:55:00+03:00,WEIGHTED_MEAN,6,Favorable,19.993202957151425,False,5.367874699808258
boundary_humidity_2026-07-16T10:55:00+03:00,WEIGHTED_MEAN,7,Favorable,18.914959713803125,False,4.289631456459958
boundary_humidity_2026-07-16T10:55:00+03:00,WEIGHTED_MEAN,8,Favorable,24.972014925373134,False,10.346686668029967
boundary_humidity_2026-07-16T10:55:00+03:00,WEIGHTED_MEAN,9,Favorable,12.444029850746269,False,2.1812984065968983
boundary_humidity_2026-07-16T10:55:00+03:00,WEIGHTED_MEAN,10,Acceptable,26.343630398597732,True,11.718302141254565
boundary_humidity_2026-07-16T10:55:00+03:00,WEIGHTED_MEAN,11,Favorable,13.99075478027946,False,0.6345734770637073
boundary_humidity_2026-07-16T10:55:00+03:00,WEIGHTED_MEAN,12,Favorable,12.444029850746269,False,2.1812984065968983
boundary_humidity_2026-07-16T10:55:00+03:00,WEIGHTED_MEAN,13,Favorable,12.444029850746269,False,2.1812984065968983
boundary_humidity_2026-07-16T10:55:00+03:00,WEIGHTED_MEAN,14,Favorable,14.836538831546276,False,0.2112105742031094
boundary_humidity_2026-07-16T10:55:00+03:00,WEIGHTED_MEAN,15,Favorable,24.972014925373134,False,10.346686668029967
boundary_humidity_2026-07-16T10:55:00+03:00,WEIGHTED_MEAN,16,Favorable,24.972014925373134,False,10.346686668029967
boundary_humidity_2026-07-16T10:55:00+03:00,WEIGHTED_MEAN,17,Favorable,12.444029850746269,False,2.1812984065968983
boundary_humidity_2026-07-16T10:55:00+03:00,WEIGHTED_MEAN,18,Favorable,12.444029850746269,False,2.1812984065968983
boundary_humidity_2026-07-16T10:55:00+03:00,WEIGHTED_MEAN,19,Favorable,22.651696319882117,False,8.02636806253895
boundary_humidity_2026-07-16T10:55:00+03:00,WEIGHTED_MEAN,20,Favorable,20.830440452978916,False,6.205112195635749
boundary_humidity_2026-07-16T10:55:00+03:00,WEIGHTED_MEAN,21,Favorable,12.63605508200764,False,1.9892731753355264
boundary_humidity_2026-07-16T10:55:00+03:00,WEIGHTED_MEAN,22,Favorable,24.608485132306267,False,9.9831568749631
boundary_humidity_2026-07-16T10:55:00+03:00,WEIGHTED_MEAN,23,Favorable,18.305260876774284,False,3.679932619431117
boundary_humidity_2026-07-16T10:55:00+03:00,WEIGHTED_MEAN,24,Favorable,12.444029850746269,False,2.1812984065968983
boundary_humidity_2026-07-16T10:55:00+03:00,WEIGHTED_MEAN,25,Favorable,14.671968539781181,False,0.046640282438014324
boundary_humidity_2026-07-16T10:55:00+03:00,WEIGHTED_MEAN,26,Favorable,12.444029850746269,False,2.1812984065968983
boundary_humidity_2026-07-16T10:55:00+03:00,WEIGHTED_MEAN,27,Favorable,24.972014925373134,False,10.346686668029967
boundary_humidity_2026-07-16T10:55:00+03:00,WEIGHTED_MEAN,28,Favorable,24.393003405367015,False,9.767675148023848
boundary_humidity_2026-07-16T10:55:00+03:00,WEIGHTED_MEAN,29,Favorable,19.04318431643166,False,4.417856059088493
boundary_humidity_2026-07-16T11:05:00+03:00,CRISP_CLASS_MAX,0,Favorable,12.5,False,0.0
boundary_humidity_2026-07-16T11:05:00+03:00,CRISP_CLASS_MAX,1,Favorable,12.5,False,0.0
boundary_humidity_2026-07-16T11:05:00+03:00,CRISP_CLASS_MAX,2,Favorable,12.5,False,0.0
boundary_humidity_2026-07-16T11:05:00+03:00,CRISP_CLASS_MAX,3,Acceptable,37.5,True,25.0
boundary_humidity_2026-07-16T11:05:00+03:00,CRISP_CLASS_MAX,4,Acceptable,37.5,True,25.0
boundary_humidity_2026-07-16T11:05:00+03:00,CRISP_CLASS_MAX,5,Favorable,12.5,False,0.0
boundary_humidity_2026-07-16T11:05:00+03:00,CRISP_CLASS_MAX,6,Favorable,12.5,False,0.0
boundary_humidity_2026-07-16T11:05:00+03:00,CRISP_CLASS_MAX,7,Acceptable,37.5,True,25.0
boundary_humidity_2026-07-16T11:05:00+03:00,CRISP_CLASS_MAX,8,Favorable,12.5,False,0.0
boundary_humidity_2026-07-16T11:05:00+03:00,CRISP_CLASS_MAX,9,Favorable,12.5,False,0.0
boundary_humidity_2026-07-16T11:05:00+03:00,CRISP_CLASS_MAX,10,Acceptable,37.5,True,25.0
boundary_humidity_2026-07-16T11:05:00+03:00,CRISP_CLASS_MAX,11,Favorable,12.5,False,0.0
boundary_humidity_2026-07-16T11:05:00+03:00,CRISP_CLASS_MAX,12,Favorable,12.5,False,0.0
boundary_humidity_2026-07-16T11:05:00+03:00,CRISP_CLASS_MAX,13,Acceptable,37.5,True,25.0
boundary_humidity_2026-07-16T11:05:00+03:00,CRISP_CLASS_MAX,14,Acceptable,37.5,True,25.0
boundary_humidity_2026-07-16T11:05:00+03:00,CRISP_CLASS_MAX,15,Favorable,12.5,False,0.0
boundary_humidity_2026-07-16T11:05:00+03:00,CRISP_CLASS_MAX,16,Acceptable,37.5,True,25.0
boundary_humidity_2026-07-16T11:05:00+03:00,CRISP_CLASS_MAX,17,Favorable,12.5,False,0.0
boundary_humidity_2026-07-16T11:05:00+03:00,CRISP_CLASS_MAX,18,Favorable,12.5,False,0.0
boundary_humidity_2026-07-16T11:05:00+03:00,CRISP_CLASS_MAX,19,Acceptable,37.5,True,25.0
boundary_humidity_2026-07-16T11:05:00+03:00,CRISP_CLASS_MAX,20,Favorable,12.5,False,0.0
boundary_humidity_2026-07-16T11:05:00+03:00,CRISP_CLASS_MAX,21,Favorable,12.5,False,0.0
boundary_humidity_2026-07-16T11:05:00+03:00,CRISP_CLASS_MAX,22,Acceptable,37.5,True,25.0
boundary_humidity_2026-07-16T11:05:00+03:00,CRISP_CLASS_MAX,23,Favorable,12.5,False,0.0
boundary_humidity_2026-07-16T11:05:00+03:00,CRISP_CLASS_MAX,24,Favorable,12.5,False,0.0
boundary_humidity_2026-07-16T11:05:00+03:00,CRISP_CLASS_MAX,25,Acceptable,37.5,True,25.0
boundary_humidity_2026-07-16T11:05:00+03:00,CRISP_CLASS_MAX,26,Acceptable,37.5,True,25.0
boundary_humidity_2026-07-16T11:05:00+03:00,CRISP_CLASS_MAX,27,Favorable,12.5,False,0.0
boundary_humidity_2026-07-16T11:05:00+03:00,CRISP_CLASS_MAX,28,Favorable,12.5,False,0.0
boundary_humidity_2026-07-16T11:05:00+03:00,CRISP_CLASS_MAX,29,Acceptable,37.5,True,25.0
boundary_humidity_2026-07-16T11:05:00+03:00,FUZZY_COMPONENT_MAX,0,Favorable,16.088226535497135,False,0.7152935636661919
boundary_humidity_2026-07-16T11:05:00+03:00,FUZZY_COMPONENT_MAX,1,Favorable,14.67291158068415,False,0.7000213911467927
boundary_humidity_2026-07-16T11:05:00+03:00,FUZZY_COMPONENT_MAX,2,Favorable,12.444029850746269,False,2.9289031210846748
boundary_humidity_2026-07-16T11:05:00+03:00,FUZZY_COMPONENT_MAX,3,Acceptable,37.5,True,22.12706702816906
boundary_humidity_2026-07-16T11:05:00+03:00,FUZZY_COMPONENT_MAX,4,Acceptable,27.485959051120183,True,12.11302607928924
boundary_humidity_2026-07-16T11:05:00+03:00,FUZZY_COMPONENT_MAX,5,Favorable,13.68048465470067,False,1.6924483171302729
boundary_humidity_2026-07-16T11:05:00+03:00,FUZZY_COMPONENT_MAX,6,Favorable,18.728889333117824,False,3.3559563612868804
boundary_humidity_2026-07-16T11:05:00+03:00,FUZZY_COMPONENT_MAX,7,Acceptable,28.860760131584048,True,13.487827159753104
boundary_humidity_2026-07-16T11:05:00+03:00,FUZZY_COMPONENT_MAX,8,Favorable,12.444029850746269,False,2.9289031210846748
boundary_humidity_2026-07-16T11:05:00+03:00,FUZZY_COMPONENT_MAX,9,Favorable,12.444029850746269,False,2.9289031210846748
boundary_humidity_2026-07-16T11:05:00+03:00,FUZZY_COMPONENT_MAX,10,Acceptable,29.737592362818333,True,14.36465939098739
boundary_humidity_2026-07-16T11:05:00+03:00,FUZZY_COMPONENT_MAX,11,Favorable,12.444029850746269,False,2.9289031210846748
boundary_humidity_2026-07-16T11:05:00+03:00,FUZZY_COMPONENT_MAX,12,Favorable,12.444029850746269,False,2.9289031210846748
boundary_humidity_2026-07-16T11:05:00+03:00,FUZZY_COMPONENT_MAX,13,Acceptable,37.5,True,22.12706702816906
boundary_humidity_2026-07-16T11:05:00+03:00,FUZZY_COMPONENT_MAX,14,Acceptable,32.22056829487187,True,16.847635323040926
boundary_humidity_2026-07-16T11:05:00+03:00,FUZZY_COMPONENT_MAX,15,Favorable,15.872339548019447,False,0.4994065761885036
boundary_humidity_2026-07-16T11:05:00+03:00,FUZZY_COMPONENT_MAX,16,Acceptable,30.030352256342713,True,14.65741928451177
boundary_humidity_2026-07-16T11:05:00+03:00,FUZZY_COMPONENT_MAX,17,Favorable,12.444029850746269,False,2.9289031210846748
boundary_humidity_2026-07-16T11:05:00+03:00,FUZZY_COMPONENT_MAX,18,Favorable,12.444029850746269,False,2.9289031210846748
boundary_humidity_2026-07-16T11:05:00+03:00,FUZZY_COMPONENT_MAX,19,Acceptable,30.847103020790506,True,15.474170048959563
boundary_humidity_2026-07-16T11:05:00+03:00,FUZZY_COMPONENT_MAX,20,Favorable,13.279013561661085,False,2.0939194101698586
boundary_humidity_2026-07-16T11:05:00+03:00,FUZZY_COMPONENT_MAX,21,Favorable,15.399259456924986,False,0.02632648509404234
boundary_humidity_2026-07-16T11:05:00+03:00,FUZZY_COMPONENT_MAX,22,Acceptable,35.361005097422044,True,19.988072125591103
boundary_humidity_2026-07-16T11:05:00+03:00,FUZZY_COMPONENT_MAX,23,Favorable,21.276500016600583,False,5.903567044769639
boundary_humidity_2026-07-16T11:05:00+03:00,FUZZY_COMPONENT_MAX,24,Favorable,12.444029850746269,False,2.9289031210846748
boundary_humidity_2026-07-16T11:05:00+03:00,FUZZY_COMPONENT_MAX,25,Acceptable,37.5,True,22.12706702816906
boundary_humidity_2026-07-16T11:05:00+03:00,FUZZY_COMPONENT_MAX,26,Acceptable,37.5,True,22.12706702816906
boundary_humidity_2026-07-16T11:05:00+03:00,FUZZY_COMPONENT_MAX,27,Favorable,12.444029850746269,False,2.9289031210846748
boundary_humidity_2026-07-16T11:05:00+03:00,FUZZY_COMPONENT_MAX,28,Favorable,12.444029850746269,False,2.9289031210846748
boundary_humidity_2026-07-16T11:05:00+03:00,FUZZY_COMPONENT_MAX,29,Acceptable,29.45426800961663,True,14.081335037785687
boundary_humidity_2026-07-16T11:05:00+03:00,PROPOSED_HFIS,0,Favorable,16.088226535497135,False,0.7152935636661919
boundary_humidity_2026-07-16T11:05:00+03:00,PROPOSED_HFIS,1,Favorable,14.67291158068415,False,0.7000213911467927
boundary_humidity_2026-07-16T11:05:00+03:00,PROPOSED_HFIS,2,Favorable,12.444029850746269,False,2.9289031210846748
boundary_humidity_2026-07-16T11:05:00+03:00,PROPOSED_HFIS,3,Acceptable,37.5,True,22.12706702816906
boundary_humidity_2026-07-16T11:05:00+03:00,PROPOSED_HFIS,4,Acceptable,27.485959051120183,True,12.11302607928924
boundary_humidity_2026-07-16T11:05:00+03:00,PROPOSED_HFIS,5,Favorable,13.68048465470067,False,1.6924483171302729
boundary_humidity_2026-07-16T11:05:00+03:00,PROPOSED_HFIS,6,Favorable,18.728889333117824,False,3.3559563612868804
boundary_humidity_2026-07-16T11:05:00+03:00,PROPOSED_HFIS,7,Acceptable,28.860760131584048,True,13.487827159753104
boundary_humidity_2026-07-16T11:05:00+03:00,PROPOSED_HFIS,8,Favorable,12.444029850746269,False,2.9289031210846748
boundary_humidity_2026-07-16T11:05:00+03:00,PROPOSED_HFIS,9,Favorable,12.444029850746269,False,2.9289031210846748
boundary_humidity_2026-07-16T11:05:00+03:00,PROPOSED_HFIS,10,Acceptable,29.737592362818333,True,14.36465939098739
boundary_humidity_2026-07-16T11:05:00+03:00,PROPOSED_HFIS,11,Favorable,12.444029850746269,False,2.9289031210846748
boundary_humidity_2026-07-16T11:05:00+03:00,PROPOSED_HFIS,12,Favorable,12.444029850746269,False,2.9289031210846748
boundary_humidity_2026-07-16T11:05:00+03:00,PROPOSED_HFIS,13,Acceptable,37.5,True,22.12706702816906
boundary_humidity_2026-07-16T11:05:00+03:00,PROPOSED_HFIS,14,Acceptable,32.22056829487187,True,16.847635323040926
boundary_humidity_2026-07-16T11:05:00+03:00,PROPOSED_HFIS,15,Favorable,15.872339548019447,False,0.4994065761885036
boundary_humidity_2026-07-16T11:05:00+03:00,PROPOSED_HFIS,16,Acceptable,30.030352256342713,True,14.65741928451177
boundary_humidity_2026-07-16T11:05:00+03:00,PROPOSED_HFIS,17,Favorable,12.444029850746269,False,2.9289031210846748
boundary_humidity_2026-07-16T11:05:00+03:00,PROPOSED_HFIS,18,Favorable,12.444029850746269,False,2.9289031210846748
boundary_humidity_2026-07-16T11:05:00+03:00,PROPOSED_HFIS,19,Acceptable,30.847103020790506,True,15.474170048959563
boundary_humidity_2026-07-16T11:05:00+03:00,PROPOSED_HFIS,20,Favorable,13.279013561661085,False,2.0939194101698586
boundary_humidity_2026-07-16T11:05:00+03:00,PROPOSED_HFIS,21,Favorable,15.399259456924986,False,0.02632648509404234
boundary_humidity_2026-07-16T11:05:00+03:00,PROPOSED_HFIS,22,Acceptable,35.361005097422044,True,19.988072125591103
boundary_humidity_2026-07-16T11:05:00+03:00,PROPOSED_HFIS,23,Favorable,21.276500016600583,False,5.903567044769639
boundary_humidity_2026-07-16T11:05:00+03:00,PROPOSED_HFIS,24,Favorable,12.444029850746269,False,2.9289031210846748
boundary_humidity_2026-07-16T11:05:00+03:00,PROPOSED_HFIS,25,Acceptable,37.5,True,22.12706702816906
boundary_humidity_2026-07-16T11:05:00+03:00,PROPOSED_HFIS,26,Acceptable,37.5,True,22.12706702816906
boundary_humidity_2026-07-16T11:05:00+03:00,PROPOSED_HFIS,27,Favorable,12.444029850746269,False,2.9289031210846748
boundary_humidity_2026-07-16T11:05:00+03:00,PROPOSED_HFIS,28,Favorable,12.444029850746269,False,2.9289031210846748
boundary_humidity_2026-07-16T11:05:00+03:00,PROPOSED_HFIS,29,Acceptable,29.45426800961663,True,14.081335037785687
boundary_humidity_2026-07-16T11:05:00+03:00,WEIGHTED_MEAN,0,Favorable,14.266128193121702,False,0.35764678183309684
boundary_humidity_2026-07-16T11:05:00+03:00,WEIGHTED_MEAN,1,Favorable,13.55847071571521,False,0.3500106955733955
boundary_humidity_2026-07-16T11:05:00+03:00,WEIGHTED_MEAN,2,Favorable,12.444029850746269,False,1.4644515605423365
boundary_humidity_2026-07-16T11:05:00+03:00,WEIGHTED_MEAN,3,Favorable,24.972014925373134,False,11.06353351408453
boundary_humidity_2026-07-16T11:05:00+03:00,WEIGHTED_MEAN,4,Favorable,19.964994450933226,False,6.056513039644621
boundary_humidity_2026-07-16T11:05:00+03:00,WEIGHTED_MEAN,5,Favorable,13.06225725272347,False,0.8462241585651356
boundary_humidity_2026-07-16T11:05:00+03:00,WEIGHTED_MEAN,6,Favorable,15.586459591932046,False,1.677978180643441
boundary_humidity_2026-07-16T11:05:00+03:00,WEIGHTED_MEAN,7,Favorable,20.65239499116516,False,6.743913579876555
boundary_humidity_2026-07-16T11:05:00+03:00,WEIGHTED_MEAN,8,Favorable,12.444029850746269,False,1.4644515605423365
boundary_humidity_2026-07-16T11:05:00+03:00,WEIGHTED_MEAN,9,Favorable,12.444029850746269,False,1.4644515605423365
boundary_humidity_2026-07-16T11:05:00+03:00,WEIGHTED_MEAN,10,Favorable,21.0908111067823,False,7.182329695493696
boundary_humidity_2026-07-16T11:05:00+03:00,WEIGHTED_MEAN,11,Favorable,12.444029850746269,False,1.4644515605423365
boundary_humidity_2026-07-16T11:05:00+03:00,WEIGHTED_MEAN,12,Favorable,12.444029850746269,False,1.4644515605423365
boundary_humidity_2026-07-16T11:05:00+03:00,WEIGHTED_MEAN,13,Favorable,24.972014925373134,False,11.06353351408453
boundary_humidity_2026-07-16T11:05:00+03:00,WEIGHTED_MEAN,14,Favorable,22.332299072809068,False,8.423817661520463
boundary_humidity_2026-07-16T11:05:00+03:00,WEIGHTED_MEAN,15,Favorable,14.158184699382858,False,0.24970328809425268
boundary_humidity_2026-07-16T11:05:00+03:00,WEIGHTED_MEAN,16,Favorable,21.237191053544493,False,7.3287096422558875
boundary_humidity_2026-07-16T11:05:00+03:00,WEIGHTED_MEAN,17,Favorable,12.444029850746269,False,1.4644515605423365
boundary_humidity_2026-07-16T11:05:00+03:00,WEIGHTED_MEAN,18,Favorable,12.444029850746269,False,1.4644515605423365
boundary_humidity_2026-07-16T11:05:00+03:00,WEIGHTED_MEAN,19,Favorable,21.645566435768387,False,7.737085024479782
boundary_humidity_2026-07-16T11:05:00+03:00,WEIGHTED_MEAN,20,Favorable,12.861521706203677,False,1.0469597050849284
boundary_humidity_2026-07-16T11:05:00+03:00,WEIGHTED_MEAN,21,Favorable,13.921644653835628,False,0.013163242547022946
boundary_humidity_2026-07-16T11:05:00+03:00,WEIGHTED_MEAN,22,Favorable,23.902517474084156,False,9.994036062795551
boundary_humidity_2026-07-16T11:05:00+03:00,WEIGHTED_MEAN,23,Favorable,16.860264933673427,False,2.9517835223848223
boundary_humidity_2026-07-16T11:05:00+03:00,WEIGHTED_MEAN,24,Favorable,12.444029850746269,False,1.4644515605423365
boundary_humidity_2026-07-16T11:05:00+03:00,WEIGHTED_MEAN,25,Favorable,24.972014925373134,False,11.06353351408453
boundary_humidity_2026-07-16T11:05:00+03:00,WEIGHTED_MEAN,26,Favorable,24.972014925373134,False,11.06353351408453
boundary_humidity_2026-07-16T11:05:00+03:00,WEIGHTED_MEAN,27,Favorable,12.444029850746269,False,1.4644515605423365
boundary_humidity_2026-07-16T11:05:00+03:00,WEIGHTED_MEAN,28,Favorable,12.444029850746269,False,1.4644515605423365
boundary_humidity_2026-07-16T11:05:00+03:00,WEIGHTED_MEAN,29,Favorable,20.94914893018145,False,7.040667518892846
boundary_humidity_2026-07-17T02:35:00+03:00,CRISP_CLASS_MAX,0,Acceptable,37.5,True,25.0
boundary_humidity_2026-07-17T02:35:00+03:00,CRISP_CLASS_MAX,1,Acceptable,37.5,True,25.0
boundary_humidity_2026-07-17T02:35:00+03:00,CRISP_CLASS_MAX,2,Favorable,12.5,False,0.0
boundary_humidity_2026-07-17T02:35:00+03:00,CRISP_CLASS_MAX,3,Favorable,12.5,False,0.0
boundary_humidity_2026-07-17T02:35:00+03:00,CRISP_CLASS_MAX,4,Acceptable,37.5,True,25.0
boundary_humidity_2026-07-17T02:35:00+03:00,CRISP_CLASS_MAX,5,Favorable,12.5,False,0.0
boundary_humidity_2026-07-17T02:35:00+03:00,CRISP_CLASS_MAX,6,Favorable,12.5,False,0.0
boundary_humidity_2026-07-17T02:35:00+03:00,CRISP_CLASS_MAX,7,Acceptable,37.5,True,25.0
boundary_humidity_2026-07-17T02:35:00+03:00,CRISP_CLASS_MAX,8,Favorable,12.5,False,0.0
boundary_humidity_2026-07-17T02:35:00+03:00,CRISP_CLASS_MAX,9,Favorable,12.5,False,0.0
boundary_humidity_2026-07-17T02:35:00+03:00,CRISP_CLASS_MAX,10,Favorable,12.5,False,0.0
boundary_humidity_2026-07-17T02:35:00+03:00,CRISP_CLASS_MAX,11,Favorable,12.5,False,0.0
boundary_humidity_2026-07-17T02:35:00+03:00,CRISP_CLASS_MAX,12,Favorable,12.5,False,0.0
boundary_humidity_2026-07-17T02:35:00+03:00,CRISP_CLASS_MAX,13,Favorable,12.5,False,0.0
boundary_humidity_2026-07-17T02:35:00+03:00,CRISP_CLASS_MAX,14,Favorable,12.5,False,0.0
boundary_humidity_2026-07-17T02:35:00+03:00,CRISP_CLASS_MAX,15,Favorable,12.5,False,0.0
boundary_humidity_2026-07-17T02:35:00+03:00,CRISP_CLASS_MAX,16,Acceptable,37.5,True,25.0
boundary_humidity_2026-07-17T02:35:00+03:00,CRISP_CLASS_MAX,17,Favorable,12.5,False,0.0
boundary_humidity_2026-07-17T02:35:00+03:00,CRISP_CLASS_MAX,18,Favorable,12.5,False,0.0
boundary_humidity_2026-07-17T02:35:00+03:00,CRISP_CLASS_MAX,19,Acceptable,37.5,True,25.0
boundary_humidity_2026-07-17T02:35:00+03:00,CRISP_CLASS_MAX,20,Favorable,12.5,False,0.0
boundary_humidity_2026-07-17T02:35:00+03:00,CRISP_CLASS_MAX,21,Favorable,12.5,False,0.0
boundary_humidity_2026-07-17T02:35:00+03:00,CRISP_CLASS_MAX,22,Favorable,12.5,False,0.0
boundary_humidity_2026-07-17T02:35:00+03:00,CRISP_CLASS_MAX,23,Favorable,12.5,False,0.0
boundary_humidity_2026-07-17T02:35:00+03:00,CRISP_CLASS_MAX,24,Favorable,12.5,False,0.0
boundary_humidity_2026-07-17T02:35:00+03:00,CRISP_CLASS_MAX,25,Favorable,12.5,False,0.0
boundary_humidity_2026-07-17T02:35:00+03:00,CRISP_CLASS_MAX,26,Favorable,12.5,False,0.0
boundary_humidity_2026-07-17T02:35:00+03:00,CRISP_CLASS_MAX,27,Favorable,12.5,False,0.0
boundary_humidity_2026-07-17T02:35:00+03:00,CRISP_CLASS_MAX,28,Acceptable,37.5,True,25.0
boundary_humidity_2026-07-17T02:35:00+03:00,CRISP_CLASS_MAX,29,Favorable,12.5,False,0.0
boundary_humidity_2026-07-17T02:35:00+03:00,FUZZY_COMPONENT_MAX,0,Acceptable,32.80259578592695,True,15.294373655207181
boundary_humidity_2026-07-17T02:35:00+03:00,FUZZY_COMPONENT_MAX,1,Acceptable,28.628860165992233,True,11.120638035272467
boundary_humidity_2026-07-17T02:35:00+03:00,FUZZY_COMPONENT_MAX,2,Favorable,12.444029850746269,False,5.064192279973497
boundary_humidity_2026-07-17T02:35:00+03:00,FUZZY_COMPONENT_MAX,3,Favorable,17.425880500743546,False,0.08234162997622008
boundary_humidity_2026-07-17T02:35:00+03:00,FUZZY_COMPONENT_MAX,4,Acceptable,34.488117210127065,True,16.9798950794073
boundary_humidity_2026-07-17T02:35:00+03:00,FUZZY_COMPONENT_MAX,5,Favorable,12.444029850746269,False,5.064192279973497
boundary_humidity_2026-07-17T02:35:00+03:00,FUZZY_COMPONENT_MAX,6,Favorable,20.858825644091286,False,3.350603513371521
boundary_humidity_2026-07-17T02:35:00+03:00,FUZZY_COMPONENT_MAX,7,Acceptable,26.181173753476482,True,8.672951622756717
boundary_humidity_2026-07-17T02:35:00+03:00,FUZZY_COMPONENT_MAX,8,Favorable,21.098670408857252,False,3.5904482781374867
boundary_humidity_2026-07-17T02:35:00+03:00,FUZZY_COMPONENT_MAX,9,Favorable,21.72064307211101,False,4.212420941391244
boundary_humidity_2026-07-17T02:35:00+03:00,FUZZY_COMPONENT_MAX,10,Favorable,23.049250082118256,False,5.54102795139849
boundary_humidity_2026-07-17T02:35:00+03:00,FUZZY_COMPONENT_MAX,11,Favorable,12.444029850746269,False,5.064192279973497
boundary_humidity_2026-07-17T02:35:00+03:00,FUZZY_COMPONENT_MAX,12,Favorable,12.444029850746269,False,5.064192279973497
boundary_humidity_2026-07-17T02:35:00+03:00,FUZZY_COMPONENT_MAX,13,Favorable,22.172079203144364,False,4.663857072424598
boundary_humidity_2026-07-17T02:35:00+03:00,FUZZY_COMPONENT_MAX,14,Favorable,17.96154630366407,False,0.4533241729443027
boundary_humidity_2026-07-17T02:35:00+03:00,FUZZY_COMPONENT_MAX,15,Favorable,12.444029850746269,False,5.064192279973497
boundary_humidity_2026-07-17T02:35:00+03:00,FUZZY_COMPONENT_MAX,16,Acceptable,29.5326554221057,True,12.024433291385936
boundary_humidity_2026-07-17T02:35:00+03:00,FUZZY_COMPONENT_MAX,17,Favorable,19.994863401000234,False,2.4866412702804688
boundary_humidity_2026-07-17T02:35:00+03:00,FUZZY_COMPONENT_MAX,18,Favorable,16.990061825424437,False,0.5181603052953285
boundary_humidity_2026-07-17T02:35:00+03:00,FUZZY_COMPONENT_MAX,19,Acceptable,34.558489878738165,True,17.0502677480184
boundary_humidity_2026-07-17T02:35:00+03:00,FUZZY_COMPONENT_MAX,20,Favorable,15.760692029923446,False,1.74753010079632
boundary_humidity_2026-07-17T02:35:00+03:00,FUZZY_COMPONENT_MAX,21,Favorable,12.444029850746269,False,5.064192279973497
boundary_humidity_2026-07-17T02:35:00+03:00,FUZZY_COMPONENT_MAX,22,Favorable,18.000174800237733,False,0.4919526695179677
boundary_humidity_2026-07-17T02:35:00+03:00,FUZZY_COMPONENT_MAX,23,Favorable,12.444029850746269,False,5.064192279973497
boundary_humidity_2026-07-17T02:35:00+03:00,FUZZY_COMPONENT_MAX,24,Favorable,12.444029850746269,False,5.064192279973497
boundary_humidity_2026-07-17T02:35:00+03:00,FUZZY_COMPONENT_MAX,25,Favorable,12.444029850746269,False,5.064192279973497
boundary_humidity_2026-07-17T02:35:00+03:00,FUZZY_COMPONENT_MAX,26,Favorable,17.871871565752784,False,0.36364943503301816
boundary_humidity_2026-07-17T02:35:00+03:00,FUZZY_COMPONENT_MAX,27,Favorable,12.444029850746269,False,5.064192279973497
boundary_humidity_2026-07-17T02:35:00+03:00,FUZZY_COMPONENT_MAX,28,Acceptable,37.5,True,19.991777869280234
boundary_humidity_2026-07-17T02:35:00+03:00,FUZZY_COMPONENT_MAX,29,Favorable,12.708288033086339,False,4.799934097633427
boundary_humidity_2026-07-17T02:35:00+03:00,PROPOSED_HFIS,0,Acceptable,32.80259578592695,True,15.294373655207181
boundary_humidity_2026-07-17T02:35:00+03:00,PROPOSED_HFIS,1,Acceptable,28.628860165992233,True,11.120638035272467
boundary_humidity_2026-07-17T02:35:00+03:00,PROPOSED_HFIS,2,Favorable,12.444029850746269,False,5.064192279973497
boundary_humidity_2026-07-17T02:35:00+03:00,PROPOSED_HFIS,3,Favorable,17.425880500743546,False,0.08234162997622008
boundary_humidity_2026-07-17T02:35:00+03:00,PROPOSED_HFIS,4,Acceptable,34.488117210127065,True,16.9798950794073
boundary_humidity_2026-07-17T02:35:00+03:00,PROPOSED_HFIS,5,Favorable,12.444029850746269,False,5.064192279973497
boundary_humidity_2026-07-17T02:35:00+03:00,PROPOSED_HFIS,6,Favorable,20.858825644091286,False,3.350603513371521
boundary_humidity_2026-07-17T02:35:00+03:00,PROPOSED_HFIS,7,Acceptable,26.181173753476482,True,8.672951622756717
boundary_humidity_2026-07-17T02:35:00+03:00,PROPOSED_HFIS,8,Favorable,21.098670408857252,False,3.5904482781374867
boundary_humidity_2026-07-17T02:35:00+03:00,PROPOSED_HFIS,9,Favorable,21.72064307211101,False,4.212420941391244
boundary_humidity_2026-07-17T02:35:00+03:00,PROPOSED_HFIS,10,Favorable,23.049250082118256,False,5.54102795139849
boundary_humidity_2026-07-17T02:35:00+03:00,PROPOSED_HFIS,11,Favorable,12.444029850746269,False,5.064192279973497
boundary_humidity_2026-07-17T02:35:00+03:00,PROPOSED_HFIS,12,Favorable,12.444029850746269,False,5.064192279973497
boundary_humidity_2026-07-17T02:35:00+03:00,PROPOSED_HFIS,13,Favorable,22.172079203144364,False,4.663857072424598
boundary_humidity_2026-07-17T02:35:00+03:00,PROPOSED_HFIS,14,Favorable,17.96154630366407,False,0.4533241729443027
boundary_humidity_2026-07-17T02:35:00+03:00,PROPOSED_HFIS,15,Favorable,12.444029850746269,False,5.064192279973497
boundary_humidity_2026-07-17T02:35:00+03:00,PROPOSED_HFIS,16,Acceptable,29.5326554221057,True,12.024433291385936
boundary_humidity_2026-07-17T02:35:00+03:00,PROPOSED_HFIS,17,Favorable,19.994863401000234,False,2.4866412702804688
boundary_humidity_2026-07-17T02:35:00+03:00,PROPOSED_HFIS,18,Favorable,16.990061825424437,False,0.5181603052953285
boundary_humidity_2026-07-17T02:35:00+03:00,PROPOSED_HFIS,19,Acceptable,34.558489878738165,True,17.0502677480184
boundary_humidity_2026-07-17T02:35:00+03:00,PROPOSED_HFIS,20,Favorable,15.760692029923446,False,1.74753010079632
boundary_humidity_2026-07-17T02:35:00+03:00,PROPOSED_HFIS,21,Favorable,12.444029850746269,False,5.064192279973497
boundary_humidity_2026-07-17T02:35:00+03:00,PROPOSED_HFIS,22,Favorable,18.000174800237733,False,0.4919526695179677
boundary_humidity_2026-07-17T02:35:00+03:00,PROPOSED_HFIS,23,Favorable,12.444029850746269,False,5.064192279973497
boundary_humidity_2026-07-17T02:35:00+03:00,PROPOSED_HFIS,24,Favorable,12.444029850746269,False,5.064192279973497
boundary_humidity_2026-07-17T02:35:00+03:00,PROPOSED_HFIS,25,Favorable,12.444029850746269,False,5.064192279973497
boundary_humidity_2026-07-17T02:35:00+03:00,PROPOSED_HFIS,26,Favorable,17.871871565752784,False,0.36364943503301816
boundary_humidity_2026-07-17T02:35:00+03:00,PROPOSED_HFIS,27,Favorable,12.444029850746269,False,5.064192279973497
boundary_humidity_2026-07-17T02:35:00+03:00,PROPOSED_HFIS,28,Acceptable,37.5,True,19.991777869280234
boundary_humidity_2026-07-17T02:35:00+03:00,PROPOSED_HFIS,29,Favorable,12.708288033086339,False,4.799934097633427
boundary_humidity_2026-07-17T02:35:00+03:00,WEIGHTED_MEAN,0,Favorable,22.623312818336608,False,7.647186827603591
boundary_humidity_2026-07-17T02:35:00+03:00,WEIGHTED_MEAN,1,Favorable,20.53644500836925,False,5.560319017636232
boundary_humidity_2026-07-17T02:35:00+03:00,WEIGHTED_MEAN,2,Favorable,12.444029850746269,False,2.5320961399867485
boundary_humidity_2026-07-17T02:35:00+03:00,WEIGHTED_MEAN,3,Favorable,14.934955175744907,False,0.04117081498811004
boundary_humidity_2026-07-17T02:35:00+03:00,WEIGHTED_MEAN,4,Favorable,23.466073530436667,False,8.48994753970365
boundary_humidity_2026-07-17T02:35:00+03:00,WEIGHTED_MEAN,5,Favorable,12.444029850746269,False,2.5320961399867485
boundary_humidity_2026-07-17T02:35:00+03:00,WEIGHTED_MEAN,6,Favorable,16.65142774741878,False,1.6753017566857622
boundary_humidity_2026-07-17T02:35:00+03:00,WEIGHTED_MEAN,7,Favorable,19.312601802111374,False,4.336475811378357
boundary_humidity_2026-07-17T02:35:00+03:00,WEIGHTED_MEAN,8,Favorable,16.77135012980176,False,1.7952241390687433
boundary_humidity_2026-07-17T02:35:00+03:00,WEIGHTED_MEAN,9,Favorable,17.08233646142864,False,2.106210470695622
boundary_humidity_2026-07-17T02:35:00+03:00,WEIGHTED_MEAN,10,Favorable,17.746639966432262,False,2.770513975699245
boundary_humidity_2026-07-17T02:35:00+03:00,WEIGHTED_MEAN,11,Favorable,12.444029850746269,False,2.5320961399867485
boundary_humidity_2026-07-17T02:35:00+03:00,WEIGHTED_MEAN,12,Favorable,12.444029850746269,False,2.5320961399867485
boundary_humidity_2026-07-17T02:35:00+03:00,WEIGHTED_MEAN,13,Favorable,17.308054526945316,False,2.331928536212299
boundary_humidity_2026-07-17T02:35:00+03:00,WEIGHTED_MEAN,14,Favorable,15.202788077205168,False,0.22666208647215136
boundary_humidity_2026-07-17T02:35:00+03:00,WEIGHTED_MEAN,15,Favorable,12.444029850746269,False,2.5320961399867485
boundary_humidity_2026-07-17T02:35:00+03:00,WEIGHTED_MEAN,16,Favorable,20.988342636425983,False,6.012216645692966
boundary_humidity_2026-07-17T02:35:00+03:00,WEIGHTED_MEAN,17,Favorable,16.219446625873253,False,1.2433206351402362
boundary_humidity_2026-07-17T02:35:00+03:00,WEIGHTED_MEAN,18,Favorable,14.717045838085353,False,0.25908015264766426
boundary_humidity_2026-07-17T02:35:00+03:00,WEIGHTED_MEAN,19,Favorable,23.501259864742217,False,8.5251338740092
boundary_humidity_2026-07-17T02:35:00+03:00,WEIGHTED_MEAN,20,Favorable,14.102360940334858,False,0.8737650503981591
boundary_humidity_2026-07-17T02:35:00+03:00,WEIGHTED_MEAN,21,Favorable,12.444029850746269,False,2.5320961399867485
boundary_humidity_2026-07-17T02:35:00+03:00,WEIGHTED_MEAN,22,Favorable,15.222102325492001,False,0.24597633475898384
boundary_humidity_2026-07-17T02:35:00+03:00,WEIGHTED_MEAN,23,Favorable,12.444029850746269,False,2.5320961399867485
boundary_humidity_2026-07-17T02:35:00+03:00,WEIGHTED_MEAN,24,Favorable,12.444029850746269,False,2.5320961399867485
boundary_humidity_2026-07-17T02:35:00+03:00,WEIGHTED_MEAN,25,Favorable,12.444029850746269,False,2.5320961399867485
boundary_humidity_2026-07-17T02:35:00+03:00,WEIGHTED_MEAN,26,Favorable,15.157950708249526,False,0.18182471751650908
boundary_humidity_2026-07-17T02:35:00+03:00,WEIGHTED_MEAN,27,Favorable,12.444029850746269,False,2.5320961399867485
boundary_humidity_2026-07-17T02:35:00+03:00,WEIGHTED_MEAN,28,Favorable,24.972014925373134,False,9.995888934640117
boundary_humidity_2026-07-17T02:35:00+03:00,WEIGHTED_MEAN,29,Favorable,12.576158941916304,False,2.3999670488167126
boundary_humidity_2026-07-17T08:55:00+03:00,CRISP_CLASS_MAX,0,Favorable,12.5,False,0.0
boundary_humidity_2026-07-17T08:55:00+03:00,CRISP_CLASS_MAX,1,Acceptable,37.5,True,25.0
boundary_humidity_2026-07-17T08:55:00+03:00,CRISP_CLASS_MAX,2,Favorable,12.5,False,0.0
boundary_humidity_2026-07-17T08:55:00+03:00,CRISP_CLASS_MAX,3,Acceptable,37.5,True,25.0
boundary_humidity_2026-07-17T08:55:00+03:00,CRISP_CLASS_MAX,4,Favorable,12.5,False,0.0
boundary_humidity_2026-07-17T08:55:00+03:00,CRISP_CLASS_MAX,5,Acceptable,37.5,True,25.0
boundary_humidity_2026-07-17T08:55:00+03:00,CRISP_CLASS_MAX,6,Favorable,12.5,False,0.0
boundary_humidity_2026-07-17T08:55:00+03:00,CRISP_CLASS_MAX,7,Favorable,12.5,False,0.0
boundary_humidity_2026-07-17T08:55:00+03:00,CRISP_CLASS_MAX,8,Favorable,12.5,False,0.0
boundary_humidity_2026-07-17T08:55:00+03:00,CRISP_CLASS_MAX,9,Favorable,12.5,False,0.0
boundary_humidity_2026-07-17T08:55:00+03:00,CRISP_CLASS_MAX,10,Favorable,12.5,False,0.0
boundary_humidity_2026-07-17T08:55:00+03:00,CRISP_CLASS_MAX,11,Favorable,12.5,False,0.0
boundary_humidity_2026-07-17T08:55:00+03:00,CRISP_CLASS_MAX,12,Acceptable,37.5,True,25.0
boundary_humidity_2026-07-17T08:55:00+03:00,CRISP_CLASS_MAX,13,Favorable,12.5,False,0.0
boundary_humidity_2026-07-17T08:55:00+03:00,CRISP_CLASS_MAX,14,Acceptable,37.5,True,25.0
boundary_humidity_2026-07-17T08:55:00+03:00,CRISP_CLASS_MAX,15,Favorable,12.5,False,0.0
boundary_humidity_2026-07-17T08:55:00+03:00,CRISP_CLASS_MAX,16,Acceptable,37.5,True,25.0
boundary_humidity_2026-07-17T08:55:00+03:00,CRISP_CLASS_MAX,17,Favorable,12.5,False,0.0
boundary_humidity_2026-07-17T08:55:00+03:00,CRISP_CLASS_MAX,18,Favorable,12.5,False,0.0
boundary_humidity_2026-07-17T08:55:00+03:00,CRISP_CLASS_MAX,19,Favorable,12.5,False,0.0
boundary_humidity_2026-07-17T08:55:00+03:00,CRISP_CLASS_MAX,20,Acceptable,37.5,True,25.0
boundary_humidity_2026-07-17T08:55:00+03:00,CRISP_CLASS_MAX,21,Acceptable,37.5,True,25.0
boundary_humidity_2026-07-17T08:55:00+03:00,CRISP_CLASS_MAX,22,Acceptable,37.5,True,25.0
boundary_humidity_2026-07-17T08:55:00+03:00,CRISP_CLASS_MAX,23,Acceptable,37.5,True,25.0
boundary_humidity_2026-07-17T08:55:00+03:00,CRISP_CLASS_MAX,24,Favorable,12.5,False,0.0
boundary_humidity_2026-07-17T08:55:00+03:00,CRISP_CLASS_MAX,25,Acceptable,37.5,True,25.0
boundary_humidity_2026-07-17T08:55:00+03:00,CRISP_CLASS_MAX,26,Favorable,12.5,False,0.0
boundary_humidity_2026-07-17T08:55:00+03:00,CRISP_CLASS_MAX,27,Favorable,12.5,False,0.0
boundary_humidity_2026-07-17T08:55:00+03:00,CRISP_CLASS_MAX,28,Favorable,12.5,False,0.0
boundary_humidity_2026-07-17T08:55:00+03:00,CRISP_CLASS_MAX,29,Favorable,12.5,False,0.0
boundary_humidity_2026-07-17T08:55:00+03:00,FUZZY_COMPONENT_MAX,0,Favorable,12.444029850746269,False,0.0
boundary_humidity_2026-07-17T08:55:00+03:00,FUZZY_COMPONENT_MAX,1,Acceptable,29.465397250628715,True,17.021367399882447
boundary_humidity_2026-07-17T08:55:00+03:00,FUZZY_COMPONENT_MAX,2,Favorable,12.444029850746269,False,0.0
boundary_humidity_2026-07-17T08:55:00+03:00,FUZZY_COMPONENT_MAX,3,Acceptable,37.465187349035226,True,25.021157498288957
boundary_humidity_2026-07-17T08:55:00+03:00,FUZZY_COMPONENT_MAX,4,Favorable,18.397639043977954,False,5.953609193231685
boundary_humidity_2026-07-17T08:55:00+03:00,FUZZY_COMPONENT_MAX,5,Acceptable,35.37678428149633,True,22.93275443075006
boundary_humidity_2026-07-17T08:55:00+03:00,FUZZY_COMPONENT_MAX,6,Favorable,12.85974277012546,False,0.41571291937919064
boundary_humidity_2026-07-17T08:55:00+03:00,FUZZY_COMPONENT_MAX,7,Favorable,21.11263982787854,False,8.66860997713227
boundary_humidity_2026-07-17T08:55:00+03:00,FUZZY_COMPONENT_MAX,8,Favorable,12.444029850746269,False,0.0
boundary_humidity_2026-07-17T08:55:00+03:00,FUZZY_COMPONENT_MAX,9,Favorable,24.12127413537486,False,11.677244284628593
boundary_humidity_2026-07-17T08:55:00+03:00,FUZZY_COMPONENT_MAX,10,Favorable,18.076303737411376,False,5.632273886665107
boundary_humidity_2026-07-17T08:55:00+03:00,FUZZY_COMPONENT_MAX,11,Favorable,15.82959939212152,False,3.3855695413752507
boundary_humidity_2026-07-17T08:55:00+03:00,FUZZY_COMPONENT_MAX,12,Acceptable,29.85575952290046,True,17.41172967215419
boundary_humidity_2026-07-17T08:55:00+03:00,FUZZY_COMPONENT_MAX,13,Favorable,12.444029850746269,False,0.0
boundary_humidity_2026-07-17T08:55:00+03:00,FUZZY_COMPONENT_MAX,14,Acceptable,29.793198006095377,True,17.34916815534911
boundary_humidity_2026-07-17T08:55:00+03:00,FUZZY_COMPONENT_MAX,15,Favorable,12.444029850746269,False,0.0
boundary_humidity_2026-07-17T08:55:00+03:00,FUZZY_COMPONENT_MAX,16,Acceptable,29.810458553765514,True,17.366428703019245
boundary_humidity_2026-07-17T08:55:00+03:00,FUZZY_COMPONENT_MAX,17,Favorable,19.44721332952399,False,7.003183478777721
boundary_humidity_2026-07-17T08:55:00+03:00,FUZZY_COMPONENT_MAX,18,Favorable,12.444029850746269,False,0.0
boundary_humidity_2026-07-17T08:55:00+03:00,FUZZY_COMPONENT_MAX,19,Favorable,12.444029850746269,False,0.0
boundary_humidity_2026-07-17T08:55:00+03:00,FUZZY_COMPONENT_MAX,20,Acceptable,35.8118200619869,True,23.36779021124063
boundary_humidity_2026-07-17T08:55:00+03:00,FUZZY_COMPONENT_MAX,21,Acceptable,26.446770472959837,True,14.002740622213569
boundary_humidity_2026-07-17T08:55:00+03:00,FUZZY_COMPONENT_MAX,22,Acceptable,34.32287120428907,True,21.878841353542803
boundary_humidity_2026-07-17T08:55:00+03:00,FUZZY_COMPONENT_MAX,23,Acceptable,34.163073815128946,True,21.719043964382678
boundary_humidity_2026-07-17T08:55:00+03:00,FUZZY_COMPONENT_MAX,24,Favorable,12.444029850746269,False,0.0
boundary_humidity_2026-07-17T08:55:00+03:00,FUZZY_COMPONENT_MAX,25,Acceptable,26.87400114730833,True,14.429971296562062
boundary_humidity_2026-07-17T08:55:00+03:00,FUZZY_COMPONENT_MAX,26,Favorable,12.472928247252554,False,0.02889839650628545
boundary_humidity_2026-07-17T08:55:00+03:00,FUZZY_COMPONENT_MAX,27,Favorable,23.521381925267775,False,11.077352074521507
boundary_humidity_2026-07-17T08:55:00+03:00,FUZZY_COMPONENT_MAX,28,Favorable,20.68267515492718,False,8.23864530418091
boundary_humidity_2026-07-17T08:55:00+03:00,FUZZY_COMPONENT_MAX,29,Favorable,12.444029850746269,False,0.0
boundary_humidity_2026-07-17T08:55:00+03:00,PROPOSED_HFIS,0,Favorable,12.444029850746269,False,0.0
boundary_humidity_2026-07-17T08:55:00+03:00,PROPOSED_HFIS,1,Acceptable,29.465397250628715,True,17.021367399882447
boundary_humidity_2026-07-17T08:55:00+03:00,PROPOSED_HFIS,2,Favorable,12.444029850746269,False,0.0
boundary_humidity_2026-07-17T08:55:00+03:00,PROPOSED_HFIS,3,Acceptable,37.465187349035226,True,25.021157498288957
boundary_humidity_2026-07-17T08:55:00+03:00,PROPOSED_HFIS,4,Favorable,18.397639043977954,False,5.953609193231685
boundary_humidity_2026-07-17T08:55:00+03:00,PROPOSED_HFIS,5,Acceptable,35.37678428149633,True,22.93275443075006
boundary_humidity_2026-07-17T08:55:00+03:00,PROPOSED_HFIS,6,Favorable,12.85974277012546,False,0.41571291937919064
boundary_humidity_2026-07-17T08:55:00+03:00,PROPOSED_HFIS,7,Favorable,21.11263982787854,False,8.66860997713227
boundary_humidity_2026-07-17T08:55:00+03:00,PROPOSED_HFIS,8,Favorable,12.444029850746269,False,0.0
boundary_humidity_2026-07-17T08:55:00+03:00,PROPOSED_HFIS,9,Favorable,24.12127413537486,False,11.677244284628593
boundary_humidity_2026-07-17T08:55:00+03:00,PROPOSED_HFIS,10,Favorable,18.076303737411376,False,5.632273886665107
boundary_humidity_2026-07-17T08:55:00+03:00,PROPOSED_HFIS,11,Favorable,15.82959939212152,False,3.3855695413752507
boundary_humidity_2026-07-17T08:55:00+03:00,PROPOSED_HFIS,12,Acceptable,29.85575952290046,True,17.41172967215419
boundary_humidity_2026-07-17T08:55:00+03:00,PROPOSED_HFIS,13,Favorable,12.444029850746269,False,0.0
boundary_humidity_2026-07-17T08:55:00+03:00,PROPOSED_HFIS,14,Acceptable,29.793198006095377,True,17.34916815534911
boundary_humidity_2026-07-17T08:55:00+03:00,PROPOSED_HFIS,15,Favorable,12.444029850746269,False,0.0
boundary_humidity_2026-07-17T08:55:00+03:00,PROPOSED_HFIS,16,Acceptable,29.810458553765514,True,17.366428703019245
boundary_humidity_2026-07-17T08:55:00+03:00,PROPOSED_HFIS,17,Favorable,19.44721332952399,False,7.003183478777721
boundary_humidity_2026-07-17T08:55:00+03:00,PROPOSED_HFIS,18,Favorable,12.444029850746269,False,0.0
boundary_humidity_2026-07-17T08:55:00+03:00,PROPOSED_HFIS,19,Favorable,12.444029850746269,False,0.0
boundary_humidity_2026-07-17T08:55:00+03:00,PROPOSED_HFIS,20,Acceptable,35.8118200619869,True,23.36779021124063
boundary_humidity_2026-07-17T08:55:00+03:00,PROPOSED_HFIS,21,Acceptable,26.446770472959837,True,14.002740622213569
boundary_humidity_2026-07-17T08:55:00+03:00,PROPOSED_HFIS,22,Acceptable,34.32287120428907,True,21.878841353542803
boundary_humidity_2026-07-17T08:55:00+03:00,PROPOSED_HFIS,23,Acceptable,34.163073815128946,True,21.719043964382678
boundary_humidity_2026-07-17T08:55:00+03:00,PROPOSED_HFIS,24,Favorable,12.444029850746269,False,0.0
boundary_humidity_2026-07-17T08:55:00+03:00,PROPOSED_HFIS,25,Acceptable,26.87400114730833,True,14.429971296562062
boundary_humidity_2026-07-17T08:55:00+03:00,PROPOSED_HFIS,26,Favorable,12.472928247252554,False,0.02889839650628545
boundary_humidity_2026-07-17T08:55:00+03:00,PROPOSED_HFIS,27,Favorable,23.521381925267775,False,11.077352074521507
boundary_humidity_2026-07-17T08:55:00+03:00,PROPOSED_HFIS,28,Favorable,20.68267515492718,False,8.23864530418091
boundary_humidity_2026-07-17T08:55:00+03:00,PROPOSED_HFIS,29,Favorable,12.444029850746269,False,0.0
boundary_humidity_2026-07-17T08:55:00+03:00,WEIGHTED_MEAN,0,Favorable,12.444029850746269,False,0.0
boundary_humidity_2026-07-17T08:55:00+03:00,WEIGHTED_MEAN,1,Favorable,20.954713550687494,False,8.510683699941225
boundary_humidity_2026-07-17T08:55:00+03:00,WEIGHTED_MEAN,2,Favorable,12.444029850746269,False,0.0
boundary_humidity_2026-07-17T08:55:00+03:00,WEIGHTED_MEAN,3,Favorable,24.954608599890747,False,12.510578749144479
boundary_humidity_2026-07-17T08:55:00+03:00,WEIGHTED_MEAN,4,Favorable,15.420834447362111,False,2.9768045966158425
boundary_humidity_2026-07-17T08:55:00+03:00,WEIGHTED_MEAN,5,Favorable,23.910407066121298,False,11.46637721537503
boundary_humidity_2026-07-17T08:55:00+03:00,WEIGHTED_MEAN,6,Favorable,12.651886310435863,False,0.20785645968959443
boundary_humidity_2026-07-17T08:55:00+03:00,WEIGHTED_MEAN,7,Favorable,16.778334839312404,False,4.334304988566135
boundary_humidity_2026-07-17T08:55:00+03:00,WEIGHTED_MEAN,8,Favorable,12.444029850746269,False,0.0
boundary_humidity_2026-07-17T08:55:00+03:00,WEIGHTED_MEAN,9,Favorable,18.282651993060565,False,5.838622142314296
boundary_humidity_2026-07-17T08:55:00+03:00,WEIGHTED_MEAN,10,Favorable,15.260166794078822,False,2.8161369433325536
boundary_humidity_2026-07-17T08:55:00+03:00,WEIGHTED_MEAN,11,Favorable,14.136814621433894,False,1.6927847706876253
boundary_humidity_2026-07-17T08:55:00+03:00,WEIGHTED_MEAN,12,Favorable,21.149894686823366,False,8.705864836077097
boundary_humidity_2026-07-17T08:55:00+03:00,WEIGHTED_MEAN,13,Favorable,12.444029850746269,False,0.0
boundary_humidity_2026-07-17T08:55:00+03:00,WEIGHTED_MEAN,14,Favorable,21.11861392842082,False,8.674584077674552
boundary_humidity_2026-07-17T08:55:00+03:00,WEIGHTED_MEAN,15,Favorable,12.444029850746269,False,0.0
boundary_humidity_2026-07-17T08:55:00+03:00,WEIGHTED_MEAN,16,Favorable,21.12724420225589,False,8.683214351509623
boundary_humidity_2026-07-17T08:55:00+03:00,WEIGHTED_MEAN,17,Favorable,15.94562159013513,False,3.5015917393888607
boundary_humidity_2026-07-17T08:55:00+03:00,WEIGHTED_MEAN,18,Favorable,12.444029850746269,False,0.0
boundary_humidity_2026-07-17T08:55:00+03:00,WEIGHTED_MEAN,19,Favorable,12.444029850746269,False,0.0
boundary_humidity_2026-07-17T08:55:00+03:00,WEIGHTED_MEAN,20,Favorable,24.127924956366584,False,11.683895105620316
boundary_humidity_2026-07-17T08:55:00+03:00,WEIGHTED_MEAN,21,Favorable,19.44540016185305,False,7.001370311106783
boundary_humidity_2026-07-17T08:55:00+03:00,WEIGHTED_MEAN,22,Favorable,23.38345052751767,False,10.939420676771402
boundary_humidity_2026-07-17T08:55:00+03:00,WEIGHTED_MEAN,23,Favorable,23.303551832937607,False,10.859521982191339
boundary_humidity_2026-07-17T08:55:00+03:00,WEIGHTED_MEAN,24,Favorable,12.444029850746269,False,0.0
boundary_humidity_2026-07-17T08:55:00+03:00,WEIGHTED_MEAN,25,Favorable,19.659015499027298,False,7.214985648281029
boundary_humidity_2026-07-17T08:55:00+03:00,WEIGHTED_MEAN,26,Favorable,12.458479048999411,False,0.014449198253142725
boundary_humidity_2026-07-17T08:55:00+03:00,WEIGHTED_MEAN,27,Favorable,17.982705888007022,False,5.538676037260753
boundary_humidity_2026-07-17T08:55:00+03:00,WEIGHTED_MEAN,28,Favorable,16.56335250283672,False,4.119322652090453
boundary_humidity_2026-07-17T08:55:00+03:00,WEIGHTED_MEAN,29,Favorable,12.444029850746269,False,0.0
boundary_humidity_2026-07-17T09:00:00+03:00,CRISP_CLASS_MAX,0,Favorable,12.5,False,0.0
boundary_humidity_2026-07-17T09:00:00+03:00,CRISP_CLASS_MAX,1,Acceptable,37.5,True,25.0
boundary_humidity_2026-07-17T09:00:00+03:00,CRISP_CLASS_MAX,2,Favorable,12.5,False,0.0
boundary_humidity_2026-07-17T09:00:00+03:00,CRISP_CLASS_MAX,3,Acceptable,37.5,True,25.0
boundary_humidity_2026-07-17T09:00:00+03:00,CRISP_CLASS_MAX,4,Favorable,12.5,False,0.0
boundary_humidity_2026-07-17T09:00:00+03:00,CRISP_CLASS_MAX,5,Favorable,12.5,False,0.0
boundary_humidity_2026-07-17T09:00:00+03:00,CRISP_CLASS_MAX,6,Acceptable,37.5,True,25.0
boundary_humidity_2026-07-17T09:00:00+03:00,CRISP_CLASS_MAX,7,Favorable,12.5,False,0.0
boundary_humidity_2026-07-17T09:00:00+03:00,CRISP_CLASS_MAX,8,Favorable,12.5,False,0.0
boundary_humidity_2026-07-17T09:00:00+03:00,CRISP_CLASS_MAX,9,Favorable,12.5,False,0.0
boundary_humidity_2026-07-17T09:00:00+03:00,CRISP_CLASS_MAX,10,Favorable,12.5,False,0.0
boundary_humidity_2026-07-17T09:00:00+03:00,CRISP_CLASS_MAX,11,Favorable,12.5,False,0.0
boundary_humidity_2026-07-17T09:00:00+03:00,CRISP_CLASS_MAX,12,Acceptable,37.5,True,25.0
boundary_humidity_2026-07-17T09:00:00+03:00,CRISP_CLASS_MAX,13,Favorable,12.5,False,0.0
boundary_humidity_2026-07-17T09:00:00+03:00,CRISP_CLASS_MAX,14,Favorable,12.5,False,0.0
boundary_humidity_2026-07-17T09:00:00+03:00,CRISP_CLASS_MAX,15,Favorable,12.5,False,0.0
boundary_humidity_2026-07-17T09:00:00+03:00,CRISP_CLASS_MAX,16,Favorable,12.5,False,0.0
boundary_humidity_2026-07-17T09:00:00+03:00,CRISP_CLASS_MAX,17,Favorable,12.5,False,0.0
boundary_humidity_2026-07-17T09:00:00+03:00,CRISP_CLASS_MAX,18,Favorable,12.5,False,0.0
boundary_humidity_2026-07-17T09:00:00+03:00,CRISP_CLASS_MAX,19,Acceptable,37.5,True,25.0
boundary_humidity_2026-07-17T09:00:00+03:00,CRISP_CLASS_MAX,20,Favorable,12.5,False,0.0
boundary_humidity_2026-07-17T09:00:00+03:00,CRISP_CLASS_MAX,21,Favorable,12.5,False,0.0
boundary_humidity_2026-07-17T09:00:00+03:00,CRISP_CLASS_MAX,22,Favorable,12.5,False,0.0
boundary_humidity_2026-07-17T09:00:00+03:00,CRISP_CLASS_MAX,23,Favorable,12.5,False,0.0
boundary_humidity_2026-07-17T09:00:00+03:00,CRISP_CLASS_MAX,24,Favorable,12.5,False,0.0
boundary_humidity_2026-07-17T09:00:00+03:00,CRISP_CLASS_MAX,25,Favorable,12.5,False,0.0
boundary_humidity_2026-07-17T09:00:00+03:00,CRISP_CLASS_MAX,26,Favorable,12.5,False,0.0
boundary_humidity_2026-07-17T09:00:00+03:00,CRISP_CLASS_MAX,27,Favorable,12.5,False,0.0
boundary_humidity_2026-07-17T09:00:00+03:00,CRISP_CLASS_MAX,28,Acceptable,37.5,True,25.0
boundary_humidity_2026-07-17T09:00:00+03:00,CRISP_CLASS_MAX,29,Favorable,12.5,False,0.0
boundary_humidity_2026-07-17T09:00:00+03:00,FUZZY_COMPONENT_MAX,0,Favorable,18.596211671661603,False,6.1521818209153345
boundary_humidity_2026-07-17T09:00:00+03:00,FUZZY_COMPONENT_MAX,1,Acceptable,26.16581646680352,True,13.721786616057251
boundary_humidity_2026-07-17T09:00:00+03:00,FUZZY_COMPONENT_MAX,2,Favorable,20.56562032189915,False,8.121590471152881
boundary_humidity_2026-07-17T09:00:00+03:00,FUZZY_COMPONENT_MAX,3,Acceptable,25.981682208782075,True,13.537652358035807
boundary_humidity_2026-07-17T09:00:00+03:00,FUZZY_COMPONENT_MAX,4,Favorable,12.444029850746269,False,0.0
boundary_humidity_2026-07-17T09:00:00+03:00,FUZZY_COMPONENT_MAX,5,Favorable,12.444029850746269,False,0.0
boundary_humidity_2026-07-17T09:00:00+03:00,FUZZY_COMPONENT_MAX,6,Acceptable,32.80378730981351,True,20.35975745906724
boundary_humidity_2026-07-17T09:00:00+03:00,FUZZY_COMPONENT_MAX,7,Favorable,12.444029850746269,False,0.0
boundary_humidity_2026-07-17T09:00:00+03:00,FUZZY_COMPONENT_MAX,8,Favorable,24.850923940365615,False,12.406894089619346
boundary_humidity_2026-07-17T09:00:00+03:00,FUZZY_COMPONENT_MAX,9,Favorable,12.444029850746269,False,0.0
boundary_humidity_2026-07-17T09:00:00+03:00,FUZZY_COMPONENT_MAX,10,Favorable,17.81397144957677,False,5.369941598830501
boundary_humidity_2026-07-17T09:00:00+03:00,FUZZY_COMPONENT_MAX,11,Favorable,12.444029850746269,False,0.0
boundary_humidity_2026-07-17T09:00:00+03:00,FUZZY_COMPONENT_MAX,12,Acceptable,29.695801601511853,True,17.251771750765585
boundary_humidity_2026-07-17T09:00:00+03:00,FUZZY_COMPONENT_MAX,13,Favorable,13.787278821752116,False,1.3432489710058473
boundary_humidity_2026-07-17T09:00:00+03:00,FUZZY_COMPONENT_MAX,14,Favorable,12.444029850746269,False,0.0
boundary_humidity_2026-07-17T09:00:00+03:00,FUZZY_COMPONENT_MAX,15,Favorable,12.444029850746269,False,0.0
boundary_humidity_2026-07-17T09:00:00+03:00,FUZZY_COMPONENT_MAX,16,Favorable,13.256378871881758,False,0.8123490211354891
boundary_humidity_2026-07-17T09:00:00+03:00,FUZZY_COMPONENT_MAX,17,Favorable,13.243403121321771,False,0.7993732705755026
boundary_humidity_2026-07-17T09:00:00+03:00,FUZZY_COMPONENT_MAX,18,Favorable,12.444029850746269,False,0.0
boundary_humidity_2026-07-17T09:00:00+03:00,FUZZY_COMPONENT_MAX,19,Acceptable,33.036538938053994,True,20.592509087307725
boundary_humidity_2026-07-17T09:00:00+03:00,FUZZY_COMPONENT_MAX,20,Favorable,12.444029850746269,False,0.0
boundary_humidity_2026-07-17T09:00:00+03:00,FUZZY_COMPONENT_MAX,21,Favorable,12.444029850746269,False,0.0
boundary_humidity_2026-07-17T09:00:00+03:00,FUZZY_COMPONENT_MAX,22,Favorable,12.444029850746269,False,0.0
boundary_humidity_2026-07-17T09:00:00+03:00,FUZZY_COMPONENT_MAX,23,Favorable,17.7563112449452,False,5.31228139419893
boundary_humidity_2026-07-17T09:00:00+03:00,FUZZY_COMPONENT_MAX,24,Favorable,15.885861728748061,False,3.4418318780017927
boundary_humidity_2026-07-17T09:00:00+03:00,FUZZY_COMPONENT_MAX,25,Favorable,12.444029850746269,False,0.0
boundary_humidity_2026-07-17T09:00:00+03:00,FUZZY_COMPONENT_MAX,26,Favorable,17.39574776371707,False,4.9517179129708
boundary_humidity_2026-07-17T09:00:00+03:00,FUZZY_COMPONENT_MAX,27,Favorable,13.767519263433645,False,1.3234894126873762
boundary_humidity_2026-07-17T09:00:00+03:00,FUZZY_COMPONENT_MAX,28,Acceptable,34.45614147384343,True,22.012111623097162
boundary_humidity_2026-07-17T09:00:00+03:00,FUZZY_COMPONENT_MAX,29,Favorable,12.444029850746269,False,0.0
boundary_humidity_2026-07-17T09:00:00+03:00,PROPOSED_HFIS,0,Favorable,18.596211671661603,False,6.1521818209153345
boundary_humidity_2026-07-17T09:00:00+03:00,PROPOSED_HFIS,1,Acceptable,26.16581646680352,True,13.721786616057251
boundary_humidity_2026-07-17T09:00:00+03:00,PROPOSED_HFIS,2,Favorable,20.56562032189915,False,8.121590471152881
boundary_humidity_2026-07-17T09:00:00+03:00,PROPOSED_HFIS,3,Acceptable,25.981682208782075,True,13.537652358035807
boundary_humidity_2026-07-17T09:00:00+03:00,PROPOSED_HFIS,4,Favorable,12.444029850746269,False,0.0
boundary_humidity_2026-07-17T09:00:00+03:00,PROPOSED_HFIS,5,Favorable,12.444029850746269,False,0.0
boundary_humidity_2026-07-17T09:00:00+03:00,PROPOSED_HFIS,6,Acceptable,32.80378730981351,True,20.35975745906724
boundary_humidity_2026-07-17T09:00:00+03:00,PROPOSED_HFIS,7,Favorable,12.444029850746269,False,0.0
boundary_humidity_2026-07-17T09:00:00+03:00,PROPOSED_HFIS,8,Favorable,24.850923940365615,False,12.406894089619346
boundary_humidity_2026-07-17T09:00:00+03:00,PROPOSED_HFIS,9,Favorable,12.444029850746269,False,0.0
boundary_humidity_2026-07-17T09:00:00+03:00,PROPOSED_HFIS,10,Favorable,17.81397144957677,False,5.369941598830501
boundary_humidity_2026-07-17T09:00:00+03:00,PROPOSED_HFIS,11,Favorable,12.444029850746269,False,0.0
boundary_humidity_2026-07-17T09:00:00+03:00,PROPOSED_HFIS,12,Acceptable,29.695801601511853,True,17.251771750765585
boundary_humidity_2026-07-17T09:00:00+03:00,PROPOSED_HFIS,13,Favorable,13.787278821752116,False,1.3432489710058473
boundary_humidity_2026-07-17T09:00:00+03:00,PROPOSED_HFIS,14,Favorable,12.444029850746269,False,0.0
boundary_humidity_2026-07-17T09:00:00+03:00,PROPOSED_HFIS,15,Favorable,12.444029850746269,False,0.0
boundary_humidity_2026-07-17T09:00:00+03:00,PROPOSED_HFIS,16,Favorable,13.256378871881758,False,0.8123490211354891
boundary_humidity_2026-07-17T09:00:00+03:00,PROPOSED_HFIS,17,Favorable,13.243403121321771,False,0.7993732705755026
boundary_humidity_2026-07-17T09:00:00+03:00,PROPOSED_HFIS,18,Favorable,12.444029850746269,False,0.0
boundary_humidity_2026-07-17T09:00:00+03:00,PROPOSED_HFIS,19,Acceptable,33.036538938053994,True,20.592509087307725
boundary_humidity_2026-07-17T09:00:00+03:00,PROPOSED_HFIS,20,Favorable,12.444029850746269,False,0.0
boundary_humidity_2026-07-17T09:00:00+03:00,PROPOSED_HFIS,21,Favorable,12.444029850746269,False,0.0
boundary_humidity_2026-07-17T09:00:00+03:00,PROPOSED_HFIS,22,Favorable,12.444029850746269,False,0.0
boundary_humidity_2026-07-17T09:00:00+03:00,PROPOSED_HFIS,23,Favorable,17.7563112449452,False,5.31228139419893
boundary_humidity_2026-07-17T09:00:00+03:00,PROPOSED_HFIS,24,Favorable,15.885861728748061,False,3.4418318780017927
boundary_humidity_2026-07-17T09:00:00+03:00,PROPOSED_HFIS,25,Favorable,12.444029850746269,False,0.0
boundary_humidity_2026-07-17T09:00:00+03:00,PROPOSED_HFIS,26,Favorable,17.39574776371707,False,4.9517179129708
boundary_humidity_2026-07-17T09:00:00+03:00,PROPOSED_HFIS,27,Favorable,13.767519263433645,False,1.3234894126873762
boundary_humidity_2026-07-17T09:00:00+03:00,PROPOSED_HFIS,28,Acceptable,34.45614147384343,True,22.012111623097162
boundary_humidity_2026-07-17T09:00:00+03:00,PROPOSED_HFIS,29,Favorable,12.444029850746269,False,0.0
boundary_humidity_2026-07-17T09:00:00+03:00,WEIGHTED_MEAN,0,Favorable,15.520120761203936,False,3.0760909104576672
boundary_humidity_2026-07-17T09:00:00+03:00,WEIGHTED_MEAN,1,Favorable,19.304923158774894,False,6.860893308028626
boundary_humidity_2026-07-17T09:00:00+03:00,WEIGHTED_MEAN,2,Favorable,16.50482508632271,False,4.0607952355764425
boundary_humidity_2026-07-17T09:00:00+03:00,WEIGHTED_MEAN,3,Favorable,19.212856029764172,False,6.768826179017903
boundary_humidity_2026-07-17T09:00:00+03:00,WEIGHTED_MEAN,4,Favorable,12.444029850746269,False,0.0
boundary_humidity_2026-07-17T09:00:00+03:00,WEIGHTED_MEAN,5,Favorable,12.444029850746269,False,0.0
boundary_humidity_2026-07-17T09:00:00+03:00,WEIGHTED_MEAN,6,Favorable,22.62390858027989,False,10.17987872953362
boundary_humidity_2026-07-17T09:00:00+03:00,WEIGHTED_MEAN,7,Favorable,12.444029850746269,False,0.0
boundary_humidity_2026-07-17T09:00:00+03:00,WEIGHTED_MEAN,8,Favorable,18.64747689555594,False,6.203447044809671
boundary_humidity_2026-07-17T09:00:00+03:00,WEIGHTED_MEAN,9,Favorable,12.444029850746269,False,0.0
boundary_humidity_2026-07-17T09:00:00+03:00,WEIGHTED_MEAN,10,Favorable,15.129000650161519,False,2.6849707994152503
boundary_humidity_2026-07-17T09:00:00+03:00,WEIGHTED_MEAN,11,Favorable,12.444029850746269,False,0.0
boundary_humidity_2026-07-17T09:00:00+03:00,WEIGHTED_MEAN,12,Favorable,21.06991572612906,False,8.625885875382792
boundary_humidity_2026-07-17T09:00:00+03:00,WEIGHTED_MEAN,13,Favorable,13.115654336249193,False,0.6716244855029245
boundary_humidity_2026-07-17T09:00:00+03:00,WEIGHTED_MEAN,14,Favorable,12.444029850746269,False,0.0
boundary_humidity_2026-07-17T09:00:00+03:00,WEIGHTED_MEAN,15,Favorable,12.444029850746269,False,0.0
boundary_humidity_2026-07-17T09:00:00+03:00,WEIGHTED_MEAN,16,Favorable,12.850204361314013,False,0.40617451056774456
boundary_humidity_2026-07-17T09:00:00+03:00,WEIGHTED_MEAN,17,Favorable,12.843716486034019,False,0.3996866352877504
boundary_humidity_2026-07-17T09:00:00+03:00,WEIGHTED_MEAN,18,Favorable,12.444029850746269,False,0.0
boundary_humidity_2026-07-17T09:00:00+03:00,WEIGHTED_MEAN,19,Favorable,22.74028439440013,False,10.296254543653863
boundary_humidity_2026-07-17T09:00:00+03:00,WEIGHTED_MEAN,20,Favorable,12.444029850746269,False,0.0
boundary_humidity_2026-07-17T09:00:00+03:00,WEIGHTED_MEAN,21,Favorable,12.444029850746269,False,0.0
boundary_humidity_2026-07-17T09:00:00+03:00,WEIGHTED_MEAN,22,Favorable,12.444029850746269,False,0.0
boundary_humidity_2026-07-17T09:00:00+03:00,WEIGHTED_MEAN,23,Favorable,15.100170547845734,False,2.656140697099465
boundary_humidity_2026-07-17T09:00:00+03:00,WEIGHTED_MEAN,24,Favorable,14.164945789747165,False,1.7209159390008963
boundary_humidity_2026-07-17T09:00:00+03:00,WEIGHTED_MEAN,25,Favorable,12.444029850746269,False,0.0
boundary_humidity_2026-07-17T09:00:00+03:00,WEIGHTED_MEAN,26,Favorable,14.919888807231668,False,2.4758589564854
boundary_humidity_2026-07-17T09:00:00+03:00,WEIGHTED_MEAN,27,Favorable,13.105774557089957,False,0.6617447063436881
boundary_humidity_2026-07-17T09:00:00+03:00,WEIGHTED_MEAN,28,Favorable,23.45008566229485,False,11.006055811548581
boundary_humidity_2026-07-17T09:00:00+03:00,WEIGHTED_MEAN,29,Favorable,12.444029850746269,False,0.0
boundary_humidity_2026-07-22T21:05:00+03:00,CRISP_CLASS_MAX,0,Favorable,12.5,False,0.0
boundary_humidity_2026-07-22T21:05:00+03:00,CRISP_CLASS_MAX,1,Favorable,12.5,False,0.0
boundary_humidity_2026-07-22T21:05:00+03:00,CRISP_CLASS_MAX,2,Favorable,12.5,False,0.0
boundary_humidity_2026-07-22T21:05:00+03:00,CRISP_CLASS_MAX,3,Favorable,12.5,False,0.0
boundary_humidity_2026-07-22T21:05:00+03:00,CRISP_CLASS_MAX,4,Favorable,12.5,False,0.0
boundary_humidity_2026-07-22T21:05:00+03:00,CRISP_CLASS_MAX,5,Favorable,12.5,False,0.0
boundary_humidity_2026-07-22T21:05:00+03:00,CRISP_CLASS_MAX,6,Favorable,12.5,False,0.0
boundary_humidity_2026-07-22T21:05:00+03:00,CRISP_CLASS_MAX,7,Favorable,12.5,False,0.0
boundary_humidity_2026-07-22T21:05:00+03:00,CRISP_CLASS_MAX,8,Favorable,12.5,False,0.0
boundary_humidity_2026-07-22T21:05:00+03:00,CRISP_CLASS_MAX,9,Favorable,12.5,False,0.0
boundary_humidity_2026-07-22T21:05:00+03:00,CRISP_CLASS_MAX,10,Favorable,12.5,False,0.0
boundary_humidity_2026-07-22T21:05:00+03:00,CRISP_CLASS_MAX,11,Favorable,12.5,False,0.0
boundary_humidity_2026-07-22T21:05:00+03:00,CRISP_CLASS_MAX,12,Favorable,12.5,False,0.0
boundary_humidity_2026-07-22T21:05:00+03:00,CRISP_CLASS_MAX,13,Favorable,12.5,False,0.0
boundary_humidity_2026-07-22T21:05:00+03:00,CRISP_CLASS_MAX,14,Favorable,12.5,False,0.0
boundary_humidity_2026-07-22T21:05:00+03:00,CRISP_CLASS_MAX,15,Favorable,12.5,False,0.0
boundary_humidity_2026-07-22T21:05:00+03:00,CRISP_CLASS_MAX,16,Favorable,12.5,False,0.0
boundary_humidity_2026-07-22T21:05:00+03:00,CRISP_CLASS_MAX,17,Favorable,12.5,False,0.0
boundary_humidity_2026-07-22T21:05:00+03:00,CRISP_CLASS_MAX,18,Favorable,12.5,False,0.0
boundary_humidity_2026-07-22T21:05:00+03:00,CRISP_CLASS_MAX,19,Favorable,12.5,False,0.0
boundary_humidity_2026-07-22T21:05:00+03:00,CRISP_CLASS_MAX,20,Favorable,12.5,False,0.0
boundary_humidity_2026-07-22T21:05:00+03:00,CRISP_CLASS_MAX,21,Favorable,12.5,False,0.0
boundary_humidity_2026-07-22T21:05:00+03:00,CRISP_CLASS_MAX,22,Favorable,12.5,False,0.0
boundary_humidity_2026-07-22T21:05:00+03:00,CRISP_CLASS_MAX,23,Favorable,12.5,False,0.0
boundary_humidity_2026-07-22T21:05:00+03:00,CRISP_CLASS_MAX,24,Favorable,12.5,False,0.0
boundary_humidity_2026-07-22T21:05:00+03:00,CRISP_CLASS_MAX,25,Favorable,12.5,False,0.0
boundary_humidity_2026-07-22T21:05:00+03:00,CRISP_CLASS_MAX,26,Favorable,12.5,False,0.0
boundary_humidity_2026-07-22T21:05:00+03:00,CRISP_CLASS_MAX,27,Favorable,12.5,False,0.0
boundary_humidity_2026-07-22T21:05:00+03:00,CRISP_CLASS_MAX,28,Favorable,12.5,False,0.0
boundary_humidity_2026-07-22T21:05:00+03:00,CRISP_CLASS_MAX,29,Favorable,12.5,False,0.0
boundary_humidity_2026-07-22T21:05:00+03:00,FUZZY_COMPONENT_MAX,0,Favorable,12.444029850746269,False,0.0
boundary_humidity_2026-07-22T21:05:00+03:00,FUZZY_COMPONENT_MAX,1,Favorable,12.444029850746269,False,0.0
boundary_humidity_2026-07-22T21:05:00+03:00,FUZZY_COMPONENT_MAX,2,Favorable,12.444029850746269,False,0.0
boundary_humidity_2026-07-22T21:05:00+03:00,FUZZY_COMPONENT_MAX,3,Favorable,12.444029850746269,False,0.0
boundary_humidity_2026-07-22T21:05:00+03:00,FUZZY_COMPONENT_MAX,4,Favorable,12.444029850746269,False,0.0
boundary_humidity_2026-07-22T21:05:00+03:00,FUZZY_COMPONENT_MAX,5,Favorable,12.444029850746269,False,0.0
boundary_humidity_2026-07-22T21:05:00+03:00,FUZZY_COMPONENT_MAX,6,Favorable,12.444029850746269,False,0.0
boundary_humidity_2026-07-22T21:05:00+03:00,FUZZY_COMPONENT_MAX,7,Favorable,12.444029850746269,False,0.0
boundary_humidity_2026-07-22T21:05:00+03:00,FUZZY_COMPONENT_MAX,8,Favorable,12.444029850746269,False,0.0
boundary_humidity_2026-07-22T21:05:00+03:00,FUZZY_COMPONENT_MAX,9,Favorable,12.444029850746269,False,0.0
boundary_humidity_2026-07-22T21:05:00+03:00,FUZZY_COMPONENT_MAX,10,Favorable,12.444029850746269,False,0.0
boundary_humidity_2026-07-22T21:05:00+03:00,FUZZY_COMPONENT_MAX,11,Favorable,12.444029850746269,False,0.0
boundary_humidity_2026-07-22T21:05:00+03:00,FUZZY_COMPONENT_MAX,12,Favorable,12.444029850746269,False,0.0
boundary_humidity_2026-07-22T21:05:00+03:00,FUZZY_COMPONENT_MAX,13,Favorable,12.444029850746269,False,0.0
boundary_humidity_2026-07-22T21:05:00+03:00,FUZZY_COMPONENT_MAX,14,Favorable,12.444029850746269,False,0.0
boundary_humidity_2026-07-22T21:05:00+03:00,FUZZY_COMPONENT_MAX,15,Favorable,12.444029850746269,False,0.0
boundary_humidity_2026-07-22T21:05:00+03:00,FUZZY_COMPONENT_MAX,16,Favorable,12.444029850746269,False,0.0
boundary_humidity_2026-07-22T21:05:00+03:00,FUZZY_COMPONENT_MAX,17,Favorable,12.444029850746269,False,0.0
boundary_humidity_2026-07-22T21:05:00+03:00,FUZZY_COMPONENT_MAX,18,Favorable,12.444029850746269,False,0.0
boundary_humidity_2026-07-22T21:05:00+03:00,FUZZY_COMPONENT_MAX,19,Favorable,12.444029850746269,False,0.0
boundary_humidity_2026-07-22T21:05:00+03:00,FUZZY_COMPONENT_MAX,20,Favorable,12.444029850746269,False,0.0
boundary_humidity_2026-07-22T21:05:00+03:00,FUZZY_COMPONENT_MAX,21,Favorable,12.444029850746269,False,0.0
boundary_humidity_2026-07-22T21:05:00+03:00,FUZZY_COMPONENT_MAX,22,Favorable,12.444029850746269,False,0.0
boundary_humidity_2026-07-22T21:05:00+03:00,FUZZY_COMPONENT_MAX,23,Favorable,12.444029850746269,False,0.0
boundary_humidity_2026-07-22T21:05:00+03:00,FUZZY_COMPONENT_MAX,24,Favorable,12.444029850746269,False,0.0
boundary_humidity_2026-07-22T21:05:00+03:00,FUZZY_COMPONENT_MAX,25,Favorable,12.444029850746269,False,0.0
boundary_humidity_2026-07-22T21:05:00+03:00,FUZZY_COMPONENT_MAX,26,Favorable,12.444029850746269,False,0.0
boundary_humidity_2026-07-22T21:05:00+03:00,FUZZY_COMPONENT_MAX,27,Favorable,12.444029850746269,False,0.0
boundary_humidity_2026-07-22T21:05:00+03:00,FUZZY_COMPONENT_MAX,28,Favorable,12.444029850746269,False,0.0
boundary_humidity_2026-07-22T21:05:00+03:00,FUZZY_COMPONENT_MAX,29,Favorable,12.444029850746269,False,0.0
boundary_humidity_2026-07-22T21:05:00+03:00,PROPOSED_HFIS,0,Favorable,12.444029850746269,False,0.0
boundary_humidity_2026-07-22T21:05:00+03:00,PROPOSED_HFIS,1,Favorable,12.444029850746269,False,0.0
boundary_humidity_2026-07-22T21:05:00+03:00,PROPOSED_HFIS,2,Favorable,12.444029850746269,False,0.0
boundary_humidity_2026-07-22T21:05:00+03:00,PROPOSED_HFIS,3,Favorable,12.444029850746269,False,0.0
boundary_humidity_2026-07-22T21:05:00+03:00,PROPOSED_HFIS,4,Favorable,12.444029850746269,False,0.0
boundary_humidity_2026-07-22T21:05:00+03:00,PROPOSED_HFIS,5,Favorable,12.444029850746269,False,0.0
boundary_humidity_2026-07-22T21:05:00+03:00,PROPOSED_HFIS,6,Favorable,12.444029850746269,False,0.0
boundary_humidity_2026-07-22T21:05:00+03:00,PROPOSED_HFIS,7,Favorable,12.444029850746269,False,0.0
boundary_humidity_2026-07-22T21:05:00+03:00,PROPOSED_HFIS,8,Favorable,12.444029850746269,False,0.0
boundary_humidity_2026-07-22T21:05:00+03:00,PROPOSED_HFIS,9,Favorable,12.444029850746269,False,0.0
boundary_humidity_2026-07-22T21:05:00+03:00,PROPOSED_HFIS,10,Favorable,12.444029850746269,False,0.0
boundary_humidity_2026-07-22T21:05:00+03:00,PROPOSED_HFIS,11,Favorable,12.444029850746269,False,0.0
boundary_humidity_2026-07-22T21:05:00+03:00,PROPOSED_HFIS,12,Favorable,12.444029850746269,False,0.0
boundary_humidity_2026-07-22T21:05:00+03:00,PROPOSED_HFIS,13,Favorable,12.444029850746269,False,0.0
boundary_humidity_2026-07-22T21:05:00+03:00,PROPOSED_HFIS,14,Favorable,12.444029850746269,False,0.0
boundary_humidity_2026-07-22T21:05:00+03:00,PROPOSED_HFIS,15,Favorable,12.444029850746269,False,0.0
boundary_humidity_2026-07-22T21:05:00+03:00,PROPOSED_HFIS,16,Favorable,12.444029850746269,False,0.0
boundary_humidity_2026-07-22T21:05:00+03:00,PROPOSED_HFIS,17,Favorable,12.444029850746269,False,0.0
boundary_humidity_2026-07-22T21:05:00+03:00,PROPOSED_HFIS,18,Favorable,12.444029850746269,False,0.0
boundary_humidity_2026-07-22T21:05:00+03:00,PROPOSED_HFIS,19,Favorable,12.444029850746269,False,0.0
boundary_humidity_2026-07-22T21:05:00+03:00,PROPOSED_HFIS,20,Favorable,12.444029850746269,False,0.0
boundary_humidity_2026-07-22T21:05:00+03:00,PROPOSED_HFIS,21,Favorable,12.444029850746269,False,0.0
boundary_humidity_2026-07-22T21:05:00+03:00,PROPOSED_HFIS,22,Favorable,12.444029850746269,False,0.0
boundary_humidity_2026-07-22T21:05:00+03:00,PROPOSED_HFIS,23,Favorable,12.444029850746269,False,0.0
boundary_humidity_2026-07-22T21:05:00+03:00,PROPOSED_HFIS,24,Favorable,12.444029850746269,False,0.0
boundary_humidity_2026-07-22T21:05:00+03:00,PROPOSED_HFIS,25,Favorable,12.444029850746269,False,0.0
boundary_humidity_2026-07-22T21:05:00+03:00,PROPOSED_HFIS,26,Favorable,12.444029850746269,False,0.0
boundary_humidity_2026-07-22T21:05:00+03:00,PROPOSED_HFIS,27,Favorable,12.444029850746269,False,0.0
boundary_humidity_2026-07-22T21:05:00+03:00,PROPOSED_HFIS,28,Favorable,12.444029850746269,False,0.0
boundary_humidity_2026-07-22T21:05:00+03:00,PROPOSED_HFIS,29,Favorable,12.444029850746269,False,0.0
boundary_humidity_2026-07-22T21:05:00+03:00,WEIGHTED_MEAN,0,Favorable,12.444029850746269,False,0.0
boundary_humidity_2026-07-22T21:05:00+03:00,WEIGHTED_MEAN,1,Favorable,12.444029850746269,False,0.0
boundary_humidity_2026-07-22T21:05:00+03:00,WEIGHTED_MEAN,2,Favorable,12.444029850746269,False,0.0
boundary_humidity_2026-07-22T21:05:00+03:00,WEIGHTED_MEAN,3,Favorable,12.444029850746269,False,0.0
boundary_humidity_2026-07-22T21:05:00+03:00,WEIGHTED_MEAN,4,Favorable,12.444029850746269,False,0.0
boundary_humidity_2026-07-22T21:05:00+03:00,WEIGHTED_MEAN,5,Favorable,12.444029850746269,False,0.0
boundary_humidity_2026-07-22T21:05:00+03:00,WEIGHTED_MEAN,6,Favorable,12.444029850746269,False,0.0
boundary_humidity_2026-07-22T21:05:00+03:00,WEIGHTED_MEAN,7,Favorable,12.444029850746269,False,0.0
boundary_humidity_2026-07-22T21:05:00+03:00,WEIGHTED_MEAN,8,Favorable,12.444029850746269,False,0.0
boundary_humidity_2026-07-22T21:05:00+03:00,WEIGHTED_MEAN,9,Favorable,12.444029850746269,False,0.0
boundary_humidity_2026-07-22T21:05:00+03:00,WEIGHTED_MEAN,10,Favorable,12.444029850746269,False,0.0
boundary_humidity_2026-07-22T21:05:00+03:00,WEIGHTED_MEAN,11,Favorable,12.444029850746269,False,0.0
boundary_humidity_2026-07-22T21:05:00+03:00,WEIGHTED_MEAN,12,Favorable,12.444029850746269,False,0.0
boundary_humidity_2026-07-22T21:05:00+03:00,WEIGHTED_MEAN,13,Favorable,12.444029850746269,False,0.0
boundary_humidity_2026-07-22T21:05:00+03:00,WEIGHTED_MEAN,14,Favorable,12.444029850746269,False,0.0
boundary_humidity_2026-07-22T21:05:00+03:00,WEIGHTED_MEAN,15,Favorable,12.444029850746269,False,0.0
boundary_humidity_2026-07-22T21:05:00+03:00,WEIGHTED_MEAN,16,Favorable,12.444029850746269,False,0.0
boundary_humidity_2026-07-22T21:05:00+03:00,WEIGHTED_MEAN,17,Favorable,12.444029850746269,False,0.0
boundary_humidity_2026-07-22T21:05:00+03:00,WEIGHTED_MEAN,18,Favorable,12.444029850746269,False,0.0
boundary_humidity_2026-07-22T21:05:00+03:00,WEIGHTED_MEAN,19,Favorable,12.444029850746269,False,0.0
boundary_humidity_2026-07-22T21:05:00+03:00,WEIGHTED_MEAN,20,Favorable,12.444029850746269,False,0.0
boundary_humidity_2026-07-22T21:05:00+03:00,WEIGHTED_MEAN,21,Favorable,12.444029850746269,False,0.0
boundary_humidity_2026-07-22T21:05:00+03:00,WEIGHTED_MEAN,22,Favorable,12.444029850746269,False,0.0
boundary_humidity_2026-07-22T21:05:00+03:00,WEIGHTED_MEAN,23,Favorable,12.444029850746269,False,0.0
boundary_humidity_2026-07-22T21:05:00+03:00,WEIGHTED_MEAN,24,Favorable,12.444029850746269,False,0.0
boundary_humidity_2026-07-22T21:05:00+03:00,WEIGHTED_MEAN,25,Favorable,12.444029850746269,False,0.0
boundary_humidity_2026-07-22T21:05:00+03:00,WEIGHTED_MEAN,26,Favorable,12.444029850746269,False,0.0
boundary_humidity_2026-07-22T21:05:00+03:00,WEIGHTED_MEAN,27,Favorable,12.444029850746269,False,0.0
boundary_humidity_2026-07-22T21:05:00+03:00,WEIGHTED_MEAN,28,Favorable,12.444029850746269,False,0.0
boundary_humidity_2026-07-22T21:05:00+03:00,WEIGHTED_MEAN,29,Favorable,12.444029850746269,False,0.0
boundary_humidity_2026-07-23T19:05:00+03:00,CRISP_CLASS_MAX,0,Favorable,12.5,False,0.0
boundary_humidity_2026-07-23T19:05:00+03:00,CRISP_CLASS_MAX,1,Favorable,12.5,False,0.0
boundary_humidity_2026-07-23T19:05:00+03:00,CRISP_CLASS_MAX,2,Favorable,12.5,False,0.0
boundary_humidity_2026-07-23T19:05:00+03:00,CRISP_CLASS_MAX,3,Favorable,12.5,False,0.0
boundary_humidity_2026-07-23T19:05:00+03:00,CRISP_CLASS_MAX,4,Favorable,12.5,False,0.0
boundary_humidity_2026-07-23T19:05:00+03:00,CRISP_CLASS_MAX,5,Favorable,12.5,False,0.0
boundary_humidity_2026-07-23T19:05:00+03:00,CRISP_CLASS_MAX,6,Favorable,12.5,False,0.0
boundary_humidity_2026-07-23T19:05:00+03:00,CRISP_CLASS_MAX,7,Favorable,12.5,False,0.0
boundary_humidity_2026-07-23T19:05:00+03:00,CRISP_CLASS_MAX,8,Favorable,12.5,False,0.0
boundary_humidity_2026-07-23T19:05:00+03:00,CRISP_CLASS_MAX,9,Favorable,12.5,False,0.0
boundary_humidity_2026-07-23T19:05:00+03:00,CRISP_CLASS_MAX,10,Favorable,12.5,False,0.0
boundary_humidity_2026-07-23T19:05:00+03:00,CRISP_CLASS_MAX,11,Favorable,12.5,False,0.0
boundary_humidity_2026-07-23T19:05:00+03:00,CRISP_CLASS_MAX,12,Favorable,12.5,False,0.0
boundary_humidity_2026-07-23T19:05:00+03:00,CRISP_CLASS_MAX,13,Favorable,12.5,False,0.0
boundary_humidity_2026-07-23T19:05:00+03:00,CRISP_CLASS_MAX,14,Favorable,12.5,False,0.0
boundary_humidity_2026-07-23T19:05:00+03:00,CRISP_CLASS_MAX,15,Favorable,12.5,False,0.0
boundary_humidity_2026-07-23T19:05:00+03:00,CRISP_CLASS_MAX,16,Favorable,12.5,False,0.0
boundary_humidity_2026-07-23T19:05:00+03:00,CRISP_CLASS_MAX,17,Favorable,12.5,False,0.0
boundary_humidity_2026-07-23T19:05:00+03:00,CRISP_CLASS_MAX,18,Favorable,12.5,False,0.0
boundary_humidity_2026-07-23T19:05:00+03:00,CRISP_CLASS_MAX,19,Favorable,12.5,False,0.0
boundary_humidity_2026-07-23T19:05:00+03:00,CRISP_CLASS_MAX,20,Favorable,12.5,False,0.0
boundary_humidity_2026-07-23T19:05:00+03:00,CRISP_CLASS_MAX,21,Favorable,12.5,False,0.0
boundary_humidity_2026-07-23T19:05:00+03:00,CRISP_CLASS_MAX,22,Favorable,12.5,False,0.0
boundary_humidity_2026-07-23T19:05:00+03:00,CRISP_CLASS_MAX,23,Favorable,12.5,False,0.0
boundary_humidity_2026-07-23T19:05:00+03:00,CRISP_CLASS_MAX,24,Favorable,12.5,False,0.0
boundary_humidity_2026-07-23T19:05:00+03:00,CRISP_CLASS_MAX,25,Favorable,12.5,False,0.0
boundary_humidity_2026-07-23T19:05:00+03:00,CRISP_CLASS_MAX,26,Favorable,12.5,False,0.0
boundary_humidity_2026-07-23T19:05:00+03:00,CRISP_CLASS_MAX,27,Favorable,12.5,False,0.0
boundary_humidity_2026-07-23T19:05:00+03:00,CRISP_CLASS_MAX,28,Favorable,12.5,False,0.0
boundary_humidity_2026-07-23T19:05:00+03:00,CRISP_CLASS_MAX,29,Favorable,12.5,False,0.0
boundary_humidity_2026-07-23T19:05:00+03:00,FUZZY_COMPONENT_MAX,0,Favorable,12.444029850746269,False,0.0
boundary_humidity_2026-07-23T19:05:00+03:00,FUZZY_COMPONENT_MAX,1,Favorable,12.444029850746269,False,0.0
boundary_humidity_2026-07-23T19:05:00+03:00,FUZZY_COMPONENT_MAX,2,Favorable,12.444029850746269,False,0.0
boundary_humidity_2026-07-23T19:05:00+03:00,FUZZY_COMPONENT_MAX,3,Favorable,12.444029850746269,False,0.0
boundary_humidity_2026-07-23T19:05:00+03:00,FUZZY_COMPONENT_MAX,4,Favorable,12.444029850746269,False,0.0
boundary_humidity_2026-07-23T19:05:00+03:00,FUZZY_COMPONENT_MAX,5,Favorable,12.444029850746269,False,0.0
boundary_humidity_2026-07-23T19:05:00+03:00,FUZZY_COMPONENT_MAX,6,Favorable,12.444029850746269,False,0.0
boundary_humidity_2026-07-23T19:05:00+03:00,FUZZY_COMPONENT_MAX,7,Favorable,12.444029850746269,False,0.0
boundary_humidity_2026-07-23T19:05:00+03:00,FUZZY_COMPONENT_MAX,8,Favorable,12.444029850746269,False,0.0
boundary_humidity_2026-07-23T19:05:00+03:00,FUZZY_COMPONENT_MAX,9,Favorable,12.444029850746269,False,0.0
boundary_humidity_2026-07-23T19:05:00+03:00,FUZZY_COMPONENT_MAX,10,Favorable,12.444029850746269,False,0.0
boundary_humidity_2026-07-23T19:05:00+03:00,FUZZY_COMPONENT_MAX,11,Favorable,12.444029850746269,False,0.0
boundary_humidity_2026-07-23T19:05:00+03:00,FUZZY_COMPONENT_MAX,12,Favorable,12.444029850746269,False,0.0
boundary_humidity_2026-07-23T19:05:00+03:00,FUZZY_COMPONENT_MAX,13,Favorable,12.444029850746269,False,0.0
boundary_humidity_2026-07-23T19:05:00+03:00,FUZZY_COMPONENT_MAX,14,Favorable,12.444029850746269,False,0.0
boundary_humidity_2026-07-23T19:05:00+03:00,FUZZY_COMPONENT_MAX,15,Favorable,12.444029850746269,False,0.0
boundary_humidity_2026-07-23T19:05:00+03:00,FUZZY_COMPONENT_MAX,16,Favorable,12.444029850746269,False,0.0
boundary_humidity_2026-07-23T19:05:00+03:00,FUZZY_COMPONENT_MAX,17,Favorable,12.444029850746269,False,0.0
boundary_humidity_2026-07-23T19:05:00+03:00,FUZZY_COMPONENT_MAX,18,Favorable,12.444029850746269,False,0.0
boundary_humidity_2026-07-23T19:05:00+03:00,FUZZY_COMPONENT_MAX,19,Favorable,12.444029850746269,False,0.0
boundary_humidity_2026-07-23T19:05:00+03:00,FUZZY_COMPONENT_MAX,20,Favorable,12.444029850746269,False,0.0
boundary_humidity_2026-07-23T19:05:00+03:00,FUZZY_COMPONENT_MAX,21,Favorable,12.444029850746269,False,0.0
boundary_humidity_2026-07-23T19:05:00+03:00,FUZZY_COMPONENT_MAX,22,Favorable,12.444029850746269,False,0.0
boundary_humidity_2026-07-23T19:05:00+03:00,FUZZY_COMPONENT_MAX,23,Favorable,12.444029850746269,False,0.0
boundary_humidity_2026-07-23T19:05:00+03:00,FUZZY_COMPONENT_MAX,24,Favorable,12.444029850746269,False,0.0
boundary_humidity_2026-07-23T19:05:00+03:00,FUZZY_COMPONENT_MAX,25,Favorable,12.444029850746269,False,0.0
boundary_humidity_2026-07-23T19:05:00+03:00,FUZZY_COMPONENT_MAX,26,Favorable,12.444029850746269,False,0.0
boundary_humidity_2026-07-23T19:05:00+03:00,FUZZY_COMPONENT_MAX,27,Favorable,12.444029850746269,False,0.0
boundary_humidity_2026-07-23T19:05:00+03:00,FUZZY_COMPONENT_MAX,28,Favorable,12.444029850746269,False,0.0
boundary_humidity_2026-07-23T19:05:00+03:00,FUZZY_COMPONENT_MAX,29,Favorable,12.444029850746269,False,0.0
boundary_humidity_2026-07-23T19:05:00+03:00,PROPOSED_HFIS,0,Favorable,12.444029850746269,False,0.0
boundary_humidity_2026-07-23T19:05:00+03:00,PROPOSED_HFIS,1,Favorable,12.444029850746269,False,0.0
boundary_humidity_2026-07-23T19:05:00+03:00,PROPOSED_HFIS,2,Favorable,12.444029850746269,False,0.0
boundary_humidity_2026-07-23T19:05:00+03:00,PROPOSED_HFIS,3,Favorable,12.444029850746269,False,0.0
boundary_humidity_2026-07-23T19:05:00+03:00,PROPOSED_HFIS,4,Favorable,12.444029850746269,False,0.0
boundary_humidity_2026-07-23T19:05:00+03:00,PROPOSED_HFIS,5,Favorable,12.444029850746269,False,0.0
boundary_humidity_2026-07-23T19:05:00+03:00,PROPOSED_HFIS,6,Favorable,12.444029850746269,False,0.0
boundary_humidity_2026-07-23T19:05:00+03:00,PROPOSED_HFIS,7,Favorable,12.444029850746269,False,0.0
boundary_humidity_2026-07-23T19:05:00+03:00,PROPOSED_HFIS,8,Favorable,12.444029850746269,False,0.0
boundary_humidity_2026-07-23T19:05:00+03:00,PROPOSED_HFIS,9,Favorable,12.444029850746269,False,0.0
boundary_humidity_2026-07-23T19:05:00+03:00,PROPOSED_HFIS,10,Favorable,12.444029850746269,False,0.0
boundary_humidity_2026-07-23T19:05:00+03:00,PROPOSED_HFIS,11,Favorable,12.444029850746269,False,0.0
boundary_humidity_2026-07-23T19:05:00+03:00,PROPOSED_HFIS,12,Favorable,12.444029850746269,False,0.0
boundary_humidity_2026-07-23T19:05:00+03:00,PROPOSED_HFIS,13,Favorable,12.444029850746269,False,0.0
boundary_humidity_2026-07-23T19:05:00+03:00,PROPOSED_HFIS,14,Favorable,12.444029850746269,False,0.0
boundary_humidity_2026-07-23T19:05:00+03:00,PROPOSED_HFIS,15,Favorable,12.444029850746269,False,0.0
boundary_humidity_2026-07-23T19:05:00+03:00,PROPOSED_HFIS,16,Favorable,12.444029850746269,False,0.0
boundary_humidity_2026-07-23T19:05:00+03:00,PROPOSED_HFIS,17,Favorable,12.444029850746269,False,0.0
boundary_humidity_2026-07-23T19:05:00+03:00,PROPOSED_HFIS,18,Favorable,12.444029850746269,False,0.0
boundary_humidity_2026-07-23T19:05:00+03:00,PROPOSED_HFIS,19,Favorable,12.444029850746269,False,0.0
boundary_humidity_2026-07-23T19:05:00+03:00,PROPOSED_HFIS,20,Favorable,12.444029850746269,False,0.0
boundary_humidity_2026-07-23T19:05:00+03:00,PROPOSED_HFIS,21,Favorable,12.444029850746269,False,0.0
boundary_humidity_2026-07-23T19:05:00+03:00,PROPOSED_HFIS,22,Favorable,12.444029850746269,False,0.0
boundary_humidity_2026-07-23T19:05:00+03:00,PROPOSED_HFIS,23,Favorable,12.444029850746269,False,0.0
boundary_humidity_2026-07-23T19:05:00+03:00,PROPOSED_HFIS,24,Favorable,12.444029850746269,False,0.0
boundary_humidity_2026-07-23T19:05:00+03:00,PROPOSED_HFIS,25,Favorable,12.444029850746269,False,0.0
boundary_humidity_2026-07-23T19:05:00+03:00,PROPOSED_HFIS,26,Favorable,12.444029850746269,False,0.0
boundary_humidity_2026-07-23T19:05:00+03:00,PROPOSED_HFIS,27,Favorable,12.444029850746269,False,0.0
boundary_humidity_2026-07-23T19:05:00+03:00,PROPOSED_HFIS,28,Favorable,12.444029850746269,False,0.0
boundary_humidity_2026-07-23T19:05:00+03:00,PROPOSED_HFIS,29,Favorable,12.444029850746269,False,0.0
boundary_humidity_2026-07-23T19:05:00+03:00,WEIGHTED_MEAN,0,Favorable,12.444029850746269,False,0.0
boundary_humidity_2026-07-23T19:05:00+03:00,WEIGHTED_MEAN,1,Favorable,12.444029850746269,False,0.0
boundary_humidity_2026-07-23T19:05:00+03:00,WEIGHTED_MEAN,2,Favorable,12.444029850746269,False,0.0
boundary_humidity_2026-07-23T19:05:00+03:00,WEIGHTED_MEAN,3,Favorable,12.444029850746269,False,0.0
boundary_humidity_2026-07-23T19:05:00+03:00,WEIGHTED_MEAN,4,Favorable,12.444029850746269,False,0.0
boundary_humidity_2026-07-23T19:05:00+03:00,WEIGHTED_MEAN,5,Favorable,12.444029850746269,False,0.0
boundary_humidity_2026-07-23T19:05:00+03:00,WEIGHTED_MEAN,6,Favorable,12.444029850746269,False,0.0
boundary_humidity_2026-07-23T19:05:00+03:00,WEIGHTED_MEAN,7,Favorable,12.444029850746269,False,0.0
boundary_humidity_2026-07-23T19:05:00+03:00,WEIGHTED_MEAN,8,Favorable,12.444029850746269,False,0.0
boundary_humidity_2026-07-23T19:05:00+03:00,WEIGHTED_MEAN,9,Favorable,12.444029850746269,False,0.0
boundary_humidity_2026-07-23T19:05:00+03:00,WEIGHTED_MEAN,10,Favorable,12.444029850746269,False,0.0
boundary_humidity_2026-07-23T19:05:00+03:00,WEIGHTED_MEAN,11,Favorable,12.444029850746269,False,0.0
boundary_humidity_2026-07-23T19:05:00+03:00,WEIGHTED_MEAN,12,Favorable,12.444029850746269,False,0.0
boundary_humidity_2026-07-23T19:05:00+03:00,WEIGHTED_MEAN,13,Favorable,12.444029850746269,False,0.0
boundary_humidity_2026-07-23T19:05:00+03:00,WEIGHTED_MEAN,14,Favorable,12.444029850746269,False,0.0
boundary_humidity_2026-07-23T19:05:00+03:00,WEIGHTED_MEAN,15,Favorable,12.444029850746269,False,0.0
boundary_humidity_2026-07-23T19:05:00+03:00,WEIGHTED_MEAN,16,Favorable,12.444029850746269,False,0.0
boundary_humidity_2026-07-23T19:05:00+03:00,WEIGHTED_MEAN,17,Favorable,12.444029850746269,False,0.0
boundary_humidity_2026-07-23T19:05:00+03:00,WEIGHTED_MEAN,18,Favorable,12.444029850746269,False,0.0
boundary_humidity_2026-07-23T19:05:00+03:00,WEIGHTED_MEAN,19,Favorable,12.444029850746269,False,0.0
boundary_humidity_2026-07-23T19:05:00+03:00,WEIGHTED_MEAN,20,Favorable,12.444029850746269,False,0.0
boundary_humidity_2026-07-23T19:05:00+03:00,WEIGHTED_MEAN,21,Favorable,12.444029850746269,False,0.0
boundary_humidity_2026-07-23T19:05:00+03:00,WEIGHTED_MEAN,22,Favorable,12.444029850746269,False,0.0
boundary_humidity_2026-07-23T19:05:00+03:00,WEIGHTED_MEAN,23,Favorable,12.444029850746269,False,0.0
boundary_humidity_2026-07-23T19:05:00+03:00,WEIGHTED_MEAN,24,Favorable,12.444029850746269,False,0.0
boundary_humidity_2026-07-23T19:05:00+03:00,WEIGHTED_MEAN,25,Favorable,12.444029850746269,False,0.0
boundary_humidity_2026-07-23T19:05:00+03:00,WEIGHTED_MEAN,26,Favorable,12.444029850746269,False,0.0
boundary_humidity_2026-07-23T19:05:00+03:00,WEIGHTED_MEAN,27,Favorable,12.444029850746269,False,0.0
boundary_humidity_2026-07-23T19:05:00+03:00,WEIGHTED_MEAN,28,Favorable,12.444029850746269,False,0.0
boundary_humidity_2026-07-23T19:05:00+03:00,WEIGHTED_MEAN,29,Favorable,12.444029850746269,False,0.0
boundary_humidity_2026-07-24T22:50:00+03:00,CRISP_CLASS_MAX,0,Favorable,12.5,False,0.0
boundary_humidity_2026-07-24T22:50:00+03:00,CRISP_CLASS_MAX,1,Favorable,12.5,False,0.0
boundary_humidity_2026-07-24T22:50:00+03:00,CRISP_CLASS_MAX,2,Favorable,12.5,False,0.0
boundary_humidity_2026-07-24T22:50:00+03:00,CRISP_CLASS_MAX,3,Favorable,12.5,False,0.0
boundary_humidity_2026-07-24T22:50:00+03:00,CRISP_CLASS_MAX,4,Favorable,12.5,False,0.0
boundary_humidity_2026-07-24T22:50:00+03:00,CRISP_CLASS_MAX,5,Favorable,12.5,False,0.0
boundary_humidity_2026-07-24T22:50:00+03:00,CRISP_CLASS_MAX,6,Favorable,12.5,False,0.0
boundary_humidity_2026-07-24T22:50:00+03:00,CRISP_CLASS_MAX,7,Favorable,12.5,False,0.0
boundary_humidity_2026-07-24T22:50:00+03:00,CRISP_CLASS_MAX,8,Favorable,12.5,False,0.0
boundary_humidity_2026-07-24T22:50:00+03:00,CRISP_CLASS_MAX,9,Favorable,12.5,False,0.0
boundary_humidity_2026-07-24T22:50:00+03:00,CRISP_CLASS_MAX,10,Favorable,12.5,False,0.0
boundary_humidity_2026-07-24T22:50:00+03:00,CRISP_CLASS_MAX,11,Favorable,12.5,False,0.0
boundary_humidity_2026-07-24T22:50:00+03:00,CRISP_CLASS_MAX,12,Favorable,12.5,False,0.0
boundary_humidity_2026-07-24T22:50:00+03:00,CRISP_CLASS_MAX,13,Favorable,12.5,False,0.0
boundary_humidity_2026-07-24T22:50:00+03:00,CRISP_CLASS_MAX,14,Favorable,12.5,False,0.0
boundary_humidity_2026-07-24T22:50:00+03:00,CRISP_CLASS_MAX,15,Favorable,12.5,False,0.0
boundary_humidity_2026-07-24T22:50:00+03:00,CRISP_CLASS_MAX,16,Favorable,12.5,False,0.0
boundary_humidity_2026-07-24T22:50:00+03:00,CRISP_CLASS_MAX,17,Favorable,12.5,False,0.0
boundary_humidity_2026-07-24T22:50:00+03:00,CRISP_CLASS_MAX,18,Favorable,12.5,False,0.0
boundary_humidity_2026-07-24T22:50:00+03:00,CRISP_CLASS_MAX,19,Favorable,12.5,False,0.0
boundary_humidity_2026-07-24T22:50:00+03:00,CRISP_CLASS_MAX,20,Favorable,12.5,False,0.0
boundary_humidity_2026-07-24T22:50:00+03:00,CRISP_CLASS_MAX,21,Favorable,12.5,False,0.0
boundary_humidity_2026-07-24T22:50:00+03:00,CRISP_CLASS_MAX,22,Favorable,12.5,False,0.0
boundary_humidity_2026-07-24T22:50:00+03:00,CRISP_CLASS_MAX,23,Favorable,12.5,False,0.0
boundary_humidity_2026-07-24T22:50:00+03:00,CRISP_CLASS_MAX,24,Favorable,12.5,False,0.0
boundary_humidity_2026-07-24T22:50:00+03:00,CRISP_CLASS_MAX,25,Favorable,12.5,False,0.0
boundary_humidity_2026-07-24T22:50:00+03:00,CRISP_CLASS_MAX,26,Favorable,12.5,False,0.0
boundary_humidity_2026-07-24T22:50:00+03:00,CRISP_CLASS_MAX,27,Favorable,12.5,False,0.0
boundary_humidity_2026-07-24T22:50:00+03:00,CRISP_CLASS_MAX,28,Favorable,12.5,False,0.0
boundary_humidity_2026-07-24T22:50:00+03:00,CRISP_CLASS_MAX,29,Favorable,12.5,False,0.0
boundary_humidity_2026-07-24T22:50:00+03:00,FUZZY_COMPONENT_MAX,0,Favorable,12.444029850746269,False,0.0
boundary_humidity_2026-07-24T22:50:00+03:00,FUZZY_COMPONENT_MAX,1,Favorable,12.444029850746269,False,0.0
boundary_humidity_2026-07-24T22:50:00+03:00,FUZZY_COMPONENT_MAX,2,Favorable,12.444029850746269,False,0.0
boundary_humidity_2026-07-24T22:50:00+03:00,FUZZY_COMPONENT_MAX,3,Favorable,12.444029850746269,False,0.0
boundary_humidity_2026-07-24T22:50:00+03:00,FUZZY_COMPONENT_MAX,4,Favorable,12.444029850746269,False,0.0
boundary_humidity_2026-07-24T22:50:00+03:00,FUZZY_COMPONENT_MAX,5,Favorable,12.444029850746269,False,0.0
boundary_humidity_2026-07-24T22:50:00+03:00,FUZZY_COMPONENT_MAX,6,Favorable,12.444029850746269,False,0.0
boundary_humidity_2026-07-24T22:50:00+03:00,FUZZY_COMPONENT_MAX,7,Favorable,12.444029850746269,False,0.0
boundary_humidity_2026-07-24T22:50:00+03:00,FUZZY_COMPONENT_MAX,8,Favorable,12.444029850746269,False,0.0
boundary_humidity_2026-07-24T22:50:00+03:00,FUZZY_COMPONENT_MAX,9,Favorable,12.444029850746269,False,0.0
boundary_humidity_2026-07-24T22:50:00+03:00,FUZZY_COMPONENT_MAX,10,Favorable,12.444029850746269,False,0.0
boundary_humidity_2026-07-24T22:50:00+03:00,FUZZY_COMPONENT_MAX,11,Favorable,12.444029850746269,False,0.0
boundary_humidity_2026-07-24T22:50:00+03:00,FUZZY_COMPONENT_MAX,12,Favorable,12.444029850746269,False,0.0
boundary_humidity_2026-07-24T22:50:00+03:00,FUZZY_COMPONENT_MAX,13,Favorable,12.444029850746269,False,0.0
boundary_humidity_2026-07-24T22:50:00+03:00,FUZZY_COMPONENT_MAX,14,Favorable,12.444029850746269,False,0.0
boundary_humidity_2026-07-24T22:50:00+03:00,FUZZY_COMPONENT_MAX,15,Favorable,12.444029850746269,False,0.0
boundary_humidity_2026-07-24T22:50:00+03:00,FUZZY_COMPONENT_MAX,16,Favorable,12.444029850746269,False,0.0
boundary_humidity_2026-07-24T22:50:00+03:00,FUZZY_COMPONENT_MAX,17,Favorable,12.444029850746269,False,0.0
boundary_humidity_2026-07-24T22:50:00+03:00,FUZZY_COMPONENT_MAX,18,Favorable,12.444029850746269,False,0.0
boundary_humidity_2026-07-24T22:50:00+03:00,FUZZY_COMPONENT_MAX,19,Favorable,12.444029850746269,False,0.0
boundary_humidity_2026-07-24T22:50:00+03:00,FUZZY_COMPONENT_MAX,20,Favorable,12.444029850746269,False,0.0
boundary_humidity_2026-07-24T22:50:00+03:00,FUZZY_COMPONENT_MAX,21,Favorable,12.444029850746269,False,0.0
boundary_humidity_2026-07-24T22:50:00+03:00,FUZZY_COMPONENT_MAX,22,Favorable,12.444029850746269,False,0.0
boundary_humidity_2026-07-24T22:50:00+03:00,FUZZY_COMPONENT_MAX,23,Favorable,12.444029850746269,False,0.0
boundary_humidity_2026-07-24T22:50:00+03:00,FUZZY_COMPONENT_MAX,24,Favorable,12.444029850746269,False,0.0
boundary_humidity_2026-07-24T22:50:00+03:00,FUZZY_COMPONENT_MAX,25,Favorable,12.444029850746269,False,0.0
boundary_humidity_2026-07-24T22:50:00+03:00,FUZZY_COMPONENT_MAX,26,Favorable,12.444029850746269,False,0.0
boundary_humidity_2026-07-24T22:50:00+03:00,FUZZY_COMPONENT_MAX,27,Favorable,12.444029850746269,False,0.0
boundary_humidity_2026-07-24T22:50:00+03:00,FUZZY_COMPONENT_MAX,28,Favorable,12.444029850746269,False,0.0
boundary_humidity_2026-07-24T22:50:00+03:00,FUZZY_COMPONENT_MAX,29,Favorable,12.444029850746269,False,0.0
boundary_humidity_2026-07-24T22:50:00+03:00,PROPOSED_HFIS,0,Favorable,12.444029850746269,False,0.0
boundary_humidity_2026-07-24T22:50:00+03:00,PROPOSED_HFIS,1,Favorable,12.444029850746269,False,0.0
boundary_humidity_2026-07-24T22:50:00+03:00,PROPOSED_HFIS,2,Favorable,12.444029850746269,False,0.0
boundary_humidity_2026-07-24T22:50:00+03:00,PROPOSED_HFIS,3,Favorable,12.444029850746269,False,0.0
boundary_humidity_2026-07-24T22:50:00+03:00,PROPOSED_HFIS,4,Favorable,12.444029850746269,False,0.0
boundary_humidity_2026-07-24T22:50:00+03:00,PROPOSED_HFIS,5,Favorable,12.444029850746269,False,0.0
boundary_humidity_2026-07-24T22:50:00+03:00,PROPOSED_HFIS,6,Favorable,12.444029850746269,False,0.0
boundary_humidity_2026-07-24T22:50:00+03:00,PROPOSED_HFIS,7,Favorable,12.444029850746269,False,0.0
boundary_humidity_2026-07-24T22:50:00+03:00,PROPOSED_HFIS,8,Favorable,12.444029850746269,False,0.0
boundary_humidity_2026-07-24T22:50:00+03:00,PROPOSED_HFIS,9,Favorable,12.444029850746269,False,0.0
boundary_humidity_2026-07-24T22:50:00+03:00,PROPOSED_HFIS,10,Favorable,12.444029850746269,False,0.0
boundary_humidity_2026-07-24T22:50:00+03:00,PROPOSED_HFIS,11,Favorable,12.444029850746269,False,0.0
boundary_humidity_2026-07-24T22:50:00+03:00,PROPOSED_HFIS,12,Favorable,12.444029850746269,False,0.0
boundary_humidity_2026-07-24T22:50:00+03:00,PROPOSED_HFIS,13,Favorable,12.444029850746269,False,0.0
boundary_humidity_2026-07-24T22:50:00+03:00,PROPOSED_HFIS,14,Favorable,12.444029850746269,False,0.0
boundary_humidity_2026-07-24T22:50:00+03:00,PROPOSED_HFIS,15,Favorable,12.444029850746269,False,0.0
boundary_humidity_2026-07-24T22:50:00+03:00,PROPOSED_HFIS,16,Favorable,12.444029850746269,False,0.0
boundary_humidity_2026-07-24T22:50:00+03:00,PROPOSED_HFIS,17,Favorable,12.444029850746269,False,0.0
boundary_humidity_2026-07-24T22:50:00+03:00,PROPOSED_HFIS,18,Favorable,12.444029850746269,False,0.0
boundary_humidity_2026-07-24T22:50:00+03:00,PROPOSED_HFIS,19,Favorable,12.444029850746269,False,0.0
boundary_humidity_2026-07-24T22:50:00+03:00,PROPOSED_HFIS,20,Favorable,12.444029850746269,False,0.0
boundary_humidity_2026-07-24T22:50:00+03:00,PROPOSED_HFIS,21,Favorable,12.444029850746269,False,0.0
boundary_humidity_2026-07-24T22:50:00+03:00,PROPOSED_HFIS,22,Favorable,12.444029850746269,False,0.0
boundary_humidity_2026-07-24T22:50:00+03:00,PROPOSED_HFIS,23,Favorable,12.444029850746269,False,0.0
boundary_humidity_2026-07-24T22:50:00+03:00,PROPOSED_HFIS,24,Favorable,12.444029850746269,False,0.0
boundary_humidity_2026-07-24T22:50:00+03:00,PROPOSED_HFIS,25,Favorable,12.444029850746269,False,0.0
boundary_humidity_2026-07-24T22:50:00+03:00,PROPOSED_HFIS,26,Favorable,12.444029850746269,False,0.0
boundary_humidity_2026-07-24T22:50:00+03:00,PROPOSED_HFIS,27,Favorable,12.444029850746269,False,0.0
boundary_humidity_2026-07-24T22:50:00+03:00,PROPOSED_HFIS,28,Favorable,12.444029850746269,False,0.0
boundary_humidity_2026-07-24T22:50:00+03:00,PROPOSED_HFIS,29,Favorable,12.444029850746269,False,0.0
boundary_humidity_2026-07-24T22:50:00+03:00,WEIGHTED_MEAN,0,Favorable,12.444029850746269,False,0.0
boundary_humidity_2026-07-24T22:50:00+03:00,WEIGHTED_MEAN,1,Favorable,12.444029850746269,False,0.0
boundary_humidity_2026-07-24T22:50:00+03:00,WEIGHTED_MEAN,2,Favorable,12.444029850746269,False,0.0
boundary_humidity_2026-07-24T22:50:00+03:00,WEIGHTED_MEAN,3,Favorable,12.444029850746269,False,0.0
boundary_humidity_2026-07-24T22:50:00+03:00,WEIGHTED_MEAN,4,Favorable,12.444029850746269,False,0.0
boundary_humidity_2026-07-24T22:50:00+03:00,WEIGHTED_MEAN,5,Favorable,12.444029850746269,False,0.0
boundary_humidity_2026-07-24T22:50:00+03:00,WEIGHTED_MEAN,6,Favorable,12.444029850746269,False,0.0
boundary_humidity_2026-07-24T22:50:00+03:00,WEIGHTED_MEAN,7,Favorable,12.444029850746269,False,0.0
boundary_humidity_2026-07-24T22:50:00+03:00,WEIGHTED_MEAN,8,Favorable,12.444029850746269,False,0.0
boundary_humidity_2026-07-24T22:50:00+03:00,WEIGHTED_MEAN,9,Favorable,12.444029850746269,False,0.0
boundary_humidity_2026-07-24T22:50:00+03:00,WEIGHTED_MEAN,10,Favorable,12.444029850746269,False,0.0
boundary_humidity_2026-07-24T22:50:00+03:00,WEIGHTED_MEAN,11,Favorable,12.444029850746269,False,0.0
boundary_humidity_2026-07-24T22:50:00+03:00,WEIGHTED_MEAN,12,Favorable,12.444029850746269,False,0.0
boundary_humidity_2026-07-24T22:50:00+03:00,WEIGHTED_MEAN,13,Favorable,12.444029850746269,False,0.0
boundary_humidity_2026-07-24T22:50:00+03:00,WEIGHTED_MEAN,14,Favorable,12.444029850746269,False,0.0
boundary_humidity_2026-07-24T22:50:00+03:00,WEIGHTED_MEAN,15,Favorable,12.444029850746269,False,0.0
boundary_humidity_2026-07-24T22:50:00+03:00,WEIGHTED_MEAN,16,Favorable,12.444029850746269,False,0.0
boundary_humidity_2026-07-24T22:50:00+03:00,WEIGHTED_MEAN,17,Favorable,12.444029850746269,False,0.0
boundary_humidity_2026-07-24T22:50:00+03:00,WEIGHTED_MEAN,18,Favorable,12.444029850746269,False,0.0
boundary_humidity_2026-07-24T22:50:00+03:00,WEIGHTED_MEAN,19,Favorable,12.444029850746269,False,0.0
boundary_humidity_2026-07-24T22:50:00+03:00,WEIGHTED_MEAN,20,Favorable,12.444029850746269,False,0.0
boundary_humidity_2026-07-24T22:50:00+03:00,WEIGHTED_MEAN,21,Favorable,12.444029850746269,False,0.0
boundary_humidity_2026-07-24T22:50:00+03:00,WEIGHTED_MEAN,22,Favorable,12.444029850746269,False,0.0
boundary_humidity_2026-07-24T22:50:00+03:00,WEIGHTED_MEAN,23,Favorable,12.444029850746269,False,0.0
boundary_humidity_2026-07-24T22:50:00+03:00,WEIGHTED_MEAN,24,Favorable,12.444029850746269,False,0.0
boundary_humidity_2026-07-24T22:50:00+03:00,WEIGHTED_MEAN,25,Favorable,12.444029850746269,False,0.0
boundary_humidity_2026-07-24T22:50:00+03:00,WEIGHTED_MEAN,26,Favorable,12.444029850746269,False,0.0
boundary_humidity_2026-07-24T22:50:00+03:00,WEIGHTED_MEAN,27,Favorable,12.444029850746269,False,0.0
boundary_humidity_2026-07-24T22:50:00+03:00,WEIGHTED_MEAN,28,Favorable,12.444029850746269,False,0.0
boundary_humidity_2026-07-24T22:50:00+03:00,WEIGHTED_MEAN,29,Favorable,12.444029850746269,False,0.0
boundary_humidity_2026-07-27T18:35:00+03:00,CRISP_CLASS_MAX,0,Favorable,12.5,False,0.0
boundary_humidity_2026-07-27T18:35:00+03:00,CRISP_CLASS_MAX,1,Favorable,12.5,False,0.0
boundary_humidity_2026-07-27T18:35:00+03:00,CRISP_CLASS_MAX,2,Favorable,12.5,False,0.0
boundary_humidity_2026-07-27T18:35:00+03:00,CRISP_CLASS_MAX,3,Favorable,12.5,False,0.0
boundary_humidity_2026-07-27T18:35:00+03:00,CRISP_CLASS_MAX,4,Favorable,12.5,False,0.0
boundary_humidity_2026-07-27T18:35:00+03:00,CRISP_CLASS_MAX,5,Favorable,12.5,False,0.0
boundary_humidity_2026-07-27T18:35:00+03:00,CRISP_CLASS_MAX,6,Favorable,12.5,False,0.0
boundary_humidity_2026-07-27T18:35:00+03:00,CRISP_CLASS_MAX,7,Favorable,12.5,False,0.0
boundary_humidity_2026-07-27T18:35:00+03:00,CRISP_CLASS_MAX,8,Favorable,12.5,False,0.0
boundary_humidity_2026-07-27T18:35:00+03:00,CRISP_CLASS_MAX,9,Favorable,12.5,False,0.0
boundary_humidity_2026-07-27T18:35:00+03:00,CRISP_CLASS_MAX,10,Favorable,12.5,False,0.0
boundary_humidity_2026-07-27T18:35:00+03:00,CRISP_CLASS_MAX,11,Favorable,12.5,False,0.0
boundary_humidity_2026-07-27T18:35:00+03:00,CRISP_CLASS_MAX,12,Favorable,12.5,False,0.0
boundary_humidity_2026-07-27T18:35:00+03:00,CRISP_CLASS_MAX,13,Favorable,12.5,False,0.0
boundary_humidity_2026-07-27T18:35:00+03:00,CRISP_CLASS_MAX,14,Favorable,12.5,False,0.0
boundary_humidity_2026-07-27T18:35:00+03:00,CRISP_CLASS_MAX,15,Favorable,12.5,False,0.0
boundary_humidity_2026-07-27T18:35:00+03:00,CRISP_CLASS_MAX,16,Favorable,12.5,False,0.0
boundary_humidity_2026-07-27T18:35:00+03:00,CRISP_CLASS_MAX,17,Favorable,12.5,False,0.0
boundary_humidity_2026-07-27T18:35:00+03:00,CRISP_CLASS_MAX,18,Favorable,12.5,False,0.0
boundary_humidity_2026-07-27T18:35:00+03:00,CRISP_CLASS_MAX,19,Favorable,12.5,False,0.0
boundary_humidity_2026-07-27T18:35:00+03:00,CRISP_CLASS_MAX,20,Favorable,12.5,False,0.0
boundary_humidity_2026-07-27T18:35:00+03:00,CRISP_CLASS_MAX,21,Favorable,12.5,False,0.0
boundary_humidity_2026-07-27T18:35:00+03:00,CRISP_CLASS_MAX,22,Favorable,12.5,False,0.0
boundary_humidity_2026-07-27T18:35:00+03:00,CRISP_CLASS_MAX,23,Favorable,12.5,False,0.0
boundary_humidity_2026-07-27T18:35:00+03:00,CRISP_CLASS_MAX,24,Favorable,12.5,False,0.0
boundary_humidity_2026-07-27T18:35:00+03:00,CRISP_CLASS_MAX,25,Favorable,12.5,False,0.0
boundary_humidity_2026-07-27T18:35:00+03:00,CRISP_CLASS_MAX,26,Favorable,12.5,False,0.0
boundary_humidity_2026-07-27T18:35:00+03:00,CRISP_CLASS_MAX,27,Favorable,12.5,False,0.0
boundary_humidity_2026-07-27T18:35:00+03:00,CRISP_CLASS_MAX,28,Favorable,12.5,False,0.0
boundary_humidity_2026-07-27T18:35:00+03:00,CRISP_CLASS_MAX,29,Favorable,12.5,False,0.0
boundary_humidity_2026-07-27T18:35:00+03:00,FUZZY_COMPONENT_MAX,0,Favorable,12.444029850746269,False,0.0
boundary_humidity_2026-07-27T18:35:00+03:00,FUZZY_COMPONENT_MAX,1,Favorable,12.444029850746269,False,0.0
boundary_humidity_2026-07-27T18:35:00+03:00,FUZZY_COMPONENT_MAX,2,Favorable,12.444029850746269,False,0.0
boundary_humidity_2026-07-27T18:35:00+03:00,FUZZY_COMPONENT_MAX,3,Favorable,12.444029850746269,False,0.0
boundary_humidity_2026-07-27T18:35:00+03:00,FUZZY_COMPONENT_MAX,4,Favorable,12.444029850746269,False,0.0
boundary_humidity_2026-07-27T18:35:00+03:00,FUZZY_COMPONENT_MAX,5,Favorable,12.444029850746269,False,0.0
boundary_humidity_2026-07-27T18:35:00+03:00,FUZZY_COMPONENT_MAX,6,Favorable,12.444029850746269,False,0.0
boundary_humidity_2026-07-27T18:35:00+03:00,FUZZY_COMPONENT_MAX,7,Favorable,12.444029850746269,False,0.0
boundary_humidity_2026-07-27T18:35:00+03:00,FUZZY_COMPONENT_MAX,8,Favorable,12.444029850746269,False,0.0
boundary_humidity_2026-07-27T18:35:00+03:00,FUZZY_COMPONENT_MAX,9,Favorable,12.444029850746269,False,0.0
boundary_humidity_2026-07-27T18:35:00+03:00,FUZZY_COMPONENT_MAX,10,Favorable,12.444029850746269,False,0.0
boundary_humidity_2026-07-27T18:35:00+03:00,FUZZY_COMPONENT_MAX,11,Favorable,12.444029850746269,False,0.0
boundary_humidity_2026-07-27T18:35:00+03:00,FUZZY_COMPONENT_MAX,12,Favorable,12.444029850746269,False,0.0
boundary_humidity_2026-07-27T18:35:00+03:00,FUZZY_COMPONENT_MAX,13,Favorable,12.444029850746269,False,0.0
boundary_humidity_2026-07-27T18:35:00+03:00,FUZZY_COMPONENT_MAX,14,Favorable,12.444029850746269,False,0.0
boundary_humidity_2026-07-27T18:35:00+03:00,FUZZY_COMPONENT_MAX,15,Favorable,12.444029850746269,False,0.0
boundary_humidity_2026-07-27T18:35:00+03:00,FUZZY_COMPONENT_MAX,16,Favorable,12.444029850746269,False,0.0
boundary_humidity_2026-07-27T18:35:00+03:00,FUZZY_COMPONENT_MAX,17,Favorable,12.444029850746269,False,0.0
boundary_humidity_2026-07-27T18:35:00+03:00,FUZZY_COMPONENT_MAX,18,Favorable,12.444029850746269,False,0.0
boundary_humidity_2026-07-27T18:35:00+03:00,FUZZY_COMPONENT_MAX,19,Favorable,12.444029850746269,False,0.0
boundary_humidity_2026-07-27T18:35:00+03:00,FUZZY_COMPONENT_MAX,20,Favorable,12.444029850746269,False,0.0
boundary_humidity_2026-07-27T18:35:00+03:00,FUZZY_COMPONENT_MAX,21,Favorable,12.444029850746269,False,0.0
boundary_humidity_2026-07-27T18:35:00+03:00,FUZZY_COMPONENT_MAX,22,Favorable,12.444029850746269,False,0.0
boundary_humidity_2026-07-27T18:35:00+03:00,FUZZY_COMPONENT_MAX,23,Favorable,12.444029850746269,False,0.0
boundary_humidity_2026-07-27T18:35:00+03:00,FUZZY_COMPONENT_MAX,24,Favorable,12.444029850746269,False,0.0
boundary_humidity_2026-07-27T18:35:00+03:00,FUZZY_COMPONENT_MAX,25,Favorable,12.444029850746269,False,0.0
boundary_humidity_2026-07-27T18:35:00+03:00,FUZZY_COMPONENT_MAX,26,Favorable,12.444029850746269,False,0.0
boundary_humidity_2026-07-27T18:35:00+03:00,FUZZY_COMPONENT_MAX,27,Favorable,12.444029850746269,False,0.0
boundary_humidity_2026-07-27T18:35:00+03:00,FUZZY_COMPONENT_MAX,28,Favorable,12.444029850746269,False,0.0
boundary_humidity_2026-07-27T18:35:00+03:00,FUZZY_COMPONENT_MAX,29,Favorable,12.444029850746269,False,0.0
boundary_humidity_2026-07-27T18:35:00+03:00,PROPOSED_HFIS,0,Favorable,12.444029850746269,False,0.0
boundary_humidity_2026-07-27T18:35:00+03:00,PROPOSED_HFIS,1,Favorable,12.444029850746269,False,0.0
boundary_humidity_2026-07-27T18:35:00+03:00,PROPOSED_HFIS,2,Favorable,12.444029850746269,False,0.0
boundary_humidity_2026-07-27T18:35:00+03:00,PROPOSED_HFIS,3,Favorable,12.444029850746269,False,0.0
boundary_humidity_2026-07-27T18:35:00+03:00,PROPOSED_HFIS,4,Favorable,12.444029850746269,False,0.0
boundary_humidity_2026-07-27T18:35:00+03:00,PROPOSED_HFIS,5,Favorable,12.444029850746269,False,0.0
boundary_humidity_2026-07-27T18:35:00+03:00,PROPOSED_HFIS,6,Favorable,12.444029850746269,False,0.0
boundary_humidity_2026-07-27T18:35:00+03:00,PROPOSED_HFIS,7,Favorable,12.444029850746269,False,0.0
boundary_humidity_2026-07-27T18:35:00+03:00,PROPOSED_HFIS,8,Favorable,12.444029850746269,False,0.0
boundary_humidity_2026-07-27T18:35:00+03:00,PROPOSED_HFIS,9,Favorable,12.444029850746269,False,0.0
boundary_humidity_2026-07-27T18:35:00+03:00,PROPOSED_HFIS,10,Favorable,12.444029850746269,False,0.0
boundary_humidity_2026-07-27T18:35:00+03:00,PROPOSED_HFIS,11,Favorable,12.444029850746269,False,0.0
boundary_humidity_2026-07-27T18:35:00+03:00,PROPOSED_HFIS,12,Favorable,12.444029850746269,False,0.0
boundary_humidity_2026-07-27T18:35:00+03:00,PROPOSED_HFIS,13,Favorable,12.444029850746269,False,0.0
boundary_humidity_2026-07-27T18:35:00+03:00,PROPOSED_HFIS,14,Favorable,12.444029850746269,False,0.0
boundary_humidity_2026-07-27T18:35:00+03:00,PROPOSED_HFIS,15,Favorable,12.444029850746269,False,0.0
boundary_humidity_2026-07-27T18:35:00+03:00,PROPOSED_HFIS,16,Favorable,12.444029850746269,False,0.0
boundary_humidity_2026-07-27T18:35:00+03:00,PROPOSED_HFIS,17,Favorable,12.444029850746269,False,0.0
boundary_humidity_2026-07-27T18:35:00+03:00,PROPOSED_HFIS,18,Favorable,12.444029850746269,False,0.0
boundary_humidity_2026-07-27T18:35:00+03:00,PROPOSED_HFIS,19,Favorable,12.444029850746269,False,0.0
boundary_humidity_2026-07-27T18:35:00+03:00,PROPOSED_HFIS,20,Favorable,12.444029850746269,False,0.0
boundary_humidity_2026-07-27T18:35:00+03:00,PROPOSED_HFIS,21,Favorable,12.444029850746269,False,0.0
boundary_humidity_2026-07-27T18:35:00+03:00,PROPOSED_HFIS,22,Favorable,12.444029850746269,False,0.0
boundary_humidity_2026-07-27T18:35:00+03:00,PROPOSED_HFIS,23,Favorable,12.444029850746269,False,0.0
boundary_humidity_2026-07-27T18:35:00+03:00,PROPOSED_HFIS,24,Favorable,12.444029850746269,False,0.0
boundary_humidity_2026-07-27T18:35:00+03:00,PROPOSED_HFIS,25,Favorable,12.444029850746269,False,0.0
boundary_humidity_2026-07-27T18:35:00+03:00,PROPOSED_HFIS,26,Favorable,12.444029850746269,False,0.0
boundary_humidity_2026-07-27T18:35:00+03:00,PROPOSED_HFIS,27,Favorable,12.444029850746269,False,0.0
boundary_humidity_2026-07-27T18:35:00+03:00,PROPOSED_HFIS,28,Favorable,12.444029850746269,False,0.0
boundary_humidity_2026-07-27T18:35:00+03:00,PROPOSED_HFIS,29,Favorable,12.444029850746269,False,0.0
boundary_humidity_2026-07-27T18:35:00+03:00,WEIGHTED_MEAN,0,Favorable,12.444029850746269,False,0.0
boundary_humidity_2026-07-27T18:35:00+03:00,WEIGHTED_MEAN,1,Favorable,12.444029850746269,False,0.0
boundary_humidity_2026-07-27T18:35:00+03:00,WEIGHTED_MEAN,2,Favorable,12.444029850746269,False,0.0
boundary_humidity_2026-07-27T18:35:00+03:00,WEIGHTED_MEAN,3,Favorable,12.444029850746269,False,0.0
boundary_humidity_2026-07-27T18:35:00+03:00,WEIGHTED_MEAN,4,Favorable,12.444029850746269,False,0.0
boundary_humidity_2026-07-27T18:35:00+03:00,WEIGHTED_MEAN,5,Favorable,12.444029850746269,False,0.0
boundary_humidity_2026-07-27T18:35:00+03:00,WEIGHTED_MEAN,6,Favorable,12.444029850746269,False,0.0
boundary_humidity_2026-07-27T18:35:00+03:00,WEIGHTED_MEAN,7,Favorable,12.444029850746269,False,0.0
boundary_humidity_2026-07-27T18:35:00+03:00,WEIGHTED_MEAN,8,Favorable,12.444029850746269,False,0.0
boundary_humidity_2026-07-27T18:35:00+03:00,WEIGHTED_MEAN,9,Favorable,12.444029850746269,False,0.0
boundary_humidity_2026-07-27T18:35:00+03:00,WEIGHTED_MEAN,10,Favorable,12.444029850746269,False,0.0
boundary_humidity_2026-07-27T18:35:00+03:00,WEIGHTED_MEAN,11,Favorable,12.444029850746269,False,0.0
boundary_humidity_2026-07-27T18:35:00+03:00,WEIGHTED_MEAN,12,Favorable,12.444029850746269,False,0.0
boundary_humidity_2026-07-27T18:35:00+03:00,WEIGHTED_MEAN,13,Favorable,12.444029850746269,False,0.0
boundary_humidity_2026-07-27T18:35:00+03:00,WEIGHTED_MEAN,14,Favorable,12.444029850746269,False,0.0
boundary_humidity_2026-07-27T18:35:00+03:00,WEIGHTED_MEAN,15,Favorable,12.444029850746269,False,0.0
boundary_humidity_2026-07-27T18:35:00+03:00,WEIGHTED_MEAN,16,Favorable,12.444029850746269,False,0.0
boundary_humidity_2026-07-27T18:35:00+03:00,WEIGHTED_MEAN,17,Favorable,12.444029850746269,False,0.0
boundary_humidity_2026-07-27T18:35:00+03:00,WEIGHTED_MEAN,18,Favorable,12.444029850746269,False,0.0
boundary_humidity_2026-07-27T18:35:00+03:00,WEIGHTED_MEAN,19,Favorable,12.444029850746269,False,0.0
boundary_humidity_2026-07-27T18:35:00+03:00,WEIGHTED_MEAN,20,Favorable,12.444029850746269,False,0.0
boundary_humidity_2026-07-27T18:35:00+03:00,WEIGHTED_MEAN,21,Favorable,12.444029850746269,False,0.0
boundary_humidity_2026-07-27T18:35:00+03:00,WEIGHTED_MEAN,22,Favorable,12.444029850746269,False,0.0
boundary_humidity_2026-07-27T18:35:00+03:00,WEIGHTED_MEAN,23,Favorable,12.444029850746269,False,0.0
boundary_humidity_2026-07-27T18:35:00+03:00,WEIGHTED_MEAN,24,Favorable,12.444029850746269,False,0.0
boundary_humidity_2026-07-27T18:35:00+03:00,WEIGHTED_MEAN,25,Favorable,12.444029850746269,False,0.0
boundary_humidity_2026-07-27T18:35:00+03:00,WEIGHTED_MEAN,26,Favorable,12.444029850746269,False,0.0
boundary_humidity_2026-07-27T18:35:00+03:00,WEIGHTED_MEAN,27,Favorable,12.444029850746269,False,0.0
boundary_humidity_2026-07-27T18:35:00+03:00,WEIGHTED_MEAN,28,Favorable,12.444029850746269,False,0.0
boundary_humidity_2026-07-27T18:35:00+03:00,WEIGHTED_MEAN,29,Favorable,12.444029850746269,False,0.0
boundary_humidity_2026-07-28T06:05:00+03:00,CRISP_CLASS_MAX,0,Favorable,12.5,False,0.0
boundary_humidity_2026-07-28T06:05:00+03:00,CRISP_CLASS_MAX,1,Favorable,12.5,False,0.0
boundary_humidity_2026-07-28T06:05:00+03:00,CRISP_CLASS_MAX,2,Favorable,12.5,False,0.0
boundary_humidity_2026-07-28T06:05:00+03:00,CRISP_CLASS_MAX,3,Favorable,12.5,False,0.0
boundary_humidity_2026-07-28T06:05:00+03:00,CRISP_CLASS_MAX,4,Favorable,12.5,False,0.0
boundary_humidity_2026-07-28T06:05:00+03:00,CRISP_CLASS_MAX,5,Favorable,12.5,False,0.0
boundary_humidity_2026-07-28T06:05:00+03:00,CRISP_CLASS_MAX,6,Favorable,12.5,False,0.0
boundary_humidity_2026-07-28T06:05:00+03:00,CRISP_CLASS_MAX,7,Favorable,12.5,False,0.0
boundary_humidity_2026-07-28T06:05:00+03:00,CRISP_CLASS_MAX,8,Favorable,12.5,False,0.0
boundary_humidity_2026-07-28T06:05:00+03:00,CRISP_CLASS_MAX,9,Favorable,12.5,False,0.0
boundary_humidity_2026-07-28T06:05:00+03:00,CRISP_CLASS_MAX,10,Favorable,12.5,False,0.0
boundary_humidity_2026-07-28T06:05:00+03:00,CRISP_CLASS_MAX,11,Favorable,12.5,False,0.0
boundary_humidity_2026-07-28T06:05:00+03:00,CRISP_CLASS_MAX,12,Favorable,12.5,False,0.0
boundary_humidity_2026-07-28T06:05:00+03:00,CRISP_CLASS_MAX,13,Favorable,12.5,False,0.0
boundary_humidity_2026-07-28T06:05:00+03:00,CRISP_CLASS_MAX,14,Favorable,12.5,False,0.0
boundary_humidity_2026-07-28T06:05:00+03:00,CRISP_CLASS_MAX,15,Favorable,12.5,False,0.0
boundary_humidity_2026-07-28T06:05:00+03:00,CRISP_CLASS_MAX,16,Favorable,12.5,False,0.0
boundary_humidity_2026-07-28T06:05:00+03:00,CRISP_CLASS_MAX,17,Favorable,12.5,False,0.0
boundary_humidity_2026-07-28T06:05:00+03:00,CRISP_CLASS_MAX,18,Favorable,12.5,False,0.0
boundary_humidity_2026-07-28T06:05:00+03:00,CRISP_CLASS_MAX,19,Favorable,12.5,False,0.0
boundary_humidity_2026-07-28T06:05:00+03:00,CRISP_CLASS_MAX,20,Favorable,12.5,False,0.0
boundary_humidity_2026-07-28T06:05:00+03:00,CRISP_CLASS_MAX,21,Favorable,12.5,False,0.0
boundary_humidity_2026-07-28T06:05:00+03:00,CRISP_CLASS_MAX,22,Favorable,12.5,False,0.0
boundary_humidity_2026-07-28T06:05:00+03:00,CRISP_CLASS_MAX,23,Favorable,12.5,False,0.0
boundary_humidity_2026-07-28T06:05:00+03:00,CRISP_CLASS_MAX,24,Favorable,12.5,False,0.0
boundary_humidity_2026-07-28T06:05:00+03:00,CRISP_CLASS_MAX,25,Favorable,12.5,False,0.0
boundary_humidity_2026-07-28T06:05:00+03:00,CRISP_CLASS_MAX,26,Favorable,12.5,False,0.0
boundary_humidity_2026-07-28T06:05:00+03:00,CRISP_CLASS_MAX,27,Favorable,12.5,False,0.0
boundary_humidity_2026-07-28T06:05:00+03:00,CRISP_CLASS_MAX,28,Favorable,12.5,False,0.0
boundary_humidity_2026-07-28T06:05:00+03:00,CRISP_CLASS_MAX,29,Favorable,12.5,False,0.0
boundary_humidity_2026-07-28T06:05:00+03:00,FUZZY_COMPONENT_MAX,0,Favorable,12.444029850746269,False,0.0
boundary_humidity_2026-07-28T06:05:00+03:00,FUZZY_COMPONENT_MAX,1,Favorable,12.444029850746269,False,0.0
boundary_humidity_2026-07-28T06:05:00+03:00,FUZZY_COMPONENT_MAX,2,Favorable,12.444029850746269,False,0.0
boundary_humidity_2026-07-28T06:05:00+03:00,FUZZY_COMPONENT_MAX,3,Favorable,12.444029850746269,False,0.0
boundary_humidity_2026-07-28T06:05:00+03:00,FUZZY_COMPONENT_MAX,4,Favorable,12.444029850746269,False,0.0
boundary_humidity_2026-07-28T06:05:00+03:00,FUZZY_COMPONENT_MAX,5,Favorable,12.444029850746269,False,0.0
boundary_humidity_2026-07-28T06:05:00+03:00,FUZZY_COMPONENT_MAX,6,Favorable,12.444029850746269,False,0.0
boundary_humidity_2026-07-28T06:05:00+03:00,FUZZY_COMPONENT_MAX,7,Favorable,12.444029850746269,False,0.0
boundary_humidity_2026-07-28T06:05:00+03:00,FUZZY_COMPONENT_MAX,8,Favorable,12.444029850746269,False,0.0
boundary_humidity_2026-07-28T06:05:00+03:00,FUZZY_COMPONENT_MAX,9,Favorable,12.444029850746269,False,0.0
boundary_humidity_2026-07-28T06:05:00+03:00,FUZZY_COMPONENT_MAX,10,Favorable,12.444029850746269,False,0.0
boundary_humidity_2026-07-28T06:05:00+03:00,FUZZY_COMPONENT_MAX,11,Favorable,12.444029850746269,False,0.0
boundary_humidity_2026-07-28T06:05:00+03:00,FUZZY_COMPONENT_MAX,12,Favorable,12.444029850746269,False,0.0
boundary_humidity_2026-07-28T06:05:00+03:00,FUZZY_COMPONENT_MAX,13,Favorable,12.444029850746269,False,0.0
boundary_humidity_2026-07-28T06:05:00+03:00,FUZZY_COMPONENT_MAX,14,Favorable,12.444029850746269,False,0.0
boundary_humidity_2026-07-28T06:05:00+03:00,FUZZY_COMPONENT_MAX,15,Favorable,12.444029850746269,False,0.0
boundary_humidity_2026-07-28T06:05:00+03:00,FUZZY_COMPONENT_MAX,16,Favorable,12.444029850746269,False,0.0
boundary_humidity_2026-07-28T06:05:00+03:00,FUZZY_COMPONENT_MAX,17,Favorable,12.444029850746269,False,0.0
boundary_humidity_2026-07-28T06:05:00+03:00,FUZZY_COMPONENT_MAX,18,Favorable,12.444029850746269,False,0.0
boundary_humidity_2026-07-28T06:05:00+03:00,FUZZY_COMPONENT_MAX,19,Favorable,12.444029850746269,False,0.0
boundary_humidity_2026-07-28T06:05:00+03:00,FUZZY_COMPONENT_MAX,20,Favorable,12.444029850746269,False,0.0
boundary_humidity_2026-07-28T06:05:00+03:00,FUZZY_COMPONENT_MAX,21,Favorable,12.444029850746269,False,0.0
boundary_humidity_2026-07-28T06:05:00+03:00,FUZZY_COMPONENT_MAX,22,Favorable,12.444029850746269,False,0.0
boundary_humidity_2026-07-28T06:05:00+03:00,FUZZY_COMPONENT_MAX,23,Favorable,12.444029850746269,False,0.0
boundary_humidity_2026-07-28T06:05:00+03:00,FUZZY_COMPONENT_MAX,24,Favorable,12.444029850746269,False,0.0
boundary_humidity_2026-07-28T06:05:00+03:00,FUZZY_COMPONENT_MAX,25,Favorable,12.444029850746269,False,0.0
boundary_humidity_2026-07-28T06:05:00+03:00,FUZZY_COMPONENT_MAX,26,Favorable,12.444029850746269,False,0.0
boundary_humidity_2026-07-28T06:05:00+03:00,FUZZY_COMPONENT_MAX,27,Favorable,12.444029850746269,False,0.0
boundary_humidity_2026-07-28T06:05:00+03:00,FUZZY_COMPONENT_MAX,28,Favorable,12.444029850746269,False,0.0
boundary_humidity_2026-07-28T06:05:00+03:00,FUZZY_COMPONENT_MAX,29,Favorable,12.444029850746269,False,0.0
boundary_humidity_2026-07-28T06:05:00+03:00,PROPOSED_HFIS,0,Favorable,12.444029850746269,False,0.0
boundary_humidity_2026-07-28T06:05:00+03:00,PROPOSED_HFIS,1,Favorable,12.444029850746269,False,0.0
boundary_humidity_2026-07-28T06:05:00+03:00,PROPOSED_HFIS,2,Favorable,12.444029850746269,False,0.0
boundary_humidity_2026-07-28T06:05:00+03:00,PROPOSED_HFIS,3,Favorable,12.444029850746269,False,0.0
boundary_humidity_2026-07-28T06:05:00+03:00,PROPOSED_HFIS,4,Favorable,12.444029850746269,False,0.0
boundary_humidity_2026-07-28T06:05:00+03:00,PROPOSED_HFIS,5,Favorable,12.444029850746269,False,0.0
boundary_humidity_2026-07-28T06:05:00+03:00,PROPOSED_HFIS,6,Favorable,12.444029850746269,False,0.0
boundary_humidity_2026-07-28T06:05:00+03:00,PROPOSED_HFIS,7,Favorable,12.444029850746269,False,0.0
boundary_humidity_2026-07-28T06:05:00+03:00,PROPOSED_HFIS,8,Favorable,12.444029850746269,False,0.0
boundary_humidity_2026-07-28T06:05:00+03:00,PROPOSED_HFIS,9,Favorable,12.444029850746269,False,0.0
boundary_humidity_2026-07-28T06:05:00+03:00,PROPOSED_HFIS,10,Favorable,12.444029850746269,False,0.0
boundary_humidity_2026-07-28T06:05:00+03:00,PROPOSED_HFIS,11,Favorable,12.444029850746269,False,0.0
boundary_humidity_2026-07-28T06:05:00+03:00,PROPOSED_HFIS,12,Favorable,12.444029850746269,False,0.0
boundary_humidity_2026-07-28T06:05:00+03:00,PROPOSED_HFIS,13,Favorable,12.444029850746269,False,0.0
boundary_humidity_2026-07-28T06:05:00+03:00,PROPOSED_HFIS,14,Favorable,12.444029850746269,False,0.0
boundary_humidity_2026-07-28T06:05:00+03:00,PROPOSED_HFIS,15,Favorable,12.444029850746269,False,0.0
boundary_humidity_2026-07-28T06:05:00+03:00,PROPOSED_HFIS,16,Favorable,12.444029850746269,False,0.0
boundary_humidity_2026-07-28T06:05:00+03:00,PROPOSED_HFIS,17,Favorable,12.444029850746269,False,0.0
boundary_humidity_2026-07-28T06:05:00+03:00,PROPOSED_HFIS,18,Favorable,12.444029850746269,False,0.0
boundary_humidity_2026-07-28T06:05:00+03:00,PROPOSED_HFIS,19,Favorable,12.444029850746269,False,0.0
boundary_humidity_2026-07-28T06:05:00+03:00,PROPOSED_HFIS,20,Favorable,12.444029850746269,False,0.0
boundary_humidity_2026-07-28T06:05:00+03:00,PROPOSED_HFIS,21,Favorable,12.444029850746269,False,0.0
boundary_humidity_2026-07-28T06:05:00+03:00,PROPOSED_HFIS,22,Favorable,12.444029850746269,False,0.0
boundary_humidity_2026-07-28T06:05:00+03:00,PROPOSED_HFIS,23,Favorable,12.444029850746269,False,0.0
boundary_humidity_2026-07-28T06:05:00+03:00,PROPOSED_HFIS,24,Favorable,12.444029850746269,False,0.0
boundary_humidity_2026-07-28T06:05:00+03:00,PROPOSED_HFIS,25,Favorable,12.444029850746269,False,0.0
boundary_humidity_2026-07-28T06:05:00+03:00,PROPOSED_HFIS,26,Favorable,12.444029850746269,False,0.0
boundary_humidity_2026-07-28T06:05:00+03:00,PROPOSED_HFIS,27,Favorable,12.444029850746269,False,0.0
boundary_humidity_2026-07-28T06:05:00+03:00,PROPOSED_HFIS,28,Favorable,12.444029850746269,False,0.0
boundary_humidity_2026-07-28T06:05:00+03:00,PROPOSED_HFIS,29,Favorable,12.444029850746269,False,0.0
boundary_humidity_2026-07-28T06:05:00+03:00,WEIGHTED_MEAN,0,Favorable,12.444029850746269,False,0.0
boundary_humidity_2026-07-28T06:05:00+03:00,WEIGHTED_MEAN,1,Favorable,12.444029850746269,False,0.0
boundary_humidity_2026-07-28T06:05:00+03:00,WEIGHTED_MEAN,2,Favorable,12.444029850746269,False,0.0
boundary_humidity_2026-07-28T06:05:00+03:00,WEIGHTED_MEAN,3,Favorable,12.444029850746269,False,0.0
boundary_humidity_2026-07-28T06:05:00+03:00,WEIGHTED_MEAN,4,Favorable,12.444029850746269,False,0.0
boundary_humidity_2026-07-28T06:05:00+03:00,WEIGHTED_MEAN,5,Favorable,12.444029850746269,False,0.0
boundary_humidity_2026-07-28T06:05:00+03:00,WEIGHTED_MEAN,6,Favorable,12.444029850746269,False,0.0
boundary_humidity_2026-07-28T06:05:00+03:00,WEIGHTED_MEAN,7,Favorable,12.444029850746269,False,0.0
boundary_humidity_2026-07-28T06:05:00+03:00,WEIGHTED_MEAN,8,Favorable,12.444029850746269,False,0.0
boundary_humidity_2026-07-28T06:05:00+03:00,WEIGHTED_MEAN,9,Favorable,12.444029850746269,False,0.0
boundary_humidity_2026-07-28T06:05:00+03:00,WEIGHTED_MEAN,10,Favorable,12.444029850746269,False,0.0
boundary_humidity_2026-07-28T06:05:00+03:00,WEIGHTED_MEAN,11,Favorable,12.444029850746269,False,0.0
boundary_humidity_2026-07-28T06:05:00+03:00,WEIGHTED_MEAN,12,Favorable,12.444029850746269,False,0.0
boundary_humidity_2026-07-28T06:05:00+03:00,WEIGHTED_MEAN,13,Favorable,12.444029850746269,False,0.0
boundary_humidity_2026-07-28T06:05:00+03:00,WEIGHTED_MEAN,14,Favorable,12.444029850746269,False,0.0
boundary_humidity_2026-07-28T06:05:00+03:00,WEIGHTED_MEAN,15,Favorable,12.444029850746269,False,0.0
boundary_humidity_2026-07-28T06:05:00+03:00,WEIGHTED_MEAN,16,Favorable,12.444029850746269,False,0.0
boundary_humidity_2026-07-28T06:05:00+03:00,WEIGHTED_MEAN,17,Favorable,12.444029850746269,False,0.0
boundary_humidity_2026-07-28T06:05:00+03:00,WEIGHTED_MEAN,18,Favorable,12.444029850746269,False,0.0
boundary_humidity_2026-07-28T06:05:00+03:00,WEIGHTED_MEAN,19,Favorable,12.444029850746269,False,0.0
boundary_humidity_2026-07-28T06:05:00+03:00,WEIGHTED_MEAN,20,Favorable,12.444029850746269,False,0.0
boundary_humidity_2026-07-28T06:05:00+03:00,WEIGHTED_MEAN,21,Favorable,12.444029850746269,False,0.0
boundary_humidity_2026-07-28T06:05:00+03:00,WEIGHTED_MEAN,22,Favorable,12.444029850746269,False,0.0
boundary_humidity_2026-07-28T06:05:00+03:00,WEIGHTED_MEAN,23,Favorable,12.444029850746269,False,0.0
boundary_humidity_2026-07-28T06:05:00+03:00,WEIGHTED_MEAN,24,Favorable,12.444029850746269,False,0.0
boundary_humidity_2026-07-28T06:05:00+03:00,WEIGHTED_MEAN,25,Favorable,12.444029850746269,False,0.0
boundary_humidity_2026-07-28T06:05:00+03:00,WEIGHTED_MEAN,26,Favorable,12.444029850746269,False,0.0
boundary_humidity_2026-07-28T06:05:00+03:00,WEIGHTED_MEAN,27,Favorable,12.444029850746269,False,0.0
boundary_humidity_2026-07-28T06:05:00+03:00,WEIGHTED_MEAN,28,Favorable,12.444029850746269,False,0.0
boundary_humidity_2026-07-28T06:05:00+03:00,WEIGHTED_MEAN,29,Favorable,12.444029850746269,False,0.0
boundary_humidity_2026-07-28T10:00:00+03:00,CRISP_CLASS_MAX,0,Favorable,12.5,False,0.0
boundary_humidity_2026-07-28T10:00:00+03:00,CRISP_CLASS_MAX,1,Favorable,12.5,False,0.0
boundary_humidity_2026-07-28T10:00:00+03:00,CRISP_CLASS_MAX,2,Favorable,12.5,False,0.0
boundary_humidity_2026-07-28T10:00:00+03:00,CRISP_CLASS_MAX,3,Favorable,12.5,False,0.0
boundary_humidity_2026-07-28T10:00:00+03:00,CRISP_CLASS_MAX,4,Favorable,12.5,False,0.0
boundary_humidity_2026-07-28T10:00:00+03:00,CRISP_CLASS_MAX,5,Favorable,12.5,False,0.0
boundary_humidity_2026-07-28T10:00:00+03:00,CRISP_CLASS_MAX,6,Favorable,12.5,False,0.0
boundary_humidity_2026-07-28T10:00:00+03:00,CRISP_CLASS_MAX,7,Favorable,12.5,False,0.0
boundary_humidity_2026-07-28T10:00:00+03:00,CRISP_CLASS_MAX,8,Favorable,12.5,False,0.0
boundary_humidity_2026-07-28T10:00:00+03:00,CRISP_CLASS_MAX,9,Favorable,12.5,False,0.0
boundary_humidity_2026-07-28T10:00:00+03:00,CRISP_CLASS_MAX,10,Favorable,12.5,False,0.0
boundary_humidity_2026-07-28T10:00:00+03:00,CRISP_CLASS_MAX,11,Favorable,12.5,False,0.0
boundary_humidity_2026-07-28T10:00:00+03:00,CRISP_CLASS_MAX,12,Favorable,12.5,False,0.0
boundary_humidity_2026-07-28T10:00:00+03:00,CRISP_CLASS_MAX,13,Favorable,12.5,False,0.0
boundary_humidity_2026-07-28T10:00:00+03:00,CRISP_CLASS_MAX,14,Favorable,12.5,False,0.0
boundary_humidity_2026-07-28T10:00:00+03:00,CRISP_CLASS_MAX,15,Favorable,12.5,False,0.0
boundary_humidity_2026-07-28T10:00:00+03:00,CRISP_CLASS_MAX,16,Favorable,12.5,False,0.0
boundary_humidity_2026-07-28T10:00:00+03:00,CRISP_CLASS_MAX,17,Favorable,12.5,False,0.0
boundary_humidity_2026-07-28T10:00:00+03:00,CRISP_CLASS_MAX,18,Favorable,12.5,False,0.0
boundary_humidity_2026-07-28T10:00:00+03:00,CRISP_CLASS_MAX,19,Favorable,12.5,False,0.0
boundary_humidity_2026-07-28T10:00:00+03:00,CRISP_CLASS_MAX,20,Favorable,12.5,False,0.0
boundary_humidity_2026-07-28T10:00:00+03:00,CRISP_CLASS_MAX,21,Favorable,12.5,False,0.0
boundary_humidity_2026-07-28T10:00:00+03:00,CRISP_CLASS_MAX,22,Favorable,12.5,False,0.0
boundary_humidity_2026-07-28T10:00:00+03:00,CRISP_CLASS_MAX,23,Favorable,12.5,False,0.0
boundary_humidity_2026-07-28T10:00:00+03:00,CRISP_CLASS_MAX,24,Favorable,12.5,False,0.0
boundary_humidity_2026-07-28T10:00:00+03:00,CRISP_CLASS_MAX,25,Favorable,12.5,False,0.0
boundary_humidity_2026-07-28T10:00:00+03:00,CRISP_CLASS_MAX,26,Favorable,12.5,False,0.0
boundary_humidity_2026-07-28T10:00:00+03:00,CRISP_CLASS_MAX,27,Favorable,12.5,False,0.0
boundary_humidity_2026-07-28T10:00:00+03:00,CRISP_CLASS_MAX,28,Favorable,12.5,False,0.0
boundary_humidity_2026-07-28T10:00:00+03:00,CRISP_CLASS_MAX,29,Favorable,12.5,False,0.0
boundary_humidity_2026-07-28T10:00:00+03:00,FUZZY_COMPONENT_MAX,0,Favorable,12.444029850746269,False,0.0
boundary_humidity_2026-07-28T10:00:00+03:00,FUZZY_COMPONENT_MAX,1,Favorable,12.444029850746269,False,0.0
boundary_humidity_2026-07-28T10:00:00+03:00,FUZZY_COMPONENT_MAX,2,Favorable,12.444029850746269,False,0.0
boundary_humidity_2026-07-28T10:00:00+03:00,FUZZY_COMPONENT_MAX,3,Favorable,12.444029850746269,False,0.0
boundary_humidity_2026-07-28T10:00:00+03:00,FUZZY_COMPONENT_MAX,4,Favorable,12.444029850746269,False,0.0
boundary_humidity_2026-07-28T10:00:00+03:00,FUZZY_COMPONENT_MAX,5,Favorable,12.444029850746269,False,0.0
boundary_humidity_2026-07-28T10:00:00+03:00,FUZZY_COMPONENT_MAX,6,Favorable,12.444029850746269,False,0.0
boundary_humidity_2026-07-28T10:00:00+03:00,FUZZY_COMPONENT_MAX,7,Favorable,12.444029850746269,False,0.0
boundary_humidity_2026-07-28T10:00:00+03:00,FUZZY_COMPONENT_MAX,8,Favorable,12.444029850746269,False,0.0
boundary_humidity_2026-07-28T10:00:00+03:00,FUZZY_COMPONENT_MAX,9,Favorable,12.444029850746269,False,0.0
boundary_humidity_2026-07-28T10:00:00+03:00,FUZZY_COMPONENT_MAX,10,Favorable,12.444029850746269,False,0.0
boundary_humidity_2026-07-28T10:00:00+03:00,FUZZY_COMPONENT_MAX,11,Favorable,12.444029850746269,False,0.0
boundary_humidity_2026-07-28T10:00:00+03:00,FUZZY_COMPONENT_MAX,12,Favorable,12.444029850746269,False,0.0
boundary_humidity_2026-07-28T10:00:00+03:00,FUZZY_COMPONENT_MAX,13,Favorable,12.444029850746269,False,0.0
boundary_humidity_2026-07-28T10:00:00+03:00,FUZZY_COMPONENT_MAX,14,Favorable,12.444029850746269,False,0.0
boundary_humidity_2026-07-28T10:00:00+03:00,FUZZY_COMPONENT_MAX,15,Favorable,12.444029850746269,False,0.0
boundary_humidity_2026-07-28T10:00:00+03:00,FUZZY_COMPONENT_MAX,16,Favorable,12.444029850746269,False,0.0
boundary_humidity_2026-07-28T10:00:00+03:00,FUZZY_COMPONENT_MAX,17,Favorable,12.444029850746269,False,0.0
boundary_humidity_2026-07-28T10:00:00+03:00,FUZZY_COMPONENT_MAX,18,Favorable,12.444029850746269,False,0.0
boundary_humidity_2026-07-28T10:00:00+03:00,FUZZY_COMPONENT_MAX,19,Favorable,12.444029850746269,False,0.0
boundary_humidity_2026-07-28T10:00:00+03:00,FUZZY_COMPONENT_MAX,20,Favorable,12.444029850746269,False,0.0
boundary_humidity_2026-07-28T10:00:00+03:00,FUZZY_COMPONENT_MAX,21,Favorable,12.444029850746269,False,0.0
boundary_humidity_2026-07-28T10:00:00+03:00,FUZZY_COMPONENT_MAX,22,Favorable,12.444029850746269,False,0.0
boundary_humidity_2026-07-28T10:00:00+03:00,FUZZY_COMPONENT_MAX,23,Favorable,12.444029850746269,False,0.0
boundary_humidity_2026-07-28T10:00:00+03:00,FUZZY_COMPONENT_MAX,24,Favorable,12.444029850746269,False,0.0
boundary_humidity_2026-07-28T10:00:00+03:00,FUZZY_COMPONENT_MAX,25,Favorable,12.444029850746269,False,0.0
boundary_humidity_2026-07-28T10:00:00+03:00,FUZZY_COMPONENT_MAX,26,Favorable,12.444029850746269,False,0.0
boundary_humidity_2026-07-28T10:00:00+03:00,FUZZY_COMPONENT_MAX,27,Favorable,12.444029850746269,False,0.0
boundary_humidity_2026-07-28T10:00:00+03:00,FUZZY_COMPONENT_MAX,28,Favorable,12.444029850746269,False,0.0
boundary_humidity_2026-07-28T10:00:00+03:00,FUZZY_COMPONENT_MAX,29,Favorable,12.444029850746269,False,0.0
boundary_humidity_2026-07-28T10:00:00+03:00,PROPOSED_HFIS,0,Favorable,12.444029850746269,False,0.0
boundary_humidity_2026-07-28T10:00:00+03:00,PROPOSED_HFIS,1,Favorable,12.444029850746269,False,0.0
boundary_humidity_2026-07-28T10:00:00+03:00,PROPOSED_HFIS,2,Favorable,12.444029850746269,False,0.0
boundary_humidity_2026-07-28T10:00:00+03:00,PROPOSED_HFIS,3,Favorable,12.444029850746269,False,0.0
boundary_humidity_2026-07-28T10:00:00+03:00,PROPOSED_HFIS,4,Favorable,12.444029850746269,False,0.0
boundary_humidity_2026-07-28T10:00:00+03:00,PROPOSED_HFIS,5,Favorable,12.444029850746269,False,0.0
boundary_humidity_2026-07-28T10:00:00+03:00,PROPOSED_HFIS,6,Favorable,12.444029850746269,False,0.0
boundary_humidity_2026-07-28T10:00:00+03:00,PROPOSED_HFIS,7,Favorable,12.444029850746269,False,0.0
boundary_humidity_2026-07-28T10:00:00+03:00,PROPOSED_HFIS,8,Favorable,12.444029850746269,False,0.0
boundary_humidity_2026-07-28T10:00:00+03:00,PROPOSED_HFIS,9,Favorable,12.444029850746269,False,0.0
boundary_humidity_2026-07-28T10:00:00+03:00,PROPOSED_HFIS,10,Favorable,12.444029850746269,False,0.0
boundary_humidity_2026-07-28T10:00:00+03:00,PROPOSED_HFIS,11,Favorable,12.444029850746269,False,0.0
boundary_humidity_2026-07-28T10:00:00+03:00,PROPOSED_HFIS,12,Favorable,12.444029850746269,False,0.0
boundary_humidity_2026-07-28T10:00:00+03:00,PROPOSED_HFIS,13,Favorable,12.444029850746269,False,0.0
boundary_humidity_2026-07-28T10:00:00+03:00,PROPOSED_HFIS,14,Favorable,12.444029850746269,False,0.0
boundary_humidity_2026-07-28T10:00:00+03:00,PROPOSED_HFIS,15,Favorable,12.444029850746269,False,0.0
boundary_humidity_2026-07-28T10:00:00+03:00,PROPOSED_HFIS,16,Favorable,12.444029850746269,False,0.0
boundary_humidity_2026-07-28T10:00:00+03:00,PROPOSED_HFIS,17,Favorable,12.444029850746269,False,0.0
boundary_humidity_2026-07-28T10:00:00+03:00,PROPOSED_HFIS,18,Favorable,12.444029850746269,False,0.0
boundary_humidity_2026-07-28T10:00:00+03:00,PROPOSED_HFIS,19,Favorable,12.444029850746269,False,0.0
boundary_humidity_2026-07-28T10:00:00+03:00,PROPOSED_HFIS,20,Favorable,12.444029850746269,False,0.0
boundary_humidity_2026-07-28T10:00:00+03:00,PROPOSED_HFIS,21,Favorable,12.444029850746269,False,0.0
boundary_humidity_2026-07-28T10:00:00+03:00,PROPOSED_HFIS,22,Favorable,12.444029850746269,False,0.0
boundary_humidity_2026-07-28T10:00:00+03:00,PROPOSED_HFIS,23,Favorable,12.444029850746269,False,0.0
boundary_humidity_2026-07-28T10:00:00+03:00,PROPOSED_HFIS,24,Favorable,12.444029850746269,False,0.0
boundary_humidity_2026-07-28T10:00:00+03:00,PROPOSED_HFIS,25,Favorable,12.444029850746269,False,0.0
boundary_humidity_2026-07-28T10:00:00+03:00,PROPOSED_HFIS,26,Favorable,12.444029850746269,False,0.0
boundary_humidity_2026-07-28T10:00:00+03:00,PROPOSED_HFIS,27,Favorable,12.444029850746269,False,0.0
boundary_humidity_2026-07-28T10:00:00+03:00,PROPOSED_HFIS,28,Favorable,12.444029850746269,False,0.0
boundary_humidity_2026-07-28T10:00:00+03:00,PROPOSED_HFIS,29,Favorable,12.444029850746269,False,0.0
boundary_humidity_2026-07-28T10:00:00+03:00,WEIGHTED_MEAN,0,Favorable,12.444029850746269,False,0.0
boundary_humidity_2026-07-28T10:00:00+03:00,WEIGHTED_MEAN,1,Favorable,12.444029850746269,False,0.0
boundary_humidity_2026-07-28T10:00:00+03:00,WEIGHTED_MEAN,2,Favorable,12.444029850746269,False,0.0
boundary_humidity_2026-07-28T10:00:00+03:00,WEIGHTED_MEAN,3,Favorable,12.444029850746269,False,0.0
boundary_humidity_2026-07-28T10:00:00+03:00,WEIGHTED_MEAN,4,Favorable,12.444029850746269,False,0.0
boundary_humidity_2026-07-28T10:00:00+03:00,WEIGHTED_MEAN,5,Favorable,12.444029850746269,False,0.0
boundary_humidity_2026-07-28T10:00:00+03:00,WEIGHTED_MEAN,6,Favorable,12.444029850746269,False,0.0
boundary_humidity_2026-07-28T10:00:00+03:00,WEIGHTED_MEAN,7,Favorable,12.444029850746269,False,0.0
boundary_humidity_2026-07-28T10:00:00+03:00,WEIGHTED_MEAN,8,Favorable,12.444029850746269,False,0.0
boundary_humidity_2026-07-28T10:00:00+03:00,WEIGHTED_MEAN,9,Favorable,12.444029850746269,False,0.0
boundary_humidity_2026-07-28T10:00:00+03:00,WEIGHTED_MEAN,10,Favorable,12.444029850746269,False,0.0
boundary_humidity_2026-07-28T10:00:00+03:00,WEIGHTED_MEAN,11,Favorable,12.444029850746269,False,0.0
boundary_humidity_2026-07-28T10:00:00+03:00,WEIGHTED_MEAN,12,Favorable,12.444029850746269,False,0.0
boundary_humidity_2026-07-28T10:00:00+03:00,WEIGHTED_MEAN,13,Favorable,12.444029850746269,False,0.0
boundary_humidity_2026-07-28T10:00:00+03:00,WEIGHTED_MEAN,14,Favorable,12.444029850746269,False,0.0
boundary_humidity_2026-07-28T10:00:00+03:00,WEIGHTED_MEAN,15,Favorable,12.444029850746269,False,0.0
boundary_humidity_2026-07-28T10:00:00+03:00,WEIGHTED_MEAN,16,Favorable,12.444029850746269,False,0.0
boundary_humidity_2026-07-28T10:00:00+03:00,WEIGHTED_MEAN,17,Favorable,12.444029850746269,False,0.0
boundary_humidity_2026-07-28T10:00:00+03:00,WEIGHTED_MEAN,18,Favorable,12.444029850746269,False,0.0
boundary_humidity_2026-07-28T10:00:00+03:00,WEIGHTED_MEAN,19,Favorable,12.444029850746269,False,0.0
boundary_humidity_2026-07-28T10:00:00+03:00,WEIGHTED_MEAN,20,Favorable,12.444029850746269,False,0.0
boundary_humidity_2026-07-28T10:00:00+03:00,WEIGHTED_MEAN,21,Favorable,12.444029850746269,False,0.0
boundary_humidity_2026-07-28T10:00:00+03:00,WEIGHTED_MEAN,22,Favorable,12.444029850746269,False,0.0
boundary_humidity_2026-07-28T10:00:00+03:00,WEIGHTED_MEAN,23,Favorable,12.444029850746269,False,0.0
boundary_humidity_2026-07-28T10:00:00+03:00,WEIGHTED_MEAN,24,Favorable,12.444029850746269,False,0.0
boundary_humidity_2026-07-28T10:00:00+03:00,WEIGHTED_MEAN,25,Favorable,12.444029850746269,False,0.0
boundary_humidity_2026-07-28T10:00:00+03:00,WEIGHTED_MEAN,26,Favorable,12.444029850746269,False,0.0
boundary_humidity_2026-07-28T10:00:00+03:00,WEIGHTED_MEAN,27,Favorable,12.444029850746269,False,0.0
boundary_humidity_2026-07-28T10:00:00+03:00,WEIGHTED_MEAN,28,Favorable,12.444029850746269,False,0.0
boundary_humidity_2026-07-28T10:00:00+03:00,WEIGHTED_MEAN,29,Favorable,12.444029850746269,False,0.0
boundary_humidity_2026-07-28T10:15:00+03:00,CRISP_CLASS_MAX,0,Favorable,12.5,False,0.0
boundary_humidity_2026-07-28T10:15:00+03:00,CRISP_CLASS_MAX,1,Favorable,12.5,False,0.0
boundary_humidity_2026-07-28T10:15:00+03:00,CRISP_CLASS_MAX,2,Favorable,12.5,False,0.0
boundary_humidity_2026-07-28T10:15:00+03:00,CRISP_CLASS_MAX,3,Favorable,12.5,False,0.0
boundary_humidity_2026-07-28T10:15:00+03:00,CRISP_CLASS_MAX,4,Favorable,12.5,False,0.0
boundary_humidity_2026-07-28T10:15:00+03:00,CRISP_CLASS_MAX,5,Favorable,12.5,False,0.0
boundary_humidity_2026-07-28T10:15:00+03:00,CRISP_CLASS_MAX,6,Favorable,12.5,False,0.0
boundary_humidity_2026-07-28T10:15:00+03:00,CRISP_CLASS_MAX,7,Favorable,12.5,False,0.0
boundary_humidity_2026-07-28T10:15:00+03:00,CRISP_CLASS_MAX,8,Favorable,12.5,False,0.0
boundary_humidity_2026-07-28T10:15:00+03:00,CRISP_CLASS_MAX,9,Favorable,12.5,False,0.0
boundary_humidity_2026-07-28T10:15:00+03:00,CRISP_CLASS_MAX,10,Favorable,12.5,False,0.0
boundary_humidity_2026-07-28T10:15:00+03:00,CRISP_CLASS_MAX,11,Favorable,12.5,False,0.0
boundary_humidity_2026-07-28T10:15:00+03:00,CRISP_CLASS_MAX,12,Favorable,12.5,False,0.0
boundary_humidity_2026-07-28T10:15:00+03:00,CRISP_CLASS_MAX,13,Favorable,12.5,False,0.0
boundary_humidity_2026-07-28T10:15:00+03:00,CRISP_CLASS_MAX,14,Favorable,12.5,False,0.0
boundary_humidity_2026-07-28T10:15:00+03:00,CRISP_CLASS_MAX,15,Favorable,12.5,False,0.0
boundary_humidity_2026-07-28T10:15:00+03:00,CRISP_CLASS_MAX,16,Favorable,12.5,False,0.0
boundary_humidity_2026-07-28T10:15:00+03:00,CRISP_CLASS_MAX,17,Favorable,12.5,False,0.0
boundary_humidity_2026-07-28T10:15:00+03:00,CRISP_CLASS_MAX,18,Favorable,12.5,False,0.0
boundary_humidity_2026-07-28T10:15:00+03:00,CRISP_CLASS_MAX,19,Favorable,12.5,False,0.0
boundary_humidity_2026-07-28T10:15:00+03:00,CRISP_CLASS_MAX,20,Favorable,12.5,False,0.0
boundary_humidity_2026-07-28T10:15:00+03:00,CRISP_CLASS_MAX,21,Favorable,12.5,False,0.0
boundary_humidity_2026-07-28T10:15:00+03:00,CRISP_CLASS_MAX,22,Favorable,12.5,False,0.0
boundary_humidity_2026-07-28T10:15:00+03:00,CRISP_CLASS_MAX,23,Favorable,12.5,False,0.0
boundary_humidity_2026-07-28T10:15:00+03:00,CRISP_CLASS_MAX,24,Favorable,12.5,False,0.0
boundary_humidity_2026-07-28T10:15:00+03:00,CRISP_CLASS_MAX,25,Favorable,12.5,False,0.0
boundary_humidity_2026-07-28T10:15:00+03:00,CRISP_CLASS_MAX,26,Favorable,12.5,False,0.0
boundary_humidity_2026-07-28T10:15:00+03:00,CRISP_CLASS_MAX,27,Favorable,12.5,False,0.0
boundary_humidity_2026-07-28T10:15:00+03:00,CRISP_CLASS_MAX,28,Favorable,12.5,False,0.0
boundary_humidity_2026-07-28T10:15:00+03:00,CRISP_CLASS_MAX,29,Favorable,12.5,False,0.0
boundary_humidity_2026-07-28T10:15:00+03:00,FUZZY_COMPONENT_MAX,0,Favorable,12.444029850746269,False,0.0
boundary_humidity_2026-07-28T10:15:00+03:00,FUZZY_COMPONENT_MAX,1,Favorable,12.444029850746269,False,0.0
boundary_humidity_2026-07-28T10:15:00+03:00,FUZZY_COMPONENT_MAX,2,Favorable,12.444029850746269,False,0.0
boundary_humidity_2026-07-28T10:15:00+03:00,FUZZY_COMPONENT_MAX,3,Favorable,12.444029850746269,False,0.0
boundary_humidity_2026-07-28T10:15:00+03:00,FUZZY_COMPONENT_MAX,4,Favorable,12.444029850746269,False,0.0
boundary_humidity_2026-07-28T10:15:00+03:00,FUZZY_COMPONENT_MAX,5,Favorable,12.444029850746269,False,0.0
boundary_humidity_2026-07-28T10:15:00+03:00,FUZZY_COMPONENT_MAX,6,Favorable,12.444029850746269,False,0.0
boundary_humidity_2026-07-28T10:15:00+03:00,FUZZY_COMPONENT_MAX,7,Favorable,12.444029850746269,False,0.0
boundary_humidity_2026-07-28T10:15:00+03:00,FUZZY_COMPONENT_MAX,8,Favorable,12.444029850746269,False,0.0
boundary_humidity_2026-07-28T10:15:00+03:00,FUZZY_COMPONENT_MAX,9,Favorable,12.444029850746269,False,0.0
boundary_humidity_2026-07-28T10:15:00+03:00,FUZZY_COMPONENT_MAX,10,Favorable,12.444029850746269,False,0.0
boundary_humidity_2026-07-28T10:15:00+03:00,FUZZY_COMPONENT_MAX,11,Favorable,12.444029850746269,False,0.0
boundary_humidity_2026-07-28T10:15:00+03:00,FUZZY_COMPONENT_MAX,12,Favorable,12.444029850746269,False,0.0
boundary_humidity_2026-07-28T10:15:00+03:00,FUZZY_COMPONENT_MAX,13,Favorable,12.444029850746269,False,0.0
boundary_humidity_2026-07-28T10:15:00+03:00,FUZZY_COMPONENT_MAX,14,Favorable,12.444029850746269,False,0.0
boundary_humidity_2026-07-28T10:15:00+03:00,FUZZY_COMPONENT_MAX,15,Favorable,12.444029850746269,False,0.0
boundary_humidity_2026-07-28T10:15:00+03:00,FUZZY_COMPONENT_MAX,16,Favorable,12.444029850746269,False,0.0
boundary_humidity_2026-07-28T10:15:00+03:00,FUZZY_COMPONENT_MAX,17,Favorable,12.444029850746269,False,0.0
boundary_humidity_2026-07-28T10:15:00+03:00,FUZZY_COMPONENT_MAX,18,Favorable,12.444029850746269,False,0.0
boundary_humidity_2026-07-28T10:15:00+03:00,FUZZY_COMPONENT_MAX,19,Favorable,12.444029850746269,False,0.0
boundary_humidity_2026-07-28T10:15:00+03:00,FUZZY_COMPONENT_MAX,20,Favorable,12.444029850746269,False,0.0
boundary_humidity_2026-07-28T10:15:00+03:00,FUZZY_COMPONENT_MAX,21,Favorable,12.444029850746269,False,0.0
boundary_humidity_2026-07-28T10:15:00+03:00,FUZZY_COMPONENT_MAX,22,Favorable,12.444029850746269,False,0.0
boundary_humidity_2026-07-28T10:15:00+03:00,FUZZY_COMPONENT_MAX,23,Favorable,12.444029850746269,False,0.0
boundary_humidity_2026-07-28T10:15:00+03:00,FUZZY_COMPONENT_MAX,24,Favorable,12.444029850746269,False,0.0
boundary_humidity_2026-07-28T10:15:00+03:00,FUZZY_COMPONENT_MAX,25,Favorable,12.444029850746269,False,0.0
boundary_humidity_2026-07-28T10:15:00+03:00,FUZZY_COMPONENT_MAX,26,Favorable,12.444029850746269,False,0.0
boundary_humidity_2026-07-28T10:15:00+03:00,FUZZY_COMPONENT_MAX,27,Favorable,12.444029850746269,False,0.0
boundary_humidity_2026-07-28T10:15:00+03:00,FUZZY_COMPONENT_MAX,28,Favorable,12.444029850746269,False,0.0
boundary_humidity_2026-07-28T10:15:00+03:00,FUZZY_COMPONENT_MAX,29,Favorable,12.444029850746269,False,0.0
boundary_humidity_2026-07-28T10:15:00+03:00,PROPOSED_HFIS,0,Favorable,12.444029850746269,False,0.0
boundary_humidity_2026-07-28T10:15:00+03:00,PROPOSED_HFIS,1,Favorable,12.444029850746269,False,0.0
boundary_humidity_2026-07-28T10:15:00+03:00,PROPOSED_HFIS,2,Favorable,12.444029850746269,False,0.0
boundary_humidity_2026-07-28T10:15:00+03:00,PROPOSED_HFIS,3,Favorable,12.444029850746269,False,0.0
boundary_humidity_2026-07-28T10:15:00+03:00,PROPOSED_HFIS,4,Favorable,12.444029850746269,False,0.0
boundary_humidity_2026-07-28T10:15:00+03:00,PROPOSED_HFIS,5,Favorable,12.444029850746269,False,0.0
boundary_humidity_2026-07-28T10:15:00+03:00,PROPOSED_HFIS,6,Favorable,12.444029850746269,False,0.0
boundary_humidity_2026-07-28T10:15:00+03:00,PROPOSED_HFIS,7,Favorable,12.444029850746269,False,0.0
boundary_humidity_2026-07-28T10:15:00+03:00,PROPOSED_HFIS,8,Favorable,12.444029850746269,False,0.0
boundary_humidity_2026-07-28T10:15:00+03:00,PROPOSED_HFIS,9,Favorable,12.444029850746269,False,0.0
boundary_humidity_2026-07-28T10:15:00+03:00,PROPOSED_HFIS,10,Favorable,12.444029850746269,False,0.0
boundary_humidity_2026-07-28T10:15:00+03:00,PROPOSED_HFIS,11,Favorable,12.444029850746269,False,0.0
boundary_humidity_2026-07-28T10:15:00+03:00,PROPOSED_HFIS,12,Favorable,12.444029850746269,False,0.0
boundary_humidity_2026-07-28T10:15:00+03:00,PROPOSED_HFIS,13,Favorable,12.444029850746269,False,0.0
boundary_humidity_2026-07-28T10:15:00+03:00,PROPOSED_HFIS,14,Favorable,12.444029850746269,False,0.0
boundary_humidity_2026-07-28T10:15:00+03:00,PROPOSED_HFIS,15,Favorable,12.444029850746269,False,0.0
boundary_humidity_2026-07-28T10:15:00+03:00,PROPOSED_HFIS,16,Favorable,12.444029850746269,False,0.0
boundary_humidity_2026-07-28T10:15:00+03:00,PROPOSED_HFIS,17,Favorable,12.444029850746269,False,0.0
boundary_humidity_2026-07-28T10:15:00+03:00,PROPOSED_HFIS,18,Favorable,12.444029850746269,False,0.0
boundary_humidity_2026-07-28T10:15:00+03:00,PROPOSED_HFIS,19,Favorable,12.444029850746269,False,0.0
boundary_humidity_2026-07-28T10:15:00+03:00,PROPOSED_HFIS,20,Favorable,12.444029850746269,False,0.0
boundary_humidity_2026-07-28T10:15:00+03:00,PROPOSED_HFIS,21,Favorable,12.444029850746269,False,0.0
boundary_humidity_2026-07-28T10:15:00+03:00,PROPOSED_HFIS,22,Favorable,12.444029850746269,False,0.0
boundary_humidity_2026-07-28T10:15:00+03:00,PROPOSED_HFIS,23,Favorable,12.444029850746269,False,0.0
boundary_humidity_2026-07-28T10:15:00+03:00,PROPOSED_HFIS,24,Favorable,12.444029850746269,False,0.0
boundary_humidity_2026-07-28T10:15:00+03:00,PROPOSED_HFIS,25,Favorable,12.444029850746269,False,0.0
boundary_humidity_2026-07-28T10:15:00+03:00,PROPOSED_HFIS,26,Favorable,12.444029850746269,False,0.0
boundary_humidity_2026-07-28T10:15:00+03:00,PROPOSED_HFIS,27,Favorable,12.444029850746269,False,0.0
boundary_humidity_2026-07-28T10:15:00+03:00,PROPOSED_HFIS,28,Favorable,12.444029850746269,False,0.0
boundary_humidity_2026-07-28T10:15:00+03:00,PROPOSED_HFIS,29,Favorable,12.444029850746269,False,0.0
boundary_humidity_2026-07-28T10:15:00+03:00,WEIGHTED_MEAN,0,Favorable,12.444029850746269,False,0.0
boundary_humidity_2026-07-28T10:15:00+03:00,WEIGHTED_MEAN,1,Favorable,12.444029850746269,False,0.0
boundary_humidity_2026-07-28T10:15:00+03:00,WEIGHTED_MEAN,2,Favorable,12.444029850746269,False,0.0
boundary_humidity_2026-07-28T10:15:00+03:00,WEIGHTED_MEAN,3,Favorable,12.444029850746269,False,0.0
boundary_humidity_2026-07-28T10:15:00+03:00,WEIGHTED_MEAN,4,Favorable,12.444029850746269,False,0.0
boundary_humidity_2026-07-28T10:15:00+03:00,WEIGHTED_MEAN,5,Favorable,12.444029850746269,False,0.0
boundary_humidity_2026-07-28T10:15:00+03:00,WEIGHTED_MEAN,6,Favorable,12.444029850746269,False,0.0
boundary_humidity_2026-07-28T10:15:00+03:00,WEIGHTED_MEAN,7,Favorable,12.444029850746269,False,0.0
boundary_humidity_2026-07-28T10:15:00+03:00,WEIGHTED_MEAN,8,Favorable,12.444029850746269,False,0.0
boundary_humidity_2026-07-28T10:15:00+03:00,WEIGHTED_MEAN,9,Favorable,12.444029850746269,False,0.0
boundary_humidity_2026-07-28T10:15:00+03:00,WEIGHTED_MEAN,10,Favorable,12.444029850746269,False,0.0
boundary_humidity_2026-07-28T10:15:00+03:00,WEIGHTED_MEAN,11,Favorable,12.444029850746269,False,0.0
boundary_humidity_2026-07-28T10:15:00+03:00,WEIGHTED_MEAN,12,Favorable,12.444029850746269,False,0.0
boundary_humidity_2026-07-28T10:15:00+03:00,WEIGHTED_MEAN,13,Favorable,12.444029850746269,False,0.0
boundary_humidity_2026-07-28T10:15:00+03:00,WEIGHTED_MEAN,14,Favorable,12.444029850746269,False,0.0
boundary_humidity_2026-07-28T10:15:00+03:00,WEIGHTED_MEAN,15,Favorable,12.444029850746269,False,0.0
boundary_humidity_2026-07-28T10:15:00+03:00,WEIGHTED_MEAN,16,Favorable,12.444029850746269,False,0.0
boundary_humidity_2026-07-28T10:15:00+03:00,WEIGHTED_MEAN,17,Favorable,12.444029850746269,False,0.0
boundary_humidity_2026-07-28T10:15:00+03:00,WEIGHTED_MEAN,18,Favorable,12.444029850746269,False,0.0
boundary_humidity_2026-07-28T10:15:00+03:00,WEIGHTED_MEAN,19,Favorable,12.444029850746269,False,0.0
boundary_humidity_2026-07-28T10:15:00+03:00,WEIGHTED_MEAN,20,Favorable,12.444029850746269,False,0.0
boundary_humidity_2026-07-28T10:15:00+03:00,WEIGHTED_MEAN,21,Favorable,12.444029850746269,False,0.0
boundary_humidity_2026-07-28T10:15:00+03:00,WEIGHTED_MEAN,22,Favorable,12.444029850746269,False,0.0
boundary_humidity_2026-07-28T10:15:00+03:00,WEIGHTED_MEAN,23,Favorable,12.444029850746269,False,0.0
boundary_humidity_2026-07-28T10:15:00+03:00,WEIGHTED_MEAN,24,Favorable,12.444029850746269,False,0.0
boundary_humidity_2026-07-28T10:15:00+03:00,WEIGHTED_MEAN,25,Favorable,12.444029850746269,False,0.0
boundary_humidity_2026-07-28T10:15:00+03:00,WEIGHTED_MEAN,26,Favorable,12.444029850746269,False,0.0
boundary_humidity_2026-07-28T10:15:00+03:00,WEIGHTED_MEAN,27,Favorable,12.444029850746269,False,0.0
boundary_humidity_2026-07-28T10:15:00+03:00,WEIGHTED_MEAN,28,Favorable,12.444029850746269,False,0.0
boundary_humidity_2026-07-28T10:15:00+03:00,WEIGHTED_MEAN,29,Favorable,12.444029850746269,False,0.0
boundary_humidity_2026-07-28T10:20:00+03:00,CRISP_CLASS_MAX,0,Favorable,12.5,False,0.0
boundary_humidity_2026-07-28T10:20:00+03:00,CRISP_CLASS_MAX,1,Favorable,12.5,False,0.0
boundary_humidity_2026-07-28T10:20:00+03:00,CRISP_CLASS_MAX,2,Favorable,12.5,False,0.0
boundary_humidity_2026-07-28T10:20:00+03:00,CRISP_CLASS_MAX,3,Favorable,12.5,False,0.0
boundary_humidity_2026-07-28T10:20:00+03:00,CRISP_CLASS_MAX,4,Favorable,12.5,False,0.0
boundary_humidity_2026-07-28T10:20:00+03:00,CRISP_CLASS_MAX,5,Favorable,12.5,False,0.0
boundary_humidity_2026-07-28T10:20:00+03:00,CRISP_CLASS_MAX,6,Favorable,12.5,False,0.0
boundary_humidity_2026-07-28T10:20:00+03:00,CRISP_CLASS_MAX,7,Favorable,12.5,False,0.0
boundary_humidity_2026-07-28T10:20:00+03:00,CRISP_CLASS_MAX,8,Favorable,12.5,False,0.0
boundary_humidity_2026-07-28T10:20:00+03:00,CRISP_CLASS_MAX,9,Favorable,12.5,False,0.0
boundary_humidity_2026-07-28T10:20:00+03:00,CRISP_CLASS_MAX,10,Favorable,12.5,False,0.0
boundary_humidity_2026-07-28T10:20:00+03:00,CRISP_CLASS_MAX,11,Favorable,12.5,False,0.0
boundary_humidity_2026-07-28T10:20:00+03:00,CRISP_CLASS_MAX,12,Favorable,12.5,False,0.0
boundary_humidity_2026-07-28T10:20:00+03:00,CRISP_CLASS_MAX,13,Favorable,12.5,False,0.0
boundary_humidity_2026-07-28T10:20:00+03:00,CRISP_CLASS_MAX,14,Favorable,12.5,False,0.0
boundary_humidity_2026-07-28T10:20:00+03:00,CRISP_CLASS_MAX,15,Favorable,12.5,False,0.0
boundary_humidity_2026-07-28T10:20:00+03:00,CRISP_CLASS_MAX,16,Favorable,12.5,False,0.0
boundary_humidity_2026-07-28T10:20:00+03:00,CRISP_CLASS_MAX,17,Favorable,12.5,False,0.0
boundary_humidity_2026-07-28T10:20:00+03:00,CRISP_CLASS_MAX,18,Favorable,12.5,False,0.0
boundary_humidity_2026-07-28T10:20:00+03:00,CRISP_CLASS_MAX,19,Favorable,12.5,False,0.0
boundary_humidity_2026-07-28T10:20:00+03:00,CRISP_CLASS_MAX,20,Favorable,12.5,False,0.0
boundary_humidity_2026-07-28T10:20:00+03:00,CRISP_CLASS_MAX,21,Favorable,12.5,False,0.0
boundary_humidity_2026-07-28T10:20:00+03:00,CRISP_CLASS_MAX,22,Favorable,12.5,False,0.0
boundary_humidity_2026-07-28T10:20:00+03:00,CRISP_CLASS_MAX,23,Favorable,12.5,False,0.0
boundary_humidity_2026-07-28T10:20:00+03:00,CRISP_CLASS_MAX,24,Favorable,12.5,False,0.0
boundary_humidity_2026-07-28T10:20:00+03:00,CRISP_CLASS_MAX,25,Favorable,12.5,False,0.0
boundary_humidity_2026-07-28T10:20:00+03:00,CRISP_CLASS_MAX,26,Favorable,12.5,False,0.0
boundary_humidity_2026-07-28T10:20:00+03:00,CRISP_CLASS_MAX,27,Favorable,12.5,False,0.0
boundary_humidity_2026-07-28T10:20:00+03:00,CRISP_CLASS_MAX,28,Favorable,12.5,False,0.0
boundary_humidity_2026-07-28T10:20:00+03:00,CRISP_CLASS_MAX,29,Favorable,12.5,False,0.0
boundary_humidity_2026-07-28T10:20:00+03:00,FUZZY_COMPONENT_MAX,0,Favorable,12.444029850746269,False,0.0
boundary_humidity_2026-07-28T10:20:00+03:00,FUZZY_COMPONENT_MAX,1,Favorable,12.444029850746269,False,0.0
boundary_humidity_2026-07-28T10:20:00+03:00,FUZZY_COMPONENT_MAX,2,Favorable,12.444029850746269,False,0.0
boundary_humidity_2026-07-28T10:20:00+03:00,FUZZY_COMPONENT_MAX,3,Favorable,12.444029850746269,False,0.0
boundary_humidity_2026-07-28T10:20:00+03:00,FUZZY_COMPONENT_MAX,4,Favorable,12.444029850746269,False,0.0
boundary_humidity_2026-07-28T10:20:00+03:00,FUZZY_COMPONENT_MAX,5,Favorable,12.444029850746269,False,0.0
boundary_humidity_2026-07-28T10:20:00+03:00,FUZZY_COMPONENT_MAX,6,Favorable,12.444029850746269,False,0.0
boundary_humidity_2026-07-28T10:20:00+03:00,FUZZY_COMPONENT_MAX,7,Favorable,12.444029850746269,False,0.0
boundary_humidity_2026-07-28T10:20:00+03:00,FUZZY_COMPONENT_MAX,8,Favorable,12.444029850746269,False,0.0
boundary_humidity_2026-07-28T10:20:00+03:00,FUZZY_COMPONENT_MAX,9,Favorable,12.444029850746269,False,0.0
boundary_humidity_2026-07-28T10:20:00+03:00,FUZZY_COMPONENT_MAX,10,Favorable,12.444029850746269,False,0.0
boundary_humidity_2026-07-28T10:20:00+03:00,FUZZY_COMPONENT_MAX,11,Favorable,12.444029850746269,False,0.0
boundary_humidity_2026-07-28T10:20:00+03:00,FUZZY_COMPONENT_MAX,12,Favorable,16.690213362717465,False,4.246183511971196
boundary_humidity_2026-07-28T10:20:00+03:00,FUZZY_COMPONENT_MAX,13,Favorable,12.444029850746269,False,0.0
boundary_humidity_2026-07-28T10:20:00+03:00,FUZZY_COMPONENT_MAX,14,Favorable,12.444029850746269,False,0.0
boundary_humidity_2026-07-28T10:20:00+03:00,FUZZY_COMPONENT_MAX,15,Favorable,15.336606732196554,False,2.8925768814502852
boundary_humidity_2026-07-28T10:20:00+03:00,FUZZY_COMPONENT_MAX,16,Favorable,12.444029850746269,False,0.0
boundary_humidity_2026-07-28T10:20:00+03:00,FUZZY_COMPONENT_MAX,17,Favorable,12.444029850746269,False,0.0
boundary_humidity_2026-07-28T10:20:00+03:00,FUZZY_COMPONENT_MAX,18,Favorable,12.444029850746269,False,0.0
boundary_humidity_2026-07-28T10:20:00+03:00,FUZZY_COMPONENT_MAX,19,Favorable,12.444029850746269,False,0.0
boundary_humidity_2026-07-28T10:20:00+03:00,FUZZY_COMPONENT_MAX,20,Favorable,12.444029850746269,False,0.0
boundary_humidity_2026-07-28T10:20:00+03:00,FUZZY_COMPONENT_MAX,21,Favorable,12.444029850746269,False,0.0
boundary_humidity_2026-07-28T10:20:00+03:00,FUZZY_COMPONENT_MAX,22,Favorable,12.444029850746269,False,0.0
boundary_humidity_2026-07-28T10:20:00+03:00,FUZZY_COMPONENT_MAX,23,Favorable,12.444029850746269,False,0.0
boundary_humidity_2026-07-28T10:20:00+03:00,FUZZY_COMPONENT_MAX,24,Favorable,12.444029850746269,False,0.0
boundary_humidity_2026-07-28T10:20:00+03:00,FUZZY_COMPONENT_MAX,25,Favorable,12.444029850746269,False,0.0
boundary_humidity_2026-07-28T10:20:00+03:00,FUZZY_COMPONENT_MAX,26,Favorable,12.444029850746269,False,0.0
boundary_humidity_2026-07-28T10:20:00+03:00,FUZZY_COMPONENT_MAX,27,Favorable,12.444029850746269,False,0.0
boundary_humidity_2026-07-28T10:20:00+03:00,FUZZY_COMPONENT_MAX,28,Favorable,12.444029850746269,False,0.0
boundary_humidity_2026-07-28T10:20:00+03:00,FUZZY_COMPONENT_MAX,29,Favorable,12.46244302487814,False,0.018413174131872267
boundary_humidity_2026-07-28T10:20:00+03:00,PROPOSED_HFIS,0,Favorable,12.444029850746269,False,0.0
boundary_humidity_2026-07-28T10:20:00+03:00,PROPOSED_HFIS,1,Favorable,12.444029850746269,False,0.0
boundary_humidity_2026-07-28T10:20:00+03:00,PROPOSED_HFIS,2,Favorable,12.444029850746269,False,0.0
boundary_humidity_2026-07-28T10:20:00+03:00,PROPOSED_HFIS,3,Favorable,12.444029850746269,False,0.0
boundary_humidity_2026-07-28T10:20:00+03:00,PROPOSED_HFIS,4,Favorable,12.444029850746269,False,0.0
boundary_humidity_2026-07-28T10:20:00+03:00,PROPOSED_HFIS,5,Favorable,12.444029850746269,False,0.0
boundary_humidity_2026-07-28T10:20:00+03:00,PROPOSED_HFIS,6,Favorable,12.444029850746269,False,0.0
boundary_humidity_2026-07-28T10:20:00+03:00,PROPOSED_HFIS,7,Favorable,12.444029850746269,False,0.0
boundary_humidity_2026-07-28T10:20:00+03:00,PROPOSED_HFIS,8,Favorable,12.444029850746269,False,0.0
boundary_humidity_2026-07-28T10:20:00+03:00,PROPOSED_HFIS,9,Favorable,12.444029850746269,False,0.0
boundary_humidity_2026-07-28T10:20:00+03:00,PROPOSED_HFIS,10,Favorable,12.444029850746269,False,0.0
boundary_humidity_2026-07-28T10:20:00+03:00,PROPOSED_HFIS,11,Favorable,12.444029850746269,False,0.0
boundary_humidity_2026-07-28T10:20:00+03:00,PROPOSED_HFIS,12,Favorable,16.690213362717465,False,4.246183511971196
boundary_humidity_2026-07-28T10:20:00+03:00,PROPOSED_HFIS,13,Favorable,12.444029850746269,False,0.0
boundary_humidity_2026-07-28T10:20:00+03:00,PROPOSED_HFIS,14,Favorable,12.444029850746269,False,0.0
boundary_humidity_2026-07-28T10:20:00+03:00,PROPOSED_HFIS,15,Favorable,15.336606732196554,False,2.8925768814502852
boundary_humidity_2026-07-28T10:20:00+03:00,PROPOSED_HFIS,16,Favorable,12.444029850746269,False,0.0
boundary_humidity_2026-07-28T10:20:00+03:00,PROPOSED_HFIS,17,Favorable,12.444029850746269,False,0.0
boundary_humidity_2026-07-28T10:20:00+03:00,PROPOSED_HFIS,18,Favorable,12.444029850746269,False,0.0
boundary_humidity_2026-07-28T10:20:00+03:00,PROPOSED_HFIS,19,Favorable,12.444029850746269,False,0.0
boundary_humidity_2026-07-28T10:20:00+03:00,PROPOSED_HFIS,20,Favorable,12.444029850746269,False,0.0
boundary_humidity_2026-07-28T10:20:00+03:00,PROPOSED_HFIS,21,Favorable,12.444029850746269,False,0.0
boundary_humidity_2026-07-28T10:20:00+03:00,PROPOSED_HFIS,22,Favorable,12.444029850746269,False,0.0
boundary_humidity_2026-07-28T10:20:00+03:00,PROPOSED_HFIS,23,Favorable,12.444029850746269,False,0.0
boundary_humidity_2026-07-28T10:20:00+03:00,PROPOSED_HFIS,24,Favorable,12.444029850746269,False,0.0
boundary_humidity_2026-07-28T10:20:00+03:00,PROPOSED_HFIS,25,Favorable,12.444029850746269,False,0.0
boundary_humidity_2026-07-28T10:20:00+03:00,PROPOSED_HFIS,26,Favorable,12.444029850746269,False,0.0
boundary_humidity_2026-07-28T10:20:00+03:00,PROPOSED_HFIS,27,Favorable,12.444029850746269,False,0.0
boundary_humidity_2026-07-28T10:20:00+03:00,PROPOSED_HFIS,28,Favorable,12.444029850746269,False,0.0
boundary_humidity_2026-07-28T10:20:00+03:00,PROPOSED_HFIS,29,Favorable,12.46244302487814,False,0.018413174131872267
boundary_humidity_2026-07-28T10:20:00+03:00,WEIGHTED_MEAN,0,Favorable,12.444029850746269,False,0.0
boundary_humidity_2026-07-28T10:20:00+03:00,WEIGHTED_MEAN,1,Favorable,12.444029850746269,False,0.0
boundary_humidity_2026-07-28T10:20:00+03:00,WEIGHTED_MEAN,2,Favorable,12.444029850746269,False,0.0
boundary_humidity_2026-07-28T10:20:00+03:00,WEIGHTED_MEAN,3,Favorable,12.444029850746269,False,0.0
boundary_humidity_2026-07-28T10:20:00+03:00,WEIGHTED_MEAN,4,Favorable,12.444029850746269,False,0.0
boundary_humidity_2026-07-28T10:20:00+03:00,WEIGHTED_MEAN,5,Favorable,12.444029850746269,False,0.0
boundary_humidity_2026-07-28T10:20:00+03:00,WEIGHTED_MEAN,6,Favorable,12.444029850746269,False,0.0
boundary_humidity_2026-07-28T10:20:00+03:00,WEIGHTED_MEAN,7,Favorable,12.444029850746269,False,0.0
boundary_humidity_2026-07-28T10:20:00+03:00,WEIGHTED_MEAN,8,Favorable,12.444029850746269,False,0.0
boundary_humidity_2026-07-28T10:20:00+03:00,WEIGHTED_MEAN,9,Favorable,12.444029850746269,False,0.0
boundary_humidity_2026-07-28T10:20:00+03:00,WEIGHTED_MEAN,10,Favorable,12.444029850746269,False,0.0
boundary_humidity_2026-07-28T10:20:00+03:00,WEIGHTED_MEAN,11,Favorable,12.444029850746269,False,0.0
boundary_humidity_2026-07-28T10:20:00+03:00,WEIGHTED_MEAN,12,Favorable,16.690213362717465,False,4.246183511971196
boundary_humidity_2026-07-28T10:20:00+03:00,WEIGHTED_MEAN,13,Favorable,12.444029850746269,False,0.0
boundary_humidity_2026-07-28T10:20:00+03:00,WEIGHTED_MEAN,14,Favorable,12.444029850746269,False,0.0
boundary_humidity_2026-07-28T10:20:00+03:00,WEIGHTED_MEAN,15,Favorable,15.336606732196554,False,2.8925768814502852
boundary_humidity_2026-07-28T10:20:00+03:00,WEIGHTED_MEAN,16,Favorable,12.444029850746269,False,0.0
boundary_humidity_2026-07-28T10:20:00+03:00,WEIGHTED_MEAN,17,Favorable,12.444029850746269,False,0.0
boundary_humidity_2026-07-28T10:20:00+03:00,WEIGHTED_MEAN,18,Favorable,12.444029850746269,False,0.0
boundary_humidity_2026-07-28T10:20:00+03:00,WEIGHTED_MEAN,19,Favorable,12.444029850746269,False,0.0
boundary_humidity_2026-07-28T10:20:00+03:00,WEIGHTED_MEAN,20,Favorable,12.444029850746269,False,0.0
boundary_humidity_2026-07-28T10:20:00+03:00,WEIGHTED_MEAN,21,Favorable,12.444029850746269,False,0.0
boundary_humidity_2026-07-28T10:20:00+03:00,WEIGHTED_MEAN,22,Favorable,12.444029850746269,False,0.0
boundary_humidity_2026-07-28T10:20:00+03:00,WEIGHTED_MEAN,23,Favorable,12.444029850746269,False,0.0
boundary_humidity_2026-07-28T10:20:00+03:00,WEIGHTED_MEAN,24,Favorable,12.444029850746269,False,0.0
boundary_humidity_2026-07-28T10:20:00+03:00,WEIGHTED_MEAN,25,Favorable,12.444029850746269,False,0.0
boundary_humidity_2026-07-28T10:20:00+03:00,WEIGHTED_MEAN,26,Favorable,12.444029850746269,False,0.0
boundary_humidity_2026-07-28T10:20:00+03:00,WEIGHTED_MEAN,27,Favorable,12.444029850746269,False,0.0
boundary_humidity_2026-07-28T10:20:00+03:00,WEIGHTED_MEAN,28,Favorable,12.444029850746269,False,0.0
boundary_humidity_2026-07-28T10:20:00+03:00,WEIGHTED_MEAN,29,Favorable,12.46244302487814,False,0.018413174131872267
boundary_humidity_2026-07-28T11:10:00+03:00,CRISP_CLASS_MAX,0,Acceptable,37.5,False,0.0
boundary_humidity_2026-07-28T11:10:00+03:00,CRISP_CLASS_MAX,1,Favorable,12.5,True,25.0
boundary_humidity_2026-07-28T11:10:00+03:00,CRISP_CLASS_MAX,2,Acceptable,37.5,False,0.0
boundary_humidity_2026-07-28T11:10:00+03:00,CRISP_CLASS_MAX,3,Acceptable,37.5,False,0.0
boundary_humidity_2026-07-28T11:10:00+03:00,CRISP_CLASS_MAX,4,Acceptable,37.5,False,0.0
boundary_humidity_2026-07-28T11:10:00+03:00,CRISP_CLASS_MAX,5,Acceptable,37.5,False,0.0
boundary_humidity_2026-07-28T11:10:00+03:00,CRISP_CLASS_MAX,6,Favorable,12.5,True,25.0
boundary_humidity_2026-07-28T11:10:00+03:00,CRISP_CLASS_MAX,7,Favorable,12.5,True,25.0
boundary_humidity_2026-07-28T11:10:00+03:00,CRISP_CLASS_MAX,8,Acceptable,37.5,False,0.0
boundary_humidity_2026-07-28T11:10:00+03:00,CRISP_CLASS_MAX,9,Acceptable,37.5,False,0.0
boundary_humidity_2026-07-28T11:10:00+03:00,CRISP_CLASS_MAX,10,Favorable,12.5,True,25.0
boundary_humidity_2026-07-28T11:10:00+03:00,CRISP_CLASS_MAX,11,Acceptable,37.5,False,0.0
boundary_humidity_2026-07-28T11:10:00+03:00,CRISP_CLASS_MAX,12,Acceptable,37.5,False,0.0
boundary_humidity_2026-07-28T11:10:00+03:00,CRISP_CLASS_MAX,13,Favorable,12.5,True,25.0
boundary_humidity_2026-07-28T11:10:00+03:00,CRISP_CLASS_MAX,14,Acceptable,37.5,False,0.0
boundary_humidity_2026-07-28T11:10:00+03:00,CRISP_CLASS_MAX,15,Favorable,12.5,True,25.0
boundary_humidity_2026-07-28T11:10:00+03:00,CRISP_CLASS_MAX,16,Acceptable,37.5,False,0.0
boundary_humidity_2026-07-28T11:10:00+03:00,CRISP_CLASS_MAX,17,Acceptable,37.5,False,0.0
boundary_humidity_2026-07-28T11:10:00+03:00,CRISP_CLASS_MAX,18,Acceptable,37.5,False,0.0
boundary_humidity_2026-07-28T11:10:00+03:00,CRISP_CLASS_MAX,19,Acceptable,37.5,False,0.0
boundary_humidity_2026-07-28T11:10:00+03:00,CRISP_CLASS_MAX,20,Acceptable,37.5,False,0.0
boundary_humidity_2026-07-28T11:10:00+03:00,CRISP_CLASS_MAX,21,Favorable,12.5,True,25.0
boundary_humidity_2026-07-28T11:10:00+03:00,CRISP_CLASS_MAX,22,Favorable,12.5,True,25.0
boundary_humidity_2026-07-28T11:10:00+03:00,CRISP_CLASS_MAX,23,Favorable,12.5,True,25.0
boundary_humidity_2026-07-28T11:10:00+03:00,CRISP_CLASS_MAX,24,Acceptable,37.5,False,0.0
boundary_humidity_2026-07-28T11:10:00+03:00,CRISP_CLASS_MAX,25,Acceptable,37.5,False,0.0
boundary_humidity_2026-07-28T11:10:00+03:00,CRISP_CLASS_MAX,26,Acceptable,37.5,False,0.0
boundary_humidity_2026-07-28T11:10:00+03:00,CRISP_CLASS_MAX,27,Acceptable,37.5,False,0.0
boundary_humidity_2026-07-28T11:10:00+03:00,CRISP_CLASS_MAX,28,Acceptable,37.5,False,0.0
boundary_humidity_2026-07-28T11:10:00+03:00,CRISP_CLASS_MAX,29,Favorable,12.5,True,25.0
boundary_humidity_2026-07-28T11:10:00+03:00,FUZZY_COMPONENT_MAX,0,Acceptable,37.50000000000001,False,7.105427357601002e-15
boundary_humidity_2026-07-28T11:10:00+03:00,FUZZY_COMPONENT_MAX,1,Favorable,16.91224711434767,True,20.58775288565233
boundary_humidity_2026-07-28T11:10:00+03:00,FUZZY_COMPONENT_MAX,2,Acceptable,37.5,False,0.0
boundary_humidity_2026-07-28T11:10:00+03:00,FUZZY_COMPONENT_MAX,3,Acceptable,33.23424688547754,False,4.265753114522461
boundary_humidity_2026-07-28T11:10:00+03:00,FUZZY_COMPONENT_MAX,4,Acceptable,38.15420190286531,False,0.6542019028653101
boundary_humidity_2026-07-28T11:10:00+03:00,FUZZY_COMPONENT_MAX,5,Acceptable,37.5,False,0.0
boundary_humidity_2026-07-28T11:10:00+03:00,FUZZY_COMPONENT_MAX,6,Favorable,17.58431624428825,True,19.91568375571175
boundary_humidity_2026-07-28T11:10:00+03:00,FUZZY_COMPONENT_MAX,7,Favorable,21.28277002838358,True,16.21722997161642
boundary_humidity_2026-07-28T11:10:00+03:00,FUZZY_COMPONENT_MAX,8,Acceptable,33.95115849122936,False,3.548841508770643
boundary_humidity_2026-07-28T11:10:00+03:00,FUZZY_COMPONENT_MAX,9,Acceptable,38.07853111309329,False,0.5785311130932911
boundary_humidity_2026-07-28T11:10:00+03:00,FUZZY_COMPONENT_MAX,10,Favorable,15.819405619102252,True,21.680594380897748
boundary_humidity_2026-07-28T11:10:00+03:00,FUZZY_COMPONENT_MAX,11,Acceptable,36.7559532685418,False,0.744046731458198
boundary_humidity_2026-07-28T11:10:00+03:00,FUZZY_COMPONENT_MAX,12,Acceptable,37.5,False,0.0
boundary_humidity_2026-07-28T11:10:00+03:00,FUZZY_COMPONENT_MAX,13,Favorable,24.11808210040149,True,13.381917899598509
boundary_humidity_2026-07-28T11:10:00+03:00,FUZZY_COMPONENT_MAX,14,Acceptable,36.66782977567888,False,0.8321702243211178
boundary_humidity_2026-07-28T11:10:00+03:00,FUZZY_COMPONENT_MAX,15,Favorable,21.78480680521596,True,15.715193194784039
boundary_humidity_2026-07-28T11:10:00+03:00,FUZZY_COMPONENT_MAX,16,Acceptable,26.93082770255046,False,10.56917229744954
boundary_humidity_2026-07-28T11:10:00+03:00,FUZZY_COMPONENT_MAX,17,Acceptable,37.5,False,0.0
boundary_humidity_2026-07-28T11:10:00+03:00,FUZZY_COMPONENT_MAX,18,Acceptable,38.41258983675743,False,0.9125898367574266
boundary_humidity_2026-07-28T11:10:00+03:00,FUZZY_COMPONENT_MAX,19,Acceptable,37.5,False,0.0
boundary_humidity_2026-07-28T11:10:00+03:00,FUZZY_COMPONENT_MAX,20,Acceptable,37.5,False,0.0
boundary_humidity_2026-07-28T11:10:00+03:00,FUZZY_COMPONENT_MAX,21,Favorable,20.716859069391013,True,16.783140930608987
boundary_humidity_2026-07-28T11:10:00+03:00,FUZZY_COMPONENT_MAX,22,Favorable,24.488787965788692,True,13.011212034211308
boundary_humidity_2026-07-28T11:10:00+03:00,FUZZY_COMPONENT_MAX,23,Favorable,16.840788766173272,True,20.659211233826728
boundary_humidity_2026-07-28T11:10:00+03:00,FUZZY_COMPONENT_MAX,24,Acceptable,37.5,False,0.0
boundary_humidity_2026-07-28T11:10:00+03:00,FUZZY_COMPONENT_MAX,25,Acceptable,32.08769909558252,False,5.412300904417478
boundary_humidity_2026-07-28T11:10:00+03:00,FUZZY_COMPONENT_MAX,26,Acceptable,37.5,False,0.0
boundary_humidity_2026-07-28T11:10:00+03:00,FUZZY_COMPONENT_MAX,27,Acceptable,37.5,False,0.0
boundary_humidity_2026-07-28T11:10:00+03:00,FUZZY_COMPONENT_MAX,28,Acceptable,28.586150402977193,False,8.913849597022807
boundary_humidity_2026-07-28T11:10:00+03:00,FUZZY_COMPONENT_MAX,29,Favorable,23.863245777933173,True,13.636754222066827
boundary_humidity_2026-07-28T11:10:00+03:00,PROPOSED_HFIS,0,Acceptable,37.50000000000001,False,7.105427357601002e-15
boundary_humidity_2026-07-28T11:10:00+03:00,PROPOSED_HFIS,1,Favorable,16.91224711434767,True,20.58775288565233
boundary_humidity_2026-07-28T11:10:00+03:00,PROPOSED_HFIS,2,Acceptable,37.5,False,0.0
boundary_humidity_2026-07-28T11:10:00+03:00,PROPOSED_HFIS,3,Acceptable,33.23424688547754,False,4.265753114522461
boundary_humidity_2026-07-28T11:10:00+03:00,PROPOSED_HFIS,4,Acceptable,38.15420190286531,False,0.6542019028653101
boundary_humidity_2026-07-28T11:10:00+03:00,PROPOSED_HFIS,5,Acceptable,37.5,False,0.0
boundary_humidity_2026-07-28T11:10:00+03:00,PROPOSED_HFIS,6,Favorable,17.58431624428825,True,19.91568375571175
boundary_humidity_2026-07-28T11:10:00+03:00,PROPOSED_HFIS,7,Favorable,21.28277002838358,True,16.21722997161642
boundary_humidity_2026-07-28T11:10:00+03:00,PROPOSED_HFIS,8,Acceptable,33.95115849122936,False,3.548841508770643
boundary_humidity_2026-07-28T11:10:00+03:00,PROPOSED_HFIS,9,Acceptable,38.07853111309329,False,0.5785311130932911
boundary_humidity_2026-07-28T11:10:00+03:00,PROPOSED_HFIS,10,Favorable,15.819405619102252,True,21.680594380897748
boundary_humidity_2026-07-28T11:10:00+03:00,PROPOSED_HFIS,11,Acceptable,36.7559532685418,False,0.744046731458198
boundary_humidity_2026-07-28T11:10:00+03:00,PROPOSED_HFIS,12,Acceptable,37.5,False,0.0
boundary_humidity_2026-07-28T11:10:00+03:00,PROPOSED_HFIS,13,Favorable,24.11808210040149,True,13.381917899598509
boundary_humidity_2026-07-28T11:10:00+03:00,PROPOSED_HFIS,14,Acceptable,36.66782977567888,False,0.8321702243211178
boundary_humidity_2026-07-28T11:10:00+03:00,PROPOSED_HFIS,15,Favorable,21.78480680521596,True,15.715193194784039
boundary_humidity_2026-07-28T11:10:00+03:00,PROPOSED_HFIS,16,Acceptable,26.93082770255046,False,10.56917229744954
boundary_humidity_2026-07-28T11:10:00+03:00,PROPOSED_HFIS,17,Acceptable,37.5,False,0.0
boundary_humidity_2026-07-28T11:10:00+03:00,PROPOSED_HFIS,18,Acceptable,38.41258983675743,False,0.9125898367574266
boundary_humidity_2026-07-28T11:10:00+03:00,PROPOSED_HFIS,19,Acceptable,37.5,False,0.0
boundary_humidity_2026-07-28T11:10:00+03:00,PROPOSED_HFIS,20,Acceptable,37.5,False,0.0
boundary_humidity_2026-07-28T11:10:00+03:00,PROPOSED_HFIS,21,Favorable,20.716859069391013,True,16.783140930608987
boundary_humidity_2026-07-28T11:10:00+03:00,PROPOSED_HFIS,22,Favorable,24.488787965788692,True,13.011212034211308
boundary_humidity_2026-07-28T11:10:00+03:00,PROPOSED_HFIS,23,Favorable,16.840788766173272,True,20.659211233826728
boundary_humidity_2026-07-28T11:10:00+03:00,PROPOSED_HFIS,24,Acceptable,37.5,False,0.0
boundary_humidity_2026-07-28T11:10:00+03:00,PROPOSED_HFIS,25,Acceptable,32.08769909558252,False,5.412300904417478
boundary_humidity_2026-07-28T11:10:00+03:00,PROPOSED_HFIS,26,Acceptable,37.5,False,0.0
boundary_humidity_2026-07-28T11:10:00+03:00,PROPOSED_HFIS,27,Acceptable,37.5,False,0.0
boundary_humidity_2026-07-28T11:10:00+03:00,PROPOSED_HFIS,28,Acceptable,28.586150402977193,False,8.913849597022807
boundary_humidity_2026-07-28T11:10:00+03:00,PROPOSED_HFIS,29,Favorable,23.863245777933173,True,13.636754222066827
boundary_humidity_2026-07-28T11:10:00+03:00,WEIGHTED_MEAN,0,Acceptable,37.50000000000001,False,7.105427357601002e-15
boundary_humidity_2026-07-28T11:10:00+03:00,WEIGHTED_MEAN,1,Favorable,16.91224711434767,True,20.58775288565233
boundary_humidity_2026-07-28T11:10:00+03:00,WEIGHTED_MEAN,2,Acceptable,37.5,False,0.0
boundary_humidity_2026-07-28T11:10:00+03:00,WEIGHTED_MEAN,3,Acceptable,33.23424688547754,False,4.265753114522461
boundary_humidity_2026-07-28T11:10:00+03:00,WEIGHTED_MEAN,4,Acceptable,38.15420190286531,False,0.6542019028653101
boundary_humidity_2026-07-28T11:10:00+03:00,WEIGHTED_MEAN,5,Acceptable,37.5,False,0.0
boundary_humidity_2026-07-28T11:10:00+03:00,WEIGHTED_MEAN,6,Favorable,17.58431624428825,True,19.91568375571175
boundary_humidity_2026-07-28T11:10:00+03:00,WEIGHTED_MEAN,7,Favorable,21.28277002838358,True,16.21722997161642
boundary_humidity_2026-07-28T11:10:00+03:00,WEIGHTED_MEAN,8,Acceptable,33.95115849122936,False,3.548841508770643
boundary_humidity_2026-07-28T11:10:00+03:00,WEIGHTED_MEAN,9,Acceptable,38.07853111309329,False,0.5785311130932911
boundary_humidity_2026-07-28T11:10:00+03:00,WEIGHTED_MEAN,10,Favorable,15.819405619102252,True,21.680594380897748
boundary_humidity_2026-07-28T11:10:00+03:00,WEIGHTED_MEAN,11,Acceptable,36.7559532685418,False,0.744046731458198
boundary_humidity_2026-07-28T11:10:00+03:00,WEIGHTED_MEAN,12,Acceptable,37.5,False,0.0
boundary_humidity_2026-07-28T11:10:00+03:00,WEIGHTED_MEAN,13,Favorable,24.11808210040149,True,13.381917899598509
boundary_humidity_2026-07-28T11:10:00+03:00,WEIGHTED_MEAN,14,Acceptable,36.66782977567888,False,0.8321702243211178
boundary_humidity_2026-07-28T11:10:00+03:00,WEIGHTED_MEAN,15,Favorable,21.78480680521596,True,15.715193194784039
boundary_humidity_2026-07-28T11:10:00+03:00,WEIGHTED_MEAN,16,Acceptable,26.93082770255046,False,10.56917229744954
boundary_humidity_2026-07-28T11:10:00+03:00,WEIGHTED_MEAN,17,Acceptable,37.5,False,0.0
boundary_humidity_2026-07-28T11:10:00+03:00,WEIGHTED_MEAN,18,Acceptable,38.41258983675743,False,0.9125898367574266
boundary_humidity_2026-07-28T11:10:00+03:00,WEIGHTED_MEAN,19,Acceptable,37.5,False,0.0
boundary_humidity_2026-07-28T11:10:00+03:00,WEIGHTED_MEAN,20,Acceptable,37.5,False,0.0
boundary_humidity_2026-07-28T11:10:00+03:00,WEIGHTED_MEAN,21,Favorable,20.716859069391013,True,16.783140930608987
boundary_humidity_2026-07-28T11:10:00+03:00,WEIGHTED_MEAN,22,Favorable,24.488787965788692,True,13.011212034211308
boundary_humidity_2026-07-28T11:10:00+03:00,WEIGHTED_MEAN,23,Favorable,16.840788766173272,True,20.659211233826728
boundary_humidity_2026-07-28T11:10:00+03:00,WEIGHTED_MEAN,24,Acceptable,37.5,False,0.0
boundary_humidity_2026-07-28T11:10:00+03:00,WEIGHTED_MEAN,25,Acceptable,32.08769909558252,False,5.412300904417478
boundary_humidity_2026-07-28T11:10:00+03:00,WEIGHTED_MEAN,26,Acceptable,37.5,False,0.0
boundary_humidity_2026-07-28T11:10:00+03:00,WEIGHTED_MEAN,27,Acceptable,37.5,False,0.0
boundary_humidity_2026-07-28T11:10:00+03:00,WEIGHTED_MEAN,28,Acceptable,28.586150402977193,False,8.913849597022807
boundary_humidity_2026-07-28T11:10:00+03:00,WEIGHTED_MEAN,29,Favorable,23.863245777933173,True,13.636754222066827
boundary_pm10_2026-07-23T00:55:00+03:00,CRISP_CLASS_MAX,0,Degraded,62.5,False,0.0
boundary_pm10_2026-07-23T00:55:00+03:00,CRISP_CLASS_MAX,1,Degraded,62.5,False,0.0
boundary_pm10_2026-07-23T00:55:00+03:00,CRISP_CLASS_MAX,2,Degraded,62.5,False,0.0
boundary_pm10_2026-07-23T00:55:00+03:00,CRISP_CLASS_MAX,3,Degraded,62.5,False,0.0
boundary_pm10_2026-07-23T00:55:00+03:00,CRISP_CLASS_MAX,4,Degraded,62.5,False,0.0
boundary_pm10_2026-07-23T00:55:00+03:00,CRISP_CLASS_MAX,5,Degraded,62.5,False,0.0
boundary_pm10_2026-07-23T00:55:00+03:00,CRISP_CLASS_MAX,6,Degraded,62.5,False,0.0
boundary_pm10_2026-07-23T00:55:00+03:00,CRISP_CLASS_MAX,7,Degraded,62.5,False,0.0
boundary_pm10_2026-07-23T00:55:00+03:00,CRISP_CLASS_MAX,8,Degraded,62.5,False,0.0
boundary_pm10_2026-07-23T00:55:00+03:00,CRISP_CLASS_MAX,9,Degraded,62.5,False,0.0
boundary_pm10_2026-07-23T00:55:00+03:00,CRISP_CLASS_MAX,10,Degraded,62.5,False,0.0
boundary_pm10_2026-07-23T00:55:00+03:00,CRISP_CLASS_MAX,11,Degraded,62.5,False,0.0
boundary_pm10_2026-07-23T00:55:00+03:00,CRISP_CLASS_MAX,12,Degraded,62.5,False,0.0
boundary_pm10_2026-07-23T00:55:00+03:00,CRISP_CLASS_MAX,13,Degraded,62.5,False,0.0
boundary_pm10_2026-07-23T00:55:00+03:00,CRISP_CLASS_MAX,14,Degraded,62.5,False,0.0
boundary_pm10_2026-07-23T00:55:00+03:00,CRISP_CLASS_MAX,15,Degraded,62.5,False,0.0
boundary_pm10_2026-07-23T00:55:00+03:00,CRISP_CLASS_MAX,16,Degraded,62.5,False,0.0
boundary_pm10_2026-07-23T00:55:00+03:00,CRISP_CLASS_MAX,17,Degraded,62.5,False,0.0
boundary_pm10_2026-07-23T00:55:00+03:00,CRISP_CLASS_MAX,18,Degraded,62.5,False,0.0
boundary_pm10_2026-07-23T00:55:00+03:00,CRISP_CLASS_MAX,19,Degraded,62.5,False,0.0
boundary_pm10_2026-07-23T00:55:00+03:00,CRISP_CLASS_MAX,20,Degraded,62.5,False,0.0
boundary_pm10_2026-07-23T00:55:00+03:00,CRISP_CLASS_MAX,21,Degraded,62.5,False,0.0
boundary_pm10_2026-07-23T00:55:00+03:00,CRISP_CLASS_MAX,22,Degraded,62.5,False,0.0
boundary_pm10_2026-07-23T00:55:00+03:00,CRISP_CLASS_MAX,23,Degraded,62.5,False,0.0
boundary_pm10_2026-07-23T00:55:00+03:00,CRISP_CLASS_MAX,24,Degraded,62.5,False,0.0
boundary_pm10_2026-07-23T00:55:00+03:00,CRISP_CLASS_MAX,25,Degraded,62.5,False,0.0
boundary_pm10_2026-07-23T00:55:00+03:00,CRISP_CLASS_MAX,26,Degraded,62.5,False,0.0
boundary_pm10_2026-07-23T00:55:00+03:00,CRISP_CLASS_MAX,27,Degraded,62.5,False,0.0
boundary_pm10_2026-07-23T00:55:00+03:00,CRISP_CLASS_MAX,28,Degraded,62.5,False,0.0
boundary_pm10_2026-07-23T00:55:00+03:00,CRISP_CLASS_MAX,29,Degraded,62.5,False,0.0
boundary_pm10_2026-07-23T00:55:00+03:00,FUZZY_COMPONENT_MAX,0,Degraded,62.5,False,2.1316282072803006e-14
boundary_pm10_2026-07-23T00:55:00+03:00,FUZZY_COMPONENT_MAX,1,Degraded,62.49999999999999,False,1.4210854715202004e-14
boundary_pm10_2026-07-23T00:55:00+03:00,FUZZY_COMPONENT_MAX,2,Degraded,62.5,False,2.1316282072803006e-14
boundary_pm10_2026-07-23T00:55:00+03:00,FUZZY_COMPONENT_MAX,3,Degraded,62.50000000000001,False,2.842170943040401e-14
boundary_pm10_2026-07-23T00:55:00+03:00,FUZZY_COMPONENT_MAX,4,Degraded,62.499999999999986,False,7.105427357601002e-15
boundary_pm10_2026-07-23T00:55:00+03:00,FUZZY_COMPONENT_MAX,5,Degraded,62.5,False,2.1316282072803006e-14
boundary_pm10_2026-07-23T00:55:00+03:00,FUZZY_COMPONENT_MAX,6,Degraded,62.500000000000014,False,3.552713678800501e-14
boundary_pm10_2026-07-23T00:55:00+03:00,FUZZY_COMPONENT_MAX,7,Degraded,62.50000000000003,False,4.973799150320701e-14
boundary_pm10_2026-07-23T00:55:00+03:00,FUZZY_COMPONENT_MAX,8,Degraded,67.68664015762577,False,5.186640157625796
boundary_pm10_2026-07-23T00:55:00+03:00,FUZZY_COMPONENT_MAX,9,Degraded,62.50000000000001,False,2.842170943040401e-14
boundary_pm10_2026-07-23T00:55:00+03:00,FUZZY_COMPONENT_MAX,10,Degraded,62.50000000000002,False,4.263256414560601e-14
boundary_pm10_2026-07-23T00:55:00+03:00,FUZZY_COMPONENT_MAX,11,Degraded,62.5,False,2.1316282072803006e-14
boundary_pm10_2026-07-23T00:55:00+03:00,FUZZY_COMPONENT_MAX,12,Degraded,62.49999999999999,False,1.4210854715202004e-14
boundary_pm10_2026-07-23T00:55:00+03:00,FUZZY_COMPONENT_MAX,13,Degraded,62.50000000000001,False,2.842170943040401e-14
boundary_pm10_2026-07-23T00:55:00+03:00,FUZZY_COMPONENT_MAX,14,Degraded,62.5,False,2.1316282072803006e-14
boundary_pm10_2026-07-23T00:55:00+03:00,FUZZY_COMPONENT_MAX,15,Degraded,62.5,False,2.1316282072803006e-14
boundary_pm10_2026-07-23T00:55:00+03:00,FUZZY_COMPONENT_MAX,16,Degraded,62.5,False,2.1316282072803006e-14
boundary_pm10_2026-07-23T00:55:00+03:00,FUZZY_COMPONENT_MAX,17,Degraded,73.11519387827595,False,10.615193878275967
boundary_pm10_2026-07-23T00:55:00+03:00,FUZZY_COMPONENT_MAX,18,Degraded,70.33622355795423,False,7.8362235579542485
boundary_pm10_2026-07-23T00:55:00+03:00,FUZZY_COMPONENT_MAX,19,Degraded,64.6999488426502,False,2.1999488426502225
boundary_pm10_2026-07-23T00:55:00+03:00,FUZZY_COMPONENT_MAX,20,Degraded,62.5,False,2.1316282072803006e-14
boundary_pm10_2026-07-23T00:55:00+03:00,FUZZY_COMPONENT_MAX,21,Degraded,73.44752825071448,False,10.947528250714505
boundary_pm10_2026-07-23T00:55:00+03:00,FUZZY_COMPONENT_MAX,22,Degraded,62.5,False,2.1316282072803006e-14
boundary_pm10_2026-07-23T00:55:00+03:00,FUZZY_COMPONENT_MAX,23,Degraded,62.50000000000001,False,2.842170943040401e-14
boundary_pm10_2026-07-23T00:55:00+03:00,FUZZY_COMPONENT_MAX,24,Degraded,67.01683136620431,False,4.516831366204336
boundary_pm10_2026-07-23T00:55:00+03:00,FUZZY_COMPONENT_MAX,25,Degraded,62.5,False,2.1316282072803006e-14
boundary_pm10_2026-07-23T00:55:00+03:00,FUZZY_COMPONENT_MAX,26,Degraded,62.50000000000001,False,2.842170943040401e-14
boundary_pm10_2026-07-23T00:55:00+03:00,FUZZY_COMPONENT_MAX,27,Degraded,62.5,False,2.1316282072803006e-14
boundary_pm10_2026-07-23T00:55:00+03:00,FUZZY_COMPONENT_MAX,28,Degraded,73.2466158471332,False,10.74661584713322
boundary_pm10_2026-07-23T00:55:00+03:00,FUZZY_COMPONENT_MAX,29,Degraded,62.5,False,2.1316282072803006e-14
boundary_pm10_2026-07-23T00:55:00+03:00,PROPOSED_HFIS,0,Degraded,62.5,False,2.1316282072803006e-14
boundary_pm10_2026-07-23T00:55:00+03:00,PROPOSED_HFIS,1,Degraded,62.49999999999999,False,1.4210854715202004e-14
boundary_pm10_2026-07-23T00:55:00+03:00,PROPOSED_HFIS,2,Degraded,62.5,False,2.1316282072803006e-14
boundary_pm10_2026-07-23T00:55:00+03:00,PROPOSED_HFIS,3,Degraded,62.50000000000001,False,2.842170943040401e-14
boundary_pm10_2026-07-23T00:55:00+03:00,PROPOSED_HFIS,4,Degraded,62.499999999999986,False,7.105427357601002e-15
boundary_pm10_2026-07-23T00:55:00+03:00,PROPOSED_HFIS,5,Degraded,62.5,False,2.1316282072803006e-14
boundary_pm10_2026-07-23T00:55:00+03:00,PROPOSED_HFIS,6,Degraded,62.500000000000014,False,3.552713678800501e-14
boundary_pm10_2026-07-23T00:55:00+03:00,PROPOSED_HFIS,7,Degraded,62.50000000000003,False,4.973799150320701e-14
boundary_pm10_2026-07-23T00:55:00+03:00,PROPOSED_HFIS,8,Degraded,67.68664015762577,False,5.186640157625796
boundary_pm10_2026-07-23T00:55:00+03:00,PROPOSED_HFIS,9,Degraded,62.50000000000001,False,2.842170943040401e-14
boundary_pm10_2026-07-23T00:55:00+03:00,PROPOSED_HFIS,10,Degraded,62.5,False,2.1316282072803006e-14
boundary_pm10_2026-07-23T00:55:00+03:00,PROPOSED_HFIS,11,Degraded,62.499999999999986,False,7.105427357601002e-15
boundary_pm10_2026-07-23T00:55:00+03:00,PROPOSED_HFIS,12,Degraded,62.49999999999999,False,1.4210854715202004e-14
boundary_pm10_2026-07-23T00:55:00+03:00,PROPOSED_HFIS,13,Degraded,62.50000000000001,False,2.842170943040401e-14
boundary_pm10_2026-07-23T00:55:00+03:00,PROPOSED_HFIS,14,Degraded,62.5,False,2.1316282072803006e-14
boundary_pm10_2026-07-23T00:55:00+03:00,PROPOSED_HFIS,15,Degraded,62.49999999999999,False,1.4210854715202004e-14
boundary_pm10_2026-07-23T00:55:00+03:00,PROPOSED_HFIS,16,Degraded,62.5,False,2.1316282072803006e-14
boundary_pm10_2026-07-23T00:55:00+03:00,PROPOSED_HFIS,17,Degraded,73.37063930504124,False,10.870639305041259
boundary_pm10_2026-07-23T00:55:00+03:00,PROPOSED_HFIS,18,Degraded,70.33622355795423,False,7.8362235579542485
boundary_pm10_2026-07-23T00:55:00+03:00,PROPOSED_HFIS,19,Degraded,64.74825930157482,False,2.2482593015748407
boundary_pm10_2026-07-23T00:55:00+03:00,PROPOSED_HFIS,20,Degraded,62.49999999999997,False,7.105427357601002e-15
boundary_pm10_2026-07-23T00:55:00+03:00,PROPOSED_HFIS,21,Degraded,73.44752825071448,False,10.947528250714505
boundary_pm10_2026-07-23T00:55:00+03:00,PROPOSED_HFIS,22,Degraded,62.499999999999986,False,7.105427357601002e-15
boundary_pm10_2026-07-23T00:55:00+03:00,PROPOSED_HFIS,23,Degraded,62.50000000000001,False,2.842170943040401e-14
boundary_pm10_2026-07-23T00:55:00+03:00,PROPOSED_HFIS,24,Degraded,67.01683136620431,False,4.516831366204336
boundary_pm10_2026-07-23T00:55:00+03:00,PROPOSED_HFIS,25,Degraded,62.49999999999998,False,0.0
boundary_pm10_2026-07-23T00:55:00+03:00,PROPOSED_HFIS,26,Degraded,62.50000000000001,False,2.842170943040401e-14
boundary_pm10_2026-07-23T00:55:00+03:00,PROPOSED_HFIS,27,Degraded,62.49999999999999,False,1.4210854715202004e-14
boundary_pm10_2026-07-23T00:55:00+03:00,PROPOSED_HFIS,28,Degraded,73.37372802259293,False,10.87372802259295
boundary_pm10_2026-07-23T00:55:00+03:00,PROPOSED_HFIS,29,Degraded,62.5,False,2.1316282072803006e-14
boundary_pm10_2026-07-23T00:55:00+03:00,WEIGHTED_MEAN,0,Degraded,62.5,False,5.672001765521898
boundary_pm10_2026-07-23T00:55:00+03:00,WEIGHTED_MEAN,1,Degraded,51.34079146018438,False,5.487206774293725
boundary_pm10_2026-07-23T00:55:00+03:00,WEIGHTED_MEAN,2,Degraded,62.5,False,5.672001765521898
boundary_pm10_2026-07-23T00:55:00+03:00,WEIGHTED_MEAN,3,Degraded,50.0,False,6.827998234478102
boundary_pm10_2026-07-23T00:55:00+03:00,WEIGHTED_MEAN,4,Degraded,53.34685207800637,False,3.4811461564717305
boundary_pm10_2026-07-23T00:55:00+03:00,WEIGHTED_MEAN,5,Degraded,62.5,False,5.672001765521898
boundary_pm10_2026-07-23T00:55:00+03:00,WEIGHTED_MEAN,6,Degraded,62.50000000000001,False,5.672001765521905
boundary_pm10_2026-07-23T00:55:00+03:00,WEIGHTED_MEAN,7,Degraded,50.000000000000014,False,6.827998234478088
boundary_pm10_2026-07-23T00:55:00+03:00,WEIGHTED_MEAN,8,Degraded,65.0933200788129,False,8.265321844334792
boundary_pm10_2026-07-23T00:55:00+03:00,WEIGHTED_MEAN,9,Degraded,62.5,False,5.672001765521898
boundary_pm10_2026-07-23T00:55:00+03:00,WEIGHTED_MEAN,10,Degraded,57.17042818128975,False,0.34242994681164873
boundary_pm10_2026-07-23T00:55:00+03:00,WEIGHTED_MEAN,11,Degraded,62.49999999999999,False,5.672001765521891
boundary_pm10_2026-07-23T00:55:00+03:00,WEIGHTED_MEAN,12,Degraded,51.988886345409625,False,4.839111889068477
boundary_pm10_2026-07-23T00:55:00+03:00,WEIGHTED_MEAN,13,Degraded,51.54788446322485,False,5.280113771253255
boundary_pm10_2026-07-23T00:55:00+03:00,WEIGHTED_MEAN,14,Degraded,52.95399015859657,False,3.874008075881534
boundary_pm10_2026-07-23T00:55:00+03:00,WEIGHTED_MEAN,15,Degraded,62.5,False,5.672001765521898
boundary_pm10_2026-07-23T00:55:00+03:00,WEIGHTED_MEAN,16,Degraded,57.69995804619318,False,0.8719598117150795
boundary_pm10_2026-07-23T00:55:00+03:00,WEIGHTED_MEAN,17,Degraded,62.10491324610652,False,5.276915011628418
boundary_pm10_2026-07-23T00:55:00+03:00,WEIGHTED_MEAN,18,Degraded,53.96823588778358,False,2.8597623466945237
boundary_pm10_2026-07-23T00:55:00+03:00,WEIGHTED_MEAN,19,Degraded,62.15656469482003,False,5.328566460341925
boundary_pm10_2026-07-23T00:55:00+03:00,WEIGHTED_MEAN,20,Degraded,62.499999999999986,False,5.672001765521884
boundary_pm10_2026-07-23T00:55:00+03:00,WEIGHTED_MEAN,21,Degraded,58.202574731256654,False,1.3745764967785519
boundary_pm10_2026-07-23T00:55:00+03:00,WEIGHTED_MEAN,22,Degraded,62.49999999999999,False,5.672001765521891
boundary_pm10_2026-07-23T00:55:00+03:00,WEIGHTED_MEAN,23,Degraded,62.5,False,5.672001765521898
boundary_pm10_2026-07-23T00:55:00+03:00,WEIGHTED_MEAN,24,Degraded,63.308901845364055,False,6.480903610885953
boundary_pm10_2026-07-23T00:55:00+03:00,WEIGHTED_MEAN,25,Degraded,62.499999999999986,False,5.672001765521884
boundary_pm10_2026-07-23T00:55:00+03:00,WEIGHTED_MEAN,26,Degraded,62.5,False,5.672001765521898
boundary_pm10_2026-07-23T00:55:00+03:00,WEIGHTED_MEAN,27,Degraded,57.40292117885107,False,0.5749229443729647
boundary_pm10_2026-07-23T00:55:00+03:00,WEIGHTED_MEAN,28,Degraded,60.99315473996673,False,4.165156505488625
boundary_pm10_2026-07-23T00:55:00+03:00,WEIGHTED_MEAN,29,Degraded,52.77834294827635,False,4.049655286201755
boundary_pm10_2026-07-26T21:15:00+03:00,CRISP_CLASS_MAX,0,Degraded,62.5,False,0.0
boundary_pm10_2026-07-26T21:15:00+03:00,CRISP_CLASS_MAX,1,Degraded,62.5,False,0.0
boundary_pm10_2026-07-26T21:15:00+03:00,CRISP_CLASS_MAX,2,Degraded,62.5,False,0.0
boundary_pm10_2026-07-26T21:15:00+03:00,CRISP_CLASS_MAX,3,Degraded,62.5,False,0.0
boundary_pm10_2026-07-26T21:15:00+03:00,CRISP_CLASS_MAX,4,Degraded,62.5,False,0.0
boundary_pm10_2026-07-26T21:15:00+03:00,CRISP_CLASS_MAX,5,Degraded,62.5,False,0.0
boundary_pm10_2026-07-26T21:15:00+03:00,CRISP_CLASS_MAX,6,Degraded,62.5,False,0.0
boundary_pm10_2026-07-26T21:15:00+03:00,CRISP_CLASS_MAX,7,Degraded,62.5,False,0.0
boundary_pm10_2026-07-26T21:15:00+03:00,CRISP_CLASS_MAX,8,Degraded,62.5,False,0.0
boundary_pm10_2026-07-26T21:15:00+03:00,CRISP_CLASS_MAX,9,Degraded,62.5,False,0.0
boundary_pm10_2026-07-26T21:15:00+03:00,CRISP_CLASS_MAX,10,Degraded,62.5,False,0.0
boundary_pm10_2026-07-26T21:15:00+03:00,CRISP_CLASS_MAX,11,Degraded,62.5,False,0.0
boundary_pm10_2026-07-26T21:15:00+03:00,CRISP_CLASS_MAX,12,Degraded,62.5,False,0.0
boundary_pm10_2026-07-26T21:15:00+03:00,CRISP_CLASS_MAX,13,Degraded,62.5,False,0.0
boundary_pm10_2026-07-26T21:15:00+03:00,CRISP_CLASS_MAX,14,Degraded,62.5,False,0.0
boundary_pm10_2026-07-26T21:15:00+03:00,CRISP_CLASS_MAX,15,Degraded,62.5,False,0.0
boundary_pm10_2026-07-26T21:15:00+03:00,CRISP_CLASS_MAX,16,Degraded,62.5,False,0.0
boundary_pm10_2026-07-26T21:15:00+03:00,CRISP_CLASS_MAX,17,Degraded,62.5,False,0.0
boundary_pm10_2026-07-26T21:15:00+03:00,CRISP_CLASS_MAX,18,Degraded,62.5,False,0.0
boundary_pm10_2026-07-26T21:15:00+03:00,CRISP_CLASS_MAX,19,Degraded,62.5,False,0.0
boundary_pm10_2026-07-26T21:15:00+03:00,CRISP_CLASS_MAX,20,Degraded,62.5,False,0.0
boundary_pm10_2026-07-26T21:15:00+03:00,CRISP_CLASS_MAX,21,Degraded,62.5,False,0.0
boundary_pm10_2026-07-26T21:15:00+03:00,CRISP_CLASS_MAX,22,Degraded,62.5,False,0.0
boundary_pm10_2026-07-26T21:15:00+03:00,CRISP_CLASS_MAX,23,Degraded,62.5,False,0.0
boundary_pm10_2026-07-26T21:15:00+03:00,CRISP_CLASS_MAX,24,Degraded,62.5,False,0.0
boundary_pm10_2026-07-26T21:15:00+03:00,CRISP_CLASS_MAX,25,Degraded,62.5,False,0.0
boundary_pm10_2026-07-26T21:15:00+03:00,CRISP_CLASS_MAX,26,Degraded,62.5,False,0.0
boundary_pm10_2026-07-26T21:15:00+03:00,CRISP_CLASS_MAX,27,Degraded,62.5,False,0.0
boundary_pm10_2026-07-26T21:15:00+03:00,CRISP_CLASS_MAX,28,Degraded,62.5,False,0.0
boundary_pm10_2026-07-26T21:15:00+03:00,CRISP_CLASS_MAX,29,Degraded,62.5,False,0.0
boundary_pm10_2026-07-26T21:15:00+03:00,FUZZY_COMPONENT_MAX,0,Degraded,62.5,False,1.4210854715202004e-14
boundary_pm10_2026-07-26T21:15:00+03:00,FUZZY_COMPONENT_MAX,1,Degraded,62.5,False,1.4210854715202004e-14
boundary_pm10_2026-07-26T21:15:00+03:00,FUZZY_COMPONENT_MAX,2,Degraded,62.5,False,1.4210854715202004e-14
boundary_pm10_2026-07-26T21:15:00+03:00,FUZZY_COMPONENT_MAX,3,Degraded,62.5,False,1.4210854715202004e-14
boundary_pm10_2026-07-26T21:15:00+03:00,FUZZY_COMPONENT_MAX,4,Degraded,62.5,False,1.4210854715202004e-14
boundary_pm10_2026-07-26T21:15:00+03:00,FUZZY_COMPONENT_MAX,5,Degraded,62.500000000000014,False,0.0
boundary_pm10_2026-07-26T21:15:00+03:00,FUZZY_COMPONENT_MAX,6,Degraded,62.5,False,1.4210854715202004e-14
boundary_pm10_2026-07-26T21:15:00+03:00,FUZZY_COMPONENT_MAX,7,Degraded,62.5,False,1.4210854715202004e-14
boundary_pm10_2026-07-26T21:15:00+03:00,FUZZY_COMPONENT_MAX,8,Degraded,64.79978004548099,False,2.299780045480972
boundary_pm10_2026-07-26T21:15:00+03:00,FUZZY_COMPONENT_MAX,9,Degraded,62.500000000000014,False,0.0
boundary_pm10_2026-07-26T21:15:00+03:00,FUZZY_COMPONENT_MAX,10,Degraded,62.5,False,1.4210854715202004e-14
boundary_pm10_2026-07-26T21:15:00+03:00,FUZZY_COMPONENT_MAX,11,Degraded,62.500000000000014,False,0.0
boundary_pm10_2026-07-26T21:15:00+03:00,FUZZY_COMPONENT_MAX,12,Degraded,62.50000000000001,False,7.105427357601002e-15
boundary_pm10_2026-07-26T21:15:00+03:00,FUZZY_COMPONENT_MAX,13,Degraded,62.5,False,1.4210854715202004e-14
boundary_pm10_2026-07-26T21:15:00+03:00,FUZZY_COMPONENT_MAX,14,Degraded,62.50000000000002,False,7.105427357601002e-15
boundary_pm10_2026-07-26T21:15:00+03:00,FUZZY_COMPONENT_MAX,15,Degraded,67.15962376628859,False,4.6596237662885756
boundary_pm10_2026-07-26T21:15:00+03:00,FUZZY_COMPONENT_MAX,16,Degraded,62.5,False,1.4210854715202004e-14
boundary_pm10_2026-07-26T21:15:00+03:00,FUZZY_COMPONENT_MAX,17,Degraded,62.5,False,1.4210854715202004e-14
boundary_pm10_2026-07-26T21:15:00+03:00,FUZZY_COMPONENT_MAX,18,Degraded,62.500000000000014,False,0.0
boundary_pm10_2026-07-26T21:15:00+03:00,FUZZY_COMPONENT_MAX,19,Degraded,62.5,False,1.4210854715202004e-14
boundary_pm10_2026-07-26T21:15:00+03:00,FUZZY_COMPONENT_MAX,20,Degraded,62.50000000000002,False,7.105427357601002e-15
boundary_pm10_2026-07-26T21:15:00+03:00,FUZZY_COMPONENT_MAX,21,Degraded,62.5,False,1.4210854715202004e-14
boundary_pm10_2026-07-26T21:15:00+03:00,FUZZY_COMPONENT_MAX,22,Degraded,66.3346696963753,False,3.834669696375286
boundary_pm10_2026-07-26T21:15:00+03:00,FUZZY_COMPONENT_MAX,23,Degraded,62.500000000000014,False,0.0
boundary_pm10_2026-07-26T21:15:00+03:00,FUZZY_COMPONENT_MAX,24,Degraded,63.3310844169458,False,0.8310844169457852
boundary_pm10_2026-07-26T21:15:00+03:00,FUZZY_COMPONENT_MAX,25,Degraded,62.5,False,1.4210854715202004e-14
boundary_pm10_2026-07-26T21:15:00+03:00,FUZZY_COMPONENT_MAX,26,Degraded,62.5,False,1.4210854715202004e-14
boundary_pm10_2026-07-26T21:15:00+03:00,FUZZY_COMPONENT_MAX,27,Degraded,62.5,False,1.4210854715202004e-14
boundary_pm10_2026-07-26T21:15:00+03:00,FUZZY_COMPONENT_MAX,28,Degraded,65.7650378762371,False,3.2650378762370877
boundary_pm10_2026-07-26T21:15:00+03:00,FUZZY_COMPONENT_MAX,29,Degraded,62.5,False,1.4210854715202004e-14
boundary_pm10_2026-07-26T21:15:00+03:00,PROPOSED_HFIS,0,Degraded,62.499999999999986,False,2.842170943040401e-14
boundary_pm10_2026-07-26T21:15:00+03:00,PROPOSED_HFIS,1,Degraded,62.49999999999999,False,2.1316282072803006e-14
boundary_pm10_2026-07-26T21:15:00+03:00,PROPOSED_HFIS,2,Degraded,62.49999999999999,False,2.1316282072803006e-14
boundary_pm10_2026-07-26T21:15:00+03:00,PROPOSED_HFIS,3,Degraded,62.5,False,1.4210854715202004e-14
boundary_pm10_2026-07-26T21:15:00+03:00,PROPOSED_HFIS,4,Degraded,62.5,False,1.4210854715202004e-14
boundary_pm10_2026-07-26T21:15:00+03:00,PROPOSED_HFIS,5,Degraded,62.500000000000014,False,0.0
boundary_pm10_2026-07-26T21:15:00+03:00,PROPOSED_HFIS,6,Degraded,62.5,False,1.4210854715202004e-14
boundary_pm10_2026-07-26T21:15:00+03:00,PROPOSED_HFIS,7,Degraded,62.5,False,1.4210854715202004e-14
boundary_pm10_2026-07-26T21:15:00+03:00,PROPOSED_HFIS,8,Degraded,64.79978004548099,False,2.299780045480972
boundary_pm10_2026-07-26T21:15:00+03:00,PROPOSED_HFIS,9,Degraded,62.500000000000014,False,0.0
boundary_pm10_2026-07-26T21:15:00+03:00,PROPOSED_HFIS,10,Degraded,62.49999999999999,False,2.1316282072803006e-14
boundary_pm10_2026-07-26T21:15:00+03:00,PROPOSED_HFIS,11,Degraded,62.500000000000014,False,0.0
boundary_pm10_2026-07-26T21:15:00+03:00,PROPOSED_HFIS,12,Degraded,62.50000000000001,False,7.105427357601002e-15
boundary_pm10_2026-07-26T21:15:00+03:00,PROPOSED_HFIS,13,Degraded,62.5,False,1.4210854715202004e-14
boundary_pm10_2026-07-26T21:15:00+03:00,PROPOSED_HFIS,14,Degraded,62.50000000000002,False,7.105427357601002e-15
boundary_pm10_2026-07-26T21:15:00+03:00,PROPOSED_HFIS,15,Degraded,67.15962376628859,False,4.6596237662885756
boundary_pm10_2026-07-26T21:15:00+03:00,PROPOSED_HFIS,16,Degraded,62.49999999999999,False,2.1316282072803006e-14
boundary_pm10_2026-07-26T21:15:00+03:00,PROPOSED_HFIS,17,Degraded,62.49999999999999,False,2.1316282072803006e-14
boundary_pm10_2026-07-26T21:15:00+03:00,PROPOSED_HFIS,18,Degraded,62.500000000000014,False,0.0
boundary_pm10_2026-07-26T21:15:00+03:00,PROPOSED_HFIS,19,Degraded,62.499999999999986,False,2.842170943040401e-14
boundary_pm10_2026-07-26T21:15:00+03:00,PROPOSED_HFIS,20,Degraded,62.50000000000002,False,7.105427357601002e-15
boundary_pm10_2026-07-26T21:15:00+03:00,PROPOSED_HFIS,21,Degraded,62.5,False,1.4210854715202004e-14
boundary_pm10_2026-07-26T21:15:00+03:00,PROPOSED_HFIS,22,Degraded,66.3346696963753,False,3.834669696375286
boundary_pm10_2026-07-26T21:15:00+03:00,PROPOSED_HFIS,23,Degraded,62.500000000000014,False,0.0
boundary_pm10_2026-07-26T21:15:00+03:00,PROPOSED_HFIS,24,Degraded,63.3310844169458,False,0.8310844169457852
boundary_pm10_2026-07-26T21:15:00+03:00,PROPOSED_HFIS,25,Degraded,62.499999999999986,False,2.842170943040401e-14
boundary_pm10_2026-07-26T21:15:00+03:00,PROPOSED_HFIS,26,Degraded,62.49999999999999,False,2.1316282072803006e-14
boundary_pm10_2026-07-26T21:15:00+03:00,PROPOSED_HFIS,27,Degraded,62.5,False,1.4210854715202004e-14
boundary_pm10_2026-07-26T21:15:00+03:00,PROPOSED_HFIS,28,Degraded,65.7650378762371,False,3.2650378762370877
boundary_pm10_2026-07-26T21:15:00+03:00,PROPOSED_HFIS,29,Degraded,62.499999999999986,False,2.842170943040401e-14
boundary_pm10_2026-07-26T21:15:00+03:00,WEIGHTED_MEAN,0,Degraded,62.49999999999999,False,1.4210854715202004e-14
boundary_pm10_2026-07-26T21:15:00+03:00,WEIGHTED_MEAN,1,Degraded,62.5,False,7.105427357601002e-15
boundary_pm10_2026-07-26T21:15:00+03:00,WEIGHTED_MEAN,2,Degraded,62.5,False,7.105427357601002e-15
boundary_pm10_2026-07-26T21:15:00+03:00,WEIGHTED_MEAN,3,Degraded,62.5,False,7.105427357601002e-15
boundary_pm10_2026-07-26T21:15:00+03:00,WEIGHTED_MEAN,4,Degraded,62.5,False,7.105427357601002e-15
boundary_pm10_2026-07-26T21:15:00+03:00,WEIGHTED_MEAN,5,Degraded,62.50000000000001,False,0.0
boundary_pm10_2026-07-26T21:15:00+03:00,WEIGHTED_MEAN,6,Degraded,62.5,False,7.105427357601002e-15
boundary_pm10_2026-07-26T21:15:00+03:00,WEIGHTED_MEAN,7,Degraded,62.5,False,7.105427357601002e-15
boundary_pm10_2026-07-26T21:15:00+03:00,WEIGHTED_MEAN,8,Degraded,63.64989002274049,False,1.149890022740486
boundary_pm10_2026-07-26T21:15:00+03:00,WEIGHTED_MEAN,9,Degraded,62.50000000000001,False,0.0
boundary_pm10_2026-07-26T21:15:00+03:00,WEIGHTED_MEAN,10,Degraded,62.5,False,7.105427357601002e-15
boundary_pm10_2026-07-26T21:15:00+03:00,WEIGHTED_MEAN,11,Degraded,62.50000000000001,False,0.0
boundary_pm10_2026-07-26T21:15:00+03:00,WEIGHTED_MEAN,12,Degraded,62.5,False,7.105427357601002e-15
boundary_pm10_2026-07-26T21:15:00+03:00,WEIGHTED_MEAN,13,Degraded,62.5,False,7.105427357601002e-15
boundary_pm10_2026-07-26T21:15:00+03:00,WEIGHTED_MEAN,14,Degraded,62.500000000000014,False,7.105427357601002e-15
boundary_pm10_2026-07-26T21:15:00+03:00,WEIGHTED_MEAN,15,Degraded,64.82981188314429,False,2.3298118831442807
boundary_pm10_2026-07-26T21:15:00+03:00,WEIGHTED_MEAN,16,Degraded,62.5,False,7.105427357601002e-15
boundary_pm10_2026-07-26T21:15:00+03:00,WEIGHTED_MEAN,17,Degraded,62.5,False,7.105427357601002e-15
boundary_pm10_2026-07-26T21:15:00+03:00,WEIGHTED_MEAN,18,Degraded,62.50000000000001,False,0.0
boundary_pm10_2026-07-26T21:15:00+03:00,WEIGHTED_MEAN,19,Degraded,62.49999999999999,False,1.4210854715202004e-14
boundary_pm10_2026-07-26T21:15:00+03:00,WEIGHTED_MEAN,20,Degraded,62.500000000000014,False,7.105427357601002e-15
boundary_pm10_2026-07-26T21:15:00+03:00,WEIGHTED_MEAN,21,Degraded,62.5,False,7.105427357601002e-15
boundary_pm10_2026-07-26T21:15:00+03:00,WEIGHTED_MEAN,22,Degraded,64.41733484818765,False,1.917334848187643
boundary_pm10_2026-07-26T21:15:00+03:00,WEIGHTED_MEAN,23,Degraded,62.50000000000001,False,0.0
boundary_pm10_2026-07-26T21:15:00+03:00,WEIGHTED_MEAN,24,Degraded,62.9155422084729,False,0.4155422084728926
boundary_pm10_2026-07-26T21:15:00+03:00,WEIGHTED_MEAN,25,Degraded,62.49999999999999,False,1.4210854715202004e-14
boundary_pm10_2026-07-26T21:15:00+03:00,WEIGHTED_MEAN,26,Degraded,62.5,False,7.105427357601002e-15
boundary_pm10_2026-07-26T21:15:00+03:00,WEIGHTED_MEAN,27,Degraded,62.5,False,7.105427357601002e-15
boundary_pm10_2026-07-26T21:15:00+03:00,WEIGHTED_MEAN,28,Degraded,64.13251893811855,False,1.6325189381185439
boundary_pm10_2026-07-26T21:15:00+03:00,WEIGHTED_MEAN,29,Degraded,62.49999999999999,False,1.4210854715202004e-14
boundary_pm2_5_2026-07-15T10:55:00+03:00,CRISP_CLASS_MAX,0,Acceptable,37.5,False,0.0
boundary_pm2_5_2026-07-15T10:55:00+03:00,CRISP_CLASS_MAX,1,Acceptable,37.5,False,0.0
boundary_pm2_5_2026-07-15T10:55:00+03:00,CRISP_CLASS_MAX,2,Acceptable,37.5,False,0.0
boundary_pm2_5_2026-07-15T10:55:00+03:00,CRISP_CLASS_MAX,3,Favorable,12.5,True,25.0
boundary_pm2_5_2026-07-15T10:55:00+03:00,CRISP_CLASS_MAX,4,Favorable,12.5,True,25.0
boundary_pm2_5_2026-07-15T10:55:00+03:00,CRISP_CLASS_MAX,5,Acceptable,37.5,False,0.0
boundary_pm2_5_2026-07-15T10:55:00+03:00,CRISP_CLASS_MAX,6,Favorable,12.5,True,25.0
boundary_pm2_5_2026-07-15T10:55:00+03:00,CRISP_CLASS_MAX,7,Favorable,12.5,True,25.0
boundary_pm2_5_2026-07-15T10:55:00+03:00,CRISP_CLASS_MAX,8,Acceptable,37.5,False,0.0
boundary_pm2_5_2026-07-15T10:55:00+03:00,CRISP_CLASS_MAX,9,Acceptable,37.5,False,0.0
boundary_pm2_5_2026-07-15T10:55:00+03:00,CRISP_CLASS_MAX,10,Favorable,12.5,True,25.0
boundary_pm2_5_2026-07-15T10:55:00+03:00,CRISP_CLASS_MAX,11,Acceptable,37.5,False,0.0
boundary_pm2_5_2026-07-15T10:55:00+03:00,CRISP_CLASS_MAX,12,Acceptable,37.5,False,0.0
boundary_pm2_5_2026-07-15T10:55:00+03:00,CRISP_CLASS_MAX,13,Acceptable,37.5,False,0.0
boundary_pm2_5_2026-07-15T10:55:00+03:00,CRISP_CLASS_MAX,14,Favorable,12.5,True,25.0
boundary_pm2_5_2026-07-15T10:55:00+03:00,CRISP_CLASS_MAX,15,Favorable,12.5,True,25.0
boundary_pm2_5_2026-07-15T10:55:00+03:00,CRISP_CLASS_MAX,16,Acceptable,37.5,False,0.0
boundary_pm2_5_2026-07-15T10:55:00+03:00,CRISP_CLASS_MAX,17,Favorable,12.5,True,25.0
boundary_pm2_5_2026-07-15T10:55:00+03:00,CRISP_CLASS_MAX,18,Acceptable,37.5,False,0.0
boundary_pm2_5_2026-07-15T10:55:00+03:00,CRISP_CLASS_MAX,19,Acceptable,37.5,False,0.0
boundary_pm2_5_2026-07-15T10:55:00+03:00,CRISP_CLASS_MAX,20,Acceptable,37.5,False,0.0
boundary_pm2_5_2026-07-15T10:55:00+03:00,CRISP_CLASS_MAX,21,Acceptable,37.5,False,0.0
boundary_pm2_5_2026-07-15T10:55:00+03:00,CRISP_CLASS_MAX,22,Acceptable,37.5,False,0.0
boundary_pm2_5_2026-07-15T10:55:00+03:00,CRISP_CLASS_MAX,23,Favorable,12.5,True,25.0
boundary_pm2_5_2026-07-15T10:55:00+03:00,CRISP_CLASS_MAX,24,Favorable,12.5,True,25.0
boundary_pm2_5_2026-07-15T10:55:00+03:00,CRISP_CLASS_MAX,25,Favorable,12.5,True,25.0
boundary_pm2_5_2026-07-15T10:55:00+03:00,CRISP_CLASS_MAX,26,Acceptable,37.5,False,0.0
boundary_pm2_5_2026-07-15T10:55:00+03:00,CRISP_CLASS_MAX,27,Favorable,12.5,True,25.0
boundary_pm2_5_2026-07-15T10:55:00+03:00,CRISP_CLASS_MAX,28,Favorable,12.5,True,25.0
boundary_pm2_5_2026-07-15T10:55:00+03:00,CRISP_CLASS_MAX,29,Favorable,12.5,True,25.0
boundary_pm2_5_2026-07-15T10:55:00+03:00,FUZZY_COMPONENT_MAX,0,Acceptable,29.920348389671553,False,4.52501807191857
boundary_pm2_5_2026-07-15T10:55:00+03:00,FUZZY_COMPONENT_MAX,1,Acceptable,37.5,False,12.104669682247017
boundary_pm2_5_2026-07-15T10:55:00+03:00,FUZZY_COMPONENT_MAX,2,Acceptable,25.544031855932307,False,0.1487015381793242
boundary_pm2_5_2026-07-15T10:55:00+03:00,FUZZY_COMPONENT_MAX,3,Favorable,17.00677131870756,True,8.388558999045422
boundary_pm2_5_2026-07-15T10:55:00+03:00,FUZZY_COMPONENT_MAX,4,Favorable,15.399497192092573,True,9.99583312566041
boundary_pm2_5_2026-07-15T10:55:00+03:00,FUZZY_COMPONENT_MAX,5,Acceptable,31.891290841376474,False,6.495960523623491
boundary_pm2_5_2026-07-15T10:55:00+03:00,FUZZY_COMPONENT_MAX,6,Favorable,12.444029850746269,True,12.951300467006714
boundary_pm2_5_2026-07-15T10:55:00+03:00,FUZZY_COMPONENT_MAX,7,Favorable,23.900245946817314,True,1.4950843709356683
boundary_pm2_5_2026-07-15T10:55:00+03:00,FUZZY_COMPONENT_MAX,8,Acceptable,37.5,False,12.104669682247017
boundary_pm2_5_2026-07-15T10:55:00+03:00,FUZZY_COMPONENT_MAX,9,Acceptable,37.5,False,12.104669682247017
boundary_pm2_5_2026-07-15T10:55:00+03:00,FUZZY_COMPONENT_MAX,10,Favorable,12.444029850746269,True,12.951300467006714
boundary_pm2_5_2026-07-15T10:55:00+03:00,FUZZY_COMPONENT_MAX,11,Acceptable,37.5,False,12.104669682247017
boundary_pm2_5_2026-07-15T10:55:00+03:00,FUZZY_COMPONENT_MAX,12,Acceptable,27.560145040647726,False,2.164814722894743
boundary_pm2_5_2026-07-15T10:55:00+03:00,FUZZY_COMPONENT_MAX,13,Acceptable,35.10088041314411,False,9.705550095391128
boundary_pm2_5_2026-07-15T10:55:00+03:00,FUZZY_COMPONENT_MAX,14,Favorable,12.444029850746269,True,12.951300467006714
boundary_pm2_5_2026-07-15T10:55:00+03:00,FUZZY_COMPONENT_MAX,15,Favorable,17.65843964413591,True,7.736890673617072
boundary_pm2_5_2026-07-15T10:55:00+03:00,FUZZY_COMPONENT_MAX,16,Acceptable,36.955636329118114,False,11.560306011365132
boundary_pm2_5_2026-07-15T10:55:00+03:00,FUZZY_COMPONENT_MAX,17,Favorable,16.313274921746252,True,9.08205539600673
boundary_pm2_5_2026-07-15T10:55:00+03:00,FUZZY_COMPONENT_MAX,18,Acceptable,26.451488396423894,False,1.0561580786709115
boundary_pm2_5_2026-07-15T10:55:00+03:00,FUZZY_COMPONENT_MAX,19,Acceptable,37.5,False,12.104669682247017
boundary_pm2_5_2026-07-15T10:55:00+03:00,FUZZY_COMPONENT_MAX,20,Acceptable,34.75633989746253,False,9.361009579709549
boundary_pm2_5_2026-07-15T10:55:00+03:00,FUZZY_COMPONENT_MAX,21,Acceptable,36.64303367387733,False,11.247703356124351
boundary_pm2_5_2026-07-15T10:55:00+03:00,FUZZY_COMPONENT_MAX,22,Acceptable,33.662677978138014,False,8.267347660385031
boundary_pm2_5_2026-07-15T10:55:00+03:00,FUZZY_COMPONENT_MAX,23,Favorable,12.444029850746269,True,12.951300467006714
boundary_pm2_5_2026-07-15T10:55:00+03:00,FUZZY_COMPONENT_MAX,24,Favorable,15.440679536521856,True,9.954650781231127
boundary_pm2_5_2026-07-15T10:55:00+03:00,FUZZY_COMPONENT_MAX,25,Favorable,12.444029850746269,True,12.951300467006714
boundary_pm2_5_2026-07-15T10:55:00+03:00,FUZZY_COMPONENT_MAX,26,Acceptable,28.401208678414527,False,3.0058783606615442
boundary_pm2_5_2026-07-15T10:55:00+03:00,FUZZY_COMPONENT_MAX,27,Favorable,12.444029850746269,True,12.951300467006714
boundary_pm2_5_2026-07-15T10:55:00+03:00,FUZZY_COMPONENT_MAX,28,Favorable,15.883890464900793,True,9.51143985285219
boundary_pm2_5_2026-07-15T10:55:00+03:00,FUZZY_COMPONENT_MAX,29,Favorable,16.905211017972206,True,8.490119299780776
boundary_pm2_5_2026-07-15T10:55:00+03:00,PROPOSED_HFIS,0,Acceptable,29.920348389671553,False,4.52501807191857
boundary_pm2_5_2026-07-15T10:55:00+03:00,PROPOSED_HFIS,1,Acceptable,37.49999999999999,False,12.10466968224701
boundary_pm2_5_2026-07-15T10:55:00+03:00,PROPOSED_HFIS,2,Acceptable,25.544031855932307,False,0.1487015381793242
boundary_pm2_5_2026-07-15T10:55:00+03:00,PROPOSED_HFIS,3,Favorable,17.00677131870756,True,8.388558999045422
boundary_pm2_5_2026-07-15T10:55:00+03:00,PROPOSED_HFIS,4,Favorable,15.399497192092573,True,9.99583312566041
boundary_pm2_5_2026-07-15T10:55:00+03:00,PROPOSED_HFIS,5,Acceptable,31.891290841376474,False,6.495960523623491
boundary_pm2_5_2026-07-15T10:55:00+03:00,PROPOSED_HFIS,6,Favorable,12.444029850746269,True,12.951300467006714
boundary_pm2_5_2026-07-15T10:55:00+03:00,PROPOSED_HFIS,7,Favorable,23.900245946817314,True,1.4950843709356683
boundary_pm2_5_2026-07-15T10:55:00+03:00,PROPOSED_HFIS,8,Acceptable,37.5,False,12.104669682247017
boundary_pm2_5_2026-07-15T10:55:00+03:00,PROPOSED_HFIS,9,Acceptable,37.5,False,12.104669682247017
boundary_pm2_5_2026-07-15T10:55:00+03:00,PROPOSED_HFIS,10,Favorable,12.444029850746269,True,12.951300467006714
boundary_pm2_5_2026-07-15T10:55:00+03:00,PROPOSED_HFIS,11,Acceptable,37.5,False,12.104669682247017
boundary_pm2_5_2026-07-15T10:55:00+03:00,PROPOSED_HFIS,12,Acceptable,27.560145040647726,False,2.164814722894743
boundary_pm2_5_2026-07-15T10:55:00+03:00,PROPOSED_HFIS,13,Acceptable,35.10088041314411,False,9.705550095391128
boundary_pm2_5_2026-07-15T10:55:00+03:00,PROPOSED_HFIS,14,Favorable,12.444029850746269,True,12.951300467006714
boundary_pm2_5_2026-07-15T10:55:00+03:00,PROPOSED_HFIS,15,Favorable,17.65843964413591,True,7.736890673617072
boundary_pm2_5_2026-07-15T10:55:00+03:00,PROPOSED_HFIS,16,Acceptable,36.582053392456835,False,11.186723074703853
boundary_pm2_5_2026-07-15T10:55:00+03:00,PROPOSED_HFIS,17,Favorable,16.313274921746252,True,9.08205539600673
boundary_pm2_5_2026-07-15T10:55:00+03:00,PROPOSED_HFIS,18,Acceptable,26.451488396423894,False,1.0561580786709115
boundary_pm2_5_2026-07-15T10:55:00+03:00,PROPOSED_HFIS,19,Acceptable,37.5,False,12.104669682247017
boundary_pm2_5_2026-07-15T10:55:00+03:00,PROPOSED_HFIS,20,Acceptable,34.75633989746253,False,9.361009579709549
boundary_pm2_5_2026-07-15T10:55:00+03:00,PROPOSED_HFIS,21,Acceptable,36.041648235398895,False,10.646317917645913
boundary_pm2_5_2026-07-15T10:55:00+03:00,PROPOSED_HFIS,22,Acceptable,33.662677978138014,False,8.267347660385031
boundary_pm2_5_2026-07-15T10:55:00+03:00,PROPOSED_HFIS,23,Favorable,12.444029850746269,True,12.951300467006714
boundary_pm2_5_2026-07-15T10:55:00+03:00,PROPOSED_HFIS,24,Favorable,15.440679536521856,True,9.954650781231127
boundary_pm2_5_2026-07-15T10:55:00+03:00,PROPOSED_HFIS,25,Favorable,12.444029850746269,True,12.951300467006714
boundary_pm2_5_2026-07-15T10:55:00+03:00,PROPOSED_HFIS,26,Acceptable,28.401208678414527,False,3.0058783606615442
boundary_pm2_5_2026-07-15T10:55:00+03:00,PROPOSED_HFIS,27,Favorable,12.444029850746269,True,12.951300467006714
boundary_pm2_5_2026-07-15T10:55:00+03:00,PROPOSED_HFIS,28,Favorable,15.883890464900793,True,9.51143985285219
boundary_pm2_5_2026-07-15T10:55:00+03:00,PROPOSED_HFIS,29,Favorable,16.905211017972206,True,8.490119299780776
boundary_pm2_5_2026-07-15T10:55:00+03:00,WEIGHTED_MEAN,0,Favorable,21.18218912020891,False,2.262509035959283
boundary_pm2_5_2026-07-15T10:55:00+03:00,WEIGHTED_MEAN,1,Acceptable,29.63791417609191,True,10.718234091842284
boundary_pm2_5_2026-07-15T10:55:00+03:00,WEIGHTED_MEAN,2,Favorable,19.72620017098371,False,0.806520086734082
boundary_pm2_5_2026-07-15T10:55:00+03:00,WEIGHTED_MEAN,3,Favorable,14.725400584726914,False,4.194279499522713
boundary_pm2_5_2026-07-15T10:55:00+03:00,WEIGHTED_MEAN,4,Favorable,13.921763521419422,False,4.997916562830206
boundary_pm2_5_2026-07-15T10:55:00+03:00,WEIGHTED_MEAN,5,Favorable,22.16766034606137,False,3.247980261811744
boundary_pm2_5_2026-07-15T10:55:00+03:00,WEIGHTED_MEAN,6,Favorable,12.444029850746269,False,6.475650233503359
boundary_pm2_5_2026-07-15T10:55:00+03:00,WEIGHTED_MEAN,7,Favorable,21.19972421285774,False,2.280044128608111
boundary_pm2_5_2026-07-15T10:55:00+03:00,WEIGHTED_MEAN,8,Acceptable,30.16929073689812,True,11.249610652648492
boundary_pm2_5_2026-07-15T10:55:00+03:00,WEIGHTED_MEAN,9,Favorable,24.972014925373134,False,6.052334841123507
boundary_pm2_5_2026-07-15T10:55:00+03:00,WEIGHTED_MEAN,10,Favorable,12.444029850746269,False,6.475650233503359
boundary_pm2_5_2026-07-15T10:55:00+03:00,WEIGHTED_MEAN,11,Favorable,24.972014925373134,False,6.052334841123507
boundary_pm2_5_2026-07-15T10:55:00+03:00,WEIGHTED_MEAN,12,Favorable,20.002087445696997,False,1.0824073614473697
boundary_pm2_5_2026-07-15T10:55:00+03:00,WEIGHTED_MEAN,13,Favorable,23.77245513194519,False,4.8527750476955624
boundary_pm2_5_2026-07-15T10:55:00+03:00,WEIGHTED_MEAN,14,Favorable,12.444029850746269,False,6.475650233503359
boundary_pm2_5_2026-07-15T10:55:00+03:00,WEIGHTED_MEAN,15,Favorable,15.490925695666427,False,3.428754388583201
boundary_pm2_5_2026-07-15T10:55:00+03:00,WEIGHTED_MEAN,16,Acceptable,30.41475063755943,True,11.495070553309802
boundary_pm2_5_2026-07-15T10:55:00+03:00,WEIGHTED_MEAN,17,Favorable,14.37865238624626,False,4.541027698003367
boundary_pm2_5_2026-07-15T10:55:00+03:00,WEIGHTED_MEAN,18,Favorable,19.44775912358508,False,0.5280790393354522
boundary_pm2_5_2026-07-15T10:55:00+03:00,WEIGHTED_MEAN,19,Favorable,24.972014925373134,False,6.052334841123507
boundary_pm2_5_2026-07-15T10:55:00+03:00,WEIGHTED_MEAN,20,Favorable,23.6001848741044,False,4.680504789854773
boundary_pm2_5_2026-07-15T10:55:00+03:00,WEIGHTED_MEAN,21,Acceptable,30.477482807515536,True,11.557802723265908
boundary_pm2_5_2026-07-15T10:55:00+03:00,WEIGHTED_MEAN,22,Favorable,23.05335391444214,False,4.133673830192514
boundary_pm2_5_2026-07-15T10:55:00+03:00,WEIGHTED_MEAN,23,Favorable,12.444029850746269,False,6.475650233503359
boundary_pm2_5_2026-07-15T10:55:00+03:00,WEIGHTED_MEAN,24,Favorable,13.942354693634062,False,4.977325390615565
boundary_pm2_5_2026-07-15T10:55:00+03:00,WEIGHTED_MEAN,25,Favorable,12.444029850746269,False,6.475650233503359
boundary_pm2_5_2026-07-15T10:55:00+03:00,WEIGHTED_MEAN,26,Favorable,20.422619264580398,False,1.5029391803307703
boundary_pm2_5_2026-07-15T10:55:00+03:00,WEIGHTED_MEAN,27,Favorable,12.444029850746269,False,6.475650233503359
boundary_pm2_5_2026-07-15T10:55:00+03:00,WEIGHTED_MEAN,28,Favorable,14.163960157823531,False,4.755719926426096
boundary_pm2_5_2026-07-15T10:55:00+03:00,WEIGHTED_MEAN,29,Favorable,14.674620434359237,False,4.24505964989039
boundary_pm2_5_2026-07-16T05:50:00+03:00,CRISP_CLASS_MAX,0,Favorable,12.5,True,25.0
boundary_pm2_5_2026-07-16T05:50:00+03:00,CRISP_CLASS_MAX,1,Acceptable,37.5,False,0.0
boundary_pm2_5_2026-07-16T05:50:00+03:00,CRISP_CLASS_MAX,2,Acceptable,37.5,False,0.0
boundary_pm2_5_2026-07-16T05:50:00+03:00,CRISP_CLASS_MAX,3,Favorable,12.5,True,25.0
boundary_pm2_5_2026-07-16T05:50:00+03:00,CRISP_CLASS_MAX,4,Acceptable,37.5,False,0.0
boundary_pm2_5_2026-07-16T05:50:00+03:00,CRISP_CLASS_MAX,5,Favorable,12.5,True,25.0
boundary_pm2_5_2026-07-16T05:50:00+03:00,CRISP_CLASS_MAX,6,Favorable,12.5,True,25.0
boundary_pm2_5_2026-07-16T05:50:00+03:00,CRISP_CLASS_MAX,7,Acceptable,37.5,False,0.0
boundary_pm2_5_2026-07-16T05:50:00+03:00,CRISP_CLASS_MAX,8,Acceptable,37.5,False,0.0
boundary_pm2_5_2026-07-16T05:50:00+03:00,CRISP_CLASS_MAX,9,Favorable,12.5,True,25.0
boundary_pm2_5_2026-07-16T05:50:00+03:00,CRISP_CLASS_MAX,10,Acceptable,37.5,False,0.0
boundary_pm2_5_2026-07-16T05:50:00+03:00,CRISP_CLASS_MAX,11,Acceptable,37.5,False,0.0
boundary_pm2_5_2026-07-16T05:50:00+03:00,CRISP_CLASS_MAX,12,Favorable,12.5,True,25.0
boundary_pm2_5_2026-07-16T05:50:00+03:00,CRISP_CLASS_MAX,13,Acceptable,37.5,False,0.0
boundary_pm2_5_2026-07-16T05:50:00+03:00,CRISP_CLASS_MAX,14,Acceptable,37.5,False,0.0
boundary_pm2_5_2026-07-16T05:50:00+03:00,CRISP_CLASS_MAX,15,Favorable,12.5,True,25.0
boundary_pm2_5_2026-07-16T05:50:00+03:00,CRISP_CLASS_MAX,16,Acceptable,37.5,False,0.0
boundary_pm2_5_2026-07-16T05:50:00+03:00,CRISP_CLASS_MAX,17,Favorable,12.5,True,25.0
boundary_pm2_5_2026-07-16T05:50:00+03:00,CRISP_CLASS_MAX,18,Favorable,12.5,True,25.0
boundary_pm2_5_2026-07-16T05:50:00+03:00,CRISP_CLASS_MAX,19,Acceptable,37.5,False,0.0
boundary_pm2_5_2026-07-16T05:50:00+03:00,CRISP_CLASS_MAX,20,Acceptable,37.5,False,0.0
boundary_pm2_5_2026-07-16T05:50:00+03:00,CRISP_CLASS_MAX,21,Favorable,12.5,True,25.0
boundary_pm2_5_2026-07-16T05:50:00+03:00,CRISP_CLASS_MAX,22,Favorable,12.5,True,25.0
boundary_pm2_5_2026-07-16T05:50:00+03:00,CRISP_CLASS_MAX,23,Favorable,12.5,True,25.0
boundary_pm2_5_2026-07-16T05:50:00+03:00,CRISP_CLASS_MAX,24,Favorable,12.5,True,25.0
boundary_pm2_5_2026-07-16T05:50:00+03:00,CRISP_CLASS_MAX,25,Acceptable,37.5,False,0.0
boundary_pm2_5_2026-07-16T05:50:00+03:00,CRISP_CLASS_MAX,26,Acceptable,37.5,False,0.0
boundary_pm2_5_2026-07-16T05:50:00+03:00,CRISP_CLASS_MAX,27,Acceptable,37.5,False,0.0
boundary_pm2_5_2026-07-16T05:50:00+03:00,CRISP_CLASS_MAX,28,Favorable,12.5,True,25.0
boundary_pm2_5_2026-07-16T05:50:00+03:00,CRISP_CLASS_MAX,29,Acceptable,37.5,False,0.0
boundary_pm2_5_2026-07-16T05:50:00+03:00,FUZZY_COMPONENT_MAX,0,Favorable,13.362499369549026,True,12.087929664080074
boundary_pm2_5_2026-07-16T05:50:00+03:00,FUZZY_COMPONENT_MAX,1,Acceptable,28.717472263829087,False,3.267043230199988
boundary_pm2_5_2026-07-16T05:50:00+03:00,FUZZY_COMPONENT_MAX,2,Acceptable,37.10587991672051,False,11.655450883091412
boundary_pm2_5_2026-07-16T05:50:00+03:00,FUZZY_COMPONENT_MAX,3,Favorable,12.444029850746269,True,13.00639918288283
boundary_pm2_5_2026-07-16T05:50:00+03:00,FUZZY_COMPONENT_MAX,4,Acceptable,37.5,False,12.0495709663709
boundary_pm2_5_2026-07-16T05:50:00+03:00,FUZZY_COMPONENT_MAX,5,Acceptable,25.049647596858563,False,0.40078143677053646
boundary_pm2_5_2026-07-16T05:50:00+03:00,FUZZY_COMPONENT_MAX,6,Favorable,12.444029850746269,True,13.00639918288283
boundary_pm2_5_2026-07-16T05:50:00+03:00,FUZZY_COMPONENT_MAX,7,Acceptable,28.473255992013453,False,3.0228269583843534
boundary_pm2_5_2026-07-16T05:50:00+03:00,FUZZY_COMPONENT_MAX,8,Acceptable,28.065224687272416,False,2.6147956536433163
boundary_pm2_5_2026-07-16T05:50:00+03:00,FUZZY_COMPONENT_MAX,9,Favorable,12.444029850746269,True,13.00639918288283
boundary_pm2_5_2026-07-16T05:50:00+03:00,FUZZY_COMPONENT_MAX,10,Acceptable,37.5,False,12.0495709663709
boundary_pm2_5_2026-07-16T05:50:00+03:00,FUZZY_COMPONENT_MAX,11,Acceptable,37.5,False,12.0495709663709
boundary_pm2_5_2026-07-16T05:50:00+03:00,FUZZY_COMPONENT_MAX,12,Favorable,19.679131225218434,True,5.771297808410665
boundary_pm2_5_2026-07-16T05:50:00+03:00,FUZZY_COMPONENT_MAX,13,Acceptable,37.5,False,12.0495709663709
boundary_pm2_5_2026-07-16T05:50:00+03:00,FUZZY_COMPONENT_MAX,14,Acceptable,27.11520593777719,False,1.6647769041480913
boundary_pm2_5_2026-07-16T05:50:00+03:00,FUZZY_COMPONENT_MAX,15,Favorable,14.819969881562834,True,10.630459152066265
boundary_pm2_5_2026-07-16T05:50:00+03:00,FUZZY_COMPONENT_MAX,16,Acceptable,29.815596351818257,False,4.365167318189158
boundary_pm2_5_2026-07-16T05:50:00+03:00,FUZZY_COMPONENT_MAX,17,Favorable,12.444029850746269,True,13.00639918288283
boundary_pm2_5_2026-07-16T05:50:00+03:00,FUZZY_COMPONENT_MAX,18,Favorable,19.021764264208,True,6.4286647694211005
boundary_pm2_5_2026-07-16T05:50:00+03:00,FUZZY_COMPONENT_MAX,19,Acceptable,35.30464345076318,False,9.85421441713408
boundary_pm2_5_2026-07-16T05:50:00+03:00,FUZZY_COMPONENT_MAX,20,Acceptable,37.5,False,12.0495709663709
boundary_pm2_5_2026-07-16T05:50:00+03:00,FUZZY_COMPONENT_MAX,21,Favorable,12.444029850746269,True,13.00639918288283
boundary_pm2_5_2026-07-16T05:50:00+03:00,FUZZY_COMPONENT_MAX,22,Favorable,12.444029850746269,True,13.00639918288283
boundary_pm2_5_2026-07-16T05:50:00+03:00,FUZZY_COMPONENT_MAX,23,Favorable,16.059641651039772,True,9.390787382589327
boundary_pm2_5_2026-07-16T05:50:00+03:00,FUZZY_COMPONENT_MAX,24,Favorable,12.444029850746269,True,13.00639918288283
boundary_pm2_5_2026-07-16T05:50:00+03:00,FUZZY_COMPONENT_MAX,25,Acceptable,36.96581887901961,False,11.515389845390509
boundary_pm2_5_2026-07-16T05:50:00+03:00,FUZZY_COMPONENT_MAX,26,Acceptable,37.5,False,12.0495709663709
boundary_pm2_5_2026-07-16T05:50:00+03:00,FUZZY_COMPONENT_MAX,27,Acceptable,36.8420543008656,False,11.391625267236499
boundary_pm2_5_2026-07-16T05:50:00+03:00,FUZZY_COMPONENT_MAX,28,Favorable,12.444029850746269,True,13.00639918288283
boundary_pm2_5_2026-07-16T05:50:00+03:00,FUZZY_COMPONENT_MAX,29,Acceptable,28.395301206213297,False,2.9448721725841978
boundary_pm2_5_2026-07-16T05:50:00+03:00,PROPOSED_HFIS,0,Favorable,13.362499369549026,True,12.087929664080074
boundary_pm2_5_2026-07-16T05:50:00+03:00,PROPOSED_HFIS,1,Acceptable,28.717472263829087,False,3.267043230199988
boundary_pm2_5_2026-07-16T05:50:00+03:00,PROPOSED_HFIS,2,Acceptable,37.10587991672051,False,11.655450883091412
boundary_pm2_5_2026-07-16T05:50:00+03:00,PROPOSED_HFIS,3,Favorable,12.444029850746269,True,13.00639918288283
boundary_pm2_5_2026-07-16T05:50:00+03:00,PROPOSED_HFIS,4,Acceptable,37.50000000000001,False,12.049570966370908
boundary_pm2_5_2026-07-16T05:50:00+03:00,PROPOSED_HFIS,5,Acceptable,25.049647596858563,False,0.40078143677053646
boundary_pm2_5_2026-07-16T05:50:00+03:00,PROPOSED_HFIS,6,Favorable,12.444029850746269,True,13.00639918288283
boundary_pm2_5_2026-07-16T05:50:00+03:00,PROPOSED_HFIS,7,Acceptable,28.473255992013453,False,3.0228269583843534
boundary_pm2_5_2026-07-16T05:50:00+03:00,PROPOSED_HFIS,8,Acceptable,28.065224687272416,False,2.6147956536433163
boundary_pm2_5_2026-07-16T05:50:00+03:00,PROPOSED_HFIS,9,Favorable,12.444029850746269,True,13.00639918288283
boundary_pm2_5_2026-07-16T05:50:00+03:00,PROPOSED_HFIS,10,Acceptable,37.5,False,12.0495709663709
boundary_pm2_5_2026-07-16T05:50:00+03:00,PROPOSED_HFIS,11,Acceptable,37.50000000000001,False,12.049570966370908
boundary_pm2_5_2026-07-16T05:50:00+03:00,PROPOSED_HFIS,12,Favorable,19.679131225218434,True,5.771297808410665
boundary_pm2_5_2026-07-16T05:50:00+03:00,PROPOSED_HFIS,13,Acceptable,37.50000000000001,False,12.049570966370908
boundary_pm2_5_2026-07-16T05:50:00+03:00,PROPOSED_HFIS,14,Acceptable,27.11520593777719,False,1.6647769041480913
boundary_pm2_5_2026-07-16T05:50:00+03:00,PROPOSED_HFIS,15,Favorable,14.819969881562834,True,10.630459152066265
boundary_pm2_5_2026-07-16T05:50:00+03:00,PROPOSED_HFIS,16,Acceptable,29.815596351818257,False,4.365167318189158
boundary_pm2_5_2026-07-16T05:50:00+03:00,PROPOSED_HFIS,17,Favorable,12.444029850746269,True,13.00639918288283
boundary_pm2_5_2026-07-16T05:50:00+03:00,PROPOSED_HFIS,18,Favorable,19.021764264208,True,6.4286647694211005
boundary_pm2_5_2026-07-16T05:50:00+03:00,PROPOSED_HFIS,19,Acceptable,35.30464345076318,False,9.85421441713408
boundary_pm2_5_2026-07-16T05:50:00+03:00,PROPOSED_HFIS,20,Acceptable,37.5,False,12.0495709663709
boundary_pm2_5_2026-07-16T05:50:00+03:00,PROPOSED_HFIS,21,Favorable,12.444029850746269,True,13.00639918288283
boundary_pm2_5_2026-07-16T05:50:00+03:00,PROPOSED_HFIS,22,Favorable,12.444029850746269,True,13.00639918288283
boundary_pm2_5_2026-07-16T05:50:00+03:00,PROPOSED_HFIS,23,Favorable,16.059641651039772,True,9.390787382589327
boundary_pm2_5_2026-07-16T05:50:00+03:00,PROPOSED_HFIS,24,Favorable,12.444029850746269,True,13.00639918288283
boundary_pm2_5_2026-07-16T05:50:00+03:00,PROPOSED_HFIS,25,Acceptable,36.96581887901961,False,11.515389845390509
boundary_pm2_5_2026-07-16T05:50:00+03:00,PROPOSED_HFIS,26,Acceptable,37.5,False,12.0495709663709
boundary_pm2_5_2026-07-16T05:50:00+03:00,PROPOSED_HFIS,27,Acceptable,36.8420543008656,False,11.391625267236499
boundary_pm2_5_2026-07-16T05:50:00+03:00,PROPOSED_HFIS,28,Favorable,12.444029850746269,True,13.00639918288283
boundary_pm2_5_2026-07-16T05:50:00+03:00,PROPOSED_HFIS,29,Acceptable,28.395301206213297,False,2.9448721725841978
boundary_pm2_5_2026-07-16T05:50:00+03:00,WEIGHTED_MEAN,0,Favorable,12.903264610147648,False,6.043964832040036
boundary_pm2_5_2026-07-16T05:50:00+03:00,WEIGHTED_MEAN,1,Favorable,20.580751057287678,False,1.633521615099994
boundary_pm2_5_2026-07-16T05:50:00+03:00,WEIGHTED_MEAN,2,Favorable,24.77495488373339,False,5.827725441545706
boundary_pm2_5_2026-07-16T05:50:00+03:00,WEIGHTED_MEAN,3,Favorable,12.444029850746269,False,6.503199591441415
boundary_pm2_5_2026-07-16T05:50:00+03:00,WEIGHTED_MEAN,4,Acceptable,26.38236148285167,True,7.435132040663987
boundary_pm2_5_2026-07-16T05:50:00+03:00,WEIGHTED_MEAN,5,Favorable,18.746838723802416,False,0.20039071838526823
boundary_pm2_5_2026-07-16T05:50:00+03:00,WEIGHTED_MEAN,6,Favorable,12.444029850746269,False,6.503199591441415
boundary_pm2_5_2026-07-16T05:50:00+03:00,WEIGHTED_MEAN,7,Favorable,20.458642921379862,False,1.5114134791921785
boundary_pm2_5_2026-07-16T05:50:00+03:00,WEIGHTED_MEAN,8,Favorable,24.004436901272655,False,5.057207459084971
boundary_pm2_5_2026-07-16T05:50:00+03:00,WEIGHTED_MEAN,9,Favorable,12.444029850746269,False,6.503199591441415
boundary_pm2_5_2026-07-16T05:50:00+03:00,WEIGHTED_MEAN,10,Favorable,24.972014925373134,False,6.02478548318545
boundary_pm2_5_2026-07-16T05:50:00+03:00,WEIGHTED_MEAN,11,Acceptable,26.176388561410157,True,7.229159119222473
boundary_pm2_5_2026-07-16T05:50:00+03:00,WEIGHTED_MEAN,12,Favorable,16.06158053798235,False,2.8856489042053326
boundary_pm2_5_2026-07-16T05:50:00+03:00,WEIGHTED_MEAN,13,Acceptable,29.0071444474747,True,10.059915005287017
boundary_pm2_5_2026-07-16T05:50:00+03:00,WEIGHTED_MEAN,14,Favorable,22.833882788569838,False,3.886653346382154
boundary_pm2_5_2026-07-16T05:50:00+03:00,WEIGHTED_MEAN,15,Favorable,13.631999866154551,False,5.315229576033133
boundary_pm2_5_2026-07-16T05:50:00+03:00,WEIGHTED_MEAN,16,Favorable,21.129813101282263,False,2.182583659094579
boundary_pm2_5_2026-07-16T05:50:00+03:00,WEIGHTED_MEAN,17,Favorable,12.444029850746269,False,6.503199591441415
boundary_pm2_5_2026-07-16T05:50:00+03:00,WEIGHTED_MEAN,18,Favorable,15.732897057477134,False,3.2143323847105503
boundary_pm2_5_2026-07-16T05:50:00+03:00,WEIGHTED_MEAN,19,Favorable,23.874336650754724,False,4.92710720856704
boundary_pm2_5_2026-07-16T05:50:00+03:00,WEIGHTED_MEAN,20,Favorable,24.972014925373134,False,6.02478548318545
boundary_pm2_5_2026-07-16T05:50:00+03:00,WEIGHTED_MEAN,21,Favorable,12.444029850746269,False,6.503199591441415
boundary_pm2_5_2026-07-16T05:50:00+03:00,WEIGHTED_MEAN,22,Favorable,12.444029850746269,False,6.503199591441415
boundary_pm2_5_2026-07-16T05:50:00+03:00,WEIGHTED_MEAN,23,Favorable,14.25183575089302,False,4.695393691294663
boundary_pm2_5_2026-07-16T05:50:00+03:00,WEIGHTED_MEAN,24,Favorable,12.444029850746269,False,6.503199591441415
boundary_pm2_5_2026-07-16T05:50:00+03:00,WEIGHTED_MEAN,25,Favorable,24.704924364882938,False,5.757694922695254
boundary_pm2_5_2026-07-16T05:50:00+03:00,WEIGHTED_MEAN,26,Favorable,24.972014925373134,False,6.02478548318545
boundary_pm2_5_2026-07-16T05:50:00+03:00,WEIGHTED_MEAN,27,Favorable,24.643042075805933,False,5.6958126336182495
boundary_pm2_5_2026-07-16T05:50:00+03:00,WEIGHTED_MEAN,28,Favorable,12.444029850746269,False,6.503199591441415
boundary_pm2_5_2026-07-16T05:50:00+03:00,WEIGHTED_MEAN,29,Favorable,20.419665528479783,False,1.4724360862920989
boundary_pm2_5_2026-07-16T06:15:00+03:00,CRISP_CLASS_MAX,0,Favorable,12.5,False,0.0
boundary_pm2_5_2026-07-16T06:15:00+03:00,CRISP_CLASS_MAX,1,Acceptable,37.5,True,25.0
boundary_pm2_5_2026-07-16T06:15:00+03:00,CRISP_CLASS_MAX,2,Acceptable,37.5,True,25.0
boundary_pm2_5_2026-07-16T06:15:00+03:00,CRISP_CLASS_MAX,3,Acceptable,37.5,True,25.0
boundary_pm2_5_2026-07-16T06:15:00+03:00,CRISP_CLASS_MAX,4,Favorable,12.5,False,0.0
boundary_pm2_5_2026-07-16T06:15:00+03:00,CRISP_CLASS_MAX,5,Favorable,12.5,False,0.0
boundary_pm2_5_2026-07-16T06:15:00+03:00,CRISP_CLASS_MAX,6,Favorable,12.5,False,0.0
boundary_pm2_5_2026-07-16T06:15:00+03:00,CRISP_CLASS_MAX,7,Acceptable,37.5,True,25.0
boundary_pm2_5_2026-07-16T06:15:00+03:00,CRISP_CLASS_MAX,8,Acceptable,37.5,True,25.0
boundary_pm2_5_2026-07-16T06:15:00+03:00,CRISP_CLASS_MAX,9,Acceptable,37.5,True,25.0
boundary_pm2_5_2026-07-16T06:15:00+03:00,CRISP_CLASS_MAX,10,Favorable,12.5,False,0.0
boundary_pm2_5_2026-07-16T06:15:00+03:00,CRISP_CLASS_MAX,11,Acceptable,37.5,True,25.0
boundary_pm2_5_2026-07-16T06:15:00+03:00,CRISP_CLASS_MAX,12,Acceptable,37.5,True,25.0
boundary_pm2_5_2026-07-16T06:15:00+03:00,CRISP_CLASS_MAX,13,Favorable,12.5,False,0.0
boundary_pm2_5_2026-07-16T06:15:00+03:00,CRISP_CLASS_MAX,14,Favorable,12.5,False,0.0
boundary_pm2_5_2026-07-16T06:15:00+03:00,CRISP_CLASS_MAX,15,Acceptable,37.5,True,25.0
boundary_pm2_5_2026-07-16T06:15:00+03:00,CRISP_CLASS_MAX,16,Acceptable,37.5,True,25.0
boundary_pm2_5_2026-07-16T06:15:00+03:00,CRISP_CLASS_MAX,17,Acceptable,37.5,True,25.0
boundary_pm2_5_2026-07-16T06:15:00+03:00,CRISP_CLASS_MAX,18,Acceptable,37.5,True,25.0
boundary_pm2_5_2026-07-16T06:15:00+03:00,CRISP_CLASS_MAX,19,Favorable,12.5,False,0.0
boundary_pm2_5_2026-07-16T06:15:00+03:00,CRISP_CLASS_MAX,20,Favorable,12.5,False,0.0
boundary_pm2_5_2026-07-16T06:15:00+03:00,CRISP_CLASS_MAX,21,Acceptable,37.5,True,25.0
boundary_pm2_5_2026-07-16T06:15:00+03:00,CRISP_CLASS_MAX,22,Favorable,12.5,False,0.0
boundary_pm2_5_2026-07-16T06:15:00+03:00,CRISP_CLASS_MAX,23,Acceptable,37.5,True,25.0
boundary_pm2_5_2026-07-16T06:15:00+03:00,CRISP_CLASS_MAX,24,Acceptable,37.5,True,25.0
boundary_pm2_5_2026-07-16T06:15:00+03:00,CRISP_CLASS_MAX,25,Acceptable,37.5,True,25.0
boundary_pm2_5_2026-07-16T06:15:00+03:00,CRISP_CLASS_MAX,26,Acceptable,37.5,True,25.0
boundary_pm2_5_2026-07-16T06:15:00+03:00,CRISP_CLASS_MAX,27,Favorable,12.5,False,0.0
boundary_pm2_5_2026-07-16T06:15:00+03:00,CRISP_CLASS_MAX,28,Favorable,12.5,False,0.0
boundary_pm2_5_2026-07-16T06:15:00+03:00,CRISP_CLASS_MAX,29,Acceptable,37.5,True,25.0
boundary_pm2_5_2026-07-16T06:15:00+03:00,FUZZY_COMPONENT_MAX,0,Favorable,20.183166869567934,True,4.971570879257079
boundary_pm2_5_2026-07-16T06:15:00+03:00,FUZZY_COMPONENT_MAX,1,Acceptable,36.592210927656204,False,11.43747317883119
boundary_pm2_5_2026-07-16T06:15:00+03:00,FUZZY_COMPONENT_MAX,2,Acceptable,33.81011488500763,False,8.655377136182615
boundary_pm2_5_2026-07-16T06:15:00+03:00,FUZZY_COMPONENT_MAX,3,Acceptable,25.90643882225282,False,0.7517010734278067
boundary_pm2_5_2026-07-16T06:15:00+03:00,FUZZY_COMPONENT_MAX,4,Favorable,14.39553896987251,True,10.759198778952504
boundary_pm2_5_2026-07-16T06:15:00+03:00,FUZZY_COMPONENT_MAX,5,Favorable,14.339857216004985,True,10.814880532820029
boundary_pm2_5_2026-07-16T06:15:00+03:00,FUZZY_COMPONENT_MAX,6,Favorable,12.444029850746269,True,12.710707898078745
boundary_pm2_5_2026-07-16T06:15:00+03:00,FUZZY_COMPONENT_MAX,7,Acceptable,37.5,False,12.345262251174987
boundary_pm2_5_2026-07-16T06:15:00+03:00,FUZZY_COMPONENT_MAX,8,Acceptable,37.5,False,12.345262251174987
boundary_pm2_5_2026-07-16T06:15:00+03:00,FUZZY_COMPONENT_MAX,9,Acceptable,37.263210354889196,False,12.108472606064183
boundary_pm2_5_2026-07-16T06:15:00+03:00,FUZZY_COMPONENT_MAX,10,Favorable,15.906922028386855,True,9.247815720438158
boundary_pm2_5_2026-07-16T06:15:00+03:00,FUZZY_COMPONENT_MAX,11,Acceptable,30.771955354204845,False,5.617217605379832
boundary_pm2_5_2026-07-16T06:15:00+03:00,FUZZY_COMPONENT_MAX,12,Acceptable,25.336699231752036,False,0.1819614829270222
boundary_pm2_5_2026-07-16T06:15:00+03:00,FUZZY_COMPONENT_MAX,13,Favorable,18.68219996707667,True,6.472537781748343
boundary_pm2_5_2026-07-16T06:15:00+03:00,FUZZY_COMPONENT_MAX,14,Favorable,12.444029850746269,True,12.710707898078745
boundary_pm2_5_2026-07-16T06:15:00+03:00,FUZZY_COMPONENT_MAX,15,Acceptable,34.67945107225959,False,9.524713323434575
boundary_pm2_5_2026-07-16T06:15:00+03:00,FUZZY_COMPONENT_MAX,16,Acceptable,34.99991281154711,False,9.845175062722099
boundary_pm2_5_2026-07-16T06:15:00+03:00,FUZZY_COMPONENT_MAX,17,Acceptable,27.896962956677726,False,2.7422252078527123
boundary_pm2_5_2026-07-16T06:15:00+03:00,FUZZY_COMPONENT_MAX,18,Acceptable,29.6827162198734,False,4.527978471048385
boundary_pm2_5_2026-07-16T06:15:00+03:00,FUZZY_COMPONENT_MAX,19,Favorable,24.68288969415041,True,0.4718480546746022
boundary_pm2_5_2026-07-16T06:15:00+03:00,FUZZY_COMPONENT_MAX,20,Favorable,20.19616521177282,True,4.958572537052195
boundary_pm2_5_2026-07-16T06:15:00+03:00,FUZZY_COMPONENT_MAX,21,Acceptable,37.5,False,12.345262251174987
boundary_pm2_5_2026-07-16T06:15:00+03:00,FUZZY_COMPONENT_MAX,22,Favorable,12.444029850746269,True,12.710707898078745
boundary_pm2_5_2026-07-16T06:15:00+03:00,FUZZY_COMPONENT_MAX,23,Acceptable,30.481398533511474,False,5.32666078468646
boundary_pm2_5_2026-07-16T06:15:00+03:00,FUZZY_COMPONENT_MAX,24,Acceptable,37.5,False,12.345262251174987
boundary_pm2_5_2026-07-16T06:15:00+03:00,FUZZY_COMPONENT_MAX,25,Acceptable,37.191252267315235,False,12.036514518490222
boundary_pm2_5_2026-07-16T06:15:00+03:00,FUZZY_COMPONENT_MAX,26,Acceptable,37.5,False,12.345262251174987
boundary_pm2_5_2026-07-16T06:15:00+03:00,FUZZY_COMPONENT_MAX,27,Favorable,22.345928833865116,True,2.808808914959897
boundary_pm2_5_2026-07-16T06:15:00+03:00,FUZZY_COMPONENT_MAX,28,Favorable,12.444029850746269,True,12.710707898078745
boundary_pm2_5_2026-07-16T06:15:00+03:00,FUZZY_COMPONENT_MAX,29,Acceptable,37.5,False,12.345262251174987
boundary_pm2_5_2026-07-16T06:15:00+03:00,PROPOSED_HFIS,0,Favorable,20.183166869567934,True,4.971570879257079
boundary_pm2_5_2026-07-16T06:15:00+03:00,PROPOSED_HFIS,1,Acceptable,36.41939283328652,False,11.26465508446151
boundary_pm2_5_2026-07-16T06:15:00+03:00,PROPOSED_HFIS,2,Acceptable,33.81011488500763,False,8.655377136182615
boundary_pm2_5_2026-07-16T06:15:00+03:00,PROPOSED_HFIS,3,Acceptable,25.90643882225282,False,0.7517010734278067
boundary_pm2_5_2026-07-16T06:15:00+03:00,PROPOSED_HFIS,4,Favorable,14.39553896987251,True,10.759198778952504
boundary_pm2_5_2026-07-16T06:15:00+03:00,PROPOSED_HFIS,5,Favorable,14.339857216004985,True,10.814880532820029
boundary_pm2_5_2026-07-16T06:15:00+03:00,PROPOSED_HFIS,6,Favorable,12.444029850746269,True,12.710707898078745
boundary_pm2_5_2026-07-16T06:15:00+03:00,PROPOSED_HFIS,7,Acceptable,37.49999999999999,False,12.34526225117498
boundary_pm2_5_2026-07-16T06:15:00+03:00,PROPOSED_HFIS,8,Acceptable,37.5,False,12.345262251174987
boundary_pm2_5_2026-07-16T06:15:00+03:00,PROPOSED_HFIS,9,Acceptable,37.25134369620456,False,12.096605947379544
boundary_pm2_5_2026-07-16T06:15:00+03:00,PROPOSED_HFIS,10,Favorable,15.906922028386855,True,9.247815720438158
boundary_pm2_5_2026-07-16T06:15:00+03:00,PROPOSED_HFIS,11,Acceptable,30.771955354204845,False,5.617217605379832
boundary_pm2_5_2026-07-16T06:15:00+03:00,PROPOSED_HFIS,12,Acceptable,25.336699231752036,False,0.1819614829270222
boundary_pm2_5_2026-07-16T06:15:00+03:00,PROPOSED_HFIS,13,Favorable,18.68219996707667,True,6.472537781748343
boundary_pm2_5_2026-07-16T06:15:00+03:00,PROPOSED_HFIS,14,Favorable,12.444029850746269,True,12.710707898078745
boundary_pm2_5_2026-07-16T06:15:00+03:00,PROPOSED_HFIS,15,Acceptable,34.67945107225959,False,9.524713323434575
boundary_pm2_5_2026-07-16T06:15:00+03:00,PROPOSED_HFIS,16,Acceptable,34.407098496188446,False,9.252360747363433
boundary_pm2_5_2026-07-16T06:15:00+03:00,PROPOSED_HFIS,17,Acceptable,27.896962956677726,False,2.7422252078527123
boundary_pm2_5_2026-07-16T06:15:00+03:00,PROPOSED_HFIS,18,Acceptable,29.6827162198734,False,4.527978471048385
boundary_pm2_5_2026-07-16T06:15:00+03:00,PROPOSED_HFIS,19,Favorable,24.68288969415041,True,0.4718480546746022
boundary_pm2_5_2026-07-16T06:15:00+03:00,PROPOSED_HFIS,20,Favorable,20.19616521177282,True,4.958572537052195
boundary_pm2_5_2026-07-16T06:15:00+03:00,PROPOSED_HFIS,21,Acceptable,37.5,False,12.345262251174987
boundary_pm2_5_2026-07-16T06:15:00+03:00,PROPOSED_HFIS,22,Favorable,12.444029850746269,True,12.710707898078745
boundary_pm2_5_2026-07-16T06:15:00+03:00,PROPOSED_HFIS,23,Acceptable,30.481398533511474,False,5.32666078468646
boundary_pm2_5_2026-07-16T06:15:00+03:00,PROPOSED_HFIS,24,Acceptable,37.5,False,12.345262251174987
boundary_pm2_5_2026-07-16T06:15:00+03:00,PROPOSED_HFIS,25,Acceptable,37.191252267315235,False,12.036514518490222
boundary_pm2_5_2026-07-16T06:15:00+03:00,PROPOSED_HFIS,26,Acceptable,37.5,False,12.345262251174987
boundary_pm2_5_2026-07-16T06:15:00+03:00,PROPOSED_HFIS,27,Favorable,22.345928833865116,True,2.808808914959897
boundary_pm2_5_2026-07-16T06:15:00+03:00,PROPOSED_HFIS,28,Favorable,12.444029850746269,True,12.710707898078745
boundary_pm2_5_2026-07-16T06:15:00+03:00,PROPOSED_HFIS,29,Acceptable,37.5,False,12.345262251174987
boundary_pm2_5_2026-07-16T06:15:00+03:00,WEIGHTED_MEAN,0,Favorable,16.3135983601571,False,2.4857854396285397
boundary_pm2_5_2026-07-16T06:15:00+03:00,WEIGHTED_MEAN,1,Acceptable,27.206173785853732,True,8.406789986068091
boundary_pm2_5_2026-07-16T06:15:00+03:00,WEIGHTED_MEAN,2,Favorable,23.12707236787695,False,4.3276885680913075
boundary_pm2_5_2026-07-16T06:15:00+03:00,WEIGHTED_MEAN,3,Favorable,19.175234336499543,False,0.37585053671390156
boundary_pm2_5_2026-07-16T06:15:00+03:00,WEIGHTED_MEAN,4,Favorable,13.41978441030939,False,5.379599389476251
boundary_pm2_5_2026-07-16T06:15:00+03:00,WEIGHTED_MEAN,5,Favorable,13.391943533375628,False,5.407440266410013
boundary_pm2_5_2026-07-16T06:15:00+03:00,WEIGHTED_MEAN,6,Favorable,12.444029850746269,False,6.3553539490393725
boundary_pm2_5_2026-07-16T06:15:00+03:00,WEIGHTED_MEAN,7,Acceptable,26.43995405310669,True,7.640570253321048
boundary_pm2_5_2026-07-16T06:15:00+03:00,WEIGHTED_MEAN,8,Favorable,24.972014925373134,False,6.172631125587493
boundary_pm2_5_2026-07-16T06:15:00+03:00,WEIGHTED_MEAN,9,Acceptable,25.651041657552703,True,6.851657857767062
boundary_pm2_5_2026-07-16T06:15:00+03:00,WEIGHTED_MEAN,10,Favorable,14.175475939566562,False,4.623907860219079
boundary_pm2_5_2026-07-16T06:15:00+03:00,WEIGHTED_MEAN,11,Favorable,23.585711887974647,False,4.786328088189006
boundary_pm2_5_2026-07-16T06:15:00+03:00,WEIGHTED_MEAN,12,Favorable,18.890364541249152,False,0.0909807414635111
boundary_pm2_5_2026-07-16T06:15:00+03:00,WEIGHTED_MEAN,13,Favorable,15.56311490891147,False,3.2362688908741717
boundary_pm2_5_2026-07-16T06:15:00+03:00,WEIGHTED_MEAN,14,Favorable,12.444029850746269,False,6.3553539490393725
boundary_pm2_5_2026-07-16T06:15:00+03:00,WEIGHTED_MEAN,15,Favorable,23.56174046150293,False,4.762356661717288
boundary_pm2_5_2026-07-16T06:15:00+03:00,WEIGHTED_MEAN,16,Acceptable,27.63263289828278,True,8.833249098497138
boundary_pm2_5_2026-07-16T06:15:00+03:00,WEIGHTED_MEAN,17,Favorable,20.170496403711997,False,1.3711126039263561
boundary_pm2_5_2026-07-16T06:15:00+03:00,WEIGHTED_MEAN,18,Favorable,21.063373035309834,False,2.2639892355241926
boundary_pm2_5_2026-07-16T06:15:00+03:00,WEIGHTED_MEAN,19,Favorable,18.56345977244834,False,0.2359240273373011
boundary_pm2_5_2026-07-16T06:15:00+03:00,WEIGHTED_MEAN,20,Favorable,16.32009753125954,False,2.4792862685260992
boundary_pm2_5_2026-07-16T06:15:00+03:00,WEIGHTED_MEAN,21,Favorable,24.972014925373134,False,6.172631125587493
boundary_pm2_5_2026-07-16T06:15:00+03:00,WEIGHTED_MEAN,22,Favorable,12.444029850746269,False,6.3553539490393725
boundary_pm2_5_2026-07-16T06:15:00+03:00,WEIGHTED_MEAN,23,Favorable,21.46271419212887,False,2.66333039234323
boundary_pm2_5_2026-07-16T06:15:00+03:00,WEIGHTED_MEAN,24,Favorable,24.972014925373134,False,6.172631125587493
boundary_pm2_5_2026-07-16T06:15:00+03:00,WEIGHTED_MEAN,25,Favorable,24.817641059030752,False,6.018257259245111
boundary_pm2_5_2026-07-16T06:15:00+03:00,WEIGHTED_MEAN,26,Favorable,24.972014925373134,False,6.172631125587493
boundary_pm2_5_2026-07-16T06:15:00+03:00,WEIGHTED_MEAN,27,Favorable,17.394979342305692,False,1.4044044574799486
boundary_pm2_5_2026-07-16T06:15:00+03:00,WEIGHTED_MEAN,28,Favorable,12.444029850746269,False,6.3553539490393725
boundary_pm2_5_2026-07-16T06:15:00+03:00,WEIGHTED_MEAN,29,Favorable,24.972014925373134,False,6.172631125587493
boundary_pm2_5_2026-07-16T06:20:00+03:00,CRISP_CLASS_MAX,0,Acceptable,37.5,False,0.0
boundary_pm2_5_2026-07-16T06:20:00+03:00,CRISP_CLASS_MAX,1,Acceptable,37.5,False,0.0
boundary_pm2_5_2026-07-16T06:20:00+03:00,CRISP_CLASS_MAX,2,Favorable,12.5,True,25.0
boundary_pm2_5_2026-07-16T06:20:00+03:00,CRISP_CLASS_MAX,3,Acceptable,37.5,False,0.0
boundary_pm2_5_2026-07-16T06:20:00+03:00,CRISP_CLASS_MAX,4,Acceptable,37.5,False,0.0
boundary_pm2_5_2026-07-16T06:20:00+03:00,CRISP_CLASS_MAX,5,Acceptable,37.5,False,0.0
boundary_pm2_5_2026-07-16T06:20:00+03:00,CRISP_CLASS_MAX,6,Acceptable,37.5,False,0.0
boundary_pm2_5_2026-07-16T06:20:00+03:00,CRISP_CLASS_MAX,7,Favorable,12.5,True,25.0
boundary_pm2_5_2026-07-16T06:20:00+03:00,CRISP_CLASS_MAX,8,Favorable,12.5,True,25.0
boundary_pm2_5_2026-07-16T06:20:00+03:00,CRISP_CLASS_MAX,9,Acceptable,37.5,False,0.0
boundary_pm2_5_2026-07-16T06:20:00+03:00,CRISP_CLASS_MAX,10,Favorable,12.5,True,25.0
boundary_pm2_5_2026-07-16T06:20:00+03:00,CRISP_CLASS_MAX,11,Acceptable,37.5,False,0.0
boundary_pm2_5_2026-07-16T06:20:00+03:00,CRISP_CLASS_MAX,12,Acceptable,37.5,False,0.0
boundary_pm2_5_2026-07-16T06:20:00+03:00,CRISP_CLASS_MAX,13,Acceptable,37.5,False,0.0
boundary_pm2_5_2026-07-16T06:20:00+03:00,CRISP_CLASS_MAX,14,Favorable,12.5,True,25.0
boundary_pm2_5_2026-07-16T06:20:00+03:00,CRISP_CLASS_MAX,15,Favorable,12.5,True,25.0
boundary_pm2_5_2026-07-16T06:20:00+03:00,CRISP_CLASS_MAX,16,Acceptable,37.5,False,0.0
boundary_pm2_5_2026-07-16T06:20:00+03:00,CRISP_CLASS_MAX,17,Acceptable,37.5,False,0.0
boundary_pm2_5_2026-07-16T06:20:00+03:00,CRISP_CLASS_MAX,18,Favorable,12.5,True,25.0
boundary_pm2_5_2026-07-16T06:20:00+03:00,CRISP_CLASS_MAX,19,Favorable,12.5,True,25.0
boundary_pm2_5_2026-07-16T06:20:00+03:00,CRISP_CLASS_MAX,20,Acceptable,37.5,False,0.0
boundary_pm2_5_2026-07-16T06:20:00+03:00,CRISP_CLASS_MAX,21,Favorable,12.5,True,25.0
boundary_pm2_5_2026-07-16T06:20:00+03:00,CRISP_CLASS_MAX,22,Acceptable,37.5,False,0.0
boundary_pm2_5_2026-07-16T06:20:00+03:00,CRISP_CLASS_MAX,23,Favorable,12.5,True,25.0
boundary_pm2_5_2026-07-16T06:20:00+03:00,CRISP_CLASS_MAX,24,Acceptable,37.5,False,0.0
boundary_pm2_5_2026-07-16T06:20:00+03:00,CRISP_CLASS_MAX,25,Favorable,12.5,True,25.0
boundary_pm2_5_2026-07-16T06:20:00+03:00,CRISP_CLASS_MAX,26,Favorable,12.5,True,25.0
boundary_pm2_5_2026-07-16T06:20:00+03:00,CRISP_CLASS_MAX,27,Favorable,12.5,True,25.0
boundary_pm2_5_2026-07-16T06:20:00+03:00,CRISP_CLASS_MAX,28,Favorable,12.5,True,25.0
boundary_pm2_5_2026-07-16T06:20:00+03:00,CRISP_CLASS_MAX,29,Acceptable,37.5,False,0.0
boundary_pm2_5_2026-07-16T06:20:00+03:00,FUZZY_COMPONENT_MAX,0,Acceptable,37.5,False,12.106723518558159
boundary_pm2_5_2026-07-16T06:20:00+03:00,FUZZY_COMPONENT_MAX,1,Acceptable,27.22614731031416,False,1.83287082887232
boundary_pm2_5_2026-07-16T06:20:00+03:00,FUZZY_COMPONENT_MAX,2,Favorable,14.242976452942228,True,11.150300028499613
boundary_pm2_5_2026-07-16T06:20:00+03:00,FUZZY_COMPONENT_MAX,3,Acceptable,37.5,False,12.106723518558159
boundary_pm2_5_2026-07-16T06:20:00+03:00,FUZZY_COMPONENT_MAX,4,Acceptable,35.99319439134142,False,10.599917909899577
boundary_pm2_5_2026-07-16T06:20:00+03:00,FUZZY_COMPONENT_MAX,5,Acceptable,31.72323797580171,False,6.329961494359868
boundary_pm2_5_2026-07-16T06:20:00+03:00,FUZZY_COMPONENT_MAX,6,Acceptable,37.5,False,12.106723518558159
boundary_pm2_5_2026-07-16T06:20:00+03:00,FUZZY_COMPONENT_MAX,7,Favorable,22.818626515078925,True,2.574649966362916
boundary_pm2_5_2026-07-16T06:20:00+03:00,FUZZY_COMPONENT_MAX,8,Favorable,12.444029850746269,True,12.949246630695573
boundary_pm2_5_2026-07-16T06:20:00+03:00,FUZZY_COMPONENT_MAX,9,Acceptable,37.5,False,12.106723518558159
boundary_pm2_5_2026-07-16T06:20:00+03:00,FUZZY_COMPONENT_MAX,10,Favorable,12.444029850746269,True,12.949246630695573
boundary_pm2_5_2026-07-16T06:20:00+03:00,FUZZY_COMPONENT_MAX,11,Acceptable,37.5,False,12.106723518558159
boundary_pm2_5_2026-07-16T06:20:00+03:00,FUZZY_COMPONENT_MAX,12,Acceptable,26.166539533791575,False,0.7732630523497335
boundary_pm2_5_2026-07-16T06:20:00+03:00,FUZZY_COMPONENT_MAX,13,Acceptable,33.633247774358004,False,8.239971292916163
boundary_pm2_5_2026-07-16T06:20:00+03:00,FUZZY_COMPONENT_MAX,14,Favorable,12.444029850746269,True,12.949246630695573
boundary_pm2_5_2026-07-16T06:20:00+03:00,FUZZY_COMPONENT_MAX,15,Favorable,15.085271432245747,True,10.308005049196094
boundary_pm2_5_2026-07-16T06:20:00+03:00,FUZZY_COMPONENT_MAX,16,Acceptable,37.070870570934794,False,11.677594089492953
boundary_pm2_5_2026-07-16T06:20:00+03:00,FUZZY_COMPONENT_MAX,17,Acceptable,25.728299502104914,False,0.33502302066307266
boundary_pm2_5_2026-07-16T06:20:00+03:00,FUZZY_COMPONENT_MAX,18,Favorable,12.444029850746269,True,12.949246630695573
boundary_pm2_5_2026-07-16T06:20:00+03:00,FUZZY_COMPONENT_MAX,19,Favorable,23.104461740044634,True,2.288814741397207
boundary_pm2_5_2026-07-16T06:20:00+03:00,FUZZY_COMPONENT_MAX,20,Acceptable,37.5,False,12.106723518558159
boundary_pm2_5_2026-07-16T06:20:00+03:00,FUZZY_COMPONENT_MAX,21,Favorable,12.444029850746269,True,12.949246630695573
boundary_pm2_5_2026-07-16T06:20:00+03:00,FUZZY_COMPONENT_MAX,22,Acceptable,36.201086484955866,False,10.807810003514025
boundary_pm2_5_2026-07-16T06:20:00+03:00,FUZZY_COMPONENT_MAX,23,Favorable,20.054383647881338,True,5.338892833560504
boundary_pm2_5_2026-07-16T06:20:00+03:00,FUZZY_COMPONENT_MAX,24,Acceptable,28.694428942468488,False,3.3011524610266463
boundary_pm2_5_2026-07-16T06:20:00+03:00,FUZZY_COMPONENT_MAX,25,Favorable,13.729387050392756,True,11.663889431049085
boundary_pm2_5_2026-07-16T06:20:00+03:00,FUZZY_COMPONENT_MAX,26,Favorable,14.798187792597151,True,10.59508868884469
boundary_pm2_5_2026-07-16T06:20:00+03:00,FUZZY_COMPONENT_MAX,27,Favorable,24.92270031714085,True,0.47057616430099003
boundary_pm2_5_2026-07-16T06:20:00+03:00,FUZZY_COMPONENT_MAX,28,Favorable,21.48392900875691,True,3.9093474726849315
boundary_pm2_5_2026-07-16T06:20:00+03:00,FUZZY_COMPONENT_MAX,29,Acceptable,29.61132488313151,False,4.218048401689668
boundary_pm2_5_2026-07-16T06:20:00+03:00,PROPOSED_HFIS,0,Acceptable,37.5,False,12.106723518558159
boundary_pm2_5_2026-07-16T06:20:00+03:00,PROPOSED_HFIS,1,Acceptable,27.22614731031416,False,1.83287082887232
boundary_pm2_5_2026-07-16T06:20:00+03:00,PROPOSED_HFIS,2,Favorable,14.242976452942228,True,11.150300028499613
boundary_pm2_5_2026-07-16T06:20:00+03:00,PROPOSED_HFIS,3,Acceptable,37.5,False,12.106723518558159
boundary_pm2_5_2026-07-16T06:20:00+03:00,PROPOSED_HFIS,4,Acceptable,35.99319439134142,False,10.599917909899577
boundary_pm2_5_2026-07-16T06:20:00+03:00,PROPOSED_HFIS,5,Acceptable,31.72323797580171,False,6.329961494359868
boundary_pm2_5_2026-07-16T06:20:00+03:00,PROPOSED_HFIS,6,Acceptable,37.5,False,12.106723518558159
boundary_pm2_5_2026-07-16T06:20:00+03:00,PROPOSED_HFIS,7,Favorable,22.818626515078925,True,2.574649966362916
boundary_pm2_5_2026-07-16T06:20:00+03:00,PROPOSED_HFIS,8,Favorable,12.444029850746269,True,12.949246630695573
boundary_pm2_5_2026-07-16T06:20:00+03:00,PROPOSED_HFIS,9,Acceptable,37.499999999999986,False,12.106723518558145
boundary_pm2_5_2026-07-16T06:20:00+03:00,PROPOSED_HFIS,10,Favorable,12.444029850746269,True,12.949246630695573
boundary_pm2_5_2026-07-16T06:20:00+03:00,PROPOSED_HFIS,11,Acceptable,37.5,False,12.106723518558159
boundary_pm2_5_2026-07-16T06:20:00+03:00,PROPOSED_HFIS,12,Acceptable,26.166539533791575,False,0.7732630523497335
boundary_pm2_5_2026-07-16T06:20:00+03:00,PROPOSED_HFIS,13,Acceptable,33.633247774358004,False,8.239971292916163
boundary_pm2_5_2026-07-16T06:20:00+03:00,PROPOSED_HFIS,14,Favorable,12.444029850746269,True,12.949246630695573
boundary_pm2_5_2026-07-16T06:20:00+03:00,PROPOSED_HFIS,15,Favorable,15.085271432245747,True,10.308005049196094
boundary_pm2_5_2026-07-16T06:20:00+03:00,PROPOSED_HFIS,16,Acceptable,37.070870570934794,False,11.677594089492953
boundary_pm2_5_2026-07-16T06:20:00+03:00,PROPOSED_HFIS,17,Acceptable,25.728299502104914,False,0.33502302066307266
boundary_pm2_5_2026-07-16T06:20:00+03:00,PROPOSED_HFIS,18,Favorable,12.444029850746269,True,12.949246630695573
boundary_pm2_5_2026-07-16T06:20:00+03:00,PROPOSED_HFIS,19,Favorable,23.104461740044634,True,2.288814741397207
boundary_pm2_5_2026-07-16T06:20:00+03:00,PROPOSED_HFIS,20,Acceptable,37.5,False,12.106723518558159
boundary_pm2_5_2026-07-16T06:20:00+03:00,PROPOSED_HFIS,21,Favorable,12.444029850746269,True,12.949246630695573
boundary_pm2_5_2026-07-16T06:20:00+03:00,PROPOSED_HFIS,22,Acceptable,36.201086484955866,False,10.807810003514025
boundary_pm2_5_2026-07-16T06:20:00+03:00,PROPOSED_HFIS,23,Favorable,20.054383647881338,True,5.338892833560504
boundary_pm2_5_2026-07-16T06:20:00+03:00,PROPOSED_HFIS,24,Acceptable,28.694428942468488,False,3.3011524610266463
boundary_pm2_5_2026-07-16T06:20:00+03:00,PROPOSED_HFIS,25,Favorable,13.729387050392756,True,11.663889431049085
boundary_pm2_5_2026-07-16T06:20:00+03:00,PROPOSED_HFIS,26,Favorable,14.798187792597151,True,10.59508868884469
boundary_pm2_5_2026-07-16T06:20:00+03:00,PROPOSED_HFIS,27,Favorable,24.92270031714085,True,0.47057616430099003
boundary_pm2_5_2026-07-16T06:20:00+03:00,PROPOSED_HFIS,28,Favorable,21.48392900875691,True,3.9093474726849315
boundary_pm2_5_2026-07-16T06:20:00+03:00,PROPOSED_HFIS,29,Acceptable,29.61132488313151,False,4.218048401689668
boundary_pm2_5_2026-07-16T06:20:00+03:00,WEIGHTED_MEAN,0,Favorable,24.972014925373134,False,6.053361759279081
boundary_pm2_5_2026-07-16T06:20:00+03:00,WEIGHTED_MEAN,1,Favorable,23.613555219345493,False,4.69490205325144
boundary_pm2_5_2026-07-16T06:20:00+03:00,WEIGHTED_MEAN,2,Favorable,13.34350315184425,False,5.575150014249804
boundary_pm2_5_2026-07-16T06:20:00+03:00,WEIGHTED_MEAN,3,Favorable,24.972014925373134,False,6.053361759279081
boundary_pm2_5_2026-07-16T06:20:00+03:00,WEIGHTED_MEAN,4,Favorable,24.218612121043844,False,5.2999589549497905
boundary_pm2_5_2026-07-16T06:20:00+03:00,WEIGHTED_MEAN,5,Favorable,22.08363391327399,False,3.1649807471799356
boundary_pm2_5_2026-07-16T06:20:00+03:00,WEIGHTED_MEAN,6,Favorable,24.972014925373134,False,6.053361759279081
boundary_pm2_5_2026-07-16T06:20:00+03:00,WEIGHTED_MEAN,7,Favorable,17.631328182912597,False,1.2873249831814562
boundary_pm2_5_2026-07-16T06:20:00+03:00,WEIGHTED_MEAN,8,Favorable,12.444029850746269,False,6.474623315347785
boundary_pm2_5_2026-07-16T06:20:00+03:00,WEIGHTED_MEAN,9,Acceptable,25.48370787657466,True,6.565054710480606
boundary_pm2_5_2026-07-16T06:20:00+03:00,WEIGHTED_MEAN,10,Favorable,12.444029850746269,False,6.474623315347785
boundary_pm2_5_2026-07-16T06:20:00+03:00,WEIGHTED_MEAN,11,Favorable,24.972014925373134,False,6.053361759279081
boundary_pm2_5_2026-07-16T06:20:00+03:00,WEIGHTED_MEAN,12,Favorable,19.30528469226892,False,0.38663152617486674
boundary_pm2_5_2026-07-16T06:20:00+03:00,WEIGHTED_MEAN,13,Favorable,23.038638812552136,False,4.119985646458083
boundary_pm2_5_2026-07-16T06:20:00+03:00,WEIGHTED_MEAN,14,Favorable,12.444029850746269,False,6.474623315347785
boundary_pm2_5_2026-07-16T06:20:00+03:00,WEIGHTED_MEAN,15,Favorable,13.764650641496008,False,5.154002524598045
boundary_pm2_5_2026-07-16T06:20:00+03:00,WEIGHTED_MEAN,16,Favorable,24.75745021084053,False,5.838797044746478
boundary_pm2_5_2026-07-16T06:20:00+03:00,WEIGHTED_MEAN,17,Favorable,19.08616467642559,False,0.16751151033153633
boundary_pm2_5_2026-07-16T06:20:00+03:00,WEIGHTED_MEAN,18,Favorable,12.444029850746269,False,6.474623315347785
boundary_pm2_5_2026-07-16T06:20:00+03:00,WEIGHTED_MEAN,19,Favorable,17.77424579539545,False,1.1444073706986018
boundary_pm2_5_2026-07-16T06:20:00+03:00,WEIGHTED_MEAN,20,Favorable,24.972014925373134,False,6.053361759279081
boundary_pm2_5_2026-07-16T06:20:00+03:00,WEIGHTED_MEAN,21,Favorable,12.444029850746269,False,6.474623315347785
boundary_pm2_5_2026-07-16T06:20:00+03:00,WEIGHTED_MEAN,22,Favorable,24.322558167851067,False,5.403905001757014
boundary_pm2_5_2026-07-16T06:20:00+03:00,WEIGHTED_MEAN,23,Favorable,16.249206749313803,False,2.66944641678025
boundary_pm2_5_2026-07-16T06:20:00+03:00,WEIGHTED_MEAN,24,Favorable,20.569229396607376,False,1.6505762305133231
boundary_pm2_5_2026-07-16T06:20:00+03:00,WEIGHTED_MEAN,25,Favorable,13.086708450569512,False,5.831944715524541
boundary_pm2_5_2026-07-16T06:20:00+03:00,WEIGHTED_MEAN,26,Favorable,13.62110882167171,False,5.297544344422343
boundary_pm2_5_2026-07-16T06:20:00+03:00,WEIGHTED_MEAN,27,Favorable,20.03870779480915,False,1.1200546287150956
boundary_pm2_5_2026-07-16T06:20:00+03:00,WEIGHTED_MEAN,28,Favorable,16.96397942975159,False,1.954673736342464
boundary_pm2_5_2026-07-16T06:20:00+03:00,WEIGHTED_MEAN,29,Favorable,21.02767736693889,False,2.1090242008448357
random_2026-07-15T13:10:00+03:00,CRISP_CLASS_MAX,0,Favorable,12.5,False,0.0
random_2026-07-15T13:10:00+03:00,CRISP_CLASS_MAX,1,Favorable,12.5,False,0.0
random_2026-07-15T13:10:00+03:00,CRISP_CLASS_MAX,2,Favorable,12.5,False,0.0
random_2026-07-15T13:10:00+03:00,CRISP_CLASS_MAX,3,Acceptable,37.5,True,25.0
random_2026-07-15T13:10:00+03:00,CRISP_CLASS_MAX,4,Favorable,12.5,False,0.0
random_2026-07-15T13:10:00+03:00,CRISP_CLASS_MAX,5,Favorable,12.5,False,0.0
random_2026-07-15T13:10:00+03:00,CRISP_CLASS_MAX,6,Favorable,12.5,False,0.0
random_2026-07-15T13:10:00+03:00,CRISP_CLASS_MAX,7,Favorable,12.5,False,0.0
random_2026-07-15T13:10:00+03:00,CRISP_CLASS_MAX,8,Favorable,12.5,False,0.0
random_2026-07-15T13:10:00+03:00,CRISP_CLASS_MAX,9,Favorable,12.5,False,0.0
random_2026-07-15T13:10:00+03:00,CRISP_CLASS_MAX,10,Favorable,12.5,False,0.0
random_2026-07-15T13:10:00+03:00,CRISP_CLASS_MAX,11,Acceptable,37.5,True,25.0
random_2026-07-15T13:10:00+03:00,CRISP_CLASS_MAX,12,Favorable,12.5,False,0.0
random_2026-07-15T13:10:00+03:00,CRISP_CLASS_MAX,13,Favorable,12.5,False,0.0
random_2026-07-15T13:10:00+03:00,CRISP_CLASS_MAX,14,Favorable,12.5,False,0.0
random_2026-07-15T13:10:00+03:00,CRISP_CLASS_MAX,15,Favorable,12.5,False,0.0
random_2026-07-15T13:10:00+03:00,CRISP_CLASS_MAX,16,Favorable,12.5,False,0.0
random_2026-07-15T13:10:00+03:00,CRISP_CLASS_MAX,17,Favorable,12.5,False,0.0
random_2026-07-15T13:10:00+03:00,CRISP_CLASS_MAX,18,Favorable,12.5,False,0.0
random_2026-07-15T13:10:00+03:00,CRISP_CLASS_MAX,19,Favorable,12.5,False,0.0
random_2026-07-15T13:10:00+03:00,CRISP_CLASS_MAX,20,Favorable,12.5,False,0.0
random_2026-07-15T13:10:00+03:00,CRISP_CLASS_MAX,21,Favorable,12.5,False,0.0
random_2026-07-15T13:10:00+03:00,CRISP_CLASS_MAX,22,Favorable,12.5,False,0.0
random_2026-07-15T13:10:00+03:00,CRISP_CLASS_MAX,23,Favorable,12.5,False,0.0
random_2026-07-15T13:10:00+03:00,CRISP_CLASS_MAX,24,Favorable,12.5,False,0.0
random_2026-07-15T13:10:00+03:00,CRISP_CLASS_MAX,25,Favorable,12.5,False,0.0
random_2026-07-15T13:10:00+03:00,CRISP_CLASS_MAX,26,Favorable,12.5,False,0.0
random_2026-07-15T13:10:00+03:00,CRISP_CLASS_MAX,27,Favorable,12.5,False,0.0
random_2026-07-15T13:10:00+03:00,CRISP_CLASS_MAX,28,Favorable,12.5,False,0.0
random_2026-07-15T13:10:00+03:00,CRISP_CLASS_MAX,29,Favorable,12.5,False,0.0
random_2026-07-15T13:10:00+03:00,FUZZY_COMPONENT_MAX,0,Favorable,12.444029850746269,False,0.0
random_2026-07-15T13:10:00+03:00,FUZZY_COMPONENT_MAX,1,Favorable,12.444029850746269,False,0.0
random_2026-07-15T13:10:00+03:00,FUZZY_COMPONENT_MAX,2,Favorable,12.444029850746269,False,0.0
random_2026-07-15T13:10:00+03:00,FUZZY_COMPONENT_MAX,3,Acceptable,27.786275464688302,True,15.342245613942033
random_2026-07-15T13:10:00+03:00,FUZZY_COMPONENT_MAX,4,Favorable,12.444029850746269,False,0.0
random_2026-07-15T13:10:00+03:00,FUZZY_COMPONENT_MAX,5,Favorable,24.627829680883643,False,12.183799830137374
random_2026-07-15T13:10:00+03:00,FUZZY_COMPONENT_MAX,6,Favorable,12.444029850746269,False,0.0
random_2026-07-15T13:10:00+03:00,FUZZY_COMPONENT_MAX,7,Favorable,12.444029850746269,False,0.0
random_2026-07-15T13:10:00+03:00,FUZZY_COMPONENT_MAX,8,Favorable,21.751163677800953,False,9.307133827054685
random_2026-07-15T13:10:00+03:00,FUZZY_COMPONENT_MAX,9,Favorable,12.444029850746269,False,0.0
random_2026-07-15T13:10:00+03:00,FUZZY_COMPONENT_MAX,10,Favorable,24.524564887989406,False,12.080535037243138
random_2026-07-15T13:10:00+03:00,FUZZY_COMPONENT_MAX,11,Acceptable,25.543408147437663,True,13.099378296691395
random_2026-07-15T13:10:00+03:00,FUZZY_COMPONENT_MAX,12,Favorable,12.444029850746269,False,0.0
random_2026-07-15T13:10:00+03:00,FUZZY_COMPONENT_MAX,13,Favorable,21.6181137042089,False,9.17408385346263
random_2026-07-15T13:10:00+03:00,FUZZY_COMPONENT_MAX,14,Favorable,12.444029850746269,False,0.0
random_2026-07-15T13:10:00+03:00,FUZZY_COMPONENT_MAX,15,Favorable,12.444029850746269,False,0.0
random_2026-07-15T13:10:00+03:00,FUZZY_COMPONENT_MAX,16,Favorable,12.444029850746269,False,0.0
random_2026-07-15T13:10:00+03:00,FUZZY_COMPONENT_MAX,17,Favorable,14.58190232545867,False,2.1378724747124007
random_2026-07-15T13:10:00+03:00,FUZZY_COMPONENT_MAX,18,Favorable,12.444029850746269,False,0.0
random_2026-07-15T13:10:00+03:00,FUZZY_COMPONENT_MAX,19,Favorable,12.444029850746269,False,0.0
random_2026-07-15T13:10:00+03:00,FUZZY_COMPONENT_MAX,20,Favorable,12.444029850746269,False,0.0
random_2026-07-15T13:10:00+03:00,FUZZY_COMPONENT_MAX,21,Favorable,12.444029850746269,False,0.0
random_2026-07-15T13:10:00+03:00,FUZZY_COMPONENT_MAX,22,Favorable,12.444029850746269,False,0.0
random_2026-07-15T13:10:00+03:00,FUZZY_COMPONENT_MAX,23,Favorable,13.373367178034874,False,0.9293373272886054
random_2026-07-15T13:10:00+03:00,FUZZY_COMPONENT_MAX,24,Favorable,12.444029850746269,False,0.0
random_2026-07-15T13:10:00+03:00,FUZZY_COMPONENT_MAX,25,Favorable,12.444029850746269,False,0.0
random_2026-07-15T13:10:00+03:00,FUZZY_COMPONENT_MAX,26,Favorable,12.444029850746269,False,0.0
random_2026-07-15T13:10:00+03:00,FUZZY_COMPONENT_MAX,27,Favorable,12.444029850746269,False,0.0
random_2026-07-15T13:10:00+03:00,FUZZY_COMPONENT_MAX,28,Favorable,24.954666222499423,False,12.510636371753154
random_2026-07-15T13:10:00+03:00,FUZZY_COMPONENT_MAX,29,Favorable,13.286182666794204,False,0.8421528160479355
random_2026-07-15T13:10:00+03:00,PROPOSED_HFIS,0,Favorable,12.444029850746269,False,0.0
random_2026-07-15T13:10:00+03:00,PROPOSED_HFIS,1,Favorable,12.444029850746269,False,0.0
random_2026-07-15T13:10:00+03:00,PROPOSED_HFIS,2,Favorable,12.444029850746269,False,0.0
random_2026-07-15T13:10:00+03:00,PROPOSED_HFIS,3,Acceptable,27.786275464688302,True,15.342245613942033
random_2026-07-15T13:10:00+03:00,PROPOSED_HFIS,4,Favorable,12.444029850746269,False,0.0
random_2026-07-15T13:10:00+03:00,PROPOSED_HFIS,5,Favorable,24.627829680883643,False,12.183799830137374
random_2026-07-15T13:10:00+03:00,PROPOSED_HFIS,6,Favorable,12.444029850746269,False,0.0
random_2026-07-15T13:10:00+03:00,PROPOSED_HFIS,7,Favorable,12.444029850746269,False,0.0
random_2026-07-15T13:10:00+03:00,PROPOSED_HFIS,8,Favorable,21.751163677800953,False,9.307133827054685
random_2026-07-15T13:10:00+03:00,PROPOSED_HFIS,9,Favorable,12.444029850746269,False,0.0
random_2026-07-15T13:10:00+03:00,PROPOSED_HFIS,10,Favorable,24.524564887989406,False,12.080535037243138
random_2026-07-15T13:10:00+03:00,PROPOSED_HFIS,11,Acceptable,25.543408147437663,True,13.099378296691395
random_2026-07-15T13:10:00+03:00,PROPOSED_HFIS,12,Favorable,12.444029850746269,False,0.0
random_2026-07-15T13:10:00+03:00,PROPOSED_HFIS,13,Favorable,21.6181137042089,False,9.17408385346263
random_2026-07-15T13:10:00+03:00,PROPOSED_HFIS,14,Favorable,12.444029850746269,False,0.0
random_2026-07-15T13:10:00+03:00,PROPOSED_HFIS,15,Favorable,12.444029850746269,False,0.0
random_2026-07-15T13:10:00+03:00,PROPOSED_HFIS,16,Favorable,12.444029850746269,False,0.0
random_2026-07-15T13:10:00+03:00,PROPOSED_HFIS,17,Favorable,14.58190232545867,False,2.1378724747124007
random_2026-07-15T13:10:00+03:00,PROPOSED_HFIS,18,Favorable,12.444029850746269,False,0.0
random_2026-07-15T13:10:00+03:00,PROPOSED_HFIS,19,Favorable,12.444029850746269,False,0.0
random_2026-07-15T13:10:00+03:00,PROPOSED_HFIS,20,Favorable,12.444029850746269,False,0.0
random_2026-07-15T13:10:00+03:00,PROPOSED_HFIS,21,Favorable,12.444029850746269,False,0.0
random_2026-07-15T13:10:00+03:00,PROPOSED_HFIS,22,Favorable,12.444029850746269,False,0.0
random_2026-07-15T13:10:00+03:00,PROPOSED_HFIS,23,Favorable,13.373367178034874,False,0.9293373272886054
random_2026-07-15T13:10:00+03:00,PROPOSED_HFIS,24,Favorable,12.444029850746269,False,0.0
random_2026-07-15T13:10:00+03:00,PROPOSED_HFIS,25,Favorable,12.444029850746269,False,0.0
random_2026-07-15T13:10:00+03:00,PROPOSED_HFIS,26,Favorable,12.444029850746269,False,0.0
random_2026-07-15T13:10:00+03:00,PROPOSED_HFIS,27,Favorable,12.444029850746269,False,0.0
random_2026-07-15T13:10:00+03:00,PROPOSED_HFIS,28,Favorable,24.954666222499423,False,12.510636371753154
random_2026-07-15T13:10:00+03:00,PROPOSED_HFIS,29,Favorable,13.286182666794204,False,0.8421528160479355
random_2026-07-15T13:10:00+03:00,WEIGHTED_MEAN,0,Favorable,12.444029850746269,False,0.0
random_2026-07-15T13:10:00+03:00,WEIGHTED_MEAN,1,Favorable,12.444029850746269,False,0.0
random_2026-07-15T13:10:00+03:00,WEIGHTED_MEAN,2,Favorable,12.444029850746269,False,0.0
random_2026-07-15T13:10:00+03:00,WEIGHTED_MEAN,3,Favorable,20.115152657717285,False,7.671122806971017
random_2026-07-15T13:10:00+03:00,WEIGHTED_MEAN,4,Favorable,12.444029850746269,False,0.0
random_2026-07-15T13:10:00+03:00,WEIGHTED_MEAN,5,Favorable,18.535929765814956,False,6.091899915068687
random_2026-07-15T13:10:00+03:00,WEIGHTED_MEAN,6,Favorable,12.444029850746269,False,0.0
random_2026-07-15T13:10:00+03:00,WEIGHTED_MEAN,7,Favorable,12.444029850746269,False,0.0
random_2026-07-15T13:10:00+03:00,WEIGHTED_MEAN,8,Favorable,17.09759676427361,False,4.653566913527342
random_2026-07-15T13:10:00+03:00,WEIGHTED_MEAN,9,Favorable,12.444029850746269,False,0.0
random_2026-07-15T13:10:00+03:00,WEIGHTED_MEAN,10,Favorable,18.484297369367837,False,6.040267518621569
random_2026-07-15T13:10:00+03:00,WEIGHTED_MEAN,11,Favorable,18.993718999091968,False,6.549689148345699
random_2026-07-15T13:10:00+03:00,WEIGHTED_MEAN,12,Favorable,12.444029850746269,False,0.0
random_2026-07-15T13:10:00+03:00,WEIGHTED_MEAN,13,Favorable,17.031071777477585,False,4.587041926731317
random_2026-07-15T13:10:00+03:00,WEIGHTED_MEAN,14,Favorable,12.444029850746269,False,0.0
random_2026-07-15T13:10:00+03:00,WEIGHTED_MEAN,15,Favorable,12.444029850746269,False,0.0
random_2026-07-15T13:10:00+03:00,WEIGHTED_MEAN,16,Favorable,12.444029850746269,False,0.0
random_2026-07-15T13:10:00+03:00,WEIGHTED_MEAN,17,Favorable,13.51296608810247,False,1.0689362373562012
random_2026-07-15T13:10:00+03:00,WEIGHTED_MEAN,18,Favorable,12.444029850746269,False,0.0
random_2026-07-15T13:10:00+03:00,WEIGHTED_MEAN,19,Favorable,12.444029850746269,False,0.0
random_2026-07-15T13:10:00+03:00,WEIGHTED_MEAN,20,Favorable,12.444029850746269,False,0.0
random_2026-07-15T13:10:00+03:00,WEIGHTED_MEAN,21,Favorable,12.444029850746269,False,0.0
random_2026-07-15T13:10:00+03:00,WEIGHTED_MEAN,22,Favorable,12.444029850746269,False,0.0
random_2026-07-15T13:10:00+03:00,WEIGHTED_MEAN,23,Favorable,12.908698514390572,False,0.4646686636443036
random_2026-07-15T13:10:00+03:00,WEIGHTED_MEAN,24,Favorable,12.444029850746269,False,0.0
random_2026-07-15T13:10:00+03:00,WEIGHTED_MEAN,25,Favorable,12.444029850746269,False,0.0
random_2026-07-15T13:10:00+03:00,WEIGHTED_MEAN,26,Favorable,12.444029850746269,False,0.0
random_2026-07-15T13:10:00+03:00,WEIGHTED_MEAN,27,Favorable,12.444029850746269,False,0.0
random_2026-07-15T13:10:00+03:00,WEIGHTED_MEAN,28,Favorable,18.699348036622844,False,6.255318185876575
random_2026-07-15T13:10:00+03:00,WEIGHTED_MEAN,29,Favorable,12.865106258770236,False,0.42107640802396773
random_2026-07-17T14:10:00+03:00,CRISP_CLASS_MAX,0,Favorable,12.5,False,0.0
random_2026-07-17T14:10:00+03:00,CRISP_CLASS_MAX,1,Favorable,12.5,False,0.0
random_2026-07-17T14:10:00+03:00,CRISP_CLASS_MAX,2,Favorable,12.5,False,0.0
random_2026-07-17T14:10:00+03:00,CRISP_CLASS_MAX,3,Favorable,12.5,False,0.0
random_2026-07-17T14:10:00+03:00,CRISP_CLASS_MAX,4,Favorable,12.5,False,0.0
random_2026-07-17T14:10:00+03:00,CRISP_CLASS_MAX,5,Acceptable,37.5,True,25.0
random_2026-07-17T14:10:00+03:00,CRISP_CLASS_MAX,6,Favorable,12.5,False,0.0
random_2026-07-17T14:10:00+03:00,CRISP_CLASS_MAX,7,Favorable,12.5,False,0.0
random_2026-07-17T14:10:00+03:00,CRISP_CLASS_MAX,8,Favorable,12.5,False,0.0
random_2026-07-17T14:10:00+03:00,CRISP_CLASS_MAX,9,Favorable,12.5,False,0.0
random_2026-07-17T14:10:00+03:00,CRISP_CLASS_MAX,10,Favorable,12.5,False,0.0
random_2026-07-17T14:10:00+03:00,CRISP_CLASS_MAX,11,Favorable,12.5,False,0.0
random_2026-07-17T14:10:00+03:00,CRISP_CLASS_MAX,12,Favorable,12.5,False,0.0
random_2026-07-17T14:10:00+03:00,CRISP_CLASS_MAX,13,Favorable,12.5,False,0.0
random_2026-07-17T14:10:00+03:00,CRISP_CLASS_MAX,14,Favorable,12.5,False,0.0
random_2026-07-17T14:10:00+03:00,CRISP_CLASS_MAX,15,Favorable,12.5,False,0.0
random_2026-07-17T14:10:00+03:00,CRISP_CLASS_MAX,16,Favorable,12.5,False,0.0
random_2026-07-17T14:10:00+03:00,CRISP_CLASS_MAX,17,Favorable,12.5,False,0.0
random_2026-07-17T14:10:00+03:00,CRISP_CLASS_MAX,18,Favorable,12.5,False,0.0
random_2026-07-17T14:10:00+03:00,CRISP_CLASS_MAX,19,Favorable,12.5,False,0.0
random_2026-07-17T14:10:00+03:00,CRISP_CLASS_MAX,20,Favorable,12.5,False,0.0
random_2026-07-17T14:10:00+03:00,CRISP_CLASS_MAX,21,Favorable,12.5,False,0.0
random_2026-07-17T14:10:00+03:00,CRISP_CLASS_MAX,22,Favorable,12.5,False,0.0
random_2026-07-17T14:10:00+03:00,CRISP_CLASS_MAX,23,Favorable,12.5,False,0.0
random_2026-07-17T14:10:00+03:00,CRISP_CLASS_MAX,24,Favorable,12.5,False,0.0
random_2026-07-17T14:10:00+03:00,CRISP_CLASS_MAX,25,Favorable,12.5,False,0.0
random_2026-07-17T14:10:00+03:00,CRISP_CLASS_MAX,26,Favorable,12.5,False,0.0
random_2026-07-17T14:10:00+03:00,CRISP_CLASS_MAX,27,Favorable,12.5,False,0.0
random_2026-07-17T14:10:00+03:00,CRISP_CLASS_MAX,28,Favorable,12.5,False,0.0
random_2026-07-17T14:10:00+03:00,CRISP_CLASS_MAX,29,Favorable,12.5,False,0.0
random_2026-07-17T14:10:00+03:00,FUZZY_COMPONENT_MAX,0,Favorable,12.444029850746269,False,0.0
random_2026-07-17T14:10:00+03:00,FUZZY_COMPONENT_MAX,1,Favorable,12.444029850746269,False,0.0
random_2026-07-17T14:10:00+03:00,FUZZY_COMPONENT_MAX,2,Favorable,21.73539666972464,False,9.291366818978371
random_2026-07-17T14:10:00+03:00,FUZZY_COMPONENT_MAX,3,Favorable,24.86736701770005,False,12.423337166953782
random_2026-07-17T14:10:00+03:00,FUZZY_COMPONENT_MAX,4,Favorable,12.444029850746269,False,0.0
random_2026-07-17T14:10:00+03:00,FUZZY_COMPONENT_MAX,5,Acceptable,27.905464389193057,True,15.461434538446788
random_2026-07-17T14:10:00+03:00,FUZZY_COMPONENT_MAX,6,Favorable,12.444029850746269,False,0.0
random_2026-07-17T14:10:00+03:00,FUZZY_COMPONENT_MAX,7,Favorable,12.444029850746269,False,0.0
random_2026-07-17T14:10:00+03:00,FUZZY_COMPONENT_MAX,8,Favorable,12.444029850746269,False,0.0
random_2026-07-17T14:10:00+03:00,FUZZY_COMPONENT_MAX,9,Favorable,23.773350644281965,False,11.329320793535697
random_2026-07-17T14:10:00+03:00,FUZZY_COMPONENT_MAX,10,Favorable,12.444029850746269,False,0.0
random_2026-07-17T14:10:00+03:00,FUZZY_COMPONENT_MAX,11,Favorable,12.444029850746269,False,0.0
random_2026-07-17T14:10:00+03:00,FUZZY_COMPONENT_MAX,12,Favorable,23.898952746706712,False,11.454922895960443
random_2026-07-17T14:10:00+03:00,FUZZY_COMPONENT_MAX,13,Favorable,14.239549805998239,False,1.7955199552519705
random_2026-07-17T14:10:00+03:00,FUZZY_COMPONENT_MAX,14,Favorable,21.4750808226893,False,9.031050971943031
random_2026-07-17T14:10:00+03:00,FUZZY_COMPONENT_MAX,15,Favorable,12.444029850746269,False,0.0
random_2026-07-17T14:10:00+03:00,FUZZY_COMPONENT_MAX,16,Favorable,12.444029850746269,False,0.0
random_2026-07-17T14:10:00+03:00,FUZZY_COMPONENT_MAX,17,Favorable,12.444029850746269,False,0.0
random_2026-07-17T14:10:00+03:00,FUZZY_COMPONENT_MAX,18,Favorable,13.364553722375184,False,0.9205238716289159
random_2026-07-17T14:10:00+03:00,FUZZY_COMPONENT_MAX,19,Favorable,12.444029850746269,False,0.0
random_2026-07-17T14:10:00+03:00,FUZZY_COMPONENT_MAX,20,Favorable,14.06520060239514,False,1.6211707516488723
random_2026-07-17T14:10:00+03:00,FUZZY_COMPONENT_MAX,21,Favorable,12.444029850746269,False,0.0
random_2026-07-17T14:10:00+03:00,FUZZY_COMPONENT_MAX,22,Favorable,12.444029850746269,False,0.0
random_2026-07-17T14:10:00+03:00,FUZZY_COMPONENT_MAX,23,Favorable,12.444029850746269,False,0.0
random_2026-07-17T14:10:00+03:00,FUZZY_COMPONENT_MAX,24,Favorable,12.444029850746269,False,0.0
random_2026-07-17T14:10:00+03:00,FUZZY_COMPONENT_MAX,25,Favorable,12.444029850746269,False,0.0
random_2026-07-17T14:10:00+03:00,FUZZY_COMPONENT_MAX,26,Favorable,12.444029850746269,False,0.0
random_2026-07-17T14:10:00+03:00,FUZZY_COMPONENT_MAX,27,Favorable,12.444029850746269,False,0.0
random_2026-07-17T14:10:00+03:00,FUZZY_COMPONENT_MAX,28,Favorable,12.444029850746269,False,0.0
random_2026-07-17T14:10:00+03:00,FUZZY_COMPONENT_MAX,29,Favorable,12.444029850746269,False,0.0
random_2026-07-17T14:10:00+03:00,PROPOSED_HFIS,0,Favorable,12.444029850746269,False,0.0
random_2026-07-17T14:10:00+03:00,PROPOSED_HFIS,1,Favorable,12.444029850746269,False,0.0
random_2026-07-17T14:10:00+03:00,PROPOSED_HFIS,2,Favorable,21.73539666972464,False,9.291366818978371
random_2026-07-17T14:10:00+03:00,PROPOSED_HFIS,3,Favorable,24.86736701770005,False,12.423337166953782
random_2026-07-17T14:10:00+03:00,PROPOSED_HFIS,4,Favorable,12.444029850746269,False,0.0
random_2026-07-17T14:10:00+03:00,PROPOSED_HFIS,5,Acceptable,27.905464389193057,True,15.461434538446788
random_2026-07-17T14:10:00+03:00,PROPOSED_HFIS,6,Favorable,12.444029850746269,False,0.0
random_2026-07-17T14:10:00+03:00,PROPOSED_HFIS,7,Favorable,12.444029850746269,False,0.0
random_2026-07-17T14:10:00+03:00,PROPOSED_HFIS,8,Favorable,12.444029850746269,False,0.0
random_2026-07-17T14:10:00+03:00,PROPOSED_HFIS,9,Favorable,23.773350644281965,False,11.329320793535697
random_2026-07-17T14:10:00+03:00,PROPOSED_HFIS,10,Favorable,12.444029850746269,False,0.0
random_2026-07-17T14:10:00+03:00,PROPOSED_HFIS,11,Favorable,12.444029850746269,False,0.0
random_2026-07-17T14:10:00+03:00,PROPOSED_HFIS,12,Favorable,23.898952746706712,False,11.454922895960443
random_2026-07-17T14:10:00+03:00,PROPOSED_HFIS,13,Favorable,14.239549805998239,False,1.7955199552519705
random_2026-07-17T14:10:00+03:00,PROPOSED_HFIS,14,Favorable,21.4750808226893,False,9.031050971943031
random_2026-07-17T14:10:00+03:00,PROPOSED_HFIS,15,Favorable,12.444029850746269,False,0.0
random_2026-07-17T14:10:00+03:00,PROPOSED_HFIS,16,Favorable,12.444029850746269,False,0.0
random_2026-07-17T14:10:00+03:00,PROPOSED_HFIS,17,Favorable,12.444029850746269,False,0.0
random_2026-07-17T14:10:00+03:00,PROPOSED_HFIS,18,Favorable,13.364553722375184,False,0.9205238716289159
random_2026-07-17T14:10:00+03:00,PROPOSED_HFIS,19,Favorable,12.444029850746269,False,0.0
random_2026-07-17T14:10:00+03:00,PROPOSED_HFIS,20,Favorable,14.06520060239514,False,1.6211707516488723
random_2026-07-17T14:10:00+03:00,PROPOSED_HFIS,21,Favorable,12.444029850746269,False,0.0
random_2026-07-17T14:10:00+03:00,PROPOSED_HFIS,22,Favorable,12.444029850746269,False,0.0
random_2026-07-17T14:10:00+03:00,PROPOSED_HFIS,23,Favorable,12.444029850746269,False,0.0
random_2026-07-17T14:10:00+03:00,PROPOSED_HFIS,24,Favorable,12.444029850746269,False,0.0
random_2026-07-17T14:10:00+03:00,PROPOSED_HFIS,25,Favorable,12.444029850746269,False,0.0
random_2026-07-17T14:10:00+03:00,PROPOSED_HFIS,26,Favorable,12.444029850746269,False,0.0
random_2026-07-17T14:10:00+03:00,PROPOSED_HFIS,27,Favorable,12.444029850746269,False,0.0
random_2026-07-17T14:10:00+03:00,PROPOSED_HFIS,28,Favorable,12.444029850746269,False,0.0
random_2026-07-17T14:10:00+03:00,PROPOSED_HFIS,29,Favorable,12.444029850746269,False,0.0
random_2026-07-17T14:10:00+03:00,WEIGHTED_MEAN,0,Favorable,12.444029850746269,False,0.0
random_2026-07-17T14:10:00+03:00,WEIGHTED_MEAN,1,Favorable,12.444029850746269,False,0.0
random_2026-07-17T14:10:00+03:00,WEIGHTED_MEAN,2,Favorable,17.089713260235456,False,4.6456834094891875
random_2026-07-17T14:10:00+03:00,WEIGHTED_MEAN,3,Favorable,18.65569843422316,False,6.211668583476893
random_2026-07-17T14:10:00+03:00,WEIGHTED_MEAN,4,Favorable,12.444029850746269,False,0.0
random_2026-07-17T14:10:00+03:00,WEIGHTED_MEAN,5,Favorable,20.174747119969663,False,7.730717269223394
random_2026-07-17T14:10:00+03:00,WEIGHTED_MEAN,6,Favorable,12.444029850746269,False,0.0
random_2026-07-17T14:10:00+03:00,WEIGHTED_MEAN,7,Favorable,12.444029850746269,False,0.0
random_2026-07-17T14:10:00+03:00,WEIGHTED_MEAN,8,Favorable,12.444029850746269,False,0.0
random_2026-07-17T14:10:00+03:00,WEIGHTED_MEAN,9,Favorable,18.10869024751412,False,5.66466039676785
random_2026-07-17T14:10:00+03:00,WEIGHTED_MEAN,10,Favorable,12.444029850746269,False,0.0
random_2026-07-17T14:10:00+03:00,WEIGHTED_MEAN,11,Favorable,12.444029850746269,False,0.0
random_2026-07-17T14:10:00+03:00,WEIGHTED_MEAN,12,Favorable,18.17149129872649,False,5.727461447980222
random_2026-07-17T14:10:00+03:00,WEIGHTED_MEAN,13,Favorable,13.341789828372253,False,0.8977599776259844
random_2026-07-17T14:10:00+03:00,WEIGHTED_MEAN,14,Favorable,16.959555336717784,False,4.515525485971516
random_2026-07-17T14:10:00+03:00,WEIGHTED_MEAN,15,Favorable,12.444029850746269,False,0.0
random_2026-07-17T14:10:00+03:00,WEIGHTED_MEAN,16,Favorable,12.444029850746269,False,0.0
random_2026-07-17T14:10:00+03:00,WEIGHTED_MEAN,17,Favorable,12.444029850746269,False,0.0
random_2026-07-17T14:10:00+03:00,WEIGHTED_MEAN,18,Favorable,12.904291786560727,False,0.46026193581445796
random_2026-07-17T14:10:00+03:00,WEIGHTED_MEAN,19,Favorable,12.444029850746269,False,0.0
random_2026-07-17T14:10:00+03:00,WEIGHTED_MEAN,20,Favorable,13.254615226570705,False,0.8105853758244361
random_2026-07-17T14:10:00+03:00,WEIGHTED_MEAN,21,Favorable,12.444029850746269,False,0.0
random_2026-07-17T14:10:00+03:00,WEIGHTED_MEAN,22,Favorable,12.444029850746269,False,0.0
random_2026-07-17T14:10:00+03:00,WEIGHTED_MEAN,23,Favorable,12.444029850746269,False,0.0
random_2026-07-17T14:10:00+03:00,WEIGHTED_MEAN,24,Favorable,12.444029850746269,False,0.0
random_2026-07-17T14:10:00+03:00,WEIGHTED_MEAN,25,Favorable,12.444029850746269,False,0.0
random_2026-07-17T14:10:00+03:00,WEIGHTED_MEAN,26,Favorable,12.444029850746269,False,0.0
random_2026-07-17T14:10:00+03:00,WEIGHTED_MEAN,27,Favorable,12.444029850746269,False,0.0
random_2026-07-17T14:10:00+03:00,WEIGHTED_MEAN,28,Favorable,12.444029850746269,False,0.0
random_2026-07-17T14:10:00+03:00,WEIGHTED_MEAN,29,Favorable,12.444029850746269,False,0.0
random_2026-07-18T14:55:00+03:00,CRISP_CLASS_MAX,0,Acceptable,37.5,True,25.0
random_2026-07-18T14:55:00+03:00,CRISP_CLASS_MAX,1,Favorable,12.5,False,0.0
random_2026-07-18T14:55:00+03:00,CRISP_CLASS_MAX,2,Favorable,12.5,False,0.0
random_2026-07-18T14:55:00+03:00,CRISP_CLASS_MAX,3,Acceptable,37.5,True,25.0
random_2026-07-18T14:55:00+03:00,CRISP_CLASS_MAX,4,Acceptable,37.5,True,25.0
random_2026-07-18T14:55:00+03:00,CRISP_CLASS_MAX,5,Favorable,12.5,False,0.0
random_2026-07-18T14:55:00+03:00,CRISP_CLASS_MAX,6,Favorable,12.5,False,0.0
random_2026-07-18T14:55:00+03:00,CRISP_CLASS_MAX,7,Favorable,12.5,False,0.0
random_2026-07-18T14:55:00+03:00,CRISP_CLASS_MAX,8,Favorable,12.5,False,0.0
random_2026-07-18T14:55:00+03:00,CRISP_CLASS_MAX,9,Favorable,12.5,False,0.0
random_2026-07-18T14:55:00+03:00,CRISP_CLASS_MAX,10,Favorable,12.5,False,0.0
random_2026-07-18T14:55:00+03:00,CRISP_CLASS_MAX,11,Acceptable,37.5,True,25.0
random_2026-07-18T14:55:00+03:00,CRISP_CLASS_MAX,12,Acceptable,37.5,True,25.0
random_2026-07-18T14:55:00+03:00,CRISP_CLASS_MAX,13,Favorable,12.5,False,0.0
random_2026-07-18T14:55:00+03:00,CRISP_CLASS_MAX,14,Favorable,12.5,False,0.0
random_2026-07-18T14:55:00+03:00,CRISP_CLASS_MAX,15,Favorable,12.5,False,0.0
random_2026-07-18T14:55:00+03:00,CRISP_CLASS_MAX,16,Favorable,12.5,False,0.0
random_2026-07-18T14:55:00+03:00,CRISP_CLASS_MAX,17,Favorable,12.5,False,0.0
random_2026-07-18T14:55:00+03:00,CRISP_CLASS_MAX,18,Favorable,12.5,False,0.0
random_2026-07-18T14:55:00+03:00,CRISP_CLASS_MAX,19,Favorable,12.5,False,0.0
random_2026-07-18T14:55:00+03:00,CRISP_CLASS_MAX,20,Favorable,12.5,False,0.0
random_2026-07-18T14:55:00+03:00,CRISP_CLASS_MAX,21,Favorable,12.5,False,0.0
random_2026-07-18T14:55:00+03:00,CRISP_CLASS_MAX,22,Favorable,12.5,False,0.0
random_2026-07-18T14:55:00+03:00,CRISP_CLASS_MAX,23,Favorable,12.5,False,0.0
random_2026-07-18T14:55:00+03:00,CRISP_CLASS_MAX,24,Favorable,12.5,False,0.0
random_2026-07-18T14:55:00+03:00,CRISP_CLASS_MAX,25,Favorable,12.5,False,0.0
random_2026-07-18T14:55:00+03:00,CRISP_CLASS_MAX,26,Favorable,12.5,False,0.0
random_2026-07-18T14:55:00+03:00,CRISP_CLASS_MAX,27,Favorable,12.5,False,0.0
random_2026-07-18T14:55:00+03:00,CRISP_CLASS_MAX,28,Acceptable,37.5,True,25.0
random_2026-07-18T14:55:00+03:00,CRISP_CLASS_MAX,29,Favorable,12.5,False,0.0
random_2026-07-18T14:55:00+03:00,FUZZY_COMPONENT_MAX,0,Acceptable,30.286514134334904,True,17.842484283588636
random_2026-07-18T14:55:00+03:00,FUZZY_COMPONENT_MAX,1,Favorable,12.444029850746269,False,0.0
random_2026-07-18T14:55:00+03:00,FUZZY_COMPONENT_MAX,2,Favorable,22.47708097814031,False,10.033051127394042
random_2026-07-18T14:55:00+03:00,FUZZY_COMPONENT_MAX,3,Acceptable,28.38995853628721,True,15.945928685540942
random_2026-07-18T14:55:00+03:00,FUZZY_COMPONENT_MAX,4,Acceptable,31.23411645311758,True,18.79008660237131
random_2026-07-18T14:55:00+03:00,FUZZY_COMPONENT_MAX,5,Favorable,13.033250746990548,False,0.5892208962442798
random_2026-07-18T14:55:00+03:00,FUZZY_COMPONENT_MAX,6,Favorable,16.489843106240063,False,4.045813255493794
random_2026-07-18T14:55:00+03:00,FUZZY_COMPONENT_MAX,7,Favorable,12.444029850746269,False,0.0
random_2026-07-18T14:55:00+03:00,FUZZY_COMPONENT_MAX,8,Favorable,19.92319180161456,False,7.479161950868292
random_2026-07-18T14:55:00+03:00,FUZZY_COMPONENT_MAX,9,Favorable,12.444029850746269,False,0.0
random_2026-07-18T14:55:00+03:00,FUZZY_COMPONENT_MAX,10,Favorable,12.470322078513355,False,0.02629222776708673
random_2026-07-18T14:55:00+03:00,FUZZY_COMPONENT_MAX,11,Acceptable,28.662798070022266,True,16.218768219275997
random_2026-07-18T14:55:00+03:00,FUZZY_COMPONENT_MAX,12,Acceptable,31.048433639472755,True,18.604403788726486
random_2026-07-18T14:55:00+03:00,FUZZY_COMPONENT_MAX,13,Favorable,12.444029850746269,False,0.0
random_2026-07-18T14:55:00+03:00,FUZZY_COMPONENT_MAX,14,Favorable,21.97208605180927,False,9.528056201063002
random_2026-07-18T14:55:00+03:00,FUZZY_COMPONENT_MAX,15,Favorable,12.444029850746269,False,0.0
random_2026-07-18T14:55:00+03:00,FUZZY_COMPONENT_MAX,16,Favorable,12.444029850746269,False,0.0
random_2026-07-18T14:55:00+03:00,FUZZY_COMPONENT_MAX,17,Favorable,12.444029850746269,False,0.0
random_2026-07-18T14:55:00+03:00,FUZZY_COMPONENT_MAX,18,Favorable,12.444029850746269,False,0.0
random_2026-07-18T14:55:00+03:00,FUZZY_COMPONENT_MAX,19,Favorable,12.444029850746269,False,0.0
random_2026-07-18T14:55:00+03:00,FUZZY_COMPONENT_MAX,20,Favorable,21.030942416342693,False,8.586912565596425
random_2026-07-18T14:55:00+03:00,FUZZY_COMPONENT_MAX,21,Favorable,23.47955702434499,False,11.035527173598723
random_2026-07-18T14:55:00+03:00,FUZZY_COMPONENT_MAX,22,Favorable,12.444029850746269,False,0.0
random_2026-07-18T14:55:00+03:00,FUZZY_COMPONENT_MAX,23,Favorable,15.790676366945048,False,3.3466465161987795
random_2026-07-18T14:55:00+03:00,FUZZY_COMPONENT_MAX,24,Favorable,18.879071288610632,False,6.4350414378643634
random_2026-07-18T14:55:00+03:00,FUZZY_COMPONENT_MAX,25,Favorable,12.444029850746269,False,0.0
random_2026-07-18T14:55:00+03:00,FUZZY_COMPONENT_MAX,26,Favorable,12.444029850746269,False,0.0
random_2026-07-18T14:55:00+03:00,FUZZY_COMPONENT_MAX,27,Favorable,12.444029850746269,False,0.0
random_2026-07-18T14:55:00+03:00,FUZZY_COMPONENT_MAX,28,Acceptable,25.2897968839908,True,12.845767033244531
random_2026-07-18T14:55:00+03:00,FUZZY_COMPONENT_MAX,29,Favorable,12.444029850746269,False,0.0
random_2026-07-18T14:55:00+03:00,PROPOSED_HFIS,0,Acceptable,30.286514134334904,True,17.842484283588636
random_2026-07-18T14:55:00+03:00,PROPOSED_HFIS,1,Favorable,12.444029850746269,False,0.0
random_2026-07-18T14:55:00+03:00,PROPOSED_HFIS,2,Favorable,22.47708097814031,False,10.033051127394042
random_2026-07-18T14:55:00+03:00,PROPOSED_HFIS,3,Acceptable,28.38995853628721,True,15.945928685540942
random_2026-07-18T14:55:00+03:00,PROPOSED_HFIS,4,Acceptable,31.23411645311758,True,18.79008660237131
random_2026-07-18T14:55:00+03:00,PROPOSED_HFIS,5,Favorable,13.033250746990548,False,0.5892208962442798
random_2026-07-18T14:55:00+03:00,PROPOSED_HFIS,6,Favorable,16.489843106240063,False,4.045813255493794
random_2026-07-18T14:55:00+03:00,PROPOSED_HFIS,7,Favorable,12.444029850746269,False,0.0
random_2026-07-18T14:55:00+03:00,PROPOSED_HFIS,8,Favorable,19.92319180161456,False,7.479161950868292
random_2026-07-18T14:55:00+03:00,PROPOSED_HFIS,9,Favorable,12.444029850746269,False,0.0
random_2026-07-18T14:55:00+03:00,PROPOSED_HFIS,10,Favorable,12.470322078513355,False,0.02629222776708673
random_2026-07-18T14:55:00+03:00,PROPOSED_HFIS,11,Acceptable,28.662798070022266,True,16.218768219275997
random_2026-07-18T14:55:00+03:00,PROPOSED_HFIS,12,Acceptable,31.048433639472755,True,18.604403788726486
random_2026-07-18T14:55:00+03:00,PROPOSED_HFIS,13,Favorable,12.444029850746269,False,0.0
random_2026-07-18T14:55:00+03:00,PROPOSED_HFIS,14,Favorable,21.97208605180927,False,9.528056201063002
random_2026-07-18T14:55:00+03:00,PROPOSED_HFIS,15,Favorable,12.444029850746269,False,0.0
random_2026-07-18T14:55:00+03:00,PROPOSED_HFIS,16,Favorable,12.444029850746269,False,0.0
random_2026-07-18T14:55:00+03:00,PROPOSED_HFIS,17,Favorable,12.444029850746269,False,0.0
random_2026-07-18T14:55:00+03:00,PROPOSED_HFIS,18,Favorable,12.444029850746269,False,0.0
random_2026-07-18T14:55:00+03:00,PROPOSED_HFIS,19,Favorable,12.444029850746269,False,0.0
random_2026-07-18T14:55:00+03:00,PROPOSED_HFIS,20,Favorable,21.030942416342693,False,8.586912565596425
random_2026-07-18T14:55:00+03:00,PROPOSED_HFIS,21,Favorable,23.47955702434499,False,11.035527173598723
random_2026-07-18T14:55:00+03:00,PROPOSED_HFIS,22,Favorable,12.444029850746269,False,0.0
random_2026-07-18T14:55:00+03:00,PROPOSED_HFIS,23,Favorable,15.790676366945048,False,3.3466465161987795
random_2026-07-18T14:55:00+03:00,PROPOSED_HFIS,24,Favorable,18.879071288610632,False,6.4350414378643634
random_2026-07-18T14:55:00+03:00,PROPOSED_HFIS,25,Favorable,12.444029850746269,False,0.0
random_2026-07-18T14:55:00+03:00,PROPOSED_HFIS,26,Favorable,12.444029850746269,False,0.0
random_2026-07-18T14:55:00+03:00,PROPOSED_HFIS,27,Favorable,12.444029850746269,False,0.0
random_2026-07-18T14:55:00+03:00,PROPOSED_HFIS,28,Acceptable,25.2897968839908,True,12.845767033244531
random_2026-07-18T14:55:00+03:00,PROPOSED_HFIS,29,Favorable,12.444029850746269,False,0.0
random_2026-07-18T14:55:00+03:00,WEIGHTED_MEAN,0,Favorable,21.365271992540585,False,8.921242141794316
random_2026-07-18T14:55:00+03:00,WEIGHTED_MEAN,1,Favorable,12.444029850746269,False,0.0
random_2026-07-18T14:55:00+03:00,WEIGHTED_MEAN,2,Favorable,17.46055541444329,False,5.016525563697023
random_2026-07-18T14:55:00+03:00,WEIGHTED_MEAN,3,Favorable,20.41699419351674,False,7.972964342770471
random_2026-07-18T14:55:00+03:00,WEIGHTED_MEAN,4,Favorable,21.839073151931924,False,9.395043301185655
random_2026-07-18T14:55:00+03:00,WEIGHTED_MEAN,5,Favorable,12.738640298868408,False,0.294610448122139
random_2026-07-18T14:55:00+03:00,WEIGHTED_MEAN,6,Favorable,14.466936478493166,False,2.022906627746897
random_2026-07-18T14:55:00+03:00,WEIGHTED_MEAN,7,Favorable,12.444029850746269,False,0.0
random_2026-07-18T14:55:00+03:00,WEIGHTED_MEAN,8,Favorable,16.183610826180413,False,3.7395809754341442
random_2026-07-18T14:55:00+03:00,WEIGHTED_MEAN,9,Favorable,12.444029850746269,False,0.0
random_2026-07-18T14:55:00+03:00,WEIGHTED_MEAN,10,Favorable,12.457175964629812,False,0.013146113883543364
random_2026-07-18T14:55:00+03:00,WEIGHTED_MEAN,11,Favorable,20.55341396038427,False,8.109384109638
random_2026-07-18T14:55:00+03:00,WEIGHTED_MEAN,12,Favorable,21.74623174510951,False,9.302201894363243
random_2026-07-18T14:55:00+03:00,WEIGHTED_MEAN,13,Favorable,12.444029850746269,False,0.0
random_2026-07-18T14:55:00+03:00,WEIGHTED_MEAN,14,Favorable,17.20805795127777,False,4.764028100531501
random_2026-07-18T14:55:00+03:00,WEIGHTED_MEAN,15,Favorable,12.444029850746269,False,0.0
random_2026-07-18T14:55:00+03:00,WEIGHTED_MEAN,16,Favorable,12.444029850746269,False,0.0
random_2026-07-18T14:55:00+03:00,WEIGHTED_MEAN,17,Favorable,12.444029850746269,False,0.0
random_2026-07-18T14:55:00+03:00,WEIGHTED_MEAN,18,Favorable,12.444029850746269,False,0.0
random_2026-07-18T14:55:00+03:00,WEIGHTED_MEAN,19,Favorable,12.444029850746269,False,0.0
random_2026-07-18T14:55:00+03:00,WEIGHTED_MEAN,20,Favorable,16.73748613354448,False,4.293456282798211
random_2026-07-18T14:55:00+03:00,WEIGHTED_MEAN,21,Favorable,17.96179343754563,False,5.5177635867993615
random_2026-07-18T14:55:00+03:00,WEIGHTED_MEAN,22,Favorable,12.444029850746269,False,0.0
random_2026-07-18T14:55:00+03:00,WEIGHTED_MEAN,23,Favorable,14.11735310884566,False,1.6733232580993906
random_2026-07-18T14:55:00+03:00,WEIGHTED_MEAN,24,Favorable,15.66155056967845,False,3.2175207189321817
random_2026-07-18T14:55:00+03:00,WEIGHTED_MEAN,25,Favorable,12.444029850746269,False,0.0
random_2026-07-18T14:55:00+03:00,WEIGHTED_MEAN,26,Favorable,12.444029850746269,False,0.0
random_2026-07-18T14:55:00+03:00,WEIGHTED_MEAN,27,Favorable,12.444029850746269,False,0.0
random_2026-07-18T14:55:00+03:00,WEIGHTED_MEAN,28,Favorable,18.866913367368532,False,6.422883516622264
random_2026-07-18T14:55:00+03:00,WEIGHTED_MEAN,29,Favorable,12.444029850746269,False,0.0
random_2026-07-19T11:55:00+03:00,CRISP_CLASS_MAX,0,Favorable,12.5,False,0.0
random_2026-07-19T11:55:00+03:00,CRISP_CLASS_MAX,1,Favorable,12.5,False,0.0
random_2026-07-19T11:55:00+03:00,CRISP_CLASS_MAX,2,Favorable,12.5,False,0.0
random_2026-07-19T11:55:00+03:00,CRISP_CLASS_MAX,3,Favorable,12.5,False,0.0
random_2026-07-19T11:55:00+03:00,CRISP_CLASS_MAX,4,Favorable,12.5,False,0.0
random_2026-07-19T11:55:00+03:00,CRISP_CLASS_MAX,5,Favorable,12.5,False,0.0
random_2026-07-19T11:55:00+03:00,CRISP_CLASS_MAX,6,Favorable,12.5,False,0.0
random_2026-07-19T11:55:00+03:00,CRISP_CLASS_MAX,7,Favorable,12.5,False,0.0
random_2026-07-19T11:55:00+03:00,CRISP_CLASS_MAX,8,Favorable,12.5,False,0.0
random_2026-07-19T11:55:00+03:00,CRISP_CLASS_MAX,9,Favorable,12.5,False,0.0
random_2026-07-19T11:55:00+03:00,CRISP_CLASS_MAX,10,Acceptable,37.5,True,25.0
random_2026-07-19T11:55:00+03:00,CRISP_CLASS_MAX,11,Favorable,12.5,False,0.0
random_2026-07-19T11:55:00+03:00,CRISP_CLASS_MAX,12,Acceptable,37.5,True,25.0
random_2026-07-19T11:55:00+03:00,CRISP_CLASS_MAX,13,Favorable,12.5,False,0.0
random_2026-07-19T11:55:00+03:00,CRISP_CLASS_MAX,14,Favorable,12.5,False,0.0
random_2026-07-19T11:55:00+03:00,CRISP_CLASS_MAX,15,Acceptable,37.5,True,25.0
random_2026-07-19T11:55:00+03:00,CRISP_CLASS_MAX,16,Favorable,12.5,False,0.0
random_2026-07-19T11:55:00+03:00,CRISP_CLASS_MAX,17,Favorable,12.5,False,0.0
random_2026-07-19T11:55:00+03:00,CRISP_CLASS_MAX,18,Acceptable,37.5,True,25.0
random_2026-07-19T11:55:00+03:00,CRISP_CLASS_MAX,19,Favorable,12.5,False,0.0
random_2026-07-19T11:55:00+03:00,CRISP_CLASS_MAX,20,Acceptable,37.5,True,25.0
random_2026-07-19T11:55:00+03:00,CRISP_CLASS_MAX,21,Favorable,12.5,False,0.0
random_2026-07-19T11:55:00+03:00,CRISP_CLASS_MAX,22,Favorable,12.5,False,0.0
random_2026-07-19T11:55:00+03:00,CRISP_CLASS_MAX,23,Favorable,12.5,False,0.0
random_2026-07-19T11:55:00+03:00,CRISP_CLASS_MAX,24,Favorable,12.5,False,0.0
random_2026-07-19T11:55:00+03:00,CRISP_CLASS_MAX,25,Favorable,12.5,False,0.0
random_2026-07-19T11:55:00+03:00,CRISP_CLASS_MAX,26,Favorable,12.5,False,0.0
random_2026-07-19T11:55:00+03:00,CRISP_CLASS_MAX,27,Favorable,12.5,False,0.0
random_2026-07-19T11:55:00+03:00,CRISP_CLASS_MAX,28,Acceptable,37.5,True,25.0
random_2026-07-19T11:55:00+03:00,CRISP_CLASS_MAX,29,Favorable,12.5,False,0.0
random_2026-07-19T11:55:00+03:00,FUZZY_COMPONENT_MAX,0,Favorable,12.444029850746269,False,0.0
random_2026-07-19T11:55:00+03:00,FUZZY_COMPONENT_MAX,1,Favorable,19.793833244574344,False,7.349803393828076
random_2026-07-19T11:55:00+03:00,FUZZY_COMPONENT_MAX,2,Favorable,12.943937963731267,False,0.4999081129849987
random_2026-07-19T11:55:00+03:00,FUZZY_COMPONENT_MAX,3,Favorable,12.444029850746269,False,0.0
random_2026-07-19T11:55:00+03:00,FUZZY_COMPONENT_MAX,4,Favorable,12.444029850746269,False,0.0
random_2026-07-19T11:55:00+03:00,FUZZY_COMPONENT_MAX,5,Favorable,14.11758156132062,False,1.6735517105743511
random_2026-07-19T11:55:00+03:00,FUZZY_COMPONENT_MAX,6,Favorable,15.88142259803276,False,3.4373927472864914
random_2026-07-19T11:55:00+03:00,FUZZY_COMPONENT_MAX,7,Favorable,12.444029850746269,False,0.0
random_2026-07-19T11:55:00+03:00,FUZZY_COMPONENT_MAX,8,Favorable,12.444029850746269,False,0.0
random_2026-07-19T11:55:00+03:00,FUZZY_COMPONENT_MAX,9,Favorable,12.444029850746269,False,0.0
random_2026-07-19T11:55:00+03:00,FUZZY_COMPONENT_MAX,10,Acceptable,29.016899352939248,True,16.57286950219298
random_2026-07-19T11:55:00+03:00,FUZZY_COMPONENT_MAX,11,Favorable,12.444029850746269,False,0.0
random_2026-07-19T11:55:00+03:00,FUZZY_COMPONENT_MAX,12,Acceptable,28.61603436723397,True,16.1720045164877
random_2026-07-19T11:55:00+03:00,FUZZY_COMPONENT_MAX,13,Favorable,12.444029850746269,False,0.0
random_2026-07-19T11:55:00+03:00,FUZZY_COMPONENT_MAX,14,Favorable,12.444029850746269,False,0.0
random_2026-07-19T11:55:00+03:00,FUZZY_COMPONENT_MAX,15,Acceptable,32.215105641490624,True,19.771075790744355
random_2026-07-19T11:55:00+03:00,FUZZY_COMPONENT_MAX,16,Favorable,12.444029850746269,False,0.0
random_2026-07-19T11:55:00+03:00,FUZZY_COMPONENT_MAX,17,Favorable,15.813919861145257,False,3.369890010398988
random_2026-07-19T11:55:00+03:00,FUZZY_COMPONENT_MAX,18,Acceptable,27.798704615147376,True,15.354674764401107
random_2026-07-19T11:55:00+03:00,FUZZY_COMPONENT_MAX,19,Favorable,12.444029850746269,False,0.0
random_2026-07-19T11:55:00+03:00,FUZZY_COMPONENT_MAX,20,Acceptable,28.782134148580642,True,16.338104297834374
random_2026-07-19T11:55:00+03:00,FUZZY_COMPONENT_MAX,21,Favorable,12.444029850746269,False,0.0
random_2026-07-19T11:55:00+03:00,FUZZY_COMPONENT_MAX,22,Favorable,12.444029850746269,False,0.0
random_2026-07-19T11:55:00+03:00,FUZZY_COMPONENT_MAX,23,Favorable,22.60524239533619,False,10.161212544589922
random_2026-07-19T11:55:00+03:00,FUZZY_COMPONENT_MAX,24,Favorable,18.731497254152778,False,6.2874674034065094
random_2026-07-19T11:55:00+03:00,FUZZY_COMPONENT_MAX,25,Favorable,12.444029850746269,False,0.0
random_2026-07-19T11:55:00+03:00,FUZZY_COMPONENT_MAX,26,Favorable,12.444029850746269,False,0.0
random_2026-07-19T11:55:00+03:00,FUZZY_COMPONENT_MAX,27,Favorable,12.444029850746269,False,0.0
random_2026-07-19T11:55:00+03:00,FUZZY_COMPONENT_MAX,28,Acceptable,27.194298090889507,True,14.750268240143239
random_2026-07-19T11:55:00+03:00,FUZZY_COMPONENT_MAX,29,Favorable,12.444029850746269,False,0.0
random_2026-07-19T11:55:00+03:00,PROPOSED_HFIS,0,Favorable,12.444029850746269,False,0.0
random_2026-07-19T11:55:00+03:00,PROPOSED_HFIS,1,Favorable,19.793833244574344,False,7.349803393828076
random_2026-07-19T11:55:00+03:00,PROPOSED_HFIS,2,Favorable,12.943937963731267,False,0.4999081129849987
random_2026-07-19T11:55:00+03:00,PROPOSED_HFIS,3,Favorable,12.444029850746269,False,0.0
random_2026-07-19T11:55:00+03:00,PROPOSED_HFIS,4,Favorable,12.444029850746269,False,0.0
random_2026-07-19T11:55:00+03:00,PROPOSED_HFIS,5,Favorable,14.11758156132062,False,1.6735517105743511
random_2026-07-19T11:55:00+03:00,PROPOSED_HFIS,6,Favorable,15.88142259803276,False,3.4373927472864914
random_2026-07-19T11:55:00+03:00,PROPOSED_HFIS,7,Favorable,12.444029850746269,False,0.0
random_2026-07-19T11:55:00+03:00,PROPOSED_HFIS,8,Favorable,12.444029850746269,False,0.0
random_2026-07-19T11:55:00+03:00,PROPOSED_HFIS,9,Favorable,12.444029850746269,False,0.0
random_2026-07-19T11:55:00+03:00,PROPOSED_HFIS,10,Acceptable,29.016899352939248,True,16.57286950219298
random_2026-07-19T11:55:00+03:00,PROPOSED_HFIS,11,Favorable,12.444029850746269,False,0.0
random_2026-07-19T11:55:00+03:00,PROPOSED_HFIS,12,Acceptable,28.61603436723397,True,16.1720045164877
random_2026-07-19T11:55:00+03:00,PROPOSED_HFIS,13,Favorable,12.444029850746269,False,0.0
random_2026-07-19T11:55:00+03:00,PROPOSED_HFIS,14,Favorable,12.444029850746269,False,0.0
random_2026-07-19T11:55:00+03:00,PROPOSED_HFIS,15,Acceptable,32.215105641490624,True,19.771075790744355
random_2026-07-19T11:55:00+03:00,PROPOSED_HFIS,16,Favorable,12.444029850746269,False,0.0
random_2026-07-19T11:55:00+03:00,PROPOSED_HFIS,17,Favorable,15.813919861145257,False,3.369890010398988
random_2026-07-19T11:55:00+03:00,PROPOSED_HFIS,18,Acceptable,27.798704615147376,True,15.354674764401107
random_2026-07-19T11:55:00+03:00,PROPOSED_HFIS,19,Favorable,12.444029850746269,False,0.0
random_2026-07-19T11:55:00+03:00,PROPOSED_HFIS,20,Acceptable,28.782134148580642,True,16.338104297834374
random_2026-07-19T11:55:00+03:00,PROPOSED_HFIS,21,Favorable,12.444029850746269,False,0.0
random_2026-07-19T11:55:00+03:00,PROPOSED_HFIS,22,Favorable,12.444029850746269,False,0.0
random_2026-07-19T11:55:00+03:00,PROPOSED_HFIS,23,Favorable,22.60524239533619,False,10.161212544589922
random_2026-07-19T11:55:00+03:00,PROPOSED_HFIS,24,Favorable,18.731497254152778,False,6.2874674034065094
random_2026-07-19T11:55:00+03:00,PROPOSED_HFIS,25,Favorable,12.444029850746269,False,0.0
random_2026-07-19T11:55:00+03:00,PROPOSED_HFIS,26,Favorable,12.444029850746269,False,0.0
random_2026-07-19T11:55:00+03:00,PROPOSED_HFIS,27,Favorable,12.444029850746269,False,0.0
random_2026-07-19T11:55:00+03:00,PROPOSED_HFIS,28,Acceptable,27.194298090889507,True,14.750268240143239
random_2026-07-19T11:55:00+03:00,PROPOSED_HFIS,29,Favorable,12.444029850746269,False,0.0
random_2026-07-19T11:55:00+03:00,WEIGHTED_MEAN,0,Favorable,12.444029850746269,False,0.0
random_2026-07-19T11:55:00+03:00,WEIGHTED_MEAN,1,Favorable,16.118931547660306,False,3.674901696914038
random_2026-07-19T11:55:00+03:00,WEIGHTED_MEAN,2,Favorable,12.693983907238767,False,0.24995405649249847
random_2026-07-19T11:55:00+03:00,WEIGHTED_MEAN,3,Favorable,12.444029850746269,False,0.0
random_2026-07-19T11:55:00+03:00,WEIGHTED_MEAN,4,Favorable,12.444029850746269,False,0.0
random_2026-07-19T11:55:00+03:00,WEIGHTED_MEAN,5,Favorable,13.280805706033444,False,0.8367758552871756
random_2026-07-19T11:55:00+03:00,WEIGHTED_MEAN,6,Favorable,14.162726224389514,False,1.7186963736432457
random_2026-07-19T11:55:00+03:00,WEIGHTED_MEAN,7,Favorable,12.444029850746269,False,0.0
random_2026-07-19T11:55:00+03:00,WEIGHTED_MEAN,8,Favorable,12.444029850746269,False,0.0
random_2026-07-19T11:55:00+03:00,WEIGHTED_MEAN,9,Favorable,12.444029850746269,False,0.0
random_2026-07-19T11:55:00+03:00,WEIGHTED_MEAN,10,Favorable,20.73046460184276,False,8.28643475109649
random_2026-07-19T11:55:00+03:00,WEIGHTED_MEAN,11,Favorable,12.444029850746269,False,0.0
random_2026-07-19T11:55:00+03:00,WEIGHTED_MEAN,12,Favorable,20.53003210899012,False,8.086002258243852
random_2026-07-19T11:55:00+03:00,WEIGHTED_MEAN,13,Favorable,12.444029850746269,False,0.0
random_2026-07-19T11:55:00+03:00,WEIGHTED_MEAN,14,Favorable,12.444029850746269,False,0.0
random_2026-07-19T11:55:00+03:00,WEIGHTED_MEAN,15,Favorable,22.329567746118446,False,9.885537895372178
random_2026-07-19T11:55:00+03:00,WEIGHTED_MEAN,16,Favorable,12.444029850746269,False,0.0
random_2026-07-19T11:55:00+03:00,WEIGHTED_MEAN,17,Favorable,14.128974855945764,False,1.684945005199495
random_2026-07-19T11:55:00+03:00,WEIGHTED_MEAN,18,Favorable,20.121367232946824,False,7.677337382200555
random_2026-07-19T11:55:00+03:00,WEIGHTED_MEAN,19,Favorable,12.444029850746269,False,0.0
random_2026-07-19T11:55:00+03:00,WEIGHTED_MEAN,20,Favorable,20.613081999663457,False,8.169052148917189
random_2026-07-19T11:55:00+03:00,WEIGHTED_MEAN,21,Favorable,12.444029850746269,False,0.0
random_2026-07-19T11:55:00+03:00,WEIGHTED_MEAN,22,Favorable,12.444029850746269,False,0.0
random_2026-07-19T11:55:00+03:00,WEIGHTED_MEAN,23,Favorable,17.52463612304123,False,5.080606272294961
random_2026-07-19T11:55:00+03:00,WEIGHTED_MEAN,24,Favorable,15.587763552449523,False,3.1437337017032547
random_2026-07-19T11:55:00+03:00,WEIGHTED_MEAN,25,Favorable,12.444029850746269,False,0.0
random_2026-07-19T11:55:00+03:00,WEIGHTED_MEAN,26,Favorable,12.444029850746269,False,0.0
random_2026-07-19T11:55:00+03:00,WEIGHTED_MEAN,27,Favorable,12.444029850746269,False,0.0
random_2026-07-19T11:55:00+03:00,WEIGHTED_MEAN,28,Favorable,19.81916397081789,False,7.375134120071621
random_2026-07-19T11:55:00+03:00,WEIGHTED_MEAN,29,Favorable,12.444029850746269,False,0.0
random_2026-07-20T06:50:00+03:00,CRISP_CLASS_MAX,0,Favorable,12.5,False,0.0
random_2026-07-20T06:50:00+03:00,CRISP_CLASS_MAX,1,Favorable,12.5,False,0.0
random_2026-07-20T06:50:00+03:00,CRISP_CLASS_MAX,2,Favorable,12.5,False,0.0
random_2026-07-20T06:50:00+03:00,CRISP_CLASS_MAX,3,Favorable,12.5,False,0.0
random_2026-07-20T06:50:00+03:00,CRISP_CLASS_MAX,4,Favorable,12.5,False,0.0
random_2026-07-20T06:50:00+03:00,CRISP_CLASS_MAX,5,Favorable,12.5,False,0.0
random_2026-07-20T06:50:00+03:00,CRISP_CLASS_MAX,6,Favorable,12.5,False,0.0
random_2026-07-20T06:50:00+03:00,CRISP_CLASS_MAX,7,Favorable,12.5,False,0.0
random_2026-07-20T06:50:00+03:00,CRISP_CLASS_MAX,8,Favorable,12.5,False,0.0
random_2026-07-20T06:50:00+03:00,CRISP_CLASS_MAX,9,Favorable,12.5,False,0.0
random_2026-07-20T06:50:00+03:00,CRISP_CLASS_MAX,10,Favorable,12.5,False,0.0
random_2026-07-20T06:50:00+03:00,CRISP_CLASS_MAX,11,Favorable,12.5,False,0.0
random_2026-07-20T06:50:00+03:00,CRISP_CLASS_MAX,12,Favorable,12.5,False,0.0
random_2026-07-20T06:50:00+03:00,CRISP_CLASS_MAX,13,Favorable,12.5,False,0.0
random_2026-07-20T06:50:00+03:00,CRISP_CLASS_MAX,14,Favorable,12.5,False,0.0
random_2026-07-20T06:50:00+03:00,CRISP_CLASS_MAX,15,Favorable,12.5,False,0.0
random_2026-07-20T06:50:00+03:00,CRISP_CLASS_MAX,16,Favorable,12.5,False,0.0
random_2026-07-20T06:50:00+03:00,CRISP_CLASS_MAX,17,Favorable,12.5,False,0.0
random_2026-07-20T06:50:00+03:00,CRISP_CLASS_MAX,18,Favorable,12.5,False,0.0
random_2026-07-20T06:50:00+03:00,CRISP_CLASS_MAX,19,Favorable,12.5,False,0.0
random_2026-07-20T06:50:00+03:00,CRISP_CLASS_MAX,20,Favorable,12.5,False,0.0
random_2026-07-20T06:50:00+03:00,CRISP_CLASS_MAX,21,Favorable,12.5,False,0.0
random_2026-07-20T06:50:00+03:00,CRISP_CLASS_MAX,22,Favorable,12.5,False,0.0
random_2026-07-20T06:50:00+03:00,CRISP_CLASS_MAX,23,Favorable,12.5,False,0.0
random_2026-07-20T06:50:00+03:00,CRISP_CLASS_MAX,24,Favorable,12.5,False,0.0
random_2026-07-20T06:50:00+03:00,CRISP_CLASS_MAX,25,Favorable,12.5,False,0.0
random_2026-07-20T06:50:00+03:00,CRISP_CLASS_MAX,26,Favorable,12.5,False,0.0
random_2026-07-20T06:50:00+03:00,CRISP_CLASS_MAX,27,Favorable,12.5,False,0.0
random_2026-07-20T06:50:00+03:00,CRISP_CLASS_MAX,28,Favorable,12.5,False,0.0
random_2026-07-20T06:50:00+03:00,CRISP_CLASS_MAX,29,Favorable,12.5,False,0.0
random_2026-07-20T06:50:00+03:00,FUZZY_COMPONENT_MAX,0,Favorable,12.444029850746269,False,0.0
random_2026-07-20T06:50:00+03:00,FUZZY_COMPONENT_MAX,1,Favorable,12.444029850746269,False,0.0
random_2026-07-20T06:50:00+03:00,FUZZY_COMPONENT_MAX,2,Favorable,12.444029850746269,False,0.0
random_2026-07-20T06:50:00+03:00,FUZZY_COMPONENT_MAX,3,Favorable,12.444029850746269,False,0.0
random_2026-07-20T06:50:00+03:00,FUZZY_COMPONENT_MAX,4,Favorable,12.444029850746269,False,0.0
random_2026-07-20T06:50:00+03:00,FUZZY_COMPONENT_MAX,5,Favorable,12.444029850746269,False,0.0
random_2026-07-20T06:50:00+03:00,FUZZY_COMPONENT_MAX,6,Favorable,12.444029850746269,False,0.0
random_2026-07-20T06:50:00+03:00,FUZZY_COMPONENT_MAX,7,Favorable,12.444029850746269,False,0.0
random_2026-07-20T06:50:00+03:00,FUZZY_COMPONENT_MAX,8,Favorable,12.444029850746269,False,0.0
random_2026-07-20T06:50:00+03:00,FUZZY_COMPONENT_MAX,9,Favorable,12.444029850746269,False,0.0
random_2026-07-20T06:50:00+03:00,FUZZY_COMPONENT_MAX,10,Favorable,12.444029850746269,False,0.0
random_2026-07-20T06:50:00+03:00,FUZZY_COMPONENT_MAX,11,Favorable,12.444029850746269,False,0.0
random_2026-07-20T06:50:00+03:00,FUZZY_COMPONENT_MAX,12,Favorable,12.444029850746269,False,0.0
random_2026-07-20T06:50:00+03:00,FUZZY_COMPONENT_MAX,13,Favorable,12.444029850746269,False,0.0
random_2026-07-20T06:50:00+03:00,FUZZY_COMPONENT_MAX,14,Favorable,12.444029850746269,False,0.0
random_2026-07-20T06:50:00+03:00,FUZZY_COMPONENT_MAX,15,Favorable,12.444029850746269,False,0.0
random_2026-07-20T06:50:00+03:00,FUZZY_COMPONENT_MAX,16,Favorable,12.444029850746269,False,0.0
random_2026-07-20T06:50:00+03:00,FUZZY_COMPONENT_MAX,17,Favorable,12.444029850746269,False,0.0
random_2026-07-20T06:50:00+03:00,FUZZY_COMPONENT_MAX,18,Favorable,12.444029850746269,False,0.0
random_2026-07-20T06:50:00+03:00,FUZZY_COMPONENT_MAX,19,Favorable,12.444029850746269,False,0.0
random_2026-07-20T06:50:00+03:00,FUZZY_COMPONENT_MAX,20,Favorable,12.444029850746269,False,0.0
random_2026-07-20T06:50:00+03:00,FUZZY_COMPONENT_MAX,21,Favorable,12.444029850746269,False,0.0
random_2026-07-20T06:50:00+03:00,FUZZY_COMPONENT_MAX,22,Favorable,12.444029850746269,False,0.0
random_2026-07-20T06:50:00+03:00,FUZZY_COMPONENT_MAX,23,Favorable,12.444029850746269,False,0.0
random_2026-07-20T06:50:00+03:00,FUZZY_COMPONENT_MAX,24,Favorable,12.444029850746269,False,0.0
random_2026-07-20T06:50:00+03:00,FUZZY_COMPONENT_MAX,25,Favorable,12.444029850746269,False,0.0
random_2026-07-20T06:50:00+03:00,FUZZY_COMPONENT_MAX,26,Favorable,12.444029850746269,False,0.0
random_2026-07-20T06:50:00+03:00,FUZZY_COMPONENT_MAX,27,Favorable,12.444029850746269,False,0.0
random_2026-07-20T06:50:00+03:00,FUZZY_COMPONENT_MAX,28,Favorable,12.444029850746269,False,0.0
random_2026-07-20T06:50:00+03:00,FUZZY_COMPONENT_MAX,29,Favorable,12.444029850746269,False,0.0
random_2026-07-20T06:50:00+03:00,PROPOSED_HFIS,0,Favorable,12.444029850746269,False,0.0
random_2026-07-20T06:50:00+03:00,PROPOSED_HFIS,1,Favorable,12.444029850746269,False,0.0
random_2026-07-20T06:50:00+03:00,PROPOSED_HFIS,2,Favorable,12.444029850746269,False,0.0
random_2026-07-20T06:50:00+03:00,PROPOSED_HFIS,3,Favorable,12.444029850746269,False,0.0
random_2026-07-20T06:50:00+03:00,PROPOSED_HFIS,4,Favorable,12.444029850746269,False,0.0
random_2026-07-20T06:50:00+03:00,PROPOSED_HFIS,5,Favorable,12.444029850746269,False,0.0
random_2026-07-20T06:50:00+03:00,PROPOSED_HFIS,6,Favorable,12.444029850746269,False,0.0
random_2026-07-20T06:50:00+03:00,PROPOSED_HFIS,7,Favorable,12.444029850746269,False,0.0
random_2026-07-20T06:50:00+03:00,PROPOSED_HFIS,8,Favorable,12.444029850746269,False,0.0
random_2026-07-20T06:50:00+03:00,PROPOSED_HFIS,9,Favorable,12.444029850746269,False,0.0
random_2026-07-20T06:50:00+03:00,PROPOSED_HFIS,10,Favorable,12.444029850746269,False,0.0
random_2026-07-20T06:50:00+03:00,PROPOSED_HFIS,11,Favorable,12.444029850746269,False,0.0
random_2026-07-20T06:50:00+03:00,PROPOSED_HFIS,12,Favorable,12.444029850746269,False,0.0
random_2026-07-20T06:50:00+03:00,PROPOSED_HFIS,13,Favorable,12.444029850746269,False,0.0
random_2026-07-20T06:50:00+03:00,PROPOSED_HFIS,14,Favorable,12.444029850746269,False,0.0
random_2026-07-20T06:50:00+03:00,PROPOSED_HFIS,15,Favorable,12.444029850746269,False,0.0
random_2026-07-20T06:50:00+03:00,PROPOSED_HFIS,16,Favorable,12.444029850746269,False,0.0
random_2026-07-20T06:50:00+03:00,PROPOSED_HFIS,17,Favorable,12.444029850746269,False,0.0
random_2026-07-20T06:50:00+03:00,PROPOSED_HFIS,18,Favorable,12.444029850746269,False,0.0
random_2026-07-20T06:50:00+03:00,PROPOSED_HFIS,19,Favorable,12.444029850746269,False,0.0
random_2026-07-20T06:50:00+03:00,PROPOSED_HFIS,20,Favorable,12.444029850746269,False,0.0
random_2026-07-20T06:50:00+03:00,PROPOSED_HFIS,21,Favorable,12.444029850746269,False,0.0
random_2026-07-20T06:50:00+03:00,PROPOSED_HFIS,22,Favorable,12.444029850746269,False,0.0
random_2026-07-20T06:50:00+03:00,PROPOSED_HFIS,23,Favorable,12.444029850746269,False,0.0
random_2026-07-20T06:50:00+03:00,PROPOSED_HFIS,24,Favorable,12.444029850746269,False,0.0
random_2026-07-20T06:50:00+03:00,PROPOSED_HFIS,25,Favorable,12.444029850746269,False,0.0
random_2026-07-20T06:50:00+03:00,PROPOSED_HFIS,26,Favorable,12.444029850746269,False,0.0
random_2026-07-20T06:50:00+03:00,PROPOSED_HFIS,27,Favorable,12.444029850746269,False,0.0
random_2026-07-20T06:50:00+03:00,PROPOSED_HFIS,28,Favorable,12.444029850746269,False,0.0
random_2026-07-20T06:50:00+03:00,PROPOSED_HFIS,29,Favorable,12.444029850746269,False,0.0
random_2026-07-20T06:50:00+03:00,WEIGHTED_MEAN,0,Favorable,12.444029850746269,False,0.0
random_2026-07-20T06:50:00+03:00,WEIGHTED_MEAN,1,Favorable,12.444029850746269,False,0.0
random_2026-07-20T06:50:00+03:00,WEIGHTED_MEAN,2,Favorable,12.444029850746269,False,0.0
random_2026-07-20T06:50:00+03:00,WEIGHTED_MEAN,3,Favorable,12.444029850746269,False,0.0
random_2026-07-20T06:50:00+03:00,WEIGHTED_MEAN,4,Favorable,12.444029850746269,False,0.0
random_2026-07-20T06:50:00+03:00,WEIGHTED_MEAN,5,Favorable,12.444029850746269,False,0.0
random_2026-07-20T06:50:00+03:00,WEIGHTED_MEAN,6,Favorable,12.444029850746269,False,0.0
random_2026-07-20T06:50:00+03:00,WEIGHTED_MEAN,7,Favorable,12.444029850746269,False,0.0
random_2026-07-20T06:50:00+03:00,WEIGHTED_MEAN,8,Favorable,12.444029850746269,False,0.0
random_2026-07-20T06:50:00+03:00,WEIGHTED_MEAN,9,Favorable,12.444029850746269,False,0.0
random_2026-07-20T06:50:00+03:00,WEIGHTED_MEAN,10,Favorable,12.444029850746269,False,0.0
random_2026-07-20T06:50:00+03:00,WEIGHTED_MEAN,11,Favorable,12.444029850746269,False,0.0
random_2026-07-20T06:50:00+03:00,WEIGHTED_MEAN,12,Favorable,12.444029850746269,False,0.0
random_2026-07-20T06:50:00+03:00,WEIGHTED_MEAN,13,Favorable,12.444029850746269,False,0.0
random_2026-07-20T06:50:00+03:00,WEIGHTED_MEAN,14,Favorable,12.444029850746269,False,0.0
random_2026-07-20T06:50:00+03:00,WEIGHTED_MEAN,15,Favorable,12.444029850746269,False,0.0
random_2026-07-20T06:50:00+03:00,WEIGHTED_MEAN,16,Favorable,12.444029850746269,False,0.0
random_2026-07-20T06:50:00+03:00,WEIGHTED_MEAN,17,Favorable,12.444029850746269,False,0.0
random_2026-07-20T06:50:00+03:00,WEIGHTED_MEAN,18,Favorable,12.444029850746269,False,0.0
random_2026-07-20T06:50:00+03:00,WEIGHTED_MEAN,19,Favorable,12.444029850746269,False,0.0
random_2026-07-20T06:50:00+03:00,WEIGHTED_MEAN,20,Favorable,12.444029850746269,False,0.0
random_2026-07-20T06:50:00+03:00,WEIGHTED_MEAN,21,Favorable,12.444029850746269,False,0.0
random_2026-07-20T06:50:00+03:00,WEIGHTED_MEAN,22,Favorable,12.444029850746269,False,0.0
random_2026-07-20T06:50:00+03:00,WEIGHTED_MEAN,23,Favorable,12.444029850746269,False,0.0
random_2026-07-20T06:50:00+03:00,WEIGHTED_MEAN,24,Favorable,12.444029850746269,False,0.0
random_2026-07-20T06:50:00+03:00,WEIGHTED_MEAN,25,Favorable,12.444029850746269,False,0.0
random_2026-07-20T06:50:00+03:00,WEIGHTED_MEAN,26,Favorable,12.444029850746269,False,0.0
random_2026-07-20T06:50:00+03:00,WEIGHTED_MEAN,27,Favorable,12.444029850746269,False,0.0
random_2026-07-20T06:50:00+03:00,WEIGHTED_MEAN,28,Favorable,12.444029850746269,False,0.0
random_2026-07-20T06:50:00+03:00,WEIGHTED_MEAN,29,Favorable,12.444029850746269,False,0.0
random_2026-07-22T17:15:00+03:00,CRISP_CLASS_MAX,0,Favorable,12.5,False,0.0
random_2026-07-22T17:15:00+03:00,CRISP_CLASS_MAX,1,Favorable,12.5,False,0.0
random_2026-07-22T17:15:00+03:00,CRISP_CLASS_MAX,2,Favorable,12.5,False,0.0
random_2026-07-22T17:15:00+03:00,CRISP_CLASS_MAX,3,Favorable,12.5,False,0.0
random_2026-07-22T17:15:00+03:00,CRISP_CLASS_MAX,4,Favorable,12.5,False,0.0
random_2026-07-22T17:15:00+03:00,CRISP_CLASS_MAX,5,Favorable,12.5,False,0.0
random_2026-07-22T17:15:00+03:00,CRISP_CLASS_MAX,6,Favorable,12.5,False,0.0
random_2026-07-22T17:15:00+03:00,CRISP_CLASS_MAX,7,Favorable,12.5,False,0.0
random_2026-07-22T17:15:00+03:00,CRISP_CLASS_MAX,8,Favorable,12.5,False,0.0
random_2026-07-22T17:15:00+03:00,CRISP_CLASS_MAX,9,Favorable,12.5,False,0.0
random_2026-07-22T17:15:00+03:00,CRISP_CLASS_MAX,10,Favorable,12.5,False,0.0
random_2026-07-22T17:15:00+03:00,CRISP_CLASS_MAX,11,Favorable,12.5,False,0.0
random_2026-07-22T17:15:00+03:00,CRISP_CLASS_MAX,12,Favorable,12.5,False,0.0
random_2026-07-22T17:15:00+03:00,CRISP_CLASS_MAX,13,Favorable,12.5,False,0.0
random_2026-07-22T17:15:00+03:00,CRISP_CLASS_MAX,14,Favorable,12.5,False,0.0
random_2026-07-22T17:15:00+03:00,CRISP_CLASS_MAX,15,Favorable,12.5,False,0.0
random_2026-07-22T17:15:00+03:00,CRISP_CLASS_MAX,16,Favorable,12.5,False,0.0
random_2026-07-22T17:15:00+03:00,CRISP_CLASS_MAX,17,Favorable,12.5,False,0.0
random_2026-07-22T17:15:00+03:00,CRISP_CLASS_MAX,18,Favorable,12.5,False,0.0
random_2026-07-22T17:15:00+03:00,CRISP_CLASS_MAX,19,Favorable,12.5,False,0.0
random_2026-07-22T17:15:00+03:00,CRISP_CLASS_MAX,20,Favorable,12.5,False,0.0
random_2026-07-22T17:15:00+03:00,CRISP_CLASS_MAX,21,Favorable,12.5,False,0.0
random_2026-07-22T17:15:00+03:00,CRISP_CLASS_MAX,22,Favorable,12.5,False,0.0
random_2026-07-22T17:15:00+03:00,CRISP_CLASS_MAX,23,Favorable,12.5,False,0.0
random_2026-07-22T17:15:00+03:00,CRISP_CLASS_MAX,24,Favorable,12.5,False,0.0
random_2026-07-22T17:15:00+03:00,CRISP_CLASS_MAX,25,Favorable,12.5,False,0.0
random_2026-07-22T17:15:00+03:00,CRISP_CLASS_MAX,26,Favorable,12.5,False,0.0
random_2026-07-22T17:15:00+03:00,CRISP_CLASS_MAX,27,Favorable,12.5,False,0.0
random_2026-07-22T17:15:00+03:00,CRISP_CLASS_MAX,28,Favorable,12.5,False,0.0
random_2026-07-22T17:15:00+03:00,CRISP_CLASS_MAX,29,Favorable,12.5,False,0.0
random_2026-07-22T17:15:00+03:00,FUZZY_COMPONENT_MAX,0,Favorable,12.444029850746269,False,0.0
random_2026-07-22T17:15:00+03:00,FUZZY_COMPONENT_MAX,1,Favorable,12.444029850746269,False,0.0
random_2026-07-22T17:15:00+03:00,FUZZY_COMPONENT_MAX,2,Favorable,12.444029850746269,False,0.0
random_2026-07-22T17:15:00+03:00,FUZZY_COMPONENT_MAX,3,Favorable,12.444029850746269,False,0.0
random_2026-07-22T17:15:00+03:00,FUZZY_COMPONENT_MAX,4,Favorable,12.444029850746269,False,0.0
random_2026-07-22T17:15:00+03:00,FUZZY_COMPONENT_MAX,5,Favorable,12.444029850746269,False,0.0
random_2026-07-22T17:15:00+03:00,FUZZY_COMPONENT_MAX,6,Favorable,12.444029850746269,False,0.0
random_2026-07-22T17:15:00+03:00,FUZZY_COMPONENT_MAX,7,Favorable,12.444029850746269,False,0.0
random_2026-07-22T17:15:00+03:00,FUZZY_COMPONENT_MAX,8,Favorable,12.444029850746269,False,0.0
random_2026-07-22T17:15:00+03:00,FUZZY_COMPONENT_MAX,9,Favorable,12.444029850746269,False,0.0
random_2026-07-22T17:15:00+03:00,FUZZY_COMPONENT_MAX,10,Favorable,12.444029850746269,False,0.0
random_2026-07-22T17:15:00+03:00,FUZZY_COMPONENT_MAX,11,Favorable,12.444029850746269,False,0.0
random_2026-07-22T17:15:00+03:00,FUZZY_COMPONENT_MAX,12,Favorable,12.444029850746269,False,0.0
random_2026-07-22T17:15:00+03:00,FUZZY_COMPONENT_MAX,13,Favorable,12.444029850746269,False,0.0
random_2026-07-22T17:15:00+03:00,FUZZY_COMPONENT_MAX,14,Favorable,12.444029850746269,False,0.0
random_2026-07-22T17:15:00+03:00,FUZZY_COMPONENT_MAX,15,Favorable,12.444029850746269,False,0.0
random_2026-07-22T17:15:00+03:00,FUZZY_COMPONENT_MAX,16,Favorable,12.444029850746269,False,0.0
random_2026-07-22T17:15:00+03:00,FUZZY_COMPONENT_MAX,17,Favorable,12.444029850746269,False,0.0
random_2026-07-22T17:15:00+03:00,FUZZY_COMPONENT_MAX,18,Favorable,12.444029850746269,False,0.0
random_2026-07-22T17:15:00+03:00,FUZZY_COMPONENT_MAX,19,Favorable,12.444029850746269,False,0.0
random_2026-07-22T17:15:00+03:00,FUZZY_COMPONENT_MAX,20,Favorable,12.444029850746269,False,0.0
random_2026-07-22T17:15:00+03:00,FUZZY_COMPONENT_MAX,21,Favorable,12.444029850746269,False,0.0
random_2026-07-22T17:15:00+03:00,FUZZY_COMPONENT_MAX,22,Favorable,12.444029850746269,False,0.0
random_2026-07-22T17:15:00+03:00,FUZZY_COMPONENT_MAX,23,Favorable,12.444029850746269,False,0.0
random_2026-07-22T17:15:00+03:00,FUZZY_COMPONENT_MAX,24,Favorable,12.444029850746269,False,0.0
random_2026-07-22T17:15:00+03:00,FUZZY_COMPONENT_MAX,25,Favorable,12.444029850746269,False,0.0
random_2026-07-22T17:15:00+03:00,FUZZY_COMPONENT_MAX,26,Favorable,12.444029850746269,False,0.0
random_2026-07-22T17:15:00+03:00,FUZZY_COMPONENT_MAX,27,Favorable,12.444029850746269,False,0.0
random_2026-07-22T17:15:00+03:00,FUZZY_COMPONENT_MAX,28,Favorable,12.444029850746269,False,0.0
random_2026-07-22T17:15:00+03:00,FUZZY_COMPONENT_MAX,29,Favorable,12.444029850746269,False,0.0
random_2026-07-22T17:15:00+03:00,PROPOSED_HFIS,0,Favorable,12.444029850746269,False,0.0
random_2026-07-22T17:15:00+03:00,PROPOSED_HFIS,1,Favorable,12.444029850746269,False,0.0
random_2026-07-22T17:15:00+03:00,PROPOSED_HFIS,2,Favorable,12.444029850746269,False,0.0
random_2026-07-22T17:15:00+03:00,PROPOSED_HFIS,3,Favorable,12.444029850746269,False,0.0
random_2026-07-22T17:15:00+03:00,PROPOSED_HFIS,4,Favorable,12.444029850746269,False,0.0
random_2026-07-22T17:15:00+03:00,PROPOSED_HFIS,5,Favorable,12.444029850746269,False,0.0
random_2026-07-22T17:15:00+03:00,PROPOSED_HFIS,6,Favorable,12.444029850746269,False,0.0
random_2026-07-22T17:15:00+03:00,PROPOSED_HFIS,7,Favorable,12.444029850746269,False,0.0
random_2026-07-22T17:15:00+03:00,PROPOSED_HFIS,8,Favorable,12.444029850746269,False,0.0
random_2026-07-22T17:15:00+03:00,PROPOSED_HFIS,9,Favorable,12.444029850746269,False,0.0
random_2026-07-22T17:15:00+03:00,PROPOSED_HFIS,10,Favorable,12.444029850746269,False,0.0
random_2026-07-22T17:15:00+03:00,PROPOSED_HFIS,11,Favorable,12.444029850746269,False,0.0
random_2026-07-22T17:15:00+03:00,PROPOSED_HFIS,12,Favorable,12.444029850746269,False,0.0
random_2026-07-22T17:15:00+03:00,PROPOSED_HFIS,13,Favorable,12.444029850746269,False,0.0
random_2026-07-22T17:15:00+03:00,PROPOSED_HFIS,14,Favorable,12.444029850746269,False,0.0
random_2026-07-22T17:15:00+03:00,PROPOSED_HFIS,15,Favorable,12.444029850746269,False,0.0
random_2026-07-22T17:15:00+03:00,PROPOSED_HFIS,16,Favorable,12.444029850746269,False,0.0
random_2026-07-22T17:15:00+03:00,PROPOSED_HFIS,17,Favorable,12.444029850746269,False,0.0
random_2026-07-22T17:15:00+03:00,PROPOSED_HFIS,18,Favorable,12.444029850746269,False,0.0
random_2026-07-22T17:15:00+03:00,PROPOSED_HFIS,19,Favorable,12.444029850746269,False,0.0
random_2026-07-22T17:15:00+03:00,PROPOSED_HFIS,20,Favorable,12.444029850746269,False,0.0
random_2026-07-22T17:15:00+03:00,PROPOSED_HFIS,21,Favorable,12.444029850746269,False,0.0
random_2026-07-22T17:15:00+03:00,PROPOSED_HFIS,22,Favorable,12.444029850746269,False,0.0
random_2026-07-22T17:15:00+03:00,PROPOSED_HFIS,23,Favorable,12.444029850746269,False,0.0
random_2026-07-22T17:15:00+03:00,PROPOSED_HFIS,24,Favorable,12.444029850746269,False,0.0
random_2026-07-22T17:15:00+03:00,PROPOSED_HFIS,25,Favorable,12.444029850746269,False,0.0
random_2026-07-22T17:15:00+03:00,PROPOSED_HFIS,26,Favorable,12.444029850746269,False,0.0
random_2026-07-22T17:15:00+03:00,PROPOSED_HFIS,27,Favorable,12.444029850746269,False,0.0
random_2026-07-22T17:15:00+03:00,PROPOSED_HFIS,28,Favorable,12.444029850746269,False,0.0
random_2026-07-22T17:15:00+03:00,PROPOSED_HFIS,29,Favorable,12.444029850746269,False,0.0
random_2026-07-22T17:15:00+03:00,WEIGHTED_MEAN,0,Favorable,12.444029850746269,False,0.0
random_2026-07-22T17:15:00+03:00,WEIGHTED_MEAN,1,Favorable,12.444029850746269,False,0.0
random_2026-07-22T17:15:00+03:00,WEIGHTED_MEAN,2,Favorable,12.444029850746269,False,0.0
random_2026-07-22T17:15:00+03:00,WEIGHTED_MEAN,3,Favorable,12.444029850746269,False,0.0
random_2026-07-22T17:15:00+03:00,WEIGHTED_MEAN,4,Favorable,12.444029850746269,False,0.0
random_2026-07-22T17:15:00+03:00,WEIGHTED_MEAN,5,Favorable,12.444029850746269,False,0.0
random_2026-07-22T17:15:00+03:00,WEIGHTED_MEAN,6,Favorable,12.444029850746269,False,0.0
random_2026-07-22T17:15:00+03:00,WEIGHTED_MEAN,7,Favorable,12.444029850746269,False,0.0
random_2026-07-22T17:15:00+03:00,WEIGHTED_MEAN,8,Favorable,12.444029850746269,False,0.0
random_2026-07-22T17:15:00+03:00,WEIGHTED_MEAN,9,Favorable,12.444029850746269,False,0.0
random_2026-07-22T17:15:00+03:00,WEIGHTED_MEAN,10,Favorable,12.444029850746269,False,0.0
random_2026-07-22T17:15:00+03:00,WEIGHTED_MEAN,11,Favorable,12.444029850746269,False,0.0
random_2026-07-22T17:15:00+03:00,WEIGHTED_MEAN,12,Favorable,12.444029850746269,False,0.0
random_2026-07-22T17:15:00+03:00,WEIGHTED_MEAN,13,Favorable,12.444029850746269,False,0.0
random_2026-07-22T17:15:00+03:00,WEIGHTED_MEAN,14,Favorable,12.444029850746269,False,0.0
random_2026-07-22T17:15:00+03:00,WEIGHTED_MEAN,15,Favorable,12.444029850746269,False,0.0
random_2026-07-22T17:15:00+03:00,WEIGHTED_MEAN,16,Favorable,12.444029850746269,False,0.0
random_2026-07-22T17:15:00+03:00,WEIGHTED_MEAN,17,Favorable,12.444029850746269,False,0.0
random_2026-07-22T17:15:00+03:00,WEIGHTED_MEAN,18,Favorable,12.444029850746269,False,0.0
random_2026-07-22T17:15:00+03:00,WEIGHTED_MEAN,19,Favorable,12.444029850746269,False,0.0
random_2026-07-22T17:15:00+03:00,WEIGHTED_MEAN,20,Favorable,12.444029850746269,False,0.0
random_2026-07-22T17:15:00+03:00,WEIGHTED_MEAN,21,Favorable,12.444029850746269,False,0.0
random_2026-07-22T17:15:00+03:00,WEIGHTED_MEAN,22,Favorable,12.444029850746269,False,0.0
random_2026-07-22T17:15:00+03:00,WEIGHTED_MEAN,23,Favorable,12.444029850746269,False,0.0
random_2026-07-22T17:15:00+03:00,WEIGHTED_MEAN,24,Favorable,12.444029850746269,False,0.0
random_2026-07-22T17:15:00+03:00,WEIGHTED_MEAN,25,Favorable,12.444029850746269,False,0.0
random_2026-07-22T17:15:00+03:00,WEIGHTED_MEAN,26,Favorable,12.444029850746269,False,0.0
random_2026-07-22T17:15:00+03:00,WEIGHTED_MEAN,27,Favorable,12.444029850746269,False,0.0
random_2026-07-22T17:15:00+03:00,WEIGHTED_MEAN,28,Favorable,12.444029850746269,False,0.0
random_2026-07-22T17:15:00+03:00,WEIGHTED_MEAN,29,Favorable,12.444029850746269,False,0.0
random_2026-07-23T19:40:00+03:00,CRISP_CLASS_MAX,0,Favorable,12.5,False,0.0
random_2026-07-23T19:40:00+03:00,CRISP_CLASS_MAX,1,Favorable,12.5,False,0.0
random_2026-07-23T19:40:00+03:00,CRISP_CLASS_MAX,2,Favorable,12.5,False,0.0
random_2026-07-23T19:40:00+03:00,CRISP_CLASS_MAX,3,Favorable,12.5,False,0.0
random_2026-07-23T19:40:00+03:00,CRISP_CLASS_MAX,4,Favorable,12.5,False,0.0
random_2026-07-23T19:40:00+03:00,CRISP_CLASS_MAX,5,Favorable,12.5,False,0.0
random_2026-07-23T19:40:00+03:00,CRISP_CLASS_MAX,6,Favorable,12.5,False,0.0
random_2026-07-23T19:40:00+03:00,CRISP_CLASS_MAX,7,Favorable,12.5,False,0.0
random_2026-07-23T19:40:00+03:00,CRISP_CLASS_MAX,8,Favorable,12.5,False,0.0
random_2026-07-23T19:40:00+03:00,CRISP_CLASS_MAX,9,Favorable,12.5,False,0.0
random_2026-07-23T19:40:00+03:00,CRISP_CLASS_MAX,10,Favorable,12.5,False,0.0
random_2026-07-23T19:40:00+03:00,CRISP_CLASS_MAX,11,Favorable,12.5,False,0.0
random_2026-07-23T19:40:00+03:00,CRISP_CLASS_MAX,12,Favorable,12.5,False,0.0
random_2026-07-23T19:40:00+03:00,CRISP_CLASS_MAX,13,Favorable,12.5,False,0.0
random_2026-07-23T19:40:00+03:00,CRISP_CLASS_MAX,14,Favorable,12.5,False,0.0
random_2026-07-23T19:40:00+03:00,CRISP_CLASS_MAX,15,Favorable,12.5,False,0.0
random_2026-07-23T19:40:00+03:00,CRISP_CLASS_MAX,16,Favorable,12.5,False,0.0
random_2026-07-23T19:40:00+03:00,CRISP_CLASS_MAX,17,Favorable,12.5,False,0.0
random_2026-07-23T19:40:00+03:00,CRISP_CLASS_MAX,18,Favorable,12.5,False,0.0
random_2026-07-23T19:40:00+03:00,CRISP_CLASS_MAX,19,Favorable,12.5,False,0.0
random_2026-07-23T19:40:00+03:00,CRISP_CLASS_MAX,20,Favorable,12.5,False,0.0
random_2026-07-23T19:40:00+03:00,CRISP_CLASS_MAX,21,Favorable,12.5,False,0.0
random_2026-07-23T19:40:00+03:00,CRISP_CLASS_MAX,22,Favorable,12.5,False,0.0
random_2026-07-23T19:40:00+03:00,CRISP_CLASS_MAX,23,Favorable,12.5,False,0.0
random_2026-07-23T19:40:00+03:00,CRISP_CLASS_MAX,24,Favorable,12.5,False,0.0
random_2026-07-23T19:40:00+03:00,CRISP_CLASS_MAX,25,Favorable,12.5,False,0.0
random_2026-07-23T19:40:00+03:00,CRISP_CLASS_MAX,26,Favorable,12.5,False,0.0
random_2026-07-23T19:40:00+03:00,CRISP_CLASS_MAX,27,Favorable,12.5,False,0.0
random_2026-07-23T19:40:00+03:00,CRISP_CLASS_MAX,28,Favorable,12.5,False,0.0
random_2026-07-23T19:40:00+03:00,CRISP_CLASS_MAX,29,Favorable,12.5,False,0.0
random_2026-07-23T19:40:00+03:00,FUZZY_COMPONENT_MAX,0,Favorable,12.444029850746269,False,0.0
random_2026-07-23T19:40:00+03:00,FUZZY_COMPONENT_MAX,1,Favorable,12.444029850746269,False,0.0
random_2026-07-23T19:40:00+03:00,FUZZY_COMPONENT_MAX,2,Favorable,12.444029850746269,False,0.0
random_2026-07-23T19:40:00+03:00,FUZZY_COMPONENT_MAX,3,Favorable,12.444029850746269,False,0.0
random_2026-07-23T19:40:00+03:00,FUZZY_COMPONENT_MAX,4,Favorable,12.444029850746269,False,0.0
random_2026-07-23T19:40:00+03:00,FUZZY_COMPONENT_MAX,5,Favorable,12.444029850746269,False,0.0
random_2026-07-23T19:40:00+03:00,FUZZY_COMPONENT_MAX,6,Favorable,12.444029850746269,False,0.0
random_2026-07-23T19:40:00+03:00,FUZZY_COMPONENT_MAX,7,Favorable,12.444029850746269,False,0.0
random_2026-07-23T19:40:00+03:00,FUZZY_COMPONENT_MAX,8,Favorable,12.444029850746269,False,0.0
random_2026-07-23T19:40:00+03:00,FUZZY_COMPONENT_MAX,9,Favorable,12.444029850746269,False,0.0
random_2026-07-23T19:40:00+03:00,FUZZY_COMPONENT_MAX,10,Favorable,12.444029850746269,False,0.0
random_2026-07-23T19:40:00+03:00,FUZZY_COMPONENT_MAX,11,Favorable,12.444029850746269,False,0.0
random_2026-07-23T19:40:00+03:00,FUZZY_COMPONENT_MAX,12,Favorable,12.444029850746269,False,0.0
random_2026-07-23T19:40:00+03:00,FUZZY_COMPONENT_MAX,13,Favorable,12.444029850746269,False,0.0
random_2026-07-23T19:40:00+03:00,FUZZY_COMPONENT_MAX,14,Favorable,12.444029850746269,False,0.0
random_2026-07-23T19:40:00+03:00,FUZZY_COMPONENT_MAX,15,Favorable,12.444029850746269,False,0.0
random_2026-07-23T19:40:00+03:00,FUZZY_COMPONENT_MAX,16,Favorable,12.444029850746269,False,0.0
random_2026-07-23T19:40:00+03:00,FUZZY_COMPONENT_MAX,17,Favorable,12.444029850746269,False,0.0
random_2026-07-23T19:40:00+03:00,FUZZY_COMPONENT_MAX,18,Favorable,12.444029850746269,False,0.0
random_2026-07-23T19:40:00+03:00,FUZZY_COMPONENT_MAX,19,Favorable,12.444029850746269,False,0.0
random_2026-07-23T19:40:00+03:00,FUZZY_COMPONENT_MAX,20,Favorable,12.444029850746269,False,0.0
random_2026-07-23T19:40:00+03:00,FUZZY_COMPONENT_MAX,21,Favorable,12.444029850746269,False,0.0
random_2026-07-23T19:40:00+03:00,FUZZY_COMPONENT_MAX,22,Favorable,12.444029850746269,False,0.0
random_2026-07-23T19:40:00+03:00,FUZZY_COMPONENT_MAX,23,Favorable,12.444029850746269,False,0.0
random_2026-07-23T19:40:00+03:00,FUZZY_COMPONENT_MAX,24,Favorable,12.444029850746269,False,0.0
random_2026-07-23T19:40:00+03:00,FUZZY_COMPONENT_MAX,25,Favorable,12.444029850746269,False,0.0
random_2026-07-23T19:40:00+03:00,FUZZY_COMPONENT_MAX,26,Favorable,12.444029850746269,False,0.0
random_2026-07-23T19:40:00+03:00,FUZZY_COMPONENT_MAX,27,Favorable,12.444029850746269,False,0.0
random_2026-07-23T19:40:00+03:00,FUZZY_COMPONENT_MAX,28,Favorable,12.444029850746269,False,0.0
random_2026-07-23T19:40:00+03:00,FUZZY_COMPONENT_MAX,29,Favorable,12.444029850746269,False,0.0
random_2026-07-23T19:40:00+03:00,PROPOSED_HFIS,0,Favorable,12.444029850746269,False,0.0
random_2026-07-23T19:40:00+03:00,PROPOSED_HFIS,1,Favorable,12.444029850746269,False,0.0
random_2026-07-23T19:40:00+03:00,PROPOSED_HFIS,2,Favorable,12.444029850746269,False,0.0
random_2026-07-23T19:40:00+03:00,PROPOSED_HFIS,3,Favorable,12.444029850746269,False,0.0
random_2026-07-23T19:40:00+03:00,PROPOSED_HFIS,4,Favorable,12.444029850746269,False,0.0
random_2026-07-23T19:40:00+03:00,PROPOSED_HFIS,5,Favorable,12.444029850746269,False,0.0
random_2026-07-23T19:40:00+03:00,PROPOSED_HFIS,6,Favorable,12.444029850746269,False,0.0
random_2026-07-23T19:40:00+03:00,PROPOSED_HFIS,7,Favorable,12.444029850746269,False,0.0
random_2026-07-23T19:40:00+03:00,PROPOSED_HFIS,8,Favorable,12.444029850746269,False,0.0
random_2026-07-23T19:40:00+03:00,PROPOSED_HFIS,9,Favorable,12.444029850746269,False,0.0
random_2026-07-23T19:40:00+03:00,PROPOSED_HFIS,10,Favorable,12.444029850746269,False,0.0
random_2026-07-23T19:40:00+03:00,PROPOSED_HFIS,11,Favorable,12.444029850746269,False,0.0
random_2026-07-23T19:40:00+03:00,PROPOSED_HFIS,12,Favorable,12.444029850746269,False,0.0
random_2026-07-23T19:40:00+03:00,PROPOSED_HFIS,13,Favorable,12.444029850746269,False,0.0
random_2026-07-23T19:40:00+03:00,PROPOSED_HFIS,14,Favorable,12.444029850746269,False,0.0
random_2026-07-23T19:40:00+03:00,PROPOSED_HFIS,15,Favorable,12.444029850746269,False,0.0
random_2026-07-23T19:40:00+03:00,PROPOSED_HFIS,16,Favorable,12.444029850746269,False,0.0
random_2026-07-23T19:40:00+03:00,PROPOSED_HFIS,17,Favorable,12.444029850746269,False,0.0
random_2026-07-23T19:40:00+03:00,PROPOSED_HFIS,18,Favorable,12.444029850746269,False,0.0
random_2026-07-23T19:40:00+03:00,PROPOSED_HFIS,19,Favorable,12.444029850746269,False,0.0
random_2026-07-23T19:40:00+03:00,PROPOSED_HFIS,20,Favorable,12.444029850746269,False,0.0
random_2026-07-23T19:40:00+03:00,PROPOSED_HFIS,21,Favorable,12.444029850746269,False,0.0
random_2026-07-23T19:40:00+03:00,PROPOSED_HFIS,22,Favorable,12.444029850746269,False,0.0
random_2026-07-23T19:40:00+03:00,PROPOSED_HFIS,23,Favorable,12.444029850746269,False,0.0
random_2026-07-23T19:40:00+03:00,PROPOSED_HFIS,24,Favorable,12.444029850746269,False,0.0
random_2026-07-23T19:40:00+03:00,PROPOSED_HFIS,25,Favorable,12.444029850746269,False,0.0
random_2026-07-23T19:40:00+03:00,PROPOSED_HFIS,26,Favorable,12.444029850746269,False,0.0
random_2026-07-23T19:40:00+03:00,PROPOSED_HFIS,27,Favorable,12.444029850746269,False,0.0
random_2026-07-23T19:40:00+03:00,PROPOSED_HFIS,28,Favorable,12.444029850746269,False,0.0
random_2026-07-23T19:40:00+03:00,PROPOSED_HFIS,29,Favorable,12.444029850746269,False,0.0
random_2026-07-23T19:40:00+03:00,WEIGHTED_MEAN,0,Favorable,12.444029850746269,False,0.0
random_2026-07-23T19:40:00+03:00,WEIGHTED_MEAN,1,Favorable,12.444029850746269,False,0.0
random_2026-07-23T19:40:00+03:00,WEIGHTED_MEAN,2,Favorable,12.444029850746269,False,0.0
random_2026-07-23T19:40:00+03:00,WEIGHTED_MEAN,3,Favorable,12.444029850746269,False,0.0
random_2026-07-23T19:40:00+03:00,WEIGHTED_MEAN,4,Favorable,12.444029850746269,False,0.0
random_2026-07-23T19:40:00+03:00,WEIGHTED_MEAN,5,Favorable,12.444029850746269,False,0.0
random_2026-07-23T19:40:00+03:00,WEIGHTED_MEAN,6,Favorable,12.444029850746269,False,0.0
random_2026-07-23T19:40:00+03:00,WEIGHTED_MEAN,7,Favorable,12.444029850746269,False,0.0
random_2026-07-23T19:40:00+03:00,WEIGHTED_MEAN,8,Favorable,12.444029850746269,False,0.0
random_2026-07-23T19:40:00+03:00,WEIGHTED_MEAN,9,Favorable,12.444029850746269,False,0.0
random_2026-07-23T19:40:00+03:00,WEIGHTED_MEAN,10,Favorable,12.444029850746269,False,0.0
random_2026-07-23T19:40:00+03:00,WEIGHTED_MEAN,11,Favorable,12.444029850746269,False,0.0
random_2026-07-23T19:40:00+03:00,WEIGHTED_MEAN,12,Favorable,12.444029850746269,False,0.0
random_2026-07-23T19:40:00+03:00,WEIGHTED_MEAN,13,Favorable,12.444029850746269,False,0.0
random_2026-07-23T19:40:00+03:00,WEIGHTED_MEAN,14,Favorable,12.444029850746269,False,0.0
random_2026-07-23T19:40:00+03:00,WEIGHTED_MEAN,15,Favorable,12.444029850746269,False,0.0
random_2026-07-23T19:40:00+03:00,WEIGHTED_MEAN,16,Favorable,12.444029850746269,False,0.0
random_2026-07-23T19:40:00+03:00,WEIGHTED_MEAN,17,Favorable,12.444029850746269,False,0.0
random_2026-07-23T19:40:00+03:00,WEIGHTED_MEAN,18,Favorable,12.444029850746269,False,0.0
random_2026-07-23T19:40:00+03:00,WEIGHTED_MEAN,19,Favorable,12.444029850746269,False,0.0
random_2026-07-23T19:40:00+03:00,WEIGHTED_MEAN,20,Favorable,12.444029850746269,False,0.0
random_2026-07-23T19:40:00+03:00,WEIGHTED_MEAN,21,Favorable,12.444029850746269,False,0.0
random_2026-07-23T19:40:00+03:00,WEIGHTED_MEAN,22,Favorable,12.444029850746269,False,0.0
random_2026-07-23T19:40:00+03:00,WEIGHTED_MEAN,23,Favorable,12.444029850746269,False,0.0
random_2026-07-23T19:40:00+03:00,WEIGHTED_MEAN,24,Favorable,12.444029850746269,False,0.0
random_2026-07-23T19:40:00+03:00,WEIGHTED_MEAN,25,Favorable,12.444029850746269,False,0.0
random_2026-07-23T19:40:00+03:00,WEIGHTED_MEAN,26,Favorable,12.444029850746269,False,0.0
random_2026-07-23T19:40:00+03:00,WEIGHTED_MEAN,27,Favorable,12.444029850746269,False,0.0
random_2026-07-23T19:40:00+03:00,WEIGHTED_MEAN,28,Favorable,12.444029850746269,False,0.0
random_2026-07-23T19:40:00+03:00,WEIGHTED_MEAN,29,Favorable,12.444029850746269,False,0.0
random_2026-07-24T01:15:00+03:00,CRISP_CLASS_MAX,0,Favorable,12.5,False,0.0
random_2026-07-24T01:15:00+03:00,CRISP_CLASS_MAX,1,Favorable,12.5,False,0.0
random_2026-07-24T01:15:00+03:00,CRISP_CLASS_MAX,2,Favorable,12.5,False,0.0
random_2026-07-24T01:15:00+03:00,CRISP_CLASS_MAX,3,Favorable,12.5,False,0.0
random_2026-07-24T01:15:00+03:00,CRISP_CLASS_MAX,4,Favorable,12.5,False,0.0
random_2026-07-24T01:15:00+03:00,CRISP_CLASS_MAX,5,Favorable,12.5,False,0.0
random_2026-07-24T01:15:00+03:00,CRISP_CLASS_MAX,6,Favorable,12.5,False,0.0
random_2026-07-24T01:15:00+03:00,CRISP_CLASS_MAX,7,Favorable,12.5,False,0.0
random_2026-07-24T01:15:00+03:00,CRISP_CLASS_MAX,8,Favorable,12.5,False,0.0
random_2026-07-24T01:15:00+03:00,CRISP_CLASS_MAX,9,Favorable,12.5,False,0.0
random_2026-07-24T01:15:00+03:00,CRISP_CLASS_MAX,10,Favorable,12.5,False,0.0
random_2026-07-24T01:15:00+03:00,CRISP_CLASS_MAX,11,Favorable,12.5,False,0.0
random_2026-07-24T01:15:00+03:00,CRISP_CLASS_MAX,12,Favorable,12.5,False,0.0
random_2026-07-24T01:15:00+03:00,CRISP_CLASS_MAX,13,Favorable,12.5,False,0.0
random_2026-07-24T01:15:00+03:00,CRISP_CLASS_MAX,14,Favorable,12.5,False,0.0
random_2026-07-24T01:15:00+03:00,CRISP_CLASS_MAX,15,Favorable,12.5,False,0.0
random_2026-07-24T01:15:00+03:00,CRISP_CLASS_MAX,16,Favorable,12.5,False,0.0
random_2026-07-24T01:15:00+03:00,CRISP_CLASS_MAX,17,Favorable,12.5,False,0.0
random_2026-07-24T01:15:00+03:00,CRISP_CLASS_MAX,18,Favorable,12.5,False,0.0
random_2026-07-24T01:15:00+03:00,CRISP_CLASS_MAX,19,Favorable,12.5,False,0.0
random_2026-07-24T01:15:00+03:00,CRISP_CLASS_MAX,20,Favorable,12.5,False,0.0
random_2026-07-24T01:15:00+03:00,CRISP_CLASS_MAX,21,Favorable,12.5,False,0.0
random_2026-07-24T01:15:00+03:00,CRISP_CLASS_MAX,22,Favorable,12.5,False,0.0
random_2026-07-24T01:15:00+03:00,CRISP_CLASS_MAX,23,Favorable,12.5,False,0.0
random_2026-07-24T01:15:00+03:00,CRISP_CLASS_MAX,24,Favorable,12.5,False,0.0
random_2026-07-24T01:15:00+03:00,CRISP_CLASS_MAX,25,Favorable,12.5,False,0.0
random_2026-07-24T01:15:00+03:00,CRISP_CLASS_MAX,26,Favorable,12.5,False,0.0
random_2026-07-24T01:15:00+03:00,CRISP_CLASS_MAX,27,Favorable,12.5,False,0.0
random_2026-07-24T01:15:00+03:00,CRISP_CLASS_MAX,28,Favorable,12.5,False,0.0
random_2026-07-24T01:15:00+03:00,CRISP_CLASS_MAX,29,Favorable,12.5,False,0.0
random_2026-07-24T01:15:00+03:00,FUZZY_COMPONENT_MAX,0,Favorable,12.444029850746269,False,0.0
random_2026-07-24T01:15:00+03:00,FUZZY_COMPONENT_MAX,1,Favorable,12.444029850746269,False,0.0
random_2026-07-24T01:15:00+03:00,FUZZY_COMPONENT_MAX,2,Favorable,12.444029850746269,False,0.0
random_2026-07-24T01:15:00+03:00,FUZZY_COMPONENT_MAX,3,Favorable,12.444029850746269,False,0.0
random_2026-07-24T01:15:00+03:00,FUZZY_COMPONENT_MAX,4,Favorable,12.444029850746269,False,0.0
random_2026-07-24T01:15:00+03:00,FUZZY_COMPONENT_MAX,5,Favorable,12.444029850746269,False,0.0
random_2026-07-24T01:15:00+03:00,FUZZY_COMPONENT_MAX,6,Favorable,12.444029850746269,False,0.0
random_2026-07-24T01:15:00+03:00,FUZZY_COMPONENT_MAX,7,Favorable,12.444029850746269,False,0.0
random_2026-07-24T01:15:00+03:00,FUZZY_COMPONENT_MAX,8,Favorable,12.444029850746269,False,0.0
random_2026-07-24T01:15:00+03:00,FUZZY_COMPONENT_MAX,9,Favorable,12.444029850746269,False,0.0
random_2026-07-24T01:15:00+03:00,FUZZY_COMPONENT_MAX,10,Favorable,12.444029850746269,False,0.0
random_2026-07-24T01:15:00+03:00,FUZZY_COMPONENT_MAX,11,Favorable,12.444029850746269,False,0.0
random_2026-07-24T01:15:00+03:00,FUZZY_COMPONENT_MAX,12,Favorable,12.444029850746269,False,0.0
random_2026-07-24T01:15:00+03:00,FUZZY_COMPONENT_MAX,13,Favorable,12.444029850746269,False,0.0
random_2026-07-24T01:15:00+03:00,FUZZY_COMPONENT_MAX,14,Favorable,12.444029850746269,False,0.0
random_2026-07-24T01:15:00+03:00,FUZZY_COMPONENT_MAX,15,Favorable,12.444029850746269,False,0.0
random_2026-07-24T01:15:00+03:00,FUZZY_COMPONENT_MAX,16,Favorable,12.444029850746269,False,0.0
random_2026-07-24T01:15:00+03:00,FUZZY_COMPONENT_MAX,17,Favorable,12.444029850746269,False,0.0
random_2026-07-24T01:15:00+03:00,FUZZY_COMPONENT_MAX,18,Favorable,12.444029850746269,False,0.0
random_2026-07-24T01:15:00+03:00,FUZZY_COMPONENT_MAX,19,Favorable,12.444029850746269,False,0.0
random_2026-07-24T01:15:00+03:00,FUZZY_COMPONENT_MAX,20,Favorable,12.444029850746269,False,0.0
random_2026-07-24T01:15:00+03:00,FUZZY_COMPONENT_MAX,21,Favorable,12.444029850746269,False,0.0
random_2026-07-24T01:15:00+03:00,FUZZY_COMPONENT_MAX,22,Favorable,12.444029850746269,False,0.0
random_2026-07-24T01:15:00+03:00,FUZZY_COMPONENT_MAX,23,Favorable,12.444029850746269,False,0.0
random_2026-07-24T01:15:00+03:00,FUZZY_COMPONENT_MAX,24,Favorable,12.444029850746269,False,0.0
random_2026-07-24T01:15:00+03:00,FUZZY_COMPONENT_MAX,25,Favorable,12.444029850746269,False,0.0
random_2026-07-24T01:15:00+03:00,FUZZY_COMPONENT_MAX,26,Favorable,12.444029850746269,False,0.0
random_2026-07-24T01:15:00+03:00,FUZZY_COMPONENT_MAX,27,Favorable,12.444029850746269,False,0.0
random_2026-07-24T01:15:00+03:00,FUZZY_COMPONENT_MAX,28,Favorable,12.444029850746269,False,0.0
random_2026-07-24T01:15:00+03:00,FUZZY_COMPONENT_MAX,29,Favorable,12.444029850746269,False,0.0
random_2026-07-24T01:15:00+03:00,PROPOSED_HFIS,0,Favorable,12.444029850746269,False,0.0
random_2026-07-24T01:15:00+03:00,PROPOSED_HFIS,1,Favorable,12.444029850746269,False,0.0
random_2026-07-24T01:15:00+03:00,PROPOSED_HFIS,2,Favorable,12.444029850746269,False,0.0
random_2026-07-24T01:15:00+03:00,PROPOSED_HFIS,3,Favorable,12.444029850746269,False,0.0
random_2026-07-24T01:15:00+03:00,PROPOSED_HFIS,4,Favorable,12.444029850746269,False,0.0
random_2026-07-24T01:15:00+03:00,PROPOSED_HFIS,5,Favorable,12.444029850746269,False,0.0
random_2026-07-24T01:15:00+03:00,PROPOSED_HFIS,6,Favorable,12.444029850746269,False,0.0
random_2026-07-24T01:15:00+03:00,PROPOSED_HFIS,7,Favorable,12.444029850746269,False,0.0
random_2026-07-24T01:15:00+03:00,PROPOSED_HFIS,8,Favorable,12.444029850746269,False,0.0
random_2026-07-24T01:15:00+03:00,PROPOSED_HFIS,9,Favorable,12.444029850746269,False,0.0
random_2026-07-24T01:15:00+03:00,PROPOSED_HFIS,10,Favorable,12.444029850746269,False,0.0
random_2026-07-24T01:15:00+03:00,PROPOSED_HFIS,11,Favorable,12.444029850746269,False,0.0
random_2026-07-24T01:15:00+03:00,PROPOSED_HFIS,12,Favorable,12.444029850746269,False,0.0
random_2026-07-24T01:15:00+03:00,PROPOSED_HFIS,13,Favorable,12.444029850746269,False,0.0
random_2026-07-24T01:15:00+03:00,PROPOSED_HFIS,14,Favorable,12.444029850746269,False,0.0
random_2026-07-24T01:15:00+03:00,PROPOSED_HFIS,15,Favorable,12.444029850746269,False,0.0
random_2026-07-24T01:15:00+03:00,PROPOSED_HFIS,16,Favorable,12.444029850746269,False,0.0
random_2026-07-24T01:15:00+03:00,PROPOSED_HFIS,17,Favorable,12.444029850746269,False,0.0
random_2026-07-24T01:15:00+03:00,PROPOSED_HFIS,18,Favorable,12.444029850746269,False,0.0
random_2026-07-24T01:15:00+03:00,PROPOSED_HFIS,19,Favorable,12.444029850746269,False,0.0
random_2026-07-24T01:15:00+03:00,PROPOSED_HFIS,20,Favorable,12.444029850746269,False,0.0
random_2026-07-24T01:15:00+03:00,PROPOSED_HFIS,21,Favorable,12.444029850746269,False,0.0
random_2026-07-24T01:15:00+03:00,PROPOSED_HFIS,22,Favorable,12.444029850746269,False,0.0
random_2026-07-24T01:15:00+03:00,PROPOSED_HFIS,23,Favorable,12.444029850746269,False,0.0
random_2026-07-24T01:15:00+03:00,PROPOSED_HFIS,24,Favorable,12.444029850746269,False,0.0
random_2026-07-24T01:15:00+03:00,PROPOSED_HFIS,25,Favorable,12.444029850746269,False,0.0
random_2026-07-24T01:15:00+03:00,PROPOSED_HFIS,26,Favorable,12.444029850746269,False,0.0
random_2026-07-24T01:15:00+03:00,PROPOSED_HFIS,27,Favorable,12.444029850746269,False,0.0
random_2026-07-24T01:15:00+03:00,PROPOSED_HFIS,28,Favorable,12.444029850746269,False,0.0
random_2026-07-24T01:15:00+03:00,PROPOSED_HFIS,29,Favorable,12.444029850746269,False,0.0
random_2026-07-24T01:15:00+03:00,WEIGHTED_MEAN,0,Favorable,12.444029850746269,False,0.0
random_2026-07-24T01:15:00+03:00,WEIGHTED_MEAN,1,Favorable,12.444029850746269,False,0.0
random_2026-07-24T01:15:00+03:00,WEIGHTED_MEAN,2,Favorable,12.444029850746269,False,0.0
random_2026-07-24T01:15:00+03:00,WEIGHTED_MEAN,3,Favorable,12.444029850746269,False,0.0
random_2026-07-24T01:15:00+03:00,WEIGHTED_MEAN,4,Favorable,12.444029850746269,False,0.0
random_2026-07-24T01:15:00+03:00,WEIGHTED_MEAN,5,Favorable,12.444029850746269,False,0.0
random_2026-07-24T01:15:00+03:00,WEIGHTED_MEAN,6,Favorable,12.444029850746269,False,0.0
random_2026-07-24T01:15:00+03:00,WEIGHTED_MEAN,7,Favorable,12.444029850746269,False,0.0
random_2026-07-24T01:15:00+03:00,WEIGHTED_MEAN,8,Favorable,12.444029850746269,False,0.0
random_2026-07-24T01:15:00+03:00,WEIGHTED_MEAN,9,Favorable,12.444029850746269,False,0.0
random_2026-07-24T01:15:00+03:00,WEIGHTED_MEAN,10,Favorable,12.444029850746269,False,0.0
random_2026-07-24T01:15:00+03:00,WEIGHTED_MEAN,11,Favorable,12.444029850746269,False,0.0
random_2026-07-24T01:15:00+03:00,WEIGHTED_MEAN,12,Favorable,12.444029850746269,False,0.0
random_2026-07-24T01:15:00+03:00,WEIGHTED_MEAN,13,Favorable,12.444029850746269,False,0.0
random_2026-07-24T01:15:00+03:00,WEIGHTED_MEAN,14,Favorable,12.444029850746269,False,0.0
random_2026-07-24T01:15:00+03:00,WEIGHTED_MEAN,15,Favorable,12.444029850746269,False,0.0
random_2026-07-24T01:15:00+03:00,WEIGHTED_MEAN,16,Favorable,12.444029850746269,False,0.0
random_2026-07-24T01:15:00+03:00,WEIGHTED_MEAN,17,Favorable,12.444029850746269,False,0.0
random_2026-07-24T01:15:00+03:00,WEIGHTED_MEAN,18,Favorable,12.444029850746269,False,0.0
random_2026-07-24T01:15:00+03:00,WEIGHTED_MEAN,19,Favorable,12.444029850746269,False,0.0
random_2026-07-24T01:15:00+03:00,WEIGHTED_MEAN,20,Favorable,12.444029850746269,False,0.0
random_2026-07-24T01:15:00+03:00,WEIGHTED_MEAN,21,Favorable,12.444029850746269,False,0.0
random_2026-07-24T01:15:00+03:00,WEIGHTED_MEAN,22,Favorable,12.444029850746269,False,0.0
random_2026-07-24T01:15:00+03:00,WEIGHTED_MEAN,23,Favorable,12.444029850746269,False,0.0
random_2026-07-24T01:15:00+03:00,WEIGHTED_MEAN,24,Favorable,12.444029850746269,False,0.0
random_2026-07-24T01:15:00+03:00,WEIGHTED_MEAN,25,Favorable,12.444029850746269,False,0.0
random_2026-07-24T01:15:00+03:00,WEIGHTED_MEAN,26,Favorable,12.444029850746269,False,0.0
random_2026-07-24T01:15:00+03:00,WEIGHTED_MEAN,27,Favorable,12.444029850746269,False,0.0
random_2026-07-24T01:15:00+03:00,WEIGHTED_MEAN,28,Favorable,12.444029850746269,False,0.0
random_2026-07-24T01:15:00+03:00,WEIGHTED_MEAN,29,Favorable,12.444029850746269,False,0.0
random_2026-07-26T04:10:00+03:00,CRISP_CLASS_MAX,0,Favorable,12.5,False,0.0
random_2026-07-26T04:10:00+03:00,CRISP_CLASS_MAX,1,Favorable,12.5,False,0.0
random_2026-07-26T04:10:00+03:00,CRISP_CLASS_MAX,2,Favorable,12.5,False,0.0
random_2026-07-26T04:10:00+03:00,CRISP_CLASS_MAX,3,Favorable,12.5,False,0.0
random_2026-07-26T04:10:00+03:00,CRISP_CLASS_MAX,4,Favorable,12.5,False,0.0
random_2026-07-26T04:10:00+03:00,CRISP_CLASS_MAX,5,Favorable,12.5,False,0.0
random_2026-07-26T04:10:00+03:00,CRISP_CLASS_MAX,6,Favorable,12.5,False,0.0
random_2026-07-26T04:10:00+03:00,CRISP_CLASS_MAX,7,Favorable,12.5,False,0.0
random_2026-07-26T04:10:00+03:00,CRISP_CLASS_MAX,8,Favorable,12.5,False,0.0
random_2026-07-26T04:10:00+03:00,CRISP_CLASS_MAX,9,Favorable,12.5,False,0.0
random_2026-07-26T04:10:00+03:00,CRISP_CLASS_MAX,10,Favorable,12.5,False,0.0
random_2026-07-26T04:10:00+03:00,CRISP_CLASS_MAX,11,Favorable,12.5,False,0.0
random_2026-07-26T04:10:00+03:00,CRISP_CLASS_MAX,12,Favorable,12.5,False,0.0
random_2026-07-26T04:10:00+03:00,CRISP_CLASS_MAX,13,Favorable,12.5,False,0.0
random_2026-07-26T04:10:00+03:00,CRISP_CLASS_MAX,14,Acceptable,37.5,True,25.0
random_2026-07-26T04:10:00+03:00,CRISP_CLASS_MAX,15,Favorable,12.5,False,0.0
random_2026-07-26T04:10:00+03:00,CRISP_CLASS_MAX,16,Favorable,12.5,False,0.0
random_2026-07-26T04:10:00+03:00,CRISP_CLASS_MAX,17,Favorable,12.5,False,0.0
random_2026-07-26T04:10:00+03:00,CRISP_CLASS_MAX,18,Favorable,12.5,False,0.0
random_2026-07-26T04:10:00+03:00,CRISP_CLASS_MAX,19,Favorable,12.5,False,0.0
random_2026-07-26T04:10:00+03:00,CRISP_CLASS_MAX,20,Favorable,12.5,False,0.0
random_2026-07-26T04:10:00+03:00,CRISP_CLASS_MAX,21,Favorable,12.5,False,0.0
random_2026-07-26T04:10:00+03:00,CRISP_CLASS_MAX,22,Favorable,12.5,False,0.0
random_2026-07-26T04:10:00+03:00,CRISP_CLASS_MAX,23,Favorable,12.5,False,0.0
random_2026-07-26T04:10:00+03:00,CRISP_CLASS_MAX,24,Favorable,12.5,False,0.0
random_2026-07-26T04:10:00+03:00,CRISP_CLASS_MAX,25,Favorable,12.5,False,0.0
random_2026-07-26T04:10:00+03:00,CRISP_CLASS_MAX,26,Favorable,12.5,False,0.0
random_2026-07-26T04:10:00+03:00,CRISP_CLASS_MAX,27,Favorable,12.5,False,0.0
random_2026-07-26T04:10:00+03:00,CRISP_CLASS_MAX,28,Favorable,12.5,False,0.0
random_2026-07-26T04:10:00+03:00,CRISP_CLASS_MAX,29,Favorable,12.5,False,0.0
random_2026-07-26T04:10:00+03:00,FUZZY_COMPONENT_MAX,0,Favorable,12.444029850746269,False,0.0
random_2026-07-26T04:10:00+03:00,FUZZY_COMPONENT_MAX,1,Favorable,12.444029850746269,False,0.0
random_2026-07-26T04:10:00+03:00,FUZZY_COMPONENT_MAX,2,Favorable,12.444029850746269,False,0.0
random_2026-07-26T04:10:00+03:00,FUZZY_COMPONENT_MAX,3,Favorable,17.21256114785862,False,4.76853129711235
random_2026-07-26T04:10:00+03:00,FUZZY_COMPONENT_MAX,4,Favorable,12.444029850746269,False,0.0
random_2026-07-26T04:10:00+03:00,FUZZY_COMPONENT_MAX,5,Favorable,12.444029850746269,False,0.0
random_2026-07-26T04:10:00+03:00,FUZZY_COMPONENT_MAX,6,Favorable,15.61486491293412,False,3.1708350621878516
random_2026-07-26T04:10:00+03:00,FUZZY_COMPONENT_MAX,7,Favorable,12.444029850746269,False,0.0
random_2026-07-26T04:10:00+03:00,FUZZY_COMPONENT_MAX,8,Favorable,12.444029850746269,False,0.0
random_2026-07-26T04:10:00+03:00,FUZZY_COMPONENT_MAX,9,Favorable,21.737803802170877,False,9.293773951424608
random_2026-07-26T04:10:00+03:00,FUZZY_COMPONENT_MAX,10,Favorable,12.444029850746269,False,0.0
random_2026-07-26T04:10:00+03:00,FUZZY_COMPONENT_MAX,11,Favorable,12.444029850746269,False,0.0
random_2026-07-26T04:10:00+03:00,FUZZY_COMPONENT_MAX,12,Favorable,12.444029850746269,False,0.0
random_2026-07-26T04:10:00+03:00,FUZZY_COMPONENT_MAX,13,Favorable,12.444029850746269,False,0.0
random_2026-07-26T04:10:00+03:00,FUZZY_COMPONENT_MAX,14,Acceptable,27.107729566804682,True,14.663699716058414
random_2026-07-26T04:10:00+03:00,FUZZY_COMPONENT_MAX,15,Favorable,12.444029850746269,False,0.0
random_2026-07-26T04:10:00+03:00,FUZZY_COMPONENT_MAX,16,Favorable,12.444029850746269,False,0.0
random_2026-07-26T04:10:00+03:00,FUZZY_COMPONENT_MAX,17,Favorable,12.444029850746269,False,0.0
random_2026-07-26T04:10:00+03:00,FUZZY_COMPONENT_MAX,18,Favorable,12.444029850746269,False,0.0
random_2026-07-26T04:10:00+03:00,FUZZY_COMPONENT_MAX,19,Favorable,12.444029850746269,False,0.0
random_2026-07-26T04:10:00+03:00,FUZZY_COMPONENT_MAX,20,Favorable,12.444029850746269,False,0.0
random_2026-07-26T04:10:00+03:00,FUZZY_COMPONENT_MAX,21,Favorable,12.444029850746269,False,0.0
random_2026-07-26T04:10:00+03:00,FUZZY_COMPONENT_MAX,22,Favorable,12.444029850746269,False,0.0
random_2026-07-26T04:10:00+03:00,FUZZY_COMPONENT_MAX,23,Favorable,12.905061629238217,False,0.46103177849194843
random_2026-07-26T04:10:00+03:00,FUZZY_COMPONENT_MAX,24,Favorable,23.093197225687426,False,10.649167374941158
random_2026-07-26T04:10:00+03:00,FUZZY_COMPONENT_MAX,25,Favorable,12.444029850746269,False,0.0
random_2026-07-26T04:10:00+03:00,FUZZY_COMPONENT_MAX,26,Favorable,15.05660571995534,False,2.6125758692090706
random_2026-07-26T04:10:00+03:00,FUZZY_COMPONENT_MAX,27,Favorable,12.444029850746269,False,0.0
random_2026-07-26T04:10:00+03:00,FUZZY_COMPONENT_MAX,28,Favorable,12.444029850746269,False,0.0
random_2026-07-26T04:10:00+03:00,FUZZY_COMPONENT_MAX,29,Favorable,12.444029850746269,False,0.0
random_2026-07-26T04:10:00+03:00,PROPOSED_HFIS,0,Favorable,12.444029850746269,False,0.0
random_2026-07-26T04:10:00+03:00,PROPOSED_HFIS,1,Favorable,12.444029850746269,False,0.0
random_2026-07-26T04:10:00+03:00,PROPOSED_HFIS,2,Favorable,12.444029850746269,False,0.0
random_2026-07-26T04:10:00+03:00,PROPOSED_HFIS,3,Favorable,17.21256114785862,False,4.76853129711235
random_2026-07-26T04:10:00+03:00,PROPOSED_HFIS,4,Favorable,12.444029850746269,False,0.0
random_2026-07-26T04:10:00+03:00,PROPOSED_HFIS,5,Favorable,12.444029850746269,False,0.0
random_2026-07-26T04:10:00+03:00,PROPOSED_HFIS,6,Favorable,15.61486491293412,False,3.1708350621878516
random_2026-07-26T04:10:00+03:00,PROPOSED_HFIS,7,Favorable,12.444029850746269,False,0.0
random_2026-07-26T04:10:00+03:00,PROPOSED_HFIS,8,Favorable,12.444029850746269,False,0.0
random_2026-07-26T04:10:00+03:00,PROPOSED_HFIS,9,Favorable,21.737803802170877,False,9.293773951424608
random_2026-07-26T04:10:00+03:00,PROPOSED_HFIS,10,Favorable,12.444029850746269,False,0.0
random_2026-07-26T04:10:00+03:00,PROPOSED_HFIS,11,Favorable,12.444029850746269,False,0.0
random_2026-07-26T04:10:00+03:00,PROPOSED_HFIS,12,Favorable,12.444029850746269,False,0.0
random_2026-07-26T04:10:00+03:00,PROPOSED_HFIS,13,Favorable,12.444029850746269,False,0.0
random_2026-07-26T04:10:00+03:00,PROPOSED_HFIS,14,Acceptable,27.107729566804682,True,14.663699716058414
random_2026-07-26T04:10:00+03:00,PROPOSED_HFIS,15,Favorable,12.444029850746269,False,0.0
random_2026-07-26T04:10:00+03:00,PROPOSED_HFIS,16,Favorable,12.444029850746269,False,0.0
random_2026-07-26T04:10:00+03:00,PROPOSED_HFIS,17,Favorable,12.444029850746269,False,0.0
random_2026-07-26T04:10:00+03:00,PROPOSED_HFIS,18,Favorable,12.444029850746269,False,0.0
random_2026-07-26T04:10:00+03:00,PROPOSED_HFIS,19,Favorable,12.444029850746269,False,0.0
random_2026-07-26T04:10:00+03:00,PROPOSED_HFIS,20,Favorable,12.444029850746269,False,0.0
random_2026-07-26T04:10:00+03:00,PROPOSED_HFIS,21,Favorable,12.444029850746269,False,0.0
random_2026-07-26T04:10:00+03:00,PROPOSED_HFIS,22,Favorable,12.444029850746269,False,0.0
random_2026-07-26T04:10:00+03:00,PROPOSED_HFIS,23,Favorable,12.905061629238217,False,0.46103177849194843
random_2026-07-26T04:10:00+03:00,PROPOSED_HFIS,24,Favorable,23.093197225687426,False,10.649167374941158
random_2026-07-26T04:10:00+03:00,PROPOSED_HFIS,25,Favorable,12.444029850746269,False,0.0
random_2026-07-26T04:10:00+03:00,PROPOSED_HFIS,26,Favorable,15.05660571995534,False,2.6125758692090706
random_2026-07-26T04:10:00+03:00,PROPOSED_HFIS,27,Favorable,12.444029850746269,False,0.0
random_2026-07-26T04:10:00+03:00,PROPOSED_HFIS,28,Favorable,12.444029850746269,False,0.0
random_2026-07-26T04:10:00+03:00,PROPOSED_HFIS,29,Favorable,12.444029850746269,False,0.0
random_2026-07-26T04:10:00+03:00,WEIGHTED_MEAN,0,Favorable,12.444029850746269,False,0.0
random_2026-07-26T04:10:00+03:00,WEIGHTED_MEAN,1,Favorable,12.444029850746269,False,0.0
random_2026-07-26T04:10:00+03:00,WEIGHTED_MEAN,2,Favorable,12.444029850746269,False,0.0
random_2026-07-26T04:10:00+03:00,WEIGHTED_MEAN,3,Favorable,14.828295499302444,False,2.384265648556175
random_2026-07-26T04:10:00+03:00,WEIGHTED_MEAN,4,Favorable,12.444029850746269,False,0.0
random_2026-07-26T04:10:00+03:00,WEIGHTED_MEAN,5,Favorable,12.444029850746269,False,0.0
random_2026-07-26T04:10:00+03:00,WEIGHTED_MEAN,6,Favorable,14.029447381840194,False,1.5854175310939258
random_2026-07-26T04:10:00+03:00,WEIGHTED_MEAN,7,Favorable,12.444029850746269,False,0.0
random_2026-07-26T04:10:00+03:00,WEIGHTED_MEAN,8,Favorable,12.444029850746269,False,0.0
random_2026-07-26T04:10:00+03:00,WEIGHTED_MEAN,9,Favorable,17.090916826458574,False,4.646886975712306
random_2026-07-26T04:10:00+03:00,WEIGHTED_MEAN,10,Favorable,12.444029850746269,False,0.0
random_2026-07-26T04:10:00+03:00,WEIGHTED_MEAN,11,Favorable,12.444029850746269,False,0.0
random_2026-07-26T04:10:00+03:00,WEIGHTED_MEAN,12,Favorable,12.444029850746269,False,0.0
random_2026-07-26T04:10:00+03:00,WEIGHTED_MEAN,13,Favorable,12.444029850746269,False,0.0
random_2026-07-26T04:10:00+03:00,WEIGHTED_MEAN,14,Favorable,19.775879708775477,False,7.331849858029209
random_2026-07-26T04:10:00+03:00,WEIGHTED_MEAN,15,Favorable,12.444029850746269,False,0.0
random_2026-07-26T04:10:00+03:00,WEIGHTED_MEAN,16,Favorable,12.444029850746269,False,0.0
random_2026-07-26T04:10:00+03:00,WEIGHTED_MEAN,17,Favorable,12.444029850746269,False,0.0
random_2026-07-26T04:10:00+03:00,WEIGHTED_MEAN,18,Favorable,12.444029850746269,False,0.0
random_2026-07-26T04:10:00+03:00,WEIGHTED_MEAN,19,Favorable,12.444029850746269,False,0.0
random_2026-07-26T04:10:00+03:00,WEIGHTED_MEAN,20,Favorable,12.444029850746269,False,0.0
random_2026-07-26T04:10:00+03:00,WEIGHTED_MEAN,21,Favorable,12.444029850746269,False,0.0
random_2026-07-26T04:10:00+03:00,WEIGHTED_MEAN,22,Favorable,12.444029850746269,False,0.0
random_2026-07-26T04:10:00+03:00,WEIGHTED_MEAN,23,Favorable,12.674545739992244,False,0.2305158892459751
random_2026-07-26T04:10:00+03:00,WEIGHTED_MEAN,24,Favorable,17.768613538216847,False,5.324583687470579
random_2026-07-26T04:10:00+03:00,WEIGHTED_MEAN,25,Favorable,12.444029850746269,False,0.0
random_2026-07-26T04:10:00+03:00,WEIGHTED_MEAN,26,Favorable,13.750317785350804,False,1.3062879346045353
random_2026-07-26T04:10:00+03:00,WEIGHTED_MEAN,27,Favorable,12.444029850746269,False,0.0
random_2026-07-26T04:10:00+03:00,WEIGHTED_MEAN,28,Favorable,12.444029850746269,False,0.0
random_2026-07-26T04:10:00+03:00,WEIGHTED_MEAN,29,Favorable,12.444029850746269,False,0.0
random_2026-07-29T02:00:00+03:00,CRISP_CLASS_MAX,0,Favorable,12.5,False,0.0
random_2026-07-29T02:00:00+03:00,CRISP_CLASS_MAX,1,Acceptable,37.5,True,25.0
random_2026-07-29T02:00:00+03:00,CRISP_CLASS_MAX,2,Favorable,12.5,False,0.0
random_2026-07-29T02:00:00+03:00,CRISP_CLASS_MAX,3,Favorable,12.5,False,0.0
random_2026-07-29T02:00:00+03:00,CRISP_CLASS_MAX,4,Favorable,12.5,False,0.0
random_2026-07-29T02:00:00+03:00,CRISP_CLASS_MAX,5,Favorable,12.5,False,0.0
random_2026-07-29T02:00:00+03:00,CRISP_CLASS_MAX,6,Acceptable,37.5,True,25.0
random_2026-07-29T02:00:00+03:00,CRISP_CLASS_MAX,7,Acceptable,37.5,True,25.0
random_2026-07-29T02:00:00+03:00,CRISP_CLASS_MAX,8,Favorable,12.5,False,0.0
random_2026-07-29T02:00:00+03:00,CRISP_CLASS_MAX,9,Favorable,12.5,False,0.0
random_2026-07-29T02:00:00+03:00,CRISP_CLASS_MAX,10,Favorable,12.5,False,0.0
random_2026-07-29T02:00:00+03:00,CRISP_CLASS_MAX,11,Favorable,12.5,False,0.0
random_2026-07-29T02:00:00+03:00,CRISP_CLASS_MAX,12,Favorable,12.5,False,0.0
random_2026-07-29T02:00:00+03:00,CRISP_CLASS_MAX,13,Favorable,12.5,False,0.0
random_2026-07-29T02:00:00+03:00,CRISP_CLASS_MAX,14,Favorable,12.5,False,0.0
random_2026-07-29T02:00:00+03:00,CRISP_CLASS_MAX,15,Favorable,12.5,False,0.0
random_2026-07-29T02:00:00+03:00,CRISP_CLASS_MAX,16,Favorable,12.5,False,0.0
random_2026-07-29T02:00:00+03:00,CRISP_CLASS_MAX,17,Favorable,12.5,False,0.0
random_2026-07-29T02:00:00+03:00,CRISP_CLASS_MAX,18,Acceptable,37.5,True,25.0
random_2026-07-29T02:00:00+03:00,CRISP_CLASS_MAX,19,Acceptable,37.5,True,25.0
random_2026-07-29T02:00:00+03:00,CRISP_CLASS_MAX,20,Favorable,12.5,False,0.0
random_2026-07-29T02:00:00+03:00,CRISP_CLASS_MAX,21,Acceptable,37.5,True,25.0
random_2026-07-29T02:00:00+03:00,CRISP_CLASS_MAX,22,Favorable,12.5,False,0.0
random_2026-07-29T02:00:00+03:00,CRISP_CLASS_MAX,23,Acceptable,37.5,True,25.0
random_2026-07-29T02:00:00+03:00,CRISP_CLASS_MAX,24,Favorable,12.5,False,0.0
random_2026-07-29T02:00:00+03:00,CRISP_CLASS_MAX,25,Favorable,12.5,False,0.0
random_2026-07-29T02:00:00+03:00,CRISP_CLASS_MAX,26,Favorable,12.5,False,0.0
random_2026-07-29T02:00:00+03:00,CRISP_CLASS_MAX,27,Favorable,12.5,False,0.0
random_2026-07-29T02:00:00+03:00,CRISP_CLASS_MAX,28,Favorable,12.5,False,0.0
random_2026-07-29T02:00:00+03:00,CRISP_CLASS_MAX,29,Favorable,12.5,False,0.0
random_2026-07-29T02:00:00+03:00,FUZZY_COMPONENT_MAX,0,Favorable,12.73044105733087,False,0.2864112065846012
random_2026-07-29T02:00:00+03:00,FUZZY_COMPONENT_MAX,1,Acceptable,29.427976929486363,True,16.983947078740094
random_2026-07-29T02:00:00+03:00,FUZZY_COMPONENT_MAX,2,Favorable,12.444029850746269,False,0.0
random_2026-07-29T02:00:00+03:00,FUZZY_COMPONENT_MAX,3,Favorable,16.220136673165214,False,3.776106822418946
random_2026-07-29T02:00:00+03:00,FUZZY_COMPONENT_MAX,4,Favorable,15.04739592381541,False,2.6033660730691413
random_2026-07-29T02:00:00+03:00,FUZZY_COMPONENT_MAX,5,Favorable,15.569018434229747,False,3.1249885834834785
random_2026-07-29T02:00:00+03:00,FUZZY_COMPONENT_MAX,6,Acceptable,31.687774280122383,True,19.243744429376115
random_2026-07-29T02:00:00+03:00,FUZZY_COMPONENT_MAX,7,Acceptable,31.583297241479027,True,19.13926739073276
random_2026-07-29T02:00:00+03:00,FUZZY_COMPONENT_MAX,8,Favorable,14.200082533462087,False,1.7560526827158185
random_2026-07-29T02:00:00+03:00,FUZZY_COMPONENT_MAX,9,Favorable,23.887372299688888,False,11.44334244894262
random_2026-07-29T02:00:00+03:00,FUZZY_COMPONENT_MAX,10,Favorable,12.444029850746269,False,0.0
random_2026-07-29T02:00:00+03:00,FUZZY_COMPONENT_MAX,11,Favorable,12.444029850746269,False,0.0
random_2026-07-29T02:00:00+03:00,FUZZY_COMPONENT_MAX,12,Favorable,12.444029850746269,False,0.0
random_2026-07-29T02:00:00+03:00,FUZZY_COMPONENT_MAX,13,Favorable,23.417887293069455,False,10.973857442323187
random_2026-07-29T02:00:00+03:00,FUZZY_COMPONENT_MAX,14,Favorable,12.444029850746269,False,0.0
random_2026-07-29T02:00:00+03:00,FUZZY_COMPONENT_MAX,15,Favorable,12.444029850746269,False,0.0
random_2026-07-29T02:00:00+03:00,FUZZY_COMPONENT_MAX,16,Favorable,14.242946469777609,False,1.7989166190313401
random_2026-07-29T02:00:00+03:00,FUZZY_COMPONENT_MAX,17,Favorable,13.78784536128642,False,1.3438155105401517
random_2026-07-29T02:00:00+03:00,FUZZY_COMPONENT_MAX,18,Acceptable,26.708997712580146,True,14.264967861833878
random_2026-07-29T02:00:00+03:00,FUZZY_COMPONENT_MAX,19,Acceptable,32.382412293346675,True,19.938382442600407
random_2026-07-29T02:00:00+03:00,FUZZY_COMPONENT_MAX,20,Favorable,12.444029850746269,False,0.0
random_2026-07-29T02:00:00+03:00,FUZZY_COMPONENT_MAX,21,Acceptable,33.31456639129882,True,20.87053654055255
random_2026-07-29T02:00:00+03:00,FUZZY_COMPONENT_MAX,22,Favorable,12.444029850746269,False,0.0
random_2026-07-29T02:00:00+03:00,FUZZY_COMPONENT_MAX,23,Acceptable,27.52896875550747,True,15.084938904761202
random_2026-07-29T02:00:00+03:00,FUZZY_COMPONENT_MAX,24,Favorable,12.444029850746269,False,0.0
random_2026-07-29T02:00:00+03:00,FUZZY_COMPONENT_MAX,25,Favorable,12.444029850746269,False,0.0
random_2026-07-29T02:00:00+03:00,FUZZY_COMPONENT_MAX,26,Favorable,13.985055352543046,False,1.5410255017967778
random_2026-07-29T02:00:00+03:00,FUZZY_COMPONENT_MAX,27,Favorable,12.444029850746269,False,0.0
random_2026-07-29T02:00:00+03:00,FUZZY_COMPONENT_MAX,28,Favorable,17.369102573400795,False,4.925072722654527
random_2026-07-29T02:00:00+03:00,FUZZY_COMPONENT_MAX,29,Favorable,22.89796677697659,False,10.453936926230323
random_2026-07-29T02:00:00+03:00,PROPOSED_HFIS,0,Favorable,12.73044105733087,False,0.2864112065846012
random_2026-07-29T02:00:00+03:00,PROPOSED_HFIS,1,Acceptable,29.427976929486363,True,16.983947078740094
random_2026-07-29T02:00:00+03:00,PROPOSED_HFIS,2,Favorable,12.444029850746269,False,0.0
random_2026-07-29T02:00:00+03:00,PROPOSED_HFIS,3,Favorable,16.220136673165214,False,3.776106822418946
random_2026-07-29T02:00:00+03:00,PROPOSED_HFIS,4,Favorable,15.04739592381541,False,2.6033660730691413
random_2026-07-29T02:00:00+03:00,PROPOSED_HFIS,5,Favorable,15.569018434229747,False,3.1249885834834785
random_2026-07-29T02:00:00+03:00,PROPOSED_HFIS,6,Acceptable,31.687774280122383,True,19.243744429376115
random_2026-07-29T02:00:00+03:00,PROPOSED_HFIS,7,Acceptable,31.583297241479027,True,19.13926739073276
random_2026-07-29T02:00:00+03:00,PROPOSED_HFIS,8,Favorable,14.200082533462087,False,1.7560526827158185
random_2026-07-29T02:00:00+03:00,PROPOSED_HFIS,9,Favorable,23.887372299688888,False,11.44334244894262
random_2026-07-29T02:00:00+03:00,PROPOSED_HFIS,10,Favorable,12.444029850746269,False,0.0
random_2026-07-29T02:00:00+03:00,PROPOSED_HFIS,11,Favorable,12.444029850746269,False,0.0
random_2026-07-29T02:00:00+03:00,PROPOSED_HFIS,12,Favorable,12.444029850746269,False,0.0
random_2026-07-29T02:00:00+03:00,PROPOSED_HFIS,13,Favorable,23.417887293069455,False,10.973857442323187
random_2026-07-29T02:00:00+03:00,PROPOSED_HFIS,14,Favorable,12.444029850746269,False,0.0
random_2026-07-29T02:00:00+03:00,PROPOSED_HFIS,15,Favorable,12.444029850746269,False,0.0
random_2026-07-29T02:00:00+03:00,PROPOSED_HFIS,16,Favorable,14.242946469777609,False,1.7989166190313401
random_2026-07-29T02:00:00+03:00,PROPOSED_HFIS,17,Favorable,13.78784536128642,False,1.3438155105401517
random_2026-07-29T02:00:00+03:00,PROPOSED_HFIS,18,Acceptable,26.708997712580146,True,14.264967861833878
random_2026-07-29T02:00:00+03:00,PROPOSED_HFIS,19,Acceptable,32.382412293346675,True,19.938382442600407
random_2026-07-29T02:00:00+03:00,PROPOSED_HFIS,20,Favorable,12.444029850746269,False,0.0
random_2026-07-29T02:00:00+03:00,PROPOSED_HFIS,21,Acceptable,33.31456639129882,True,20.87053654055255
random_2026-07-29T02:00:00+03:00,PROPOSED_HFIS,22,Favorable,12.444029850746269,False,0.0
random_2026-07-29T02:00:00+03:00,PROPOSED_HFIS,23,Acceptable,27.52896875550747,True,15.084938904761202
random_2026-07-29T02:00:00+03:00,PROPOSED_HFIS,24,Favorable,12.444029850746269,False,0.0
random_2026-07-29T02:00:00+03:00,PROPOSED_HFIS,25,Favorable,12.444029850746269,False,0.0
random_2026-07-29T02:00:00+03:00,PROPOSED_HFIS,26,Favorable,13.985055352543046,False,1.5410255017967778
random_2026-07-29T02:00:00+03:00,PROPOSED_HFIS,27,Favorable,12.444029850746269,False,0.0
random_2026-07-29T02:00:00+03:00,PROPOSED_HFIS,28,Favorable,17.369102573400795,False,4.925072722654527
random_2026-07-29T02:00:00+03:00,PROPOSED_HFIS,29,Favorable,22.89796677697659,False,10.453936926230323
random_2026-07-29T02:00:00+03:00,WEIGHTED_MEAN,0,Favorable,12.58723545403857,False,0.14320560329230148
random_2026-07-29T02:00:00+03:00,WEIGHTED_MEAN,1,Favorable,20.936003390116316,False,8.491973539370047
random_2026-07-29T02:00:00+03:00,WEIGHTED_MEAN,2,Favorable,12.444029850746269,False,0.0
random_2026-07-29T02:00:00+03:00,WEIGHTED_MEAN,3,Favorable,14.332083261955741,False,1.888053411209473
random_2026-07-29T02:00:00+03:00,WEIGHTED_MEAN,4,Favorable,13.745712887280838,False,1.3016830365345697
random_2026-07-29T02:00:00+03:00,WEIGHTED_MEAN,5,Favorable,14.006524142488008,False,1.5624942917417393
random_2026-07-29T02:00:00+03:00,WEIGHTED_MEAN,6,Favorable,22.065902065434326,False,9.621872214688057
random_2026-07-29T02:00:00+03:00,WEIGHTED_MEAN,7,Favorable,22.013663546112646,False,9.569633695366377
random_2026-07-29T02:00:00+03:00,WEIGHTED_MEAN,8,Favorable,13.322056192104178,False,0.8780263413579092
random_2026-07-29T02:00:00+03:00,WEIGHTED_MEAN,9,Favorable,18.165701075217576,False,5.721671224471308
random_2026-07-29T02:00:00+03:00,WEIGHTED_MEAN,10,Favorable,12.444029850746269,False,0.0
random_2026-07-29T02:00:00+03:00,WEIGHTED_MEAN,11,Favorable,12.444029850746269,False,0.0
random_2026-07-29T02:00:00+03:00,WEIGHTED_MEAN,12,Favorable,12.444029850746269,False,0.0
random_2026-07-29T02:00:00+03:00,WEIGHTED_MEAN,13,Favorable,17.930958571907862,False,5.486928721161593
random_2026-07-29T02:00:00+03:00,WEIGHTED_MEAN,14,Favorable,12.444029850746269,False,0.0
random_2026-07-29T02:00:00+03:00,WEIGHTED_MEAN,15,Favorable,12.444029850746269,False,0.0
random_2026-07-29T02:00:00+03:00,WEIGHTED_MEAN,16,Favorable,13.343488160261938,False,0.8994583095156692
random_2026-07-29T02:00:00+03:00,WEIGHTED_MEAN,17,Favorable,13.115937606016345,False,0.6719077552700767
random_2026-07-29T02:00:00+03:00,WEIGHTED_MEAN,18,Favorable,19.57651378166321,False,7.1324839309169406
random_2026-07-29T02:00:00+03:00,WEIGHTED_MEAN,19,Favorable,22.413221072046472,False,9.969191221300203
random_2026-07-29T02:00:00+03:00,WEIGHTED_MEAN,20,Favorable,12.444029850746269,False,0.0
random_2026-07-29T02:00:00+03:00,WEIGHTED_MEAN,21,Favorable,22.879298121022543,False,10.435268270276275
random_2026-07-29T02:00:00+03:00,WEIGHTED_MEAN,22,Favorable,12.444029850746269,False,0.0
random_2026-07-29T02:00:00+03:00,WEIGHTED_MEAN,23,Favorable,19.98649930312687,False,7.542469452380601
random_2026-07-29T02:00:00+03:00,WEIGHTED_MEAN,24,Favorable,12.444029850746269,False,0.0
random_2026-07-29T02:00:00+03:00,WEIGHTED_MEAN,25,Favorable,12.444029850746269,False,0.0
random_2026-07-29T02:00:00+03:00,WEIGHTED_MEAN,26,Favorable,13.214542601644657,False,0.7705127508983889
random_2026-07-29T02:00:00+03:00,WEIGHTED_MEAN,27,Favorable,12.444029850746269,False,0.0
random_2026-07-29T02:00:00+03:00,WEIGHTED_MEAN,28,Favorable,14.906566212073532,False,2.4625363613272633
random_2026-07-29T02:00:00+03:00,WEIGHTED_MEAN,29,Favorable,17.670998313861432,False,5.226968463115163
