boundary_id,channel,boundary_value,grid_index,input_value,method,index_value,index_class
co2_breakpoint0,co2,800.0,0,730.0,CRISP-MAX,12.444029850746269,Favorable
co2_breakpoint0,co2,800.0,1,737.0,CRISP-MAX,12.444029850746269,Favorable
co2_breakpoint0,co2,800.0,2,744.0,CRISP-MAX,12.444029850746269,Favorable
co2_breakpoint0,co2,800.0,3,751.0,CRISP-MAX,12.444029850746269,Favorable
co2_breakpoint0,co2,800.0,4,758.0,CRISP-MAX,12.444029850746269,Favorable
co2_breakpoint0,co2,800.0,5,765.0,CRISP-MAX,12.444029850746269,Favorable
co2_breakpoint0,co2,800.0,6,772.0,CRISP-MAX,15.05927579365079,Favorable
co2_breakpoint0,co2,800.0,7,779.0,CRISP-MAX,17.635548131650584,Favorable
co2_breakpoint0,co2,800.0,8,786.0,CRISP-MAX,20.17871262663702,Favorable
co2_breakpoint0,co2,800.0,9,793.0,CRISP-MAX,22.694444444444443,Favorable
co2_breakpoint0,co2,800.0,10,800.0,CRISP-MAX,25.188271604938272,Acceptable
co2_breakpoint0,co2,800.0,11,807.0,CRISP-MAX,27.66003460207613,Acceptable
co2_breakpoint0,co2,800.0,12,814.0,CRISP-MAX,30.12175043327556,Acceptable
co2_breakpoint0,co2,800.0,13,821.0,CRISP-MAX,32.578741623231565,Acceptable
co2_breakpoint0,co2,800.0,14,828.0,CRISP-MAX,35.03635458167331,Acceptable
co2_breakpoint0,co2,800.0,15,835.0,CRISP-MAX,37.5,Acceptable
co2_breakpoint0,co2,800.0,16,842.0,CRISP-MAX,37.5,Acceptable
co2_breakpoint0,co2,800.0,17,849.0,CRISP-MAX,37.5,Acceptable
co2_breakpoint0,co2,800.0,18,856.0,CRISP-MAX,37.5,Acceptable
co2_breakpoint0,co2,800.0,19,863.0,CRISP-MAX,37.5,Acceptable
co2_breakpoint0,co2,800.0,20,870.0,CRISP-MAX,37.5,Acceptable
co2_breakpoint0,co2,800.0,0,730.0,PROPOSED-HFIS,12.444029850746269,Favorable
co2_breakpoint0,co2,800.0,1,737.0,PROPOSED-HFIS,12.444029850746269,Favorable
co2_breakpoint0,co2,800.0,2,744.0,PROPOSED-HFIS,12.444029850746269,Favorable
co2_breakpoint0,co2,800.0,3,751.0,PROPOSED-HFIS,12.444029850746269,Favorable
co2_breakpoint0,co2,800.0,4,758.0,PROPOSED-HFIS,12.444029850746269,Favorable
co2_breakpoint0,co2,800.0,5,765.0,PROPOSED-HFIS,12.444029850746269,Favorable
co2_breakpoint0,co2,800.0,6,772.0,PROPOSED-HFIS,15.05927579365079,Favorable
co2_breakpoint0,co2,800.0,7,779.0,PROPOSED-HFIS,17.635548131650584,Favorable
co2_breakpoint0,co2,800.0,8,786.0,PROPOSED-HFIS,20.17871262663702,Favorable
co2_breakpoint0,co2,800.0,9,793.0,PROPOSED-HFIS,22.694444444444443,Favorable
co2_breakpoint0,co2,800.0,10,800.0,PROPOSED-HFIS,25.188271604938272,Acceptable
co2_breakpoint0,co2,800.0,11,807.0,PROPOSED-HFIS,27.66003460207613,Acceptable
co2_breakpoint0,co2,800.0,12,814.0,PROPOSED-HFIS,30.12175043327556,Acceptable
co2_breakpoint0,co2,800.0,13,821.0,PROPOSED-HFIS,32.578741623231565,Acceptable
co2_breakpoint0,co2,800.0,14,828.0,PROPOSED-HFIS,35.03635458167331,Acceptable
co2_breakpoint0,co2,800.0,15,835.0,PROPOSED-HFIS,37.5,Acceptable
co2_breakpoint0,co2,800.0,16,842.0,PROPOSED-HFIS,37.5,Acceptable
co2_breakpoint0,co2,800.0,17,849.0,PROPOSED-HFIS,37.5,Acceptable
co2_breakpoint0,co2,800.0,18,856.0,PROPOSED-HFIS,37.5,Acceptable
co2_breakpoint0,co2,800.0,19,863.0,PROPOSED-HFIS,37.5,Acceptable
co2_breakpoint0,co2,800.0,20,870.0,PROPOSED-HFIS,37.5,Acceptable
co2_breakpoint0,co2,800.0,0,730.0,WEIGHTED-MEAN,12.444029850746269,Favorable
co2_breakpoint0,co2,800.0,1,737.0,WEIGHTED-MEAN,12.444029850746269,Favorable
co2_breakpoint0,co2,800.0,2,744.0,WEIGHTED-MEAN,12.444029850746269,Favorable
co2_breakpoint0,co2,800.0,3,751.0,WEIGHTED-MEAN,12.444029850746269,Favorable
co2_breakpoint0,co2,800.0,4,758.0,WEIGHTED-MEAN,12.444029850746269,Favorable
co2_breakpoint0,co2,800.0,5,765.0,WEIGHTED-MEAN,12.444029850746269,Favorable
co2_breakpoint0,co2,800.0,6,772.0,WEIGHTED-MEAN,13.315778498381109,Favorable
co2_breakpoint0,co2,800.0,7,779.0,WEIGHTED-MEAN,14.17453594438104,Favorable
co2_breakpoint0,co2,800.0,8,786.0,WEIGHTED-MEAN,15.022257442709853,Favorable
co2_breakpoint0,co2,800.0,9,793.0,WEIGHTED-MEAN,15.860834715312327,Favorable
co2_breakpoint0,co2,800.0,10,800.0,WEIGHTED-MEAN,16.692110435476938,Favorable
co2_breakpoint0,co2,800.0,11,807.0,WEIGHTED-MEAN,17.51603143452289,Favorable
co2_breakpoint0,co2,800.0,12,814.0,WEIGHTED-MEAN,18.336603378256033,Favorable
co2_breakpoint0,co2,800.0,13,821.0,WEIGHTED-MEAN,19.155600441574702,Favorable
co2_breakpoint0,co2,800.0,14,828.0,WEIGHTED-MEAN,19.97480476105528,Favorable
co2_breakpoint0,co2,800.0,15,835.0,WEIGHTED-MEAN,20.796019900497512,Favorable
co2_breakpoint0,co2,800.0,16,842.0,WEIGHTED-MEAN,20.796019900497512,Favorable
co2_breakpoint0,co2,800.0,17,849.0,WEIGHTED-MEAN,20.796019900497512,Favorable
co2_breakpoint0,co2,800.0,18,856.0,WEIGHTED-MEAN,20.796019900497512,Favorable
co2_breakpoint0,co2,800.0,19,863.0,WEIGHTED-MEAN,20.796019900497512,Favorable
co2_breakpoint0,co2,800.0,20,870.0,WEIGHTED-MEAN,20.796019900497512,Favorable
co2_breakpoint1,co2,1000.0,0,930.0,CRISP-MAX,37.5,Acceptable
co2_breakpoint1,co2,1000.0,1,937.0,CRISP-MAX,37.5,Acceptable
co2_breakpoint1,co2,1000.0,2,944.0,CRISP-MAX,37.5,Acceptable
co2_breakpoint1,co2,1000.0,3,951.0,CRISP-MAX,37.5,Acceptable
co2_breakpoint1,co2,1000.0,4,958.0,CRISP-MAX,37.5,Acceptable
co2_breakpoint1,co2,1000.0,5,965.0,CRISP-MAX,37.5,Acceptable
co2_breakpoint1,co2,1000.0,6,972.0,CRISP-MAX,40.069513406156894,Acceptable
co2_breakpoint1,co2,1000.0,7,979.0,CRISP-MAX,42.592592592592595,Acceptable
co2_breakpoint1,co2,1000.0,8,986.0,CRISP-MAX,45.08116084604033,Acceptable
co2_breakpoint1,co2,1000.0,9,993.0,CRISP-MAX,47.54661432777233,Acceptable
co2_breakpoint1,co2,1000.0,10,1000.0,CRISP-MAX,50.0,Degraded
co2_breakpoint1,co2,1000.0,11,1007.0,CRISP-MAX,52.45338567222769,Degraded
co2_breakpoint1,co2,1000.0,12,1014.0,CRISP-MAX,54.91883915395965,Degraded
co2_breakpoint1,co2,1000.0,13,1021.0,CRISP-MAX,57.40740740740742,Degraded
co2_breakpoint1,co2,1000.0,14,1028.0,CRISP-MAX,59.9304865938431,Degraded
co2_breakpoint1,co2,1000.0,15,1035.0,CRISP-MAX,62.5,Degraded
co2_breakpoint1,co2,1000.0,16,1042.0,CRISP-MAX,62.5,Degraded
co2_breakpoint1,co2,1000.0,17,1049.0,CRISP-MAX,62.5,Degraded
co2_breakpoint1,co2,1000.0,18,1056.0,CRISP-MAX,62.5,Degraded
co2_breakpoint1,co2,1000.0,19,1063.0,CRISP-MAX,62.5,Degraded
co2_breakpoint1,co2,1000.0,20,1070.0,CRISP-MAX,62.5,Degraded
co2_breakpoint1,co2,1000.0,0,930.0,PROPOSED-HFIS,37.5,Acceptable
co2_breakpoint1,co2,1000.0,1,937.0,PROPOSED-HFIS,37.5,Acceptable
co2_breakpoint1,co2,1000.0,2,944.0,PROPOSED-HFIS,37.5,Acceptable
co2_breakpoint1,co2,1000.0,3,951.0,PROPOSED-HFIS,37.5,Acceptable
co2_breakpoint1,co2,1000.0,4,958.0,PROPOSED-HFIS,37.5,Acceptable
co2_breakpoint1,co2,1000.0,5,965.0,PROPOSED-HFIS,37.5,Acceptable
co2_breakpoint1,co2,1000.0,6,972.0,PROPOSED-HFIS,40.069513406156894,Acceptable
co2_breakpoint1,co2,1000.0,7,979.0,PROPOSED-HFIS,42.592592592592595,Acceptable
co2_breakpoint1,co2,1000.0,8,986.0,PROPOSED-HFIS,45.08116084604033,Acceptable
co2_breakpoint1,co2,1000.0,9,993.0,PROPOSED-HFIS,47.54661432777233,Acceptable
co2_breakpoint1,co2,1000.0,10,1000.0,PROPOSED-HFIS,50.0,Degraded
co2_breakpoint1,co2,1000.0,11,1007.0,PROPOSED-HFIS,52.45338567222769,Degraded
co2_breakpoint1,co2,1000.0,12,1014.0,PROPOSED-HFIS,54.91883915395965,Degraded
co2_breakpoint1,co2,1000.0,13,1021.0,PROPOSED-HFIS,57.40740740740742,Degraded
co2_breakpoint1,co2,1000.0,14,1028.0,PROPOSED-HFIS,59.9304865938431,Degraded
co2_breakpoint1,co2,1000.0,15,1035.0,PROPOSED-HFIS,62.5,Degraded
co2_breakpoint1,co2,1000.0,16,1042.0,PROPOSED-HFIS,62.5,Degraded
co2_breakpoint1,co2,1000.0,17,1049.0,PROPOSED-HFIS,62.5,Degraded
co2_breakpoint1,co2,1000.0,18,1056.0,PROPOSED-HFIS,62.5,Degraded
co2_breakpoint1,co2,1000.0,19,1063.0,PROPOSED-HFIS,62.5,Degraded
co2_breakpoint1,co2,1000.0,20,1070.0,PROPOSED-HFIS,62.5,Degraded
co2_breakpoint1,co2,1000.0,0,930.0,WEIGHTED-MEAN,20.796019900497512,Favorable
co2_breakpoint1,co2,1000.0,1,937.0,WEIGHTED-MEAN,20.796019900497512,Favorable
co2_breakpoint1,co2,1000.0,2,944.0,WEIGHTED-MEAN,20.796019900497512,Favorable
co2_breakpoint1,co2,1000.0,3,951.0,WEIGHTED-MEAN,20.796019900497512,Favorable
co2_breakpoint1,co2,1000.0,4,958.0,WEIGHTED-MEAN,20.796019900497512,Favorable
co2_breakpoint1,co2,1000.0,5,965.0,WEIGHTED-MEAN,20.796019900497512,Favorable
co2_breakpoint1,co2,1000.0,6,972.0,WEIGHTED-MEAN,21.65252436921648,Favorable
co2_breakpoint1,co2,1000.0,7,979.0,WEIGHTED-MEAN,22.493550764695044,Favorable
co2_breakpoint1,co2,1000.0,8,986.0,WEIGHTED-MEAN,23.32307351584429,Favorable
co2_breakpoint1,co2,1000.0,9,993.0,WEIGHTED-MEAN,24.14489134308829,Favorable
co2_breakpoint1,co2,1000.0,10,1000.0,WEIGHTED-MEAN,24.96268656716418,Favorable
co2_breakpoint1,co2,1000.0,11,1007.0,WEIGHTED-MEAN,25.780481791240078,Acceptable
co2_breakpoint1,co2,1000.0,12,1014.0,WEIGHTED-MEAN,26.602299618484064,Acceptable
co2_breakpoint1,co2,1000.0,13,1021.0,WEIGHTED-MEAN,27.43182236963332,Acceptable
co2_breakpoint1,co2,1000.0,14,1028.0,WEIGHTED-MEAN,28.272848765111878,Acceptable
co2_breakpoint1,co2,1000.0,15,1035.0,WEIGHTED-MEAN,29.129353233830845,Acceptable
co2_breakpoint1,co2,1000.0,16,1042.0,WEIGHTED-MEAN,29.129353233830845,Acceptable
co2_breakpoint1,co2,1000.0,17,1049.0,WEIGHTED-MEAN,29.129353233830845,Acceptable
co2_breakpoint1,co2,1000.0,18,1056.0,WEIGHTED-MEAN,29.129353233830845,Acceptable
co2_breakpoint1,co2,1000.0,19,1063.0,WEIGHTED-MEAN,29.129353233830845,Acceptable
co2_breakpoint1,co2,1000.0,20,1070.0,WEIGHTED-MEAN,29.129353233830845,Acceptable
co2_breakpoint2,co2,1500.0,0,1430.0,CRISP-MAX,62.5,Degraded
co2_breakpoint2,co2,1500.0,1,1437.0,CRISP-MAX,62.5,Degraded
co2_breakpoint2,co2,1500.0,2,1444.0,CRISP-MAX,62.5,Degraded
co2_breakpoint2,co2,1500.0,3,1451.0,CRISP-MAX,62.5,Degraded
co2_breakpoint2,co2,1500.0,4,1458.0,CRISP-MAX,62.5,Degraded
co2_breakpoint2,co2,1500.0,5,1465.0,CRISP-MAX,62.5,Degraded
co2_breakpoint2,co2,1500.0,6,1472.0,CRISP-MAX,64.96364541832668,Degraded
co2_breakpoint2,co2,1500.0,7,1479.0,CRISP-MAX,67.42125837676842,Degraded
co2_breakpoint2,co2,1500.0,8,1486.0,CRISP-MAX,69.87824956672443,Degraded
co2_breakpoint2,co2,1500.0,9,1493.0,CRISP-MAX,72.33996539792389,Degraded
co2_breakpoint2,co2,1500.0,10,1500.0,CRISP-MAX,74.81172839506173,Degraded
co2_breakpoint2,co2,1500.0,11,1507.0,CRISP-MAX,77.30555555555557,Critical
co2_breakpoint2,co2,1500.0,12,1514.0,CRISP-MAX,79.82128737336299,Critical
co2_breakpoint2,co2,1500.0,13,1521.0,CRISP-MAX,82.36445186834943,Critical
co2_breakpoint2,co2,1500.0,14,1528.0,CRISP-MAX,84.94072420634919,Critical
co2_breakpoint2,co2,1500.0,15,1535.0,CRISP-MAX,87.55597014925372,Critical
co2_breakpoint2,co2,1500.0,16,1542.0,CRISP-MAX,87.55597014925372,Critical
co2_breakpoint2,co2,1500.0,17,1549.0,CRISP-MAX,87.55597014925372,Critical
co2_breakpoint2,co2,1500.0,18,1556.0,CRISP-MAX,87.55597014925372,Critical
co2_breakpoint2,co2,1500.0,19,1563.0,CRISP-MAX,87.55597014925372,Critical
co2_breakpoint2,co2,1500.0,20,1570.0,CRISP-MAX,87.55597014925372,Critical
co2_breakpoint2,co2,1500.0,0,1430.0,PROPOSED-HFIS,62.5,Degraded
co2_breakpoint2,co2,1500.0,1,1437.0,PROPOSED-HFIS,62.5,Degraded
co2_breakpoint2,co2,1500.0,2,1444.0,PROPOSED-HFIS,62.5,Degraded
co2_breakpoint2,co2,1500.0,3,1451.0,PROPOSED-HFIS,62.5,Degraded
co2_breakpoint2,co2,1500.0,4,1458.0,PROPOSED-HFIS,62.5,Degraded
co2_breakpoint2,co2,1500.0,5,1465.0,PROPOSED-HFIS,62.5,Degraded
co2_breakpoint2,co2,1500.0,6,1472.0,PROPOSED-HFIS,64.96364541832668,Degraded
co2_breakpoint2,co2,1500.0,7,1479.0,PROPOSED-HFIS,67.42125837676842,Degraded
co2_breakpoint2,co2,1500.0,8,1486.0,PROPOSED-HFIS,69.87824956672443,Degraded
co2_breakpoint2,co2,1500.0,9,1493.0,PROPOSED-HFIS,72.33996539792389,Degraded
co2_breakpoint2,co2,1500.0,10,1500.0,PROPOSED-HFIS,74.81172839506173,Degraded
co2_breakpoint2,co2,1500.0,11,1507.0,PROPOSED-HFIS,77.30555555555557,Critical
co2_breakpoint2,co2,1500.0,12,1514.0,PROPOSED-HFIS,79.82128737336299,Critical
co2_breakpoint2,co2,1500.0,13,1521.0,PROPOSED-HFIS,82.36445186834943,Critical
co2_breakpoint2,co2,1500.0,14,1528.0,PROPOSED-HFIS,84.94072420634919,Critical
co2_breakpoint2,co2,1500.0,15,1535.0,PROPOSED-HFIS,87.55597014925372,Critical
co2_breakpoint2,co2,1500.0,16,1542.0,PROPOSED-HFIS,87.55597014925372,Critical
co2_breakpoint2,co2,1500.0,17,1549.0,PROPOSED-HFIS,87.55597014925372,Critical
co2_breakpoint2,co2,1500.0,18,1556.0,PROPOSED-HFIS,87.55597014925372,Critical
co2_breakpoint2,co2,1500.0,19,1563.0,PROPOSED-HFIS,87.55597014925372,Critical
co2_breakpoint2,co2,1500.0,20,1570.0,PROPOSED-HFIS,87.55597014925372,Critical
co2_breakpoint2,co2,1500.0,0,1430.0,WEIGHTED-MEAN,29.129353233830845,Acceptable
co2_breakpoint2,co2,1500.0,1,1437.0,WEIGHTED-MEAN,29.129353233830845,Acceptable
co2_breakpoint2,co2,1500.0,2,1444.0,WEIGHTED-MEAN,29.129353233830845,Acceptable
co2_breakpoint2,co2,1500.0,3,1451.0,WEIGHTED-MEAN,29.129353233830845,Acceptable
co2_breakpoint2,co2,1500.0,4,1458.0,WEIGHTED-MEAN,29.129353233830845,Acceptable
co2_breakpoint2,co2,1500.0,5,1465.0,WEIGHTED-MEAN,29.129353233830845,Acceptable
co2_breakpoint2,co2,1500.0,6,1472.0,WEIGHTED-MEAN,29.95056837327307,Acceptable
co2_breakpoint2,co2,1500.0,7,1479.0,WEIGHTED-MEAN,30.76977269275365,Acceptable
co2_breakpoint2,co2,1500.0,8,1486.0,WEIGHTED-MEAN,31.588769756072324,Acceptable
co2_breakpoint2,co2,1500.0,9,1493.0,WEIGHTED-MEAN,32.40934169980547,Acceptable
co2_breakpoint2,co2,1500.0,10,1500.0,WEIGHTED-MEAN,33.233262698851426,Acceptable
co2_breakpoint2,co2,1500.0,11,1507.0,WEIGHTED-MEAN,34.06453841901604,Acceptable
co2_breakpoint2,co2,1500.0,12,1514.0,WEIGHTED-MEAN,34.90311569161851,Acceptable
co2_breakpoint2,co2,1500.0,13,1521.0,WEIGHTED-MEAN,35.750837189947326,Acceptable
co2_breakpoint2,co2,1500.0,14,1528.0,WEIGHTED-MEAN,36.60959463594724,Acceptable
co2_breakpoint2,co2,1500.0,15,1535.0,WEIGHTED-MEAN,37.481343283582085,Acceptable
co2_breakpoint2,co2,1500.0,16,1542.0,WEIGHTED-MEAN,37.481343283582085,Acceptable
co2_breakpoint2,co2,1500.0,17,1549.0,WEIGHTED-MEAN,37.481343283582085,Acceptable
co2_breakpoint2,co2,1500.0,18,1556.0,WEIGHTED-MEAN,37.481343283582085,Acceptable
co2_breakpoint2,co2,1500.0,19,1563.0,WEIGHTED-MEAN,37.481343283582085,Acceptable
co2_breakpoint2,co2,1500.0,20,1570.0,WEIGHTED-MEAN,37.481343283582085,Acceptable
humidity_acceptable_high_edge_warm_period,humidity,50.0,0,47.0,CRISP-MAX,12.444029850746269,Favorable
humidity_acceptable_high_edge_warm_period,humidity,50.0,1,47.3,CRISP-MAX,12.444029850746269,Favorable
humidity_acceptable_high_edge_warm_period,humidity,50.0,2,47.6,CRISP-MAX,12.444029850746269,Favorable
humidity_acceptable_high_edge_warm_period,humidity,50.0,3,47.9,CRISP-MAX,12.444029850746269,Favorable
humidity_acceptable_high_edge_warm_period,humidity,50.0,4,48.2,CRISP-MAX,12.444029850746269,Favorable
humidity_acceptable_high_edge_warm_period,humidity,50.0,5,48.5,CRISP-MAX,12.444029850746269,Favorable
humidity_acceptable_high_edge_warm_period,humidity,50.0,6,48.8,CRISP-MAX,15.059275793650775,Favorable
humidity_acceptable_high_edge_warm_period,humidity,50.0,7,49.1,CRISP-MAX,17.63554813165059,Favorable
humidity_acceptable_high_edge_warm_period,humidity,50.0,8,49.4,CRISP-MAX,20.178712626637008,Favorable
humidity_acceptable_high_edge_warm_period,humidity,50.0,9,49.7,CRISP-MAX,22.69444444444447,Favorable
humidity_acceptable_high_edge_warm_period,humidity,50.0,10,50.0,CRISP-MAX,25.188271604938272,Acceptable
humidity_acceptable_high_edge_warm_period,humidity,50.0,11,50.3,CRISP-MAX,27.6600346020761,Acceptable
humidity_acceptable_high_edge_warm_period,humidity,50.0,12,50.6,CRISP-MAX,30.121750433275576,Acceptable
humidity_acceptable_high_edge_warm_period,humidity,50.0,13,50.9,CRISP-MAX,32.57874162323156,Acceptable
humidity_acceptable_high_edge_warm_period,humidity,50.0,14,51.2,CRISP-MAX,35.036354581673336,Acceptable
humidity_acceptable_high_edge_warm_period,humidity,50.0,15,51.5,CRISP-MAX,37.5,Acceptable
humidity_acceptable_high_edge_warm_period,humidity,50.0,16,51.8,CRISP-MAX,37.5,Acceptable
humidity_acceptable_high_edge_warm_period,humidity,50.0,17,52.1,CRISP-MAX,37.5,Acceptable
humidity_acceptable_high_edge_warm_period,humidity,50.0,18,52.4,CRISP-MAX,37.5,Acceptable
humidity_acceptable_high_edge_warm_period,humidity,50.0,19,52.7,CRISP-MAX,37.5,Acceptable
humidity_acceptable_high_edge_warm_period,humidity,50.0,20,53.0,CRISP-MAX,37.5,Acceptable
humidity_acceptable_high_edge_warm_period,humidity,50.0,0,47.0,PROPOSED-HFIS,12.444029850746269,Favorable
humidity_acceptable_high_edge_warm_period,humidity,50.0,1,47.3,PROPOSED-HFIS,12.444029850746269,Favorable
humidity_acceptable_high_edge_warm_period,humidity,50.0,2,47.6,PROPOSED-HFIS,12.444029850746269,Favorable
humidity_acceptable_high_edge_warm_period,humidity,50.0,3,47.9,PROPOSED-HFIS,12.444029850746269,Favorable
humidity_acceptable_high_edge_warm_period,humidity,50.0,4,48.2,PROPOSED-HFIS,12.444029850746269,Favorable
humidity_acceptable_high_edge_warm_period,humidity,50.0,5,48.5,PROPOSED-HFIS,12.444029850746269,Favorable
humidity_acceptable_high_edge_warm_period,humidity,50.0,6,48.8,PROPOSED-HFIS,15.059275793650775,Favorable
humidity_acceptable_high_edge_warm_period,humidity,50.0,7,49.1,PROPOSED-HFIS,17.63554813165059,Favorable
humidity_acceptable_high_edge_warm_period,humidity,50.0,8,49.4,PROPOSED-HFIS,20.178712626637008,Favorable
humidity_acceptable_high_edge_warm_period,humidity,50.0,9,49.7,PROPOSED-HFIS,22.69444444444447,Favorable
humidity_acceptable_high_edge_warm_period,humidity,50.0,10,50.0,PROPOSED-HFIS,25.188271604938272,Acceptable
humidity_acceptable_high_edge_warm_period,humidity,50.0,11,50.3,PROPOSED-HFIS,27.6600346020761,Acceptable
humidity_acceptable_high_edge_warm_period,humidity,50.0,12,50.6,PROPOSED-HFIS,30.121750433275576,Acceptable
humidity_acceptable_high_edge_warm_period,humidity,50.0,13,50.9,PROPOSED-HFIS,32.57874162323156,Acceptable
humidity_acceptable_high_edge_warm_period,humidity,50.0,14,51.2,PROPOSED-HFIS,35.036354581673336,Acceptable
humidity_acceptable_high_edge_warm_period,humidity,50.0,15,51.5,PROPOSED-HFIS,37.5,Acceptable
humidity_acceptable_high_edge_warm_period,humidity,50.0,16,51.8,PROPOSED-HFIS,37.5,Acceptable
humidity_acceptable_high_edge_warm_period,humidity,50.0,17,52.1,PROPOSED-HFIS,37.5,Acceptable
humidity_acceptable_high_edge_warm_period,humidity,50.0,18,52.4,PROPOSED-HFIS,37.5,Acceptable
humidity_acceptable_high_edge_warm_period,humidity,50.0,19,52.7,PROPOSED-HFIS,37.5,Acceptable
humidity_acceptable_high_edge_warm_period,humidity,50.0,20,53.0,PROPOSED-HFIS,37.5,Acceptable
humidity_acceptable_high_edge_warm_period,humidity,50.0,0,47.0,WEIGHTED-MEAN,12.444029850746269,Favorable
humidity_acceptable_high_edge_warm_period,humidity,50.0,1,47.3,WEIGHTED-MEAN,12.444029850746269,Favorable
humidity_acceptable_high_edge_warm_period,humidity,50.0,2,47.6,WEIGHTED-MEAN,12.444029850746269,Favorable
humidity_acceptable_high_edge_warm_period,humidity,50.0,3,47.9,WEIGHTED-MEAN,12.444029850746269,Favorable
humidity_acceptable_high_edge_warm_period,humidity,50.0,4,48.2,WEIGHTED-MEAN,12.444029850746269,Favorable
humidity_acceptable_high_edge_warm_period,humidity,50.0,5,48.5,WEIGHTED-MEAN,12.444029850746269,Favorable
humidity_acceptable_high_edge_warm_period,humidity,50.0,6,48.8,WEIGHTED-MEAN,13.315778498381105,Favorable
humidity_acceptable_high_edge_warm_period,humidity,50.0,7,49.1,WEIGHTED-MEAN,14.174535944381043,Favorable
humidity_acceptable_high_edge_warm_period,humidity,50.0,8,49.4,WEIGHTED-MEAN,15.022257442709849,Favorable
humidity_acceptable_high_edge_warm_period,humidity,50.0,9,49.7,WEIGHTED-MEAN,15.860834715312336,Favorable
humidity_acceptable_high_edge_warm_period,humidity,50.0,10,50.0,WEIGHTED-MEAN,16.692110435476938,Favorable
humidity_acceptable_high_edge_warm_period,humidity,50.0,11,50.3,WEIGHTED-MEAN,17.516031434522876,Favorable
humidity_acceptable_high_edge_warm_period,humidity,50.0,12,50.6,WEIGHTED-MEAN,18.33660337825604,Favorable
humidity_acceptable_high_edge_warm_period,humidity,50.0,13,50.9,WEIGHTED-MEAN,19.1556004415747,Favorable
humidity_acceptable_high_edge_warm_period,humidity,50.0,14,51.2,WEIGHTED-MEAN,19.974804761055292,Favorable
humidity_acceptable_high_edge_warm_period,humidity,50.0,15,51.5,WEIGHTED-MEAN,20.796019900497512,Favorable
humidity_acceptable_high_edge_warm_period,humidity,50.0,16,51.8,WEIGHTED-MEAN,20.796019900497512,Favorable
humidity_acceptable_high_edge_warm_period,humidity,50.0,17,52.1,WEIGHTED-MEAN,20.796019900497512,Favorable
humidity_acceptable_high_edge_warm_period,humidity,50.0,18,52.4,WEIGHTED-MEAN,20.796019900497512,Favorable
humidity_acceptable_high_edge_warm_period,humidity,50.0,19,52.7,WEIGHTED-MEAN,20.796019900497512,Favorable
humidity_acceptable_high_edge_warm_period,humidity,50.0,20,53.0,WEIGHTED-MEAN,20.796019900497512,Favorable
humidity_acceptable_low_edge_warm_period,humidity,30.0,0,27.0,CRISP-MAX,37.5,Acceptable
humidity_acceptable_low_edge_warm_period,humidity,30.0,1,27.3,CRISP-MAX,37.5,Acceptable
humidity_acceptable_low_edge_warm_period,humidity,30.0,2,27.6,CRISP-MAX,37.5,Acceptable
humidity_acceptable_low_edge_warm_period,humidity,30.0,3,27.9,CRISP-MAX,37.5,Acceptable
humidity_acceptable_low_edge_warm_period,humidity,30.0,4,28.2,CRISP-MAX,37.5,Acceptable
humidity_acceptable_low_edge_warm_period,humidity,30.0,5,28.5,CRISP-MAX,37.5,Acceptable
humidity_acceptable_low_edge_warm_period,humidity,30.0,6,28.8,CRISP-MAX,35.03635458167331,Acceptable
humidity_acceptable_low_edge_warm_period,humidity,30.0,7,29.1,CRISP-MAX,32.57874162323156,Acceptable
humidity_acceptable_low_edge_warm_period,humidity,30.0,8,29.4,CRISP-MAX,30.121750433275576,Acceptable
humidity_acceptable_low_edge_warm_period,humidity,30.0,9,29.7,CRISP-MAX,27.660034602076127,Acceptable
humidity_acceptable_low_edge_warm_period,humidity,30.0,10,30.0,CRISP-MAX,25.188271604938272,Acceptable
humidity_acceptable_low_edge_warm_period,humidity,30.0,11,30.3,CRISP-MAX,22.694444444444436,Favorable
humidity_acceptable_low_edge_warm_period,humidity,30.0,12,30.6,CRISP-MAX,20.178712626637008,Favorable
humidity_acceptable_low_edge_warm_period,humidity,30.0,13,30.9,CRISP-MAX,17.63554813165059,Favorable
humidity_acceptable_low_edge_warm_period,humidity,30.0,14,31.2,CRISP-MAX,15.059275793650798,Favorable
humidity_acceptable_low_edge_warm_period,humidity,30.0,15,31.5,CRISP-MAX,12.444029850746269,Favorable
humidity_acceptable_low_edge_warm_period,humidity,30.0,16,31.8,CRISP-MAX,12.444029850746269,Favorable
humidity_acceptable_low_edge_warm_period,humidity,30.0,17,32.1,CRISP-MAX,12.444029850746269,Favorable
humidity_acceptable_low_edge_warm_period,humidity,30.0,18,32.4,CRISP-MAX,12.444029850746269,Favorable
humidity_acceptable_low_edge_warm_period,humidity,30.0,19,32.7,CRISP-MAX,12.444029850746269,Favorable
humidity_acceptable_low_edge_warm_period,humidity,30.0,20,33.0,CRISP-MAX,12.444029850746269,Favorable
humidity_acceptable_low_edge_warm_period,humidity,30.0,0,27.0,PROPOSED-HFIS,37.5,Acceptable
humidity_acceptable_low_edge_warm_period,humidity,30.0,1,27.3,PROPOSED-HFIS,37.5,Acceptable
humidity_acceptable_low_edge_warm_period,humidity,30.0,2,27.6,PROPOSED-HFIS,37.5,Acceptable
humidity_acceptable_low_edge_warm_period,humidity,30.0,3,27.9,PROPOSED-HFIS,37.5,Acceptable
humidity_acceptable_low_edge_warm_period,humidity,30.0,4,28.2,PROPOSED-HFIS,37.5,Acceptable
humidity_acceptable_low_edge_warm_period,humidity,30.0,5,28.5,PROPOSED-HFIS,37.5,Acceptable
humidity_acceptable_low_edge_warm_period,humidity,30.0,6,28.8,PROPOSED-HFIS,35.03635458167331,Acceptable
humidity_acceptable_low_edge_warm_period,humidity,30.0,7,29.1,PROPOSED-HFIS,32.57874162323156,Acceptable
humidity_acceptable_low_edge_warm_period,humidity,30.0,8,29.4,PROPOSED-HFIS,30.121750433275576,Acceptable
humidity_acceptable_low_edge_warm_period,humidity,30.0,9,29.7,PROPOSED-HFIS,27.660034602076127,Acceptable
humidity_acceptable_low_edge_warm_period,humidity,30.0,10,30.0,PROPOSED-HFIS,25.188271604938272,Acceptable
humidity_acceptable_low_edge_warm_period,humidity,30.0,11,30.3,PROPOSED-HFIS,22.694444444444436,Favorable
humidity_acceptable_low_edge_warm_period,humidity,30.0,12,30.6,PROPOSED-HFIS,20.178712626637008,Favorable
humidity_acceptable_low_edge_warm_period,humidity,30.0,13,30.9,PROPOSED-HFIS,17.63554813165059,Favorable
humidity_acceptable_low_edge_warm_period,humidity,30.0,14,31.2,PROPOSED-HFIS,15.059275793650798,Favorable
humidity_acceptable_low_edge_warm_period,humidity,30.0,15,31.5,PROPOSED-HFIS,12.444029850746269,Favorable
humidity_acceptable_low_edge_warm_period,humidity,30.0,16,31.8,PROPOSED-HFIS,12.444029850746269,Favorable
humidity_acceptable_low_edge_warm_period,humidity,30.0,17,32.1,PROPOSED-HFIS,12.444029850746269,Favorable
humidity_acceptable_low_edge_warm_period,humidity,30.0,18,32.4,PROPOSED-HFIS,12.444029850746269,Favorable
humidity_acceptable_low_edge_warm_period,humidity,30.0,19,32.7,PROPOSED-HFIS,12.444029850746269,Favorable
humidity_acceptable_low_edge_warm_period,humidity,30.0,20,33.0,PROPOSED-HFIS,12.444029850746269,Favorable
humidity_acceptable_low_edge_warm_period,humidity,30.0,0,27.0,WEIGHTED-MEAN,20.796019900497512,Favorable
humidity_acceptable_low_edge_warm_period,humidity,30.0,1,27.3,WEIGHTED-MEAN,20.796019900497512,Favorable
humidity_acceptable_low_edge_warm_period,humidity,30.0,2,27.6,WEIGHTED-MEAN,20.796019900497512,Favorable
humidity_acceptable_low_edge_warm_period,humidity,30.0,3,27.9,WEIGHTED-MEAN,20.796019900497512,Favorable
humidity_acceptable_low_edge_warm_period,humidity,30.0,4,28.2,WEIGHTED-MEAN,20.796019900497512,Favorable
humidity_acceptable_low_edge_warm_period,humidity,30.0,5,28.5,WEIGHTED-MEAN,20.796019900497512,Favorable
humidity_acceptable_low_edge_warm_period,humidity,30.0,6,28.8,WEIGHTED-MEAN,19.97480476105528,Favorable
humidity_acceptable_low_edge_warm_period,humidity,30.0,7,29.1,WEIGHTED-MEAN,19.1556004415747,Favorable
humidity_acceptable_low_edge_warm_period,humidity,30.0,8,29.4,WEIGHTED-MEAN,18.33660337825604,Favorable
humidity_acceptable_low_edge_warm_period,humidity,30.0,9,29.7,WEIGHTED-MEAN,17.516031434522887,Favorable
humidity_acceptable_low_edge_warm_period,humidity,30.0,10,30.0,WEIGHTED-MEAN,16.692110435476938,Favorable
humidity_acceptable_low_edge_warm_period,humidity,30.0,11,30.3,WEIGHTED-MEAN,15.860834715312324,Favorable
humidity_acceptable_low_edge_warm_period,humidity,30.0,12,30.6,WEIGHTED-MEAN,15.022257442709849,Favorable
humidity_acceptable_low_edge_warm_period,humidity,30.0,13,30.9,WEIGHTED-MEAN,14.174535944381043,Favorable
humidity_acceptable_low_edge_warm_period,humidity,30.0,14,31.2,WEIGHTED-MEAN,13.315778498381112,Favorable
humidity_acceptable_low_edge_warm_period,humidity,30.0,15,31.5,WEIGHTED-MEAN,12.444029850746269,Favorable
humidity_acceptable_low_edge_warm_period,humidity,30.0,16,31.8,WEIGHTED-MEAN,12.444029850746269,Favorable
humidity_acceptable_low_edge_warm_period,humidity,30.0,17,32.1,WEIGHTED-MEAN,12.444029850746269,Favorable
humidity_acceptable_low_edge_warm_period,humidity,30.0,18,32.4,WEIGHTED-MEAN,12.444029850746269,Favorable
humidity_acceptable_low_edge_warm_period,humidity,30.0,19,32.7,WEIGHTED-MEAN,12.444029850746269,Favorable
humidity_acceptable_low_edge_warm_period,humidity,30.0,20,33.0,WEIGHTED-MEAN,12.444029850746269,Favorable
humidity_critical_high_warm_period,humidity,70.0,0,67.0,CRISP-MAX,62.5,Degraded
humidity_critical_high_warm_period,humidity,70.0,1,67.3,CRISP-MAX,62.5,Degraded
humidity_critical_high_warm_period,humidity,70.0,2,67.6,CRISP-MAX,62.5,Degraded
humidity_critical_high_warm_period,humidity,70.0,3,67.9,CRISP-MAX,62.5,Degraded
humidity_critical_high_warm_period,humidity,70.0,4,68.2,CRISP-MAX,62.5,Degraded
humidity_critical_high_warm_period,humidity,70.0,5,68.5,CRISP-MAX,62.5,Degraded
humidity_critical_high_warm_period,humidity,70.0,6,68.8,CRISP-MAX,64.96364541832668,Degraded
humidity_critical_high_warm_period,humidity,70.0,7,69.1,CRISP-MAX,67.42125837676838,Degraded
humidity_critical_high_warm_period,humidity,70.0,8,69.4,CRISP-MAX,69.87824956672445,Degraded
humidity_critical_high_warm_period,humidity,70.0,9,69.7,CRISP-MAX,72.3399653979239,Degraded
humidity_critical_high_warm_period,humidity,70.0,10,70.0,CRISP-MAX,74.81172839506173,Degraded
humidity_critical_high_warm_period,humidity,70.0,11,70.3,CRISP-MAX,77.30555555555554,Critical
humidity_critical_high_warm_period,humidity,70.0,12,70.6,CRISP-MAX,79.82128737336292,Critical
humidity_critical_high_warm_period,humidity,70.0,13,70.9,CRISP-MAX,82.36445186834948,Critical
humidity_critical_high_warm_period,humidity,70.0,14,71.2,CRISP-MAX,84.94072420634922,Critical
humidity_critical_high_warm_period,humidity,70.0,15,71.5,CRISP-MAX,87.55597014925372,Critical
humidity_critical_high_warm_period,humidity,70.0,16,71.8,CRISP-MAX,87.55597014925372,Critical
humidity_critical_high_warm_period,humidity,70.0,17,72.1,CRISP-MAX,87.55597014925372,Critical
humidity_critical_high_warm_period,humidity,70.0,18,72.4,CRISP-MAX,87.55597014925372,Critical
humidity_critical_high_warm_period,humidity,70.0,19,72.7,CRISP-MAX,87.55597014925372,Critical
humidity_critical_high_warm_period,humidity,70.0,20,73.0,CRISP-MAX,87.55597014925372,Critical
humidity_critical_high_warm_period,humidity,70.0,0,67.0,PROPOSED-HFIS,62.5,Degraded
humidity_critical_high_warm_period,humidity,70.0,1,67.3,PROPOSED-HFIS,62.5,Degraded
humidity_critical_high_warm_period,humidity,70.0,2,67.6,PROPOSED-HFIS,62.5,Degraded
humidity_critical_high_warm_period,humidity,70.0,3,67.9,PROPOSED-HFIS,62.5,Degraded
humidity_critical_high_warm_period,humidity,70.0,4,68.2,PROPOSED-HFIS,62.5,Degraded
humidity_critical_high_warm_period,humidity,70.0,5,68.5,PROPOSED-HFIS,62.5,Degraded
humidity_critical_high_warm_period,humidity,70.0,6,68.8,PROPOSED-HFIS,64.96364541832668,Degraded
humidity_critical_high_warm_period,humidity,70.0,7,69.1,PROPOSED-HFIS,67.42125837676838,Degraded
humidity_critical_high_warm_period,humidity,70.0,8,69.4,PROPOSED-HFIS,69.87824956672445,Degraded
humidity_critical_high_warm_period,humidity,70.0,9,69.7,PROPOSED-HFIS,72.3399653979239,Degraded
humidity_critical_high_warm_period,humidity,70.0,10,70.0,PROPOSED-HFIS,74.81172839506173,Degraded
humidity_critical_high_warm_period,humidity,70.0,11,70.3,PROPOSED-HFIS,77.30555555555554,Critical
humidity_critical_high_warm_period,humidity,70.0,12,70.6,PROPOSED-HFIS,79.82128737336292,Critical
humidity_critical_high_warm_period,humidity,70.0,13,70.9,PROPOSED-HFIS,82.36445186834948,Critical
humidity_critical_high_warm_period,humidity,70.0,14,71.2,PROPOSED-HFIS,84.94072420634922,Critical
humidity_critical_high_warm_period,humidity,70.0,15,71.5,PROPOSED-HFIS,87.55597014925372,Critical
humidity_critical_high_warm_period,humidity,70.0,16,71.8,PROPOSED-HFIS,87.55597014925372,Critical
humidity_critical_high_warm_period,humidity,70.0,17,72.1,PROPOSED-HFIS,87.55597014925372,Critical
humidity_critical_high_warm_period,humidity,70.0,18,72.4,PROPOSED-HFIS,87.55597014925372,Critical
humidity_critical_high_warm_period,humidity,70.0,19,72.7,PROPOSED-HFIS,87.55597014925372,Critical
humidity_critical_high_warm_period,humidity,70.0,20,73.0,PROPOSED-HFIS,87.55597014925372,Critical
humidity_critical_high_warm_period,humidity,70.0,0,67.0,WEIGHTED-MEAN,29.129353233830845,Acceptable
humidity_critical_high_warm_period,humidity,70.0,1,67.3,WEIGHTED-MEAN,29.129353233830845,Acceptable
humidity_critical_high_warm_period,humidity,70.0,2,67.6,WEIGHTED-MEAN,29.129353233830845,Acceptable
humidity_critical_high_warm_period,humidity,70.0,3,67.9,WEIGHTED-MEAN,29.129353233830845,Acceptable
humidity_critical_high_warm_period,humidity,70.0,4,68.2,WEIGHTED-MEAN,29.129353233830845,Acceptable
humidity_critical_high_warm_period,humidity,70.0,5,68.5,WEIGHTED-MEAN,29.129353233830845,Acceptable
humidity_critical_high_warm_period,humidity,70.0,6,68.8,WEIGHTED-MEAN,29.95056837327307,Acceptable
humidity_critical_high_warm_period,humidity,70.0,7,69.1,WEIGHTED-MEAN,30.769772692753637,Acceptable
humidity_critical_high_warm_period,humidity,70.0,8,69.4,WEIGHTED-MEAN,31.588769756072328,Acceptable
humidity_critical_high_warm_period,humidity,70.0,9,69.7,WEIGHTED-MEAN,32.40934169980548,Acceptable
humidity_critical_high_warm_period,humidity,70.0,10,70.0,WEIGHTED-MEAN,33.233262698851426,Acceptable
humidity_critical_high_warm_period,humidity,70.0,11,70.3,WEIGHTED-MEAN,34.064538419016024,Acceptable
humidity_critical_high_warm_period,humidity,70.0,12,70.6,WEIGHTED-MEAN,34.90311569161849,Acceptable
humidity_critical_high_warm_period,humidity,70.0,13,70.9,WEIGHTED-MEAN,35.75083718994734,Acceptable
humidity_critical_high_warm_period,humidity,70.0,14,71.2,WEIGHTED-MEAN,36.60959463594725,Acceptable
humidity_critical_high_warm_period,humidity,70.0,15,71.5,WEIGHTED-MEAN,37.481343283582085,Acceptable
humidity_critical_high_warm_period,humidity,70.0,16,71.8,WEIGHTED-MEAN,37.481343283582085,Acceptable
humidity_critical_high_warm_period,humidity,70.0,17,72.1,WEIGHTED-MEAN,37.481343283582085,Acceptable
humidity_critical_high_warm_period,humidity,70.0,18,72.4,WEIGHTED-MEAN,37.481343283582085,Acceptable
humidity_critical_high_warm_period,humidity,70.0,19,72.7,WEIGHTED-MEAN,37.481343283582085,Acceptable
humidity_critical_high_warm_period,humidity,70.0,20,73.0,WEIGHTED-MEAN,37.481343283582085,Acceptable
humidity_critical_low_warm_period,humidity,20.0,0,17.0,CRISP-MAX,87.55597014925372,Critical
humidity_critical_low_warm_period,humidity,20.0,1,17.3,CRISP-MAX,87.55597014925372,Critical
humidity_critical_low_warm_period,humidity,20.0,2,17.6,CRISP-MAX,87.55597014925372,Critical
humidity_critical_low_warm_period,humidity,20.0,3,17.9,CRISP-MAX,87.55597014925372,Critical
humidity_critical_low_warm_period,humidity,20.0,4,18.2,CRISP-MAX,87.55597014925372,Critical
humidity_critical_low_warm_period,humidity,20.0,5,18.5,CRISP-MAX,87.55597014925372,Critical
humidity_critical_low_warm_period,humidity,20.0,6,18.8,CRISP-MAX,84.94072420634919,Critical
humidity_critical_low_warm_period,humidity,20.0,7,19.1,CRISP-MAX,82.36445186834942,Critical
humidity_critical_low_warm_period,humidity,20.0,8,19.4,CRISP-MAX,79.82128737336302,Critical
humidity_critical_low_warm_period,humidity,20.0,9,19.7,CRISP-MAX,77.30555555555554,Critical
humidity_critical_low_warm_period,humidity,20.0,10,20.0,CRISP-MAX,74.81172839506173,Degraded
humidity_critical_low_warm_period,humidity,20.0,11,20.3,CRISP-MAX,72.33996539792385,Degraded
humidity_critical_low_warm_period,humidity,20.0,12,20.6,CRISP-MAX,69.87824956672443,Degraded
humidity_critical_low_warm_period,humidity,20.0,13,20.9,CRISP-MAX,67.42125837676842,Degraded
humidity_critical_low_warm_period,humidity,20.0,14,21.2,CRISP-MAX,64.9636454183267,Degraded
humidity_critical_low_warm_period,humidity,20.0,15,21.5,CRISP-MAX,62.5,Degraded
humidity_critical_low_warm_period,humidity,20.0,16,21.8,CRISP-MAX,62.5,Degraded
humidity_critical_low_warm_period,humidity,20.0,17,22.1,CRISP-MAX,62.5,Degraded
humidity_critical_low_warm_period,humidity,20.0,18,22.4,CRISP-MAX,62.5,Degraded
humidity_critical_low_warm_period,humidity,20.0,19,22.7,CRISP-MAX,62.5,Degraded
humidity_critical_low_warm_period,humidity,20.0,20,23.0,CRISP-MAX,62.5,Degraded
humidity_critical_low_warm_period,humidity,20.0,0,17.0,PROPOSED-HFIS,87.55597014925372,Critical
humidity_critical_low_warm_period,humidity,20.0,1,17.3,PROPOSED-HFIS,87.55597014925372,Critical
humidity_critical_low_warm_period,humidity,20.0,2,17.6,PROPOSED-HFIS,87.55597014925372,Critical
humidity_critical_low_warm_period,humidity,20.0,3,17.9,PROPOSED-HFIS,87.55597014925372,Critical
humidity_critical_low_warm_period,humidity,20.0,4,18.2,PROPOSED-HFIS,87.55597014925372,Critical
humidity_critical_low_warm_period,humidity,20.0,5,18.5,PROPOSED-HFIS,87.55597014925372,Critical
humidity_critical_low_warm_period,humidity,20.0,6,18.8,PROPOSED-HFIS,84.94072420634919,Critical
humidity_critical_low_warm_period,humidity,20.0,7,19.1,PROPOSED-HFIS,82.36445186834942,Critical
humidity_critical_low_warm_period,humidity,20.0,8,19.4,PROPOSED-HFIS,79.82128737336302,Critical
humidity_critical_low_warm_period,humidity,20.0,9,19.7,PROPOSED-HFIS,77.30555555555554,Critical
humidity_critical_low_warm_period,humidity,20.0,10,20.0,PROPOSED-HFIS,74.81172839506173,Degraded
humidity_critical_low_warm_period,humidity,20.0,11,20.3,PROPOSED-HFIS,72.33996539792385,Degraded
humidity_critical_low_warm_period,humidity,20.0,12,20.6,PROPOSED-HFIS,69.87824956672443,Degraded
humidity_critical_low_warm_period,humidity,20.0,13,20.9,PROPOSED-HFIS,67.42125837676842,Degraded
humidity_critical_low_warm_period,humidity,20.0,14,21.2,PROPOSED-HFIS,64.9636454183267,Degraded
humidity_critical_low_warm_period,humidity,20.0,15,21.5,PROPOSED-HFIS,62.5,Degraded
humidity_critical_low_warm_period,humidity,20.0,16,21.8,PROPOSED-HFIS,62.5,Degraded
humidity_critical_low_warm_period,humidity,20.0,17,22.1,PROPOSED-HFIS,62.5,Degraded
humidity_critical_low_warm_period,humidity,20.0,18,22.4,PROPOSED-HFIS,62.5,Degraded
humidity_critical_low_warm_period,humidity,20.0,19,22.7,PROPOSED-HFIS,62.5,Degraded
humidity_critical_low_warm_period,humidity,20.0,20,23.0,PROPOSED-HFIS,62.5,Degraded
humidity_critical_low_warm_period,humidity,20.0,0,17.0,WEIGHTED-MEAN,37.481343283582085,Acceptable
humidity_critical_low_warm_period,humidity,20.0,1,17.3,WEIGHTED-MEAN,37.481343283582085,Acceptable
humidity_critical_low_warm_period,humidity,20.0,2,17.6,WEIGHTED-MEAN,37.481343283582085,Acceptable
humidity_critical_low_warm_period,humidity,20.0,3,17.9,WEIGHTED-MEAN,37.481343283582085,Acceptable
humidity_critical_low_warm_period,humidity,20.0,4,18.2,WEIGHTED-MEAN,37.481343283582085,Acceptable
humidity_critical_low_warm_period,humidity,20.0,5,18.5,WEIGHTED-MEAN,37.481343283582085,Acceptable
humidity_critical_low_warm_period,humidity,20.0,6,18.8,WEIGHTED-MEAN,36.60959463594724,Acceptable
humidity_critical_low_warm_period,humidity,20.0,7,19.1,WEIGHTED-MEAN,35.75083718994732,Acceptable
humidity_critical_low_warm_period,humidity,20.0,8,19.4,WEIGHTED-MEAN,34.90311569161852,Acceptable
humidity_critical_low_warm_period,humidity,20.0,9,19.7,WEIGHTED-MEAN,34.064538419016024,Acceptable
humidity_critical_low_warm_period,humidity,20.0,10,20.0,WEIGHTED-MEAN,33.233262698851426,Acceptable
humidity_critical_low_warm_period,humidity,20.0,11,20.3,WEIGHTED-MEAN,32.40934169980546,Acceptable
humidity_critical_low_warm_period,humidity,20.0,12,20.6,WEIGHTED-MEAN,31.588769756072324,Acceptable
humidity_critical_low_warm_period,humidity,20.0,13,20.9,WEIGHTED-MEAN,30.76977269275365,Acceptable
humidity_critical_low_warm_period,humidity,20.0,14,21.2,WEIGHTED-MEAN,29.950568373273082,Acceptable
humidity_critical_low_warm_period,humidity,20.0,15,21.5,WEIGHTED-MEAN,29.129353233830845,Acceptable
humidity_critical_low_warm_period,humidity,20.0,16,21.8,WEIGHTED-MEAN,29.129353233830845,Acceptable
humidity_critical_low_warm_period,humidity,20.0,17,22.1,WEIGHTED-MEAN,29.129353233830845,Acceptable
humidity_critical_low_warm_period,humidity,20.0,18,22.4,WEIGHTED-MEAN,29.129353233830845,Acceptable
humidity_critical_low_warm_period,humidity,20.0,19,22.7,WEIGHTED-MEAN,29.129353233830845,Acceptable
humidity_critical_low_warm_period,humidity,20.0,20,23.0,WEIGHTED-MEAN,29.129353233830845,Acceptable
humidity_favorable_high_edge_warm_period,humidity,50.0,0,47.0,CRISP-MAX,12.444029850746269,Favorable
humidity_favorable_high_edge_warm_period,humidity,50.0,1,47.3,CRISP-MAX,12.444029850746269,Favorable
humidity_favorable_high_edge_warm_period,humidity,50.0,2,47.6,CRISP-MAX,12.444029850746269,Favorable
humidity_favorable_high_edge_warm_period,humidity,50.0,3,47.9,CRISP-MAX,12.444029850746269,Favorable
humidity_favorable_high_edge_warm_period,humidity,50.0,4,48.2,CRISP-MAX,12.444029850746269,Favorable
humidity_favorable_high_edge_warm_period,humidity,50.0,5,48.5,CRISP-MAX,12.444029850746269,Favorable
humidity_favorable_high_edge_warm_period,humidity,50.0,6,48.8,CRISP-MAX,15.059275793650775,Favorable
humidity_favorable_high_edge_warm_period,humidity,50.0,7,49.1,CRISP-MAX,17.63554813165059,Favorable
humidity_favorable_high_edge_warm_period,humidity,50.0,8,49.4,CRISP-MAX,20.178712626637008,Favorable
humidity_favorable_high_edge_warm_period,humidity,50.0,9,49.7,CRISP-MAX,22.69444444444447,Favorable
humidity_favorable_high_edge_warm_period,humidity,50.0,10,50.0,CRISP-MAX,25.188271604938272,Acceptable
humidity_favorable_high_edge_warm_period,humidity,50.0,11,50.3,CRISP-MAX,27.6600346020761,Acceptable
humidity_favorable_high_edge_warm_period,humidity,50.0,12,50.6,CRISP-MAX,30.121750433275576,Acceptable
humidity_favorable_high_edge_warm_period,humidity,50.0,13,50.9,CRISP-MAX,32.57874162323156,Acceptable
humidity_favorable_high_edge_warm_period,humidity,50.0,14,51.2,CRISP-MAX,35.036354581673336,Acceptable
humidity_favorable_high_edge_warm_period,humidity,50.0,15,51.5,CRISP-MAX,37.5,Acceptable
humidity_favorable_high_edge_warm_period,humidity,50.0,16,51.8,CRISP-MAX,37.5,Acceptable
humidity_favorable_high_edge_warm_period,humidity,50.0,17,52.1,CRISP-MAX,37.5,Acceptable
humidity_favorable_high_edge_warm_period,humidity,50.0,18,52.4,CRISP-MAX,37.5,Acceptable
humidity_favorable_high_edge_warm_period,humidity,50.0,19,52.7,CRISP-MAX,37.5,Acceptable
humidity_favorable_high_edge_warm_period,humidity,50.0,20,53.0,CRISP-MAX,37.5,Acceptable
humidity_favorable_high_edge_warm_period,humidity,50.0,0,47.0,PROPOSED-HFIS,12.444029850746269,Favorable
humidity_favorable_high_edge_warm_period,humidity,50.0,1,47.3,PROPOSED-HFIS,12.444029850746269,Favorable
humidity_favorable_high_edge_warm_period,humidity,50.0,2,47.6,PROPOSED-HFIS,12.444029850746269,Favorable
humidity_favorable_high_edge_warm_period,humidity,50.0,3,47.9,PROPOSED-HFIS,12.444029850746269,Favorable
humidity_favorable_high_edge_warm_period,humidity,50.0,4,48.2,PROPOSED-HFIS,12.444029850746269,Favorable
humidity_favorable_high_edge_warm_period,humidity,50.0,5,48.5,PROPOSED-HFIS,12.444029850746269,Favorable
humidity_favorable_high_edge_warm_period,humidity,50.0,6,48.8,PROPOSED-HFIS,15.059275793650775,Favorable
humidity_favorable_high_edge_warm_period,humidity,50.0,7,49.1,PROPOSED-HFIS,17.63554813165059,Favorable
humidity_favorable_high_edge_warm_period,humidity,50.0,8,49.4,PROPOSED-HFIS,20.178712626637008,Favorable
humidity_favorable_high_edge_warm_period,humidity,50.0,9,49.7,PROPOSED-HFIS,22.69444444444447,Favorable
humidity_favorable_high_edge_warm_period,humidity,50.0,10,50.0,PROPOSED-HFIS,25.188271604938272,Acceptable
humidity_favorable_high_edge_warm_period,humidity,50.0,11,50.3,PROPOSED-HFIS,27.6600346020761,Acceptable
humidity_favorable_high_edge_warm_period,humidity,50.0,12,50.6,PROPOSED-HFIS,30.121750433275576,Acceptable
humidity_favorable_high_edge_warm_period,humidity,50.0,13,50.9,PROPOSED-HFIS,32.57874162323156,Acceptable
humidity_favorable_high_edge_warm_period,humidity,50.0,14,51.2,PROPOSED-HFIS,35.036354581673336,Acceptable
humidity_favorable_high_edge_warm_period,humidity,50.0,15,51.5,PROPOSED-HFIS,37.5,Acceptable
humidity_favorable_high_edge_warm_period,humidity,50.0,16,51.8,PROPOSED-HFIS,37.5,Acceptable
humidity_favorable_high_edge_warm_period,humidity,50.0,17,52.1,PROPOSED-HFIS,37.5,Acceptable
humidity_favorable_high_edge_warm_period,humidity,50.0,18,52.4,PROPOSED-HFIS,37.5,Acceptable
humidity_favorable_high_edge_warm_period,humidity,50.0,19,52.7,PROPOSED-HFIS,37.5,Acceptable
humidity_favorable_high_edge_warm_period,humidity,50.0,20,53.0,PROPOSED-HFIS,37.5,Acceptable
humidity_favorable_high_edge_warm_period,humidity,50.0,0,47.0,WEIGHTED-MEAN,12.444029850746269,Favorable
humidity_favorable_high_edge_warm_period,humidity,50.0,1,47.3,WEIGHTED-MEAN,12.444029850746269,Favorable
humidity_favorable_high_edge_warm_period,humidity,50.0,2,47.6,WEIGHTED-MEAN,12.444029850746269,Favorable
humidity_favorable_high_edge_warm_period,humidity,50.0,3,47.9,WEIGHTED-MEAN,12.444029850746269,Favorable
humidity_favorable_high_edge_warm_period,humidity,50.0,4,48.2,WEIGHTED-MEAN,12.444029850746269,Favorable
humidity_favorable_high_edge_warm_period,humidity,50.0,5,48.5,WEIGHTED-MEAN,12.444029850746269,Favorable
humidity_favorable_high_edge_warm_period,humidity,50.0,6,48.8,WEIGHTED-MEAN,13.315778498381105,Favorable
humidity_favorable_high_edge_warm_period,humidity,50.0,7,49.1,WEIGHTED-MEAN,14.174535944381043,Favorable
humidity_favorable_high_edge_warm_period,humidity,50.0,8,49.4,WEIGHTED-MEAN,15.022257442709849,Favorable
humidity_favorable_high_edge_warm_period,humidity,50.0,9,49.7,WEIGHTED-MEAN,15.860834715312336,Favorable
humidity_favorable_high_edge_warm_period,humidity,50.0,10,50.0,WEIGHTED-MEAN,16.692110435476938,Favorable
humidity_favorable_high_edge_warm_period,humidity,50.0,11,50.3,WEIGHTED-MEAN,17.516031434522876,Favorable
humidity_favorable_high_edge_warm_period,humidity,50.0,12,50.6,WEIGHTED-MEAN,18.33660337825604,Favorable
humidity_favorable_high_edge_warm_period,humidity,50.0,13,50.9,WEIGHTED-MEAN,19.1556004415747,Favorable
humidity_favorable_high_edge_warm_period,humidity,50.0,14,51.2,WEIGHTED-MEAN,19.974804761055292,Favorable
humidity_favorable_high_edge_warm_period,humidity,50.0,15,51.5,WEIGHTED-MEAN,20.796019900497512,Favorable
humidity_favorable_high_edge_warm_period,humidity,50.0,16,51.8,WEIGHTED-MEAN,20.796019900497512,Favorable
humidity_favorable_high_edge_warm_period,humidity,50.0,17,52.1,WEIGHTED-MEAN,20.796019900497512,Favorable
humidity_favorable_high_edge_warm_period,humidity,50.0,18,52.4,WEIGHTED-MEAN,20.796019900497512,Favorable
humidity_favorable_high_edge_warm_period,humidity,50.0,19,52.7,WEIGHTED-MEAN,20.796019900497512,Favorable
humidity_favorable_high_edge_warm_period,humidity,50.0,20,53.0,WEIGHTED-MEAN,20.796019900497512,Favorable
humidity_favorable_low_edge_warm_period,humidity,30.0,0,27.0,CRISP-MAX,37.5,Acceptable
humidity_favorable_low_edge_warm_period,humidity,30.0,1,27.3,CRISP-MAX,37.5,Acceptable
humidity_favorable_low_edge_warm_period,humidity,30.0,2,27.6,CRISP-MAX,37.5,Acceptable
humidity_favorable_low_edge_warm_period,humidity,30.0,3,27.9,CRISP-MAX,37.5,Acceptable
humidity_favorable_low_edge_warm_period,humidity,30.0,4,28.2,CRISP-MAX,37.5,Acceptable
humidity_favorable_low_edge_warm_period,humidity,30.0,5,28.5,CRISP-MAX,37.5,Acceptable
humidity_favorable_low_edge_warm_period,humidity,30.0,6,28.8,CRISP-MAX,35.03635458167331,Acceptable
humidity_favorable_low_edge_warm_period,humidity,30.0,7,29.1,CRISP-MAX,32.57874162323156,Acceptable
humidity_favorable_low_edge_warm_period,humidity,30.0,8,29.4,CRISP-MAX,30.121750433275576,Acceptable
humidity_favorable_low_edge_warm_period,humidity,30.0,9,29.7,CRISP-MAX,27.660034602076127,Acceptable
humidity_favorable_low_edge_warm_period,humidity,30.0,10,30.0,CRISP-MAX,25.188271604938272,Acceptable
humidity_favorable_low_edge_warm_period,humidity,30.0,11,30.3,CRISP-MAX,22.694444444444436,Favorable
humidity_favorable_low_edge_warm_period,humidity,30.0,12,30.6,CRISP-MAX,20.178712626637008,Favorable
humidity_favorable_low_edge_warm_period,humidity,30.0,13,30.9,CRISP-MAX,17.63554813165059,Favorable
humidity_favorable_low_edge_warm_period,humidity,30.0,14,31.2,CRISP-MAX,15.059275793650798,Favorable
humidity_favorable_low_edge_warm_period,humidity,30.0,15,31.5,CRISP-MAX,12.444029850746269,Favorable
humidity_favorable_low_edge_warm_period,humidity,30.0,16,31.8,CRISP-MAX,12.444029850746269,Favorable
humidity_favorable_low_edge_warm_period,humidity,30.0,17,32.1,CRISP-MAX,12.444029850746269,Favorable
humidity_favorable_low_edge_warm_period,humidity,30.0,18,32.4,CRISP-MAX,12.444029850746269,Favorable
humidity_favorable_low_edge_warm_period,humidity,30.0,19,32.7,CRISP-MAX,12.444029850746269,Favorable
humidity_favorable_low_edge_warm_period,humidity,30.0,20,33.0,CRISP-MAX,12.444029850746269,Favorable
humidity_favorable_low_edge_warm_period,humidity,30.0,0,27.0,PROPOSED-HFIS,37.5,Acceptable
humidity_favorable_low_edge_warm_period,humidity,30.0,1,27.3,PROPOSED-HFIS,37.5,Acceptable
humidity_favorable_low_edge_warm_period,humidity,30.0,2,27.6,PROPOSED-HFIS,37.5,Acceptable
humidity_favorable_low_edge_warm_period,humidity,30.0,3,27.9,PROPOSED-HFIS,37.5,Acceptable
humidity_favorable_low_edge_warm_period,humidity,30.0,4,28.2,PROPOSED-HFIS,37.5,Acceptable
humidity_favorable_low_edge_warm_period,humidity,30.0,5,28.5,PROPOSED-HFIS,37.5,Acceptable
humidity_favorable_low_edge_warm_period,humidity,30.0,6,28.8,PROPOSED-HFIS,35.03635458167331,Acceptable
humidity_favorable_low_edge_warm_period,humidity,30.0,7,29.1,PROPOSED-HFIS,32.57874162323156,Acceptable
humidity_favorable_low_edge_warm_period,humidity,30.0,8,29.4,PROPOSED-HFIS,30.121750433275576,Acceptable
humidity_favorable_low_edge_warm_period,humidity,30.0,9,29.7,PROPOSED-HFIS,27.660034602076127,Acceptable
humidity_favorable_low_edge_warm_period,humidity,30.0,10,30.0,PROPOSED-HFIS,25.188271604938272,Acceptable
humidity_favorable_low_edge_warm_period,humidity,30.0,11,30.3,PROPOSED-HFIS,22.694444444444436,Favorable
humidity_favorable_low_edge_warm_period,humidity,30.0,12,30.6,PROPOSED-HFIS,20.178712626637008,Favorable
humidity_favorable_low_edge_warm_period,humidity,30.0,13,30.9,PROPOSED-HFIS,17.63554813165059,Favorable
humidity_favorable_low_edge_warm_period,humidity,30.0,14,31.2,PROPOSED-HFIS,15.059275793650798,Favorable
humidity_favorable_low_edge_warm_period,humidity,30.0,15,31.5,PROPOSED-HFIS,12.444029850746269,Favorable
humidity_favorable_low_edge_warm_period,humidity,30.0,16,31.8,PROPOSED-HFIS,12.444029850746269,Favorable
humidity_favorable_low_edge_warm_period,humidity,30.0,17,32.1,PROPOSED-HFIS,12.444029850746269,Favorable
humidity_favorable_low_edge_warm_period,humidity,30.0,18,32.4,PROPOSED-HFIS,12.444029850746269,Favorable
humidity_favorable_low_edge_warm_period,humidity,30.0,19,32.7,PROPOSED-HFIS,12.444029850746269,Favorable
humidity_favorable_low_edge_warm_period,humidity,30.0,20,33.0,PROPOSED-HFIS,12.444029850746269,Favorable
humidity_favorable_low_edge_warm_period,humidity,30.0,0,27.0,WEIGHTED-MEAN,20.796019900497512,Favorable
humidity_favorable_low_edge_warm_period,humidity,30.0,1,27.3,WEIGHTED-MEAN,20.796019900497512,Favorable
humidity_favorable_low_edge_warm_period,humidity,30.0,2,27.6,WEIGHTED-MEAN,20.796019900497512,Favorable
humidity_favorable_low_edge_warm_period,humidity,30.0,3,27.9,WEIGHTED-MEAN,20.796019900497512,Favorable
humidity_favorable_low_edge_warm_period,humidity,30.0,4,28.2,WEIGHTED-MEAN,20.796019900497512,Favorable
humidity_favorable_low_edge_warm_period,humidity,30.0,5,28.5,WEIGHTED-MEAN,20.796019900497512,Favorable
humidity_favorable_low_edge_warm_period,humidity,30.0,6,28.8,WEIGHTED-MEAN,19.97480476105528,Favorable
humidity_favorable_low_edge_warm_period,humidity,30.0,7,29.1,WEIGHTED-MEAN,19.1556004415747,Favorable
humidity_favorable_low_edge_warm_period,humidity,30.0,8,29.4,WEIGHTED-MEAN,18.33660337825604,Favorable
humidity_favorable_low_edge_warm_period,humidity,30.0,9,29.7,WEIGHTED-MEAN,17.516031434522887,Favorable
humidity_favorable_low_edge_warm_period,humidity,30.0,10,30.0,WEIGHTED-MEAN,16.692110435476938,Favorable
humidity_favorable_low_edge_warm_period,humidity,30.0,11,30.3,WEIGHTED-MEAN,15.860834715312324,Favorable
humidity_favorable_low_edge_warm_period,humidity,30.0,12,30.6,WEIGHTED-MEAN,15.022257442709849,Favorable
humidity_favorable_low_edge_warm_period,humidity,30.0,13,30.9,WEIGHTED-MEAN,14.174535944381043,Favorable
humidity_favorable_low_edge_warm_period,humidity,30.0,14,31.2,WEIGHTED-MEAN,13.315778498381112,Favorable
humidity_favorable_low_edge_warm_period,humidity,30.0,15,31.5,WEIGHTED-MEAN,12.444029850746269,Favorable
humidity_favorable_low_edge_warm_period,humidity,30.0,16,31.8,WEIGHTED-MEAN,12.444029850746269,Favorable
humidity_favorable_low_edge_warm_period,humidity,30.0,17,32.1,WEIGHTED-MEAN,12.444029850746269,Favorable
humidity_favorable_low_edge_warm_period,humidity,30.0,18,32.4,WEIGHTED-MEAN,12.444029850746269,Favorable
humidity_favorable_low_edge_warm_period,humidity,30.0,19,32.7,WEIGHTED-MEAN,12.444029850746269,Favorable
humidity_favorable_low_edge_warm_period,humidity,30.0,20,33.0,WEIGHTED-MEAN,12.444029850746269,Favorable
pm10_breakpoint0,pm10,45.0,0,20.0,CRISP-MAX,12.444029850746269,Favorable
pm10_breakpoint0,pm10,45.0,1,22.5,CRISP-MAX,12.444029850746269,Favorable
pm10_breakpoint0,pm10,45.0,2,25.0,CRISP-MAX,12.444029850746269,Favorable
pm10_breakpoint0,pm10,45.0,3,27.5,CRISP-MAX,12.444029850746269,Favorable
pm10_breakpoint0,pm10,45.0,4,30.0,CRISP-MAX,12.444029850746269,Favorable
pm10_breakpoint0,pm10,45.0,5,32.5,CRISP-MAX,12.444029850746269,Favorable
pm10_breakpoint0,pm10,45.0,6,35.0,CRISP-MAX,15.05927579365079,Favorable
pm10_breakpoint0,pm10,45.0,7,37.5,CRISP-MAX,17.635548131650584,Favorable
pm10_breakpoint0,pm10,45.0,8,40.0,CRISP-MAX,20.17871262663702,Favorable
pm10_breakpoint0,pm10,45.0,9,42.5,CRISP-MAX,22.694444444444443,Favorable
pm10_breakpoint0,pm10,45.0,10,45.0,CRISP-MAX,25.188271604938272,Acceptable
pm10_breakpoint0,pm10,45.0,11,47.5,CRISP-MAX,27.66003460207613,Acceptable
pm10_breakpoint0,pm10,45.0,12,50.0,CRISP-MAX,30.12175043327556,Acceptable
pm10_breakpoint0,pm10,45.0,13,52.5,CRISP-MAX,32.578741623231565,Acceptable
pm10_breakpoint0,pm10,45.0,14,55.0,CRISP-MAX,35.03635458167331,Acceptable
pm10_breakpoint0,pm10,45.0,15,57.5,CRISP-MAX,37.5,Acceptable
pm10_breakpoint0,pm10,45.0,16,60.0,CRISP-MAX,37.5,Acceptable
pm10_breakpoint0,pm10,45.0,17,62.5,CRISP-MAX,37.5,Acceptable
pm10_breakpoint0,pm10,45.0,18,65.0,CRISP-MAX,40.069513406156894,Acceptable
pm10_breakpoint0,pm10,45.0,19,67.5,CRISP-MAX,42.592592592592595,Acceptable
pm10_breakpoint0,pm10,45.0,20,70.0,CRISP-MAX,45.08116084604033,Acceptable
pm10_breakpoint0,pm10,45.0,0,20.0,PROPOSED-HFIS,12.444029850746269,Favorable
pm10_breakpoint0,pm10,45.0,1,22.5,PROPOSED-HFIS,12.444029850746269,Favorable
pm10_breakpoint0,pm10,45.0,2,25.0,PROPOSED-HFIS,12.444029850746269,Favorable
pm10_breakpoint0,pm10,45.0,3,27.5,PROPOSED-HFIS,12.444029850746269,Favorable
pm10_breakpoint0,pm10,45.0,4,30.0,PROPOSED-HFIS,12.444029850746269,Favorable
pm10_breakpoint0,pm10,45.0,5,32.5,PROPOSED-HFIS,12.444029850746269,Favorable
pm10_breakpoint0,pm10,45.0,6,35.0,PROPOSED-HFIS,15.05927579365079,Favorable
pm10_breakpoint0,pm10,45.0,7,37.5,PROPOSED-HFIS,17.635548131650584,Favorable
pm10_breakpoint0,pm10,45.0,8,40.0,PROPOSED-HFIS,20.17871262663702,Favorable
pm10_breakpoint0,pm10,45.0,9,42.5,PROPOSED-HFIS,22.694444444444443,Favorable
pm10_breakpoint0,pm10,45.0,10,45.0,PROPOSED-HFIS,25.188271604938272,Acceptable
pm10_breakpoint0,pm10,45.0,11,47.5,PROPOSED-HFIS,27.66003460207613,Acceptable
pm10_breakpoint0,pm10,45.0,12,50.0,PROPOSED-HFIS,30.12175043327556,Acceptable
pm10_breakpoint0,pm10,45.0,13,52.5,PROPOSED-HFIS,32.578741623231565,Acceptable
pm10_breakpoint0,pm10,45.0,14,55.0,PROPOSED-HFIS,35.03635458167331,Acceptable
pm10_breakpoint0,pm10,45.0,15,57.5,PROPOSED-HFIS,37.5,Acceptable
pm10_breakpoint0,pm10,45.0,16,60.0,PROPOSED-HFIS,37.5,Acceptable
pm10_breakpoint0,pm10,45.0,17,62.5,PROPOSED-HFIS,37.5,Acceptable
pm10_breakpoint0,pm10,45.0,18,65.0,PROPOSED-HFIS,40.069513406156894,Acceptable
pm10_breakpoint0,pm10,45.0,19,67.5,PROPOSED-HFIS,42.592592592592595,Acceptable
pm10_breakpoint0,pm10,45.0,20,70.0,PROPOSED-HFIS,45.08116084604033,Acceptable
pm10_breakpoint0,pm10,45.0,0,20.0,WEIGHTED-MEAN,12.444029850746269,Favorable
pm10_breakpoint0,pm10,45.0,1,22.5,WEIGHTED-MEAN,12.444029850746269,Favorable
pm10_breakpoint0,pm10,45.0,2,25.0,WEIGHTED-MEAN,12.444029850746269,Favorable
pm10_breakpoint0,pm10,45.0,3,27.5,WEIGHTED-MEAN,12.444029850746269,Favorable
pm10_breakpoint0,pm10,45.0,4,30.0,WEIGHTED-MEAN,12.444029850746269,Favorable
pm10_breakpoint0,pm10,45.0,5,32.5,WEIGHTED-MEAN,12.444029850746269,Favorable
pm10_breakpoint0,pm10,45.0,6,35.0,WEIGHTED-MEAN,13.315778498381109,Favorable
pm10_breakpoint0,pm10,45.0,7,37.5,WEIGHTED-MEAN,14.17453594438104,Favorable
pm10_breakpoint0,pm10,45.0,8,40.0,WEIGHTED-MEAN,15.022257442709853,Favorable
pm10_breakpoint0,pm10,45.0,9,42.5,WEIGHTED-MEAN,15.860834715312327,Favorable
pm10_breakpoint0,pm10,45.0,10,45.0,WEIGHTED-MEAN,16.692110435476938,Favorable
pm10_breakpoint0,pm10,45.0,11,47.5,WEIGHTED-MEAN,17.51603143452289,Favorable
pm10_breakpoint0,pm10,45.0,12,50.0,WEIGHTED-MEAN,18.336603378256033,Favorable
pm10_breakpoint0,pm10,45.0,13,52.5,WEIGHTED-MEAN,19.155600441574702,Favorable
pm10_breakpoint0,pm10,45.0,14,55.0,WEIGHTED-MEAN,19.97480476105528,Favorable
pm10_breakpoint0,pm10,45.0,15,57.5,WEIGHTED-MEAN,20.796019900497512,Favorable
pm10_breakpoint0,pm10,45.0,16,60.0,WEIGHTED-MEAN,20.796019900497512,Favorable
pm10_breakpoint0,pm10,45.0,17,62.5,WEIGHTED-MEAN,20.796019900497512,Favorable
pm10_breakpoint0,pm10,45.0,18,65.0,WEIGHTED-MEAN,21.65252436921648,Favorable
pm10_breakpoint0,pm10,45.0,19,67.5,WEIGHTED-MEAN,22.493550764695044,Favorable
pm10_breakpoint0,pm10,45.0,20,70.0,WEIGHTED-MEAN,23.32307351584429,Favorable
pm10_breakpoint1,pm10,75.0,0,50.0,CRISP-MAX,30.12175043327556,Acceptable
pm10_breakpoint1,pm10,75.0,1,52.5,CRISP-MAX,32.578741623231565,Acceptable
pm10_breakpoint1,pm10,75.0,2,55.0,CRISP-MAX,35.03635458167331,Acceptable
pm10_breakpoint1,pm10,75.0,3,57.5,CRISP-MAX,37.5,Acceptable
pm10_breakpoint1,pm10,75.0,4,60.0,CRISP-MAX,37.5,Acceptable
pm10_breakpoint1,pm10,75.0,5,62.5,CRISP-MAX,37.5,Acceptable
pm10_breakpoint1,pm10,75.0,6,65.0,CRISP-MAX,40.069513406156894,Acceptable
pm10_breakpoint1,pm10,75.0,7,67.5,CRISP-MAX,42.592592592592595,Acceptable
pm10_breakpoint1,pm10,75.0,8,70.0,CRISP-MAX,45.08116084604033,Acceptable
pm10_breakpoint1,pm10,75.0,9,72.5,CRISP-MAX,47.54661432777233,Acceptable
pm10_breakpoint1,pm10,75.0,10,75.0,CRISP-MAX,50.0,Degraded
pm10_breakpoint1,pm10,75.0,11,77.5,CRISP-MAX,52.45338567222769,Degraded
pm10_breakpoint1,pm10,75.0,12,80.0,CRISP-MAX,54.91883915395965,Degraded
pm10_breakpoint1,pm10,75.0,13,82.5,CRISP-MAX,57.40740740740742,Degraded
pm10_breakpoint1,pm10,75.0,14,85.0,CRISP-MAX,59.9304865938431,Degraded
pm10_breakpoint1,pm10,75.0,15,87.5,CRISP-MAX,62.5,Degraded
pm10_breakpoint1,pm10,75.0,16,90.0,CRISP-MAX,64.96364541832668,Degraded
pm10_breakpoint1,pm10,75.0,17,92.5,CRISP-MAX,67.42125837676842,Degraded
pm10_breakpoint1,pm10,75.0,18,95.0,CRISP-MAX,69.87824956672443,Degraded
pm10_breakpoint1,pm10,75.0,19,97.5,CRISP-MAX,72.33996539792389,Degraded
pm10_breakpoint1,pm10,75.0,20,100.0,CRISP-MAX,74.81172839506173,Degraded
pm10_breakpoint1,pm10,75.0,0,50.0,PROPOSED-HFIS,30.12175043327556,Acceptable
pm10_breakpoint1,pm10,75.0,1,52.5,PROPOSED-HFIS,32.578741623231565,Acceptable
pm10_breakpoint1,pm10,75.0,2,55.0,PROPOSED-HFIS,35.03635458167331,Acceptable
pm10_breakpoint1,pm10,75.0,3,57.5,PROPOSED-HFIS,37.5,Acceptable
pm10_breakpoint1,pm10,75.0,4,60.0,PROPOSED-HFIS,37.5,Acceptable
pm10_breakpoint1,pm10,75.0,5,62.5,PROPOSED-HFIS,37.5,Acceptable
pm10_breakpoint1,pm10,75.0,6,65.0,PROPOSED-HFIS,40.069513406156894,Acceptable
pm10_breakpoint1,pm10,75.0,7,67.5,PROPOSED-HFIS,42.592592592592595,Acceptable
pm10_breakpoint1,pm10,75.0,8,70.0,PROPOSED-HFIS,45.08116084604033,Acceptable
pm10_breakpoint1,pm10,75.0,9,72.5,PROPOSED-HFIS,47.54661432777233,Acceptable
pm10_breakpoint1,pm10,75.0,10,75.0,PROPOSED-HFIS,50.0,Degraded
pm10_breakpoint1,pm10,75.0,11,77.5,PROPOSED-HFIS,52.45338567222769,Degraded
pm10_breakpoint1,pm10,75.0,12,80.0,PROPOSED-HFIS,54.91883915395965,Degraded
pm10_breakpoint1,pm10,75.0,13,82.5,PROPOSED-HFIS,57.40740740740742,Degraded
pm10_breakpoint1,pm10,75.0,14,85.0,PROPOSED-HFIS,59.9304865938431,Degraded
pm10_breakpoint1,pm10,75.0,15,87.5,PROPOSED-HFIS,62.5,Degraded
pm10_breakpoint1,pm10,75.0,16,90.0,PROPOSED-HFIS,64.96364541832668,Degraded
pm10_breakpoint1,pm10,75.0,17,92.5,PROPOSED-HFIS,67.42125837676842,Degraded
pm10_breakpoint1,pm10,75.0,18,95.0,PROPOSED-HFIS,69.87824956672443,Degraded
pm10_breakpoint1,pm10,75.0,19,97.5,PROPOSED-HFIS,72.33996539792389,Degraded
pm10_breakpoint1,pm10,75.0,20,100.0,PROPOSED-HFIS,74.81172839506173,Degraded
pm10_breakpoint1,pm10,75.0,0,50.0,WEIGHTED-MEAN,18.336603378256033,Favorable
pm10_breakpoint1,pm10,75.0,1,52.5,WEIGHTED-MEAN,19.155600441574702,Favorable
pm10_breakpoint1,pm10,75.0,2,55.0,WEIGHTED-MEAN,19.97480476105528,Favorable
pm10_breakpoint1,pm10,75.0,3,57.5,WEIGHTED-MEAN,20.796019900497512,Favorable
pm10_breakpoint1,pm10,75.0,4,60.0,WEIGHTED-MEAN,20.796019900497512,Favorable
pm10_breakpoint1,pm10,75.0,5,62.5,WEIGHTED-MEAN,20.796019900497512,Favorable
pm10_breakpoint1,pm10,75.0,6,65.0,WEIGHTED-MEAN,21.65252436921648,Favorable
pm10_breakpoint1,pm10,75.0,7,67.5,WEIGHTED-MEAN,22.493550764695044,Favorable
pm10_breakpoint1,pm10,75.0,8,70.0,WEIGHTED-MEAN,23.32307351584429,Favorable
pm10_breakpoint1,pm10,75.0,9,72.5,WEIGHTED-MEAN,24.14489134308829,Favorable
pm10_breakpoint1,pm10,75.0,10,75.0,WEIGHTED-MEAN,24.96268656716418,Favorable
pm10_breakpoint1,pm10,75.0,11,77.5,WEIGHTED-MEAN,25.780481791240078,Acceptable
pm10_breakpoint1,pm10,75.0,12,80.0,WEIGHTED-MEAN,26.602299618484064,Acceptable
pm10_breakpoint1,pm10,75.0,13,82.5,WEIGHTED-MEAN,27.43182236963332,Acceptable
pm10_breakpoint1,pm10,75.0,14,85.0,WEIGHTED-MEAN,28.272848765111878,Acceptable
pm10_breakpoint1,pm10,75.0,15,87.5,WEIGHTED-MEAN,29.129353233830845,Acceptable
pm10_breakpoint1,pm10,75.0,16,90.0,WEIGHTED-MEAN,29.95056837327307,Acceptable
pm10_breakpoint1,pm10,75.0,17,92.5,WEIGHTED-MEAN,30.76977269275365,Acceptable
pm10_breakpoint1,pm10,75.0,18,95.0,WEIGHTED-MEAN,31.588769756072324,Acceptable
pm10_breakpoint1,pm10,75.0,19,97.5,WEIGHTED-MEAN,32.40934169980547,Acceptable
pm10_breakpoint1,pm10,75.0,20,100.0,WEIGHTED-MEAN,33.233262698851426,Acceptable
pm10_breakpoint2,pm10,100.0,0,75.0,CRISP-MAX,50.0,Degraded
pm10_breakpoint2,pm10,100.0,1,77.5,CRISP-MAX,52.45338567222769,Degraded
pm10_breakpoint2,pm10,100.0,2,80.0,CRISP-MAX,54.91883915395965,Degraded
pm10_breakpoint2,pm10,100.0,3,82.5,CRISP-MAX,57.40740740740742,Degraded
pm10_breakpoint2,pm10,100.0,4,85.0,CRISP-MAX,59.9304865938431,Degraded
pm10_breakpoint2,pm10,100.0,5,87.5,CRISP-MAX,62.5,Degraded
pm10_breakpoint2,pm10,100.0,6,90.0,CRISP-MAX,64.96364541832668,Degraded
pm10_breakpoint2,pm10,100.0,7,92.5,CRISP-MAX,67.42125837676842,Degraded
pm10_breakpoint2,pm10,100.0,8,95.0,CRISP-MAX,69.87824956672443,Degraded
pm10_breakpoint2,pm10,100.0,9,97.5,CRISP-MAX,72.33996539792389,Degraded
pm10_breakpoint2,pm10,100.0,10,100.0,CRISP-MAX,74.81172839506173,Degraded
pm10_breakpoint2,pm10,100.0,11,102.5,CRISP-MAX,77.30555555555557,Critical
pm10_breakpoint2,pm10,100.0,12,105.0,CRISP-MAX,79.82128737336299,Critical
pm10_breakpoint2,pm10,100.0,13,107.5,CRISP-MAX,82.36445186834943,Critical
pm10_breakpoint2,pm10,100.0,14,110.0,CRISP-MAX,84.94072420634919,Critical
pm10_breakpoint2,pm10,100.0,15,112.5,CRISP-MAX,87.55597014925372,Critical
pm10_breakpoint2,pm10,100.0,16,115.0,CRISP-MAX,87.55597014925372,Critical
pm10_breakpoint2,pm10,100.0,17,117.5,CRISP-MAX,87.55597014925372,Critical
pm10_breakpoint2,pm10,100.0,18,120.0,CRISP-MAX,87.55597014925372,Critical
pm10_breakpoint2,pm10,100.0,19,122.5,CRISP-MAX,87.55597014925372,Critical
pm10_breakpoint2,pm10,100.0,20,125.0,CRISP-MAX,87.55597014925372,Critical
pm10_breakpoint2,pm10,100.0,0,75.0,PROPOSED-HFIS,50.0,Degraded
pm10_breakpoint2,pm10,100.0,1,77.5,PROPOSED-HFIS,52.45338567222769,Degraded
pm10_breakpoint2,pm10,100.0,2,80.0,PROPOSED-HFIS,54.91883915395965,Degraded
pm10_breakpoint2,pm10,100.0,3,82.5,PROPOSED-HFIS,57.40740740740742,Degraded
pm10_breakpoint2,pm10,100.0,4,85.0,PROPOSED-HFIS,59.9304865938431,Degraded
pm10_breakpoint2,pm10,100.0,5,87.5,PROPOSED-HFIS,62.5,Degraded
pm10_breakpoint2,pm10,100.0,6,90.0,PROPOSED-HFIS,64.96364541832668,Degraded
pm10_breakpoint2,pm10,100.0,7,92.5,PROPOSED-HFIS,67.42125837676842,Degraded
pm10_breakpoint2,pm10,100.0,8,95.0,PROPOSED-HFIS,69.87824956672443,Degraded
pm10_breakpoint2,pm10,100.0,9,97.5,PROPOSED-HFIS,72.33996539792389,Degraded
pm10_breakpoint2,pm10,100.0,10,100.0,PROPOSED-HFIS,74.81172839506173,Degraded
pm10_breakpoint2,pm10,100.0,11,102.5,PROPOSED-HFIS,77.30555555555557,Critical
pm10_breakpoint2,pm10,100.0,12,105.0,PROPOSED-HFIS,79.82128737336299,Critical
pm10_breakpoint2,pm10,100.0,13,107.5,PROPOSED-HFIS,82.36445186834943,Critical
pm10_breakpoint2,pm10,100.0,14,110.0,PROPOSED-HFIS,84.94072420634919,Critical
pm10_breakpoint2,pm10,100.0,15,112.5,PROPOSED-HFIS,87.55597014925372,Critical
pm10_breakpoint2,pm10,100.0,16,115.0,PROPOSED-HFIS,87.55597014925372,Critical
pm10_breakpoint2,pm10,100.0,17,117.5,PROPOSED-HFIS,87.55597014925372,Critical
pm10_breakpoint2,pm10,100.0,18,120.0,PROPOSED-HFIS,87.55597014925372,Critical
pm10_breakpoint2,pm10,100.0,19,122.5,PROPOSED-HFIS,87.55597014925372,Critical
pm10_breakpoint2,pm10,100.0,20,125.0,PROPOSED-HFIS,87.55597014925372,Critical
pm10_breakpoint2,pm10,100.0,0,75.0,WEIGHTED-MEAN,24.96268656716418,Favorable
pm10_breakpoint2,pm10,100.0,1,77.5,WEIGHTED-MEAN,25.780481791240078,Acceptable
pm10_breakpoint2,pm10,100.0,2,80.0,WEIGHTED-MEAN,26.602299618484064,Acceptable
pm10_breakpoint2,pm10,100.0,3,82.5,WEIGHTED-MEAN,27.43182236963332,Acceptable
pm10_breakpoint2,pm10,100.0,4,85.0,WEIGHTED-MEAN,28.272848765111878,Acceptable
pm10_breakpoint2,pm10,100.0,5,87.5,WEIGHTED-MEAN,29.129353233830845,Acceptable
pm10_breakpoint2,pm10,100.0,6,90.0,WEIGHTED-MEAN,29.95056837327307,Acceptable
pm10_breakpoint2,pm10,100.0,7,92.5,WEIGHTED-MEAN,30.76977269275365,Acceptable
pm10_breakpoint2,pm10,100.0,8,95.0,WEIGHTED-MEAN,31.588769756072324,Acceptable
pm10_breakpoint2,pm10,100.0,9,97.5,WEIGHTED-MEAN,32.40934169980547,Acceptable
pm10_breakpoint2,pm10,100.0,10,100.0,WEIGHTED-MEAN,33.233262698851426,Acceptable
pm10_breakpoint2,pm10,100.0,11,102.5,WEIGHTED-MEAN,34.06453841901604,Acceptable
pm10_breakpoint2,pm10,100.0,12,105.0,WEIGHTED-MEAN,34.90311569161851,Acceptable
pm10_breakpoint2,pm10,100.0,13,107.5,WEIGHTED-MEAN,35.750837189947326,Acceptable
pm10_breakpoint2,pm10,100.0,14,110.0,WEIGHTED-MEAN,36.60959463594724,Acceptable
pm10_breakpoint2,pm10,100.0,15,112.5,WEIGHTED-MEAN,37.481343283582085,Acceptable
pm10_breakpoint2,pm10,100.0,16,115.0,WEIGHTED-MEAN,37.481343283582085,Acceptable
pm10_breakpoint2,pm10,100.0,17,117.5,WEIGHTED-MEAN,37.481343283582085,Acceptable
pm10_breakpoint2,pm10,100.0,18,120.0,WEIGHTED-MEAN,37.481343283582085,Acceptable
pm10_breakpoint2,pm10,100.0,19,122.5,WEIGHTED-MEAN,37.481343283582085,Acceptable
pm10_breakpoint2,pm10,100.0,20,125.0,WEIGHTED-MEAN,37.481343283582085,Acceptable
pm2_5_breakpoint0,pm2_5,15.0,0,10.0,CRISP-MAX,12.444029850746269,Favorable
pm2_5_breakpoint0,pm2_5,15.0,1,10.5,CRISP-MAX,12.444029850746269,Favorable
pm2_5_breakpoint0,pm2_5,15.0,2,11.0,CRISP-MAX,12.444029850746269,Favorable
pm2_5_breakpoint0,pm2_5,15.0,3,11.5,CRISP-MAX,12.444029850746269,Favorable
pm2_5_breakpoint0,pm2_5,15.0,4,12.0,CRISP-MAX,12.444029850746269,Favorable
pm2_5_breakpoint0,pm2_5,15.0,5,12.5,CRISP-MAX,12.444029850746269,Favorable
pm2_5_breakpoint0,pm2_5,15.0,6,13.0,CRISP-MAX,15.05927579365079,Favorable
pm2_5_breakpoint0,pm2_5,15.0,7,13.5,CRISP-MAX,17.635548131650584,Favorable
pm2_5_breakpoint0,pm2_5,15.0,8,14.0,CRISP-MAX,20.17871262663702,Favorable
pm2_5_breakpoint0,pm2_5,15.0,9,14.5,CRISP-MAX,22.694444444444443,Favorable
pm2_5_breakpoint0,pm2_5,15.0,10,15.0,CRISP-MAX,25.188271604938272,Acceptable
pm2_5_breakpoint0,pm2_5,15.0,11,15.5,CRISP-MAX,27.66003460207613,Acceptable
pm2_5_breakpoint0,pm2_5,15.0,12,16.0,CRISP-MAX,30.12175043327556,Acceptable
pm2_5_breakpoint0,pm2_5,15.0,13,16.5,CRISP-MAX,32.578741623231565,Acceptable
pm2_5_breakpoint0,pm2_5,15.0,14,17.0,CRISP-MAX,35.03635458167331,Acceptable
pm2_5_breakpoint0,pm2_5,15.0,15,17.5,CRISP-MAX,37.5,Acceptable
pm2_5_breakpoint0,pm2_5,15.0,16,18.0,CRISP-MAX,37.5,Acceptable
pm2_5_breakpoint0,pm2_5,15.0,17,18.5,CRISP-MAX,37.5,Acceptable
pm2_5_breakpoint0,pm2_5,15.0,18,19.0,CRISP-MAX,37.5,Acceptable
pm2_5_breakpoint0,pm2_5,15.0,19,19.5,CRISP-MAX,37.5,Acceptable
pm2_5_breakpoint0,pm2_5,15.0,20,20.0,CRISP-MAX,37.5,Acceptable
pm2_5_breakpoint0,pm2_5,15.0,0,10.0,PROPOSED-HFIS,12.444029850746269,Favorable
pm2_5_breakpoint0,pm2_5,15.0,1,10.5,PROPOSED-HFIS,12.444029850746269,Favorable
pm2_5_breakpoint0,pm2_5,15.0,2,11.0,PROPOSED-HFIS,12.444029850746269,Favorable
pm2_5_breakpoint0,pm2_5,15.0,3,11.5,PROPOSED-HFIS,12.444029850746269,Favorable
pm2_5_breakpoint0,pm2_5,15.0,4,12.0,PROPOSED-HFIS,12.444029850746269,Favorable
pm2_5_breakpoint0,pm2_5,15.0,5,12.5,PROPOSED-HFIS,12.444029850746269,Favorable
pm2_5_breakpoint0,pm2_5,15.0,6,13.0,PROPOSED-HFIS,15.05927579365079,Favorable
pm2_5_breakpoint0,pm2_5,15.0,7,13.5,PROPOSED-HFIS,17.635548131650584,Favorable
pm2_5_breakpoint0,pm2_5,15.0,8,14.0,PROPOSED-HFIS,20.17871262663702,Favorable
pm2_5_breakpoint0,pm2_5,15.0,9,14.5,PROPOSED-HFIS,22.694444444444443,Favorable
pm2_5_breakpoint0,pm2_5,15.0,10,15.0,PROPOSED-HFIS,25.188271604938272,Acceptable
pm2_5_breakpoint0,pm2_5,15.0,11,15.5,PROPOSED-HFIS,27.66003460207613,Acceptable
pm2_5_breakpoint0,pm2_5,15.0,12,16.0,PROPOSED-HFIS,30.12175043327556,Acceptable
pm2_5_breakpoint0,pm2_5,15.0,13,16.5,PROPOSED-HFIS,32.578741623231565,Acceptable
pm2_5_breakpoint0,pm2_5,15.0,14,17.0,PROPOSED-HFIS,35.03635458167331,Acceptable
pm2_5_breakpoint0,pm2_5,15.0,15,17.5,PROPOSED-HFIS,37.5,Acceptable
pm2_5_breakpoint0,pm2_5,15.0,16,18.0,PROPOSED-HFIS,37.5,Acceptable
pm2_5_breakpoint0,pm2_5,15.0,17,18.5,PROPOSED-HFIS,37.5,Acceptable
pm2_5_breakpoint0,pm2_5,15.0,18,19.0,PROPOSED-HFIS,37.5,Acceptable
pm2_5_breakpoint0,pm2_5,15.0,19,19.5,PROPOSED-HFIS,37.5,Acceptable
pm2_5_breakpoint0,pm2_5,15.0,20,20.0,PROPOSED-HFIS,37.5,Acceptable
pm2_5_breakpoint0,pm2_5,15.0,0,10.0,WEIGHTED-MEAN,12.444029850746269,Favorable
pm2_5_breakpoint0,pm2_5,15.0,1,10.5,WEIGHTED-MEAN,12.444029850746269,Favorable
pm2_5_breakpoint0,pm2_5,15.0,2,11.0,WEIGHTED-MEAN,12.444029850746269,Favorable
pm2_5_breakpoint0,pm2_5,15.0,3,11.5,WEIGHTED-MEAN,12.444029850746269,Favorable
pm2_5_breakpoint0,pm2_5,15.0,4,12.0,WEIGHTED-MEAN,12.444029850746269,Favorable
pm2_5_breakpoint0,pm2_5,15.0,5,12.5,WEIGHTED-MEAN,12.444029850746269,Favorable
pm2_5_breakpoint0,pm2_5,15.0,6,13.0,WEIGHTED-MEAN,13.315778498381109,Favorable
pm2_5_breakpoint0,pm2_5,15.0,7,13.5,WEIGHTED-MEAN,14.17453594438104,Favorable
pm2_5_breakpoint0,pm2_5,15.0,8,14.0,WEIGHTED-MEAN,15.022257442709853,Favorable
pm2_5_breakpoint0,pm2_5,15.0,9,14.5,WEIGHTED-MEAN,15.860834715312327,Favorable
pm2_5_breakpoint0,pm2_5,15.0,10,15.0,WEIGHTED-MEAN,16.692110435476938,Favorable
pm2_5_breakpoint0,pm2_5,15.0,11,15.5,WEIGHTED-MEAN,17.51603143452289,Favorable
pm2_5_breakpoint0,pm2_5,15.0,12,16.0,WEIGHTED-MEAN,18.336603378256033,Favorable
pm2_5_breakpoint0,pm2_5,15.0,13,16.5,WEIGHTED-MEAN,19.155600441574702,Favorable
pm2_5_breakpoint0,pm2_5,15.0,14,17.0,WEIGHTED-MEAN,19.97480476105528,Favorable
pm2_5_breakpoint0,pm2_5,15.0,15,17.5,WEIGHTED-MEAN,20.796019900497512,Favorable
pm2_5_breakpoint0,pm2_5,15.0,16,18.0,WEIGHTED-MEAN,20.796019900497512,Favorable
pm2_5_breakpoint0,pm2_5,15.0,17,18.5,WEIGHTED-MEAN,20.796019900497512,Favorable
pm2_5_breakpoint0,pm2_5,15.0,18,19.0,WEIGHTED-MEAN,20.796019900497512,Favorable
pm2_5_breakpoint0,pm2_5,15.0,19,19.5,WEIGHTED-MEAN,20.796019900497512,Favorable
pm2_5_breakpoint0,pm2_5,15.0,20,20.0,WEIGHTED-MEAN,20.796019900497512,Favorable
pm2_5_breakpoint1,pm2_5,25.0,0,20.0,CRISP-MAX,37.5,Acceptable
pm2_5_breakpoint1,pm2_5,25.0,1,20.5,CRISP-MAX,37.5,Acceptable
pm2_5_breakpoint1,pm2_5,25.0,2,21.0,CRISP-MAX,37.5,Acceptable
pm2_5_breakpoint1,pm2_5,25.0,3,21.5,CRISP-MAX,37.5,Acceptable
pm2_5_breakpoint1,pm2_5,25.0,4,22.0,CRISP-MAX,37.5,Acceptable
pm2_5_breakpoint1,pm2_5,25.0,5,22.5,CRISP-MAX,37.5,Acceptable
pm2_5_breakpoint1,pm2_5,25.0,6,23.0,CRISP-MAX,40.069513406156894,Acceptable
pm2_5_breakpoint1,pm2_5,25.0,7,23.5,CRISP-MAX,42.592592592592595,Acceptable
pm2_5_breakpoint1,pm2_5,25.0,8,24.0,CRISP-MAX,45.08116084604033,Acceptable
pm2_5_breakpoint1,pm2_5,25.0,9,24.5,CRISP-MAX,47.54661432777233,Acceptable
pm2_5_breakpoint1,pm2_5,25.0,10,25.0,CRISP-MAX,50.0,Degraded
pm2_5_breakpoint1,pm2_5,25.0,11,25.5,CRISP-MAX,52.45338567222769,Degraded
pm2_5_breakpoint1,pm2_5,25.0,12,26.0,CRISP-MAX,54.91883915395965,Degraded
pm2_5_breakpoint1,pm2_5,25.0,13,26.5,CRISP-MAX,57.40740740740742,Degraded
pm2_5_breakpoint1,pm2_5,25.0,14,27.0,CRISP-MAX,59.9304865938431,Degraded
pm2_5_breakpoint1,pm2_5,25.0,15,27.5,CRISP-MAX,62.5,Degraded
pm2_5_breakpoint1,pm2_5,25.0,16,28.0,CRISP-MAX,62.5,Degraded
pm2_5_breakpoint1,pm2_5,25.0,17,28.5,CRISP-MAX,62.5,Degraded
pm2_5_breakpoint1,pm2_5,25.0,18,29.0,CRISP-MAX,62.5,Degraded
pm2_5_breakpoint1,pm2_5,25.0,19,29.5,CRISP-MAX,62.5,Degraded
pm2_5_breakpoint1,pm2_5,25.0,20,30.0,CRISP-MAX,62.5,Degraded
pm2_5_breakpoint1,pm2_5,25.0,0,20.0,PROPOSED-HFIS,37.5,Acceptable
pm2_5_breakpoint1,pm2_5,25.0,1,20.5,PROPOSED-HFIS,37.5,Acceptable
pm2_5_breakpoint1,pm2_5,25.0,2,21.0,PROPOSED-HFIS,37.5,Acceptable
pm2_5_breakpoint1,pm2_5,25.0,3,21.5,PROPOSED-HFIS,37.5,Acceptable
pm2_5_breakpoint1,pm2_5,25.0,4,22.0,PROPOSED-HFIS,37.5,Acceptable
pm2_5_breakpoint1,pm2_5,25.0,5,22.5,PROPOSED-HFIS,37.5,Acceptable
pm2_5_breakpoint1,pm2_5,25.0,6,23.0,PROPOSED-HFIS,40.069513406156894,Acceptable
pm2_5_breakpoint1,pm2_5,25.0,7,23.5,PROPOSED-HFIS,42.592592592592595,Acceptable
pm2_5_breakpoint1,pm2_5,25.0,8,24.0,PROPOSED-HFIS,45.08116084604033,Acceptable
pm2_5_breakpoint1,pm2_5,25.0,9,24.5,PROPOSED-HFIS,47.54661432777233,Acceptable
pm2_5_breakpoint1,pm2_5,25.0,10,25.0,PROPOSED-HFIS,50.0,Degraded
pm2_5_breakpoint1,pm2_5,25.0,11,25.5,PROPOSED-HFIS,52.45338567222769,Degraded
pm2_5_breakpoint1,pm2_5,25.0,12,26.0,PROPOSED-HFIS,54.91883915395965,Degraded
pm2_5_breakpoint1,pm2_5,25.0,13,26.5,PROPOSED-HFIS,57.40740740740742,Degraded
pm2_5_breakpoint1,pm2_5,25.0,14,27.0,PROPOSED-HFIS,59.9304865938431,Degraded
pm2_5_breakpoint1,pm2_5,25.0,15,27.5,PROPOSED-HFIS,62.5,Degraded
pm2_5_breakpoint1,pm2_5,25.0,16,28.0,PROPOSED-HFIS,62.5,Degraded
pm2_5_breakpoint1,pm2_5,25.0,17,28.5,PROPOSED-HFIS,62.5,Degraded
pm2_5_breakpoint1,pm2_5,25.0,18,29.0,PROPOSED-HFIS,62.5,Degraded
pm2_5_breakpoint1,pm2_5,25.0,19,29.5,PROPOSED-HFIS,62.5,Degraded
pm2_5_breakpoint1,pm2_5,25.0,20,30.0,PROPOSED-HFIS,62.5,Degraded
pm2_5_breakpoint1,pm2_5,25.0,0,20.0,WEIGHTED-MEAN,20.796019900497512,Favorable
pm2_5_breakpoint1,pm2_5,25.0,1,20.5,WEIGHTED-MEAN,20.796019900497512,Favorable
pm2_5_breakpoint1,pm2_5,25.0,2,21.0,WEIGHTED-MEAN,20.796019900497512,Favorable
pm2_5_breakpoint1,pm2_5,25.0,3,21.5,WEIGHTED-MEAN,20.796019900497512,Favorable
pm2_5_breakpoint1,pm2_5,25.0,4,22.0,WEIGHTED-MEAN,20.796019900497512,Favorable
pm2_5_breakpoint1,pm2_5,25.0,5,22.5,WEIGHTED-MEAN,20.796019900497512,Favorable
pm2_5_breakpoint1,pm2_5,25.0,6,23.0,WEIGHTED-MEAN,21.65252436921648,Favorable
pm2_5_breakpoint1,pm2_5,25.0,7,23.5,WEIGHTED-MEAN,22.493550764695044,Favorable
pm2_5_breakpoint1,pm2_5,25.0,8,24.0,WEIGHTED-MEAN,23.32307351584429,Favorable
pm2_5_breakpoint1,pm2_5,25.0,9,24.5,WEIGHTED-MEAN,24.14489134308829,Favorable
pm2_5_breakpoint1,pm2_5,25.0,10,25.0,WEIGHTED-MEAN,24.96268656716418,Favorable
pm2_5_breakpoint1,pm2_5,25.0,11,25.5,WEIGHTED-MEAN,25.780481791240078,Acceptable
pm2_5_breakpoint1,pm2_5,25.0,12,26.0,WEIGHTED-MEAN,26.602299618484064,Acceptable
pm2_5_breakpoint1,pm2_5,25.0,13,26.5,WEIGHTED-MEAN,27.43182236963332,Acceptable
pm2_5_breakpoint1,pm2_5,25.0,14,27.0,WEIGHTED-MEAN,28.272848765111878,Acceptable
pm2_5_breakpoint1,pm2_5,25.0,15,27.5,WEIGHTED-MEAN,29.129353233830845,Acceptable
pm2_5_breakpoint1,pm2_5,25.0,16,28.0,WEIGHTED-MEAN,29.129353233830845,Acceptable
pm2_5_breakpoint1,pm2_5,25.0,17,28.5,WEIGHTED-MEAN,29.129353233830845,Acceptable
pm2_5_breakpoint1,pm2_5,25.0,18,29.0,WEIGHTED-MEAN,29.129353233830845,Acceptable
pm2_5_breakpoint1,pm2_5,25.0,19,29.5,WEIGHTED-MEAN,29.129353233830845,Acceptable
pm2_5_breakpoint1,pm2_5,25.0,20,30.0,WEIGHTED-MEAN,29.129353233830845,Acceptable
pm2_5_breakpoint2,pm2_5,50.0,0,45.0,CRISP-MAX,62.5,Degraded
pm2_5_breakpoint2,pm2_5,50.0,1,45.5,CRISP-MAX,62.5,Degraded
pm2_5_breakpoint2,pm2_5,50.0,2,46.0,CRISP-MAX,62.5,Degraded
pm2_5_breakpoint2,pm2_5,50.0,3,46.5,CRISP-MAX,62.5,Degraded
pm2_5_breakpoint2,pm2_5,50.0,4,47.0,CRISP-MAX,62.5,Degraded
pm2_5_breakpoint2,pm2_5,50.0,5,47.5,CRISP-MAX,62.5,Degraded
pm2_5_breakpoint2,pm2_5,50.0,6,48.0,CRISP-MAX,64.96364541832668,Degraded
pm2_5_breakpoint2,pm2_5,50.0,7,48.5,CRISP-MAX,67.42125837676842,Degraded
pm2_5_breakpoint2,pm2_5,50.0,8,49.0,CRISP-MAX,69.87824956672443,Degraded
pm2_5_breakpoint2,pm2_5,50.0,9,49.5,CRISP-MAX,72.33996539792389,Degraded
pm2_5_breakpoint2,pm2_5,50.0,10,50.0,CRISP-MAX,74.81172839506173,Degraded
pm2_5_breakpoint2,pm2_5,50.0,11,50.5,CRISP-MAX,77.30555555555557,Critical
pm2_5_breakpoint2,pm2_5,50.0,12,51.0,CRISP-MAX,79.82128737336299,Critical
pm2_5_breakpoint2,pm2_5,50.0,13,51.5,CRISP-MAX,82.36445186834943,Critical
pm2_5_breakpoint2,pm2_5,50.0,14,52.0,CRISP-MAX,84.94072420634919,Critical
pm2_5_breakpoint2,pm2_5,50.0,15,52.5,CRISP-MAX,87.55597014925372,Critical
pm2_5_breakpoint2,pm2_5,50.0,16,53.0,CRISP-MAX,87.55597014925372,Critical
pm2_5_breakpoint2,pm2_5,50.0,17,53.5,CRISP-MAX,87.55597014925372,Critical
pm2_5_breakpoint2,pm2_5,50.0,18,54.0,CRISP-MAX,87.55597014925372,Critical
pm2_5_breakpoint2,pm2_5,50.0,19,54.5,CRISP-MAX,87.55597014925372,Critical
pm2_5_breakpoint2,pm2_5,50.0,20,55.0,CRISP-MAX,87.55597014925372,Critical
pm2_5_breakpoint2,pm2_5,50.0,0,45.0,PROPOSED-HFIS,62.5,Degraded
pm2_5_breakpoint2,pm2_5,50.0,1,45.5,PROPOSED-HFIS,62.5,Degraded
pm2_5_breakpoint2,pm2_5,50.0,2,46.0,PROPOSED-HFIS,62.5,Degraded
pm2_5_breakpoint2,pm2_5,50.0,3,46.5,PROPOSED-HFIS,62.5,Degraded
pm2_5_breakpoint2,pm2_5,50.0,4,47.0,PROPOSED-HFIS,62.5,Degraded
pm2_5_breakpoint2,pm2_5,50.0,5,47.5,PROPOSED-HFIS,62.5,Degraded
pm2_5_breakpoint2,pm2_5,50.0,6,48.0,PROPOSED-HFIS,64.96364541832668,Degraded
pm2_5_breakpoint2,pm2_5,50.0,7,48.5,PROPOSED-HFIS,67.42125837676842,Degraded
pm2_5_breakpoint2,pm2_5,50.0,8,49.0,PROPOSED-HFIS,69.87824956672443,Degraded
pm2_5_breakpoint2,pm2_5,50.0,9,49.5,PROPOSED-HFIS,72.33996539792389,Degraded
pm2_5_breakpoint2,pm2_5,50.0,10,50.0,PROPOSED-HFIS,74.81172839506173,Degraded
pm2_5_breakpoint2,pm2_5,50.0,11,50.5,PROPOSED-HFIS,77.30555555555557,Critical
pm2_5_breakpoint2,pm2_5,50.0,12,51.0,PROPOSED-HFIS,79.82128737336299,Critical
pm2_5_breakpoint2,pm2_5,50.0,13,51.5,PROPOSED-HFIS,82.36445186834943,Critical
pm2_5_breakpoint2,pm2_5,50.0,14,52.0,PROPOSED-HFIS,84.94072420634919,Critical
pm2_5_breakpoint2,pm2_5,50.0,15,52.5,PROPOSED-HFIS,87.55597014925372,Critical
pm2_5_breakpoint2,pm2_5,50.0,16,53.0,PROPOSED-HFIS,87.55597014925372,Critical
pm2_5_breakpoint2,pm2_5,50.0,17,53.5,PROPOSED-HFIS,87.55597014925372,Critical
pm2_5_breakpoint2,pm2_5,50.0,18,54.0,PROPOSED-HFIS,87.55597014925372,Critical
pm2_5_breakpoint2,pm2_5,50.0,19,54.5,PROPOSED-HFIS,87.55597014925372,Critical
pm2_5_breakpoint2,pm2_5,50.0,20,55.0,PROPOSED-HFIS,87.55597014925372,Critical
pm2_5_breakpoint2,pm2_5,50.0,0,45.0,WEIGHTED-MEAN,29.129353233830845,Acceptable
pm2_5_breakpoint2,pm2_5,50.0,1,45.5,WEIGHTED-MEAN,29.129353233830845,Acceptable
pm2_5_breakpoint2,pm2_5,50.0,2,46.0,WEIGHTED-MEAN,29.129353233830845,Acceptable
pm2_5_breakpoint2,pm2_5,50.0,3,46.5,WEIGHTED-MEAN,29.129353233830845,Acceptable
pm2_5_breakpoint2,pm2_5,50.0,4,47.0,WEIGHTED-MEAN,29.129353233830845,Acceptable
pm2_5_breakpoint2,pm2_5,50.0,5,47.5,WEIGHTED-MEAN,29.129353233830845,Acceptable
pm2_5_breakpoint2,pm2_5,50.0,6,48.0,WEIGHTED-MEAN,29.95056837327307,Acceptable
pm2_5_breakpoint2,pm2_5,50.0,7,48.5,WEIGHTED-MEAN,30.76977269275365,Acceptable
pm2_5_breakpoint2,pm2_5,50.0,8,49.0,WEIGHTED-MEAN,31.588769756072324,Acceptable
pm2_5_breakpoint2,pm2_5,50.0,9,49.5,WEIGHTED-MEAN,32.40934169980547,Acceptable
pm2_5_breakpoint2,pm2_5,50.0,10,50.0,WEIGHTED-MEAN,33.233262698851426,Acceptable
pm2_5_breakpoint2,pm2_5,50.0,11,50.5,WEIGHTED-MEAN,34.06453841901604,Acceptable
pm2_5_breakpoint2,pm2_5,50.0,12,51.0,WEIGHTED-MEAN,34.90311569161851,Acceptable
pm2_5_breakpoint2,pm2_5,50.0,13,51.5,WEIGHTED-MEAN,35.750837189947326,Acceptable
pm2_5_breakpoint2,pm2_5,50.0,14,52.0,WEIGHTED-MEAN,36.60959463594724,Acceptable
pm2_5_breakpoint2,pm2_5,50.0,15,52.5,WEIGHTED-MEAN,37.481343283582085,Acceptable
pm2_5_breakpoint2,pm2_5,50.0,16,53.0,WEIGHTED-MEAN,37.481343283582085,Acceptable
pm2_5_breakpoint2,pm2_5,50.0,17,53.5,WEIGHTED-MEAN,37.481343283582085,Acceptable
pm2_5_breakpoint2,pm2_5,50.0,18,54.0,WEIGHTED-MEAN,37.481343283582085,Acceptable
pm2_5_breakpoint2,pm2_5,50.0,19,54.5,WEIGHTED-MEAN,37.481343283582085,Acceptable
pm2_5_breakpoint2,pm2_5,50.0,20,55.0,WEIGHTED-MEAN,37.481343283582085,Acceptable
temperature_acceptable_high_edge_warm_period,temperature,25.5,0,25.0,CRISP-MAX,12.444029850746269,Favorable
temperature_acceptable_high_edge_warm_period,temperature,25.5,1,25.05,CRISP-MAX,12.444029850746269,Favorable
temperature_acceptable_high_edge_warm_period,temperature,25.5,2,25.1,CRISP-MAX,12.444029850746269,Favorable
temperature_acceptable_high_edge_warm_period,temperature,25.5,3,25.15,CRISP-MAX,12.444029850746269,Favorable
temperature_acceptable_high_edge_warm_period,temperature,25.5,4,25.2,CRISP-MAX,12.444029850746269,Favorable
temperature_acceptable_high_edge_warm_period,temperature,25.5,5,25.25,CRISP-MAX,12.444029850746269,Favorable
temperature_acceptable_high_edge_warm_period,temperature,25.5,6,25.3,CRISP-MAX,15.05927579365083,Favorable
temperature_acceptable_high_edge_warm_period,temperature,25.5,7,25.35,CRISP-MAX,17.635548131650655,Favorable
temperature_acceptable_high_edge_warm_period,temperature,25.5,8,25.4,CRISP-MAX,20.178712626636944,Favorable
temperature_acceptable_high_edge_warm_period,temperature,25.5,9,25.45,CRISP-MAX,22.694444444444407,Favorable
temperature_acceptable_high_edge_warm_period,temperature,25.5,10,25.5,CRISP-MAX,25.188271604938272,Acceptable
temperature_acceptable_high_edge_warm_period,temperature,25.5,11,25.55,CRISP-MAX,27.66003460207616,Acceptable
temperature_acceptable_high_edge_warm_period,temperature,25.5,12,25.6,CRISP-MAX,30.121750433275636,Acceptable
temperature_acceptable_high_edge_warm_period,temperature,25.5,13,25.65,CRISP-MAX,32.5787416232315,Acceptable
temperature_acceptable_high_edge_warm_period,temperature,25.5,14,25.7,CRISP-MAX,35.03635458167327,Acceptable
temperature_acceptable_high_edge_warm_period,temperature,25.5,15,25.75,CRISP-MAX,37.5,Acceptable
temperature_acceptable_high_edge_warm_period,temperature,25.5,16,25.8,CRISP-MAX,40.069513406156936,Acceptable
temperature_acceptable_high_edge_warm_period,temperature,25.5,17,25.85,CRISP-MAX,42.592592592592666,Acceptable
temperature_acceptable_high_edge_warm_period,temperature,25.5,18,25.9,CRISP-MAX,45.08116084604027,Acceptable
temperature_acceptable_high_edge_warm_period,temperature,25.5,19,25.95,CRISP-MAX,47.54661432777229,Acceptable
temperature_acceptable_high_edge_warm_period,temperature,25.5,20,26.0,CRISP-MAX,50.0,Degraded
temperature_acceptable_high_edge_warm_period,temperature,25.5,0,25.0,PROPOSED-HFIS,12.444029850746269,Favorable
temperature_acceptable_high_edge_warm_period,temperature,25.5,1,25.05,PROPOSED-HFIS,12.444029850746269,Favorable
temperature_acceptable_high_edge_warm_period,temperature,25.5,2,25.1,PROPOSED-HFIS,12.444029850746269,Favorable
temperature_acceptable_high_edge_warm_period,temperature,25.5,3,25.15,PROPOSED-HFIS,12.444029850746269,Favorable
temperature_acceptable_high_edge_warm_period,temperature,25.5,4,25.2,PROPOSED-HFIS,12.444029850746269,Favorable
temperature_acceptable_high_edge_warm_period,temperature,25.5,5,25.25,PROPOSED-HFIS,12.444029850746269,Favorable
temperature_acceptable_high_edge_warm_period,temperature,25.5,6,25.3,PROPOSED-HFIS,15.05927579365083,Favorable
temperature_acceptable_high_edge_warm_period,temperature,25.5,7,25.35,PROPOSED-HFIS,17.635548131650655,Favorable
temperature_acceptable_high_edge_warm_period,temperature,25.5,8,25.4,PROPOSED-HFIS,20.178712626636944,Favorable
temperature_acceptable_high_edge_warm_period,temperature,25.5,9,25.45,PROPOSED-HFIS,22.694444444444407,Favorable
temperature_acceptable_high_edge_warm_period,temperature,25.5,10,25.5,PROPOSED-HFIS,25.188271604938272,Acceptable
temperature_acceptable_high_edge_warm_period,temperature,25.5,11,25.55,PROPOSED-HFIS,27.66003460207616,Acceptable
temperature_acceptable_high_edge_warm_period,temperature,25.5,12,25.6,PROPOSED-HFIS,30.121750433275636,Acceptable
temperature_acceptable_high_edge_warm_period,temperature,25.5,13,25.65,PROPOSED-HFIS,32.5787416232315,Acceptable
temperature_acceptable_high_edge_warm_period,temperature,25.5,14,25.7,PROPOSED-HFIS,35.03635458167327,Acceptable
temperature_acceptable_high_edge_warm_period,temperature,25.5,15,25.75,PROPOSED-HFIS,37.5,Acceptable
temperature_acceptable_high_edge_warm_period,temperature,25.5,16,25.8,PROPOSED-HFIS,40.069513406156936,Acceptable
temperature_acceptable_high_edge_warm_period,temperature,25.5,17,25.85,PROPOSED-HFIS,42.592592592592666,Acceptable
temperature_acceptable_high_edge_warm_period,temperature,25.5,18,25.9,PROPOSED-HFIS,45.08116084604027,Acceptable
temperature_acceptable_high_edge_warm_period,temperature,25.5,19,25.95,PROPOSED-HFIS,47.54661432777229,Acceptable
temperature_acceptable_high_edge_warm_period,temperature,25.5,20,26.0,PROPOSED-HFIS,50.0,Degraded
temperature_acceptable_high_edge_warm_period,temperature,25.5,0,25.0,WEIGHTED-MEAN,12.444029850746269,Favorable
temperature_acceptable_high_edge_warm_period,temperature,25.5,1,25.05,WEIGHTED-MEAN,12.444029850746269,Favorable
temperature_acceptable_high_edge_warm_period,temperature,25.5,2,25.1,WEIGHTED-MEAN,12.444029850746269,Favorable
temperature_acceptable_high_edge_warm_period,temperature,25.5,3,25.15,WEIGHTED-MEAN,12.444029850746269,Favorable
temperature_acceptable_high_edge_warm_period,temperature,25.5,4,25.2,WEIGHTED-MEAN,12.444029850746269,Favorable
temperature_acceptable_high_edge_warm_period,temperature,25.5,5,25.25,WEIGHTED-MEAN,12.444029850746269,Favorable
temperature_acceptable_high_edge_warm_period,temperature,25.5,6,25.3,WEIGHTED-MEAN,13.315778498381121,Favorable
temperature_acceptable_high_edge_warm_period,temperature,25.5,7,25.35,WEIGHTED-MEAN,14.174535944381063,Favorable
temperature_acceptable_high_edge_warm_period,temperature,25.5,8,25.4,WEIGHTED-MEAN,15.022257442709828,Favorable
temperature_acceptable_high_edge_warm_period,temperature,25.5,9,25.45,WEIGHTED-MEAN,15.860834715312315,Favorable
temperature_acceptable_high_edge_warm_period,temperature,25.5,10,25.5,WEIGHTED-MEAN,16.692110435476938,Favorable
temperature_acceptable_high_edge_warm_period,temperature,25.5,11,25.55,WEIGHTED-MEAN,17.516031434522898,Favorable
temperature_acceptable_high_edge_warm_period,temperature,25.5,12,25.6,WEIGHTED-MEAN,18.336603378256058,Favorable
temperature_acceptable_high_edge_warm_period,temperature,25.5,13,25.65,WEIGHTED-MEAN,19.15560044157468,Favorable
temperature_acceptable_high_edge_warm_period,temperature,25.5,14,25.7,WEIGHTED-MEAN,19.97480476105527,Favorable
temperature_acceptable_high_edge_warm_period,temperature,25.5,15,25.75,WEIGHTED-MEAN,20.796019900497512,Favorable
temperature_acceptable_high_edge_warm_period,temperature,25.5,16,25.8,WEIGHTED-MEAN,21.65252436921649,Favorable
temperature_acceptable_high_edge_warm_period,temperature,25.5,17,25.85,WEIGHTED-MEAN,22.49355076469507,Favorable
temperature_acceptable_high_edge_warm_period,temperature,25.5,18,25.9,WEIGHTED-MEAN,23.32307351584427,Favorable
temperature_acceptable_high_edge_warm_period,temperature,25.5,19,25.95,WEIGHTED-MEAN,24.144891343088275,Favorable
temperature_acceptable_high_edge_warm_period,temperature,25.5,20,26.0,WEIGHTED-MEAN,24.96268656716418,Favorable
temperature_acceptable_low_edge_warm_period,temperature,23.5,0,23.0,CRISP-MAX,50.0,Degraded
temperature_acceptable_low_edge_warm_period,temperature,23.5,1,23.05,CRISP-MAX,47.54661432777229,Acceptable
temperature_acceptable_low_edge_warm_period,temperature,23.5,2,23.1,CRISP-MAX,45.08116084604027,Acceptable
temperature_acceptable_low_edge_warm_period,temperature,23.5,3,23.15,CRISP-MAX,42.592592592592666,Acceptable
temperature_acceptable_low_edge_warm_period,temperature,23.5,4,23.2,CRISP-MAX,40.069513406156936,Acceptable
temperature_acceptable_low_edge_warm_period,temperature,23.5,5,23.25,CRISP-MAX,37.5,Acceptable
temperature_acceptable_low_edge_warm_period,temperature,23.5,6,23.3,CRISP-MAX,35.03635458167327,Acceptable
temperature_acceptable_low_edge_warm_period,temperature,23.5,7,23.35,CRISP-MAX,32.5787416232315,Acceptable
temperature_acceptable_low_edge_warm_period,temperature,23.5,8,23.4,CRISP-MAX,30.121750433275636,Acceptable
temperature_acceptable_low_edge_warm_period,temperature,23.5,9,23.45,CRISP-MAX,27.66003460207616,Acceptable
temperature_acceptable_low_edge_warm_period,temperature,23.5,10,23.5,CRISP-MAX,25.188271604938272,Acceptable
temperature_acceptable_low_edge_warm_period,temperature,23.5,11,23.55,CRISP-MAX,22.694444444444407,Favorable
temperature_acceptable_low_edge_warm_period,temperature,23.5,12,23.6,CRISP-MAX,20.178712626636944,Favorable
temperature_acceptable_low_edge_warm_period,temperature,23.5,13,23.65,CRISP-MAX,17.635548131650655,Favorable
temperature_acceptable_low_edge_warm_period,temperature,23.5,14,23.7,CRISP-MAX,15.05927579365083,Favorable
temperature_acceptable_low_edge_warm_period,temperature,23.5,15,23.75,CRISP-MAX,12.444029850746269,Favorable
temperature_acceptable_low_edge_warm_period,temperature,23.5,16,23.8,CRISP-MAX,12.444029850746269,Favorable
temperature_acceptable_low_edge_warm_period,temperature,23.5,17,23.85,CRISP-MAX,12.444029850746269,Favorable
temperature_acceptable_low_edge_warm_period,temperature,23.5,18,23.9,CRISP-MAX,12.444029850746269,Favorable
temperature_acceptable_low_edge_warm_period,temperature,23.5,19,23.95,CRISP-MAX,12.444029850746269,Favorable
temperature_acceptable_low_edge_warm_period,temperature,23.5,20,24.0,CRISP-MAX,12.444029850746269,Favorable
temperature_acceptable_low_edge_warm_period,temperature,23.5,0,23.0,PROPOSED-HFIS,50.0,Degraded
temperature_acceptable_low_edge_warm_period,temperature,23.5,1,23.05,PROPOSED-HFIS,47.54661432777229,Acceptable
temperature_acceptable_low_edge_warm_period,temperature,23.5,2,23.1,PROPOSED-HFIS,45.08116084604027,Acceptable
temperature_acceptable_low_edge_warm_period,temperature,23.5,3,23.15,PROPOSED-HFIS,42.592592592592666,Acceptable
temperature_acceptable_low_edge_warm_period,temperature,23.5,4,23.2,PROPOSED-HFIS,40.069513406156936,Acceptable
temperature_acceptable_low_edge_warm_period,temperature,23.5,5,23.25,PROPOSED-HFIS,37.5,Acceptable
temperature_acceptable_low_edge_warm_period,temperature,23.5,6,23.3,PROPOSED-HFIS,35.03635458167327,Acceptable
temperature_acceptable_low_edge_warm_period,temperature,23.5,7,23.35,PROPOSED-HFIS,32.5787416232315,Acceptable
temperature_acceptable_low_edge_warm_period,temperature,23.5,8,23.4,PROPOSED-HFIS,30.121750433275636,Acceptable
temperature_acceptable_low_edge_warm_period,temperature,23.5,9,23.45,PROPOSED-HFIS,27.66003460207616,Acceptable
temperature_acceptable_low_edge_warm_period,temperature,23.5,10,23.5,PROPOSED-HFIS,25.188271604938272,Acceptable
temperature_acceptable_low_edge_warm_period,temperature,23.5,11,23.55,PROPOSED-HFIS,22.694444444444407,Favorable
temperature_acceptable_low_edge_warm_period,temperature,23.5,12,23.6,PROPOSED-HFIS,20.178712626636944,Favorable
temperature_acceptable_low_edge_warm_period,temperature,23.5,13,23.65,PROPOSED-HFIS,17.635548131650655,Favorable
temperature_acceptable_low_edge_warm_period,temperature,23.5,14,23.7,PROPOSED-HFIS,15.05927579365083,Favorable
temperature_acceptable_low_edge_warm_period,temperature,23.5,15,23.75,PROPOSED-HFIS,12.444029850746269,Favorable
temperature_acceptable_low_edge_warm_period,temperature,23.5,16,23.8,PROPOSED-HFIS,12.444029850746269,Favorable
temperature_acceptable_low_edge_warm_period,temperature,23.5,17,23.85,PROPOSED-HFIS,12.444029850746269,Favorable
temperature_acceptable_low_edge_warm_period,temperature,23.5,18,23.9,PROPOSED-HFIS,12.444029850746269,Favorable
temperature_acceptable_low_edge_warm_period,temperature,23.5,19,23.95,PROPOSED-HFIS,12.444029850746269,Favorable
temperature_acceptable_low_edge_warm_period,temperature,23.5,20,24.0,PROPOSED-HFIS,12.444029850746269,Favorable
temperature_acceptable_low_edge_warm_period,temperature,23.5,0,23.0,WEIGHTED-MEAN,24.96268656716418,Favorable
temperature_acceptable_low_edge_warm_period,temperature,23.5,1,23.05,WEIGHTED-MEAN,24.144891343088275,Favorable
temperature_acceptable_low_edge_warm_period,temperature,23.5,2,23.1,WEIGHTED-MEAN,23.32307351584427,Favorable
temperature_acceptable_low_edge_warm_period,temperature,23.5,3,23.15,WEIGHTED-MEAN,22.49355076469507,Favorable
temperature_acceptable_low_edge_warm_period,temperature,23.5,4,23.2,WEIGHTED-MEAN,21.65252436921649,Favorable
temperature_acceptable_low_edge_warm_period,temperature,23.5,5,23.25,WEIGHTED-MEAN,20.796019900497512,Favorable
temperature_acceptable_low_edge_warm_period,temperature,23.5,6,23.3,WEIGHTED-MEAN,19.97480476105527,Favorable
temperature_acceptable_low_edge_warm_period,temperature,23.5,7,23.35,WEIGHTED-MEAN,19.15560044157468,Favorable
temperature_acceptable_low_edge_warm_period,temperature,23.5,8,23.4,WEIGHTED-MEAN,18.336603378256058,Favorable
temperature_acceptable_low_edge_warm_period,temperature,23.5,9,23.45,WEIGHTED-MEAN,17.516031434522898,Favorable
temperature_acceptable_low_edge_warm_period,temperature,23.5,10,23.5,WEIGHTED-MEAN,16.692110435476938,Favorable
temperature_acceptable_low_edge_warm_period,temperature,23.5,11,23.55,WEIGHTED-MEAN,15.860834715312315,Favorable
temperature_acceptable_low_edge_warm_period,temperature,23.5,12,23.6,WEIGHTED-MEAN,15.022257442709828,Favorable
temperature_acceptable_low_edge_warm_period,temperature,23.5,13,23.65,WEIGHTED-MEAN,14.174535944381063,Favorable
temperature_acceptable_low_edge_warm_period,temperature,23.5,14,23.7,WEIGHTED-MEAN,13.315778498381121,Favorable
temperature_acceptable_low_edge_warm_period,temperature,23.5,15,23.75,WEIGHTED-MEAN,12.444029850746269,Favorable
temperature_acceptable_low_edge_warm_period,temperature,23.5,16,23.8,WEIGHTED-MEAN,12.444029850746269,Favorable
temperature_acceptable_low_edge_warm_period,temperature,23.5,17,23.85,WEIGHTED-MEAN,12.444029850746269,Favorable
temperature_acceptable_low_edge_warm_period,temperature,23.5,18,23.9,WEIGHTED-MEAN,12.444029850746269,Favorable
temperature_acceptable_low_edge_warm_period,temperature,23.5,19,23.95,WEIGHTED-MEAN,12.444029850746269,Favorable
temperature_acceptable_low_edge_warm_period,temperature,23.5,20,24.0,WEIGHTED-MEAN,12.444029850746269,Favorable
temperature_critical_high_warm_period,temperature,27.0,0,26.5,CRISP-MAX,62.5,Degraded
temperature_critical_high_warm_period,temperature,27.0,1,26.55,CRISP-MAX,62.5,Degraded
temperature_critical_high_warm_period,temperature,27.0,2,26.6,CRISP-MAX,62.5,Degraded
temperature_critical_high_warm_period,temperature,27.0,3,26.65,CRISP-MAX,62.5,Degraded
temperature_critical_high_warm_period,temperature,27.0,4,26.7,CRISP-MAX,62.5,Degraded
temperature_critical_high_warm_period,temperature,27.0,5,26.75,CRISP-MAX,62.5,Degraded
temperature_critical_high_warm_period,temperature,27.0,6,26.8,CRISP-MAX,64.96364541832673,Degraded
temperature_critical_high_warm_period,temperature,27.0,7,26.85,CRISP-MAX,67.4212583767685,Degraded
temperature_critical_high_warm_period,temperature,27.0,8,26.9,CRISP-MAX,69.87824956672436,Degraded
temperature_critical_high_warm_period,temperature,27.0,9,26.95,CRISP-MAX,72.33996539792383,Degraded
temperature_critical_high_warm_period,temperature,27.0,10,27.0,CRISP-MAX,74.81172839506173,Degraded
temperature_critical_high_warm_period,temperature,27.0,11,27.05,CRISP-MAX,77.30555555555559,Critical
temperature_critical_high_warm_period,temperature,27.0,12,27.1,CRISP-MAX,79.82128737336306,Critical
temperature_critical_high_warm_period,temperature,27.0,13,27.15,CRISP-MAX,82.36445186834936,Critical
temperature_critical_high_warm_period,temperature,27.0,14,27.2,CRISP-MAX,84.94072420634917,Critical
temperature_critical_high_warm_period,temperature,27.0,15,27.25,CRISP-MAX,87.55597014925372,Critical
temperature_critical_high_warm_period,temperature,27.0,16,27.3,CRISP-MAX,87.55597014925372,Critical
temperature_critical_high_warm_period,temperature,27.0,17,27.35,CRISP-MAX,87.55597014925372,Critical
temperature_critical_high_warm_period,temperature,27.0,18,27.4,CRISP-MAX,87.55597014925372,Critical
temperature_critical_high_warm_period,temperature,27.0,19,27.45,CRISP-MAX,87.55597014925372,Critical
temperature_critical_high_warm_period,temperature,27.0,20,27.5,CRISP-MAX,87.55597014925372,Critical
temperature_critical_high_warm_period,temperature,27.0,0,26.5,PROPOSED-HFIS,62.5,Degraded
temperature_critical_high_warm_period,temperature,27.0,1,26.55,PROPOSED-HFIS,62.5,Degraded
temperature_critical_high_warm_period,temperature,27.0,2,26.6,PROPOSED-HFIS,62.5,Degraded
temperature_critical_high_warm_period,temperature,27.0,3,26.65,PROPOSED-HFIS,62.5,Degraded
temperature_critical_high_warm_period,temperature,27.0,4,26.7,PROPOSED-HFIS,62.5,Degraded
temperature_critical_high_warm_period,temperature,27.0,5,26.75,PROPOSED-HFIS,62.5,Degraded
temperature_critical_high_warm_period,temperature,27.0,6,26.8,PROPOSED-HFIS,64.96364541832673,Degraded
temperature_critical_high_warm_period,temperature,27.0,7,26.85,PROPOSED-HFIS,67.4212583767685,Degraded
temperature_critical_high_warm_period,temperature,27.0,8,26.9,PROPOSED-HFIS,69.87824956672436,Degraded
temperature_critical_high_warm_period,temperature,27.0,9,26.95,PROPOSED-HFIS,72.33996539792383,Degraded
temperature_critical_high_warm_period,temperature,27.0,10,27.0,PROPOSED-HFIS,74.81172839506173,Degraded
temperature_critical_high_warm_period,temperature,27.0,11,27.05,PROPOSED-HFIS,77.30555555555559,Critical
temperature_critical_high_warm_period,temperature,27.0,12,27.1,PROPOSED-HFIS,79.82128737336306,Critical
temperature_critical_high_warm_period,temperature,27.0,13,27.15,PROPOSED-HFIS,82.36445186834936,Critical
temperature_critical_high_warm_period,temperature,27.0,14,27.2,PROPOSED-HFIS,84.94072420634917,Critical
temperature_critical_high_warm_period,temperature,27.0,15,27.25,PROPOSED-HFIS,87.55597014925372,Critical
temperature_critical_high_warm_period,temperature,27.0,16,27.3,PROPOSED-HFIS,87.55597014925372,Critical
temperature_critical_high_warm_period,temperature,27.0,17,27.35,PROPOSED-HFIS,87.55597014925372,Critical
temperature_critical_high_warm_period,temperature,27.0,18,27.4,PROPOSED-HFIS,87.55597014925372,Critical
temperature_critical_high_warm_period,temperature,27.0,19,27.45,PROPOSED-HFIS,87.55597014925372,Critical
temperature_critical_high_warm_period,temperature,27.0,20,27.5,PROPOSED-HFIS,87.55597014925372,Critical
temperature_critical_high_warm_period,temperature,27.0,0,26.5,WEIGHTED-MEAN,29.129353233830845,Acceptable
temperature_critical_high_warm_period,temperature,27.0,1,26.55,WEIGHTED-MEAN,29.129353233830845,Acceptable
temperature_critical_high_warm_period,temperature,27.0,2,26.6,WEIGHTED-MEAN,29.129353233830845,Acceptable
temperature_critical_high_warm_period,temperature,27.0,3,26.65,WEIGHTED-MEAN,29.129353233830845,Acceptable
temperature_critical_high_warm_period,temperature,27.0,4,26.7,WEIGHTED-MEAN,29.129353233830845,Acceptable
temperature_critical_high_warm_period,temperature,27.0,5,26.75,WEIGHTED-MEAN,29.129353233830845,Acceptable
temperature_critical_high_warm_period,temperature,27.0,6,26.8,WEIGHTED-MEAN,29.95056837327309,Acceptable
temperature_critical_high_warm_period,temperature,27.0,7,26.85,WEIGHTED-MEAN,30.76977269275368,Acceptable
temperature_critical_high_warm_period,temperature,27.0,8,26.9,WEIGHTED-MEAN,31.5887697560723,Acceptable
temperature_critical_high_warm_period,temperature,27.0,9,26.95,WEIGHTED-MEAN,32.40934169980546,Acceptable
temperature_critical_high_warm_period,temperature,27.0,10,27.0,WEIGHTED-MEAN,33.233262698851426,Acceptable
temperature_critical_high_warm_period,temperature,27.0,11,27.05,WEIGHTED-MEAN,34.06453841901604,Acceptable
temperature_critical_high_warm_period,temperature,27.0,12,27.1,WEIGHTED-MEAN,34.90311569161853,Acceptable
temperature_critical_high_warm_period,temperature,27.0,13,27.15,WEIGHTED-MEAN,35.7508371899473,Acceptable
temperature_critical_high_warm_period,temperature,27.0,14,27.2,WEIGHTED-MEAN,36.60959463594724,Acceptable
temperature_critical_high_warm_period,temperature,27.0,15,27.25,WEIGHTED-MEAN,37.481343283582085,Acceptable
temperature_critical_high_warm_period,temperature,27.0,16,27.3,WEIGHTED-MEAN,37.481343283582085,Acceptable
temperature_critical_high_warm_period,temperature,27.0,17,27.35,WEIGHTED-MEAN,37.481343283582085,Acceptable
temperature_critical_high_warm_period,temperature,27.0,18,27.4,WEIGHTED-MEAN,37.481343283582085,Acceptable
temperature_critical_high_warm_period,temperature,27.0,19,27.45,WEIGHTED-MEAN,37.481343283582085,Acceptable
temperature_critical_high_warm_period,temperature,27.0,20,27.5,WEIGHTED-MEAN,37.481343283582085,Acceptable
temperature_critical_low_warm_period,temperature,22.0,0,21.5,CRISP-MAX,87.55597014925372,Critical
temperature_critical_low_warm_period,temperature,22.0,1,21.55,CRISP-MAX,87.55597014925372,Critical
temperature_critical_low_warm_period,temperature,22.0,2,21.6,CRISP-MAX,87.55597014925372,Critical
temperature_critical_low_warm_period,temperature,22.0,3,21.65,CRISP-MAX,87.55597014925372,Critical
temperature_critical_low_warm_period,temperature,22.0,4,21.7,CRISP-MAX,87.55597014925372,Critical
temperature_critical_low_warm_period,temperature,22.0,5,21.75,CRISP-MAX,87.55597014925372,Critical
temperature_critical_low_warm_period,temperature,22.0,6,21.8,CRISP-MAX,84.94072420634917,Critical
temperature_critical_low_warm_period,temperature,22.0,7,21.85,CRISP-MAX,82.36445186834936,Critical
temperature_critical_low_warm_period,temperature,22.0,8,21.9,CRISP-MAX,79.82128737336306,Critical
temperature_critical_low_warm_period,temperature,22.0,9,21.95,CRISP-MAX,77.30555555555559,Critical
temperature_critical_low_warm_period,temperature,22.0,10,22.0,CRISP-MAX,74.81172839506173,Degraded
temperature_critical_low_warm_period,temperature,22.0,11,22.05,CRISP-MAX,72.33996539792383,Degraded
temperature_critical_low_warm_period,temperature,22.0,12,22.1,CRISP-MAX,69.87824956672436,Degraded
temperature_critical_low_warm_period,temperature,22.0,13,22.15,CRISP-MAX,67.4212583767685,Degraded
temperature_critical_low_warm_period,temperature,22.0,14,22.2,CRISP-MAX,64.96364541832673,Degraded
temperature_critical_low_warm_period,temperature,22.0,15,22.25,CRISP-MAX,62.5,Degraded
temperature_critical_low_warm_period,temperature,22.0,16,22.3,CRISP-MAX,62.5,Degraded
temperature_critical_low_warm_period,temperature,22.0,17,22.35,CRISP-MAX,62.5,Degraded
temperature_critical_low_warm_period,temperature,22.0,18,22.4,CRISP-MAX,62.5,Degraded
temperature_critical_low_warm_period,temperature,22.0,19,22.45,CRISP-MAX,62.5,Degraded
temperature_critical_low_warm_period,temperature,22.0,20,22.5,CRISP-MAX,62.5,Degraded
temperature_critical_low_warm_period,temperature,22.0,0,21.5,PROPOSED-HFIS,87.55597014925372,Critical
temperature_critical_low_warm_period,temperature,22.0,1,21.55,PROPOSED-HFIS,87.55597014925372,Critical
temperature_critical_low_warm_period,temperature,22.0,2,21.6,PROPOSED-HFIS,87.55597014925372,Critical
temperature_critical_low_warm_period,temperature,22.0,3,21.65,PROPOSED-HFIS,87.55597014925372,Critical
temperature_critical_low_warm_period,temperature,22.0,4,21.7,PROPOSED-HFIS,87.55597014925372,Critical
temperature_critical_low_warm_period,temperature,22.0,5,21.75,PROPOSED-HFIS,87.55597014925372,Critical
temperature_critical_low_warm_period,temperature,22.0,6,21.8,PROPOSED-HFIS,84.94072420634917,Critical
temperature_critical_low_warm_period,temperature,22.0,7,21.85,PROPOSED-HFIS,82.36445186834936,Critical
temperature_critical_low_warm_period,temperature,22.0,8,21.9,PROPOSED-HFIS,79.82128737336306,Critical
temperature_critical_low_warm_period,temperature,22.0,9,21.95,PROPOSED-HFIS,77.30555555555559,Critical
temperature_critical_low_warm_period,temperature,22.0,10,22.0,PROPOSED-HFIS,74.81172839506173,Degraded
temperature_critical_low_warm_period,temperature,22.0,11,22.05,PROPOSED-HFIS,72.33996539792383,Degraded
temperature_critical_low_warm_period,temperature,22.0,12,22.1,PROPOSED-HFIS,69.87824956672436,Degraded
temperature_critical_low_warm_period,temperature,22.0,13,22.15,PROPOSED-HFIS,67.4212583767685,Degraded
temperature_critical_low_warm_period,temperature,22.0,14,22.2,PROPOSED-HFIS,64.96364541832673,Degraded
temperature_critical_low_warm_period,temperature,22.0,15,22.25,PROPOSED-HFIS,62.5,Degraded
temperature_critical_low_warm_period,temperature,22.0,16,22.3,PROPOSED-HFIS,62.5,Degraded
temperature_critical_low_warm_period,temperature,22.0,17,22.35,PROPOSED-HFIS,62.5,Degraded
temperature_critical_low_warm_period,temperature,22.0,18,22.4,PROPOSED-HFIS,62.5,Degraded
temperature_critical_low_warm_period,temperature,22.0,19,22.45,PROPOSED-HFIS,62.5,Degraded
temperature_critical_low_warm_period,temperature,22.0,20,22.5,PROPOSED-HFIS,62.5,Degraded
temperature_critical_low_warm_period,temperature,22.0,0,21.5,WEIGHTED-MEAN,37.481343283582085,Acceptable
temperature_critical_low_warm_period,temperature,22.0,1,21.55,WEIGHTED-MEAN,37.481343283582085,Acceptable
temperature_critical_low_warm_period,temperature,22.0,2,21.6,WEIGHTED-MEAN,37.481343283582085,Acceptable
temperature_critical_low_warm_period,temperature,22.0,3,21.65,WEIGHTED-MEAN,37.481343283582085,Acceptable
temperature_critical_low_warm_period,temperature,22.0,4,21.7,WEIGHTED-MEAN,37.481343283582085,Acceptable
temperature_critical_low_warm_period,temperature,22.0,5,21.75,WEIGHTED-MEAN,37.481343283582085,Acceptable
temperature_critical_low_warm_period,temperature,22.0,6,21.8,WEIGHTED-MEAN,36.60959463594724,Acceptable
temperature_critical_low_warm_period,temperature,22.0,7,21.85,WEIGHTED-MEAN,35.7508371899473,Acceptable
temperature_critical_low_warm_period,temperature,22.0,8,21.9,WEIGHTED-MEAN,34.90311569161853,Acceptable
temperature_critical_low_warm_period,temperature,22.0,9,21.95,WEIGHTED-MEAN,34.06453841901604,Acceptable
temperature_critical_low_warm_period,temperature,22.0,10,22.0,WEIGHTED-MEAN,33.233262698851426,Acceptable
temperature_critical_low_warm_period,temperature,22.0,11,22.05,WEIGHTED-MEAN,32.40934169980546,Acceptable
temperature_critical_low_warm_period,temperature,22.0,12,22.1,WEIGHTED-MEAN,31.5887697560723,Acceptable
temperature_critical_low_warm_period,temperature,22.0,13,22.15,WEIGHTED-MEAN,30.76977269275368,Acceptable
temperature_critical_low_warm_period,temperature,22.0,14,22.2,WEIGHTED-MEAN,29.95056837327309,Acceptable
temperature_critical_low_warm_period,temperature,22.0,15,22.25,WEIGHTED-MEAN,29.129353233830845,Acceptable
temperature_critical_low_warm_period,temperature,22.0,16,22.3,WEIGHTED-MEAN,29.129353233830845,Acceptable
temperature_critical_low_warm_period,temperature,22.0,17,22.35,WEIGHTED-MEAN,29.129353233830845,Acceptable
temperature_critical_low_warm_period,temperature,22.0,18,22.4,WEIGHTED-MEAN,29.129353233830845,Acceptable
temperature_critical_low_warm_period,temperature,22.0,19,22.45,WEIGHTED-MEAN,29.129353233830845,Acceptable
temperature_critical_low_warm_period,temperature,22.0,20,22.5,WEIGHTED-MEAN,29.129353233830845,Acceptable
temperature_favorable_high_edge_warm_period,temperature,25.5,0,25.0,CRISP-MAX,12.444029850746269,Favorable
temperature_favorable_high_edge_warm_period,temperature,25.5,1,25.05,CRISP-MAX,12.444029850746269,Favorable
temperature_favorable_high_edge_warm_period,temperature,25.5,2,25.1,CRISP-MAX,12.444029850746269,Favorable
temperature_favorable_high_edge_warm_period,temperature,25.5,3,25.15,CRISP-MAX,12.444029850746269,Favorable
temperature_favorable_high_edge_warm_period,temperature,25.5,4,25.2,CRISP-MAX,12.444029850746269,Favorable
temperature_favorable_high_edge_warm_period,temperature,25.5,5,25.25,CRISP-MAX,12.444029850746269,Favorable
temperature_favorable_high_edge_warm_period,temperature,25.5,6,25.3,CRISP-MAX,15.05927579365083,Favorable
temperature_favorable_high_edge_warm_period,temperature,25.5,7,25.35,CRISP-MAX,17.635548131650655,Favorable
temperature_favorable_high_edge_warm_period,temperature,25.5,8,25.4,CRISP-MAX,20.178712626636944,Favorable
temperature_favorable_high_edge_warm_period,temperature,25.5,9,25.45,CRISP-MAX,22.694444444444407,Favorable
temperature_favorable_high_edge_warm_period,temperature,25.5,10,25.5,CRISP-MAX,25.188271604938272,Acceptable
temperature_favorable_high_edge_warm_period,temperature,25.5,11,25.55,CRISP-MAX,27.66003460207616,Acceptable
temperature_favorable_high_edge_warm_period,temperature,25.5,12,25.6,CRISP-MAX,30.121750433275636,Acceptable
temperature_favorable_high_edge_warm_period,temperature,25.5,13,25.65,CRISP-MAX,32.5787416232315,Acceptable
temperature_favorable_high_edge_warm_period,temperature,25.5,14,25.7,CRISP-MAX,35.03635458167327,Acceptable
temperature_favorable_high_edge_warm_period,temperature,25.5,15,25.75,CRISP-MAX,37.5,Acceptable
temperature_favorable_high_edge_warm_period,temperature,25.5,16,25.8,CRISP-MAX,40.069513406156936,Acceptable
temperature_favorable_high_edge_warm_period,temperature,25.5,17,25.85,CRISP-MAX,42.592592592592666,Acceptable
temperature_favorable_high_edge_warm_period,temperature,25.5,18,25.9,CRISP-MAX,45.08116084604027,Acceptable
temperature_favorable_high_edge_warm_period,temperature,25.5,19,25.95,CRISP-MAX,47.54661432777229,Acceptable
temperature_favorable_high_edge_warm_period,temperature,25.5,20,26.0,CRISP-MAX,50.0,Degraded
temperature_favorable_high_edge_warm_period,temperature,25.5,0,25.0,PROPOSED-HFIS,12.444029850746269,Favorable
temperature_favorable_high_edge_warm_period,temperature,25.5,1,25.05,PROPOSED-HFIS,12.444029850746269,Favorable
temperature_favorable_high_edge_warm_period,temperature,25.5,2,25.1,PROPOSED-HFIS,12.444029850746269,Favorable
temperature_favorable_high_edge_warm_period,temperature,25.5,3,25.15,PROPOSED-HFIS,12.444029850746269,Favorable
temperature_favorable_high_edge_warm_period,temperature,25.5,4,25.2,PROPOSED-HFIS,12.444029850746269,Favorable
temperature_favorable_high_edge_warm_period,temperature,25.5,5,25.25,PROPOSED-HFIS,12.444029850746269,Favorable
temperature_favorable_high_edge_warm_period,temperature,25.5,6,25.3,PROPOSED-HFIS,15.05927579365083,Favorable
temperature_favorable_high_edge_warm_period,temperature,25.5,7,25.35,PROPOSED-HFIS,17.635548131650655,Favorable
temperature_favorable_high_edge_warm_period,temperature,25.5,8,25.4,PROPOSED-HFIS,20.178712626636944,Favorable
temperature_favorable_high_edge_warm_period,temperature,25.5,9,25.45,PROPOSED-HFIS,22.694444444444407,Favorable
temperature_favorable_high_edge_warm_period,temperature,25.5,10,25.5,PROPOSED-HFIS,25.188271604938272,Acceptable
temperature_favorable_high_edge_warm_period,temperature,25.5,11,25.55,PROPOSED-HFIS,27.66003460207616,Acceptable
temperature_favorable_high_edge_warm_period,temperature,25.5,12,25.6,PROPOSED-HFIS,30.121750433275636,Acceptable
temperature_favorable_high_edge_warm_period,temperature,25.5,13,25.65,PROPOSED-HFIS,32.5787416232315,Acceptable
temperature_favorable_high_edge_warm_period,temperature,25.5,14,25.7,PROPOSED-HFIS,35.03635458167327,Acceptable
temperature_favorable_high_edge_warm_period,temperature,25.5,15,25.75,PROPOSED-HFIS,37.5,Acceptable
temperature_favorable_high_edge_warm_period,temperature,25.5,16,25.8,PROPOSED-HFIS,40.069513406156936,Acceptable
temperature_favorable_high_edge_warm_period,temperature,25.5,17,25.85,PROPOSED-HFIS,42.592592592592666,Acceptable
temperature_favorable_high_edge_warm_period,temperature,25.5,18,25.9,PROPOSED-HFIS,45.08116084604027,Acceptable
temperature_favorable_high_edge_warm_period,temperature,25.5,19,25.95,PROPOSED-HFIS,47.54661432777229,Acceptable
temperature_favorable_high_edge_warm_period,temperature,25.5,20,26.0,PROPOSED-HFIS,50.0,Degraded
temperature_favorable_high_edge_warm_period,temperature,25.5,0,25.0,WEIGHTED-MEAN,12.444029850746269,Favorable
temperature_favorable_high_edge_warm_period,temperature,25.5,1,25.05,WEIGHTED-MEAN,12.444029850746269,Favorable
temperature_favorable_high_edge_warm_period,temperature,25.5,2,25.1,WEIGHTED-MEAN,12.444029850746269,Favorable
temperature_favorable_high_edge_warm_period,temperature,25.5,3,25.15,WEIGHTED-MEAN,12.444029850746269,Favorable
temperature_favorable_high_edge_warm_period,temperature,25.5,4,25.2,WEIGHTED-MEAN,12.444029850746269,Favorable
temperature_favorable_high_edge_warm_period,temperature,25.5,5,25.25,WEIGHTED-MEAN,12.444029850746269,Favorable
temperature_favorable_high_edge_warm_period,temperature,25.5,6,25.3,WEIGHTED-MEAN,13.315778498381121,Favorable
temperature_favorable_high_edge_warm_period,temperature,25.5,7,25.35,WEIGHTED-MEAN,14.174535944381063,Favorable
temperature_favorable_high_edge_warm_period,temperature,25.5,8,25.4,WEIGHTED-MEAN,15.022257442709828,Favorable
temperature_favorable_high_edge_warm_period,temperature,25.5,9,25.45,WEIGHTED-MEAN,15.860834715312315,Favorable
temperature_favorable_high_edge_warm_period,temperature,25.5,10,25.5,WEIGHTED-MEAN,16.692110435476938,Favorable
temperature_favorable_high_edge_warm_period,temperature,25.5,11,25.55,WEIGHTED-MEAN,17.516031434522898,Favorable
temperature_favorable_high_edge_warm_period,temperature,25.5,12,25.6,WEIGHTED-MEAN,18.336603378256058,Favorable
temperature_favorable_high_edge_warm_period,temperature,25.5,13,25.65,WEIGHTED-MEAN,19.15560044157468,Favorable
temperature_favorable_high_edge_warm_period,temperature,25.5,14,25.7,WEIGHTED-MEAN,19.97480476105527,Favorable
temperature_favorable_high_edge_warm_period,temperature,25.5,15,25.75,WEIGHTED-MEAN,20.796019900497512,Favorable
temperature_favorable_high_edge_warm_period,temperature,25.5,16,25.8,WEIGHTED-MEAN,21.65252436921649,Favorable
temperature_favorable_high_edge_warm_period,temperature,25.5,17,25.85,WEIGHTED-MEAN,22.49355076469507,Favorable
temperature_favorable_high_edge_warm_period,temperature,25.5,18,25.9,WEIGHTED-MEAN,23.32307351584427,Favorable
temperature_favorable_high_edge_warm_period,temperature,25.5,19,25.95,WEIGHTED-MEAN,24.144891343088275,Favorable
temperature_favorable_high_edge_warm_period,temperature,25.5,20,26.0,WEIGHTED-MEAN,24.96268656716418,Favorable
temperature_favorable_low_edge_warm_period,temperature,23.5,0,23.0,CRISP-MAX,50.0,Degraded
temperature_favorable_low_edge_warm_period,temperature,23.5,1,23.05,CRISP-MAX,47.54661432777229,Acceptable
temperature_favorable_low_edge_warm_period,temperature,23.5,2,23.1,CRISP-MAX,45.08116084604027,Acceptable
temperature_favorable_low_edge_warm_period,temperature,23.5,3,23.15,CRISP-MAX,42.592592592592666,Acceptable
temperature_favorable_low_edge_warm_period,temperature,23.5,4,23.2,CRISP-MAX,40.069513406156936,Acceptable
temperature_favorable_low_edge_warm_period,temperature,23.5,5,23.25,CRISP-MAX,37.5,Acceptable
temperature_favorable_low_edge_warm_period,temperature,23.5,6,23.3,CRISP-MAX,35.03635458167327,Acceptable
temperature_favorable_low_edge_warm_period,temperature,23.5,7,23.35,CRISP-MAX,32.5787416232315,Acceptable
temperature_favorable_low_edge_warm_period,temperature,23.5,8,23.4,CRISP-MAX,30.121750433275636,Acceptable
temperature_favorable_low_edge_warm_period,temperature,23.5,9,23.45,CRISP-MAX,27.66003460207616,Acceptable
temperature_favorable_low_edge_warm_period,temperature,23.5,10,23.5,CRISP-MAX,25.188271604938272,Acceptable
temperature_favorable_low_edge_warm_period,temperature,23.5,11,23.55,CRISP-MAX,22.694444444444407,Favorable
temperature_favorable_low_edge_warm_period,temperature,23.5,12,23.6,CRISP-MAX,20.178712626636944,Favorable
temperature_favorable_low_edge_warm_period,temperature,23.5,13,23.65,CRISP-MAX,17.635548131650655,Favorable
temperature_favorable_low_edge_warm_period,temperature,23.5,14,23.7,CRISP-MAX,15.05927579365083,Favorable
temperature_favorable_low_edge_warm_period,temperature,23.5,15,23.75,CRISP-MAX,12.444029850746269,Favorable
temperature_favorable_low_edge_warm_period,temperature,23.5,16,23.8,CRISP-MAX,12.444029850746269,Favorable
temperature_favorable_low_edge_warm_period,temperature,23.5,17,23.85,CRISP-MAX,12.444029850746269,Favorable
temperature_favorable_low_edge_warm_period,temperature,23.5,18,23.9,CRISP-MAX,12.444029850746269,Favorable
temperature_favorable_low_edge_warm_period,temperature,23.5,19,23.95,CRISP-MAX,12.444029850746269,Favorable
temperature_favorable_low_edge_warm_period,temperature,23.5,20,24.0,CRISP-MAX,12.444029850746269,Favorable
temperature_favorable_low_edge_warm_period,temperature,23.5,0,23.0,PROPOSED-HFIS,50.0,Degraded
temperature_favorable_low_edge_warm_period,temperature,23.5,1,23.05,PROPOSED-HFIS,47.54661432777229,Acceptable
temperature_favorable_low_edge_warm_period,temperature,23.5,2,23.1,PROPOSED-HFIS,45.08116084604027,Acceptable
temperature_favorable_low_edge_warm_period,temperature,23.5,3,23.15,PROPOSED-HFIS,42.592592592592666,Acceptable
temperature_favorable_low_edge_warm_period,temperature,23.5,4,23.2,PROPOSED-HFIS,40.069513406156936,Acceptable
temperature_favorable_low_edge_warm_period,temperature,23.5,5,23.25,PROPOSED-HFIS,37.5,Acceptable
temperature_favorable_low_edge_warm_period,temperature,23.5,6,23.3,PROPOSED-HFIS,35.03635458167327,Acceptable
temperature_favorable_low_edge_warm_period,temperature,23.5,7,23.35,PROPOSED-HFIS,32.5787416232315,Acceptable
temperature_favorable_low_edge_warm_period,temperature,23.5,8,23.4,PROPOSED-HFIS,30.121750433275636,Acceptable
temperature_favorable_low_edge_warm_period,temperature,23.5,9,23.45,PROPOSED-HFIS,27.66003460207616,Acceptable
temperature_favorable_low_edge_warm_period,temperature,23.5,10,23.5,PROPOSED-HFIS,25.188271604938272,Acceptable
temperature_favorable_low_edge_warm_period,temperature,23.5,11,23.55,PROPOSED-HFIS,22.694444444444407,Favorable
temperature_favorable_low_edge_warm_period,temperature,23.5,12,23.6,PROPOSED-HFIS,20.178712626636944,Favorable
temperature_favorable_low_edge_warm_period,temperature,23.5,13,23.65,PROPOSED-HFIS,17.635548131650655,Favorable
temperature_favorable_low_edge_warm_period,temperature,23.5,14,23.7,PROPOSED-HFIS,15.05927579365083,Favorable
temperature_favorable_low_edge_warm_period,temperature,23.5,15,23.75,PROPOSED-HFIS,12.444029850746269,Favorable
temperature_favorable_low_edge_warm_period,temperature,23.5,16,23.8,PROPOSED-HFIS,12.444029850746269,Favorable
temperature_favorable_low_edge_warm_period,temperature,23.5,17,23.85,PROPOSED-HFIS,12.444029850746269,Favorable
temperature_favorable_low_edge_warm_period,temperature,23.5,18,23.9,PROPOSED-HFIS,12.444029850746269,Favorable
temperature_favorable_low_edge_warm_period,temperature,23.5,19,23.95,PROPOSED-HFIS,12.444029850746269,Favorable
temperature_favorable_low_edge_warm_period,temperature,23.5,20,24.0,PROPOSED-HFIS,12.444029850746269,Favorable
temperature_favorable_low_edge_warm_period,temperature,23.5,0,23.0,WEIGHTED-MEAN,24.96268656716418,Favorable
temperature_favorable_low_edge_warm_period,temperature,23.5,1,23.05,WEIGHTED-MEAN,24.144891343088275,Favorable
temperature_favorable_low_edge_warm_period,temperature,23.5,2,23.1,WEIGHTED-MEAN,23.32307351584427,Favorable
temperature_favorable_low_edge_warm_period,temperature,23.5,3,23.15,WEIGHTED-MEAN,22.49355076469507,Favorable
temperature_favorable_low_edge_warm_period,temperature,23.5,4,23.2,WEIGHTED-MEAN,21.65252436921649,Favorable
temperature_favorable_low_edge_warm_period,temperature,23.5,5,23.25,WEIGHTED-MEAN,20.796019900497512,Favorable
temperature_favorable_low_edge_warm_period,temperature,23.5,6,23.3,WEIGHTED-MEAN,19.97480476105527,Favorable
temperature_favorable_low_edge_warm_period,temperature,23.5,7,23.35,WEIGHTED-MEAN,19.15560044157468,Favorable
temperature_favorable_low_edge_warm_period,temperature,23.5,8,23.4,WEIGHTED-MEAN,18.336603378256058,Favorable
temperature_favorable_low_edge_warm_period,temperature,23.5,9,23.45,WEIGHTED-MEAN,17.516031434522898,Favorable
temperature_favorable_low_edge_warm_period,temperature,23.5,10,23.5,WEIGHTED-MEAN,16.692110435476938,Favorable
temperature_favorable_low_edge_warm_period,temperature,23.5,11,23.55,WEIGHTED-MEAN,15.860834715312315,Favorable
temperature_favorable_low_edge_warm_period,temperature,23.5,12,23.6,WEIGHTED-MEAN,15.022257442709828,Favorable
temperature_favorable_low_edge_warm_period,temperature,23.5,13,23.65,WEIGHTED-MEAN,14.174535944381063,Favorable
temperature_favorable_low_edge_warm_period,temperature,23.5,14,23.7,WEIGHTED-MEAN,13.315778498381121,Favorable
temperature_favorable_low_edge_warm_period,temperature,23.5,15,23.75,WEIGHTED-MEAN,12.444029850746269,Favorable
temperature_favorable_low_edge_warm_period,temperature,23.5,16,23.8,WEIGHTED-MEAN,12.444029850746269,Favorable
temperature_favorable_low_edge_warm_period,temperature,23.5,17,23.85,WEIGHTED-MEAN,12.444029850746269,Favorable
temperature_favorable_low_edge_warm_period,temperature,23.5,18,23.9,WEIGHTED-MEAN,12.444029850746269,Favorable
temperature_favorable_low_edge_warm_period,temperature,23.5,19,23.95,WEIGHTED-MEAN,12.444029850746269,Favorable
temperature_favorable_low_edge_warm_period,temperature,23.5,20,24.0,WEIGHTED-MEAN,12.444029850746269,Favorable
