computed_ts,window_minutes,completeness_status,index_value,index_class,dominant_component,co_dominant_components,worst_component_class,largest_component_score,dominance_reason,rule_level_contributors,n_rules_fired
2026-07-15 22:15:00+03:00,15,OK,73.28129395561348,Degraded,M,M,Degraded,73.28129395561348,unique_max_firing_rule,M,4
2026-07-15 22:20:00+03:00,15,OK,76.16670781893055,Critical,M,M,Critical,76.16670781893055,unique_max_firing_rule,M,2
2026-07-15 22:25:00+03:00,15,OK,87.35121916643038,Critical,M,M,Critical,87.55597014925372,unique_max_firing_rule,M,2
2026-07-15 22:30:00+03:00,15,OK,87.32870512427125,Critical,M,M,Critical,87.55597014925372,unique_max_firing_rule,M,2
2026-07-15 22:35:00+03:00,15,PARTIAL,74.04600420869603,Degraded,M,M,Degraded,74.04600420869603,unique_max_firing_rule,M,2
2026-07-15 22:40:00+03:00,15,PARTIAL,72.49665534206137,Degraded,M,M,Degraded,72.49665534206137,unique_max_firing_rule,M,2
2026-07-15 22:45:00+03:00,15,PARTIAL,71.48402413976099,Degraded,M,M,Degraded,71.48402413976099,unique_max_firing_rule,M,2
2026-07-15 22:50:00+03:00,15,PARTIAL,70.25548814092926,Degraded,M,M,Degraded,70.25548814092926,unique_max_firing_rule,M,2
2026-07-15 22:55:00+03:00,15,PARTIAL,69.4022742058524,Degraded,M,M,Degraded,69.4022742058524,unique_max_firing_rule,M,2
2026-07-15 23:00:00+03:00,15,PARTIAL,68.14052668471979,Degraded,M,M,Degraded,68.14052668471979,unique_max_firing_rule,M,2
2026-07-15 23:05:00+03:00,15,PARTIAL,67.30671343414997,Degraded,M,M,Degraded,67.30671343414997,unique_max_firing_rule,M,2
2026-07-15 23:10:00+03:00,15,PARTIAL,66.24155904196584,Degraded,M,M,Degraded,66.24155904196584,unique_max_firing_rule,M,2
2026-07-15 23:15:00+03:00,15,PARTIAL,65.63400973729854,Degraded,M,M,Degraded,65.63400973729854,unique_max_firing_rule,M,2
2026-07-15 23:20:00+03:00,15,PARTIAL,65.4050183135597,Degraded,M,M,Degraded,65.4050183135597,unique_max_firing_rule,M,2
2026-07-15 23:25:00+03:00,15,PARTIAL,65.55200206973383,Degraded,M,M,Degraded,65.55200206973383,unique_max_firing_rule,M,2
2026-07-15 23:30:00+03:00,15,OK,87.49021364207601,Critical,M,M,Critical,87.55597014925372,unique_max_firing_rule,M,2
2026-07-15 23:35:00+03:00,15,OK,87.49179160120364,Critical,M,M,Critical,87.55597014925372,unique_max_firing_rule,M,2
2026-07-15 23:40:00+03:00,15,OK,87.51304369966755,Critical,M,M,Critical,87.55597014925372,unique_max_firing_rule,M,4
2026-07-15 23:45:00+03:00,15,OK,87.54029283904154,Critical,M,M,Critical,87.55597014925372,unique_max_firing_rule,M,2
2026-07-15 23:50:00+03:00,15,OK,87.3275356109104,Critical,A,A,Critical,87.3275356109104,unique_max_firing_rule,A,1
2026-07-15 23:55:00+03:00,15,OK,87.5265103826877,Critical,A,A,Critical,87.5265103826877,unique_max_firing_rule,A,2
2026-07-16 00:00:00+03:00,15,OK,63.421106139086476,Degraded,A,A,Degraded,63.00253627049982,unique_max_firing_rule,A,4
2026-07-16 00:05:00+03:00,15,OK,63.97083697728981,Degraded,V,V,Degraded,63.504256409573934,unique_max_firing_rule,V,4
2026-07-16 00:10:00+03:00,15,OK,63.47942079039108,Degraded,V,V,Degraded,63.389179581402644,unique_max_firing_rule,V,4
2026-07-16 00:15:00+03:00,15,OK,62.68957686309511,Degraded,M,M,Degraded,62.68957686309511,unique_max_firing_rule,M,2
2026-07-16 00:20:00+03:00,15,OK,62.5,Degraded,A,A;M;V,Degraded,62.5,co_dominant_tie,A;M;V,1
2026-07-16 00:25:00+03:00,15,OK,62.499999999999986,Degraded,A,A,Degraded,62.5,unique_max_firing_rule,A,4
2026-07-16 00:30:00+03:00,15,OK,62.500000000000014,Degraded,A,A,Degraded,62.5,unique_max_firing_rule,A,4
2026-07-16 00:35:00+03:00,15,OK,62.50000000000001,Degraded,A,A,Degraded,62.5,unique_max_firing_rule,A,4
2026-07-16 00:40:00+03:00,15,OK,62.500000000000014,Degraded,A,A,Degraded,62.5,unique_max_firing_rule,A,2
2026-07-16 00:45:00+03:00,15,OK,62.5,Degraded,M,M,Degraded,62.5,unique_max_firing_rule,A;M;V,1
2026-07-16 00:50:00+03:00,15,OK,62.5,Degraded,M,M,Degraded,62.5,unique_max_firing_rule,A;M;V,1
2026-07-16 00:55:00+03:00,15,OK,62.5,Degraded,M,M,Degraded,62.5,unique_max_firing_rule,A;M;V,1
2026-07-16 01:00:00+03:00,15,OK,62.5,Degraded,M,M,Degraded,62.5,unique_max_firing_rule,A;M;V,1
2026-07-16 01:05:00+03:00,15,OK,62.5,Degraded,M,M,Degraded,62.5,unique_max_firing_rule,A;M;V,1
2026-07-16 01:10:00+03:00,15,OK,62.5,Degraded,M,M,Degraded,62.5,unique_max_firing_rule,A;M;V,1
2026-07-16 01:15:00+03:00,15,OK,62.499999999999986,Degraded,V,V,Degraded,62.5,unique_max_firing_rule,V,2
2026-07-16 01:20:00+03:00,15,OK,62.499999999999986,Degraded,V,V,Degraded,62.5,unique_max_firing_rule,V,2
2026-07-16 01:25:00+03:00,15,OK,60.91292104960921,Degraded,V,V,Degraded,61.61375494228862,unique_max_firing_rule,V,4
2026-07-16 01:30:00+03:00,15,OK,59.46507549926874,Degraded,V,V,Degraded,60.2880658436209,unique_max_firing_rule,V,4
2026-07-16 01:35:00+03:00,15,OK,58.76084995686141,Degraded,V,V,Degraded,59.12544388471365,unique_max_firing_rule,V,4
2026-07-16 01:40:00+03:00,15,OK,58.12673084531162,Degraded,M,M,Degraded,58.12673084531162,unique_max_firing_rule,M,4
2026-07-16 01:45:00+03:00,15,OK,57.30719857805935,Degraded,M,M,Degraded,57.30719857805935,unique_max_firing_rule,M,8
2026-07-16 01:50:00+03:00,15,OK,56.38213986496461,Degraded,M,M,Degraded,56.38213986496461,unique_max_firing_rule,M,4
2026-07-16 01:55:00+03:00,15,OK,55.2653334383121,Degraded,M,M,Degraded,55.2653334383121,unique_max_firing_rule,M,4
2026-07-16 02:00:00+03:00,15,OK,54.037396280681534,Degraded,M,M,Degraded,54.037396280681534,unique_max_firing_rule,M,4
2026-07-16 02:05:00+03:00,15,OK,53.034725107892214,Degraded,M,M,Degraded,53.034725107892214,unique_max_firing_rule,M,4
2026-07-16 02:10:00+03:00,15,OK,52.158725174660866,Degraded,M,M,Degraded,52.158725174660866,unique_max_firing_rule,M,4
2026-07-16 02:15:00+03:00,15,OK,51.316051909664495,Degraded,M,M,Degraded,51.316051909664495,unique_max_firing_rule,M,4
2026-07-16 02:20:00+03:00,15,OK,50.31049607467614,Degraded,M,M,Degraded,50.31049607467614,unique_max_firing_rule,M,4
2026-07-16 02:25:00+03:00,15,OK,49.338060074725114,Acceptable,M,M,Acceptable,49.338060074725114,unique_max_firing_rule,M,4
2026-07-16 02:30:00+03:00,15,OK,48.43038769423935,Acceptable,M,M,Acceptable,48.43038769423935,unique_max_firing_rule,M,4
2026-07-16 02:35:00+03:00,15,OK,47.66939796869672,Acceptable,M,M,Acceptable,47.66939796869672,unique_max_firing_rule,M,4
2026-07-16 02:40:00+03:00,15,OK,46.89146297568801,Acceptable,M,M,Acceptable,46.89146297568801,unique_max_firing_rule,M,4
2026-07-16 02:45:00+03:00,15,OK,46.003747305804886,Acceptable,M,M,Acceptable,46.003747305804886,unique_max_firing_rule,M,4
2026-07-16 02:50:00+03:00,15,OK,45.050589449464034,Acceptable,A,A,Acceptable,45.048173727118716,unique_max_firing_rule,A,4
2026-07-16 02:55:00+03:00,15,OK,44.561316998331215,Acceptable,A,A,Acceptable,44.02428373488804,unique_max_firing_rule,A,4
2026-07-16 03:00:00+03:00,15,OK,43.56941476757918,Acceptable,A,A,Acceptable,42.98485122621211,unique_max_firing_rule,A,4
2026-07-16 03:05:00+03:00,15,OK,42.61094181980234,Acceptable,A,A,Acceptable,41.97376227833065,unique_max_firing_rule,A,4
2026-07-16 03:10:00+03:00,15,OK,41.87249170472608,Acceptable,A,A,Acceptable,41.12670243499756,unique_max_firing_rule,A,4
2026-07-16 03:15:00+03:00,15,OK,41.132788355130224,Acceptable,A,A,Acceptable,40.409418612342186,unique_max_firing_rule,A,4
2026-07-16 03:20:00+03:00,15,OK,40.597803923512274,Acceptable,A,A,Acceptable,39.80565318351883,unique_max_firing_rule,A,4
2026-07-16 03:25:00+03:00,15,OK,39.78696875188702,Acceptable,A,A,Acceptable,39.22553225372983,unique_max_firing_rule,A,4
2026-07-16 03:30:00+03:00,15,OK,39.061624442762565,Acceptable,A,A,Acceptable,38.63500418710365,unique_max_firing_rule,A,4
2026-07-16 03:35:00+03:00,15,OK,38.256707344586324,Acceptable,A,A,Acceptable,38.01677651288205,unique_max_firing_rule,A,4
2026-07-16 03:40:00+03:00,15,OK,37.59630449013176,Acceptable,A,A,Acceptable,37.56036514036057,unique_max_firing_rule,A,4
2026-07-16 03:45:00+03:00,15,OK,37.50000000000001,Acceptable,A,A,Acceptable,37.5,unique_max_firing_rule,A,2
2026-07-16 03:50:00+03:00,15,OK,37.49999999999999,Acceptable,A,A,Acceptable,37.50000000000001,unique_max_firing_rule,A,2
2026-07-16 03:55:00+03:00,15,OK,37.500000000000014,Acceptable,A,A,Acceptable,37.5,unique_max_firing_rule,A,2
2026-07-16 04:00:00+03:00,15,OK,37.500000000000014,Acceptable,A,A,Acceptable,37.5,unique_max_firing_rule,A,2
2026-07-16 04:05:00+03:00,15,OK,37.50000000000001,Acceptable,A,A,Acceptable,37.5,unique_max_firing_rule,A,2
2026-07-16 04:10:00+03:00,15,OK,37.49999999999999,Acceptable,A,A,Acceptable,37.5,unique_max_firing_rule,A,2
2026-07-16 04:15:00+03:00,15,OK,37.49999999999999,Acceptable,A,A,Acceptable,37.5,unique_max_firing_rule,A,2
2026-07-16 04:20:00+03:00,15,OK,37.49999999999999,Acceptable,A,A,Acceptable,37.5,unique_max_firing_rule,A,2
2026-07-16 04:25:00+03:00,15,OK,37.49999999999999,Acceptable,A,A,Acceptable,37.50000000000001,unique_max_firing_rule,A,2
2026-07-16 04:30:00+03:00,15,OK,37.50000000000001,Acceptable,A,A,Acceptable,37.5,unique_max_firing_rule,A,2
2026-07-16 04:35:00+03:00,15,OK,37.50000000000001,Acceptable,A,A,Acceptable,37.5,unique_max_firing_rule,A,2
2026-07-16 04:40:00+03:00,15,OK,37.49999999999999,Acceptable,A,A,Acceptable,37.5,unique_max_firing_rule,A,2
2026-07-16 04:45:00+03:00,15,OK,37.49999999999999,Acceptable,A,A,Acceptable,37.5,unique_max_firing_rule,A,2
2026-07-16 04:50:00+03:00,15,OK,37.50000000000001,Acceptable,A,A,Acceptable,37.49999999999999,unique_max_firing_rule,A,2
2026-07-16 04:55:00+03:00,15,OK,37.5,Acceptable,M,M,Acceptable,37.5,unique_max_firing_rule,M,2
2026-07-16 05:00:00+03:00,15,OK,37.50000000000001,Acceptable,M,M,Acceptable,37.50000000000001,unique_max_firing_rule,M,2
2026-07-16 05:05:00+03:00,15,OK,37.5,Acceptable,M,M,Acceptable,37.5,unique_max_firing_rule,M,2
2026-07-16 05:10:00+03:00,15,OK,37.5,Acceptable,M,M,Acceptable,37.5,unique_max_firing_rule,M,2
2026-07-16 05:15:00+03:00,15,OK,37.5,Acceptable,M,M,Acceptable,37.5,unique_max_firing_rule,M,2
2026-07-16 05:20:00+03:00,15,OK,37.50000000000001,Acceptable,M,M,Acceptable,37.50000000000001,unique_max_firing_rule,M,2
2026-07-16 05:25:00+03:00,15,OK,37.5,Acceptable,M,M,Acceptable,37.5,unique_max_firing_rule,M,2
2026-07-16 05:30:00+03:00,15,OK,37.49999999999999,Acceptable,M,M,Acceptable,37.49999999999999,unique_max_firing_rule,M,2
2026-07-16 05:35:00+03:00,15,OK,37.49999999999999,Acceptable,M,M,Acceptable,37.49999999999999,unique_max_firing_rule,M,2
2026-07-16 05:40:00+03:00,15,OK,37.50000000000001,Acceptable,A,A,Acceptable,37.5,unique_max_firing_rule,A,2
2026-07-16 05:45:00+03:00,15,OK,37.49999999999999,Acceptable,A,A,Acceptable,37.50000000000001,unique_max_firing_rule,A,2
2026-07-16 05:50:00+03:00,15,OK,37.49999999999999,Acceptable,A,A,Acceptable,37.5,unique_max_firing_rule,A,2
2026-07-16 05:55:00+03:00,15,OK,37.49999999999999,Acceptable,A,A,Acceptable,37.5,unique_max_firing_rule,A,2
2026-07-16 06:00:00+03:00,15,OK,37.499999999999986,Acceptable,A,A,Acceptable,37.5,unique_max_firing_rule,A,2
2026-07-16 06:05:00+03:00,15,OK,37.50000000000001,Acceptable,A,A,Acceptable,37.50000000000001,unique_max_firing_rule,A,2
2026-07-16 06:10:00+03:00,15,OK,37.49999999999999,Acceptable,A,A,Acceptable,37.5,unique_max_firing_rule,A,2
2026-07-16 06:15:00+03:00,15,OK,37.500000000000014,Acceptable,A,A,Acceptable,37.5,unique_max_firing_rule,A,2
2026-07-16 06:20:00+03:00,15,OK,37.500000000000014,Acceptable,A,A,Acceptable,37.50000000000001,unique_max_firing_rule,A,2
2026-07-16 06:25:00+03:00,15,OK,37.49999999999999,Acceptable,A,A,Acceptable,37.5,unique_max_firing_rule,A,2
2026-07-16 06:30:00+03:00,15,OK,37.500000000000014,Acceptable,A,A,Acceptable,37.5,unique_max_firing_rule,A,2
2026-07-16 06:35:00+03:00,15,OK,37.49999999999999,Acceptable,A,A,Acceptable,37.49999999999999,unique_max_firing_rule,A,2
2026-07-16 06:40:00+03:00,15,OK,37.49999999999999,Acceptable,A,A,Acceptable,37.5,unique_max_firing_rule,A,2
2026-07-16 06:45:00+03:00,15,OK,37.49999999999999,Acceptable,A,A,Acceptable,37.5,unique_max_firing_rule,A,2
2026-07-16 06:50:00+03:00,15,OK,37.50000000000001,Acceptable,A,A,Acceptable,37.5,unique_max_firing_rule,A,2
2026-07-16 06:55:00+03:00,15,OK,37.50000000000001,Acceptable,A,A,Acceptable,37.49999999999999,unique_max_firing_rule,A,2
2026-07-16 07:00:00+03:00,15,OK,37.50000000000001,Acceptable,A,A,Acceptable,37.50000000000001,unique_max_firing_rule,A,2
2026-07-16 07:05:00+03:00,15,OK,37.5,Acceptable,A,A,Acceptable,37.49999999999999,unique_max_firing_rule,A,2
2026-07-16 07:10:00+03:00,15,OK,37.50000000000001,Acceptable,A,A,Acceptable,37.5,unique_max_firing_rule,A,2
2026-07-16 07:15:00+03:00,15,OK,37.50000000000002,Acceptable,A,A,Acceptable,37.50000000000001,unique_max_firing_rule,A,2
2026-07-16 07:20:00+03:00,15,OK,37.50000000000001,Acceptable,A,A,Acceptable,37.49999999999999,unique_max_firing_rule,A,2
2026-07-16 07:25:00+03:00,15,OK,37.499999999999986,Acceptable,A,A,Acceptable,37.5,unique_max_firing_rule,A,2
2026-07-16 07:30:00+03:00,15,OK,37.50000000000001,Acceptable,A,A,Acceptable,37.49999999999999,unique_max_firing_rule,A,2
2026-07-16 07:35:00+03:00,15,OK,37.50000000000001,Acceptable,A,A,Acceptable,37.5,unique_max_firing_rule,A,2
2026-07-16 07:40:00+03:00,15,OK,37.50000000000001,Acceptable,A,A,Acceptable,37.5,unique_max_firing_rule,A,2
2026-07-16 07:45:00+03:00,15,OK,37.5,Acceptable,A,A,Acceptable,37.50000000000001,unique_max_firing_rule,A,2
2026-07-16 07:50:00+03:00,15,OK,37.499999999999986,Acceptable,A,A,Acceptable,37.5,unique_max_firing_rule,A,2
2026-07-16 07:55:00+03:00,15,OK,37.50000000000001,Acceptable,A,A,Acceptable,37.49999999999999,unique_max_firing_rule,A,2
2026-07-16 08:00:00+03:00,15,OK,37.5,Acceptable,A,A,Acceptable,37.5,unique_max_firing_rule,A,2
2026-07-16 08:05:00+03:00,15,OK,37.499999999999986,Acceptable,A,A,Acceptable,37.50000000000001,unique_max_firing_rule,A,2
2026-07-16 08:10:00+03:00,15,OK,37.499999999999986,Acceptable,A,A,Acceptable,37.49999999999999,unique_max_firing_rule,A,2
2026-07-16 08:15:00+03:00,15,OK,37.5,Acceptable,A,A,Acceptable,37.5,unique_max_firing_rule,A,2
2026-07-16 08:20:00+03:00,15,OK,62.5,Degraded,M,M,Degraded,62.5,unique_max_firing_rule,M,2
2026-07-16 08:25:00+03:00,15,OK,62.5,Degraded,M,M,Degraded,62.5,unique_max_firing_rule,M,2
2026-07-16 08:30:00+03:00,15,OK,62.5,Degraded,A,A,Degraded,62.5,unique_max_firing_rule,A,2
2026-07-16 08:35:00+03:00,15,OK,62.50000000000001,Degraded,A,A,Degraded,62.5,unique_max_firing_rule,A,2
2026-07-16 08:40:00+03:00,15,OK,62.49999999999999,Degraded,A,A,Degraded,62.5,unique_max_firing_rule,A,2
2026-07-16 08:45:00+03:00,15,OK,62.5,Degraded,M,M,Degraded,62.5,unique_max_firing_rule,M,2
2026-07-16 08:50:00+03:00,15,OK,62.5,Degraded,M,M,Degraded,62.5,unique_max_firing_rule,M,2
2026-07-16 08:55:00+03:00,15,OK,62.5,Degraded,M,M,Degraded,62.5,unique_max_firing_rule,M,4
2026-07-16 09:00:00+03:00,15,OK,62.5,Degraded,M,M,Degraded,62.5,unique_max_firing_rule,M,4
2026-07-16 09:05:00+03:00,15,OK,62.5,Degraded,M,M,Degraded,62.5,unique_max_firing_rule,M,2
2026-07-16 09:10:00+03:00,15,OK,61.88960686012247,Degraded,M,M,Degraded,62.05081436633046,unique_max_firing_rule,M,4
2026-07-16 09:15:00+03:00,15,OK,56.54856786025309,Degraded,M,M,Degraded,56.54856786025309,unique_max_firing_rule,M,4
2026-07-16 09:20:00+03:00,15,OK,58.08485387924635,Degraded,M,M,Degraded,58.08485387924635,unique_max_firing_rule,M,2
2026-07-16 09:25:00+03:00,15,OK,59.70947658147033,Degraded,M,M,Degraded,59.70947658147033,unique_max_firing_rule,M,2
2026-07-16 09:30:00+03:00,15,OK,60.877032287612124,Degraded,M,M,Degraded,60.877032287612124,unique_max_firing_rule,M,2
2026-07-16 09:35:00+03:00,15,OK,61.72987458119105,Degraded,A,A,Degraded,61.733965797693344,unique_max_firing_rule,A,4
2026-07-16 09:40:00+03:00,15,OK,62.10282070011443,Degraded,A,A,Degraded,62.11228210379101,unique_max_firing_rule,A,4
2026-07-16 09:45:00+03:00,15,OK,62.35068339035335,Degraded,V,V,Degraded,62.35343313818861,unique_max_firing_rule,V,8
2026-07-16 09:50:00+03:00,15,OK,61.67731095015885,Degraded,V,V,Degraded,61.86285014541499,unique_max_firing_rule,V,8
2026-07-16 09:55:00+03:00,15,OK,60.609999999999694,Degraded,V,V,Degraded,61.18506930258953,unique_max_firing_rule,V,8
2026-07-16 10:00:00+03:00,15,OK,60.297066769491686,Degraded,A,A,Degraded,60.73174939125884,unique_max_firing_rule,A,8
2026-07-16 10:05:00+03:00,15,OK,60.62131634979442,Degraded,A,A,Degraded,61.08233301788153,unique_max_firing_rule,A,4
2026-07-16 10:10:00+03:00,15,OK,62.014240176578,Degraded,A,A,Degraded,62.129496738272785,unique_max_firing_rule,A,4
2026-07-16 10:15:00+03:00,15,OK,62.49999999999997,Degraded,A,A,Degraded,62.5,unique_max_firing_rule,A,2
2026-07-16 10:20:00+03:00,15,OK,62.50000000000001,Degraded,A,A,Degraded,62.5,unique_max_firing_rule,A,2
2026-07-16 10:25:00+03:00,15,OK,62.50000000000001,Degraded,A,A,Degraded,62.5,unique_max_firing_rule,A,2
2026-07-16 10:30:00+03:00,15,OK,62.50000000000001,Degraded,A,A,Degraded,62.5,unique_max_firing_rule,A,2
2026-07-16 10:35:00+03:00,15,OK,62.5,Degraded,A,A,Degraded,62.5,unique_max_firing_rule,A,2
2026-07-16 10:40:00+03:00,15,OK,62.49999999999999,Degraded,A,A,Degraded,62.5,unique_max_firing_rule,A,2
2026-07-16 10:45:00+03:00,15,OK,62.500000000000014,Degraded,A,A,Degraded,62.5,unique_max_firing_rule,A,2
2026-07-16 10:50:00+03:00,15,OK,62.49999999999998,Degraded,M,M,Degraded,62.49999999999998,unique_max_firing_rule,M,2
2026-07-16 10:55:00+03:00,15,OK,62.49999999999999,Degraded,M,M,Degraded,62.49999999999999,unique_max_firing_rule,M,2
2026-07-16 11:00:00+03:00,15,OK,62.49999999999999,Degraded,M,M,Degraded,62.49999999999999,unique_max_firing_rule,M,2
2026-07-16 11:05:00+03:00,15,OK,62.50000000000001,Degraded,M,M,Degraded,62.50000000000001,unique_max_firing_rule,M,2
2026-07-16 11:10:00+03:00,15,OK,62.5,Degraded,M,M,Degraded,62.5,unique_max_firing_rule,M,2
2026-07-16 11:15:00+03:00,15,OK,62.49999999999999,Degraded,M,M,Degraded,62.49999999999999,unique_max_firing_rule,M,2
2026-07-16 11:20:00+03:00,15,OK,62.50000000000001,Degraded,M,M,Degraded,62.50000000000001,unique_max_firing_rule,M,2
2026-07-16 11:25:00+03:00,15,OK,62.50000000000001,Degraded,M,M,Degraded,62.50000000000001,unique_max_firing_rule,M,2
2026-07-16 11:30:00+03:00,15,OK,62.5,Degraded,M,M,Degraded,62.5,unique_max_firing_rule,M,2
2026-07-16 11:35:00+03:00,15,OK,62.50000000000001,Degraded,M,M,Degraded,62.50000000000001,unique_max_firing_rule,M,1
2026-07-16 11:40:00+03:00,15,OK,62.500000000000014,Degraded,M,M,Degraded,62.500000000000014,unique_max_firing_rule,M,1
2026-07-16 11:45:00+03:00,15,OK,62.5,Degraded,M,M,Degraded,62.5,unique_max_firing_rule,A;M;V,1
2026-07-16 11:50:00+03:00,15,OK,62.5,Degraded,M,M,Degraded,62.5,unique_max_firing_rule,A;M;V,1
2026-07-16 11:55:00+03:00,15,OK,62.5,Degraded,M,M,Degraded,62.5,unique_max_firing_rule,A;M;V,1
2026-07-16 12:00:00+03:00,15,OK,62.5,Degraded,M,M,Degraded,62.5,unique_max_firing_rule,A;M;V,1
2026-07-16 12:05:00+03:00,15,OK,62.5,Degraded,M,M,Degraded,62.5,unique_max_firing_rule,A;M;V,1
2026-07-16 12:10:00+03:00,15,OK,62.5,Degraded,M,M,Degraded,62.5,unique_max_firing_rule,A;M;V,1
2026-07-16 12:15:00+03:00,15,OK,62.5,Degraded,M,M,Degraded,62.5,unique_max_firing_rule,A;M;V,1
2026-07-16 12:20:00+03:00,15,OK,62.5,Degraded,M,M,Degraded,62.5,unique_max_firing_rule,A;M;V,1
2026-07-16 12:25:00+03:00,15,OK,62.5,Degraded,M,M,Degraded,62.5,unique_max_firing_rule,A;M;V,1
2026-07-16 12:30:00+03:00,15,OK,62.5,Degraded,M,M,Degraded,62.5,unique_max_firing_rule,A;M;V,1
2026-07-16 12:35:00+03:00,15,OK,62.5,Degraded,M,M,Degraded,62.5,unique_max_firing_rule,A;M;V,1
2026-07-16 12:40:00+03:00,15,OK,62.5,Degraded,M,M,Degraded,62.5,unique_max_firing_rule,A;M;V,1
2026-07-16 12:45:00+03:00,15,OK,62.5,Degraded,M,M,Degraded,62.5,unique_max_firing_rule,A;M;V,1
2026-07-16 12:50:00+03:00,15,OK,62.5,Degraded,M,M,Degraded,62.5,unique_max_firing_rule,A;M;V,1
2026-07-16 12:55:00+03:00,15,OK,62.5,Degraded,M,M,Degraded,62.5,unique_max_firing_rule,A;M;V,1
2026-07-16 13:00:00+03:00,15,OK,62.5,Degraded,M,M,Degraded,62.5,unique_max_firing_rule,A;M;V,1
2026-07-16 13:05:00+03:00,15,OK,62.5,Degraded,M,M,Degraded,62.5,unique_max_firing_rule,A;M;V,1
2026-07-16 13:10:00+03:00,15,OK,62.5,Degraded,M,M,Degraded,62.5,unique_max_firing_rule,A;M;V,1
2026-07-16 13:15:00+03:00,15,OK,62.5,Degraded,M,M,Degraded,62.5,unique_max_firing_rule,A;M;V,1
2026-07-16 13:20:00+03:00,15,OK,62.5,Degraded,M,M,Degraded,62.5,unique_max_firing_rule,A;M;V,1
2026-07-16 13:25:00+03:00,15,OK,62.5,Degraded,M,M,Degraded,62.5,unique_max_firing_rule,A;M;V,1
2026-07-16 13:30:00+03:00,15,PARTIAL,12.444029850746269,Favorable,A,A;V,Favorable,12.444029850746269,co_dominant_tie,A;V,1
2026-07-16 13:35:00+03:00,15,OK,62.5,Degraded,M,M,Degraded,62.5,unique_max_firing_rule,A;M;V,1
2026-07-16 13:40:00+03:00,15,OK,62.5,Degraded,M,M,Degraded,62.5,unique_max_firing_rule,A;M;V,1
2026-07-16 13:45:00+03:00,15,OK,62.5,Degraded,M,M,Degraded,62.5,unique_max_firing_rule,A;M;V,1
2026-07-16 13:50:00+03:00,15,OK,62.5,Degraded,M,M,Degraded,62.5,unique_max_firing_rule,A;M;V,1
2026-07-16 13:55:00+03:00,15,OK,63.109528598449394,Degraded,M,M,Degraded,63.109528598449394,unique_max_firing_rule,M,2
2026-07-16 14:00:00+03:00,15,OK,65.79830045659376,Degraded,M,M,Degraded,65.79830045659376,unique_max_firing_rule,M,2
2026-07-16 14:05:00+03:00,15,OK,69.32838327427157,Degraded,M,M,Degraded,69.32838327427157,unique_max_firing_rule,M,2
2026-07-16 14:10:00+03:00,15,OK,72.9336341352523,Degraded,M,M,Degraded,72.9336341352523,unique_max_firing_rule,M,4
2026-07-16 14:15:00+03:00,15,OK,76.52415637860044,Critical,M,M,Critical,76.52415637860044,unique_max_firing_rule,M,4
2026-07-16 14:20:00+03:00,15,OK,79.72029521936383,Critical,M,M,Critical,79.72029521936383,unique_max_firing_rule,M,4
2026-07-16 14:25:00+03:00,15,OK,82.89429561216228,Critical,M,M,Critical,82.89429561216228,unique_max_firing_rule,M,2
2026-07-16 14:30:00+03:00,15,OK,85.87170740104398,Critical,M,M,Critical,85.87170740104398,unique_max_firing_rule,M,2
2026-07-16 14:35:00+03:00,15,OK,87.55597014925372,Critical,M,M,Critical,87.55597014925372,unique_max_firing_rule,A;M;V,1
2026-07-16 14:40:00+03:00,15,OK,87.55597014925372,Critical,M,M,Critical,87.55597014925372,unique_max_firing_rule,A;M;V,1
2026-07-16 14:45:00+03:00,15,OK,87.55597014925372,Critical,M,M,Critical,87.55597014925372,unique_max_firing_rule,A;M;V,1
2026-07-16 14:50:00+03:00,15,OK,87.55597014925372,Critical,M,M,Critical,87.55597014925372,unique_max_firing_rule,A;M;V,1
2026-07-16 14:55:00+03:00,15,OK,87.55597014925372,Critical,M,M,Critical,87.55597014925372,unique_max_firing_rule,A;M;V,1
2026-07-16 15:00:00+03:00,15,OK,87.55597014925372,Critical,M,M,Critical,87.55597014925372,unique_max_firing_rule,A;M;V,1
2026-07-16 15:05:00+03:00,15,OK,87.55597014925372,Critical,M,M,Critical,87.55597014925372,unique_max_firing_rule,A;M;V,1
2026-07-16 15:10:00+03:00,15,OK,87.55597014925372,Critical,M,M,Critical,87.55597014925372,unique_max_firing_rule,A;M;V,1
2026-07-16 15:15:00+03:00,15,OK,87.55597014925372,Critical,M,M,Critical,87.55597014925372,unique_max_firing_rule,A;M;V,1
2026-07-16 15:20:00+03:00,15,OK,87.55597014925372,Critical,M,M,Critical,87.55597014925372,unique_max_firing_rule,A;M;V,1
2026-07-16 15:25:00+03:00,15,OK,87.55597014925372,Critical,M,M,Critical,87.55597014925372,unique_max_firing_rule,A;M;V,1
2026-07-16 15:30:00+03:00,15,OK,87.55597014925372,Critical,M,M,Critical,87.55597014925372,unique_max_firing_rule,A;M;V,1
2026-07-16 15:35:00+03:00,15,OK,87.55597014925372,Critical,M,M,Critical,87.55597014925372,unique_max_firing_rule,A;M;V,1
2026-07-16 15:40:00+03:00,15,OK,87.55597014925372,Critical,M,M,Critical,87.55597014925372,unique_max_firing_rule,A;M;V,1
2026-07-16 15:45:00+03:00,15,OK,87.55597014925372,Critical,M,M,Critical,87.55597014925372,unique_max_firing_rule,A;M;V,1
2026-07-16 15:50:00+03:00,15,OK,87.55597014925372,Critical,M,M,Critical,87.55597014925372,unique_max_firing_rule,A;M;V,1
2026-07-16 15:55:00+03:00,15,OK,87.55597014925372,Critical,M,M,Critical,87.55597014925372,unique_max_firing_rule,A;M;V,1
2026-07-16 16:00:00+03:00,15,OK,87.55597014925372,Critical,M,M,Critical,87.55597014925372,unique_max_firing_rule,A;M;V,1
2026-07-16 16:05:00+03:00,15,OK,87.55597014925372,Critical,M,M,Critical,87.55597014925372,unique_max_firing_rule,A;M;V,1
2026-07-16 16:10:00+03:00,15,OK,87.55597014925372,Critical,M,M,Critical,87.55597014925372,unique_max_firing_rule,A;M;V,1
2026-07-16 16:15:00+03:00,15,OK,87.55597014925372,Critical,M,M,Critical,87.55597014925372,unique_max_firing_rule,A;M;V,1
2026-07-16 16:20:00+03:00,15,OK,87.55597014925372,Critical,M,M,Critical,87.55597014925372,unique_max_firing_rule,A;M;V,1
2026-07-16 16:25:00+03:00,15,OK,87.55597014925372,Critical,M,M,Critical,87.55597014925372,unique_max_firing_rule,A;M;V,1
2026-07-16 16:30:00+03:00,15,OK,87.55597014925372,Critical,M,M,Critical,87.55597014925372,unique_max_firing_rule,A;M;V,1
2026-07-16 16:35:00+03:00,15,OK,87.55597014925372,Critical,M,M,Critical,87.55597014925372,unique_max_firing_rule,A;M;V,1
2026-07-16 16:40:00+03:00,15,OK,87.55597014925372,Critical,M,M,Critical,87.55597014925372,unique_max_firing_rule,A;M;V,1
2026-07-16 16:45:00+03:00,15,OK,87.55597014925372,Critical,M,M,Critical,87.55597014925372,unique_max_firing_rule,A;M;V,1
2026-07-16 16:50:00+03:00,15,OK,87.55597014925372,Critical,M,M,Critical,87.55597014925372,unique_max_firing_rule,A;M;V,1
2026-07-16 16:55:00+03:00,15,OK,87.55597014925372,Critical,M,M,Critical,87.55597014925372,unique_max_firing_rule,A;M;V,1
2026-07-16 17:00:00+03:00,15,OK,87.55597014925372,Critical,M,M,Critical,87.55597014925372,unique_max_firing_rule,A;M;V,1
2026-07-16 17:05:00+03:00,15,OK,87.55597014925372,Critical,M,M,Critical,87.55597014925372,unique_max_firing_rule,A;M;V,1
2026-07-16 17:10:00+03:00,15,OK,87.55597014925372,Critical,M,M,Critical,87.55597014925372,unique_max_firing_rule,A;M;V,1
2026-07-16 17:15:00+03:00,15,OK,87.55597014925372,Critical,M,M,Critical,87.55597014925372,unique_max_firing_rule,A;M;V,1
2026-07-16 17:20:00+03:00,15,OK,87.55597014925372,Critical,M,M,Critical,87.55597014925372,unique_max_firing_rule,A;M;V,1
2026-07-16 17:25:00+03:00,15,OK,87.55597014925372,Critical,M,M,Critical,87.55597014925372,unique_max_firing_rule,A;M;V,1
2026-07-16 17:30:00+03:00,15,OK,87.55597014925372,Critical,M,M,Critical,87.55597014925372,unique_max_firing_rule,A;M;V,1
2026-07-16 17:35:00+03:00,15,OK,87.55597014925372,Critical,M,M,Critical,87.55597014925372,unique_max_firing_rule,A;M;V,1
2026-07-16 17:40:00+03:00,15,OK,87.55597014925372,Critical,M,M,Critical,87.55597014925372,unique_max_firing_rule,A;M;V,1
2026-07-16 17:45:00+03:00,15,OK,87.55597014925372,Critical,M,M,Critical,87.55597014925372,unique_max_firing_rule,A;M;V,1
2026-07-16 17:50:00+03:00,15,OK,87.55597014925372,Critical,M,M,Critical,87.55597014925372,unique_max_firing_rule,A;M;V,1
2026-07-16 17:55:00+03:00,15,OK,87.55597014925372,Critical,M,M,Critical,87.55597014925372,unique_max_firing_rule,A;M;V,1
2026-07-16 18:00:00+03:00,15,OK,87.55597014925372,Critical,M,M,Critical,87.55597014925372,unique_max_firing_rule,A;M;V,1
2026-07-16 18:05:00+03:00,15,OK,87.55597014925372,Critical,M,M,Critical,87.55597014925372,unique_max_firing_rule,A;M;V,1
2026-07-16 18:10:00+03:00,15,OK,87.55597014925372,Critical,M,M,Critical,87.55597014925372,unique_max_firing_rule,A;M;V,1
2026-07-16 18:15:00+03:00,15,OK,87.55597014925372,Critical,M,M,Critical,87.55597014925372,unique_max_firing_rule,A;M;V,1
2026-07-16 18:20:00+03:00,15,OK,87.55597014925372,Critical,M,M,Critical,87.55597014925372,unique_max_firing_rule,A;M;V,1
2026-07-16 18:25:00+03:00,15,OK,87.55597014925372,Critical,M,M,Critical,87.55597014925372,unique_max_firing_rule,A;M;V,1
2026-07-16 18:30:00+03:00,15,OK,87.55597014925372,Critical,M,M,Critical,87.55597014925372,unique_max_firing_rule,A;M;V,1
2026-07-16 18:35:00+03:00,15,OK,87.55597014925372,Critical,M,M,Critical,87.55597014925372,unique_max_firing_rule,A;M;V,1
2026-07-16 18:40:00+03:00,15,OK,87.55597014925372,Critical,M,M,Critical,87.55597014925372,unique_max_firing_rule,A;M;V,1
2026-07-16 18:45:00+03:00,15,OK,87.55597014925372,Critical,M,M,Critical,87.55597014925372,unique_max_firing_rule,A;M;V,1
2026-07-16 18:50:00+03:00,15,OK,87.55597014925372,Critical,M,M,Critical,87.55597014925372,unique_max_firing_rule,A;M;V,1
2026-07-16 18:55:00+03:00,15,PARTIAL,12.444029850746269,Favorable,A,A;V,Favorable,12.444029850746269,co_dominant_tie,A;V,1
2026-07-16 19:00:00+03:00,15,PARTIAL,12.444029850746269,Favorable,A,A;V,Favorable,12.444029850746269,co_dominant_tie,A;V,1
2026-07-16 19:05:00+03:00,15,OK,87.55597014925372,Critical,M,M,Critical,87.55597014925372,unique_max_firing_rule,A;M;V,1
2026-07-16 19:10:00+03:00,15,OK,87.55597014925372,Critical,M,M,Critical,87.55597014925372,unique_max_firing_rule,A;M;V,1
2026-07-16 19:15:00+03:00,15,OK,87.55597014925372,Critical,M,M,Critical,87.55597014925372,unique_max_firing_rule,A;M;V,1
2026-07-16 19:20:00+03:00,15,OK,87.55597014925372,Critical,M,M,Critical,87.55597014925372,unique_max_firing_rule,A;M;V,1
2026-07-16 19:25:00+03:00,15,PARTIAL,12.444029850746269,Favorable,A,A;V,Favorable,12.444029850746269,co_dominant_tie,A;V,1
2026-07-16 19:30:00+03:00,15,OK,87.55597014925372,Critical,M,M,Critical,87.55597014925372,unique_max_firing_rule,A;M;V,1
2026-07-16 19:35:00+03:00,15,PARTIAL,12.444029850746269,Favorable,A,A;V,Favorable,12.444029850746269,co_dominant_tie,A;V,1
2026-07-16 19:40:00+03:00,15,PARTIAL,12.444029850746269,Favorable,A,A;V,Favorable,12.444029850746269,co_dominant_tie,A;V,1
2026-07-16 19:45:00+03:00,15,OK,87.55597014925372,Critical,M,M,Critical,87.55597014925372,unique_max_firing_rule,A;M;V,1
2026-07-16 19:50:00+03:00,15,OK,87.55597014925372,Critical,M,M,Critical,87.55597014925372,unique_max_firing_rule,A;M;V,1
2026-07-16 19:55:00+03:00,15,OK,87.55597014925372,Critical,M,M,Critical,87.55597014925372,unique_max_firing_rule,A;M;V,1
2026-07-16 20:00:00+03:00,15,OK,87.55597014925372,Critical,M,M,Critical,87.55597014925372,unique_max_firing_rule,A;M;V,1
2026-07-16 20:05:00+03:00,15,OK,87.55597014925372,Critical,M,M,Critical,87.55597014925372,unique_max_firing_rule,A;M;V,1
2026-07-16 20:10:00+03:00,15,OK,87.55597014925372,Critical,M,M,Critical,87.55597014925372,unique_max_firing_rule,A;M;V,1
2026-07-16 20:15:00+03:00,15,OK,87.55597014925372,Critical,M,M,Critical,87.55597014925372,unique_max_firing_rule,A;M;V,1
2026-07-16 20:20:00+03:00,15,OK,87.55597014925372,Critical,M,M,Critical,87.55597014925372,unique_max_firing_rule,A;M;V,1
2026-07-16 20:25:00+03:00,15,OK,87.55597014925372,Critical,M,M,Critical,87.55597014925372,unique_max_firing_rule,A;M;V,1
2026-07-16 20:30:00+03:00,15,OK,87.55597014925372,Critical,M,M,Critical,87.55597014925372,unique_max_firing_rule,A;M;V,1
2026-07-16 20:35:00+03:00,15,OK,87.55597014925372,Critical,M,M,Critical,87.55597014925372,unique_max_firing_rule,A;M;V,1
2026-07-16 20:40:00+03:00,15,OK,87.55597014925372,Critical,M,M,Critical,87.55597014925372,unique_max_firing_rule,A;M;V,1
2026-07-16 20:45:00+03:00,15,OK,87.55597014925372,Critical,M,M,Critical,87.55597014925372,unique_max_firing_rule,A;M;V,1
2026-07-16 20:50:00+03:00,15,OK,87.55597014925372,Critical,M,M,Critical,87.55597014925372,unique_max_firing_rule,A;M;V,1
2026-07-16 20:55:00+03:00,15,OK,87.55597014925372,Critical,M,M,Critical,87.55597014925372,unique_max_firing_rule,A;M;V,1
2026-07-16 21:00:00+03:00,15,OK,87.55597014925372,Critical,M,M,Critical,87.55597014925372,unique_max_firing_rule,A;M;V,1
2026-07-16 21:05:00+03:00,15,OK,87.55597014925372,Critical,M,M,Critical,87.55597014925372,unique_max_firing_rule,A;M;V,1
2026-07-16 21:10:00+03:00,15,OK,87.55597014925372,Critical,M,M,Critical,87.55597014925372,unique_max_firing_rule,A;M;V,1
2026-07-16 21:15:00+03:00,15,OK,87.55597014925372,Critical,M,M,Critical,87.55597014925372,unique_max_firing_rule,A;M;V,1
2026-07-16 21:20:00+03:00,15,OK,87.55597014925372,Critical,M,M,Critical,87.55597014925372,unique_max_firing_rule,A;M;V,1
2026-07-16 21:25:00+03:00,15,OK,87.55597014925372,Critical,M,M,Critical,87.55597014925372,unique_max_firing_rule,A;M;V,1
2026-07-16 21:30:00+03:00,15,OK,87.55597014925372,Critical,M,M,Critical,87.55597014925372,unique_max_firing_rule,A;M;V,1
2026-07-16 21:35:00+03:00,15,OK,87.55597014925372,Critical,M,M,Critical,87.55597014925372,unique_max_firing_rule,A;M;V,1
2026-07-16 21:40:00+03:00,15,OK,87.55597014925372,Critical,M,M,Critical,87.55597014925372,unique_max_firing_rule,A;M;V,1
2026-07-16 21:45:00+03:00,15,OK,87.55597014925372,Critical,M,M,Critical,87.55597014925372,unique_max_firing_rule,A;M;V,1
2026-07-16 21:50:00+03:00,15,OK,87.55597014925372,Critical,M,M,Critical,87.55597014925372,unique_max_firing_rule,A;M;V,1
2026-07-16 21:55:00+03:00,15,OK,87.55597014925372,Critical,M,M,Critical,87.55597014925372,unique_max_firing_rule,A;M;V,1
2026-07-16 22:00:00+03:00,15,OK,87.55597014925372,Critical,M,M,Critical,87.55597014925372,unique_max_firing_rule,A;M;V,1
2026-07-16 22:05:00+03:00,15,OK,87.55597014925372,Critical,M,M,Critical,87.55597014925372,unique_max_firing_rule,A;M;V,1
2026-07-16 22:10:00+03:00,15,OK,87.55597014925372,Critical,M,M,Critical,87.55597014925372,unique_max_firing_rule,A;M;V,1
2026-07-16 22:15:00+03:00,15,OK,87.55597014925372,Critical,M,M,Critical,87.55597014925372,unique_max_firing_rule,A;M;V,1
2026-07-16 22:20:00+03:00,15,OK,87.55597014925372,Critical,M,M,Critical,87.55597014925372,unique_max_firing_rule,A;M;V,1
2026-07-16 22:25:00+03:00,15,OK,87.55597014925372,Critical,M,M,Critical,87.55597014925372,unique_max_firing_rule,A;M;V,1
2026-07-16 22:30:00+03:00,15,OK,87.53796717919691,Critical,A,A,Critical,87.55597014925372,unique_max_firing_rule,A,2
2026-07-16 22:35:00+03:00,15,OK,87.54239109479744,Critical,A,A,Critical,87.55597014925372,unique_max_firing_rule,A,2
2026-07-16 22:40:00+03:00,15,OK,87.54018313097006,Critical,A,A,Critical,87.55597014925372,unique_max_firing_rule,A,2
2026-07-16 22:45:00+03:00,15,OK,87.53401181962252,Critical,A,A,Critical,87.55597014925372,unique_max_firing_rule,A,2
2026-07-16 22:50:00+03:00,15,OK,87.53495338853588,Critical,A,A,Critical,87.55597014925372,unique_max_firing_rule,A,2
2026-07-16 22:55:00+03:00,15,OK,87.53953511030662,Critical,A,A,Critical,87.55597014925372,unique_max_firing_rule,A,2
2026-07-16 23:00:00+03:00,15,OK,87.54972614688818,Critical,A,A,Critical,87.55597014925372,unique_max_firing_rule,A,2
2026-07-16 23:05:00+03:00,15,OK,87.5340931149374,Critical,A,A,Critical,87.55597014925372,unique_max_firing_rule,A,2
2026-07-16 23:10:00+03:00,15,OK,87.53387937459247,Critical,A,A,Critical,87.55597014925372,unique_max_firing_rule,A,2
2026-07-16 23:15:00+03:00,15,OK,87.5405183885335,Critical,A,A,Critical,87.55597014925372,unique_max_firing_rule,A,2
2026-07-16 23:20:00+03:00,15,OK,87.53070220105863,Critical,A,A,Critical,87.55597014925372,unique_max_firing_rule,A,2
2026-07-16 23:25:00+03:00,15,OK,87.49986164912264,Critical,A,A,Critical,87.55597014925372,unique_max_firing_rule,A,2
2026-07-16 23:30:00+03:00,15,OK,87.47682512082018,Critical,A,A,Critical,87.55597014925372,unique_max_firing_rule,A,2
2026-07-16 23:35:00+03:00,15,OK,87.4812869509979,Critical,A,A,Critical,87.55597014925372,unique_max_firing_rule,A,2
2026-07-16 23:40:00+03:00,15,OK,87.4867542619439,Critical,A,A,Critical,87.55597014925372,unique_max_firing_rule,A,2
2026-07-16 23:45:00+03:00,15,OK,87.49380771688816,Critical,A,A,Critical,87.55597014925372,unique_max_firing_rule,A,2
2026-07-16 23:50:00+03:00,15,OK,87.48081557015801,Critical,A,A,Critical,87.55597014925372,unique_max_firing_rule,A,2
2026-07-16 23:55:00+03:00,15,OK,87.48761736310324,Critical,A,A,Critical,87.55597014925372,unique_max_firing_rule,A,2
2026-07-17 00:00:00+03:00,15,OK,86.75126413125096,Critical,A,A,Critical,86.90069599801147,unique_max_firing_rule,A,4
2026-07-17 00:05:00+03:00,15,OK,85.8214378109136,Critical,A,A,Critical,85.98495232419486,unique_max_firing_rule,A,4
2026-07-17 00:10:00+03:00,15,OK,84.83883613894734,Critical,A,A,Critical,84.90595941959968,unique_max_firing_rule,A,4
2026-07-17 00:15:00+03:00,15,OK,83.80972428213282,Critical,M,M,Critical,83.80972428213282,unique_max_firing_rule,M,4
2026-07-17 00:20:00+03:00,15,OK,82.48405610350949,Critical,M,M,Critical,82.48405610350949,unique_max_firing_rule,M,4
2026-07-17 00:25:00+03:00,15,OK,81.34870744082795,Critical,M,M,Critical,81.34870744082795,unique_max_firing_rule,M,4
2026-07-17 00:30:00+03:00,15,OK,80.33478765191248,Critical,M,M,Critical,80.33478765191248,unique_max_firing_rule,M,4
2026-07-17 00:35:00+03:00,15,OK,79.38371236951406,Critical,M,M,Critical,79.38371236951406,unique_max_firing_rule,M,4
2026-07-17 00:40:00+03:00,15,OK,78.34927560092194,Critical,M,M,Critical,78.34927560092194,unique_max_firing_rule,M,4
2026-07-17 00:45:00+03:00,15,OK,77.4718106995889,Critical,M,M,Critical,77.4718106995889,unique_max_firing_rule,M,4
2026-07-17 00:50:00+03:00,15,OK,76.5490946502053,Critical,M,M,Critical,76.5490946502053,unique_max_firing_rule,M,4
2026-07-17 00:55:00+03:00,15,OK,75.70950617283935,Critical,M,M,Critical,75.70950617283935,unique_max_firing_rule,M,4
2026-07-17 01:00:00+03:00,15,OK,74.67179233076446,Degraded,M,M,Degraded,74.67179233076446,unique_max_firing_rule,M,4
2026-07-17 01:05:00+03:00,15,OK,73.60941390759008,Degraded,M,M,Degraded,73.60941390759008,unique_max_firing_rule,M,4
2026-07-17 01:10:00+03:00,15,OK,72.59560730325823,Degraded,M,M,Degraded,72.59560730325823,unique_max_firing_rule,M,4
2026-07-17 01:15:00+03:00,15,OK,71.78727054581233,Degraded,M,M,Degraded,71.78727054581233,unique_max_firing_rule,M,4
2026-07-17 01:20:00+03:00,15,OK,71.0584069614424,Degraded,M,M,Degraded,71.0584069614424,unique_max_firing_rule,M,4
2026-07-17 01:25:00+03:00,15,OK,70.12430070795573,Degraded,M,M,Degraded,70.12430070795573,unique_max_firing_rule,M,4
2026-07-17 01:30:00+03:00,15,OK,68.93414988684972,Degraded,M,M,Degraded,68.93414988684972,unique_max_firing_rule,M,4
2026-07-17 01:35:00+03:00,15,OK,67.96045418689707,Degraded,M,M,Degraded,67.96045418689707,unique_max_firing_rule,M,4
2026-07-17 01:40:00+03:00,15,OK,67.22622234025958,Degraded,M,M,Degraded,67.22622234025958,unique_max_firing_rule,M,4
2026-07-17 01:45:00+03:00,15,OK,66.40442295633497,Degraded,M,M,Degraded,66.40442295633497,unique_max_firing_rule,M,4
2026-07-17 01:50:00+03:00,15,OK,65.71372089338266,Degraded,M,M,Degraded,65.71372089338266,unique_max_firing_rule,M,4
2026-07-17 01:55:00+03:00,15,OK,64.90102243799477,Degraded,M,M,Degraded,64.90102243799477,unique_max_firing_rule,M,4
2026-07-17 02:00:00+03:00,15,OK,64.21875334070582,Degraded,M,M,Degraded,64.21875334070582,unique_max_firing_rule,M,4
2026-07-17 02:05:00+03:00,15,OK,63.6591802735943,Degraded,M,M,Degraded,63.6591802735943,unique_max_firing_rule,M,4
2026-07-17 02:10:00+03:00,15,OK,62.95220653912371,Degraded,M,M,Degraded,62.95220653912371,unique_max_firing_rule,M,4
2026-07-17 02:15:00+03:00,15,OK,62.5,Degraded,M,M,Degraded,62.5,unique_max_firing_rule,M,2
2026-07-17 02:20:00+03:00,15,OK,62.5,Degraded,M,M,Degraded,62.5,unique_max_firing_rule,M,2
2026-07-17 02:25:00+03:00,15,OK,62.5,Degraded,M,M,Degraded,62.5,unique_max_firing_rule,M,2
2026-07-17 02:30:00+03:00,15,OK,62.5,Degraded,M,M,Degraded,62.5,unique_max_firing_rule,M,2
2026-07-17 02:35:00+03:00,15,OK,62.49999999999999,Degraded,M,M,Degraded,62.49999999999999,unique_max_firing_rule,M,2
2026-07-17 02:40:00+03:00,15,OK,62.50000000000001,Degraded,M,M,Degraded,62.50000000000001,unique_max_firing_rule,M,2
2026-07-17 02:45:00+03:00,15,OK,62.49999999999999,Degraded,M,M,Degraded,62.49999999999999,unique_max_firing_rule,M,2
2026-07-17 02:50:00+03:00,15,OK,62.49999999999999,Degraded,M,M,Degraded,62.49999999999999,unique_max_firing_rule,M,2
2026-07-17 02:55:00+03:00,15,OK,62.50000000000001,Degraded,M,M,Degraded,62.50000000000001,unique_max_firing_rule,M,2
2026-07-17 03:00:00+03:00,15,OK,62.500000000000014,Degraded,M,M,Degraded,62.500000000000014,unique_max_firing_rule,M,2
2026-07-17 03:05:00+03:00,15,OK,62.5,Degraded,M,M,Degraded,62.5,unique_max_firing_rule,M,2
2026-07-17 03:10:00+03:00,15,OK,62.49999999999999,Degraded,M,M,Degraded,62.49999999999999,unique_max_firing_rule,M,2
2026-07-17 03:15:00+03:00,15,OK,62.5,Degraded,M,M,Degraded,62.5,unique_max_firing_rule,M,2
2026-07-17 03:20:00+03:00,15,OK,62.49999999999999,Degraded,M,M,Degraded,62.49999999999999,unique_max_firing_rule,M,2
2026-07-17 03:25:00+03:00,15,OK,62.5,Degraded,M,M,Degraded,62.5,unique_max_firing_rule,M,2
2026-07-17 03:30:00+03:00,15,OK,62.50000000000001,Degraded,M,M,Degraded,62.50000000000001,unique_max_firing_rule,M,2
2026-07-17 03:35:00+03:00,15,OK,62.49999999999998,Degraded,M,M,Degraded,62.49999999999998,unique_max_firing_rule,M,2
2026-07-17 03:40:00+03:00,15,OK,62.50000000000001,Degraded,M,M,Degraded,62.50000000000001,unique_max_firing_rule,M,2
2026-07-17 03:45:00+03:00,15,OK,62.500000000000014,Degraded,M,M,Degraded,62.500000000000014,unique_max_firing_rule,M,2
2026-07-17 03:50:00+03:00,15,OK,62.49999999999999,Degraded,M,M,Degraded,62.49999999999999,unique_max_firing_rule,M,2
2026-07-17 03:55:00+03:00,15,OK,62.5,Degraded,M,M,Degraded,62.5,unique_max_firing_rule,M,2
2026-07-17 04:00:00+03:00,15,OK,62.50000000000001,Degraded,M,M,Degraded,62.50000000000001,unique_max_firing_rule,M,2
2026-07-17 04:05:00+03:00,15,OK,62.50000000000001,Degraded,M,M,Degraded,62.50000000000001,unique_max_firing_rule,M,2
2026-07-17 04:10:00+03:00,15,OK,62.5,Degraded,M,M,Degraded,62.5,unique_max_firing_rule,M,2
2026-07-17 04:15:00+03:00,15,OK,62.5,Degraded,M,M,Degraded,62.5,unique_max_firing_rule,M,2
2026-07-17 04:20:00+03:00,15,OK,62.50000000000001,Degraded,M,M,Degraded,62.50000000000001,unique_max_firing_rule,M,2
2026-07-17 04:25:00+03:00,15,OK,62.5,Degraded,M,M,Degraded,62.5,unique_max_firing_rule,M,2
2026-07-17 04:30:00+03:00,15,OK,62.5,Degraded,M,M,Degraded,62.5,unique_max_firing_rule,M,2
2026-07-17 04:35:00+03:00,15,OK,62.50000000000001,Degraded,M,M,Degraded,62.50000000000001,unique_max_firing_rule,M,2
2026-07-17 04:40:00+03:00,15,OK,62.50000000000001,Degraded,M,M,Degraded,62.50000000000001,unique_max_firing_rule,M,2
2026-07-17 04:45:00+03:00,15,OK,62.49999999999998,Degraded,M,M,Degraded,62.49999999999998,unique_max_firing_rule,M,2
2026-07-17 04:50:00+03:00,15,OK,62.500000000000014,Degraded,M,M,Degraded,62.500000000000014,unique_max_firing_rule,M,2
2026-07-17 04:55:00+03:00,15,OK,62.499999999999986,Degraded,M,M,Degraded,62.499999999999986,unique_max_firing_rule,M,2
2026-07-17 05:00:00+03:00,15,OK,62.499999999999986,Degraded,M,M,Degraded,62.499999999999986,unique_max_firing_rule,M,2
2026-07-17 05:05:00+03:00,15,OK,62.50000000000002,Degraded,M,M,Degraded,62.50000000000002,unique_max_firing_rule,M,2
2026-07-17 05:10:00+03:00,15,OK,62.50000000000003,Degraded,M,M,Degraded,62.50000000000003,unique_max_firing_rule,M,2
2026-07-17 05:15:00+03:00,15,OK,62.49999999999999,Degraded,M,M,Degraded,62.49999999999999,unique_max_firing_rule,M,2
2026-07-17 05:20:00+03:00,15,OK,62.49999999999999,Degraded,M,M,Degraded,62.49999999999999,unique_max_firing_rule,M,2
2026-07-17 05:25:00+03:00,15,OK,62.500000000000014,Degraded,M,M,Degraded,62.500000000000014,unique_max_firing_rule,M,2
2026-07-17 05:30:00+03:00,15,OK,62.50000000000001,Degraded,M,M,Degraded,62.50000000000001,unique_max_firing_rule,M,2
2026-07-17 05:35:00+03:00,15,OK,62.499999999999986,Degraded,M,M,Degraded,62.499999999999986,unique_max_firing_rule,M,2
2026-07-17 05:40:00+03:00,15,OK,62.50000000000001,Degraded,M,M,Degraded,62.50000000000001,unique_max_firing_rule,M,2
2026-07-17 05:45:00+03:00,15,OK,62.50000000000001,Degraded,M,M,Degraded,62.50000000000001,unique_max_firing_rule,M,2
2026-07-17 05:50:00+03:00,15,OK,62.49999999999999,Degraded,M,M,Degraded,62.49999999999999,unique_max_firing_rule,M,2
2026-07-17 05:55:00+03:00,15,OK,62.14253691501368,Degraded,M,M,Degraded,62.14253691501368,unique_max_firing_rule,M,4
2026-07-17 06:00:00+03:00,15,OK,61.7786585671201,Degraded,M,M,Degraded,61.7786585671201,unique_max_firing_rule,M,4
2026-07-17 06:05:00+03:00,15,OK,61.58913803371524,Degraded,M,M,Degraded,61.58913803371524,unique_max_firing_rule,M,4
2026-07-17 06:10:00+03:00,15,OK,61.757573028376314,Degraded,M,M,Degraded,61.757573028376314,unique_max_firing_rule,M,4
2026-07-17 06:15:00+03:00,15,OK,61.44242365036488,Degraded,M,M,Degraded,61.44242365036488,unique_max_firing_rule,M,4
2026-07-17 06:20:00+03:00,15,OK,61.371113002668544,Degraded,M,M,Degraded,61.371113002668544,unique_max_firing_rule,M,4
2026-07-17 06:25:00+03:00,15,OK,61.177735132096075,Degraded,M,M,Degraded,61.177735132096075,unique_max_firing_rule,M,4
2026-07-17 06:30:00+03:00,15,OK,60.90833792845354,Degraded,M,M,Degraded,60.90833792845354,unique_max_firing_rule,M,4
2026-07-17 06:35:00+03:00,15,OK,60.71337110789276,Degraded,M,M,Degraded,60.71337110789276,unique_max_firing_rule,M,4
2026-07-17 06:40:00+03:00,15,OK,60.46713481795405,Degraded,M,M,Degraded,60.46713481795405,unique_max_firing_rule,M,4
2026-07-17 06:45:00+03:00,15,OK,60.500693879388876,Degraded,M,M,Degraded,60.500693879388876,unique_max_firing_rule,M,4
2026-07-17 06:50:00+03:00,15,OK,60.46252987235392,Degraded,M,M,Degraded,60.46252987235392,unique_max_firing_rule,M,4
2026-07-17 06:55:00+03:00,15,OK,60.51262975880755,Degraded,M,M,Degraded,60.51262975880755,unique_max_firing_rule,M,4
2026-07-17 07:00:00+03:00,15,OK,60.646894260998955,Degraded,M,M,Degraded,60.646894260998955,unique_max_firing_rule,M,4
2026-07-17 07:05:00+03:00,15,OK,60.88540791038843,Degraded,M,M,Degraded,60.88540791038843,unique_max_firing_rule,M,4
2026-07-17 07:10:00+03:00,15,OK,61.15031678352188,Degraded,M,M,Degraded,61.15031678352188,unique_max_firing_rule,M,2
2026-07-17 07:15:00+03:00,15,OK,61.461421906137794,Degraded,M,M,Degraded,61.461421906137794,unique_max_firing_rule,M,2
2026-07-17 07:20:00+03:00,15,OK,61.72417623287626,Degraded,M,M,Degraded,61.72417623287626,unique_max_firing_rule,M,2
2026-07-17 07:25:00+03:00,15,OK,62.2257746697585,Degraded,M,M,Degraded,62.2257746697585,unique_max_firing_rule,M,2
2026-07-17 07:30:00+03:00,15,OK,62.49999999999998,Degraded,M,M,Degraded,62.49999999999998,unique_max_firing_rule,M,2
2026-07-17 07:35:00+03:00,15,OK,62.50000000000002,Degraded,M,M,Degraded,62.50000000000002,unique_max_firing_rule,M,1
2026-07-17 07:40:00+03:00,15,OK,62.50000000000001,Degraded,M,M,Degraded,62.50000000000001,unique_max_firing_rule,M,1
2026-07-17 07:45:00+03:00,15,OK,62.5,Degraded,M,M,Degraded,62.5,unique_max_firing_rule,M,1
2026-07-17 07:50:00+03:00,15,OK,62.50000000000001,Degraded,M,M,Degraded,62.50000000000001,unique_max_firing_rule,M,1
2026-07-17 07:55:00+03:00,15,OK,62.50000000000001,Degraded,M,M,Degraded,62.50000000000001,unique_max_firing_rule,M,2
2026-07-17 08:00:00+03:00,15,OK,62.49999999999999,Degraded,M,M,Degraded,62.49999999999999,unique_max_firing_rule,M,2
2026-07-17 08:05:00+03:00,15,OK,62.5,Degraded,M,M,Degraded,62.5,unique_max_firing_rule,M,2
2026-07-17 08:10:00+03:00,15,OK,62.50000000000001,Degraded,M,M,Degraded,62.50000000000001,unique_max_firing_rule,M,2
2026-07-17 08:15:00+03:00,15,OK,62.5,Degraded,M,M,Degraded,62.5,unique_max_firing_rule,M,2
2026-07-17 08:20:00+03:00,15,OK,62.500000000000014,Degraded,M,M,Degraded,62.500000000000014,unique_max_firing_rule,M,2
2026-07-17 08:25:00+03:00,15,OK,62.49999999999999,Degraded,M,M,Degraded,62.49999999999999,unique_max_firing_rule,M,2
2026-07-17 08:30:00+03:00,15,OK,62.5,Degraded,M,M,Degraded,62.5,unique_max_firing_rule,M,2
2026-07-17 08:35:00+03:00,15,OK,62.5,Degraded,M,M,Degraded,62.5,unique_max_firing_rule,M,2
2026-07-17 08:40:00+03:00,15,OK,62.49999999999999,Degraded,M,M,Degraded,62.49999999999999,unique_max_firing_rule,M,2
2026-07-17 08:45:00+03:00,15,OK,62.5,Degraded,M,M,Degraded,62.5,unique_max_firing_rule,M,2
2026-07-17 08:50:00+03:00,15,OK,62.5,Degraded,M,M,Degraded,62.5,unique_max_firing_rule,M,2
2026-07-17 08:55:00+03:00,15,OK,62.50000000000001,Degraded,M,M,Degraded,62.50000000000001,unique_max_firing_rule,M,1
2026-07-17 09:00:00+03:00,15,OK,62.50000000000001,Degraded,M,M,Degraded,62.50000000000001,unique_max_firing_rule,M,1
2026-07-17 09:05:00+03:00,15,OK,62.50000000000001,Degraded,M,M,Degraded,62.50000000000001,unique_max_firing_rule,M,1
2026-07-17 09:10:00+03:00,15,OK,62.50000000000001,Degraded,M,M,Degraded,62.50000000000001,unique_max_firing_rule,M,1
2026-07-17 09:15:00+03:00,15,OK,62.500000000000014,Degraded,M,M,Degraded,62.500000000000014,unique_max_firing_rule,M,1
2026-07-17 09:20:00+03:00,15,OK,62.5,Degraded,M,M,Degraded,62.5,unique_max_firing_rule,M,1
2026-07-17 09:25:00+03:00,15,OK,62.50000000000001,Degraded,M,M,Degraded,62.50000000000001,unique_max_firing_rule,M,1
2026-07-17 09:30:00+03:00,15,OK,62.5,Degraded,M,M,Degraded,62.5,unique_max_firing_rule,M,1
2026-07-17 09:35:00+03:00,15,OK,62.5,Degraded,M,M,Degraded,62.5,unique_max_firing_rule,M,1
2026-07-17 09:40:00+03:00,15,OK,62.500000000000014,Degraded,M,M,Degraded,62.500000000000014,unique_max_firing_rule,M,1
2026-07-17 09:45:00+03:00,15,OK,62.626840959148225,Degraded,M,M,Degraded,62.626840959148225,unique_max_firing_rule,M,2
2026-07-17 09:50:00+03:00,15,OK,63.49182375567891,Degraded,M,M,Degraded,63.49182375567891,unique_max_firing_rule,M,2
2026-07-17 09:55:00+03:00,15,OK,64.61756875960032,Degraded,M,M,Degraded,64.61756875960032,unique_max_firing_rule,M,2
2026-07-17 10:00:00+03:00,15,OK,65.62251552295447,Degraded,M,M,Degraded,65.62251552295447,unique_max_firing_rule,M,2
2026-07-17 10:05:00+03:00,15,OK,66.44661020880135,Degraded,M,M,Degraded,66.44661020880135,unique_max_firing_rule,M,2
2026-07-17 10:10:00+03:00,15,OK,68.10785991330125,Degraded,M,M,Degraded,68.10785991330125,unique_max_firing_rule,M,2
2026-07-17 10:15:00+03:00,15,OK,70.00128731989933,Degraded,M,M,Degraded,70.00128731989933,unique_max_firing_rule,M,2
2026-07-17 10:20:00+03:00,15,OK,71.8037724343655,Degraded,M,M,Degraded,71.8037724343655,unique_max_firing_rule,M,2
2026-07-17 10:25:00+03:00,15,OK,73.469343219571,Degraded,M,M,Degraded,73.469343219571,unique_max_firing_rule,M,2
2026-07-17 10:30:00+03:00,15,OK,75.02786008230426,Critical,M,M,Critical,75.02786008230426,unique_max_firing_rule,M,2
2026-07-17 10:35:00+03:00,15,OK,76.24152263374536,Critical,M,M,Critical,76.24152263374536,unique_max_firing_rule,M,2
2026-07-17 10:40:00+03:00,15,OK,77.38868312757252,Critical,M,M,Critical,77.38868312757252,unique_max_firing_rule,M,2
2026-07-17 10:45:00+03:00,15,OK,78.56786718652246,Critical,M,M,Critical,78.56786718652246,unique_max_firing_rule,M,2
2026-07-17 10:50:00+03:00,15,OK,79.25751666710586,Critical,M,M,Critical,79.25751666710586,unique_max_firing_rule,M,2
2026-07-17 10:55:00+03:00,15,OK,78.76967726000326,Critical,M,M,Critical,78.76967726000326,unique_max_firing_rule,M,2
2026-07-17 11:00:00+03:00,15,OK,78.10550605967815,Critical,M,M,Critical,78.10550605967815,unique_max_firing_rule,M,2
2026-07-17 11:05:00+03:00,15,OK,78.24839979981056,Critical,M,M,Critical,78.24839979981056,unique_max_firing_rule,M,2
2026-07-17 11:10:00+03:00,15,OK,79.69504842854356,Critical,M,M,Critical,79.69504842854356,unique_max_firing_rule,M,2
2026-07-17 11:15:00+03:00,15,OK,81.32312103758778,Critical,M,M,Critical,81.32312103758778,unique_max_firing_rule,M,2
2026-07-17 11:20:00+03:00,15,OK,82.38153683460251,Critical,M,M,Critical,82.38153683460251,unique_max_firing_rule,M,2
2026-07-17 11:25:00+03:00,15,OK,82.74897272142142,Critical,M,M,Critical,82.74897272142142,unique_max_firing_rule,M,2
2026-07-17 11:30:00+03:00,15,OK,82.95414393091579,Critical,M,M,Critical,82.95414393091579,unique_max_firing_rule,M,2
2026-07-17 11:35:00+03:00,15,OK,83.35612594644792,Critical,M,M,Critical,83.35612594644792,unique_max_firing_rule,M,2
2026-07-17 11:40:00+03:00,15,OK,85.61918945215548,Critical,M,M,Critical,85.61918945215548,unique_max_firing_rule,M,2
2026-07-17 11:45:00+03:00,15,OK,87.50852007392402,Critical,A,A,Critical,87.55597014925372,unique_max_firing_rule,A,2
2026-07-17 11:50:00+03:00,15,OK,87.43248236885151,Critical,A,A,Critical,87.55597014925372,unique_max_firing_rule,A,2
2026-07-17 11:55:00+03:00,15,OK,87.42486649463739,Critical,A,A,Critical,87.55597014925372,unique_max_firing_rule,A,2
2026-07-17 12:00:00+03:00,15,OK,87.54334616041534,Critical,A,A,Critical,87.55597014925372,unique_max_firing_rule,A,2
2026-07-17 12:05:00+03:00,15,OK,87.39499488898022,Critical,V,V,Critical,87.55597014925372,unique_max_firing_rule,V,2
2026-07-17 12:10:00+03:00,15,OK,87.55597014925372,Critical,M,M,Critical,87.55597014925372,unique_max_firing_rule,A;M;V,1
2026-07-17 12:15:00+03:00,15,OK,87.55597014925372,Critical,M,M,Critical,87.55597014925372,unique_max_firing_rule,A;M;V,1
2026-07-17 12:20:00+03:00,15,OK,87.55597014925372,Critical,M,M,Critical,87.55597014925372,unique_max_firing_rule,A;M;V,1
2026-07-17 12:25:00+03:00,15,OK,87.55597014925372,Critical,M,M,Critical,87.55597014925372,unique_max_firing_rule,A;M;V,1
2026-07-17 12:30:00+03:00,15,OK,87.55597014925372,Critical,M,M,Critical,87.55597014925372,unique_max_firing_rule,A;M;V,1
2026-07-17 12:35:00+03:00,15,OK,87.55597014925372,Critical,M,M,Critical,87.55597014925372,unique_max_firing_rule,A;M;V,1
2026-07-17 12:40:00+03:00,15,OK,87.55597014925372,Critical,M,M,Critical,87.55597014925372,unique_max_firing_rule,A;M;V,1
2026-07-17 12:45:00+03:00,15,OK,87.55597014925372,Critical,M,M,Critical,87.55597014925372,unique_max_firing_rule,A;M;V,1
2026-07-17 12:50:00+03:00,15,OK,87.55597014925372,Critical,M,M,Critical,87.55597014925372,unique_max_firing_rule,A;M;V,1
2026-07-17 12:55:00+03:00,15,OK,87.55597014925372,Critical,M,M,Critical,87.55597014925372,unique_max_firing_rule,A;M;V,1
2026-07-17 13:00:00+03:00,15,OK,87.55597014925372,Critical,M,M,Critical,87.55597014925372,unique_max_firing_rule,A;M;V,1
2026-07-17 13:05:00+03:00,15,OK,87.55597014925372,Critical,M,M,Critical,87.55597014925372,unique_max_firing_rule,A;M;V,1
2026-07-17 13:10:00+03:00,15,OK,87.55597014925372,Critical,M,M,Critical,87.55597014925372,unique_max_firing_rule,A;M;V,1
2026-07-17 13:15:00+03:00,15,OK,87.55597014925372,Critical,M,M,Critical,87.55597014925372,unique_max_firing_rule,A;M;V,1
2026-07-17 13:20:00+03:00,15,OK,87.55597014925372,Critical,M,M,Critical,87.55597014925372,unique_max_firing_rule,A;M;V,1
2026-07-17 13:25:00+03:00,15,OK,87.55597014925372,Critical,M,M,Critical,87.55597014925372,unique_max_firing_rule,A;M;V,1
2026-07-17 13:30:00+03:00,15,OK,87.55597014925372,Critical,M,M,Critical,87.55597014925372,unique_max_firing_rule,A;M;V,1
2026-07-17 13:35:00+03:00,15,OK,87.55597014925372,Critical,M,M,Critical,87.55597014925372,unique_max_firing_rule,A;M;V,1
2026-07-17 13:40:00+03:00,15,OK,87.55597014925372,Critical,M,M,Critical,87.55597014925372,unique_max_firing_rule,A;M;V,1
2026-07-17 13:45:00+03:00,15,OK,87.55597014925372,Critical,M,M,Critical,87.55597014925372,unique_max_firing_rule,A;M;V,1
2026-07-17 13:50:00+03:00,15,OK,87.55597014925372,Critical,M,M,Critical,87.55597014925372,unique_max_firing_rule,A;M;V,1
2026-07-17 13:55:00+03:00,15,OK,87.55597014925372,Critical,M,M,Critical,87.55597014925372,unique_max_firing_rule,A;M;V,1
2026-07-17 14:00:00+03:00,15,OK,87.55597014925372,Critical,M,M,Critical,87.55597014925372,unique_max_firing_rule,A;M;V,1
2026-07-17 14:05:00+03:00,15,OK,87.55597014925372,Critical,M,M,Critical,87.55597014925372,unique_max_firing_rule,A;M;V,1
2026-07-17 14:10:00+03:00,15,OK,87.55597014925372,Critical,M,M,Critical,87.55597014925372,unique_max_firing_rule,A;M;V,1
2026-07-17 14:15:00+03:00,15,OK,87.55597014925372,Critical,M,M,Critical,87.55597014925372,unique_max_firing_rule,A;M;V,1
2026-07-17 14:20:00+03:00,15,OK,87.55597014925372,Critical,M,M,Critical,87.55597014925372,unique_max_firing_rule,A;M;V,1
2026-07-17 14:25:00+03:00,15,OK,87.55597014925372,Critical,M,M,Critical,87.55597014925372,unique_max_firing_rule,A;M;V,1
2026-07-17 14:30:00+03:00,15,OK,87.55597014925372,Critical,M,M,Critical,87.55597014925372,unique_max_firing_rule,A;M;V,1
2026-07-17 14:35:00+03:00,15,OK,87.55597014925372,Critical,M,M,Critical,87.55597014925372,unique_max_firing_rule,A;M;V,1
2026-07-17 14:40:00+03:00,15,OK,87.55597014925372,Critical,M,M,Critical,87.55597014925372,unique_max_firing_rule,A;M;V,1
2026-07-17 14:45:00+03:00,15,OK,87.55597014925372,Critical,M,M,Critical,87.55597014925372,unique_max_firing_rule,A;M;V,1
2026-07-17 14:50:00+03:00,15,OK,87.55597014925372,Critical,M,M,Critical,87.55597014925372,unique_max_firing_rule,A;M;V,1
2026-07-17 14:55:00+03:00,15,OK,87.55597014925372,Critical,M,M,Critical,87.55597014925372,unique_max_firing_rule,A;M;V,1
2026-07-17 15:00:00+03:00,15,OK,87.55597014925372,Critical,M,M,Critical,87.55597014925372,unique_max_firing_rule,A;M;V,1
2026-07-17 15:05:00+03:00,15,OK,87.55597014925372,Critical,M,M,Critical,87.55597014925372,unique_max_firing_rule,A;M;V,1
2026-07-17 15:10:00+03:00,15,OK,87.55597014925372,Critical,M,M,Critical,87.55597014925372,unique_max_firing_rule,A;M;V,1
2026-07-17 15:15:00+03:00,15,OK,87.55597014925372,Critical,M,M,Critical,87.55597014925372,unique_max_firing_rule,A;M;V,1
2026-07-17 15:20:00+03:00,15,OK,87.55597014925372,Critical,M,M,Critical,87.55597014925372,unique_max_firing_rule,A;M;V,1
2026-07-17 15:25:00+03:00,15,OK,87.55597014925372,Critical,M,M,Critical,87.55597014925372,unique_max_firing_rule,A;M;V,1
2026-07-17 15:30:00+03:00,15,OK,87.55597014925372,Critical,M,M,Critical,87.55597014925372,unique_max_firing_rule,A;M;V,1
2026-07-17 15:35:00+03:00,15,OK,87.55597014925372,Critical,M,M,Critical,87.55597014925372,unique_max_firing_rule,A;M;V,1
2026-07-17 15:40:00+03:00,15,OK,87.55597014925372,Critical,M,M,Critical,87.55597014925372,unique_max_firing_rule,A;M;V,1
2026-07-17 15:45:00+03:00,15,OK,87.55597014925372,Critical,M,M,Critical,87.55597014925372,unique_max_firing_rule,A;M;V,1
2026-07-17 15:50:00+03:00,15,OK,87.55470215103414,Critical,A,A,Critical,87.55597014925372,unique_max_firing_rule,A,2
2026-07-17 15:55:00+03:00,15,OK,87.54391818867515,Critical,A,A,Critical,87.55597014925372,unique_max_firing_rule,A,2
2026-07-17 16:00:00+03:00,15,OK,87.53411720854486,Critical,A,A,Critical,87.55597014925372,unique_max_firing_rule,A,2
2026-07-17 16:05:00+03:00,15,OK,87.54205977109899,Critical,A,A,Critical,87.55597014925372,unique_max_firing_rule,A,2
2026-07-17 16:10:00+03:00,15,OK,87.5440827658689,Critical,A,A,Critical,87.55597014925372,unique_max_firing_rule,A,2
2026-07-17 16:15:00+03:00,15,OK,87.53607278369795,Critical,A,A,Critical,87.55597014925372,unique_max_firing_rule,A,2
2026-07-17 16:20:00+03:00,15,OK,87.53117469488797,Critical,A,A,Critical,87.55597014925372,unique_max_firing_rule,A,2
2026-07-17 16:25:00+03:00,15,OK,87.5480217291308,Critical,A,A,Critical,87.55597014925372,unique_max_firing_rule,A,2
2026-07-17 16:30:00+03:00,15,OK,87.55597014925372,Critical,M,M,Critical,87.55597014925372,unique_max_firing_rule,A;M;V,1
2026-07-17 16:35:00+03:00,15,OK,87.55597014925372,Critical,M,M,Critical,87.55597014925372,unique_max_firing_rule,A;M;V,1
2026-07-17 16:40:00+03:00,15,OK,87.55597014925372,Critical,M,M,Critical,87.55597014925372,unique_max_firing_rule,A;M;V,1
2026-07-17 16:45:00+03:00,15,OK,87.55597014925372,Critical,M,M,Critical,87.55597014925372,unique_max_firing_rule,A;M;V,1
2026-07-17 16:50:00+03:00,15,OK,87.55597014925372,Critical,M,M,Critical,87.55597014925372,unique_max_firing_rule,A;M;V,1
2026-07-17 16:55:00+03:00,15,OK,87.55597014925372,Critical,M,M,Critical,87.55597014925372,unique_max_firing_rule,A;M;V,1
2026-07-17 17:00:00+03:00,15,OK,87.55597014925372,Critical,M,M,Critical,87.55597014925372,unique_max_firing_rule,A;M;V,1
2026-07-17 17:05:00+03:00,15,OK,87.55597014925372,Critical,M,M,Critical,87.55597014925372,unique_max_firing_rule,A;M;V,1
2026-07-17 17:10:00+03:00,15,OK,87.55597014925372,Critical,M,M,Critical,87.55597014925372,unique_max_firing_rule,A;M;V,1
2026-07-17 17:15:00+03:00,15,OK,87.55597014925372,Critical,M,M,Critical,87.55597014925372,unique_max_firing_rule,A;M;V,1
2026-07-17 17:20:00+03:00,15,OK,87.55597014925372,Critical,M,M,Critical,87.55597014925372,unique_max_firing_rule,A;M;V,1
2026-07-17 17:25:00+03:00,15,OK,87.55597014925372,Critical,M,M,Critical,87.55597014925372,unique_max_firing_rule,A;M;V,1
2026-07-17 17:30:00+03:00,15,OK,87.55597014925372,Critical,M,M,Critical,87.55597014925372,unique_max_firing_rule,A;M;V,1
2026-07-17 17:35:00+03:00,15,OK,87.55597014925372,Critical,M,M,Critical,87.55597014925372,unique_max_firing_rule,A;M;V,1
2026-07-17 17:40:00+03:00,15,OK,87.55597014925372,Critical,M,M,Critical,87.55597014925372,unique_max_firing_rule,A;M;V,1
2026-07-17 17:45:00+03:00,15,OK,87.55597014925372,Critical,M,M,Critical,87.55597014925372,unique_max_firing_rule,A;M;V,1
2026-07-17 17:50:00+03:00,15,OK,87.55597014925372,Critical,M,M,Critical,87.55597014925372,unique_max_firing_rule,A;M;V,1
2026-07-17 17:55:00+03:00,15,OK,87.55597014925372,Critical,M,M,Critical,87.55597014925372,unique_max_firing_rule,A;M;V,1
2026-07-17 18:00:00+03:00,15,OK,87.55597014925372,Critical,M,M,Critical,87.55597014925372,unique_max_firing_rule,A;M;V,1
2026-07-17 18:05:00+03:00,15,OK,87.55597014925372,Critical,M,M,Critical,87.55597014925372,unique_max_firing_rule,A;M;V,1
2026-07-17 18:10:00+03:00,15,OK,87.55597014925372,Critical,M,M,Critical,87.55597014925372,unique_max_firing_rule,A;M;V,1
2026-07-17 18:15:00+03:00,15,OK,87.55597014925372,Critical,M,M,Critical,87.55597014925372,unique_max_firing_rule,A;M;V,1
2026-07-17 18:20:00+03:00,15,OK,87.55597014925372,Critical,M,M,Critical,87.55597014925372,unique_max_firing_rule,A;M;V,1
2026-07-17 18:25:00+03:00,15,OK,87.55597014925372,Critical,M,M,Critical,87.55597014925372,unique_max_firing_rule,A;M;V,1
2026-07-17 18:30:00+03:00,15,OK,87.55597014925372,Critical,M,M,Critical,87.55597014925372,unique_max_firing_rule,A;M;V,1
2026-07-17 18:35:00+03:00,15,OK,87.55597014925372,Critical,M,M,Critical,87.55597014925372,unique_max_firing_rule,A;M;V,1
2026-07-17 18:40:00+03:00,15,OK,87.55597014925372,Critical,M,M,Critical,87.55597014925372,unique_max_firing_rule,A;M;V,1
2026-07-17 18:45:00+03:00,15,OK,87.55597014925372,Critical,M,M,Critical,87.55597014925372,unique_max_firing_rule,A;M;V,1
2026-07-17 18:50:00+03:00,15,OK,87.55597014925372,Critical,M,M,Critical,87.55597014925372,unique_max_firing_rule,A;M;V,1
2026-07-17 18:55:00+03:00,15,OK,87.55597014925372,Critical,M,M,Critical,87.55597014925372,unique_max_firing_rule,A;M;V,1
2026-07-17 19:00:00+03:00,15,OK,87.55597014925372,Critical,M,M,Critical,87.55597014925372,unique_max_firing_rule,A;M;V,1
2026-07-17 19:05:00+03:00,15,OK,87.55597014925372,Critical,M,M,Critical,87.55597014925372,unique_max_firing_rule,A;M;V,1
2026-07-17 19:10:00+03:00,15,OK,87.55597014925372,Critical,M,M,Critical,87.55597014925372,unique_max_firing_rule,A;M;V,1
2026-07-17 19:15:00+03:00,15,OK,87.55597014925372,Critical,M,M,Critical,87.55597014925372,unique_max_firing_rule,A;M;V,1
2026-07-17 19:20:00+03:00,15,OK,87.55597014925372,Critical,M,M,Critical,87.55597014925372,unique_max_firing_rule,A;M;V,1
2026-07-17 19:25:00+03:00,15,OK,87.55597014925372,Critical,M,M,Critical,87.55597014925372,unique_max_firing_rule,A;M;V,1
2026-07-17 19:30:00+03:00,15,OK,87.55597014925372,Critical,M,M,Critical,87.55597014925372,unique_max_firing_rule,A;M;V,1
2026-07-17 19:35:00+03:00,15,OK,87.55597014925372,Critical,M,M,Critical,87.55597014925372,unique_max_firing_rule,A;M;V,1
2026-07-17 19:40:00+03:00,15,OK,87.55597014925372,Critical,M,M,Critical,87.55597014925372,unique_max_firing_rule,A;M;V,1
2026-07-17 19:45:00+03:00,15,OK,87.55597014925372,Critical,M,M,Critical,87.55597014925372,unique_max_firing_rule,A;M;V,1
2026-07-17 19:50:00+03:00,15,OK,87.55597014925372,Critical,M,M,Critical,87.55597014925372,unique_max_firing_rule,A;M;V,1
2026-07-17 19:55:00+03:00,15,OK,87.55597014925372,Critical,M,M,Critical,87.55597014925372,unique_max_firing_rule,A;M;V,1
2026-07-17 20:00:00+03:00,15,OK,87.55597014925372,Critical,M,M,Critical,87.55597014925372,unique_max_firing_rule,A;M;V,1
2026-07-17 20:05:00+03:00,15,OK,87.55597014925372,Critical,M,M,Critical,87.55597014925372,unique_max_firing_rule,A;M;V,1
2026-07-17 20:10:00+03:00,15,OK,87.55597014925372,Critical,M,M,Critical,87.55597014925372,unique_max_firing_rule,A;M;V,1
2026-07-17 20:15:00+03:00,15,OK,87.55597014925372,Critical,M,M,Critical,87.55597014925372,unique_max_firing_rule,A;M;V,1
2026-07-17 20:20:00+03:00,15,OK,87.55597014925372,Critical,M,M,Critical,87.55597014925372,unique_max_firing_rule,A;M;V,1
2026-07-17 20:25:00+03:00,15,OK,87.55597014925372,Critical,M,M,Critical,87.55597014925372,unique_max_firing_rule,A;M;V,1
2026-07-17 20:30:00+03:00,15,OK,87.55597014925372,Critical,M,M,Critical,87.55597014925372,unique_max_firing_rule,A;M;V,1
2026-07-17 20:35:00+03:00,15,OK,87.55597014925372,Critical,M,M,Critical,87.55597014925372,unique_max_firing_rule,A;M;V,1
2026-07-17 20:40:00+03:00,15,OK,87.55597014925372,Critical,M,M,Critical,87.55597014925372,unique_max_firing_rule,A;M;V,1
2026-07-17 20:45:00+03:00,15,OK,87.55597014925372,Critical,M,M,Critical,87.55597014925372,unique_max_firing_rule,A;M;V,1
2026-07-17 20:50:00+03:00,15,OK,87.55597014925372,Critical,M,M,Critical,87.55597014925372,unique_max_firing_rule,A;M;V,1
2026-07-17 20:55:00+03:00,15,OK,87.55597014925372,Critical,M,M,Critical,87.55597014925372,unique_max_firing_rule,A;M;V,1
2026-07-17 21:00:00+03:00,15,OK,87.55597014925372,Critical,M,M,Critical,87.55597014925372,unique_max_firing_rule,A;M;V,1
2026-07-17 21:05:00+03:00,15,OK,87.55597014925372,Critical,M,M,Critical,87.55597014925372,unique_max_firing_rule,A;M;V,1
2026-07-17 21:10:00+03:00,15,OK,87.55597014925372,Critical,M,M,Critical,87.55597014925372,unique_max_firing_rule,A;M;V,1
2026-07-17 21:15:00+03:00,15,OK,87.55597014925372,Critical,M,M,Critical,87.55597014925372,unique_max_firing_rule,A;M;V,1
2026-07-17 21:20:00+03:00,15,OK,87.55597014925372,Critical,M,M,Critical,87.55597014925372,unique_max_firing_rule,A;M;V,1
2026-07-17 21:25:00+03:00,15,OK,87.55597014925372,Critical,M,M,Critical,87.55597014925372,unique_max_firing_rule,A;M;V,1
2026-07-17 21:30:00+03:00,15,OK,87.55597014925372,Critical,M,M,Critical,87.55597014925372,unique_max_firing_rule,A;M;V,1
2026-07-17 21:35:00+03:00,15,OK,87.55597014925372,Critical,M,M,Critical,87.55597014925372,unique_max_firing_rule,A;M;V,1
2026-07-17 21:40:00+03:00,15,OK,87.55597014925372,Critical,M,M,Critical,87.55597014925372,unique_max_firing_rule,A;M;V,1
2026-07-17 21:45:00+03:00,15,OK,87.55597014925372,Critical,M,M,Critical,87.55597014925372,unique_max_firing_rule,A;M;V,1
2026-07-17 21:50:00+03:00,15,PARTIAL,12.444029850746269,Favorable,A,A;V,Favorable,12.444029850746269,co_dominant_tie,A;V,1
2026-07-17 21:55:00+03:00,15,OK,87.55597014925372,Critical,M,M,Critical,87.55597014925372,unique_max_firing_rule,A;M;V,1
2026-07-17 22:00:00+03:00,15,OK,87.55597014925372,Critical,M,M,Critical,87.55597014925372,unique_max_firing_rule,A;M;V,1
2026-07-17 22:05:00+03:00,15,OK,87.55597014925372,Critical,M,M,Critical,87.55597014925372,unique_max_firing_rule,A;M;V,1
2026-07-17 22:10:00+03:00,15,OK,87.55597014925372,Critical,M,M,Critical,87.55597014925372,unique_max_firing_rule,A;M;V,1
2026-07-17 22:15:00+03:00,15,OK,87.55597014925372,Critical,M,M,Critical,87.55597014925372,unique_max_firing_rule,A;M;V,1
2026-07-17 22:20:00+03:00,15,OK,87.55597014925372,Critical,M,M,Critical,87.55597014925372,unique_max_firing_rule,A;M;V,1
2026-07-17 22:25:00+03:00,15,OK,87.55597014925372,Critical,M,M,Critical,87.55597014925372,unique_max_firing_rule,A;M;V,1
2026-07-17 22:30:00+03:00,15,OK,87.55597014925372,Critical,M,M,Critical,87.55597014925372,unique_max_firing_rule,A;M;V,1
2026-07-17 22:35:00+03:00,15,OK,87.55597014925372,Critical,M,M,Critical,87.55597014925372,unique_max_firing_rule,A;M;V,1
2026-07-17 22:40:00+03:00,15,OK,87.55597014925372,Critical,M,M,Critical,87.55597014925372,unique_max_firing_rule,A;M;V,1
2026-07-17 22:45:00+03:00,15,OK,87.55597014925372,Critical,M,M,Critical,87.55597014925372,unique_max_firing_rule,A;M;V,1
2026-07-17 22:50:00+03:00,15,OK,87.55597014925372,Critical,M,M,Critical,87.55597014925372,unique_max_firing_rule,A;M;V,1
2026-07-17 22:55:00+03:00,15,OK,87.55597014925372,Critical,M,M,Critical,87.55597014925372,unique_max_firing_rule,A;M;V,1
2026-07-17 23:00:00+03:00,15,OK,87.55597014925372,Critical,M,M,Critical,87.55597014925372,unique_max_firing_rule,A;M;V,1
2026-07-17 23:05:00+03:00,15,OK,87.55597014925372,Critical,M,M,Critical,87.55597014925372,unique_max_firing_rule,A;M;V,1
2026-07-17 23:10:00+03:00,15,OK,87.55597014925372,Critical,M,M,Critical,87.55597014925372,unique_max_firing_rule,A;M;V,1
2026-07-17 23:15:00+03:00,15,OK,87.55597014925372,Critical,M,M,Critical,87.55597014925372,unique_max_firing_rule,A;M;V,1
2026-07-17 23:20:00+03:00,15,OK,87.55597014925372,Critical,M,M,Critical,87.55597014925372,unique_max_firing_rule,A;M;V,1
2026-07-17 23:25:00+03:00,15,OK,87.55582723917918,Critical,A,A,Critical,87.55597014925372,unique_max_firing_rule,A,2
2026-07-17 23:30:00+03:00,15,OK,87.51077089964417,Critical,A,A,Critical,87.55597014925372,unique_max_firing_rule,A,2
2026-07-17 23:35:00+03:00,15,OK,87.46938681951475,Critical,A,A,Critical,87.55597014925372,unique_max_firing_rule,A,2
2026-07-17 23:40:00+03:00,15,OK,87.50927942201734,Critical,A,A,Critical,87.55597014925372,unique_max_firing_rule,A,2
2026-07-17 23:45:00+03:00,15,OK,87.53780426908764,Critical,A,A,Critical,87.55597014925372,unique_max_firing_rule,A,2
2026-07-17 23:50:00+03:00,15,OK,87.54265042524037,Critical,A,A,Critical,87.55597014925372,unique_max_firing_rule,A,2
2026-07-17 23:55:00+03:00,15,OK,87.55509068980655,Critical,A,A,Critical,87.55597014925372,unique_max_firing_rule,A,2
2026-07-18 00:00:00+03:00,15,OK,87.55597014925372,Critical,M,M,Critical,87.55597014925372,unique_max_firing_rule,A;M;V,1
2026-07-18 00:05:00+03:00,15,OK,87.55287306442887,Critical,A,A,Critical,87.55597014925372,unique_max_firing_rule,A,2
2026-07-18 00:10:00+03:00,15,OK,87.54862552223483,Critical,A,A,Critical,87.55597014925372,unique_max_firing_rule,A,2
2026-07-18 00:15:00+03:00,15,OK,87.55597014925372,Critical,M,M,Critical,87.55597014925372,unique_max_firing_rule,A;M;V,1
2026-07-18 00:20:00+03:00,15,OK,87.55597014925372,Critical,M,M,Critical,87.55597014925372,unique_max_firing_rule,A;M;V,1
2026-07-18 00:25:00+03:00,15,OK,87.293743161246,Critical,M,M,Critical,87.293743161246,unique_max_firing_rule,M,2
2026-07-18 00:30:00+03:00,15,OK,86.65631077933385,Critical,M,M,Critical,86.65631077933385,unique_max_firing_rule,M,2
2026-07-18 00:35:00+03:00,15,OK,86.2028132399444,Critical,M,M,Critical,86.2028132399444,unique_max_firing_rule,M,2
2026-07-18 00:40:00+03:00,15,OK,85.66271665491739,Critical,M,M,Critical,85.66271665491739,unique_max_firing_rule,M,2
2026-07-18 00:45:00+03:00,15,OK,85.01895506543276,Critical,M,M,Critical,85.01895506543276,unique_max_firing_rule,M,2
2026-07-18 00:50:00+03:00,15,OK,84.17797149191622,Critical,M,M,Critical,84.17797149191622,unique_max_firing_rule,M,2
2026-07-18 00:55:00+03:00,15,OK,83.39890467683472,Critical,M,M,Critical,83.39890467683472,unique_max_firing_rule,M,2
2026-07-18 01:00:00+03:00,15,OK,82.70623690159901,Critical,M,M,Critical,82.70623690159901,unique_max_firing_rule,M,2
2026-07-18 01:05:00+03:00,15,OK,82.18508694662509,Critical,M,M,Critical,82.18508694662509,unique_max_firing_rule,M,2
2026-07-18 01:10:00+03:00,15,OK,81.66435633279359,Critical,M,M,Critical,81.66435633279359,unique_max_firing_rule,M,2
2026-07-18 01:15:00+03:00,15,OK,81.0759387690518,Critical,M,M,Critical,81.0759387690518,unique_max_firing_rule,M,2
2026-07-18 01:20:00+03:00,15,OK,80.46951042682736,Critical,M,M,Critical,80.46951042682736,unique_max_firing_rule,M,2
2026-07-18 01:25:00+03:00,15,OK,80.02329563988269,Critical,M,M,Critical,80.02329563988269,unique_max_firing_rule,M,2
2026-07-18 01:30:00+03:00,15,OK,79.49309206625358,Critical,M,M,Critical,79.49309206625358,unique_max_firing_rule,M,2
2026-07-18 01:35:00+03:00,15,OK,79.02198471773954,Critical,M,M,Critical,79.02198471773954,unique_max_firing_rule,M,2
2026-07-18 01:40:00+03:00,15,OK,78.45015937409421,Critical,M,M,Critical,78.45015937409421,unique_max_firing_rule,M,2
2026-07-18 01:45:00+03:00,15,OK,78.04667210999004,Critical,M,M,Critical,78.04667210999004,unique_max_firing_rule,M,2
2026-07-18 01:50:00+03:00,15,OK,77.43855967078191,Critical,M,M,Critical,77.43855967078191,unique_max_firing_rule,M,2
2026-07-18 01:55:00+03:00,15,OK,76.91485596707889,Critical,M,M,Critical,76.91485596707889,unique_max_firing_rule,M,2
2026-07-18 02:00:00+03:00,15,OK,76.40777777777797,Critical,M,M,Critical,76.40777777777797,unique_max_firing_rule,M,2
2026-07-18 02:05:00+03:00,15,OK,76.04201646090472,Critical,M,M,Critical,76.04201646090472,unique_max_firing_rule,M,2
2026-07-18 02:10:00+03:00,15,OK,75.66794238683116,Critical,M,M,Critical,75.66794238683116,unique_max_firing_rule,M,2
2026-07-18 02:15:00+03:00,15,OK,75.20242798353877,Critical,M,M,Critical,75.20242798353877,unique_max_firing_rule,M,2
2026-07-18 02:20:00+03:00,15,OK,74.6882562101837,Degraded,M,M,Degraded,74.6882562101837,unique_max_firing_rule,M,2
2026-07-18 02:25:00+03:00,15,OK,74.1530691210858,Degraded,M,M,Degraded,74.1530691210858,unique_max_firing_rule,M,2
2026-07-18 02:30:00+03:00,15,OK,73.68356262742297,Degraded,M,M,Degraded,73.68356262742297,unique_max_firing_rule,M,2
2026-07-18 02:35:00+03:00,15,OK,73.1973965093525,Degraded,M,M,Degraded,73.1973965093525,unique_max_firing_rule,M,2
2026-07-18 02:40:00+03:00,15,OK,72.85119698726857,Degraded,M,M,Degraded,72.85119698726857,unique_max_firing_rule,M,2
2026-07-18 02:45:00+03:00,15,OK,72.42243623541823,Degraded,M,M,Degraded,72.42243623541823,unique_max_firing_rule,M,2
2026-07-18 02:50:00+03:00,15,OK,71.99352851605818,Degraded,M,M,Degraded,71.99352851605818,unique_max_firing_rule,M,2
2026-07-18 02:55:00+03:00,15,OK,71.4267465208054,Degraded,M,M,Degraded,71.4267465208054,unique_max_firing_rule,M,2
2026-07-18 03:00:00+03:00,15,OK,71.11571858706475,Degraded,M,M,Degraded,71.11571858706475,unique_max_firing_rule,M,2
2026-07-18 03:05:00+03:00,15,OK,70.64888424448968,Degraded,M,M,Degraded,70.64888424448968,unique_max_firing_rule,M,2
2026-07-18 03:10:00+03:00,15,OK,70.09149951976589,Degraded,M,M,Degraded,70.09149951976589,unique_max_firing_rule,M,2
2026-07-18 03:15:00+03:00,15,OK,69.35301456091095,Degraded,M,M,Degraded,69.35301456091095,unique_max_firing_rule,M,2
2026-07-18 03:20:00+03:00,15,OK,68.62206063129483,Degraded,M,M,Degraded,68.62206063129483,unique_max_firing_rule,M,2
2026-07-18 03:25:00+03:00,15,OK,68.09152555543382,Degraded,M,M,Degraded,68.09152555543382,unique_max_firing_rule,M,2
2026-07-18 03:30:00+03:00,15,OK,67.46215956848361,Degraded,M,M,Degraded,67.46215956848361,unique_max_firing_rule,M,2
2026-07-18 03:35:00+03:00,15,OK,66.9546976198997,Degraded,M,M,Degraded,66.9546976198997,unique_max_firing_rule,M,2
2026-07-18 03:40:00+03:00,15,OK,66.32359173948555,Degraded,M,M,Degraded,66.32359173948555,unique_max_firing_rule,M,2
2026-07-18 03:45:00+03:00,15,OK,65.82293842634,Degraded,M,M,Degraded,65.82293842634,unique_max_firing_rule,M,2
2026-07-18 03:50:00+03:00,15,OK,65.45402070063672,Degraded,M,M,Degraded,65.45402070063672,unique_max_firing_rule,M,2
2026-07-18 03:55:00+03:00,15,OK,65.0863124875522,Degraded,M,M,Degraded,65.0863124875522,unique_max_firing_rule,M,2
2026-07-18 04:00:00+03:00,15,OK,64.60353991708331,Degraded,M,M,Degraded,64.60353991708331,unique_max_firing_rule,M,2
2026-07-18 04:05:00+03:00,15,OK,64.06259143503071,Degraded,M,M,Degraded,64.06259143503071,unique_max_firing_rule,M,2
2026-07-18 04:10:00+03:00,15,OK,63.56999534140778,Degraded,M,M,Degraded,63.56999534140778,unique_max_firing_rule,M,2
2026-07-18 04:15:00+03:00,15,OK,63.134213873756266,Degraded,M,M,Degraded,63.134213873756266,unique_max_firing_rule,M,2
2026-07-18 04:20:00+03:00,15,OK,62.706056314561806,Degraded,M,M,Degraded,62.706056314561806,unique_max_firing_rule,M,2
2026-07-18 04:25:00+03:00,15,OK,62.5,Degraded,M,M,Degraded,62.5,unique_max_firing_rule,A;M;V,1
2026-07-18 04:30:00+03:00,15,OK,62.5,Degraded,M,M,Degraded,62.5,unique_max_firing_rule,A;M;V,1
2026-07-18 04:35:00+03:00,15,OK,62.5,Degraded,M,M,Degraded,62.5,unique_max_firing_rule,A;M;V,1
2026-07-18 04:40:00+03:00,15,OK,62.5,Degraded,M,M,Degraded,62.5,unique_max_firing_rule,A;M;V,1
2026-07-18 04:45:00+03:00,15,OK,62.5,Degraded,M,M,Degraded,62.5,unique_max_firing_rule,A;M;V,1
2026-07-18 04:50:00+03:00,15,OK,62.5,Degraded,M,M,Degraded,62.5,unique_max_firing_rule,A;M;V,1
2026-07-18 04:55:00+03:00,15,OK,62.5,Degraded,M,M,Degraded,62.5,unique_max_firing_rule,A;M;V,1
2026-07-18 05:00:00+03:00,15,OK,62.5,Degraded,M,M,Degraded,62.5,unique_max_firing_rule,A;M;V,1
2026-07-18 05:05:00+03:00,15,OK,62.5,Degraded,M,M,Degraded,62.5,unique_max_firing_rule,A;M;V,1
2026-07-18 05:10:00+03:00,15,OK,62.5,Degraded,M,M,Degraded,62.5,unique_max_firing_rule,A;M;V,1
2026-07-18 05:15:00+03:00,15,OK,62.5,Degraded,M,M,Degraded,62.5,unique_max_firing_rule,A;M;V,1
2026-07-18 05:20:00+03:00,15,OK,62.5,Degraded,M,M,Degraded,62.5,unique_max_firing_rule,A;M;V,1
2026-07-18 05:25:00+03:00,15,OK,62.5,Degraded,M,M,Degraded,62.5,unique_max_firing_rule,A;M;V,1
2026-07-18 05:30:00+03:00,15,OK,62.5,Degraded,M,M,Degraded,62.5,unique_max_firing_rule,A;M;V,1
2026-07-18 05:35:00+03:00,15,OK,62.5,Degraded,M,M,Degraded,62.5,unique_max_firing_rule,A;M;V,1
2026-07-18 05:40:00+03:00,15,OK,62.5,Degraded,M,M,Degraded,62.5,unique_max_firing_rule,A;M;V,1
2026-07-18 05:45:00+03:00,15,OK,62.5,Degraded,M,M,Degraded,62.5,unique_max_firing_rule,A;M;V,1
2026-07-18 05:50:00+03:00,15,OK,62.5,Degraded,M,M,Degraded,62.5,unique_max_firing_rule,A;M;V,1
2026-07-18 05:55:00+03:00,15,OK,62.5,Degraded,M,M,Degraded,62.5,unique_max_firing_rule,A;M;V,1
2026-07-18 06:00:00+03:00,15,OK,62.5,Degraded,M,M,Degraded,62.5,unique_max_firing_rule,A;M;V,1
2026-07-18 06:05:00+03:00,15,OK,62.5,Degraded,M,M,Degraded,62.5,unique_max_firing_rule,A;M;V,1
2026-07-18 06:10:00+03:00,15,OK,62.5,Degraded,M,M,Degraded,62.5,unique_max_firing_rule,A;M;V,1
2026-07-18 06:15:00+03:00,15,OK,62.5,Degraded,M,M,Degraded,62.5,unique_max_firing_rule,A;M;V,1
2026-07-18 06:20:00+03:00,15,OK,62.5,Degraded,M,M,Degraded,62.5,unique_max_firing_rule,A;M;V,1
2026-07-18 06:25:00+03:00,15,OK,62.5,Degraded,M,M,Degraded,62.5,unique_max_firing_rule,A;M;V,1
2026-07-18 06:30:00+03:00,15,OK,62.5,Degraded,M,M,Degraded,62.5,unique_max_firing_rule,A;M;V,1
2026-07-18 06:35:00+03:00,15,OK,62.5,Degraded,M,M,Degraded,62.5,unique_max_firing_rule,A;M;V,1
2026-07-18 06:40:00+03:00,15,OK,62.5,Degraded,M,M,Degraded,62.5,unique_max_firing_rule,A;M;V,1
2026-07-18 06:45:00+03:00,15,OK,62.5,Degraded,M,M,Degraded,62.5,unique_max_firing_rule,A;M;V,1
2026-07-18 06:50:00+03:00,15,OK,62.5,Degraded,M,M,Degraded,62.5,unique_max_firing_rule,A;M;V,1
2026-07-18 06:55:00+03:00,15,OK,62.5,Degraded,M,M,Degraded,62.5,unique_max_firing_rule,A;M;V,1
2026-07-18 07:00:00+03:00,15,OK,62.5,Degraded,M,M,Degraded,62.5,unique_max_firing_rule,A;M;V,1
2026-07-18 07:05:00+03:00,15,OK,62.5,Degraded,M,M,Degraded,62.5,unique_max_firing_rule,A;M;V,1
2026-07-18 07:10:00+03:00,15,OK,62.5,Degraded,M,M,Degraded,62.5,unique_max_firing_rule,A;M;V,1
2026-07-18 07:15:00+03:00,15,OK,62.5,Degraded,M,M,Degraded,62.5,unique_max_firing_rule,A;M;V,1
2026-07-18 07:20:00+03:00,15,OK,62.5,Degraded,M,M,Degraded,62.5,unique_max_firing_rule,A;M;V,1
2026-07-18 07:25:00+03:00,15,OK,62.5,Degraded,M,M,Degraded,62.5,unique_max_firing_rule,A;M;V,1
2026-07-18 07:30:00+03:00,15,OK,62.5,Degraded,M,M,Degraded,62.5,unique_max_firing_rule,A;M;V,1
2026-07-18 07:35:00+03:00,15,OK,62.5,Degraded,M,M,Degraded,62.5,unique_max_firing_rule,A;M;V,1
2026-07-18 07:40:00+03:00,15,OK,62.5,Degraded,M,M,Degraded,62.5,unique_max_firing_rule,A;M;V,1
2026-07-18 07:45:00+03:00,15,OK,62.5,Degraded,M,M,Degraded,62.5,unique_max_firing_rule,A;M;V,1
2026-07-18 07:50:00+03:00,15,OK,62.5,Degraded,M,M,Degraded,62.5,unique_max_firing_rule,A;M;V,1
2026-07-18 07:55:00+03:00,15,OK,62.5,Degraded,M,M,Degraded,62.5,unique_max_firing_rule,A;M;V,1
2026-07-18 08:00:00+03:00,15,OK,62.5,Degraded,M,M,Degraded,62.5,unique_max_firing_rule,A;M;V,1
2026-07-18 08:05:00+03:00,15,OK,62.5,Degraded,M,M,Degraded,62.5,unique_max_firing_rule,A;M;V,1
2026-07-18 08:10:00+03:00,15,OK,62.5,Degraded,M,M,Degraded,62.5,unique_max_firing_rule,A;M;V,1
2026-07-18 08:15:00+03:00,15,OK,62.5,Degraded,M,M,Degraded,62.5,unique_max_firing_rule,A;M;V,1
2026-07-18 08:20:00+03:00,15,OK,62.50824489006788,Degraded,M,M,Degraded,62.50824489006788,unique_max_firing_rule,M,2
2026-07-18 08:25:00+03:00,15,OK,63.07661182895928,Degraded,M,M,Degraded,63.07661182895928,unique_max_firing_rule,M,2
2026-07-18 08:30:00+03:00,15,OK,63.75070523738604,Degraded,M,M,Degraded,63.75070523738604,unique_max_firing_rule,M,2
2026-07-18 08:35:00+03:00,15,OK,64.25121155917242,Degraded,M,M,Degraded,64.25121155917242,unique_max_firing_rule,M,2
2026-07-18 08:40:00+03:00,15,OK,64.92274553423174,Degraded,M,M,Degraded,64.92274553423174,unique_max_firing_rule,M,2
2026-07-18 08:45:00+03:00,15,OK,65.44585417800079,Degraded,M,M,Degraded,65.44585417800079,unique_max_firing_rule,M,2
2026-07-18 08:50:00+03:00,15,OK,66.13489214594506,Degraded,M,M,Degraded,66.13489214594506,unique_max_firing_rule,M,2
2026-07-18 08:55:00+03:00,15,OK,66.79086684948228,Degraded,M,M,Degraded,66.79086684948228,unique_max_firing_rule,M,2
2026-07-18 09:00:00+03:00,15,OK,67.47033931957334,Degraded,M,M,Degraded,67.47033931957334,unique_max_firing_rule,M,2
2026-07-18 09:05:00+03:00,15,OK,67.98533642875515,Degraded,M,M,Degraded,67.98533642875515,unique_max_firing_rule,M,2
2026-07-18 09:10:00+03:00,15,OK,68.4670518807905,Degraded,M,M,Degraded,68.4670518807905,unique_max_firing_rule,M,2
2026-07-18 09:15:00+03:00,15,OK,69.04094611870384,Degraded,M,M,Degraded,69.04094611870384,unique_max_firing_rule,M,2
2026-07-18 09:20:00+03:00,15,OK,69.7633923412909,Degraded,M,M,Degraded,69.7633923412909,unique_max_firing_rule,M,2
2026-07-18 09:25:00+03:00,15,OK,70.4030408872369,Degraded,M,M,Degraded,70.4030408872369,unique_max_firing_rule,M,2
2026-07-18 09:30:00+03:00,15,OK,71.00927849842246,Degraded,M,M,Degraded,71.00927849842246,unique_max_firing_rule,M,2
2026-07-18 09:35:00+03:00,15,OK,71.73776357469438,Degraded,M,M,Degraded,71.73776357469438,unique_max_firing_rule,M,2
2026-07-18 09:40:00+03:00,15,OK,72.52139406600922,Degraded,M,M,Degraded,72.52139406600922,unique_max_firing_rule,M,2
2026-07-18 09:45:00+03:00,15,OK,73.35397910881426,Degraded,M,M,Degraded,73.35397910881426,unique_max_firing_rule,M,2
2026-07-18 09:50:00+03:00,15,OK,73.92245637955273,Degraded,M,M,Degraded,73.92245637955273,unique_max_firing_rule,M,2
2026-07-18 09:55:00+03:00,15,OK,74.69648806858592,Degraded,M,M,Degraded,74.69648806858592,unique_max_firing_rule,M,2
2026-07-18 10:00:00+03:00,15,OK,75.63469135802491,Critical,M,M,Critical,75.63469135802491,unique_max_firing_rule,M,2
2026-07-18 10:05:00+03:00,15,OK,76.5324691358029,Critical,M,M,Critical,76.5324691358029,unique_max_firing_rule,M,2
2026-07-18 10:10:00+03:00,15,OK,77.08942386831323,Critical,M,M,Critical,77.08942386831323,unique_max_firing_rule,M,2
2026-07-18 10:15:00+03:00,15,OK,77.53831275720125,Critical,M,M,Critical,77.53831275720125,unique_max_firing_rule,M,2
2026-07-18 10:20:00+03:00,15,OK,78.0550767939158,Critical,M,M,Critical,78.0550767939158,unique_max_firing_rule,M,2
2026-07-18 10:25:00+03:00,15,OK,78.74444925622377,Critical,M,M,Critical,78.74444925622377,unique_max_firing_rule,M,2
2026-07-18 10:30:00+03:00,15,OK,79.15656908341154,Critical,M,M,Critical,79.15656908341154,unique_max_firing_rule,M,2
2026-07-18 10:35:00+03:00,15,OK,79.68663294250192,Critical,M,M,Critical,79.68663294250192,unique_max_firing_rule,M,2
2026-07-18 10:40:00+03:00,15,OK,80.24217398467664,Critical,M,M,Critical,80.24217398467664,unique_max_firing_rule,M,2
2026-07-18 10:45:00+03:00,15,OK,80.89903410383145,Critical,M,M,Critical,80.89903410383145,unique_max_firing_rule,M,2
2026-07-18 10:50:00+03:00,15,OK,81.55343511450394,Critical,M,M,Critical,81.55343511450394,unique_max_firing_rule,M,2
2026-07-18 10:55:00+03:00,15,OK,82.23632899490262,Critical,M,M,Critical,82.23632899490262,unique_max_firing_rule,M,2
2026-07-18 11:00:00+03:00,15,OK,82.92849397411365,Critical,M,M,Critical,82.92849397411365,unique_max_firing_rule,M,2
2026-07-18 11:05:00+03:00,15,OK,83.58716465921874,Critical,M,M,Critical,83.58716465921874,unique_max_firing_rule,M,2
2026-07-18 11:10:00+03:00,15,OK,84.16940522644748,Critical,M,M,Critical,84.16940522644748,unique_max_firing_rule,M,2
2026-07-18 11:15:00+03:00,15,OK,84.81905952215594,Critical,M,M,Critical,84.81905952215594,unique_max_firing_rule,M,2
2026-07-18 11:20:00+03:00,15,OK,85.53214800990042,Critical,M,M,Critical,85.53214800990042,unique_max_firing_rule,M,2
2026-07-18 11:25:00+03:00,15,OK,86.2028132399457,Critical,M,M,Critical,86.2028132399457,unique_max_firing_rule,M,2
2026-07-18 11:30:00+03:00,15,OK,86.79594281567209,Critical,M,M,Critical,86.79594281567209,unique_max_firing_rule,M,2
2026-07-18 11:35:00+03:00,15,OK,87.30248153932342,Critical,M,M,Critical,87.30248153932342,unique_max_firing_rule,M,2
2026-07-18 11:40:00+03:00,15,OK,87.55597014925372,Critical,M,M,Critical,87.55597014925372,unique_max_firing_rule,A;M;V,1
2026-07-18 11:45:00+03:00,15,OK,87.55597014925372,Critical,M,M,Critical,87.55597014925372,unique_max_firing_rule,A;M;V,1
2026-07-18 11:50:00+03:00,15,OK,87.55597014925372,Critical,M,M,Critical,87.55597014925372,unique_max_firing_rule,A;M;V,1
2026-07-18 11:55:00+03:00,15,OK,87.55597014925372,Critical,M,M,Critical,87.55597014925372,unique_max_firing_rule,A;M;V,1
2026-07-18 12:00:00+03:00,15,OK,87.55597014925372,Critical,M,M,Critical,87.55597014925372,unique_max_firing_rule,A;M;V,1
2026-07-18 12:05:00+03:00,15,OK,87.55597014925372,Critical,M,M,Critical,87.55597014925372,unique_max_firing_rule,A;M;V,1
2026-07-18 12:10:00+03:00,15,OK,87.55597014925372,Critical,M,M,Critical,87.55597014925372,unique_max_firing_rule,A;M;V,1
2026-07-18 12:15:00+03:00,15,OK,87.55597014925372,Critical,M,M,Critical,87.55597014925372,unique_max_firing_rule,A;M;V,1
2026-07-18 12:20:00+03:00,15,OK,87.55597014925372,Critical,M,M,Critical,87.55597014925372,unique_max_firing_rule,A;M;V,1
2026-07-18 12:25:00+03:00,15,OK,87.55597014925372,Critical,M,M,Critical,87.55597014925372,unique_max_firing_rule,A;M;V,1
2026-07-18 12:30:00+03:00,15,OK,87.55597014925372,Critical,M,M,Critical,87.55597014925372,unique_max_firing_rule,A;M;V,1
2026-07-18 12:35:00+03:00,15,OK,87.55597014925372,Critical,M,M,Critical,87.55597014925372,unique_max_firing_rule,A;M;V,1
2026-07-18 12:40:00+03:00,15,OK,87.55597014925372,Critical,M,M,Critical,87.55597014925372,unique_max_firing_rule,A;M;V,1
2026-07-18 12:45:00+03:00,15,OK,87.55597014925372,Critical,M,M,Critical,87.55597014925372,unique_max_firing_rule,A;M;V,1
2026-07-18 12:50:00+03:00,15,OK,87.55597014925372,Critical,M,M,Critical,87.55597014925372,unique_max_firing_rule,A;M;V,1
2026-07-18 12:55:00+03:00,15,OK,87.55597014925372,Critical,M,M,Critical,87.55597014925372,unique_max_firing_rule,A;M;V,1
2026-07-18 13:00:00+03:00,15,OK,87.55597014925372,Critical,M,M,Critical,87.55597014925372,unique_max_firing_rule,A;M;V,1
2026-07-18 13:05:00+03:00,15,OK,87.55597014925372,Critical,M,M,Critical,87.55597014925372,unique_max_firing_rule,A;M;V,1
2026-07-18 13:10:00+03:00,15,OK,87.55597014925372,Critical,M,M,Critical,87.55597014925372,unique_max_firing_rule,A;M;V,1
2026-07-18 13:15:00+03:00,15,OK,87.55597014925372,Critical,M,M,Critical,87.55597014925372,unique_max_firing_rule,A;M;V,1
2026-07-18 13:20:00+03:00,15,OK,87.55597014925372,Critical,M,M,Critical,87.55597014925372,unique_max_firing_rule,A;M;V,1
2026-07-18 13:25:00+03:00,15,OK,87.55597014925372,Critical,M,M,Critical,87.55597014925372,unique_max_firing_rule,A;M;V,1
2026-07-18 13:30:00+03:00,15,OK,87.55597014925372,Critical,M,M,Critical,87.55597014925372,unique_max_firing_rule,A;M;V,1
2026-07-18 13:35:00+03:00,15,OK,87.55597014925372,Critical,M,M,Critical,87.55597014925372,unique_max_firing_rule,A;M;V,1
2026-07-18 13:40:00+03:00,15,OK,87.55597014925372,Critical,M,M,Critical,87.55597014925372,unique_max_firing_rule,A;M;V,1
2026-07-18 13:45:00+03:00,15,OK,87.55597014925372,Critical,M,M,Critical,87.55597014925372,unique_max_firing_rule,A;M;V,1
2026-07-18 13:50:00+03:00,15,OK,87.55597014925372,Critical,M,M,Critical,87.55597014925372,unique_max_firing_rule,A;M;V,1
2026-07-18 13:55:00+03:00,15,OK,87.55597014925372,Critical,M,M,Critical,87.55597014925372,unique_max_firing_rule,A;M;V,1
2026-07-18 14:00:00+03:00,15,OK,87.55597014925372,Critical,M,M,Critical,87.55597014925372,unique_max_firing_rule,A;M;V,1
2026-07-18 14:05:00+03:00,15,OK,87.55597014925372,Critical,M,M,Critical,87.55597014925372,unique_max_firing_rule,A;M;V,1
2026-07-18 14:10:00+03:00,15,OK,87.55597014925372,Critical,M,M,Critical,87.55597014925372,unique_max_firing_rule,A;M;V,1
2026-07-18 14:15:00+03:00,15,OK,87.55597014925372,Critical,M,M,Critical,87.55597014925372,unique_max_firing_rule,A;M;V,1
2026-07-18 14:20:00+03:00,15,OK,87.55597014925372,Critical,M,M,Critical,87.55597014925372,unique_max_firing_rule,A;M;V,1
2026-07-18 14:25:00+03:00,15,OK,87.55597014925372,Critical,M,M,Critical,87.55597014925372,unique_max_firing_rule,A;M;V,1
2026-07-18 14:30:00+03:00,15,OK,87.55597014925372,Critical,M,M,Critical,87.55597014925372,unique_max_firing_rule,A;M;V,1
2026-07-18 14:35:00+03:00,15,OK,87.55597014925372,Critical,M,M,Critical,87.55597014925372,unique_max_firing_rule,A;M;V,1
2026-07-18 14:40:00+03:00,15,OK,87.55597014925372,Critical,M,M,Critical,87.55597014925372,unique_max_firing_rule,A;M;V,1
2026-07-18 14:45:00+03:00,15,OK,87.55597014925372,Critical,M,M,Critical,87.55597014925372,unique_max_firing_rule,A;M;V,1
2026-07-18 14:50:00+03:00,15,OK,87.55597014925372,Critical,M,M,Critical,87.55597014925372,unique_max_firing_rule,A;M;V,1
2026-07-18 14:55:00+03:00,15,OK,87.55597014925372,Critical,M,M,Critical,87.55597014925372,unique_max_firing_rule,A;M;V,1
2026-07-18 15:00:00+03:00,15,OK,87.55597014925372,Critical,M,M,Critical,87.55597014925372,unique_max_firing_rule,A;M;V,1
2026-07-18 15:05:00+03:00,15,OK,87.55597014925372,Critical,M,M,Critical,87.55597014925372,unique_max_firing_rule,A;M;V,1
2026-07-18 15:10:00+03:00,15,OK,87.55597014925372,Critical,M,M,Critical,87.55597014925372,unique_max_firing_rule,A;M;V,1
2026-07-18 15:15:00+03:00,15,OK,87.55597014925372,Critical,M,M,Critical,87.55597014925372,unique_max_firing_rule,A;M;V,1
2026-07-18 15:20:00+03:00,15,OK,87.55597014925372,Critical,M,M,Critical,87.55597014925372,unique_max_firing_rule,A;M;V,1
2026-07-18 15:25:00+03:00,15,OK,87.55597014925372,Critical,M,M,Critical,87.55597014925372,unique_max_firing_rule,A;M;V,1
2026-07-18 15:30:00+03:00,15,OK,87.55597014925372,Critical,M,M,Critical,87.55597014925372,unique_max_firing_rule,A;M;V,1
2026-07-18 15:35:00+03:00,15,OK,87.55597014925372,Critical,M,M,Critical,87.55597014925372,unique_max_firing_rule,A;M;V,1
2026-07-18 15:40:00+03:00,15,OK,87.55597014925372,Critical,M,M,Critical,87.55597014925372,unique_max_firing_rule,A;M;V,1
2026-07-18 15:45:00+03:00,15,OK,87.55597014925372,Critical,M,M,Critical,87.55597014925372,unique_max_firing_rule,A;M;V,1
2026-07-18 15:50:00+03:00,15,OK,87.55597014925372,Critical,M,M,Critical,87.55597014925372,unique_max_firing_rule,A;M;V,1
2026-07-18 15:55:00+03:00,15,OK,87.5507841521906,Critical,M,M,Critical,87.5507841521906,unique_max_firing_rule,M,1
2026-07-18 16:00:00+03:00,15,OK,87.391137800102,Critical,M,M,Critical,87.391137800102,unique_max_firing_rule,M,1
2026-07-18 16:05:00+03:00,15,OK,87.4029900897575,Critical,M,M,Critical,87.4029900897575,unique_max_firing_rule,M,1
2026-07-18 16:10:00+03:00,15,OK,87.52114777168137,Critical,M,M,Critical,87.52114777168137,unique_max_firing_rule,M,1
2026-07-18 16:15:00+03:00,15,OK,87.55597014925372,Critical,M,M,Critical,87.55597014925372,unique_max_firing_rule,A;M;V,1
2026-07-18 16:20:00+03:00,15,OK,87.55597014925372,Critical,M,M,Critical,87.55597014925372,unique_max_firing_rule,A;M;V,1
2026-07-18 16:25:00+03:00,15,OK,87.55597014925372,Critical,M,M,Critical,87.55597014925372,unique_max_firing_rule,A;M;V,1
2026-07-18 16:30:00+03:00,15,OK,87.55597014925372,Critical,M,M,Critical,87.55597014925372,unique_max_firing_rule,A;M;V,1
2026-07-18 16:35:00+03:00,15,OK,87.55597014925372,Critical,M,M,Critical,87.55597014925372,unique_max_firing_rule,A;M;V,1
2026-07-18 16:40:00+03:00,15,OK,87.55597014925372,Critical,M,M,Critical,87.55597014925372,unique_max_firing_rule,A;M;V,1
2026-07-18 16:45:00+03:00,15,OK,87.55597014925372,Critical,M,M,Critical,87.55597014925372,unique_max_firing_rule,A;M;V,1
2026-07-18 16:50:00+03:00,15,OK,87.55597014925372,Critical,M,M,Critical,87.55597014925372,unique_max_firing_rule,A;M;V,1
2026-07-18 16:55:00+03:00,15,OK,87.55597014925372,Critical,M,M,Critical,87.55597014925372,unique_max_firing_rule,A;M;V,1
2026-07-18 17:00:00+03:00,15,OK,87.55597014925372,Critical,M,M,Critical,87.55597014925372,unique_max_firing_rule,A;M;V,1
2026-07-18 17:05:00+03:00,15,OK,87.55597014925372,Critical,M,M,Critical,87.55597014925372,unique_max_firing_rule,A;M;V,1
2026-07-18 17:10:00+03:00,15,OK,87.55597014925372,Critical,M,M,Critical,87.55597014925372,unique_max_firing_rule,A;M;V,1
2026-07-18 17:15:00+03:00,15,OK,87.55597014925372,Critical,M,M,Critical,87.55597014925372,unique_max_firing_rule,A;M;V,1
2026-07-18 17:20:00+03:00,15,OK,87.55597014925372,Critical,M,M,Critical,87.55597014925372,unique_max_firing_rule,A;M;V,1
2026-07-18 17:25:00+03:00,15,OK,87.55597014925372,Critical,M,M,Critical,87.55597014925372,unique_max_firing_rule,A;M;V,1
2026-07-18 17:30:00+03:00,15,OK,87.55597014925372,Critical,M,M,Critical,87.55597014925372,unique_max_firing_rule,A;M;V,1
2026-07-18 17:35:00+03:00,15,OK,87.55597014925372,Critical,M,M,Critical,87.55597014925372,unique_max_firing_rule,A;M;V,1
2026-07-18 17:40:00+03:00,15,OK,87.55326447617205,Critical,A,A,Critical,87.55597014925372,unique_max_firing_rule,A,2
2026-07-18 17:45:00+03:00,15,OK,87.53304610151255,Critical,A,A,Critical,87.55597014925372,unique_max_firing_rule,A,2
2026-07-18 17:50:00+03:00,15,OK,87.52341797662797,Critical,A,A,Critical,87.55597014925372,unique_max_firing_rule,A,2
2026-07-18 17:55:00+03:00,15,OK,87.54083104061239,Critical,A,A,Critical,87.55597014925372,unique_max_firing_rule,A,2
2026-07-18 18:00:00+03:00,15,OK,87.55597014925372,Critical,M,M,Critical,87.55597014925372,unique_max_firing_rule,A;M;V,1
2026-07-18 18:05:00+03:00,15,OK,87.55597014925372,Critical,M,M,Critical,87.55597014925372,unique_max_firing_rule,A;M;V,1
2026-07-18 18:10:00+03:00,15,OK,87.55597014925372,Critical,M,M,Critical,87.55597014925372,unique_max_firing_rule,A;M;V,1
2026-07-18 18:15:00+03:00,15,OK,87.55597014925372,Critical,M,M,Critical,87.55597014925372,unique_max_firing_rule,A;M;V,1
2026-07-18 18:20:00+03:00,15,OK,87.55597014925372,Critical,M,M,Critical,87.55597014925372,unique_max_firing_rule,A;M;V,1
2026-07-18 18:25:00+03:00,15,OK,87.55597014925372,Critical,M,M,Critical,87.55597014925372,unique_max_firing_rule,A;M;V,1
2026-07-18 18:30:00+03:00,15,OK,87.55597014925372,Critical,M,M,Critical,87.55597014925372,unique_max_firing_rule,A;M;V,1
2026-07-18 18:35:00+03:00,15,OK,87.55597014925372,Critical,M,M,Critical,87.55597014925372,unique_max_firing_rule,A;M;V,1
2026-07-18 18:40:00+03:00,15,OK,87.36365505395204,Critical,M,M,Critical,87.36365505395204,unique_max_firing_rule,M,2
2026-07-18 18:45:00+03:00,15,OK,86.90069599801203,Critical,M,M,Critical,86.90069599801203,unique_max_firing_rule,M,2
2026-07-18 18:50:00+03:00,15,OK,86.79594281567229,Critical,M,M,Critical,86.79594281567229,unique_max_firing_rule,M,2
2026-07-18 18:55:00+03:00,15,OK,86.4469459820257,Critical,M,M,Critical,86.4469459820257,unique_max_firing_rule,M,2
2026-07-18 19:00:00+03:00,15,OK,86.2028132399444,Critical,M,M,Critical,86.2028132399444,unique_max_firing_rule,M,2
2026-07-18 19:05:00+03:00,15,OK,85.87170740104398,Critical,M,M,Critical,85.87170740104398,unique_max_firing_rule,M,2
2026-07-18 19:10:00+03:00,15,OK,85.78461581746892,Critical,M,M,Critical,85.78461581746892,unique_max_firing_rule,M,2
2026-07-18 19:15:00+03:00,15,OK,85.6714226140829,Critical,M,M,Critical,85.6714226140829,unique_max_firing_rule,M,2
2026-07-18 19:20:00+03:00,15,OK,85.52344481616385,Critical,M,M,Critical,85.52344481616385,unique_max_firing_rule,M,2
2026-07-18 19:25:00+03:00,15,OK,85.15806665012813,Critical,M,M,Critical,85.15806665012813,unique_max_firing_rule,M,2
2026-07-18 19:30:00+03:00,15,OK,84.75823985082495,Critical,M,M,Critical,84.75823985082495,unique_max_firing_rule,M,2
2026-07-18 19:35:00+03:00,15,OK,84.48899707822719,Critical,M,M,Critical,84.48899707822719,unique_max_firing_rule,M,2
2026-07-18 19:40:00+03:00,15,OK,84.21223768598719,Critical,M,M,Critical,84.21223768598719,unique_max_firing_rule,M,2
2026-07-18 19:45:00+03:00,15,OK,83.98953980078984,Critical,M,M,Critical,83.98953980078984,unique_max_firing_rule,M,2
2026-07-18 19:50:00+03:00,15,OK,83.77547936382061,Critical,M,M,Critical,83.77547936382061,unique_max_firing_rule,M,2
2026-07-18 19:55:00+03:00,15,OK,83.53581560166558,Critical,M,M,Critical,83.53581560166558,unique_max_firing_rule,M,2
2026-07-18 20:00:00+03:00,15,OK,83.26202268337344,Critical,M,M,Critical,83.26202268337344,unique_max_firing_rule,M,2
2026-07-18 20:05:00+03:00,15,OK,82.97979490378972,Critical,M,M,Critical,82.97979490378972,unique_max_firing_rule,M,2
2026-07-18 20:10:00+03:00,15,OK,82.76606783923742,Critical,M,M,Critical,82.76606783923742,unique_max_firing_rule,M,2
2026-07-18 20:15:00+03:00,15,OK,82.53532182751144,Critical,M,M,Critical,82.53532182751144,unique_max_firing_rule,M,2
2026-07-18 20:20:00+03:00,15,OK,82.27903380128379,Critical,M,M,Critical,82.27903380128379,unique_max_firing_rule,M,2
2026-07-18 20:25:00+03:00,15,OK,82.02284722336817,Critical,M,M,Critical,82.02284722336817,unique_max_firing_rule,M,2
2026-07-18 20:30:00+03:00,15,OK,81.48518535615435,Critical,M,M,Critical,81.48518535615435,unique_max_firing_rule,M,2
2026-07-18 20:35:00+03:00,15,OK,81.28900740784759,Critical,M,M,Critical,81.28900740784759,unique_max_firing_rule,M,2
2026-07-18 20:40:00+03:00,15,OK,81.06751418202414,Critical,M,M,Critical,81.06751418202414,unique_max_firing_rule,M,2
2026-07-18 20:45:00+03:00,15,OK,81.000119485142,Critical,M,M,Critical,81.000119485142,unique_max_firing_rule,M,2
2026-07-18 20:50:00+03:00,15,OK,80.78111126491751,Critical,M,M,Critical,80.78111126491751,unique_max_firing_rule,M,2
2026-07-18 20:55:00+03:00,15,OK,80.56214057613268,Critical,M,M,Critical,80.56214057613268,unique_max_firing_rule,M,2
2026-07-18 21:00:00+03:00,15,OK,80.43582840119636,Critical,M,M,Critical,80.43582840119636,unique_max_firing_rule,M,2
2026-07-18 21:05:00+03:00,15,OK,80.32636795017508,Critical,M,M,Critical,80.32636795017508,unique_max_firing_rule,M,2
2026-07-18 21:10:00+03:00,15,OK,80.1495670310983,Critical,M,M,Critical,80.1495670310983,unique_max_firing_rule,M,2
2026-07-18 21:15:00+03:00,15,OK,79.98120794976046,Critical,M,M,Critical,79.98120794976046,unique_max_firing_rule,M,2
2026-07-18 21:20:00+03:00,15,OK,79.77079029819049,Critical,M,M,Critical,79.77079029819049,unique_max_firing_rule,M,2
2026-07-18 21:25:00+03:00,15,OK,79.6361411906562,Critical,M,M,Critical,79.6361411906562,unique_max_firing_rule,M,2
2026-07-18 21:30:00+03:00,15,OK,79.39212585975228,Critical,M,M,Critical,79.39212585975228,unique_max_firing_rule,M,2
2026-07-18 21:35:00+03:00,15,OK,79.08086363232182,Critical,M,M,Critical,79.08086363232182,unique_max_firing_rule,M,2
2026-07-18 21:40:00+03:00,15,OK,78.6267251627602,Critical,M,M,Critical,78.6267251627602,unique_max_firing_rule,M,2
2026-07-18 21:45:00+03:00,15,OK,78.03826748140648,Critical,M,M,Critical,78.03826748140648,unique_max_firing_rule,M,2
2026-07-18 21:50:00+03:00,15,OK,77.55493827160493,Critical,M,M,Critical,77.55493827160493,unique_max_firing_rule,M,2
2026-07-18 21:55:00+03:00,15,OK,77.21411522633763,Critical,M,M,Critical,77.21411522633763,unique_max_firing_rule,M,2
2026-07-18 22:00:00+03:00,15,OK,77.19748971193432,Critical,M,M,Critical,77.19748971193432,unique_max_firing_rule,M,2
2026-07-18 22:05:00+03:00,15,OK,76.81510288065832,Critical,M,M,Critical,76.81510288065832,unique_max_firing_rule,M,2
2026-07-18 22:10:00+03:00,15,OK,76.2498353909464,Critical,M,M,Critical,76.2498353909464,unique_max_firing_rule,M,2
2026-07-18 22:15:00+03:00,15,OK,75.55987654320955,Critical,M,M,Critical,75.55987654320955,unique_max_firing_rule,M,2
2026-07-18 22:20:00+03:00,15,OK,74.88654320987689,Degraded,M,M,Critical,74.88654320987689,unique_max_firing_rule,M,2
2026-07-18 22:25:00+03:00,15,OK,74.37540542053506,Degraded,M,M,Degraded,74.37540542053506,unique_max_firing_rule,M,2
2026-07-18 22:30:00+03:00,15,OK,73.77418287091872,Degraded,M,M,Degraded,73.77418287091872,unique_max_firing_rule,M,2
2026-07-18 22:35:00+03:00,15,OK,73.46110327880707,Degraded,M,M,Degraded,73.46110327880707,unique_max_firing_rule,M,2
2026-07-18 22:40:00+03:00,15,OK,73.08200731369801,Degraded,M,M,Degraded,73.08200731369801,unique_max_firing_rule,M,2
2026-07-18 22:45:00+03:00,15,OK,72.73577585354755,Degraded,M,M,Degraded,72.73577585354755,unique_max_firing_rule,M,2
2026-07-18 22:50:00+03:00,15,OK,72.30697554095319,Degraded,M,M,Degraded,72.30697554095319,unique_max_firing_rule,M,2
2026-07-18 22:55:00+03:00,15,OK,71.97702912928627,Degraded,M,M,Degraded,71.97702912928627,unique_max_firing_rule,M,2
2026-07-18 23:00:00+03:00,15,OK,71.79552151728556,Degraded,M,M,Degraded,71.79552151728556,unique_max_firing_rule,M,2
2026-07-18 23:05:00+03:00,15,OK,71.54947780162436,Degraded,M,M,Degraded,71.54947780162436,unique_max_firing_rule,M,2
2026-07-18 23:10:00+03:00,15,OK,71.28762171537453,Degraded,M,M,Degraded,71.28762171537453,unique_max_firing_rule,M,2
2026-07-18 23:15:00+03:00,15,OK,70.87825024986039,Degraded,M,M,Degraded,70.87825024986039,unique_max_firing_rule,M,2
2026-07-18 23:20:00+03:00,15,OK,70.58333553284896,Degraded,M,M,Degraded,70.58333553284896,unique_max_firing_rule,M,2
2026-07-18 23:25:00+03:00,15,OK,70.14070065249867,Degraded,M,M,Degraded,70.14070065249867,unique_max_firing_rule,M,2
2026-07-18 23:30:00+03:00,15,OK,69.83723156661124,Degraded,M,M,Degraded,69.83723156661124,unique_max_firing_rule,M,2
2026-07-18 23:35:00+03:00,15,OK,69.74698243274057,Degraded,M,M,Degraded,69.74698243274057,unique_max_firing_rule,M,2
2026-07-18 23:40:00+03:00,15,OK,69.73057209076585,Degraded,M,M,Degraded,69.73057209076585,unique_max_firing_rule,M,2
2026-07-18 23:45:00+03:00,15,OK,69.56644482894175,Degraded,M,M,Degraded,69.56644482894175,unique_max_firing_rule,M,2
2026-07-18 23:50:00+03:00,15,OK,69.36122477286958,Degraded,M,M,Degraded,69.36122477286958,unique_max_firing_rule,M,2
2026-07-18 23:55:00+03:00,15,OK,68.76981216236297,Degraded,M,M,Degraded,68.76981216236297,unique_max_firing_rule,M,2
2026-07-19 00:00:00+03:00,15,OK,68.26300399359928,Degraded,M,M,Degraded,68.26300399359928,unique_max_firing_rule,M,2
2026-07-19 00:05:00+03:00,15,OK,67.5930160998948,Degraded,M,M,Degraded,67.5930160998948,unique_max_firing_rule,M,2
2026-07-19 00:10:00+03:00,15,OK,67.57666130654563,Degraded,M,M,Degraded,67.57666130654563,unique_max_firing_rule,M,2
2026-07-19 00:15:00+03:00,15,OK,67.74018002461148,Degraded,M,M,Degraded,67.74018002461148,unique_max_firing_rule,M,2
2026-07-19 00:20:00+03:00,15,OK,68.09152555543415,Degraded,M,M,Degraded,68.09152555543415,unique_max_firing_rule,M,2
2026-07-19 00:25:00+03:00,15,OK,68.0098440429772,Degraded,M,M,Degraded,68.0098440429772,unique_max_firing_rule,M,2
2026-07-19 00:30:00+03:00,15,OK,68.14869297253637,Degraded,M,M,Degraded,68.14869297253637,unique_max_firing_rule,M,2
2026-07-19 00:35:00+03:00,15,OK,67.90363384399629,Degraded,M,M,Degraded,67.90363384399629,unique_max_firing_rule,M,2
2026-07-19 00:40:00+03:00,15,OK,67.94448716295065,Degraded,M,M,Degraded,67.94448716295065,unique_max_firing_rule,M,2
2026-07-19 00:45:00+03:00,15,OK,67.56030586382356,Degraded,M,M,Degraded,67.56030586382356,unique_max_firing_rule,M,2
2026-07-19 00:50:00+03:00,15,OK,66.91374603048453,Degraded,M,M,Degraded,66.91374603048453,unique_max_firing_rule,M,2
2026-07-19 00:55:00+03:00,15,OK,65.88042130426253,Degraded,M,M,Degraded,65.88042130426253,unique_max_firing_rule,M,2
2026-07-19 01:00:00+03:00,15,OK,64.8409294680222,Degraded,M,M,Degraded,64.8409294680222,unique_max_firing_rule,M,2
2026-07-19 01:05:00+03:00,15,OK,64.1200097743259,Degraded,M,M,Degraded,64.1200097743259,unique_max_firing_rule,M,2
2026-07-19 01:10:00+03:00,15,OK,63.89027225318986,Degraded,M,M,Degraded,63.89027225318986,unique_max_firing_rule,M,2
2026-07-19 01:15:00+03:00,15,OK,64.06259143503141,Degraded,M,M,Degraded,64.06259143503141,unique_max_firing_rule,M,2
2026-07-19 01:20:00+03:00,15,OK,64.09540322366166,Degraded,M,M,Degraded,64.09540322366166,unique_max_firing_rule,M,2
2026-07-19 01:25:00+03:00,15,OK,63.54534488266531,Degraded,M,M,Degraded,63.54534488266531,unique_max_firing_rule,M,2
2026-07-19 01:30:00+03:00,15,OK,62.87903752365244,Degraded,M,M,Degraded,62.87903752365244,unique_max_firing_rule,M,2
2026-07-19 01:35:00+03:00,15,OK,62.615408457087796,Degraded,M,M,Degraded,62.615408457087796,unique_max_firing_rule,M,2
2026-07-19 01:40:00+03:00,15,OK,62.582439008132,Degraded,M,M,Degraded,62.582439008132,unique_max_firing_rule,M,2
2026-07-19 01:45:00+03:00,15,OK,62.5,Degraded,M,M,Degraded,62.5,unique_max_firing_rule,A;M;V,1
2026-07-19 01:50:00+03:00,15,OK,62.5,Degraded,M,M,Degraded,62.5,unique_max_firing_rule,A;M;V,1
2026-07-19 01:55:00+03:00,15,OK,62.5,Degraded,M,M,Degraded,62.5,unique_max_firing_rule,A;M;V,1
2026-07-19 02:00:00+03:00,15,OK,62.5,Degraded,M,M,Degraded,62.5,unique_max_firing_rule,A;M;V,1
2026-07-19 02:05:00+03:00,15,OK,62.5,Degraded,M,M,Degraded,62.5,unique_max_firing_rule,A;M;V,1
2026-07-19 02:10:00+03:00,15,OK,62.5,Degraded,M,M,Degraded,62.5,unique_max_firing_rule,A;M;V,1
2026-07-19 02:15:00+03:00,15,OK,62.5,Degraded,M,M,Degraded,62.5,unique_max_firing_rule,A;M;V,1
2026-07-19 02:20:00+03:00,15,OK,62.5,Degraded,M,M,Degraded,62.5,unique_max_firing_rule,A;M;V,1
2026-07-19 02:25:00+03:00,15,OK,62.5,Degraded,M,M,Degraded,62.5,unique_max_firing_rule,A;M;V,1
2026-07-19 02:30:00+03:00,15,OK,62.5,Degraded,M,M,Degraded,62.5,unique_max_firing_rule,A;M;V,1
2026-07-19 02:35:00+03:00,15,OK,62.5,Degraded,M,M,Degraded,62.5,unique_max_firing_rule,A;M;V,1
2026-07-19 02:40:00+03:00,15,OK,62.5,Degraded,M,M,Degraded,62.5,unique_max_firing_rule,A;M;V,1
2026-07-19 02:45:00+03:00,15,OK,62.5,Degraded,M,M,Degraded,62.5,unique_max_firing_rule,A;M;V,1
2026-07-19 02:50:00+03:00,15,OK,62.5,Degraded,M,M,Degraded,62.5,unique_max_firing_rule,A;M;V,1
2026-07-19 02:55:00+03:00,15,OK,62.5,Degraded,M,M,Degraded,62.5,unique_max_firing_rule,A;M;V,1
2026-07-19 03:00:00+03:00,15,OK,62.5,Degraded,M,M,Degraded,62.5,unique_max_firing_rule,A;M;V,1
2026-07-19 03:05:00+03:00,15,OK,62.5,Degraded,M,M,Degraded,62.5,unique_max_firing_rule,A;M;V,1
2026-07-19 03:10:00+03:00,15,OK,62.5,Degraded,M,M,Degraded,62.5,unique_max_firing_rule,A;M;V,1
2026-07-19 03:15:00+03:00,15,OK,62.5,Degraded,M,M,Degraded,62.5,unique_max_firing_rule,A;M;V,1
2026-07-19 03:20:00+03:00,15,OK,62.5,Degraded,M,M,Degraded,62.5,unique_max_firing_rule,A;M;V,1
2026-07-19 03:25:00+03:00,15,OK,62.5,Degraded,M,M,Degraded,62.5,unique_max_firing_rule,A;M;V,1
2026-07-19 03:30:00+03:00,15,OK,62.5,Degraded,M,M,Degraded,62.5,unique_max_firing_rule,A;M;V,1
2026-07-19 03:35:00+03:00,15,OK,62.5,Degraded,M,M,Degraded,62.5,unique_max_firing_rule,A;M;V,1
2026-07-19 03:40:00+03:00,15,OK,62.5,Degraded,M,M,Degraded,62.5,unique_max_firing_rule,A;M;V,1
2026-07-19 03:45:00+03:00,15,OK,62.5,Degraded,M,M,Degraded,62.5,unique_max_firing_rule,A;M;V,1
2026-07-19 03:50:00+03:00,15,OK,62.5,Degraded,M,M,Degraded,62.5,unique_max_firing_rule,A;M;V,1
2026-07-19 03:55:00+03:00,15,OK,62.5,Degraded,M,M,Degraded,62.5,unique_max_firing_rule,A;M;V,1
2026-07-19 04:00:00+03:00,15,OK,62.5,Degraded,M,M,Degraded,62.5,unique_max_firing_rule,A;M;V,1
2026-07-19 04:05:00+03:00,15,OK,62.5,Degraded,M,M,Degraded,62.5,unique_max_firing_rule,A;M;V,1
2026-07-19 04:10:00+03:00,15,OK,62.5,Degraded,M,M,Degraded,62.5,unique_max_firing_rule,A;M;V,1
2026-07-19 04:15:00+03:00,15,OK,62.5,Degraded,M,M,Degraded,62.5,unique_max_firing_rule,A;M;V,1
2026-07-19 04:20:00+03:00,15,OK,62.5,Degraded,M,M,Degraded,62.5,unique_max_firing_rule,A;M;V,1
2026-07-19 04:25:00+03:00,15,OK,62.5,Degraded,M,M,Degraded,62.5,unique_max_firing_rule,A;M;V,1
2026-07-19 04:30:00+03:00,15,OK,62.5,Degraded,M,M,Degraded,62.5,unique_max_firing_rule,A;M;V,1
2026-07-19 04:35:00+03:00,15,OK,62.5,Degraded,M,M,Degraded,62.5,unique_max_firing_rule,A;M;V,1
2026-07-19 04:40:00+03:00,15,OK,62.5,Degraded,M,M,Degraded,62.5,unique_max_firing_rule,A;M;V,1
2026-07-19 04:45:00+03:00,15,OK,62.5,Degraded,M,M,Degraded,62.5,unique_max_firing_rule,A;M;V,1
2026-07-19 04:50:00+03:00,15,OK,62.5,Degraded,M,M,Degraded,62.5,unique_max_firing_rule,A;M;V,1
2026-07-19 04:55:00+03:00,15,OK,62.5,Degraded,M,M,Degraded,62.5,unique_max_firing_rule,A;M;V,1
2026-07-19 05:00:00+03:00,15,OK,62.5,Degraded,M,M,Degraded,62.5,unique_max_firing_rule,A;M;V,1
2026-07-19 05:05:00+03:00,15,OK,62.5,Degraded,M,M,Degraded,62.5,unique_max_firing_rule,A;M;V,1
2026-07-19 05:10:00+03:00,15,OK,62.5,Degraded,M,M,Degraded,62.5,unique_max_firing_rule,A;M;V,1
2026-07-19 05:15:00+03:00,15,OK,62.5,Degraded,M,M,Degraded,62.5,unique_max_firing_rule,A;M;V,1
2026-07-19 05:20:00+03:00,15,OK,62.5,Degraded,M,M,Degraded,62.5,unique_max_firing_rule,A;M;V,1
2026-07-19 05:25:00+03:00,15,OK,62.5,Degraded,M,M,Degraded,62.5,unique_max_firing_rule,A;M;V,1
2026-07-19 05:30:00+03:00,15,OK,62.5,Degraded,M,M,Degraded,62.5,unique_max_firing_rule,A;M;V,1
2026-07-19 05:35:00+03:00,15,OK,62.5,Degraded,M,M,Degraded,62.5,unique_max_firing_rule,A;M;V,1
2026-07-19 05:40:00+03:00,15,OK,62.5,Degraded,M,M,Degraded,62.5,unique_max_firing_rule,A;M;V,1
2026-07-19 05:45:00+03:00,15,OK,62.5,Degraded,M,M,Degraded,62.5,unique_max_firing_rule,A;M;V,1
2026-07-19 05:50:00+03:00,15,OK,62.5,Degraded,M,M,Degraded,62.5,unique_max_firing_rule,A;M;V,1
2026-07-19 05:55:00+03:00,15,OK,62.5,Degraded,M,M,Degraded,62.5,unique_max_firing_rule,A;M;V,1
2026-07-19 06:00:00+03:00,15,OK,62.5,Degraded,M,M,Degraded,62.5,unique_max_firing_rule,A;M;V,1
2026-07-19 06:05:00+03:00,15,OK,62.5,Degraded,M,M,Degraded,62.5,unique_max_firing_rule,A;M;V,1
2026-07-19 06:10:00+03:00,15,OK,62.5,Degraded,M,M,Degraded,62.5,unique_max_firing_rule,A;M;V,1
2026-07-19 06:15:00+03:00,15,OK,62.5,Degraded,M,M,Degraded,62.5,unique_max_firing_rule,A;M;V,1
2026-07-19 06:20:00+03:00,15,OK,62.5,Degraded,M,M,Degraded,62.5,unique_max_firing_rule,A;M;V,1
2026-07-19 06:25:00+03:00,15,OK,62.5,Degraded,M,M,Degraded,62.5,unique_max_firing_rule,A;M;V,1
2026-07-19 06:30:00+03:00,15,OK,62.5,Degraded,M,M,Degraded,62.5,unique_max_firing_rule,A;M;V,1
2026-07-19 06:35:00+03:00,15,OK,62.5,Degraded,M,M,Degraded,62.5,unique_max_firing_rule,A;M;V,1
2026-07-19 06:40:00+03:00,15,OK,62.5,Degraded,M,M,Degraded,62.5,unique_max_firing_rule,A;M;V,1
2026-07-19 06:45:00+03:00,15,OK,62.5,Degraded,M,M,Degraded,62.5,unique_max_firing_rule,A;M;V,1
2026-07-19 06:50:00+03:00,15,OK,62.5,Degraded,M,M,Degraded,62.5,unique_max_firing_rule,A;M;V,1
2026-07-19 06:55:00+03:00,15,OK,62.5,Degraded,M,M,Degraded,62.5,unique_max_firing_rule,A;M;V,1
2026-07-19 07:00:00+03:00,15,OK,62.5,Degraded,M,M,Degraded,62.5,unique_max_firing_rule,A;M;V,1
2026-07-19 07:05:00+03:00,15,OK,62.5,Degraded,M,M,Degraded,62.5,unique_max_firing_rule,A;M;V,1
2026-07-19 07:10:00+03:00,15,OK,62.5,Degraded,M,M,Degraded,62.5,unique_max_firing_rule,A;M;V,1
2026-07-19 07:15:00+03:00,15,OK,62.5,Degraded,M,M,Degraded,62.5,unique_max_firing_rule,A;M;V,1
2026-07-19 07:20:00+03:00,15,OK,62.5,Degraded,M,M,Degraded,62.5,unique_max_firing_rule,A;M;V,1
2026-07-19 07:25:00+03:00,15,OK,62.5,Degraded,M,M,Degraded,62.5,unique_max_firing_rule,A;M;V,1
2026-07-19 07:30:00+03:00,15,OK,62.5,Degraded,M,M,Degraded,62.5,unique_max_firing_rule,A;M;V,1
2026-07-19 07:35:00+03:00,15,OK,62.5,Degraded,M,M,Degraded,62.5,unique_max_firing_rule,A;M;V,1
2026-07-19 07:40:00+03:00,15,OK,62.5,Degraded,M,M,Degraded,62.5,unique_max_firing_rule,A;M;V,1
2026-07-19 07:45:00+03:00,15,OK,62.5,Degraded,M,M,Degraded,62.5,unique_max_firing_rule,A;M;V,1
2026-07-19 07:50:00+03:00,15,OK,62.5,Degraded,M,M,Degraded,62.5,unique_max_firing_rule,A;M;V,1
2026-07-19 07:55:00+03:00,15,OK,62.5,Degraded,M,M,Degraded,62.5,unique_max_firing_rule,A;M;V,1
2026-07-19 08:00:00+03:00,15,OK,62.5,Degraded,M,M,Degraded,62.5,unique_max_firing_rule,A;M;V,1
2026-07-19 08:05:00+03:00,15,OK,62.5,Degraded,M,M,Degraded,62.5,unique_max_firing_rule,A;M;V,1
2026-07-19 08:10:00+03:00,15,OK,62.5,Degraded,M,M,Degraded,62.5,unique_max_firing_rule,A;M;V,1
2026-07-19 08:15:00+03:00,15,OK,62.5,Degraded,M,M,Degraded,62.5,unique_max_firing_rule,A;M;V,1
2026-07-19 08:20:00+03:00,15,OK,62.5,Degraded,M,M,Degraded,62.5,unique_max_firing_rule,A;M;V,1
2026-07-19 08:25:00+03:00,15,OK,62.5,Degraded,M,M,Degraded,62.5,unique_max_firing_rule,A;M;V,1
2026-07-19 08:30:00+03:00,15,OK,62.5,Degraded,M,M,Degraded,62.5,unique_max_firing_rule,A;M;V,1
2026-07-19 08:35:00+03:00,15,OK,62.5,Degraded,M,M,Degraded,62.5,unique_max_firing_rule,A;M;V,1
2026-07-19 08:40:00+03:00,15,OK,62.5,Degraded,M,M,Degraded,62.5,unique_max_firing_rule,A;M;V,1
2026-07-19 08:45:00+03:00,15,OK,62.5,Degraded,M,M,Degraded,62.5,unique_max_firing_rule,A;M;V,1
2026-07-19 08:50:00+03:00,15,OK,62.5,Degraded,M,M,Degraded,62.5,unique_max_firing_rule,A;M;V,1
2026-07-19 08:55:00+03:00,15,OK,62.5,Degraded,M,M,Degraded,62.5,unique_max_firing_rule,A;M;V,1
2026-07-19 09:00:00+03:00,15,OK,62.5,Degraded,M,M,Degraded,62.5,unique_max_firing_rule,A;M;V,1
2026-07-19 09:05:00+03:00,15,OK,62.5,Degraded,M,M,Degraded,62.5,unique_max_firing_rule,A;M;V,1
2026-07-19 09:10:00+03:00,15,OK,62.5,Degraded,M,M,Degraded,62.5,unique_max_firing_rule,A;M;V,1
2026-07-19 09:15:00+03:00,15,OK,62.5,Degraded,M,M,Degraded,62.5,unique_max_firing_rule,A;M;V,1
2026-07-19 09:20:00+03:00,15,OK,62.5,Degraded,M,M,Degraded,62.5,unique_max_firing_rule,A;M;V,1
2026-07-19 09:25:00+03:00,15,OK,62.5,Degraded,M,M,Degraded,62.5,unique_max_firing_rule,A;M;V,1
2026-07-19 09:30:00+03:00,15,OK,62.5,Degraded,M,M,Degraded,62.5,unique_max_firing_rule,A;M;V,1
2026-07-19 09:35:00+03:00,15,OK,62.5,Degraded,M,M,Degraded,62.5,unique_max_firing_rule,A;M;V,1
2026-07-19 09:40:00+03:00,15,OK,62.5,Degraded,M,M,Degraded,62.5,unique_max_firing_rule,A;M;V,1
2026-07-19 09:45:00+03:00,15,OK,62.5,Degraded,M,M,Degraded,62.5,unique_max_firing_rule,A;M;V,1
2026-07-19 09:50:00+03:00,15,OK,62.5,Degraded,M,M,Degraded,62.5,unique_max_firing_rule,A;M;V,1
2026-07-19 09:55:00+03:00,15,OK,62.5,Degraded,M,M,Degraded,62.5,unique_max_firing_rule,A;M;V,1
2026-07-19 10:00:00+03:00,15,OK,62.78020297465147,Degraded,M,M,Degraded,62.78020297465147,unique_max_firing_rule,M,2
2026-07-19 10:05:00+03:00,15,OK,64.0133672057884,Degraded,M,M,Degraded,64.0133672057884,unique_max_firing_rule,M,2
2026-07-19 10:10:00+03:00,15,OK,65.15171494762504,Degraded,M,M,Degraded,65.15171494762504,unique_max_firing_rule,M,2
2026-07-19 10:15:00+03:00,15,OK,66.13489214594486,Degraded,M,M,Degraded,66.13489214594486,unique_max_firing_rule,M,2
2026-07-19 10:20:00+03:00,15,OK,66.9055552244146,Degraded,M,M,Degraded,66.9055552244146,unique_max_firing_rule,M,2
2026-07-19 10:25:00+03:00,15,OK,67.8791199068612,Degraded,M,M,Degraded,67.8791199068612,unique_max_firing_rule,M,2
2026-07-19 10:30:00+03:00,15,OK,68.82733530688662,Degraded,M,M,Degraded,68.82733530688662,unique_max_firing_rule,M,2
2026-07-19 10:35:00+03:00,15,OK,69.87004618335301,Degraded,M,M,Degraded,69.87004618335301,unique_max_firing_rule,M,2
2026-07-19 10:40:00+03:00,15,OK,70.68984867529053,Degraded,M,M,Degraded,70.68984867529053,unique_max_firing_rule,M,2
2026-07-19 10:45:00+03:00,15,OK,71.57402114466011,Degraded,M,M,Degraded,71.57402114466011,unique_max_firing_rule,M,2
2026-07-19 10:50:00+03:00,15,OK,72.42243623541754,Degraded,M,M,Degraded,72.42243623541754,unique_max_firing_rule,M,2
2026-07-19 10:55:00+03:00,15,OK,73.15618730419195,Degraded,M,M,Degraded,73.15618730419195,unique_max_firing_rule,M,2
2026-07-19 11:00:00+03:00,15,OK,73.91421942359567,Degraded,M,M,Degraded,73.91421942359567,unique_max_firing_rule,M,2
2026-07-19 11:05:00+03:00,15,OK,74.66356030974656,Degraded,M,M,Degraded,74.66356030974656,unique_max_firing_rule,M,2
2026-07-19 11:10:00+03:00,15,OK,75.41024691358027,Critical,M,M,Critical,75.41024691358027,unique_max_firing_rule,M,2
2026-07-19 11:15:00+03:00,15,OK,76.0669547325105,Critical,M,M,Critical,76.0669547325105,unique_max_firing_rule,M,2
2026-07-19 11:20:00+03:00,15,OK,76.55740740740795,Critical,M,M,Critical,76.55740740740795,unique_max_firing_rule,M,2
2026-07-19 11:25:00+03:00,15,OK,76.77353909465083,Critical,M,M,Critical,76.77353909465083,unique_max_firing_rule,M,2
2026-07-19 11:30:00+03:00,15,OK,76.89823045267542,Critical,M,M,Critical,76.89823045267542,unique_max_firing_rule,M,2
2026-07-19 11:35:00+03:00,15,OK,77.00629629629667,Critical,M,M,Critical,77.00629629629667,unique_max_firing_rule,M,2
2026-07-19 11:40:00+03:00,15,OK,77.00629629629667,Critical,M,M,Critical,77.00629629629667,unique_max_firing_rule,M,2
2026-07-19 11:45:00+03:00,15,OK,76.86497942386913,Critical,M,M,Critical,76.86497942386913,unique_max_firing_rule,M,2
2026-07-19 11:50:00+03:00,15,OK,76.75691358024716,Critical,M,M,Critical,76.75691358024716,unique_max_firing_rule,M,2
2026-07-19 11:55:00+03:00,15,OK,76.83172839506216,Critical,M,M,Critical,76.83172839506216,unique_max_firing_rule,M,2
2026-07-19 12:00:00+03:00,15,OK,77.0062962962965,Critical,M,M,Critical,77.0062962962965,unique_max_firing_rule,M,2
2026-07-19 12:05:00+03:00,15,OK,76.9397942386836,Critical,M,M,Critical,76.9397942386836,unique_max_firing_rule,M,2
2026-07-19 12:10:00+03:00,15,OK,77.20580246913589,Critical,M,M,Critical,77.20580246913589,unique_max_firing_rule,M,2
2026-07-19 12:15:00+03:00,15,OK,77.45518518518487,Critical,M,M,Critical,77.45518518518487,unique_max_firing_rule,M,2
2026-07-19 12:20:00+03:00,15,OK,77.97103244497794,Critical,M,M,Critical,77.97103244497794,unique_max_firing_rule,M,2
2026-07-19 12:25:00+03:00,15,OK,78.08029117774846,Critical,M,M,Critical,78.08029117774846,unique_max_firing_rule,M,2
2026-07-19 12:30:00+03:00,15,OK,78.41653056386099,Critical,M,M,Critical,78.41653056386099,unique_max_firing_rule,M,2
2026-07-19 12:35:00+03:00,15,OK,79.0640408082605,Critical,M,M,Critical,79.0640408082605,unique_max_firing_rule,M,2
2026-07-19 12:40:00+03:00,15,OK,80.32636795017545,Critical,M,M,Critical,80.32636795017545,unique_max_firing_rule,M,4
2026-07-19 12:45:00+03:00,15,OK,79.7920619860848,Critical,V,V,Critical,81.51930933515355,unique_max_firing_rule,V,8
2026-07-19 12:50:00+03:00,15,OK,82.43515028127997,Critical,A,A,Critical,82.68914336350905,unique_max_firing_rule,A,8
2026-07-19 12:55:00+03:00,15,OK,83.33750489995377,Critical,A,A,Critical,83.73267576092893,unique_max_firing_rule,A,4
2026-07-19 13:00:00+03:00,15,OK,84.45922571808443,Critical,A,A,Critical,84.8364381224452,unique_max_firing_rule,A,4
2026-07-19 13:05:00+03:00,15,OK,85.52412438536365,Critical,A,A,Critical,85.77590761042286,unique_max_firing_rule,A,4
2026-07-19 13:10:00+03:00,15,OK,86.42015889153349,Critical,A,A,Critical,86.56906330858523,unique_max_firing_rule,A,8
2026-07-19 13:15:00+03:00,15,OK,87.20084371719936,Critical,V,V,Critical,87.40735563801765,unique_max_firing_rule,V,8
2026-07-19 13:20:00+03:00,15,OK,87.34388646288211,Critical,V,V,Critical,87.55597014925372,unique_max_firing_rule,V,4
2026-07-19 13:25:00+03:00,15,OK,87.33570511448751,Critical,V,V,Critical,87.55597014925372,unique_max_firing_rule,V,4
2026-07-19 13:30:00+03:00,15,OK,87.37179247050013,Critical,V,V,Critical,87.55597014925372,unique_max_firing_rule,V,4
2026-07-19 13:35:00+03:00,15,OK,87.38858491578159,Critical,V,V,Critical,87.55597014925372,unique_max_firing_rule,V,4
2026-07-19 13:40:00+03:00,15,OK,87.41904902249728,Critical,V,V,Critical,87.55597014925372,unique_max_firing_rule,V,4
2026-07-19 13:45:00+03:00,15,OK,87.44574944071587,Critical,V,V,Critical,87.55597014925372,unique_max_firing_rule,V,4
2026-07-19 13:50:00+03:00,15,OK,87.50207617696518,Critical,V,V,Critical,87.55597014925372,unique_max_firing_rule,V,4
2026-07-19 13:55:00+03:00,15,OK,87.51762980318759,Critical,A,A,Critical,87.55597014925372,unique_max_firing_rule,A,4
2026-07-19 14:00:00+03:00,15,OK,87.51493432163794,Critical,A,A,Critical,87.55597014925372,unique_max_firing_rule,A,2
2026-07-19 14:05:00+03:00,15,OK,87.51639359367327,Critical,A,A,Critical,87.55597014925372,unique_max_firing_rule,A,2
2026-07-19 14:10:00+03:00,15,OK,87.51031478040846,Critical,A,A,Critical,87.55597014925372,unique_max_firing_rule,A,2
2026-07-19 14:15:00+03:00,15,OK,87.52052389988842,Critical,A,A,Critical,87.55597014925372,unique_max_firing_rule,A,2
2026-07-19 14:20:00+03:00,15,OK,87.52481276529795,Critical,A,A,Critical,87.55597014925372,unique_max_firing_rule,A,2
2026-07-19 14:25:00+03:00,15,OK,87.53031827211878,Critical,A,A,Critical,87.55597014925372,unique_max_firing_rule,A,2
2026-07-19 14:30:00+03:00,15,OK,87.5382697118508,Critical,A,A,Critical,87.55597014925372,unique_max_firing_rule,A,2
2026-07-19 14:35:00+03:00,15,OK,87.54212944056886,Critical,A,A,Critical,87.55597014925372,unique_max_firing_rule,A,2
2026-07-19 14:40:00+03:00,15,OK,87.54089529364954,Critical,A,A,Critical,87.55597014925372,unique_max_firing_rule,A,2
2026-07-19 14:45:00+03:00,15,OK,87.53728862595067,Critical,A,A,Critical,87.55597014925372,unique_max_firing_rule,A,2
2026-07-19 14:50:00+03:00,15,OK,87.52872427337647,Critical,A,A,Critical,87.55597014925372,unique_max_firing_rule,A,2
2026-07-19 14:55:00+03:00,15,OK,87.53378893644144,Critical,A,A,Critical,87.55597014925372,unique_max_firing_rule,A,2
2026-07-19 15:00:00+03:00,15,OK,87.53924461005734,Critical,A,A,Critical,87.55597014925372,unique_max_firing_rule,A,2
2026-07-19 15:05:00+03:00,15,OK,87.55597014925372,Critical,M,M,Critical,87.55597014925372,unique_max_firing_rule,A;M;V,1
2026-07-19 15:10:00+03:00,15,OK,87.55597014925372,Critical,M,M,Critical,87.55597014925372,unique_max_firing_rule,A;M;V,1
2026-07-19 15:15:00+03:00,15,OK,87.55597014925372,Critical,M,M,Critical,87.55597014925372,unique_max_firing_rule,A;M;V,1
2026-07-19 15:20:00+03:00,15,OK,87.55597014925372,Critical,M,M,Critical,87.55597014925372,unique_max_firing_rule,A;M;V,1
2026-07-19 15:25:00+03:00,15,OK,87.55597014925372,Critical,M,M,Critical,87.55597014925372,unique_max_firing_rule,A;M;V,1
2026-07-19 15:30:00+03:00,15,OK,87.55597014925372,Critical,M,M,Critical,87.55597014925372,unique_max_firing_rule,A;M;V,1
2026-07-19 15:35:00+03:00,15,OK,87.55597014925372,Critical,M,M,Critical,87.55597014925372,unique_max_firing_rule,A;M;V,1
2026-07-19 15:40:00+03:00,15,OK,87.55597014925372,Critical,M,M,Critical,87.55597014925372,unique_max_firing_rule,A;M;V,1
2026-07-19 15:45:00+03:00,15,OK,87.55597014925372,Critical,M,M,Critical,87.55597014925372,unique_max_firing_rule,A;M;V,1
2026-07-19 15:50:00+03:00,15,OK,87.55597014925372,Critical,M,M,Critical,87.55597014925372,unique_max_firing_rule,A;M;V,1
2026-07-19 15:55:00+03:00,15,OK,87.55597014925372,Critical,M,M,Critical,87.55597014925372,unique_max_firing_rule,A;M;V,1
2026-07-19 16:00:00+03:00,15,OK,87.55597014925372,Critical,M,M,Critical,87.55597014925372,unique_max_firing_rule,A;M;V,1
2026-07-19 16:05:00+03:00,15,OK,87.55597014925372,Critical,M,M,Critical,87.55597014925372,unique_max_firing_rule,A;M;V,1
2026-07-19 16:10:00+03:00,15,OK,87.55597014925372,Critical,M,M,Critical,87.55597014925372,unique_max_firing_rule,A;M;V,1
2026-07-19 16:15:00+03:00,15,OK,87.55597014925372,Critical,M,M,Critical,87.55597014925372,unique_max_firing_rule,A;M;V,1
2026-07-19 16:20:00+03:00,15,OK,87.55597014925372,Critical,M,M,Critical,87.55597014925372,unique_max_firing_rule,A;M;V,1
2026-07-19 16:25:00+03:00,15,OK,87.55597014925372,Critical,M,M,Critical,87.55597014925372,unique_max_firing_rule,A;M;V,1
2026-07-19 16:30:00+03:00,15,OK,87.55597014925372,Critical,M,M,Critical,87.55597014925372,unique_max_firing_rule,A;M;V,1
2026-07-19 16:35:00+03:00,15,OK,87.55597014925372,Critical,M,M,Critical,87.55597014925372,unique_max_firing_rule,A;M;V,1
2026-07-19 16:40:00+03:00,15,OK,87.55597014925372,Critical,M,M,Critical,87.55597014925372,unique_max_firing_rule,A;M;V,1
2026-07-19 16:45:00+03:00,15,OK,87.48976900082539,Critical,M,M,Critical,87.48976900082539,unique_max_firing_rule,M,1
2026-07-19 16:50:00+03:00,15,OK,87.41637203417734,Critical,M,M,Critical,87.41637203417734,unique_max_firing_rule,M,1
2026-07-19 16:55:00+03:00,15,OK,87.37171245333171,Critical,M,M,Critical,87.37171245333171,unique_max_firing_rule,M,1
2026-07-19 17:00:00+03:00,15,OK,87.40459005850973,Critical,M,M,Critical,87.40459005850973,unique_max_firing_rule,M,1
2026-07-19 17:05:00+03:00,15,OK,87.51915971206691,Critical,M,M,Critical,87.51915971206691,unique_max_firing_rule,M,1
2026-07-19 17:10:00+03:00,15,PARTIAL,12.444029850746269,Favorable,A,A;V,Favorable,12.444029850746269,co_dominant_tie,A;V,1
2026-07-19 17:15:00+03:00,15,PARTIAL,12.444029850746269,Favorable,A,A;V,Favorable,12.444029850746269,co_dominant_tie,A;V,1
2026-07-19 17:20:00+03:00,15,OK,87.55597014925372,Critical,M,M,Critical,87.55597014925372,unique_max_firing_rule,A;M;V,1
2026-07-19 17:25:00+03:00,15,OK,87.55597014925372,Critical,M,M,Critical,87.55597014925372,unique_max_firing_rule,A;M;V,1
2026-07-19 17:30:00+03:00,15,OK,87.55597014925372,Critical,M,M,Critical,87.55597014925372,unique_max_firing_rule,A;M;V,1
2026-07-19 17:35:00+03:00,15,OK,87.55597014925372,Critical,M,M,Critical,87.55597014925372,unique_max_firing_rule,A;M;V,1
2026-07-19 17:40:00+03:00,15,OK,87.55597014925372,Critical,M,M,Critical,87.55597014925372,unique_max_firing_rule,A;M;V,1
2026-07-19 17:45:00+03:00,15,OK,87.55597014925372,Critical,M,M,Critical,87.55597014925372,unique_max_firing_rule,A;M;V,1
2026-07-19 17:50:00+03:00,15,OK,87.55597014925372,Critical,M,M,Critical,87.55597014925372,unique_max_firing_rule,A;M;V,1
2026-07-19 17:55:00+03:00,15,OK,87.55597014925372,Critical,M,M,Critical,87.55597014925372,unique_max_firing_rule,A;M;V,1
2026-07-19 18:00:00+03:00,15,OK,87.55597014925372,Critical,M,M,Critical,87.55597014925372,unique_max_firing_rule,A;M;V,1
2026-07-19 18:05:00+03:00,15,OK,87.55597014925372,Critical,M,M,Critical,87.55597014925372,unique_max_firing_rule,A;M;V,1
2026-07-19 18:10:00+03:00,15,OK,87.55597014925372,Critical,M,M,Critical,87.55597014925372,unique_max_firing_rule,A;M;V,1
2026-07-19 18:15:00+03:00,15,OK,87.51236409710319,Critical,M,M,Critical,87.51236409710319,unique_max_firing_rule,M,1
2026-07-19 18:20:00+03:00,15,OK,87.46098097724195,Critical,M,M,Critical,87.46098097724195,unique_max_firing_rule,M,1
2026-07-19 18:25:00+03:00,15,OK,87.48540573979085,Critical,M,M,Critical,87.48540573979085,unique_max_firing_rule,M,1
2026-07-19 18:30:00+03:00,15,OK,87.52721165473154,Critical,M,M,Critical,87.52721165473154,unique_max_firing_rule,M,1
2026-07-19 18:35:00+03:00,15,OK,87.55597014925372,Critical,M,M,Critical,87.55597014925372,unique_max_firing_rule,A;M;V,1
2026-07-19 18:40:00+03:00,15,OK,87.55597014925372,Critical,M,M,Critical,87.55597014925372,unique_max_firing_rule,A;M;V,1
2026-07-19 18:45:00+03:00,15,OK,87.55597014925372,Critical,M,M,Critical,87.55597014925372,unique_max_firing_rule,A;M;V,1
2026-07-19 18:50:00+03:00,15,OK,87.55597014925372,Critical,M,M,Critical,87.55597014925372,unique_max_firing_rule,A;M;V,1
2026-07-19 18:55:00+03:00,15,OK,87.55597014925372,Critical,M,M,Critical,87.55597014925372,unique_max_firing_rule,A;M;V,1
2026-07-19 19:00:00+03:00,15,OK,87.55597014925372,Critical,M,M,Critical,87.55597014925372,unique_max_firing_rule,A;M;V,1
2026-07-19 19:05:00+03:00,15,OK,87.55597014925372,Critical,M,M,Critical,87.55597014925372,unique_max_firing_rule,A;M;V,1
2026-07-19 19:10:00+03:00,15,OK,87.55597014925372,Critical,M,M,Critical,87.55597014925372,unique_max_firing_rule,A;M;V,1
2026-07-19 19:15:00+03:00,15,OK,81.70702340475324,Critical,M,M,Critical,81.70702340475324,unique_max_firing_rule,M,2
2026-07-19 19:20:00+03:00,15,OK,70.8536793738022,Degraded,M,M,Degraded,70.8536793738022,unique_max_firing_rule,M,2
2026-07-19 19:25:00+03:00,15,OK,62.5,Degraded,M,M,Degraded,62.5,unique_max_firing_rule,A;M;V,1
2026-07-19 19:30:00+03:00,15,OK,62.5,Degraded,M,M,Degraded,62.5,unique_max_firing_rule,A;M;V,1
2026-07-19 19:35:00+03:00,15,OK,62.5,Degraded,M,M,Degraded,62.5,unique_max_firing_rule,A;M;V,1
2026-07-19 19:40:00+03:00,15,OK,62.5,Degraded,M,M,Degraded,62.5,unique_max_firing_rule,A;M;V,1
2026-07-19 19:45:00+03:00,15,OK,57.165303805590824,Degraded,M,M,Degraded,57.165303805590824,unique_max_firing_rule,M,2
2026-07-19 19:50:00+03:00,15,OK,53.02653535320473,Degraded,M,M,Degraded,53.02653535320473,unique_max_firing_rule,M,2
2026-07-19 19:55:00+03:00,15,OK,50.040850340691804,Degraded,M,M,Degraded,50.040850340691804,unique_max_firing_rule,M,2
2026-07-19 20:00:00+03:00,15,OK,48.80662015209917,Acceptable,M,M,Acceptable,48.80662015209917,unique_max_firing_rule,M,2
2026-07-19 20:05:00+03:00,15,OK,50.621069285182,Degraded,M,M,Degraded,50.621069285182,unique_max_firing_rule,M,2
2026-07-19 20:10:00+03:00,15,OK,53.62614227574395,Degraded,M,M,Degraded,53.62614227574395,unique_max_firing_rule,M,2
2026-07-19 20:15:00+03:00,15,OK,55.33136482939619,Degraded,M,M,Degraded,55.33136482939619,unique_max_firing_rule,M,2
2026-07-19 20:20:00+03:00,15,OK,55.19106055089204,Degraded,M,M,Degraded,55.19106055089204,unique_max_firing_rule,M,2
2026-07-19 20:25:00+03:00,15,OK,54.407870588852155,Degraded,M,M,Degraded,54.407870588852155,unique_max_firing_rule,M,2
2026-07-19 20:30:00+03:00,15,OK,54.027361549973946,Degraded,M,M,Degraded,54.027361549973946,unique_max_firing_rule,M,2
2026-07-19 20:35:00+03:00,15,OK,51.49704527055533,Degraded,M,M,Degraded,51.49704527055533,unique_max_firing_rule,M,2
2026-07-19 20:40:00+03:00,15,OK,51.77687623406657,Degraded,M,M,Degraded,51.77687623406657,unique_max_firing_rule,M,2
2026-07-19 20:45:00+03:00,15,OK,54.764658805184474,Degraded,M,M,Degraded,54.764658805184474,unique_max_firing_rule,M,2
2026-07-19 20:50:00+03:00,15,OK,55.14925345391948,Degraded,M,M,Degraded,55.14925345391948,unique_max_firing_rule,M,2
2026-07-19 20:55:00+03:00,15,OK,54.465803975267434,Degraded,M,M,Degraded,54.465803975267434,unique_max_firing_rule,M,2
2026-07-19 21:00:00+03:00,15,OK,53.685063880807384,Degraded,M,M,Degraded,53.685063880807384,unique_max_firing_rule,M,2
2026-07-19 21:05:00+03:00,15,OK,51.744817123271496,Degraded,M,M,Degraded,51.744817123271496,unique_max_firing_rule,M,2
2026-07-19 21:10:00+03:00,15,OK,49.78375035923571,Acceptable,M,M,Acceptable,49.78375035923571,unique_max_firing_rule,M,2
2026-07-19 21:15:00+03:00,15,OK,48.55458418211269,Acceptable,M,M,Acceptable,48.55458418211269,unique_max_firing_rule,M,2
2026-07-19 21:20:00+03:00,15,OK,48.07463488650944,Acceptable,M,M,Acceptable,48.07463488650944,unique_max_firing_rule,M,2
2026-07-19 21:25:00+03:00,15,OK,48.440749233890536,Acceptable,M,M,Acceptable,48.440749233890536,unique_max_firing_rule,M,2
2026-07-19 21:30:00+03:00,15,OK,49.07945419125392,Acceptable,M,M,Acceptable,49.07945419125392,unique_max_firing_rule,M,2
2026-07-19 21:35:00+03:00,15,OK,49.95288582235821,Acceptable,M,M,Acceptable,49.95288582235821,unique_max_firing_rule,M,2
2026-07-19 21:40:00+03:00,15,OK,50.98391104517875,Degraded,M,M,Degraded,50.98391104517875,unique_max_firing_rule,M,2
2026-07-19 21:45:00+03:00,15,OK,50.87435253098569,Degraded,M,M,Degraded,50.87435253098569,unique_max_firing_rule,M,2
2026-07-19 21:50:00+03:00,15,OK,49.992647037197095,Acceptable,M,M,Acceptable,49.992647037197095,unique_max_firing_rule,M,2
2026-07-19 21:55:00+03:00,15,OK,48.879263600307134,Acceptable,M,M,Acceptable,48.879263600307134,unique_max_firing_rule,M,2
2026-07-19 22:00:00+03:00,15,OK,48.000580856335645,Acceptable,M,M,Acceptable,48.000580856335645,unique_max_firing_rule,M,2
2026-07-19 22:05:00+03:00,15,OK,48.38948604166755,Acceptable,M,M,Acceptable,48.38948604166755,unique_max_firing_rule,M,2
2026-07-19 22:10:00+03:00,15,OK,49.79573494566534,Acceptable,M,M,Acceptable,49.79573494566534,unique_max_firing_rule,M,2
2026-07-19 22:15:00+03:00,15,OK,50.980776775206294,Degraded,M,M,Degraded,50.980776775206294,unique_max_firing_rule,M,2
2026-07-19 22:20:00+03:00,15,OK,51.19337984790135,Degraded,M,M,Degraded,51.19337984790135,unique_max_firing_rule,M,2
2026-07-19 22:25:00+03:00,15,OK,51.97050618297423,Degraded,M,M,Degraded,51.97050618297423,unique_max_firing_rule,M,2
2026-07-19 22:30:00+03:00,15,OK,50.91536771628821,Degraded,M,M,Degraded,50.91536771628821,unique_max_firing_rule,M,2
2026-07-19 22:35:00+03:00,15,OK,49.558745660999165,Acceptable,M,M,Acceptable,49.558745660999165,unique_max_firing_rule,M,2
2026-07-19 22:40:00+03:00,15,OK,49.06828033973432,Acceptable,M,M,Acceptable,49.06828033973432,unique_max_firing_rule,M,2
2026-07-19 22:45:00+03:00,15,OK,49.182739457339224,Acceptable,M,M,Acceptable,49.182739457339224,unique_max_firing_rule,M,2
2026-07-19 22:50:00+03:00,15,OK,50.31866806553773,Degraded,M,M,Degraded,50.31866806553773,unique_max_firing_rule,M,2
2026-07-19 22:55:00+03:00,15,OK,50.06536118591327,Degraded,M,M,Degraded,50.06536118591327,unique_max_firing_rule,M,2
2026-07-19 23:00:00+03:00,15,OK,50.228779103970574,Degraded,M,M,Degraded,50.228779103970574,unique_max_firing_rule,M,2
2026-07-19 23:05:00+03:00,15,OK,48.89657201706684,Acceptable,M,M,Acceptable,48.89657201706684,unique_max_firing_rule,M,2
2026-07-19 23:10:00+03:00,15,OK,48.634875896322306,Acceptable,M,M,Acceptable,48.634875896322306,unique_max_firing_rule,M,2
2026-07-19 23:15:00+03:00,15,OK,49.29718809861579,Acceptable,M,M,Acceptable,49.29718809861579,unique_max_firing_rule,M,2
2026-07-19 23:20:00+03:00,15,OK,50.97260045573267,Degraded,M,M,Degraded,50.97260045573267,unique_max_firing_rule,M,2
2026-07-19 23:25:00+03:00,15,OK,52.109621838020075,Degraded,M,M,Degraded,52.109621838020075,unique_max_firing_rule,M,2
2026-07-19 23:30:00+03:00,15,OK,53.22350507906597,Degraded,M,M,Degraded,53.22350507906597,unique_max_firing_rule,M,2
2026-07-19 23:35:00+03:00,15,OK,54.169082932806624,Degraded,M,M,Degraded,54.169082932806624,unique_max_firing_rule,M,2
2026-07-19 23:40:00+03:00,15,OK,54.40787058885251,Degraded,M,M,Degraded,54.40787058885251,unique_max_firing_rule,M,2
2026-07-19 23:45:00+03:00,15,OK,53.42066671904068,Degraded,M,M,Degraded,53.42066671904068,unique_max_firing_rule,M,2
2026-07-19 23:50:00+03:00,15,OK,53.59325940549949,Degraded,M,M,Degraded,53.59325940549949,unique_max_firing_rule,M,2
2026-07-19 23:55:00+03:00,15,OK,54.81164894471625,Degraded,M,M,Degraded,54.81164894471625,unique_max_firing_rule,M,2
2026-07-20 00:00:00+03:00,15,OK,56.54856786025378,Degraded,M,M,Degraded,56.54856786025378,unique_max_firing_rule,M,2
2026-07-20 00:05:00+03:00,15,OK,56.06666600992352,Degraded,M,M,Degraded,56.06666600992352,unique_max_firing_rule,M,2
2026-07-20 00:10:00+03:00,15,OK,53.66724949739066,Degraded,M,M,Degraded,53.66724949739066,unique_max_firing_rule,M,2
2026-07-20 00:15:00+03:00,15,OK,52.45338567222806,Degraded,M,M,Degraded,52.45338567222806,unique_max_firing_rule,M,2
2026-07-20 00:20:00+03:00,15,OK,50.735510444248334,Degraded,M,M,Degraded,50.735510444248334,unique_max_firing_rule,M,2
2026-07-20 00:25:00+03:00,15,OK,46.89967377042221,Acceptable,M,M,Acceptable,46.89967377042221,unique_max_firing_rule,M,2
2026-07-20 00:30:00+03:00,15,OK,41.68054616513574,Acceptable,M,M,Acceptable,41.68054616513574,unique_max_firing_rule,M,2
2026-07-20 00:35:00+03:00,15,OK,39.26825060874025,Acceptable,M,M,Acceptable,39.26825060874025,unique_max_firing_rule,M,2
2026-07-20 00:40:00+03:00,15,OK,41.084695393759475,Acceptable,M,M,Acceptable,41.084695393759475,unique_max_firing_rule,M,2
2026-07-20 00:45:00+03:00,15,OK,43.57626338963023,Acceptable,M,M,Acceptable,43.57626338963023,unique_max_firing_rule,M,2
2026-07-20 00:50:00+03:00,15,OK,43.70103312911607,Acceptable,M,M,Acceptable,43.70103312911607,unique_max_firing_rule,M,2
2026-07-20 00:55:00+03:00,15,OK,43.48472648996865,Acceptable,M,M,Acceptable,43.48472648996865,unique_max_firing_rule,M,2
2026-07-20 01:00:00+03:00,15,OK,41.210695716761116,Acceptable,M,M,Acceptable,41.210695716761116,unique_max_firing_rule,M,2
2026-07-20 01:05:00+03:00,15,OK,40.866146934460645,Acceptable,M,M,Acceptable,40.866146934460645,unique_max_firing_rule,M,2
2026-07-20 01:10:00+03:00,15,OK,40.45186250682051,Acceptable,M,M,Acceptable,40.45186250682051,unique_max_firing_rule,M,2
2026-07-20 01:15:00+03:00,15,OK,40.82409686317943,Acceptable,M,M,Acceptable,40.82409686317943,unique_max_firing_rule,M,2
2026-07-20 01:20:00+03:00,15,OK,40.12904229370297,Acceptable,M,M,Acceptable,40.12904229370297,unique_max_firing_rule,M,2
2026-07-20 01:25:00+03:00,15,OK,40.112036010392885,Acceptable,M,M,Acceptable,40.112036010392885,unique_max_firing_rule,M,2
2026-07-20 01:30:00+03:00,15,OK,40.70631970260259,Acceptable,M,M,Acceptable,40.70631970260259,unique_max_firing_rule,M,2
2026-07-20 01:35:00+03:00,15,OK,41.18550064375535,Acceptable,M,M,Acceptable,41.18550064375535,unique_max_firing_rule,M,2
2026-07-20 01:40:00+03:00,15,OK,41.336633663366484,Acceptable,M,M,Acceptable,41.336633663366484,unique_max_firing_rule,M,2
2026-07-20 01:45:00+03:00,15,OK,41.75597691673531,Acceptable,M,M,Acceptable,41.75597691673531,unique_max_firing_rule,M,2
2026-07-20 01:50:00+03:00,15,OK,42.53411915776313,Acceptable,M,M,Acceptable,42.53411915776313,unique_max_firing_rule,M,2
2026-07-20 01:55:00+03:00,15,OK,41.27787038106728,Acceptable,M,M,Acceptable,41.27787038106728,unique_max_firing_rule,M,2
2026-07-20 02:00:00+03:00,15,OK,39.03745356892707,Acceptable,M,M,Acceptable,39.03745356892707,unique_max_firing_rule,M,2
2026-07-20 02:05:00+03:00,15,OK,37.5,Acceptable,M,M,Acceptable,37.5,unique_max_firing_rule,M,1
2026-07-20 02:10:00+03:00,15,OK,37.5,Acceptable,M,M,Acceptable,37.5,unique_max_firing_rule,M,1
2026-07-20 02:15:00+03:00,15,OK,37.5,Acceptable,M,M,Acceptable,37.5,unique_max_firing_rule,M,1
2026-07-20 02:20:00+03:00,15,OK,37.5,Acceptable,M,M,Acceptable,37.5,unique_max_firing_rule,M,1
2026-07-20 02:25:00+03:00,15,OK,37.5,Acceptable,M,M,Acceptable,37.5,unique_max_firing_rule,M,1
2026-07-20 02:30:00+03:00,15,OK,37.5,Acceptable,M,M,Acceptable,37.5,unique_max_firing_rule,M,1
2026-07-20 02:35:00+03:00,15,OK,37.5,Acceptable,M,M,Acceptable,37.5,unique_max_firing_rule,M,1
2026-07-20 02:40:00+03:00,15,OK,37.49999999999999,Acceptable,M,M,Acceptable,37.49999999999999,unique_max_firing_rule,M,1
2026-07-20 02:45:00+03:00,15,OK,37.5,Acceptable,M,M,Acceptable,37.5,unique_max_firing_rule,M,1
2026-07-20 02:50:00+03:00,15,OK,37.50000000000001,Acceptable,M,M,Acceptable,37.50000000000001,unique_max_firing_rule,M,1
2026-07-20 02:55:00+03:00,15,OK,37.5,Acceptable,M,M,Acceptable,37.5,unique_max_firing_rule,M,1
2026-07-20 03:00:00+03:00,15,OK,37.5,Acceptable,M,M,Acceptable,37.5,unique_max_firing_rule,M,1
2026-07-20 03:05:00+03:00,15,OK,37.50000000000001,Acceptable,M,M,Acceptable,37.50000000000001,unique_max_firing_rule,M,1
2026-07-20 03:10:00+03:00,15,OK,37.5,Acceptable,M,M,Acceptable,37.5,unique_max_firing_rule,M,1
2026-07-20 03:15:00+03:00,15,OK,40.14477170272431,Acceptable,M,M,Acceptable,40.14477170272431,unique_max_firing_rule,M,2
2026-07-20 03:20:00+03:00,15,OK,41.913750333092736,Acceptable,M,M,Acceptable,41.913750333092736,unique_max_firing_rule,M,2
2026-07-20 03:25:00+03:00,15,OK,42.84039814839443,Acceptable,M,M,Acceptable,42.84039814839443,unique_max_firing_rule,M,2
2026-07-20 03:30:00+03:00,15,OK,43.40189869517102,Acceptable,M,M,Acceptable,43.40189869517102,unique_max_firing_rule,M,2
2026-07-20 03:35:00+03:00,15,OK,43.765334845696266,Acceptable,M,M,Acceptable,43.765334845696266,unique_max_firing_rule,M,2
2026-07-20 03:40:00+03:00,15,OK,44.53640356799462,Acceptable,M,M,Acceptable,44.53640356799462,unique_max_firing_rule,M,2
2026-07-20 03:45:00+03:00,15,OK,45.263642654405984,Acceptable,M,M,Acceptable,45.263642654405984,unique_max_firing_rule,M,2
2026-07-20 03:50:00+03:00,15,OK,46.05750216613553,Acceptable,M,M,Acceptable,46.05750216613553,unique_max_firing_rule,M,2
2026-07-20 03:55:00+03:00,15,OK,46.59617780104,Acceptable,M,M,Acceptable,46.59617780104,unique_max_firing_rule,M,2
2026-07-20 04:00:00+03:00,15,OK,46.146072924455225,Acceptable,M,M,Acceptable,46.146072924455225,unique_max_firing_rule,M,2
2026-07-20 04:05:00+03:00,15,OK,44.74016870826864,Acceptable,M,M,Acceptable,44.74016870826864,unique_max_firing_rule,M,2
2026-07-20 04:10:00+03:00,15,OK,43.00069573627159,Acceptable,M,M,Acceptable,43.00069573627159,unique_max_firing_rule,M,2
2026-07-20 04:15:00+03:00,15,OK,41.423354653496965,Acceptable,M,M,Acceptable,41.423354653496965,unique_max_firing_rule,M,2
2026-07-20 04:20:00+03:00,15,OK,40.225664747993676,Acceptable,M,M,Acceptable,40.225664747993676,unique_max_firing_rule,M,2
2026-07-20 04:25:00+03:00,15,OK,38.98855012834493,Acceptable,M,M,Acceptable,38.98855012834493,unique_max_firing_rule,M,2
2026-07-20 04:30:00+03:00,15,OK,38.054043319417225,Acceptable,M,M,Acceptable,38.054043319417225,unique_max_firing_rule,M,2
2026-07-20 04:35:00+03:00,15,OK,37.8095218534911,Acceptable,M,M,Acceptable,37.8095218534911,unique_max_firing_rule,M,2
2026-07-20 04:40:00+03:00,15,OK,38.053613360715254,Acceptable,M,M,Acceptable,38.053613360715254,unique_max_firing_rule,M,2
2026-07-20 04:45:00+03:00,15,OK,38.13299541669546,Acceptable,M,M,Acceptable,38.13299541669546,unique_max_firing_rule,M,2
2026-07-20 04:50:00+03:00,15,OK,37.506324891774106,Acceptable,M,M,Acceptable,37.506324891774106,unique_max_firing_rule,M,2
2026-07-20 04:55:00+03:00,15,OK,37.5,Acceptable,M,M,Acceptable,37.5,unique_max_firing_rule,A;M;V,1
2026-07-20 05:00:00+03:00,15,OK,37.5,Acceptable,M,M,Acceptable,37.5,unique_max_firing_rule,A;M;V,1
2026-07-20 05:05:00+03:00,15,OK,37.5,Acceptable,M,M,Acceptable,37.5,unique_max_firing_rule,A;M;V,1
2026-07-20 05:10:00+03:00,15,OK,37.5,Acceptable,M,M,Acceptable,37.5,unique_max_firing_rule,A;M;V,1
2026-07-20 05:15:00+03:00,15,OK,37.5,Acceptable,M,M,Acceptable,37.5,unique_max_firing_rule,A;M;V,1
2026-07-20 05:20:00+03:00,15,OK,37.5,Acceptable,M,M,Acceptable,37.5,unique_max_firing_rule,A;M;V,1
2026-07-20 05:25:00+03:00,15,OK,37.5,Acceptable,M,M,Acceptable,37.5,unique_max_firing_rule,A;M;V,1
2026-07-20 05:30:00+03:00,15,OK,37.5,Acceptable,M,M,Acceptable,37.5,unique_max_firing_rule,A;M;V,1
2026-07-20 05:35:00+03:00,15,OK,37.5,Acceptable,M,M,Acceptable,37.5,unique_max_firing_rule,A;M;V,1
2026-07-20 05:40:00+03:00,15,OK,37.5,Acceptable,M,M,Acceptable,37.5,unique_max_firing_rule,A;M;V,1
2026-07-20 05:45:00+03:00,15,OK,37.5,Acceptable,M,M,Acceptable,37.5,unique_max_firing_rule,A;M;V,1
2026-07-20 05:50:00+03:00,15,OK,37.5,Acceptable,M,M,Acceptable,37.5,unique_max_firing_rule,A;M;V,1
2026-07-20 05:55:00+03:00,15,OK,37.5,Acceptable,M,M,Acceptable,37.5,unique_max_firing_rule,A;M;V,1
2026-07-20 06:00:00+03:00,15,OK,37.5,Acceptable,M,M,Acceptable,37.5,unique_max_firing_rule,A;M;V,1
2026-07-20 06:05:00+03:00,15,OK,37.5,Acceptable,M,M,Acceptable,37.5,unique_max_firing_rule,A;M;V,1
2026-07-20 06:10:00+03:00,15,OK,37.5,Acceptable,M,M,Acceptable,37.5,unique_max_firing_rule,A;M;V,1
2026-07-20 06:15:00+03:00,15,OK,37.5,Acceptable,M,M,Acceptable,37.5,unique_max_firing_rule,A;M;V,1
2026-07-20 06:20:00+03:00,15,OK,37.5,Acceptable,M,M,Acceptable,37.5,unique_max_firing_rule,A;M;V,1
2026-07-20 06:25:00+03:00,15,OK,37.5,Acceptable,M,M,Acceptable,37.5,unique_max_firing_rule,A;M;V,1
2026-07-20 06:30:00+03:00,15,OK,37.5,Acceptable,M,M,Acceptable,37.5,unique_max_firing_rule,A;M;V,1
2026-07-20 06:35:00+03:00,15,OK,37.5,Acceptable,M,M,Acceptable,37.5,unique_max_firing_rule,A;M;V,1
2026-07-20 06:40:00+03:00,15,OK,37.5,Acceptable,M,M,Acceptable,37.5,unique_max_firing_rule,A;M;V,1
2026-07-20 06:45:00+03:00,15,OK,37.5,Acceptable,M,M,Acceptable,37.5,unique_max_firing_rule,M,1
2026-07-20 06:50:00+03:00,15,OK,37.5,Acceptable,M,M,Acceptable,37.5,unique_max_firing_rule,M,1
2026-07-20 06:55:00+03:00,15,OK,37.5,Acceptable,M,M,Acceptable,37.5,unique_max_firing_rule,M,1
2026-07-20 07:00:00+03:00,15,OK,37.49999999999999,Acceptable,M,M,Acceptable,37.49999999999999,unique_max_firing_rule,M,1
2026-07-20 07:05:00+03:00,15,OK,37.5,Acceptable,M,M,Acceptable,37.5,unique_max_firing_rule,M,1
2026-07-20 07:10:00+03:00,15,OK,37.49999999999999,Acceptable,M,M,Acceptable,37.49999999999999,unique_max_firing_rule,M,1
2026-07-20 07:15:00+03:00,15,OK,37.49999999999999,Acceptable,M,M,Acceptable,37.49999999999999,unique_max_firing_rule,M,1
2026-07-20 07:20:00+03:00,15,OK,37.50000000000001,Acceptable,M,M,Acceptable,37.50000000000001,unique_max_firing_rule,M,1
2026-07-20 07:25:00+03:00,15,OK,37.5,Acceptable,M,M,Acceptable,37.5,unique_max_firing_rule,M,1
2026-07-20 07:30:00+03:00,15,OK,37.5,Acceptable,M,M,Acceptable,37.5,unique_max_firing_rule,M,1
2026-07-20 07:35:00+03:00,15,OK,37.5,Acceptable,M,M,Acceptable,37.5,unique_max_firing_rule,M,1
2026-07-20 07:40:00+03:00,15,OK,37.50000000000001,Acceptable,M,M,Acceptable,37.50000000000001,unique_max_firing_rule,M,1
2026-07-20 07:45:00+03:00,15,OK,37.5,Acceptable,M,M,Acceptable,37.5,unique_max_firing_rule,M,1
2026-07-20 07:50:00+03:00,15,OK,37.5,Acceptable,M,M,Acceptable,37.5,unique_max_firing_rule,M,1
2026-07-20 07:55:00+03:00,15,OK,37.50000000000001,Acceptable,M,M,Acceptable,37.50000000000001,unique_max_firing_rule,M,1
2026-07-20 08:00:00+03:00,15,OK,37.5,Acceptable,M,M,Acceptable,37.5,unique_max_firing_rule,M,1
2026-07-20 08:05:00+03:00,15,OK,37.499999999999986,Acceptable,M,M,Acceptable,37.499999999999986,unique_max_firing_rule,M,1
2026-07-20 08:10:00+03:00,15,OK,37.5,Acceptable,M,M,Acceptable,37.5,unique_max_firing_rule,M,1
2026-07-20 08:15:00+03:00,15,OK,37.5,Acceptable,M,M,Acceptable,37.5,unique_max_firing_rule,M,1
2026-07-20 08:20:00+03:00,15,OK,37.5,Acceptable,M,M,Acceptable,37.5,unique_max_firing_rule,M,1
2026-07-20 08:25:00+03:00,15,OK,37.5,Acceptable,M,M,Acceptable,37.5,unique_max_firing_rule,M,1
2026-07-20 08:30:00+03:00,15,OK,37.5,Acceptable,M,M,Acceptable,37.5,unique_max_firing_rule,M,1
2026-07-20 08:35:00+03:00,15,OK,37.49999999999999,Acceptable,M,M,Acceptable,37.49999999999999,unique_max_firing_rule,M,1
2026-07-20 08:40:00+03:00,15,OK,37.5,Acceptable,M,M,Acceptable,37.5,unique_max_firing_rule,M,1
2026-07-20 08:45:00+03:00,15,OK,37.50000000000001,Acceptable,M,M,Acceptable,37.50000000000001,unique_max_firing_rule,M,1
2026-07-20 08:50:00+03:00,15,OK,37.5,Acceptable,M,M,Acceptable,37.5,unique_max_firing_rule,M,1
2026-07-20 08:55:00+03:00,15,OK,37.49999999999999,Acceptable,M,M,Acceptable,37.49999999999999,unique_max_firing_rule,M,1
2026-07-20 09:00:00+03:00,15,OK,37.5,Acceptable,M,M,Acceptable,37.5,unique_max_firing_rule,M,1
2026-07-20 09:05:00+03:00,15,OK,37.5,Acceptable,M,M,Acceptable,37.5,unique_max_firing_rule,M,1
2026-07-20 09:10:00+03:00,15,OK,37.5,Acceptable,M,M,Acceptable,37.5,unique_max_firing_rule,M,1
2026-07-20 09:15:00+03:00,15,OK,37.65518482237479,Acceptable,M,M,Acceptable,37.65518482237479,unique_max_firing_rule,M,2
2026-07-20 09:20:00+03:00,15,OK,40.22254868872949,Acceptable,M,M,Acceptable,40.22254868872949,unique_max_firing_rule,M,2
2026-07-20 09:25:00+03:00,15,OK,41.605093020187475,Acceptable,M,M,Acceptable,41.605093020187475,unique_max_firing_rule,M,2
2026-07-20 09:30:00+03:00,15,OK,42.475632244467974,Acceptable,M,M,Acceptable,42.475632244467974,unique_max_firing_rule,M,2
2026-07-20 09:35:00+03:00,15,OK,44.56131197889502,Acceptable,M,M,Acceptable,44.56131197889502,unique_max_firing_rule,M,2
2026-07-20 09:40:00+03:00,15,OK,44.99868818050636,Acceptable,M,M,Acceptable,44.99868818050636,unique_max_firing_rule,M,2
2026-07-20 09:45:00+03:00,15,OK,45.07291430969937,Acceptable,M,M,Acceptable,45.07291430969937,unique_max_firing_rule,M,2
2026-07-20 09:50:00+03:00,15,OK,44.181332335378286,Acceptable,M,M,Acceptable,44.181332335378286,unique_max_firing_rule,M,2
2026-07-20 09:55:00+03:00,15,OK,45.14712729609756,Acceptable,M,M,Acceptable,45.14712729609756,unique_max_firing_rule,M,2
2026-07-20 10:00:00+03:00,15,OK,45.55094536265965,Acceptable,M,M,Acceptable,45.55094536265965,unique_max_firing_rule,M,2
2026-07-20 10:05:00+03:00,15,OK,45.80622120872597,Acceptable,M,M,Acceptable,45.80622120872597,unique_max_firing_rule,M,2
2026-07-20 10:10:00+03:00,15,OK,46.43140105159081,Acceptable,M,M,Acceptable,46.43140105159081,unique_max_firing_rule,M,2
2026-07-20 10:15:00+03:00,15,OK,47.54661432777229,Acceptable,M,M,Acceptable,47.54661432777229,unique_max_firing_rule,M,2
2026-07-20 10:20:00+03:00,15,OK,50.44125433900118,Degraded,M,M,Degraded,50.44125433900118,unique_max_firing_rule,M,2
2026-07-20 10:25:00+03:00,15,OK,54.07031406117427,Degraded,M,M,Degraded,54.07031406117427,unique_max_firing_rule,M,2
2026-07-20 10:30:00+03:00,15,OK,57.607943879063505,Degraded,M,M,Degraded,57.607943879063505,unique_max_firing_rule,M,2
2026-07-20 10:35:00+03:00,15,OK,59.3191101241222,Degraded,M,M,Degraded,59.3191101241222,unique_max_firing_rule,M,2
2026-07-20 10:40:00+03:00,15,OK,59.870957706297204,Degraded,M,M,Degraded,59.870957706297204,unique_max_firing_rule,M,2
2026-07-20 10:45:00+03:00,15,OK,58.59622492080248,Degraded,M,M,Degraded,58.59622492080248,unique_max_firing_rule,M,2
2026-07-20 10:50:00+03:00,15,OK,57.95089396061627,Degraded,M,M,Degraded,57.95089396061627,unique_max_firing_rule,M,2
2026-07-20 10:55:00+03:00,15,OK,56.465340190263305,Degraded,M,M,Degraded,56.465340190263305,unique_max_firing_rule,M,2
2026-07-20 11:00:00+03:00,15,OK,55.50474671602069,Degraded,M,M,Degraded,55.50474671602069,unique_max_firing_rule,M,2
2026-07-20 11:05:00+03:00,15,OK,53.215292027057544,Degraded,M,M,Degraded,53.215292027057544,unique_max_firing_rule,M,2
2026-07-20 11:10:00+03:00,15,OK,49.79573494566551,Acceptable,M,M,Acceptable,49.79573494566551,unique_max_firing_rule,M,2
2026-07-20 11:15:00+03:00,15,OK,46.151830746053754,Acceptable,M,M,Acceptable,46.151830746053754,unique_max_firing_rule,M,2
2026-07-20 11:20:00+03:00,15,OK,42.40041497192346,Acceptable,M,M,Acceptable,42.40041497192346,unique_max_firing_rule,M,2
2026-07-20 11:25:00+03:00,15,OK,39.763059553152424,Acceptable,M,M,Acceptable,39.763059553152424,unique_max_firing_rule,M,2
2026-07-20 11:30:00+03:00,15,OK,38.437740014563104,Acceptable,M,M,Acceptable,38.437740014563104,unique_max_firing_rule,M,2
2026-07-20 11:35:00+03:00,15,OK,37.94795647947157,Acceptable,M,M,Acceptable,37.94795647947157,unique_max_firing_rule,M,2
2026-07-20 11:40:00+03:00,15,OK,37.5,Acceptable,M,M,Acceptable,37.5,unique_max_firing_rule,M,1
2026-07-20 11:45:00+03:00,15,OK,37.5,Acceptable,M,M,Acceptable,37.5,unique_max_firing_rule,M,1
2026-07-20 11:50:00+03:00,15,OK,37.5,Acceptable,M,M,Acceptable,37.5,unique_max_firing_rule,M,1
2026-07-20 11:55:00+03:00,15,OK,36.32919104009139,Acceptable,M,M,Acceptable,36.32919104009139,unique_max_firing_rule,M,2
2026-07-20 12:00:00+03:00,15,OK,35.90746040825386,Acceptable,M,M,Acceptable,35.90746040825386,unique_max_firing_rule,M,2
2026-07-20 12:05:00+03:00,15,OK,37.5,Acceptable,M,M,Acceptable,37.5,unique_max_firing_rule,M,1
2026-07-20 12:10:00+03:00,15,OK,37.5,Acceptable,M,M,Acceptable,37.5,unique_max_firing_rule,M,1
2026-07-20 12:15:00+03:00,15,OK,37.5,Acceptable,M,M,Acceptable,37.5,unique_max_firing_rule,M,1
2026-07-20 12:20:00+03:00,15,OK,37.5,Acceptable,M,M,Acceptable,37.5,unique_max_firing_rule,M,1
2026-07-20 12:25:00+03:00,15,OK,37.5,Acceptable,M,M,Acceptable,37.5,unique_max_firing_rule,M,1
2026-07-20 12:30:00+03:00,15,OK,37.49999999999999,Acceptable,M,M,Acceptable,37.49999999999999,unique_max_firing_rule,M,1
2026-07-20 12:35:00+03:00,15,OK,37.5,Acceptable,M,M,Acceptable,37.5,unique_max_firing_rule,M,1
2026-07-20 12:40:00+03:00,15,OK,37.5,Acceptable,M,M,Acceptable,37.5,unique_max_firing_rule,M,1
2026-07-20 12:45:00+03:00,15,OK,37.49999999999999,Acceptable,M,M,Acceptable,37.49999999999999,unique_max_firing_rule,M,1
2026-07-20 12:50:00+03:00,15,OK,37.5,Acceptable,M,M,Acceptable,37.5,unique_max_firing_rule,M,1
2026-07-20 12:55:00+03:00,15,OK,37.49999999999999,Acceptable,M,M,Acceptable,37.49999999999999,unique_max_firing_rule,M,1
2026-07-20 13:00:00+03:00,15,OK,37.49999999999999,Acceptable,M,M,Acceptable,37.49999999999999,unique_max_firing_rule,M,1
2026-07-20 13:05:00+03:00,15,OK,36.90164130055606,Acceptable,M,M,Acceptable,36.90164130055606,unique_max_firing_rule,M,2
2026-07-20 13:10:00+03:00,15,OK,33.53183250307174,Acceptable,M,M,Acceptable,33.53183250307174,unique_max_firing_rule,M,2
2026-07-20 13:15:00+03:00,15,OK,31.04208162788851,Acceptable,M,M,Acceptable,31.04208162788851,unique_max_firing_rule,M,2
2026-07-20 13:20:00+03:00,15,OK,27.7412736910391,Acceptable,M,M,Acceptable,27.7412736910391,unique_max_firing_rule,M,2
2026-07-20 13:25:00+03:00,15,OK,24.37375994513033,Favorable,M,M,Favorable,24.37375994513033,unique_max_firing_rule,M,2
2026-07-20 13:30:00+03:00,15,OK,21.164026776149356,Favorable,M,M,Favorable,21.164026776149356,unique_max_firing_rule,M,2
2026-07-20 13:35:00+03:00,15,OK,17.54271438310401,Favorable,M,M,Favorable,17.54271438310401,unique_max_firing_rule,M,2
2026-07-20 13:40:00+03:00,15,OK,13.087954239859283,Favorable,M,M,Favorable,13.087954239859283,unique_max_firing_rule,M,2
2026-07-20 13:45:00+03:00,15,OK,12.444029850746269,Favorable,A,A;M;V,Favorable,12.444029850746269,co_dominant_tie,A;M;V,1
2026-07-20 13:50:00+03:00,15,OK,12.444029850746269,Favorable,A,A;M;V,Favorable,12.444029850746269,co_dominant_tie,A;M;V,1
2026-07-20 13:55:00+03:00,15,OK,13.933580359982459,Favorable,M,M,Favorable,13.933580359982459,unique_max_firing_rule,M,2
2026-07-20 14:00:00+03:00,15,OK,16.363907313366653,Favorable,M,M,Favorable,16.363907313366653,unique_max_firing_rule,M,2
2026-07-20 14:05:00+03:00,15,OK,16.690071909284185,Favorable,M,M,Favorable,16.690071909284185,unique_max_firing_rule,M,2
2026-07-20 14:10:00+03:00,15,OK,14.486853739872979,Favorable,M,M,Favorable,14.486853739872979,unique_max_firing_rule,M,2
2026-07-20 14:15:00+03:00,15,OK,12.444029850746269,Favorable,A,A;M;V,Favorable,12.444029850746269,co_dominant_tie,A;M;V,1
2026-07-20 14:20:00+03:00,15,OK,37.5,Acceptable,A,A,Acceptable,37.5,unique_max_firing_rule,A;M;V,1
2026-07-20 14:25:00+03:00,15,OK,62.5,Degraded,A,A,Degraded,62.5,unique_max_firing_rule,A;M;V,1
2026-07-20 14:30:00+03:00,15,OK,62.5,Degraded,A,A,Degraded,62.5,unique_max_firing_rule,A;M;V,1
2026-07-20 14:35:00+03:00,15,OK,37.5,Acceptable,A,A,Acceptable,37.5,unique_max_firing_rule,A;M;V,1
2026-07-20 14:40:00+03:00,15,OK,12.444029850746269,Favorable,A,A;M;V,Favorable,12.444029850746269,co_dominant_tie,A;M;V,1
2026-07-20 14:45:00+03:00,15,OK,12.444029850746269,Favorable,A,A;M;V,Favorable,12.444029850746269,co_dominant_tie,A;M;V,1
2026-07-20 14:50:00+03:00,15,OK,12.444029850746269,Favorable,A,A;M;V,Favorable,12.444029850746269,co_dominant_tie,A;M;V,1
2026-07-20 14:55:00+03:00,15,OK,12.444029850746269,Favorable,A,A;M;V,Favorable,12.444029850746269,co_dominant_tie,A;M;V,1
2026-07-20 15:00:00+03:00,15,OK,12.444029850746269,Favorable,A,A;M;V,Favorable,12.444029850746269,co_dominant_tie,A;M;V,1
2026-07-20 15:05:00+03:00,15,OK,12.444029850746269,Favorable,A,A;M;V,Favorable,12.444029850746269,co_dominant_tie,A;M;V,1
2026-07-20 15:10:00+03:00,15,OK,12.444029850746269,Favorable,A,A;M;V,Favorable,12.444029850746269,co_dominant_tie,A;M;V,1
2026-07-20 15:15:00+03:00,15,OK,12.444029850746269,Favorable,A,A;M;V,Favorable,12.444029850746269,co_dominant_tie,A;M;V,1
2026-07-20 15:20:00+03:00,15,OK,12.444029850746269,Favorable,A,A;M;V,Favorable,12.444029850746269,co_dominant_tie,A;M;V,1
2026-07-20 15:25:00+03:00,15,OK,12.444029850746269,Favorable,A,A;M;V,Favorable,12.444029850746269,co_dominant_tie,A;M;V,1
2026-07-20 15:30:00+03:00,15,OK,12.444029850746269,Favorable,A,A;M;V,Favorable,12.444029850746269,co_dominant_tie,A;M;V,1
2026-07-20 15:35:00+03:00,15,OK,12.444029850746269,Favorable,A,A;M;V,Favorable,12.444029850746269,co_dominant_tie,A;M;V,1
2026-07-20 15:40:00+03:00,15,OK,12.444029850746269,Favorable,A,A;M;V,Favorable,12.444029850746269,co_dominant_tie,A;M;V,1
2026-07-20 15:45:00+03:00,15,OK,12.444029850746269,Favorable,A,A;M;V,Favorable,12.444029850746269,co_dominant_tie,A;M;V,1
2026-07-20 15:50:00+03:00,15,OK,12.444029850746269,Favorable,A,A;M;V,Favorable,12.444029850746269,co_dominant_tie,A;M;V,1
2026-07-20 15:55:00+03:00,15,OK,12.444029850746269,Favorable,A,A;M;V,Favorable,12.444029850746269,co_dominant_tie,A;M;V,1
2026-07-20 16:00:00+03:00,15,OK,12.444029850746269,Favorable,A,A;M;V,Favorable,12.444029850746269,co_dominant_tie,A;M;V,1
2026-07-20 16:05:00+03:00,15,OK,12.444029850746269,Favorable,A,A;M;V,Favorable,12.444029850746269,co_dominant_tie,A;M;V,1
2026-07-20 16:10:00+03:00,15,OK,12.444029850746269,Favorable,A,A;M;V,Favorable,12.444029850746269,co_dominant_tie,A;M;V,1
2026-07-20 16:15:00+03:00,15,OK,12.444029850746269,Favorable,A,A;M;V,Favorable,12.444029850746269,co_dominant_tie,A;M;V,1
2026-07-20 16:20:00+03:00,15,OK,12.444029850746269,Favorable,A,A;M;V,Favorable,12.444029850746269,co_dominant_tie,A;M;V,1
2026-07-20 16:25:00+03:00,15,OK,14.868020136669845,Favorable,M,M,Favorable,14.868020136669845,unique_max_firing_rule,M,2
2026-07-20 16:30:00+03:00,15,OK,19.698890822096892,Favorable,M,M,Favorable,19.698890822096892,unique_max_firing_rule,M,2
2026-07-20 16:35:00+03:00,15,OK,25.030329218107067,Acceptable,M,M,Favorable,25.030329218107067,unique_max_firing_rule,M,2
2026-07-20 16:40:00+03:00,15,OK,30.679827371536007,Acceptable,M,M,Acceptable,30.679827371536007,unique_max_firing_rule,M,2
2026-07-20 16:45:00+03:00,15,OK,35.17543635349269,Acceptable,M,M,Acceptable,35.17543635349269,unique_max_firing_rule,M,2
2026-07-20 16:50:00+03:00,15,OK,39.13151694155907,Acceptable,M,M,Acceptable,39.13151694155907,unique_max_firing_rule,M,2
2026-07-20 16:55:00+03:00,15,OK,41.747596827647804,Acceptable,M,M,Acceptable,41.747596827647804,unique_max_firing_rule,M,2
2026-07-20 17:00:00+03:00,15,OK,42.93480942902736,Acceptable,M,M,Acceptable,42.93480942902736,unique_max_firing_rule,M,2
2026-07-20 17:05:00+03:00,15,OK,44.08215058423341,Acceptable,M,M,Acceptable,44.08215058423341,unique_max_firing_rule,M,2
2026-07-20 17:10:00+03:00,15,OK,45.82268527619418,Acceptable,M,M,Acceptable,45.82268527619418,unique_max_firing_rule,M,2
2026-07-20 17:15:00+03:00,15,OK,47.66939796869619,Acceptable,M,M,Acceptable,47.66939796869619,unique_max_firing_rule,M,2
2026-07-20 17:20:00+03:00,15,OK,50.52298519951863,Degraded,M,M,Degraded,50.52298519951863,unique_max_firing_rule,M,2
2026-07-20 17:25:00+03:00,15,OK,54.73745639573008,Degraded,M,M,Degraded,54.73745639573008,unique_max_firing_rule,M,2
2026-07-20 17:30:00+03:00,15,OK,59.87095770629703,Degraded,M,M,Degraded,59.87095770629703,unique_max_firing_rule,M,2
2026-07-20 17:35:00+03:00,15,OK,62.5,Degraded,M,M,Degraded,62.5,unique_max_firing_rule,A;M;V,1
2026-07-20 17:40:00+03:00,15,OK,62.5,Degraded,M,M,Degraded,62.5,unique_max_firing_rule,A;M;V,1
2026-07-20 17:45:00+03:00,15,OK,62.5,Degraded,M,M,Degraded,62.5,unique_max_firing_rule,A;M;V,1
2026-07-20 17:50:00+03:00,15,OK,62.5,Degraded,M,M,Degraded,62.5,unique_max_firing_rule,A;M;V,1
2026-07-20 17:55:00+03:00,15,OK,62.5,Degraded,M,M,Degraded,62.5,unique_max_firing_rule,A;M;V,1
2026-07-20 18:00:00+03:00,15,OK,62.5,Degraded,M,M,Degraded,62.5,unique_max_firing_rule,A;M;V,1
2026-07-20 18:05:00+03:00,15,OK,64.86547656997122,Degraded,M,M,Degraded,64.86547656997122,unique_max_firing_rule,M,2
2026-07-20 18:10:00+03:00,15,OK,68.10785991330143,Degraded,M,M,Degraded,68.10785991330143,unique_max_firing_rule,M,2
2026-07-20 18:15:00+03:00,15,OK,70.82910752514378,Degraded,M,M,Degraded,70.82910752514378,unique_max_firing_rule,M,2
2026-07-20 18:20:00+03:00,15,OK,73.64236943690547,Degraded,M,M,Degraded,73.64236943690547,unique_max_firing_rule,M,2
2026-07-20 18:25:00+03:00,15,OK,76.58234567901248,Critical,M,M,Critical,76.58234567901248,unique_max_firing_rule,M,2
2026-07-20 18:30:00+03:00,15,OK,79.13974526195122,Critical,M,M,Critical,79.13974526195122,unique_max_firing_rule,M,2
2026-07-20 18:35:00+03:00,15,OK,81.74969329098779,Critical,M,M,Critical,81.74969329098779,unique_max_firing_rule,M,2
2026-07-20 18:40:00+03:00,15,OK,84.11801001106849,Critical,M,M,Critical,84.11801001106849,unique_max_firing_rule,M,2
2026-07-20 18:45:00+03:00,15,OK,86.51672315036565,Critical,M,M,Critical,86.51672315036565,unique_max_firing_rule,M,2
2026-07-20 18:50:00+03:00,15,OK,87.55597014925372,Critical,M,M,Critical,87.55597014925372,unique_max_firing_rule,A;M;V,1
2026-07-20 18:55:00+03:00,15,OK,87.55597014925372,Critical,M,M,Critical,87.55597014925372,unique_max_firing_rule,A;M;V,1
2026-07-20 19:00:00+03:00,15,OK,87.55597014925372,Critical,M,M,Critical,87.55597014925372,unique_max_firing_rule,A;M;V,1
2026-07-20 19:05:00+03:00,15,OK,87.55597014925372,Critical,M,M,Critical,87.55597014925372,unique_max_firing_rule,A;M;V,1
2026-07-20 19:10:00+03:00,15,OK,87.55597014925372,Critical,M,M,Critical,87.55597014925372,unique_max_firing_rule,A;M;V,1
2026-07-20 19:15:00+03:00,15,OK,87.55597014925372,Critical,M,M,Critical,87.55597014925372,unique_max_firing_rule,A;M;V,1
2026-07-20 19:20:00+03:00,15,OK,87.55597014925372,Critical,M,M,Critical,87.55597014925372,unique_max_firing_rule,A;M;V,1
2026-07-20 19:25:00+03:00,15,OK,87.55597014925372,Critical,M,M,Critical,87.55597014925372,unique_max_firing_rule,A;M;V,1
2026-07-20 19:30:00+03:00,15,OK,87.55597014925372,Critical,M,M,Critical,87.55597014925372,unique_max_firing_rule,A;M;V,1
2026-07-20 19:35:00+03:00,15,OK,87.55597014925372,Critical,M,M,Critical,87.55597014925372,unique_max_firing_rule,A;M;V,1
2026-07-20 19:40:00+03:00,15,OK,87.55597014925372,Critical,M,M,Critical,87.55597014925372,unique_max_firing_rule,A;M;V,1
2026-07-20 19:45:00+03:00,15,OK,87.55597014925372,Critical,M,M,Critical,87.55597014925372,unique_max_firing_rule,A;M;V,1
2026-07-20 19:50:00+03:00,15,OK,87.55597014925372,Critical,M,M,Critical,87.55597014925372,unique_max_firing_rule,A;M;V,1
2026-07-20 19:55:00+03:00,15,OK,87.55597014925372,Critical,M,M,Critical,87.55597014925372,unique_max_firing_rule,A;M;V,1
2026-07-20 20:00:00+03:00,15,OK,87.55597014925372,Critical,M,M,Critical,87.55597014925372,unique_max_firing_rule,A;M;V,1
2026-07-20 20:05:00+03:00,15,OK,87.55597014925372,Critical,M,M,Critical,87.55597014925372,unique_max_firing_rule,A;M;V,1
2026-07-20 20:10:00+03:00,15,OK,87.55597014925372,Critical,M,M,Critical,87.55597014925372,unique_max_firing_rule,A;M;V,1
2026-07-20 20:15:00+03:00,15,OK,87.55597014925372,Critical,M,M,Critical,87.55597014925372,unique_max_firing_rule,A;M;V,1
2026-07-20 20:20:00+03:00,15,OK,87.55597014925372,Critical,M,M,Critical,87.55597014925372,unique_max_firing_rule,A;M;V,1
2026-07-20 20:25:00+03:00,15,OK,87.55597014925372,Critical,M,M,Critical,87.55597014925372,unique_max_firing_rule,A;M;V,1
2026-07-20 20:30:00+03:00,15,OK,87.55597014925372,Critical,M,M,Critical,87.55597014925372,unique_max_firing_rule,A;M;V,1
2026-07-20 20:35:00+03:00,15,OK,87.55597014925372,Critical,M,M,Critical,87.55597014925372,unique_max_firing_rule,A;M;V,1
2026-07-20 20:40:00+03:00,15,OK,87.55597014925372,Critical,M,M,Critical,87.55597014925372,unique_max_firing_rule,A;M;V,1
2026-07-20 20:45:00+03:00,15,OK,87.55597014925372,Critical,M,M,Critical,87.55597014925372,unique_max_firing_rule,A;M;V,1
2026-07-20 20:50:00+03:00,15,OK,84.01523180558247,Critical,M,M,Critical,84.01523180558247,unique_max_firing_rule,M,2
2026-07-20 20:55:00+03:00,15,OK,78.5426431702106,Critical,M,M,Critical,78.5426431702106,unique_max_firing_rule,M,2
2026-07-20 21:00:00+03:00,15,OK,72.58736160537754,Degraded,M,M,Degraded,72.58736160537754,unique_max_firing_rule,M,2
2026-07-20 21:05:00+03:00,15,OK,66.4630098998092,Degraded,M,M,Degraded,66.4630098998092,unique_max_firing_rule,M,2
2026-07-20 21:10:00+03:00,15,OK,62.5,Degraded,M,M,Degraded,62.5,unique_max_firing_rule,A;M;V,1
2026-07-20 21:15:00+03:00,15,OK,62.5,Degraded,M,M,Degraded,62.5,unique_max_firing_rule,A;M;V,1
2026-07-20 21:20:00+03:00,15,OK,62.5,Degraded,M,M,Degraded,62.5,unique_max_firing_rule,A;M;V,1
2026-07-20 21:25:00+03:00,15,OK,62.5,Degraded,M,M,Degraded,62.5,unique_max_firing_rule,A;M;V,1
2026-07-20 21:30:00+03:00,15,OK,62.5,Degraded,M,M,Degraded,62.5,unique_max_firing_rule,A;M;V,1
2026-07-20 21:35:00+03:00,15,OK,60.17731212963361,Degraded,M,M,Degraded,60.17731212963361,unique_max_firing_rule,M,2
2026-07-20 21:40:00+03:00,15,OK,55.39740661994413,Degraded,M,M,Degraded,55.39740661994413,unique_max_firing_rule,M,2
2026-07-20 21:45:00+03:00,15,OK,51.23426919819896,Degraded,M,M,Degraded,51.23426919819896,unique_max_firing_rule,M,2
2026-07-20 21:50:00+03:00,15,OK,47.24369648927124,Acceptable,M,M,Acceptable,47.24369648927124,unique_max_firing_rule,M,2
2026-07-20 21:55:00+03:00,15,OK,45.237814214100396,Acceptable,M,M,Acceptable,45.237814214100396,unique_max_firing_rule,M,2
2026-07-20 22:00:00+03:00,15,OK,45.16361728637947,Acceptable,M,M,Acceptable,45.16361728637947,unique_max_firing_rule,M,2
2026-07-20 22:05:00+03:00,15,OK,47.07992658101137,Acceptable,M,M,Acceptable,47.07992658101137,unique_max_firing_rule,M,2
2026-07-20 22:10:00+03:00,15,OK,48.9047491385117,Acceptable,M,M,Acceptable,48.9047491385117,unique_max_firing_rule,M,2
2026-07-20 22:15:00+03:00,15,OK,49.92646842554158,Acceptable,M,M,Acceptable,49.92646842554158,unique_max_firing_rule,M,2
2026-07-20 22:20:00+03:00,15,OK,50.58837373499632,Degraded,M,M,Degraded,50.58837373499632,unique_max_firing_rule,M,2
2026-07-20 22:25:00+03:00,15,OK,50.825435846472075,Degraded,M,M,Degraded,50.825435846472075,unique_max_firing_rule,M,2
2026-07-20 22:30:00+03:00,15,OK,50.907191824485146,Degraded,M,M,Degraded,50.907191824485146,unique_max_firing_rule,M,2
2026-07-20 22:35:00+03:00,15,OK,50.62924330632216,Degraded,M,M,Degraded,50.62924330632216,unique_max_firing_rule,M,2
2026-07-20 22:40:00+03:00,15,OK,50.50663859997753,Degraded,M,M,Degraded,50.50663859997753,unique_max_firing_rule,M,2
2026-07-20 22:45:00+03:00,15,OK,50.008169961339846,Degraded,M,M,Degraded,50.008169961339846,unique_max_firing_rule,M,2
2026-07-20 22:50:00+03:00,15,OK,49.77122089603012,Acceptable,M,M,Acceptable,49.77122089603012,unique_max_firing_rule,M,2
2026-07-20 22:55:00+03:00,15,OK,49.37075669367871,Acceptable,M,M,Acceptable,49.37075669367871,unique_max_firing_rule,M,2
2026-07-20 23:00:00+03:00,15,OK,48.95381074436325,Acceptable,M,M,Acceptable,48.95381074436325,unique_max_firing_rule,M,2
2026-07-20 23:05:00+03:00,15,OK,48.4385678642547,Acceptable,M,M,Acceptable,48.4385678642547,unique_max_firing_rule,M,4
2026-07-20 23:10:00+03:00,15,OK,47.88219440637675,Acceptable,M,M,Acceptable,47.88219440637675,unique_max_firing_rule,M,4
2026-07-20 23:15:00+03:00,15,OK,47.30101089410203,Acceptable,M,M,Acceptable,47.30101089410203,unique_max_firing_rule,M,4
2026-07-20 23:20:00+03:00,15,OK,46.67792571645484,Acceptable,M,M,Acceptable,46.67792571645484,unique_max_firing_rule,M,4
2026-07-20 23:25:00+03:00,15,OK,46.340972269972376,Acceptable,M,M,Acceptable,46.340972269972376,unique_max_firing_rule,M,4
2026-07-20 23:30:00+03:00,15,OK,46.95590245103174,Acceptable,V,V,Acceptable,46.12715381012708,unique_max_firing_rule,V,4
2026-07-20 23:35:00+03:00,15,OK,47.346624144747764,Acceptable,V,V,Acceptable,45.995518911959934,unique_max_firing_rule,V,4
2026-07-20 23:40:00+03:00,15,OK,46.16468383591769,Acceptable,V,V,Acceptable,45.75682512221624,unique_max_firing_rule,V,4
2026-07-20 23:45:00+03:00,15,OK,45.59212941114749,Acceptable,M,M,Acceptable,45.59212941114749,unique_max_firing_rule,M,4
2026-07-20 23:50:00+03:00,15,OK,45.38616866790545,Acceptable,M,M,Acceptable,45.38616866790545,unique_max_firing_rule,M,4
2026-07-20 23:55:00+03:00,15,OK,44.99044002138295,Acceptable,M,M,Acceptable,44.99044002138295,unique_max_firing_rule,M,4
2026-07-21 00:00:00+03:00,15,OK,44.64387071796793,Acceptable,M,M,Acceptable,44.64387071796793,unique_max_firing_rule,M,2
2026-07-21 00:05:00+03:00,15,OK,44.05735148303546,Acceptable,M,M,Acceptable,44.05735148303546,unique_max_firing_rule,M,2
2026-07-21 00:10:00+03:00,15,OK,43.70934892582564,Acceptable,M,M,Acceptable,43.70934892582564,unique_max_firing_rule,M,2
2026-07-21 00:15:00+03:00,15,OK,43.201584926754514,Acceptable,M,M,Acceptable,43.201584926754514,unique_max_firing_rule,M,2
2026-07-21 00:20:00+03:00,15,OK,42.943150414528006,Acceptable,M,M,Acceptable,42.943150414528006,unique_max_firing_rule,M,2
2026-07-21 00:25:00+03:00,15,OK,42.64270195536257,Acceptable,M,M,Acceptable,42.64270195536257,unique_max_firing_rule,M,2
2026-07-21 00:30:00+03:00,15,OK,42.40041497192364,Acceptable,M,M,Acceptable,42.40041497192364,unique_max_firing_rule,M,2
2026-07-21 00:35:00+03:00,15,OK,42.10769129374584,Acceptable,M,M,Acceptable,42.10769129374584,unique_max_firing_rule,M,2
2026-07-21 00:40:00+03:00,15,OK,41.806251648641165,Acceptable,M,M,Acceptable,41.806251648641165,unique_max_firing_rule,M,2
2026-07-21 00:45:00+03:00,15,OK,41.32823973992939,Acceptable,M,M,Acceptable,41.32823973992939,unique_max_firing_rule,M,2
2026-07-21 00:50:00+03:00,15,OK,40.80727488973643,Acceptable,M,M,Acceptable,40.80727488973643,unique_max_firing_rule,M,2
2026-07-21 00:55:00+03:00,15,OK,39.56700156122079,Acceptable,M,M,Acceptable,39.56700156122079,unique_max_firing_rule,M,2
2026-07-21 01:00:00+03:00,15,OK,38.01677651288205,Acceptable,M,M,Acceptable,38.01677651288205,unique_max_firing_rule,M,2
2026-07-21 01:05:00+03:00,15,OK,37.5,Acceptable,M,M,Acceptable,37.5,unique_max_firing_rule,M,2
2026-07-21 01:10:00+03:00,15,OK,37.49999999999999,Acceptable,M,M,Acceptable,37.5,unique_max_firing_rule,M,2
2026-07-21 01:15:00+03:00,15,OK,37.5,Acceptable,M,M,Acceptable,37.5,unique_max_firing_rule,M,2
2026-07-21 01:20:00+03:00,15,OK,36.82291124895297,Acceptable,M,M,Acceptable,36.911631779257874,unique_max_firing_rule,M,4
2026-07-21 01:25:00+03:00,15,OK,32.58769009579943,Acceptable,V,V,Acceptable,32.63601011404789,unique_max_firing_rule,V,4
2026-07-21 01:30:00+03:00,15,OK,31.288016408274203,Acceptable,V,V,Acceptable,31.89214008669892,unique_max_firing_rule,V,4
2026-07-21 01:35:00+03:00,15,OK,29.67148961912411,Acceptable,V,V,Acceptable,31.205534409785027,unique_max_firing_rule,V,4
2026-07-21 01:40:00+03:00,15,OK,29.275908996823805,Acceptable,V,V,Acceptable,30.359692538309343,unique_max_firing_rule,V,4
2026-07-21 01:45:00+03:00,15,OK,29.39208288931447,Acceptable,M,M,Acceptable,29.39208288931447,unique_max_firing_rule,M,4
2026-07-21 01:50:00+03:00,15,OK,28.51597586023831,Acceptable,M,M,Acceptable,28.51597586023831,unique_max_firing_rule,M,4
2026-07-21 01:55:00+03:00,15,OK,27.808495807957367,Acceptable,M,M,Acceptable,27.808495807957367,unique_max_firing_rule,M,4
2026-07-21 02:00:00+03:00,15,OK,27.321938706584973,Acceptable,M,M,Acceptable,27.321938706584973,unique_max_firing_rule,M,2
2026-07-21 02:05:00+03:00,15,OK,26.86029675799796,Acceptable,M,M,Acceptable,26.86029675799796,unique_max_firing_rule,M,2
2026-07-21 02:10:00+03:00,15,OK,26.44826035830363,Acceptable,M,M,Acceptable,26.44826035830363,unique_max_firing_rule,M,2
2026-07-21 02:15:00+03:00,15,OK,25.690467879969308,Acceptable,M,M,Acceptable,25.690467879969308,unique_max_firing_rule,M,2
2026-07-21 02:20:00+03:00,15,OK,25.113456790123987,Acceptable,M,M,Favorable,25.113456790123987,unique_max_firing_rule,M,2
2026-07-21 02:25:00+03:00,15,OK,24.506625514403698,Favorable,M,M,Favorable,24.506625514403698,unique_max_firing_rule,M,2
2026-07-21 02:30:00+03:00,15,OK,24.090987654320358,Favorable,M,M,Favorable,24.090987654320358,unique_max_firing_rule,M,2
2026-07-21 02:35:00+03:00,15,OK,23.783415637859516,Favorable,M,M,Favorable,23.783415637859516,unique_max_firing_rule,M,2
2026-07-21 02:40:00+03:00,15,OK,23.558971193415594,Favorable,M,M,Favorable,23.558971193415594,unique_max_firing_rule,M,2
2026-07-21 02:45:00+03:00,15,OK,23.218148148147957,Favorable,M,M,Favorable,23.218148148147957,unique_max_firing_rule,M,2
2026-07-21 02:50:00+03:00,15,OK,22.553127572016695,Favorable,M,M,Favorable,22.553127572016695,unique_max_firing_rule,M,2
2026-07-21 02:55:00+03:00,15,OK,21.48258034773445,Favorable,M,M,Favorable,21.48258034773445,unique_max_firing_rule,M,2
2026-07-21 03:00:00+03:00,15,OK,20.591046993484277,Favorable,M,M,Favorable,20.591046993484277,unique_max_firing_rule,M,2
2026-07-21 03:05:00+03:00,15,OK,19.673632049824555,Favorable,M,M,Favorable,19.673632049824555,unique_max_firing_rule,M,2
2026-07-21 03:10:00+03:00,15,OK,19.117812682308962,Favorable,M,M,Favorable,19.117812682308962,unique_max_firing_rule,M,2
2026-07-21 03:15:00+03:00,15,OK,18.625705143633173,Favorable,M,M,Favorable,18.625705143633173,unique_max_firing_rule,M,2
2026-07-21 03:20:00+03:00,15,OK,18.429501320644274,Favorable,M,M,Favorable,18.429501320644274,unique_max_firing_rule,M,2
2026-07-21 03:25:00+03:00,15,OK,18.395372840499153,Favorable,M,M,Favorable,18.395372840499153,unique_max_firing_rule,M,2
2026-07-21 03:30:00+03:00,15,OK,18.19909913029716,Favorable,M,M,Favorable,18.19909913029716,unique_max_firing_rule,M,2
2026-07-21 03:35:00+03:00,15,OK,17.720966198716933,Favorable,M,M,Favorable,17.720966198716933,unique_max_firing_rule,M,2
2026-07-21 03:40:00+03:00,15,OK,16.99455310720468,Favorable,M,M,Favorable,16.99455310720468,unique_max_firing_rule,M,2
2026-07-21 03:45:00+03:00,15,OK,16.275884620338683,Favorable,M,M,Favorable,16.275884620338683,unique_max_firing_rule,M,2
2026-07-21 03:50:00+03:00,15,OK,15.693299164956388,Favorable,M,M,Favorable,15.693299164956388,unique_max_firing_rule,M,2
2026-07-21 03:55:00+03:00,15,OK,15.207007085445182,Favorable,M,M,Favorable,15.207007085445182,unique_max_firing_rule,M,2
2026-07-21 04:00:00+03:00,15,OK,14.894105370390884,Favorable,M,M,Favorable,14.894105370390884,unique_max_firing_rule,M,2
2026-07-21 04:05:00+03:00,15,OK,14.53747270200586,Favorable,M,M,Favorable,14.53747270200586,unique_max_firing_rule,M,2
2026-07-21 04:10:00+03:00,15,OK,14.258923488368998,Favorable,M,M,Favorable,14.258923488368998,unique_max_firing_rule,M,2
2026-07-21 04:15:00+03:00,15,OK,14.032471875144925,Favorable,M,M,Favorable,14.032471875144925,unique_max_firing_rule,M,2
2026-07-21 04:20:00+03:00,15,OK,14.102161750587964,Favorable,M,M,Favorable,14.102161750587964,unique_max_firing_rule,M,2
2026-07-21 04:25:00+03:00,15,OK,14.137002535735908,Favorable,M,M,Favorable,14.137002535735908,unique_max_firing_rule,M,2
2026-07-21 04:30:00+03:00,15,OK,13.988910078766496,Favorable,M,M,Favorable,13.988910078766496,unique_max_firing_rule,M,2
2026-07-21 04:35:00+03:00,15,OK,13.212785487997063,Favorable,M,M,Favorable,13.212785487997063,unique_max_firing_rule,M,2
2026-07-21 04:40:00+03:00,15,OK,12.444029850746269,Favorable,A,A;M;V,Favorable,12.444029850746269,co_dominant_tie,A;M;V,1
2026-07-21 04:45:00+03:00,15,OK,12.444029850746269,Favorable,A,A;M;V,Favorable,12.444029850746269,co_dominant_tie,A;M;V,1
2026-07-21 04:50:00+03:00,15,OK,12.444029850746269,Favorable,A,A;M;V,Favorable,12.444029850746269,co_dominant_tie,A;M;V,1
2026-07-21 04:55:00+03:00,15,OK,12.444029850746269,Favorable,A,A;M;V,Favorable,12.444029850746269,co_dominant_tie,A;M;V,1
2026-07-21 05:00:00+03:00,15,OK,12.444029850746269,Favorable,A,A;M;V,Favorable,12.444029850746269,co_dominant_tie,A;M;V,1
2026-07-21 05:05:00+03:00,15,OK,12.444029850746269,Favorable,A,A;M;V,Favorable,12.444029850746269,co_dominant_tie,A;M;V,1
2026-07-21 05:10:00+03:00,15,OK,12.444029850746269,Favorable,A,A;M;V,Favorable,12.444029850746269,co_dominant_tie,A;M;V,1
2026-07-21 05:15:00+03:00,15,OK,12.444029850746269,Favorable,A,A;M;V,Favorable,12.444029850746269,co_dominant_tie,A;M;V,1
2026-07-21 05:20:00+03:00,15,OK,12.444029850746269,Favorable,A,A;M;V,Favorable,12.444029850746269,co_dominant_tie,A;M;V,1
2026-07-21 05:25:00+03:00,15,OK,12.444029850746269,Favorable,A,A;M;V,Favorable,12.444029850746269,co_dominant_tie,A;M;V,1
2026-07-21 05:30:00+03:00,15,OK,12.444029850746269,Favorable,A,A;M;V,Favorable,12.444029850746269,co_dominant_tie,A;M;V,1
2026-07-21 05:35:00+03:00,15,OK,12.444029850746269,Favorable,A,A;M;V,Favorable,12.444029850746269,co_dominant_tie,A;M;V,1
2026-07-21 05:40:00+03:00,15,OK,12.444029850746269,Favorable,A,A;M;V,Favorable,12.444029850746269,co_dominant_tie,A;M;V,1
2026-07-21 05:45:00+03:00,15,OK,12.444029850746269,Favorable,A,A;M;V,Favorable,12.444029850746269,co_dominant_tie,A;M;V,1
2026-07-21 05:50:00+03:00,15,OK,12.444029850746269,Favorable,A,A;M;V,Favorable,12.444029850746269,co_dominant_tie,A;M;V,1
2026-07-21 05:55:00+03:00,15,OK,12.444029850746269,Favorable,A,A;M;V,Favorable,12.444029850746269,co_dominant_tie,A;M;V,1
2026-07-21 06:00:00+03:00,15,OK,12.444029850746269,Favorable,A,A;M;V,Favorable,12.444029850746269,co_dominant_tie,A;M;V,1
2026-07-21 06:05:00+03:00,15,OK,12.444029850746269,Favorable,A,A;M;V,Favorable,12.444029850746269,co_dominant_tie,A;M;V,1
2026-07-21 06:10:00+03:00,15,OK,12.444029850746269,Favorable,A,A;M;V,Favorable,12.444029850746269,co_dominant_tie,A;M;V,1
2026-07-21 06:15:00+03:00,15,OK,12.444029850746269,Favorable,A,A;M;V,Favorable,12.444029850746269,co_dominant_tie,A;M;V,1
2026-07-21 06:20:00+03:00,15,OK,12.444029850746269,Favorable,A,A;M;V,Favorable,12.444029850746269,co_dominant_tie,A;M;V,1
2026-07-21 06:25:00+03:00,15,OK,12.444029850746269,Favorable,A,A;M;V,Favorable,12.444029850746269,co_dominant_tie,A;M;V,1
2026-07-21 06:30:00+03:00,15,OK,12.444029850746269,Favorable,A,A;M;V,Favorable,12.444029850746269,co_dominant_tie,A;M;V,1
2026-07-21 06:35:00+03:00,15,OK,12.444029850746269,Favorable,A,A;M;V,Favorable,12.444029850746269,co_dominant_tie,A;M;V,1
2026-07-21 06:40:00+03:00,15,OK,12.444029850746269,Favorable,A,A;M;V,Favorable,12.444029850746269,co_dominant_tie,A;M;V,1
2026-07-21 06:45:00+03:00,15,OK,12.444029850746269,Favorable,A,A;M;V,Favorable,12.444029850746269,co_dominant_tie,A;M;V,1
2026-07-21 06:50:00+03:00,15,OK,12.444029850746269,Favorable,A,A;M;V,Favorable,12.444029850746269,co_dominant_tie,A;M;V,1
2026-07-21 06:55:00+03:00,15,OK,12.444029850746269,Favorable,A,A;M;V,Favorable,12.444029850746269,co_dominant_tie,A;M;V,1
2026-07-21 07:00:00+03:00,15,OK,12.444029850746269,Favorable,A,A;M;V,Favorable,12.444029850746269,co_dominant_tie,A;M;V,1
2026-07-21 07:05:00+03:00,15,OK,12.444029850746269,Favorable,A,A;M;V,Favorable,12.444029850746269,co_dominant_tie,A;M;V,1
2026-07-21 07:10:00+03:00,15,OK,12.444029850746269,Favorable,A,A;M;V,Favorable,12.444029850746269,co_dominant_tie,A;M;V,1
2026-07-21 07:15:00+03:00,15,OK,12.444029850746269,Favorable,A,A;M;V,Favorable,12.444029850746269,co_dominant_tie,A;M;V,1
2026-07-21 07:20:00+03:00,15,OK,12.444029850746269,Favorable,A,A;M;V,Favorable,12.444029850746269,co_dominant_tie,A;M;V,1
2026-07-21 07:25:00+03:00,15,OK,12.444029850746269,Favorable,A,A;M;V,Favorable,12.444029850746269,co_dominant_tie,A;M;V,1
2026-07-21 07:30:00+03:00,15,OK,12.444029850746269,Favorable,A,A;M;V,Favorable,12.444029850746269,co_dominant_tie,A;M;V,1
2026-07-21 07:35:00+03:00,15,OK,12.444029850746269,Favorable,A,A;M;V,Favorable,12.444029850746269,co_dominant_tie,A;M;V,1
2026-07-21 07:40:00+03:00,15,OK,12.444029850746269,Favorable,A,A;M;V,Favorable,12.444029850746269,co_dominant_tie,A;M;V,1
2026-07-21 07:45:00+03:00,15,OK,12.444029850746269,Favorable,A,A;M;V,Favorable,12.444029850746269,co_dominant_tie,A;M;V,1
2026-07-21 07:50:00+03:00,15,OK,12.444029850746269,Favorable,A,A;M;V,Favorable,12.444029850746269,co_dominant_tie,A;M;V,1
2026-07-21 07:55:00+03:00,15,OK,12.444029850746269,Favorable,A,A;M;V,Favorable,12.444029850746269,co_dominant_tie,A;M;V,1
2026-07-21 08:00:00+03:00,15,OK,12.444029850746269,Favorable,A,A;M;V,Favorable,12.444029850746269,co_dominant_tie,A;M;V,1
2026-07-21 08:05:00+03:00,15,OK,12.444029850746269,Favorable,A,A;M;V,Favorable,12.444029850746269,co_dominant_tie,A;M;V,1
2026-07-21 08:10:00+03:00,15,OK,12.444029850746269,Favorable,A,A;M;V,Favorable,12.444029850746269,co_dominant_tie,A;M;V,1
2026-07-21 08:15:00+03:00,15,OK,12.444029850746269,Favorable,A,A;M;V,Favorable,12.444029850746269,co_dominant_tie,A;M;V,1
2026-07-21 08:20:00+03:00,15,OK,12.444029850746269,Favorable,A,A;M;V,Favorable,12.444029850746269,co_dominant_tie,A;M;V,1
2026-07-21 08:25:00+03:00,15,OK,12.444029850746269,Favorable,A,A;M;V,Favorable,12.444029850746269,co_dominant_tie,A;M;V,1
2026-07-21 08:30:00+03:00,15,OK,12.444029850746269,Favorable,A,A;M;V,Favorable,12.444029850746269,co_dominant_tie,A;M;V,1
2026-07-21 08:35:00+03:00,15,OK,12.444029850746269,Favorable,A,A;M;V,Favorable,12.444029850746269,co_dominant_tie,A;M;V,1
2026-07-21 08:40:00+03:00,15,PARTIAL,12.444029850746269,Favorable,A,A;M,Favorable,12.444029850746269,co_dominant_tie,A;M,1
2026-07-21 08:45:00+03:00,15,FAILED,,,,,,,,,
2026-07-21 08:50:00+03:00,15,FAILED,,,,,,,,,
2026-07-21 08:55:00+03:00,15,FAILED,,,,,,,,,
2026-07-21 09:00:00+03:00,15,PARTIAL,12.444029850746269,Favorable,A,A;M,Favorable,12.444029850746269,co_dominant_tie,A;M,1
2026-07-21 09:05:00+03:00,15,PARTIAL,12.444029850746269,Favorable,A,A;M,Favorable,12.444029850746269,co_dominant_tie,A;M,1
2026-07-21 09:10:00+03:00,15,PARTIAL,12.444029850746269,Favorable,A,A;M,Favorable,12.444029850746269,co_dominant_tie,A;M,1
2026-07-21 09:15:00+03:00,15,OK,12.444029850746269,Favorable,A,A;M;V,Favorable,12.444029850746269,co_dominant_tie,A;M;V,1
2026-07-21 09:20:00+03:00,15,OK,12.444029850746269,Favorable,A,A;M;V,Favorable,12.444029850746269,co_dominant_tie,A;M;V,1
2026-07-21 09:25:00+03:00,15,OK,12.444029850746269,Favorable,A,A;M;V,Favorable,12.444029850746269,co_dominant_tie,A;M;V,1
2026-07-21 09:30:00+03:00,15,OK,12.444029850746269,Favorable,A,A;M;V,Favorable,12.444029850746269,co_dominant_tie,A;M;V,1
2026-07-21 09:35:00+03:00,15,OK,12.444029850746269,Favorable,A,A;M;V,Favorable,12.444029850746269,co_dominant_tie,A;M;V,1
2026-07-21 09:40:00+03:00,15,OK,12.444029850746269,Favorable,A,A;M;V,Favorable,12.444029850746269,co_dominant_tie,A;M;V,1
2026-07-21 09:45:00+03:00,15,OK,12.444029850746269,Favorable,A,A;M;V,Favorable,12.444029850746269,co_dominant_tie,A;M;V,1
2026-07-21 09:50:00+03:00,15,OK,12.444029850746269,Favorable,A,A;M;V,Favorable,12.444029850746269,co_dominant_tie,A;M;V,1
2026-07-21 09:55:00+03:00,15,OK,37.5,Acceptable,V,V,Acceptable,37.5,unique_max_firing_rule,A;M;V,1
2026-07-21 10:00:00+03:00,15,OK,37.5,Acceptable,V,V,Acceptable,37.5,unique_max_firing_rule,A;M;V,1
2026-07-21 10:05:00+03:00,15,OK,37.5,Acceptable,V,V,Acceptable,37.5,unique_max_firing_rule,A;M;V,1
2026-07-21 10:10:00+03:00,15,OK,31.81397748903028,Acceptable,V,V,Acceptable,31.81397748903028,unique_max_firing_rule,V,4
2026-07-21 10:15:00+03:00,15,OK,22.641005291005296,Favorable,V,V,Favorable,22.641005291005296,unique_max_firing_rule,V,4
2026-07-21 10:20:00+03:00,15,OK,17.428057312304183,Favorable,V,V,Favorable,17.428057312304183,unique_max_firing_rule,V,4
2026-07-21 10:25:00+03:00,15,OK,12.444029850746269,Favorable,A,A;M;V,Favorable,12.444029850746269,co_dominant_tie,A;M;V,1
2026-07-21 10:30:00+03:00,15,OK,12.444029850746269,Favorable,A,A;M;V,Favorable,12.444029850746269,co_dominant_tie,A;M;V,1
2026-07-21 10:35:00+03:00,15,OK,12.444029850746269,Favorable,A,A;M;V,Favorable,12.444029850746269,co_dominant_tie,A;M;V,1
2026-07-21 10:40:00+03:00,15,OK,87.39585698667007,Critical,V,V,Critical,87.53094719349029,unique_max_firing_rule,V,2
2026-07-21 10:45:00+03:00,15,OK,87.53568251568544,Critical,A,A,Critical,87.53568251568544,unique_max_firing_rule,A,1
2026-07-21 10:50:00+03:00,15,OK,87.38194878633458,Critical,A,A,Critical,87.38194878633458,unique_max_firing_rule,A,1
2026-07-21 10:55:00+03:00,15,OK,70.61821521816121,Degraded,V,V,Degraded,70.5483050771459,unique_max_firing_rule,V,4
2026-07-21 11:00:00+03:00,15,OK,37.5,Acceptable,A,A,Acceptable,37.5,unique_max_firing_rule,A;M;V,1
2026-07-21 11:05:00+03:00,15,OK,12.444029850746269,Favorable,A,A;M;V,Favorable,12.444029850746269,co_dominant_tie,A;M;V,1
2026-07-21 11:10:00+03:00,15,OK,12.444029850746269,Favorable,A,A;M;V,Favorable,12.444029850746269,co_dominant_tie,A;M;V,1
2026-07-21 11:15:00+03:00,15,OK,12.444029850746269,Favorable,A,A;M;V,Favorable,12.444029850746269,co_dominant_tie,A;M;V,1
2026-07-21 11:20:00+03:00,15,OK,12.444029850746269,Favorable,A,A;M;V,Favorable,12.444029850746269,co_dominant_tie,A;M;V,1
2026-07-21 11:25:00+03:00,15,OK,12.444029850746269,Favorable,A,A;M;V,Favorable,12.444029850746269,co_dominant_tie,A;M;V,1
2026-07-21 11:30:00+03:00,15,OK,12.444029850746269,Favorable,A,A;M;V,Favorable,12.444029850746269,co_dominant_tie,A;M;V,1
2026-07-21 11:35:00+03:00,15,OK,12.444029850746269,Favorable,A,A;M;V,Favorable,12.444029850746269,co_dominant_tie,A;M;V,1
2026-07-21 11:40:00+03:00,15,OK,12.444029850746269,Favorable,A,A;M;V,Favorable,12.444029850746269,co_dominant_tie,A;M;V,1
2026-07-21 11:45:00+03:00,15,OK,12.444029850746269,Favorable,A,A;M;V,Favorable,12.444029850746269,co_dominant_tie,A;M;V,1
2026-07-21 11:50:00+03:00,15,OK,12.444029850746269,Favorable,A,A;M;V,Favorable,12.444029850746269,co_dominant_tie,A;M;V,1
2026-07-21 11:55:00+03:00,15,OK,12.444029850746269,Favorable,A,A;M;V,Favorable,12.444029850746269,co_dominant_tie,A;M;V,1
2026-07-21 12:00:00+03:00,15,OK,12.444029850746269,Favorable,A,A;M;V,Favorable,12.444029850746269,co_dominant_tie,A;M;V,1
2026-07-21 12:05:00+03:00,15,OK,12.444029850746269,Favorable,A,A;M;V,Favorable,12.444029850746269,co_dominant_tie,A;M;V,1
2026-07-21 12:10:00+03:00,15,OK,12.444029850746269,Favorable,A,A;M;V,Favorable,12.444029850746269,co_dominant_tie,A;M;V,1
2026-07-21 12:15:00+03:00,15,OK,12.444029850746269,Favorable,A,A;M;V,Favorable,12.444029850746269,co_dominant_tie,A;M;V,1
2026-07-21 12:20:00+03:00,15,OK,12.444029850746269,Favorable,A,A;M;V,Favorable,12.444029850746269,co_dominant_tie,A;M;V,1
2026-07-21 12:25:00+03:00,15,OK,12.444029850746269,Favorable,A,A;M;V,Favorable,12.444029850746269,co_dominant_tie,A;M;V,1
2026-07-21 12:30:00+03:00,15,OK,12.444029850746269,Favorable,A,A;M;V,Favorable,12.444029850746269,co_dominant_tie,A;M;V,1
2026-07-21 12:35:00+03:00,15,OK,12.444029850746269,Favorable,A,A;M;V,Favorable,12.444029850746269,co_dominant_tie,A;M;V,1
2026-07-21 12:40:00+03:00,15,OK,12.444029850746269,Favorable,A,A;M;V,Favorable,12.444029850746269,co_dominant_tie,A;M;V,1
2026-07-21 12:45:00+03:00,15,OK,12.444029850746269,Favorable,A,A;M;V,Favorable,12.444029850746269,co_dominant_tie,A;M;V,1
2026-07-21 12:50:00+03:00,15,OK,12.444029850746269,Favorable,A,A;M;V,Favorable,12.444029850746269,co_dominant_tie,A;M;V,1
2026-07-21 12:55:00+03:00,15,OK,12.444029850746269,Favorable,A,A;M;V,Favorable,12.444029850746269,co_dominant_tie,A;M;V,1
2026-07-21 13:00:00+03:00,15,OK,12.444029850746269,Favorable,A,A;M;V,Favorable,12.444029850746269,co_dominant_tie,A;M;V,1
2026-07-21 13:05:00+03:00,15,OK,12.444029850746269,Favorable,A,A;M;V,Favorable,12.444029850746269,co_dominant_tie,A;M;V,1
2026-07-21 13:10:00+03:00,15,OK,12.444029850746269,Favorable,A,A;M;V,Favorable,12.444029850746269,co_dominant_tie,A;M;V,1
2026-07-21 13:15:00+03:00,15,OK,12.444029850746269,Favorable,A,A;M;V,Favorable,12.444029850746269,co_dominant_tie,A;M;V,1
2026-07-21 13:20:00+03:00,15,OK,12.444029850746269,Favorable,A,A;M;V,Favorable,12.444029850746269,co_dominant_tie,A;M;V,1
2026-07-21 13:25:00+03:00,15,OK,12.444029850746269,Favorable,A,A;M;V,Favorable,12.444029850746269,co_dominant_tie,A;M;V,1
2026-07-21 13:30:00+03:00,15,OK,12.444029850746269,Favorable,A,A;M;V,Favorable,12.444029850746269,co_dominant_tie,A;M;V,1
2026-07-21 13:35:00+03:00,15,OK,12.444029850746269,Favorable,A,A;M;V,Favorable,12.444029850746269,co_dominant_tie,A;M;V,1
2026-07-21 13:40:00+03:00,15,OK,12.444029850746269,Favorable,A,A;M;V,Favorable,12.444029850746269,co_dominant_tie,A;M;V,1
2026-07-21 13:45:00+03:00,15,OK,12.444029850746269,Favorable,A,A;M;V,Favorable,12.444029850746269,co_dominant_tie,A;M;V,1
2026-07-21 13:50:00+03:00,15,OK,12.444029850746269,Favorable,A,A;M;V,Favorable,12.444029850746269,co_dominant_tie,A;M;V,1
2026-07-21 13:55:00+03:00,15,OK,12.444029850746269,Favorable,A,A;M;V,Favorable,12.444029850746269,co_dominant_tie,A;M;V,1
2026-07-21 14:00:00+03:00,15,OK,12.444029850746269,Favorable,A,A;M;V,Favorable,12.444029850746269,co_dominant_tie,A;M;V,1
2026-07-21 14:05:00+03:00,15,OK,12.444029850746269,Favorable,A,A;M;V,Favorable,12.444029850746269,co_dominant_tie,A;M;V,1
2026-07-21 14:10:00+03:00,15,OK,12.444029850746269,Favorable,A,A;M;V,Favorable,12.444029850746269,co_dominant_tie,A;M;V,1
2026-07-21 14:15:00+03:00,15,OK,12.444029850746269,Favorable,A,A;M;V,Favorable,12.444029850746269,co_dominant_tie,A;M;V,1
2026-07-21 14:20:00+03:00,15,OK,12.444029850746269,Favorable,A,A;M;V,Favorable,12.444029850746269,co_dominant_tie,A;M;V,1
2026-07-21 14:25:00+03:00,15,OK,12.444029850746269,Favorable,A,A;M;V,Favorable,12.444029850746269,co_dominant_tie,A;M;V,1
2026-07-21 14:30:00+03:00,15,OK,12.444029850746269,Favorable,A,A;M;V,Favorable,12.444029850746269,co_dominant_tie,A;M;V,1
2026-07-21 14:35:00+03:00,15,OK,12.444029850746269,Favorable,A,A;M;V,Favorable,12.444029850746269,co_dominant_tie,A;M;V,1
2026-07-21 14:40:00+03:00,15,OK,12.444029850746269,Favorable,A,A;M;V,Favorable,12.444029850746269,co_dominant_tie,A;M;V,1
2026-07-21 14:45:00+03:00,15,OK,12.444029850746269,Favorable,A,A;M;V,Favorable,12.444029850746269,co_dominant_tie,A;M;V,1
2026-07-21 14:50:00+03:00,15,OK,12.444029850746269,Favorable,A,A;M;V,Favorable,12.444029850746269,co_dominant_tie,A;M;V,1
2026-07-21 14:55:00+03:00,15,OK,12.444029850746269,Favorable,A,A;M;V,Favorable,12.444029850746269,co_dominant_tie,A;M;V,1
2026-07-21 15:00:00+03:00,15,OK,12.444029850746269,Favorable,A,A;M;V,Favorable,12.444029850746269,co_dominant_tie,A;M;V,1
2026-07-21 15:05:00+03:00,15,OK,12.444029850746269,Favorable,A,A;M;V,Favorable,12.444029850746269,co_dominant_tie,A;M;V,1
2026-07-21 15:10:00+03:00,15,OK,12.444029850746269,Favorable,A,A;M;V,Favorable,12.444029850746269,co_dominant_tie,A;M;V,1
2026-07-21 15:15:00+03:00,15,OK,12.444029850746269,Favorable,A,A;M;V,Favorable,12.444029850746269,co_dominant_tie,A;M;V,1
2026-07-21 15:20:00+03:00,15,OK,12.444029850746269,Favorable,A,A;M;V,Favorable,12.444029850746269,co_dominant_tie,A;M;V,1
2026-07-21 15:25:00+03:00,15,OK,12.444029850746269,Favorable,A,A;M;V,Favorable,12.444029850746269,co_dominant_tie,A;M;V,1
2026-07-21 15:30:00+03:00,15,OK,12.444029850746269,Favorable,A,A;M;V,Favorable,12.444029850746269,co_dominant_tie,A;M;V,1
2026-07-21 15:35:00+03:00,15,OK,12.444029850746269,Favorable,A,A;M;V,Favorable,12.444029850746269,co_dominant_tie,A;M;V,1
2026-07-21 15:40:00+03:00,15,OK,12.444029850746269,Favorable,A,A;M;V,Favorable,12.444029850746269,co_dominant_tie,A;M;V,1
2026-07-21 15:45:00+03:00,15,OK,12.444029850746269,Favorable,A,A;M;V,Favorable,12.444029850746269,co_dominant_tie,A;M;V,1
2026-07-21 15:50:00+03:00,15,OK,12.444029850746269,Favorable,A,A;M;V,Favorable,12.444029850746269,co_dominant_tie,A;M;V,1
2026-07-21 15:55:00+03:00,15,OK,12.444029850746269,Favorable,A,A;M;V,Favorable,12.444029850746269,co_dominant_tie,A;M;V,1
2026-07-21 16:00:00+03:00,15,OK,12.444029850746269,Favorable,A,A;M;V,Favorable,12.444029850746269,co_dominant_tie,A;M;V,1
2026-07-21 16:05:00+03:00,15,OK,12.444029850746269,Favorable,A,A;M;V,Favorable,12.444029850746269,co_dominant_tie,A;M;V,1
2026-07-21 16:10:00+03:00,15,OK,12.444029850746269,Favorable,A,A;M;V,Favorable,12.444029850746269,co_dominant_tie,A;M;V,1
2026-07-21 16:15:00+03:00,15,OK,12.444029850746269,Favorable,A,A;M;V,Favorable,12.444029850746269,co_dominant_tie,A;M;V,1
2026-07-21 16:20:00+03:00,15,OK,13.884344111657656,Favorable,M,M,Favorable,13.884344111657656,unique_max_firing_rule,M,2
2026-07-21 16:25:00+03:00,15,OK,20.271289072795447,Favorable,M,M,Favorable,20.271289072795447,unique_max_firing_rule,M,2
2026-07-21 16:30:00+03:00,15,OK,26.67898402010725,Acceptable,M,M,Acceptable,26.67898402010725,unique_max_firing_rule,M,2
2026-07-21 16:35:00+03:00,15,OK,31.197316817714828,Acceptable,M,M,Acceptable,31.197316817714828,unique_max_firing_rule,M,2
2026-07-21 16:40:00+03:00,15,OK,35.01999614884079,Acceptable,M,M,Acceptable,35.01999614884079,unique_max_firing_rule,M,2
2026-07-21 16:45:00+03:00,15,OK,36.709491850431355,Acceptable,M,M,Acceptable,36.709491850431355,unique_max_firing_rule,M,2
2026-07-21 16:50:00+03:00,15,OK,37.21155960551716,Acceptable,M,M,Acceptable,37.21155960551716,unique_max_firing_rule,M,2
2026-07-21 16:55:00+03:00,15,OK,35.535704554818786,Acceptable,M,M,Acceptable,35.535704554818786,unique_max_firing_rule,M,2
2026-07-21 17:00:00+03:00,15,OK,35.33914240729148,Acceptable,M,M,Acceptable,35.33914240729148,unique_max_firing_rule,M,2
2026-07-21 17:05:00+03:00,15,OK,35.60125314032766,Acceptable,M,M,Acceptable,35.60125314032766,unique_max_firing_rule,M,2
2026-07-21 17:10:00+03:00,15,OK,34.91368751244797,Acceptable,M,M,Acceptable,34.91368751244797,unique_max_firing_rule,M,2
2026-07-21 17:15:00+03:00,15,OK,32.16991234598524,Acceptable,M,M,Acceptable,32.16991234598524,unique_max_firing_rule,M,2
2026-07-21 17:20:00+03:00,15,OK,29.22823057105004,Acceptable,M,M,Acceptable,29.22823057105004,unique_max_firing_rule,M,2
2026-07-21 17:25:00+03:00,15,OK,26.55537676557403,Acceptable,M,M,Acceptable,26.55537676557403,unique_max_firing_rule,M,2
2026-07-21 17:30:00+03:00,15,OK,26.201103656789513,Acceptable,M,M,Acceptable,26.201103656789513,unique_max_firing_rule,M,2
2026-07-21 17:35:00+03:00,15,OK,26.761395643021704,Acceptable,M,M,Acceptable,26.761395643021704,unique_max_firing_rule,M,2
2026-07-21 17:40:00+03:00,15,OK,30.359692538308995,Acceptable,M,M,Acceptable,30.359692538308995,unique_max_firing_rule,M,2
2026-07-21 17:45:00+03:00,15,OK,34.995460128809334,Acceptable,M,M,Acceptable,34.995460128809334,unique_max_firing_rule,M,2
2026-07-21 17:50:00+03:00,15,OK,40.85773747584362,Acceptable,M,M,Acceptable,40.85773747584362,unique_max_firing_rule,M,2
2026-07-21 17:55:00+03:00,15,OK,45.04817372711818,Acceptable,M,M,Acceptable,45.04817372711818,unique_max_firing_rule,M,2
2026-07-21 18:00:00+03:00,15,OK,47.12905980389242,Acceptable,M,M,Acceptable,47.12905980389242,unique_max_firing_rule,M,2
2026-07-21 18:05:00+03:00,15,OK,48.97016418525271,Acceptable,M,M,Acceptable,48.97016418525271,unique_max_firing_rule,M,2
2026-07-21 18:10:00+03:00,15,OK,52.19964609411558,Degraded,M,M,Degraded,52.19964609411558,unique_max_firing_rule,M,2
2026-07-21 18:15:00+03:00,15,OK,56.25739061884109,Degraded,M,M,Degraded,56.25739061884109,unique_max_firing_rule,M,2
2026-07-21 18:20:00+03:00,15,OK,60.5097737580567,Degraded,M,M,Degraded,60.5097737580567,unique_max_firing_rule,M,2
2026-07-21 18:25:00+03:00,15,OK,62.5,Degraded,M,M,Degraded,62.5,unique_max_firing_rule,A;M;V,1
2026-07-21 18:30:00+03:00,15,OK,62.5,Degraded,M,M,Degraded,62.5,unique_max_firing_rule,A;M;V,1
2026-07-21 18:35:00+03:00,15,OK,62.5,Degraded,M,M,Degraded,62.5,unique_max_firing_rule,A;M;V,1
2026-07-21 18:40:00+03:00,15,OK,61.768326153129934,Degraded,M,M,Degraded,61.768326153129934,unique_max_firing_rule,M,2
2026-07-21 18:45:00+03:00,15,OK,58.59622492080267,Degraded,M,M,Degraded,58.59622492080267,unique_max_firing_rule,M,2
2026-07-21 18:50:00+03:00,15,OK,59.20113651380995,Degraded,M,M,Degraded,59.20113651380995,unique_max_firing_rule,M,2
2026-07-21 18:55:00+03:00,15,OK,62.5,Degraded,M,M,Degraded,62.5,unique_max_firing_rule,A;M;V,1
2026-07-21 19:00:00+03:00,15,OK,62.5,Degraded,M,M,Degraded,62.5,unique_max_firing_rule,A;M;V,1
2026-07-21 19:05:00+03:00,15,OK,62.5,Degraded,M,M,Degraded,62.5,unique_max_firing_rule,A;M;V,1
2026-07-21 19:10:00+03:00,15,OK,62.5,Degraded,M,M,Degraded,62.5,unique_max_firing_rule,A;M;V,1
2026-07-21 19:15:00+03:00,15,OK,62.5,Degraded,M,M,Degraded,62.5,unique_max_firing_rule,A;M;V,1
2026-07-21 19:20:00+03:00,15,OK,62.5,Degraded,M,M,Degraded,62.5,unique_max_firing_rule,A;M;V,1
2026-07-21 19:25:00+03:00,15,OK,62.5,Degraded,M,M,Degraded,62.5,unique_max_firing_rule,A;M;V,1
2026-07-21 19:30:00+03:00,15,OK,62.5,Degraded,M,M,Degraded,62.5,unique_max_firing_rule,A;M;V,1
2026-07-21 19:35:00+03:00,15,OK,62.5,Degraded,M,M,Degraded,62.5,unique_max_firing_rule,A;M;V,1
2026-07-21 19:40:00+03:00,15,OK,62.5,Degraded,M,M,Degraded,62.5,unique_max_firing_rule,A;M;V,1
2026-07-21 19:45:00+03:00,15,OK,64.71816460741357,Degraded,M,M,Degraded,64.71816460741357,unique_max_firing_rule,M,2
2026-07-21 19:50:00+03:00,15,OK,67.21669149288272,Degraded,M,M,Degraded,67.21669149288272,unique_max_firing_rule,M,2
2026-07-21 19:55:00+03:00,15,OK,69.70595576509723,Degraded,M,M,Degraded,69.70595576509723,unique_max_firing_rule,M,2
2026-07-21 20:00:00+03:00,15,OK,73.16442925382943,Degraded,M,M,Degraded,73.16442925382943,unique_max_firing_rule,M,2
2026-07-21 20:05:00+03:00,15,OK,76.32465020576105,Critical,M,M,Critical,76.32465020576105,unique_max_firing_rule,M,2
2026-07-21 20:10:00+03:00,15,OK,78.9042350329676,Critical,M,M,Critical,78.9042350329676,unique_max_firing_rule,M,2
2026-07-21 20:15:00+03:00,15,OK,79.31640644300626,Critical,M,M,Critical,79.31640644300626,unique_max_firing_rule,M,2
2026-07-21 20:20:00+03:00,15,OK,77.23905349794217,Critical,M,M,Critical,77.23905349794217,unique_max_firing_rule,M,2
2026-07-21 20:25:00+03:00,15,OK,73.23860435697831,Degraded,M,M,Degraded,73.23860435697831,unique_max_firing_rule,M,2
2026-07-21 20:30:00+03:00,15,OK,68.31198471415051,Degraded,M,M,Degraded,68.31198471415051,unique_max_firing_rule,M,2
2026-07-21 20:35:00+03:00,15,OK,63.16712450553387,Degraded,M,M,Degraded,63.16712450553387,unique_max_firing_rule,M,2
2026-07-21 20:40:00+03:00,15,OK,62.5,Degraded,M,M,Degraded,62.5,unique_max_firing_rule,A;M;V,1
2026-07-21 20:45:00+03:00,15,OK,62.5,Degraded,M,M,Degraded,62.5,unique_max_firing_rule,A;M;V,1
2026-07-21 20:50:00+03:00,15,OK,62.5,Degraded,M,M,Degraded,62.5,unique_max_firing_rule,A;M;V,1
2026-07-21 20:55:00+03:00,15,OK,62.5,Degraded,M,M,Degraded,62.5,unique_max_firing_rule,A;M;V,1
2026-07-21 21:00:00+03:00,15,OK,62.499999999999986,Degraded,V,V,Degraded,62.5,unique_max_firing_rule,V,2
2026-07-21 21:05:00+03:00,15,OK,62.5,Degraded,M,M,Degraded,62.5,unique_max_firing_rule,A;M;V,1
2026-07-21 21:10:00+03:00,15,OK,62.5,Degraded,M,M,Degraded,62.5,unique_max_firing_rule,A;M;V,1
2026-07-21 21:15:00+03:00,15,OK,62.5,Degraded,M,M,Degraded,62.5,unique_max_firing_rule,A;M;V,1
2026-07-21 21:20:00+03:00,15,OK,60.88558191400413,Degraded,M,M,Degraded,60.88558191400413,unique_max_firing_rule,M,2
2026-07-21 21:25:00+03:00,15,OK,87.31550213005976,Critical,A,A,Critical,87.31550213005976,unique_max_firing_rule,A,2
2026-07-21 21:30:00+03:00,15,OK,87.33528352835285,Critical,M,M,Critical,87.44545068720744,unique_max_firing_rule,M,4
2026-07-21 21:35:00+03:00,15,OK,87.40611665747943,Critical,V,V,Critical,87.55597014925372,unique_max_firing_rule,V,4
2026-07-21 21:40:00+03:00,15,OK,87.48924406915965,Critical,V,V,Critical,87.55597014925372,unique_max_firing_rule,V,4
2026-07-21 21:45:00+03:00,15,OK,87.48391852596681,Critical,M,M,Critical,87.55597014925372,unique_max_firing_rule,M,4
2026-07-21 21:50:00+03:00,15,OK,87.37015043547112,Critical,M,M,Critical,87.55597014925372,unique_max_firing_rule,M,4
2026-07-21 21:55:00+03:00,15,OK,87.35729137787635,Critical,M,M,Critical,87.55597014925372,unique_max_firing_rule,M,4
2026-07-21 22:00:00+03:00,15,OK,87.43728898622139,Critical,M,M,Critical,87.55597014925372,unique_max_firing_rule,M,4
2026-07-21 22:05:00+03:00,15,OK,87.43363375800367,Critical,M,M,Critical,87.55597014925372,unique_max_firing_rule,M,4
2026-07-21 22:10:00+03:00,15,OK,48.8963783843635,Acceptable,A,A,Acceptable,48.8963783843635,unique_max_firing_rule,M,8
2026-07-21 22:15:00+03:00,15,OK,29.775472458690956,Acceptable,M,M,Acceptable,30.274116657980414,unique_max_firing_rule,M,4
2026-07-21 22:20:00+03:00,15,OK,34.49781816847207,Acceptable,M,M,Acceptable,35.28768255881265,unique_max_firing_rule,M,4
2026-07-21 22:25:00+03:00,15,OK,37.5,Acceptable,M,M,Acceptable,37.5,unique_max_firing_rule,M,2
2026-07-21 22:30:00+03:00,15,OK,39.16914226216833,Acceptable,M,M,Acceptable,38.81467557572728,unique_max_firing_rule,M,4
2026-07-21 22:35:00+03:00,15,OK,40.95505635993564,Acceptable,M,M,Acceptable,40.720437481519426,unique_max_firing_rule,M,4
2026-07-21 22:40:00+03:00,15,OK,37.022965187241546,Acceptable,M,M,Acceptable,37.07038083047022,unique_max_firing_rule,M,4
2026-07-21 22:45:00+03:00,15,OK,33.110826875952036,Acceptable,V,V,Acceptable,33.110826875952036,unique_max_firing_rule,V,4
2026-07-21 22:50:00+03:00,15,OK,30.895688965649068,Acceptable,V,V,Acceptable,30.895688965649068,unique_max_firing_rule,V,2
2026-07-21 22:55:00+03:00,15,OK,27.960510053463096,Acceptable,V,V,Acceptable,27.960510053463096,unique_max_firing_rule,V,2
2026-07-21 23:00:00+03:00,15,OK,24.80825984714872,Favorable,V,V,Favorable,24.80825984714872,unique_max_firing_rule,V,2
2026-07-21 23:05:00+03:00,15,OK,23.81666666666666,Favorable,V,V,Favorable,23.81666666666666,unique_max_firing_rule,V,2
2026-07-21 23:10:00+03:00,15,OK,25.65282556900637,Acceptable,V,V,Acceptable,25.65282556900637,unique_max_firing_rule,V,2
2026-07-21 23:15:00+03:00,15,OK,29.255146197728028,Acceptable,V,V,Acceptable,29.255146197728028,unique_max_firing_rule,V,2
2026-07-21 23:20:00+03:00,15,OK,37.394011026681156,Acceptable,V,V,Acceptable,37.394011026681156,unique_max_firing_rule,V,2
2026-07-21 23:25:00+03:00,15,OK,37.5,Acceptable,V,V,Acceptable,37.5,unique_max_firing_rule,A;M;V,1
2026-07-21 23:30:00+03:00,15,OK,37.5,Acceptable,V,V,Acceptable,37.5,unique_max_firing_rule,A;M;V,1
2026-07-21 23:35:00+03:00,15,OK,37.5,Acceptable,V,V,Acceptable,37.5,unique_max_firing_rule,A;M;V,1
2026-07-21 23:40:00+03:00,15,OK,40.85052914734718,Acceptable,V,V,Acceptable,40.85052914734718,unique_max_firing_rule,V,2
2026-07-21 23:45:00+03:00,15,OK,53.237584971995474,Degraded,V,V,Degraded,53.237584971995474,unique_max_firing_rule,V,2
2026-07-21 23:50:00+03:00,15,OK,53.03823501916423,Degraded,V,V,Degraded,53.03823501916423,unique_max_firing_rule,V,2
2026-07-21 23:55:00+03:00,15,OK,37.5,Acceptable,V,V,Acceptable,37.5,unique_max_firing_rule,A;M;V,1
2026-07-22 00:00:00+03:00,15,OK,37.5,Acceptable,V,V,Acceptable,37.5,unique_max_firing_rule,A;M;V,1
2026-07-22 00:05:00+03:00,15,OK,34.347210871300675,Acceptable,V,V,Acceptable,34.347210871300675,unique_max_firing_rule,V,2
2026-07-22 00:10:00+03:00,15,OK,25.28234454441554,Acceptable,V,V,Acceptable,25.28234454441554,unique_max_firing_rule,V,2
2026-07-22 00:15:00+03:00,15,OK,17.513502763602922,Favorable,V,V,Favorable,17.513502763602922,unique_max_firing_rule,V,2
2026-07-22 00:20:00+03:00,15,OK,12.444029850746269,Favorable,A,A;M;V,Favorable,12.444029850746269,co_dominant_tie,A;M;V,1
2026-07-22 00:25:00+03:00,15,OK,12.444029850746269,Favorable,A,A;M;V,Favorable,12.444029850746269,co_dominant_tie,A;M;V,1
2026-07-22 00:30:00+03:00,15,OK,12.444029850746269,Favorable,A,A;M;V,Favorable,12.444029850746269,co_dominant_tie,A;M;V,1
2026-07-22 00:35:00+03:00,15,OK,12.444029850746269,Favorable,A,A;M;V,Favorable,12.444029850746269,co_dominant_tie,A;M;V,1
2026-07-22 00:40:00+03:00,15,OK,12.444029850746269,Favorable,A,A;M;V,Favorable,12.444029850746269,co_dominant_tie,A;M;V,1
2026-07-22 00:45:00+03:00,15,OK,12.444029850746269,Favorable,A,A;M;V,Favorable,12.444029850746269,co_dominant_tie,A;M;V,1
2026-07-22 00:50:00+03:00,15,OK,12.444029850746269,Favorable,A,A;M;V,Favorable,12.444029850746269,co_dominant_tie,A;M;V,1
2026-07-22 00:55:00+03:00,15,OK,12.444029850746269,Favorable,A,A;M;V,Favorable,12.444029850746269,co_dominant_tie,A;M;V,1
2026-07-22 01:00:00+03:00,15,OK,12.444029850746269,Favorable,A,A;M;V,Favorable,12.444029850746269,co_dominant_tie,A;M;V,1
2026-07-22 01:05:00+03:00,15,OK,12.444029850746269,Favorable,A,A;M;V,Favorable,12.444029850746269,co_dominant_tie,A;M;V,1
2026-07-22 01:10:00+03:00,15,OK,12.444029850746269,Favorable,A,A;M;V,Favorable,12.444029850746269,co_dominant_tie,A;M;V,1
2026-07-22 01:15:00+03:00,15,OK,12.444029850746269,Favorable,A,A;M;V,Favorable,12.444029850746269,co_dominant_tie,A;M;V,1
2026-07-22 01:20:00+03:00,15,OK,12.444029850746269,Favorable,A,A;M;V,Favorable,12.444029850746269,co_dominant_tie,A;M;V,1
2026-07-22 01:25:00+03:00,15,OK,12.444029850746269,Favorable,A,A;M;V,Favorable,12.444029850746269,co_dominant_tie,A;M;V,1
2026-07-22 01:30:00+03:00,15,OK,12.444029850746269,Favorable,A,A;M;V,Favorable,12.444029850746269,co_dominant_tie,A;M;V,1
2026-07-22 01:35:00+03:00,15,OK,12.444029850746269,Favorable,A,A;M;V,Favorable,12.444029850746269,co_dominant_tie,A;M;V,1
2026-07-22 01:40:00+03:00,15,OK,12.444029850746269,Favorable,A,A;M;V,Favorable,12.444029850746269,co_dominant_tie,A;M;V,1
2026-07-22 01:45:00+03:00,15,OK,12.444029850746269,Favorable,A,A;M;V,Favorable,12.444029850746269,co_dominant_tie,A;M;V,1
2026-07-22 01:50:00+03:00,15,OK,12.444029850746269,Favorable,A,A;M;V,Favorable,12.444029850746269,co_dominant_tie,A;M;V,1
2026-07-22 01:55:00+03:00,15,OK,12.444029850746269,Favorable,A,A;M;V,Favorable,12.444029850746269,co_dominant_tie,A;M;V,1
2026-07-22 02:00:00+03:00,15,OK,12.444029850746269,Favorable,A,A;M;V,Favorable,12.444029850746269,co_dominant_tie,A;M;V,1
2026-07-22 02:05:00+03:00,15,OK,12.444029850746269,Favorable,A,A;M;V,Favorable,12.444029850746269,co_dominant_tie,A;M;V,1
2026-07-22 02:10:00+03:00,15,OK,12.444029850746269,Favorable,A,A;M;V,Favorable,12.444029850746269,co_dominant_tie,A;M;V,1
2026-07-22 02:15:00+03:00,15,OK,12.444029850746269,Favorable,A,A;M;V,Favorable,12.444029850746269,co_dominant_tie,A;M;V,1
2026-07-22 02:20:00+03:00,15,OK,12.444029850746269,Favorable,A,A;M;V,Favorable,12.444029850746269,co_dominant_tie,A;M;V,1
2026-07-22 02:25:00+03:00,15,OK,12.444029850746269,Favorable,A,A;M;V,Favorable,12.444029850746269,co_dominant_tie,A;M;V,1
2026-07-22 02:30:00+03:00,15,OK,12.444029850746269,Favorable,A,A;M;V,Favorable,12.444029850746269,co_dominant_tie,A;M;V,1
2026-07-22 02:35:00+03:00,15,OK,12.444029850746269,Favorable,A,A;M;V,Favorable,12.444029850746269,co_dominant_tie,A;M;V,1
2026-07-22 02:40:00+03:00,15,OK,12.444029850746269,Favorable,A,A;M;V,Favorable,12.444029850746269,co_dominant_tie,A;M;V,1
2026-07-22 02:45:00+03:00,15,OK,12.444029850746269,Favorable,A,A;M;V,Favorable,12.444029850746269,co_dominant_tie,A;M;V,1
2026-07-22 02:50:00+03:00,15,OK,12.444029850746269,Favorable,A,A;M;V,Favorable,12.444029850746269,co_dominant_tie,A;M;V,1
2026-07-22 02:55:00+03:00,15,OK,12.444029850746269,Favorable,A,A;M;V,Favorable,12.444029850746269,co_dominant_tie,A;M;V,1
2026-07-22 03:00:00+03:00,15,OK,12.444029850746269,Favorable,A,A;M;V,Favorable,12.444029850746269,co_dominant_tie,A;M;V,1
2026-07-22 03:05:00+03:00,15,OK,12.444029850746269,Favorable,A,A;M;V,Favorable,12.444029850746269,co_dominant_tie,A;M;V,1
2026-07-22 03:10:00+03:00,15,OK,12.444029850746269,Favorable,A,A;M;V,Favorable,12.444029850746269,co_dominant_tie,A;M;V,1
2026-07-22 03:15:00+03:00,15,OK,12.444029850746269,Favorable,A,A;M;V,Favorable,12.444029850746269,co_dominant_tie,A;M;V,1
2026-07-22 03:20:00+03:00,15,OK,12.444029850746269,Favorable,A,A;M;V,Favorable,12.444029850746269,co_dominant_tie,A;M;V,1
2026-07-22 03:25:00+03:00,15,OK,12.444029850746269,Favorable,A,A;M;V,Favorable,12.444029850746269,co_dominant_tie,A;M;V,1
2026-07-22 03:30:00+03:00,15,OK,12.444029850746269,Favorable,A,A;M;V,Favorable,12.444029850746269,co_dominant_tie,A;M;V,1
2026-07-22 03:35:00+03:00,15,OK,12.444029850746269,Favorable,A,A;M;V,Favorable,12.444029850746269,co_dominant_tie,A;M;V,1
2026-07-22 03:40:00+03:00,15,OK,12.444029850746269,Favorable,A,A;M;V,Favorable,12.444029850746269,co_dominant_tie,A;M;V,1
2026-07-22 03:45:00+03:00,15,OK,12.444029850746269,Favorable,A,A;M;V,Favorable,12.444029850746269,co_dominant_tie,A;M;V,1
2026-07-22 03:50:00+03:00,15,OK,12.444029850746269,Favorable,A,A;M;V,Favorable,12.444029850746269,co_dominant_tie,A;M;V,1
2026-07-22 03:55:00+03:00,15,OK,12.444029850746269,Favorable,A,A;M;V,Favorable,12.444029850746269,co_dominant_tie,A;M;V,1
2026-07-22 04:00:00+03:00,15,OK,12.444029850746269,Favorable,A,A;M;V,Favorable,12.444029850746269,co_dominant_tie,A;M;V,1
2026-07-22 04:05:00+03:00,15,OK,12.444029850746269,Favorable,A,A;M;V,Favorable,12.444029850746269,co_dominant_tie,A;M;V,1
2026-07-22 04:10:00+03:00,15,OK,12.444029850746269,Favorable,A,A;M;V,Favorable,12.444029850746269,co_dominant_tie,A;M;V,1
2026-07-22 04:15:00+03:00,15,OK,12.444029850746269,Favorable,A,A;M;V,Favorable,12.444029850746269,co_dominant_tie,A;M;V,1
2026-07-22 04:20:00+03:00,15,OK,12.444029850746269,Favorable,A,A;M;V,Favorable,12.444029850746269,co_dominant_tie,A;M;V,1
2026-07-22 04:25:00+03:00,15,OK,12.444029850746269,Favorable,A,A;M;V,Favorable,12.444029850746269,co_dominant_tie,A;M;V,1
2026-07-22 04:30:00+03:00,15,OK,12.444029850746269,Favorable,A,A;M;V,Favorable,12.444029850746269,co_dominant_tie,A;M;V,1
2026-07-22 04:35:00+03:00,15,OK,12.444029850746269,Favorable,A,A;M;V,Favorable,12.444029850746269,co_dominant_tie,A;M;V,1
2026-07-22 04:40:00+03:00,15,OK,12.444029850746269,Favorable,A,A;M;V,Favorable,12.444029850746269,co_dominant_tie,A;M;V,1
2026-07-22 04:45:00+03:00,15,OK,12.444029850746269,Favorable,A,A;M;V,Favorable,12.444029850746269,co_dominant_tie,A;M;V,1
2026-07-22 04:50:00+03:00,15,OK,12.444029850746269,Favorable,A,A;M;V,Favorable,12.444029850746269,co_dominant_tie,A;M;V,1
2026-07-22 04:55:00+03:00,15,OK,12.444029850746269,Favorable,A,A;M;V,Favorable,12.444029850746269,co_dominant_tie,A;M;V,1
2026-07-22 05:00:00+03:00,15,OK,12.444029850746269,Favorable,A,A;M;V,Favorable,12.444029850746269,co_dominant_tie,A;M;V,1
2026-07-22 05:05:00+03:00,15,OK,12.444029850746269,Favorable,A,A;M;V,Favorable,12.444029850746269,co_dominant_tie,A;M;V,1
2026-07-22 05:10:00+03:00,15,OK,12.444029850746269,Favorable,A,A;M;V,Favorable,12.444029850746269,co_dominant_tie,A;M;V,1
2026-07-22 05:15:00+03:00,15,OK,12.444029850746269,Favorable,A,A;M;V,Favorable,12.444029850746269,co_dominant_tie,A;M;V,1
2026-07-22 05:20:00+03:00,15,OK,12.444029850746269,Favorable,A,A;M;V,Favorable,12.444029850746269,co_dominant_tie,A;M;V,1
2026-07-22 05:25:00+03:00,15,OK,12.444029850746269,Favorable,A,A;M;V,Favorable,12.444029850746269,co_dominant_tie,A;M;V,1
2026-07-22 05:30:00+03:00,15,OK,12.444029850746269,Favorable,A,A;M;V,Favorable,12.444029850746269,co_dominant_tie,A;M;V,1
2026-07-22 05:35:00+03:00,15,OK,12.444029850746269,Favorable,A,A;M;V,Favorable,12.444029850746269,co_dominant_tie,A;M;V,1
2026-07-22 05:40:00+03:00,15,OK,12.444029850746269,Favorable,A,A;M;V,Favorable,12.444029850746269,co_dominant_tie,A;M;V,1
2026-07-22 05:45:00+03:00,15,OK,12.444029850746269,Favorable,A,A;M;V,Favorable,12.444029850746269,co_dominant_tie,A;M;V,1
2026-07-22 05:50:00+03:00,15,OK,12.444029850746269,Favorable,A,A;M;V,Favorable,12.444029850746269,co_dominant_tie,A;M;V,1
2026-07-22 05:55:00+03:00,15,OK,12.444029850746269,Favorable,A,A;M;V,Favorable,12.444029850746269,co_dominant_tie,A;M;V,1
2026-07-22 06:00:00+03:00,15,OK,12.444029850746269,Favorable,A,A;M;V,Favorable,12.444029850746269,co_dominant_tie,A;M;V,1
2026-07-22 06:05:00+03:00,15,OK,12.444029850746269,Favorable,A,A;M;V,Favorable,12.444029850746269,co_dominant_tie,A;M;V,1
2026-07-22 06:10:00+03:00,15,OK,12.444029850746269,Favorable,A,A;M;V,Favorable,12.444029850746269,co_dominant_tie,A;M;V,1
2026-07-22 06:15:00+03:00,15,OK,12.444029850746269,Favorable,A,A;M;V,Favorable,12.444029850746269,co_dominant_tie,A;M;V,1
2026-07-22 06:20:00+03:00,15,OK,12.444029850746269,Favorable,A,A;M;V,Favorable,12.444029850746269,co_dominant_tie,A;M;V,1
2026-07-22 06:25:00+03:00,15,OK,12.444029850746269,Favorable,A,A;M;V,Favorable,12.444029850746269,co_dominant_tie,A;M;V,1
2026-07-22 06:30:00+03:00,15,OK,12.444029850746269,Favorable,A,A;M;V,Favorable,12.444029850746269,co_dominant_tie,A;M;V,1
2026-07-22 06:35:00+03:00,15,OK,12.444029850746269,Favorable,A,A;M;V,Favorable,12.444029850746269,co_dominant_tie,A;M;V,1
2026-07-22 06:40:00+03:00,15,OK,12.444029850746269,Favorable,A,A;M;V,Favorable,12.444029850746269,co_dominant_tie,A;M;V,1
2026-07-22 06:45:00+03:00,15,OK,12.444029850746269,Favorable,A,A;M;V,Favorable,12.444029850746269,co_dominant_tie,A;M;V,1
2026-07-22 06:50:00+03:00,15,OK,13.500722181917228,Favorable,M,M,Favorable,13.500722181917228,unique_max_firing_rule,M,2
2026-07-22 06:55:00+03:00,15,OK,14.006335316534022,Favorable,M,M,Favorable,14.006335316534022,unique_max_firing_rule,M,2
2026-07-22 07:00:00+03:00,15,OK,15.241760149175809,Favorable,M,M,Favorable,15.241760149175809,unique_max_firing_rule,M,2
2026-07-22 07:05:00+03:00,15,OK,16.293005043582216,Favorable,M,M,Favorable,16.293005043582216,unique_max_firing_rule,M,2
2026-07-22 07:10:00+03:00,15,OK,16.541200354006858,Favorable,M,M,Favorable,16.541200354006858,unique_max_firing_rule,M,2
2026-07-22 07:15:00+03:00,15,OK,16.293005043582216,Favorable,M,M,Favorable,16.293005043582216,unique_max_firing_rule,M,2
2026-07-22 07:20:00+03:00,15,OK,16.35292296259595,Favorable,M,M,Favorable,16.35292296259595,unique_max_firing_rule,M,2
2026-07-22 07:25:00+03:00,15,OK,19.648372778140168,Favorable,M,M,Favorable,19.648372778140168,unique_max_firing_rule,M,2
2026-07-22 07:30:00+03:00,15,OK,23.42596707818892,Favorable,M,M,Favorable,23.42596707818892,unique_max_firing_rule,M,2
2026-07-22 07:35:00+03:00,15,OK,23.558971193415594,Favorable,M,M,Favorable,23.558971193415594,unique_max_firing_rule,M,2
2026-07-22 07:40:00+03:00,15,OK,16.90903913768362,Favorable,M,M,Favorable,16.90903913768362,unique_max_firing_rule,M,2
2026-07-22 07:45:00+03:00,15,OK,12.444029850746269,Favorable,A,A;M;V,Favorable,12.444029850746269,co_dominant_tie,A;M;V,1
2026-07-22 07:50:00+03:00,15,OK,19.721743566689188,Favorable,V,V,Favorable,19.721743566689188,unique_max_firing_rule,V,2
2026-07-22 07:55:00+03:00,15,OK,23.525720164609066,Favorable,V,V,Favorable,23.525720164609066,unique_max_firing_rule,V,2
2026-07-22 08:00:00+03:00,15,OK,22.01696155826932,Favorable,V,V,Favorable,22.01696155826932,unique_max_firing_rule,V,2
2026-07-22 08:05:00+03:00,15,OK,19.114202675405753,Favorable,V,V,Favorable,19.114202675405753,unique_max_firing_rule,V,2
2026-07-22 08:10:00+03:00,15,OK,15.955404655992247,Favorable,V,V,Favorable,15.955404655992247,unique_max_firing_rule,V,2
2026-07-22 08:15:00+03:00,15,OK,12.700015157866792,Favorable,V,V,Favorable,12.700015157866792,unique_max_firing_rule,V,2
2026-07-22 08:20:00+03:00,15,OK,12.444029850746269,Favorable,A,A;M;V,Favorable,12.444029850746269,co_dominant_tie,A;M;V,1
2026-07-22 08:25:00+03:00,15,OK,12.444029850746269,Favorable,A,A;M;V,Favorable,12.444029850746269,co_dominant_tie,A;M;V,1
2026-07-22 08:30:00+03:00,15,OK,12.444029850746269,Favorable,A,A;M;V,Favorable,12.444029850746269,co_dominant_tie,A;M;V,1
2026-07-22 08:35:00+03:00,15,OK,12.444029850746269,Favorable,A,A;M;V,Favorable,12.444029850746269,co_dominant_tie,A;M;V,1
2026-07-22 08:40:00+03:00,15,OK,12.444029850746269,Favorable,A,A;M;V,Favorable,12.444029850746269,co_dominant_tie,A;M;V,1
2026-07-22 08:45:00+03:00,15,OK,12.444029850746269,Favorable,A,A;M;V,Favorable,12.444029850746269,co_dominant_tie,A;M;V,1
2026-07-22 08:50:00+03:00,15,OK,12.444029850746269,Favorable,A,A;M;V,Favorable,12.444029850746269,co_dominant_tie,A;M;V,1
2026-07-22 08:55:00+03:00,15,OK,12.444029850746269,Favorable,A,A;M;V,Favorable,12.444029850746269,co_dominant_tie,A;M;V,1
2026-07-22 09:00:00+03:00,15,OK,12.444029850746269,Favorable,A,A;M;V,Favorable,12.444029850746269,co_dominant_tie,A;M;V,1
2026-07-22 09:05:00+03:00,15,OK,12.444029850746269,Favorable,A,A;M;V,Favorable,12.444029850746269,co_dominant_tie,A;M;V,1
2026-07-22 09:10:00+03:00,15,OK,12.444029850746269,Favorable,A,A;M;V,Favorable,12.444029850746269,co_dominant_tie,A;M;V,1
2026-07-22 09:15:00+03:00,15,OK,12.444029850746269,Favorable,A,A;M;V,Favorable,12.444029850746269,co_dominant_tie,A;M;V,1
2026-07-22 09:20:00+03:00,15,OK,12.444029850746269,Favorable,A,A;M;V,Favorable,12.444029850746269,co_dominant_tie,A;M;V,1
2026-07-22 09:25:00+03:00,15,OK,12.444029850746269,Favorable,A,A;M;V,Favorable,12.444029850746269,co_dominant_tie,A;M;V,1
2026-07-22 09:30:00+03:00,15,OK,12.444029850746269,Favorable,A,A;M;V,Favorable,12.444029850746269,co_dominant_tie,A;M;V,1
2026-07-22 09:35:00+03:00,15,OK,12.444029850746269,Favorable,A,A;M;V,Favorable,12.444029850746269,co_dominant_tie,A;M;V,1
2026-07-22 09:40:00+03:00,15,OK,12.444029850746269,Favorable,A,A;M;V,Favorable,12.444029850746269,co_dominant_tie,A;M;V,1
2026-07-22 09:45:00+03:00,15,OK,12.444029850746269,Favorable,A,A;M;V,Favorable,12.444029850746269,co_dominant_tie,A;M;V,1
2026-07-22 09:50:00+03:00,15,OK,12.444029850746269,Favorable,A,A;M;V,Favorable,12.444029850746269,co_dominant_tie,A;M;V,1
2026-07-22 09:55:00+03:00,15,OK,12.444029850746269,Favorable,A,A;M;V,Favorable,12.444029850746269,co_dominant_tie,A;M;V,1
2026-07-22 10:00:00+03:00,15,OK,12.444029850746269,Favorable,A,A;M;V,Favorable,12.444029850746269,co_dominant_tie,A;M;V,1
2026-07-22 10:05:00+03:00,15,OK,12.444029850746269,Favorable,A,A;M;V,Favorable,12.444029850746269,co_dominant_tie,A;M;V,1
2026-07-22 10:10:00+03:00,15,OK,12.444029850746269,Favorable,A,A;M;V,Favorable,12.444029850746269,co_dominant_tie,A;M;V,1
2026-07-22 10:15:00+03:00,15,OK,12.444029850746269,Favorable,A,A;M;V,Favorable,12.444029850746269,co_dominant_tie,A;M;V,1
2026-07-22 10:20:00+03:00,15,OK,12.444029850746269,Favorable,A,A;M;V,Favorable,12.444029850746269,co_dominant_tie,A;M;V,1
2026-07-22 10:25:00+03:00,15,OK,12.444029850746269,Favorable,A,A;M;V,Favorable,12.444029850746269,co_dominant_tie,A;M;V,1
2026-07-22 10:30:00+03:00,15,OK,12.444029850746269,Favorable,A,A;M;V,Favorable,12.444029850746269,co_dominant_tie,A;M;V,1
2026-07-22 10:35:00+03:00,15,OK,12.444029850746269,Favorable,A,A;M;V,Favorable,12.444029850746269,co_dominant_tie,A;M;V,1
2026-07-22 10:40:00+03:00,15,OK,12.444029850746269,Favorable,A,A;M;V,Favorable,12.444029850746269,co_dominant_tie,A;M;V,1
2026-07-22 10:45:00+03:00,15,OK,12.444029850746269,Favorable,A,A;M;V,Favorable,12.444029850746269,co_dominant_tie,A;M;V,1
2026-07-22 10:50:00+03:00,15,OK,12.444029850746269,Favorable,A,A;M;V,Favorable,12.444029850746269,co_dominant_tie,A;M;V,1
2026-07-22 10:55:00+03:00,15,OK,12.444029850746269,Favorable,A,A;M;V,Favorable,12.444029850746269,co_dominant_tie,A;M;V,1
2026-07-22 11:00:00+03:00,15,OK,12.444029850746269,Favorable,A,A;M;V,Favorable,12.444029850746269,co_dominant_tie,A;M;V,1
2026-07-22 11:05:00+03:00,15,OK,12.444029850746269,Favorable,A,A;M;V,Favorable,12.444029850746269,co_dominant_tie,A;M;V,1
2026-07-22 11:10:00+03:00,15,OK,12.444029850746269,Favorable,A,A;M;V,Favorable,12.444029850746269,co_dominant_tie,A;M;V,1
2026-07-22 11:15:00+03:00,15,OK,12.444029850746269,Favorable,A,A;M;V,Favorable,12.444029850746269,co_dominant_tie,A;M;V,1
2026-07-22 11:20:00+03:00,15,OK,12.444029850746269,Favorable,A,A;M;V,Favorable,12.444029850746269,co_dominant_tie,A;M;V,1
2026-07-22 11:25:00+03:00,15,OK,20.27970478063653,Favorable,M,M,Favorable,20.27970478063653,unique_max_firing_rule,M,2
2026-07-22 11:30:00+03:00,15,OK,26.61305863092385,Acceptable,M,M,Acceptable,26.61305863092385,unique_max_firing_rule,M,2
2026-07-22 11:35:00+03:00,15,OK,31.23018783763685,Acceptable,M,M,Acceptable,31.23018783763685,unique_max_firing_rule,M,2
2026-07-22 11:40:00+03:00,15,OK,33.90614092658332,Acceptable,M,M,Acceptable,33.90614092658332,unique_max_firing_rule,M,2
2026-07-22 11:45:00+03:00,15,OK,34.46432599177405,Acceptable,M,M,Acceptable,34.46432599177405,unique_max_firing_rule,M,2
2026-07-22 11:50:00+03:00,15,OK,32.521481091741556,Acceptable,M,M,Acceptable,32.521481091741556,unique_max_firing_rule,M,4
2026-07-22 11:55:00+03:00,15,OK,29.134909469002245,Acceptable,V,V,Acceptable,29.637942470210586,unique_max_firing_rule,V,4
2026-07-22 12:00:00+03:00,15,OK,28.515975860238484,Acceptable,M,M,Acceptable,28.515975860238484,unique_max_firing_rule,M,2
2026-07-22 12:05:00+03:00,15,OK,32.022833100182346,Acceptable,M,M,Acceptable,32.022833100182346,unique_max_firing_rule,M,2
2026-07-22 12:10:00+03:00,15,OK,35.79798256811212,Acceptable,M,M,Acceptable,35.79798256811212,unique_max_firing_rule,M,2
2026-07-22 12:15:00+03:00,15,OK,39.89081082155161,Acceptable,M,M,Acceptable,39.89081082155161,unique_max_firing_rule,M,2
2026-07-22 12:20:00+03:00,15,OK,42.46727587058534,Acceptable,M,M,Acceptable,42.46727587058534,unique_max_firing_rule,M,2
2026-07-22 12:25:00+03:00,15,OK,46.768281707656456,Acceptable,M,M,Acceptable,46.768281707656456,unique_max_firing_rule,M,2
2026-07-22 12:30:00+03:00,15,OK,49.99183003866034,Acceptable,M,M,Acceptable,49.99183003866034,unique_max_firing_rule,M,2
2026-07-22 12:35:00+03:00,15,OK,51.95414065233944,Degraded,M,M,Degraded,51.95414065233944,unique_max_firing_rule,M,2
2026-07-22 12:40:00+03:00,15,OK,52.26512234931645,Degraded,M,M,Degraded,52.26512234931645,unique_max_firing_rule,M,2
2026-07-22 12:45:00+03:00,15,OK,54.407870588852155,Degraded,M,M,Degraded,54.407870588852155,unique_max_firing_rule,M,2
2026-07-22 12:50:00+03:00,15,OK,55.5377799655429,Degraded,M,M,Degraded,55.5377799655429,unique_max_firing_rule,M,2
2026-07-22 12:55:00+03:00,15,OK,56.748425915270424,Degraded,M,M,Degraded,56.748425915270424,unique_max_firing_rule,M,2
2026-07-22 13:00:00+03:00,15,OK,56.91509480504524,Degraded,M,M,Degraded,56.91509480504524,unique_max_firing_rule,M,2
2026-07-22 13:05:00+03:00,15,OK,60.109189178448204,Degraded,M,M,Degraded,60.109189178448204,unique_max_firing_rule,M,2
2026-07-22 13:10:00+03:00,15,OK,62.5,Degraded,M,M,Degraded,62.5,unique_max_firing_rule,A;M;V,1
2026-07-22 13:15:00+03:00,15,OK,62.5,Degraded,M,M,Degraded,62.5,unique_max_firing_rule,A;M;V,1
2026-07-22 13:20:00+03:00,15,OK,61.71678802010384,Degraded,M,M,Degraded,61.71678802010384,unique_max_firing_rule,M,2
2026-07-22 13:25:00+03:00,15,OK,58.47877008346786,Degraded,M,M,Degraded,58.47877008346786,unique_max_firing_rule,M,2
2026-07-22 13:30:00+03:00,15,OK,55.661677825915454,Degraded,M,M,Degraded,55.661677825915454,unique_max_firing_rule,M,2
2026-07-22 13:35:00+03:00,15,OK,52.02778722624858,Degraded,M,M,Degraded,52.02778722624858,unique_max_firing_rule,M,2
2026-07-22 13:40:00+03:00,15,OK,48.38948604166755,Acceptable,M,M,Acceptable,48.38948604166755,unique_max_firing_rule,M,2
2026-07-22 13:45:00+03:00,15,OK,46.00374730580506,Acceptable,M,M,Acceptable,46.00374730580506,unique_max_firing_rule,M,2
2026-07-22 13:50:00+03:00,15,OK,45.08116084604027,Acceptable,M,M,Acceptable,45.08116084604027,unique_max_firing_rule,M,2
2026-07-22 13:55:00+03:00,15,OK,44.84194539842494,Acceptable,M,M,Acceptable,44.84194539842494,unique_max_firing_rule,M,2
2026-07-22 14:00:00+03:00,15,OK,44.156539095379756,Acceptable,M,M,Acceptable,44.156539095379756,unique_max_firing_rule,M,2
2026-07-22 14:05:00+03:00,15,OK,42.58424006979572,Acceptable,M,M,Acceptable,42.58424006979572,unique_max_firing_rule,M,2
2026-07-22 14:10:00+03:00,15,OK,41.420557663751914,Acceptable,M,M,Acceptable,41.420557663751914,unique_max_firing_rule,M,2
2026-07-22 14:15:00+03:00,15,OK,41.19389927867577,Acceptable,M,M,Acceptable,41.19389927867577,unique_max_firing_rule,M,2
2026-07-22 14:20:00+03:00,15,OK,41.86489293308935,Acceptable,M,M,Acceptable,41.86489293308935,unique_max_firing_rule,M,2
2026-07-22 14:25:00+03:00,15,OK,41.873269154688025,Acceptable,M,M,Acceptable,41.873269154688025,unique_max_firing_rule,M,2
2026-07-22 14:30:00+03:00,15,OK,40.54520450127614,Acceptable,M,M,Acceptable,40.54520450127614,unique_max_firing_rule,M,2
2026-07-22 14:35:00+03:00,15,OK,38.87486716259302,Acceptable,M,M,Acceptable,38.87486716259302,unique_max_firing_rule,M,2
2026-07-22 14:40:00+03:00,15,OK,38.36049218490202,Acceptable,M,M,Acceptable,38.36049218490202,unique_max_firing_rule,M,2
2026-07-22 14:45:00+03:00,15,OK,37.491755109931944,Acceptable,M,M,Acceptable,37.491755109931944,unique_max_firing_rule,M,2
2026-07-22 14:50:00+03:00,15,OK,37.104493124400605,Acceptable,M,M,Acceptable,37.104493124400605,unique_max_firing_rule,M,2
2026-07-22 14:55:00+03:00,15,OK,36.41357211308105,Acceptable,M,M,Acceptable,36.41357211308105,unique_max_firing_rule,M,2
2026-07-22 15:00:00+03:00,15,OK,36.39714044240979,Acceptable,M,M,Acceptable,36.39714044240979,unique_max_firing_rule,M,2
2026-07-22 15:05:00+03:00,15,OK,36.70949185043171,Acceptable,M,M,Acceptable,36.70949185043171,unique_max_firing_rule,M,2
2026-07-22 15:10:00+03:00,15,OK,36.56971662694891,Acceptable,M,M,Acceptable,36.56971662694891,unique_max_firing_rule,M,2
2026-07-22 15:15:00+03:00,15,OK,35.48655226260854,Acceptable,M,M,Acceptable,35.48655226260854,unique_max_firing_rule,M,2
2026-07-22 15:20:00+03:00,15,OK,33.68461079630197,Acceptable,M,M,Acceptable,33.68461079630197,unique_max_firing_rule,M,2
2026-07-22 15:25:00+03:00,15,OK,31.736996006400545,Acceptable,M,M,Acceptable,31.736996006400545,unique_max_firing_rule,M,2
2026-07-22 15:30:00+03:00,15,OK,28.712378284625117,Acceptable,M,M,Acceptable,28.712378284625117,unique_max_firing_rule,M,2
2026-07-22 15:35:00+03:00,15,OK,25.476392341504813,Acceptable,M,M,Acceptable,25.476392341504813,unique_max_firing_rule,M,2
2026-07-22 15:40:00+03:00,15,OK,22.195679012345213,Favorable,M,M,Favorable,22.195679012345213,unique_max_firing_rule,M,2
2026-07-22 15:45:00+03:00,15,OK,21.81884630580839,Favorable,M,M,Favorable,21.81884630580839,unique_max_firing_rule,M,2
2026-07-22 15:50:00+03:00,15,OK,21.61709736051822,Favorable,M,M,Favorable,21.61709736051822,unique_max_firing_rule,M,2
2026-07-22 15:55:00+03:00,15,OK,21.23873212997795,Favorable,M,M,Favorable,21.23873212997795,unique_max_firing_rule,M,2
2026-07-22 16:00:00+03:00,15,OK,19.505227471205476,Favorable,M,M,Favorable,19.505227471205476,unique_max_firing_rule,M,2
2026-07-22 16:05:00+03:00,15,OK,16.583983039933216,Favorable,M,M,Favorable,16.583983039933216,unique_max_firing_rule,M,2
2026-07-22 16:10:00+03:00,15,OK,12.487745219972433,Favorable,M,M,Favorable,12.487745219972433,unique_max_firing_rule,M,2
2026-07-22 16:15:00+03:00,15,OK,12.444029850746269,Favorable,A,A;M;V,Favorable,12.444029850746269,co_dominant_tie,A;M;V,1
2026-07-22 16:20:00+03:00,15,OK,12.444029850746269,Favorable,A,A;M;V,Favorable,12.444029850746269,co_dominant_tie,A;M;V,1
2026-07-22 16:25:00+03:00,15,OK,12.444029850746269,Favorable,A,A;M;V,Favorable,12.444029850746269,co_dominant_tie,A;M;V,1
2026-07-22 16:30:00+03:00,15,OK,12.444029850746269,Favorable,A,A;M;V,Favorable,12.444029850746269,co_dominant_tie,A;M;V,1
2026-07-22 16:35:00+03:00,15,OK,12.444029850746269,Favorable,A,A;M;V,Favorable,12.444029850746269,co_dominant_tie,A;M;V,1
2026-07-22 16:40:00+03:00,15,OK,12.444029850746269,Favorable,A,A;M;V,Favorable,12.444029850746269,co_dominant_tie,A;M;V,1
2026-07-22 16:45:00+03:00,15,OK,12.444029850746269,Favorable,A,A;M;V,Favorable,12.444029850746269,co_dominant_tie,A;M;V,1
2026-07-22 16:50:00+03:00,15,OK,12.444029850746269,Favorable,A,A;M;V,Favorable,12.444029850746269,co_dominant_tie,A;M;V,1
2026-07-22 16:55:00+03:00,15,OK,12.444029850746269,Favorable,A,A;M;V,Favorable,12.444029850746269,co_dominant_tie,A;M;V,1
2026-07-22 17:00:00+03:00,15,OK,12.444029850746269,Favorable,A,A;M;V,Favorable,12.444029850746269,co_dominant_tie,A;M;V,1
2026-07-22 17:05:00+03:00,15,OK,12.444029850746269,Favorable,A,A;M;V,Favorable,12.444029850746269,co_dominant_tie,A;M;V,1
2026-07-22 17:10:00+03:00,15,OK,12.444029850746269,Favorable,A,A;M;V,Favorable,12.444029850746269,co_dominant_tie,A;M;V,1
2026-07-22 17:15:00+03:00,15,OK,12.444029850746269,Favorable,A,A;M;V,Favorable,12.444029850746269,co_dominant_tie,A;M;V,1
2026-07-22 17:20:00+03:00,15,OK,16.27360186305961,Favorable,M,M,Favorable,16.27360186305961,unique_max_firing_rule,M,2
2026-07-22 17:25:00+03:00,15,OK,22.17766803840881,Favorable,M,M,Favorable,22.17766803840881,unique_max_firing_rule,M,2
2026-07-22 17:30:00+03:00,15,OK,26.76249450134114,Acceptable,M,M,Acceptable,26.76249450134114,unique_max_firing_rule,M,2
2026-07-22 17:35:00+03:00,15,OK,12.444029850746269,Favorable,A,A;M;V,Favorable,12.444029850746269,co_dominant_tie,A;M;V,1
2026-07-22 17:40:00+03:00,15,OK,26.933790845025708,Acceptable,M,M,Acceptable,26.933790845025708,unique_max_firing_rule,M,2
2026-07-22 17:45:00+03:00,15,OK,29.168162221418378,Acceptable,M,M,Acceptable,29.168162221418378,unique_max_firing_rule,M,2
2026-07-22 17:50:00+03:00,15,OK,31.988794465673337,Acceptable,M,M,Acceptable,31.988794465673337,unique_max_firing_rule,M,2
2026-07-22 17:55:00+03:00,15,OK,33.92041708557372,Acceptable,M,M,Acceptable,33.92041708557372,unique_max_firing_rule,M,2
2026-07-22 18:00:00+03:00,15,OK,33.41041358341108,Acceptable,M,M,Acceptable,33.41041358341108,unique_max_firing_rule,M,2
2026-07-22 18:05:00+03:00,15,OK,35.27365510919346,Acceptable,M,M,Acceptable,35.27365510919346,unique_max_firing_rule,M,2
2026-07-22 18:10:00+03:00,15,OK,35.244345545204226,Acceptable,M,M,Acceptable,35.244345545204226,unique_max_firing_rule,M,2
2026-07-22 18:15:00+03:00,15,OK,38.139763462655075,Acceptable,M,M,Acceptable,38.139763462655075,unique_max_firing_rule,M,2
2026-07-22 18:20:00+03:00,15,OK,41.835454443169574,Acceptable,M,M,Acceptable,41.835454443169574,unique_max_firing_rule,M,2
2026-07-22 18:25:00+03:00,15,OK,44.12347916297332,Acceptable,M,M,Acceptable,44.12347916297332,unique_max_firing_rule,M,2
2026-07-22 18:30:00+03:00,15,OK,47.096304536308494,Acceptable,M,M,Acceptable,47.096304536308494,unique_max_firing_rule,M,2
2026-07-22 18:35:00+03:00,15,OK,50.38404591554916,Degraded,M,M,Degraded,50.38404591554916,unique_max_firing_rule,M,2
2026-07-22 18:40:00+03:00,15,OK,53.73302945163747,Degraded,M,M,Degraded,53.73302945163747,unique_max_firing_rule,M,2
2026-07-22 18:45:00+03:00,15,OK,57.37400006583954,Degraded,M,M,Degraded,57.37400006583954,unique_max_firing_rule,M,2
2026-07-22 18:50:00+03:00,15,OK,60.74264966548338,Degraded,M,M,Degraded,60.74264966548338,unique_max_firing_rule,M,2
2026-07-22 18:55:00+03:00,15,OK,62.5,Degraded,M,M,Degraded,62.5,unique_max_firing_rule,A;M;V,1
2026-07-22 19:00:00+03:00,15,OK,62.5,Degraded,M,M,Degraded,62.5,unique_max_firing_rule,A;M;V,1
2026-07-22 19:05:00+03:00,15,OK,62.5,Degraded,M,M,Degraded,62.5,unique_max_firing_rule,A;M;V,1
2026-07-22 19:10:00+03:00,15,OK,62.5,Degraded,M,M,Degraded,62.5,unique_max_firing_rule,A;M;V,1
2026-07-22 19:15:00+03:00,15,OK,62.5,Degraded,M,M,Degraded,62.5,unique_max_firing_rule,A;M;V,1
2026-07-22 19:20:00+03:00,15,OK,62.5,Degraded,M,M,Degraded,62.5,unique_max_firing_rule,A;M;V,1
2026-07-22 19:25:00+03:00,15,OK,62.5,Degraded,M,M,Degraded,62.5,unique_max_firing_rule,A;M;V,1
2026-07-22 19:30:00+03:00,15,OK,62.5,Degraded,M,M,Degraded,62.5,unique_max_firing_rule,A;M;V,1
2026-07-22 19:35:00+03:00,15,OK,62.5,Degraded,M,M,Degraded,62.5,unique_max_firing_rule,A;M;V,1
2026-07-22 19:40:00+03:00,15,OK,62.5,Degraded,M,M,Degraded,62.5,unique_max_firing_rule,A;M;V,1
2026-07-22 19:45:00+03:00,15,OK,62.5,Degraded,M,M,Degraded,62.5,unique_max_firing_rule,A;M;V,1
2026-07-22 19:50:00+03:00,15,OK,62.5,Degraded,M,M,Degraded,62.5,unique_max_firing_rule,A;M;V,1
2026-07-22 19:55:00+03:00,15,OK,62.5,Degraded,M,M,Degraded,62.5,unique_max_firing_rule,A;M;V,1
2026-07-22 20:00:00+03:00,15,OK,62.5,Degraded,M,M,Degraded,62.5,unique_max_firing_rule,A;M;V,1
2026-07-22 20:05:00+03:00,15,OK,62.5,Degraded,M,M,Degraded,62.5,unique_max_firing_rule,A;M;V,1
2026-07-22 20:10:00+03:00,15,OK,62.5,Degraded,M,M,Degraded,62.5,unique_max_firing_rule,A;M;V,1
2026-07-22 20:15:00+03:00,15,OK,62.5,Degraded,M,M,Degraded,62.5,unique_max_firing_rule,A;M;V,1
2026-07-22 20:20:00+03:00,15,OK,62.5,Degraded,M,M,Degraded,62.5,unique_max_firing_rule,A;M;V,1
2026-07-22 20:25:00+03:00,15,OK,62.5,Degraded,M,M,Degraded,62.5,unique_max_firing_rule,A;M;V,1
2026-07-22 20:30:00+03:00,15,OK,62.5,Degraded,M,M,Degraded,62.5,unique_max_firing_rule,A;M;V,1
2026-07-22 20:35:00+03:00,15,OK,62.5,Degraded,M,M,Degraded,62.5,unique_max_firing_rule,A;M;V,1
2026-07-22 20:40:00+03:00,15,OK,60.024071014459516,Degraded,M,M,Degraded,60.024071014459516,unique_max_firing_rule,M,2
2026-07-22 20:45:00+03:00,15,OK,54.688001993220404,Degraded,M,M,Degraded,54.688001993220404,unique_max_firing_rule,M,2
2026-07-22 20:50:00+03:00,15,OK,50.26963692162887,Degraded,M,M,Degraded,50.26963692162887,unique_max_firing_rule,M,2
2026-07-22 20:55:00+03:00,15,OK,45.83537861613145,Acceptable,M,M,Acceptable,45.83537861613145,unique_max_firing_rule,M,2
2026-07-22 21:00:00+03:00,15,OK,40.92401371534224,Acceptable,M,M,Acceptable,40.92401371534224,unique_max_firing_rule,M,2
2026-07-22 21:05:00+03:00,15,OK,31.51367769480639,Acceptable,M,M,Acceptable,31.51367769480639,unique_max_firing_rule,M,2
2026-07-22 21:10:00+03:00,15,OK,27.93560116728504,Acceptable,M,M,Acceptable,27.93560116728504,unique_max_firing_rule,M,2
2026-07-22 21:15:00+03:00,15,OK,23.168271604938194,Favorable,M,M,Favorable,23.168271604938194,unique_max_firing_rule,M,2
2026-07-22 21:20:00+03:00,15,OK,18.779214453605523,Favorable,M,M,Favorable,18.779214453605523,unique_max_firing_rule,M,2
2026-07-22 21:25:00+03:00,15,OK,16.480444084770212,Favorable,M,M,Favorable,16.480444084770212,unique_max_firing_rule,M,2
2026-07-22 21:30:00+03:00,15,OK,14.74583362072118,Favorable,M,M,Favorable,14.74583362072118,unique_max_firing_rule,M,2
2026-07-22 21:35:00+03:00,15,OK,14.441741372064248,Favorable,M,M,Favorable,14.441741372064248,unique_max_firing_rule,M,2
2026-07-22 21:40:00+03:00,15,OK,16.20739840325565,Favorable,M,M,Favorable,16.20739840325565,unique_max_firing_rule,M,2
2026-07-22 21:45:00+03:00,15,OK,17.020205096210262,Favorable,M,M,Favorable,17.020205096210262,unique_max_firing_rule,M,2
2026-07-22 21:50:00+03:00,15,OK,17.41340838814232,Favorable,M,M,Favorable,17.41340838814232,unique_max_firing_rule,M,2
2026-07-22 21:55:00+03:00,15,OK,17.225384432584736,Favorable,M,M,Favorable,17.225384432584736,unique_max_firing_rule,M,2
2026-07-22 22:00:00+03:00,15,OK,16.72942303945978,Favorable,M,M,Favorable,16.72942303945978,unique_max_firing_rule,M,2
2026-07-22 22:05:00+03:00,15,OK,15.967639625352854,Favorable,M,M,Favorable,15.967639625352854,unique_max_firing_rule,M,2
2026-07-22 22:10:00+03:00,15,OK,15.207007085445372,Favorable,M,M,Favorable,15.207007085445372,unique_max_firing_rule,M,2
2026-07-22 22:15:00+03:00,15,OK,14.624483043838318,Favorable,M,M,Favorable,14.624483043838318,unique_max_firing_rule,M,2
2026-07-22 22:20:00+03:00,15,OK,14.215384182530169,Favorable,M,M,Favorable,14.215384182530169,unique_max_firing_rule,M,2
2026-07-22 22:25:00+03:00,15,OK,13.727448408794709,Favorable,M,M,Favorable,13.727448408794709,unique_max_firing_rule,M,2
2026-07-22 22:30:00+03:00,15,OK,13.090573441777387,Favorable,M,M,Favorable,13.090573441777387,unique_max_firing_rule,M,2
2026-07-22 22:35:00+03:00,15,OK,12.444029850746269,Favorable,A,A;M;V,Favorable,12.444029850746269,co_dominant_tie,A;M;V,1
2026-07-22 22:40:00+03:00,15,OK,12.444029850746269,Favorable,A,A;M;V,Favorable,12.444029850746269,co_dominant_tie,A;M;V,1
2026-07-22 22:45:00+03:00,15,OK,16.51797428403616,Favorable,V,V,Favorable,16.51797428403616,unique_max_firing_rule,V,2
2026-07-22 22:50:00+03:00,15,OK,20.899910011645552,Favorable,V,V,Favorable,20.899910011645552,unique_max_firing_rule,V,2
2026-07-22 22:55:00+03:00,15,OK,24.826072898295124,Favorable,V,V,Favorable,24.826072898295124,unique_max_firing_rule,V,2
2026-07-22 23:00:00+03:00,15,OK,26.959205692918434,Acceptable,V,V,Acceptable,26.959205692918434,unique_max_firing_rule,V,4
2026-07-22 23:05:00+03:00,15,OK,62.50000000000002,Degraded,V,V,Degraded,62.5,unique_max_firing_rule,V,2
2026-07-22 23:10:00+03:00,15,OK,73.76514156537868,Degraded,A,A,Degraded,73.76514156537868,unique_max_firing_rule,A,4
2026-07-22 23:15:00+03:00,15,OK,87.3436619722521,Critical,A,A,Critical,87.3436619722521,unique_max_firing_rule,A,2
2026-07-22 23:20:00+03:00,15,OK,87.4532668540664,Critical,A,A,Critical,87.4532668540664,unique_max_firing_rule,A,2
2026-07-22 23:25:00+03:00,15,OK,87.39599685455309,Critical,A,A,Critical,87.39599685455309,unique_max_firing_rule,A,1
2026-07-22 23:30:00+03:00,15,OK,87.48604972725673,Critical,A,A,Critical,87.48604972725673,unique_max_firing_rule,A,1
2026-07-22 23:35:00+03:00,15,OK,87.51800543863493,Critical,A,A,Critical,87.51800543863493,unique_max_firing_rule,A,1
2026-07-22 23:40:00+03:00,15,OK,87.53182235651774,Critical,A,A,Critical,87.53182235651774,unique_max_firing_rule,A,1
2026-07-22 23:45:00+03:00,15,OK,87.49448689812,Critical,M,M,Critical,87.55597014925372,unique_max_firing_rule,M,2
2026-07-22 23:50:00+03:00,15,OK,87.43294595093157,Critical,M,M,Critical,87.55597014925372,unique_max_firing_rule,M,2
2026-07-22 23:55:00+03:00,15,OK,87.3800719266458,Critical,V,V,Critical,87.55597014925372,unique_max_firing_rule,V,4
2026-07-23 00:00:00+03:00,15,OK,87.38076769629731,Critical,M,M,Critical,87.4583046583116,unique_max_firing_rule,M,4
2026-07-23 00:05:00+03:00,15,OK,87.35060549124101,Critical,A,A,Critical,87.35060549124101,unique_max_firing_rule,A,4
2026-07-23 00:10:00+03:00,15,OK,87.37526474802218,Critical,M,M,Critical,87.4921783276016,unique_max_firing_rule,M,4
2026-07-23 00:15:00+03:00,15,OK,87.3762252046538,Critical,M,M,Critical,87.45941528884394,unique_max_firing_rule,M,4
2026-07-23 00:20:00+03:00,15,OK,87.3228925144272,Critical,A,A,Critical,87.3228925144272,unique_max_firing_rule,V,4
2026-07-23 00:25:00+03:00,15,OK,87.36183570177145,Critical,V,V,Critical,87.45715466628693,unique_max_firing_rule,V,4
2026-07-23 00:30:00+03:00,15,OK,87.34306569343067,Critical,V,V,Critical,87.54668656282756,unique_max_firing_rule,V,4
2026-07-23 00:35:00+03:00,15,OK,87.33632286995513,Critical,V,V,Critical,87.55597014925372,unique_max_firing_rule,V,4
2026-07-23 00:40:00+03:00,15,OK,87.32703328190433,Critical,V,V,Critical,87.5108219910882,unique_max_firing_rule,V,4
2026-07-23 00:45:00+03:00,15,OK,82.2050068455624,Critical,V,V,Critical,83.70643271184116,unique_max_firing_rule,V,8
2026-07-23 00:50:00+03:00,15,OK,69.24799576918645,Degraded,V,V,Degraded,68.39031555342095,unique_max_firing_rule,V,8
2026-07-23 00:55:00+03:00,15,OK,62.49999999999998,Degraded,A,A,Degraded,62.49999999999998,unique_max_firing_rule,A,4
2026-07-23 01:00:00+03:00,15,OK,62.5,Degraded,V,V,Degraded,62.5,unique_max_firing_rule,V,4
2026-07-23 01:05:00+03:00,15,OK,62.5,Degraded,V,V,Degraded,62.49999999999999,unique_max_firing_rule,V,4
2026-07-23 01:10:00+03:00,15,OK,62.5,Degraded,V,V,Degraded,62.50000000000001,unique_max_firing_rule,V,4
2026-07-23 01:15:00+03:00,15,OK,62.5,Degraded,A,A,Degraded,62.5,unique_max_firing_rule,A;M;V,1
2026-07-23 01:20:00+03:00,15,OK,62.5,Degraded,A,A,Degraded,62.5,unique_max_firing_rule,A;M;V,1
2026-07-23 01:25:00+03:00,15,OK,52.0549410492396,Degraded,A,A,Degraded,52.0549410492396,unique_max_firing_rule,A,2
2026-07-23 01:30:00+03:00,15,OK,37.92301107319613,Acceptable,A,A,Acceptable,37.92301107319613,unique_max_firing_rule,A,2
2026-07-23 01:35:00+03:00,15,OK,37.5,Acceptable,A,A;V,Acceptable,37.5,co_dominant_tie,A;M;V,1
2026-07-23 01:40:00+03:00,15,OK,37.50000000000001,Acceptable,V,V,Acceptable,37.5,unique_max_firing_rule,V,2
2026-07-23 01:45:00+03:00,15,OK,30.791776474315082,Acceptable,A,A,Acceptable,30.791776474315082,unique_max_firing_rule,A,2
2026-07-23 01:50:00+03:00,15,OK,23.111597677317167,Favorable,A,A,Favorable,23.111597677317167,unique_max_firing_rule,A,2
2026-07-23 01:55:00+03:00,15,OK,15.583965876312126,Favorable,A,A,Favorable,15.583965876312126,unique_max_firing_rule,A,2
2026-07-23 02:00:00+03:00,15,OK,12.444029850746269,Favorable,A,A;M;V,Favorable,12.444029850746269,co_dominant_tie,A;M;V,1
2026-07-23 02:05:00+03:00,15,OK,12.444029850746269,Favorable,A,A;M;V,Favorable,12.444029850746269,co_dominant_tie,A;M;V,1
2026-07-23 02:10:00+03:00,15,OK,12.444029850746269,Favorable,A,A;M;V,Favorable,12.444029850746269,co_dominant_tie,A;M;V,1
2026-07-23 02:15:00+03:00,15,OK,13.45461515525836,Favorable,V,V,Favorable,13.45461515525836,unique_max_firing_rule,V,2
2026-07-23 02:20:00+03:00,15,OK,13.846993081426291,Favorable,V,V,Favorable,13.846993081426291,unique_max_firing_rule,V,2
2026-07-23 02:25:00+03:00,15,OK,14.270118611089432,Favorable,V,V,Favorable,14.270118611089432,unique_max_firing_rule,V,2
2026-07-23 02:30:00+03:00,15,OK,15.400596186765817,Favorable,V,V,Favorable,15.400596186765817,unique_max_firing_rule,V,2
2026-07-23 02:35:00+03:00,15,OK,16.38960466811514,Favorable,V,V,Favorable,16.38960466811514,unique_max_firing_rule,V,2
2026-07-23 02:40:00+03:00,15,OK,16.32235328811559,Favorable,V,V,Favorable,16.32235328811559,unique_max_firing_rule,V,2
2026-07-23 02:45:00+03:00,15,OK,15.450220635628918,Favorable,V,V,Favorable,15.450220635628918,unique_max_firing_rule,V,2
2026-07-23 02:50:00+03:00,15,OK,14.779815700868332,Favorable,V,V,Favorable,14.779815700868332,unique_max_firing_rule,V,2
2026-07-23 02:55:00+03:00,15,OK,15.164803229013875,Favorable,V,V,Favorable,15.164803229013875,unique_max_firing_rule,V,2
2026-07-23 03:00:00+03:00,15,OK,16.646318467101104,Favorable,V,V,Favorable,16.646318467101104,unique_max_firing_rule,V,2
2026-07-23 03:05:00+03:00,15,OK,17.824672983526046,Favorable,V,V,Favorable,17.824672983526046,unique_max_firing_rule,V,2
2026-07-23 03:10:00+03:00,15,OK,17.95275842406735,Favorable,V,V,Favorable,17.95275842406735,unique_max_firing_rule,V,2
2026-07-23 03:15:00+03:00,15,OK,16.97622963576044,Favorable,V,V,Favorable,16.97622963576044,unique_max_firing_rule,V,2
2026-07-23 03:20:00+03:00,15,OK,15.863635022715188,Favorable,V,V,Favorable,15.863635022715188,unique_max_firing_rule,V,2
2026-07-23 03:25:00+03:00,15,OK,14.382054118709402,Favorable,V,V,Favorable,14.382054118709402,unique_max_firing_rule,V,2
2026-07-23 03:30:00+03:00,15,OK,12.693773388280977,Favorable,V,V,Favorable,12.693773388280977,unique_max_firing_rule,V,2
2026-07-23 03:35:00+03:00,15,OK,12.444029850746269,Favorable,A,A;M;V,Favorable,12.444029850746269,co_dominant_tie,A;M;V,1
2026-07-23 03:40:00+03:00,15,OK,12.444029850746269,Favorable,A,A;M;V,Favorable,12.444029850746269,co_dominant_tie,A;M;V,1
2026-07-23 03:45:00+03:00,15,OK,12.444029850746269,Favorable,A,A;M;V,Favorable,12.444029850746269,co_dominant_tie,A;M;V,1
2026-07-23 03:50:00+03:00,15,OK,12.444029850746269,Favorable,A,A;M;V,Favorable,12.444029850746269,co_dominant_tie,A;M;V,1
2026-07-23 03:55:00+03:00,15,OK,12.444029850746269,Favorable,A,A;M;V,Favorable,12.444029850746269,co_dominant_tie,A;M;V,1
2026-07-23 04:00:00+03:00,15,OK,12.444029850746269,Favorable,A,A;M;V,Favorable,12.444029850746269,co_dominant_tie,A;M;V,1
2026-07-23 04:05:00+03:00,15,OK,12.444029850746269,Favorable,A,A;M;V,Favorable,12.444029850746269,co_dominant_tie,A;M;V,1
2026-07-23 04:10:00+03:00,15,OK,12.444029850746269,Favorable,A,A;M;V,Favorable,12.444029850746269,co_dominant_tie,A;M;V,1
2026-07-23 04:15:00+03:00,15,OK,12.444029850746269,Favorable,A,A;M;V,Favorable,12.444029850746269,co_dominant_tie,A;M;V,1
2026-07-23 04:20:00+03:00,15,OK,12.444029850746269,Favorable,A,A;M;V,Favorable,12.444029850746269,co_dominant_tie,A;M;V,1
2026-07-23 04:25:00+03:00,15,OK,12.444029850746269,Favorable,A,A;M;V,Favorable,12.444029850746269,co_dominant_tie,A;M;V,1
2026-07-23 04:30:00+03:00,15,OK,12.444029850746269,Favorable,A,A;M;V,Favorable,12.444029850746269,co_dominant_tie,A;M;V,1
2026-07-23 04:35:00+03:00,15,OK,12.444029850746269,Favorable,A,A;M;V,Favorable,12.444029850746269,co_dominant_tie,A;M;V,1
2026-07-23 04:40:00+03:00,15,OK,12.444029850746269,Favorable,A,A;M;V,Favorable,12.444029850746269,co_dominant_tie,A;M;V,1
2026-07-23 04:45:00+03:00,15,OK,12.444029850746269,Favorable,A,A;M;V,Favorable,12.444029850746269,co_dominant_tie,A;M;V,1
2026-07-23 04:50:00+03:00,15,OK,12.444029850746269,Favorable,A,A;M;V,Favorable,12.444029850746269,co_dominant_tie,A;M;V,1
2026-07-23 04:55:00+03:00,15,OK,12.444029850746269,Favorable,A,A;M;V,Favorable,12.444029850746269,co_dominant_tie,A;M;V,1
2026-07-23 05:00:00+03:00,15,OK,12.444029850746269,Favorable,A,A;M;V,Favorable,12.444029850746269,co_dominant_tie,A;M;V,1
2026-07-23 05:05:00+03:00,15,OK,12.444029850746269,Favorable,A,A;M;V,Favorable,12.444029850746269,co_dominant_tie,A;M;V,1
2026-07-23 05:10:00+03:00,15,OK,12.444029850746269,Favorable,A,A;M;V,Favorable,12.444029850746269,co_dominant_tie,A;M;V,1
2026-07-23 05:15:00+03:00,15,OK,12.444029850746269,Favorable,A,A;M;V,Favorable,12.444029850746269,co_dominant_tie,A;M;V,1
2026-07-23 05:20:00+03:00,15,OK,12.444029850746269,Favorable,A,A;M;V,Favorable,12.444029850746269,co_dominant_tie,A;M;V,1
2026-07-23 05:25:00+03:00,15,OK,12.444029850746269,Favorable,A,A;M;V,Favorable,12.444029850746269,co_dominant_tie,A;M;V,1
2026-07-23 05:30:00+03:00,15,OK,12.444029850746269,Favorable,A,A;M;V,Favorable,12.444029850746269,co_dominant_tie,A;M;V,1
2026-07-23 05:35:00+03:00,15,OK,12.444029850746269,Favorable,A,A;M;V,Favorable,12.444029850746269,co_dominant_tie,A;M;V,1
2026-07-23 05:40:00+03:00,15,OK,12.444029850746269,Favorable,A,A;M;V,Favorable,12.444029850746269,co_dominant_tie,A;M;V,1
2026-07-23 05:45:00+03:00,15,OK,12.444029850746269,Favorable,A,A;M;V,Favorable,12.444029850746269,co_dominant_tie,A;M;V,1
2026-07-23 05:50:00+03:00,15,OK,12.444029850746269,Favorable,A,A;M;V,Favorable,12.444029850746269,co_dominant_tie,A;M;V,1
2026-07-23 05:55:00+03:00,15,OK,12.444029850746269,Favorable,A,A;M;V,Favorable,12.444029850746269,co_dominant_tie,A;M;V,1
2026-07-23 06:00:00+03:00,15,OK,12.444029850746269,Favorable,A,A;M;V,Favorable,12.444029850746269,co_dominant_tie,A;M;V,1
2026-07-23 06:05:00+03:00,15,OK,12.444029850746269,Favorable,A,A;M;V,Favorable,12.444029850746269,co_dominant_tie,A;M;V,1
2026-07-23 06:10:00+03:00,15,OK,12.444029850746269,Favorable,A,A;M;V,Favorable,12.444029850746269,co_dominant_tie,A;M;V,1
2026-07-23 06:15:00+03:00,15,OK,12.444029850746269,Favorable,A,A;M;V,Favorable,12.444029850746269,co_dominant_tie,A;M;V,1
2026-07-23 06:20:00+03:00,15,OK,12.444029850746269,Favorable,A,A;M;V,Favorable,12.444029850746269,co_dominant_tie,A;M;V,1
2026-07-23 06:25:00+03:00,15,OK,12.444029850746269,Favorable,A,A;M;V,Favorable,12.444029850746269,co_dominant_tie,A;M;V,1
2026-07-23 06:30:00+03:00,15,OK,12.444029850746269,Favorable,A,A;M;V,Favorable,12.444029850746269,co_dominant_tie,A;M;V,1
2026-07-23 06:35:00+03:00,15,OK,12.874748701773823,Favorable,V,V,Favorable,12.874748701773823,unique_max_firing_rule,V,2
2026-07-23 06:40:00+03:00,15,OK,13.024464994708529,Favorable,V,V,Favorable,13.024464994708529,unique_max_firing_rule,V,4
2026-07-23 06:45:00+03:00,15,OK,13.4919996024647,Favorable,V,V,Favorable,13.4919996024647,unique_max_firing_rule,V,4
2026-07-23 06:50:00+03:00,15,OK,14.475311881024286,Favorable,V,V,Favorable,14.475311881024286,unique_max_firing_rule,V,4
2026-07-23 06:55:00+03:00,15,OK,15.82692353078619,Favorable,V,V,Favorable,15.82692353078619,unique_max_firing_rule,V,4
2026-07-23 07:00:00+03:00,15,OK,17.25713256840831,Favorable,V,V,Favorable,17.25713256840831,unique_max_firing_rule,V,4
2026-07-23 07:05:00+03:00,15,OK,17.568426026967874,Favorable,V,V,Favorable,17.568426026967874,unique_max_firing_rule,V,4
2026-07-23 07:10:00+03:00,15,OK,16.860168941943297,Favorable,V,V,Favorable,16.860168941943297,unique_max_firing_rule,V,4
2026-07-23 07:15:00+03:00,15,OK,15.863635022715188,Favorable,V,V,Favorable,15.863635022715188,unique_max_firing_rule,V,4
2026-07-23 07:20:00+03:00,15,OK,16.548534729413195,Favorable,V,V,Favorable,16.548534729413195,unique_max_firing_rule,V,4
2026-07-23 07:25:00+03:00,15,OK,17.855171816568767,Favorable,V,V,Favorable,17.855171816568767,unique_max_firing_rule,V,4
2026-07-23 07:30:00+03:00,15,OK,17.7026632761997,Favorable,V,V,Favorable,17.7026632761997,unique_max_firing_rule,V,4
2026-07-23 07:35:00+03:00,15,OK,16.823513874903007,Favorable,V,V,Favorable,16.823513874903007,unique_max_firing_rule,V,4
2026-07-23 07:40:00+03:00,15,OK,16.32724453296116,Favorable,M,M,Favorable,16.32724453296116,unique_max_firing_rule,M,4
2026-07-23 07:45:00+03:00,15,OK,16.35292296259595,Favorable,M,M,Favorable,16.35292296259595,unique_max_firing_rule,M,4
2026-07-23 07:50:00+03:00,15,OK,16.335804122588005,Favorable,M,M,Favorable,16.335804122588005,unique_max_firing_rule,M,4
2026-07-23 07:55:00+03:00,15,OK,16.327244532960975,Favorable,M,M,Favorable,16.327244532960975,unique_max_firing_rule,M,4
2026-07-23 08:00:00+03:00,15,OK,16.08753010277034,Favorable,M,M,Favorable,16.08753010277034,unique_max_firing_rule,M,4
2026-07-23 08:05:00+03:00,15,OK,15.822028508083248,Favorable,M,M,Favorable,15.822028508083248,unique_max_firing_rule,M,4
2026-07-23 08:10:00+03:00,15,OK,15.250447984236143,Favorable,M,M,Favorable,15.250447984236143,unique_max_firing_rule,M,4
2026-07-23 08:15:00+03:00,15,OK,14.659282344456608,Favorable,M,M,Favorable,14.659282344456608,unique_max_firing_rule,M,2
2026-07-23 08:20:00+03:00,15,OK,13.927916294162024,Favorable,M,M,Favorable,13.927916294162024,unique_max_firing_rule,M,2
2026-07-23 08:25:00+03:00,15,OK,13.273878754742606,Favorable,M,M,Favorable,13.273878754742606,unique_max_firing_rule,M,2
2026-07-23 08:30:00+03:00,15,OK,12.618865234116146,Favorable,M,M,Favorable,12.618865234116146,unique_max_firing_rule,M,2
2026-07-23 08:35:00+03:00,15,OK,12.444029850746269,Favorable,A,A;M;V,Favorable,12.444029850746269,co_dominant_tie,A;M;V,1
2026-07-23 08:40:00+03:00,15,OK,12.444029850746269,Favorable,A,A;M;V,Favorable,12.444029850746269,co_dominant_tie,A;M;V,1
2026-07-23 08:45:00+03:00,15,OK,12.444029850746269,Favorable,A,A;M;V,Favorable,12.444029850746269,co_dominant_tie,A;M;V,1
2026-07-23 08:50:00+03:00,15,OK,12.444029850746269,Favorable,A,A;M;V,Favorable,12.444029850746269,co_dominant_tie,A;M;V,1
2026-07-23 08:55:00+03:00,15,OK,12.444029850746269,Favorable,A,A;M;V,Favorable,12.444029850746269,co_dominant_tie,A;M;V,1
2026-07-23 09:00:00+03:00,15,OK,12.444029850746269,Favorable,A,A;M;V,Favorable,12.444029850746269,co_dominant_tie,A;M;V,1
2026-07-23 09:05:00+03:00,15,OK,12.444029850746269,Favorable,A,A;M;V,Favorable,12.444029850746269,co_dominant_tie,A;M;V,1
2026-07-23 09:10:00+03:00,15,OK,12.444029850746269,Favorable,A,A;M;V,Favorable,12.444029850746269,co_dominant_tie,A;M;V,1
2026-07-23 09:15:00+03:00,15,OK,12.444029850746269,Favorable,A,A;M;V,Favorable,12.444029850746269,co_dominant_tie,A;M;V,1
2026-07-23 09:20:00+03:00,15,OK,12.444029850746269,Favorable,A,A;M;V,Favorable,12.444029850746269,co_dominant_tie,A;M;V,1
2026-07-23 09:25:00+03:00,15,OK,12.444029850746269,Favorable,A,A;M;V,Favorable,12.444029850746269,co_dominant_tie,A;M;V,1
2026-07-23 09:30:00+03:00,15,OK,12.444029850746269,Favorable,A,A;M;V,Favorable,12.444029850746269,co_dominant_tie,A;M;V,1
2026-07-23 09:35:00+03:00,15,OK,12.444029850746269,Favorable,A,A;M;V,Favorable,12.444029850746269,co_dominant_tie,A;M;V,1
2026-07-23 09:40:00+03:00,15,OK,12.444029850746269,Favorable,A,A;M;V,Favorable,12.444029850746269,co_dominant_tie,A;M;V,1
2026-07-23 09:45:00+03:00,15,OK,12.444029850746269,Favorable,A,A;M;V,Favorable,12.444029850746269,co_dominant_tie,A;M;V,1
2026-07-23 09:50:00+03:00,15,OK,12.444029850746269,Favorable,A,A;M;V,Favorable,12.444029850746269,co_dominant_tie,A;M;V,1
2026-07-23 09:55:00+03:00,15,OK,12.444029850746269,Favorable,A,A;M;V,Favorable,12.444029850746269,co_dominant_tie,A;M;V,1
2026-07-23 10:00:00+03:00,15,OK,12.444029850746269,Favorable,A,A;M;V,Favorable,12.444029850746269,co_dominant_tie,A;M;V,1
2026-07-23 10:05:00+03:00,15,OK,12.444029850746269,Favorable,A,A;M;V,Favorable,12.444029850746269,co_dominant_tie,A;M;V,1
2026-07-23 10:10:00+03:00,15,OK,12.444029850746269,Favorable,A,A;M;V,Favorable,12.444029850746269,co_dominant_tie,A;M;V,1
2026-07-23 10:15:00+03:00,15,OK,37.5,Acceptable,V,V,Acceptable,37.5,unique_max_firing_rule,A;M;V,1
2026-07-23 10:20:00+03:00,15,OK,62.5,Degraded,V,V,Degraded,62.5,unique_max_firing_rule,A;M;V,1
2026-07-23 10:25:00+03:00,15,OK,62.5,Degraded,V,V,Degraded,62.5,unique_max_firing_rule,A;M;V,1
2026-07-23 10:30:00+03:00,15,OK,62.5,Degraded,V,V,Degraded,62.5,unique_max_firing_rule,A;M;V,1
2026-07-23 10:35:00+03:00,15,OK,62.5,Degraded,V,V,Degraded,62.5,unique_max_firing_rule,A;M;V,1
2026-07-23 10:40:00+03:00,15,OK,62.5,Degraded,V,V,Degraded,62.5,unique_max_firing_rule,A;M;V,1
2026-07-23 10:45:00+03:00,15,OK,62.5,Degraded,V,V,Degraded,62.5,unique_max_firing_rule,A;M;V,1
2026-07-23 10:50:00+03:00,15,OK,62.5,Degraded,V,V,Degraded,62.5,unique_max_firing_rule,A;M;V,1
2026-07-23 10:55:00+03:00,15,OK,62.5,Degraded,V,V,Degraded,62.5,unique_max_firing_rule,A;M;V,1
2026-07-23 11:00:00+03:00,15,OK,62.5,Degraded,V,V,Degraded,62.5,unique_max_firing_rule,A;M;V,1
2026-07-23 11:05:00+03:00,15,OK,62.5,Degraded,V,V,Degraded,62.5,unique_max_firing_rule,A;M;V,1
2026-07-23 11:10:00+03:00,15,OK,62.5,Degraded,V,V,Degraded,62.5,unique_max_firing_rule,A;M;V,1
2026-07-23 11:15:00+03:00,15,OK,62.5,Degraded,V,V,Degraded,62.5,unique_max_firing_rule,A;M;V,1
2026-07-23 11:20:00+03:00,15,OK,62.5,Degraded,V,V,Degraded,62.5,unique_max_firing_rule,A;M;V,1
2026-07-23 11:25:00+03:00,15,OK,62.5,Degraded,V,V,Degraded,62.5,unique_max_firing_rule,A;M;V,1
2026-07-23 11:30:00+03:00,15,OK,62.5,Degraded,V,V,Degraded,62.5,unique_max_firing_rule,A;M;V,1
2026-07-23 11:35:00+03:00,15,OK,62.5,Degraded,V,V,Degraded,62.5,unique_max_firing_rule,A;M;V,1
2026-07-23 11:40:00+03:00,15,OK,62.5,Degraded,V,V,Degraded,62.5,unique_max_firing_rule,A;M;V,1
2026-07-23 11:45:00+03:00,15,OK,62.5,Degraded,V,V,Degraded,62.5,unique_max_firing_rule,A;M;V,1
2026-07-23 11:50:00+03:00,15,OK,62.5,Degraded,A,A;V,Degraded,62.5,co_dominant_tie,A;M;V,1
2026-07-23 11:55:00+03:00,15,OK,62.5,Degraded,A,A;V,Degraded,62.5,co_dominant_tie,A;M;V,1
2026-07-23 12:00:00+03:00,15,OK,62.5,Degraded,A,A,Degraded,62.5,unique_max_firing_rule,A,2
2026-07-23 12:05:00+03:00,15,OK,62.50000000000001,Degraded,A,A,Degraded,62.5,unique_max_firing_rule,A,2
2026-07-23 12:10:00+03:00,15,OK,47.020262216924905,Acceptable,V,V,Acceptable,47.020262216924905,unique_max_firing_rule,V,2
2026-07-23 12:15:00+03:00,15,OK,37.5,Acceptable,V,V,Acceptable,37.5,unique_max_firing_rule,A;M;V,1
2026-07-23 12:20:00+03:00,15,OK,12.444029850746269,Favorable,A,A;M;V,Favorable,12.444029850746269,co_dominant_tie,A;M;V,1
2026-07-23 12:25:00+03:00,15,OK,12.444029850746269,Favorable,A,A;M;V,Favorable,12.444029850746269,co_dominant_tie,A;M;V,1
2026-07-23 12:30:00+03:00,15,OK,14.577064549232032,Favorable,M,M,Favorable,14.577064549232032,unique_max_firing_rule,M,2
2026-07-23 12:35:00+03:00,15,OK,16.031869425173447,Favorable,M,M,Favorable,16.031869425173447,unique_max_firing_rule,M,2
2026-07-23 12:40:00+03:00,15,OK,12.444029850746269,Favorable,A,A;M;V,Favorable,12.444029850746269,co_dominant_tie,A;M;V,1
2026-07-23 12:45:00+03:00,15,OK,12.444029850746269,Favorable,A,A;M;V,Favorable,12.444029850746269,co_dominant_tie,A;M;V,1
2026-07-23 12:50:00+03:00,15,OK,12.444029850746269,Favorable,A,A;M;V,Favorable,12.444029850746269,co_dominant_tie,A;M;V,1
2026-07-23 12:55:00+03:00,15,OK,12.444029850746269,Favorable,A,A;M;V,Favorable,12.444029850746269,co_dominant_tie,A;M;V,1
2026-07-23 13:00:00+03:00,15,OK,12.444029850746269,Favorable,A,A;M;V,Favorable,12.444029850746269,co_dominant_tie,A;M;V,1
2026-07-23 13:05:00+03:00,15,OK,12.444029850746269,Favorable,A,A;M;V,Favorable,12.444029850746269,co_dominant_tie,A;M;V,1
2026-07-23 13:10:00+03:00,15,OK,12.444029850746269,Favorable,A,A;M;V,Favorable,12.444029850746269,co_dominant_tie,A;M;V,1
2026-07-23 13:15:00+03:00,15,OK,15.15559645530603,Favorable,M,M,Favorable,15.15559645530603,unique_max_firing_rule,M,2
2026-07-23 13:20:00+03:00,15,OK,17.033600731028006,Favorable,M,M,Favorable,17.033600731028006,unique_max_firing_rule,M,2
2026-07-23 13:25:00+03:00,15,OK,17.59354678119284,Favorable,M,M,Favorable,17.59354678119284,unique_max_firing_rule,M,2
2026-07-23 13:30:00+03:00,15,OK,16.91374269947027,Favorable,M,M,Favorable,16.91374269947027,unique_max_firing_rule,M,2
2026-07-23 13:35:00+03:00,15,OK,13.748952249236332,Favorable,M,M,Favorable,13.748952249236332,unique_max_firing_rule,M,2
2026-07-23 13:40:00+03:00,15,OK,12.444029850746269,Favorable,A,A;M;V,Favorable,12.444029850746269,co_dominant_tie,A;M;V,1
2026-07-23 13:45:00+03:00,15,OK,12.444029850746269,Favorable,A,A;M;V,Favorable,12.444029850746269,co_dominant_tie,A;M;V,1
2026-07-23 13:50:00+03:00,15,OK,12.444029850746269,Favorable,A,A;M;V,Favorable,12.444029850746269,co_dominant_tie,A;M;V,1
2026-07-23 13:55:00+03:00,15,OK,12.444029850746269,Favorable,A,A;M;V,Favorable,12.444029850746269,co_dominant_tie,A;M;V,1
2026-07-23 14:00:00+03:00,15,OK,12.444029850746269,Favorable,A,A;M;V,Favorable,12.444029850746269,co_dominant_tie,A;M;V,1
2026-07-23 14:05:00+03:00,15,OK,12.444029850746269,Favorable,A,A;M;V,Favorable,12.444029850746269,co_dominant_tie,A;M;V,1
2026-07-23 14:10:00+03:00,15,OK,12.444029850746269,Favorable,A,A;M;V,Favorable,12.444029850746269,co_dominant_tie,A;M;V,1
2026-07-23 14:15:00+03:00,15,OK,12.444029850746269,Favorable,A,A;M;V,Favorable,12.444029850746269,co_dominant_tie,A;M;V,1
2026-07-23 14:20:00+03:00,15,OK,12.444029850746269,Favorable,A,A;M;V,Favorable,12.444029850746269,co_dominant_tie,A;M;V,1
2026-07-23 14:25:00+03:00,15,OK,12.444029850746269,Favorable,A,A;M;V,Favorable,12.444029850746269,co_dominant_tie,A;M;V,1
2026-07-23 14:30:00+03:00,15,OK,12.444029850746269,Favorable,A,A;M;V,Favorable,12.444029850746269,co_dominant_tie,A;M;V,1
2026-07-23 14:35:00+03:00,15,OK,12.444029850746269,Favorable,A,A;M;V,Favorable,12.444029850746269,co_dominant_tie,A;M;V,1
2026-07-23 14:40:00+03:00,15,OK,12.444029850746269,Favorable,A,A;M;V,Favorable,12.444029850746269,co_dominant_tie,A;M;V,1
2026-07-23 14:45:00+03:00,15,OK,12.444029850746269,Favorable,A,A;M;V,Favorable,12.444029850746269,co_dominant_tie,A;M;V,1
2026-07-23 14:50:00+03:00,15,OK,12.444029850746269,Favorable,A,A;M;V,Favorable,12.444029850746269,co_dominant_tie,A;M;V,1
2026-07-23 14:55:00+03:00,15,OK,12.444029850746269,Favorable,A,A;M;V,Favorable,12.444029850746269,co_dominant_tie,A;M;V,1
2026-07-23 15:00:00+03:00,15,OK,16.35734525608091,Favorable,M,M,Favorable,16.35734525608091,unique_max_firing_rule,M,2
2026-07-23 15:05:00+03:00,15,OK,19.31883385848969,Favorable,M,M,Favorable,19.31883385848969,unique_max_firing_rule,M,2
2026-07-23 15:10:00+03:00,15,OK,21.390091678768698,Favorable,M,M,Favorable,21.390091678768698,unique_max_firing_rule,M,2
2026-07-23 15:15:00+03:00,15,OK,19.861797905250413,Favorable,M,M,Favorable,19.861797905250413,unique_max_firing_rule,M,2
2026-07-23 15:20:00+03:00,15,OK,15.950082372227627,Favorable,M,M,Favorable,15.950082372227627,unique_max_firing_rule,M,2
2026-07-23 15:25:00+03:00,15,OK,12.444029850746269,Favorable,A,A;M;V,Favorable,12.444029850746269,co_dominant_tie,A;M;V,1
2026-07-23 15:30:00+03:00,15,OK,12.444029850746269,Favorable,A,A;M;V,Favorable,12.444029850746269,co_dominant_tie,A;M;V,1
2026-07-23 15:35:00+03:00,15,OK,12.444029850746269,Favorable,A,A;M;V,Favorable,12.444029850746269,co_dominant_tie,A;M;V,1
2026-07-23 15:40:00+03:00,15,OK,12.444029850746269,Favorable,A,A;M;V,Favorable,12.444029850746269,co_dominant_tie,A;M;V,1
2026-07-23 15:45:00+03:00,15,OK,12.444029850746269,Favorable,A,A;M;V,Favorable,12.444029850746269,co_dominant_tie,A;M;V,1
2026-07-23 15:50:00+03:00,15,OK,12.444029850746269,Favorable,A,A;M;V,Favorable,12.444029850746269,co_dominant_tie,A;M;V,1
2026-07-23 15:55:00+03:00,15,OK,12.444029850746269,Favorable,A,A;M;V,Favorable,12.444029850746269,co_dominant_tie,A;M;V,1
2026-07-23 16:00:00+03:00,15,OK,12.444029850746269,Favorable,A,A;M;V,Favorable,12.444029850746269,co_dominant_tie,A;M;V,1
2026-07-23 16:05:00+03:00,15,OK,12.444029850746269,Favorable,A,A;M;V,Favorable,12.444029850746269,co_dominant_tie,A;M;V,1
2026-07-23 16:10:00+03:00,15,OK,12.444029850746269,Favorable,A,A;M;V,Favorable,12.444029850746269,co_dominant_tie,A;M;V,1
2026-07-23 16:15:00+03:00,15,OK,13.413488584746798,Favorable,M,M,Favorable,13.413488584746798,unique_max_firing_rule,M,2
2026-07-23 16:20:00+03:00,15,OK,17.353588507272242,Favorable,M,M,Favorable,17.353588507272242,unique_max_firing_rule,M,2
2026-07-23 16:25:00+03:00,15,OK,21.11258546417429,Favorable,M,M,Favorable,21.11258546417429,unique_max_firing_rule,M,2
2026-07-23 16:30:00+03:00,15,OK,24.85576131687237,Favorable,M,M,Favorable,24.85576131687237,unique_max_firing_rule,M,2
2026-07-23 16:35:00+03:00,15,OK,27.734263003351945,Acceptable,M,M,Acceptable,27.734263003351945,unique_max_firing_rule,M,2
2026-07-23 16:40:00+03:00,15,OK,29.769107392140956,Acceptable,M,M,Acceptable,29.769107392140956,unique_max_firing_rule,M,2
2026-07-23 16:45:00+03:00,15,OK,31.02477246824444,Acceptable,M,M,Acceptable,31.02477246824444,unique_max_firing_rule,M,2
2026-07-23 16:50:00+03:00,15,OK,31.826809136025222,Acceptable,M,M,Acceptable,31.826809136025222,unique_max_firing_rule,M,2
2026-07-23 16:55:00+03:00,15,OK,32.683814941226125,Acceptable,M,M,Acceptable,32.683814941226125,unique_max_firing_rule,M,2
2026-07-23 17:00:00+03:00,15,OK,36.44643807901176,Acceptable,M,M,Acceptable,36.44643807901176,unique_max_firing_rule,M,2
2026-07-23 17:05:00+03:00,15,OK,41.160303075323334,Acceptable,M,M,Acceptable,41.160303075323334,unique_max_firing_rule,M,2
2026-07-23 17:10:00+03:00,15,OK,45.68272006658611,Acceptable,M,M,Acceptable,45.68272006658611,unique_max_firing_rule,M,2
2026-07-23 17:15:00+03:00,15,OK,50.49029221415936,Degraded,M,M,Degraded,50.49029221415936,unique_max_firing_rule,M,2
2026-07-23 17:20:00+03:00,15,OK,55.166305845306056,Degraded,M,M,Degraded,55.166305845306056,unique_max_firing_rule,M,2
2026-07-23 17:25:00+03:00,15,OK,60.714664826707725,Degraded,M,M,Degraded,60.714664826707725,unique_max_firing_rule,M,2
2026-07-23 17:30:00+03:00,15,OK,62.5,Degraded,M,M,Degraded,62.5,unique_max_firing_rule,A;M;V,1
2026-07-23 17:35:00+03:00,15,OK,62.5,Degraded,M,M,Degraded,62.5,unique_max_firing_rule,A;M;V,1
2026-07-23 17:40:00+03:00,15,OK,62.5,Degraded,M,M,Degraded,62.5,unique_max_firing_rule,A;M;V,1
2026-07-23 17:45:00+03:00,15,OK,62.50000000000001,Degraded,M,M,Degraded,62.50000000000001,unique_max_firing_rule,M,1
2026-07-23 17:50:00+03:00,15,OK,62.500000000000014,Degraded,M,M,Degraded,62.500000000000014,unique_max_firing_rule,M,1
2026-07-23 17:55:00+03:00,15,OK,62.50000000000001,Degraded,M,M,Degraded,62.50000000000001,unique_max_firing_rule,M,1
2026-07-23 18:00:00+03:00,15,OK,62.49999999999999,Degraded,M,M,Degraded,62.49999999999999,unique_max_firing_rule,M,1
2026-07-23 18:05:00+03:00,15,OK,62.5,Degraded,M,M,Degraded,62.5,unique_max_firing_rule,M,1
2026-07-23 18:10:00+03:00,15,OK,62.500000000000014,Degraded,M,M,Degraded,62.500000000000014,unique_max_firing_rule,M,1
2026-07-23 18:15:00+03:00,15,OK,62.5,Degraded,M,M,Degraded,62.5,unique_max_firing_rule,M,1
2026-07-23 18:20:00+03:00,15,OK,62.5,Degraded,M,M,Degraded,62.5,unique_max_firing_rule,M,1
2026-07-23 18:25:00+03:00,15,OK,62.50000000000001,Degraded,M,M,Degraded,62.50000000000001,unique_max_firing_rule,M,1
2026-07-23 18:30:00+03:00,15,OK,62.5,Degraded,M,M,Degraded,62.5,unique_max_firing_rule,M,1
2026-07-23 18:35:00+03:00,15,OK,62.5,Degraded,M,M,Degraded,62.5,unique_max_firing_rule,A;M;V,1
2026-07-23 18:40:00+03:00,15,OK,62.5,Degraded,M,M,Degraded,62.5,unique_max_firing_rule,M,1
2026-07-23 18:45:00+03:00,15,OK,62.49999999999999,Degraded,M,M,Degraded,62.49999999999999,unique_max_firing_rule,M,1
2026-07-23 18:50:00+03:00,15,OK,62.499999999999986,Degraded,M,M,Degraded,62.499999999999986,unique_max_firing_rule,M,1
2026-07-23 18:55:00+03:00,15,OK,62.50000000000002,Degraded,M,M,Degraded,62.50000000000002,unique_max_firing_rule,M,1
2026-07-23 19:00:00+03:00,15,OK,62.49999999999999,Degraded,M,M,Degraded,62.49999999999999,unique_max_firing_rule,M,1
2026-07-23 19:05:00+03:00,15,OK,62.500000000000014,Degraded,M,M,Degraded,62.500000000000014,unique_max_firing_rule,M,1
2026-07-23 19:10:00+03:00,15,OK,62.49999999999999,Degraded,M,M,Degraded,62.49999999999999,unique_max_firing_rule,M,1
2026-07-23 19:15:00+03:00,15,OK,62.50000000000001,Degraded,M,M,Degraded,62.50000000000001,unique_max_firing_rule,M,1
2026-07-23 19:20:00+03:00,15,OK,62.50000000000001,Degraded,M,M,Degraded,62.50000000000001,unique_max_firing_rule,M,1
2026-07-23 19:25:00+03:00,15,OK,62.5,Degraded,M,M,Degraded,62.5,unique_max_firing_rule,M,1
2026-07-23 19:30:00+03:00,15,OK,61.60853758074193,Degraded,M,M,Degraded,61.60853758074193,unique_max_firing_rule,M,2
2026-07-23 19:35:00+03:00,15,OK,57.867204876843104,Degraded,M,M,Degraded,57.867204876843104,unique_max_firing_rule,M,2
2026-07-23 19:40:00+03:00,15,OK,56.61516969348338,Degraded,M,M,Degraded,56.61516969348338,unique_max_firing_rule,M,2
2026-07-23 19:45:00+03:00,15,OK,57.34894744638456,Degraded,M,M,Degraded,57.34894744638456,unique_max_firing_rule,M,2
2026-07-23 19:50:00+03:00,15,OK,56.24076202988989,Degraded,M,M,Degraded,56.24076202988989,unique_max_firing_rule,M,2
2026-07-23 19:55:00+03:00,15,OK,51.8886806707027,Degraded,M,M,Degraded,51.8886806707027,unique_max_firing_rule,M,2
2026-07-23 20:00:00+03:00,15,OK,43.39315649344191,Acceptable,M,M,Acceptable,43.39315649344191,unique_max_firing_rule,M,2
2026-07-23 20:05:00+03:00,15,OK,36.72594015500565,Acceptable,M,M,Acceptable,36.72594015500565,unique_max_firing_rule,M,2
2026-07-23 20:10:00+03:00,15,OK,32.59510323693063,Acceptable,M,M,Acceptable,32.59510323693063,unique_max_firing_rule,M,2
2026-07-23 20:15:00+03:00,15,OK,30.844063068746795,Acceptable,M,M,Acceptable,30.844063068746795,unique_max_firing_rule,M,2
2026-07-23 20:20:00+03:00,15,OK,28.2950974219685,Acceptable,M,M,Acceptable,28.2950974219685,unique_max_firing_rule,M,2
2026-07-23 20:25:00+03:00,15,OK,23.575596707819262,Favorable,M,M,Favorable,23.575596707819262,unique_max_firing_rule,M,2
2026-07-23 20:30:00+03:00,15,OK,19.437859423867327,Favorable,M,M,Favorable,19.437859423867327,unique_max_firing_rule,M,2
2026-07-23 20:35:00+03:00,15,OK,17.908846271842513,Favorable,M,M,Favorable,17.908846271842513,unique_max_firing_rule,M,2
2026-07-23 20:40:00+03:00,15,OK,17.814913053375086,Favorable,M,M,Favorable,17.814913053375086,unique_max_firing_rule,M,2
2026-07-23 20:45:00+03:00,15,OK,17.105704387838813,Favorable,M,M,Favorable,17.105704387838813,unique_max_firing_rule,M,2
2026-07-23 20:50:00+03:00,15,OK,16.55831376744816,Favorable,M,M,Favorable,16.55831376744816,unique_max_firing_rule,M,2
2026-07-23 20:55:00+03:00,15,OK,16.92614283497687,Favorable,M,M,Favorable,16.92614283497687,unique_max_firing_rule,M,2
2026-07-23 21:00:00+03:00,15,OK,19.43785942386715,Favorable,M,M,Favorable,19.43785942386715,unique_max_firing_rule,M,2
2026-07-23 21:05:00+03:00,15,OK,19.682051696071518,Favorable,M,M,Favorable,19.682051696071518,unique_max_firing_rule,M,2
2026-07-23 21:10:00+03:00,15,OK,15.907686068371236,Favorable,M,M,Favorable,15.907686068371236,unique_max_firing_rule,M,2
2026-07-23 21:15:00+03:00,15,OK,12.444029850746269,Favorable,A,A;M;V,Favorable,12.444029850746269,co_dominant_tie,A;M;V,1
2026-07-23 21:20:00+03:00,15,OK,12.444029850746269,Favorable,A,A;M;V,Favorable,12.444029850746269,co_dominant_tie,A;M;V,1
2026-07-23 21:25:00+03:00,15,OK,12.444029850746269,Favorable,A,A;M;V,Favorable,12.444029850746269,co_dominant_tie,A;M;V,1
2026-07-23 21:30:00+03:00,15,OK,12.444029850746269,Favorable,A,A;M;V,Favorable,12.444029850746269,co_dominant_tie,A;M;V,1
2026-07-23 21:35:00+03:00,15,OK,12.444029850746269,Favorable,A,A;M;V,Favorable,12.444029850746269,co_dominant_tie,A;M;V,1
2026-07-23 21:40:00+03:00,15,OK,12.444029850746269,Favorable,A,A;M;V,Favorable,12.444029850746269,co_dominant_tie,A;M;V,1
2026-07-23 21:45:00+03:00,15,OK,12.444029850746269,Favorable,A,A;M;V,Favorable,12.444029850746269,co_dominant_tie,A;M;V,1
2026-07-23 21:50:00+03:00,15,OK,12.444029850746269,Favorable,A,A;M;V,Favorable,12.444029850746269,co_dominant_tie,A;M;V,1
2026-07-23 21:55:00+03:00,15,OK,12.444029850746269,Favorable,A,A;M;V,Favorable,12.444029850746269,co_dominant_tie,A;M;V,1
2026-07-23 22:00:00+03:00,15,OK,12.444029850746269,Favorable,A,A;M;V,Favorable,12.444029850746269,co_dominant_tie,A;M;V,1
2026-07-23 22:05:00+03:00,15,OK,12.444029850746269,Favorable,A,A;M;V,Favorable,12.444029850746269,co_dominant_tie,A;M;V,1
2026-07-23 22:10:00+03:00,15,OK,12.444029850746269,Favorable,A,A;M;V,Favorable,12.444029850746269,co_dominant_tie,A;M;V,1
2026-07-23 22:15:00+03:00,15,OK,12.444029850746269,Favorable,A,A;M;V,Favorable,12.444029850746269,co_dominant_tie,A;M;V,1
2026-07-23 22:20:00+03:00,15,OK,12.444029850746269,Favorable,A,A;M;V,Favorable,12.444029850746269,co_dominant_tie,A;M;V,1
2026-07-23 22:25:00+03:00,15,OK,12.444029850746269,Favorable,A,A;M;V,Favorable,12.444029850746269,co_dominant_tie,A;M;V,1
2026-07-23 22:30:00+03:00,15,OK,12.444029850746269,Favorable,A,A;M;V,Favorable,12.444029850746269,co_dominant_tie,A;M;V,1
2026-07-23 22:35:00+03:00,15,OK,12.444029850746269,Favorable,A,A;M;V,Favorable,12.444029850746269,co_dominant_tie,A;M;V,1
2026-07-23 22:40:00+03:00,15,OK,18.22470342630444,Favorable,M,M,Favorable,18.22470342630444,unique_max_firing_rule,M,2
2026-07-23 22:45:00+03:00,15,OK,25.879872952520344,Acceptable,M,M,Acceptable,25.879872952520344,unique_max_firing_rule,M,2
2026-07-23 22:50:00+03:00,15,OK,31.328811324682242,Acceptable,M,M,Acceptable,31.328811324682242,unique_max_firing_rule,M,2
2026-07-23 22:55:00+03:00,15,OK,35.24909331243197,Acceptable,M,M,Acceptable,35.24909331243197,unique_max_firing_rule,M,2
2026-07-23 23:00:00+03:00,15,OK,39.788616916609485,Acceptable,M,M,Acceptable,39.788616916609485,unique_max_firing_rule,M,2
2026-07-23 23:05:00+03:00,15,OK,43.36817711158249,Acceptable,M,M,Acceptable,43.36817711158249,unique_max_firing_rule,M,2
2026-07-23 23:10:00+03:00,15,OK,45.66625049563661,Acceptable,M,M,Acceptable,45.66625049563661,unique_max_firing_rule,M,2
2026-07-23 23:15:00+03:00,15,OK,46.0448868493714,Acceptable,M,M,Acceptable,46.0448868493714,unique_max_firing_rule,M,2
2026-07-23 23:20:00+03:00,15,OK,47.3010108941015,Acceptable,M,M,Acceptable,47.3010108941015,unique_max_firing_rule,M,2
2026-07-23 23:25:00+03:00,15,OK,46.45606005545893,Acceptable,M,M,Acceptable,46.45606005545893,unique_max_firing_rule,M,2
2026-07-23 23:30:00+03:00,15,OK,45.361446573043025,Acceptable,M,M,Acceptable,45.361446573043025,unique_max_firing_rule,M,2
2026-07-23 23:35:00+03:00,15,OK,43.72597969976681,Acceptable,M,M,Acceptable,43.72597969976681,unique_max_firing_rule,M,2
2026-07-23 23:40:00+03:00,15,OK,43.509694380545106,Acceptable,M,M,Acceptable,43.509694380545106,unique_max_firing_rule,M,2
2026-07-23 23:45:00+03:00,15,OK,42.46727587058534,Acceptable,M,M,Acceptable,42.46727587058534,unique_max_firing_rule,M,2
2026-07-23 23:50:00+03:00,15,OK,39.080215607657706,Acceptable,M,M,Acceptable,39.080215607657706,unique_max_firing_rule,M,2
2026-07-23 23:55:00+03:00,15,OK,36.24108319029158,Acceptable,M,M,Acceptable,36.24108319029158,unique_max_firing_rule,M,2
2026-07-24 00:00:00+03:00,15,OK,35.56847710507096,Acceptable,M,M,Acceptable,35.56847710507096,unique_max_firing_rule,M,2
2026-07-24 00:05:00+03:00,15,OK,35.88819219107395,Acceptable,M,M,Acceptable,35.88819219107395,unique_max_firing_rule,M,2
2026-07-24 00:10:00+03:00,15,OK,34.799242323673425,Acceptable,M,M,Acceptable,34.799242323673425,unique_max_firing_rule,M,2
2026-07-24 00:15:00+03:00,15,OK,31.443199093168907,Acceptable,M,M,Acceptable,31.443199093168907,unique_max_firing_rule,M,2
2026-07-24 00:20:00+03:00,15,OK,30.753728065104845,Acceptable,M,M,Acceptable,30.753728065104845,unique_max_firing_rule,M,2
2026-07-24 00:25:00+03:00,15,OK,31.46767415882598,Acceptable,M,M,Acceptable,31.46767415882598,unique_max_firing_rule,M,2
2026-07-24 00:30:00+03:00,15,OK,33.512391786185724,Acceptable,M,M,Acceptable,33.512391786185724,unique_max_firing_rule,M,2
2026-07-24 00:35:00+03:00,15,OK,34.06210382187592,Acceptable,M,M,Acceptable,34.06210382187592,unique_max_firing_rule,M,2
2026-07-24 00:40:00+03:00,15,OK,34.53781299345812,Acceptable,M,M,Acceptable,34.53781299345812,unique_max_firing_rule,M,2
2026-07-24 00:45:00+03:00,15,OK,34.6848396665916,Acceptable,M,M,Acceptable,34.6848396665916,unique_max_firing_rule,M,2
2026-07-24 00:50:00+03:00,15,OK,34.04568389924317,Acceptable,M,M,Acceptable,34.04568389924317,unique_max_firing_rule,M,2
2026-07-24 00:55:00+03:00,15,OK,32.93884728333403,Acceptable,M,M,Acceptable,32.93884728333403,unique_max_firing_rule,M,2
2026-07-24 01:00:00+03:00,15,OK,34.14421323466078,Acceptable,M,M,Acceptable,34.14421323466078,unique_max_firing_rule,M,2
2026-07-24 01:05:00+03:00,15,OK,36.56971662694891,Acceptable,M,M,Acceptable,36.56971662694891,unique_max_firing_rule,M,2
2026-07-24 01:10:00+03:00,15,OK,41.40377507919716,Acceptable,M,M,Acceptable,41.40377507919716,unique_max_firing_rule,M,2
2026-07-24 01:15:00+03:00,15,OK,47.24369648927124,Acceptable,M,M,Acceptable,47.24369648927124,unique_max_firing_rule,M,2
2026-07-24 01:20:00+03:00,15,OK,55.26533343831191,Degraded,M,M,Degraded,55.26533343831191,unique_max_firing_rule,M,2
2026-07-24 01:25:00+03:00,15,OK,62.5,Degraded,M,M,Degraded,62.5,unique_max_firing_rule,A;M;V,1
2026-07-24 01:30:00+03:00,15,OK,62.5,Degraded,M,M,Degraded,62.5,unique_max_firing_rule,A;M;V,1
2026-07-24 01:35:00+03:00,15,OK,62.5,Degraded,M,M,Degraded,62.5,unique_max_firing_rule,A;M;V,1
2026-07-24 01:40:00+03:00,15,OK,59.395420785943195,Degraded,M,M,Degraded,59.395420785943195,unique_max_firing_rule,M,2
2026-07-24 01:45:00+03:00,15,OK,54.35845507514283,Degraded,M,M,Degraded,54.35845507514283,unique_max_firing_rule,M,2
2026-07-24 01:50:00+03:00,15,OK,53.95511315062825,Degraded,M,M,Degraded,53.95511315062825,unique_max_firing_rule,M,2
2026-07-24 01:55:00+03:00,15,OK,54.73745639573027,Degraded,M,M,Degraded,54.73745639573027,unique_max_firing_rule,M,2
2026-07-24 02:00:00+03:00,15,OK,55.76082246819243,Degraded,M,M,Degraded,55.76082246819243,unique_max_firing_rule,M,2
2026-07-24 02:05:00+03:00,15,OK,54.71272846488002,Degraded,M,M,Degraded,54.71272846488002,unique_max_firing_rule,M,2
2026-07-24 02:10:00+03:00,15,OK,53.62614227574378,Degraded,M,M,Degraded,53.62614227574378,unique_max_firing_rule,M,2
2026-07-24 02:15:00+03:00,15,OK,54.64679444941615,Degraded,M,M,Degraded,54.64679444941615,unique_max_firing_rule,M,2
2026-07-24 02:20:00+03:00,15,OK,55.166305845306056,Degraded,M,M,Degraded,55.166305845306056,unique_max_firing_rule,M,2
2026-07-24 02:25:00+03:00,15,OK,56.54024386235902,Degraded,M,M,Degraded,56.54024386235902,unique_max_firing_rule,M,2
2026-07-24 02:30:00+03:00,15,OK,59.420864736215854,Degraded,M,M,Degraded,59.420864736215854,unique_max_firing_rule,M,2
2026-07-24 02:35:00+03:00,15,OK,61.442160997935645,Degraded,M,M,Degraded,61.442160997935645,unique_max_firing_rule,M,2
2026-07-24 02:40:00+03:00,15,OK,60.67196035702583,Degraded,M,M,Degraded,60.67196035702583,unique_max_firing_rule,M,2
2026-07-24 02:45:00+03:00,15,OK,56.798415073245486,Degraded,M,M,Degraded,56.798415073245486,unique_max_firing_rule,M,2
2026-07-24 02:50:00+03:00,15,OK,52.56799460884716,Degraded,M,M,Degraded,52.56799460884716,unique_max_firing_rule,M,2
2026-07-24 02:55:00+03:00,15,OK,49.27266427163463,Acceptable,M,M,Acceptable,49.27266427163463,unique_max_firing_rule,M,2
2026-07-24 03:00:00+03:00,15,OK,46.02843151705722,Acceptable,M,M,Acceptable,46.02843151705722,unique_max_firing_rule,M,2
2026-07-24 03:05:00+03:00,15,OK,43.891986680590726,Acceptable,M,M,Acceptable,43.891986680590726,unique_max_firing_rule,M,2
2026-07-24 03:10:00+03:00,15,OK,41.8230076824162,Acceptable,M,M,Acceptable,41.8230076824162,unique_max_firing_rule,M,2
2026-07-24 03:15:00+03:00,15,OK,40.78203984537579,Acceptable,M,M,Acceptable,40.78203984537579,unique_max_firing_rule,M,2
2026-07-24 03:20:00+03:00,15,OK,40.29901848892952,Acceptable,M,M,Acceptable,40.29901848892952,unique_max_firing_rule,M,2
2026-07-24 03:25:00+03:00,15,OK,40.32450133968441,Acceptable,M,M,Acceptable,40.32450133968441,unique_max_firing_rule,M,2
2026-07-24 03:30:00+03:00,15,OK,39.85675250476098,Acceptable,M,M,Acceptable,39.85675250476098,unique_max_firing_rule,M,2
2026-07-24 03:35:00+03:00,15,OK,39.88229683453332,Acceptable,M,M,Acceptable,39.88229683453332,unique_max_firing_rule,M,2
2026-07-24 03:40:00+03:00,15,OK,39.0117915759282,Acceptable,M,M,Acceptable,39.0117915759282,unique_max_firing_rule,M,2
2026-07-24 03:45:00+03:00,15,OK,39.421954584041266,Acceptable,M,M,Acceptable,39.421954584041266,unique_max_firing_rule,M,2
2026-07-24 03:50:00+03:00,15,OK,39.06311198443895,Acceptable,M,M,Acceptable,39.06311198443895,unique_max_firing_rule,M,2
2026-07-24 03:55:00+03:00,15,OK,40.1545487639406,Acceptable,M,M,Acceptable,40.1545487639406,unique_max_firing_rule,M,2
2026-07-24 04:00:00+03:00,15,OK,42.06584606258329,Acceptable,M,M,Acceptable,42.06584606258329,unique_max_firing_rule,M,2
2026-07-24 04:05:00+03:00,15,OK,44.767678358198886,Acceptable,M,M,Acceptable,44.767678358198886,unique_max_firing_rule,M,2
2026-07-24 04:10:00+03:00,15,OK,45.27902905364221,Acceptable,M,M,Acceptable,45.27902905364221,unique_max_firing_rule,M,2
2026-07-24 04:15:00+03:00,15,OK,44.22265114660691,Acceptable,M,M,Acceptable,44.22265114660691,unique_max_firing_rule,M,2
2026-07-24 04:20:00+03:00,15,OK,44.330061015436,Acceptable,M,M,Acceptable,44.330061015436,unique_max_firing_rule,M,2
2026-07-24 04:25:00+03:00,15,OK,48.495827556439416,Acceptable,M,M,Acceptable,48.495827556439416,unique_max_firing_rule,M,2
2026-07-24 04:30:00+03:00,15,OK,52.50250250250243,Degraded,M,M,Degraded,52.50250250250243,unique_max_firing_rule,M,2
2026-07-24 04:35:00+03:00,15,OK,55.942648516964546,Degraded,M,M,Degraded,55.942648516964546,unique_max_firing_rule,M,2
2026-07-24 04:40:00+03:00,15,OK,56.4070970921634,Degraded,M,M,Degraded,56.4070970921634,unique_max_firing_rule,M,2
2026-07-24 04:45:00+03:00,15,OK,55.3561292820326,Degraded,M,M,Degraded,55.3561292820326,unique_max_firing_rule,M,2
2026-07-24 04:50:00+03:00,15,OK,52.82999731722812,Degraded,M,M,Degraded,52.82999731722812,unique_max_firing_rule,M,2
2026-07-24 04:55:00+03:00,15,OK,52.142357181639355,Degraded,M,M,Degraded,52.142357181639355,unique_max_firing_rule,M,2
2026-07-24 05:00:00+03:00,15,OK,54.15261983625401,Degraded,M,M,Degraded,54.15261983625401,unique_max_firing_rule,M,2
2026-07-24 05:05:00+03:00,15,OK,56.199195336234645,Degraded,M,M,Degraded,56.199195336234645,unique_max_firing_rule,M,2
2026-07-24 05:10:00+03:00,15,OK,55.92611561999342,Degraded,M,M,Degraded,55.92611561999342,unique_max_firing_rule,M,2
2026-07-24 05:15:00+03:00,15,OK,55.80213965183879,Degraded,M,M,Degraded,55.80213965183879,unique_max_firing_rule,M,2
2026-07-24 05:20:00+03:00,15,OK,56.68178904285224,Degraded,M,M,Degraded,56.68178904285224,unique_max_firing_rule,M,2
2026-07-24 05:25:00+03:00,15,OK,59.336065302885046,Degraded,M,M,Degraded,59.336065302885046,unique_max_firing_rule,M,2
2026-07-24 05:30:00+03:00,15,OK,62.5,Degraded,M,M,Degraded,62.5,unique_max_firing_rule,A;M;V,1
2026-07-24 05:35:00+03:00,15,OK,62.5,Degraded,M,M,Degraded,62.5,unique_max_firing_rule,A;M;V,1
2026-07-24 05:40:00+03:00,15,OK,62.5,Degraded,M,M,Degraded,62.5,unique_max_firing_rule,A;M;V,1
2026-07-24 05:45:00+03:00,15,OK,62.5,Degraded,M,M,Degraded,62.5,unique_max_firing_rule,A;M;V,1
2026-07-24 05:50:00+03:00,15,OK,62.5,Degraded,M,M,Degraded,62.5,unique_max_firing_rule,A;M;V,1
2026-07-24 05:55:00+03:00,15,OK,66.14309827083899,Degraded,M,M,Degraded,66.14309827083899,unique_max_firing_rule,M,2
2026-07-24 06:00:00+03:00,15,OK,67.06115271666633,Degraded,M,M,Degraded,67.06115271666633,unique_max_firing_rule,M,2
2026-07-24 06:05:00+03:00,15,OK,63.88206417624498,Degraded,M,M,Degraded,63.88206417624498,unique_max_firing_rule,M,2
2026-07-24 06:10:00+03:00,15,OK,62.5,Degraded,M,M,Degraded,62.5,unique_max_firing_rule,A;M;V,1
2026-07-24 06:15:00+03:00,15,OK,62.5,Degraded,M,M,Degraded,62.5,unique_max_firing_rule,A;M;V,1
2026-07-24 06:20:00+03:00,15,OK,62.5,Degraded,M,M,Degraded,62.5,unique_max_firing_rule,A;M;V,1
2026-07-24 06:25:00+03:00,15,OK,62.5,Degraded,M,M,Degraded,62.5,unique_max_firing_rule,A;M;V,1
2026-07-24 06:30:00+03:00,15,OK,62.5,Degraded,M,M,Degraded,62.5,unique_max_firing_rule,A;M;V,1
2026-07-24 06:35:00+03:00,15,OK,62.5,Degraded,M,M,Degraded,62.5,unique_max_firing_rule,A;M;V,1
2026-07-24 06:40:00+03:00,15,OK,62.5,Degraded,M,M,Degraded,62.5,unique_max_firing_rule,A;M;V,1
2026-07-24 06:45:00+03:00,15,OK,62.5,Degraded,M,M,Degraded,62.5,unique_max_firing_rule,A;M;V,1
2026-07-24 06:50:00+03:00,15,OK,62.5,Degraded,M,M,Degraded,62.5,unique_max_firing_rule,A;M;V,1
2026-07-24 06:55:00+03:00,15,OK,62.5,Degraded,M,M,Degraded,62.5,unique_max_firing_rule,A;M;V,1
2026-07-24 07:00:00+03:00,15,OK,62.5,Degraded,M,M,Degraded,62.5,unique_max_firing_rule,A;M;V,1
2026-07-24 07:05:00+03:00,15,OK,62.5,Degraded,M,M,Degraded,62.5,unique_max_firing_rule,A;M;V,1
2026-07-24 07:10:00+03:00,15,OK,62.5,Degraded,M,M,Degraded,62.5,unique_max_firing_rule,A;M;V,1
2026-07-24 07:15:00+03:00,15,OK,62.5,Degraded,M,M,Degraded,62.5,unique_max_firing_rule,A;M;V,1
2026-07-24 07:20:00+03:00,15,OK,62.5,Degraded,M,M,Degraded,62.5,unique_max_firing_rule,A;M;V,1
2026-07-24 07:25:00+03:00,15,OK,68.32014760086606,Degraded,M,M,Degraded,68.32014760086606,unique_max_firing_rule,M,2
2026-07-24 07:30:00+03:00,15,OK,73.13970324200186,Degraded,M,M,Degraded,73.13970324200186,unique_max_firing_rule,M,2
2026-07-24 07:35:00+03:00,15,OK,75.02786008230444,Critical,M,M,Critical,75.02786008230444,unique_max_firing_rule,M,2
2026-07-24 07:40:00+03:00,15,OK,76.59897119341579,Critical,M,M,Critical,76.59897119341579,unique_max_firing_rule,M,2
2026-07-24 07:45:00+03:00,15,OK,77.87082304526733,Critical,M,M,Critical,77.87082304526733,unique_max_firing_rule,M,2
2026-07-24 07:50:00+03:00,15,OK,78.16434272130411,Critical,M,M,Critical,78.16434272130411,unique_max_firing_rule,M,2
2026-07-24 07:55:00+03:00,15,OK,76.9314814814815,Critical,M,M,Critical,76.9314814814815,unique_max_firing_rule,M,2
2026-07-24 08:00:00+03:00,15,OK,79.12292166214333,Critical,M,M,Critical,79.12292166214333,unique_max_firing_rule,M,2
2026-07-24 08:05:00+03:00,15,OK,81.66853933552974,Critical,M,M,Critical,81.66853933552974,unique_max_firing_rule,M,2
2026-07-24 08:10:00+03:00,15,OK,82.47790662479836,Critical,M,M,Critical,82.47790662479836,unique_max_firing_rule,M,2
2026-07-24 08:15:00+03:00,15,OK,80.13273012442008,Critical,M,M,Critical,80.13273012442008,unique_max_firing_rule,M,2
2026-07-24 08:20:00+03:00,15,OK,77.43024691358016,Critical,M,M,Critical,77.43024691358016,unique_max_firing_rule,M,2
2026-07-24 08:25:00+03:00,15,OK,75.75106995884792,Critical,M,M,Critical,75.75106995884792,unique_max_firing_rule,M,2
2026-07-24 08:30:00+03:00,15,OK,74.75410955972649,Degraded,M,M,Degraded,74.75410955972649,unique_max_firing_rule,M,2
2026-07-24 08:35:00+03:00,15,OK,71.90277919689355,Degraded,M,M,Degraded,71.90277919689355,unique_max_firing_rule,M,2
2026-07-24 08:40:00+03:00,15,OK,71.02565508484352,Degraded,M,M,Degraded,71.02565508484352,unique_max_firing_rule,M,2
2026-07-24 08:45:00+03:00,15,OK,70.77176942894944,Degraded,M,M,Degraded,70.77176942894944,unique_max_firing_rule,M,2
2026-07-24 08:50:00+03:00,15,OK,70.16529975742176,Degraded,M,M,Degraded,70.16529975742176,unique_max_firing_rule,M,2
2026-07-24 08:55:00+03:00,15,OK,70.19809704854396,Degraded,M,M,Degraded,70.19809704854396,unique_max_firing_rule,M,2
2026-07-24 09:00:00+03:00,15,OK,71.79552151728502,Degraded,M,M,Degraded,71.79552151728502,unique_max_firing_rule,M,2
2026-07-24 09:05:00+03:00,15,OK,75.00292181069938,Critical,M,M,Critical,75.00292181069938,unique_max_firing_rule,M,2
2026-07-24 09:10:00+03:00,15,OK,75.36868312757191,Critical,M,M,Critical,75.36868312757191,unique_max_firing_rule,M,2
2026-07-24 09:15:00+03:00,15,OK,73.84832182272675,Degraded,M,M,Degraded,73.84832182272675,unique_max_firing_rule,M,2
2026-07-24 09:20:00+03:00,15,OK,74.60593464482658,Degraded,M,M,Degraded,74.60593464482658,unique_max_firing_rule,M,2
2026-07-24 09:25:00+03:00,15,OK,78.31564944814681,Critical,M,M,Critical,78.31564944814681,unique_max_firing_rule,M,2
2026-07-24 09:30:00+03:00,15,OK,79.5386688230665,Critical,M,M,Critical,79.5386688230665,unique_max_firing_rule,M,2
2026-07-24 09:35:00+03:00,15,OK,78.8623370064835,Critical,M,M,Critical,78.8623370064835,unique_max_firing_rule,M,2
2026-07-24 09:40:00+03:00,15,OK,75.67625514403292,Critical,M,M,Critical,75.67625514403292,unique_max_firing_rule,M,2
2026-07-24 09:45:00+03:00,15,OK,72.52139406600956,Degraded,M,M,Degraded,72.52139406600956,unique_max_firing_rule,M,2
2026-07-24 09:50:00+03:00,15,OK,70.18989788812574,Degraded,M,M,Degraded,70.18989788812574,unique_max_firing_rule,M,2
2026-07-24 09:55:00+03:00,15,OK,69.07380280713112,Degraded,M,M,Degraded,69.07380280713112,unique_max_firing_rule,M,2
2026-07-24 10:00:00+03:00,15,OK,68.56309946750093,Degraded,M,M,Degraded,68.56309946750093,unique_max_firing_rule,M,2
2026-07-24 10:05:00+03:00,15,OK,69.09511827215199,Degraded,M,M,Degraded,69.09511827215199,unique_max_firing_rule,M,2
2026-07-24 10:10:00+03:00,15,OK,68.25676097526754,Degraded,M,M,Degraded,68.25676097526754,unique_max_firing_rule,M,2
2026-07-24 10:15:00+03:00,15,OK,66.15139302057749,Degraded,M,M,Degraded,66.15139302057749,unique_max_firing_rule,M,2
2026-07-24 10:20:00+03:00,15,OK,62.500000000000014,Degraded,M,M,Degraded,62.500000000000014,unique_max_firing_rule,M,1
2026-07-24 10:25:00+03:00,15,OK,62.50000000000001,Degraded,M,M,Degraded,62.50000000000001,unique_max_firing_rule,M,1
2026-07-24 10:30:00+03:00,15,OK,62.5,Degraded,M,M,Degraded,62.5,unique_max_firing_rule,M,1
2026-07-24 10:35:00+03:00,15,OK,62.500000000000014,Degraded,M,M,Degraded,62.500000000000014,unique_max_firing_rule,M,1
2026-07-24 10:40:00+03:00,15,OK,62.50000000000001,Degraded,M,M,Degraded,62.50000000000001,unique_max_firing_rule,M,1
2026-07-24 10:45:00+03:00,15,OK,62.5,Degraded,M,M,Degraded,62.5,unique_max_firing_rule,M,1
2026-07-24 10:50:00+03:00,15,OK,62.5,Degraded,M,M,Degraded,62.5,unique_max_firing_rule,A;M;V,1
2026-07-24 10:55:00+03:00,15,OK,62.5,Degraded,M,M,Degraded,62.5,unique_max_firing_rule,A;M;V,1
2026-07-24 11:00:00+03:00,15,OK,62.5,Degraded,M,M,Degraded,62.5,unique_max_firing_rule,A;M;V,1
2026-07-24 11:05:00+03:00,15,OK,62.5,Degraded,M,M,Degraded,62.5,unique_max_firing_rule,A;M;V,1
2026-07-24 11:10:00+03:00,15,OK,62.5,Degraded,M,M,Degraded,62.5,unique_max_firing_rule,A;M;V,1
2026-07-24 11:15:00+03:00,15,OK,62.5,Degraded,M,M,Degraded,62.5,unique_max_firing_rule,A;M;V,1
2026-07-24 11:20:00+03:00,15,OK,62.5,Degraded,M,M,Degraded,62.5,unique_max_firing_rule,A;M;V,1
2026-07-24 11:25:00+03:00,15,OK,62.5,Degraded,M,M,Degraded,62.5,unique_max_firing_rule,A;M;V,1
2026-07-24 11:30:00+03:00,15,OK,59.412383026969444,Degraded,M,M,Degraded,59.412383026969444,unique_max_firing_rule,M,2
2026-07-24 11:35:00+03:00,15,OK,59.887963989607115,Degraded,M,M,Degraded,59.887963989607115,unique_max_firing_rule,M,2
2026-07-24 11:40:00+03:00,15,OK,61.26215914527203,Degraded,M,M,Degraded,61.26215914527203,unique_max_firing_rule,M,2
2026-07-24 11:45:00+03:00,15,OK,62.5,Degraded,M,M,Degraded,62.5,unique_max_firing_rule,A;M;V,1
2026-07-24 11:50:00+03:00,15,OK,62.5,Degraded,M,M,Degraded,62.5,unique_max_firing_rule,A;M;V,1
2026-07-24 11:55:00+03:00,15,OK,62.5,Degraded,M,M,Degraded,62.5,unique_max_firing_rule,A;M;V,1
2026-07-24 12:00:00+03:00,15,OK,62.5,Degraded,M,M,Degraded,62.5,unique_max_firing_rule,A;M;V,1
2026-07-24 12:05:00+03:00,15,OK,62.5,Degraded,M,M,Degraded,62.5,unique_max_firing_rule,A;M;V,1
2026-07-24 12:10:00+03:00,15,OK,60.33920547182594,Degraded,M,M,Degraded,60.33920547182594,unique_max_firing_rule,M,2
2026-07-24 12:15:00+03:00,15,OK,59.55662548609794,Degraded,M,M,Degraded,59.55662548609794,unique_max_firing_rule,M,2
2026-07-24 12:20:00+03:00,15,OK,57.63302208388907,Degraded,M,M,Degraded,57.63302208388907,unique_max_firing_rule,M,2
2026-07-24 12:25:00+03:00,15,OK,55.5625566100892,Degraded,M,M,Degraded,55.5625566100892,unique_max_firing_rule,M,2
2026-07-24 12:30:00+03:00,15,OK,51.70868338178699,Degraded,M,M,Degraded,51.70868338178699,unique_max_firing_rule,M,2
2026-07-24 12:35:00+03:00,15,OK,48.176775885694084,Acceptable,M,M,Acceptable,48.176775885694084,unique_max_firing_rule,M,2
2026-07-24 12:40:00+03:00,15,OK,44.949196791099865,Acceptable,M,M,Acceptable,44.949196791099865,unique_max_firing_rule,M,2
2026-07-24 12:45:00+03:00,15,OK,40.26503584650371,Acceptable,M,M,Acceptable,40.26503584650371,unique_max_firing_rule,M,2
2026-07-24 12:50:00+03:00,15,OK,34.382422930865836,Acceptable,M,M,Acceptable,34.382422930865836,unique_max_firing_rule,M,2
2026-07-24 12:55:00+03:00,15,OK,27.709519713686614,Acceptable,M,M,Acceptable,27.709519713686614,unique_max_firing_rule,M,2
2026-07-24 13:00:00+03:00,15,OK,21.28077824907161,Favorable,M,M,Favorable,21.28077824907161,unique_max_firing_rule,M,4
2026-07-24 13:05:00+03:00,15,OK,24.826072898295124,Favorable,V,V,Favorable,24.826072898295124,unique_max_firing_rule,V,4
2026-07-24 13:10:00+03:00,15,OK,31.42338701111089,Acceptable,V,V,Acceptable,31.42338701111089,unique_max_firing_rule,V,2
2026-07-24 13:15:00+03:00,15,OK,32.12321482993488,Acceptable,V,V,Acceptable,32.12321482993488,unique_max_firing_rule,V,2
2026-07-24 13:20:00+03:00,15,OK,27.006307934513252,Acceptable,V,V,Acceptable,27.006307934513252,unique_max_firing_rule,V,2
2026-07-24 13:25:00+03:00,15,OK,19.93822297273445,Favorable,V,V,Favorable,19.93822297273445,unique_max_firing_rule,V,2
2026-07-24 13:30:00+03:00,15,OK,12.444029850746269,Favorable,A,A;M;V,Favorable,12.444029850746269,co_dominant_tie,A;M;V,1
2026-07-24 13:35:00+03:00,15,OK,12.444029850746269,Favorable,A,A;M;V,Favorable,12.444029850746269,co_dominant_tie,A;M;V,1
2026-07-24 13:40:00+03:00,15,OK,12.444029850746269,Favorable,A,A;M;V,Favorable,12.444029850746269,co_dominant_tie,A;M;V,1
2026-07-24 13:45:00+03:00,15,OK,12.444029850746269,Favorable,A,A;M;V,Favorable,12.444029850746269,co_dominant_tie,A;M;V,1
2026-07-24 13:50:00+03:00,15,OK,12.444029850746269,Favorable,A,A;M;V,Favorable,12.444029850746269,co_dominant_tie,A;M;V,1
2026-07-24 13:55:00+03:00,15,OK,12.444029850746269,Favorable,A,A;M;V,Favorable,12.444029850746269,co_dominant_tie,A;M;V,1
2026-07-24 14:00:00+03:00,15,OK,12.444029850746269,Favorable,A,A;M;V,Favorable,12.444029850746269,co_dominant_tie,A;M;V,1
2026-07-24 14:05:00+03:00,15,OK,12.444029850746269,Favorable,A,A;M;V,Favorable,12.444029850746269,co_dominant_tie,A;M;V,1
2026-07-24 14:10:00+03:00,15,OK,12.444029850746269,Favorable,A,A;M;V,Favorable,12.444029850746269,co_dominant_tie,A;M;V,1
2026-07-24 14:15:00+03:00,15,OK,12.444029850746269,Favorable,A,A;M;V,Favorable,12.444029850746269,co_dominant_tie,A;M;V,1
2026-07-24 14:20:00+03:00,15,OK,12.444029850746269,Favorable,A,A;M;V,Favorable,12.444029850746269,co_dominant_tie,A;M;V,1
2026-07-24 14:25:00+03:00,15,OK,12.444029850746269,Favorable,A,A;M;V,Favorable,12.444029850746269,co_dominant_tie,A;M;V,1
2026-07-24 14:30:00+03:00,15,OK,12.444029850746269,Favorable,A,A;M;V,Favorable,12.444029850746269,co_dominant_tie,A;M;V,1
2026-07-24 14:35:00+03:00,15,OK,12.444029850746269,Favorable,A,A;M;V,Favorable,12.444029850746269,co_dominant_tie,A;M;V,1
2026-07-24 14:40:00+03:00,15,OK,12.444029850746269,Favorable,A,A;M;V,Favorable,12.444029850746269,co_dominant_tie,A;M;V,1
2026-07-24 14:45:00+03:00,15,OK,12.444029850746269,Favorable,A,A;M;V,Favorable,12.444029850746269,co_dominant_tie,A;M;V,1
2026-07-24 14:50:00+03:00,15,OK,12.444029850746269,Favorable,A,A;M;V,Favorable,12.444029850746269,co_dominant_tie,A;M;V,1
2026-07-24 14:55:00+03:00,15,OK,12.444029850746269,Favorable,A,A;M;V,Favorable,12.444029850746269,co_dominant_tie,A;M;V,1
2026-07-24 15:00:00+03:00,15,OK,12.444029850746269,Favorable,A,A;M;V,Favorable,12.444029850746269,co_dominant_tie,A;M;V,1
2026-07-24 15:05:00+03:00,15,OK,12.444029850746269,Favorable,A,A;M;V,Favorable,12.444029850746269,co_dominant_tie,A;M;V,1
2026-07-24 15:10:00+03:00,15,OK,12.444029850746269,Favorable,A,A;M;V,Favorable,12.444029850746269,co_dominant_tie,A;M;V,1
2026-07-24 15:15:00+03:00,15,OK,12.444029850746269,Favorable,A,A;M;V,Favorable,12.444029850746269,co_dominant_tie,A;M;V,1
2026-07-24 15:20:00+03:00,15,OK,12.444029850746269,Favorable,A,A;M;V,Favorable,12.444029850746269,co_dominant_tie,A;M;V,1
2026-07-24 15:25:00+03:00,15,PARTIAL,12.444029850746269,Favorable,A,A;V,Favorable,12.444029850746269,co_dominant_tie,A;V,1
2026-07-24 15:30:00+03:00,15,OK,12.444029850746269,Favorable,A,A;M;V,Favorable,12.444029850746269,co_dominant_tie,A;M;V,1
2026-07-24 15:35:00+03:00,15,OK,12.444029850746269,Favorable,A,A;M;V,Favorable,12.444029850746269,co_dominant_tie,A;M;V,1
2026-07-24 15:40:00+03:00,15,OK,12.444029850746269,Favorable,A,A;M;V,Favorable,12.444029850746269,co_dominant_tie,A;M;V,1
2026-07-24 15:45:00+03:00,15,OK,12.444029850746269,Favorable,A,A;M;V,Favorable,12.444029850746269,co_dominant_tie,A;M;V,1
2026-07-24 15:50:00+03:00,15,OK,12.444029850746269,Favorable,A,A;M;V,Favorable,12.444029850746269,co_dominant_tie,A;M;V,1
2026-07-24 15:55:00+03:00,15,OK,12.444029850746269,Favorable,A,A;M;V,Favorable,12.444029850746269,co_dominant_tie,A;M;V,1
2026-07-24 16:00:00+03:00,15,OK,12.444029850746269,Favorable,A,A;M;V,Favorable,12.444029850746269,co_dominant_tie,A;M;V,1
2026-07-24 16:05:00+03:00,15,PARTIAL,12.444029850746269,Favorable,A,A;V,Favorable,12.444029850746269,co_dominant_tie,A;V,1
2026-07-24 16:10:00+03:00,15,OK,12.444029850746269,Favorable,A,A;M;V,Favorable,12.444029850746269,co_dominant_tie,A;M;V,1
2026-07-24 16:15:00+03:00,15,OK,12.444029850746269,Favorable,A,A;M;V,Favorable,12.444029850746269,co_dominant_tie,A;M;V,1
2026-07-24 16:20:00+03:00,15,OK,12.444029850746269,Favorable,A,A;M;V,Favorable,12.444029850746269,co_dominant_tie,A;M;V,1
2026-07-24 16:25:00+03:00,15,OK,12.444029850746269,Favorable,A,A;M;V,Favorable,12.444029850746269,co_dominant_tie,A;M;V,1
2026-07-24 16:30:00+03:00,15,OK,12.444029850746269,Favorable,A,A;M;V,Favorable,12.444029850746269,co_dominant_tie,A;M;V,1
2026-07-24 16:35:00+03:00,15,OK,12.444029850746269,Favorable,A,A;M;V,Favorable,12.444029850746269,co_dominant_tie,A;M;V,1
2026-07-24 16:40:00+03:00,15,OK,12.444029850746269,Favorable,A,A;M;V,Favorable,12.444029850746269,co_dominant_tie,A;M;V,1
2026-07-24 16:45:00+03:00,15,OK,12.444029850746269,Favorable,A,A;M;V,Favorable,12.444029850746269,co_dominant_tie,A;M;V,1
2026-07-24 16:50:00+03:00,15,OK,12.444029850746269,Favorable,A,A;M;V,Favorable,12.444029850746269,co_dominant_tie,A;M;V,1
2026-07-24 16:55:00+03:00,15,OK,12.444029850746269,Favorable,A,A;M;V,Favorable,12.444029850746269,co_dominant_tie,A;M;V,1
2026-07-24 17:00:00+03:00,15,OK,12.444029850746269,Favorable,A,A;M;V,Favorable,12.444029850746269,co_dominant_tie,A;M;V,1
2026-07-24 17:05:00+03:00,15,OK,12.444029850746269,Favorable,A,A;M;V,Favorable,12.444029850746269,co_dominant_tie,A;M;V,1
2026-07-24 17:10:00+03:00,15,OK,12.444029850746269,Favorable,A,A;M;V,Favorable,12.444029850746269,co_dominant_tie,A;M;V,1
2026-07-24 17:15:00+03:00,15,OK,12.444029850746269,Favorable,A,A;M;V,Favorable,12.444029850746269,co_dominant_tie,A;M;V,1
2026-07-24 17:20:00+03:00,15,OK,12.444029850746269,Favorable,A,A;M;V,Favorable,12.444029850746269,co_dominant_tie,A;M;V,1
2026-07-24 17:25:00+03:00,15,OK,12.444029850746269,Favorable,A,A;M;V,Favorable,12.444029850746269,co_dominant_tie,A;M;V,1
2026-07-24 17:30:00+03:00,15,OK,12.444029850746269,Favorable,A,A;M;V,Favorable,12.444029850746269,co_dominant_tie,A;M;V,1
2026-07-24 17:35:00+03:00,15,OK,12.444029850746269,Favorable,A,A;M;V,Favorable,12.444029850746269,co_dominant_tie,A;M;V,1
2026-07-24 17:40:00+03:00,15,OK,12.444029850746269,Favorable,A,A;M;V,Favorable,12.444029850746269,co_dominant_tie,A;M;V,1
2026-07-24 17:45:00+03:00,15,OK,12.444029850746269,Favorable,A,A;M;V,Favorable,12.444029850746269,co_dominant_tie,A;M;V,1
2026-07-24 17:50:00+03:00,15,OK,12.444029850746269,Favorable,A,A;M;V,Favorable,12.444029850746269,co_dominant_tie,A;M;V,1
2026-07-24 17:55:00+03:00,15,OK,12.444029850746269,Favorable,A,A;M;V,Favorable,12.444029850746269,co_dominant_tie,A;M;V,1
2026-07-24 18:00:00+03:00,15,OK,14.433037487093602,Favorable,M,M,Favorable,14.433037487093602,unique_max_firing_rule,M,2
2026-07-24 18:05:00+03:00,15,OK,26.110491769804913,Acceptable,M,M,Acceptable,26.110491769804913,unique_max_firing_rule,M,2
2026-07-24 18:10:00+03:00,15,OK,33.21732639820346,Acceptable,M,M,Acceptable,33.21732639820346,unique_max_firing_rule,M,2
2026-07-24 18:15:00+03:00,15,OK,36.08510482626512,Acceptable,M,M,Acceptable,36.08510482626512,unique_max_firing_rule,M,2
2026-07-24 18:20:00+03:00,15,OK,39.22553225373037,Acceptable,M,M,Acceptable,39.22553225373037,unique_max_firing_rule,M,2
2026-07-24 18:25:00+03:00,15,OK,41.931894974535034,Acceptable,M,M,Acceptable,41.931894974535034,unique_max_firing_rule,M,2
2026-07-24 18:30:00+03:00,15,OK,45.06466761110245,Acceptable,M,M,Acceptable,45.06466761110245,unique_max_firing_rule,M,2
2026-07-24 18:35:00+03:00,15,OK,44.14000945477467,Acceptable,M,M,Acceptable,44.14000945477467,unique_max_firing_rule,M,2
2026-07-24 18:40:00+03:00,15,OK,40.214050076269494,Acceptable,M,M,Acceptable,40.214050076269494,unique_max_firing_rule,M,2
2026-07-24 18:45:00+03:00,15,OK,34.57047951749637,Acceptable,M,M,Acceptable,34.57047951749637,unique_max_firing_rule,M,2
2026-07-24 18:50:00+03:00,15,OK,30.097140933083548,Acceptable,M,M,Acceptable,30.097140933083548,unique_max_firing_rule,M,2
2026-07-24 18:55:00+03:00,15,OK,26.92623517900494,Acceptable,M,M,Acceptable,26.92623517900494,unique_max_firing_rule,M,2
2026-07-24 19:00:00+03:00,15,OK,25.476392341504283,Acceptable,M,M,Acceptable,25.476392341504283,unique_max_firing_rule,M,2
2026-07-24 19:05:00+03:00,15,OK,23.34283950617271,Favorable,M,M,Favorable,23.34283950617271,unique_max_firing_rule,M,2
2026-07-24 19:10:00+03:00,15,OK,21.03689148198273,Favorable,M,M,Favorable,21.03689148198273,unique_max_firing_rule,M,2
2026-07-24 19:15:00+03:00,15,OK,16.814960727409755,Favorable,M,M,Favorable,16.814960727409755,unique_max_firing_rule,M,2
2026-07-24 19:20:00+03:00,15,OK,13.038186434386,Favorable,M,M,Favorable,13.038186434386,unique_max_firing_rule,M,2
2026-07-24 19:25:00+03:00,15,OK,12.444029850746269,Favorable,A,A;M;V,Favorable,12.444029850746269,co_dominant_tie,A;M;V,1
2026-07-24 19:30:00+03:00,15,OK,12.889722628318047,Favorable,M,M,Favorable,12.889722628318047,unique_max_firing_rule,M,2
2026-07-24 19:35:00+03:00,15,OK,15.163561877554425,Favorable,M,M,Favorable,15.163561877554425,unique_max_firing_rule,M,2
2026-07-24 19:40:00+03:00,15,OK,17.370680465854807,Favorable,M,M,Favorable,17.370680465854807,unique_max_firing_rule,M,2
2026-07-24 19:45:00+03:00,15,OK,19.547330696985,Favorable,M,M,Favorable,19.547330696985,unique_max_firing_rule,M,2
2026-07-24 19:50:00+03:00,15,OK,20.893901716017258,Favorable,M,M,Favorable,20.893901716017258,unique_max_firing_rule,M,2
2026-07-24 19:55:00+03:00,15,OK,20.27970478063653,Favorable,M,M,Favorable,20.27970478063653,unique_max_firing_rule,M,2
2026-07-24 20:00:00+03:00,15,OK,20.220793661251946,Favorable,M,M,Favorable,20.220793661251946,unique_max_firing_rule,M,2
2026-07-24 20:05:00+03:00,15,OK,20.776133414142333,Favorable,M,M,Favorable,20.776133414142333,unique_max_firing_rule,M,2
2026-07-24 20:10:00+03:00,15,OK,22.58637860082332,Favorable,M,M,Favorable,22.58637860082332,unique_max_firing_rule,M,2
2026-07-24 20:15:00+03:00,15,OK,24.972139917695383,Favorable,M,M,Favorable,24.972139917695383,unique_max_firing_rule,M,2
2026-07-24 20:20:00+03:00,15,OK,28.417797956754846,Acceptable,M,M,Acceptable,28.417797956754846,unique_max_firing_rule,M,2
2026-07-24 20:25:00+03:00,15,OK,32.70146956608082,Acceptable,M,M,Acceptable,32.70146956608082,unique_max_firing_rule,M,2
2026-07-24 20:30:00+03:00,15,OK,35.473001698018074,Acceptable,M,M,Acceptable,35.473001698018074,unique_max_firing_rule,M,2
2026-07-24 20:35:00+03:00,15,OK,36.86707601753756,Acceptable,M,M,Acceptable,36.86707601753756,unique_max_firing_rule,M,2
2026-07-24 20:40:00+03:00,15,OK,37.819184797362254,Acceptable,M,M,Acceptable,37.819184797362254,unique_max_firing_rule,M,2
2026-07-24 20:45:00+03:00,15,OK,39.06832451689998,Acceptable,M,M,Acceptable,39.06832451689998,unique_max_firing_rule,M,2
2026-07-24 20:50:00+03:00,15,OK,41.05501504505962,Acceptable,M,M,Acceptable,41.05501504505962,unique_max_firing_rule,M,2
2026-07-24 20:55:00+03:00,15,OK,42.80657901090525,Acceptable,M,M,Acceptable,42.80657901090525,unique_max_firing_rule,M,2
2026-07-24 21:00:00+03:00,15,OK,45.88853507358052,Acceptable,M,M,Acceptable,45.88853507358052,unique_max_firing_rule,M,2
2026-07-24 21:05:00+03:00,15,OK,50.45760008367531,Degraded,M,M,Degraded,50.45760008367531,unique_max_firing_rule,M,2
2026-07-24 21:10:00+03:00,15,OK,55.8847862271379,Degraded,M,M,Degraded,55.8847862271379,unique_max_firing_rule,M,2
2026-07-24 21:15:00+03:00,15,OK,61.00531840726649,Degraded,M,M,Degraded,61.00531840726649,unique_max_firing_rule,M,2
2026-07-24 21:20:00+03:00,15,OK,62.5,Degraded,M,M,Degraded,62.5,unique_max_firing_rule,A;M;V,1
2026-07-24 21:25:00+03:00,15,OK,62.5,Degraded,M,M,Degraded,62.5,unique_max_firing_rule,A;M;V,1
2026-07-24 21:30:00+03:00,15,OK,62.5,Degraded,M,M,Degraded,62.5,unique_max_firing_rule,A;M;V,1
2026-07-24 21:35:00+03:00,15,OK,62.5,Degraded,M,M,Degraded,62.5,unique_max_firing_rule,A;M;V,1
2026-07-24 21:40:00+03:00,15,OK,62.5,Degraded,M,M,Degraded,62.5,unique_max_firing_rule,A;M;V,1
2026-07-24 21:45:00+03:00,15,OK,62.5,Degraded,M,M,Degraded,62.5,unique_max_firing_rule,A;M;V,1
2026-07-24 21:50:00+03:00,15,OK,62.5,Degraded,M,M,Degraded,62.5,unique_max_firing_rule,A;M;V,1
2026-07-24 21:55:00+03:00,15,OK,62.5,Degraded,M,M,Degraded,62.5,unique_max_firing_rule,A;M;V,1
2026-07-24 22:00:00+03:00,15,OK,62.5,Degraded,M,M,Degraded,62.5,unique_max_firing_rule,A;M;V,1
2026-07-24 22:05:00+03:00,15,OK,62.5,Degraded,M,M,Degraded,62.5,unique_max_firing_rule,A;M;V,1
2026-07-24 22:10:00+03:00,15,OK,65.93789617812426,Degraded,M,M,Degraded,65.93789617812426,unique_max_firing_rule,M,2
2026-07-24 22:15:00+03:00,15,OK,67.7565283263535,Degraded,M,M,Degraded,67.7565283263535,unique_max_firing_rule,M,2
2026-07-24 22:20:00+03:00,15,OK,67.5521278989356,Degraded,M,M,Degraded,67.5521278989356,unique_max_firing_rule,M,2
2026-07-24 22:25:00+03:00,15,OK,69.17236245388149,Degraded,M,M,Degraded,69.17236245388149,unique_max_firing_rule,M,2
2026-07-24 22:30:00+03:00,15,OK,71.03384321602077,Degraded,M,M,Degraded,71.03384321602077,unique_max_firing_rule,M,2
2026-07-24 22:35:00+03:00,15,OK,72.48016258769475,Degraded,M,M,Degraded,72.48016258769475,unique_max_firing_rule,M,2
2026-07-24 22:40:00+03:00,15,OK,73.2303628960528,Degraded,M,M,Degraded,73.2303628960528,unique_max_firing_rule,M,2
2026-07-24 22:45:00+03:00,15,OK,73.90598241338473,Degraded,M,M,Degraded,73.90598241338473,unique_max_firing_rule,M,2
2026-07-24 22:50:00+03:00,15,OK,75.08430066762857,Critical,M,M,Critical,75.08430066762857,unique_max_firing_rule,M,2
2026-07-24 22:55:00+03:00,15,OK,77.0727983539092,Critical,M,M,Critical,77.0727983539092,unique_max_firing_rule,M,2
2026-07-24 23:00:00+03:00,15,OK,79.8549531992845,Critical,M,M,Critical,79.8549531992845,unique_max_firing_rule,M,2
2026-07-24 23:05:00+03:00,15,OK,84.17797149191637,Critical,M,M,Critical,84.17797149191637,unique_max_firing_rule,M,2
2026-07-24 23:10:00+03:00,15,OK,87.55597014925372,Critical,M,M,Critical,87.55597014925372,unique_max_firing_rule,A;M;V,1
2026-07-24 23:15:00+03:00,15,OK,87.55597014925372,Critical,M,M,Critical,87.55597014925372,unique_max_firing_rule,A;M;V,1
2026-07-24 23:20:00+03:00,15,OK,87.55597014925372,Critical,M,M,Critical,87.55597014925372,unique_max_firing_rule,A;M;V,1
2026-07-24 23:25:00+03:00,15,OK,87.55597014925372,Critical,M,M,Critical,87.55597014925372,unique_max_firing_rule,A;M;V,1
2026-07-24 23:30:00+03:00,15,OK,87.55597014925372,Critical,M,M,Critical,87.55597014925372,unique_max_firing_rule,A;M;V,1
2026-07-24 23:35:00+03:00,15,OK,87.55597014925372,Critical,M,M,Critical,87.55597014925372,unique_max_firing_rule,A;M;V,1
2026-07-24 23:40:00+03:00,15,OK,87.55597014925372,Critical,M,M,Critical,87.55597014925372,unique_max_firing_rule,A;M;V,1
2026-07-24 23:45:00+03:00,15,OK,87.55597014925372,Critical,M,M,Critical,87.55597014925372,unique_max_firing_rule,A;M;V,1
2026-07-24 23:50:00+03:00,15,OK,87.55597014925372,Critical,M,M,Critical,87.55597014925372,unique_max_firing_rule,A;M;V,1
2026-07-24 23:55:00+03:00,15,OK,87.55597014925372,Critical,M,M,Critical,87.55597014925372,unique_max_firing_rule,A;M;V,1
2026-07-25 00:00:00+03:00,15,OK,87.55597014925372,Critical,M,M,Critical,87.55597014925372,unique_max_firing_rule,A;M;V,1
2026-07-25 00:05:00+03:00,15,OK,87.55597014925372,Critical,M,M,Critical,87.55597014925372,unique_max_firing_rule,A;M;V,1
2026-07-25 00:10:00+03:00,15,OK,87.55597014925372,Critical,M,M,Critical,87.55597014925372,unique_max_firing_rule,A;M;V,1
2026-07-25 00:15:00+03:00,15,OK,87.55597014925372,Critical,M,M,Critical,87.55597014925372,unique_max_firing_rule,A;M;V,1
2026-07-25 00:20:00+03:00,15,OK,86.36845992819062,Critical,M,M,Critical,86.36845992819062,unique_max_firing_rule,M,2
2026-07-25 00:25:00+03:00,15,OK,84.37613807234084,Critical,M,M,Critical,84.37613807234084,unique_max_firing_rule,M,2
2026-07-25 00:30:00+03:00,15,OK,84.9754917523184,Critical,M,M,Critical,84.9754917523184,unique_max_firing_rule,M,2
2026-07-25 00:35:00+03:00,15,OK,87.55597014925372,Critical,M,M,Critical,87.55597014925372,unique_max_firing_rule,A;M;V,1
2026-07-25 00:40:00+03:00,15,OK,87.55597014925372,Critical,M,M,Critical,87.55597014925372,unique_max_firing_rule,A;M;V,1
2026-07-25 00:45:00+03:00,15,OK,87.55597014925372,Critical,M,M,Critical,87.55597014925372,unique_max_firing_rule,A;M;V,1
2026-07-25 00:50:00+03:00,15,OK,87.55597014925372,Critical,M,M,Critical,87.55597014925372,unique_max_firing_rule,A;M;V,1
2026-07-25 00:55:00+03:00,15,OK,87.55597014925372,Critical,M,M,Critical,87.55597014925372,unique_max_firing_rule,A;M;V,1
2026-07-25 01:00:00+03:00,15,OK,87.55597014925372,Critical,M,M,Critical,87.55597014925372,unique_max_firing_rule,A;M;V,1
2026-07-25 01:05:00+03:00,15,OK,87.55597014925372,Critical,M,M,Critical,87.55597014925372,unique_max_firing_rule,A;M;V,1
2026-07-25 01:10:00+03:00,15,OK,87.55597014925372,Critical,M,M,Critical,87.55597014925372,unique_max_firing_rule,A;M;V,1
2026-07-25 01:15:00+03:00,15,OK,87.55597014925372,Critical,M,M,Critical,87.55597014925372,unique_max_firing_rule,A;M;V,1
2026-07-25 01:20:00+03:00,15,OK,87.55597014925372,Critical,M,M,Critical,87.55597014925372,unique_max_firing_rule,A;M;V,1
2026-07-25 01:25:00+03:00,15,OK,87.55597014925372,Critical,M,M,Critical,87.55597014925372,unique_max_firing_rule,A;M;V,1
2026-07-25 01:30:00+03:00,15,OK,87.55597014925372,Critical,M,M,Critical,87.55597014925372,unique_max_firing_rule,A;M;V,1
2026-07-25 01:35:00+03:00,15,OK,87.55597014925372,Critical,M,M,Critical,87.55597014925372,unique_max_firing_rule,A;M;V,1
2026-07-25 01:40:00+03:00,15,OK,87.55597014925372,Critical,M,M,Critical,87.55597014925372,unique_max_firing_rule,A;M;V,1
2026-07-25 01:45:00+03:00,15,OK,87.55597014925372,Critical,M,M,Critical,87.55597014925372,unique_max_firing_rule,A;M;V,1
2026-07-25 01:50:00+03:00,15,OK,87.55597014925372,Critical,M,M,Critical,87.55597014925372,unique_max_firing_rule,A;M;V,1
2026-07-25 01:55:00+03:00,15,OK,87.55597014925372,Critical,M,M,Critical,87.55597014925372,unique_max_firing_rule,A;M;V,1
2026-07-25 02:00:00+03:00,15,OK,87.55597014925372,Critical,M,M,Critical,87.55597014925372,unique_max_firing_rule,A;M;V,1
2026-07-25 02:05:00+03:00,15,OK,87.55597014925372,Critical,M,M,Critical,87.55597014925372,unique_max_firing_rule,A;M;V,1
2026-07-25 02:10:00+03:00,15,OK,87.55597014925372,Critical,M,M,Critical,87.55597014925372,unique_max_firing_rule,A;M;V,1
2026-07-25 02:15:00+03:00,15,OK,87.55597014925372,Critical,M,M,Critical,87.55597014925372,unique_max_firing_rule,A;M;V,1
2026-07-25 02:20:00+03:00,15,OK,87.55597014925372,Critical,M,M,Critical,87.55597014925372,unique_max_firing_rule,A;M;V,1
2026-07-25 02:25:00+03:00,15,OK,87.55597014925372,Critical,M,M,Critical,87.55597014925372,unique_max_firing_rule,A;M;V,1
2026-07-25 02:30:00+03:00,15,OK,87.55597014925372,Critical,M,M,Critical,87.55597014925372,unique_max_firing_rule,A;M;V,1
2026-07-25 02:35:00+03:00,15,OK,87.55597014925372,Critical,M,M,Critical,87.55597014925372,unique_max_firing_rule,A;M;V,1
2026-07-25 02:40:00+03:00,15,OK,87.55597014925372,Critical,M,M,Critical,87.55597014925372,unique_max_firing_rule,A;M;V,1
2026-07-25 02:45:00+03:00,15,OK,87.55597014925372,Critical,M,M,Critical,87.55597014925372,unique_max_firing_rule,A;M;V,1
2026-07-25 02:50:00+03:00,15,OK,87.55597014925372,Critical,M,M,Critical,87.55597014925372,unique_max_firing_rule,A;M;V,1
2026-07-25 02:55:00+03:00,15,OK,87.55597014925372,Critical,M,M,Critical,87.55597014925372,unique_max_firing_rule,A;M;V,1
2026-07-25 03:00:00+03:00,15,OK,87.55597014925372,Critical,M,M,Critical,87.55597014925372,unique_max_firing_rule,A;M;V,1
2026-07-25 03:05:00+03:00,15,OK,87.55597014925372,Critical,M,M,Critical,87.55597014925372,unique_max_firing_rule,A;M;V,1
2026-07-25 03:10:00+03:00,15,OK,87.55597014925372,Critical,M,M,Critical,87.55597014925372,unique_max_firing_rule,A;M;V,1
2026-07-25 03:15:00+03:00,15,OK,87.55597014925372,Critical,M,M,Critical,87.55597014925372,unique_max_firing_rule,A;M;V,1
2026-07-25 03:20:00+03:00,15,OK,87.55597014925372,Critical,M,M,Critical,87.55597014925372,unique_max_firing_rule,A;M;V,1
2026-07-25 03:25:00+03:00,15,OK,87.55597014925372,Critical,M,M,Critical,87.55597014925372,unique_max_firing_rule,A;M;V,1
2026-07-25 03:30:00+03:00,15,OK,87.55597014925372,Critical,M,M,Critical,87.55597014925372,unique_max_firing_rule,A;M;V,1
2026-07-25 03:35:00+03:00,15,OK,87.55597014925372,Critical,M,M,Critical,87.55597014925372,unique_max_firing_rule,A;M;V,1
2026-07-25 03:40:00+03:00,15,OK,87.55597014925372,Critical,M,M,Critical,87.55597014925372,unique_max_firing_rule,A;M;V,1
2026-07-25 03:45:00+03:00,15,OK,87.55597014925372,Critical,M,M,Critical,87.55597014925372,unique_max_firing_rule,A;M;V,1
2026-07-25 03:50:00+03:00,15,OK,87.55597014925372,Critical,M,M,Critical,87.55597014925372,unique_max_firing_rule,A;M;V,1
2026-07-25 03:55:00+03:00,15,OK,87.55597014925372,Critical,M,M,Critical,87.55597014925372,unique_max_firing_rule,A;M;V,1
2026-07-25 04:00:00+03:00,15,OK,87.55597014925372,Critical,M,M,Critical,87.55597014925372,unique_max_firing_rule,A;M;V,1
2026-07-25 04:05:00+03:00,15,OK,87.55597014925372,Critical,M,M,Critical,87.55597014925372,unique_max_firing_rule,A;M;V,1
2026-07-25 04:10:00+03:00,15,OK,87.55597014925372,Critical,M,M,Critical,87.55597014925372,unique_max_firing_rule,A;M;V,1
2026-07-25 04:15:00+03:00,15,OK,87.55597014925372,Critical,M,M,Critical,87.55597014925372,unique_max_firing_rule,A;M;V,1
2026-07-25 04:20:00+03:00,15,OK,87.55597014925372,Critical,M,M,Critical,87.55597014925372,unique_max_firing_rule,A;M;V,1
2026-07-25 04:25:00+03:00,15,OK,87.55597014925372,Critical,M,M,Critical,87.55597014925372,unique_max_firing_rule,A;M;V,1
2026-07-25 04:30:00+03:00,15,OK,87.55597014925372,Critical,M,M,Critical,87.55597014925372,unique_max_firing_rule,A;M;V,1
2026-07-25 04:35:00+03:00,15,OK,87.55597014925372,Critical,M,M,Critical,87.55597014925372,unique_max_firing_rule,A;M;V,1
2026-07-25 04:40:00+03:00,15,OK,87.55597014925372,Critical,M,M,Critical,87.55597014925372,unique_max_firing_rule,A;M;V,1
2026-07-25 04:45:00+03:00,15,OK,87.55597014925372,Critical,M,M,Critical,87.55597014925372,unique_max_firing_rule,A;M;V,1
2026-07-25 04:50:00+03:00,15,OK,87.55597014925372,Critical,M,M,Critical,87.55597014925372,unique_max_firing_rule,A;M;V,1
2026-07-25 04:55:00+03:00,15,OK,87.55597014925372,Critical,M,M,Critical,87.55597014925372,unique_max_firing_rule,A;M;V,1
2026-07-25 05:00:00+03:00,15,OK,87.55597014925372,Critical,M,M,Critical,87.55597014925372,unique_max_firing_rule,A;M;V,1
2026-07-25 05:05:00+03:00,15,OK,87.55597014925372,Critical,M,M,Critical,87.55597014925372,unique_max_firing_rule,A;M;V,1
2026-07-25 05:10:00+03:00,15,OK,87.55597014925372,Critical,M,M,Critical,87.55597014925372,unique_max_firing_rule,A;M;V,1
2026-07-25 05:15:00+03:00,15,OK,87.55597014925372,Critical,M,M,Critical,87.55597014925372,unique_max_firing_rule,A;M;V,1
2026-07-25 05:20:00+03:00,15,OK,87.55597014925372,Critical,M,M,Critical,87.55597014925372,unique_max_firing_rule,A;M;V,1
2026-07-25 05:25:00+03:00,15,OK,87.55597014925372,Critical,M,M,Critical,87.55597014925372,unique_max_firing_rule,A;M;V,1
2026-07-25 05:30:00+03:00,15,OK,87.55597014925372,Critical,M,M,Critical,87.55597014925372,unique_max_firing_rule,A;M;V,1
2026-07-25 05:35:00+03:00,15,OK,87.55597014925372,Critical,M,M,Critical,87.55597014925372,unique_max_firing_rule,A;M;V,1
2026-07-25 05:40:00+03:00,15,OK,87.55597014925372,Critical,M,M,Critical,87.55597014925372,unique_max_firing_rule,A;M;V,1
2026-07-25 05:45:00+03:00,15,OK,87.55597014925372,Critical,M,M,Critical,87.55597014925372,unique_max_firing_rule,A;M;V,1
2026-07-25 05:50:00+03:00,15,OK,87.55597014925372,Critical,M,M,Critical,87.55597014925372,unique_max_firing_rule,A;M;V,1
2026-07-25 05:55:00+03:00,15,OK,87.55597014925372,Critical,M,M,Critical,87.55597014925372,unique_max_firing_rule,A;M;V,1
2026-07-25 06:00:00+03:00,15,OK,87.55597014925372,Critical,M,M,Critical,87.55597014925372,unique_max_firing_rule,A;M;V,1
2026-07-25 06:05:00+03:00,15,OK,87.55597014925372,Critical,M,M,Critical,87.55597014925372,unique_max_firing_rule,A;M;V,1
2026-07-25 06:10:00+03:00,15,OK,87.55597014925372,Critical,M,M,Critical,87.55597014925372,unique_max_firing_rule,A;M;V,1
2026-07-25 06:15:00+03:00,15,OK,87.55597014925372,Critical,M,M,Critical,87.55597014925372,unique_max_firing_rule,A;M;V,1
2026-07-25 06:20:00+03:00,15,OK,87.55597014925372,Critical,M,M,Critical,87.55597014925372,unique_max_firing_rule,A;M;V,1
2026-07-25 06:25:00+03:00,15,OK,87.55597014925372,Critical,M,M,Critical,87.55597014925372,unique_max_firing_rule,A;M;V,1
2026-07-25 06:30:00+03:00,15,OK,87.55597014925372,Critical,M,M,Critical,87.55597014925372,unique_max_firing_rule,A;M;V,1
2026-07-25 06:35:00+03:00,15,OK,87.55597014925372,Critical,M,M,Critical,87.55597014925372,unique_max_firing_rule,A;M;V,1
2026-07-25 06:40:00+03:00,15,OK,87.55597014925372,Critical,M,M,Critical,87.55597014925372,unique_max_firing_rule,A;M;V,1
2026-07-25 06:45:00+03:00,15,OK,87.55597014925372,Critical,M,M,Critical,87.55597014925372,unique_max_firing_rule,A;M;V,1
2026-07-25 06:50:00+03:00,15,OK,87.55597014925372,Critical,M,M,Critical,87.55597014925372,unique_max_firing_rule,A;M;V,1
2026-07-25 06:55:00+03:00,15,OK,87.55597014925372,Critical,M,M,Critical,87.55597014925372,unique_max_firing_rule,A;M;V,1
2026-07-25 07:00:00+03:00,15,OK,87.55597014925372,Critical,M,M,Critical,87.55597014925372,unique_max_firing_rule,A;M;V,1
2026-07-25 07:05:00+03:00,15,OK,87.55597014925372,Critical,M,M,Critical,87.55597014925372,unique_max_firing_rule,A;M;V,1
2026-07-25 07:10:00+03:00,15,PARTIAL,12.444029850746269,Favorable,A,A;V,Favorable,12.444029850746269,co_dominant_tie,A;V,1
2026-07-25 07:15:00+03:00,15,PARTIAL,12.444029850746269,Favorable,A,A;V,Favorable,12.444029850746269,co_dominant_tie,A;V,1
2026-07-25 07:20:00+03:00,15,PARTIAL,12.444029850746269,Favorable,A,A;V,Favorable,12.444029850746269,co_dominant_tie,A;V,1
2026-07-25 07:25:00+03:00,15,PARTIAL,12.444029850746269,Favorable,A,A;V,Favorable,12.444029850746269,co_dominant_tie,A;V,1
2026-07-25 07:30:00+03:00,15,PARTIAL,12.444029850746269,Favorable,A,A;V,Favorable,12.444029850746269,co_dominant_tie,A;V,1
2026-07-25 07:35:00+03:00,15,PARTIAL,12.444029850746269,Favorable,A,A;V,Favorable,12.444029850746269,co_dominant_tie,A;V,1
2026-07-25 07:40:00+03:00,15,OK,87.55597014925372,Critical,M,M,Critical,87.55597014925372,unique_max_firing_rule,A;M;V,1
2026-07-25 07:45:00+03:00,15,OK,87.55597014925372,Critical,M,M,Critical,87.55597014925372,unique_max_firing_rule,A;M;V,1
2026-07-25 07:50:00+03:00,15,PARTIAL,12.444029850746269,Favorable,A,A;V,Favorable,12.444029850746269,co_dominant_tie,A;V,1
2026-07-25 07:55:00+03:00,15,PARTIAL,12.444029850746269,Favorable,A,A;V,Favorable,12.444029850746269,co_dominant_tie,A;V,1
2026-07-25 08:00:00+03:00,15,PARTIAL,12.444029850746269,Favorable,A,A;V,Favorable,12.444029850746269,co_dominant_tie,A;V,1
2026-07-25 08:05:00+03:00,15,OK,87.52806041437735,Critical,M,M,Critical,87.52806041437735,unique_max_firing_rule,M,1
2026-07-25 08:10:00+03:00,15,OK,87.53105635823945,Critical,M,M,Critical,87.53105635823945,unique_max_firing_rule,M,1
2026-07-25 08:15:00+03:00,15,PARTIAL,12.444029850746269,Favorable,A,A;V,Favorable,12.444029850746269,co_dominant_tie,A;V,1
2026-07-25 08:20:00+03:00,15,PARTIAL,12.444029850746269,Favorable,A,A;V,Favorable,12.444029850746269,co_dominant_tie,A;V,1
2026-07-25 08:25:00+03:00,15,PARTIAL,12.444029850746269,Favorable,A,A;V,Favorable,12.444029850746269,co_dominant_tie,A;V,1
2026-07-25 08:30:00+03:00,15,PARTIAL,12.444029850746269,Favorable,A,A;V,Favorable,12.444029850746269,co_dominant_tie,A;V,1
2026-07-25 08:35:00+03:00,15,OK,87.55597014925372,Critical,M,M,Critical,87.55597014925372,unique_max_firing_rule,A;M;V,1
2026-07-25 08:40:00+03:00,15,OK,87.55597014925372,Critical,M,M,Critical,87.55597014925372,unique_max_firing_rule,A;M;V,1
2026-07-25 08:45:00+03:00,15,OK,87.55597014925372,Critical,M,M,Critical,87.55597014925372,unique_max_firing_rule,A;M;V,1
2026-07-25 08:50:00+03:00,15,OK,87.55597014925372,Critical,M,M,Critical,87.55597014925372,unique_max_firing_rule,A;M;V,1
2026-07-25 08:55:00+03:00,15,OK,87.55597014925372,Critical,M,M,Critical,87.55597014925372,unique_max_firing_rule,A;M;V,1
2026-07-25 09:00:00+03:00,15,OK,87.55597014925372,Critical,M,M,Critical,87.55597014925372,unique_max_firing_rule,A;M;V,1
2026-07-25 09:05:00+03:00,15,OK,87.55597014925372,Critical,M,M,Critical,87.55597014925372,unique_max_firing_rule,A;M;V,1
2026-07-25 09:10:00+03:00,15,OK,87.55597014925372,Critical,M,M,Critical,87.55597014925372,unique_max_firing_rule,A;M;V,1
2026-07-25 09:15:00+03:00,15,OK,86.08079779607775,Critical,M,M,Critical,86.08079779607775,unique_max_firing_rule,M,2
2026-07-25 09:20:00+03:00,15,OK,81.74115908858535,Critical,M,M,Critical,81.74115908858535,unique_max_firing_rule,M,2
2026-07-25 09:25:00+03:00,15,OK,79.14815714497524,Critical,M,M,Critical,79.14815714497524,unique_max_firing_rule,M,2
2026-07-25 09:30:00+03:00,15,OK,78.08029117774882,Critical,M,M,Critical,78.08029117774882,unique_max_firing_rule,M,2
2026-07-25 09:35:00+03:00,15,OK,81.26342336639925,Critical,M,M,Critical,81.26342336639925,unique_max_firing_rule,M,2
2026-07-25 09:40:00+03:00,15,OK,86.01108992123349,Critical,M,M,Critical,86.01108992123349,unique_max_firing_rule,M,2
2026-07-25 09:45:00+03:00,15,OK,87.55597014925372,Critical,M,M,Critical,87.55597014925372,unique_max_firing_rule,A;M;V,1
2026-07-25 09:50:00+03:00,15,OK,87.55597014925372,Critical,M,M,Critical,87.55597014925372,unique_max_firing_rule,A;M;V,1
2026-07-25 09:55:00+03:00,15,OK,83.90390714037956,Critical,M,M,Critical,83.90390714037956,unique_max_firing_rule,M,2
2026-07-25 10:00:00+03:00,15,OK,80.16640415969195,Critical,M,M,Critical,80.16640415969195,unique_max_firing_rule,M,2
2026-07-25 10:05:00+03:00,15,OK,80.30110917790365,Critical,M,M,Critical,80.30110917790365,unique_max_firing_rule,M,2
2026-07-25 10:10:00+03:00,15,OK,81.04224075416937,Critical,M,M,Critical,81.04224075416937,unique_max_firing_rule,M,2
2026-07-25 10:15:00+03:00,15,OK,81.62169207482943,Critical,M,M,Critical,81.62169207482943,unique_max_firing_rule,M,2
2026-07-25 10:20:00+03:00,15,OK,79.79603858622573,Critical,M,M,Critical,79.79603858622573,unique_max_firing_rule,M,2
2026-07-25 10:25:00+03:00,15,OK,78.60149998353431,Critical,M,M,Critical,78.60149998353431,unique_max_firing_rule,M,2
2026-07-25 10:30:00+03:00,15,OK,78.22318209505596,Critical,M,M,Critical,78.22318209505596,unique_max_firing_rule,M,2
2026-07-25 10:35:00+03:00,15,OK,78.6855858525985,Critical,M,M,Critical,78.6855858525985,unique_max_firing_rule,M,2
2026-07-25 10:40:00+03:00,15,OK,79.48467791082655,Critical,M,M,Critical,79.48467791082655,unique_max_firing_rule,M,2
2026-07-25 10:45:00+03:00,15,OK,79.51833486515072,Critical,M,M,Critical,79.51833486515072,unique_max_firing_rule,M,2
2026-07-25 10:50:00+03:00,15,OK,76.98135802469143,Critical,M,M,Critical,76.98135802469143,unique_max_firing_rule,M,2
2026-07-25 10:55:00+03:00,15,OK,73.63413063598706,Degraded,M,M,Degraded,73.63413063598706,unique_max_firing_rule,M,2
2026-07-25 11:00:00+03:00,15,OK,70.30467628510796,Degraded,M,M,Degraded,70.30467628510796,unique_max_firing_rule,M,2
2026-07-25 11:05:00+03:00,15,OK,68.12419362305029,Degraded,M,M,Degraded,68.12419362305029,unique_max_firing_rule,M,2
2026-07-25 11:10:00+03:00,15,OK,65.69973387056646,Degraded,M,M,Degraded,65.69973387056646,unique_max_firing_rule,M,2
2026-07-25 11:15:00+03:00,15,OK,63.249385745295825,Degraded,M,M,Degraded,63.249385745295825,unique_max_firing_rule,M,2
2026-07-25 11:20:00+03:00,15,OK,62.5,Degraded,M,M,Degraded,62.5,unique_max_firing_rule,A;M;V,1
2026-07-25 11:25:00+03:00,15,OK,62.50000000000001,Degraded,M,M,Degraded,62.50000000000001,unique_max_firing_rule,M,1
2026-07-25 11:30:00+03:00,15,OK,62.5,Degraded,M,M,Degraded,62.5,unique_max_firing_rule,M,1
2026-07-25 11:35:00+03:00,15,OK,62.50000000000001,Degraded,M,M,Degraded,62.50000000000001,unique_max_firing_rule,M,1
2026-07-25 11:40:00+03:00,15,OK,62.499999999999986,Degraded,M,M,Degraded,62.499999999999986,unique_max_firing_rule,M,1
2026-07-25 11:45:00+03:00,15,OK,62.50000000000001,Degraded,M,M,Degraded,62.50000000000001,unique_max_firing_rule,M,1
2026-07-25 11:50:00+03:00,15,OK,62.50000000000001,Degraded,M,M,Degraded,62.50000000000001,unique_max_firing_rule,M,1
2026-07-25 11:55:00+03:00,15,OK,62.50000000000001,Degraded,M,M,Degraded,62.50000000000001,unique_max_firing_rule,M,1
2026-07-25 12:00:00+03:00,15,OK,62.50000000000001,Degraded,M,M,Degraded,62.50000000000001,unique_max_firing_rule,M,1
2026-07-25 12:05:00+03:00,15,OK,62.50000000000001,Degraded,M,M,Degraded,62.50000000000001,unique_max_firing_rule,M,1
2026-07-25 12:10:00+03:00,15,OK,62.50000000000001,Degraded,M,M,Degraded,62.50000000000001,unique_max_firing_rule,M,1
2026-07-25 12:15:00+03:00,15,OK,62.49999999999998,Degraded,M,M,Degraded,62.49999999999998,unique_max_firing_rule,M,1
2026-07-25 12:20:00+03:00,15,OK,62.500000000000014,Degraded,M,M,Degraded,62.500000000000014,unique_max_firing_rule,M,1
2026-07-25 12:25:00+03:00,15,OK,62.50000000000001,Degraded,M,M,Degraded,62.50000000000001,unique_max_firing_rule,M,1
2026-07-25 12:30:00+03:00,15,OK,62.50000000000001,Degraded,M,M,Degraded,62.50000000000001,unique_max_firing_rule,M,1
2026-07-25 12:35:00+03:00,15,OK,62.49999999999998,Degraded,M,M,Degraded,62.49999999999998,unique_max_firing_rule,M,1
2026-07-25 12:40:00+03:00,15,OK,62.49999999999999,Degraded,M,M,Degraded,62.49999999999999,unique_max_firing_rule,M,1
2026-07-25 12:45:00+03:00,15,OK,62.5,Degraded,M,M,Degraded,62.5,unique_max_firing_rule,M,1
2026-07-25 12:50:00+03:00,15,OK,62.5,Degraded,M,M,Degraded,62.5,unique_max_firing_rule,A;M;V,1
2026-07-25 12:55:00+03:00,15,OK,62.5,Degraded,M,M,Degraded,62.5,unique_max_firing_rule,A;M;V,1
2026-07-25 13:00:00+03:00,15,OK,62.5,Degraded,M,M,Degraded,62.5,unique_max_firing_rule,A;M;V,1
2026-07-25 13:05:00+03:00,15,OK,62.5,Degraded,M,M,Degraded,62.5,unique_max_firing_rule,A;M;V,1
2026-07-25 13:10:00+03:00,15,OK,62.5,Degraded,M,M,Degraded,62.5,unique_max_firing_rule,A;M;V,1
2026-07-25 13:15:00+03:00,15,OK,62.5,Degraded,M,M,Degraded,62.5,unique_max_firing_rule,A;M;V,1
2026-07-25 13:20:00+03:00,15,OK,62.5,Degraded,M,M,Degraded,62.5,unique_max_firing_rule,A;M;V,1
2026-07-25 13:25:00+03:00,15,OK,62.5,Degraded,M,M,Degraded,62.5,unique_max_firing_rule,A;M;V,1
2026-07-25 13:30:00+03:00,15,OK,62.5,Degraded,M,M,Degraded,62.5,unique_max_firing_rule,A;M;V,1
2026-07-25 13:35:00+03:00,15,OK,62.5,Degraded,M,M,Degraded,62.5,unique_max_firing_rule,A;M;V,1
2026-07-25 13:40:00+03:00,15,OK,60.475647434792485,Degraded,M,M,Degraded,60.475647434792485,unique_max_firing_rule,M,2
2026-07-25 13:45:00+03:00,15,OK,58.16023738872416,Degraded,M,M,Degraded,58.16023738872416,unique_max_firing_rule,M,2
2026-07-25 13:50:00+03:00,15,OK,56.69011769347075,Degraded,M,M,Degraded,56.69011769347075,unique_max_firing_rule,M,2
2026-07-25 13:55:00+03:00,15,OK,55.75255951970635,Degraded,M,M,Degraded,55.75255951970635,unique_max_firing_rule,M,2
2026-07-25 14:00:00+03:00,15,OK,54.75394249368826,Degraded,M,M,Degraded,54.75394249368826,unique_max_firing_rule,M,2
2026-07-25 14:05:00+03:00,15,OK,53.50284483379519,Degraded,M,M,Degraded,53.50284483379519,unique_max_firing_rule,M,2
2026-07-25 14:10:00+03:00,15,OK,52.879128932628056,Degraded,M,M,Degraded,52.879128932628056,unique_max_firing_rule,M,2
2026-07-25 14:15:00+03:00,15,OK,52.6662391960058,Degraded,M,M,Degraded,52.6662391960058,unique_max_firing_rule,M,2
2026-07-25 14:20:00+03:00,15,OK,52.461571676714975,Degraded,M,M,Degraded,52.461571676714975,unique_max_firing_rule,M,2
2026-07-25 14:25:00+03:00,15,OK,51.332409093732565,Degraded,M,M,Degraded,51.332409093732565,unique_max_firing_rule,M,2
2026-07-25 14:30:00+03:00,15,OK,49.689503925324026,Acceptable,M,M,Acceptable,49.689503925324026,unique_max_firing_rule,M,2
2026-07-25 14:35:00+03:00,15,OK,48.160412067697294,Acceptable,M,M,Acceptable,48.160412067697294,unique_max_firing_rule,M,2
2026-07-25 14:40:00+03:00,15,OK,46.817558568375894,Acceptable,M,M,Acceptable,46.817558568375894,unique_max_firing_rule,M,2
2026-07-25 14:45:00+03:00,15,OK,45.69095460920431,Acceptable,M,M,Acceptable,45.69095460920431,unique_max_firing_rule,M,2
2026-07-25 14:50:00+03:00,15,OK,44.58608130721548,Acceptable,M,M,Acceptable,44.58608130721548,unique_max_firing_rule,M,2
2026-07-25 14:55:00+03:00,15,OK,43.35152282178157,Acceptable,M,M,Acceptable,43.35152282178157,unique_max_firing_rule,M,2
2026-07-25 15:00:00+03:00,15,OK,42.02399393559879,Acceptable,M,M,Acceptable,42.02399393559879,unique_max_firing_rule,M,2
2026-07-25 15:05:00+03:00,15,OK,40.596098289779135,Acceptable,M,M,Acceptable,40.596098289779135,unique_max_firing_rule,M,2
2026-07-25 15:10:00+03:00,15,OK,39.584058388934636,Acceptable,M,M,Acceptable,39.584058388934636,unique_max_firing_rule,M,2
2026-07-25 15:15:00+03:00,15,OK,38.78067252850922,Acceptable,M,M,Acceptable,38.78067252850922,unique_max_firing_rule,M,2
2026-07-25 15:20:00+03:00,15,OK,37.870503261727386,Acceptable,M,M,Acceptable,37.870503261727386,unique_max_firing_rule,M,2
2026-07-25 15:25:00+03:00,15,OK,36.553276642481684,Acceptable,M,M,Acceptable,36.553276642481684,unique_max_firing_rule,M,2
2026-07-25 15:30:00+03:00,15,OK,34.848285052374436,Acceptable,M,M,Acceptable,34.848285052374436,unique_max_firing_rule,M,2
2026-07-25 15:35:00+03:00,15,OK,33.0289228833481,Acceptable,M,M,Acceptable,33.0289228833481,unique_max_firing_rule,M,2
2026-07-25 15:40:00+03:00,15,OK,31.500309844631335,Acceptable,M,M,Acceptable,31.500309844631335,unique_max_firing_rule,M,2
2026-07-25 15:45:00+03:00,15,OK,29.629745582339247,Acceptable,M,M,Acceptable,29.629745582339247,unique_max_firing_rule,M,2
2026-07-25 15:50:00+03:00,15,OK,27.775502906708496,Acceptable,M,M,Acceptable,27.775502906708496,unique_max_firing_rule,M,2
2026-07-25 15:55:00+03:00,15,OK,26.201103656788984,Acceptable,M,M,Acceptable,26.201103656788984,unique_max_firing_rule,M,2
2026-07-25 16:00:00+03:00,15,OK,25.805754507285542,Acceptable,M,M,Acceptable,25.805754507285542,unique_max_firing_rule,M,2
2026-07-25 16:05:00+03:00,15,OK,24.548189300411714,Favorable,M,M,Favorable,24.548189300411714,unique_max_firing_rule,M,2
2026-07-25 16:10:00+03:00,15,OK,21.37327483723943,Favorable,M,M,Favorable,21.37327483723943,unique_max_firing_rule,M,2
2026-07-25 16:15:00+03:00,15,OK,16.027587636562803,Favorable,M,M,Favorable,16.027587636562803,unique_max_firing_rule,M,2
2026-07-25 16:20:00+03:00,15,OK,12.444029850746269,Favorable,A,A;M;V,Favorable,12.444029850746269,co_dominant_tie,A;M;V,1
2026-07-25 16:25:00+03:00,15,OK,12.444029850746269,Favorable,A,A;M;V,Favorable,12.444029850746269,co_dominant_tie,A;M;V,1
2026-07-25 16:30:00+03:00,15,OK,12.444029850746269,Favorable,A,A;M;V,Favorable,12.444029850746269,co_dominant_tie,A;M;V,1
2026-07-25 16:35:00+03:00,15,OK,12.444029850746269,Favorable,A,A;M;V,Favorable,12.444029850746269,co_dominant_tie,A;M;V,1
2026-07-25 16:40:00+03:00,15,OK,12.444029850746269,Favorable,A,A;M;V,Favorable,12.444029850746269,co_dominant_tie,A;M;V,1
2026-07-25 16:45:00+03:00,15,OK,12.444029850746269,Favorable,A,A;M;V,Favorable,12.444029850746269,co_dominant_tie,A;M;V,1
2026-07-25 16:50:00+03:00,15,OK,12.444029850746269,Favorable,A,A;M;V,Favorable,12.444029850746269,co_dominant_tie,A;M;V,1
2026-07-25 16:55:00+03:00,15,OK,12.444029850746269,Favorable,A,A;M;V,Favorable,12.444029850746269,co_dominant_tie,A;M;V,1
2026-07-25 17:00:00+03:00,15,OK,12.444029850746269,Favorable,A,A;M;V,Favorable,12.444029850746269,co_dominant_tie,A;M;V,1
2026-07-25 17:05:00+03:00,15,OK,12.444029850746269,Favorable,A,A;M;V,Favorable,12.444029850746269,co_dominant_tie,A;M;V,1
2026-07-25 17:10:00+03:00,15,OK,12.444029850746269,Favorable,A,A;M;V,Favorable,12.444029850746269,co_dominant_tie,A;M;V,1
2026-07-25 17:15:00+03:00,15,OK,12.444029850746269,Favorable,A,A;M;V,Favorable,12.444029850746269,co_dominant_tie,A;M;V,1
2026-07-25 17:20:00+03:00,15,OK,12.444029850746269,Favorable,A,A;M;V,Favorable,12.444029850746269,co_dominant_tie,A;M;V,1
2026-07-25 17:25:00+03:00,15,OK,12.444029850746269,Favorable,A,A;M;V,Favorable,12.444029850746269,co_dominant_tie,A;M;V,1
2026-07-25 17:30:00+03:00,15,OK,12.444029850746269,Favorable,A,A;M;V,Favorable,12.444029850746269,co_dominant_tie,A;M;V,1
2026-07-25 17:35:00+03:00,15,OK,12.444029850746269,Favorable,A,A;M;V,Favorable,12.444029850746269,co_dominant_tie,A;M;V,1
2026-07-25 17:40:00+03:00,15,OK,12.444029850746269,Favorable,A,A;M;V,Favorable,12.444029850746269,co_dominant_tie,A;M;V,1
2026-07-25 17:45:00+03:00,15,OK,12.444029850746269,Favorable,A,A;M;V,Favorable,12.444029850746269,co_dominant_tie,A;M;V,1
2026-07-25 17:50:00+03:00,15,OK,12.444029850746269,Favorable,A,A;M;V,Favorable,12.444029850746269,co_dominant_tie,A;M;V,1
2026-07-25 17:55:00+03:00,15,OK,12.444029850746269,Favorable,A,A;M;V,Favorable,12.444029850746269,co_dominant_tie,A;M;V,1
2026-07-25 18:00:00+03:00,15,OK,13.34368922066594,Favorable,M,M,Favorable,13.34368922066594,unique_max_firing_rule,M,2
2026-07-25 18:05:00+03:00,15,OK,14.876715387134128,Favorable,M,M,Favorable,14.876715387134128,unique_max_firing_rule,M,2
2026-07-25 18:10:00+03:00,15,OK,17.19974057094233,Favorable,M,M,Favorable,17.19974057094233,unique_max_firing_rule,M,2
2026-07-25 18:15:00+03:00,15,OK,21.22191329462684,Favorable,M,M,Favorable,21.22191329462684,unique_max_firing_rule,M,2
2026-07-25 18:20:00+03:00,15,OK,25.698702286556998,Acceptable,M,M,Acceptable,25.698702286556998,unique_max_firing_rule,M,2
2026-07-25 18:25:00+03:00,15,OK,29.646139466276853,Acceptable,M,M,Acceptable,29.646139466276853,unique_max_firing_rule,M,2
2026-07-25 18:30:00+03:00,15,OK,33.561589881218886,Acceptable,M,M,Acceptable,33.561589881218886,unique_max_firing_rule,M,2
2026-07-25 18:35:00+03:00,15,OK,36.97276990301615,Acceptable,M,M,Acceptable,36.97276990301615,unique_max_firing_rule,M,2
2026-07-25 18:40:00+03:00,15,OK,40.528236764326536,Acceptable,M,M,Acceptable,40.528236764326536,unique_max_firing_rule,M,2
2026-07-25 18:45:00+03:00,15,OK,43.38483030651679,Acceptable,M,M,Acceptable,43.38483030651679,unique_max_firing_rule,M,2
2026-07-25 18:50:00+03:00,15,OK,45.84738016374563,Acceptable,M,M,Acceptable,45.84738016374563,unique_max_firing_rule,M,2
2026-07-25 18:55:00+03:00,15,OK,48.20132121132813,Acceptable,M,M,Acceptable,48.20132121132813,unique_max_firing_rule,M,2
2026-07-25 19:00:00+03:00,15,OK,50.596547542387334,Degraded,M,M,Degraded,50.596547542387334,unique_max_firing_rule,M,2
2026-07-25 19:05:00+03:00,15,OK,52.80543223286235,Degraded,M,M,Degraded,52.80543223286235,unique_max_firing_rule,M,2
2026-07-25 19:10:00+03:00,15,OK,54.77042924027268,Degraded,M,M,Degraded,54.77042924027268,unique_max_firing_rule,M,2
2026-07-25 19:15:00+03:00,15,OK,56.448697938059375,Degraded,M,M,Degraded,56.448697938059375,unique_max_firing_rule,M,2
2026-07-25 19:20:00+03:00,15,OK,58.026237721669524,Degraded,M,M,Degraded,58.026237721669524,unique_max_firing_rule,M,2
2026-07-25 19:25:00+03:00,15,OK,59.403901710220865,Degraded,M,M,Degraded,59.403901710220865,unique_max_firing_rule,M,2
2026-07-25 19:30:00+03:00,15,OK,60.68904095503147,Degraded,M,M,Degraded,60.68904095503147,unique_max_firing_rule,M,2
2026-07-25 19:35:00+03:00,15,OK,61.74255528647843,Degraded,M,M,Degraded,61.74255528647843,unique_max_firing_rule,M,2
2026-07-25 19:40:00+03:00,15,OK,62.5,Degraded,M,M,Degraded,62.5,unique_max_firing_rule,A;M;V,1
2026-07-25 19:45:00+03:00,15,OK,62.33619761905545,Degraded,M,M,Degraded,62.33619761905545,unique_max_firing_rule,M,2
2026-07-25 19:50:00+03:00,15,OK,62.284500707920586,Degraded,M,M,Degraded,62.284500707920586,unique_max_firing_rule,M,2
2026-07-25 19:55:00+03:00,15,OK,61.84566036229118,Degraded,M,M,Degraded,61.84566036229118,unique_max_firing_rule,M,2
2026-07-25 20:00:00+03:00,15,OK,61.17650575598352,Degraded,M,M,Degraded,61.17650575598352,unique_max_firing_rule,M,2
2026-07-25 20:05:00+03:00,15,OK,59.77745131127015,Degraded,M,M,Degraded,59.77745131127015,unique_max_firing_rule,M,2
2026-07-25 20:10:00+03:00,15,OK,57.808638924582624,Degraded,M,M,Degraded,57.808638924582624,unique_max_firing_rule,M,2
2026-07-25 20:15:00+03:00,15,OK,55.001311819493814,Degraded,M,M,Degraded,55.001311819493814,unique_max_firing_rule,M,2
2026-07-25 20:20:00+03:00,15,OK,51.577792529275094,Degraded,M,M,Degraded,51.577792529275094,unique_max_firing_rule,M,2
2026-07-25 20:25:00+03:00,15,OK,47.734877650684076,Acceptable,M,M,Acceptable,47.734877650684076,unique_max_firing_rule,M,2
2026-07-25 20:30:00+03:00,15,OK,43.717664449371526,Acceptable,M,M,Acceptable,43.717664449371526,unique_max_firing_rule,M,2
2026-07-25 20:35:00+03:00,15,OK,39.958908509349236,Acceptable,M,M,Acceptable,39.958908509349236,unique_max_firing_rule,M,2
2026-07-25 20:40:00+03:00,15,OK,36.339636483411084,Acceptable,M,M,Acceptable,36.339636483411084,unique_max_firing_rule,M,2
2026-07-25 20:45:00+03:00,15,OK,32.840605437650495,Acceptable,M,M,Acceptable,32.840605437650495,unique_max_firing_rule,M,2
2026-07-25 20:50:00+03:00,15,OK,27.948725343176967,Acceptable,M,M,Acceptable,27.948725343176967,unique_max_firing_rule,M,2
2026-07-25 20:55:00+03:00,15,OK,22.536502057613028,Favorable,M,M,Favorable,22.536502057613028,unique_max_firing_rule,M,2
2026-07-25 21:00:00+03:00,15,OK,17.456133490412064,Favorable,M,M,Favorable,17.456133490412064,unique_max_firing_rule,M,2
2026-07-25 21:05:00+03:00,15,OK,12.444029850746269,Favorable,A,A;M;V,Favorable,12.444029850746269,co_dominant_tie,A;M;V,1
2026-07-25 21:10:00+03:00,15,OK,12.444029850746269,Favorable,A,A;M;V,Favorable,12.444029850746269,co_dominant_tie,A;M;V,1
2026-07-25 21:15:00+03:00,15,OK,12.444029850746269,Favorable,A,A;M;V,Favorable,12.444029850746269,co_dominant_tie,A;M;V,1
2026-07-25 21:20:00+03:00,15,OK,12.444029850746269,Favorable,A,A;M;V,Favorable,12.444029850746269,co_dominant_tie,A;M;V,1
2026-07-25 21:25:00+03:00,15,OK,12.444029850746269,Favorable,A,A;M;V,Favorable,12.444029850746269,co_dominant_tie,A;M;V,1
2026-07-25 21:30:00+03:00,15,OK,12.444029850746269,Favorable,A,A;M;V,Favorable,12.444029850746269,co_dominant_tie,A;M;V,1
2026-07-25 21:35:00+03:00,15,OK,12.444029850746269,Favorable,A,A;M;V,Favorable,12.444029850746269,co_dominant_tie,A;M;V,1
2026-07-25 21:40:00+03:00,15,OK,12.444029850746269,Favorable,A,A;M;V,Favorable,12.444029850746269,co_dominant_tie,A;M;V,1
2026-07-25 21:45:00+03:00,15,OK,12.444029850746269,Favorable,A,A;M;V,Favorable,12.444029850746269,co_dominant_tie,A;M;V,1
2026-07-25 21:50:00+03:00,15,OK,12.444029850746269,Favorable,A,A;M;V,Favorable,12.444029850746269,co_dominant_tie,A;M;V,1
2026-07-25 21:55:00+03:00,15,OK,12.444029850746269,Favorable,A,A;M;V,Favorable,12.444029850746269,co_dominant_tie,A;M;V,1
2026-07-25 22:00:00+03:00,15,OK,12.444029850746269,Favorable,A,A;M;V,Favorable,12.444029850746269,co_dominant_tie,A;M;V,1
2026-07-25 22:05:00+03:00,15,OK,12.444029850746269,Favorable,A,A;M;V,Favorable,12.444029850746269,co_dominant_tie,A;M;V,1
2026-07-25 22:10:00+03:00,15,OK,12.444029850746269,Favorable,A,A;M;V,Favorable,12.444029850746269,co_dominant_tie,A;M;V,1
2026-07-25 22:15:00+03:00,15,OK,12.444029850746269,Favorable,A,A;M;V,Favorable,12.444029850746269,co_dominant_tie,A;M;V,1
2026-07-25 22:20:00+03:00,15,OK,12.444029850746269,Favorable,A,A;M;V,Favorable,12.444029850746269,co_dominant_tie,A;M;V,1
2026-07-25 22:25:00+03:00,15,OK,12.444029850746269,Favorable,A,A;M;V,Favorable,12.444029850746269,co_dominant_tie,A;M;V,1
2026-07-25 22:30:00+03:00,15,OK,12.444029850746269,Favorable,A,A;M;V,Favorable,12.444029850746269,co_dominant_tie,A;M;V,1
2026-07-25 22:35:00+03:00,15,OK,12.444029850746269,Favorable,A,A;M;V,Favorable,12.444029850746269,co_dominant_tie,A;M;V,1
2026-07-25 22:40:00+03:00,15,OK,12.444029850746269,Favorable,A,A;M;V,Favorable,12.444029850746269,co_dominant_tie,A;M;V,1
2026-07-25 22:45:00+03:00,15,OK,12.444029850746269,Favorable,A,A;M;V,Favorable,12.444029850746269,co_dominant_tie,A;M;V,1
2026-07-25 22:50:00+03:00,15,OK,12.444029850746269,Favorable,A,A;M;V,Favorable,12.444029850746269,co_dominant_tie,A;M;V,1
2026-07-25 22:55:00+03:00,15,OK,12.444029850746269,Favorable,A,A;M;V,Favorable,12.444029850746269,co_dominant_tie,A;M;V,1
2026-07-25 23:00:00+03:00,15,OK,12.444029850746269,Favorable,A,A;M;V,Favorable,12.444029850746269,co_dominant_tie,A;M;V,1
2026-07-25 23:05:00+03:00,15,OK,12.444029850746269,Favorable,A,A;M;V,Favorable,12.444029850746269,co_dominant_tie,A;M;V,1
2026-07-25 23:10:00+03:00,15,OK,12.444029850746269,Favorable,A,A;M;V,Favorable,12.444029850746269,co_dominant_tie,A;M;V,1
2026-07-25 23:15:00+03:00,15,OK,12.444029850746269,Favorable,A,A;M;V,Favorable,12.444029850746269,co_dominant_tie,A;M;V,1
2026-07-25 23:20:00+03:00,15,OK,12.444029850746269,Favorable,A,A;M;V,Favorable,12.444029850746269,co_dominant_tie,A;M;V,1
2026-07-25 23:25:00+03:00,15,OK,12.444029850746269,Favorable,A,A;M;V,Favorable,12.444029850746269,co_dominant_tie,A;M;V,1
2026-07-25 23:30:00+03:00,15,OK,12.444029850746269,Favorable,A,A;M;V,Favorable,12.444029850746269,co_dominant_tie,A;M;V,1
2026-07-25 23:35:00+03:00,15,OK,12.444029850746269,Favorable,A,A;M;V,Favorable,12.444029850746269,co_dominant_tie,A;M;V,1
2026-07-25 23:40:00+03:00,15,OK,12.444029850746269,Favorable,A,A;M;V,Favorable,12.444029850746269,co_dominant_tie,A;M;V,1
2026-07-25 23:45:00+03:00,15,OK,12.444029850746269,Favorable,A,A;M;V,Favorable,12.444029850746269,co_dominant_tie,A;M;V,1
2026-07-25 23:50:00+03:00,15,OK,12.444029850746269,Favorable,A,A;M;V,Favorable,12.444029850746269,co_dominant_tie,A;M;V,1
2026-07-25 23:55:00+03:00,15,OK,12.444029850746269,Favorable,A,A;M;V,Favorable,12.444029850746269,co_dominant_tie,A;M;V,1
2026-07-26 00:00:00+03:00,15,OK,12.444029850746269,Favorable,A,A;M;V,Favorable,12.444029850746269,co_dominant_tie,A;M;V,1
2026-07-26 00:05:00+03:00,15,OK,12.444029850746269,Favorable,A,A;M;V,Favorable,12.444029850746269,co_dominant_tie,A;M;V,1
2026-07-26 00:10:00+03:00,15,OK,12.444029850746269,Favorable,A,A;M;V,Favorable,12.444029850746269,co_dominant_tie,A;M;V,1
2026-07-26 00:15:00+03:00,15,OK,12.522714383786719,Favorable,M,M,Favorable,12.522714383786719,unique_max_firing_rule,M,2
2026-07-26 00:20:00+03:00,15,OK,12.444029850746269,Favorable,A,A;M;V,Favorable,12.444029850746269,co_dominant_tie,A;M;V,1
2026-07-26 00:25:00+03:00,15,OK,12.444029850746269,Favorable,A,A;M;V,Favorable,12.444029850746269,co_dominant_tie,A;M;V,1
2026-07-26 00:30:00+03:00,15,OK,14.006335316534209,Favorable,M,M,Favorable,14.006335316534209,unique_max_firing_rule,M,2
2026-07-26 00:35:00+03:00,15,OK,16.224520636179047,Favorable,M,M,Favorable,16.224520636179047,unique_max_firing_rule,M,2
2026-07-26 00:40:00+03:00,15,OK,17.45613349041188,Favorable,M,M,Favorable,17.45613349041188,unique_max_firing_rule,M,2
2026-07-26 00:45:00+03:00,15,OK,17.34504235875729,Favorable,M,M,Favorable,17.34504235875729,unique_max_firing_rule,M,2
2026-07-26 00:50:00+03:00,15,OK,17.139900943692247,Favorable,M,M,Favorable,17.139900943692247,unique_max_firing_rule,M,2
2026-07-26 00:55:00+03:00,15,OK,18.455096499124696,Favorable,M,M,Favorable,18.455096499124696,unique_max_firing_rule,M,2
2026-07-26 01:00:00+03:00,15,OK,20.94437052065755,Favorable,M,M,Favorable,20.94437052065755,unique_max_firing_rule,M,2
2026-07-26 01:05:00+03:00,15,OK,23.010329218106815,Favorable,M,M,Favorable,23.010329218106815,unique_max_firing_rule,M,2
2026-07-26 01:10:00+03:00,15,OK,23.700288065843484,Favorable,M,M,Favorable,23.700288065843484,unique_max_firing_rule,M,2
2026-07-26 01:15:00+03:00,15,OK,22.82744855967091,Favorable,M,M,Favorable,22.82744855967091,unique_max_firing_rule,M,2
2026-07-26 01:20:00+03:00,15,OK,22.87732510288067,Favorable,M,M,Favorable,22.87732510288067,unique_max_firing_rule,M,2
2026-07-26 01:25:00+03:00,15,OK,24.44012345679027,Favorable,M,M,Favorable,24.44012345679027,unique_max_firing_rule,M,2
2026-07-26 01:30:00+03:00,15,OK,26.49769756020446,Acceptable,M,M,Acceptable,26.49769756020446,unique_max_firing_rule,M,2
2026-07-26 01:35:00+03:00,15,OK,27.726015185768727,Acceptable,M,M,Acceptable,27.726015185768727,unique_max_firing_rule,M,4
2026-07-26 01:40:00+03:00,15,OK,28.40961716604652,Acceptable,M,M,Acceptable,28.40961716604652,unique_max_firing_rule,M,4
2026-07-26 01:45:00+03:00,15,OK,31.679852399134298,Acceptable,M,M,Acceptable,31.679852399134298,unique_max_firing_rule,M,2
2026-07-26 01:50:00+03:00,15,OK,35.65861958949292,Acceptable,M,M,Acceptable,35.65861958949292,unique_max_firing_rule,M,2
2026-07-26 01:55:00+03:00,15,OK,39.45609358214283,Acceptable,M,M,Acceptable,39.45609358214283,unique_max_firing_rule,M,2
2026-07-26 02:00:00+03:00,15,OK,39.29387686051015,Acceptable,M,M,Acceptable,39.29387686051015,unique_max_firing_rule,M,2
2026-07-26 02:05:00+03:00,15,OK,37.861895342564175,Acceptable,M,M,Acceptable,37.861895342564175,unique_max_firing_rule,M,2
2026-07-26 02:10:00+03:00,15,OK,35.830783013975655,Acceptable,M,M,Acceptable,35.830783013975655,unique_max_firing_rule,M,2
2026-07-26 02:15:00+03:00,15,OK,34.92186379690363,Acceptable,M,M,Acceptable,34.92186379690363,unique_max_firing_rule,M,2
2026-07-26 02:20:00+03:00,15,OK,34.3249114533585,Acceptable,M,M,Acceptable,34.3249114533585,unique_max_firing_rule,M,2
2026-07-26 02:25:00+03:00,15,OK,34.209912526776094,Acceptable,M,M,Acceptable,34.209912526776094,unique_max_firing_rule,M,2
2026-07-26 02:30:00+03:00,15,OK,34.275622276607166,Acceptable,M,M,Acceptable,34.275622276607166,unique_max_firing_rule,M,2
2026-07-26 02:35:00+03:00,15,OK,35.150887947294244,Acceptable,M,M,Acceptable,35.150887947294244,unique_max_firing_rule,M,2
2026-07-26 02:40:00+03:00,15,OK,36.10151988825369,Acceptable,M,M,Acceptable,36.10151988825369,unique_max_firing_rule,M,2
2026-07-26 02:45:00+03:00,15,OK,36.808194821799795,Acceptable,M,M,Acceptable,36.808194821799795,unique_max_firing_rule,M,2
2026-07-26 02:50:00+03:00,15,OK,36.99746372950001,Acceptable,M,M,Acceptable,36.99746372950001,unique_max_firing_rule,M,2
2026-07-26 02:55:00+03:00,15,OK,37.03862449371167,Acceptable,M,M,Acceptable,37.03862449371167,unique_max_firing_rule,M,2
2026-07-26 03:00:00+03:00,15,OK,37.483510439721236,Acceptable,M,M,Acceptable,37.483510439721236,unique_max_firing_rule,M,2
2026-07-26 03:05:00+03:00,15,OK,37.91353683874093,Acceptable,M,M,Acceptable,37.91353683874093,unique_max_firing_rule,M,2
2026-07-26 03:10:00+03:00,15,OK,39.447559426902274,Acceptable,M,M,Acceptable,39.447559426902274,unique_max_firing_rule,M,2
2026-07-26 03:15:00+03:00,15,OK,40.57913526378415,Acceptable,M,M,Acceptable,40.57913526378415,unique_max_firing_rule,M,2
2026-07-26 03:20:00+03:00,15,OK,43.40148240669227,Acceptable,M,M,Acceptable,43.40148240669227,unique_max_firing_rule,M,2
2026-07-26 03:25:00+03:00,15,OK,45.39440904203757,Acceptable,M,M,Acceptable,45.39440904203757,unique_max_firing_rule,M,2
2026-07-26 03:30:00+03:00,15,OK,46.694355530244806,Acceptable,M,M,Acceptable,46.694355530244806,unique_max_firing_rule,M,2
2026-07-26 03:35:00+03:00,15,OK,46.85861818467364,Acceptable,M,M,Acceptable,46.85861818467364,unique_max_firing_rule,M,2
2026-07-26 03:40:00+03:00,15,OK,46.54646397192683,Acceptable,M,M,Acceptable,46.54646397192683,unique_max_firing_rule,M,2
2026-07-26 03:45:00+03:00,15,OK,46.43140105159081,Acceptable,M,M,Acceptable,46.43140105159081,unique_max_firing_rule,M,2
2026-07-26 03:50:00+03:00,15,OK,46.036659264063,Acceptable,M,M,Acceptable,46.036659264063,unique_max_firing_rule,M,2
2026-07-26 03:55:00+03:00,15,OK,46.89967377042221,Acceptable,M,M,Acceptable,46.89967377042221,unique_max_firing_rule,M,2
2026-07-26 04:00:00+03:00,15,OK,47.62028595821513,Acceptable,M,M,Acceptable,47.62028595821513,unique_max_firing_rule,M,2
2026-07-26 04:05:00+03:00,15,OK,47.93129613700234,Acceptable,M,M,Acceptable,47.93129613700234,unique_max_firing_rule,M,2
2026-07-26 04:10:00+03:00,15,OK,47.09630453630901,Acceptable,M,M,Acceptable,47.09630453630901,unique_max_firing_rule,M,2
2026-07-26 04:15:00+03:00,15,OK,47.16181421415764,Acceptable,M,M,Acceptable,47.16181421415764,unique_max_firing_rule,M,2
2026-07-26 04:20:00+03:00,15,OK,48.07040724218669,Acceptable,M,M,Acceptable,48.07040724218669,unique_max_firing_rule,M,2
2026-07-26 04:25:00+03:00,15,OK,51.1116051578479,Degraded,M,M,Degraded,51.1116051578479,unique_max_firing_rule,M,2
2026-07-26 04:30:00+03:00,15,OK,55.33136482939638,Degraded,M,M,Degraded,55.33136482939638,unique_max_firing_rule,M,2
2026-07-26 04:35:00+03:00,15,OK,61.09089218590187,Degraded,M,M,Degraded,61.09089218590187,unique_max_firing_rule,M,2
2026-07-26 04:40:00+03:00,15,OK,62.5,Degraded,M,M,Degraded,62.5,unique_max_firing_rule,A;M;V,1
2026-07-26 04:45:00+03:00,15,PARTIAL,12.444029850746269,Favorable,A,A;V,Favorable,12.444029850746269,co_dominant_tie,A;V,1
2026-07-26 04:50:00+03:00,15,PARTIAL,12.444029850746269,Favorable,A,A;V,Favorable,12.444029850746269,co_dominant_tie,A;V,1
2026-07-26 04:55:00+03:00,15,PARTIAL,12.444029850746269,Favorable,A,A;V,Favorable,12.444029850746269,co_dominant_tie,A;V,1
2026-07-26 05:00:00+03:00,15,PARTIAL,12.444029850746269,Favorable,A,A;V,Favorable,12.444029850746269,co_dominant_tie,A;V,1
2026-07-26 05:05:00+03:00,15,OK,62.5,Degraded,M,M,Degraded,62.5,unique_max_firing_rule,A;M;V,1
2026-07-26 05:10:00+03:00,15,OK,62.5,Degraded,M,M,Degraded,62.5,unique_max_firing_rule,A;M;V,1
2026-07-26 05:15:00+03:00,15,OK,62.5,Degraded,M,M,Degraded,62.5,unique_max_firing_rule,A;M;V,1
2026-07-26 05:20:00+03:00,15,PARTIAL,12.444029850746269,Favorable,A,A;V,Favorable,12.444029850746269,co_dominant_tie,A;V,1
2026-07-26 05:25:00+03:00,15,PARTIAL,12.444029850746269,Favorable,A,A;V,Favorable,12.444029850746269,co_dominant_tie,A;V,1
2026-07-26 05:30:00+03:00,15,PARTIAL,12.444029850746269,Favorable,A,A;V,Favorable,12.444029850746269,co_dominant_tie,A;V,1
2026-07-26 05:35:00+03:00,15,OK,62.5,Degraded,M,M,Degraded,62.5,unique_max_firing_rule,A;M;V,1
2026-07-26 05:40:00+03:00,15,OK,62.5,Degraded,M,M,Degraded,62.5,unique_max_firing_rule,A;M;V,1
2026-07-26 05:45:00+03:00,15,OK,62.5,Degraded,M,M,Degraded,62.5,unique_max_firing_rule,A;M;V,1
2026-07-26 05:50:00+03:00,15,OK,62.5,Degraded,M,M,Degraded,62.5,unique_max_firing_rule,A;M;V,1
2026-07-26 05:55:00+03:00,15,OK,62.5,Degraded,M,M,Degraded,62.5,unique_max_firing_rule,A;M;V,1
2026-07-26 06:00:00+03:00,15,OK,62.5,Degraded,M,M,Degraded,62.5,unique_max_firing_rule,A;M;V,1
2026-07-26 06:05:00+03:00,15,OK,62.5,Degraded,M,M,Degraded,62.5,unique_max_firing_rule,A;M;V,1
2026-07-26 06:10:00+03:00,15,OK,62.5,Degraded,M,M,Degraded,62.5,unique_max_firing_rule,A;M;V,1
2026-07-26 06:15:00+03:00,15,OK,62.5,Degraded,M,M,Degraded,62.5,unique_max_firing_rule,A;M;V,1
2026-07-26 06:20:00+03:00,15,OK,62.5,Degraded,M,M,Degraded,62.5,unique_max_firing_rule,A;M;V,1
2026-07-26 06:25:00+03:00,15,OK,62.5,Degraded,M,M,Degraded,62.5,unique_max_firing_rule,A;M;V,1
2026-07-26 06:30:00+03:00,15,OK,62.5,Degraded,M,M,Degraded,62.5,unique_max_firing_rule,A;M;V,1
2026-07-26 06:35:00+03:00,15,OK,62.5,Degraded,M,M,Degraded,62.5,unique_max_firing_rule,A;M;V,1
2026-07-26 06:40:00+03:00,15,OK,62.5,Degraded,M,M,Degraded,62.5,unique_max_firing_rule,A;M;V,1
2026-07-26 06:45:00+03:00,15,OK,62.5,Degraded,M,M,Degraded,62.5,unique_max_firing_rule,A;M;V,1
2026-07-26 06:50:00+03:00,15,OK,62.5,Degraded,M,M,Degraded,62.5,unique_max_firing_rule,A;M;V,1
2026-07-26 06:55:00+03:00,15,OK,62.5,Degraded,M,M,Degraded,62.5,unique_max_firing_rule,A;M;V,1
2026-07-26 07:00:00+03:00,15,OK,62.5,Degraded,M,M,Degraded,62.5,unique_max_firing_rule,A;M;V,1
2026-07-26 07:05:00+03:00,15,OK,62.077857649420956,Degraded,M,M,Degraded,62.077857649420956,unique_max_firing_rule,M,2
2026-07-26 07:10:00+03:00,15,OK,60.671960357025455,Degraded,M,M,Degraded,60.671960357025455,unique_max_firing_rule,M,2
2026-07-26 07:15:00+03:00,15,OK,59.15067226057935,Degraded,M,M,Degraded,59.15067226057935,unique_max_firing_rule,M,2
2026-07-26 07:20:00+03:00,15,OK,57.825370675453314,Degraded,M,M,Degraded,57.825370675453314,unique_max_firing_rule,M,2
2026-07-26 07:25:00+03:00,15,OK,55.87652083702633,Degraded,M,M,Degraded,55.87652083702633,unique_max_firing_rule,M,2
2026-07-26 07:30:00+03:00,15,OK,54.07854391068491,Degraded,M,M,Degraded,54.07854391068491,unique_max_firing_rule,M,2
2026-07-26 07:35:00+03:00,15,OK,52.21601483666908,Degraded,M,M,Degraded,52.21601483666908,unique_max_firing_rule,M,2
2026-07-26 07:40:00+03:00,15,OK,50.76003491257178,Degraded,M,M,Degraded,50.76003491257178,unique_max_firing_rule,M,2
2026-07-26 07:45:00+03:00,15,OK,49.35440849108137,Acceptable,M,M,Acceptable,49.35440849108137,unique_max_firing_rule,M,2
2026-07-26 07:50:00+03:00,15,OK,47.62847142716925,Acceptable,M,M,Acceptable,47.62847142716925,unique_max_firing_rule,M,2
2026-07-26 07:55:00+03:00,15,OK,45.62507373471206,Acceptable,M,M,Acceptable,45.62507373471206,unique_max_firing_rule,M,2
2026-07-26 08:00:00+03:00,15,OK,43.48472648996812,Acceptable,M,M,Acceptable,43.48472648996812,unique_max_firing_rule,M,2
2026-07-26 08:05:00+03:00,15,OK,41.470898772601416,Acceptable,M,M,Acceptable,41.470898772601416,unique_max_firing_rule,M,2
2026-07-26 08:10:00+03:00,15,OK,39.48169367111283,Acceptable,M,M,Acceptable,39.48169367111283,unique_max_firing_rule,M,2
2026-07-26 08:15:00+03:00,15,OK,37.715499292079606,Acceptable,M,M,Acceptable,37.715499292079606,unique_max_firing_rule,M,2
2026-07-26 08:20:00+03:00,15,OK,36.290355902431074,Acceptable,M,M,Acceptable,36.290355902431074,unique_max_firing_rule,M,2
2026-07-26 08:25:00+03:00,15,OK,34.97910386816594,Acceptable,M,M,Acceptable,34.97910386816594,unique_max_firing_rule,M,2
2026-07-26 08:30:00+03:00,15,OK,33.561589881218886,Acceptable,M,M,Acceptable,33.561589881218886,unique_max_firing_rule,M,2
2026-07-26 08:35:00+03:00,15,OK,31.875806376949726,Acceptable,M,M,Acceptable,31.875806376949726,unique_max_firing_rule,M,2
2026-07-26 08:40:00+03:00,15,OK,30.21199360851451,Acceptable,M,M,Acceptable,30.21199360851451,unique_max_firing_rule,M,2
2026-07-26 08:45:00+03:00,15,OK,28.671455986072537,Acceptable,M,M,Acceptable,28.671455986072537,unique_max_firing_rule,M,2
2026-07-26 08:50:00+03:00,15,OK,27.049879086991815,Acceptable,M,M,Acceptable,27.049879086991815,unique_max_firing_rule,M,2
2026-07-26 08:55:00+03:00,15,OK,25.34467176547662,Acceptable,M,M,Acceptable,25.34467176547662,unique_max_firing_rule,M,2
2026-07-26 09:00:00+03:00,15,OK,23.367777777777587,Favorable,M,M,Favorable,23.367777777777587,unique_max_firing_rule,M,2
2026-07-26 09:05:00+03:00,15,OK,21.524618436867286,Favorable,M,M,Favorable,21.524618436867286,unique_max_firing_rule,M,2
2026-07-26 09:10:00+03:00,15,OK,20.584876984117475,Favorable,M,M,Favorable,20.584876984117475,unique_max_firing_rule,M,2
2026-07-26 09:15:00+03:00,15,OK,22.187089163237268,Favorable,M,M,Favorable,22.187089163237268,unique_max_firing_rule,M,2
2026-07-26 09:20:00+03:00,15,OK,24.358519890260723,Favorable,M,M,Favorable,24.358519890260723,unique_max_firing_rule,M,2
2026-07-26 09:25:00+03:00,15,OK,25.814950446018464,Acceptable,M,M,Acceptable,25.814950446018464,unique_max_firing_rule,M,2
2026-07-26 09:30:00+03:00,15,OK,26.603170122228775,Acceptable,M,M,Acceptable,26.603170122228775,unique_max_firing_rule,M,2
2026-07-26 09:35:00+03:00,15,OK,26.36271115057974,Acceptable,M,M,Acceptable,26.36271115057974,unique_max_firing_rule,M,2
2026-07-26 09:40:00+03:00,15,OK,25.9401317411143,Acceptable,M,M,Acceptable,25.9401317411143,unique_max_firing_rule,M,2
2026-07-26 09:45:00+03:00,15,OK,23.87901234567902,Favorable,M,M,Favorable,23.87901234567902,unique_max_firing_rule,M,2
2026-07-26 09:50:00+03:00,15,OK,20.27100854824581,Favorable,M,M,Favorable,20.27100854824581,unique_max_firing_rule,M,2
2026-07-26 09:55:00+03:00,15,OK,15.43994470106602,Favorable,M,M,Favorable,15.43994470106602,unique_max_firing_rule,M,2
2026-07-26 10:00:00+03:00,15,OK,15.363374159104566,Favorable,M,M,Favorable,15.363374159104566,unique_max_firing_rule,M,2
2026-07-26 10:05:00+03:00,15,OK,16.98600221838517,Favorable,M,M,Favorable,16.98600221838517,unique_max_firing_rule,M,2
2026-07-26 10:10:00+03:00,15,OK,17.874690315408007,Favorable,M,M,Favorable,17.874690315408007,unique_max_firing_rule,M,2
2026-07-26 10:15:00+03:00,15,OK,17.353588507272057,Favorable,M,M,Favorable,17.353588507272057,unique_max_firing_rule,M,2
2026-07-26 10:20:00+03:00,15,OK,16.592539238056577,Favorable,M,M,Favorable,16.592539238056577,unique_max_firing_rule,M,2
2026-07-26 10:25:00+03:00,15,OK,16.00189631078316,Favorable,M,M,Favorable,16.00189631078316,unique_max_firing_rule,M,2
2026-07-26 10:30:00+03:00,15,OK,15.77919548243582,Favorable,M,M,Favorable,15.77919548243582,unique_max_firing_rule,M,2
2026-07-26 10:35:00+03:00,15,OK,15.727792115097499,Favorable,M,M,Favorable,15.727792115097499,unique_max_firing_rule,M,2
2026-07-26 10:40:00+03:00,15,OK,15.64990218239002,Favorable,M,M,Favorable,15.64990218239002,unique_max_firing_rule,M,2
2026-07-26 10:45:00+03:00,15,OK,16.0104601992107,Favorable,M,M,Favorable,16.0104601992107,unique_max_firing_rule,M,2
2026-07-26 10:50:00+03:00,15,OK,16.18171420549319,Favorable,M,M,Favorable,16.18171420549319,unique_max_firing_rule,M,2
2026-07-26 10:55:00+03:00,15,OK,16.60109532316527,Favorable,M,M,Favorable,16.60109532316527,unique_max_firing_rule,M,2
2026-07-26 11:00:00+03:00,15,OK,17.310856636490772,Favorable,M,M,Favorable,17.310856636490772,unique_max_firing_rule,M,2
2026-07-26 11:05:00+03:00,15,OK,18.13081605324673,Favorable,M,M,Favorable,18.13081605324673,unique_max_firing_rule,M,2
2026-07-26 11:10:00+03:00,15,OK,18.600116715737535,Favorable,M,M,Favorable,18.600116715737535,unique_max_firing_rule,M,2
2026-07-26 11:15:00+03:00,15,OK,18.787741680264983,Favorable,M,M,Favorable,18.787741680264983,unique_max_firing_rule,M,2
2026-07-26 11:20:00+03:00,15,OK,18.745104422502962,Favorable,M,M,Favorable,18.745104422502962,unique_max_firing_rule,M,2
2026-07-26 11:25:00+03:00,15,OK,18.881533752846806,Favorable,M,M,Favorable,18.881533752846806,unique_max_firing_rule,M,2
2026-07-26 11:30:00+03:00,15,OK,18.335643667206597,Favorable,M,M,Favorable,18.335643667206597,unique_max_firing_rule,M,2
2026-07-26 11:35:00+03:00,15,OK,17.81491305337563,Favorable,M,M,Favorable,17.81491305337563,unique_max_firing_rule,M,2
2026-07-26 11:40:00+03:00,15,OK,16.917591042795237,Favorable,M,M,Favorable,16.917591042795237,unique_max_firing_rule,M,2
2026-07-26 11:45:00+03:00,15,OK,16.087530102770526,Favorable,M,M,Favorable,16.087530102770526,unique_max_firing_rule,M,2
2026-07-26 11:50:00+03:00,15,OK,15.076658531908048,Favorable,M,M,Favorable,15.076658531908048,unique_max_firing_rule,M,2
2026-07-26 11:55:00+03:00,15,OK,14.032471875144742,Favorable,M,M,Favorable,14.032471875144742,unique_max_firing_rule,M,2
2026-07-26 12:00:00+03:00,15,OK,12.933393664558055,Favorable,M,M,Favorable,12.933393664558055,unique_max_firing_rule,M,2
2026-07-26 12:05:00+03:00,15,OK,12.444029850746269,Favorable,A,A;M;V,Favorable,12.444029850746269,co_dominant_tie,A;M;V,1
2026-07-26 12:10:00+03:00,15,OK,12.444029850746269,Favorable,A,A;M;V,Favorable,12.444029850746269,co_dominant_tie,A;M;V,1
2026-07-26 12:15:00+03:00,15,OK,12.444029850746269,Favorable,A,A;M;V,Favorable,12.444029850746269,co_dominant_tie,A;M;V,1
2026-07-26 12:20:00+03:00,15,OK,12.444029850746269,Favorable,A,A;M;V,Favorable,12.444029850746269,co_dominant_tie,A;M;V,1
2026-07-26 12:25:00+03:00,15,OK,12.444029850746269,Favorable,A,A;M;V,Favorable,12.444029850746269,co_dominant_tie,A;M;V,1
2026-07-26 12:30:00+03:00,15,OK,12.444029850746269,Favorable,A,A;M;V,Favorable,12.444029850746269,co_dominant_tie,A;M;V,1
2026-07-26 12:35:00+03:00,15,OK,12.444029850746269,Favorable,A,A;M;V,Favorable,12.444029850746269,co_dominant_tie,A;M;V,1
2026-07-26 12:40:00+03:00,15,OK,12.444029850746269,Favorable,A,A;M;V,Favorable,12.444029850746269,co_dominant_tie,A;M;V,1
2026-07-26 12:45:00+03:00,15,OK,12.444029850746269,Favorable,A,A;M;V,Favorable,12.444029850746269,co_dominant_tie,A;M;V,1
2026-07-26 12:50:00+03:00,15,OK,12.444029850746269,Favorable,A,A;M;V,Favorable,12.444029850746269,co_dominant_tie,A;M;V,1
2026-07-26 12:55:00+03:00,15,OK,12.444029850746269,Favorable,A,A;M;V,Favorable,12.444029850746269,co_dominant_tie,A;M;V,1
2026-07-26 13:00:00+03:00,15,OK,12.444029850746269,Favorable,A,A;M;V,Favorable,12.444029850746269,co_dominant_tie,A;M;V,1
2026-07-26 13:05:00+03:00,15,OK,12.444029850746269,Favorable,A,A;M;V,Favorable,12.444029850746269,co_dominant_tie,A;M;V,1
2026-07-26 13:10:00+03:00,15,OK,12.444029850746269,Favorable,A,A;M;V,Favorable,12.444029850746269,co_dominant_tie,A;M;V,1
2026-07-26 13:15:00+03:00,15,OK,12.444029850746269,Favorable,A,A;M;V,Favorable,12.444029850746269,co_dominant_tie,A;M;V,1
2026-07-26 13:20:00+03:00,15,OK,12.444029850746269,Favorable,A,A;M;V,Favorable,12.444029850746269,co_dominant_tie,A;M;V,1
2026-07-26 13:25:00+03:00,15,OK,12.444029850746269,Favorable,A,A;M;V,Favorable,12.444029850746269,co_dominant_tie,A;M;V,1
2026-07-26 13:30:00+03:00,15,OK,12.444029850746269,Favorable,A,A;M;V,Favorable,12.444029850746269,co_dominant_tie,A;M;V,1
2026-07-26 13:35:00+03:00,15,OK,12.444029850746269,Favorable,A,A;M;V,Favorable,12.444029850746269,co_dominant_tie,A;M;V,1
2026-07-26 13:40:00+03:00,15,OK,12.444029850746269,Favorable,A,A;M;V,Favorable,12.444029850746269,co_dominant_tie,A;M;V,1
2026-07-26 13:45:00+03:00,15,OK,12.444029850746269,Favorable,A,A;M;V,Favorable,12.444029850746269,co_dominant_tie,A;M;V,1
2026-07-26 13:50:00+03:00,15,OK,12.444029850746269,Favorable,A,A;M;V,Favorable,12.444029850746269,co_dominant_tie,A;M;V,1
2026-07-26 13:55:00+03:00,15,OK,12.444029850746269,Favorable,A,A;M;V,Favorable,12.444029850746269,co_dominant_tie,A;M;V,1
2026-07-26 14:00:00+03:00,15,OK,12.444029850746269,Favorable,A,A;M;V,Favorable,12.444029850746269,co_dominant_tie,A;M;V,1
2026-07-26 14:05:00+03:00,15,OK,12.444029850746269,Favorable,A,A;M;V,Favorable,12.444029850746269,co_dominant_tie,A;M;V,1
2026-07-26 14:10:00+03:00,15,OK,12.444029850746269,Favorable,A,A;M;V,Favorable,12.444029850746269,co_dominant_tie,A;M;V,1
2026-07-26 14:15:00+03:00,15,OK,12.444029850746269,Favorable,A,A;M;V,Favorable,12.444029850746269,co_dominant_tie,A;M;V,1
2026-07-26 14:20:00+03:00,15,OK,12.444029850746269,Favorable,A,A;M;V,Favorable,12.444029850746269,co_dominant_tie,A;M;V,1
2026-07-26 14:25:00+03:00,15,OK,12.444029850746269,Favorable,A,A;M;V,Favorable,12.444029850746269,co_dominant_tie,A;M;V,1
2026-07-26 14:30:00+03:00,15,OK,12.444029850746269,Favorable,A,A;M;V,Favorable,12.444029850746269,co_dominant_tie,A;M;V,1
2026-07-26 14:35:00+03:00,15,OK,12.444029850746269,Favorable,A,A;M;V,Favorable,12.444029850746269,co_dominant_tie,A;M;V,1
2026-07-26 14:40:00+03:00,15,OK,12.444029850746269,Favorable,A,A;M;V,Favorable,12.444029850746269,co_dominant_tie,A;M;V,1
2026-07-26 14:45:00+03:00,15,OK,12.444029850746269,Favorable,A,A;M;V,Favorable,12.444029850746269,co_dominant_tie,A;M;V,1
2026-07-26 14:50:00+03:00,15,OK,12.444029850746269,Favorable,A,A;M;V,Favorable,12.444029850746269,co_dominant_tie,A;M;V,1
2026-07-26 14:55:00+03:00,15,OK,12.444029850746269,Favorable,A,A;M;V,Favorable,12.444029850746269,co_dominant_tie,A;M;V,1
2026-07-26 15:00:00+03:00,15,OK,12.444029850746269,Favorable,A,A;M;V,Favorable,12.444029850746269,co_dominant_tie,A;M;V,1
2026-07-26 15:05:00+03:00,15,OK,12.444029850746269,Favorable,A,A;M;V,Favorable,12.444029850746269,co_dominant_tie,A;M;V,1
2026-07-26 15:10:00+03:00,15,OK,12.444029850746269,Favorable,A,A;M;V,Favorable,12.444029850746269,co_dominant_tie,A;M;V,1
2026-07-26 15:15:00+03:00,15,OK,12.444029850746269,Favorable,A,A;M;V,Favorable,12.444029850746269,co_dominant_tie,A;M;V,1
2026-07-26 15:20:00+03:00,15,OK,12.444029850746269,Favorable,A,A;M;V,Favorable,12.444029850746269,co_dominant_tie,A;M;V,1
2026-07-26 15:25:00+03:00,15,OK,12.444029850746269,Favorable,A,A;M;V,Favorable,12.444029850746269,co_dominant_tie,A;M;V,1
2026-07-26 15:30:00+03:00,15,OK,12.444029850746269,Favorable,A,A;M;V,Favorable,12.444029850746269,co_dominant_tie,A;M;V,1
2026-07-26 15:35:00+03:00,15,OK,12.444029850746269,Favorable,A,A;M;V,Favorable,12.444029850746269,co_dominant_tie,A;M;V,1
2026-07-26 15:40:00+03:00,15,OK,12.444029850746269,Favorable,A,A;M;V,Favorable,12.444029850746269,co_dominant_tie,A;M;V,1
2026-07-26 15:45:00+03:00,15,OK,12.444029850746269,Favorable,A,A;M;V,Favorable,12.444029850746269,co_dominant_tie,A;M;V,1
2026-07-26 15:50:00+03:00,15,OK,12.444029850746269,Favorable,A,A;M;V,Favorable,12.444029850746269,co_dominant_tie,A;M;V,1
2026-07-26 15:55:00+03:00,15,OK,12.444029850746269,Favorable,A,A;M;V,Favorable,12.444029850746269,co_dominant_tie,A;M;V,1
2026-07-26 16:00:00+03:00,15,OK,12.444029850746269,Favorable,A,A;M;V,Favorable,12.444029850746269,co_dominant_tie,A;M;V,1
2026-07-26 16:05:00+03:00,15,OK,14.859324713641925,Favorable,M,M,Favorable,14.859324713641925,unique_max_firing_rule,M,2
2026-07-26 16:10:00+03:00,15,OK,19.74098766611868,Favorable,M,M,Favorable,19.74098766611868,unique_max_firing_rule,M,2
2026-07-26 16:15:00+03:00,15,OK,24.315432098765513,Favorable,M,M,Favorable,24.315432098765513,unique_max_firing_rule,M,2
2026-07-26 16:20:00+03:00,15,OK,28.31963558749375,Acceptable,M,M,Acceptable,28.31963558749375,unique_max_firing_rule,M,2
2026-07-26 16:25:00+03:00,15,OK,31.57374960336366,Acceptable,M,M,Acceptable,31.57374960336366,unique_max_firing_rule,M,2
2026-07-26 16:30:00+03:00,15,OK,34.16063707741468,Acceptable,M,M,Acceptable,34.16063707741468,unique_max_firing_rule,M,2
2026-07-26 16:35:00+03:00,15,OK,36.44643807901176,Acceptable,M,M,Acceptable,36.44643807901176,unique_max_firing_rule,M,2
2026-07-26 16:40:00+03:00,15,OK,39.12296771238844,Acceptable,M,M,Acceptable,39.12296771238844,unique_max_firing_rule,M,2
2026-07-26 16:45:00+03:00,15,OK,41.286265966928035,Acceptable,M,M,Acceptable,41.286265966928035,unique_max_firing_rule,M,2
2026-07-26 16:50:00+03:00,15,OK,43.0015296304215,Acceptable,M,M,Acceptable,43.0015296304215,unique_max_firing_rule,M,2
2026-07-26 16:55:00+03:00,15,OK,46.62863240309779,Acceptable,M,M,Acceptable,46.62863240309779,unique_max_firing_rule,M,2
2026-07-26 17:00:00+03:00,15,OK,52.273307122156545,Degraded,M,M,Degraded,52.273307122156545,unique_max_firing_rule,M,2
2026-07-26 17:05:00+03:00,15,OK,58.05973101265806,Degraded,M,M,Degraded,58.05973101265806,unique_max_firing_rule,M,2
2026-07-26 17:10:00+03:00,15,OK,61.62233883357593,Degraded,M,M,Degraded,61.62233883357593,unique_max_firing_rule,M,2
2026-07-26 17:15:00+03:00,15,OK,62.5,Degraded,M,M,Degraded,62.5,unique_max_firing_rule,A;M;V,1
2026-07-26 17:20:00+03:00,15,OK,62.5,Degraded,M,M,Degraded,62.5,unique_max_firing_rule,A;M;V,1
2026-07-26 17:25:00+03:00,15,OK,62.5,Degraded,M,M,Degraded,62.5,unique_max_firing_rule,A;M;V,1
2026-07-26 17:30:00+03:00,15,OK,62.5,Degraded,M,M,Degraded,62.5,unique_max_firing_rule,A;M;V,1
2026-07-26 17:35:00+03:00,15,OK,62.5,Degraded,M,M,Degraded,62.5,unique_max_firing_rule,A;M;V,1
2026-07-26 17:40:00+03:00,15,OK,62.5,Degraded,M,M,Degraded,62.5,unique_max_firing_rule,A;M;V,1
2026-07-26 17:45:00+03:00,15,OK,62.5,Degraded,M,M,Degraded,62.5,unique_max_firing_rule,A;M;V,1
2026-07-26 17:50:00+03:00,15,OK,62.5,Degraded,M,M,Degraded,62.5,unique_max_firing_rule,A;M;V,1
2026-07-26 17:55:00+03:00,15,OK,62.5,Degraded,M,M,Degraded,62.5,unique_max_firing_rule,A;M;V,1
2026-07-26 18:00:00+03:00,15,OK,62.5,Degraded,M,M,Degraded,62.5,unique_max_firing_rule,A;M;V,1
2026-07-26 18:05:00+03:00,15,OK,62.911975349766806,Degraded,M,M,Degraded,62.911975349766806,unique_max_firing_rule,M,2
2026-07-26 18:10:00+03:00,15,OK,64.21021699819148,Degraded,M,M,Degraded,64.21021699819148,unique_max_firing_rule,M,2
2026-07-26 18:15:00+03:00,15,OK,65.71616326923113,Degraded,M,M,Degraded,65.71616326923113,unique_max_firing_rule,M,2
2026-07-26 18:20:00+03:00,15,OK,68.98344273505383,Degraded,M,M,Degraded,68.98344273505383,unique_max_firing_rule,M,2
2026-07-26 18:25:00+03:00,15,OK,71.71308175084788,Degraded,M,M,Degraded,71.71308175084788,unique_max_firing_rule,M,2
2026-07-26 18:30:00+03:00,15,OK,72.0760221872135,Degraded,M,M,Degraded,72.0760221872135,unique_max_firing_rule,M,2
2026-07-26 18:35:00+03:00,15,OK,71.0174668456445,Degraded,M,M,Degraded,71.0174668456445,unique_max_firing_rule,M,2
2026-07-26 18:40:00+03:00,15,OK,72.4554230485332,Degraded,M,M,Degraded,72.4554230485332,unique_max_firing_rule,M,2
2026-07-26 18:45:00+03:00,15,OK,75.71781893004075,Critical,M,M,Critical,75.71781893004075,unique_max_firing_rule,M,2
2026-07-26 18:50:00+03:00,15,OK,81.05066517458305,Critical,M,M,Critical,81.05066517458305,unique_max_firing_rule,M,2
2026-07-26 18:55:00+03:00,15,OK,85.45382548647885,Critical,M,M,Critical,85.45382548647885,unique_max_firing_rule,M,2
2026-07-26 19:00:00+03:00,15,OK,87.55597014925372,Critical,M,M,Critical,87.55597014925372,unique_max_firing_rule,A;M;V,1
2026-07-26 19:05:00+03:00,15,OK,87.55597014925372,Critical,M,M,Critical,87.55597014925372,unique_max_firing_rule,A;M;V,1
2026-07-26 19:10:00+03:00,15,OK,87.55597014925372,Critical,M,M,Critical,87.55597014925372,unique_max_firing_rule,A;M;V,1
2026-07-26 19:15:00+03:00,15,OK,87.55597014925372,Critical,M,M,Critical,87.55597014925372,unique_max_firing_rule,A;M;V,1
2026-07-26 19:20:00+03:00,15,OK,87.55597014925372,Critical,M,M,Critical,87.55597014925372,unique_max_firing_rule,A;M;V,1
2026-07-26 19:25:00+03:00,15,OK,87.55597014925372,Critical,M,M,Critical,87.55597014925372,unique_max_firing_rule,A;M;V,1
2026-07-26 19:30:00+03:00,15,OK,87.55597014925372,Critical,M,M,Critical,87.55597014925372,unique_max_firing_rule,A;M;V,1
2026-07-26 19:35:00+03:00,15,OK,87.55597014925372,Critical,M,M,Critical,87.55597014925372,unique_max_firing_rule,A;M;V,1
2026-07-26 19:40:00+03:00,15,OK,87.55597014925372,Critical,M,M,Critical,87.55597014925372,unique_max_firing_rule,A;M;V,1
2026-07-26 19:45:00+03:00,15,OK,87.55597014925372,Critical,M,M,Critical,87.55597014925372,unique_max_firing_rule,A;M;V,1
2026-07-26 19:50:00+03:00,15,OK,87.55597014925372,Critical,M,M,Critical,87.55597014925372,unique_max_firing_rule,A;M;V,1
2026-07-26 19:55:00+03:00,15,OK,87.55597014925372,Critical,M,M,Critical,87.55597014925372,unique_max_firing_rule,A;M;V,1
2026-07-26 20:00:00+03:00,15,OK,87.55597014925372,Critical,M,M,Critical,87.55597014925372,unique_max_firing_rule,A;M;V,1
2026-07-26 20:05:00+03:00,15,OK,87.55597014925372,Critical,M,M,Critical,87.55597014925372,unique_max_firing_rule,A;M;V,1
2026-07-26 20:10:00+03:00,15,OK,86.81339994366283,Critical,M,M,Critical,86.81339994366283,unique_max_firing_rule,M,2
2026-07-26 20:15:00+03:00,15,OK,82.29611651286214,Critical,M,M,Critical,82.29611651286214,unique_max_firing_rule,M,2
2026-07-26 20:20:00+03:00,15,OK,77.38037037037111,Critical,M,M,Critical,77.38037037037111,unique_max_firing_rule,M,2
2026-07-26 20:25:00+03:00,15,OK,72.62034407085724,Degraded,M,M,Degraded,72.62034407085724,unique_max_firing_rule,M,2
2026-07-26 20:30:00+03:00,15,OK,68.34463528960684,Degraded,M,M,Degraded,68.34463528960684,unique_max_firing_rule,M,2
2026-07-26 20:35:00+03:00,15,OK,67.00383415777658,Degraded,M,M,Degraded,67.00383415777658,unique_max_firing_rule,M,2
2026-07-26 20:40:00+03:00,15,OK,68.93414988684953,Degraded,M,M,Degraded,68.93414988684953,unique_max_firing_rule,M,2
2026-07-26 20:45:00+03:00,15,OK,74.42480811845743,Degraded,M,M,Degraded,74.42480811845743,unique_max_firing_rule,M,2
2026-07-26 20:50:00+03:00,15,OK,77.81263374485583,Critical,M,M,Critical,77.81263374485583,unique_max_firing_rule,M,4
2026-07-26 20:55:00+03:00,15,OK,78.03826748140665,Critical,M,M,Critical,78.03826748140665,unique_max_firing_rule,M,2
2026-07-26 21:00:00+03:00,15,OK,75.14423868312798,Critical,M,M,Critical,75.14423868312798,unique_max_firing_rule,M,4
2026-07-26 21:05:00+03:00,15,OK,71.75426611598074,Degraded,M,M,Degraded,71.75426611598074,unique_max_firing_rule,M,2
2026-07-26 21:10:00+03:00,15,OK,69.34861001866449,Degraded,A,A,Degraded,69.1723624538813,unique_max_firing_rule,A,2
2026-07-26 21:15:00+03:00,15,OK,69.23347575740064,Degraded,A,A,Degraded,67.23306058138492,unique_max_firing_rule,A,2
2026-07-26 21:20:00+03:00,15,OK,67.01541513083187,Degraded,A,A,Degraded,66.09385907341634,unique_max_firing_rule,A,4
2026-07-26 21:25:00+03:00,15,OK,87.4956031286735,Critical,M,M,Critical,87.55597014925372,unique_max_firing_rule,M,2
2026-07-26 21:30:00+03:00,15,OK,87.37678394285457,Critical,A,A,Critical,87.37678394285457,unique_max_firing_rule,A,2
2026-07-26 21:35:00+03:00,15,OK,87.51911163404716,Critical,A,A,Critical,87.51911163404716,unique_max_firing_rule,A,2
2026-07-26 21:40:00+03:00,15,OK,62.79298911631366,Degraded,A,A,Degraded,62.67309653297107,unique_max_firing_rule,A,2
2026-07-26 21:45:00+03:00,15,OK,87.50726521828035,Critical,A,A,Critical,87.50726521828035,unique_max_firing_rule,A,1
2026-07-26 21:50:00+03:00,15,OK,87.55597014925372,Critical,A,A,Critical,87.55597014925372,unique_max_firing_rule,A;M;V,1
2026-07-26 21:55:00+03:00,15,OK,87.44827321435564,Critical,A,A,Critical,87.44827321435564,unique_max_firing_rule,A,1
2026-07-26 22:00:00+03:00,15,OK,62.5,Degraded,A,A,Degraded,62.5,unique_max_firing_rule,A,1
2026-07-26 22:05:00+03:00,15,OK,62.5,Degraded,M,M;V,Degraded,62.5,co_dominant_tie,A;M;V,1
2026-07-26 22:10:00+03:00,15,OK,67.69113122531209,Degraded,M,M,Degraded,67.69113122531209,unique_max_firing_rule,M,2
2026-07-26 22:15:00+03:00,15,OK,79.08086363232167,Critical,M,M,Critical,79.08086363232167,unique_max_firing_rule,M,2
2026-07-26 22:20:00+03:00,15,OK,86.31076656796101,Critical,V,V,Critical,86.96181356561401,unique_max_firing_rule,V,4
2026-07-26 22:25:00+03:00,15,OK,87.55597014925372,Critical,M,M;V,Critical,87.55597014925372,co_dominant_tie,A;M;V,1
2026-07-26 22:30:00+03:00,15,OK,87.54288123960706,Critical,M,M,Critical,87.55597014925372,unique_max_firing_rule,M,2
2026-07-26 22:35:00+03:00,15,OK,87.46692896639728,Critical,V,V,Critical,87.55597014925372,unique_max_firing_rule,V,4
2026-07-26 22:40:00+03:00,15,OK,87.42917949948668,Critical,M,M,Critical,87.55597014925372,unique_max_firing_rule,M,2
2026-07-26 22:45:00+03:00,15,OK,87.35964550700743,Critical,M,M,Critical,87.55597014925372,unique_max_firing_rule,M,2
2026-07-26 22:50:00+03:00,15,OK,87.32029031240138,Critical,M,M,Critical,87.55597014925372,unique_max_firing_rule,M,2
2026-07-26 22:55:00+03:00,15,OK,87.36770583533173,Critical,M,M,Critical,87.55597014925372,unique_max_firing_rule,M,2
2026-07-26 23:00:00+03:00,15,OK,87.38483572349952,Critical,M,M,Critical,87.55597014925372,unique_max_firing_rule,M,2
2026-07-26 23:05:00+03:00,15,OK,87.39375601450885,Critical,M,M,Critical,87.55597014925372,unique_max_firing_rule,M,2
2026-07-26 23:10:00+03:00,15,OK,87.40907963899633,Critical,M,M,Critical,87.55597014925372,unique_max_firing_rule,M,2
2026-07-26 23:15:00+03:00,15,OK,87.42062938020149,Critical,M,M,Critical,87.55597014925372,unique_max_firing_rule,M,2
2026-07-26 23:20:00+03:00,15,OK,87.45361775643465,Critical,M,M,Critical,87.45448362661914,unique_max_firing_rule,M,2
2026-07-26 23:25:00+03:00,15,OK,87.4632392915391,Critical,M,M,Critical,87.52187877495254,unique_max_firing_rule,M,2
2026-07-26 23:30:00+03:00,15,OK,70.22951482332229,Degraded,A,A,Degraded,69.57465222171959,unique_max_firing_rule,A,2
2026-07-26 23:35:00+03:00,15,OK,75.13592592592641,Critical,M,M,Critical,75.13592592592641,unique_max_firing_rule,M,2
2026-07-26 23:40:00+03:00,15,OK,79.79603858622612,Critical,M,M,Critical,79.79603858622612,unique_max_firing_rule,M,2
2026-07-26 23:45:00+03:00,15,OK,79.51833486515072,Critical,M,M,Critical,79.51833486515072,unique_max_firing_rule,M,2
2026-07-26 23:50:00+03:00,15,OK,87.33265213442324,Critical,M,M,Critical,87.55597014925372,unique_max_firing_rule,M,2
2026-07-26 23:55:00+03:00,15,OK,87.37526474802216,Critical,M,M,Critical,87.55597014925372,unique_max_firing_rule,M,2
2026-07-27 00:00:00+03:00,15,PARTIAL,65.33150009954198,Degraded,M,M,Degraded,65.33150009954198,unique_max_firing_rule,M,2
2026-07-27 00:05:00+03:00,15,PARTIAL,62.5,Degraded,M,M;V,Degraded,62.5,co_dominant_tie,M;V,1
2026-07-27 00:10:00+03:00,15,PARTIAL,62.5,Degraded,M,M,Degraded,62.5,unique_max_firing_rule,M;V,1
2026-07-27 00:15:00+03:00,15,OK,87.48891288600328,Critical,M,M,Critical,87.55597014925372,unique_max_firing_rule,M,2
2026-07-27 00:20:00+03:00,15,OK,87.3354572713643,Critical,M,M,Critical,87.55597014925372,unique_max_firing_rule,M,2
2026-07-27 00:25:00+03:00,15,OK,78.33222432201288,Critical,A,A,Critical,78.33222432201288,unique_max_firing_rule,A,8
2026-07-27 00:30:00+03:00,15,OK,37.24528249389832,Acceptable,V,V,Acceptable,37.31042313690489,unique_max_firing_rule,V,4
2026-07-27 00:35:00+03:00,15,OK,29.5643232758622,Acceptable,V,V,Acceptable,30.983697537287707,unique_max_firing_rule,V,4
2026-07-27 00:40:00+03:00,15,OK,25.72340583170065,Acceptable,M,M,Acceptable,25.72340583170065,unique_max_firing_rule,M,4
2026-07-27 00:45:00+03:00,15,OK,23.575596707819088,Favorable,M,M,Favorable,23.575596707819088,unique_max_firing_rule,M,4
2026-07-27 00:50:00+03:00,15,OK,23.043580246913795,Favorable,M,M,Favorable,23.043580246913795,unique_max_firing_rule,M,4
2026-07-27 00:55:00+03:00,15,OK,24.17292768959435,Favorable,V,V,Favorable,24.17292768959435,unique_max_firing_rule,V,4
2026-07-27 01:00:00+03:00,15,OK,24.41637272192829,Favorable,V,V,Favorable,24.41637272192829,unique_max_firing_rule,V,4
2026-07-27 01:05:00+03:00,15,OK,24.457936507936523,Favorable,V,V,Favorable,24.457936507936523,unique_max_firing_rule,V,4
2026-07-27 01:10:00+03:00,15,OK,24.08386243386243,Favorable,V,V,Favorable,24.08386243386243,unique_max_firing_rule,V,4
2026-07-27 01:15:00+03:00,15,OK,23.157583774250426,Favorable,V,V,Favorable,23.157583774250426,unique_max_firing_rule,V,4
2026-07-27 01:20:00+03:00,15,OK,21.914906026000434,Favorable,V,V,Favorable,21.914906026000434,unique_max_firing_rule,V,4
2026-07-27 01:25:00+03:00,15,OK,20.094546398036336,Favorable,V,V,Favorable,20.094546398036336,unique_max_firing_rule,V,4
2026-07-27 01:30:00+03:00,15,OK,18.726830451440325,Favorable,V,V,Favorable,18.726830451440325,unique_max_firing_rule,V,4
2026-07-27 01:35:00+03:00,15,OK,17.934462056111926,Favorable,M,M,Favorable,17.934462056111926,unique_max_firing_rule,M,4
2026-07-27 01:40:00+03:00,15,OK,17.122802891518354,Favorable,M,M,Favorable,17.122802891518354,unique_max_firing_rule,M,4
2026-07-27 01:45:00+03:00,15,OK,16.498414842358876,Favorable,M,M,Favorable,16.498414842358876,unique_max_firing_rule,M,4
2026-07-27 01:50:00+03:00,15,OK,15.856292890678851,Favorable,M,M,Favorable,15.856292890678851,unique_max_firing_rule,M,4
2026-07-27 01:55:00+03:00,15,OK,15.380744832419467,Favorable,M,M,Favorable,15.380744832419467,unique_max_firing_rule,M,2
2026-07-27 02:00:00+03:00,15,OK,14.894105370390884,Favorable,M,M,Favorable,14.894105370390884,unique_max_firing_rule,M,2
2026-07-27 02:05:00+03:00,15,OK,14.267630830743268,Favorable,M,M,Favorable,14.267630830743268,unique_max_firing_rule,M,2
2026-07-27 02:10:00+03:00,15,OK,13.631540071809916,Favorable,M,M,Favorable,13.631540071809916,unique_max_firing_rule,M,2
2026-07-27 02:15:00+03:00,15,OK,12.749946121583147,Favorable,M,M,Favorable,12.749946121583147,unique_max_firing_rule,M,2
2026-07-27 02:20:00+03:00,15,OK,12.444029850746269,Favorable,A,A;M;V,Favorable,12.444029850746269,co_dominant_tie,A;M;V,1
2026-07-27 02:25:00+03:00,15,OK,12.444029850746269,Favorable,A,A;M;V,Favorable,12.444029850746269,co_dominant_tie,A;M;V,1
2026-07-27 02:30:00+03:00,15,OK,12.444029850746269,Favorable,A,A;M;V,Favorable,12.444029850746269,co_dominant_tie,A;M;V,1
2026-07-27 02:35:00+03:00,15,OK,12.444029850746269,Favorable,A,A;M;V,Favorable,12.444029850746269,co_dominant_tie,A;M;V,1
2026-07-27 02:40:00+03:00,15,OK,12.444029850746269,Favorable,A,A;M;V,Favorable,12.444029850746269,co_dominant_tie,A;M;V,1
2026-07-27 02:45:00+03:00,15,OK,12.444029850746269,Favorable,A,A;M;V,Favorable,12.444029850746269,co_dominant_tie,A;M;V,1
2026-07-27 02:50:00+03:00,15,OK,12.444029850746269,Favorable,A,A;M;V,Favorable,12.444029850746269,co_dominant_tie,A;M;V,1
2026-07-27 02:55:00+03:00,15,OK,12.444029850746269,Favorable,A,A;M;V,Favorable,12.444029850746269,co_dominant_tie,A;M;V,1
2026-07-27 03:00:00+03:00,15,OK,12.444029850746269,Favorable,A,A;M;V,Favorable,12.444029850746269,co_dominant_tie,A;M;V,1
2026-07-27 03:05:00+03:00,15,OK,12.444029850746269,Favorable,A,A;M;V,Favorable,12.444029850746269,co_dominant_tie,A;M;V,1
2026-07-27 03:10:00+03:00,15,OK,12.444029850746269,Favorable,A,A;M;V,Favorable,12.444029850746269,co_dominant_tie,A;M;V,1
2026-07-27 03:15:00+03:00,15,OK,12.444029850746269,Favorable,A,A;M;V,Favorable,12.444029850746269,co_dominant_tie,A;M;V,1
2026-07-27 03:20:00+03:00,15,OK,12.444029850746269,Favorable,A,A;M;V,Favorable,12.444029850746269,co_dominant_tie,A;M;V,1
2026-07-27 03:25:00+03:00,15,OK,12.444029850746269,Favorable,A,A;M;V,Favorable,12.444029850746269,co_dominant_tie,A;M;V,1
2026-07-27 03:30:00+03:00,15,OK,12.444029850746269,Favorable,A,A;M;V,Favorable,12.444029850746269,co_dominant_tie,A;M;V,1
2026-07-27 03:35:00+03:00,15,OK,12.444029850746269,Favorable,A,A;M;V,Favorable,12.444029850746269,co_dominant_tie,A;M;V,1
2026-07-27 03:40:00+03:00,15,OK,12.444029850746269,Favorable,A,A;M;V,Favorable,12.444029850746269,co_dominant_tie,A;M;V,1
2026-07-27 03:45:00+03:00,15,OK,12.444029850746269,Favorable,A,A;M;V,Favorable,12.444029850746269,co_dominant_tie,A;M;V,1
2026-07-27 03:50:00+03:00,15,OK,12.444029850746269,Favorable,A,A;M;V,Favorable,12.444029850746269,co_dominant_tie,A;M;V,1
2026-07-27 03:55:00+03:00,15,OK,12.444029850746269,Favorable,A,A;M;V,Favorable,12.444029850746269,co_dominant_tie,A;M;V,1
2026-07-27 04:00:00+03:00,15,OK,12.444029850746269,Favorable,A,A;M;V,Favorable,12.444029850746269,co_dominant_tie,A;M;V,1
2026-07-27 04:05:00+03:00,15,OK,12.444029850746269,Favorable,A,A;M;V,Favorable,12.444029850746269,co_dominant_tie,A;M;V,1
2026-07-27 04:10:00+03:00,15,OK,12.444029850746269,Favorable,A,A;M;V,Favorable,12.444029850746269,co_dominant_tie,A;M;V,1
2026-07-27 04:15:00+03:00,15,OK,12.444029850746269,Favorable,A,A;M;V,Favorable,12.444029850746269,co_dominant_tie,A;M;V,1
2026-07-27 04:20:00+03:00,15,OK,12.444029850746269,Favorable,A,A;M;V,Favorable,12.444029850746269,co_dominant_tie,A;M;V,1
2026-07-27 04:25:00+03:00,15,OK,12.444029850746269,Favorable,A,A;M;V,Favorable,12.444029850746269,co_dominant_tie,A;M;V,1
2026-07-27 04:30:00+03:00,15,OK,12.444029850746269,Favorable,A,A;M;V,Favorable,12.444029850746269,co_dominant_tie,A;M;V,1
2026-07-27 04:35:00+03:00,15,OK,12.444029850746269,Favorable,A,A;M;V,Favorable,12.444029850746269,co_dominant_tie,A;M;V,1
2026-07-27 04:40:00+03:00,15,OK,12.444029850746269,Favorable,A,A;M;V,Favorable,12.444029850746269,co_dominant_tie,A;M;V,1
2026-07-27 04:45:00+03:00,15,OK,12.444029850746269,Favorable,A,A;M;V,Favorable,12.444029850746269,co_dominant_tie,A;M;V,1
2026-07-27 04:50:00+03:00,15,OK,12.444029850746269,Favorable,A,A;M;V,Favorable,12.444029850746269,co_dominant_tie,A;M;V,1
2026-07-27 04:55:00+03:00,15,OK,12.444029850746269,Favorable,A,A;M;V,Favorable,12.444029850746269,co_dominant_tie,A;M;V,1
2026-07-27 05:00:00+03:00,15,OK,12.444029850746269,Favorable,A,A;M;V,Favorable,12.444029850746269,co_dominant_tie,A;M;V,1
2026-07-27 05:05:00+03:00,15,OK,12.444029850746269,Favorable,A,A;M;V,Favorable,12.444029850746269,co_dominant_tie,A;M;V,1
2026-07-27 05:10:00+03:00,15,OK,12.444029850746269,Favorable,A,A;M;V,Favorable,12.444029850746269,co_dominant_tie,A;M;V,1
2026-07-27 05:15:00+03:00,15,OK,12.444029850746269,Favorable,A,A;M;V,Favorable,12.444029850746269,co_dominant_tie,A;M;V,1
2026-07-27 05:20:00+03:00,15,OK,12.444029850746269,Favorable,A,A;M;V,Favorable,12.444029850746269,co_dominant_tie,A;M;V,1
2026-07-27 05:25:00+03:00,15,OK,12.444029850746269,Favorable,A,A;M;V,Favorable,12.444029850746269,co_dominant_tie,A;M;V,1
2026-07-27 05:30:00+03:00,15,OK,12.444029850746269,Favorable,A,A;M;V,Favorable,12.444029850746269,co_dominant_tie,A;M;V,1
2026-07-27 05:35:00+03:00,15,OK,12.444029850746269,Favorable,A,A;M;V,Favorable,12.444029850746269,co_dominant_tie,A;M;V,1
2026-07-27 05:40:00+03:00,15,OK,12.444029850746269,Favorable,A,A;M;V,Favorable,12.444029850746269,co_dominant_tie,A;M;V,1
2026-07-27 05:45:00+03:00,15,OK,12.444029850746269,Favorable,A,A;M;V,Favorable,12.444029850746269,co_dominant_tie,A;M;V,1
2026-07-27 05:50:00+03:00,15,OK,12.444029850746269,Favorable,A,A;M;V,Favorable,12.444029850746269,co_dominant_tie,A;M;V,1
2026-07-27 05:55:00+03:00,15,OK,12.444029850746269,Favorable,A,A;M;V,Favorable,12.444029850746269,co_dominant_tie,A;M;V,1
2026-07-27 06:00:00+03:00,15,OK,12.444029850746269,Favorable,A,A;M;V,Favorable,12.444029850746269,co_dominant_tie,A;M;V,1
2026-07-27 06:05:00+03:00,15,OK,12.444029850746269,Favorable,A,A;M;V,Favorable,12.444029850746269,co_dominant_tie,A;M;V,1
2026-07-27 06:10:00+03:00,15,OK,12.444029850746269,Favorable,A,A;M;V,Favorable,12.444029850746269,co_dominant_tie,A;M;V,1
2026-07-27 06:15:00+03:00,15,OK,12.444029850746269,Favorable,A,A;M;V,Favorable,12.444029850746269,co_dominant_tie,A;M;V,1
2026-07-27 06:20:00+03:00,15,OK,12.444029850746269,Favorable,A,A;M;V,Favorable,12.444029850746269,co_dominant_tie,A;M;V,1
2026-07-27 06:25:00+03:00,15,OK,12.444029850746269,Favorable,A,A;M;V,Favorable,12.444029850746269,co_dominant_tie,A;M;V,1
2026-07-27 06:30:00+03:00,15,OK,12.444029850746269,Favorable,A,A;M;V,Favorable,12.444029850746269,co_dominant_tie,A;M;V,1
2026-07-27 06:35:00+03:00,15,OK,12.444029850746269,Favorable,A,A;M;V,Favorable,12.444029850746269,co_dominant_tie,A;M;V,1
2026-07-27 06:40:00+03:00,15,OK,12.444029850746269,Favorable,A,A;M;V,Favorable,12.444029850746269,co_dominant_tie,A;M;V,1
2026-07-27 06:45:00+03:00,15,OK,12.444029850746269,Favorable,A,A;M;V,Favorable,12.444029850746269,co_dominant_tie,A;M;V,1
2026-07-27 06:50:00+03:00,15,OK,12.444029850746269,Favorable,A,A;M;V,Favorable,12.444029850746269,co_dominant_tie,A;M;V,1
2026-07-27 06:55:00+03:00,15,OK,12.444029850746269,Favorable,A,A;M;V,Favorable,12.444029850746269,co_dominant_tie,A;M;V,1
2026-07-27 07:00:00+03:00,15,OK,12.444029850746269,Favorable,A,A;M;V,Favorable,12.444029850746269,co_dominant_tie,A;M;V,1
2026-07-27 07:05:00+03:00,15,OK,12.444029850746269,Favorable,A,A;M;V,Favorable,12.444029850746269,co_dominant_tie,A;M;V,1
2026-07-27 07:10:00+03:00,15,OK,12.444029850746269,Favorable,A,A;M;V,Favorable,12.444029850746269,co_dominant_tie,A;M;V,1
2026-07-27 07:15:00+03:00,15,OK,12.444029850746269,Favorable,A,A;M;V,Favorable,12.444029850746269,co_dominant_tie,A;M;V,1
2026-07-27 07:20:00+03:00,15,OK,12.444029850746269,Favorable,A,A;M;V,Favorable,12.444029850746269,co_dominant_tie,A;M;V,1
2026-07-27 07:25:00+03:00,15,OK,12.444029850746269,Favorable,A,A;M;V,Favorable,12.444029850746269,co_dominant_tie,A;M;V,1
2026-07-27 07:30:00+03:00,15,OK,12.444029850746269,Favorable,A,A;M;V,Favorable,12.444029850746269,co_dominant_tie,A;M;V,1
2026-07-27 07:35:00+03:00,15,OK,12.444029850746269,Favorable,A,A;M;V,Favorable,12.444029850746269,co_dominant_tie,A;M;V,1
2026-07-27 07:40:00+03:00,15,OK,12.444029850746269,Favorable,A,A;M;V,Favorable,12.444029850746269,co_dominant_tie,A;M;V,1
2026-07-27 07:45:00+03:00,15,OK,12.444029850746269,Favorable,A,A;M;V,Favorable,12.444029850746269,co_dominant_tie,A;M;V,1
2026-07-27 07:50:00+03:00,15,OK,21.72878375231952,Favorable,V,V,Favorable,21.72878375231952,unique_max_firing_rule,V,2
2026-07-27 07:55:00+03:00,15,OK,37.5,Acceptable,V,V,Acceptable,37.5,unique_max_firing_rule,A;M;V,1
2026-07-27 08:00:00+03:00,15,OK,37.5,Acceptable,V,V,Acceptable,37.5,unique_max_firing_rule,A;M;V,1
2026-07-27 08:05:00+03:00,15,OK,37.5,Acceptable,V,V,Acceptable,37.5,unique_max_firing_rule,A;M;V,1
2026-07-27 08:10:00+03:00,15,OK,37.5,Acceptable,V,V,Acceptable,37.5,unique_max_firing_rule,A;M;V,1
2026-07-27 08:15:00+03:00,15,OK,37.5,Acceptable,V,V,Acceptable,37.5,unique_max_firing_rule,A;M;V,1
2026-07-27 08:20:00+03:00,15,OK,37.5,Acceptable,V,V,Acceptable,37.5,unique_max_firing_rule,A;M;V,1
2026-07-27 08:25:00+03:00,15,OK,30.420657888219864,Acceptable,V,V,Acceptable,30.420657888219864,unique_max_firing_rule,V,2
2026-07-27 08:30:00+03:00,15,OK,20.67758424349086,Favorable,V,V,Favorable,20.67758424349086,unique_max_firing_rule,V,2
2026-07-27 08:35:00+03:00,15,OK,13.896793748329578,Favorable,V,V,Favorable,13.896793748329578,unique_max_firing_rule,V,2
2026-07-27 08:40:00+03:00,15,OK,12.444029850746269,Favorable,A,A;M;V,Favorable,12.444029850746269,co_dominant_tie,A;M;V,1
2026-07-27 08:45:00+03:00,15,OK,12.444029850746269,Favorable,A,A;M;V,Favorable,12.444029850746269,co_dominant_tie,A;M;V,1
2026-07-27 08:50:00+03:00,15,OK,12.444029850746269,Favorable,A,A;M;V,Favorable,12.444029850746269,co_dominant_tie,A;M;V,1
2026-07-27 08:55:00+03:00,15,OK,87.44596405426084,Critical,A,A,Critical,87.44596405426084,unique_max_firing_rule,A,2
2026-07-27 09:00:00+03:00,15,OK,87.55597014925372,Critical,A,A,Critical,87.55597014925372,unique_max_firing_rule,A;M;V,1
2026-07-27 09:05:00+03:00,15,OK,87.55597014925372,Critical,A,A,Critical,87.55597014925372,unique_max_firing_rule,A;M;V,1
2026-07-27 09:10:00+03:00,15,OK,87.55597014925372,Critical,A,A,Critical,87.55597014925372,unique_max_firing_rule,A;M;V,1
2026-07-27 09:15:00+03:00,15,OK,87.40864644130998,Critical,V,V,Critical,87.55597014925372,unique_max_firing_rule,V,2
2026-07-27 09:20:00+03:00,15,OK,87.37574020295284,Critical,A,A,Critical,87.37574020295284,unique_max_firing_rule,A,2
2026-07-27 09:25:00+03:00,15,OK,62.50000000000001,Degraded,A,A,Degraded,62.50000000000001,unique_max_firing_rule,A,2
2026-07-27 09:30:00+03:00,15,OK,41.120753332416825,Acceptable,M,M,Acceptable,41.03182107355015,unique_max_firing_rule,M,4
2026-07-27 09:35:00+03:00,15,OK,30.73635698056727,Acceptable,A,A,Acceptable,30.73635698056727,unique_max_firing_rule,A,4
2026-07-27 09:40:00+03:00,15,OK,17.38777197319003,Favorable,M,M,Favorable,17.38777197319003,unique_max_firing_rule,M,2
2026-07-27 09:45:00+03:00,15,OK,17.481767198281293,Favorable,M,M,Favorable,17.481767198281293,unique_max_firing_rule,M,2
2026-07-27 09:50:00+03:00,15,OK,18.25030670901221,Favorable,M,M,Favorable,18.25030670901221,unique_max_firing_rule,M,2
2026-07-27 09:55:00+03:00,15,OK,19.353644369156516,Favorable,M,M,Favorable,19.353644369156516,unique_max_firing_rule,M,2
2026-07-27 10:00:00+03:00,15,OK,20.422763330412334,Favorable,M,M,Favorable,20.422763330412334,unique_max_firing_rule,M,2
2026-07-27 10:05:00+03:00,15,OK,21.348049159597284,Favorable,M,M,Favorable,21.348049159597284,unique_max_firing_rule,M,2
2026-07-27 10:10:00+03:00,15,OK,22.72769547325139,Favorable,M,M,Favorable,22.72769547325139,unique_max_firing_rule,M,2
2026-07-27 10:15:00+03:00,15,OK,23.891481481482025,Favorable,M,M,Favorable,23.891481481482025,unique_max_firing_rule,M,2
2026-07-27 10:20:00+03:00,15,OK,24.681193415638216,Favorable,M,M,Favorable,24.681193415638216,unique_max_firing_rule,M,2
2026-07-27 10:25:00+03:00,15,OK,25.088518518518395,Acceptable,M,M,Favorable,25.088518518518395,unique_max_firing_rule,M,2
2026-07-27 10:30:00+03:00,15,OK,25.61636066091937,Acceptable,M,M,Acceptable,25.61636066091937,unique_max_firing_rule,M,2
2026-07-27 10:35:00+03:00,15,OK,26.126966170019635,Acceptable,M,M,Acceptable,26.126966170019635,unique_max_firing_rule,M,2
2026-07-27 10:40:00+03:00,15,OK,26.6130586309242,Acceptable,M,M,Acceptable,26.6130586309242,unique_max_firing_rule,M,2
2026-07-27 10:45:00+03:00,15,OK,26.58009723928673,Acceptable,M,M,Acceptable,26.58009723928673,unique_max_firing_rule,M,2
2026-07-27 10:50:00+03:00,15,OK,26.39058609240939,Acceptable,M,M,Acceptable,26.39058609240939,unique_max_firing_rule,M,2
2026-07-27 10:55:00+03:00,15,OK,26.1187289427833,Acceptable,M,M,Acceptable,26.1187289427833,unique_max_firing_rule,M,2
2026-07-27 11:00:00+03:00,15,OK,26.580097239287074,Acceptable,M,M,Acceptable,26.580097239287074,unique_max_firing_rule,M,2
2026-07-27 11:05:00+03:00,15,OK,27.37965592914241,Acceptable,M,M,Acceptable,27.37965592914241,unique_max_firing_rule,M,2
2026-07-27 11:10:00+03:00,15,OK,28.368714830577638,Acceptable,M,M,Acceptable,28.368714830577638,unique_max_firing_rule,M,2
2026-07-27 11:15:00+03:00,15,OK,29.080800451218874,Acceptable,M,M,Acceptable,29.080800451218874,unique_max_firing_rule,M,2
2026-07-27 11:20:00+03:00,15,OK,30.039722556899388,Acceptable,M,M,Acceptable,30.039722556899388,unique_max_firing_rule,M,2
2026-07-27 11:25:00+03:00,15,OK,30.94262532001028,Acceptable,M,M,Acceptable,30.94262532001028,unique_max_firing_rule,M,2
2026-07-27 11:30:00+03:00,15,OK,31.70434154501268,Acceptable,M,M,Acceptable,31.70434154501268,unique_max_firing_rule,M,2
2026-07-27 11:35:00+03:00,15,OK,32.31704414250749,Acceptable,M,M,Acceptable,32.31704414250749,unique_max_firing_rule,M,2
2026-07-27 11:40:00+03:00,15,OK,33.16816935411791,Acceptable,M,M,Acceptable,33.16816935411791,unique_max_firing_rule,M,2
2026-07-27 11:45:00+03:00,15,OK,34.283836730768506,Acceptable,M,M,Acceptable,34.283836730768506,unique_max_firing_rule,M,2
2026-07-27 11:50:00+03:00,15,OK,35.41283852021145,Acceptable,M,M,Acceptable,35.41283852021145,unique_max_firing_rule,M,2
2026-07-27 11:55:00+03:00,15,OK,36.0194533120512,Acceptable,M,M,Acceptable,36.0194533120512,unique_max_firing_rule,M,2
2026-07-27 12:00:00+03:00,15,OK,36.438221259433966,Acceptable,M,M,Acceptable,36.438221259433966,unique_max_firing_rule,M,2
2026-07-27 12:05:00+03:00,15,OK,36.99746372950036,Acceptable,M,M,Acceptable,36.99746372950036,unique_max_firing_rule,M,2
2026-07-27 12:10:00+03:00,15,OK,37.836069177048834,Acceptable,M,M,Acceptable,37.836069177048834,unique_max_firing_rule,M,2
2026-07-27 12:15:00+03:00,15,OK,38.7635410541845,Acceptable,M,M,Acceptable,38.7635410541845,unique_max_firing_rule,M,2
2026-07-27 12:20:00+03:00,15,OK,39.5755301729565,Acceptable,M,M,Acceptable,39.5755301729565,unique_max_firing_rule,M,2
2026-07-27 12:25:00+03:00,15,OK,40.34148794008986,Acceptable,M,M,Acceptable,40.34148794008986,unique_max_firing_rule,M,2
2026-07-27 12:30:00+03:00,15,OK,40.84091772517778,Acceptable,M,M,Acceptable,40.84091772517778,unique_max_firing_rule,M,2
2026-07-27 12:35:00+03:00,15,OK,41.395383371558054,Acceptable,M,M,Acceptable,41.395383371558054,unique_max_firing_rule,M,2
2026-07-27 12:40:00+03:00,15,OK,42.107691293745305,Acceptable,M,M,Acceptable,42.107691293745305,unique_max_firing_rule,M,2
2026-07-27 12:45:00+03:00,15,OK,43.10991251726633,Acceptable,M,M,Acceptable,43.10991251726633,unique_max_firing_rule,M,2
2026-07-27 12:50:00+03:00,15,OK,43.94987177340216,Acceptable,M,M,Acceptable,43.94987177340216,unique_max_firing_rule,M,2
2026-07-27 12:55:00+03:00,15,OK,44.56131197889467,Acceptable,M,M,Acceptable,44.56131197889467,unique_max_firing_rule,M,2
2026-07-27 13:00:00+03:00,15,OK,45.27902905364221,Acceptable,M,M,Acceptable,45.27902905364221,unique_max_firing_rule,M,2
2026-07-27 13:05:00+03:00,15,OK,46.25874732709179,Acceptable,M,M,Acceptable,46.25874732709179,unique_max_firing_rule,M,2
2026-07-27 13:10:00+03:00,15,OK,47.34194814754178,Acceptable,M,M,Acceptable,47.34194814754178,unique_max_firing_rule,M,2
2026-07-27 13:15:00+03:00,15,OK,48.29131661821336,Acceptable,M,M,Acceptable,48.29131661821336,unique_max_firing_rule,M,2
2026-07-27 13:20:00+03:00,15,OK,49.10915979875188,Acceptable,M,M,Acceptable,49.10915979875188,unique_max_firing_rule,M,2
2026-07-27 13:25:00+03:00,15,OK,49.80390618872044,Acceptable,M,M,Acceptable,49.80390618872044,unique_max_firing_rule,M,2
2026-07-27 13:30:00+03:00,15,OK,50.66193992527436,Degraded,M,M,Degraded,50.66193992527436,unique_max_firing_rule,M,2
2026-07-27 13:35:00+03:00,15,OK,51.92959275781313,Degraded,M,M,Degraded,51.92959275781313,unique_max_firing_rule,M,2
2026-07-27 13:40:00+03:00,15,OK,53.428883804211466,Degraded,M,M,Degraded,53.428883804211466,unique_max_firing_rule,M,2
2026-07-27 13:45:00+03:00,15,OK,54.366690589249444,Degraded,M,M,Degraded,54.366690589249444,unique_max_firing_rule,M,2
2026-07-27 13:50:00+03:00,15,OK,55.08380071501189,Degraded,M,M,Degraded,55.08380071501189,unique_max_firing_rule,M,2
2026-07-27 13:55:00+03:00,15,OK,55.78561229011783,Degraded,M,M,Degraded,55.78561229011783,unique_max_firing_rule,M,2
2026-07-27 14:00:00+03:00,15,OK,57.26545658005187,Degraded,M,M,Degraded,57.26545658005187,unique_max_firing_rule,M,2
2026-07-27 14:05:00+03:00,15,OK,58.705338724317016,Degraded,M,M,Degraded,58.705338724317016,unique_max_firing_rule,M,2
2026-07-27 14:10:00+03:00,15,OK,60.6890409550313,Degraded,M,M,Degraded,60.6890409550313,unique_max_firing_rule,M,2
2026-07-27 14:15:00+03:00,15,OK,62.5,Degraded,M,M,Degraded,62.5,unique_max_firing_rule,A;M;V,1
2026-07-27 14:20:00+03:00,15,OK,62.5,Degraded,M,M,Degraded,62.5,unique_max_firing_rule,A;M;V,1
2026-07-27 14:25:00+03:00,15,OK,62.5,Degraded,M,M,Degraded,62.5,unique_max_firing_rule,A;M;V,1
2026-07-27 14:30:00+03:00,15,OK,62.5,Degraded,M,M,Degraded,62.5,unique_max_firing_rule,A;M;V,1
2026-07-27 14:35:00+03:00,15,OK,62.5,Degraded,M,M,Degraded,62.5,unique_max_firing_rule,A;M;V,1
2026-07-27 14:40:00+03:00,15,OK,62.5,Degraded,M,M,Degraded,62.5,unique_max_firing_rule,A;M;V,1
2026-07-27 14:45:00+03:00,15,OK,62.5,Degraded,M,M,Degraded,62.5,unique_max_firing_rule,A;M;V,1
2026-07-27 14:50:00+03:00,15,OK,62.5,Degraded,M,M,Degraded,62.5,unique_max_firing_rule,A;M;V,1
2026-07-27 14:55:00+03:00,15,OK,62.5,Degraded,M,M,Degraded,62.5,unique_max_firing_rule,A;M;V,1
2026-07-27 15:00:00+03:00,15,PARTIAL,12.444029850746269,Favorable,A,A;V,Favorable,12.444029850746269,co_dominant_tie,A;V,1
2026-07-27 15:05:00+03:00,15,OK,62.5,Degraded,M,M,Degraded,62.5,unique_max_firing_rule,A;M;V,1
2026-07-27 15:10:00+03:00,15,OK,62.5,Degraded,M,M,Degraded,62.5,unique_max_firing_rule,A;M;V,1
2026-07-27 15:15:00+03:00,15,OK,62.5,Degraded,M,M,Degraded,62.5,unique_max_firing_rule,A;M;V,1
2026-07-27 15:20:00+03:00,15,OK,62.5,Degraded,M,M,Degraded,62.5,unique_max_firing_rule,A;M;V,1
2026-07-27 15:25:00+03:00,15,OK,62.5,Degraded,M,M,Degraded,62.5,unique_max_firing_rule,A;M;V,1
2026-07-27 15:30:00+03:00,15,OK,62.5,Degraded,M,M,Degraded,62.5,unique_max_firing_rule,A;M;V,1
2026-07-27 15:35:00+03:00,15,OK,62.5,Degraded,M,M,Degraded,62.5,unique_max_firing_rule,A;M;V,1
2026-07-27 15:40:00+03:00,15,OK,62.5,Degraded,M,M,Degraded,62.5,unique_max_firing_rule,A;M;V,1
2026-07-27 15:45:00+03:00,15,OK,62.5,Degraded,M,M,Degraded,62.5,unique_max_firing_rule,A;M;V,1
2026-07-27 15:50:00+03:00,15,OK,62.5,Degraded,M,M,Degraded,62.5,unique_max_firing_rule,A;M;V,1
2026-07-27 15:55:00+03:00,15,OK,62.5,Degraded,M,M,Degraded,62.5,unique_max_firing_rule,A;M;V,1
2026-07-27 16:00:00+03:00,15,OK,62.5,Degraded,M,M,Degraded,62.5,unique_max_firing_rule,A;M;V,1
2026-07-27 16:05:00+03:00,15,OK,62.5,Degraded,M,M,Degraded,62.5,unique_max_firing_rule,A;M;V,1
2026-07-27 16:10:00+03:00,15,OK,62.5,Degraded,M,M,Degraded,62.5,unique_max_firing_rule,A;M;V,1
2026-07-27 16:15:00+03:00,15,OK,62.5,Degraded,M,M,Degraded,62.5,unique_max_firing_rule,A;M;V,1
2026-07-27 16:20:00+03:00,15,OK,62.5,Degraded,M,M,Degraded,62.5,unique_max_firing_rule,A;M;V,1
2026-07-27 16:25:00+03:00,15,PARTIAL,12.444029850746269,Favorable,A,A;V,Favorable,12.444029850746269,co_dominant_tie,A;V,1
2026-07-27 16:30:00+03:00,15,PARTIAL,12.444029850746269,Favorable,A,A;V,Favorable,12.444029850746269,co_dominant_tie,A;V,1
2026-07-27 16:35:00+03:00,15,OK,62.5,Degraded,M,M,Degraded,62.5,unique_max_firing_rule,A;M;V,1
2026-07-27 16:40:00+03:00,15,OK,62.93667641533309,Degraded,M,M,Degraded,62.93667641533309,unique_max_firing_rule,M,2
2026-07-27 16:45:00+03:00,15,PARTIAL,12.444029850746269,Favorable,A,A;V,Favorable,12.444029850746269,co_dominant_tie,A;V,1
2026-07-27 16:50:00+03:00,15,PARTIAL,12.444029850746269,Favorable,A,A;V,Favorable,12.444029850746269,co_dominant_tie,A;V,1
2026-07-27 16:55:00+03:00,15,PARTIAL,12.444029850746269,Favorable,A,A;V,Favorable,12.444029850746269,co_dominant_tie,A;V,1
2026-07-27 17:00:00+03:00,15,OK,73.36221975531464,Degraded,M,M,Degraded,73.36221975531464,unique_max_firing_rule,M,2
2026-07-27 17:05:00+03:00,15,OK,73.7988963432103,Degraded,M,M,Degraded,73.7988963432103,unique_max_firing_rule,M,2
2026-07-27 17:10:00+03:00,15,OK,71.48402413976099,Degraded,M,M,Degraded,71.48402413976099,unique_max_firing_rule,M,2
2026-07-27 17:15:00+03:00,15,OK,67.56848366635903,Degraded,M,M,Degraded,67.56848366635903,unique_max_firing_rule,M,2
2026-07-27 17:20:00+03:00,15,OK,63.23293525016973,Degraded,M,M,Degraded,63.23293525016973,unique_max_firing_rule,M,2
2026-07-27 17:25:00+03:00,15,OK,62.5,Degraded,M,M,Degraded,62.5,unique_max_firing_rule,A;M;V,1
2026-07-27 17:30:00+03:00,15,OK,62.5,Degraded,M,M,Degraded,62.5,unique_max_firing_rule,A;M;V,1
2026-07-27 17:35:00+03:00,15,OK,62.5,Degraded,M,M,Degraded,62.5,unique_max_firing_rule,A;M;V,1
2026-07-27 17:40:00+03:00,15,OK,62.5,Degraded,M,M,Degraded,62.5,unique_max_firing_rule,A;M;V,1
2026-07-27 17:45:00+03:00,15,OK,62.5,Degraded,M,M,Degraded,62.5,unique_max_firing_rule,A;M;V,1
2026-07-27 17:50:00+03:00,15,OK,62.5,Degraded,M,M,Degraded,62.5,unique_max_firing_rule,A;M;V,1
2026-07-27 17:55:00+03:00,15,OK,62.5,Degraded,M,M,Degraded,62.5,unique_max_firing_rule,A;M;V,1
2026-07-27 18:00:00+03:00,15,OK,59.4802476931677,Degraded,M,M,Degraded,59.4802476931677,unique_max_firing_rule,M,2
2026-07-27 18:05:00+03:00,15,OK,53.04291491617283,Degraded,M,M,Degraded,53.04291491617283,unique_max_firing_rule,M,2
2026-07-27 18:10:00+03:00,15,OK,47.10449343358015,Acceptable,M,M,Acceptable,47.10449343358015,unique_max_firing_rule,M,2
2026-07-27 18:15:00+03:00,15,OK,41.219093519954924,Acceptable,M,M,Acceptable,41.219093519954924,unique_max_firing_rule,M,2
2026-07-27 18:20:00+03:00,15,OK,35.929205290527065,Acceptable,M,M,Acceptable,35.929205290527065,unique_max_firing_rule,M,2
2026-07-27 18:25:00+03:00,15,OK,30.121750433275636,Acceptable,M,M,Acceptable,30.121750433275636,unique_max_firing_rule,M,2
2026-07-27 18:30:00+03:00,15,OK,24.2323045267486,Favorable,M,M,Favorable,24.2323045267486,unique_max_firing_rule,M,2
2026-07-27 18:35:00+03:00,15,OK,24.787735253772226,Favorable,M,M,Favorable,24.787735253772226,unique_max_firing_rule,M,2
2026-07-27 18:40:00+03:00,15,OK,28.275851185668134,Acceptable,M,M,Acceptable,28.275851185668134,unique_max_firing_rule,M,2
2026-07-27 18:45:00+03:00,15,OK,32.64623746794844,Acceptable,M,M,Acceptable,32.64623746794844,unique_max_firing_rule,M,2
2026-07-27 18:50:00+03:00,15,OK,37.5,Acceptable,M,M,Acceptable,37.5,unique_max_firing_rule,A;M;V,1
2026-07-27 18:55:00+03:00,15,OK,37.5,Acceptable,M,M,Acceptable,37.5,unique_max_firing_rule,A;M;V,1
2026-07-27 19:00:00+03:00,15,OK,37.5,Acceptable,M,M,Acceptable,37.5,unique_max_firing_rule,A;M;V,1
2026-07-27 19:05:00+03:00,15,OK,37.5,Acceptable,M,M,Acceptable,37.5,unique_max_firing_rule,A;M;V,1
2026-07-27 19:10:00+03:00,15,OK,37.5,Acceptable,M,M,Acceptable,37.5,unique_max_firing_rule,A;M;V,1
2026-07-27 19:15:00+03:00,15,OK,37.5,Acceptable,M,M,Acceptable,37.5,unique_max_firing_rule,A;M;V,1
2026-07-27 19:20:00+03:00,15,OK,37.5,Acceptable,M,M,Acceptable,37.5,unique_max_firing_rule,A;M;V,1
2026-07-27 19:25:00+03:00,15,OK,37.5,Acceptable,M,M,Acceptable,37.5,unique_max_firing_rule,A;M;V,1
2026-07-27 19:30:00+03:00,15,OK,37.5,Acceptable,M,M,Acceptable,37.5,unique_max_firing_rule,A;M;V,1
2026-07-27 19:35:00+03:00,15,OK,37.5,Acceptable,M,M,Acceptable,37.5,unique_max_firing_rule,A;M;V,1
2026-07-27 19:40:00+03:00,15,OK,37.5,Acceptable,M,M,Acceptable,37.5,unique_max_firing_rule,A;M;V,1
2026-07-27 19:45:00+03:00,15,OK,37.5,Acceptable,M,M,Acceptable,37.5,unique_max_firing_rule,A;M;V,1
2026-07-27 19:50:00+03:00,15,OK,37.5,Acceptable,M,M,Acceptable,37.5,unique_max_firing_rule,A;M;V,1
2026-07-27 19:55:00+03:00,15,OK,37.5,Acceptable,M,M,Acceptable,37.5,unique_max_firing_rule,A;M;V,1
2026-07-27 20:00:00+03:00,15,OK,37.5,Acceptable,M,M,Acceptable,37.5,unique_max_firing_rule,A;M;V,1
2026-07-27 20:05:00+03:00,15,OK,37.5,Acceptable,M,M,Acceptable,37.5,unique_max_firing_rule,A;M;V,1
2026-07-27 20:10:00+03:00,15,OK,37.5,Acceptable,M,M,Acceptable,37.5,unique_max_firing_rule,A;M;V,1
2026-07-27 20:15:00+03:00,15,OK,37.5,Acceptable,M,M,Acceptable,37.5,unique_max_firing_rule,A;M;V,1
2026-07-27 20:20:00+03:00,15,OK,37.5,Acceptable,M,M,Acceptable,37.5,unique_max_firing_rule,A;M;V,1
2026-07-27 20:25:00+03:00,15,OK,37.5,Acceptable,M,M,Acceptable,37.5,unique_max_firing_rule,A;M;V,1
2026-07-27 20:30:00+03:00,15,OK,37.5,Acceptable,M,M,Acceptable,37.5,unique_max_firing_rule,A;M;V,1
2026-07-27 20:35:00+03:00,15,OK,37.5,Acceptable,M,M,Acceptable,37.5,unique_max_firing_rule,A;M;V,1
2026-07-27 20:40:00+03:00,15,OK,37.5,Acceptable,M,M,Acceptable,37.5,unique_max_firing_rule,A;M;V,1
2026-07-27 20:45:00+03:00,15,OK,37.5,Acceptable,M,M,Acceptable,37.5,unique_max_firing_rule,A;M;V,1
2026-07-27 20:50:00+03:00,15,OK,37.5,Acceptable,M,M,Acceptable,37.5,unique_max_firing_rule,A;M;V,1
2026-07-27 20:55:00+03:00,15,OK,37.5,Acceptable,M,M,Acceptable,37.5,unique_max_firing_rule,A;M;V,1
2026-07-27 21:00:00+03:00,15,OK,37.5,Acceptable,M,M,Acceptable,37.5,unique_max_firing_rule,A;M;V,1
2026-07-27 21:05:00+03:00,15,OK,37.5,Acceptable,M,M,Acceptable,37.5,unique_max_firing_rule,A;M;V,1
2026-07-27 21:10:00+03:00,15,OK,37.5,Acceptable,M,M,Acceptable,37.5,unique_max_firing_rule,A;M;V,1
2026-07-27 21:15:00+03:00,15,OK,37.5,Acceptable,M,M,Acceptable,37.5,unique_max_firing_rule,A;M;V,1
2026-07-27 21:20:00+03:00,15,OK,37.5,Acceptable,M,M,Acceptable,37.5,unique_max_firing_rule,A;M;V,1
2026-07-27 21:25:00+03:00,15,OK,37.5,Acceptable,M,M,Acceptable,37.5,unique_max_firing_rule,A;M;V,1
2026-07-27 21:30:00+03:00,15,OK,37.5,Acceptable,M,M,Acceptable,37.5,unique_max_firing_rule,A;M;V,1
2026-07-27 21:35:00+03:00,15,OK,37.5,Acceptable,M,M,Acceptable,37.5,unique_max_firing_rule,A;M;V,1
2026-07-27 21:40:00+03:00,15,OK,37.5,Acceptable,M,M,Acceptable,37.5,unique_max_firing_rule,A;M;V,1
2026-07-27 21:45:00+03:00,15,OK,37.5,Acceptable,M,M,Acceptable,37.5,unique_max_firing_rule,A;M;V,1
2026-07-27 21:50:00+03:00,15,OK,37.5,Acceptable,M,M,Acceptable,37.5,unique_max_firing_rule,A;M;V,1
2026-07-27 21:55:00+03:00,15,OK,37.5,Acceptable,M,M,Acceptable,37.5,unique_max_firing_rule,A;M;V,1
2026-07-27 22:00:00+03:00,15,OK,37.5,Acceptable,M,M,Acceptable,37.5,unique_max_firing_rule,M,1
2026-07-27 22:05:00+03:00,15,OK,37.5,Acceptable,M,M,Acceptable,37.5,unique_max_firing_rule,M,1
2026-07-27 22:10:00+03:00,15,OK,37.49999999999999,Acceptable,M,M,Acceptable,37.49999999999999,unique_max_firing_rule,M,1
2026-07-27 22:15:00+03:00,15,OK,37.5,Acceptable,M,M,Acceptable,37.5,unique_max_firing_rule,M,1
2026-07-27 22:20:00+03:00,15,OK,37.5,Acceptable,M,M,Acceptable,37.5,unique_max_firing_rule,A;M;V,1
2026-07-27 22:25:00+03:00,15,OK,37.50000000000001,Acceptable,M,M,Acceptable,37.50000000000001,unique_max_firing_rule,M,1
2026-07-27 22:30:00+03:00,15,OK,37.50000000000001,Acceptable,M,M,Acceptable,37.50000000000001,unique_max_firing_rule,M,1
2026-07-27 22:35:00+03:00,15,OK,37.5,Acceptable,M,M,Acceptable,37.5,unique_max_firing_rule,M,1
2026-07-27 22:40:00+03:00,15,OK,37.5,Acceptable,M,M,Acceptable,37.5,unique_max_firing_rule,M,1
2026-07-27 22:45:00+03:00,15,OK,37.49999999999999,Acceptable,A,A,Acceptable,37.5,unique_max_firing_rule,A,2
2026-07-27 22:50:00+03:00,15,OK,37.49999999999999,Acceptable,A,A,Acceptable,37.49999999999999,unique_max_firing_rule,A,2
2026-07-27 22:55:00+03:00,15,OK,37.5,Acceptable,M,M,Acceptable,37.5,unique_max_firing_rule,M,2
2026-07-27 23:00:00+03:00,15,OK,37.49999999999999,Acceptable,M,M,Acceptable,37.5,unique_max_firing_rule,M,1
2026-07-27 23:05:00+03:00,15,OK,37.5,Acceptable,M,M,Acceptable,37.5,unique_max_firing_rule,M,1
2026-07-27 23:10:00+03:00,15,OK,40.13066977289265,Acceptable,M,M,Acceptable,39.48708942637444,unique_max_firing_rule,M,2
2026-07-27 23:15:00+03:00,15,OK,41.01854287437046,Acceptable,M,M,Acceptable,40.304200261460174,unique_max_firing_rule,M,2
2026-07-27 23:20:00+03:00,15,OK,37.50000000000001,Acceptable,M,M,Acceptable,37.50000000000001,unique_max_firing_rule,M,1
2026-07-27 23:25:00+03:00,15,OK,37.50000000000001,Acceptable,M,M,Acceptable,37.50000000000001,unique_max_firing_rule,M,1
2026-07-27 23:30:00+03:00,15,OK,37.5,Acceptable,M,M,Acceptable,37.5,unique_max_firing_rule,M,1
2026-07-27 23:35:00+03:00,15,OK,37.50000000000001,Acceptable,M,M,Acceptable,37.50000000000001,unique_max_firing_rule,M,1
2026-07-27 23:40:00+03:00,15,OK,37.5,Acceptable,M,M,Acceptable,37.5,unique_max_firing_rule,M,1
2026-07-27 23:45:00+03:00,15,OK,37.5,Acceptable,M,M,Acceptable,37.5,unique_max_firing_rule,M,2
2026-07-27 23:50:00+03:00,15,OK,37.5,Acceptable,M,M,Acceptable,37.5,unique_max_firing_rule,M,1
2026-07-27 23:55:00+03:00,15,OK,37.5,Acceptable,M,M,Acceptable,37.5,unique_max_firing_rule,M,1
2026-07-28 00:00:00+03:00,15,OK,37.49999999999999,Acceptable,M,M,Acceptable,37.49999999999999,unique_max_firing_rule,M,1
2026-07-28 00:05:00+03:00,15,OK,37.5,Acceptable,M,M,Acceptable,37.5,unique_max_firing_rule,M,1
2026-07-28 00:10:00+03:00,15,OK,37.5,Acceptable,M,M,Acceptable,37.5,unique_max_firing_rule,M,1
2026-07-28 00:15:00+03:00,15,OK,37.5,Acceptable,M,M,Acceptable,37.5,unique_max_firing_rule,M,1
2026-07-28 00:20:00+03:00,15,OK,37.49999999999999,Acceptable,M,M,Acceptable,37.49999999999999,unique_max_firing_rule,M,1
2026-07-28 00:25:00+03:00,15,OK,37.50000000000001,Acceptable,M,M,Acceptable,37.50000000000001,unique_max_firing_rule,M,1
2026-07-28 00:30:00+03:00,15,OK,37.49999999999999,Acceptable,A,A,Acceptable,37.5,unique_max_firing_rule,A,2
2026-07-28 00:35:00+03:00,15,PARTIAL,37.5,Acceptable,M,M,Acceptable,37.5,unique_max_firing_rule,M,1
2026-07-28 00:40:00+03:00,15,PARTIAL,37.5,Acceptable,M,M,Acceptable,37.5,unique_max_firing_rule,M,1
2026-07-28 00:45:00+03:00,15,PARTIAL,42.54739225419827,Acceptable,A,A,Acceptable,42.54739225419827,unique_max_firing_rule,A,2
2026-07-28 00:50:00+03:00,15,PARTIAL,39.47196989851771,Acceptable,M,M,Acceptable,39.23903048391432,unique_max_firing_rule,M,2
2026-07-28 00:55:00+03:00,15,PARTIAL,37.49999999999999,Acceptable,M,M,Acceptable,37.5,unique_max_firing_rule,M,1
2026-07-28 01:00:00+03:00,15,PARTIAL,37.5,Acceptable,M,M,Acceptable,37.5,unique_max_firing_rule,M,1
2026-07-28 01:05:00+03:00,15,FAILED,,,,,,,,,
2026-07-28 01:10:00+03:00,15,FAILED,,,,,,,,,
2026-07-28 01:15:00+03:00,15,PARTIAL,37.50000000000001,Acceptable,M,M,Acceptable,37.50000000000001,unique_max_firing_rule,M,2
2026-07-28 01:20:00+03:00,15,PARTIAL,37.5,Acceptable,M,M,Acceptable,37.5,unique_max_firing_rule,M,1
2026-07-28 01:25:00+03:00,15,PARTIAL,37.49999999999999,Acceptable,M,M,Acceptable,37.49999999999999,unique_max_firing_rule,M,1
2026-07-28 01:30:00+03:00,15,PARTIAL,37.5,Acceptable,M,M,Acceptable,37.5,unique_max_firing_rule,M,1
2026-07-28 01:35:00+03:00,15,PARTIAL,37.5,Acceptable,M,M,Acceptable,37.5,unique_max_firing_rule,M,1
2026-07-28 01:40:00+03:00,15,PARTIAL,37.5,Acceptable,M,M,Acceptable,37.5,unique_max_firing_rule,M,1
2026-07-28 01:45:00+03:00,15,PARTIAL,37.5,Acceptable,M,M,Acceptable,37.5,unique_max_firing_rule,M,1
2026-07-28 01:50:00+03:00,15,PARTIAL,37.5,Acceptable,M,M,Acceptable,37.5,unique_max_firing_rule,M,1
2026-07-28 01:55:00+03:00,15,FAILED,,,,,,,,,
2026-07-28 02:00:00+03:00,15,FAILED,,,,,,,,,
2026-07-28 02:05:00+03:00,15,FAILED,,,,,,,,,
2026-07-28 02:10:00+03:00,15,FAILED,,,,,,,,,
2026-07-28 02:15:00+03:00,15,FAILED,,,,,,,,,
2026-07-28 02:20:00+03:00,15,PARTIAL,37.5,Acceptable,M,M,Acceptable,37.5,unique_max_firing_rule,M,1
2026-07-28 02:25:00+03:00,15,PARTIAL,37.5,Acceptable,M,M,Acceptable,37.5,unique_max_firing_rule,M,1
2026-07-28 02:30:00+03:00,15,PARTIAL,37.5,Acceptable,M,M,Acceptable,37.5,unique_max_firing_rule,M,1
2026-07-28 02:35:00+03:00,15,PARTIAL,37.5,Acceptable,M,M,Acceptable,37.5,unique_max_firing_rule,M,1
2026-07-28 02:40:00+03:00,15,PARTIAL,37.5,Acceptable,M,M,Acceptable,37.5,unique_max_firing_rule,M,1
2026-07-28 02:45:00+03:00,15,PARTIAL,37.5,Acceptable,M,M,Acceptable,37.5,unique_max_firing_rule,M,1
2026-07-28 02:50:00+03:00,15,PARTIAL,37.5,Acceptable,M,M,Acceptable,37.5,unique_max_firing_rule,M,1
2026-07-28 02:55:00+03:00,15,PARTIAL,37.5,Acceptable,M,M,Acceptable,37.5,unique_max_firing_rule,M,1
2026-07-28 03:00:00+03:00,15,PARTIAL,37.5,Acceptable,M,M,Acceptable,37.5,unique_max_firing_rule,M,1
2026-07-28 03:05:00+03:00,15,PARTIAL,37.5,Acceptable,M,M,Acceptable,37.5,unique_max_firing_rule,M,1
2026-07-28 03:10:00+03:00,15,PARTIAL,37.50000000000001,Acceptable,M,M,Acceptable,37.50000000000001,unique_max_firing_rule,M,1
2026-07-28 03:15:00+03:00,15,PARTIAL,37.5,Acceptable,M,M,Acceptable,37.5,unique_max_firing_rule,M,1
2026-07-28 03:20:00+03:00,15,PARTIAL,37.5,Acceptable,M,M,Acceptable,37.5,unique_max_firing_rule,M,1
2026-07-28 03:25:00+03:00,15,PARTIAL,37.5,Acceptable,M,M,Acceptable,37.5,unique_max_firing_rule,M,1
2026-07-28 03:30:00+03:00,15,PARTIAL,37.5,Acceptable,M,M,Acceptable,37.5,unique_max_firing_rule,M,1
2026-07-28 03:35:00+03:00,15,PARTIAL,37.50000000000001,Acceptable,M,M,Acceptable,37.50000000000001,unique_max_firing_rule,M,1
2026-07-28 03:40:00+03:00,15,FAILED,,,,,,,,,
2026-07-28 03:45:00+03:00,15,FAILED,,,,,,,,,
2026-07-28 03:50:00+03:00,15,PARTIAL,37.5,Acceptable,M,M,Acceptable,37.5,unique_max_firing_rule,M,1
2026-07-28 03:55:00+03:00,15,PARTIAL,37.5,Acceptable,M,M,Acceptable,37.5,unique_max_firing_rule,M,1
2026-07-28 04:00:00+03:00,15,PARTIAL,37.5,Acceptable,M,M,Acceptable,37.5,unique_max_firing_rule,M,1
2026-07-28 04:05:00+03:00,15,PARTIAL,37.49999999999999,Acceptable,M,M,Acceptable,37.49999999999999,unique_max_firing_rule,M,1
2026-07-28 04:10:00+03:00,15,PARTIAL,37.49999999999999,Acceptable,M,M,Acceptable,37.49999999999999,unique_max_firing_rule,M,1
2026-07-28 04:15:00+03:00,15,PARTIAL,37.5,Acceptable,M,M,Acceptable,37.5,unique_max_firing_rule,M,1
2026-07-28 04:20:00+03:00,15,PARTIAL,37.49999999999999,Acceptable,M,M,Acceptable,37.49999999999999,unique_max_firing_rule,M,1
2026-07-28 04:25:00+03:00,15,PARTIAL,37.5,Acceptable,M,M,Acceptable,37.5,unique_max_firing_rule,M,1
2026-07-28 04:30:00+03:00,15,PARTIAL,37.5,Acceptable,M,M,Acceptable,37.5,unique_max_firing_rule,M,1
2026-07-28 04:35:00+03:00,15,PARTIAL,37.5,Acceptable,M,M,Acceptable,37.5,unique_max_firing_rule,M,1
2026-07-28 04:40:00+03:00,15,PARTIAL,37.50000000000001,Acceptable,M,M,Acceptable,37.50000000000001,unique_max_firing_rule,M,1
2026-07-28 04:45:00+03:00,15,PARTIAL,37.49999999999999,Acceptable,M,M,Acceptable,37.49999999999999,unique_max_firing_rule,M,1
2026-07-28 04:50:00+03:00,15,PARTIAL,37.49999999999999,Acceptable,M,M,Acceptable,37.49999999999999,unique_max_firing_rule,M,1
2026-07-28 04:55:00+03:00,15,PARTIAL,36.388589639054445,Acceptable,M,M,Acceptable,36.388589639054445,unique_max_firing_rule,M,2
2026-07-28 05:00:00+03:00,15,PARTIAL,35.25463496831157,Acceptable,M,M,Acceptable,35.25463496831157,unique_max_firing_rule,M,2
2026-07-28 05:05:00+03:00,15,PARTIAL,34.17330877508512,Acceptable,M,M,Acceptable,34.17330877508512,unique_max_firing_rule,M,2
2026-07-28 05:10:00+03:00,15,PARTIAL,33.08649459604956,Acceptable,M,M,Acceptable,33.08649459604956,unique_max_firing_rule,M,2
2026-07-28 05:15:00+03:00,15,PARTIAL,32.39932280794833,Acceptable,M,M,Acceptable,32.39932280794833,unique_max_firing_rule,M,2
2026-07-28 05:20:00+03:00,15,PARTIAL,31.76687090821792,Acceptable,M,M,Acceptable,31.76687090821792,unique_max_firing_rule,M,2
2026-07-28 05:25:00+03:00,15,PARTIAL,31.26166875272627,Acceptable,M,M,Acceptable,31.26166875272627,unique_max_firing_rule,M,2
2026-07-28 05:30:00+03:00,15,PARTIAL,30.930595918457175,Acceptable,M,M,Acceptable,30.930595918457175,unique_max_firing_rule,M,2
2026-07-28 05:35:00+03:00,15,PARTIAL,30.7315940040605,Acceptable,M,M,Acceptable,30.7315940040605,unique_max_firing_rule,M,2
2026-07-28 05:40:00+03:00,15,PARTIAL,30.229897900467943,Acceptable,M,M,Acceptable,30.229897900467943,unique_max_firing_rule,M,2
2026-07-28 05:45:00+03:00,15,PARTIAL,29.555703554790597,Acceptable,M,M,Acceptable,29.555703554790597,unique_max_firing_rule,M,2
2026-07-28 05:50:00+03:00,15,PARTIAL,28.751957550632692,Acceptable,M,M,Acceptable,28.751957550632692,unique_max_firing_rule,M,2
2026-07-28 05:55:00+03:00,15,PARTIAL,27.713395410867754,Acceptable,M,M,Acceptable,27.713395410867754,unique_max_firing_rule,M,2
2026-07-28 06:00:00+03:00,15,PARTIAL,26.714263974840094,Acceptable,M,M,Acceptable,26.714263974840094,unique_max_firing_rule,M,2
2026-07-28 06:05:00+03:00,15,PARTIAL,25.743327926363488,Acceptable,M,M,Acceptable,25.743327926363488,unique_max_firing_rule,M,2
2026-07-28 06:10:00+03:00,15,PARTIAL,25.77281438624365,Acceptable,M,M,Acceptable,25.77281438624365,unique_max_firing_rule,M,2
2026-07-28 06:15:00+03:00,15,PARTIAL,25.5587247493456,Acceptable,M,M,Acceptable,25.5587247493456,unique_max_firing_rule,M,2
2026-07-28 06:20:00+03:00,15,PARTIAL,25.896344314769294,Acceptable,M,M,Acceptable,25.896344314769294,unique_max_firing_rule,M,2
2026-07-28 06:25:00+03:00,15,PARTIAL,26.522416893948257,Acceptable,M,M,Acceptable,26.522416893948257,unique_max_firing_rule,M,2
2026-07-28 06:30:00+03:00,15,PARTIAL,27.651787273728175,Acceptable,M,M,Acceptable,27.651787273728175,unique_max_firing_rule,M,2
2026-07-28 06:35:00+03:00,15,PARTIAL,28.154973796103782,Acceptable,M,M,Acceptable,28.154973796103782,unique_max_firing_rule,M,2
2026-07-28 06:40:00+03:00,15,PARTIAL,29.00709852010402,Acceptable,M,M,Acceptable,29.00709852010402,unique_max_firing_rule,M,2
2026-07-28 06:45:00+03:00,15,PARTIAL,29.39208288931481,Acceptable,M,M,Acceptable,29.39208288931481,unique_max_firing_rule,M,2
2026-07-28 06:50:00+03:00,15,PARTIAL,29.883899426700196,Acceptable,M,M,Acceptable,29.883899426700196,unique_max_firing_rule,M,2
2026-07-28 06:55:00+03:00,15,PARTIAL,29.883899426700378,Acceptable,M,M,Acceptable,29.883899426700378,unique_max_firing_rule,M,2
2026-07-28 07:00:00+03:00,15,PARTIAL,29.86749926564456,Acceptable,M,M,Acceptable,29.86749926564456,unique_max_firing_rule,M,2
2026-07-28 07:05:00+03:00,15,PARTIAL,29.474025267006308,Acceptable,M,M,Acceptable,29.474025267006308,unique_max_firing_rule,M,2
2026-07-28 07:10:00+03:00,15,PARTIAL,30.35148612106242,Acceptable,M,M,Acceptable,30.35148612106242,unique_max_firing_rule,M,2
2026-07-28 07:15:00+03:00,15,PARTIAL,30.97548287674598,Acceptable,M,M,Acceptable,30.97548287674598,unique_max_firing_rule,M,2
2026-07-28 07:20:00+03:00,15,FAILED,,,,,,,,,
2026-07-28 07:25:00+03:00,15,FAILED,,,,,,,,,
2026-07-28 07:30:00+03:00,15,PARTIAL,30.819424947564297,Acceptable,M,M,Acceptable,30.819424947564297,unique_max_firing_rule,M,2
2026-07-28 07:35:00+03:00,15,PARTIAL,30.417140493903062,Acceptable,M,M,Acceptable,30.417140493903062,unique_max_firing_rule,M,2
2026-07-28 07:40:00+03:00,15,PARTIAL,30.95083954638428,Acceptable,M,M,Acceptable,30.95083954638428,unique_max_firing_rule,M,2
2026-07-28 07:45:00+03:00,15,PARTIAL,31.279497625915678,Acceptable,M,M,Acceptable,31.279497625915678,unique_max_firing_rule,M,2
2026-07-28 07:50:00+03:00,15,PARTIAL,30.967268324749636,Acceptable,M,M,Acceptable,30.967268324749636,unique_max_firing_rule,M,2
2026-07-28 07:55:00+03:00,15,PARTIAL,30.187380533427504,Acceptable,M,M,Acceptable,30.187380533427504,unique_max_firing_rule,M,2
2026-07-28 08:00:00+03:00,15,PARTIAL,29.965906727883702,Acceptable,M,M,Acceptable,29.965906727883702,unique_max_firing_rule,M,2
2026-07-28 08:05:00+03:00,15,PARTIAL,30.30224989352248,Acceptable,M,M,Acceptable,30.30224989352248,unique_max_firing_rule,M,2
2026-07-28 08:10:00+03:00,15,FAILED,,,,,,,,,
2026-07-28 08:15:00+03:00,15,PARTIAL,29.982309487422548,Acceptable,M,M,Acceptable,29.982309487422548,unique_max_firing_rule,M,2
2026-07-28 08:20:00+03:00,15,PARTIAL,29.039853853536698,Acceptable,M,M,Acceptable,29.039853853536698,unique_max_firing_rule,M,2
2026-07-28 08:25:00+03:00,15,PARTIAL,27.874484220101188,Acceptable,M,M,Acceptable,27.874484220101188,unique_max_firing_rule,M,2
2026-07-28 08:30:00+03:00,15,PARTIAL,27.470359801366605,Acceptable,M,M,Acceptable,27.470359801366605,unique_max_firing_rule,M,2
2026-07-28 08:35:00+03:00,15,PARTIAL,27.36316502243893,Acceptable,M,M,Acceptable,27.36316502243893,unique_max_firing_rule,M,2
2026-07-28 08:40:00+03:00,15,PARTIAL,27.404392696742118,Acceptable,M,M,Acceptable,27.404392696742118,unique_max_firing_rule,M,2
2026-07-28 08:45:00+03:00,15,PARTIAL,26.917992686301822,Acceptable,M,M,Acceptable,26.917992686301822,unique_max_firing_rule,M,2
2026-07-28 08:50:00+03:00,15,PARTIAL,26.472978714994184,Acceptable,M,M,Acceptable,26.472978714994184,unique_max_firing_rule,M,2
2026-07-28 08:55:00+03:00,15,PARTIAL,26.17639067285839,Acceptable,M,M,Acceptable,26.17639067285839,unique_max_firing_rule,M,2
2026-07-28 09:00:00+03:00,15,PARTIAL,26.03635965446709,Acceptable,M,M,Acceptable,26.03635965446709,unique_max_firing_rule,M,2
2026-07-28 09:05:00+03:00,15,PARTIAL,25.616360660919902,Acceptable,M,M,Acceptable,25.616360660919902,unique_max_firing_rule,M,2
2026-07-28 09:10:00+03:00,15,PARTIAL,25.21296506632176,Acceptable,M,M,Acceptable,25.21296506632176,unique_max_firing_rule,M,2
2026-07-28 09:15:00+03:00,15,PARTIAL,24.606378600823216,Favorable,M,M,Favorable,24.606378600823216,unique_max_firing_rule,M,2
2026-07-28 09:20:00+03:00,15,PARTIAL,24.02448559670764,Favorable,M,M,Favorable,24.02448559670764,unique_max_firing_rule,M,2
2026-07-28 09:25:00+03:00,15,PARTIAL,23.64209876543198,Favorable,M,M,Favorable,23.64209876543198,unique_max_firing_rule,M,2
2026-07-28 09:30:00+03:00,15,PARTIAL,23.392716049382653,Favorable,M,M,Favorable,23.392716049382653,unique_max_firing_rule,M,2
2026-07-28 09:35:00+03:00,15,PARTIAL,23.04358024691397,Favorable,M,M,Favorable,23.04358024691397,unique_max_firing_rule,M,2
2026-07-28 09:40:00+03:00,15,PARTIAL,22.353621399176948,Favorable,M,M,Favorable,22.353621399176948,unique_max_firing_rule,M,2
2026-07-28 09:45:00+03:00,15,PARTIAL,21.499395749500962,Favorable,M,M,Favorable,21.499395749500962,unique_max_firing_rule,M,2
2026-07-28 09:50:00+03:00,15,PARTIAL,20.582633336956903,Favorable,M,M,Favorable,20.582633336956903,unique_max_firing_rule,M,2
2026-07-28 09:55:00+03:00,15,PARTIAL,18.659821472726428,Favorable,M,M,Favorable,18.659821472726428,unique_max_firing_rule,M,2
2026-07-28 10:00:00+03:00,15,PARTIAL,25.059423868312738,Acceptable,M,M,Favorable,25.059423868312738,unique_max_firing_rule,M,2
2026-07-28 10:05:00+03:00,15,PARTIAL,30.208405185868735,Acceptable,M,M,Acceptable,30.208405185868735,unique_max_firing_rule,M,2
2026-07-28 10:10:00+03:00,15,PARTIAL,28.20423818984936,Acceptable,M,M,Acceptable,28.20423818984936,unique_max_firing_rule,M,2
2026-07-28 10:15:00+03:00,15,PARTIAL,33.00186152711466,Acceptable,M,M,Acceptable,33.00186152711466,unique_max_firing_rule,M,2
2026-07-28 10:20:00+03:00,15,PARTIAL,41.93760708902086,Acceptable,M,M,Acceptable,41.93760708902086,unique_max_firing_rule,M,2
2026-07-28 10:25:00+03:00,15,PARTIAL,46.763215002058026,Acceptable,M,M,Acceptable,46.763215002058026,unique_max_firing_rule,M,2
2026-07-28 10:30:00+03:00,15,PARTIAL,48.85568560779458,Acceptable,M,M,Acceptable,48.85568560779458,unique_max_firing_rule,M,2
2026-07-28 10:35:00+03:00,15,PARTIAL,50.09804306051195,Degraded,M,M,Degraded,50.09804306051195,unique_max_firing_rule,M,2
2026-07-28 10:40:00+03:00,15,PARTIAL,50.04902056903065,Degraded,M,M,Degraded,50.04902056903065,unique_max_firing_rule,M,4
2026-07-28 10:45:00+03:00,15,PARTIAL,62.50000000000001,Degraded,A,A,Degraded,62.50000000000001,unique_max_firing_rule,A,2
2026-07-28 10:50:00+03:00,15,PARTIAL,87.37813142318451,Critical,M,M,Critical,87.39540606708113,unique_max_firing_rule,M,2
2026-07-28 10:55:00+03:00,15,PARTIAL,87.42988372711793,Critical,M,M,Critical,87.46892978312849,unique_max_firing_rule,M,2
2026-07-28 11:00:00+03:00,15,PARTIAL,87.39497019593955,Critical,M,M,Critical,87.50752429749951,unique_max_firing_rule,M,2
2026-07-28 11:05:00+03:00,15,PARTIAL,62.5,Degraded,M,M,Degraded,62.5,unique_max_firing_rule,M,2
2026-07-28 11:10:00+03:00,15,PARTIAL,49.664987792481845,Acceptable,M,M,Acceptable,49.664987792481845,unique_max_firing_rule,M,2
2026-07-28 11:15:00+03:00,15,PARTIAL,48.61851807043756,Acceptable,M,M,Acceptable,48.61851807043756,unique_max_firing_rule,M,4
2026-07-28 11:20:00+03:00,15,PARTIAL,47.52205615364254,Acceptable,M,M,Acceptable,47.52205615364254,unique_max_firing_rule,M,2
2026-07-28 11:25:00+03:00,15,PARTIAL,48.45492804379204,Acceptable,M,M,Acceptable,48.45492804379204,unique_max_firing_rule,M,2
2026-07-28 11:30:00+03:00,15,PARTIAL,49.71401957740291,Acceptable,M,M,Acceptable,49.71401957740291,unique_max_firing_rule,M,2
2026-07-28 11:35:00+03:00,15,PARTIAL,50.98895314814018,Degraded,M,M,Degraded,50.98895314814018,unique_max_firing_rule,M,2
2026-07-28 11:40:00+03:00,15,PARTIAL,51.05436605627879,Degraded,M,M,Degraded,51.05436605627879,unique_max_firing_rule,M,2
2026-07-28 11:45:00+03:00,15,PARTIAL,51.8804984138405,Degraded,M,M,Degraded,51.8804984138405,unique_max_firing_rule,M,2
2026-07-28 11:50:00+03:00,15,PARTIAL,51.43055669091793,Degraded,M,M,Degraded,51.43055669091793,unique_max_firing_rule,M,2
2026-07-28 11:55:00+03:00,15,PARTIAL,51.749589582256576,Degraded,M,M,Degraded,51.749589582256576,unique_max_firing_rule,M,2
2026-07-28 12:00:00+03:00,15,PARTIAL,49.59960908772968,Acceptable,M,M,Acceptable,49.59960908772968,unique_max_firing_rule,M,2
2026-07-28 12:05:00+03:00,15,OK,48.85568560779458,Acceptable,M,M,Acceptable,48.85568560779458,unique_max_firing_rule,M,2
2026-07-28 12:10:00+03:00,15,OK,47.94766295229131,Acceptable,M,M,Acceptable,47.94766295229131,unique_max_firing_rule,M,2
2026-07-28 12:15:00+03:00,15,OK,47.849458848618156,Acceptable,M,M,Acceptable,47.849458848618156,unique_max_firing_rule,M,2
2026-07-28 12:20:00+03:00,15,OK,46.82577081410793,Acceptable,M,M,Acceptable,46.82577081410793,unique_max_firing_rule,M,2
2026-07-28 12:25:00+03:00,15,OK,46.62041628615661,Acceptable,M,M,Acceptable,46.62041628615661,unique_max_firing_rule,M,2
2026-07-28 12:30:00+03:00,15,OK,46.74364110015843,Acceptable,M,M,Acceptable,46.74364110015843,unique_max_firing_rule,M,2
2026-07-28 12:35:00+03:00,15,OK,48.029493817025944,Acceptable,M,M,Acceptable,48.029493817025944,unique_max_firing_rule,M,2
2026-07-28 12:40:00+03:00,15,OK,47.98857905374891,Acceptable,M,M,Acceptable,47.98857905374891,unique_max_firing_rule,M,2
2026-07-28 12:45:00+03:00,15,OK,47.972212773751586,Acceptable,M,M,Acceptable,47.972212773751586,unique_max_firing_rule,M,2
2026-07-28 12:50:00+03:00,15,OK,47.710323171529325,Acceptable,M,M,Acceptable,47.710323171529325,unique_max_firing_rule,M,2
2026-07-28 12:55:00+03:00,15,OK,47.86582673456781,Acceptable,M,M,Acceptable,47.86582673456781,unique_max_firing_rule,M,2
2026-07-28 13:00:00+03:00,15,OK,47.10449343357997,Acceptable,M,M,Acceptable,47.10449343357997,unique_max_firing_rule,M,2
2026-07-28 13:05:00+03:00,15,OK,46.42318106070305,Acceptable,M,M,Acceptable,46.42318106070305,unique_max_firing_rule,M,2
2026-07-28 13:10:00+03:00,15,OK,47.047170027385384,Acceptable,M,M,Acceptable,47.047170027385384,unique_max_firing_rule,M,2
2026-07-28 13:15:00+03:00,15,OK,49.06828033973432,Acceptable,M,M,Acceptable,49.06828033973432,unique_max_firing_rule,M,2
2026-07-28 13:20:00+03:00,15,OK,51.20155761100921,Degraded,M,M,Degraded,51.20155761100921,unique_max_firing_rule,M,2
2026-07-28 13:25:00+03:00,15,OK,52.46975773475807,Degraded,M,M,Degraded,52.46975773475807,unique_max_firing_rule,M,2
2026-07-28 13:30:00+03:00,15,OK,53.38779999214401,Degraded,M,M,Degraded,53.38779999214401,unique_max_firing_rule,M,2
2026-07-28 13:35:00+03:00,15,OK,53.66724949739048,Degraded,M,M,Degraded,53.66724949739048,unique_max_firing_rule,M,2
2026-07-28 13:40:00+03:00,15,OK,54.06208437342356,Degraded,M,M,Degraded,54.06208437342356,unique_max_firing_rule,M,2
2026-07-28 13:45:00+03:00,15,OK,54.671518489378386,Degraded,M,M,Degraded,54.671518489378386,unique_max_firing_rule,M,2
2026-07-28 13:50:00+03:00,15,OK,54.88585463106846,Degraded,M,M,Degraded,54.88585463106846,unique_max_firing_rule,M,2
2026-07-28 13:55:00+03:00,15,OK,53.74947605574771,Degraded,M,M,Degraded,53.74947605574771,unique_max_firing_rule,M,2
2026-07-28 14:00:00+03:00,15,OK,52.543434667259916,Degraded,M,M,Degraded,52.543434667259916,unique_max_firing_rule,M,2
2026-07-28 14:05:00+03:00,15,OK,52.142357181639355,Degraded,M,M,Degraded,52.142357181639355,unique_max_firing_rule,M,2
2026-07-28 14:10:00+03:00,15,OK,53.19065383860207,Degraded,M,M,Degraded,53.19065383860207,unique_max_firing_rule,M,2
2026-07-28 14:15:00+03:00,15,OK,55.03430542983443,Degraded,M,M,Degraded,55.03430542983443,unique_max_firing_rule,M,2
2026-07-28 14:20:00+03:00,15,OK,56.36550308008212,Degraded,M,M,Degraded,56.36550308008212,unique_max_firing_rule,M,2
2026-07-28 14:25:00+03:00,15,OK,56.2823355506283,Degraded,M,M,Degraded,56.2823355506283,unique_max_firing_rule,M,2
2026-07-28 14:30:00+03:00,15,OK,55.19106055089239,Degraded,M,M,Degraded,55.19106055089239,unique_max_firing_rule,M,2
2026-07-28 14:35:00+03:00,15,OK,53.28100095893638,Degraded,M,M,Degraded,53.28100095893638,unique_max_firing_rule,M,2
2026-07-28 14:40:00+03:00,15,OK,52.01960405948587,Degraded,M,M,Degraded,52.01960405948587,unique_max_firing_rule,M,2
2026-07-28 14:45:00+03:00,15,OK,50.375873497323234,Degraded,M,M,Degraded,50.375873497323234,unique_max_firing_rule,M,2
2026-07-28 14:50:00+03:00,15,OK,47.84127482533966,Acceptable,M,M,Acceptable,47.84127482533966,unique_max_firing_rule,M,2
2026-07-28 14:55:00+03:00,15,OK,46.23407669384675,Acceptable,M,M,Acceptable,46.23407669384675,unique_max_firing_rule,M,2
2026-07-28 15:00:00+03:00,15,OK,45.015184011858814,Acceptable,M,M,Acceptable,45.015184011858814,unique_max_firing_rule,M,2
2026-07-28 15:05:00+03:00,15,OK,43.33486743700605,Acceptable,M,M,Acceptable,43.33486743700605,unique_max_firing_rule,M,2
2026-07-28 15:10:00+03:00,15,OK,39.601113633726925,Acceptable,M,M,Acceptable,39.601113633726925,unique_max_firing_rule,M,2
2026-07-28 15:15:00+03:00,15,OK,34.913687512447446,Acceptable,M,M,Acceptable,34.913687512447446,unique_max_firing_rule,M,2
2026-07-28 15:20:00+03:00,15,OK,32.0800243420051,Acceptable,M,M,Acceptable,32.0800243420051,unique_max_firing_rule,M,2
2026-07-28 15:25:00+03:00,15,OK,31.115146869827125,Acceptable,M,M,Acceptable,31.115146869827125,unique_max_firing_rule,M,2
2026-07-28 15:30:00+03:00,15,OK,29.924901723915998,Acceptable,M,M,Acceptable,29.924901723915998,unique_max_firing_rule,M,2
2026-07-28 15:35:00+03:00,15,OK,27.998221872126237,Acceptable,M,M,Acceptable,27.998221872126237,unique_max_firing_rule,M,2
2026-07-28 15:40:00+03:00,15,OK,24.631316872428282,Favorable,M,M,Favorable,24.631316872428282,unique_max_firing_rule,M,2
2026-07-28 15:45:00+03:00,15,OK,21.818846305808208,Favorable,M,M,Favorable,21.818846305808208,unique_max_firing_rule,M,2
2026-07-28 15:50:00+03:00,15,OK,19.252578975990033,Favorable,M,M,Favorable,19.252578975990033,unique_max_firing_rule,M,2
2026-07-28 15:55:00+03:00,15,OK,16.04471462126256,Favorable,M,M,Favorable,16.04471462126256,unique_max_firing_rule,M,2
2026-07-28 16:00:00+03:00,15,OK,12.444029850746269,Favorable,A,A;M;V,Favorable,12.444029850746269,co_dominant_tie,A;M;V,1
2026-07-28 16:05:00+03:00,15,OK,16.835873862005396,Favorable,A,A,Favorable,16.835873862005396,unique_max_firing_rule,A,2
2026-07-28 16:10:00+03:00,15,OK,22.375126957010334,Favorable,A,A,Favorable,22.375126957010334,unique_max_firing_rule,A,2
2026-07-28 16:15:00+03:00,15,OK,12.444029850746269,Favorable,A,A;M;V,Favorable,12.444029850746269,co_dominant_tie,A;M;V,1
2026-07-28 16:20:00+03:00,15,OK,12.444029850746269,Favorable,A,A;M;V,Favorable,12.444029850746269,co_dominant_tie,A;M;V,1
2026-07-28 16:25:00+03:00,15,OK,12.444029850746269,Favorable,A,A;M;V,Favorable,12.444029850746269,co_dominant_tie,A;M;V,1
2026-07-28 16:30:00+03:00,15,OK,12.444029850746269,Favorable,A,A;M;V,Favorable,12.444029850746269,co_dominant_tie,A;M;V,1
2026-07-28 16:35:00+03:00,15,OK,12.444029850746269,Favorable,A,A;M;V,Favorable,12.444029850746269,co_dominant_tie,A;M;V,1
2026-07-28 16:40:00+03:00,15,OK,12.444029850746269,Favorable,A,A;M;V,Favorable,12.444029850746269,co_dominant_tie,A;M;V,1
2026-07-28 16:45:00+03:00,15,OK,12.444029850746269,Favorable,A,A;M;V,Favorable,12.444029850746269,co_dominant_tie,A;M;V,1
2026-07-28 16:50:00+03:00,15,OK,12.444029850746269,Favorable,A,A;M;V,Favorable,12.444029850746269,co_dominant_tie,A;M;V,1
2026-07-28 16:55:00+03:00,15,OK,12.444029850746269,Favorable,A,A;M;V,Favorable,12.444029850746269,co_dominant_tie,A;M;V,1
2026-07-28 17:00:00+03:00,15,OK,12.444029850746269,Favorable,A,A;M;V,Favorable,12.444029850746269,co_dominant_tie,A;M;V,1
2026-07-28 17:05:00+03:00,15,OK,12.444029850746269,Favorable,A,A;M;V,Favorable,12.444029850746269,co_dominant_tie,A;M;V,1
2026-07-28 17:10:00+03:00,15,OK,12.444029850746269,Favorable,A,A;M;V,Favorable,12.444029850746269,co_dominant_tie,A;M;V,1
2026-07-28 17:15:00+03:00,15,OK,12.444029850746269,Favorable,A,A;M;V,Favorable,12.444029850746269,co_dominant_tie,A;M;V,1
2026-07-28 17:20:00+03:00,15,OK,12.444029850746269,Favorable,A,A;M;V,Favorable,12.444029850746269,co_dominant_tie,A;M;V,1
2026-07-28 17:25:00+03:00,15,OK,12.444029850746269,Favorable,A,A;M;V,Favorable,12.444029850746269,co_dominant_tie,A;M;V,1
2026-07-28 17:30:00+03:00,15,OK,12.444029850746269,Favorable,A,A;M;V,Favorable,12.444029850746269,co_dominant_tie,A;M;V,1
2026-07-28 17:35:00+03:00,15,OK,12.444029850746269,Favorable,A,A;M;V,Favorable,12.444029850746269,co_dominant_tie,A;M;V,1
2026-07-28 17:40:00+03:00,15,OK,12.444029850746269,Favorable,A,A;M;V,Favorable,12.444029850746269,co_dominant_tie,A;M;V,1
2026-07-28 17:45:00+03:00,15,OK,12.444029850746269,Favorable,A,A;M;V,Favorable,12.444029850746269,co_dominant_tie,A;M;V,1
2026-07-28 17:50:00+03:00,15,OK,16.241642416655118,Favorable,M,M,Favorable,16.241642416655118,unique_max_firing_rule,M,2
2026-07-28 17:55:00+03:00,15,OK,23.600534979424143,Favorable,M,M,Favorable,23.600534979424143,unique_max_firing_rule,M,2
2026-07-28 18:00:00+03:00,15,OK,28.458703528488726,Acceptable,M,M,Acceptable,28.458703528488726,unique_max_firing_rule,M,2
2026-07-28 18:05:00+03:00,15,OK,33.643599748165265,Acceptable,M,M,Acceptable,33.643599748165265,unique_max_firing_rule,M,2
2026-07-28 18:10:00+03:00,15,OK,38.059776006390166,Acceptable,M,M,Acceptable,38.059776006390166,unique_max_firing_rule,M,2
2026-07-28 18:15:00+03:00,15,OK,43.34319526627211,Acceptable,M,M,Acceptable,43.34319526627211,unique_max_firing_rule,M,2
2026-07-28 18:20:00+03:00,15,OK,45.872073595030436,Acceptable,M,M,Acceptable,45.872073595030436,unique_max_firing_rule,M,2
2026-07-28 18:25:00+03:00,15,OK,45.82268527619471,Acceptable,M,M,Acceptable,45.82268527619471,unique_max_firing_rule,M,2
2026-07-28 18:30:00+03:00,15,OK,44.255703266042794,Acceptable,M,M,Acceptable,44.255703266042794,unique_max_firing_rule,M,2
2026-07-28 18:35:00+03:00,15,OK,42.70949904548749,Acceptable,M,M,Acceptable,42.70949904548749,unique_max_firing_rule,M,2
2026-07-28 18:40:00+03:00,15,OK,43.40148240669227,Acceptable,M,M,Acceptable,43.40148240669227,unique_max_firing_rule,M,2
2026-07-28 18:45:00+03:00,15,OK,46.04488684937174,Acceptable,M,M,Acceptable,46.04488684937174,unique_max_firing_rule,M,2
2026-07-28 18:50:00+03:00,15,OK,49.91829798359431,Acceptable,M,M,Acceptable,49.91829798359431,unique_max_firing_rule,M,2
2026-07-28 18:55:00+03:00,15,OK,52.09325448741424,Degraded,M,M,Degraded,52.09325448741424,unique_max_firing_rule,M,2
2026-07-28 19:00:00+03:00,15,OK,55.06730163727985,Degraded,M,M,Degraded,55.06730163727985,unique_max_firing_rule,M,2
2026-07-28 19:05:00+03:00,15,OK,57.59122645237761,Degraded,M,M,Degraded,57.59122645237761,unique_max_firing_rule,M,2
2026-07-28 19:10:00+03:00,15,OK,60.211383083389975,Degraded,M,M,Degraded,60.211383083389975,unique_max_firing_rule,M,2
2026-07-28 19:15:00+03:00,15,OK,62.5,Degraded,M,M,Degraded,62.5,unique_max_firing_rule,A;M;V,1
2026-07-28 19:20:00+03:00,15,OK,62.5,Degraded,M,M,Degraded,62.5,unique_max_firing_rule,A;M;V,1
2026-07-28 19:25:00+03:00,15,OK,62.5,Degraded,M,M,Degraded,62.5,unique_max_firing_rule,A;M;V,1
2026-07-28 19:30:00+03:00,15,OK,62.5,Degraded,M,M,Degraded,62.5,unique_max_firing_rule,A;M;V,1
2026-07-28 19:35:00+03:00,15,OK,62.5,Degraded,M,M,Degraded,62.5,unique_max_firing_rule,A;M;V,1
2026-07-28 19:40:00+03:00,15,OK,62.077857649420956,Degraded,M,M,Degraded,62.077857649420956,unique_max_firing_rule,M,2
2026-07-28 19:45:00+03:00,15,OK,61.89723451695545,Degraded,M,M,Degraded,61.89723451695545,unique_max_firing_rule,M,2
2026-07-28 19:50:00+03:00,15,OK,62.5,Degraded,M,M,Degraded,62.5,unique_max_firing_rule,A;M;V,1
2026-07-28 19:55:00+03:00,15,OK,62.5,Degraded,M,M,Degraded,62.5,unique_max_firing_rule,A;M;V,1
2026-07-28 20:00:00+03:00,15,OK,62.28450070792039,Degraded,M,M,Degraded,62.28450070792039,unique_max_firing_rule,M,2
2026-07-28 20:05:00+03:00,15,OK,61.99182458815033,Degraded,M,M,Degraded,61.99182458815033,unique_max_firing_rule,M,2
2026-07-28 20:10:00+03:00,15,OK,62.18976060109507,Degraded,M,M,Degraded,62.18976060109507,unique_max_firing_rule,M,2
2026-07-28 20:15:00+03:00,15,OK,61.940223993609465,Degraded,M,M,Degraded,61.940223993609465,unique_max_firing_rule,M,2
2026-07-28 20:20:00+03:00,15,OK,59.20113651380976,Degraded,M,M,Degraded,59.20113651380976,unique_max_firing_rule,M,2
2026-07-28 20:25:00+03:00,15,OK,53.73302945163747,Degraded,M,M,Degraded,53.73302945163747,unique_max_firing_rule,M,2
2026-07-28 20:30:00+03:00,15,OK,47.587543546883715,Acceptable,M,M,Acceptable,47.587543546883715,unique_max_firing_rule,M,2
2026-07-28 20:35:00+03:00,15,OK,41.78949450984251,Acceptable,M,M,Acceptable,41.78949450984251,unique_max_firing_rule,M,2
2026-07-28 20:40:00+03:00,15,OK,36.32320874865227,Acceptable,M,M,Acceptable,36.32320874865227,unique_max_firing_rule,M,2
2026-07-28 20:45:00+03:00,15,OK,30.86048902541736,Acceptable,M,M,Acceptable,30.86048902541736,unique_max_firing_rule,M,2
2026-07-28 20:50:00+03:00,15,OK,24.731069958847982,Favorable,M,M,Favorable,24.731069958847982,unique_max_firing_rule,M,2
2026-07-28 20:55:00+03:00,15,OK,18.403905129346146,Favorable,M,M,Favorable,18.403905129346146,unique_max_firing_rule,M,2
2026-07-28 21:00:00+03:00,15,OK,12.444029850746269,Favorable,A,A;M;V,Favorable,12.444029850746269,co_dominant_tie,A;M;V,1
2026-07-28 21:05:00+03:00,15,OK,12.444029850746269,Favorable,A,A;M;V,Favorable,12.444029850746269,co_dominant_tie,A;M;V,1
2026-07-28 21:10:00+03:00,15,OK,12.444029850746269,Favorable,A,A;M;V,Favorable,12.444029850746269,co_dominant_tie,A;M;V,1
2026-07-28 21:15:00+03:00,15,OK,12.444029850746269,Favorable,A,A;M;V,Favorable,12.444029850746269,co_dominant_tie,A;M;V,1
2026-07-28 21:20:00+03:00,15,OK,12.444029850746269,Favorable,A,A;M;V,Favorable,12.444029850746269,co_dominant_tie,A;M;V,1
2026-07-28 21:25:00+03:00,15,OK,12.444029850746269,Favorable,A,A;M;V,Favorable,12.444029850746269,co_dominant_tie,A;M;V,1
2026-07-28 21:30:00+03:00,15,OK,12.444029850746269,Favorable,A,A;M;V,Favorable,12.444029850746269,co_dominant_tie,A;M;V,1
2026-07-28 21:35:00+03:00,15,OK,12.444029850746269,Favorable,A,A;M;V,Favorable,12.444029850746269,co_dominant_tie,A;M;V,1
2026-07-28 21:40:00+03:00,15,OK,12.444029850746269,Favorable,A,A;M;V,Favorable,12.444029850746269,co_dominant_tie,A;M;V,1
2026-07-28 21:45:00+03:00,15,OK,12.444029850746269,Favorable,A,A;M;V,Favorable,12.444029850746269,co_dominant_tie,A;M;V,1
2026-07-28 21:50:00+03:00,15,OK,12.444029850746269,Favorable,A,A;M;V,Favorable,12.444029850746269,co_dominant_tie,A;M;V,1
2026-07-28 21:55:00+03:00,15,OK,12.444029850746269,Favorable,A,A;M;V,Favorable,12.444029850746269,co_dominant_tie,A;M;V,1
2026-07-28 22:00:00+03:00,15,OK,12.444029850746269,Favorable,A,A;M;V,Favorable,12.444029850746269,co_dominant_tie,A;M;V,1
2026-07-28 22:05:00+03:00,15,OK,12.444029850746269,Favorable,A,A;M;V,Favorable,12.444029850746269,co_dominant_tie,A;M;V,1
2026-07-28 22:10:00+03:00,15,OK,12.444029850746269,Favorable,A,A;M;V,Favorable,12.444029850746269,co_dominant_tie,A;M;V,1
2026-07-28 22:15:00+03:00,15,OK,12.444029850746269,Favorable,A,A;M;V,Favorable,12.444029850746269,co_dominant_tie,A;M;V,1
2026-07-28 22:20:00+03:00,15,OK,12.444029850746269,Favorable,A,A;M;V,Favorable,12.444029850746269,co_dominant_tie,A;M;V,1
2026-07-28 22:25:00+03:00,15,OK,12.444029850746269,Favorable,A,A;M;V,Favorable,12.444029850746269,co_dominant_tie,A;M;V,1
2026-07-28 22:30:00+03:00,15,OK,12.444029850746269,Favorable,A,A;M;V,Favorable,12.444029850746269,co_dominant_tie,A;M;V,1
2026-07-28 22:35:00+03:00,15,OK,12.444029850746269,Favorable,A,A;M;V,Favorable,12.444029850746269,co_dominant_tie,A;M;V,1
2026-07-28 22:40:00+03:00,15,OK,12.444029850746269,Favorable,A,A;M;V,Favorable,12.444029850746269,co_dominant_tie,A;M;V,1
2026-07-28 22:45:00+03:00,15,OK,19.503706257730315,Favorable,A,A,Favorable,19.503706257730315,unique_max_firing_rule,A,2
2026-07-28 22:50:00+03:00,15,OK,37.5,Acceptable,A,A,Acceptable,37.5,unique_max_firing_rule,A;M;V,1
2026-07-28 22:55:00+03:00,15,OK,37.5,Acceptable,A,A,Acceptable,37.5,unique_max_firing_rule,A;M;V,1
2026-07-28 23:00:00+03:00,15,OK,37.5,Acceptable,A,A,Acceptable,37.5,unique_max_firing_rule,A;M;V,1
2026-07-28 23:05:00+03:00,15,OK,37.5,Acceptable,A,A,Acceptable,37.5,unique_max_firing_rule,A;M;V,1
2026-07-28 23:10:00+03:00,15,OK,37.5,Acceptable,A,A,Acceptable,37.5,unique_max_firing_rule,A;M;V,1
2026-07-28 23:15:00+03:00,15,OK,39.51211267679375,Acceptable,A,A,Acceptable,39.51211267679375,unique_max_firing_rule,A,2
2026-07-28 23:20:00+03:00,15,OK,48.62711780548872,Acceptable,A,A,Acceptable,48.62711780548872,unique_max_firing_rule,A,2
2026-07-28 23:25:00+03:00,15,OK,52.021412009550694,Degraded,A,A,Degraded,52.021412009550694,unique_max_firing_rule,A,2
2026-07-28 23:30:00+03:00,15,OK,53.23415414589983,Degraded,A,A,Degraded,53.23415414589983,unique_max_firing_rule,A,2
2026-07-28 23:35:00+03:00,15,OK,44.37199663087936,Acceptable,A,A,Acceptable,44.37199663087936,unique_max_firing_rule,A,2
2026-07-28 23:40:00+03:00,15,OK,37.5,Acceptable,A,A,Acceptable,37.5,unique_max_firing_rule,A;M;V,1
2026-07-28 23:45:00+03:00,15,OK,35.81273776371659,Acceptable,A,A,Acceptable,35.81273776371659,unique_max_firing_rule,A,2
2026-07-28 23:50:00+03:00,15,OK,21.411860372159005,Favorable,A,A,Favorable,21.411860372159005,unique_max_firing_rule,A,2
2026-07-28 23:55:00+03:00,15,OK,12.444029850746269,Favorable,A,A;M;V,Favorable,12.444029850746269,co_dominant_tie,A;M;V,1
2026-07-29 00:00:00+03:00,15,OK,12.444029850746269,Favorable,A,A;M;V,Favorable,12.444029850746269,co_dominant_tie,A;M;V,1
2026-07-29 00:05:00+03:00,15,OK,12.444029850746269,Favorable,A,A;M;V,Favorable,12.444029850746269,co_dominant_tie,A;M;V,1
2026-07-29 00:10:00+03:00,15,OK,12.444029850746269,Favorable,A,A;M;V,Favorable,12.444029850746269,co_dominant_tie,A;M;V,1
2026-07-29 00:15:00+03:00,15,OK,12.444029850746269,Favorable,A,A;M;V,Favorable,12.444029850746269,co_dominant_tie,A;M;V,1
2026-07-29 00:20:00+03:00,15,OK,12.444029850746269,Favorable,A,A;M;V,Favorable,12.444029850746269,co_dominant_tie,A;M;V,1
2026-07-29 00:25:00+03:00,15,OK,12.444029850746269,Favorable,A,A;M;V,Favorable,12.444029850746269,co_dominant_tie,A;M;V,1
2026-07-29 00:30:00+03:00,15,OK,12.444029850746269,Favorable,A,A;M;V,Favorable,12.444029850746269,co_dominant_tie,A;M;V,1
2026-07-29 00:35:00+03:00,15,OK,29.501574781299333,Acceptable,A,A,Acceptable,29.501574781299333,unique_max_firing_rule,A,2
2026-07-29 00:40:00+03:00,15,OK,37.5,Acceptable,A,A,Acceptable,37.5,unique_max_firing_rule,A;M;V,1
2026-07-29 00:45:00+03:00,15,OK,62.5,Degraded,V,V,Degraded,62.5,unique_max_firing_rule,V,2
2026-07-29 00:50:00+03:00,15,OK,62.50000000000001,Degraded,V,V,Degraded,62.499999999999986,unique_max_firing_rule,V,2
2026-07-29 00:55:00+03:00,15,OK,62.5,Degraded,A,A,Degraded,62.5,unique_max_firing_rule,A,2
2026-07-29 01:00:00+03:00,15,OK,62.5,Degraded,A,A,Degraded,62.5,unique_max_firing_rule,A,1
2026-07-29 01:05:00+03:00,15,OK,62.5,Degraded,A,A,Degraded,62.5,unique_max_firing_rule,A;M;V,1
2026-07-29 01:10:00+03:00,15,OK,55.33081377750653,Degraded,A,A,Degraded,55.33081377750653,unique_max_firing_rule,A,2
2026-07-29 01:15:00+03:00,15,OK,41.34165206902074,Acceptable,A,A,Acceptable,41.34165206902074,unique_max_firing_rule,A,2
2026-07-29 01:20:00+03:00,15,OK,37.5,Acceptable,A,A,Acceptable,37.5,unique_max_firing_rule,A;M;V,1
2026-07-29 01:25:00+03:00,15,OK,37.5,Acceptable,A,A,Acceptable,37.5,unique_max_firing_rule,A;M;V,1
2026-07-29 01:30:00+03:00,15,OK,37.5,Acceptable,A,A,Acceptable,37.5,unique_max_firing_rule,A;M;V,1
2026-07-29 01:35:00+03:00,15,OK,33.83821786457127,Acceptable,A,A,Acceptable,33.83821786457127,unique_max_firing_rule,A,2
2026-07-29 01:40:00+03:00,15,OK,29.323326158027953,Acceptable,A,A,Acceptable,29.323326158027953,unique_max_firing_rule,A,2
2026-07-29 01:45:00+03:00,15,OK,24.45585003762579,Favorable,A,A,Favorable,24.45585003762579,unique_max_firing_rule,A,2
2026-07-29 01:50:00+03:00,15,OK,20.485150946015068,Favorable,A,A,Favorable,20.485150946015068,unique_max_firing_rule,A,2
2026-07-29 01:55:00+03:00,15,OK,16.28510008671742,Favorable,A,A,Favorable,16.28510008671742,unique_max_firing_rule,A,2
2026-07-29 02:00:00+03:00,15,OK,12.444029850746269,Favorable,A,A;M;V,Favorable,12.444029850746269,co_dominant_tie,A;M;V,1
2026-07-29 02:05:00+03:00,15,OK,12.444029850746269,Favorable,A,A;M;V,Favorable,12.444029850746269,co_dominant_tie,A;M;V,1
2026-07-29 02:10:00+03:00,15,OK,12.444029850746269,Favorable,A,A;M;V,Favorable,12.444029850746269,co_dominant_tie,A;M;V,1
2026-07-29 02:15:00+03:00,15,OK,12.444029850746269,Favorable,A,A;M;V,Favorable,12.444029850746269,co_dominant_tie,A;M;V,1
2026-07-29 02:20:00+03:00,15,OK,12.444029850746269,Favorable,A,A;M;V,Favorable,12.444029850746269,co_dominant_tie,A;M;V,1
2026-07-29 02:25:00+03:00,15,OK,12.444029850746269,Favorable,A,A;M;V,Favorable,12.444029850746269,co_dominant_tie,A;M;V,1
2026-07-29 02:30:00+03:00,15,OK,12.444029850746269,Favorable,A,A;M;V,Favorable,12.444029850746269,co_dominant_tie,A;M;V,1
2026-07-29 02:35:00+03:00,15,OK,12.444029850746269,Favorable,A,A;M;V,Favorable,12.444029850746269,co_dominant_tie,A;M;V,1
2026-07-29 02:40:00+03:00,15,OK,12.444029850746269,Favorable,A,A;M;V,Favorable,12.444029850746269,co_dominant_tie,A;M;V,1
2026-07-29 02:45:00+03:00,15,OK,12.444029850746269,Favorable,A,A;M;V,Favorable,12.444029850746269,co_dominant_tie,A;M;V,1
2026-07-29 02:50:00+03:00,15,OK,12.444029850746269,Favorable,A,A;M;V,Favorable,12.444029850746269,co_dominant_tie,A;M;V,1
2026-07-29 02:55:00+03:00,15,OK,12.444029850746269,Favorable,A,A;M;V,Favorable,12.444029850746269,co_dominant_tie,A;M;V,1
2026-07-29 03:00:00+03:00,15,OK,12.444029850746269,Favorable,A,A;M;V,Favorable,12.444029850746269,co_dominant_tie,A;M;V,1
2026-07-29 03:05:00+03:00,15,OK,12.444029850746269,Favorable,A,A;M;V,Favorable,12.444029850746269,co_dominant_tie,A;M;V,1
2026-07-29 03:10:00+03:00,15,OK,12.444029850746269,Favorable,A,A;M;V,Favorable,12.444029850746269,co_dominant_tie,A;M;V,1
2026-07-29 03:15:00+03:00,15,OK,12.444029850746269,Favorable,A,A;M;V,Favorable,12.444029850746269,co_dominant_tie,A;M;V,1
2026-07-29 03:20:00+03:00,15,OK,12.444029850746269,Favorable,A,A;M;V,Favorable,12.444029850746269,co_dominant_tie,A;M;V,1
2026-07-29 03:25:00+03:00,15,OK,12.444029850746269,Favorable,A,A;M;V,Favorable,12.444029850746269,co_dominant_tie,A;M;V,1
2026-07-29 03:30:00+03:00,15,OK,12.444029850746269,Favorable,A,A;M;V,Favorable,12.444029850746269,co_dominant_tie,A;M;V,1
2026-07-29 03:35:00+03:00,15,OK,12.444029850746269,Favorable,A,A;M;V,Favorable,12.444029850746269,co_dominant_tie,A;M;V,1
2026-07-29 03:40:00+03:00,15,OK,12.444029850746269,Favorable,A,A;M;V,Favorable,12.444029850746269,co_dominant_tie,A;M;V,1
2026-07-29 03:45:00+03:00,15,OK,12.444029850746269,Favorable,A,A;M;V,Favorable,12.444029850746269,co_dominant_tie,A;M;V,1
2026-07-29 03:50:00+03:00,15,OK,12.444029850746269,Favorable,A,A;M;V,Favorable,12.444029850746269,co_dominant_tie,A;M;V,1
2026-07-29 03:55:00+03:00,15,OK,12.444029850746269,Favorable,A,A;M;V,Favorable,12.444029850746269,co_dominant_tie,A;M;V,1
2026-07-29 04:00:00+03:00,15,OK,12.444029850746269,Favorable,A,A;M;V,Favorable,12.444029850746269,co_dominant_tie,A;M;V,1
2026-07-29 04:05:00+03:00,15,OK,12.444029850746269,Favorable,A,A;M;V,Favorable,12.444029850746269,co_dominant_tie,A;M;V,1
2026-07-29 04:10:00+03:00,15,OK,12.444029850746269,Favorable,A,A;M;V,Favorable,12.444029850746269,co_dominant_tie,A;M;V,1
2026-07-29 04:15:00+03:00,15,OK,12.444029850746269,Favorable,A,A;M;V,Favorable,12.444029850746269,co_dominant_tie,A;M;V,1
2026-07-29 04:20:00+03:00,15,OK,12.444029850746269,Favorable,A,A;M;V,Favorable,12.444029850746269,co_dominant_tie,A;M;V,1
2026-07-29 04:25:00+03:00,15,OK,12.444029850746269,Favorable,A,A;M;V,Favorable,12.444029850746269,co_dominant_tie,A;M;V,1
2026-07-29 04:30:00+03:00,15,OK,12.444029850746269,Favorable,A,A;M;V,Favorable,12.444029850746269,co_dominant_tie,A;M;V,1
2026-07-29 04:35:00+03:00,15,OK,12.846047248688757,Favorable,M,M,Favorable,12.846047248688757,unique_max_firing_rule,M,2
2026-07-29 04:40:00+03:00,15,OK,13.779753211528956,Favorable,M,M,Favorable,13.779753211528956,unique_max_firing_rule,M,2
2026-07-29 04:45:00+03:00,15,OK,14.54617451352153,Favorable,M,M,Favorable,14.54617451352153,unique_max_firing_rule,M,2
2026-07-29 04:50:00+03:00,15,OK,15.31994446097353,Favorable,M,M,Favorable,15.31994446097353,unique_max_firing_rule,M,2
2026-07-29 04:55:00+03:00,15,OK,15.856292890679399,Favorable,M,M,Favorable,15.856292890679399,unique_max_firing_rule,M,2
2026-07-29 05:00:00+03:00,15,OK,16.361482212982082,Favorable,M,M,Favorable,16.361482212982082,unique_max_firing_rule,M,2
2026-07-29 05:05:00+03:00,15,OK,16.72086864931433,Favorable,M,M,Favorable,16.72086864931433,unique_max_firing_rule,M,2
2026-07-29 05:10:00+03:00,15,OK,17.045856069084206,Favorable,M,M,Favorable,17.045856069084206,unique_max_firing_rule,M,2
2026-07-29 05:15:00+03:00,15,OK,17.41340838814214,Favorable,M,M,Favorable,17.41340838814214,unique_max_firing_rule,M,2
2026-07-29 05:20:00+03:00,15,OK,17.874690315408007,Favorable,M,M,Favorable,17.874690315408007,unique_max_firing_rule,M,2
2026-07-29 05:25:00+03:00,15,OK,18.139351832001086,Favorable,M,M,Favorable,18.139351832001086,unique_max_firing_rule,M,2
2026-07-29 05:30:00+03:00,15,OK,18.565997236995095,Favorable,M,M,Favorable,18.565997236995095,unique_max_firing_rule,M,2
2026-07-29 05:35:00+03:00,15,OK,18.92406123094819,Favorable,M,M,Favorable,18.92406123094819,unique_max_firing_rule,M,2
2026-07-29 05:40:00+03:00,15,OK,19.968286655683627,Favorable,M,M,Favorable,19.968286655683627,unique_max_firing_rule,M,2
2026-07-29 05:45:00+03:00,15,OK,20.87707833785705,Favorable,M,M,Favorable,20.87707833785705,unique_max_firing_rule,M,2
2026-07-29 05:50:00+03:00,15,OK,21.79362943134574,Favorable,M,M,Favorable,21.79362943134574,unique_max_firing_rule,M,2
2026-07-29 05:55:00+03:00,15,OK,22.25386831275743,Favorable,M,M,Favorable,22.25386831275743,unique_max_firing_rule,M,2
2026-07-29 06:00:00+03:00,15,OK,22.544814814814774,Favorable,M,M,Favorable,22.544814814814774,unique_max_firing_rule,M,2
2026-07-29 06:05:00+03:00,15,OK,23.10176954732548,Favorable,M,M,Favorable,23.10176954732548,unique_max_firing_rule,M,2
2026-07-29 06:10:00+03:00,15,OK,23.64209876543234,Favorable,M,M,Favorable,23.64209876543234,unique_max_firing_rule,M,2
2026-07-29 06:15:00+03:00,15,OK,24.30711934156377,Favorable,M,M,Favorable,24.30711934156377,unique_max_firing_rule,M,2
2026-07-29 06:20:00+03:00,15,OK,24.72275720164641,Favorable,M,M,Favorable,24.72275720164641,unique_max_firing_rule,M,2
2026-07-29 06:25:00+03:00,15,OK,24.922263374485627,Favorable,M,M,Favorable,24.922263374485627,unique_max_firing_rule,M,2
2026-07-29 06:30:00+03:00,15,OK,25.229427644899467,Acceptable,M,M,Acceptable,25.229427644899467,unique_max_firing_rule,M,2
2026-07-29 06:35:00+03:00,15,OK,25.468159398911432,Acceptable,M,M,Acceptable,25.468159398911432,unique_max_firing_rule,M,2
2026-07-29 06:40:00+03:00,15,OK,26.15991562154218,Acceptable,M,M,Acceptable,26.15991562154218,unique_max_firing_rule,M,2
2026-07-29 06:45:00+03:00,15,OK,26.868538870550225,Acceptable,M,M,Acceptable,26.868538870550225,unique_max_firing_rule,M,2
2026-07-29 06:50:00+03:00,15,OK,27.33018386108272,Acceptable,M,M,Acceptable,27.33018386108272,unique_max_firing_rule,M,2
2026-07-29 06:55:00+03:00,15,OK,27.67652942184516,Acceptable,M,M,Acceptable,27.67652942184516,unique_max_firing_rule,M,2
2026-07-29 07:00:00+03:00,15,OK,27.899230771765673,Acceptable,M,M,Acceptable,27.899230771765673,unique_max_firing_rule,M,2
2026-07-29 07:05:00+03:00,15,OK,28.23748269496987,Acceptable,M,M,Acceptable,28.23748269496987,unique_max_firing_rule,M,2
2026-07-29 07:10:00+03:00,15,OK,28.30327670262889,Acceptable,M,M,Acceptable,28.30327670262889,unique_max_firing_rule,M,2
2026-07-29 07:15:00+03:00,15,OK,28.4259788553399,Acceptable,M,M,Acceptable,28.4259788553399,unique_max_firing_rule,M,2
2026-07-29 07:20:00+03:00,15,OK,28.646903902270328,Acceptable,M,M,Acceptable,28.646903902270328,unique_max_firing_rule,M,2
2026-07-29 07:25:00+03:00,15,OK,28.794230978502487,Acceptable,M,M,Acceptable,28.794230978502487,unique_max_firing_rule,M,2
2026-07-29 07:30:00+03:00,15,OK,28.810602812907273,Acceptable,M,M,Acceptable,28.810602812907273,unique_max_firing_rule,M,2
2026-07-29 07:35:00+03:00,15,OK,28.393255908250254,Acceptable,M,M,Acceptable,28.393255908250254,unique_max_firing_rule,M,2
2026-07-29 07:40:00+03:00,15,OK,28.064220289319813,Acceptable,M,M,Acceptable,28.064220289319813,unique_max_firing_rule,M,2
2026-07-29 07:45:00+03:00,15,OK,27.709519713686973,Acceptable,M,M,Acceptable,27.709519713686973,unique_max_firing_rule,M,2
2026-07-29 07:50:00+03:00,15,OK,27.57756376458176,Acceptable,M,M,Acceptable,27.57756376458176,unique_max_firing_rule,M,2
2026-07-29 07:55:00+03:00,15,OK,27.140559053483894,Acceptable,M,M,Acceptable,27.140559053483894,unique_max_firing_rule,M,2
2026-07-29 08:00:00+03:00,15,OK,37.5,Acceptable,M,M,Acceptable,37.5,unique_max_firing_rule,M,4
2026-07-29 08:05:00+03:00,15,OK,62.500000000000014,Degraded,A,A,Degraded,62.500000000000014,unique_max_firing_rule,A,2
2026-07-29 08:10:00+03:00,15,OK,87.42517785067291,Critical,M,M,Critical,87.54848844451531,unique_max_firing_rule,M,2
2026-07-29 08:15:00+03:00,15,OK,87.46232526188025,Critical,A,A,Critical,87.46232526188025,unique_max_firing_rule,A,2
2026-07-29 08:20:00+03:00,15,OK,87.51881604485659,Critical,M,M,Critical,87.55597014925372,unique_max_firing_rule,M,2
2026-07-29 08:25:00+03:00,15,OK,87.54849670651086,Critical,A,A,Critical,87.54849670651086,unique_max_firing_rule,A,2
2026-07-29 08:30:00+03:00,15,OK,87.47868685558339,Critical,A,A,Critical,87.47868685558339,unique_max_firing_rule,A,1
2026-07-29 08:35:00+03:00,15,OK,76.13408669051812,Critical,A,A,Critical,76.13408669051812,unique_max_firing_rule,A,2
2026-07-29 08:40:00+03:00,15,OK,62.50000000000001,Degraded,A,A,Degraded,62.50000000000001,unique_max_firing_rule,A,1
2026-07-29 08:45:00+03:00,15,OK,62.50000000000002,Degraded,A,A,Degraded,62.50000000000002,unique_max_firing_rule,A,1
2026-07-29 08:50:00+03:00,15,OK,62.49999999999998,Degraded,A,A,Degraded,62.49999999999998,unique_max_firing_rule,A,2
2026-07-29 08:55:00+03:00,15,OK,62.50000000000001,Degraded,V,V,Degraded,62.49999999999997,unique_max_firing_rule,V,2
2026-07-29 09:00:00+03:00,15,OK,62.50000000000001,Degraded,V,V,Degraded,62.50000000000001,unique_max_firing_rule,V,2
2026-07-29 09:05:00+03:00,15,OK,62.49999999999999,Degraded,A,A,Degraded,62.49999999999999,unique_max_firing_rule,A,1
2026-07-29 09:10:00+03:00,15,OK,62.500000000000014,Degraded,A,A,Degraded,62.500000000000014,unique_max_firing_rule,A,1
2026-07-29 09:15:00+03:00,15,OK,62.5,Degraded,A,A,Degraded,62.5,unique_max_firing_rule,A;M;V,1
2026-07-29 09:20:00+03:00,15,OK,62.5,Degraded,A,A,Degraded,62.5,unique_max_firing_rule,A;M;V,1
2026-07-29 09:25:00+03:00,15,OK,62.5,Degraded,A,A,Degraded,62.5,unique_max_firing_rule,A;M;V,1
2026-07-29 09:30:00+03:00,15,OK,57.149980653057476,Degraded,A,A,Degraded,57.149980653057476,unique_max_firing_rule,A,2
2026-07-29 09:35:00+03:00,15,OK,47.93632281942865,Acceptable,A,A,Acceptable,47.93632281942865,unique_max_firing_rule,A,2
2026-07-29 09:40:00+03:00,15,OK,39.54490814248458,Acceptable,A,A,Acceptable,39.54490814248458,unique_max_firing_rule,A,2
2026-07-29 09:45:00+03:00,15,OK,37.5,Acceptable,V,V,Acceptable,37.5,unique_max_firing_rule,V,2
2026-07-29 09:50:00+03:00,15,OK,37.50000000000001,Acceptable,V,V,Acceptable,37.5,unique_max_firing_rule,V,2
2026-07-29 09:55:00+03:00,15,OK,37.5,Acceptable,V,V,Acceptable,37.5,unique_max_firing_rule,V,2
2026-07-29 10:00:00+03:00,15,OK,37.50000000000001,Acceptable,V,V,Acceptable,37.5,unique_max_firing_rule,V,2
2026-07-29 10:05:00+03:00,15,OK,31.69541183752227,Acceptable,V,V,Acceptable,32.13978507365049,unique_max_firing_rule,V,4
2026-07-29 10:10:00+03:00,15,OK,27.17151819348199,Acceptable,A,A,Acceptable,27.17151819348199,unique_max_firing_rule,A,4
2026-07-29 10:15:00+03:00,15,OK,21.755409332650196,Favorable,A,A,Favorable,21.755409332650196,unique_max_firing_rule,A,4
2026-07-29 10:20:00+03:00,15,OK,17.99082044587782,Favorable,A,A,Favorable,17.99082044587782,unique_max_firing_rule,A,2
2026-07-29 10:25:00+03:00,15,OK,14.096159139577228,Favorable,A,A,Favorable,14.096159139577228,unique_max_firing_rule,A,2
2026-07-29 10:30:00+03:00,15,OK,12.444029850746269,Favorable,A,A;M;V,Favorable,12.444029850746269,co_dominant_tie,A;M;V,1
2026-07-29 10:35:00+03:00,15,OK,12.444029850746269,Favorable,A,A;M;V,Favorable,12.444029850746269,co_dominant_tie,A;M;V,1
2026-07-29 10:40:00+03:00,15,OK,12.444029850746269,Favorable,A,A;M;V,Favorable,12.444029850746269,co_dominant_tie,A;M;V,1
2026-07-29 10:45:00+03:00,15,OK,12.444029850746269,Favorable,A,A;M;V,Favorable,12.444029850746269,co_dominant_tie,A;M;V,1
2026-07-29 10:50:00+03:00,15,OK,12.444029850746269,Favorable,A,A;M;V,Favorable,12.444029850746269,co_dominant_tie,A;M;V,1
2026-07-29 10:55:00+03:00,15,OK,12.444029850746269,Favorable,A,A;M;V,Favorable,12.444029850746269,co_dominant_tie,A;M;V,1
2026-07-29 11:00:00+03:00,15,OK,12.444029850746269,Favorable,A,A;M;V,Favorable,12.444029850746269,co_dominant_tie,A;M;V,1
2026-07-29 11:05:00+03:00,15,OK,12.444029850746269,Favorable,A,A;M;V,Favorable,12.444029850746269,co_dominant_tie,A;M;V,1
2026-07-29 11:10:00+03:00,15,OK,12.444029850746269,Favorable,A,A;M;V,Favorable,12.444029850746269,co_dominant_tie,A;M;V,1
2026-07-29 11:15:00+03:00,15,OK,12.444029850746269,Favorable,A,A;M;V,Favorable,12.444029850746269,co_dominant_tie,A;M;V,1
2026-07-29 11:20:00+03:00,15,OK,12.444029850746269,Favorable,A,A;M;V,Favorable,12.444029850746269,co_dominant_tie,A;M;V,1
2026-07-29 11:25:00+03:00,15,OK,12.444029850746269,Favorable,A,A;M;V,Favorable,12.444029850746269,co_dominant_tie,A;M;V,1
2026-07-29 11:30:00+03:00,15,OK,12.444029850746269,Favorable,A,A;M;V,Favorable,12.444029850746269,co_dominant_tie,A;M;V,1
2026-07-29 11:35:00+03:00,15,OK,12.444029850746269,Favorable,A,A;M;V,Favorable,12.444029850746269,co_dominant_tie,A;M;V,1
2026-07-29 11:40:00+03:00,15,OK,12.444029850746269,Favorable,A,A;M;V,Favorable,12.444029850746269,co_dominant_tie,A;M;V,1
2026-07-29 11:45:00+03:00,15,OK,12.444029850746269,Favorable,A,A;M;V,Favorable,12.444029850746269,co_dominant_tie,A;M;V,1
2026-07-29 11:50:00+03:00,15,OK,12.444029850746269,Favorable,A,A;M;V,Favorable,12.444029850746269,co_dominant_tie,A;M;V,1
2026-07-29 11:55:00+03:00,15,OK,15.518445070848154,Favorable,V,V,Favorable,15.518445070848154,unique_max_firing_rule,V,2
2026-07-29 12:00:00+03:00,15,OK,62.49999999999998,Degraded,A,A,Degraded,62.49999999999998,unique_max_firing_rule,A,2
2026-07-29 12:05:00+03:00,15,OK,87.33887109509237,Critical,A,A,Critical,87.33887109509237,unique_max_firing_rule,A,1
2026-07-29 12:10:00+03:00,15,OK,87.55597014925372,Critical,A,A,Critical,87.55597014925372,unique_max_firing_rule,A;M;V,1
2026-07-29 12:15:00+03:00,15,OK,87.49496888741875,Critical,A,A,Critical,87.49496888741875,unique_max_firing_rule,A,1
2026-07-29 12:20:00+03:00,15,OK,87.55597014925372,Critical,A,A,Critical,87.55597014925372,unique_max_firing_rule,A;M;V,1
2026-07-29 12:25:00+03:00,15,OK,62.5,Degraded,A,A,Degraded,62.5,unique_max_firing_rule,A;M;V,1
2026-07-29 12:30:00+03:00,15,OK,37.5,Acceptable,A,A,Acceptable,37.5,unique_max_firing_rule,A;M;V,1
2026-07-29 12:35:00+03:00,15,OK,12.444029850746269,Favorable,A,A;M;V,Favorable,12.444029850746269,co_dominant_tie,A;M;V,1
2026-07-29 12:40:00+03:00,15,OK,12.444029850746269,Favorable,A,A;M;V,Favorable,12.444029850746269,co_dominant_tie,A;M;V,1
2026-07-29 12:45:00+03:00,15,OK,12.444029850746269,Favorable,A,A;M;V,Favorable,12.444029850746269,co_dominant_tie,A;M;V,1
2026-07-29 12:50:00+03:00,15,OK,12.444029850746269,Favorable,A,A;M;V,Favorable,12.444029850746269,co_dominant_tie,A;M;V,1
2026-07-29 12:55:00+03:00,15,OK,12.444029850746269,Favorable,A,A;M;V,Favorable,12.444029850746269,co_dominant_tie,A;M;V,1
2026-07-29 13:00:00+03:00,15,OK,12.444029850746269,Favorable,A,A;M;V,Favorable,12.444029850746269,co_dominant_tie,A;M;V,1
2026-07-29 13:05:00+03:00,15,OK,12.444029850746269,Favorable,A,A;M;V,Favorable,12.444029850746269,co_dominant_tie,A;M;V,1
2026-07-29 13:10:00+03:00,15,OK,12.444029850746269,Favorable,A,A;M;V,Favorable,12.444029850746269,co_dominant_tie,A;M;V,1
2026-07-29 13:15:00+03:00,15,OK,12.444029850746269,Favorable,A,A;M;V,Favorable,12.444029850746269,co_dominant_tie,A;M;V,1
2026-07-29 13:20:00+03:00,15,OK,12.444029850746269,Favorable,A,A;M;V,Favorable,12.444029850746269,co_dominant_tie,A;M;V,1
2026-07-29 13:25:00+03:00,15,OK,12.444029850746269,Favorable,A,A;M;V,Favorable,12.444029850746269,co_dominant_tie,A;M;V,1
2026-07-29 13:30:00+03:00,15,OK,12.444029850746269,Favorable,A,A;M;V,Favorable,12.444029850746269,co_dominant_tie,A;M;V,1
2026-07-29 13:35:00+03:00,15,OK,12.444029850746269,Favorable,A,A;M;V,Favorable,12.444029850746269,co_dominant_tie,A;M;V,1
2026-07-29 13:40:00+03:00,15,OK,12.444029850746269,Favorable,A,A;M;V,Favorable,12.444029850746269,co_dominant_tie,A;M;V,1
2026-07-29 13:45:00+03:00,15,OK,12.444029850746269,Favorable,A,A;M;V,Favorable,12.444029850746269,co_dominant_tie,A;M;V,1
2026-07-29 13:50:00+03:00,15,OK,12.444029850746269,Favorable,A,A;M;V,Favorable,12.444029850746269,co_dominant_tie,A;M;V,1
2026-07-29 13:55:00+03:00,15,OK,12.444029850746269,Favorable,A,A;M;V,Favorable,12.444029850746269,co_dominant_tie,A;M;V,1
2026-07-29 14:00:00+03:00,15,OK,12.444029850746269,Favorable,A,A;M;V,Favorable,12.444029850746269,co_dominant_tie,A;M;V,1
2026-07-29 14:05:00+03:00,15,OK,12.444029850746269,Favorable,A,A;M;V,Favorable,12.444029850746269,co_dominant_tie,A;M;V,1
2026-07-29 14:10:00+03:00,15,OK,12.444029850746269,Favorable,A,A;M;V,Favorable,12.444029850746269,co_dominant_tie,A;M;V,1
2026-07-29 14:15:00+03:00,15,OK,12.444029850746269,Favorable,A,A;M;V,Favorable,12.444029850746269,co_dominant_tie,A;M;V,1
2026-07-29 14:20:00+03:00,15,OK,12.444029850746269,Favorable,A,A;M;V,Favorable,12.444029850746269,co_dominant_tie,A;M;V,1
2026-07-29 14:25:00+03:00,15,OK,12.444029850746269,Favorable,A,A;M;V,Favorable,12.444029850746269,co_dominant_tie,A;M;V,1
2026-07-29 14:30:00+03:00,15,OK,12.444029850746269,Favorable,A,A;M;V,Favorable,12.444029850746269,co_dominant_tie,A;M;V,1
2026-07-29 14:35:00+03:00,15,OK,12.444029850746269,Favorable,A,A;M;V,Favorable,12.444029850746269,co_dominant_tie,A;M;V,1
2026-07-29 14:40:00+03:00,15,OK,12.444029850746269,Favorable,A,A;M;V,Favorable,12.444029850746269,co_dominant_tie,A;M;V,1
2026-07-29 14:45:00+03:00,15,OK,12.444029850746269,Favorable,A,A;M;V,Favorable,12.444029850746269,co_dominant_tie,A;M;V,1
2026-07-29 14:50:00+03:00,15,OK,12.444029850746269,Favorable,A,A;M;V,Favorable,12.444029850746269,co_dominant_tie,A;M;V,1
2026-07-29 14:55:00+03:00,15,OK,12.444029850746269,Favorable,A,A;M;V,Favorable,12.444029850746269,co_dominant_tie,A;M;V,1
2026-07-29 15:00:00+03:00,15,OK,12.444029850746269,Favorable,A,A;M;V,Favorable,12.444029850746269,co_dominant_tie,A;M;V,1
2026-07-29 15:05:00+03:00,15,OK,12.444029850746269,Favorable,A,A;M;V,Favorable,12.444029850746269,co_dominant_tie,A;M;V,1
2026-07-29 15:10:00+03:00,15,OK,12.444029850746269,Favorable,A,A;M;V,Favorable,12.444029850746269,co_dominant_tie,A;M;V,1
2026-07-29 15:15:00+03:00,15,OK,12.444029850746269,Favorable,A,A;M;V,Favorable,12.444029850746269,co_dominant_tie,A;M;V,1
2026-07-29 15:20:00+03:00,15,OK,12.444029850746269,Favorable,A,A;M;V,Favorable,12.444029850746269,co_dominant_tie,A;M;V,1
2026-07-29 15:25:00+03:00,15,OK,13.67513736946149,Favorable,M,M,Favorable,13.67513736946149,unique_max_firing_rule,M,2
2026-07-29 15:30:00+03:00,15,OK,15.398114816687976,Favorable,M,M,Favorable,15.398114816687976,unique_max_firing_rule,M,2
2026-07-29 15:35:00+03:00,15,OK,16.12178045130697,Favorable,M,M,Favorable,16.12178045130697,unique_max_firing_rule,M,2
2026-07-29 15:40:00+03:00,15,OK,17.75513026924881,Favorable,M,M,Favorable,17.75513026924881,unique_max_firing_rule,M,2
2026-07-29 15:45:00+03:00,15,OK,20.43117804022341,Favorable,M,M,Favorable,20.43117804022341,unique_max_firing_rule,M,2
2026-07-29 15:50:00+03:00,15,OK,23.425967078189277,Favorable,M,M,Favorable,23.425967078189277,unique_max_firing_rule,M,2
2026-07-29 15:55:00+03:00,15,OK,26.16815312007032,Acceptable,M,M,Acceptable,26.16815312007032,unique_max_firing_rule,M,2
2026-07-29 16:00:00+03:00,15,OK,28.974344915156653,Acceptable,M,M,Acceptable,28.974344915156653,unique_max_firing_rule,M,2
2026-07-29 16:05:00+03:00,15,OK,32.1862577277647,Acceptable,M,M,Acceptable,32.1862577277647,unique_max_firing_rule,M,2
2026-07-29 16:10:00+03:00,15,OK,36.43822125943379,Acceptable,M,M,Acceptable,36.43822125943379,unique_max_firing_rule,M,2
2026-07-29 16:15:00+03:00,15,OK,41.5631649265175,Acceptable,M,M,Acceptable,41.5631649265175,unique_max_firing_rule,M,2
2026-07-29 16:20:00+03:00,15,OK,46.340972269972205,Acceptable,M,M,Acceptable,46.340972269972205,unique_max_firing_rule,M,2
2026-07-29 16:25:00+03:00,15,OK,51.54507195620849,Degraded,M,M,Degraded,51.54507195620849,unique_max_firing_rule,M,2
2026-07-29 16:30:00+03:00,15,OK,56.43205677953596,Degraded,M,M,Degraded,56.43205677953596,unique_max_firing_rule,M,2
2026-07-29 16:35:00+03:00,15,OK,62.37928943211889,Degraded,M,M,Degraded,62.37928943211889,unique_max_firing_rule,M,2
2026-07-29 16:40:00+03:00,15,OK,62.5,Degraded,M,M,Degraded,62.5,unique_max_firing_rule,A;M;V,1
2026-07-29 16:45:00+03:00,15,OK,62.5,Degraded,M,M,Degraded,62.5,unique_max_firing_rule,A;M;V,1
2026-07-29 16:50:00+03:00,15,OK,62.5,Degraded,M,M,Degraded,62.5,unique_max_firing_rule,A;M;V,1
2026-07-29 16:55:00+03:00,15,OK,62.5,Degraded,M,M,Degraded,62.5,unique_max_firing_rule,A;M;V,1
2026-07-29 17:00:00+03:00,15,OK,62.5,Degraded,M,M,Degraded,62.5,unique_max_firing_rule,A;M;V,1
2026-07-29 17:05:00+03:00,15,OK,64.84092946802149,Degraded,M,M,Degraded,64.84092946802149,unique_max_firing_rule,M,2
2026-07-29 17:10:00+03:00,15,OK,71.31217541834971,Degraded,M,M,Degraded,71.31217541834971,unique_max_firing_rule,M,2
2026-07-29 17:15:00+03:00,15,OK,78.45015937409421,Critical,M,M,Critical,78.45015937409421,unique_max_firing_rule,M,2
2026-07-29 17:20:00+03:00,15,OK,84.96679960713105,Critical,M,M,Critical,84.96679960713105,unique_max_firing_rule,M,2
2026-07-29 17:25:00+03:00,15,OK,87.55597014925372,Critical,M,M,Critical,87.55597014925372,unique_max_firing_rule,A;M;V,1
2026-07-29 17:30:00+03:00,15,OK,87.55597014925372,Critical,M,M,Critical,87.55597014925372,unique_max_firing_rule,A;M;V,1
2026-07-29 17:35:00+03:00,15,OK,87.55597014925372,Critical,M,M,Critical,87.55597014925372,unique_max_firing_rule,A;M;V,1
2026-07-29 17:40:00+03:00,15,OK,87.55597014925372,Critical,M,M,Critical,87.55597014925372,unique_max_firing_rule,A;M;V,1
2026-07-29 17:45:00+03:00,15,OK,87.55597014925372,Critical,M,M,Critical,87.55597014925372,unique_max_firing_rule,A;M;V,1
2026-07-29 17:50:00+03:00,15,OK,87.55597014925372,Critical,M,M,Critical,87.55597014925372,unique_max_firing_rule,A;M;V,1
2026-07-29 17:55:00+03:00,15,OK,87.55597014925372,Critical,M,M,Critical,87.55597014925372,unique_max_firing_rule,A;M;V,1
2026-07-29 18:00:00+03:00,15,OK,87.55597014925372,Critical,M,M,Critical,87.55597014925372,unique_max_firing_rule,A;M;V,1
2026-07-29 18:05:00+03:00,15,OK,87.55597014925372,Critical,M,M,Critical,87.55597014925372,unique_max_firing_rule,A;M;V,1
2026-07-29 18:10:00+03:00,15,OK,87.55597014925372,Critical,M,M,Critical,87.55597014925372,unique_max_firing_rule,A;M;V,1
2026-07-29 18:15:00+03:00,15,OK,87.55597014925372,Critical,M,M,Critical,87.55597014925372,unique_max_firing_rule,A;M;V,1
2026-07-29 18:20:00+03:00,15,PARTIAL,12.444029850746269,Favorable,A,A;V,Favorable,12.444029850746269,co_dominant_tie,A;V,1
2026-07-29 18:25:00+03:00,15,OK,87.55597014925372,Critical,M,M,Critical,87.55597014925372,unique_max_firing_rule,A;M;V,1
2026-07-29 18:30:00+03:00,15,OK,87.55597014925372,Critical,M,M,Critical,87.55597014925372,unique_max_firing_rule,A;M;V,1
2026-07-29 18:35:00+03:00,15,OK,87.55597014925372,Critical,M,M,Critical,87.55597014925372,unique_max_firing_rule,A;M;V,1
2026-07-29 18:40:00+03:00,15,OK,87.55597014925372,Critical,M,M,Critical,87.55597014925372,unique_max_firing_rule,A;M;V,1
2026-07-29 18:45:00+03:00,15,OK,87.5283372845545,Critical,M,M,Critical,87.5283372845545,unique_max_firing_rule,M,1
2026-07-29 18:50:00+03:00,15,OK,87.51711565742788,Critical,M,M,Critical,87.51711565742788,unique_max_firing_rule,M,1
2026-07-29 18:55:00+03:00,15,OK,87.55597014925372,Critical,M,M,Critical,87.55597014925372,unique_max_firing_rule,A;M;V,1
2026-07-29 19:00:00+03:00,15,OK,87.55597014925372,Critical,M,M,Critical,87.55597014925372,unique_max_firing_rule,A;M;V,1
2026-07-29 19:05:00+03:00,15,OK,87.55597014925372,Critical,M,M,Critical,87.55597014925372,unique_max_firing_rule,A;M;V,1
2026-07-29 19:10:00+03:00,15,OK,87.53940558003617,Critical,M,M,Critical,87.53940558003617,unique_max_firing_rule,M,1
2026-07-29 19:15:00+03:00,15,OK,87.50394846523228,Critical,M,M,Critical,87.50394846523228,unique_max_firing_rule,M,1
2026-07-29 19:20:00+03:00,15,OK,87.49346291509245,Critical,M,M,Critical,87.49346291509245,unique_max_firing_rule,M,1
2026-07-29 19:25:00+03:00,15,OK,87.51267689237284,Critical,M,M,Critical,87.51267689237284,unique_max_firing_rule,M,1
2026-07-29 19:30:00+03:00,15,OK,87.54983665501483,Critical,M,M,Critical,87.54983665501483,unique_max_firing_rule,M,1
2026-07-29 19:35:00+03:00,15,OK,87.55597014925372,Critical,M,M,Critical,87.55597014925372,unique_max_firing_rule,A;M;V,1
2026-07-29 19:40:00+03:00,15,OK,87.55597014925372,Critical,M,M,Critical,87.55597014925372,unique_max_firing_rule,A;M;V,1
2026-07-29 19:45:00+03:00,15,OK,87.55403318892505,Critical,M,M,Critical,87.55403318892505,unique_max_firing_rule,M,1
2026-07-29 19:50:00+03:00,15,OK,87.55597014925372,Critical,M,M,Critical,87.55597014925372,unique_max_firing_rule,A;M;V,1
2026-07-29 19:55:00+03:00,15,OK,87.55597014925372,Critical,M,M,Critical,87.55597014925372,unique_max_firing_rule,A;M;V,1
2026-07-29 20:00:00+03:00,15,OK,87.55597014925372,Critical,M,M,Critical,87.55597014925372,unique_max_firing_rule,A;M;V,1
2026-07-29 20:05:00+03:00,15,OK,87.55597014925372,Critical,M,M,Critical,87.55597014925372,unique_max_firing_rule,A;M;V,1
2026-07-29 20:10:00+03:00,15,OK,87.55597014925372,Critical,M,M,Critical,87.55597014925372,unique_max_firing_rule,A;M;V,1
2026-07-29 20:15:00+03:00,15,OK,87.55597014925372,Critical,M,M,Critical,87.55597014925372,unique_max_firing_rule,A;M;V,1
2026-07-29 20:20:00+03:00,15,OK,87.55597014925372,Critical,M,M,Critical,87.55597014925372,unique_max_firing_rule,A;M;V,1
2026-07-29 20:25:00+03:00,15,OK,87.55597014925372,Critical,M,M,Critical,87.55597014925372,unique_max_firing_rule,A;M;V,1
2026-07-29 20:30:00+03:00,15,OK,87.55597014925372,Critical,M,M,Critical,87.55597014925372,unique_max_firing_rule,A;M;V,1
2026-07-29 20:35:00+03:00,15,OK,87.55597014925372,Critical,M,M,Critical,87.55597014925372,unique_max_firing_rule,A;M;V,1
2026-07-29 20:40:00+03:00,15,OK,87.55597014925372,Critical,M,M,Critical,87.55597014925372,unique_max_firing_rule,A;M;V,1
2026-07-29 20:45:00+03:00,15,OK,87.50351222812562,Critical,M,M,Critical,87.50351222812562,unique_max_firing_rule,M,2
2026-07-29 20:50:00+03:00,15,OK,81.10994036964934,Critical,M,M,Critical,81.10994036964934,unique_max_firing_rule,M,2
2026-07-29 20:55:00+03:00,15,OK,75.53493827160486,Critical,M,M,Critical,75.53493827160486,unique_max_firing_rule,M,2
2026-07-29 21:00:00+03:00,15,OK,71.15665222251894,Degraded,M,M,Degraded,71.15665222251894,unique_max_firing_rule,M,2
2026-07-29 21:05:00+03:00,15,OK,67.96082735561693,Degraded,M,M,Degraded,67.96082735561693,unique_max_firing_rule,M,2
2026-07-29 21:10:00+03:00,15,OK,65.07813620309585,Degraded,M,M,Degraded,65.07813620309585,unique_max_firing_rule,M,2
2026-07-29 21:15:00+03:00,15,OK,62.5,Degraded,M,M,Degraded,62.5,unique_max_firing_rule,A;M;V,1
2026-07-29 21:20:00+03:00,15,OK,62.5,Degraded,M,M,Degraded,62.5,unique_max_firing_rule,A;M;V,1
2026-07-29 21:25:00+03:00,15,OK,62.5,Degraded,M,M,Degraded,62.5,unique_max_firing_rule,A;M;V,1
2026-07-29 21:30:00+03:00,15,OK,62.5,Degraded,M,M,Degraded,62.5,unique_max_firing_rule,A;M;V,1
2026-07-29 21:35:00+03:00,15,OK,62.5,Degraded,M,M,Degraded,62.5,unique_max_firing_rule,A;M;V,1
2026-07-29 21:40:00+03:00,15,OK,62.5,Degraded,M,M,Degraded,62.5,unique_max_firing_rule,A;M;V,1
2026-07-29 21:45:00+03:00,15,OK,62.5,Degraded,M,M,Degraded,62.5,unique_max_firing_rule,A;M;V,1
2026-07-29 21:50:00+03:00,15,OK,62.5,Degraded,M,M,Degraded,62.5,unique_max_firing_rule,A;M;V,1
2026-07-29 21:55:00+03:00,15,OK,62.5,Degraded,M,M,Degraded,62.5,unique_max_firing_rule,A;M;V,1
2026-07-29 22:00:00+03:00,15,OK,62.41377012030461,Degraded,M,M,Degraded,62.41377012030461,unique_max_firing_rule,M,2
2026-07-29 22:05:00+03:00,15,OK,58.71373403307285,Degraded,M,M,Degraded,58.71373403307285,unique_max_firing_rule,M,2
2026-07-29 22:10:00+03:00,15,OK,56.14936470248248,Degraded,M,M,Degraded,56.14936470248248,unique_max_firing_rule,M,2
