sample_id,method,trial_index,trial_class,trial_index_value,changed_from_baseline,abs_index_change
boundary_humidity_2026-07-17T02:35:00+03:00,CRISP_CLASS_MAX,0,Degraded,62.5,False,0.0
boundary_humidity_2026-07-17T02:35:00+03:00,CRISP_CLASS_MAX,1,Critical,87.5,True,25.0
boundary_humidity_2026-07-17T02:35:00+03:00,CRISP_CLASS_MAX,2,Degraded,62.5,False,0.0
boundary_humidity_2026-07-17T02:35:00+03:00,CRISP_CLASS_MAX,3,Degraded,62.5,False,0.0
boundary_humidity_2026-07-17T02:35:00+03:00,CRISP_CLASS_MAX,4,Degraded,62.5,False,0.0
boundary_humidity_2026-07-17T02:35:00+03:00,CRISP_CLASS_MAX,5,Degraded,62.5,False,0.0
boundary_humidity_2026-07-17T02:35:00+03:00,CRISP_CLASS_MAX,6,Critical,87.5,True,25.0
boundary_humidity_2026-07-17T02:35:00+03:00,CRISP_CLASS_MAX,7,Critical,87.5,True,25.0
boundary_humidity_2026-07-17T02:35:00+03:00,CRISP_CLASS_MAX,8,Degraded,62.5,False,0.0
boundary_humidity_2026-07-17T02:35:00+03:00,CRISP_CLASS_MAX,9,Degraded,62.5,False,0.0
boundary_humidity_2026-07-17T02:35:00+03:00,CRISP_CLASS_MAX,10,Critical,87.5,True,25.0
boundary_humidity_2026-07-17T02:35:00+03:00,CRISP_CLASS_MAX,11,Degraded,62.5,False,0.0
boundary_humidity_2026-07-17T02:35:00+03:00,CRISP_CLASS_MAX,12,Degraded,62.5,False,0.0
boundary_humidity_2026-07-17T02:35:00+03:00,CRISP_CLASS_MAX,13,Degraded,62.5,False,0.0
boundary_humidity_2026-07-17T02:35:00+03:00,CRISP_CLASS_MAX,14,Critical,87.5,True,25.0
boundary_humidity_2026-07-17T02:35:00+03:00,CRISP_CLASS_MAX,15,Critical,87.5,True,25.0
boundary_humidity_2026-07-17T02:35:00+03:00,CRISP_CLASS_MAX,16,Critical,87.5,True,25.0
boundary_humidity_2026-07-17T02:35:00+03:00,CRISP_CLASS_MAX,17,Degraded,62.5,False,0.0
boundary_humidity_2026-07-17T02:35:00+03:00,CRISP_CLASS_MAX,18,Degraded,62.5,False,0.0
boundary_humidity_2026-07-17T02:35:00+03:00,CRISP_CLASS_MAX,19,Degraded,62.5,False,0.0
boundary_humidity_2026-07-17T02:35:00+03:00,CRISP_CLASS_MAX,20,Critical,87.5,True,25.0
boundary_humidity_2026-07-17T02:35:00+03:00,CRISP_CLASS_MAX,21,Degraded,62.5,False,0.0
boundary_humidity_2026-07-17T02:35:00+03:00,CRISP_CLASS_MAX,22,Degraded,62.5,False,0.0
boundary_humidity_2026-07-17T02:35:00+03:00,CRISP_CLASS_MAX,23,Degraded,62.5,False,0.0
boundary_humidity_2026-07-17T02:35:00+03:00,CRISP_CLASS_MAX,24,Degraded,62.5,False,0.0
boundary_humidity_2026-07-17T02:35:00+03:00,CRISP_CLASS_MAX,25,Degraded,62.5,False,0.0
boundary_humidity_2026-07-17T02:35:00+03:00,CRISP_CLASS_MAX,26,Degraded,62.5,False,0.0
boundary_humidity_2026-07-17T02:35:00+03:00,CRISP_CLASS_MAX,27,Degraded,62.5,False,0.0
boundary_humidity_2026-07-17T02:35:00+03:00,CRISP_CLASS_MAX,28,Degraded,62.5,False,0.0
boundary_humidity_2026-07-17T02:35:00+03:00,CRISP_CLASS_MAX,29,Degraded,62.5,False,0.0
boundary_humidity_2026-07-17T02:35:00+03:00,FUZZY_COMPONENT_MAX,0,Degraded,70.66081761733534,False,8.160817617335347
boundary_humidity_2026-07-17T02:35:00+03:00,FUZZY_COMPONENT_MAX,1,Critical,80.70546013310627,True,18.20546013310628
boundary_humidity_2026-07-17T02:35:00+03:00,FUZZY_COMPONENT_MAX,2,Degraded,62.50000000000002,False,2.842170943040401e-14
boundary_humidity_2026-07-17T02:35:00+03:00,FUZZY_COMPONENT_MAX,3,Degraded,62.50000000000002,False,2.842170943040401e-14
boundary_humidity_2026-07-17T02:35:00+03:00,FUZZY_COMPONENT_MAX,4,Degraded,74.07190559418592,False,11.571905594185928
boundary_humidity_2026-07-17T02:35:00+03:00,FUZZY_COMPONENT_MAX,5,Degraded,62.5,False,7.105427357601002e-15
boundary_humidity_2026-07-17T02:35:00+03:00,FUZZY_COMPONENT_MAX,6,Critical,82.8270722628801,True,20.3270722628801
boundary_humidity_2026-07-17T02:35:00+03:00,FUZZY_COMPONENT_MAX,7,Critical,83.15995652409599,True,20.659956524095996
boundary_humidity_2026-07-17T02:35:00+03:00,FUZZY_COMPONENT_MAX,8,Degraded,62.628137584114874,False,0.12813758411488152
boundary_humidity_2026-07-17T02:35:00+03:00,FUZZY_COMPONENT_MAX,9,Degraded,62.49999999999999,False,0.0
boundary_humidity_2026-07-17T02:35:00+03:00,FUZZY_COMPONENT_MAX,10,Critical,75.38549437857732,True,12.885494378577327
boundary_humidity_2026-07-17T02:35:00+03:00,FUZZY_COMPONENT_MAX,11,Degraded,62.5,False,7.105427357601002e-15
boundary_humidity_2026-07-17T02:35:00+03:00,FUZZY_COMPONENT_MAX,12,Degraded,62.5,False,7.105427357601002e-15
boundary_humidity_2026-07-17T02:35:00+03:00,FUZZY_COMPONENT_MAX,13,Degraded,64.5801570440299,False,2.08015704402991
boundary_humidity_2026-07-17T02:35:00+03:00,FUZZY_COMPONENT_MAX,14,Critical,80.4749764982563,True,17.974976498256304
boundary_humidity_2026-07-17T02:35:00+03:00,FUZZY_COMPONENT_MAX,15,Critical,83.1948309811429,True,20.694830981142907
boundary_humidity_2026-07-17T02:35:00+03:00,FUZZY_COMPONENT_MAX,16,Critical,75.1894534794692,True,12.6894534794692
boundary_humidity_2026-07-17T02:35:00+03:00,FUZZY_COMPONENT_MAX,17,Degraded,62.500000000000014,False,2.1316282072803006e-14
boundary_humidity_2026-07-17T02:35:00+03:00,FUZZY_COMPONENT_MAX,18,Degraded,71.16119341048478,False,8.661193410484792
boundary_humidity_2026-07-17T02:35:00+03:00,FUZZY_COMPONENT_MAX,19,Degraded,62.5,False,7.105427357601002e-15
boundary_humidity_2026-07-17T02:35:00+03:00,FUZZY_COMPONENT_MAX,20,Critical,81.12341124901761,True,18.623411249017614
boundary_humidity_2026-07-17T02:35:00+03:00,FUZZY_COMPONENT_MAX,21,Degraded,68.01165854537035,False,5.511658545370359
boundary_humidity_2026-07-17T02:35:00+03:00,FUZZY_COMPONENT_MAX,22,Degraded,62.16422365556634,False,0.3357763444336541
boundary_humidity_2026-07-17T02:35:00+03:00,FUZZY_COMPONENT_MAX,23,Degraded,62.50000000000001,False,1.4210854715202004e-14
boundary_humidity_2026-07-17T02:35:00+03:00,FUZZY_COMPONENT_MAX,24,Degraded,74.42044906073546,False,11.920449060735471
boundary_humidity_2026-07-17T02:35:00+03:00,FUZZY_COMPONENT_MAX,25,Degraded,62.5,False,7.105427357601002e-15
boundary_humidity_2026-07-17T02:35:00+03:00,FUZZY_COMPONENT_MAX,26,Degraded,62.49999999999998,False,1.4210854715202004e-14
boundary_humidity_2026-07-17T02:35:00+03:00,FUZZY_COMPONENT_MAX,27,Degraded,66.03932697632449,False,3.539326976324496
boundary_humidity_2026-07-17T02:35:00+03:00,FUZZY_COMPONENT_MAX,28,Degraded,62.49999999999999,False,0.0
boundary_humidity_2026-07-17T02:35:00+03:00,FUZZY_COMPONENT_MAX,29,Degraded,62.50000000000001,False,1.4210854715202004e-14
boundary_humidity_2026-07-17T02:35:00+03:00,PROPOSED_HFIS,0,Degraded,70.66081761733534,False,8.160817617335347
boundary_humidity_2026-07-17T02:35:00+03:00,PROPOSED_HFIS,1,Critical,79.97701355282614,True,17.477013552826143
boundary_humidity_2026-07-17T02:35:00+03:00,PROPOSED_HFIS,2,Degraded,62.50000000000002,False,2.842170943040401e-14
boundary_humidity_2026-07-17T02:35:00+03:00,PROPOSED_HFIS,3,Degraded,62.50000000000002,False,2.842170943040401e-14
boundary_humidity_2026-07-17T02:35:00+03:00,PROPOSED_HFIS,4,Degraded,74.07190559418592,False,11.571905594185928
boundary_humidity_2026-07-17T02:35:00+03:00,PROPOSED_HFIS,5,Degraded,62.5,False,7.105427357601002e-15
boundary_humidity_2026-07-17T02:35:00+03:00,PROPOSED_HFIS,6,Critical,82.55741678915756,True,20.057416789157564
boundary_humidity_2026-07-17T02:35:00+03:00,PROPOSED_HFIS,7,Critical,82.2055033882152,True,19.705503388215213
boundary_humidity_2026-07-17T02:35:00+03:00,PROPOSED_HFIS,8,Degraded,62.686781632620324,False,0.1867816326203311
boundary_humidity_2026-07-17T02:35:00+03:00,PROPOSED_HFIS,9,Degraded,62.49999999999999,False,0.0
boundary_humidity_2026-07-17T02:35:00+03:00,PROPOSED_HFIS,10,Critical,75.38549437857732,True,12.885494378577327
boundary_humidity_2026-07-17T02:35:00+03:00,PROPOSED_HFIS,11,Degraded,62.5,False,7.105427357601002e-15
boundary_humidity_2026-07-17T02:35:00+03:00,PROPOSED_HFIS,12,Degraded,62.5,False,7.105427357601002e-15
boundary_humidity_2026-07-17T02:35:00+03:00,PROPOSED_HFIS,13,Degraded,65.39248303416576,False,2.892483034165771
boundary_humidity_2026-07-17T02:35:00+03:00,PROPOSED_HFIS,14,Critical,80.4749764982563,True,17.974976498256304
boundary_humidity_2026-07-17T02:35:00+03:00,PROPOSED_HFIS,15,Critical,83.1948309811429,True,20.694830981142907
boundary_humidity_2026-07-17T02:35:00+03:00,PROPOSED_HFIS,16,Critical,75.1894534794692,True,12.6894534794692
boundary_humidity_2026-07-17T02:35:00+03:00,PROPOSED_HFIS,17,Degraded,62.499999999999986,False,7.105427357601002e-15
boundary_humidity_2026-07-17T02:35:00+03:00,PROPOSED_HFIS,18,Degraded,71.16119341048478,False,8.661193410484792
boundary_humidity_2026-07-17T02:35:00+03:00,PROPOSED_HFIS,19,Degraded,62.49999999999999,False,0.0
boundary_humidity_2026-07-17T02:35:00+03:00,PROPOSED_HFIS,20,Critical,81.12341124901761,True,18.623411249017614
boundary_humidity_2026-07-17T02:35:00+03:00,PROPOSED_HFIS,21,Degraded,68.01165854537035,False,5.511658545370359
boundary_humidity_2026-07-17T02:35:00+03:00,PROPOSED_HFIS,22,Degraded,62.11450496694467,False,0.38549503305532085
boundary_humidity_2026-07-17T02:35:00+03:00,PROPOSED_HFIS,23,Degraded,62.50000000000001,False,1.4210854715202004e-14
boundary_humidity_2026-07-17T02:35:00+03:00,PROPOSED_HFIS,24,Degraded,74.42044906073546,False,11.920449060735471
boundary_humidity_2026-07-17T02:35:00+03:00,PROPOSED_HFIS,25,Degraded,62.5,False,7.105427357601002e-15
boundary_humidity_2026-07-17T02:35:00+03:00,PROPOSED_HFIS,26,Degraded,62.49999999999998,False,1.4210854715202004e-14
boundary_humidity_2026-07-17T02:35:00+03:00,PROPOSED_HFIS,27,Degraded,66.03932697632449,False,3.539326976324496
boundary_humidity_2026-07-17T02:35:00+03:00,PROPOSED_HFIS,28,Degraded,62.49999999999999,False,0.0
boundary_humidity_2026-07-17T02:35:00+03:00,PROPOSED_HFIS,29,Degraded,62.50000000000001,False,1.4210854715202004e-14
boundary_humidity_2026-07-17T02:35:00+03:00,WEIGHTED_MEAN,0,Acceptable,38.63581441800285,False,7.818397090847512
boundary_humidity_2026-07-17T02:35:00+03:00,WEIGHTED_MEAN,1,Acceptable,40.59278338328159,False,9.775366056126252
boundary_humidity_2026-07-17T02:35:00+03:00,WEIGHTED_MEAN,2,Acceptable,29.12935323383085,False,1.6880640933244884
boundary_humidity_2026-07-17T02:35:00+03:00,WEIGHTED_MEAN,3,Acceptable,30.78997011716328,False,0.027447209992061516
boundary_humidity_2026-07-17T02:35:00+03:00,WEIGHTED_MEAN,4,Acceptable,40.33468421835308,False,9.517266891197742
boundary_humidity_2026-07-17T02:35:00+03:00,WEIGHTED_MEAN,5,Acceptable,29.129353233830845,False,1.6880640933244955
boundary_humidity_2026-07-17T02:35:00+03:00,WEIGHTED_MEAN,6,Acceptable,38.70997591923922,False,7.89255859208388
boundary_humidity_2026-07-17T02:35:00+03:00,WEIGHTED_MEAN,7,Acceptable,40.59505337610624,False,9.777636048950903
boundary_humidity_2026-07-17T02:35:00+03:00,WEIGHTED_MEAN,8,Acceptable,32.05694594790614,False,1.2395286207507965
boundary_humidity_2026-07-17T02:35:00+03:00,WEIGHTED_MEAN,9,Acceptable,32.221557640952426,False,1.404140313797086
boundary_humidity_2026-07-17T02:35:00+03:00,WEIGHTED_MEAN,10,Acceptable,36.95959143714728,False,6.142174109991942
boundary_humidity_2026-07-17T02:35:00+03:00,WEIGHTED_MEAN,11,Acceptable,29.129353233830845,False,1.6880640933244955
boundary_humidity_2026-07-17T02:35:00+03:00,WEIGHTED_MEAN,12,Acceptable,29.129353233830845,False,1.6880640933244955
boundary_humidity_2026-07-17T02:35:00+03:00,WEIGHTED_MEAN,13,Acceptable,33.06542203264018,False,2.2480047054848384
boundary_humidity_2026-07-17T02:35:00+03:00,WEIGHTED_MEAN,14,Acceptable,36.96018421755554,False,6.142766890400203
boundary_humidity_2026-07-17T02:35:00+03:00,WEIGHTED_MEAN,15,Acceptable,36.027630227545146,False,5.210212900389806
boundary_humidity_2026-07-17T02:35:00+03:00,WEIGHTED_MEAN,16,Acceptable,39.05537958410705,False,8.237962256951711
boundary_humidity_2026-07-17T02:35:00+03:00,WEIGHTED_MEAN,17,Acceptable,31.646297750582175,False,0.8288804234268348
boundary_humidity_2026-07-17T02:35:00+03:00,WEIGHTED_MEAN,18,Acceptable,33.53176169555183,False,2.714344368396489
boundary_humidity_2026-07-17T02:35:00+03:00,WEIGHTED_MEAN,19,Acceptable,36.500839909828144,False,5.683422582672804
boundary_humidity_2026-07-17T02:35:00+03:00,WEIGHTED_MEAN,20,Acceptable,36.4427110432291,False,5.625293716073763
boundary_humidity_2026-07-17T02:35:00+03:00,WEIGHTED_MEAN,21,Acceptable,30.966572748954295,False,0.14915542179895525
boundary_humidity_2026-07-17T02:35:00+03:00,WEIGHTED_MEAN,22,Acceptable,30.869476102183445,False,0.05205877502810452
boundary_humidity_2026-07-17T02:35:00+03:00,WEIGHTED_MEAN,23,Acceptable,29.12935323383085,False,1.6880640933244884
boundary_humidity_2026-07-17T02:35:00+03:00,WEIGHTED_MEAN,24,Acceptable,33.102836254076,False,2.285418926920663
boundary_humidity_2026-07-17T02:35:00+03:00,WEIGHTED_MEAN,25,Acceptable,29.129353233830845,False,1.6880640933244955
boundary_humidity_2026-07-17T02:35:00+03:00,WEIGHTED_MEAN,26,Acceptable,30.938633805499677,False,0.12121647834433702
boundary_humidity_2026-07-17T02:35:00+03:00,WEIGHTED_MEAN,27,Acceptable,30.309128892605674,False,0.5082884345496659
boundary_humidity_2026-07-17T02:35:00+03:00,WEIGHTED_MEAN,28,Acceptable,37.481343283582085,False,6.663925956426745
boundary_humidity_2026-07-17T02:35:00+03:00,WEIGHTED_MEAN,29,Acceptable,29.21743929461087,False,1.5999780325444704
boundary_humidity_2026-07-22T21:05:00+03:00,CRISP_CLASS_MAX,0,Degraded,62.5,True,25.0
boundary_humidity_2026-07-22T21:05:00+03:00,CRISP_CLASS_MAX,1,Acceptable,37.5,False,0.0
boundary_humidity_2026-07-22T21:05:00+03:00,CRISP_CLASS_MAX,2,Favorable,12.5,True,25.0
boundary_humidity_2026-07-22T21:05:00+03:00,CRISP_CLASS_MAX,3,Acceptable,37.5,False,0.0
boundary_humidity_2026-07-22T21:05:00+03:00,CRISP_CLASS_MAX,4,Degraded,62.5,True,25.0
boundary_humidity_2026-07-22T21:05:00+03:00,CRISP_CLASS_MAX,5,Acceptable,37.5,False,0.0
boundary_humidity_2026-07-22T21:05:00+03:00,CRISP_CLASS_MAX,6,Acceptable,37.5,False,0.0
boundary_humidity_2026-07-22T21:05:00+03:00,CRISP_CLASS_MAX,7,Degraded,62.5,True,25.0
boundary_humidity_2026-07-22T21:05:00+03:00,CRISP_CLASS_MAX,8,Acceptable,37.5,False,0.0
boundary_humidity_2026-07-22T21:05:00+03:00,CRISP_CLASS_MAX,9,Favorable,12.5,True,25.0
boundary_humidity_2026-07-22T21:05:00+03:00,CRISP_CLASS_MAX,10,Acceptable,37.5,False,0.0
boundary_humidity_2026-07-22T21:05:00+03:00,CRISP_CLASS_MAX,11,Favorable,12.5,True,25.0
boundary_humidity_2026-07-22T21:05:00+03:00,CRISP_CLASS_MAX,12,Acceptable,37.5,False,0.0
boundary_humidity_2026-07-22T21:05:00+03:00,CRISP_CLASS_MAX,13,Acceptable,37.5,False,0.0
boundary_humidity_2026-07-22T21:05:00+03:00,CRISP_CLASS_MAX,14,Acceptable,37.5,False,0.0
boundary_humidity_2026-07-22T21:05:00+03:00,CRISP_CLASS_MAX,15,Acceptable,37.5,False,0.0
boundary_humidity_2026-07-22T21:05:00+03:00,CRISP_CLASS_MAX,16,Favorable,12.5,True,25.0
boundary_humidity_2026-07-22T21:05:00+03:00,CRISP_CLASS_MAX,17,Acceptable,37.5,False,0.0
boundary_humidity_2026-07-22T21:05:00+03:00,CRISP_CLASS_MAX,18,Favorable,12.5,True,25.0
boundary_humidity_2026-07-22T21:05:00+03:00,CRISP_CLASS_MAX,19,Acceptable,37.5,False,0.0
boundary_humidity_2026-07-22T21:05:00+03:00,CRISP_CLASS_MAX,20,Acceptable,37.5,False,0.0
boundary_humidity_2026-07-22T21:05:00+03:00,CRISP_CLASS_MAX,21,Acceptable,37.5,False,0.0
boundary_humidity_2026-07-22T21:05:00+03:00,CRISP_CLASS_MAX,22,Favorable,12.5,True,25.0
boundary_humidity_2026-07-22T21:05:00+03:00,CRISP_CLASS_MAX,23,Acceptable,37.5,False,0.0
boundary_humidity_2026-07-22T21:05:00+03:00,CRISP_CLASS_MAX,24,Acceptable,37.5,False,0.0
boundary_humidity_2026-07-22T21:05:00+03:00,CRISP_CLASS_MAX,25,Acceptable,37.5,False,0.0
boundary_humidity_2026-07-22T21:05:00+03:00,CRISP_CLASS_MAX,26,Favorable,12.5,True,25.0
boundary_humidity_2026-07-22T21:05:00+03:00,CRISP_CLASS_MAX,27,Acceptable,37.5,False,0.0
boundary_humidity_2026-07-22T21:05:00+03:00,CRISP_CLASS_MAX,28,Acceptable,37.5,False,0.0
boundary_humidity_2026-07-22T21:05:00+03:00,CRISP_CLASS_MAX,29,Acceptable,37.5,False,0.0
boundary_humidity_2026-07-22T21:05:00+03:00,FUZZY_COMPONENT_MAX,0,Degraded,57.526029824666985,True,26.012352129860595
boundary_humidity_2026-07-22T21:05:00+03:00,FUZZY_COMPONENT_MAX,1,Acceptable,29.250700288313205,False,2.262977406493185
boundary_humidity_2026-07-22T21:05:00+03:00,FUZZY_COMPONENT_MAX,2,Favorable,12.444029850746269,True,19.06964784406012
boundary_humidity_2026-07-22T21:05:00+03:00,FUZZY_COMPONENT_MAX,3,Acceptable,37.5,False,5.98632230519361
boundary_humidity_2026-07-22T21:05:00+03:00,FUZZY_COMPONENT_MAX,4,Degraded,57.58239955086316,True,26.06872185605677
boundary_humidity_2026-07-22T21:05:00+03:00,FUZZY_COMPONENT_MAX,5,Acceptable,48.676165262029016,False,17.162487567222627
boundary_humidity_2026-07-22T21:05:00+03:00,FUZZY_COMPONENT_MAX,6,Acceptable,37.5,False,5.98632230519361
boundary_humidity_2026-07-22T21:05:00+03:00,FUZZY_COMPONENT_MAX,7,Degraded,57.95930597154123,True,26.445628276734837
boundary_humidity_2026-07-22T21:05:00+03:00,FUZZY_COMPONENT_MAX,8,Acceptable,30.086816151643223,False,1.4268615431631666
boundary_humidity_2026-07-22T21:05:00+03:00,FUZZY_COMPONENT_MAX,9,Favorable,12.444029850746269,True,19.06964784406012
boundary_humidity_2026-07-22T21:05:00+03:00,FUZZY_COMPONENT_MAX,10,Acceptable,42.72832372913816,False,11.214646034331771
boundary_humidity_2026-07-22T21:05:00+03:00,FUZZY_COMPONENT_MAX,11,Favorable,22.627710762238618,True,8.885966932567772
boundary_humidity_2026-07-22T21:05:00+03:00,FUZZY_COMPONENT_MAX,12,Acceptable,37.03921739940852,False,5.5255397046021315
boundary_humidity_2026-07-22T21:05:00+03:00,FUZZY_COMPONENT_MAX,13,Acceptable,42.63928951958191,False,11.125611824775518
boundary_humidity_2026-07-22T21:05:00+03:00,FUZZY_COMPONENT_MAX,14,Acceptable,37.719040793609864,False,6.205363098803474
boundary_humidity_2026-07-22T21:05:00+03:00,FUZZY_COMPONENT_MAX,15,Acceptable,37.5,False,5.98632230519361
boundary_humidity_2026-07-22T21:05:00+03:00,FUZZY_COMPONENT_MAX,16,Favorable,18.304229689805776,True,13.209448005000613
boundary_humidity_2026-07-22T21:05:00+03:00,FUZZY_COMPONENT_MAX,17,Acceptable,37.5,False,5.98632230519361
boundary_humidity_2026-07-22T21:05:00+03:00,FUZZY_COMPONENT_MAX,18,Favorable,23.556895752284607,True,7.956781942521783
boundary_humidity_2026-07-22T21:05:00+03:00,FUZZY_COMPONENT_MAX,19,Acceptable,39.810999959546294,False,8.297322264739904
boundary_humidity_2026-07-22T21:05:00+03:00,FUZZY_COMPONENT_MAX,20,Acceptable,32.39106596787043,False,0.8773882730640423
boundary_humidity_2026-07-22T21:05:00+03:00,FUZZY_COMPONENT_MAX,21,Acceptable,37.5,False,5.98632230519361
boundary_humidity_2026-07-22T21:05:00+03:00,FUZZY_COMPONENT_MAX,22,Favorable,17.95333933749194,True,13.56033835731445
boundary_humidity_2026-07-22T21:05:00+03:00,FUZZY_COMPONENT_MAX,23,Acceptable,30.365630112570216,False,1.148047582236174
boundary_humidity_2026-07-22T21:05:00+03:00,FUZZY_COMPONENT_MAX,24,Acceptable,34.1146489715766,False,2.60097127677021
boundary_humidity_2026-07-22T21:05:00+03:00,FUZZY_COMPONENT_MAX,25,Acceptable,45.939657951897,False,14.425980257090607
boundary_humidity_2026-07-22T21:05:00+03:00,FUZZY_COMPONENT_MAX,26,Favorable,19.09810467966933,True,12.41557301513706
boundary_humidity_2026-07-22T21:05:00+03:00,FUZZY_COMPONENT_MAX,27,Acceptable,37.49999999999999,False,5.986322305193603
boundary_humidity_2026-07-22T21:05:00+03:00,FUZZY_COMPONENT_MAX,28,Acceptable,46.122235130371905,False,14.608557435565515
boundary_humidity_2026-07-22T21:05:00+03:00,FUZZY_COMPONENT_MAX,29,Acceptable,46.796775393641006,False,15.283097698834617
boundary_humidity_2026-07-22T21:05:00+03:00,PROPOSED_HFIS,0,Degraded,57.526029824666985,True,26.012352129860595
boundary_humidity_2026-07-22T21:05:00+03:00,PROPOSED_HFIS,1,Acceptable,29.250700288313205,False,2.262977406493185
boundary_humidity_2026-07-22T21:05:00+03:00,PROPOSED_HFIS,2,Favorable,12.444029850746269,True,19.06964784406012
boundary_humidity_2026-07-22T21:05:00+03:00,PROPOSED_HFIS,3,Acceptable,37.5,False,5.98632230519361
boundary_humidity_2026-07-22T21:05:00+03:00,PROPOSED_HFIS,4,Degraded,57.58239955086316,True,26.06872185605677
boundary_humidity_2026-07-22T21:05:00+03:00,PROPOSED_HFIS,5,Acceptable,48.676165262029016,False,17.162487567222627
boundary_humidity_2026-07-22T21:05:00+03:00,PROPOSED_HFIS,6,Acceptable,37.5,False,5.98632230519361
boundary_humidity_2026-07-22T21:05:00+03:00,PROPOSED_HFIS,7,Degraded,57.95930597154123,True,26.445628276734837
boundary_humidity_2026-07-22T21:05:00+03:00,PROPOSED_HFIS,8,Acceptable,30.086816151643223,False,1.4268615431631666
boundary_humidity_2026-07-22T21:05:00+03:00,PROPOSED_HFIS,9,Favorable,12.444029850746269,True,19.06964784406012
boundary_humidity_2026-07-22T21:05:00+03:00,PROPOSED_HFIS,10,Acceptable,42.72832372913816,False,11.214646034331771
boundary_humidity_2026-07-22T21:05:00+03:00,PROPOSED_HFIS,11,Favorable,22.627710762238618,True,8.885966932567772
boundary_humidity_2026-07-22T21:05:00+03:00,PROPOSED_HFIS,12,Acceptable,37.03921739940852,False,5.5255397046021315
boundary_humidity_2026-07-22T21:05:00+03:00,PROPOSED_HFIS,13,Acceptable,42.63928951958191,False,11.125611824775518
boundary_humidity_2026-07-22T21:05:00+03:00,PROPOSED_HFIS,14,Acceptable,37.719040793609864,False,6.205363098803474
boundary_humidity_2026-07-22T21:05:00+03:00,PROPOSED_HFIS,15,Acceptable,37.5,False,5.98632230519361
boundary_humidity_2026-07-22T21:05:00+03:00,PROPOSED_HFIS,16,Favorable,18.304229689805776,True,13.209448005000613
boundary_humidity_2026-07-22T21:05:00+03:00,PROPOSED_HFIS,17,Acceptable,37.5,False,5.98632230519361
boundary_humidity_2026-07-22T21:05:00+03:00,PROPOSED_HFIS,18,Favorable,23.556895752284607,True,7.956781942521783
boundary_humidity_2026-07-22T21:05:00+03:00,PROPOSED_HFIS,19,Acceptable,39.810999959546294,False,8.297322264739904
boundary_humidity_2026-07-22T21:05:00+03:00,PROPOSED_HFIS,20,Acceptable,32.39106596787043,False,0.8773882730640423
boundary_humidity_2026-07-22T21:05:00+03:00,PROPOSED_HFIS,21,Acceptable,37.5,False,5.98632230519361
boundary_humidity_2026-07-22T21:05:00+03:00,PROPOSED_HFIS,22,Favorable,17.95333933749194,True,13.56033835731445
boundary_humidity_2026-07-22T21:05:00+03:00,PROPOSED_HFIS,23,Acceptable,30.365630112570216,False,1.148047582236174
boundary_humidity_2026-07-22T21:05:00+03:00,PROPOSED_HFIS,24,Acceptable,34.1146489715766,False,2.60097127677021
boundary_humidity_2026-07-22T21:05:00+03:00,PROPOSED_HFIS,25,Acceptable,45.939657951897,False,14.425980257090607
boundary_humidity_2026-07-22T21:05:00+03:00,PROPOSED_HFIS,26,Favorable,19.09810467966933,True,12.41557301513706
boundary_humidity_2026-07-22T21:05:00+03:00,PROPOSED_HFIS,27,Acceptable,37.49999999999999,False,5.986322305193603
boundary_humidity_2026-07-22T21:05:00+03:00,PROPOSED_HFIS,28,Acceptable,46.122235130371905,False,14.608557435565515
boundary_humidity_2026-07-22T21:05:00+03:00,PROPOSED_HFIS,29,Acceptable,46.796775393641006,False,15.283097698834617
boundary_humidity_2026-07-22T21:05:00+03:00,WEIGHTED_MEAN,0,Acceptable,27.47136317538651,True,8.670784043286869
boundary_humidity_2026-07-22T21:05:00+03:00,WEIGHTED_MEAN,1,Favorable,18.046253329935247,False,0.754325802164395
boundary_humidity_2026-07-22T21:05:00+03:00,WEIGHTED_MEAN,2,Favorable,12.444029850746269,False,6.356549281353374
boundary_humidity_2026-07-22T21:05:00+03:00,WEIGHTED_MEAN,3,Favorable,20.796019900497512,False,1.99544076839787
boundary_humidity_2026-07-22T21:05:00+03:00,WEIGHTED_MEAN,4,Acceptable,27.490153084118564,True,8.689573952018922
boundary_humidity_2026-07-22T21:05:00+03:00,WEIGHTED_MEAN,5,Favorable,24.52140832117385,False,5.720829189074209
boundary_humidity_2026-07-22T21:05:00+03:00,WEIGHTED_MEAN,6,Favorable,20.796019900497512,False,1.99544076839787
boundary_humidity_2026-07-22T21:05:00+03:00,WEIGHTED_MEAN,7,Acceptable,27.61578855767792,True,8.815209425578278
boundary_humidity_2026-07-22T21:05:00+03:00,WEIGHTED_MEAN,8,Favorable,18.324958617711918,False,0.47562051438772457
boundary_humidity_2026-07-22T21:05:00+03:00,WEIGHTED_MEAN,9,Favorable,12.444029850746269,False,6.356549281353374
boundary_humidity_2026-07-22T21:05:00+03:00,WEIGHTED_MEAN,10,Favorable,22.538794476876898,False,3.738215344777256
boundary_humidity_2026-07-22T21:05:00+03:00,WEIGHTED_MEAN,11,Favorable,15.838590154577053,False,2.961988977522589
boundary_humidity_2026-07-22T21:05:00+03:00,WEIGHTED_MEAN,12,Favorable,20.642425700300354,False,1.8418465682007117
boundary_humidity_2026-07-22T21:05:00+03:00,WEIGHTED_MEAN,13,Favorable,22.509116407024816,False,3.708537274925174
boundary_humidity_2026-07-22T21:05:00+03:00,WEIGHTED_MEAN,14,Favorable,20.869033498367468,False,2.068454366267826
boundary_humidity_2026-07-22T21:05:00+03:00,WEIGHTED_MEAN,15,Favorable,20.796019900497512,False,1.99544076839787
boundary_humidity_2026-07-22T21:05:00+03:00,WEIGHTED_MEAN,16,Favorable,14.39742979709944,False,4.403149335000203
boundary_humidity_2026-07-22T21:05:00+03:00,WEIGHTED_MEAN,17,Favorable,20.796019900497512,False,1.99544076839787
boundary_humidity_2026-07-22T21:05:00+03:00,WEIGHTED_MEAN,18,Favorable,16.14831848459238,False,2.652260647507262
boundary_humidity_2026-07-22T21:05:00+03:00,WEIGHTED_MEAN,19,Favorable,21.566353220346276,False,2.7657740882466335
boundary_humidity_2026-07-22T21:05:00+03:00,WEIGHTED_MEAN,20,Favorable,19.093041889787656,False,0.2924627576880141
boundary_humidity_2026-07-22T21:05:00+03:00,WEIGHTED_MEAN,21,Favorable,20.796019900497512,False,1.99544076839787
boundary_humidity_2026-07-22T21:05:00+03:00,WEIGHTED_MEAN,22,Favorable,14.28046634632816,False,4.520112785771483
boundary_humidity_2026-07-22T21:05:00+03:00,WEIGHTED_MEAN,23,Favorable,18.417896604687584,False,0.382682527412058
boundary_humidity_2026-07-22T21:05:00+03:00,WEIGHTED_MEAN,24,Favorable,19.667569557689713,False,0.8669904255900711
boundary_humidity_2026-07-22T21:05:00+03:00,WEIGHTED_MEAN,25,Favorable,23.60923921779651,False,4.808660085696868
boundary_humidity_2026-07-22T21:05:00+03:00,WEIGHTED_MEAN,26,Favorable,14.662054793720623,False,4.138524338379019
boundary_humidity_2026-07-22T21:05:00+03:00,WEIGHTED_MEAN,27,Favorable,20.79601990049751,False,1.9954407683978665
boundary_humidity_2026-07-22T21:05:00+03:00,WEIGHTED_MEAN,28,Favorable,23.670098277288147,False,4.869519145188505
boundary_humidity_2026-07-22T21:05:00+03:00,WEIGHTED_MEAN,29,Favorable,23.894945031711178,False,5.094365899611535
boundary_humidity_2026-07-23T19:05:00+03:00,CRISP_CLASS_MAX,0,Degraded,62.5,False,0.0
boundary_humidity_2026-07-23T19:05:00+03:00,CRISP_CLASS_MAX,1,Degraded,62.5,False,0.0
boundary_humidity_2026-07-23T19:05:00+03:00,CRISP_CLASS_MAX,2,Degraded,62.5,False,0.0
boundary_humidity_2026-07-23T19:05:00+03:00,CRISP_CLASS_MAX,3,Degraded,62.5,False,0.0
boundary_humidity_2026-07-23T19:05:00+03:00,CRISP_CLASS_MAX,4,Degraded,62.5,False,0.0
boundary_humidity_2026-07-23T19:05:00+03:00,CRISP_CLASS_MAX,5,Degraded,62.5,False,0.0
boundary_humidity_2026-07-23T19:05:00+03:00,CRISP_CLASS_MAX,6,Degraded,62.5,False,0.0
boundary_humidity_2026-07-23T19:05:00+03:00,CRISP_CLASS_MAX,7,Degraded,62.5,False,0.0
boundary_humidity_2026-07-23T19:05:00+03:00,CRISP_CLASS_MAX,8,Degraded,62.5,False,0.0
boundary_humidity_2026-07-23T19:05:00+03:00,CRISP_CLASS_MAX,9,Degraded,62.5,False,0.0
boundary_humidity_2026-07-23T19:05:00+03:00,CRISP_CLASS_MAX,10,Degraded,62.5,False,0.0
boundary_humidity_2026-07-23T19:05:00+03:00,CRISP_CLASS_MAX,11,Degraded,62.5,False,0.0
boundary_humidity_2026-07-23T19:05:00+03:00,CRISP_CLASS_MAX,12,Degraded,62.5,False,0.0
boundary_humidity_2026-07-23T19:05:00+03:00,CRISP_CLASS_MAX,13,Degraded,62.5,False,0.0
boundary_humidity_2026-07-23T19:05:00+03:00,CRISP_CLASS_MAX,14,Degraded,62.5,False,0.0
boundary_humidity_2026-07-23T19:05:00+03:00,CRISP_CLASS_MAX,15,Degraded,62.5,False,0.0
boundary_humidity_2026-07-23T19:05:00+03:00,CRISP_CLASS_MAX,16,Acceptable,37.5,True,25.0
boundary_humidity_2026-07-23T19:05:00+03:00,CRISP_CLASS_MAX,17,Acceptable,37.5,True,25.0
boundary_humidity_2026-07-23T19:05:00+03:00,CRISP_CLASS_MAX,18,Degraded,62.5,False,0.0
boundary_humidity_2026-07-23T19:05:00+03:00,CRISP_CLASS_MAX,19,Degraded,62.5,False,0.0
boundary_humidity_2026-07-23T19:05:00+03:00,CRISP_CLASS_MAX,20,Degraded,62.5,False,0.0
boundary_humidity_2026-07-23T19:05:00+03:00,CRISP_CLASS_MAX,21,Degraded,62.5,False,0.0
boundary_humidity_2026-07-23T19:05:00+03:00,CRISP_CLASS_MAX,22,Degraded,62.5,False,0.0
boundary_humidity_2026-07-23T19:05:00+03:00,CRISP_CLASS_MAX,23,Acceptable,37.5,True,25.0
boundary_humidity_2026-07-23T19:05:00+03:00,CRISP_CLASS_MAX,24,Acceptable,37.5,True,25.0
boundary_humidity_2026-07-23T19:05:00+03:00,CRISP_CLASS_MAX,25,Degraded,62.5,False,0.0
boundary_humidity_2026-07-23T19:05:00+03:00,CRISP_CLASS_MAX,26,Degraded,62.5,False,0.0
boundary_humidity_2026-07-23T19:05:00+03:00,CRISP_CLASS_MAX,27,Degraded,62.5,False,0.0
boundary_humidity_2026-07-23T19:05:00+03:00,CRISP_CLASS_MAX,28,Degraded,62.5,False,0.0
boundary_humidity_2026-07-23T19:05:00+03:00,CRISP_CLASS_MAX,29,Degraded,62.5,False,0.0
boundary_humidity_2026-07-23T19:05:00+03:00,FUZZY_COMPONENT_MAX,0,Degraded,62.5,False,1.4210854715202004e-14
boundary_humidity_2026-07-23T19:05:00+03:00,FUZZY_COMPONENT_MAX,1,Degraded,62.5,False,1.4210854715202004e-14
boundary_humidity_2026-07-23T19:05:00+03:00,FUZZY_COMPONENT_MAX,2,Degraded,62.49999999999999,False,2.1316282072803006e-14
boundary_humidity_2026-07-23T19:05:00+03:00,FUZZY_COMPONENT_MAX,3,Degraded,62.49999999999999,False,2.1316282072803006e-14
boundary_humidity_2026-07-23T19:05:00+03:00,FUZZY_COMPONENT_MAX,4,Degraded,62.5,False,1.4210854715202004e-14
boundary_humidity_2026-07-23T19:05:00+03:00,FUZZY_COMPONENT_MAX,5,Degraded,54.54933461251994,False,7.950665387480072
boundary_humidity_2026-07-23T19:05:00+03:00,FUZZY_COMPONENT_MAX,6,Degraded,62.500000000000014,False,0.0
boundary_humidity_2026-07-23T19:05:00+03:00,FUZZY_COMPONENT_MAX,7,Degraded,62.5,False,1.4210854715202004e-14
boundary_humidity_2026-07-23T19:05:00+03:00,FUZZY_COMPONENT_MAX,8,Degraded,62.5,False,1.4210854715202004e-14
boundary_humidity_2026-07-23T19:05:00+03:00,FUZZY_COMPONENT_MAX,9,Degraded,60.81678953334156,False,1.6832104666584513
boundary_humidity_2026-07-23T19:05:00+03:00,FUZZY_COMPONENT_MAX,10,Degraded,62.500000000000014,False,0.0
boundary_humidity_2026-07-23T19:05:00+03:00,FUZZY_COMPONENT_MAX,11,Degraded,62.5,False,1.4210854715202004e-14
boundary_humidity_2026-07-23T19:05:00+03:00,FUZZY_COMPONENT_MAX,12,Degraded,62.49999999999999,False,2.1316282072803006e-14
boundary_humidity_2026-07-23T19:05:00+03:00,FUZZY_COMPONENT_MAX,13,Degraded,62.49999999999999,False,2.1316282072803006e-14
boundary_humidity_2026-07-23T19:05:00+03:00,FUZZY_COMPONENT_MAX,14,Degraded,67.73302912453921,False,5.2330291245392
boundary_humidity_2026-07-23T19:05:00+03:00,FUZZY_COMPONENT_MAX,15,Degraded,62.5,False,1.4210854715202004e-14
boundary_humidity_2026-07-23T19:05:00+03:00,FUZZY_COMPONENT_MAX,16,Acceptable,43.655185284189365,True,18.84481471581065
boundary_humidity_2026-07-23T19:05:00+03:00,FUZZY_COMPONENT_MAX,17,Acceptable,48.70416425795433,True,13.795835742045682
boundary_humidity_2026-07-23T19:05:00+03:00,FUZZY_COMPONENT_MAX,18,Degraded,62.49999999999999,False,2.1316282072803006e-14
boundary_humidity_2026-07-23T19:05:00+03:00,FUZZY_COMPONENT_MAX,19,Degraded,62.5,False,1.4210854715202004e-14
boundary_humidity_2026-07-23T19:05:00+03:00,FUZZY_COMPONENT_MAX,20,Degraded,62.499999999999986,False,2.842170943040401e-14
boundary_humidity_2026-07-23T19:05:00+03:00,FUZZY_COMPONENT_MAX,21,Degraded,62.50000000000001,False,7.105427357601002e-15
boundary_humidity_2026-07-23T19:05:00+03:00,FUZZY_COMPONENT_MAX,22,Degraded,62.5,False,1.4210854715202004e-14
boundary_humidity_2026-07-23T19:05:00+03:00,FUZZY_COMPONENT_MAX,23,Acceptable,49.209592658336895,True,13.29040734166312
boundary_humidity_2026-07-23T19:05:00+03:00,FUZZY_COMPONENT_MAX,24,Acceptable,44.2680162838848,True,18.231983716115217
boundary_humidity_2026-07-23T19:05:00+03:00,FUZZY_COMPONENT_MAX,25,Degraded,62.5,False,1.4210854715202004e-14
boundary_humidity_2026-07-23T19:05:00+03:00,FUZZY_COMPONENT_MAX,26,Degraded,62.50000000000001,False,7.105427357601002e-15
boundary_humidity_2026-07-23T19:05:00+03:00,FUZZY_COMPONENT_MAX,27,Degraded,62.5,False,1.4210854715202004e-14
boundary_humidity_2026-07-23T19:05:00+03:00,FUZZY_COMPONENT_MAX,28,Degraded,66.26388976098399,False,3.7638897609839717
boundary_humidity_2026-07-23T19:05:00+03:00,FUZZY_COMPONENT_MAX,29,Degraded,60.71148486294294,False,1.7885151370570753
boundary_humidity_2026-07-23T19:05:00+03:00,PROPOSED_HFIS,0,Degraded,62.5,False,1.4210854715202004e-14
boundary_humidity_2026-07-23T19:05:00+03:00,PROPOSED_HFIS,1,Degraded,62.5,False,1.4210854715202004e-14
boundary_humidity_2026-07-23T19:05:00+03:00,PROPOSED_HFIS,2,Degraded,62.49999999999999,False,2.1316282072803006e-14
boundary_humidity_2026-07-23T19:05:00+03:00,PROPOSED_HFIS,3,Degraded,62.49999999999999,False,2.1316282072803006e-14
boundary_humidity_2026-07-23T19:05:00+03:00,PROPOSED_HFIS,4,Degraded,62.5,False,1.4210854715202004e-14
boundary_humidity_2026-07-23T19:05:00+03:00,PROPOSED_HFIS,5,Degraded,54.54933461251994,False,7.950665387480072
boundary_humidity_2026-07-23T19:05:00+03:00,PROPOSED_HFIS,6,Degraded,62.500000000000014,False,0.0
boundary_humidity_2026-07-23T19:05:00+03:00,PROPOSED_HFIS,7,Degraded,62.5,False,1.4210854715202004e-14
boundary_humidity_2026-07-23T19:05:00+03:00,PROPOSED_HFIS,8,Degraded,62.5,False,1.4210854715202004e-14
boundary_humidity_2026-07-23T19:05:00+03:00,PROPOSED_HFIS,9,Degraded,60.81678953334156,False,1.6832104666584513
boundary_humidity_2026-07-23T19:05:00+03:00,PROPOSED_HFIS,10,Degraded,62.500000000000014,False,0.0
boundary_humidity_2026-07-23T19:05:00+03:00,PROPOSED_HFIS,11,Degraded,62.5,False,1.4210854715202004e-14
boundary_humidity_2026-07-23T19:05:00+03:00,PROPOSED_HFIS,12,Degraded,62.49999999999999,False,2.1316282072803006e-14
boundary_humidity_2026-07-23T19:05:00+03:00,PROPOSED_HFIS,13,Degraded,62.49999999999999,False,2.1316282072803006e-14
boundary_humidity_2026-07-23T19:05:00+03:00,PROPOSED_HFIS,14,Degraded,67.73302912453921,False,5.2330291245392
boundary_humidity_2026-07-23T19:05:00+03:00,PROPOSED_HFIS,15,Degraded,62.5,False,1.4210854715202004e-14
boundary_humidity_2026-07-23T19:05:00+03:00,PROPOSED_HFIS,16,Acceptable,43.655185284189365,True,18.84481471581065
boundary_humidity_2026-07-23T19:05:00+03:00,PROPOSED_HFIS,17,Acceptable,48.70416425795433,True,13.795835742045682
boundary_humidity_2026-07-23T19:05:00+03:00,PROPOSED_HFIS,18,Degraded,62.49999999999999,False,2.1316282072803006e-14
boundary_humidity_2026-07-23T19:05:00+03:00,PROPOSED_HFIS,19,Degraded,62.5,False,1.4210854715202004e-14
boundary_humidity_2026-07-23T19:05:00+03:00,PROPOSED_HFIS,20,Degraded,62.499999999999986,False,2.842170943040401e-14
boundary_humidity_2026-07-23T19:05:00+03:00,PROPOSED_HFIS,21,Degraded,62.50000000000001,False,7.105427357601002e-15
boundary_humidity_2026-07-23T19:05:00+03:00,PROPOSED_HFIS,22,Degraded,62.5,False,1.4210854715202004e-14
boundary_humidity_2026-07-23T19:05:00+03:00,PROPOSED_HFIS,23,Acceptable,49.209592658336895,True,13.29040734166312
boundary_humidity_2026-07-23T19:05:00+03:00,PROPOSED_HFIS,24,Acceptable,44.2680162838848,True,18.231983716115217
boundary_humidity_2026-07-23T19:05:00+03:00,PROPOSED_HFIS,25,Degraded,62.5,False,1.4210854715202004e-14
boundary_humidity_2026-07-23T19:05:00+03:00,PROPOSED_HFIS,26,Degraded,62.50000000000001,False,7.105427357601002e-15
boundary_humidity_2026-07-23T19:05:00+03:00,PROPOSED_HFIS,27,Degraded,62.5,False,1.4210854715202004e-14
boundary_humidity_2026-07-23T19:05:00+03:00,PROPOSED_HFIS,28,Degraded,66.26388976098399,False,3.7638897609839717
boundary_humidity_2026-07-23T19:05:00+03:00,PROPOSED_HFIS,29,Degraded,60.71148486294294,False,1.7885151370570753
boundary_humidity_2026-07-23T19:05:00+03:00,WEIGHTED_MEAN,0,Acceptable,29.129353233830845,False,7.105427357601002e-15
boundary_humidity_2026-07-23T19:05:00+03:00,WEIGHTED_MEAN,1,Acceptable,29.129353233830845,False,7.105427357601002e-15
boundary_humidity_2026-07-23T19:05:00+03:00,WEIGHTED_MEAN,2,Acceptable,29.12935323383084,False,1.0658141036401503e-14
boundary_humidity_2026-07-23T19:05:00+03:00,WEIGHTED_MEAN,3,Acceptable,29.12935323383084,False,1.0658141036401503e-14
boundary_humidity_2026-07-23T19:05:00+03:00,WEIGHTED_MEAN,4,Acceptable,29.129353233830845,False,7.105427357601002e-15
boundary_humidity_2026-07-23T19:05:00+03:00,WEIGHTED_MEAN,5,Acceptable,26.47913143800416,False,2.650221795826692
boundary_humidity_2026-07-23T19:05:00+03:00,WEIGHTED_MEAN,6,Acceptable,29.12935323383085,False,0.0
boundary_humidity_2026-07-23T19:05:00+03:00,WEIGHTED_MEAN,7,Acceptable,29.129353233830845,False,7.105427357601002e-15
boundary_humidity_2026-07-23T19:05:00+03:00,WEIGHTED_MEAN,8,Acceptable,29.129353233830845,False,7.105427357601002e-15
boundary_humidity_2026-07-23T19:05:00+03:00,WEIGHTED_MEAN,9,Acceptable,28.568283078278032,False,0.5610701555528195
boundary_humidity_2026-07-23T19:05:00+03:00,WEIGHTED_MEAN,10,Acceptable,29.12935323383085,False,0.0
boundary_humidity_2026-07-23T19:05:00+03:00,WEIGHTED_MEAN,11,Acceptable,29.129353233830845,False,7.105427357601002e-15
boundary_humidity_2026-07-23T19:05:00+03:00,WEIGHTED_MEAN,12,Acceptable,29.12935323383084,False,1.0658141036401503e-14
boundary_humidity_2026-07-23T19:05:00+03:00,WEIGHTED_MEAN,13,Acceptable,29.12935323383084,False,1.0658141036401503e-14
boundary_humidity_2026-07-23T19:05:00+03:00,WEIGHTED_MEAN,14,Acceptable,30.873696275343917,False,1.7443430415130656
boundary_humidity_2026-07-23T19:05:00+03:00,WEIGHTED_MEAN,15,Acceptable,29.129353233830845,False,7.105427357601002e-15
boundary_humidity_2026-07-23T19:05:00+03:00,WEIGHTED_MEAN,16,Favorable,22.84774832856063,True,6.281604905270221
boundary_humidity_2026-07-23T19:05:00+03:00,WEIGHTED_MEAN,17,Favorable,24.530741319815622,True,4.59861191401523
boundary_humidity_2026-07-23T19:05:00+03:00,WEIGHTED_MEAN,18,Acceptable,29.12935323383084,False,1.0658141036401503e-14
boundary_humidity_2026-07-23T19:05:00+03:00,WEIGHTED_MEAN,19,Acceptable,29.129353233830845,False,7.105427357601002e-15
boundary_humidity_2026-07-23T19:05:00+03:00,WEIGHTED_MEAN,20,Acceptable,29.12935323383084,False,1.0658141036401503e-14
boundary_humidity_2026-07-23T19:05:00+03:00,WEIGHTED_MEAN,21,Acceptable,29.12935323383085,False,0.0
boundary_humidity_2026-07-23T19:05:00+03:00,WEIGHTED_MEAN,22,Acceptable,29.129353233830845,False,7.105427357601002e-15
boundary_humidity_2026-07-23T19:05:00+03:00,WEIGHTED_MEAN,23,Favorable,24.699217453276475,True,4.430135780554377
boundary_humidity_2026-07-23T19:05:00+03:00,WEIGHTED_MEAN,24,Favorable,23.05202532845911,True,6.077327905371742
boundary_humidity_2026-07-23T19:05:00+03:00,WEIGHTED_MEAN,25,Acceptable,29.129353233830845,False,7.105427357601002e-15
boundary_humidity_2026-07-23T19:05:00+03:00,WEIGHTED_MEAN,26,Acceptable,29.12935323383085,False,0.0
boundary_humidity_2026-07-23T19:05:00+03:00,WEIGHTED_MEAN,27,Acceptable,29.129353233830845,False,7.105427357601002e-15
boundary_humidity_2026-07-23T19:05:00+03:00,WEIGHTED_MEAN,28,Acceptable,30.38398315415884,False,1.2546299203279894
boundary_humidity_2026-07-23T19:05:00+03:00,WEIGHTED_MEAN,29,Acceptable,28.533181521478493,False,0.5961717123523584
boundary_humidity_2026-07-24T22:50:00+03:00,CRISP_CLASS_MAX,0,Favorable,12.5,True,25.0
boundary_humidity_2026-07-24T22:50:00+03:00,CRISP_CLASS_MAX,1,Acceptable,37.5,False,0.0
boundary_humidity_2026-07-24T22:50:00+03:00,CRISP_CLASS_MAX,2,Favorable,12.5,True,25.0
boundary_humidity_2026-07-24T22:50:00+03:00,CRISP_CLASS_MAX,3,Favorable,12.5,True,25.0
boundary_humidity_2026-07-24T22:50:00+03:00,CRISP_CLASS_MAX,4,Favorable,12.5,True,25.0
boundary_humidity_2026-07-24T22:50:00+03:00,CRISP_CLASS_MAX,5,Favorable,12.5,True,25.0
boundary_humidity_2026-07-24T22:50:00+03:00,CRISP_CLASS_MAX,6,Favorable,12.5,True,25.0
boundary_humidity_2026-07-24T22:50:00+03:00,CRISP_CLASS_MAX,7,Favorable,12.5,True,25.0
boundary_humidity_2026-07-24T22:50:00+03:00,CRISP_CLASS_MAX,8,Favorable,12.5,True,25.0
boundary_humidity_2026-07-24T22:50:00+03:00,CRISP_CLASS_MAX,9,Favorable,12.5,True,25.0
boundary_humidity_2026-07-24T22:50:00+03:00,CRISP_CLASS_MAX,10,Favorable,12.5,True,25.0
boundary_humidity_2026-07-24T22:50:00+03:00,CRISP_CLASS_MAX,11,Favorable,12.5,True,25.0
boundary_humidity_2026-07-24T22:50:00+03:00,CRISP_CLASS_MAX,12,Favorable,12.5,True,25.0
boundary_humidity_2026-07-24T22:50:00+03:00,CRISP_CLASS_MAX,13,Acceptable,37.5,False,0.0
boundary_humidity_2026-07-24T22:50:00+03:00,CRISP_CLASS_MAX,14,Favorable,12.5,True,25.0
boundary_humidity_2026-07-24T22:50:00+03:00,CRISP_CLASS_MAX,15,Acceptable,37.5,False,0.0
boundary_humidity_2026-07-24T22:50:00+03:00,CRISP_CLASS_MAX,16,Acceptable,37.5,False,0.0
boundary_humidity_2026-07-24T22:50:00+03:00,CRISP_CLASS_MAX,17,Favorable,12.5,True,25.0
boundary_humidity_2026-07-24T22:50:00+03:00,CRISP_CLASS_MAX,18,Favorable,12.5,True,25.0
boundary_humidity_2026-07-24T22:50:00+03:00,CRISP_CLASS_MAX,19,Favorable,12.5,True,25.0
boundary_humidity_2026-07-24T22:50:00+03:00,CRISP_CLASS_MAX,20,Acceptable,37.5,False,0.0
boundary_humidity_2026-07-24T22:50:00+03:00,CRISP_CLASS_MAX,21,Acceptable,37.5,False,0.0
boundary_humidity_2026-07-24T22:50:00+03:00,CRISP_CLASS_MAX,22,Acceptable,37.5,False,0.0
boundary_humidity_2026-07-24T22:50:00+03:00,CRISP_CLASS_MAX,23,Acceptable,37.5,False,0.0
boundary_humidity_2026-07-24T22:50:00+03:00,CRISP_CLASS_MAX,24,Favorable,12.5,True,25.0
boundary_humidity_2026-07-24T22:50:00+03:00,CRISP_CLASS_MAX,25,Acceptable,37.5,False,0.0
boundary_humidity_2026-07-24T22:50:00+03:00,CRISP_CLASS_MAX,26,Acceptable,37.5,False,0.0
boundary_humidity_2026-07-24T22:50:00+03:00,CRISP_CLASS_MAX,27,Acceptable,37.5,False,0.0
boundary_humidity_2026-07-24T22:50:00+03:00,CRISP_CLASS_MAX,28,Favorable,12.5,True,25.0
boundary_humidity_2026-07-24T22:50:00+03:00,CRISP_CLASS_MAX,29,Favorable,12.5,True,25.0
boundary_humidity_2026-07-24T22:50:00+03:00,FUZZY_COMPONENT_MAX,0,Favorable,17.9606609265161,True,7.262181660936935
boundary_humidity_2026-07-24T22:50:00+03:00,FUZZY_COMPONENT_MAX,1,Acceptable,31.19190576864579,False,5.969063181192755
boundary_humidity_2026-07-24T22:50:00+03:00,FUZZY_COMPONENT_MAX,2,Favorable,12.444029850746269,True,12.778812736706765
boundary_humidity_2026-07-24T22:50:00+03:00,FUZZY_COMPONENT_MAX,3,Favorable,12.444029850746269,True,12.778812736706765
boundary_humidity_2026-07-24T22:50:00+03:00,FUZZY_COMPONENT_MAX,4,Favorable,22.41377720236926,True,2.8090653850837732
boundary_humidity_2026-07-24T22:50:00+03:00,FUZZY_COMPONENT_MAX,5,Favorable,12.444029850746269,True,12.778812736706765
boundary_humidity_2026-07-24T22:50:00+03:00,FUZZY_COMPONENT_MAX,6,Favorable,12.444029850746269,True,12.778812736706765
boundary_humidity_2026-07-24T22:50:00+03:00,FUZZY_COMPONENT_MAX,7,Favorable,23.585245193116613,True,1.6375973943364208
boundary_humidity_2026-07-24T22:50:00+03:00,FUZZY_COMPONENT_MAX,8,Favorable,14.583411360365606,True,10.639431227087428
boundary_humidity_2026-07-24T22:50:00+03:00,FUZZY_COMPONENT_MAX,9,Favorable,14.938243276293813,True,10.284599311159221
boundary_humidity_2026-07-24T22:50:00+03:00,FUZZY_COMPONENT_MAX,10,Favorable,20.943284756410954,True,4.27955783104208
boundary_humidity_2026-07-24T22:50:00+03:00,FUZZY_COMPONENT_MAX,11,Favorable,24.339530639021554,True,0.88331194843148
boundary_humidity_2026-07-24T22:50:00+03:00,FUZZY_COMPONENT_MAX,12,Favorable,12.444029850746269,True,12.778812736706765
boundary_humidity_2026-07-24T22:50:00+03:00,FUZZY_COMPONENT_MAX,13,Acceptable,37.5,False,12.277157412546966
boundary_humidity_2026-07-24T22:50:00+03:00,FUZZY_COMPONENT_MAX,14,Favorable,12.444029850746269,True,12.778812736706765
boundary_humidity_2026-07-24T22:50:00+03:00,FUZZY_COMPONENT_MAX,15,Acceptable,26.276717753083936,False,1.0538751656309024
boundary_humidity_2026-07-24T22:50:00+03:00,FUZZY_COMPONENT_MAX,16,Acceptable,34.659610682515265,False,9.43676809506223
boundary_humidity_2026-07-24T22:50:00+03:00,FUZZY_COMPONENT_MAX,17,Favorable,12.444029850746269,True,12.778812736706765
boundary_humidity_2026-07-24T22:50:00+03:00,FUZZY_COMPONENT_MAX,18,Favorable,12.444029850746269,True,12.778812736706765
boundary_humidity_2026-07-24T22:50:00+03:00,FUZZY_COMPONENT_MAX,19,Favorable,12.444029850746269,True,12.778812736706765
boundary_humidity_2026-07-24T22:50:00+03:00,FUZZY_COMPONENT_MAX,20,Acceptable,32.17244713494429,False,6.949604547491258
boundary_humidity_2026-07-24T22:50:00+03:00,FUZZY_COMPONENT_MAX,21,Acceptable,28.88802167968477,False,3.6651790922317353
boundary_humidity_2026-07-24T22:50:00+03:00,FUZZY_COMPONENT_MAX,22,Acceptable,37.5,False,12.277157412546966
boundary_humidity_2026-07-24T22:50:00+03:00,FUZZY_COMPONENT_MAX,23,Acceptable,37.5,False,12.277157412546966
boundary_humidity_2026-07-24T22:50:00+03:00,FUZZY_COMPONENT_MAX,24,Favorable,19.634965276644017,True,5.5878773108090165
boundary_humidity_2026-07-24T22:50:00+03:00,FUZZY_COMPONENT_MAX,25,Acceptable,37.5,False,12.277157412546966
boundary_humidity_2026-07-24T22:50:00+03:00,FUZZY_COMPONENT_MAX,26,Acceptable,37.5,False,12.277157412546966
boundary_humidity_2026-07-24T22:50:00+03:00,FUZZY_COMPONENT_MAX,27,Acceptable,37.5,False,12.277157412546966
boundary_humidity_2026-07-24T22:50:00+03:00,FUZZY_COMPONENT_MAX,28,Favorable,21.754493946367216,True,3.468348641085818
boundary_humidity_2026-07-24T22:50:00+03:00,FUZZY_COMPONENT_MAX,29,Favorable,12.444029850746269,True,12.778812736706765
boundary_humidity_2026-07-24T22:50:00+03:00,PROPOSED_HFIS,0,Favorable,17.9606609265161,True,7.262181660936935
boundary_humidity_2026-07-24T22:50:00+03:00,PROPOSED_HFIS,1,Acceptable,31.19190576864579,False,5.969063181192755
boundary_humidity_2026-07-24T22:50:00+03:00,PROPOSED_HFIS,2,Favorable,12.444029850746269,True,12.778812736706765
boundary_humidity_2026-07-24T22:50:00+03:00,PROPOSED_HFIS,3,Favorable,12.444029850746269,True,12.778812736706765
boundary_humidity_2026-07-24T22:50:00+03:00,PROPOSED_HFIS,4,Favorable,22.41377720236926,True,2.8090653850837732
boundary_humidity_2026-07-24T22:50:00+03:00,PROPOSED_HFIS,5,Favorable,12.444029850746269,True,12.778812736706765
boundary_humidity_2026-07-24T22:50:00+03:00,PROPOSED_HFIS,6,Favorable,12.444029850746269,True,12.778812736706765
boundary_humidity_2026-07-24T22:50:00+03:00,PROPOSED_HFIS,7,Favorable,23.585245193116613,True,1.6375973943364208
boundary_humidity_2026-07-24T22:50:00+03:00,PROPOSED_HFIS,8,Favorable,14.583411360365606,True,10.639431227087428
boundary_humidity_2026-07-24T22:50:00+03:00,PROPOSED_HFIS,9,Favorable,14.938243276293813,True,10.284599311159221
boundary_humidity_2026-07-24T22:50:00+03:00,PROPOSED_HFIS,10,Favorable,20.943284756410954,True,4.27955783104208
boundary_humidity_2026-07-24T22:50:00+03:00,PROPOSED_HFIS,11,Favorable,24.339530639021554,True,0.88331194843148
boundary_humidity_2026-07-24T22:50:00+03:00,PROPOSED_HFIS,12,Favorable,12.444029850746269,True,12.778812736706765
boundary_humidity_2026-07-24T22:50:00+03:00,PROPOSED_HFIS,13,Acceptable,37.5,False,12.277157412546966
boundary_humidity_2026-07-24T22:50:00+03:00,PROPOSED_HFIS,14,Favorable,12.444029850746269,True,12.778812736706765
boundary_humidity_2026-07-24T22:50:00+03:00,PROPOSED_HFIS,15,Acceptable,26.276717753083936,False,1.0538751656309024
boundary_humidity_2026-07-24T22:50:00+03:00,PROPOSED_HFIS,16,Acceptable,34.659610682515265,False,9.43676809506223
boundary_humidity_2026-07-24T22:50:00+03:00,PROPOSED_HFIS,17,Favorable,12.444029850746269,True,12.778812736706765
boundary_humidity_2026-07-24T22:50:00+03:00,PROPOSED_HFIS,18,Favorable,12.444029850746269,True,12.778812736706765
boundary_humidity_2026-07-24T22:50:00+03:00,PROPOSED_HFIS,19,Favorable,12.444029850746269,True,12.778812736706765
boundary_humidity_2026-07-24T22:50:00+03:00,PROPOSED_HFIS,20,Acceptable,32.17244713494429,False,6.949604547491258
boundary_humidity_2026-07-24T22:50:00+03:00,PROPOSED_HFIS,21,Acceptable,28.88802167968477,False,3.6651790922317353
boundary_humidity_2026-07-24T22:50:00+03:00,PROPOSED_HFIS,22,Acceptable,37.5,False,12.277157412546966
boundary_humidity_2026-07-24T22:50:00+03:00,PROPOSED_HFIS,23,Acceptable,37.5,False,12.277157412546966
boundary_humidity_2026-07-24T22:50:00+03:00,PROPOSED_HFIS,24,Favorable,19.634965276644017,True,5.5878773108090165
boundary_humidity_2026-07-24T22:50:00+03:00,PROPOSED_HFIS,25,Acceptable,37.5,False,12.277157412546966
boundary_humidity_2026-07-24T22:50:00+03:00,PROPOSED_HFIS,26,Acceptable,37.5,False,12.277157412546966
boundary_humidity_2026-07-24T22:50:00+03:00,PROPOSED_HFIS,27,Acceptable,37.5,False,12.277157412546966
boundary_humidity_2026-07-24T22:50:00+03:00,PROPOSED_HFIS,28,Favorable,21.754493946367216,True,3.468348641085818
boundary_humidity_2026-07-24T22:50:00+03:00,PROPOSED_HFIS,29,Favorable,12.444029850746269,True,12.778812736706765
boundary_humidity_2026-07-24T22:50:00+03:00,WEIGHTED_MEAN,0,Favorable,14.282906876002878,False,2.42072722031231
boundary_humidity_2026-07-24T22:50:00+03:00,WEIGHTED_MEAN,1,Favorable,18.693321823379442,False,1.9896877270642541
boundary_humidity_2026-07-24T22:50:00+03:00,WEIGHTED_MEAN,2,Favorable,12.444029850746269,False,4.259604245568919
boundary_humidity_2026-07-24T22:50:00+03:00,WEIGHTED_MEAN,3,Favorable,12.444029850746269,False,4.259604245568919
boundary_humidity_2026-07-24T22:50:00+03:00,WEIGHTED_MEAN,4,Favorable,15.767278967953933,False,0.9363551283612548
boundary_humidity_2026-07-24T22:50:00+03:00,WEIGHTED_MEAN,5,Favorable,12.444029850746269,False,4.259604245568919
boundary_humidity_2026-07-24T22:50:00+03:00,WEIGHTED_MEAN,6,Favorable,12.444029850746269,False,4.259604245568919
boundary_humidity_2026-07-24T22:50:00+03:00,WEIGHTED_MEAN,7,Favorable,16.15776829820305,False,0.5458657981121391
boundary_humidity_2026-07-24T22:50:00+03:00,WEIGHTED_MEAN,8,Favorable,13.15715702061938,False,3.546477075695808
boundary_humidity_2026-07-24T22:50:00+03:00,WEIGHTED_MEAN,9,Favorable,13.275434325928783,False,3.4281997703864047
boundary_humidity_2026-07-24T22:50:00+03:00,WEIGHTED_MEAN,10,Favorable,15.277114819301163,False,1.426519277014025
boundary_humidity_2026-07-24T22:50:00+03:00,WEIGHTED_MEAN,11,Favorable,16.409196780171364,False,0.2944373161438243
boundary_humidity_2026-07-24T22:50:00+03:00,WEIGHTED_MEAN,12,Favorable,12.444029850746269,False,4.259604245568919
boundary_humidity_2026-07-24T22:50:00+03:00,WEIGHTED_MEAN,13,Favorable,20.796019900497512,False,4.0923858041823244
boundary_humidity_2026-07-24T22:50:00+03:00,WEIGHTED_MEAN,14,Favorable,12.444029850746269,False,4.259604245568919
boundary_humidity_2026-07-24T22:50:00+03:00,WEIGHTED_MEAN,15,Favorable,17.054925818192157,False,0.35129172187696867
boundary_humidity_2026-07-24T22:50:00+03:00,WEIGHTED_MEAN,16,Favorable,19.849223461335935,False,3.145589365020747
boundary_humidity_2026-07-24T22:50:00+03:00,WEIGHTED_MEAN,17,Favorable,12.444029850746269,False,4.259604245568919
boundary_humidity_2026-07-24T22:50:00+03:00,WEIGHTED_MEAN,18,Favorable,12.444029850746269,False,4.259604245568919
boundary_humidity_2026-07-24T22:50:00+03:00,WEIGHTED_MEAN,19,Favorable,12.444029850746269,False,4.259604245568919
boundary_humidity_2026-07-24T22:50:00+03:00,WEIGHTED_MEAN,20,Favorable,19.020168945478943,False,2.316534849163755
boundary_humidity_2026-07-24T22:50:00+03:00,WEIGHTED_MEAN,21,Favorable,17.925360460392437,False,1.2217263640772487
boundary_humidity_2026-07-24T22:50:00+03:00,WEIGHTED_MEAN,22,Favorable,20.796019900497512,False,4.0923858041823244
boundary_humidity_2026-07-24T22:50:00+03:00,WEIGHTED_MEAN,23,Favorable,20.796019900497512,False,4.0923858041823244
boundary_humidity_2026-07-24T22:50:00+03:00,WEIGHTED_MEAN,24,Favorable,14.841008326045518,False,1.8626257702696698
boundary_humidity_2026-07-24T22:50:00+03:00,WEIGHTED_MEAN,25,Favorable,20.796019900497512,False,4.0923858041823244
boundary_humidity_2026-07-24T22:50:00+03:00,WEIGHTED_MEAN,26,Favorable,20.796019900497512,False,4.0923858041823244
boundary_humidity_2026-07-24T22:50:00+03:00,WEIGHTED_MEAN,27,Favorable,20.796019900497512,False,4.0923858041823244
boundary_humidity_2026-07-24T22:50:00+03:00,WEIGHTED_MEAN,28,Favorable,15.54751788261992,False,1.1561162136952685
boundary_humidity_2026-07-24T22:50:00+03:00,WEIGHTED_MEAN,29,Favorable,12.444029850746269,False,4.259604245568919
boundary_humidity_2026-07-28T10:20:00+03:00,CRISP_CLASS_MAX,0,Acceptable,37.5,True,25.0
boundary_humidity_2026-07-28T10:20:00+03:00,CRISP_CLASS_MAX,1,Acceptable,37.5,True,25.0
boundary_humidity_2026-07-28T10:20:00+03:00,CRISP_CLASS_MAX,2,Acceptable,37.5,True,25.0
boundary_humidity_2026-07-28T10:20:00+03:00,CRISP_CLASS_MAX,3,Favorable,12.5,False,0.0
boundary_humidity_2026-07-28T10:20:00+03:00,CRISP_CLASS_MAX,4,Acceptable,37.5,True,25.0
boundary_humidity_2026-07-28T10:20:00+03:00,CRISP_CLASS_MAX,5,Acceptable,37.5,True,25.0
boundary_humidity_2026-07-28T10:20:00+03:00,CRISP_CLASS_MAX,6,Favorable,12.5,False,0.0
boundary_humidity_2026-07-28T10:20:00+03:00,CRISP_CLASS_MAX,7,Acceptable,37.5,True,25.0
boundary_humidity_2026-07-28T10:20:00+03:00,CRISP_CLASS_MAX,8,Acceptable,37.5,True,25.0
boundary_humidity_2026-07-28T10:20:00+03:00,CRISP_CLASS_MAX,9,Acceptable,37.5,True,25.0
boundary_humidity_2026-07-28T10:20:00+03:00,CRISP_CLASS_MAX,10,Favorable,12.5,False,0.0
boundary_humidity_2026-07-28T10:20:00+03:00,CRISP_CLASS_MAX,11,Acceptable,37.5,True,25.0
boundary_humidity_2026-07-28T10:20:00+03:00,CRISP_CLASS_MAX,12,Acceptable,37.5,True,25.0
boundary_humidity_2026-07-28T10:20:00+03:00,CRISP_CLASS_MAX,13,Favorable,12.5,False,0.0
boundary_humidity_2026-07-28T10:20:00+03:00,CRISP_CLASS_MAX,14,Acceptable,37.5,True,25.0
boundary_humidity_2026-07-28T10:20:00+03:00,CRISP_CLASS_MAX,15,Acceptable,37.5,True,25.0
boundary_humidity_2026-07-28T10:20:00+03:00,CRISP_CLASS_MAX,16,Acceptable,37.5,True,25.0
boundary_humidity_2026-07-28T10:20:00+03:00,CRISP_CLASS_MAX,17,Acceptable,37.5,True,25.0
boundary_humidity_2026-07-28T10:20:00+03:00,CRISP_CLASS_MAX,18,Acceptable,37.5,True,25.0
boundary_humidity_2026-07-28T10:20:00+03:00,CRISP_CLASS_MAX,19,Acceptable,37.5,True,25.0
boundary_humidity_2026-07-28T10:20:00+03:00,CRISP_CLASS_MAX,20,Acceptable,37.5,True,25.0
boundary_humidity_2026-07-28T10:20:00+03:00,CRISP_CLASS_MAX,21,Favorable,12.5,False,0.0
boundary_humidity_2026-07-28T10:20:00+03:00,CRISP_CLASS_MAX,22,Favorable,12.5,False,0.0
boundary_humidity_2026-07-28T10:20:00+03:00,CRISP_CLASS_MAX,23,Acceptable,37.5,True,25.0
boundary_humidity_2026-07-28T10:20:00+03:00,CRISP_CLASS_MAX,24,Favorable,12.5,False,0.0
boundary_humidity_2026-07-28T10:20:00+03:00,CRISP_CLASS_MAX,25,Favorable,12.5,False,0.0
boundary_humidity_2026-07-28T10:20:00+03:00,CRISP_CLASS_MAX,26,Favorable,12.5,False,0.0
boundary_humidity_2026-07-28T10:20:00+03:00,CRISP_CLASS_MAX,27,Favorable,12.5,False,0.0
boundary_humidity_2026-07-28T10:20:00+03:00,CRISP_CLASS_MAX,28,Acceptable,37.5,True,25.0
boundary_humidity_2026-07-28T10:20:00+03:00,CRISP_CLASS_MAX,29,Favorable,12.5,False,0.0
boundary_humidity_2026-07-28T10:20:00+03:00,FUZZY_COMPONENT_MAX,0,Acceptable,37.5,False,12.314776406035588
boundary_humidity_2026-07-28T10:20:00+03:00,FUZZY_COMPONENT_MAX,1,Acceptable,28.04196123069749,False,2.856737636733076
boundary_humidity_2026-07-28T10:20:00+03:00,FUZZY_COMPONENT_MAX,2,Acceptable,29.214283506233972,False,4.02905991226956
boundary_humidity_2026-07-28T10:20:00+03:00,FUZZY_COMPONENT_MAX,3,Favorable,21.482496725241063,True,3.7027268687233494
boundary_humidity_2026-07-28T10:20:00+03:00,FUZZY_COMPONENT_MAX,4,Acceptable,25.468879420888452,False,0.2836558269240399
boundary_humidity_2026-07-28T10:20:00+03:00,FUZZY_COMPONENT_MAX,5,Acceptable,29.845235069863207,False,4.660011475898795
boundary_humidity_2026-07-28T10:20:00+03:00,FUZZY_COMPONENT_MAX,6,Favorable,12.444029850746269,True,12.741193743218144
boundary_humidity_2026-07-28T10:20:00+03:00,FUZZY_COMPONENT_MAX,7,Acceptable,37.5,False,12.314776406035588
boundary_humidity_2026-07-28T10:20:00+03:00,FUZZY_COMPONENT_MAX,8,Acceptable,29.783466421116902,False,4.5982428271524896
boundary_humidity_2026-07-28T10:20:00+03:00,FUZZY_COMPONENT_MAX,9,Acceptable,29.39680980987312,False,4.2115862159087065
boundary_humidity_2026-07-28T10:20:00+03:00,FUZZY_COMPONENT_MAX,10,Favorable,14.236898565114776,True,10.948325028849636
boundary_humidity_2026-07-28T10:20:00+03:00,FUZZY_COMPONENT_MAX,11,Acceptable,32.16979806247061,False,6.9845744685061995
boundary_humidity_2026-07-28T10:20:00+03:00,FUZZY_COMPONENT_MAX,12,Acceptable,28.85405826769012,False,3.6688346737257085
boundary_humidity_2026-07-28T10:20:00+03:00,FUZZY_COMPONENT_MAX,13,Favorable,12.444029850746269,True,12.741193743218144
boundary_humidity_2026-07-28T10:20:00+03:00,FUZZY_COMPONENT_MAX,14,Acceptable,37.5,False,12.314776406035588
boundary_humidity_2026-07-28T10:20:00+03:00,FUZZY_COMPONENT_MAX,15,Acceptable,37.5,False,12.314776406035588
boundary_humidity_2026-07-28T10:20:00+03:00,FUZZY_COMPONENT_MAX,16,Acceptable,37.5,False,12.314776406035588
boundary_humidity_2026-07-28T10:20:00+03:00,FUZZY_COMPONENT_MAX,17,Acceptable,37.5,False,12.314776406035588
boundary_humidity_2026-07-28T10:20:00+03:00,FUZZY_COMPONENT_MAX,18,Acceptable,33.92919530069445,False,8.74397170673004
boundary_humidity_2026-07-28T10:20:00+03:00,FUZZY_COMPONENT_MAX,19,Acceptable,37.5,False,12.314776406035588
boundary_humidity_2026-07-28T10:20:00+03:00,FUZZY_COMPONENT_MAX,20,Acceptable,29.388070969435038,False,4.2028473754706255
boundary_humidity_2026-07-28T10:20:00+03:00,FUZZY_COMPONENT_MAX,21,Favorable,12.444029850746269,True,12.741193743218144
boundary_humidity_2026-07-28T10:20:00+03:00,FUZZY_COMPONENT_MAX,22,Favorable,21.354201335184317,True,3.831022258780095
boundary_humidity_2026-07-28T10:20:00+03:00,FUZZY_COMPONENT_MAX,23,Acceptable,37.5,False,12.314776406035588
boundary_humidity_2026-07-28T10:20:00+03:00,FUZZY_COMPONENT_MAX,24,Favorable,15.227390234357706,True,9.957833359606706
boundary_humidity_2026-07-28T10:20:00+03:00,FUZZY_COMPONENT_MAX,25,Favorable,12.444029850746269,True,12.741193743218144
boundary_humidity_2026-07-28T10:20:00+03:00,FUZZY_COMPONENT_MAX,26,Favorable,12.444029850746269,True,12.741193743218144
boundary_humidity_2026-07-28T10:20:00+03:00,FUZZY_COMPONENT_MAX,27,Favorable,12.444029850746269,True,12.741193743218144
boundary_humidity_2026-07-28T10:20:00+03:00,FUZZY_COMPONENT_MAX,28,Acceptable,37.5,False,12.314776406035588
boundary_humidity_2026-07-28T10:20:00+03:00,FUZZY_COMPONENT_MAX,29,Favorable,12.46244302487814,True,12.722780569086272
boundary_humidity_2026-07-28T10:20:00+03:00,PROPOSED_HFIS,0,Acceptable,37.5,False,12.314776406035588
boundary_humidity_2026-07-28T10:20:00+03:00,PROPOSED_HFIS,1,Acceptable,28.04196123069749,False,2.856737636733076
boundary_humidity_2026-07-28T10:20:00+03:00,PROPOSED_HFIS,2,Acceptable,29.214283506233972,False,4.02905991226956
boundary_humidity_2026-07-28T10:20:00+03:00,PROPOSED_HFIS,3,Favorable,21.482496725241063,True,3.7027268687233494
boundary_humidity_2026-07-28T10:20:00+03:00,PROPOSED_HFIS,4,Acceptable,25.468879420888452,False,0.2836558269240399
boundary_humidity_2026-07-28T10:20:00+03:00,PROPOSED_HFIS,5,Acceptable,29.845235069863207,False,4.660011475898795
boundary_humidity_2026-07-28T10:20:00+03:00,PROPOSED_HFIS,6,Favorable,12.444029850746269,True,12.741193743218144
boundary_humidity_2026-07-28T10:20:00+03:00,PROPOSED_HFIS,7,Acceptable,37.5,False,12.314776406035588
boundary_humidity_2026-07-28T10:20:00+03:00,PROPOSED_HFIS,8,Acceptable,29.783466421116902,False,4.5982428271524896
boundary_humidity_2026-07-28T10:20:00+03:00,PROPOSED_HFIS,9,Acceptable,29.39680980987312,False,4.2115862159087065
boundary_humidity_2026-07-28T10:20:00+03:00,PROPOSED_HFIS,10,Favorable,14.236898565114776,True,10.948325028849636
boundary_humidity_2026-07-28T10:20:00+03:00,PROPOSED_HFIS,11,Acceptable,32.16979806247061,False,6.9845744685061995
boundary_humidity_2026-07-28T10:20:00+03:00,PROPOSED_HFIS,12,Acceptable,28.85405826769012,False,3.6688346737257085
boundary_humidity_2026-07-28T10:20:00+03:00,PROPOSED_HFIS,13,Favorable,12.444029850746269,True,12.741193743218144
boundary_humidity_2026-07-28T10:20:00+03:00,PROPOSED_HFIS,14,Acceptable,37.5,False,12.314776406035588
boundary_humidity_2026-07-28T10:20:00+03:00,PROPOSED_HFIS,15,Acceptable,37.49999999999999,False,12.31477640603558
boundary_humidity_2026-07-28T10:20:00+03:00,PROPOSED_HFIS,16,Acceptable,37.5,False,12.314776406035588
boundary_humidity_2026-07-28T10:20:00+03:00,PROPOSED_HFIS,17,Acceptable,37.5,False,12.314776406035588
boundary_humidity_2026-07-28T10:20:00+03:00,PROPOSED_HFIS,18,Acceptable,33.92919530069445,False,8.74397170673004
boundary_humidity_2026-07-28T10:20:00+03:00,PROPOSED_HFIS,19,Acceptable,37.5,False,12.314776406035588
boundary_humidity_2026-07-28T10:20:00+03:00,PROPOSED_HFIS,20,Acceptable,29.388070969435038,False,4.2028473754706255
boundary_humidity_2026-07-28T10:20:00+03:00,PROPOSED_HFIS,21,Favorable,12.444029850746269,True,12.741193743218144
boundary_humidity_2026-07-28T10:20:00+03:00,PROPOSED_HFIS,22,Favorable,21.354201335184317,True,3.831022258780095
boundary_humidity_2026-07-28T10:20:00+03:00,PROPOSED_HFIS,23,Acceptable,37.5,False,12.314776406035588
boundary_humidity_2026-07-28T10:20:00+03:00,PROPOSED_HFIS,24,Favorable,15.227390234357706,True,9.957833359606706
boundary_humidity_2026-07-28T10:20:00+03:00,PROPOSED_HFIS,25,Favorable,12.444029850746269,True,12.741193743218144
boundary_humidity_2026-07-28T10:20:00+03:00,PROPOSED_HFIS,26,Favorable,12.444029850746269,True,12.741193743218144
boundary_humidity_2026-07-28T10:20:00+03:00,PROPOSED_HFIS,27,Favorable,12.444029850746269,True,12.741193743218144
boundary_humidity_2026-07-28T10:20:00+03:00,PROPOSED_HFIS,28,Acceptable,37.5,False,12.314776406035588
boundary_humidity_2026-07-28T10:20:00+03:00,PROPOSED_HFIS,29,Favorable,12.46244302487814,True,12.722780569086272
boundary_humidity_2026-07-28T10:20:00+03:00,WEIGHTED_MEAN,0,Favorable,24.972014925373134,False,6.157388203017792
boundary_humidity_2026-07-28T10:20:00+03:00,WEIGHTED_MEAN,1,Favorable,20.24299554072188,False,1.4283688183665362
boundary_humidity_2026-07-28T10:20:00+03:00,WEIGHTED_MEAN,2,Favorable,20.829156678490122,False,2.01452995613478
boundary_humidity_2026-07-28T10:20:00+03:00,WEIGHTED_MEAN,3,Favorable,16.963263287993666,False,1.8513634343616765
boundary_humidity_2026-07-28T10:20:00+03:00,WEIGHTED_MEAN,4,Favorable,18.95645463581736,False,0.1418279134620164
boundary_humidity_2026-07-28T10:20:00+03:00,WEIGHTED_MEAN,5,Favorable,21.144632460304738,False,2.3300057379493957
boundary_humidity_2026-07-28T10:20:00+03:00,WEIGHTED_MEAN,6,Favorable,12.444029850746269,False,6.370596871609074
boundary_humidity_2026-07-28T10:20:00+03:00,WEIGHTED_MEAN,7,Favorable,24.972014925373134,False,6.157388203017792
boundary_humidity_2026-07-28T10:20:00+03:00,WEIGHTED_MEAN,8,Favorable,21.113748135931587,False,2.2991214135762448
boundary_humidity_2026-07-28T10:20:00+03:00,WEIGHTED_MEAN,9,Favorable,20.920419830309694,False,2.1057931079543515
boundary_humidity_2026-07-28T10:20:00+03:00,WEIGHTED_MEAN,10,Favorable,13.340464207930523,False,5.474162514424819
boundary_humidity_2026-07-28T10:20:00+03:00,WEIGHTED_MEAN,11,Favorable,22.30691395660844,False,3.492287234253098
boundary_humidity_2026-07-28T10:20:00+03:00,WEIGHTED_MEAN,12,Favorable,22.772135815203793,False,3.9575090928484506
boundary_humidity_2026-07-28T10:20:00+03:00,WEIGHTED_MEAN,13,Favorable,12.444029850746269,False,6.370596871609074
boundary_humidity_2026-07-28T10:20:00+03:00,WEIGHTED_MEAN,14,Favorable,24.972014925373134,False,6.157388203017792
boundary_humidity_2026-07-28T10:20:00+03:00,WEIGHTED_MEAN,15,Acceptable,26.41830336609828,True,7.603676643742936
boundary_humidity_2026-07-28T10:20:00+03:00,WEIGHTED_MEAN,16,Favorable,24.972014925373134,False,6.157388203017792
boundary_humidity_2026-07-28T10:20:00+03:00,WEIGHTED_MEAN,17,Favorable,24.972014925373134,False,6.157388203017792
boundary_humidity_2026-07-28T10:20:00+03:00,WEIGHTED_MEAN,18,Favorable,23.18661257572036,False,4.371985853365018
boundary_humidity_2026-07-28T10:20:00+03:00,WEIGHTED_MEAN,19,Favorable,24.972014925373134,False,6.157388203017792
boundary_humidity_2026-07-28T10:20:00+03:00,WEIGHTED_MEAN,20,Favorable,20.916050410090655,False,2.1014236877353127
boundary_humidity_2026-07-28T10:20:00+03:00,WEIGHTED_MEAN,21,Favorable,12.444029850746269,False,6.370596871609074
boundary_humidity_2026-07-28T10:20:00+03:00,WEIGHTED_MEAN,22,Favorable,16.899115592965295,False,1.9155111293900475
boundary_humidity_2026-07-28T10:20:00+03:00,WEIGHTED_MEAN,23,Favorable,24.972014925373134,False,6.157388203017792
boundary_humidity_2026-07-28T10:20:00+03:00,WEIGHTED_MEAN,24,Favorable,13.835710042551987,False,4.978916679803355
boundary_humidity_2026-07-28T10:20:00+03:00,WEIGHTED_MEAN,25,Favorable,12.444029850746269,False,6.370596871609074
boundary_humidity_2026-07-28T10:20:00+03:00,WEIGHTED_MEAN,26,Favorable,12.444029850746269,False,6.370596871609074
boundary_humidity_2026-07-28T10:20:00+03:00,WEIGHTED_MEAN,27,Favorable,12.444029850746269,False,6.370596871609074
boundary_humidity_2026-07-28T10:20:00+03:00,WEIGHTED_MEAN,28,Favorable,24.972014925373134,False,6.157388203017792
boundary_humidity_2026-07-28T10:20:00+03:00,WEIGHTED_MEAN,29,Favorable,12.453236437812205,False,6.361390284543138
boundary_temperature_2026-07-15T15:55:00+03:00,CRISP_CLASS_MAX,0,Degraded,62.5,False,0.0
boundary_temperature_2026-07-15T15:55:00+03:00,CRISP_CLASS_MAX,1,Critical,87.5,True,25.0
boundary_temperature_2026-07-15T15:55:00+03:00,CRISP_CLASS_MAX,2,Critical,87.5,True,25.0
boundary_temperature_2026-07-15T15:55:00+03:00,CRISP_CLASS_MAX,3,Degraded,62.5,False,0.0
boundary_temperature_2026-07-15T15:55:00+03:00,CRISP_CLASS_MAX,4,Degraded,62.5,False,0.0
boundary_temperature_2026-07-15T15:55:00+03:00,CRISP_CLASS_MAX,5,Degraded,62.5,False,0.0
boundary_temperature_2026-07-15T15:55:00+03:00,CRISP_CLASS_MAX,6,Critical,87.5,True,25.0
boundary_temperature_2026-07-15T15:55:00+03:00,CRISP_CLASS_MAX,7,Degraded,62.5,False,0.0
boundary_temperature_2026-07-15T15:55:00+03:00,CRISP_CLASS_MAX,8,Degraded,62.5,False,0.0
boundary_temperature_2026-07-15T15:55:00+03:00,CRISP_CLASS_MAX,9,Degraded,62.5,False,0.0
boundary_temperature_2026-07-15T15:55:00+03:00,CRISP_CLASS_MAX,10,Degraded,62.5,False,0.0
boundary_temperature_2026-07-15T15:55:00+03:00,CRISP_CLASS_MAX,11,Critical,87.5,True,25.0
boundary_temperature_2026-07-15T15:55:00+03:00,CRISP_CLASS_MAX,12,Degraded,62.5,False,0.0
boundary_temperature_2026-07-15T15:55:00+03:00,CRISP_CLASS_MAX,13,Critical,87.5,True,25.0
boundary_temperature_2026-07-15T15:55:00+03:00,CRISP_CLASS_MAX,14,Critical,87.5,True,25.0
boundary_temperature_2026-07-15T15:55:00+03:00,CRISP_CLASS_MAX,15,Critical,87.5,True,25.0
boundary_temperature_2026-07-15T15:55:00+03:00,CRISP_CLASS_MAX,16,Degraded,62.5,False,0.0
boundary_temperature_2026-07-15T15:55:00+03:00,CRISP_CLASS_MAX,17,Degraded,62.5,False,0.0
boundary_temperature_2026-07-15T15:55:00+03:00,CRISP_CLASS_MAX,18,Degraded,62.5,False,0.0
boundary_temperature_2026-07-15T15:55:00+03:00,CRISP_CLASS_MAX,19,Degraded,62.5,False,0.0
boundary_temperature_2026-07-15T15:55:00+03:00,CRISP_CLASS_MAX,20,Degraded,62.5,False,0.0
boundary_temperature_2026-07-15T15:55:00+03:00,CRISP_CLASS_MAX,21,Degraded,62.5,False,0.0
boundary_temperature_2026-07-15T15:55:00+03:00,CRISP_CLASS_MAX,22,Degraded,62.5,False,0.0
boundary_temperature_2026-07-15T15:55:00+03:00,CRISP_CLASS_MAX,23,Critical,87.5,True,25.0
boundary_temperature_2026-07-15T15:55:00+03:00,CRISP_CLASS_MAX,24,Degraded,62.5,False,0.0
boundary_temperature_2026-07-15T15:55:00+03:00,CRISP_CLASS_MAX,25,Critical,87.5,True,25.0
boundary_temperature_2026-07-15T15:55:00+03:00,CRISP_CLASS_MAX,26,Degraded,62.5,False,0.0
boundary_temperature_2026-07-15T15:55:00+03:00,CRISP_CLASS_MAX,27,Degraded,62.5,False,0.0
boundary_temperature_2026-07-15T15:55:00+03:00,CRISP_CLASS_MAX,28,Critical,87.5,True,25.0
boundary_temperature_2026-07-15T15:55:00+03:00,CRISP_CLASS_MAX,29,Critical,87.5,True,25.0
boundary_temperature_2026-07-15T15:55:00+03:00,FUZZY_COMPONENT_MAX,0,Degraded,62.5,False,12.237646547552018
boundary_temperature_2026-07-15T15:55:00+03:00,FUZZY_COMPONENT_MAX,1,Critical,87.55597014925372,True,12.818323601701707
boundary_temperature_2026-07-15T15:55:00+03:00,FUZZY_COMPONENT_MAX,2,Critical,76.67408860046069,True,1.9364420529086743
boundary_temperature_2026-07-15T15:55:00+03:00,FUZZY_COMPONENT_MAX,3,Degraded,70.72220343249481,False,4.015443115057209
boundary_temperature_2026-07-15T15:55:00+03:00,FUZZY_COMPONENT_MAX,4,Degraded,62.5,False,12.237646547552018
boundary_temperature_2026-07-15T15:55:00+03:00,FUZZY_COMPONENT_MAX,5,Degraded,73.74550858646924,False,0.9921379610827756
boundary_temperature_2026-07-15T15:55:00+03:00,FUZZY_COMPONENT_MAX,6,Critical,75.76268297485738,True,1.0250364273053663
boundary_temperature_2026-07-15T15:55:00+03:00,FUZZY_COMPONENT_MAX,7,Degraded,64.46744657263612,False,10.270199974915897
boundary_temperature_2026-07-15T15:55:00+03:00,FUZZY_COMPONENT_MAX,8,Degraded,62.5,False,12.237646547552018
boundary_temperature_2026-07-15T15:55:00+03:00,FUZZY_COMPONENT_MAX,9,Degraded,63.56209126691886,False,11.175555280633155
boundary_temperature_2026-07-15T15:55:00+03:00,FUZZY_COMPONENT_MAX,10,Degraded,62.50000000000001,False,12.23764654755201
boundary_temperature_2026-07-15T15:55:00+03:00,FUZZY_COMPONENT_MAX,11,Critical,87.55597014925372,True,12.818323601701707
boundary_temperature_2026-07-15T15:55:00+03:00,FUZZY_COMPONENT_MAX,12,Degraded,62.968075047692324,False,11.769571499859694
boundary_temperature_2026-07-15T15:55:00+03:00,FUZZY_COMPONENT_MAX,13,Critical,87.55597014925372,True,12.818323601701707
boundary_temperature_2026-07-15T15:55:00+03:00,FUZZY_COMPONENT_MAX,14,Critical,87.55597014925372,True,12.818323601701707
boundary_temperature_2026-07-15T15:55:00+03:00,FUZZY_COMPONENT_MAX,15,Critical,76.14813381283993,True,1.4104872652879124
boundary_temperature_2026-07-15T15:55:00+03:00,FUZZY_COMPONENT_MAX,16,Degraded,62.5,False,12.237646547552018
boundary_temperature_2026-07-15T15:55:00+03:00,FUZZY_COMPONENT_MAX,17,Degraded,68.56903326383247,False,6.1686132837195515
boundary_temperature_2026-07-15T15:55:00+03:00,FUZZY_COMPONENT_MAX,18,Degraded,65.39499673013076,False,9.342649817421261
boundary_temperature_2026-07-15T15:55:00+03:00,FUZZY_COMPONENT_MAX,19,Degraded,62.5,False,12.237646547552018
boundary_temperature_2026-07-15T15:55:00+03:00,FUZZY_COMPONENT_MAX,20,Degraded,62.5,False,12.237646547552018
boundary_temperature_2026-07-15T15:55:00+03:00,FUZZY_COMPONENT_MAX,21,Degraded,62.5,False,12.237646547552018
boundary_temperature_2026-07-15T15:55:00+03:00,FUZZY_COMPONENT_MAX,22,Degraded,69.41949710952524,False,5.318149438026779
boundary_temperature_2026-07-15T15:55:00+03:00,FUZZY_COMPONENT_MAX,23,Critical,78.62676194765528,True,3.8891154001032646
boundary_temperature_2026-07-15T15:55:00+03:00,FUZZY_COMPONENT_MAX,24,Degraded,63.747053050393966,False,10.990593497158052
boundary_temperature_2026-07-15T15:55:00+03:00,FUZZY_COMPONENT_MAX,25,Critical,87.55597014925372,True,12.818323601701707
boundary_temperature_2026-07-15T15:55:00+03:00,FUZZY_COMPONENT_MAX,26,Degraded,68.71088323627005,False,6.026763311281968
boundary_temperature_2026-07-15T15:55:00+03:00,FUZZY_COMPONENT_MAX,27,Degraded,63.23118452353321,False,11.50646202401881
boundary_temperature_2026-07-15T15:55:00+03:00,FUZZY_COMPONENT_MAX,28,Critical,87.52748786824016,True,12.78984132068814
boundary_temperature_2026-07-15T15:55:00+03:00,FUZZY_COMPONENT_MAX,29,Critical,87.55597014925372,True,12.818323601701707
boundary_temperature_2026-07-15T15:55:00+03:00,PROPOSED_HFIS,0,Degraded,62.5,False,12.237646547552018
boundary_temperature_2026-07-15T15:55:00+03:00,PROPOSED_HFIS,1,Critical,87.55597014925372,True,12.818323601701707
boundary_temperature_2026-07-15T15:55:00+03:00,PROPOSED_HFIS,2,Critical,76.67408860046069,True,1.9364420529086743
boundary_temperature_2026-07-15T15:55:00+03:00,PROPOSED_HFIS,3,Degraded,70.72220343249481,False,4.015443115057209
boundary_temperature_2026-07-15T15:55:00+03:00,PROPOSED_HFIS,4,Degraded,62.5,False,12.237646547552018
boundary_temperature_2026-07-15T15:55:00+03:00,PROPOSED_HFIS,5,Degraded,73.74550858646924,False,0.9921379610827756
boundary_temperature_2026-07-15T15:55:00+03:00,PROPOSED_HFIS,6,Critical,75.76268297485738,True,1.0250364273053663
boundary_temperature_2026-07-15T15:55:00+03:00,PROPOSED_HFIS,7,Degraded,64.46744657263612,False,10.270199974915897
boundary_temperature_2026-07-15T15:55:00+03:00,PROPOSED_HFIS,8,Degraded,62.49999999999999,False,12.237646547552025
boundary_temperature_2026-07-15T15:55:00+03:00,PROPOSED_HFIS,9,Degraded,63.87052937228527,False,10.867117175266749
boundary_temperature_2026-07-15T15:55:00+03:00,PROPOSED_HFIS,10,Degraded,62.50000000000001,False,12.23764654755201
boundary_temperature_2026-07-15T15:55:00+03:00,PROPOSED_HFIS,11,Critical,87.55597014925372,True,12.818323601701707
boundary_temperature_2026-07-15T15:55:00+03:00,PROPOSED_HFIS,12,Degraded,63.03652546425101,False,11.701121083301011
boundary_temperature_2026-07-15T15:55:00+03:00,PROPOSED_HFIS,13,Critical,87.4055589256087,True,12.667912378056684
boundary_temperature_2026-07-15T15:55:00+03:00,PROPOSED_HFIS,14,Critical,87.54474991779043,True,12.807103370238409
boundary_temperature_2026-07-15T15:55:00+03:00,PROPOSED_HFIS,15,Critical,76.14813381283993,True,1.4104872652879124
boundary_temperature_2026-07-15T15:55:00+03:00,PROPOSED_HFIS,16,Degraded,62.5,False,12.237646547552018
boundary_temperature_2026-07-15T15:55:00+03:00,PROPOSED_HFIS,17,Degraded,69.86521244954072,False,4.872434098011297
boundary_temperature_2026-07-15T15:55:00+03:00,PROPOSED_HFIS,18,Degraded,65.39499673013076,False,9.342649817421261
boundary_temperature_2026-07-15T15:55:00+03:00,PROPOSED_HFIS,19,Degraded,62.5,False,12.237646547552018
boundary_temperature_2026-07-15T15:55:00+03:00,PROPOSED_HFIS,20,Degraded,62.5,False,12.237646547552018
boundary_temperature_2026-07-15T15:55:00+03:00,PROPOSED_HFIS,21,Degraded,62.5,False,12.237646547552018
boundary_temperature_2026-07-15T15:55:00+03:00,PROPOSED_HFIS,22,Degraded,70.69404905893245,False,4.043597488619568
boundary_temperature_2026-07-15T15:55:00+03:00,PROPOSED_HFIS,23,Critical,78.62676194765528,True,3.8891154001032646
boundary_temperature_2026-07-15T15:55:00+03:00,PROPOSED_HFIS,24,Degraded,64.27542897198084,False,10.462217575571174
boundary_temperature_2026-07-15T15:55:00+03:00,PROPOSED_HFIS,25,Critical,87.45070379521016,True,12.713057247658142
boundary_temperature_2026-07-15T15:55:00+03:00,PROPOSED_HFIS,26,Degraded,68.71088323627005,False,6.026763311281968
boundary_temperature_2026-07-15T15:55:00+03:00,PROPOSED_HFIS,27,Degraded,63.23118452353321,False,11.50646202401881
boundary_temperature_2026-07-15T15:55:00+03:00,PROPOSED_HFIS,28,Critical,87.52748786824016,True,12.78984132068814
boundary_temperature_2026-07-15T15:55:00+03:00,PROPOSED_HFIS,29,Critical,87.39688883009468,True,12.659242282542664
boundary_temperature_2026-07-15T15:55:00+03:00,WEIGHTED_MEAN,0,Acceptable,29.129353233830845,False,4.079215515850674
boundary_temperature_2026-07-15T15:55:00+03:00,WEIGHTED_MEAN,1,Acceptable,37.481343283582085,False,4.2727745339005665
boundary_temperature_2026-07-15T15:55:00+03:00,WEIGHTED_MEAN,2,Acceptable,40.00262945940539,False,6.7940607097238725
boundary_temperature_2026-07-15T15:55:00+03:00,WEIGHTED_MEAN,3,Acceptable,31.870087711329116,False,1.338481038352402
boundary_temperature_2026-07-15T15:55:00+03:00,WEIGHTED_MEAN,4,Acceptable,29.129353233830845,False,4.079215515850674
boundary_temperature_2026-07-15T15:55:00+03:00,WEIGHTED_MEAN,5,Acceptable,35.08186634443758,False,1.8732975947560604
boundary_temperature_2026-07-15T15:55:00+03:00,WEIGHTED_MEAN,6,Acceptable,36.77890486679453,False,3.5703361171130084
boundary_temperature_2026-07-15T15:55:00+03:00,WEIGHTED_MEAN,7,Acceptable,29.785168758042886,False,3.4233999916386324
boundary_temperature_2026-07-15T15:55:00+03:00,WEIGHTED_MEAN,8,Acceptable,29.453886006067645,False,3.7546827436138734
boundary_temperature_2026-07-15T15:55:00+03:00,WEIGHTED_MEAN,9,Acceptable,31.904876424950103,False,1.303692324731415
boundary_temperature_2026-07-15T15:55:00+03:00,WEIGHTED_MEAN,10,Acceptable,29.12935323383085,False,4.079215515850667
boundary_temperature_2026-07-15T15:55:00+03:00,WEIGHTED_MEAN,11,Acceptable,37.481343283582085,False,4.2727745339005665
boundary_temperature_2026-07-15T15:55:00+03:00,WEIGHTED_MEAN,12,Acceptable,36.36091077820475,False,3.152342028523229
boundary_temperature_2026-07-15T15:55:00+03:00,WEIGHTED_MEAN,13,Acceptable,40.17138693926958,False,6.962818189588063
boundary_temperature_2026-07-15T15:55:00+03:00,WEIGHTED_MEAN,14,Acceptable,37.70444399007829,False,4.495875240396771
boundary_temperature_2026-07-15T15:55:00+03:00,WEIGHTED_MEAN,15,Acceptable,33.678731171444156,False,0.47016242176263745
boundary_temperature_2026-07-15T15:55:00+03:00,WEIGHTED_MEAN,16,Acceptable,29.129353233830845,False,4.079215515850674
boundary_temperature_2026-07-15T15:55:00+03:00,WEIGHTED_MEAN,17,Acceptable,34.80848689038695,False,1.5999181407054337
boundary_temperature_2026-07-15T15:55:00+03:00,WEIGHTED_MEAN,18,Acceptable,30.09435214387443,False,3.114216605807087
boundary_temperature_2026-07-15T15:55:00+03:00,WEIGHTED_MEAN,19,Acceptable,29.129353233830845,False,4.079215515850674
boundary_temperature_2026-07-15T15:55:00+03:00,WEIGHTED_MEAN,20,Acceptable,29.129353233830845,False,4.079215515850674
boundary_temperature_2026-07-15T15:55:00+03:00,WEIGHTED_MEAN,21,Acceptable,29.129353233830845,False,4.079215515850674
boundary_temperature_2026-07-15T15:55:00+03:00,WEIGHTED_MEAN,22,Acceptable,35.2005304754293,False,1.9919617257477782
boundary_temperature_2026-07-15T15:55:00+03:00,WEIGHTED_MEAN,23,Acceptable,40.43883975685687,False,7.230271007175354
boundary_temperature_2026-07-15T15:55:00+03:00,WEIGHTED_MEAN,24,Acceptable,32.658175200251016,False,0.5503935494305026
boundary_temperature_2026-07-15T15:55:00+03:00,WEIGHTED_MEAN,25,Acceptable,44.03551880595058,False,10.826950056269062
boundary_temperature_2026-07-15T15:55:00+03:00,WEIGHTED_MEAN,26,Acceptable,31.199647645920862,False,2.008921103760656
boundary_temperature_2026-07-15T15:55:00+03:00,WEIGHTED_MEAN,27,Acceptable,29.373081408341914,False,3.8354873413396042
boundary_temperature_2026-07-15T15:55:00+03:00,WEIGHTED_MEAN,28,Acceptable,37.4718491899109,False,4.26328044022938
boundary_temperature_2026-07-15T15:55:00+03:00,WEIGHTED_MEAN,29,Acceptable,40.31714687925995,False,7.108578129578433
boundary_temperature_2026-07-15T16:00:00+03:00,CRISP_CLASS_MAX,0,Degraded,62.5,False,0.0
boundary_temperature_2026-07-15T16:00:00+03:00,CRISP_CLASS_MAX,1,Degraded,62.5,False,0.0
boundary_temperature_2026-07-15T16:00:00+03:00,CRISP_CLASS_MAX,2,Degraded,62.5,False,0.0
boundary_temperature_2026-07-15T16:00:00+03:00,CRISP_CLASS_MAX,3,Critical,87.5,True,25.0
boundary_temperature_2026-07-15T16:00:00+03:00,CRISP_CLASS_MAX,4,Degraded,62.5,False,0.0
boundary_temperature_2026-07-15T16:00:00+03:00,CRISP_CLASS_MAX,5,Degraded,62.5,False,0.0
boundary_temperature_2026-07-15T16:00:00+03:00,CRISP_CLASS_MAX,6,Critical,87.5,True,25.0
boundary_temperature_2026-07-15T16:00:00+03:00,CRISP_CLASS_MAX,7,Degraded,62.5,False,0.0
boundary_temperature_2026-07-15T16:00:00+03:00,CRISP_CLASS_MAX,8,Critical,87.5,True,25.0
boundary_temperature_2026-07-15T16:00:00+03:00,CRISP_CLASS_MAX,9,Critical,87.5,True,25.0
boundary_temperature_2026-07-15T16:00:00+03:00,CRISP_CLASS_MAX,10,Critical,87.5,True,25.0
boundary_temperature_2026-07-15T16:00:00+03:00,CRISP_CLASS_MAX,11,Critical,87.5,True,25.0
boundary_temperature_2026-07-15T16:00:00+03:00,CRISP_CLASS_MAX,12,Degraded,62.5,False,0.0
boundary_temperature_2026-07-15T16:00:00+03:00,CRISP_CLASS_MAX,13,Critical,87.5,True,25.0
boundary_temperature_2026-07-15T16:00:00+03:00,CRISP_CLASS_MAX,14,Critical,87.5,True,25.0
boundary_temperature_2026-07-15T16:00:00+03:00,CRISP_CLASS_MAX,15,Degraded,62.5,False,0.0
boundary_temperature_2026-07-15T16:00:00+03:00,CRISP_CLASS_MAX,16,Degraded,62.5,False,0.0
boundary_temperature_2026-07-15T16:00:00+03:00,CRISP_CLASS_MAX,17,Degraded,62.5,False,0.0
boundary_temperature_2026-07-15T16:00:00+03:00,CRISP_CLASS_MAX,18,Degraded,62.5,False,0.0
boundary_temperature_2026-07-15T16:00:00+03:00,CRISP_CLASS_MAX,19,Critical,87.5,True,25.0
boundary_temperature_2026-07-15T16:00:00+03:00,CRISP_CLASS_MAX,20,Degraded,62.5,False,0.0
boundary_temperature_2026-07-15T16:00:00+03:00,CRISP_CLASS_MAX,21,Critical,87.5,True,25.0
boundary_temperature_2026-07-15T16:00:00+03:00,CRISP_CLASS_MAX,22,Critical,87.5,True,25.0
boundary_temperature_2026-07-15T16:00:00+03:00,CRISP_CLASS_MAX,23,Critical,87.5,True,25.0
boundary_temperature_2026-07-15T16:00:00+03:00,CRISP_CLASS_MAX,24,Critical,87.5,True,25.0
boundary_temperature_2026-07-15T16:00:00+03:00,CRISP_CLASS_MAX,25,Critical,87.5,True,25.0
boundary_temperature_2026-07-15T16:00:00+03:00,CRISP_CLASS_MAX,26,Critical,87.5,True,25.0
boundary_temperature_2026-07-15T16:00:00+03:00,CRISP_CLASS_MAX,27,Degraded,62.5,False,0.0
boundary_temperature_2026-07-15T16:00:00+03:00,CRISP_CLASS_MAX,28,Critical,87.5,True,25.0
boundary_temperature_2026-07-15T16:00:00+03:00,CRISP_CLASS_MAX,29,Critical,87.5,True,25.0
boundary_temperature_2026-07-15T16:00:00+03:00,FUZZY_COMPONENT_MAX,0,Degraded,62.5,False,12.064771829317067
boundary_temperature_2026-07-15T16:00:00+03:00,FUZZY_COMPONENT_MAX,1,Degraded,62.5,False,12.064771829317067
boundary_temperature_2026-07-15T16:00:00+03:00,FUZZY_COMPONENT_MAX,2,Degraded,70.05555023442898,False,4.509221594888089
boundary_temperature_2026-07-15T16:00:00+03:00,FUZZY_COMPONENT_MAX,3,Critical,85.82744401012368,True,11.262672180806618
boundary_temperature_2026-07-15T16:00:00+03:00,FUZZY_COMPONENT_MAX,4,Degraded,63.94002484910317,False,10.6247469802139
boundary_temperature_2026-07-15T16:00:00+03:00,FUZZY_COMPONENT_MAX,5,Degraded,74.46389598948436,False,0.10087583983271031
boundary_temperature_2026-07-15T16:00:00+03:00,FUZZY_COMPONENT_MAX,6,Critical,87.55597014925372,True,12.991198319936657
boundary_temperature_2026-07-15T16:00:00+03:00,FUZZY_COMPONENT_MAX,7,Degraded,68.21524722098783,False,6.349524608329233
boundary_temperature_2026-07-15T16:00:00+03:00,FUZZY_COMPONENT_MAX,8,Critical,87.55597014925372,True,12.991198319936657
boundary_temperature_2026-07-15T16:00:00+03:00,FUZZY_COMPONENT_MAX,9,Critical,79.73641386493578,True,5.171642035618717
boundary_temperature_2026-07-15T16:00:00+03:00,FUZZY_COMPONENT_MAX,10,Critical,87.55597014925372,True,12.991198319936657
boundary_temperature_2026-07-15T16:00:00+03:00,FUZZY_COMPONENT_MAX,11,Critical,83.88818565704184,True,9.323413827724778
boundary_temperature_2026-07-15T16:00:00+03:00,FUZZY_COMPONENT_MAX,12,Degraded,62.82185594382281,False,11.742915885494256
boundary_temperature_2026-07-15T16:00:00+03:00,FUZZY_COMPONENT_MAX,13,Critical,87.41586890825467,True,12.851097078937599
boundary_temperature_2026-07-15T16:00:00+03:00,FUZZY_COMPONENT_MAX,14,Critical,87.55597014925372,True,12.991198319936657
boundary_temperature_2026-07-15T16:00:00+03:00,FUZZY_COMPONENT_MAX,15,Degraded,62.5,False,12.064771829317067
boundary_temperature_2026-07-15T16:00:00+03:00,FUZZY_COMPONENT_MAX,16,Degraded,62.5,False,12.064771829317067
boundary_temperature_2026-07-15T16:00:00+03:00,FUZZY_COMPONENT_MAX,17,Degraded,67.56917348122289,False,6.995598348094177
boundary_temperature_2026-07-15T16:00:00+03:00,FUZZY_COMPONENT_MAX,18,Degraded,70.94275464245176,False,3.622017186865307
boundary_temperature_2026-07-15T16:00:00+03:00,FUZZY_COMPONENT_MAX,19,Critical,75.15606015792136,True,0.5912883286042927
boundary_temperature_2026-07-15T16:00:00+03:00,FUZZY_COMPONENT_MAX,20,Degraded,62.5,False,12.064771829317067
boundary_temperature_2026-07-15T16:00:00+03:00,FUZZY_COMPONENT_MAX,21,Critical,80.4924599810362,True,5.927688151719138
boundary_temperature_2026-07-15T16:00:00+03:00,FUZZY_COMPONENT_MAX,22,Critical,81.04786799447706,True,6.483096165159992
boundary_temperature_2026-07-15T16:00:00+03:00,FUZZY_COMPONENT_MAX,23,Critical,87.55597014925372,True,12.991198319936657
boundary_temperature_2026-07-15T16:00:00+03:00,FUZZY_COMPONENT_MAX,24,Critical,79.09010411993751,True,4.52533229062044
boundary_temperature_2026-07-15T16:00:00+03:00,FUZZY_COMPONENT_MAX,25,Critical,87.55597014925372,True,12.991198319936657
boundary_temperature_2026-07-15T16:00:00+03:00,FUZZY_COMPONENT_MAX,26,Critical,82.36349605141626,True,7.798724222099196
boundary_temperature_2026-07-15T16:00:00+03:00,FUZZY_COMPONENT_MAX,27,Degraded,62.5,False,12.064771829317067
boundary_temperature_2026-07-15T16:00:00+03:00,FUZZY_COMPONENT_MAX,28,Critical,77.63002982084933,True,3.0652579915322633
boundary_temperature_2026-07-15T16:00:00+03:00,FUZZY_COMPONENT_MAX,29,Critical,87.55597014925372,True,12.991198319936657
boundary_temperature_2026-07-15T16:00:00+03:00,PROPOSED_HFIS,0,Degraded,62.500000000000014,False,12.064771829317053
boundary_temperature_2026-07-15T16:00:00+03:00,PROPOSED_HFIS,1,Degraded,62.49999999999998,False,12.064771829317088
boundary_temperature_2026-07-15T16:00:00+03:00,PROPOSED_HFIS,2,Degraded,70.05555023442898,False,4.509221594888089
boundary_temperature_2026-07-15T16:00:00+03:00,PROPOSED_HFIS,3,Critical,85.53215260674565,True,10.967380777428588
boundary_temperature_2026-07-15T16:00:00+03:00,PROPOSED_HFIS,4,Degraded,64.14005419269716,False,10.424717636619903
boundary_temperature_2026-07-15T16:00:00+03:00,PROPOSED_HFIS,5,Degraded,74.46389598948436,False,0.10087583983271031
boundary_temperature_2026-07-15T16:00:00+03:00,PROPOSED_HFIS,6,Critical,87.31758112196508,True,12.75280929264801
boundary_temperature_2026-07-15T16:00:00+03:00,PROPOSED_HFIS,7,Degraded,68.57561726761409,False,5.989154561702975
boundary_temperature_2026-07-15T16:00:00+03:00,PROPOSED_HFIS,8,Critical,87.55597014925372,True,12.991198319936657
boundary_temperature_2026-07-15T16:00:00+03:00,PROPOSED_HFIS,9,Critical,79.73641386493578,True,5.171642035618717
boundary_temperature_2026-07-15T16:00:00+03:00,PROPOSED_HFIS,10,Critical,87.55597014925372,True,12.991198319936657
boundary_temperature_2026-07-15T16:00:00+03:00,PROPOSED_HFIS,11,Critical,83.75933462977954,True,9.194562800462478
boundary_temperature_2026-07-15T16:00:00+03:00,PROPOSED_HFIS,12,Degraded,62.82185594382281,False,11.742915885494256
boundary_temperature_2026-07-15T16:00:00+03:00,PROPOSED_HFIS,13,Critical,87.41586890825467,True,12.851097078937599
boundary_temperature_2026-07-15T16:00:00+03:00,PROPOSED_HFIS,14,Critical,87.49066530919674,True,12.925893479879676
boundary_temperature_2026-07-15T16:00:00+03:00,PROPOSED_HFIS,15,Degraded,62.5,False,12.064771829317067
boundary_temperature_2026-07-15T16:00:00+03:00,PROPOSED_HFIS,16,Degraded,62.499999999999986,False,12.064771829317081
boundary_temperature_2026-07-15T16:00:00+03:00,PROPOSED_HFIS,17,Degraded,67.56917348122289,False,6.995598348094177
boundary_temperature_2026-07-15T16:00:00+03:00,PROPOSED_HFIS,18,Degraded,70.94275464245176,False,3.622017186865307
boundary_temperature_2026-07-15T16:00:00+03:00,PROPOSED_HFIS,19,Critical,75.15606015792136,True,0.5912883286042927
boundary_temperature_2026-07-15T16:00:00+03:00,PROPOSED_HFIS,20,Degraded,62.5,False,12.064771829317067
boundary_temperature_2026-07-15T16:00:00+03:00,PROPOSED_HFIS,21,Critical,80.4924599810362,True,5.927688151719138
boundary_temperature_2026-07-15T16:00:00+03:00,PROPOSED_HFIS,22,Critical,79.84483195521413,True,5.280060125897066
boundary_temperature_2026-07-15T16:00:00+03:00,PROPOSED_HFIS,23,Critical,87.469326470841,True,12.90455464152393
boundary_temperature_2026-07-15T16:00:00+03:00,PROPOSED_HFIS,24,Critical,78.43812596692531,True,3.8733541376082457
boundary_temperature_2026-07-15T16:00:00+03:00,PROPOSED_HFIS,25,Critical,87.55597014925372,True,12.991198319936657
boundary_temperature_2026-07-15T16:00:00+03:00,PROPOSED_HFIS,26,Critical,80.21619086188174,True,5.651419032564675
boundary_temperature_2026-07-15T16:00:00+03:00,PROPOSED_HFIS,27,Degraded,62.50000000000002,False,12.064771829317046
boundary_temperature_2026-07-15T16:00:00+03:00,PROPOSED_HFIS,28,Critical,77.63002982084933,True,3.0652579915322633
boundary_temperature_2026-07-15T16:00:00+03:00,PROPOSED_HFIS,29,Critical,87.52323941682833,True,12.958467587511265
boundary_temperature_2026-07-15T16:00:00+03:00,WEIGHTED_MEAN,0,Acceptable,35.63910790814641,False,2.4881640645432057
boundary_temperature_2026-07-15T16:00:00+03:00,WEIGHTED_MEAN,1,Acceptable,29.451515553345967,False,3.6994282902572344
boundary_temperature_2026-07-15T16:00:00+03:00,WEIGHTED_MEAN,2,Acceptable,31.647869978640504,False,1.5030738649626976
boundary_temperature_2026-07-15T16:00:00+03:00,WEIGHTED_MEAN,3,Acceptable,38.57607779436787,False,5.425133950764668
boundary_temperature_2026-07-15T16:00:00+03:00,WEIGHTED_MEAN,4,Acceptable,31.24110405837929,False,1.9098397852239124
boundary_temperature_2026-07-15T16:00:00+03:00,WEIGHTED_MEAN,5,Acceptable,37.95536775292728,False,4.804423909324079
boundary_temperature_2026-07-15T16:00:00+03:00,WEIGHTED_MEAN,6,Acceptable,41.82007505634383,False,8.66913121274063
boundary_temperature_2026-07-15T16:00:00+03:00,WEIGHTED_MEAN,7,Acceptable,36.97296847769828,False,3.8220246340950794
boundary_temperature_2026-07-15T16:00:00+03:00,WEIGHTED_MEAN,8,Acceptable,37.481343283582085,False,4.330399439978883
boundary_temperature_2026-07-15T16:00:00+03:00,WEIGHTED_MEAN,9,Acceptable,34.874824522142774,False,1.7238806785395724
boundary_temperature_2026-07-15T16:00:00+03:00,WEIGHTED_MEAN,10,Acceptable,37.481343283582085,False,4.330399439978883
boundary_temperature_2026-07-15T16:00:00+03:00,WEIGHTED_MEAN,11,Acceptable,43.192620372377725,False,10.041676528774524
boundary_temperature_2026-07-15T16:00:00+03:00,WEIGHTED_MEAN,12,Acceptable,29.23663854843845,False,3.914305295164752
boundary_temperature_2026-07-15T16:00:00+03:00,WEIGHTED_MEAN,13,Acceptable,37.434642869915734,False,4.283699026312533
boundary_temperature_2026-07-15T16:00:00+03:00,WEIGHTED_MEAN,14,Acceptable,44.7233312293242,False,11.572387385721001
boundary_temperature_2026-07-15T16:00:00+03:00,WEIGHTED_MEAN,15,Acceptable,29.129353233830845,False,4.021590609772357
boundary_temperature_2026-07-15T16:00:00+03:00,WEIGHTED_MEAN,16,Acceptable,29.696860492427792,False,3.4540833511754094
boundary_temperature_2026-07-15T16:00:00+03:00,WEIGHTED_MEAN,17,Acceptable,31.964115488133046,False,1.1868283554701549
boundary_temperature_2026-07-15T16:00:00+03:00,WEIGHTED_MEAN,18,Acceptable,33.7956069276502,False,0.6446630840469965
boundary_temperature_2026-07-15T16:00:00+03:00,WEIGHTED_MEAN,19,Acceptable,33.34803995313796,False,0.19709610953476187
boundary_temperature_2026-07-15T16:00:00+03:00,WEIGHTED_MEAN,20,Acceptable,32.92619741630981,False,0.22474642729338967
boundary_temperature_2026-07-15T16:00:00+03:00,WEIGHTED_MEAN,21,Acceptable,35.12683989417625,False,1.9758960505730485
boundary_temperature_2026-07-15T16:00:00+03:00,WEIGHTED_MEAN,22,Acceptable,38.78767378873342,False,5.63672994513022
boundary_temperature_2026-07-15T16:00:00+03:00,WEIGHTED_MEAN,23,Acceptable,39.05957593179175,False,5.908632088188547
boundary_temperature_2026-07-15T16:00:00+03:00,WEIGHTED_MEAN,24,Acceptable,38.081432177831395,False,4.930488334228194
boundary_temperature_2026-07-15T16:00:00+03:00,WEIGHTED_MEAN,25,Acceptable,37.481343283582085,False,4.330399439978883
boundary_temperature_2026-07-15T16:00:00+03:00,WEIGHTED_MEAN,26,Acceptable,40.06981387854278,False,6.91887003493958
boundary_temperature_2026-07-15T16:00:00+03:00,WEIGHTED_MEAN,27,Acceptable,29.748567074635684,False,3.4023767689675175
boundary_temperature_2026-07-15T16:00:00+03:00,WEIGHTED_MEAN,28,Acceptable,34.38741281562559,False,1.2364689720223865
boundary_temperature_2026-07-15T16:00:00+03:00,WEIGHTED_MEAN,29,Acceptable,38.10194691914153,False,4.951003075538331
boundary_temperature_2026-07-15T16:10:00+03:00,CRISP_CLASS_MAX,0,Critical,87.5,False,0.0
boundary_temperature_2026-07-15T16:10:00+03:00,CRISP_CLASS_MAX,1,Critical,87.5,False,0.0
boundary_temperature_2026-07-15T16:10:00+03:00,CRISP_CLASS_MAX,2,Degraded,62.5,True,25.0
boundary_temperature_2026-07-15T16:10:00+03:00,CRISP_CLASS_MAX,3,Degraded,62.5,True,25.0
boundary_temperature_2026-07-15T16:10:00+03:00,CRISP_CLASS_MAX,4,Critical,87.5,False,0.0
boundary_temperature_2026-07-15T16:10:00+03:00,CRISP_CLASS_MAX,5,Critical,87.5,False,0.0
boundary_temperature_2026-07-15T16:10:00+03:00,CRISP_CLASS_MAX,6,Critical,87.5,False,0.0
boundary_temperature_2026-07-15T16:10:00+03:00,CRISP_CLASS_MAX,7,Critical,87.5,False,0.0
boundary_temperature_2026-07-15T16:10:00+03:00,CRISP_CLASS_MAX,8,Degraded,62.5,True,25.0
boundary_temperature_2026-07-15T16:10:00+03:00,CRISP_CLASS_MAX,9,Degraded,62.5,True,25.0
boundary_temperature_2026-07-15T16:10:00+03:00,CRISP_CLASS_MAX,10,Degraded,62.5,True,25.0
boundary_temperature_2026-07-15T16:10:00+03:00,CRISP_CLASS_MAX,11,Critical,87.5,False,0.0
boundary_temperature_2026-07-15T16:10:00+03:00,CRISP_CLASS_MAX,12,Critical,87.5,False,0.0
boundary_temperature_2026-07-15T16:10:00+03:00,CRISP_CLASS_MAX,13,Critical,87.5,False,0.0
boundary_temperature_2026-07-15T16:10:00+03:00,CRISP_CLASS_MAX,14,Critical,87.5,False,0.0
boundary_temperature_2026-07-15T16:10:00+03:00,CRISP_CLASS_MAX,15,Degraded,62.5,True,25.0
boundary_temperature_2026-07-15T16:10:00+03:00,CRISP_CLASS_MAX,16,Degraded,62.5,True,25.0
boundary_temperature_2026-07-15T16:10:00+03:00,CRISP_CLASS_MAX,17,Critical,87.5,False,0.0
boundary_temperature_2026-07-15T16:10:00+03:00,CRISP_CLASS_MAX,18,Degraded,62.5,True,25.0
boundary_temperature_2026-07-15T16:10:00+03:00,CRISP_CLASS_MAX,19,Critical,87.5,False,0.0
boundary_temperature_2026-07-15T16:10:00+03:00,CRISP_CLASS_MAX,20,Critical,87.5,False,0.0
boundary_temperature_2026-07-15T16:10:00+03:00,CRISP_CLASS_MAX,21,Critical,87.5,False,0.0
boundary_temperature_2026-07-15T16:10:00+03:00,CRISP_CLASS_MAX,22,Critical,87.5,False,0.0
boundary_temperature_2026-07-15T16:10:00+03:00,CRISP_CLASS_MAX,23,Critical,87.5,False,0.0
boundary_temperature_2026-07-15T16:10:00+03:00,CRISP_CLASS_MAX,24,Critical,87.5,False,0.0
boundary_temperature_2026-07-15T16:10:00+03:00,CRISP_CLASS_MAX,25,Critical,87.5,False,0.0
boundary_temperature_2026-07-15T16:10:00+03:00,CRISP_CLASS_MAX,26,Critical,87.5,False,0.0
boundary_temperature_2026-07-15T16:10:00+03:00,CRISP_CLASS_MAX,27,Critical,87.5,False,0.0
boundary_temperature_2026-07-15T16:10:00+03:00,CRISP_CLASS_MAX,28,Critical,87.5,False,0.0
boundary_temperature_2026-07-15T16:10:00+03:00,CRISP_CLASS_MAX,29,Degraded,62.5,True,25.0
boundary_temperature_2026-07-15T16:10:00+03:00,FUZZY_COMPONENT_MAX,0,Critical,79.06668099308227,False,4.0554464251811595
boundary_temperature_2026-07-15T16:10:00+03:00,FUZZY_COMPONENT_MAX,1,Critical,83.11843483453613,False,8.107200266635019
boundary_temperature_2026-07-15T16:10:00+03:00,FUZZY_COMPONENT_MAX,2,Degraded,62.5,True,12.511234567901113
boundary_temperature_2026-07-15T16:10:00+03:00,FUZZY_COMPONENT_MAX,3,Degraded,62.50000000000001,True,12.511234567901106
boundary_temperature_2026-07-15T16:10:00+03:00,FUZZY_COMPONENT_MAX,4,Critical,87.17102812450979,False,12.159793556608676
boundary_temperature_2026-07-15T16:10:00+03:00,FUZZY_COMPONENT_MAX,5,Critical,79.02208218575666,False,4.010847617855546
boundary_temperature_2026-07-15T16:10:00+03:00,FUZZY_COMPONENT_MAX,6,Critical,87.55597014925372,False,12.544735581352612
boundary_temperature_2026-07-15T16:10:00+03:00,FUZZY_COMPONENT_MAX,7,Critical,87.55597014925372,False,12.544735581352612
boundary_temperature_2026-07-15T16:10:00+03:00,FUZZY_COMPONENT_MAX,8,Degraded,65.84330189482915,True,9.16793267307196
boundary_temperature_2026-07-15T16:10:00+03:00,FUZZY_COMPONENT_MAX,9,Degraded,62.5,True,12.511234567901113
boundary_temperature_2026-07-15T16:10:00+03:00,FUZZY_COMPONENT_MAX,10,Degraded,68.28450705599576,True,6.726727511905352
boundary_temperature_2026-07-15T16:10:00+03:00,FUZZY_COMPONENT_MAX,11,Critical,87.50069275325065,False,12.489458185349534
boundary_temperature_2026-07-15T16:10:00+03:00,FUZZY_COMPONENT_MAX,12,Critical,77.05071315395682,False,2.039478586055708
boundary_temperature_2026-07-15T16:10:00+03:00,FUZZY_COMPONENT_MAX,13,Critical,87.3447328006958,False,12.333498232794682
boundary_temperature_2026-07-15T16:10:00+03:00,FUZZY_COMPONENT_MAX,14,Critical,84.97464650006522,False,9.963411932164107
boundary_temperature_2026-07-15T16:10:00+03:00,FUZZY_COMPONENT_MAX,15,Degraded,62.5,True,12.511234567901113
boundary_temperature_2026-07-15T16:10:00+03:00,FUZZY_COMPONENT_MAX,16,Degraded,68.4740653218815,True,6.537169246019616
boundary_temperature_2026-07-15T16:10:00+03:00,FUZZY_COMPONENT_MAX,17,Critical,76.9332407862894,False,1.9220062183882902
boundary_temperature_2026-07-15T16:10:00+03:00,FUZZY_COMPONENT_MAX,18,Degraded,69.45713779433304,True,5.554096773568077
boundary_temperature_2026-07-15T16:10:00+03:00,FUZZY_COMPONENT_MAX,19,Critical,87.55597014925372,False,12.544735581352612
boundary_temperature_2026-07-15T16:10:00+03:00,FUZZY_COMPONENT_MAX,20,Critical,81.49601860599543,False,6.484784038094318
boundary_temperature_2026-07-15T16:10:00+03:00,FUZZY_COMPONENT_MAX,21,Critical,76.65543554323528,False,1.6442009753341722
boundary_temperature_2026-07-15T16:10:00+03:00,FUZZY_COMPONENT_MAX,22,Critical,87.55597014925372,False,12.544735581352612
boundary_temperature_2026-07-15T16:10:00+03:00,FUZZY_COMPONENT_MAX,23,Critical,87.55597014925372,False,12.544735581352612
boundary_temperature_2026-07-15T16:10:00+03:00,FUZZY_COMPONENT_MAX,24,Critical,87.55597014925372,False,12.544735581352612
boundary_temperature_2026-07-15T16:10:00+03:00,FUZZY_COMPONENT_MAX,25,Critical,78.04799116200084,False,3.036756594099728
boundary_temperature_2026-07-15T16:10:00+03:00,FUZZY_COMPONENT_MAX,26,Critical,87.36081328109012,False,12.349578713189004
boundary_temperature_2026-07-15T16:10:00+03:00,FUZZY_COMPONENT_MAX,27,Critical,80.39052006583158,False,5.379285497930468
boundary_temperature_2026-07-15T16:10:00+03:00,FUZZY_COMPONENT_MAX,28,Critical,78.77395869698115,False,3.7627241290800413
boundary_temperature_2026-07-15T16:10:00+03:00,FUZZY_COMPONENT_MAX,29,Degraded,62.5,True,12.511234567901113
boundary_temperature_2026-07-15T16:10:00+03:00,PROPOSED_HFIS,0,Critical,79.06668099308227,False,4.0554464251811595
boundary_temperature_2026-07-15T16:10:00+03:00,PROPOSED_HFIS,1,Critical,83.11843483453613,False,8.107200266635019
boundary_temperature_2026-07-15T16:10:00+03:00,PROPOSED_HFIS,2,Degraded,62.5,True,12.511234567901113
boundary_temperature_2026-07-15T16:10:00+03:00,PROPOSED_HFIS,3,Degraded,62.50000000000001,True,12.511234567901106
boundary_temperature_2026-07-15T16:10:00+03:00,PROPOSED_HFIS,4,Critical,87.17102812450979,False,12.159793556608676
boundary_temperature_2026-07-15T16:10:00+03:00,PROPOSED_HFIS,5,Critical,77.56417359515751,False,2.5529390272564
boundary_temperature_2026-07-15T16:10:00+03:00,PROPOSED_HFIS,6,Critical,87.55597014925372,False,12.544735581352612
boundary_temperature_2026-07-15T16:10:00+03:00,PROPOSED_HFIS,7,Critical,87.32831272247043,False,12.317078154569316
boundary_temperature_2026-07-15T16:10:00+03:00,PROPOSED_HFIS,8,Degraded,65.84330189482915,True,9.16793267307196
boundary_temperature_2026-07-15T16:10:00+03:00,PROPOSED_HFIS,9,Degraded,62.5,True,12.511234567901113
boundary_temperature_2026-07-15T16:10:00+03:00,PROPOSED_HFIS,10,Degraded,68.28450705599576,True,6.726727511905352
boundary_temperature_2026-07-15T16:10:00+03:00,PROPOSED_HFIS,11,Critical,87.50069275325065,False,12.489458185349534
boundary_temperature_2026-07-15T16:10:00+03:00,PROPOSED_HFIS,12,Critical,77.05071315395682,False,2.039478586055708
boundary_temperature_2026-07-15T16:10:00+03:00,PROPOSED_HFIS,13,Critical,87.3447328006958,False,12.333498232794682
boundary_temperature_2026-07-15T16:10:00+03:00,PROPOSED_HFIS,14,Critical,84.97464650006522,False,9.963411932164107
boundary_temperature_2026-07-15T16:10:00+03:00,PROPOSED_HFIS,15,Degraded,62.50000000000001,True,12.511234567901106
boundary_temperature_2026-07-15T16:10:00+03:00,PROPOSED_HFIS,16,Degraded,68.4740653218815,True,6.537169246019616
boundary_temperature_2026-07-15T16:10:00+03:00,PROPOSED_HFIS,17,Critical,76.9332407862894,False,1.9220062183882902
boundary_temperature_2026-07-15T16:10:00+03:00,PROPOSED_HFIS,18,Degraded,69.45713779433304,True,5.554096773568077
boundary_temperature_2026-07-15T16:10:00+03:00,PROPOSED_HFIS,19,Critical,87.55597014925372,False,12.544735581352612
boundary_temperature_2026-07-15T16:10:00+03:00,PROPOSED_HFIS,20,Critical,81.49601860599543,False,6.484784038094318
boundary_temperature_2026-07-15T16:10:00+03:00,PROPOSED_HFIS,21,Critical,76.65543554323528,False,1.6442009753341722
boundary_temperature_2026-07-15T16:10:00+03:00,PROPOSED_HFIS,22,Critical,87.52210643143057,False,12.51087186352946
boundary_temperature_2026-07-15T16:10:00+03:00,PROPOSED_HFIS,23,Critical,87.31572283963695,False,12.304488271735835
boundary_temperature_2026-07-15T16:10:00+03:00,PROPOSED_HFIS,24,Critical,87.55597014925372,False,12.544735581352612
boundary_temperature_2026-07-15T16:10:00+03:00,PROPOSED_HFIS,25,Critical,78.04799116200084,False,3.036756594099728
boundary_temperature_2026-07-15T16:10:00+03:00,PROPOSED_HFIS,26,Critical,87.36081328109012,False,12.349578713189004
boundary_temperature_2026-07-15T16:10:00+03:00,PROPOSED_HFIS,27,Critical,80.39052006583158,False,5.379285497930468
boundary_temperature_2026-07-15T16:10:00+03:00,PROPOSED_HFIS,28,Critical,77.6508959294176,False,2.639661361516488
boundary_temperature_2026-07-15T16:10:00+03:00,PROPOSED_HFIS,29,Degraded,62.5,True,12.511234567901113
boundary_temperature_2026-07-15T16:10:00+03:00,WEIGHTED_MEAN,0,Acceptable,39.920391148555886,False,6.620626392091339
boundary_temperature_2026-07-15T16:10:00+03:00,WEIGHTED_MEAN,1,Acceptable,43.17155262591475,False,9.871787869450202
boundary_temperature_2026-07-15T16:10:00+03:00,WEIGHTED_MEAN,2,Acceptable,29.129353233830845,False,4.170411522633703
boundary_temperature_2026-07-15T16:10:00+03:00,WEIGHTED_MEAN,3,Acceptable,29.12935323383085,False,4.170411522633696
boundary_temperature_2026-07-15T16:10:00+03:00,WEIGHTED_MEAN,4,Acceptable,37.35302927533411,False,4.053264518869561
boundary_temperature_2026-07-15T16:10:00+03:00,WEIGHTED_MEAN,5,Acceptable,39.06409668989062,False,5.764331933426071
boundary_temperature_2026-07-15T16:10:00+03:00,WEIGHTED_MEAN,6,Acceptable,37.481343283582085,False,4.181578527117537
boundary_temperature_2026-07-15T16:10:00+03:00,WEIGHTED_MEAN,7,Acceptable,41.97600317261149,False,8.676238416146944
boundary_temperature_2026-07-15T16:10:00+03:00,WEIGHTED_MEAN,8,Acceptable,30.61936120413405,False,2.680403552330496
boundary_temperature_2026-07-15T16:10:00+03:00,WEIGHTED_MEAN,9,Acceptable,29.129353233830845,False,4.170411522633703
boundary_temperature_2026-07-15T16:10:00+03:00,WEIGHTED_MEAN,10,Acceptable,31.792291073710206,False,1.5074736827543411
boundary_temperature_2026-07-15T16:10:00+03:00,WEIGHTED_MEAN,11,Acceptable,37.46291748491439,False,4.163152728449845
boundary_temperature_2026-07-15T16:10:00+03:00,WEIGHTED_MEAN,12,Acceptable,36.753364687610315,False,3.4535999311457672
boundary_temperature_2026-07-15T16:10:00+03:00,WEIGHTED_MEAN,13,Acceptable,39.49532547315008,False,6.195560716685534
boundary_temperature_2026-07-15T16:10:00+03:00,WEIGHTED_MEAN,14,Acceptable,36.62090206718592,False,3.321137310721369
boundary_temperature_2026-07-15T16:10:00+03:00,WEIGHTED_MEAN,15,Acceptable,32.29319146864372,False,1.006573287820828
boundary_temperature_2026-07-15T16:10:00+03:00,WEIGHTED_MEAN,16,Acceptable,31.12070834112468,False,2.1790564153398684
boundary_temperature_2026-07-15T16:10:00+03:00,WEIGHTED_MEAN,17,Acceptable,33.940433495927316,False,0.6406687394627681
boundary_temperature_2026-07-15T16:10:00+03:00,WEIGHTED_MEAN,18,Acceptable,31.44839916527519,False,1.8513655911893565
boundary_temperature_2026-07-15T16:10:00+03:00,WEIGHTED_MEAN,19,Acceptable,37.481343283582085,False,4.181578527117537
boundary_temperature_2026-07-15T16:10:00+03:00,WEIGHTED_MEAN,20,Acceptable,35.46135943582932,False,2.161594679364775
boundary_temperature_2026-07-15T16:10:00+03:00,WEIGHTED_MEAN,21,Acceptable,36.05452074951602,False,2.754755993051475
boundary_temperature_2026-07-15T16:10:00+03:00,WEIGHTED_MEAN,22,Acceptable,38.121863424871655,False,4.822098668407108
boundary_temperature_2026-07-15T16:10:00+03:00,WEIGHTED_MEAN,23,Acceptable,41.664030850659955,False,8.364266094195408
boundary_temperature_2026-07-15T16:10:00+03:00,WEIGHTED_MEAN,24,Acceptable,37.481343283582085,False,4.181578527117537
boundary_temperature_2026-07-15T16:10:00+03:00,WEIGHTED_MEAN,25,Acceptable,41.30839752529217,False,8.008632768827624
boundary_temperature_2026-07-15T16:10:00+03:00,WEIGHTED_MEAN,26,Acceptable,44.15240262524657,False,10.852637868782026
boundary_temperature_2026-07-15T16:10:00+03:00,WEIGHTED_MEAN,27,Acceptable,35.09285992244137,False,1.7930951659768226
boundary_temperature_2026-07-15T16:10:00+03:00,WEIGHTED_MEAN,28,Acceptable,38.43120409123028,False,5.13143933476573
boundary_temperature_2026-07-15T16:10:00+03:00,WEIGHTED_MEAN,29,Acceptable,29.129353233830845,False,4.170411522633703
boundary_temperature_2026-07-15T21:10:00+03:00,CRISP_CLASS_MAX,0,Critical,87.5,False,0.0
boundary_temperature_2026-07-15T21:10:00+03:00,CRISP_CLASS_MAX,1,Critical,87.5,False,0.0
boundary_temperature_2026-07-15T21:10:00+03:00,CRISP_CLASS_MAX,2,Critical,87.5,False,0.0
boundary_temperature_2026-07-15T21:10:00+03:00,CRISP_CLASS_MAX,3,Critical,87.5,False,0.0
boundary_temperature_2026-07-15T21:10:00+03:00,CRISP_CLASS_MAX,4,Critical,87.5,False,0.0
boundary_temperature_2026-07-15T21:10:00+03:00,CRISP_CLASS_MAX,5,Critical,87.5,False,0.0
boundary_temperature_2026-07-15T21:10:00+03:00,CRISP_CLASS_MAX,6,Degraded,62.5,True,25.0
boundary_temperature_2026-07-15T21:10:00+03:00,CRISP_CLASS_MAX,7,Critical,87.5,False,0.0
boundary_temperature_2026-07-15T21:10:00+03:00,CRISP_CLASS_MAX,8,Degraded,62.5,True,25.0
boundary_temperature_2026-07-15T21:10:00+03:00,CRISP_CLASS_MAX,9,Critical,87.5,False,0.0
boundary_temperature_2026-07-15T21:10:00+03:00,CRISP_CLASS_MAX,10,Degraded,62.5,True,25.0
boundary_temperature_2026-07-15T21:10:00+03:00,CRISP_CLASS_MAX,11,Critical,87.5,False,0.0
boundary_temperature_2026-07-15T21:10:00+03:00,CRISP_CLASS_MAX,12,Critical,87.5,False,0.0
boundary_temperature_2026-07-15T21:10:00+03:00,CRISP_CLASS_MAX,13,Critical,87.5,False,0.0
boundary_temperature_2026-07-15T21:10:00+03:00,CRISP_CLASS_MAX,14,Degraded,62.5,True,25.0
boundary_temperature_2026-07-15T21:10:00+03:00,CRISP_CLASS_MAX,15,Critical,87.5,False,0.0
boundary_temperature_2026-07-15T21:10:00+03:00,CRISP_CLASS_MAX,16,Degraded,62.5,True,25.0
boundary_temperature_2026-07-15T21:10:00+03:00,CRISP_CLASS_MAX,17,Critical,87.5,False,0.0
boundary_temperature_2026-07-15T21:10:00+03:00,CRISP_CLASS_MAX,18,Critical,87.5,False,0.0
boundary_temperature_2026-07-15T21:10:00+03:00,CRISP_CLASS_MAX,19,Critical,87.5,False,0.0
boundary_temperature_2026-07-15T21:10:00+03:00,CRISP_CLASS_MAX,20,Degraded,62.5,True,25.0
boundary_temperature_2026-07-15T21:10:00+03:00,CRISP_CLASS_MAX,21,Critical,87.5,False,0.0
boundary_temperature_2026-07-15T21:10:00+03:00,CRISP_CLASS_MAX,22,Degraded,62.5,True,25.0
boundary_temperature_2026-07-15T21:10:00+03:00,CRISP_CLASS_MAX,23,Degraded,62.5,True,25.0
boundary_temperature_2026-07-15T21:10:00+03:00,CRISP_CLASS_MAX,24,Degraded,62.5,True,25.0
boundary_temperature_2026-07-15T21:10:00+03:00,CRISP_CLASS_MAX,25,Degraded,62.5,True,25.0
boundary_temperature_2026-07-15T21:10:00+03:00,CRISP_CLASS_MAX,26,Critical,87.5,False,0.0
boundary_temperature_2026-07-15T21:10:00+03:00,CRISP_CLASS_MAX,27,Critical,87.5,False,0.0
boundary_temperature_2026-07-15T21:10:00+03:00,CRISP_CLASS_MAX,28,Degraded,62.5,True,25.0
boundary_temperature_2026-07-15T21:10:00+03:00,CRISP_CLASS_MAX,29,Critical,87.5,False,0.0
boundary_temperature_2026-07-15T21:10:00+03:00,FUZZY_COMPONENT_MAX,0,Critical,85.58513715424391,True,10.748470487576938
boundary_temperature_2026-07-15T21:10:00+03:00,FUZZY_COMPONENT_MAX,1,Critical,78.50945990800348,True,3.6727932413365068
boundary_temperature_2026-07-15T21:10:00+03:00,FUZZY_COMPONENT_MAX,2,Critical,87.55597014925372,True,12.719303482586753
boundary_temperature_2026-07-15T21:10:00+03:00,FUZZY_COMPONENT_MAX,3,Critical,87.55597014925372,True,12.719303482586753
boundary_temperature_2026-07-15T21:10:00+03:00,FUZZY_COMPONENT_MAX,4,Critical,83.65594649878192,True,8.819279832114944
boundary_temperature_2026-07-15T21:10:00+03:00,FUZZY_COMPONENT_MAX,5,Critical,87.55597014925372,True,12.719303482586753
boundary_temperature_2026-07-15T21:10:00+03:00,FUZZY_COMPONENT_MAX,6,Degraded,70.5859004956113,False,4.250766171055673
boundary_temperature_2026-07-15T21:10:00+03:00,FUZZY_COMPONENT_MAX,7,Critical,76.93998264958759,True,2.10331598292062
boundary_temperature_2026-07-15T21:10:00+03:00,FUZZY_COMPONENT_MAX,8,Degraded,72.69092532508324,False,2.1457413415837294
boundary_temperature_2026-07-15T21:10:00+03:00,FUZZY_COMPONENT_MAX,9,Critical,87.55597014925372,True,12.719303482586753
boundary_temperature_2026-07-15T21:10:00+03:00,FUZZY_COMPONENT_MAX,10,Degraded,62.5,False,12.336666666666972
boundary_temperature_2026-07-15T21:10:00+03:00,FUZZY_COMPONENT_MAX,11,Critical,75.56182829953453,True,0.7251616328675539
boundary_temperature_2026-07-15T21:10:00+03:00,FUZZY_COMPONENT_MAX,12,Critical,87.55597014925372,True,12.719303482586753
boundary_temperature_2026-07-15T21:10:00+03:00,FUZZY_COMPONENT_MAX,13,Critical,87.55597014925372,True,12.719303482586753
boundary_temperature_2026-07-15T21:10:00+03:00,FUZZY_COMPONENT_MAX,14,Degraded,62.5,False,12.336666666666972
boundary_temperature_2026-07-15T21:10:00+03:00,FUZZY_COMPONENT_MAX,15,Critical,87.55597014925372,True,12.719303482586753
boundary_temperature_2026-07-15T21:10:00+03:00,FUZZY_COMPONENT_MAX,16,Degraded,62.5,False,12.336666666666972
boundary_temperature_2026-07-15T21:10:00+03:00,FUZZY_COMPONENT_MAX,17,Critical,87.55597014925372,True,12.719303482586753
boundary_temperature_2026-07-15T21:10:00+03:00,FUZZY_COMPONENT_MAX,18,Critical,81.43088217793547,True,6.5942155112685015
boundary_temperature_2026-07-15T21:10:00+03:00,FUZZY_COMPONENT_MAX,19,Critical,76.37162197643494,True,1.534955309767966
boundary_temperature_2026-07-15T21:10:00+03:00,FUZZY_COMPONENT_MAX,20,Degraded,71.85312409753254,False,2.9835425691344284
boundary_temperature_2026-07-15T21:10:00+03:00,FUZZY_COMPONENT_MAX,21,Critical,83.06893096256677,True,8.232264295899796
boundary_temperature_2026-07-15T21:10:00+03:00,FUZZY_COMPONENT_MAX,22,Degraded,62.5,False,12.336666666666972
boundary_temperature_2026-07-15T21:10:00+03:00,FUZZY_COMPONENT_MAX,23,Degraded,62.5,False,12.336666666666972
boundary_temperature_2026-07-15T21:10:00+03:00,FUZZY_COMPONENT_MAX,24,Degraded,62.5,False,12.336666666666972
boundary_temperature_2026-07-15T21:10:00+03:00,FUZZY_COMPONENT_MAX,25,Degraded,63.089659628651695,False,11.747007038015276
boundary_temperature_2026-07-15T21:10:00+03:00,FUZZY_COMPONENT_MAX,26,Critical,87.55597014925372,True,12.719303482586753
boundary_temperature_2026-07-15T21:10:00+03:00,FUZZY_COMPONENT_MAX,27,Critical,78.03532468291736,True,3.1986580162503913
boundary_temperature_2026-07-15T21:10:00+03:00,FUZZY_COMPONENT_MAX,28,Degraded,62.5,False,12.336666666666972
boundary_temperature_2026-07-15T21:10:00+03:00,FUZZY_COMPONENT_MAX,29,Critical,76.22017927534036,True,1.383512608673385
boundary_temperature_2026-07-15T21:10:00+03:00,PROPOSED_HFIS,0,Critical,85.58513715424391,True,10.748470487576938
boundary_temperature_2026-07-15T21:10:00+03:00,PROPOSED_HFIS,1,Critical,78.50945990800348,True,3.6727932413365068
boundary_temperature_2026-07-15T21:10:00+03:00,PROPOSED_HFIS,2,Critical,87.55597014925372,True,12.719303482586753
boundary_temperature_2026-07-15T21:10:00+03:00,PROPOSED_HFIS,3,Critical,87.55597014925372,True,12.719303482586753
boundary_temperature_2026-07-15T21:10:00+03:00,PROPOSED_HFIS,4,Critical,83.65594649878192,True,8.819279832114944
boundary_temperature_2026-07-15T21:10:00+03:00,PROPOSED_HFIS,5,Critical,87.55597014925372,True,12.719303482586753
boundary_temperature_2026-07-15T21:10:00+03:00,PROPOSED_HFIS,6,Degraded,70.5859004956113,False,4.250766171055673
boundary_temperature_2026-07-15T21:10:00+03:00,PROPOSED_HFIS,7,Critical,76.93998264958759,True,2.10331598292062
boundary_temperature_2026-07-15T21:10:00+03:00,PROPOSED_HFIS,8,Degraded,72.69092532508324,False,2.1457413415837294
boundary_temperature_2026-07-15T21:10:00+03:00,PROPOSED_HFIS,9,Critical,87.55597014925372,True,12.719303482586753
boundary_temperature_2026-07-15T21:10:00+03:00,PROPOSED_HFIS,10,Degraded,62.5,False,12.336666666666972
boundary_temperature_2026-07-15T21:10:00+03:00,PROPOSED_HFIS,11,Critical,75.56182829953453,True,0.7251616328675539
boundary_temperature_2026-07-15T21:10:00+03:00,PROPOSED_HFIS,12,Critical,87.55597014925372,True,12.719303482586753
boundary_temperature_2026-07-15T21:10:00+03:00,PROPOSED_HFIS,13,Critical,87.55597014925372,True,12.719303482586753
boundary_temperature_2026-07-15T21:10:00+03:00,PROPOSED_HFIS,14,Degraded,62.49999999999999,False,12.336666666666979
boundary_temperature_2026-07-15T21:10:00+03:00,PROPOSED_HFIS,15,Critical,87.55597014925372,True,12.719303482586753
boundary_temperature_2026-07-15T21:10:00+03:00,PROPOSED_HFIS,16,Degraded,62.5,False,12.336666666666972
boundary_temperature_2026-07-15T21:10:00+03:00,PROPOSED_HFIS,17,Critical,87.55597014925372,True,12.719303482586753
boundary_temperature_2026-07-15T21:10:00+03:00,PROPOSED_HFIS,18,Critical,81.43088217793547,True,6.5942155112685015
boundary_temperature_2026-07-15T21:10:00+03:00,PROPOSED_HFIS,19,Critical,76.37162197643494,True,1.534955309767966
boundary_temperature_2026-07-15T21:10:00+03:00,PROPOSED_HFIS,20,Degraded,71.85312409753254,False,2.9835425691344284
boundary_temperature_2026-07-15T21:10:00+03:00,PROPOSED_HFIS,21,Critical,83.06893096256677,True,8.232264295899796
boundary_temperature_2026-07-15T21:10:00+03:00,PROPOSED_HFIS,22,Degraded,62.5,False,12.336666666666972
boundary_temperature_2026-07-15T21:10:00+03:00,PROPOSED_HFIS,23,Degraded,62.5,False,12.336666666666972
boundary_temperature_2026-07-15T21:10:00+03:00,PROPOSED_HFIS,24,Degraded,62.5,False,12.336666666666972
boundary_temperature_2026-07-15T21:10:00+03:00,PROPOSED_HFIS,25,Degraded,63.2362528799896,False,11.600413786677372
boundary_temperature_2026-07-15T21:10:00+03:00,PROPOSED_HFIS,26,Critical,87.55597014925372,True,12.719303482586753
boundary_temperature_2026-07-15T21:10:00+03:00,PROPOSED_HFIS,27,Critical,78.03532468291736,True,3.1986580162503913
boundary_temperature_2026-07-15T21:10:00+03:00,PROPOSED_HFIS,28,Degraded,62.5,False,12.336666666666972
boundary_temperature_2026-07-15T21:10:00+03:00,PROPOSED_HFIS,29,Critical,76.22017927534036,True,1.383512608673385
boundary_temperature_2026-07-15T21:10:00+03:00,WEIGHTED_MEAN,0,Acceptable,36.82439895191215,False,3.5828234958589817
boundary_temperature_2026-07-15T21:10:00+03:00,WEIGHTED_MEAN,1,Acceptable,34.465839869832,False,1.2242644137788332
boundary_temperature_2026-07-15T21:10:00+03:00,WEIGHTED_MEAN,2,Acceptable,37.481343283582085,False,4.239767827528915
boundary_temperature_2026-07-15T21:10:00+03:00,WEIGHTED_MEAN,3,Acceptable,37.481343283582085,False,4.239767827528915
boundary_temperature_2026-07-15T21:10:00+03:00,WEIGHTED_MEAN,4,Acceptable,36.181335400091484,False,2.9397599440383146
boundary_temperature_2026-07-15T21:10:00+03:00,WEIGHTED_MEAN,5,Acceptable,37.481343283582085,False,4.239767827528915
boundary_temperature_2026-07-15T21:10:00+03:00,WEIGHTED_MEAN,6,Acceptable,32.04713998039898,False,1.1944354756541884
boundary_temperature_2026-07-15T21:10:00+03:00,WEIGHTED_MEAN,7,Acceptable,33.942680783693376,False,0.7011053276402066
boundary_temperature_2026-07-15T21:10:00+03:00,WEIGHTED_MEAN,8,Acceptable,32.526328342191924,False,0.7152471138612455
boundary_temperature_2026-07-15T21:10:00+03:00,WEIGHTED_MEAN,9,Acceptable,37.481343283582085,False,4.239767827528915
boundary_temperature_2026-07-15T21:10:00+03:00,WEIGHTED_MEAN,10,Acceptable,29.129353233830845,False,4.112222222222325
boundary_temperature_2026-07-15T21:10:00+03:00,WEIGHTED_MEAN,11,Acceptable,35.468574747075984,False,2.226999291022814
boundary_temperature_2026-07-15T21:10:00+03:00,WEIGHTED_MEAN,12,Acceptable,37.481343283582085,False,4.239767827528915
boundary_temperature_2026-07-15T21:10:00+03:00,WEIGHTED_MEAN,13,Acceptable,37.481343283582085,False,4.239767827528915
boundary_temperature_2026-07-15T21:10:00+03:00,WEIGHTED_MEAN,14,Acceptable,29.22858068741257,False,4.012994768640599
boundary_temperature_2026-07-15T21:10:00+03:00,WEIGHTED_MEAN,15,Acceptable,37.481343283582085,False,4.239767827528915
boundary_temperature_2026-07-15T21:10:00+03:00,WEIGHTED_MEAN,16,Acceptable,29.129353233830845,False,4.112222222222325
boundary_temperature_2026-07-15T21:10:00+03:00,WEIGHTED_MEAN,17,Acceptable,37.481343283582085,False,4.239767827528915
boundary_temperature_2026-07-15T21:10:00+03:00,WEIGHTED_MEAN,18,Acceptable,35.43964729314267,False,2.1980718370895005
boundary_temperature_2026-07-15T21:10:00+03:00,WEIGHTED_MEAN,19,Acceptable,34.40907848218361,False,1.16750302613044
boundary_temperature_2026-07-15T21:10:00+03:00,WEIGHTED_MEAN,20,Acceptable,32.247061266341696,False,0.9945141897114738
boundary_temperature_2026-07-15T21:10:00+03:00,WEIGHTED_MEAN,21,Acceptable,36.197631997239384,False,2.9560565411862143
boundary_temperature_2026-07-15T21:10:00+03:00,WEIGHTED_MEAN,22,Acceptable,29.129353233830845,False,4.112222222222325
boundary_temperature_2026-07-15T21:10:00+03:00,WEIGHTED_MEAN,23,Acceptable,29.129353233830845,False,4.112222222222325
boundary_temperature_2026-07-15T21:10:00+03:00,WEIGHTED_MEAN,24,Acceptable,29.129353233830845,False,4.112222222222325
boundary_temperature_2026-07-15T21:10:00+03:00,WEIGHTED_MEAN,25,Acceptable,31.36182199758815,False,1.879753458465018
boundary_temperature_2026-07-15T21:10:00+03:00,WEIGHTED_MEAN,26,Acceptable,37.481343283582085,False,4.239767827528915
boundary_temperature_2026-07-15T21:10:00+03:00,WEIGHTED_MEAN,27,Acceptable,34.3077947948033,False,1.0662193387501304
boundary_temperature_2026-07-15T21:10:00+03:00,WEIGHTED_MEAN,28,Acceptable,29.129353233830845,False,4.112222222222325
boundary_temperature_2026-07-15T21:10:00+03:00,WEIGHTED_MEAN,29,Acceptable,33.70274632561097,False,0.4611708695577974
boundary_temperature_2026-07-16T05:20:00+03:00,CRISP_CLASS_MAX,0,Acceptable,37.5,False,0.0
boundary_temperature_2026-07-16T05:20:00+03:00,CRISP_CLASS_MAX,1,Acceptable,37.5,False,0.0
boundary_temperature_2026-07-16T05:20:00+03:00,CRISP_CLASS_MAX,2,Degraded,62.5,True,25.0
boundary_temperature_2026-07-16T05:20:00+03:00,CRISP_CLASS_MAX,3,Acceptable,37.5,False,0.0
boundary_temperature_2026-07-16T05:20:00+03:00,CRISP_CLASS_MAX,4,Acceptable,37.5,False,0.0
boundary_temperature_2026-07-16T05:20:00+03:00,CRISP_CLASS_MAX,5,Acceptable,37.5,False,0.0
boundary_temperature_2026-07-16T05:20:00+03:00,CRISP_CLASS_MAX,6,Acceptable,37.5,False,0.0
boundary_temperature_2026-07-16T05:20:00+03:00,CRISP_CLASS_MAX,7,Acceptable,37.5,False,0.0
boundary_temperature_2026-07-16T05:20:00+03:00,CRISP_CLASS_MAX,8,Acceptable,37.5,False,0.0
boundary_temperature_2026-07-16T05:20:00+03:00,CRISP_CLASS_MAX,9,Acceptable,37.5,False,0.0
boundary_temperature_2026-07-16T05:20:00+03:00,CRISP_CLASS_MAX,10,Acceptable,37.5,False,0.0
boundary_temperature_2026-07-16T05:20:00+03:00,CRISP_CLASS_MAX,11,Acceptable,37.5,False,0.0
boundary_temperature_2026-07-16T05:20:00+03:00,CRISP_CLASS_MAX,12,Acceptable,37.5,False,0.0
boundary_temperature_2026-07-16T05:20:00+03:00,CRISP_CLASS_MAX,13,Acceptable,37.5,False,0.0
boundary_temperature_2026-07-16T05:20:00+03:00,CRISP_CLASS_MAX,14,Acceptable,37.5,False,0.0
boundary_temperature_2026-07-16T05:20:00+03:00,CRISP_CLASS_MAX,15,Acceptable,37.5,False,0.0
boundary_temperature_2026-07-16T05:20:00+03:00,CRISP_CLASS_MAX,16,Acceptable,37.5,False,0.0
boundary_temperature_2026-07-16T05:20:00+03:00,CRISP_CLASS_MAX,17,Acceptable,37.5,False,0.0
boundary_temperature_2026-07-16T05:20:00+03:00,CRISP_CLASS_MAX,18,Acceptable,37.5,False,0.0
boundary_temperature_2026-07-16T05:20:00+03:00,CRISP_CLASS_MAX,19,Acceptable,37.5,False,0.0
boundary_temperature_2026-07-16T05:20:00+03:00,CRISP_CLASS_MAX,20,Acceptable,37.5,False,0.0
boundary_temperature_2026-07-16T05:20:00+03:00,CRISP_CLASS_MAX,21,Acceptable,37.5,False,0.0
boundary_temperature_2026-07-16T05:20:00+03:00,CRISP_CLASS_MAX,22,Acceptable,37.5,False,0.0
boundary_temperature_2026-07-16T05:20:00+03:00,CRISP_CLASS_MAX,23,Acceptable,37.5,False,0.0
boundary_temperature_2026-07-16T05:20:00+03:00,CRISP_CLASS_MAX,24,Acceptable,37.5,False,0.0
boundary_temperature_2026-07-16T05:20:00+03:00,CRISP_CLASS_MAX,25,Acceptable,37.5,False,0.0
boundary_temperature_2026-07-16T05:20:00+03:00,CRISP_CLASS_MAX,26,Acceptable,37.5,False,0.0
boundary_temperature_2026-07-16T05:20:00+03:00,CRISP_CLASS_MAX,27,Acceptable,37.5,False,0.0
boundary_temperature_2026-07-16T05:20:00+03:00,CRISP_CLASS_MAX,28,Acceptable,37.5,False,0.0
boundary_temperature_2026-07-16T05:20:00+03:00,CRISP_CLASS_MAX,29,Degraded,62.5,True,25.0
boundary_temperature_2026-07-16T05:20:00+03:00,FUZZY_COMPONENT_MAX,0,Acceptable,37.5,False,7.105427357601002e-15
boundary_temperature_2026-07-16T05:20:00+03:00,FUZZY_COMPONENT_MAX,1,Acceptable,31.181801501890956,False,6.3181984981090515
boundary_temperature_2026-07-16T05:20:00+03:00,FUZZY_COMPONENT_MAX,2,Degraded,50.08374836549298,True,12.583748365492973
boundary_temperature_2026-07-16T05:20:00+03:00,FUZZY_COMPONENT_MAX,3,Acceptable,28.687717009881453,False,8.812282990118554
boundary_temperature_2026-07-16T05:20:00+03:00,FUZZY_COMPONENT_MAX,4,Acceptable,28.067652420897755,False,9.432347579102252
boundary_temperature_2026-07-16T05:20:00+03:00,FUZZY_COMPONENT_MAX,5,Acceptable,37.5,False,7.105427357601002e-15
boundary_temperature_2026-07-16T05:20:00+03:00,FUZZY_COMPONENT_MAX,6,Acceptable,27.45603912475357,False,10.043960875246437
boundary_temperature_2026-07-16T05:20:00+03:00,FUZZY_COMPONENT_MAX,7,Acceptable,37.5,False,7.105427357601002e-15
boundary_temperature_2026-07-16T05:20:00+03:00,FUZZY_COMPONENT_MAX,8,Acceptable,48.57818814355856,False,11.078188143558556
boundary_temperature_2026-07-16T05:20:00+03:00,FUZZY_COMPONENT_MAX,9,Acceptable,37.5,False,7.105427357601002e-15
boundary_temperature_2026-07-16T05:20:00+03:00,FUZZY_COMPONENT_MAX,10,Acceptable,37.49999999999999,False,1.4210854715202004e-14
boundary_temperature_2026-07-16T05:20:00+03:00,FUZZY_COMPONENT_MAX,11,Acceptable,37.5,False,7.105427357601002e-15
boundary_temperature_2026-07-16T05:20:00+03:00,FUZZY_COMPONENT_MAX,12,Acceptable,37.5,False,7.105427357601002e-15
boundary_temperature_2026-07-16T05:20:00+03:00,FUZZY_COMPONENT_MAX,13,Acceptable,37.5,False,7.105427357601002e-15
boundary_temperature_2026-07-16T05:20:00+03:00,FUZZY_COMPONENT_MAX,14,Acceptable,37.49999999999999,False,1.4210854715202004e-14
boundary_temperature_2026-07-16T05:20:00+03:00,FUZZY_COMPONENT_MAX,15,Acceptable,49.450700219622455,False,11.950700219622448
boundary_temperature_2026-07-16T05:20:00+03:00,FUZZY_COMPONENT_MAX,16,Acceptable,44.08140628811876,False,6.58140628811875
boundary_temperature_2026-07-16T05:20:00+03:00,FUZZY_COMPONENT_MAX,17,Acceptable,37.5,False,7.105427357601002e-15
boundary_temperature_2026-07-16T05:20:00+03:00,FUZZY_COMPONENT_MAX,18,Acceptable,37.5,False,7.105427357601002e-15
boundary_temperature_2026-07-16T05:20:00+03:00,FUZZY_COMPONENT_MAX,19,Acceptable,44.51535109619798,False,7.015351096197975
boundary_temperature_2026-07-16T05:20:00+03:00,FUZZY_COMPONENT_MAX,20,Acceptable,32.240675749783534,False,5.259324250216473
boundary_temperature_2026-07-16T05:20:00+03:00,FUZZY_COMPONENT_MAX,21,Acceptable,49.58139686730509,False,12.081396867305081
boundary_temperature_2026-07-16T05:20:00+03:00,FUZZY_COMPONENT_MAX,22,Acceptable,40.91324157092789,False,3.4132415709278803
boundary_temperature_2026-07-16T05:20:00+03:00,FUZZY_COMPONENT_MAX,23,Acceptable,35.6269385213153,False,1.8730614786847042
boundary_temperature_2026-07-16T05:20:00+03:00,FUZZY_COMPONENT_MAX,24,Acceptable,48.77587505534143,False,11.275875055341423
boundary_temperature_2026-07-16T05:20:00+03:00,FUZZY_COMPONENT_MAX,25,Acceptable,37.5,False,7.105427357601002e-15
boundary_temperature_2026-07-16T05:20:00+03:00,FUZZY_COMPONENT_MAX,26,Acceptable,37.5,False,7.105427357601002e-15
boundary_temperature_2026-07-16T05:20:00+03:00,FUZZY_COMPONENT_MAX,27,Acceptable,42.665442522682504,False,5.165442522682497
boundary_temperature_2026-07-16T05:20:00+03:00,FUZZY_COMPONENT_MAX,28,Acceptable,38.394182138201,False,0.8941821382009962
boundary_temperature_2026-07-16T05:20:00+03:00,FUZZY_COMPONENT_MAX,29,Degraded,50.09545388437334,True,12.595453884373335
boundary_temperature_2026-07-16T05:20:00+03:00,PROPOSED_HFIS,0,Acceptable,37.49999999999999,False,1.4210854715202004e-14
boundary_temperature_2026-07-16T05:20:00+03:00,PROPOSED_HFIS,1,Acceptable,30.791704399290765,False,6.708295600709242
boundary_temperature_2026-07-16T05:20:00+03:00,PROPOSED_HFIS,2,Degraded,50.08374836549298,True,12.583748365492973
boundary_temperature_2026-07-16T05:20:00+03:00,PROPOSED_HFIS,3,Acceptable,28.687717009881453,False,8.812282990118554
boundary_temperature_2026-07-16T05:20:00+03:00,PROPOSED_HFIS,4,Acceptable,28.067652420897755,False,9.432347579102252
boundary_temperature_2026-07-16T05:20:00+03:00,PROPOSED_HFIS,5,Acceptable,37.5,False,7.105427357601002e-15
boundary_temperature_2026-07-16T05:20:00+03:00,PROPOSED_HFIS,6,Acceptable,26.925875466240345,False,10.574124533759662
boundary_temperature_2026-07-16T05:20:00+03:00,PROPOSED_HFIS,7,Acceptable,37.5,False,7.105427357601002e-15
boundary_temperature_2026-07-16T05:20:00+03:00,PROPOSED_HFIS,8,Acceptable,48.57818814355856,False,11.078188143558556
boundary_temperature_2026-07-16T05:20:00+03:00,PROPOSED_HFIS,9,Acceptable,37.5,False,7.105427357601002e-15
boundary_temperature_2026-07-16T05:20:00+03:00,PROPOSED_HFIS,10,Acceptable,37.50000000000001,False,0.0
boundary_temperature_2026-07-16T05:20:00+03:00,PROPOSED_HFIS,11,Acceptable,37.5,False,7.105427357601002e-15
boundary_temperature_2026-07-16T05:20:00+03:00,PROPOSED_HFIS,12,Acceptable,37.5,False,7.105427357601002e-15
boundary_temperature_2026-07-16T05:20:00+03:00,PROPOSED_HFIS,13,Acceptable,37.5,False,7.105427357601002e-15
boundary_temperature_2026-07-16T05:20:00+03:00,PROPOSED_HFIS,14,Acceptable,37.49999999999999,False,1.4210854715202004e-14
boundary_temperature_2026-07-16T05:20:00+03:00,PROPOSED_HFIS,15,Acceptable,49.450700219622455,False,11.950700219622448
boundary_temperature_2026-07-16T05:20:00+03:00,PROPOSED_HFIS,16,Acceptable,44.08140628811876,False,6.58140628811875
boundary_temperature_2026-07-16T05:20:00+03:00,PROPOSED_HFIS,17,Acceptable,37.49999999999999,False,1.4210854715202004e-14
boundary_temperature_2026-07-16T05:20:00+03:00,PROPOSED_HFIS,18,Acceptable,37.5,False,7.105427357601002e-15
boundary_temperature_2026-07-16T05:20:00+03:00,PROPOSED_HFIS,19,Acceptable,44.525390772381336,False,7.0253907723813285
boundary_temperature_2026-07-16T05:20:00+03:00,PROPOSED_HFIS,20,Acceptable,32.240675749783534,False,5.259324250216473
boundary_temperature_2026-07-16T05:20:00+03:00,PROPOSED_HFIS,21,Acceptable,49.58139686730509,False,12.081396867305081
boundary_temperature_2026-07-16T05:20:00+03:00,PROPOSED_HFIS,22,Acceptable,41.60778620348508,False,4.10778620348507
boundary_temperature_2026-07-16T05:20:00+03:00,PROPOSED_HFIS,23,Acceptable,35.6269385213153,False,1.8730614786847042
boundary_temperature_2026-07-16T05:20:00+03:00,PROPOSED_HFIS,24,Acceptable,48.77587505534143,False,11.275875055341423
boundary_temperature_2026-07-16T05:20:00+03:00,PROPOSED_HFIS,25,Acceptable,37.49999999999999,False,1.4210854715202004e-14
boundary_temperature_2026-07-16T05:20:00+03:00,PROPOSED_HFIS,26,Acceptable,37.5,False,7.105427357601002e-15
boundary_temperature_2026-07-16T05:20:00+03:00,PROPOSED_HFIS,27,Acceptable,42.665442522682504,False,5.165442522682497
boundary_temperature_2026-07-16T05:20:00+03:00,PROPOSED_HFIS,28,Acceptable,38.62107873354896,False,1.1210787335489556
boundary_temperature_2026-07-16T05:20:00+03:00,PROPOSED_HFIS,29,Degraded,50.09545388437334,True,12.595453884373335
boundary_temperature_2026-07-16T05:20:00+03:00,WEIGHTED_MEAN,0,Favorable,21.461755710488315,True,4.099087794169122
boundary_temperature_2026-07-16T05:20:00+03:00,WEIGHTED_MEAN,1,Favorable,21.713871275246124,True,3.846972229411314
boundary_temperature_2026-07-16T05:20:00+03:00,WEIGHTED_MEAN,2,Acceptable,25.83380127162376,False,0.27295776696632146
boundary_temperature_2026-07-16T05:20:00+03:00,WEIGHTED_MEAN,3,Favorable,17.858592237124665,True,7.702251267532773
boundary_temperature_2026-07-16T05:20:00+03:00,WEIGHTED_MEAN,4,Favorable,18.918823697533988,True,6.64201980712345
boundary_temperature_2026-07-16T05:20:00+03:00,WEIGHTED_MEAN,5,Favorable,20.796019900497512,True,4.7648236041599255
boundary_temperature_2026-07-16T05:20:00+03:00,WEIGHTED_MEAN,6,Favorable,21.3592507974312,True,4.2015927072262365
boundary_temperature_2026-07-16T05:20:00+03:00,WEIGHTED_MEAN,7,Favorable,23.386978254722735,True,2.1738652499347033
boundary_temperature_2026-07-16T05:20:00+03:00,WEIGHTED_MEAN,8,Acceptable,32.499892985052064,False,6.939049480394626
boundary_temperature_2026-07-16T05:20:00+03:00,WEIGHTED_MEAN,9,Favorable,23.447636908834784,True,2.1132065958226534
boundary_temperature_2026-07-16T05:20:00+03:00,WEIGHTED_MEAN,10,Acceptable,25.75048578428299,False,0.18964227962555213
boundary_temperature_2026-07-16T05:20:00+03:00,WEIGHTED_MEAN,11,Acceptable,27.1730492178562,False,1.6122057131987617
boundary_temperature_2026-07-16T05:20:00+03:00,WEIGHTED_MEAN,12,Acceptable,29.148009950248753,False,3.587166445591315
boundary_temperature_2026-07-16T05:20:00+03:00,WEIGHTED_MEAN,13,Acceptable,29.456996362318865,False,3.896152857661427
boundary_temperature_2026-07-16T05:20:00+03:00,WEIGHTED_MEAN,14,Favorable,20.79601990049751,True,4.764823604159929
boundary_temperature_2026-07-16T05:20:00+03:00,WEIGHTED_MEAN,15,Acceptable,29.852694026378064,False,4.291850521720626
boundary_temperature_2026-07-16T05:20:00+03:00,WEIGHTED_MEAN,16,Favorable,24.975102779918426,True,0.5857407247390114
boundary_temperature_2026-07-16T05:20:00+03:00,WEIGHTED_MEAN,17,Acceptable,29.148009950248753,False,3.587166445591315
boundary_temperature_2026-07-16T05:20:00+03:00,WEIGHTED_MEAN,18,Acceptable,29.148009950248753,False,3.587166445591315
boundary_temperature_2026-07-16T05:20:00+03:00,WEIGHTED_MEAN,19,Acceptable,25.532896456627856,False,0.027947048029581367
boundary_temperature_2026-07-16T05:20:00+03:00,WEIGHTED_MEAN,20,Favorable,19.042911817092023,True,6.517931687565415
boundary_temperature_2026-07-16T05:20:00+03:00,WEIGHTED_MEAN,21,Acceptable,31.075946796828834,False,5.515103292171396
boundary_temperature_2026-07-16T05:20:00+03:00,WEIGHTED_MEAN,22,Favorable,24.993105662826988,True,0.56773784183045
boundary_temperature_2026-07-16T05:20:00+03:00,WEIGHTED_MEAN,23,Favorable,20.17166607426928,True,5.389177430388159
boundary_temperature_2026-07-16T05:20:00+03:00,WEIGHTED_MEAN,24,Favorable,24.976928355707113,True,0.5839151489503251
boundary_temperature_2026-07-16T05:20:00+03:00,WEIGHTED_MEAN,25,Favorable,23.47925343235721,True,2.0815900723002265
boundary_temperature_2026-07-16T05:20:00+03:00,WEIGHTED_MEAN,26,Acceptable,29.148009950248753,False,3.587166445591315
boundary_temperature_2026-07-16T05:20:00+03:00,WEIGHTED_MEAN,27,Acceptable,30.869824124476256,False,5.3089806198188185
boundary_temperature_2026-07-16T05:20:00+03:00,WEIGHTED_MEAN,28,Acceptable,31.604130540018087,False,6.043287035360649
boundary_temperature_2026-07-16T05:20:00+03:00,WEIGHTED_MEAN,29,Acceptable,25.7542550440328,False,0.19341153937536149
boundary_temperature_2026-07-16T05:25:00+03:00,CRISP_CLASS_MAX,0,Acceptable,37.5,False,0.0
boundary_temperature_2026-07-16T05:25:00+03:00,CRISP_CLASS_MAX,1,Acceptable,37.5,False,0.0
boundary_temperature_2026-07-16T05:25:00+03:00,CRISP_CLASS_MAX,2,Acceptable,37.5,False,0.0
boundary_temperature_2026-07-16T05:25:00+03:00,CRISP_CLASS_MAX,3,Acceptable,37.5,False,0.0
boundary_temperature_2026-07-16T05:25:00+03:00,CRISP_CLASS_MAX,4,Acceptable,37.5,False,0.0
boundary_temperature_2026-07-16T05:25:00+03:00,CRISP_CLASS_MAX,5,Acceptable,37.5,False,0.0
boundary_temperature_2026-07-16T05:25:00+03:00,CRISP_CLASS_MAX,6,Acceptable,37.5,False,0.0
boundary_temperature_2026-07-16T05:25:00+03:00,CRISP_CLASS_MAX,7,Acceptable,37.5,False,0.0
boundary_temperature_2026-07-16T05:25:00+03:00,CRISP_CLASS_MAX,8,Acceptable,37.5,False,0.0
boundary_temperature_2026-07-16T05:25:00+03:00,CRISP_CLASS_MAX,9,Acceptable,37.5,False,0.0
boundary_temperature_2026-07-16T05:25:00+03:00,CRISP_CLASS_MAX,10,Acceptable,37.5,False,0.0
boundary_temperature_2026-07-16T05:25:00+03:00,CRISP_CLASS_MAX,11,Acceptable,37.5,False,0.0
boundary_temperature_2026-07-16T05:25:00+03:00,CRISP_CLASS_MAX,12,Acceptable,37.5,False,0.0
boundary_temperature_2026-07-16T05:25:00+03:00,CRISP_CLASS_MAX,13,Acceptable,37.5,False,0.0
boundary_temperature_2026-07-16T05:25:00+03:00,CRISP_CLASS_MAX,14,Acceptable,37.5,False,0.0
boundary_temperature_2026-07-16T05:25:00+03:00,CRISP_CLASS_MAX,15,Acceptable,37.5,False,0.0
boundary_temperature_2026-07-16T05:25:00+03:00,CRISP_CLASS_MAX,16,Favorable,12.5,True,25.0
boundary_temperature_2026-07-16T05:25:00+03:00,CRISP_CLASS_MAX,17,Acceptable,37.5,False,0.0
boundary_temperature_2026-07-16T05:25:00+03:00,CRISP_CLASS_MAX,18,Acceptable,37.5,False,0.0
boundary_temperature_2026-07-16T05:25:00+03:00,CRISP_CLASS_MAX,19,Acceptable,37.5,False,0.0
boundary_temperature_2026-07-16T05:25:00+03:00,CRISP_CLASS_MAX,20,Acceptable,37.5,False,0.0
boundary_temperature_2026-07-16T05:25:00+03:00,CRISP_CLASS_MAX,21,Acceptable,37.5,False,0.0
boundary_temperature_2026-07-16T05:25:00+03:00,CRISP_CLASS_MAX,22,Acceptable,37.5,False,0.0
boundary_temperature_2026-07-16T05:25:00+03:00,CRISP_CLASS_MAX,23,Acceptable,37.5,False,0.0
boundary_temperature_2026-07-16T05:25:00+03:00,CRISP_CLASS_MAX,24,Acceptable,37.5,False,0.0
boundary_temperature_2026-07-16T05:25:00+03:00,CRISP_CLASS_MAX,25,Acceptable,37.5,False,0.0
boundary_temperature_2026-07-16T05:25:00+03:00,CRISP_CLASS_MAX,26,Acceptable,37.5,False,0.0
boundary_temperature_2026-07-16T05:25:00+03:00,CRISP_CLASS_MAX,27,Acceptable,37.5,False,0.0
boundary_temperature_2026-07-16T05:25:00+03:00,CRISP_CLASS_MAX,28,Acceptable,37.5,False,0.0
boundary_temperature_2026-07-16T05:25:00+03:00,CRISP_CLASS_MAX,29,Acceptable,37.5,False,0.0
boundary_temperature_2026-07-16T05:25:00+03:00,FUZZY_COMPONENT_MAX,0,Acceptable,37.5,False,0.0
boundary_temperature_2026-07-16T05:25:00+03:00,FUZZY_COMPONENT_MAX,1,Acceptable,37.5,False,0.0
boundary_temperature_2026-07-16T05:25:00+03:00,FUZZY_COMPONENT_MAX,2,Acceptable,37.49999999999999,False,7.105427357601002e-15
boundary_temperature_2026-07-16T05:25:00+03:00,FUZZY_COMPONENT_MAX,3,Acceptable,44.5989018097599,False,7.0989018097599015
boundary_temperature_2026-07-16T05:25:00+03:00,FUZZY_COMPONENT_MAX,4,Acceptable,37.5,False,0.0
boundary_temperature_2026-07-16T05:25:00+03:00,FUZZY_COMPONENT_MAX,5,Acceptable,42.4558356555048,False,4.955835655504799
boundary_temperature_2026-07-16T05:25:00+03:00,FUZZY_COMPONENT_MAX,6,Acceptable,37.50000000000001,False,7.105427357601002e-15
boundary_temperature_2026-07-16T05:25:00+03:00,FUZZY_COMPONENT_MAX,7,Acceptable,37.5,False,0.0
boundary_temperature_2026-07-16T05:25:00+03:00,FUZZY_COMPONENT_MAX,8,Acceptable,40.207993980652255,False,2.7079939806522546
boundary_temperature_2026-07-16T05:25:00+03:00,FUZZY_COMPONENT_MAX,9,Acceptable,44.877225744833844,False,7.377225744833844
boundary_temperature_2026-07-16T05:25:00+03:00,FUZZY_COMPONENT_MAX,10,Acceptable,37.5,False,0.0
boundary_temperature_2026-07-16T05:25:00+03:00,FUZZY_COMPONENT_MAX,11,Acceptable,37.49999999999999,False,7.105427357601002e-15
boundary_temperature_2026-07-16T05:25:00+03:00,FUZZY_COMPONENT_MAX,12,Acceptable,44.34188191499822,False,6.841881914998218
boundary_temperature_2026-07-16T05:25:00+03:00,FUZZY_COMPONENT_MAX,13,Acceptable,37.5,False,0.0
boundary_temperature_2026-07-16T05:25:00+03:00,FUZZY_COMPONENT_MAX,14,Acceptable,37.5,False,0.0
boundary_temperature_2026-07-16T05:25:00+03:00,FUZZY_COMPONENT_MAX,15,Acceptable,48.57557318218217,False,11.075573182182168
boundary_temperature_2026-07-16T05:25:00+03:00,FUZZY_COMPONENT_MAX,16,Favorable,24.868663003467628,True,12.631336996532372
boundary_temperature_2026-07-16T05:25:00+03:00,FUZZY_COMPONENT_MAX,17,Acceptable,48.0441045308511,False,10.5441045308511
boundary_temperature_2026-07-16T05:25:00+03:00,FUZZY_COMPONENT_MAX,18,Acceptable,37.5,False,0.0
boundary_temperature_2026-07-16T05:25:00+03:00,FUZZY_COMPONENT_MAX,19,Acceptable,37.50000000000001,False,7.105427357601002e-15
boundary_temperature_2026-07-16T05:25:00+03:00,FUZZY_COMPONENT_MAX,20,Acceptable,40.827351328421386,False,3.3273513284213863
boundary_temperature_2026-07-16T05:25:00+03:00,FUZZY_COMPONENT_MAX,21,Acceptable,37.0491435880185,False,0.45085641198149773
boundary_temperature_2026-07-16T05:25:00+03:00,FUZZY_COMPONENT_MAX,22,Acceptable,37.5,False,0.0
boundary_temperature_2026-07-16T05:25:00+03:00,FUZZY_COMPONENT_MAX,23,Acceptable,37.5,False,0.0
boundary_temperature_2026-07-16T05:25:00+03:00,FUZZY_COMPONENT_MAX,24,Acceptable,37.50000000000001,False,7.105427357601002e-15
boundary_temperature_2026-07-16T05:25:00+03:00,FUZZY_COMPONENT_MAX,25,Acceptable,37.5,False,0.0
boundary_temperature_2026-07-16T05:25:00+03:00,FUZZY_COMPONENT_MAX,26,Acceptable,37.50000000000001,False,7.105427357601002e-15
boundary_temperature_2026-07-16T05:25:00+03:00,FUZZY_COMPONENT_MAX,27,Acceptable,37.49999999999999,False,7.105427357601002e-15
boundary_temperature_2026-07-16T05:25:00+03:00,FUZZY_COMPONENT_MAX,28,Acceptable,37.5,False,0.0
boundary_temperature_2026-07-16T05:25:00+03:00,FUZZY_COMPONENT_MAX,29,Acceptable,37.5,False,0.0
boundary_temperature_2026-07-16T05:25:00+03:00,PROPOSED_HFIS,0,Acceptable,37.5,False,0.0
boundary_temperature_2026-07-16T05:25:00+03:00,PROPOSED_HFIS,1,Acceptable,37.50000000000001,False,7.105427357601002e-15
boundary_temperature_2026-07-16T05:25:00+03:00,PROPOSED_HFIS,2,Acceptable,37.49999999999999,False,7.105427357601002e-15
boundary_temperature_2026-07-16T05:25:00+03:00,PROPOSED_HFIS,3,Acceptable,44.82263468750045,False,7.322634687500447
boundary_temperature_2026-07-16T05:25:00+03:00,PROPOSED_HFIS,4,Acceptable,37.49999999999999,False,7.105427357601002e-15
boundary_temperature_2026-07-16T05:25:00+03:00,PROPOSED_HFIS,5,Acceptable,42.4558356555048,False,4.955835655504799
boundary_temperature_2026-07-16T05:25:00+03:00,PROPOSED_HFIS,6,Acceptable,37.50000000000001,False,7.105427357601002e-15
boundary_temperature_2026-07-16T05:25:00+03:00,PROPOSED_HFIS,7,Acceptable,37.5,False,0.0
boundary_temperature_2026-07-16T05:25:00+03:00,PROPOSED_HFIS,8,Acceptable,40.207993980652255,False,2.7079939806522546
boundary_temperature_2026-07-16T05:25:00+03:00,PROPOSED_HFIS,9,Acceptable,44.877225744833844,False,7.377225744833844
boundary_temperature_2026-07-16T05:25:00+03:00,PROPOSED_HFIS,10,Acceptable,37.499999999999986,False,1.4210854715202004e-14
boundary_temperature_2026-07-16T05:25:00+03:00,PROPOSED_HFIS,11,Acceptable,37.5,False,0.0
boundary_temperature_2026-07-16T05:25:00+03:00,PROPOSED_HFIS,12,Acceptable,44.34188191499822,False,6.841881914998218
boundary_temperature_2026-07-16T05:25:00+03:00,PROPOSED_HFIS,13,Acceptable,37.5,False,0.0
boundary_temperature_2026-07-16T05:25:00+03:00,PROPOSED_HFIS,14,Acceptable,37.5,False,0.0
boundary_temperature_2026-07-16T05:25:00+03:00,PROPOSED_HFIS,15,Acceptable,48.57557318218217,False,11.075573182182168
boundary_temperature_2026-07-16T05:25:00+03:00,PROPOSED_HFIS,16,Favorable,24.868663003467628,True,12.631336996532372
boundary_temperature_2026-07-16T05:25:00+03:00,PROPOSED_HFIS,17,Acceptable,48.83939674810165,False,11.339396748101649
boundary_temperature_2026-07-16T05:25:00+03:00,PROPOSED_HFIS,18,Acceptable,37.49999999999999,False,7.105427357601002e-15
boundary_temperature_2026-07-16T05:25:00+03:00,PROPOSED_HFIS,19,Acceptable,37.50000000000001,False,7.105427357601002e-15
boundary_temperature_2026-07-16T05:25:00+03:00,PROPOSED_HFIS,20,Acceptable,40.827351328421386,False,3.3273513284213863
boundary_temperature_2026-07-16T05:25:00+03:00,PROPOSED_HFIS,21,Acceptable,36.75959420889094,False,0.7404057911090618
boundary_temperature_2026-07-16T05:25:00+03:00,PROPOSED_HFIS,22,Acceptable,37.50000000000001,False,7.105427357601002e-15
boundary_temperature_2026-07-16T05:25:00+03:00,PROPOSED_HFIS,23,Acceptable,37.5,False,0.0
boundary_temperature_2026-07-16T05:25:00+03:00,PROPOSED_HFIS,24,Acceptable,37.50000000000001,False,7.105427357601002e-15
boundary_temperature_2026-07-16T05:25:00+03:00,PROPOSED_HFIS,25,Acceptable,37.5,False,0.0
boundary_temperature_2026-07-16T05:25:00+03:00,PROPOSED_HFIS,26,Acceptable,37.50000000000001,False,7.105427357601002e-15
boundary_temperature_2026-07-16T05:25:00+03:00,PROPOSED_HFIS,27,Acceptable,37.5,False,0.0
boundary_temperature_2026-07-16T05:25:00+03:00,PROPOSED_HFIS,28,Acceptable,37.5,False,0.0
boundary_temperature_2026-07-16T05:25:00+03:00,PROPOSED_HFIS,29,Acceptable,37.49999999999999,False,7.105427357601002e-15
boundary_temperature_2026-07-16T05:25:00+03:00,WEIGHTED_MEAN,0,Acceptable,29.148009950248753,False,3.273611160510235
boundary_temperature_2026-07-16T05:25:00+03:00,WEIGHTED_MEAN,1,Acceptable,27.87157860084412,False,1.9971798111056032
boundary_temperature_2026-07-16T05:25:00+03:00,WEIGHTED_MEAN,2,Favorable,22.023468275931037,True,3.85093051380748
boundary_temperature_2026-07-16T05:25:00+03:00,WEIGHTED_MEAN,3,Acceptable,25.845886633061653,False,0.028512156676864464
boundary_temperature_2026-07-16T05:25:00+03:00,WEIGHTED_MEAN,4,Acceptable,27.377495862049212,False,1.5030970723106947
boundary_temperature_2026-07-16T05:25:00+03:00,WEIGHTED_MEAN,5,Acceptable,30.79995516875036,False,4.925556379011841
boundary_temperature_2026-07-16T05:25:00+03:00,WEIGHTED_MEAN,6,Favorable,20.976908869175496,True,4.897489920563022
boundary_temperature_2026-07-16T05:25:00+03:00,WEIGHTED_MEAN,7,Favorable,21.204450758028436,True,4.669948031710081
boundary_temperature_2026-07-16T05:25:00+03:00,WEIGHTED_MEAN,8,Acceptable,30.050674610466174,False,4.176275820727657
boundary_temperature_2026-07-16T05:25:00+03:00,WEIGHTED_MEAN,9,Acceptable,31.607085198526704,False,5.732686408788187
boundary_temperature_2026-07-16T05:25:00+03:00,WEIGHTED_MEAN,10,Acceptable,25.923434471525713,False,0.04903568178719553
boundary_temperature_2026-07-16T05:25:00+03:00,WEIGHTED_MEAN,11,Acceptable,26.591324629056178,False,0.7169258393176605
boundary_temperature_2026-07-16T05:25:00+03:00,WEIGHTED_MEAN,12,Favorable,23.775355634996007,True,2.0990431547425104
boundary_temperature_2026-07-16T05:25:00+03:00,WEIGHTED_MEAN,13,Favorable,24.210080334479745,True,1.6643184552587726
boundary_temperature_2026-07-16T05:25:00+03:00,WEIGHTED_MEAN,14,Favorable,20.796019900497512,True,5.078378889241005
boundary_temperature_2026-07-16T05:25:00+03:00,WEIGHTED_MEAN,15,Acceptable,30.88527562562167,False,5.010876835883153
boundary_temperature_2026-07-16T05:25:00+03:00,WEIGHTED_MEAN,16,Favorable,18.631265146377306,True,7.243133643361212
boundary_temperature_2026-07-16T05:25:00+03:00,WEIGHTED_MEAN,17,Acceptable,28.4961736135221,False,2.621774823783582
boundary_temperature_2026-07-16T05:25:00+03:00,WEIGHTED_MEAN,18,Acceptable,27.768502132107162,False,1.8941033423686449
boundary_temperature_2026-07-16T05:25:00+03:00,WEIGHTED_MEAN,19,Acceptable,29.14800995024876,False,3.2736111605102423
boundary_temperature_2026-07-16T05:25:00+03:00,WEIGHTED_MEAN,20,Favorable,21.90513700997131,True,3.9692617797672085
boundary_temperature_2026-07-16T05:25:00+03:00,WEIGHTED_MEAN,21,Acceptable,25.49022317645851,False,0.38417561328000716
boundary_temperature_2026-07-16T05:25:00+03:00,WEIGHTED_MEAN,22,Acceptable,25.52078262396787,False,0.3536161657706458
boundary_temperature_2026-07-16T05:25:00+03:00,WEIGHTED_MEAN,23,Acceptable,27.31537091511333,False,1.4409721253748131
boundary_temperature_2026-07-16T05:25:00+03:00,WEIGHTED_MEAN,24,Acceptable,29.14800995024876,False,3.2736111605102423
boundary_temperature_2026-07-16T05:25:00+03:00,WEIGHTED_MEAN,25,Acceptable,27.77920874383533,False,1.9048099540968124
boundary_temperature_2026-07-16T05:25:00+03:00,WEIGHTED_MEAN,26,Acceptable,29.14800995024876,False,3.2736111605102423
boundary_temperature_2026-07-16T05:25:00+03:00,WEIGHTED_MEAN,27,Favorable,22.801406745265453,True,3.0729920444730645
boundary_temperature_2026-07-16T05:25:00+03:00,WEIGHTED_MEAN,28,Acceptable,29.148009950248753,False,3.273611160510235
boundary_temperature_2026-07-16T05:25:00+03:00,WEIGHTED_MEAN,29,Acceptable,29.148009950248753,False,3.273611160510235
boundary_temperature_2026-07-17T01:00:00+03:00,CRISP_CLASS_MAX,0,Critical,87.5,True,25.0
boundary_temperature_2026-07-17T01:00:00+03:00,CRISP_CLASS_MAX,1,Critical,87.5,True,25.0
boundary_temperature_2026-07-17T01:00:00+03:00,CRISP_CLASS_MAX,2,Critical,87.5,True,25.0
boundary_temperature_2026-07-17T01:00:00+03:00,CRISP_CLASS_MAX,3,Critical,87.5,True,25.0
boundary_temperature_2026-07-17T01:00:00+03:00,CRISP_CLASS_MAX,4,Critical,87.5,True,25.0
boundary_temperature_2026-07-17T01:00:00+03:00,CRISP_CLASS_MAX,5,Critical,87.5,True,25.0
boundary_temperature_2026-07-17T01:00:00+03:00,CRISP_CLASS_MAX,6,Critical,87.5,True,25.0
boundary_temperature_2026-07-17T01:00:00+03:00,CRISP_CLASS_MAX,7,Critical,87.5,True,25.0
boundary_temperature_2026-07-17T01:00:00+03:00,CRISP_CLASS_MAX,8,Degraded,62.5,False,0.0
boundary_temperature_2026-07-17T01:00:00+03:00,CRISP_CLASS_MAX,9,Degraded,62.5,False,0.0
boundary_temperature_2026-07-17T01:00:00+03:00,CRISP_CLASS_MAX,10,Critical,87.5,True,25.0
boundary_temperature_2026-07-17T01:00:00+03:00,CRISP_CLASS_MAX,11,Critical,87.5,True,25.0
boundary_temperature_2026-07-17T01:00:00+03:00,CRISP_CLASS_MAX,12,Degraded,62.5,False,0.0
boundary_temperature_2026-07-17T01:00:00+03:00,CRISP_CLASS_MAX,13,Critical,87.5,True,25.0
boundary_temperature_2026-07-17T01:00:00+03:00,CRISP_CLASS_MAX,14,Degraded,62.5,False,0.0
boundary_temperature_2026-07-17T01:00:00+03:00,CRISP_CLASS_MAX,15,Degraded,62.5,False,0.0
boundary_temperature_2026-07-17T01:00:00+03:00,CRISP_CLASS_MAX,16,Degraded,62.5,False,0.0
boundary_temperature_2026-07-17T01:00:00+03:00,CRISP_CLASS_MAX,17,Critical,87.5,True,25.0
boundary_temperature_2026-07-17T01:00:00+03:00,CRISP_CLASS_MAX,18,Critical,87.5,True,25.0
boundary_temperature_2026-07-17T01:00:00+03:00,CRISP_CLASS_MAX,19,Degraded,62.5,False,0.0
boundary_temperature_2026-07-17T01:00:00+03:00,CRISP_CLASS_MAX,20,Critical,87.5,True,25.0
boundary_temperature_2026-07-17T01:00:00+03:00,CRISP_CLASS_MAX,21,Critical,87.5,True,25.0
boundary_temperature_2026-07-17T01:00:00+03:00,CRISP_CLASS_MAX,22,Degraded,62.5,False,0.0
boundary_temperature_2026-07-17T01:00:00+03:00,CRISP_CLASS_MAX,23,Critical,87.5,True,25.0
boundary_temperature_2026-07-17T01:00:00+03:00,CRISP_CLASS_MAX,24,Degraded,62.5,False,0.0
boundary_temperature_2026-07-17T01:00:00+03:00,CRISP_CLASS_MAX,25,Critical,87.5,True,25.0
boundary_temperature_2026-07-17T01:00:00+03:00,CRISP_CLASS_MAX,26,Degraded,62.5,False,0.0
boundary_temperature_2026-07-17T01:00:00+03:00,CRISP_CLASS_MAX,27,Critical,87.5,True,25.0
boundary_temperature_2026-07-17T01:00:00+03:00,CRISP_CLASS_MAX,28,Critical,87.5,True,25.0
boundary_temperature_2026-07-17T01:00:00+03:00,CRISP_CLASS_MAX,29,Degraded,62.5,False,0.0
boundary_temperature_2026-07-17T01:00:00+03:00,FUZZY_COMPONENT_MAX,0,Critical,87.35086963728294,True,12.67907730651848
boundary_temperature_2026-07-17T01:00:00+03:00,FUZZY_COMPONENT_MAX,1,Critical,75.03635190685594,True,0.36455957609148015
boundary_temperature_2026-07-17T01:00:00+03:00,FUZZY_COMPONENT_MAX,2,Critical,87.55597014925372,True,12.884177818489263
boundary_temperature_2026-07-17T01:00:00+03:00,FUZZY_COMPONENT_MAX,3,Critical,87.55597014925372,True,12.884177818489263
boundary_temperature_2026-07-17T01:00:00+03:00,FUZZY_COMPONENT_MAX,4,Critical,79.16658881848961,True,4.494796487725154
boundary_temperature_2026-07-17T01:00:00+03:00,FUZZY_COMPONENT_MAX,5,Critical,80.5117335987516,True,5.839941267987143
boundary_temperature_2026-07-17T01:00:00+03:00,FUZZY_COMPONENT_MAX,6,Critical,87.55597014925372,True,12.884177818489263
boundary_temperature_2026-07-17T01:00:00+03:00,FUZZY_COMPONENT_MAX,7,Critical,87.46358022304047,True,12.791787892276005
boundary_temperature_2026-07-17T01:00:00+03:00,FUZZY_COMPONENT_MAX,8,Degraded,62.5,False,12.171792330764461
boundary_temperature_2026-07-17T01:00:00+03:00,FUZZY_COMPONENT_MAX,9,Degraded,71.3957098705209,False,3.2760824602435576
boundary_temperature_2026-07-17T01:00:00+03:00,FUZZY_COMPONENT_MAX,10,Critical,87.43254187658741,True,12.760749545822947
boundary_temperature_2026-07-17T01:00:00+03:00,FUZZY_COMPONENT_MAX,11,Critical,87.55597014925372,True,12.884177818489263
boundary_temperature_2026-07-17T01:00:00+03:00,FUZZY_COMPONENT_MAX,12,Degraded,62.49999999999999,False,12.171792330764468
boundary_temperature_2026-07-17T01:00:00+03:00,FUZZY_COMPONENT_MAX,13,Critical,87.55597014925372,True,12.884177818489263
boundary_temperature_2026-07-17T01:00:00+03:00,FUZZY_COMPONENT_MAX,14,Degraded,70.91562209417718,False,3.7561702365872804
boundary_temperature_2026-07-17T01:00:00+03:00,FUZZY_COMPONENT_MAX,15,Degraded,64.96336357879008,False,9.708428751974381
boundary_temperature_2026-07-17T01:00:00+03:00,FUZZY_COMPONENT_MAX,16,Degraded,69.65678739751387,False,5.015004933250594
boundary_temperature_2026-07-17T01:00:00+03:00,FUZZY_COMPONENT_MAX,17,Critical,81.51339303206599,True,6.84160070130153
boundary_temperature_2026-07-17T01:00:00+03:00,FUZZY_COMPONENT_MAX,18,Critical,87.19705066380234,True,12.525258333037883
boundary_temperature_2026-07-17T01:00:00+03:00,FUZZY_COMPONENT_MAX,19,Degraded,66.08974744889849,False,8.582044881865968
boundary_temperature_2026-07-17T01:00:00+03:00,FUZZY_COMPONENT_MAX,20,Critical,80.96229269838253,True,6.2905003676180655
boundary_temperature_2026-07-17T01:00:00+03:00,FUZZY_COMPONENT_MAX,21,Critical,75.17717078341352,True,0.5053784526490546
boundary_temperature_2026-07-17T01:00:00+03:00,FUZZY_COMPONENT_MAX,22,Degraded,65.29938972751249,False,9.37240260325197
boundary_temperature_2026-07-17T01:00:00+03:00,FUZZY_COMPONENT_MAX,23,Critical,76.5111737202887,True,1.8393813895242346
boundary_temperature_2026-07-17T01:00:00+03:00,FUZZY_COMPONENT_MAX,24,Degraded,67.20389939545886,False,7.467892935305599
boundary_temperature_2026-07-17T01:00:00+03:00,FUZZY_COMPONENT_MAX,25,Critical,76.7360194457116,True,2.064227114947144
boundary_temperature_2026-07-17T01:00:00+03:00,FUZZY_COMPONENT_MAX,26,Degraded,62.5,False,12.171792330764461
boundary_temperature_2026-07-17T01:00:00+03:00,FUZZY_COMPONENT_MAX,27,Critical,87.31511237235681,True,12.643320041592347
boundary_temperature_2026-07-17T01:00:00+03:00,FUZZY_COMPONENT_MAX,28,Critical,84.5716535117833,True,9.899861181018835
boundary_temperature_2026-07-17T01:00:00+03:00,FUZZY_COMPONENT_MAX,29,Degraded,62.5,False,12.171792330764461
boundary_temperature_2026-07-17T01:00:00+03:00,PROPOSED_HFIS,0,Critical,87.35086963728294,True,12.67907730651848
boundary_temperature_2026-07-17T01:00:00+03:00,PROPOSED_HFIS,1,Critical,75.03635190685594,True,0.36455957609148015
boundary_temperature_2026-07-17T01:00:00+03:00,PROPOSED_HFIS,2,Critical,87.55597014925372,True,12.884177818489263
boundary_temperature_2026-07-17T01:00:00+03:00,PROPOSED_HFIS,3,Critical,87.53785746008617,True,12.866065129321711
boundary_temperature_2026-07-17T01:00:00+03:00,PROPOSED_HFIS,4,Critical,79.16658881848961,True,4.494796487725154
boundary_temperature_2026-07-17T01:00:00+03:00,PROPOSED_HFIS,5,Critical,80.5117335987516,True,5.839941267987143
boundary_temperature_2026-07-17T01:00:00+03:00,PROPOSED_HFIS,6,Critical,87.47955033285962,True,12.807758002095156
boundary_temperature_2026-07-17T01:00:00+03:00,PROPOSED_HFIS,7,Critical,87.3419711607636,True,12.670178829999145
boundary_temperature_2026-07-17T01:00:00+03:00,PROPOSED_HFIS,8,Degraded,62.5,False,12.171792330764461
boundary_temperature_2026-07-17T01:00:00+03:00,PROPOSED_HFIS,9,Degraded,71.3957098705209,False,3.2760824602435576
boundary_temperature_2026-07-17T01:00:00+03:00,PROPOSED_HFIS,10,Critical,87.41567467969864,True,12.743882348934179
boundary_temperature_2026-07-17T01:00:00+03:00,PROPOSED_HFIS,11,Critical,87.55597014925372,True,12.884177818489263
boundary_temperature_2026-07-17T01:00:00+03:00,PROPOSED_HFIS,12,Degraded,62.49999999999999,False,12.171792330764468
boundary_temperature_2026-07-17T01:00:00+03:00,PROPOSED_HFIS,13,Critical,87.33562973787349,True,12.663837407109028
boundary_temperature_2026-07-17T01:00:00+03:00,PROPOSED_HFIS,14,Degraded,71.21431840860537,False,3.457473922159096
boundary_temperature_2026-07-17T01:00:00+03:00,PROPOSED_HFIS,15,Degraded,64.96336357879008,False,9.708428751974381
boundary_temperature_2026-07-17T01:00:00+03:00,PROPOSED_HFIS,16,Degraded,70.48627030098608,False,4.185522029778383
boundary_temperature_2026-07-17T01:00:00+03:00,PROPOSED_HFIS,17,Critical,81.51339303206599,True,6.84160070130153
boundary_temperature_2026-07-17T01:00:00+03:00,PROPOSED_HFIS,18,Critical,87.19705066380234,True,12.525258333037883
boundary_temperature_2026-07-17T01:00:00+03:00,PROPOSED_HFIS,19,Degraded,66.08974744889849,False,8.582044881865968
boundary_temperature_2026-07-17T01:00:00+03:00,PROPOSED_HFIS,20,Critical,80.96229269838253,True,6.2905003676180655
boundary_temperature_2026-07-17T01:00:00+03:00,PROPOSED_HFIS,21,Critical,75.17717078341352,True,0.5053784526490546
boundary_temperature_2026-07-17T01:00:00+03:00,PROPOSED_HFIS,22,Degraded,65.29938972751249,False,9.37240260325197
boundary_temperature_2026-07-17T01:00:00+03:00,PROPOSED_HFIS,23,Critical,76.5111737202887,True,1.8393813895242346
boundary_temperature_2026-07-17T01:00:00+03:00,PROPOSED_HFIS,24,Degraded,67.20389939545886,False,7.467892935305599
boundary_temperature_2026-07-17T01:00:00+03:00,PROPOSED_HFIS,25,Critical,76.7360194457116,True,2.064227114947144
boundary_temperature_2026-07-17T01:00:00+03:00,PROPOSED_HFIS,26,Degraded,62.499999999999986,False,12.171792330764475
boundary_temperature_2026-07-17T01:00:00+03:00,PROPOSED_HFIS,27,Critical,87.31511237235681,True,12.643320041592347
boundary_temperature_2026-07-17T01:00:00+03:00,PROPOSED_HFIS,28,Critical,84.26583648573212,True,9.594044154967662
boundary_temperature_2026-07-17T01:00:00+03:00,PROPOSED_HFIS,29,Degraded,62.5,False,12.171792330764461
boundary_temperature_2026-07-17T01:00:00+03:00,WEIGHTED_MEAN,0,Acceptable,37.41297644625849,False,3.0418322130267796
boundary_temperature_2026-07-17T01:00:00+03:00,WEIGHTED_MEAN,1,Acceptable,33.516468246866985,False,0.8546759863647253
boundary_temperature_2026-07-17T01:00:00+03:00,WEIGHTED_MEAN,2,Acceptable,37.481343283582085,False,3.1101990503503743
boundary_temperature_2026-07-17T01:00:00+03:00,WEIGHTED_MEAN,3,Acceptable,45.499071238487744,False,11.127927005256034
boundary_temperature_2026-07-17T01:00:00+03:00,WEIGHTED_MEAN,4,Acceptable,43.0368728897453,False,8.665728656513586
boundary_temperature_2026-07-17T01:00:00+03:00,WEIGHTED_MEAN,5,Acceptable,35.133264433414716,False,0.7621202001830056
boundary_temperature_2026-07-17T01:00:00+03:00,WEIGHTED_MEAN,6,Acceptable,44.51770583458611,False,10.1465616013544
boundary_temperature_2026-07-17T01:00:00+03:00,WEIGHTED_MEAN,7,Acceptable,41.23206708202566,False,6.8609228487939475
boundary_temperature_2026-07-17T01:00:00+03:00,WEIGHTED_MEAN,8,Acceptable,29.129353233830845,False,5.241790999400866
boundary_temperature_2026-07-17T01:00:00+03:00,WEIGHTED_MEAN,9,Acceptable,32.094589857337816,False,2.2765543758938946
boundary_temperature_2026-07-17T01:00:00+03:00,WEIGHTED_MEAN,10,Acceptable,39.95055548758109,False,5.579411254349381
boundary_temperature_2026-07-17T01:00:00+03:00,WEIGHTED_MEAN,11,Acceptable,37.481343283582085,False,3.1101990503503743
boundary_temperature_2026-07-17T01:00:00+03:00,WEIGHTED_MEAN,12,Acceptable,31.472350102751307,False,2.898794130480404
boundary_temperature_2026-07-17T01:00:00+03:00,WEIGHTED_MEAN,13,Acceptable,42.088985530770906,False,7.717841297539195
boundary_temperature_2026-07-17T01:00:00+03:00,WEIGHTED_MEAN,14,Acceptable,37.18936274028486,False,2.818218507053146
boundary_temperature_2026-07-17T01:00:00+03:00,WEIGHTED_MEAN,15,Acceptable,29.950474426760874,False,4.420669806470837
boundary_temperature_2026-07-17T01:00:00+03:00,WEIGHTED_MEAN,16,Acceptable,34.920252430022785,False,0.5491081967910745
boundary_temperature_2026-07-17T01:00:00+03:00,WEIGHTED_MEAN,17,Acceptable,35.467150911186174,False,1.0960066779544633
boundary_temperature_2026-07-17T01:00:00+03:00,WEIGHTED_MEAN,18,Acceptable,37.361703455098294,False,2.990559221866583
boundary_temperature_2026-07-17T01:00:00+03:00,WEIGHTED_MEAN,19,Acceptable,30.32593571679701,False,4.045208516434702
boundary_temperature_2026-07-17T01:00:00+03:00,WEIGHTED_MEAN,20,Acceptable,35.28345079995835,False,0.9123065667266417
boundary_temperature_2026-07-17T01:00:00+03:00,WEIGHTED_MEAN,21,Acceptable,35.05370714020657,False,0.6825629069748587
boundary_temperature_2026-07-17T01:00:00+03:00,WEIGHTED_MEAN,22,Acceptable,37.665094330311234,False,3.2939500970795237
boundary_temperature_2026-07-17T01:00:00+03:00,WEIGHTED_MEAN,23,Acceptable,33.79974447392708,False,0.5713997593046329
boundary_temperature_2026-07-17T01:00:00+03:00,WEIGHTED_MEAN,24,Acceptable,37.58402156955926,False,3.2128773363275513
boundary_temperature_2026-07-17T01:00:00+03:00,WEIGHTED_MEAN,25,Acceptable,33.87469304906805,False,0.49645118416366074
boundary_temperature_2026-07-17T01:00:00+03:00,WEIGHTED_MEAN,26,Acceptable,35.833156800690986,False,1.4620125674592757
boundary_temperature_2026-07-17T01:00:00+03:00,WEIGHTED_MEAN,27,Acceptable,41.80660378962269,False,7.435459556390981
boundary_temperature_2026-07-17T01:00:00+03:00,WEIGHTED_MEAN,28,Acceptable,43.189220437495806,False,8.818076204264095
boundary_temperature_2026-07-17T01:00:00+03:00,WEIGHTED_MEAN,29,Acceptable,29.129353233830845,False,5.241790999400866
boundary_temperature_2026-07-17T10:30:00+03:00,CRISP_CLASS_MAX,0,Critical,87.5,False,0.0
boundary_temperature_2026-07-17T10:30:00+03:00,CRISP_CLASS_MAX,1,Degraded,62.5,True,25.0
boundary_temperature_2026-07-17T10:30:00+03:00,CRISP_CLASS_MAX,2,Degraded,62.5,True,25.0
boundary_temperature_2026-07-17T10:30:00+03:00,CRISP_CLASS_MAX,3,Critical,87.5,False,0.0
boundary_temperature_2026-07-17T10:30:00+03:00,CRISP_CLASS_MAX,4,Critical,87.5,False,0.0
boundary_temperature_2026-07-17T10:30:00+03:00,CRISP_CLASS_MAX,5,Critical,87.5,False,0.0
boundary_temperature_2026-07-17T10:30:00+03:00,CRISP_CLASS_MAX,6,Critical,87.5,False,0.0
boundary_temperature_2026-07-17T10:30:00+03:00,CRISP_CLASS_MAX,7,Degraded,62.5,True,25.0
boundary_temperature_2026-07-17T10:30:00+03:00,CRISP_CLASS_MAX,8,Critical,87.5,False,0.0
boundary_temperature_2026-07-17T10:30:00+03:00,CRISP_CLASS_MAX,9,Critical,87.5,False,0.0
boundary_temperature_2026-07-17T10:30:00+03:00,CRISP_CLASS_MAX,10,Degraded,62.5,True,25.0
boundary_temperature_2026-07-17T10:30:00+03:00,CRISP_CLASS_MAX,11,Degraded,62.5,True,25.0
boundary_temperature_2026-07-17T10:30:00+03:00,CRISP_CLASS_MAX,12,Critical,87.5,False,0.0
boundary_temperature_2026-07-17T10:30:00+03:00,CRISP_CLASS_MAX,13,Degraded,62.5,True,25.0
boundary_temperature_2026-07-17T10:30:00+03:00,CRISP_CLASS_MAX,14,Critical,87.5,False,0.0
boundary_temperature_2026-07-17T10:30:00+03:00,CRISP_CLASS_MAX,15,Degraded,62.5,True,25.0
boundary_temperature_2026-07-17T10:30:00+03:00,CRISP_CLASS_MAX,16,Degraded,62.5,True,25.0
boundary_temperature_2026-07-17T10:30:00+03:00,CRISP_CLASS_MAX,17,Critical,87.5,False,0.0
boundary_temperature_2026-07-17T10:30:00+03:00,CRISP_CLASS_MAX,18,Degraded,62.5,True,25.0
boundary_temperature_2026-07-17T10:30:00+03:00,CRISP_CLASS_MAX,19,Critical,87.5,False,0.0
boundary_temperature_2026-07-17T10:30:00+03:00,CRISP_CLASS_MAX,20,Degraded,62.5,True,25.0
boundary_temperature_2026-07-17T10:30:00+03:00,CRISP_CLASS_MAX,21,Critical,87.5,False,0.0
boundary_temperature_2026-07-17T10:30:00+03:00,CRISP_CLASS_MAX,22,Degraded,62.5,True,25.0
boundary_temperature_2026-07-17T10:30:00+03:00,CRISP_CLASS_MAX,23,Degraded,62.5,True,25.0
boundary_temperature_2026-07-17T10:30:00+03:00,CRISP_CLASS_MAX,24,Critical,87.5,False,0.0
boundary_temperature_2026-07-17T10:30:00+03:00,CRISP_CLASS_MAX,25,Critical,87.5,False,0.0
boundary_temperature_2026-07-17T10:30:00+03:00,CRISP_CLASS_MAX,26,Critical,87.5,False,0.0
boundary_temperature_2026-07-17T10:30:00+03:00,CRISP_CLASS_MAX,27,Degraded,62.5,True,25.0
boundary_temperature_2026-07-17T10:30:00+03:00,CRISP_CLASS_MAX,28,Degraded,62.5,True,25.0
boundary_temperature_2026-07-17T10:30:00+03:00,CRISP_CLASS_MAX,29,Critical,87.5,False,0.0
boundary_temperature_2026-07-17T10:30:00+03:00,FUZZY_COMPONENT_MAX,0,Critical,87.55597014925372,False,12.528110066949466
boundary_temperature_2026-07-17T10:30:00+03:00,FUZZY_COMPONENT_MAX,1,Degraded,72.34337865487063,True,2.6844814274336244
boundary_temperature_2026-07-17T10:30:00+03:00,FUZZY_COMPONENT_MAX,2,Degraded,62.5,True,12.527860082304258
boundary_temperature_2026-07-17T10:30:00+03:00,FUZZY_COMPONENT_MAX,3,Critical,87.55597014925372,False,12.528110066949466
boundary_temperature_2026-07-17T10:30:00+03:00,FUZZY_COMPONENT_MAX,4,Critical,79.48721710797211,False,4.459357025667856
boundary_temperature_2026-07-17T10:30:00+03:00,FUZZY_COMPONENT_MAX,5,Critical,87.55597014925372,False,12.528110066949466
boundary_temperature_2026-07-17T10:30:00+03:00,FUZZY_COMPONENT_MAX,6,Critical,87.55597014925372,False,12.528110066949466
boundary_temperature_2026-07-17T10:30:00+03:00,FUZZY_COMPONENT_MAX,7,Degraded,62.715180930659,True,12.312679151645256
boundary_temperature_2026-07-17T10:30:00+03:00,FUZZY_COMPONENT_MAX,8,Critical,87.55597014925372,False,12.528110066949466
boundary_temperature_2026-07-17T10:30:00+03:00,FUZZY_COMPONENT_MAX,9,Critical,77.17926062232418,False,2.151400540019921
boundary_temperature_2026-07-17T10:30:00+03:00,FUZZY_COMPONENT_MAX,10,Degraded,70.80728708748629,True,4.220572994817971
boundary_temperature_2026-07-17T10:30:00+03:00,FUZZY_COMPONENT_MAX,11,Degraded,69.7546371128668,True,5.273222969437455
boundary_temperature_2026-07-17T10:30:00+03:00,FUZZY_COMPONENT_MAX,12,Critical,84.22451396603493,False,9.196653883730676
boundary_temperature_2026-07-17T10:30:00+03:00,FUZZY_COMPONENT_MAX,13,Degraded,62.5,True,12.527860082304258
boundary_temperature_2026-07-17T10:30:00+03:00,FUZZY_COMPONENT_MAX,14,Critical,80.68109004743236,False,5.653229965128105
boundary_temperature_2026-07-17T10:30:00+03:00,FUZZY_COMPONENT_MAX,15,Degraded,62.5,True,12.527860082304258
boundary_temperature_2026-07-17T10:30:00+03:00,FUZZY_COMPONENT_MAX,16,Degraded,62.5,True,12.527860082304258
boundary_temperature_2026-07-17T10:30:00+03:00,FUZZY_COMPONENT_MAX,17,Critical,87.55597014925372,False,12.528110066949466
boundary_temperature_2026-07-17T10:30:00+03:00,FUZZY_COMPONENT_MAX,18,Degraded,63.91085970847823,True,11.11700037382603
boundary_temperature_2026-07-17T10:30:00+03:00,FUZZY_COMPONENT_MAX,19,Critical,79.42021407011197,False,4.392353987807709
boundary_temperature_2026-07-17T10:30:00+03:00,FUZZY_COMPONENT_MAX,20,Degraded,62.5,True,12.527860082304258
boundary_temperature_2026-07-17T10:30:00+03:00,FUZZY_COMPONENT_MAX,21,Critical,87.55597014925372,False,12.528110066949466
boundary_temperature_2026-07-17T10:30:00+03:00,FUZZY_COMPONENT_MAX,22,Degraded,67.29605987084886,True,7.731800211455393
boundary_temperature_2026-07-17T10:30:00+03:00,FUZZY_COMPONENT_MAX,23,Degraded,62.5,True,12.527860082304258
boundary_temperature_2026-07-17T10:30:00+03:00,FUZZY_COMPONENT_MAX,24,Critical,81.68825529102992,False,6.66039520872566
boundary_temperature_2026-07-17T10:30:00+03:00,FUZZY_COMPONENT_MAX,25,Critical,87.55597014925372,False,12.528110066949466
boundary_temperature_2026-07-17T10:30:00+03:00,FUZZY_COMPONENT_MAX,26,Critical,78.73107298270725,False,3.7032129004029883
boundary_temperature_2026-07-17T10:30:00+03:00,FUZZY_COMPONENT_MAX,27,Degraded,62.5,True,12.527860082304258
boundary_temperature_2026-07-17T10:30:00+03:00,FUZZY_COMPONENT_MAX,28,Degraded,62.5,True,12.527860082304258
boundary_temperature_2026-07-17T10:30:00+03:00,FUZZY_COMPONENT_MAX,29,Critical,87.55597014925372,False,12.528110066949466
boundary_temperature_2026-07-17T10:30:00+03:00,PROPOSED_HFIS,0,Critical,87.55597014925372,False,12.528110066949466
boundary_temperature_2026-07-17T10:30:00+03:00,PROPOSED_HFIS,1,Degraded,72.34337865487063,True,2.6844814274336244
boundary_temperature_2026-07-17T10:30:00+03:00,PROPOSED_HFIS,2,Degraded,62.5,True,12.527860082304258
boundary_temperature_2026-07-17T10:30:00+03:00,PROPOSED_HFIS,3,Critical,87.33413734925983,False,12.306277266955576
boundary_temperature_2026-07-17T10:30:00+03:00,PROPOSED_HFIS,4,Critical,77.71396281400727,False,2.6861027317030164
boundary_temperature_2026-07-17T10:30:00+03:00,PROPOSED_HFIS,5,Critical,87.55597014925372,False,12.528110066949466
boundary_temperature_2026-07-17T10:30:00+03:00,PROPOSED_HFIS,6,Critical,87.55597014925372,False,12.528110066949466
boundary_temperature_2026-07-17T10:30:00+03:00,PROPOSED_HFIS,7,Degraded,62.715180930659,True,12.312679151645256
boundary_temperature_2026-07-17T10:30:00+03:00,PROPOSED_HFIS,8,Critical,87.55597014925372,False,12.528110066949466
boundary_temperature_2026-07-17T10:30:00+03:00,PROPOSED_HFIS,9,Critical,77.17926062232418,False,2.151400540019921
boundary_temperature_2026-07-17T10:30:00+03:00,PROPOSED_HFIS,10,Degraded,70.80728708748629,True,4.220572994817971
boundary_temperature_2026-07-17T10:30:00+03:00,PROPOSED_HFIS,11,Degraded,70.67523468655885,True,4.352625395745406
boundary_temperature_2026-07-17T10:30:00+03:00,PROPOSED_HFIS,12,Critical,84.22451396603493,False,9.196653883730676
boundary_temperature_2026-07-17T10:30:00+03:00,PROPOSED_HFIS,13,Degraded,62.49999999999999,True,12.527860082304265
boundary_temperature_2026-07-17T10:30:00+03:00,PROPOSED_HFIS,14,Critical,79.51674091053725,False,4.488880828232993
boundary_temperature_2026-07-17T10:30:00+03:00,PROPOSED_HFIS,15,Degraded,62.50000000000002,True,12.527860082304237
boundary_temperature_2026-07-17T10:30:00+03:00,PROPOSED_HFIS,16,Degraded,62.5,True,12.527860082304258
boundary_temperature_2026-07-17T10:30:00+03:00,PROPOSED_HFIS,17,Critical,87.49634917251419,False,12.468489090209928
boundary_temperature_2026-07-17T10:30:00+03:00,PROPOSED_HFIS,18,Degraded,63.91085970847823,True,11.11700037382603
boundary_temperature_2026-07-17T10:30:00+03:00,PROPOSED_HFIS,19,Critical,78.74657540831852,False,3.7187153260142622
boundary_temperature_2026-07-17T10:30:00+03:00,PROPOSED_HFIS,20,Degraded,62.5,True,12.527860082304258
boundary_temperature_2026-07-17T10:30:00+03:00,PROPOSED_HFIS,21,Critical,87.55597014925372,False,12.528110066949466
boundary_temperature_2026-07-17T10:30:00+03:00,PROPOSED_HFIS,22,Degraded,67.29605987084886,True,7.731800211455393
boundary_temperature_2026-07-17T10:30:00+03:00,PROPOSED_HFIS,23,Degraded,62.49999999999999,True,12.527860082304265
boundary_temperature_2026-07-17T10:30:00+03:00,PROPOSED_HFIS,24,Critical,81.68825529102992,False,6.66039520872566
boundary_temperature_2026-07-17T10:30:00+03:00,PROPOSED_HFIS,25,Critical,87.55597014925372,False,12.528110066949466
boundary_temperature_2026-07-17T10:30:00+03:00,PROPOSED_HFIS,26,Critical,78.73107298270725,False,3.7032129004029883
boundary_temperature_2026-07-17T10:30:00+03:00,PROPOSED_HFIS,27,Degraded,62.5,True,12.527860082304258
boundary_temperature_2026-07-17T10:30:00+03:00,PROPOSED_HFIS,28,Degraded,62.5,True,12.527860082304258
boundary_temperature_2026-07-17T10:30:00+03:00,PROPOSED_HFIS,29,Critical,87.45494069819944,False,12.427080615895179
boundary_temperature_2026-07-17T10:30:00+03:00,WEIGHTED_MEAN,0,Acceptable,37.481343283582085,False,4.176036688983153
boundary_temperature_2026-07-17T10:30:00+03:00,WEIGHTED_MEAN,1,Acceptable,32.41047945212106,False,0.8948271424778724
boundary_temperature_2026-07-17T10:30:00+03:00,WEIGHTED_MEAN,2,Acceptable,29.129353233830845,False,4.175953360768087
boundary_temperature_2026-07-17T10:30:00+03:00,WEIGHTED_MEAN,3,Acceptable,42.0654775044434,False,8.760170909844469
boundary_temperature_2026-07-17T10:30:00+03:00,WEIGHTED_MEAN,4,Acceptable,39.088222426799774,False,5.7829158322008425
boundary_temperature_2026-07-17T10:30:00+03:00,WEIGHTED_MEAN,5,Acceptable,37.481343283582085,False,4.176036688983153
boundary_temperature_2026-07-17T10:30:00+03:00,WEIGHTED_MEAN,6,Acceptable,37.481343283582085,False,4.176036688983153
boundary_temperature_2026-07-17T10:30:00+03:00,WEIGHTED_MEAN,7,Acceptable,29.20108021071718,False,4.104226383881752
boundary_temperature_2026-07-17T10:30:00+03:00,WEIGHTED_MEAN,8,Acceptable,37.481343283582085,False,4.176036688983153
boundary_temperature_2026-07-17T10:30:00+03:00,WEIGHTED_MEAN,9,Acceptable,34.022440107938905,False,0.7171335133399737
boundary_temperature_2026-07-17T10:30:00+03:00,WEIGHTED_MEAN,10,Acceptable,31.898448929659608,False,1.4068576649393236
boundary_temperature_2026-07-17T10:30:00+03:00,WEIGHTED_MEAN,11,Acceptable,35.059446766382614,False,1.754140171783682
boundary_temperature_2026-07-17T10:30:00+03:00,WEIGHTED_MEAN,12,Acceptable,36.370857889175824,False,3.065551294576892
boundary_temperature_2026-07-17T10:30:00+03:00,WEIGHTED_MEAN,13,Acceptable,29.49925601215932,False,3.8060505824396103
boundary_temperature_2026-07-17T10:30:00+03:00,WEIGHTED_MEAN,14,Acceptable,40.17411096913463,False,6.868804374535699
boundary_temperature_2026-07-17T10:30:00+03:00,WEIGHTED_MEAN,15,Acceptable,33.6640127473587,False,0.3587061527597655
boundary_temperature_2026-07-17T10:30:00+03:00,WEIGHTED_MEAN,16,Acceptable,29.129353233830845,False,4.175953360768087
boundary_temperature_2026-07-17T10:30:00+03:00,WEIGHTED_MEAN,17,Acceptable,38.54981368432475,False,5.244507089725815
boundary_temperature_2026-07-17T10:30:00+03:00,WEIGHTED_MEAN,18,Acceptable,29.599639803323587,False,3.7056667912753447
boundary_temperature_2026-07-17T10:30:00+03:00,WEIGHTED_MEAN,19,Acceptable,39.90384989270837,False,6.5985432981094405
boundary_temperature_2026-07-17T10:30:00+03:00,WEIGHTED_MEAN,20,Acceptable,29.129353233830845,False,4.175953360768087
boundary_temperature_2026-07-17T10:30:00+03:00,WEIGHTED_MEAN,21,Acceptable,37.481343283582085,False,4.176036688983153
boundary_temperature_2026-07-17T10:30:00+03:00,WEIGHTED_MEAN,22,Acceptable,30.728039857447133,False,2.577266737151799
boundary_temperature_2026-07-17T10:30:00+03:00,WEIGHTED_MEAN,23,Acceptable,32.8805656293786,False,0.4247409652203302
boundary_temperature_2026-07-17T10:30:00+03:00,WEIGHTED_MEAN,24,Acceptable,35.52543833084082,False,2.220131736241889
boundary_temperature_2026-07-17T10:30:00+03:00,WEIGHTED_MEAN,25,Acceptable,37.481343283582085,False,4.176036688983153
boundary_temperature_2026-07-17T10:30:00+03:00,WEIGHTED_MEAN,26,Acceptable,34.53971089473326,False,1.2344043001343294
boundary_temperature_2026-07-17T10:30:00+03:00,WEIGHTED_MEAN,27,Acceptable,29.129353233830845,False,4.175953360768087
boundary_temperature_2026-07-17T10:30:00+03:00,WEIGHTED_MEAN,28,Acceptable,29.129353233830845,False,4.175953360768087
boundary_temperature_2026-07-17T10:30:00+03:00,WEIGHTED_MEAN,29,Acceptable,39.30669851700325,False,6.001391922404316
boundary_temperature_2026-07-18T02:20:00+03:00,CRISP_CLASS_MAX,0,Critical,87.5,True,25.0
boundary_temperature_2026-07-18T02:20:00+03:00,CRISP_CLASS_MAX,1,Critical,87.5,True,25.0
boundary_temperature_2026-07-18T02:20:00+03:00,CRISP_CLASS_MAX,2,Critical,87.5,True,25.0
boundary_temperature_2026-07-18T02:20:00+03:00,CRISP_CLASS_MAX,3,Degraded,62.5,False,0.0
boundary_temperature_2026-07-18T02:20:00+03:00,CRISP_CLASS_MAX,4,Degraded,62.5,False,0.0
boundary_temperature_2026-07-18T02:20:00+03:00,CRISP_CLASS_MAX,5,Degraded,62.5,False,0.0
boundary_temperature_2026-07-18T02:20:00+03:00,CRISP_CLASS_MAX,6,Critical,87.5,True,25.0
boundary_temperature_2026-07-18T02:20:00+03:00,CRISP_CLASS_MAX,7,Degraded,62.5,False,0.0
boundary_temperature_2026-07-18T02:20:00+03:00,CRISP_CLASS_MAX,8,Critical,87.5,True,25.0
boundary_temperature_2026-07-18T02:20:00+03:00,CRISP_CLASS_MAX,9,Critical,87.5,True,25.0
boundary_temperature_2026-07-18T02:20:00+03:00,CRISP_CLASS_MAX,10,Degraded,62.5,False,0.0
boundary_temperature_2026-07-18T02:20:00+03:00,CRISP_CLASS_MAX,11,Critical,87.5,True,25.0
boundary_temperature_2026-07-18T02:20:00+03:00,CRISP_CLASS_MAX,12,Critical,87.5,True,25.0
boundary_temperature_2026-07-18T02:20:00+03:00,CRISP_CLASS_MAX,13,Critical,87.5,True,25.0
boundary_temperature_2026-07-18T02:20:00+03:00,CRISP_CLASS_MAX,14,Critical,87.5,True,25.0
boundary_temperature_2026-07-18T02:20:00+03:00,CRISP_CLASS_MAX,15,Degraded,62.5,False,0.0
boundary_temperature_2026-07-18T02:20:00+03:00,CRISP_CLASS_MAX,16,Critical,87.5,True,25.0
boundary_temperature_2026-07-18T02:20:00+03:00,CRISP_CLASS_MAX,17,Degraded,62.5,False,0.0
boundary_temperature_2026-07-18T02:20:00+03:00,CRISP_CLASS_MAX,18,Degraded,62.5,False,0.0
boundary_temperature_2026-07-18T02:20:00+03:00,CRISP_CLASS_MAX,19,Critical,87.5,True,25.0
boundary_temperature_2026-07-18T02:20:00+03:00,CRISP_CLASS_MAX,20,Degraded,62.5,False,0.0
boundary_temperature_2026-07-18T02:20:00+03:00,CRISP_CLASS_MAX,21,Degraded,62.5,False,0.0
boundary_temperature_2026-07-18T02:20:00+03:00,CRISP_CLASS_MAX,22,Critical,87.5,True,25.0
boundary_temperature_2026-07-18T02:20:00+03:00,CRISP_CLASS_MAX,23,Degraded,62.5,False,0.0
boundary_temperature_2026-07-18T02:20:00+03:00,CRISP_CLASS_MAX,24,Critical,87.5,True,25.0
boundary_temperature_2026-07-18T02:20:00+03:00,CRISP_CLASS_MAX,25,Critical,87.5,True,25.0
boundary_temperature_2026-07-18T02:20:00+03:00,CRISP_CLASS_MAX,26,Critical,87.5,True,25.0
boundary_temperature_2026-07-18T02:20:00+03:00,CRISP_CLASS_MAX,27,Critical,87.5,True,25.0
boundary_temperature_2026-07-18T02:20:00+03:00,CRISP_CLASS_MAX,28,Critical,87.5,True,25.0
boundary_temperature_2026-07-18T02:20:00+03:00,CRISP_CLASS_MAX,29,Critical,87.5,True,25.0
boundary_temperature_2026-07-18T02:20:00+03:00,FUZZY_COMPONENT_MAX,0,Critical,87.34465170694943,True,12.65639549676574
boundary_temperature_2026-07-18T02:20:00+03:00,FUZZY_COMPONENT_MAX,1,Critical,87.45867954300009,True,12.770423332816392
boundary_temperature_2026-07-18T02:20:00+03:00,FUZZY_COMPONENT_MAX,2,Critical,78.47385651053501,True,3.7856003003513194
boundary_temperature_2026-07-18T02:20:00+03:00,FUZZY_COMPONENT_MAX,3,Degraded,70.51016888469283,False,4.178087325490864
boundary_temperature_2026-07-18T02:20:00+03:00,FUZZY_COMPONENT_MAX,4,Degraded,62.5,False,12.188256210183695
boundary_temperature_2026-07-18T02:20:00+03:00,FUZZY_COMPONENT_MAX,5,Degraded,62.539656235672346,False,12.148599974511349
boundary_temperature_2026-07-18T02:20:00+03:00,FUZZY_COMPONENT_MAX,6,Critical,87.55597014925372,True,12.867713939070029
boundary_temperature_2026-07-18T02:20:00+03:00,FUZZY_COMPONENT_MAX,7,Degraded,74.5303658934639,False,0.1578903167198007
boundary_temperature_2026-07-18T02:20:00+03:00,FUZZY_COMPONENT_MAX,8,Critical,79.24688340872463,True,4.558627198540933
boundary_temperature_2026-07-18T02:20:00+03:00,FUZZY_COMPONENT_MAX,9,Critical,76.7237096264583,True,2.0354534162746063
boundary_temperature_2026-07-18T02:20:00+03:00,FUZZY_COMPONENT_MAX,10,Degraded,73.88851983050006,False,0.7997363796836368
boundary_temperature_2026-07-18T02:20:00+03:00,FUZZY_COMPONENT_MAX,11,Critical,87.15713959245603,True,12.468883382272338
boundary_temperature_2026-07-18T02:20:00+03:00,FUZZY_COMPONENT_MAX,12,Critical,75.2021889397818,True,0.5139327295981104
boundary_temperature_2026-07-18T02:20:00+03:00,FUZZY_COMPONENT_MAX,13,Critical,78.03819622997987,True,3.349940019796179
boundary_temperature_2026-07-18T02:20:00+03:00,FUZZY_COMPONENT_MAX,14,Critical,87.34877957180088,True,12.66052336161718
boundary_temperature_2026-07-18T02:20:00+03:00,FUZZY_COMPONENT_MAX,15,Degraded,62.5,False,12.188256210183695
boundary_temperature_2026-07-18T02:20:00+03:00,FUZZY_COMPONENT_MAX,16,Critical,87.55597014925372,True,12.867713939070029
boundary_temperature_2026-07-18T02:20:00+03:00,FUZZY_COMPONENT_MAX,17,Degraded,66.04543858357984,False,8.642817626603858
boundary_temperature_2026-07-18T02:20:00+03:00,FUZZY_COMPONENT_MAX,18,Degraded,65.41929009770244,False,9.268966112481252
boundary_temperature_2026-07-18T02:20:00+03:00,FUZZY_COMPONENT_MAX,19,Critical,87.55597014925372,True,12.867713939070029
boundary_temperature_2026-07-18T02:20:00+03:00,FUZZY_COMPONENT_MAX,20,Degraded,67.65798124616234,False,7.030274964021359
boundary_temperature_2026-07-18T02:20:00+03:00,FUZZY_COMPONENT_MAX,21,Degraded,65.52669873735375,False,9.16155747282994
boundary_temperature_2026-07-18T02:20:00+03:00,FUZZY_COMPONENT_MAX,22,Critical,87.55597014925372,True,12.867713939070029
boundary_temperature_2026-07-18T02:20:00+03:00,FUZZY_COMPONENT_MAX,23,Degraded,65.4802834130019,False,9.207972797181796
boundary_temperature_2026-07-18T02:20:00+03:00,FUZZY_COMPONENT_MAX,24,Critical,87.54574794686138,True,12.857491736677687
boundary_temperature_2026-07-18T02:20:00+03:00,FUZZY_COMPONENT_MAX,25,Critical,83.94978819495397,True,9.261531984770272
boundary_temperature_2026-07-18T02:20:00+03:00,FUZZY_COMPONENT_MAX,26,Critical,78.45553436710588,True,3.7672781569221883
boundary_temperature_2026-07-18T02:20:00+03:00,FUZZY_COMPONENT_MAX,27,Critical,87.34539029984616,True,12.657134089662463
boundary_temperature_2026-07-18T02:20:00+03:00,FUZZY_COMPONENT_MAX,28,Critical,87.55597014925372,True,12.867713939070029
boundary_temperature_2026-07-18T02:20:00+03:00,FUZZY_COMPONENT_MAX,29,Critical,87.55597014925372,True,12.867713939070029
boundary_temperature_2026-07-18T02:20:00+03:00,PROPOSED_HFIS,0,Critical,87.34465170694943,True,12.65639549676574
boundary_temperature_2026-07-18T02:20:00+03:00,PROPOSED_HFIS,1,Critical,87.45867954300009,True,12.770423332816392
boundary_temperature_2026-07-18T02:20:00+03:00,PROPOSED_HFIS,2,Critical,77.47678713957914,True,2.788530929395449
boundary_temperature_2026-07-18T02:20:00+03:00,PROPOSED_HFIS,3,Degraded,70.51016888469283,False,4.178087325490864
boundary_temperature_2026-07-18T02:20:00+03:00,PROPOSED_HFIS,4,Degraded,62.5,False,12.188256210183695
boundary_temperature_2026-07-18T02:20:00+03:00,PROPOSED_HFIS,5,Degraded,62.572732402590105,False,12.11552380759359
boundary_temperature_2026-07-18T02:20:00+03:00,PROPOSED_HFIS,6,Critical,87.55597014925372,True,12.867713939070029
boundary_temperature_2026-07-18T02:20:00+03:00,PROPOSED_HFIS,7,Degraded,74.5303658934639,False,0.1578903167198007
boundary_temperature_2026-07-18T02:20:00+03:00,PROPOSED_HFIS,8,Critical,79.24688340872463,True,4.558627198540933
boundary_temperature_2026-07-18T02:20:00+03:00,PROPOSED_HFIS,9,Critical,76.7237096264583,True,2.0354534162746063
boundary_temperature_2026-07-18T02:20:00+03:00,PROPOSED_HFIS,10,Degraded,73.88851983050006,False,0.7997363796836368
boundary_temperature_2026-07-18T02:20:00+03:00,PROPOSED_HFIS,11,Critical,87.03768882539643,True,12.349432615212734
boundary_temperature_2026-07-18T02:20:00+03:00,PROPOSED_HFIS,12,Critical,75.2021889397818,True,0.5139327295981104
boundary_temperature_2026-07-18T02:20:00+03:00,PROPOSED_HFIS,13,Critical,78.03819622997987,True,3.349940019796179
boundary_temperature_2026-07-18T02:20:00+03:00,PROPOSED_HFIS,14,Critical,87.34877957180088,True,12.66052336161718
boundary_temperature_2026-07-18T02:20:00+03:00,PROPOSED_HFIS,15,Degraded,62.5,False,12.188256210183695
boundary_temperature_2026-07-18T02:20:00+03:00,PROPOSED_HFIS,16,Critical,87.55597014925372,True,12.867713939070029
boundary_temperature_2026-07-18T02:20:00+03:00,PROPOSED_HFIS,17,Degraded,66.04543858357984,False,8.642817626603858
boundary_temperature_2026-07-18T02:20:00+03:00,PROPOSED_HFIS,18,Degraded,66.92148820462391,False,7.766768005559783
boundary_temperature_2026-07-18T02:20:00+03:00,PROPOSED_HFIS,19,Critical,87.55597014925372,True,12.867713939070029
boundary_temperature_2026-07-18T02:20:00+03:00,PROPOSED_HFIS,20,Degraded,67.65798124616234,False,7.030274964021359
boundary_temperature_2026-07-18T02:20:00+03:00,PROPOSED_HFIS,21,Degraded,65.52669873735375,False,9.16155747282994
boundary_temperature_2026-07-18T02:20:00+03:00,PROPOSED_HFIS,22,Critical,87.55597014925372,True,12.867713939070029
boundary_temperature_2026-07-18T02:20:00+03:00,PROPOSED_HFIS,23,Degraded,65.95002262352702,False,8.738233586656676
boundary_temperature_2026-07-18T02:20:00+03:00,PROPOSED_HFIS,24,Critical,87.42091171207348,True,12.73265550188978
boundary_temperature_2026-07-18T02:20:00+03:00,PROPOSED_HFIS,25,Critical,83.94978819495397,True,9.261531984770272
boundary_temperature_2026-07-18T02:20:00+03:00,PROPOSED_HFIS,26,Critical,78.10366910980513,True,3.4154128996214297
boundary_temperature_2026-07-18T02:20:00+03:00,PROPOSED_HFIS,27,Critical,87.34539029984616,True,12.657134089662463
boundary_temperature_2026-07-18T02:20:00+03:00,PROPOSED_HFIS,28,Critical,87.55597014925372,True,12.867713939070029
boundary_temperature_2026-07-18T02:20:00+03:00,PROPOSED_HFIS,29,Critical,87.47744891543942,True,12.78919270525573
boundary_temperature_2026-07-18T02:20:00+03:00,WEIGHTED_MEAN,0,Acceptable,38.47965101272067,False,5.2875457088285955
boundary_temperature_2026-07-18T02:20:00+03:00,WEIGHTED_MEAN,1,Acceptable,37.448913081497544,False,4.2568077776054665
boundary_temperature_2026-07-18T02:20:00+03:00,WEIGHTED_MEAN,2,Acceptable,38.30972400372216,False,5.117618699830082
boundary_temperature_2026-07-18T02:20:00+03:00,WEIGHTED_MEAN,3,Acceptable,33.23083065602895,False,0.038725352136872004
boundary_temperature_2026-07-18T02:20:00+03:00,WEIGHTED_MEAN,4,Acceptable,29.129353233830845,False,4.062752070061233
boundary_temperature_2026-07-18T02:20:00+03:00,WEIGHTED_MEAN,5,Acceptable,33.191528409966416,False,0.0005768939256611816
boundary_temperature_2026-07-18T02:20:00+03:00,WEIGHTED_MEAN,6,Acceptable,37.481343283582085,False,4.289237979690007
boundary_temperature_2026-07-18T02:20:00+03:00,WEIGHTED_MEAN,7,Acceptable,33.13947519831881,False,0.05263010557326453
boundary_temperature_2026-07-18T02:20:00+03:00,WEIGHTED_MEAN,8,Acceptable,34.711647703405724,False,1.5195423995136466
boundary_temperature_2026-07-18T02:20:00+03:00,WEIGHTED_MEAN,9,Acceptable,33.87058977598361,False,0.6784844720915331
boundary_temperature_2026-07-18T02:20:00+03:00,WEIGHTED_MEAN,10,Acceptable,34.47933377665439,False,1.2872284727623153
boundary_temperature_2026-07-18T02:20:00+03:00,WEIGHTED_MEAN,11,Acceptable,38.62118978688028,False,5.429084482988202
boundary_temperature_2026-07-18T02:20:00+03:00,WEIGHTED_MEAN,12,Acceptable,35.980321467387824,False,2.788216163495747
boundary_temperature_2026-07-18T02:20:00+03:00,WEIGHTED_MEAN,13,Acceptable,34.30875197715747,False,1.116646673265393
boundary_temperature_2026-07-18T02:20:00+03:00,WEIGHTED_MEAN,14,Acceptable,37.41227975776447,False,4.220174453872396
boundary_temperature_2026-07-18T02:20:00+03:00,WEIGHTED_MEAN,15,Acceptable,29.129353233830845,False,4.062752070061233
boundary_temperature_2026-07-18T02:20:00+03:00,WEIGHTED_MEAN,16,Acceptable,37.481343283582085,False,4.289237979690007
boundary_temperature_2026-07-18T02:20:00+03:00,WEIGHTED_MEAN,17,Acceptable,30.311166095024124,False,2.8809392088679537
boundary_temperature_2026-07-18T02:20:00+03:00,WEIGHTED_MEAN,18,Acceptable,34.11242169273866,False,0.9203163888465795
boundary_temperature_2026-07-18T02:20:00+03:00,WEIGHTED_MEAN,19,Acceptable,37.481343283582085,False,4.289237979690007
boundary_temperature_2026-07-18T02:20:00+03:00,WEIGHTED_MEAN,20,Acceptable,30.84868031588496,False,2.3434249880071185
boundary_temperature_2026-07-18T02:20:00+03:00,WEIGHTED_MEAN,21,Acceptable,31.6380630086223,False,1.5540422952697774
boundary_temperature_2026-07-18T02:20:00+03:00,WEIGHTED_MEAN,22,Acceptable,37.481343283582085,False,4.289237979690007
boundary_temperature_2026-07-18T02:20:00+03:00,WEIGHTED_MEAN,23,Acceptable,32.405134383545736,False,0.7869709203463415
boundary_temperature_2026-07-18T02:20:00+03:00,WEIGHTED_MEAN,24,Acceptable,39.890892500434994,False,6.698787196542916
boundary_temperature_2026-07-18T02:20:00+03:00,WEIGHTED_MEAN,25,Acceptable,37.91111572057013,False,4.719010416678053
boundary_temperature_2026-07-18T02:20:00+03:00,WEIGHTED_MEAN,26,Acceptable,37.793739652908215,False,4.6016343490161375
boundary_temperature_2026-07-18T02:20:00+03:00,WEIGHTED_MEAN,27,Acceptable,37.411150000446234,False,4.219044696554157
boundary_temperature_2026-07-18T02:20:00+03:00,WEIGHTED_MEAN,28,Acceptable,37.481343283582085,False,4.289237979690007
boundary_temperature_2026-07-18T02:20:00+03:00,WEIGHTED_MEAN,29,Acceptable,38.91201179576721,False,5.719906491875129
boundary_temperature_2026-07-18T09:55:00+03:00,CRISP_CLASS_MAX,0,Critical,87.5,True,25.0
boundary_temperature_2026-07-18T09:55:00+03:00,CRISP_CLASS_MAX,1,Critical,87.5,True,25.0
boundary_temperature_2026-07-18T09:55:00+03:00,CRISP_CLASS_MAX,2,Critical,87.5,True,25.0
boundary_temperature_2026-07-18T09:55:00+03:00,CRISP_CLASS_MAX,3,Critical,87.5,True,25.0
boundary_temperature_2026-07-18T09:55:00+03:00,CRISP_CLASS_MAX,4,Critical,87.5,True,25.0
boundary_temperature_2026-07-18T09:55:00+03:00,CRISP_CLASS_MAX,5,Critical,87.5,True,25.0
boundary_temperature_2026-07-18T09:55:00+03:00,CRISP_CLASS_MAX,6,Degraded,62.5,False,0.0
boundary_temperature_2026-07-18T09:55:00+03:00,CRISP_CLASS_MAX,7,Critical,87.5,True,25.0
boundary_temperature_2026-07-18T09:55:00+03:00,CRISP_CLASS_MAX,8,Critical,87.5,True,25.0
boundary_temperature_2026-07-18T09:55:00+03:00,CRISP_CLASS_MAX,9,Critical,87.5,True,25.0
boundary_temperature_2026-07-18T09:55:00+03:00,CRISP_CLASS_MAX,10,Critical,87.5,True,25.0
boundary_temperature_2026-07-18T09:55:00+03:00,CRISP_CLASS_MAX,11,Degraded,62.5,False,0.0
boundary_temperature_2026-07-18T09:55:00+03:00,CRISP_CLASS_MAX,12,Critical,87.5,True,25.0
boundary_temperature_2026-07-18T09:55:00+03:00,CRISP_CLASS_MAX,13,Degraded,62.5,False,0.0
boundary_temperature_2026-07-18T09:55:00+03:00,CRISP_CLASS_MAX,14,Critical,87.5,True,25.0
boundary_temperature_2026-07-18T09:55:00+03:00,CRISP_CLASS_MAX,15,Critical,87.5,True,25.0
boundary_temperature_2026-07-18T09:55:00+03:00,CRISP_CLASS_MAX,16,Critical,87.5,True,25.0
boundary_temperature_2026-07-18T09:55:00+03:00,CRISP_CLASS_MAX,17,Critical,87.5,True,25.0
boundary_temperature_2026-07-18T09:55:00+03:00,CRISP_CLASS_MAX,18,Degraded,62.5,False,0.0
boundary_temperature_2026-07-18T09:55:00+03:00,CRISP_CLASS_MAX,19,Critical,87.5,True,25.0
boundary_temperature_2026-07-18T09:55:00+03:00,CRISP_CLASS_MAX,20,Degraded,62.5,False,0.0
boundary_temperature_2026-07-18T09:55:00+03:00,CRISP_CLASS_MAX,21,Degraded,62.5,False,0.0
boundary_temperature_2026-07-18T09:55:00+03:00,CRISP_CLASS_MAX,22,Critical,87.5,True,25.0
boundary_temperature_2026-07-18T09:55:00+03:00,CRISP_CLASS_MAX,23,Critical,87.5,True,25.0
boundary_temperature_2026-07-18T09:55:00+03:00,CRISP_CLASS_MAX,24,Degraded,62.5,False,0.0
boundary_temperature_2026-07-18T09:55:00+03:00,CRISP_CLASS_MAX,25,Critical,87.5,True,25.0
boundary_temperature_2026-07-18T09:55:00+03:00,CRISP_CLASS_MAX,26,Degraded,62.5,False,0.0
boundary_temperature_2026-07-18T09:55:00+03:00,CRISP_CLASS_MAX,27,Critical,87.5,True,25.0
boundary_temperature_2026-07-18T09:55:00+03:00,CRISP_CLASS_MAX,28,Critical,87.5,True,25.0
boundary_temperature_2026-07-18T09:55:00+03:00,CRISP_CLASS_MAX,29,Critical,87.5,True,25.0
boundary_temperature_2026-07-18T09:55:00+03:00,FUZZY_COMPONENT_MAX,0,Critical,87.55597014925372,True,12.859482080667803
boundary_temperature_2026-07-18T09:55:00+03:00,FUZZY_COMPONENT_MAX,1,Critical,87.55597014925372,True,12.859482080667803
boundary_temperature_2026-07-18T09:55:00+03:00,FUZZY_COMPONENT_MAX,2,Critical,81.13538361776213,True,6.438895549176209
boundary_temperature_2026-07-18T09:55:00+03:00,FUZZY_COMPONENT_MAX,3,Critical,85.0618980233908,True,10.365409954804875
boundary_temperature_2026-07-18T09:55:00+03:00,FUZZY_COMPONENT_MAX,4,Critical,81.14099954400592,True,6.444511475420001
boundary_temperature_2026-07-18T09:55:00+03:00,FUZZY_COMPONENT_MAX,5,Critical,87.55597014925372,True,12.859482080667803
boundary_temperature_2026-07-18T09:55:00+03:00,FUZZY_COMPONENT_MAX,6,Degraded,62.5,False,12.196488068585921
boundary_temperature_2026-07-18T09:55:00+03:00,FUZZY_COMPONENT_MAX,7,Critical,87.55597014925372,True,12.859482080667803
boundary_temperature_2026-07-18T09:55:00+03:00,FUZZY_COMPONENT_MAX,8,Critical,81.93313149126324,True,7.236643422677318
boundary_temperature_2026-07-18T09:55:00+03:00,FUZZY_COMPONENT_MAX,9,Critical,87.46466973146434,True,12.768181662878419
boundary_temperature_2026-07-18T09:55:00+03:00,FUZZY_COMPONENT_MAX,10,Critical,80.07393511954255,True,5.377447050956633
boundary_temperature_2026-07-18T09:55:00+03:00,FUZZY_COMPONENT_MAX,11,Degraded,62.5,False,12.196488068585921
boundary_temperature_2026-07-18T09:55:00+03:00,FUZZY_COMPONENT_MAX,12,Critical,87.4765745489399,True,12.780086480353972
boundary_temperature_2026-07-18T09:55:00+03:00,FUZZY_COMPONENT_MAX,13,Degraded,62.5,False,12.196488068585921
boundary_temperature_2026-07-18T09:55:00+03:00,FUZZY_COMPONENT_MAX,14,Critical,86.00922322437152,True,11.312735155785603
boundary_temperature_2026-07-18T09:55:00+03:00,FUZZY_COMPONENT_MAX,15,Critical,87.55597014925372,True,12.859482080667803
boundary_temperature_2026-07-18T09:55:00+03:00,FUZZY_COMPONENT_MAX,16,Critical,77.76396049568679,True,3.067472427100867
boundary_temperature_2026-07-18T09:55:00+03:00,FUZZY_COMPONENT_MAX,17,Critical,79.27914906286965,True,4.582660994283728
boundary_temperature_2026-07-18T09:55:00+03:00,FUZZY_COMPONENT_MAX,18,Degraded,70.86502365410588,False,3.8314644144800383
boundary_temperature_2026-07-18T09:55:00+03:00,FUZZY_COMPONENT_MAX,19,Critical,87.55597014925372,True,12.859482080667803
boundary_temperature_2026-07-18T09:55:00+03:00,FUZZY_COMPONENT_MAX,20,Degraded,69.83101596637098,False,4.865472102214937
boundary_temperature_2026-07-18T09:55:00+03:00,FUZZY_COMPONENT_MAX,21,Degraded,63.496669251009216,False,11.199818817576705
boundary_temperature_2026-07-18T09:55:00+03:00,FUZZY_COMPONENT_MAX,22,Critical,87.55597014925372,True,12.859482080667803
boundary_temperature_2026-07-18T09:55:00+03:00,FUZZY_COMPONENT_MAX,23,Critical,87.55597014925372,True,12.859482080667803
boundary_temperature_2026-07-18T09:55:00+03:00,FUZZY_COMPONENT_MAX,24,Degraded,64.20038590973833,False,10.496102158847592
boundary_temperature_2026-07-18T09:55:00+03:00,FUZZY_COMPONENT_MAX,25,Critical,87.55212563870825,True,12.855637570122326
boundary_temperature_2026-07-18T09:55:00+03:00,FUZZY_COMPONENT_MAX,26,Degraded,62.5,False,12.196488068585921
boundary_temperature_2026-07-18T09:55:00+03:00,FUZZY_COMPONENT_MAX,27,Critical,87.55597014925372,True,12.859482080667803
boundary_temperature_2026-07-18T09:55:00+03:00,FUZZY_COMPONENT_MAX,28,Critical,78.5514555992747,True,3.854967530688782
boundary_temperature_2026-07-18T09:55:00+03:00,FUZZY_COMPONENT_MAX,29,Critical,87.55597014925372,True,12.859482080667803
boundary_temperature_2026-07-18T09:55:00+03:00,PROPOSED_HFIS,0,Critical,87.55597014925372,True,12.859482080667803
boundary_temperature_2026-07-18T09:55:00+03:00,PROPOSED_HFIS,1,Critical,87.55597014925372,True,12.859482080667803
boundary_temperature_2026-07-18T09:55:00+03:00,PROPOSED_HFIS,2,Critical,81.13538361776213,True,6.438895549176209
boundary_temperature_2026-07-18T09:55:00+03:00,PROPOSED_HFIS,3,Critical,85.0618980233908,True,10.365409954804875
boundary_temperature_2026-07-18T09:55:00+03:00,PROPOSED_HFIS,4,Critical,81.14099954400592,True,6.444511475420001
boundary_temperature_2026-07-18T09:55:00+03:00,PROPOSED_HFIS,5,Critical,87.40999544748811,True,12.713507378902193
boundary_temperature_2026-07-18T09:55:00+03:00,PROPOSED_HFIS,6,Degraded,62.5,False,12.196488068585921
boundary_temperature_2026-07-18T09:55:00+03:00,PROPOSED_HFIS,7,Critical,87.55597014925372,True,12.859482080667803
boundary_temperature_2026-07-18T09:55:00+03:00,PROPOSED_HFIS,8,Critical,81.93313149126324,True,7.236643422677318
boundary_temperature_2026-07-18T09:55:00+03:00,PROPOSED_HFIS,9,Critical,87.46466973146434,True,12.768181662878419
boundary_temperature_2026-07-18T09:55:00+03:00,PROPOSED_HFIS,10,Critical,80.07393511954255,True,5.377447050956633
boundary_temperature_2026-07-18T09:55:00+03:00,PROPOSED_HFIS,11,Degraded,62.5,False,12.196488068585921
boundary_temperature_2026-07-18T09:55:00+03:00,PROPOSED_HFIS,12,Critical,87.4765745489399,True,12.780086480353972
boundary_temperature_2026-07-18T09:55:00+03:00,PROPOSED_HFIS,13,Degraded,62.5,False,12.196488068585921
boundary_temperature_2026-07-18T09:55:00+03:00,PROPOSED_HFIS,14,Critical,86.00922322437152,True,11.312735155785603
boundary_temperature_2026-07-18T09:55:00+03:00,PROPOSED_HFIS,15,Critical,87.55597014925372,True,12.859482080667803
boundary_temperature_2026-07-18T09:55:00+03:00,PROPOSED_HFIS,16,Critical,77.76396049568679,True,3.067472427100867
boundary_temperature_2026-07-18T09:55:00+03:00,PROPOSED_HFIS,17,Critical,79.27914906286965,True,4.582660994283728
boundary_temperature_2026-07-18T09:55:00+03:00,PROPOSED_HFIS,18,Degraded,70.86502365410588,False,3.8314644144800383
boundary_temperature_2026-07-18T09:55:00+03:00,PROPOSED_HFIS,19,Critical,87.40751461767671,True,12.71102654909079
boundary_temperature_2026-07-18T09:55:00+03:00,PROPOSED_HFIS,20,Degraded,69.83101596637098,False,4.865472102214937
boundary_temperature_2026-07-18T09:55:00+03:00,PROPOSED_HFIS,21,Degraded,63.496669251009216,False,11.199818817576705
boundary_temperature_2026-07-18T09:55:00+03:00,PROPOSED_HFIS,22,Critical,87.55597014925372,True,12.859482080667803
boundary_temperature_2026-07-18T09:55:00+03:00,PROPOSED_HFIS,23,Critical,87.55597014925372,True,12.859482080667803
boundary_temperature_2026-07-18T09:55:00+03:00,PROPOSED_HFIS,24,Degraded,64.20038590973833,False,10.496102158847592
boundary_temperature_2026-07-18T09:55:00+03:00,PROPOSED_HFIS,25,Critical,87.55212563870825,True,12.855637570122326
boundary_temperature_2026-07-18T09:55:00+03:00,PROPOSED_HFIS,26,Degraded,62.49999999999999,False,12.196488068585928
boundary_temperature_2026-07-18T09:55:00+03:00,PROPOSED_HFIS,27,Critical,87.55597014925372,True,12.859482080667803
boundary_temperature_2026-07-18T09:55:00+03:00,PROPOSED_HFIS,28,Critical,78.5514555992747,True,3.854967530688782
boundary_temperature_2026-07-18T09:55:00+03:00,PROPOSED_HFIS,29,Critical,87.55497305777169,True,12.858484989185769
boundary_temperature_2026-07-18T09:55:00+03:00,WEIGHTED_MEAN,0,Acceptable,37.481343283582085,False,4.286494026889265
boundary_temperature_2026-07-18T09:55:00+03:00,WEIGHTED_MEAN,1,Acceptable,37.481343283582085,False,4.286494026889265
boundary_temperature_2026-07-18T09:55:00+03:00,WEIGHTED_MEAN,2,Acceptable,35.34114777308489,False,2.146298516392072
boundary_temperature_2026-07-18T09:55:00+03:00,WEIGHTED_MEAN,3,Acceptable,36.64998590829445,False,3.4551366516016273
boundary_temperature_2026-07-18T09:55:00+03:00,WEIGHTED_MEAN,4,Acceptable,35.64688273809785,False,2.4520334814050315
boundary_temperature_2026-07-18T09:55:00+03:00,WEIGHTED_MEAN,5,Acceptable,40.09390552712647,False,6.899056270433654
boundary_temperature_2026-07-18T09:55:00+03:00,WEIGHTED_MEAN,6,Acceptable,29.129353233830845,False,4.065496022861975
boundary_temperature_2026-07-18T09:55:00+03:00,WEIGHTED_MEAN,7,Acceptable,37.481343283582085,False,4.286494026889265
boundary_temperature_2026-07-18T09:55:00+03:00,WEIGHTED_MEAN,8,Acceptable,35.60706373091859,False,2.4122144742257703
boundary_temperature_2026-07-18T09:55:00+03:00,WEIGHTED_MEAN,9,Acceptable,37.45090981098563,False,4.256060554292809
boundary_temperature_2026-07-18T09:55:00+03:00,WEIGHTED_MEAN,10,Acceptable,34.9873316070117,False,1.7924823503188776
boundary_temperature_2026-07-18T09:55:00+03:00,WEIGHTED_MEAN,11,Acceptable,29.129353233830845,False,4.065496022861975
boundary_temperature_2026-07-18T09:55:00+03:00,WEIGHTED_MEAN,12,Acceptable,37.454878083477475,False,4.260028826784655
boundary_temperature_2026-07-18T09:55:00+03:00,WEIGHTED_MEAN,13,Acceptable,29.129353233830845,False,4.065496022861975
boundary_temperature_2026-07-18T09:55:00+03:00,WEIGHTED_MEAN,14,Acceptable,36.96576097528802,False,3.770911718595201
boundary_temperature_2026-07-18T09:55:00+03:00,WEIGHTED_MEAN,15,Acceptable,37.481343283582085,False,4.286494026889265
boundary_temperature_2026-07-18T09:55:00+03:00,WEIGHTED_MEAN,16,Acceptable,34.21734006572644,False,1.02249080903362
boundary_temperature_2026-07-18T09:55:00+03:00,WEIGHTED_MEAN,17,Acceptable,34.72240292145406,False,1.5275536647612427
boundary_temperature_2026-07-18T09:55:00+03:00,WEIGHTED_MEAN,18,Acceptable,31.91769445186614,False,1.2771548048266794
boundary_temperature_2026-07-18T09:55:00+03:00,WEIGHTED_MEAN,19,Acceptable,40.137480995277535,False,6.942631738584716
boundary_temperature_2026-07-18T09:55:00+03:00,WEIGHTED_MEAN,20,Acceptable,31.573025222621173,False,1.621824034071647
boundary_temperature_2026-07-18T09:55:00+03:00,WEIGHTED_MEAN,21,Acceptable,29.461576317500583,False,3.7332729391922364
boundary_temperature_2026-07-18T09:55:00+03:00,WEIGHTED_MEAN,22,Acceptable,37.481343283582085,False,4.286494026889265
boundary_temperature_2026-07-18T09:55:00+03:00,WEIGHTED_MEAN,23,Acceptable,37.481343283582085,False,4.286494026889265
boundary_temperature_2026-07-18T09:55:00+03:00,WEIGHTED_MEAN,24,Acceptable,29.696148537076954,False,3.498700719615865
boundary_temperature_2026-07-18T09:55:00+03:00,WEIGHTED_MEAN,25,Acceptable,37.480061780066926,False,4.285212523374106
boundary_temperature_2026-07-18T09:55:00+03:00,WEIGHTED_MEAN,26,Acceptable,31.891171628077156,False,1.303677628615663
boundary_temperature_2026-07-18T09:55:00+03:00,WEIGHTED_MEAN,27,Acceptable,37.481343283582085,False,4.286494026889265
boundary_temperature_2026-07-18T09:55:00+03:00,WEIGHTED_MEAN,28,Acceptable,34.77052351765638,False,1.5756742609635594
boundary_temperature_2026-07-18T09:55:00+03:00,WEIGHTED_MEAN,29,Acceptable,37.501638733760394,False,4.306789477067575
boundary_temperature_2026-07-18T22:20:00+03:00,CRISP_CLASS_MAX,0,Degraded,62.5,True,25.0
boundary_temperature_2026-07-18T22:20:00+03:00,CRISP_CLASS_MAX,1,Degraded,62.5,True,25.0
boundary_temperature_2026-07-18T22:20:00+03:00,CRISP_CLASS_MAX,2,Degraded,62.5,True,25.0
boundary_temperature_2026-07-18T22:20:00+03:00,CRISP_CLASS_MAX,3,Degraded,62.5,True,25.0
boundary_temperature_2026-07-18T22:20:00+03:00,CRISP_CLASS_MAX,4,Critical,87.5,False,0.0
boundary_temperature_2026-07-18T22:20:00+03:00,CRISP_CLASS_MAX,5,Degraded,62.5,True,25.0
boundary_temperature_2026-07-18T22:20:00+03:00,CRISP_CLASS_MAX,6,Critical,87.5,False,0.0
boundary_temperature_2026-07-18T22:20:00+03:00,CRISP_CLASS_MAX,7,Degraded,62.5,True,25.0
boundary_temperature_2026-07-18T22:20:00+03:00,CRISP_CLASS_MAX,8,Degraded,62.5,True,25.0
boundary_temperature_2026-07-18T22:20:00+03:00,CRISP_CLASS_MAX,9,Critical,87.5,False,0.0
boundary_temperature_2026-07-18T22:20:00+03:00,CRISP_CLASS_MAX,10,Critical,87.5,False,0.0
boundary_temperature_2026-07-18T22:20:00+03:00,CRISP_CLASS_MAX,11,Critical,87.5,False,0.0
boundary_temperature_2026-07-18T22:20:00+03:00,CRISP_CLASS_MAX,12,Critical,87.5,False,0.0
boundary_temperature_2026-07-18T22:20:00+03:00,CRISP_CLASS_MAX,13,Critical,87.5,False,0.0
boundary_temperature_2026-07-18T22:20:00+03:00,CRISP_CLASS_MAX,14,Degraded,62.5,True,25.0
boundary_temperature_2026-07-18T22:20:00+03:00,CRISP_CLASS_MAX,15,Degraded,62.5,True,25.0
boundary_temperature_2026-07-18T22:20:00+03:00,CRISP_CLASS_MAX,16,Critical,87.5,False,0.0
boundary_temperature_2026-07-18T22:20:00+03:00,CRISP_CLASS_MAX,17,Critical,87.5,False,0.0
boundary_temperature_2026-07-18T22:20:00+03:00,CRISP_CLASS_MAX,18,Critical,87.5,False,0.0
boundary_temperature_2026-07-18T22:20:00+03:00,CRISP_CLASS_MAX,19,Degraded,62.5,True,25.0
boundary_temperature_2026-07-18T22:20:00+03:00,CRISP_CLASS_MAX,20,Critical,87.5,False,0.0
boundary_temperature_2026-07-18T22:20:00+03:00,CRISP_CLASS_MAX,21,Critical,87.5,False,0.0
boundary_temperature_2026-07-18T22:20:00+03:00,CRISP_CLASS_MAX,22,Degraded,62.5,True,25.0
boundary_temperature_2026-07-18T22:20:00+03:00,CRISP_CLASS_MAX,23,Critical,87.5,False,0.0
boundary_temperature_2026-07-18T22:20:00+03:00,CRISP_CLASS_MAX,24,Critical,87.5,False,0.0
boundary_temperature_2026-07-18T22:20:00+03:00,CRISP_CLASS_MAX,25,Degraded,62.5,True,25.0
boundary_temperature_2026-07-18T22:20:00+03:00,CRISP_CLASS_MAX,26,Degraded,62.5,True,25.0
boundary_temperature_2026-07-18T22:20:00+03:00,CRISP_CLASS_MAX,27,Critical,87.5,False,0.0
boundary_temperature_2026-07-18T22:20:00+03:00,CRISP_CLASS_MAX,28,Critical,87.5,False,0.0
boundary_temperature_2026-07-18T22:20:00+03:00,CRISP_CLASS_MAX,29,Critical,87.5,False,0.0
boundary_temperature_2026-07-18T22:20:00+03:00,FUZZY_COMPONENT_MAX,0,Degraded,74.45504915036949,False,0.4314940595074006
boundary_temperature_2026-07-18T22:20:00+03:00,FUZZY_COMPONENT_MAX,1,Degraded,71.45793179396308,False,3.4286114159138066
boundary_temperature_2026-07-18T22:20:00+03:00,FUZZY_COMPONENT_MAX,2,Degraded,62.5,False,12.38654320987689
boundary_temperature_2026-07-18T22:20:00+03:00,FUZZY_COMPONENT_MAX,3,Degraded,62.5,False,12.38654320987689
boundary_temperature_2026-07-18T22:20:00+03:00,FUZZY_COMPONENT_MAX,4,Critical,87.55597014925372,True,12.669426939376834
boundary_temperature_2026-07-18T22:20:00+03:00,FUZZY_COMPONENT_MAX,5,Degraded,70.92845212558939,False,3.958091084287503
boundary_temperature_2026-07-18T22:20:00+03:00,FUZZY_COMPONENT_MAX,6,Critical,79.26878380303648,True,4.382240593159594
boundary_temperature_2026-07-18T22:20:00+03:00,FUZZY_COMPONENT_MAX,7,Degraded,62.5,False,12.38654320987689
boundary_temperature_2026-07-18T22:20:00+03:00,FUZZY_COMPONENT_MAX,8,Degraded,62.5,False,12.38654320987689
boundary_temperature_2026-07-18T22:20:00+03:00,FUZZY_COMPONENT_MAX,9,Critical,87.55597014925372,True,12.669426939376834
boundary_temperature_2026-07-18T22:20:00+03:00,FUZZY_COMPONENT_MAX,10,Critical,87.55597014925372,True,12.669426939376834
boundary_temperature_2026-07-18T22:20:00+03:00,FUZZY_COMPONENT_MAX,11,Critical,87.55597014925372,True,12.669426939376834
boundary_temperature_2026-07-18T22:20:00+03:00,FUZZY_COMPONENT_MAX,12,Critical,83.51986802819788,True,8.633324818320986
boundary_temperature_2026-07-18T22:20:00+03:00,FUZZY_COMPONENT_MAX,13,Critical,81.66519148166817,True,6.778648271791283
boundary_temperature_2026-07-18T22:20:00+03:00,FUZZY_COMPONENT_MAX,14,Degraded,62.5,False,12.38654320987689
boundary_temperature_2026-07-18T22:20:00+03:00,FUZZY_COMPONENT_MAX,15,Degraded,72.58694889377801,False,2.299594316098876
boundary_temperature_2026-07-18T22:20:00+03:00,FUZZY_COMPONENT_MAX,16,Critical,85.04377079032825,True,10.157227580451362
boundary_temperature_2026-07-18T22:20:00+03:00,FUZZY_COMPONENT_MAX,17,Critical,87.55597014925372,True,12.669426939376834
boundary_temperature_2026-07-18T22:20:00+03:00,FUZZY_COMPONENT_MAX,18,Critical,87.55597014925372,True,12.669426939376834
boundary_temperature_2026-07-18T22:20:00+03:00,FUZZY_COMPONENT_MAX,19,Degraded,62.5,False,12.38654320987689
boundary_temperature_2026-07-18T22:20:00+03:00,FUZZY_COMPONENT_MAX,20,Critical,76.03803243185025,True,1.151489221973364
boundary_temperature_2026-07-18T22:20:00+03:00,FUZZY_COMPONENT_MAX,21,Critical,80.66958439909453,True,5.783041189217641
boundary_temperature_2026-07-18T22:20:00+03:00,FUZZY_COMPONENT_MAX,22,Degraded,62.5,False,12.38654320987689
boundary_temperature_2026-07-18T22:20:00+03:00,FUZZY_COMPONENT_MAX,23,Critical,86.47052259705059,True,11.583979387173699
boundary_temperature_2026-07-18T22:20:00+03:00,FUZZY_COMPONENT_MAX,24,Critical,87.55597014925372,True,12.669426939376834
boundary_temperature_2026-07-18T22:20:00+03:00,FUZZY_COMPONENT_MAX,25,Degraded,65.23746284273746,False,9.649080367139433
boundary_temperature_2026-07-18T22:20:00+03:00,FUZZY_COMPONENT_MAX,26,Degraded,63.48491832835023,False,11.401624881526658
boundary_temperature_2026-07-18T22:20:00+03:00,FUZZY_COMPONENT_MAX,27,Critical,87.55597014925372,True,12.669426939376834
boundary_temperature_2026-07-18T22:20:00+03:00,FUZZY_COMPONENT_MAX,28,Critical,75.2775349117051,True,0.39099170182821297
boundary_temperature_2026-07-18T22:20:00+03:00,FUZZY_COMPONENT_MAX,29,Critical,87.55597014925372,True,12.669426939376834
boundary_temperature_2026-07-18T22:20:00+03:00,PROPOSED_HFIS,0,Degraded,74.45504915036949,False,0.4314940595074006
boundary_temperature_2026-07-18T22:20:00+03:00,PROPOSED_HFIS,1,Degraded,71.45793179396308,False,3.4286114159138066
boundary_temperature_2026-07-18T22:20:00+03:00,PROPOSED_HFIS,2,Degraded,62.5,False,12.38654320987689
boundary_temperature_2026-07-18T22:20:00+03:00,PROPOSED_HFIS,3,Degraded,62.5,False,12.38654320987689
boundary_temperature_2026-07-18T22:20:00+03:00,PROPOSED_HFIS,4,Critical,87.45180267687,True,12.565259466993112
boundary_temperature_2026-07-18T22:20:00+03:00,PROPOSED_HFIS,5,Degraded,70.92845212558939,False,3.958091084287503
boundary_temperature_2026-07-18T22:20:00+03:00,PROPOSED_HFIS,6,Critical,79.16245805746195,True,4.275914847585057
boundary_temperature_2026-07-18T22:20:00+03:00,PROPOSED_HFIS,7,Degraded,62.5,False,12.38654320987689
boundary_temperature_2026-07-18T22:20:00+03:00,PROPOSED_HFIS,8,Degraded,62.50000000000001,False,12.386543209876884
boundary_temperature_2026-07-18T22:20:00+03:00,PROPOSED_HFIS,9,Critical,87.50724811834168,True,12.620704908464788
boundary_temperature_2026-07-18T22:20:00+03:00,PROPOSED_HFIS,10,Critical,87.55597014925372,True,12.669426939376834
boundary_temperature_2026-07-18T22:20:00+03:00,PROPOSED_HFIS,11,Critical,87.55597014925372,True,12.669426939376834
boundary_temperature_2026-07-18T22:20:00+03:00,PROPOSED_HFIS,12,Critical,83.51986802819788,True,8.633324818320986
boundary_temperature_2026-07-18T22:20:00+03:00,PROPOSED_HFIS,13,Critical,81.66519148166817,True,6.778648271791283
boundary_temperature_2026-07-18T22:20:00+03:00,PROPOSED_HFIS,14,Degraded,62.5,False,12.38654320987689
boundary_temperature_2026-07-18T22:20:00+03:00,PROPOSED_HFIS,15,Degraded,72.58694889377801,False,2.299594316098876
boundary_temperature_2026-07-18T22:20:00+03:00,PROPOSED_HFIS,16,Critical,85.04377079032825,True,10.157227580451362
boundary_temperature_2026-07-18T22:20:00+03:00,PROPOSED_HFIS,17,Critical,87.55597014925372,True,12.669426939376834
boundary_temperature_2026-07-18T22:20:00+03:00,PROPOSED_HFIS,18,Critical,87.55597014925372,True,12.669426939376834
boundary_temperature_2026-07-18T22:20:00+03:00,PROPOSED_HFIS,19,Degraded,62.5,False,12.38654320987689
boundary_temperature_2026-07-18T22:20:00+03:00,PROPOSED_HFIS,20,Critical,76.03803243185025,True,1.151489221973364
boundary_temperature_2026-07-18T22:20:00+03:00,PROPOSED_HFIS,21,Critical,80.66958439909453,True,5.783041189217641
boundary_temperature_2026-07-18T22:20:00+03:00,PROPOSED_HFIS,22,Degraded,62.5,False,12.38654320987689
boundary_temperature_2026-07-18T22:20:00+03:00,PROPOSED_HFIS,23,Critical,86.11802255632361,True,11.231479346446719
boundary_temperature_2026-07-18T22:20:00+03:00,PROPOSED_HFIS,24,Critical,87.49490270042034,True,12.60835949054345
boundary_temperature_2026-07-18T22:20:00+03:00,PROPOSED_HFIS,25,Degraded,65.23746284273746,False,9.649080367139433
boundary_temperature_2026-07-18T22:20:00+03:00,PROPOSED_HFIS,26,Degraded,63.48491832835023,False,11.401624881526658
boundary_temperature_2026-07-18T22:20:00+03:00,PROPOSED_HFIS,27,Critical,87.31250491195506,True,12.425961702078169
boundary_temperature_2026-07-18T22:20:00+03:00,PROPOSED_HFIS,28,Critical,75.2775349117051,True,0.39099170182821297
boundary_temperature_2026-07-18T22:20:00+03:00,PROPOSED_HFIS,29,Critical,87.3324584927848,True,12.445915282907904
boundary_temperature_2026-07-18T22:20:00+03:00,WEIGHTED_MEAN,0,Acceptable,33.114369617287345,False,0.14383135316913354
boundary_temperature_2026-07-18T22:20:00+03:00,WEIGHTED_MEAN,1,Acceptable,32.11533049848521,False,1.1428704719712712
boundary_temperature_2026-07-18T22:20:00+03:00,WEIGHTED_MEAN,2,Acceptable,30.858384473289476,False,2.399816497167002
boundary_temperature_2026-07-18T22:20:00+03:00,WEIGHTED_MEAN,3,Acceptable,29.989262062079092,False,3.268938908377386
boundary_temperature_2026-07-18T22:20:00+03:00,WEIGHTED_MEAN,4,Acceptable,39.35833637276143,False,6.10013540230495
boundary_temperature_2026-07-18T22:20:00+03:00,WEIGHTED_MEAN,5,Acceptable,31.938837275693974,False,1.3193636947625045
boundary_temperature_2026-07-18T22:20:00+03:00,WEIGHTED_MEAN,6,Acceptable,37.58780240843861,False,4.329601437982134
boundary_temperature_2026-07-18T22:20:00+03:00,WEIGHTED_MEAN,7,Acceptable,29.129353233830845,False,4.128847736625634
boundary_temperature_2026-07-18T22:20:00+03:00,WEIGHTED_MEAN,8,Acceptable,30.94929031873252,False,2.3089106517239593
boundary_temperature_2026-07-18T22:20:00+03:00,WEIGHTED_MEAN,9,Acceptable,38.37434254128845,False,5.116141570831971
boundary_temperature_2026-07-18T22:20:00+03:00,WEIGHTED_MEAN,10,Acceptable,37.481343283582085,False,4.2231423131256065
boundary_temperature_2026-07-18T22:20:00+03:00,WEIGHTED_MEAN,11,Acceptable,37.481343283582085,False,4.2231423131256065
boundary_temperature_2026-07-18T22:20:00+03:00,WEIGHTED_MEAN,12,Acceptable,36.13597590989681,False,2.8777749394403287
boundary_temperature_2026-07-18T22:20:00+03:00,WEIGHTED_MEAN,13,Acceptable,35.5177503943869,False,2.259549423930423
boundary_temperature_2026-07-18T22:20:00+03:00,WEIGHTED_MEAN,14,Acceptable,32.84702334869143,False,0.4111776217650487
boundary_temperature_2026-07-18T22:20:00+03:00,WEIGHTED_MEAN,15,Acceptable,32.49166953175685,False,0.76653143869963
boundary_temperature_2026-07-18T22:20:00+03:00,WEIGHTED_MEAN,16,Acceptable,36.6439434972736,False,3.3857425268171184
boundary_temperature_2026-07-18T22:20:00+03:00,WEIGHTED_MEAN,17,Acceptable,37.481343283582085,False,4.2231423131256065
boundary_temperature_2026-07-18T22:20:00+03:00,WEIGHTED_MEAN,18,Acceptable,37.481343283582085,False,4.2231423131256065
boundary_temperature_2026-07-18T22:20:00+03:00,WEIGHTED_MEAN,19,Acceptable,29.816034071650478,False,3.4421668988060006
boundary_temperature_2026-07-18T22:20:00+03:00,WEIGHTED_MEAN,20,Acceptable,33.642030711114266,False,0.38382974065778797
boundary_temperature_2026-07-18T22:20:00+03:00,WEIGHTED_MEAN,21,Acceptable,35.185881366862354,False,1.9276803964058757
boundary_temperature_2026-07-18T22:20:00+03:00,WEIGHTED_MEAN,22,Acceptable,29.129353233830845,False,4.128847736625634
boundary_temperature_2026-07-18T22:20:00+03:00,WEIGHTED_MEAN,23,Acceptable,39.21193862309258,False,5.9537376526361
boundary_temperature_2026-07-18T22:20:00+03:00,WEIGHTED_MEAN,24,Acceptable,38.57320302242865,False,5.315002051972172
boundary_temperature_2026-07-18T22:20:00+03:00,WEIGHTED_MEAN,25,Acceptable,30.041840848076664,False,3.2163601223798146
boundary_temperature_2026-07-18T22:20:00+03:00,WEIGHTED_MEAN,26,Acceptable,29.457659343280923,False,3.800541627175555
boundary_temperature_2026-07-18T22:20:00+03:00,WEIGHTED_MEAN,27,Acceptable,41.75006869173194,False,8.491867721275462
boundary_temperature_2026-07-18T22:20:00+03:00,WEIGHTED_MEAN,28,Acceptable,33.38853153773255,False,0.13033056727606862
boundary_temperature_2026-07-18T22:20:00+03:00,WEIGHTED_MEAN,29,Acceptable,41.41656819508486,False,8.158367224628378
boundary_temperature_2026-07-19T11:05:00+03:00,CRISP_CLASS_MAX,0,Critical,87.5,True,25.0
boundary_temperature_2026-07-19T11:05:00+03:00,CRISP_CLASS_MAX,1,Critical,87.5,True,25.0
boundary_temperature_2026-07-19T11:05:00+03:00,CRISP_CLASS_MAX,2,Degraded,62.5,False,0.0
boundary_temperature_2026-07-19T11:05:00+03:00,CRISP_CLASS_MAX,3,Critical,87.5,True,25.0
boundary_temperature_2026-07-19T11:05:00+03:00,CRISP_CLASS_MAX,4,Critical,87.5,True,25.0
boundary_temperature_2026-07-19T11:05:00+03:00,CRISP_CLASS_MAX,5,Critical,87.5,True,25.0
boundary_temperature_2026-07-19T11:05:00+03:00,CRISP_CLASS_MAX,6,Degraded,62.5,False,0.0
boundary_temperature_2026-07-19T11:05:00+03:00,CRISP_CLASS_MAX,7,Degraded,62.5,False,0.0
boundary_temperature_2026-07-19T11:05:00+03:00,CRISP_CLASS_MAX,8,Critical,87.5,True,25.0
boundary_temperature_2026-07-19T11:05:00+03:00,CRISP_CLASS_MAX,9,Critical,87.5,True,25.0
boundary_temperature_2026-07-19T11:05:00+03:00,CRISP_CLASS_MAX,10,Critical,87.5,True,25.0
boundary_temperature_2026-07-19T11:05:00+03:00,CRISP_CLASS_MAX,11,Critical,87.5,True,25.0
boundary_temperature_2026-07-19T11:05:00+03:00,CRISP_CLASS_MAX,12,Critical,87.5,True,25.0
boundary_temperature_2026-07-19T11:05:00+03:00,CRISP_CLASS_MAX,13,Critical,87.5,True,25.0
boundary_temperature_2026-07-19T11:05:00+03:00,CRISP_CLASS_MAX,14,Critical,87.5,True,25.0
boundary_temperature_2026-07-19T11:05:00+03:00,CRISP_CLASS_MAX,15,Degraded,62.5,False,0.0
boundary_temperature_2026-07-19T11:05:00+03:00,CRISP_CLASS_MAX,16,Degraded,62.5,False,0.0
boundary_temperature_2026-07-19T11:05:00+03:00,CRISP_CLASS_MAX,17,Critical,87.5,True,25.0
boundary_temperature_2026-07-19T11:05:00+03:00,CRISP_CLASS_MAX,18,Critical,87.5,True,25.0
boundary_temperature_2026-07-19T11:05:00+03:00,CRISP_CLASS_MAX,19,Degraded,62.5,False,0.0
boundary_temperature_2026-07-19T11:05:00+03:00,CRISP_CLASS_MAX,20,Degraded,62.5,False,0.0
boundary_temperature_2026-07-19T11:05:00+03:00,CRISP_CLASS_MAX,21,Degraded,62.5,False,0.0
boundary_temperature_2026-07-19T11:05:00+03:00,CRISP_CLASS_MAX,22,Critical,87.5,True,25.0
boundary_temperature_2026-07-19T11:05:00+03:00,CRISP_CLASS_MAX,23,Critical,87.5,True,25.0
boundary_temperature_2026-07-19T11:05:00+03:00,CRISP_CLASS_MAX,24,Critical,87.5,True,25.0
boundary_temperature_2026-07-19T11:05:00+03:00,CRISP_CLASS_MAX,25,Critical,87.5,True,25.0
boundary_temperature_2026-07-19T11:05:00+03:00,CRISP_CLASS_MAX,26,Critical,87.5,True,25.0
boundary_temperature_2026-07-19T11:05:00+03:00,CRISP_CLASS_MAX,27,Degraded,62.5,False,0.0
boundary_temperature_2026-07-19T11:05:00+03:00,CRISP_CLASS_MAX,28,Degraded,62.5,False,0.0
boundary_temperature_2026-07-19T11:05:00+03:00,CRISP_CLASS_MAX,29,Degraded,62.5,False,0.0
boundary_temperature_2026-07-19T11:05:00+03:00,FUZZY_COMPONENT_MAX,0,Critical,87.55597014925372,True,12.892409839507167
boundary_temperature_2026-07-19T11:05:00+03:00,FUZZY_COMPONENT_MAX,1,Critical,87.55597014925372,True,12.892409839507167
boundary_temperature_2026-07-19T11:05:00+03:00,FUZZY_COMPONENT_MAX,2,Degraded,62.5,False,12.163560309746558
boundary_temperature_2026-07-19T11:05:00+03:00,FUZZY_COMPONENT_MAX,3,Critical,87.55597014925372,True,12.892409839507167
boundary_temperature_2026-07-19T11:05:00+03:00,FUZZY_COMPONENT_MAX,4,Critical,87.55597014925372,True,12.892409839507167
boundary_temperature_2026-07-19T11:05:00+03:00,FUZZY_COMPONENT_MAX,5,Critical,85.70726224440804,True,11.043701934661485
boundary_temperature_2026-07-19T11:05:00+03:00,FUZZY_COMPONENT_MAX,6,Degraded,62.5,False,12.163560309746558
boundary_temperature_2026-07-19T11:05:00+03:00,FUZZY_COMPONENT_MAX,7,Degraded,70.30512085752075,False,4.358439452225809
boundary_temperature_2026-07-19T11:05:00+03:00,FUZZY_COMPONENT_MAX,8,Degraded,74.82491935634162,False,0.1613590465950665
boundary_temperature_2026-07-19T11:05:00+03:00,FUZZY_COMPONENT_MAX,9,Critical,87.55597014925372,True,12.892409839507167
boundary_temperature_2026-07-19T11:05:00+03:00,FUZZY_COMPONENT_MAX,10,Critical,87.55597014925372,True,12.892409839507167
boundary_temperature_2026-07-19T11:05:00+03:00,FUZZY_COMPONENT_MAX,11,Degraded,74.88199031139759,False,0.21843000165102922
boundary_temperature_2026-07-19T11:05:00+03:00,FUZZY_COMPONENT_MAX,12,Critical,75.61792855036356,True,0.9543682406170007
boundary_temperature_2026-07-19T11:05:00+03:00,FUZZY_COMPONENT_MAX,13,Critical,85.97159092019433,True,11.308030610447773
boundary_temperature_2026-07-19T11:05:00+03:00,FUZZY_COMPONENT_MAX,14,Critical,87.55597014925372,True,12.892409839507167
boundary_temperature_2026-07-19T11:05:00+03:00,FUZZY_COMPONENT_MAX,15,Degraded,67.83135751324636,False,6.832202796500198
boundary_temperature_2026-07-19T11:05:00+03:00,FUZZY_COMPONENT_MAX,16,Degraded,65.20892228344081,False,9.454638026305744
boundary_temperature_2026-07-19T11:05:00+03:00,FUZZY_COMPONENT_MAX,17,Critical,77.04016248866638,True,2.376602178919825
boundary_temperature_2026-07-19T11:05:00+03:00,FUZZY_COMPONENT_MAX,18,Critical,79.64731428666161,True,4.983753976915054
boundary_temperature_2026-07-19T11:05:00+03:00,FUZZY_COMPONENT_MAX,19,Degraded,62.5,False,12.163560309746558
boundary_temperature_2026-07-19T11:05:00+03:00,FUZZY_COMPONENT_MAX,20,Degraded,73.61895479454718,False,1.044605515199379
boundary_temperature_2026-07-19T11:05:00+03:00,FUZZY_COMPONENT_MAX,21,Degraded,66.4476585590831,False,8.215901750663463
boundary_temperature_2026-07-19T11:05:00+03:00,FUZZY_COMPONENT_MAX,22,Critical,85.24726885677379,True,10.583708547027229
boundary_temperature_2026-07-19T11:05:00+03:00,FUZZY_COMPONENT_MAX,23,Critical,87.55597014925372,True,12.892409839507167
boundary_temperature_2026-07-19T11:05:00+03:00,FUZZY_COMPONENT_MAX,24,Critical,79.61507667296999,True,4.951516363223433
boundary_temperature_2026-07-19T11:05:00+03:00,FUZZY_COMPONENT_MAX,25,Critical,87.36694481524061,True,12.703384505494057
boundary_temperature_2026-07-19T11:05:00+03:00,FUZZY_COMPONENT_MAX,26,Critical,87.55597014925372,True,12.892409839507167
boundary_temperature_2026-07-19T11:05:00+03:00,FUZZY_COMPONENT_MAX,27,Degraded,62.5,False,12.163560309746558
boundary_temperature_2026-07-19T11:05:00+03:00,FUZZY_COMPONENT_MAX,28,Degraded,68.29462034964587,False,6.36893996010069
boundary_temperature_2026-07-19T11:05:00+03:00,FUZZY_COMPONENT_MAX,29,Degraded,67.06980291278857,False,7.593757396957983
boundary_temperature_2026-07-19T11:05:00+03:00,PROPOSED_HFIS,0,Critical,87.55597014925372,True,12.892409839507167
boundary_temperature_2026-07-19T11:05:00+03:00,PROPOSED_HFIS,1,Critical,87.37433024473344,True,12.710769934986885
boundary_temperature_2026-07-19T11:05:00+03:00,PROPOSED_HFIS,2,Degraded,62.49999999999999,False,12.163560309746565
boundary_temperature_2026-07-19T11:05:00+03:00,PROPOSED_HFIS,3,Critical,87.55597014925372,True,12.892409839507167
boundary_temperature_2026-07-19T11:05:00+03:00,PROPOSED_HFIS,4,Critical,87.55597014925372,True,12.892409839507167
boundary_temperature_2026-07-19T11:05:00+03:00,PROPOSED_HFIS,5,Critical,85.10445651312376,True,10.440896203377207
boundary_temperature_2026-07-19T11:05:00+03:00,PROPOSED_HFIS,6,Degraded,62.5,False,12.163560309746558
boundary_temperature_2026-07-19T11:05:00+03:00,PROPOSED_HFIS,7,Degraded,70.30512085752075,False,4.358439452225809
boundary_temperature_2026-07-19T11:05:00+03:00,PROPOSED_HFIS,8,Degraded,74.82491935634162,False,0.1613590465950665
boundary_temperature_2026-07-19T11:05:00+03:00,PROPOSED_HFIS,9,Critical,87.42703887355513,True,12.763478563808576
boundary_temperature_2026-07-19T11:05:00+03:00,PROPOSED_HFIS,10,Critical,87.53209527355013,True,12.868534963803569
boundary_temperature_2026-07-19T11:05:00+03:00,PROPOSED_HFIS,11,Degraded,74.88199031139759,False,0.21843000165102922
boundary_temperature_2026-07-19T11:05:00+03:00,PROPOSED_HFIS,12,Critical,75.61792855036356,True,0.9543682406170007
boundary_temperature_2026-07-19T11:05:00+03:00,PROPOSED_HFIS,13,Critical,85.97159092019433,True,11.308030610447773
boundary_temperature_2026-07-19T11:05:00+03:00,PROPOSED_HFIS,14,Critical,87.55597014925372,True,12.892409839507167
boundary_temperature_2026-07-19T11:05:00+03:00,PROPOSED_HFIS,15,Degraded,67.83135751324636,False,6.832202796500198
boundary_temperature_2026-07-19T11:05:00+03:00,PROPOSED_HFIS,16,Degraded,65.20892228344081,False,9.454638026305744
boundary_temperature_2026-07-19T11:05:00+03:00,PROPOSED_HFIS,17,Critical,77.04016248866638,True,2.376602178919825
boundary_temperature_2026-07-19T11:05:00+03:00,PROPOSED_HFIS,18,Critical,78.42718073990274,True,3.7636204301561804
boundary_temperature_2026-07-19T11:05:00+03:00,PROPOSED_HFIS,19,Degraded,62.500000000000014,False,12.163560309746543
boundary_temperature_2026-07-19T11:05:00+03:00,PROPOSED_HFIS,20,Degraded,73.61895479454718,False,1.044605515199379
boundary_temperature_2026-07-19T11:05:00+03:00,PROPOSED_HFIS,21,Degraded,68.12381126520611,False,6.539749044540443
boundary_temperature_2026-07-19T11:05:00+03:00,PROPOSED_HFIS,22,Critical,85.24726885677379,True,10.583708547027229
boundary_temperature_2026-07-19T11:05:00+03:00,PROPOSED_HFIS,23,Critical,87.49448023717417,True,12.830919927427615
boundary_temperature_2026-07-19T11:05:00+03:00,PROPOSED_HFIS,24,Critical,77.84863446148901,True,3.1850741517424552
boundary_temperature_2026-07-19T11:05:00+03:00,PROPOSED_HFIS,25,Critical,87.36694481524061,True,12.703384505494057
boundary_temperature_2026-07-19T11:05:00+03:00,PROPOSED_HFIS,26,Critical,87.55597014925372,True,12.892409839507167
boundary_temperature_2026-07-19T11:05:00+03:00,PROPOSED_HFIS,27,Degraded,62.5,False,12.163560309746558
boundary_temperature_2026-07-19T11:05:00+03:00,PROPOSED_HFIS,28,Degraded,68.29462034964587,False,6.36893996010069
boundary_temperature_2026-07-19T11:05:00+03:00,PROPOSED_HFIS,29,Degraded,67.06980291278857,False,7.593757396957983
boundary_temperature_2026-07-19T11:05:00+03:00,WEIGHTED_MEAN,0,Acceptable,37.481343283582085,False,4.297469946502389
boundary_temperature_2026-07-19T11:05:00+03:00,WEIGHTED_MEAN,1,Acceptable,40.66466957611683,False,7.480796239037133
boundary_temperature_2026-07-19T11:05:00+03:00,WEIGHTED_MEAN,2,Acceptable,29.58699130348621,False,3.5968820335934844
boundary_temperature_2026-07-19T11:05:00+03:00,WEIGHTED_MEAN,3,Acceptable,37.481343283582085,False,4.297469946502389
boundary_temperature_2026-07-19T11:05:00+03:00,WEIGHTED_MEAN,4,Acceptable,37.481343283582085,False,4.297469946502389
boundary_temperature_2026-07-19T11:05:00+03:00,WEIGHTED_MEAN,5,Acceptable,42.807684500531074,False,9.623811163451379
boundary_temperature_2026-07-19T11:05:00+03:00,WEIGHTED_MEAN,6,Acceptable,29.129353233830845,False,4.054520103248851
boundary_temperature_2026-07-19T11:05:00+03:00,WEIGHTED_MEAN,7,Acceptable,33.71717906566061,False,0.5333057285809133
boundary_temperature_2026-07-19T11:05:00+03:00,WEIGHTED_MEAN,8,Acceptable,33.23765968594472,False,0.053786348865024536
boundary_temperature_2026-07-19T11:05:00+03:00,WEIGHTED_MEAN,9,Acceptable,43.6501031939486,False,10.466229856868907
boundary_temperature_2026-07-19T11:05:00+03:00,WEIGHTED_MEAN,10,Acceptable,37.94285098149378,False,4.758977644414081
boundary_temperature_2026-07-19T11:05:00+03:00,WEIGHTED_MEAN,11,Acceptable,38.27722199588498,False,5.093348658805283
boundary_temperature_2026-07-19T11:05:00+03:00,WEIGHTED_MEAN,12,Acceptable,33.50199608395203,False,0.31812274687233355
boundary_temperature_2026-07-19T11:05:00+03:00,WEIGHTED_MEAN,13,Acceptable,36.95321687389562,False,3.7693435368159243
boundary_temperature_2026-07-19T11:05:00+03:00,WEIGHTED_MEAN,14,Acceptable,37.481343283582085,False,4.297469946502389
boundary_temperature_2026-07-19T11:05:00+03:00,WEIGHTED_MEAN,15,Acceptable,30.906472404912964,False,2.2774009321667315
boundary_temperature_2026-07-19T11:05:00+03:00,WEIGHTED_MEAN,16,Acceptable,30.032327328311116,False,3.1515460087685803
boundary_temperature_2026-07-19T11:05:00+03:00,WEIGHTED_MEAN,17,Acceptable,33.97607406338631,False,0.7922007263066106
boundary_temperature_2026-07-19T11:05:00+03:00,WEIGHTED_MEAN,18,Acceptable,38.60173821681427,False,5.417864879734573
boundary_temperature_2026-07-19T11:05:00+03:00,WEIGHTED_MEAN,19,Acceptable,31.517197988278554,False,1.6666753488011423
boundary_temperature_2026-07-19T11:05:00+03:00,WEIGHTED_MEAN,20,Acceptable,32.83567149867991,False,0.34820183839978824
boundary_temperature_2026-07-19T11:05:00+03:00,WEIGHTED_MEAN,21,Acceptable,34.94523885527685,False,1.7613655181971524
boundary_temperature_2026-07-19T11:05:00+03:00,WEIGHTED_MEAN,22,Acceptable,36.71177618608878,False,3.527902849009081
boundary_temperature_2026-07-19T11:05:00+03:00,WEIGHTED_MEAN,23,Acceptable,38.5817773821843,False,5.397904045104603
boundary_temperature_2026-07-19T11:05:00+03:00,WEIGHTED_MEAN,24,Acceptable,39.15808632330567,False,5.974212986225972
boundary_temperature_2026-07-19T11:05:00+03:00,WEIGHTED_MEAN,25,Acceptable,37.41833483891105,False,4.234461501831355
boundary_temperature_2026-07-19T11:05:00+03:00,WEIGHTED_MEAN,26,Acceptable,37.481343283582085,False,4.297469946502389
boundary_temperature_2026-07-19T11:05:00+03:00,WEIGHTED_MEAN,27,Acceptable,29.129353233830845,False,4.054520103248851
boundary_temperature_2026-07-19T11:05:00+03:00,WEIGHTED_MEAN,28,Acceptable,31.06089335037947,False,2.1229799867002264
boundary_temperature_2026-07-19T11:05:00+03:00,WEIGHTED_MEAN,29,Acceptable,30.652620871427036,False,2.53125246565266
boundary_temperature_2026-07-20T16:35:00+03:00,CRISP_CLASS_MAX,0,Favorable,12.5,False,0.0
boundary_temperature_2026-07-20T16:35:00+03:00,CRISP_CLASS_MAX,1,Acceptable,37.5,True,25.0
boundary_temperature_2026-07-20T16:35:00+03:00,CRISP_CLASS_MAX,2,Acceptable,37.5,True,25.0
boundary_temperature_2026-07-20T16:35:00+03:00,CRISP_CLASS_MAX,3,Acceptable,37.5,True,25.0
boundary_temperature_2026-07-20T16:35:00+03:00,CRISP_CLASS_MAX,4,Acceptable,37.5,True,25.0
boundary_temperature_2026-07-20T16:35:00+03:00,CRISP_CLASS_MAX,5,Favorable,12.5,False,0.0
boundary_temperature_2026-07-20T16:35:00+03:00,CRISP_CLASS_MAX,6,Acceptable,37.5,True,25.0
boundary_temperature_2026-07-20T16:35:00+03:00,CRISP_CLASS_MAX,7,Acceptable,37.5,True,25.0
boundary_temperature_2026-07-20T16:35:00+03:00,CRISP_CLASS_MAX,8,Acceptable,37.5,True,25.0
boundary_temperature_2026-07-20T16:35:00+03:00,CRISP_CLASS_MAX,9,Favorable,12.5,False,0.0
boundary_temperature_2026-07-20T16:35:00+03:00,CRISP_CLASS_MAX,10,Favorable,12.5,False,0.0
boundary_temperature_2026-07-20T16:35:00+03:00,CRISP_CLASS_MAX,11,Acceptable,37.5,True,25.0
boundary_temperature_2026-07-20T16:35:00+03:00,CRISP_CLASS_MAX,12,Acceptable,37.5,True,25.0
boundary_temperature_2026-07-20T16:35:00+03:00,CRISP_CLASS_MAX,13,Acceptable,37.5,True,25.0
boundary_temperature_2026-07-20T16:35:00+03:00,CRISP_CLASS_MAX,14,Acceptable,37.5,True,25.0
boundary_temperature_2026-07-20T16:35:00+03:00,CRISP_CLASS_MAX,15,Acceptable,37.5,True,25.0
boundary_temperature_2026-07-20T16:35:00+03:00,CRISP_CLASS_MAX,16,Favorable,12.5,False,0.0
boundary_temperature_2026-07-20T16:35:00+03:00,CRISP_CLASS_MAX,17,Acceptable,37.5,True,25.0
boundary_temperature_2026-07-20T16:35:00+03:00,CRISP_CLASS_MAX,18,Acceptable,37.5,True,25.0
boundary_temperature_2026-07-20T16:35:00+03:00,CRISP_CLASS_MAX,19,Acceptable,37.5,True,25.0
boundary_temperature_2026-07-20T16:35:00+03:00,CRISP_CLASS_MAX,20,Favorable,12.5,False,0.0
boundary_temperature_2026-07-20T16:35:00+03:00,CRISP_CLASS_MAX,21,Favorable,12.5,False,0.0
boundary_temperature_2026-07-20T16:35:00+03:00,CRISP_CLASS_MAX,22,Acceptable,37.5,True,25.0
boundary_temperature_2026-07-20T16:35:00+03:00,CRISP_CLASS_MAX,23,Acceptable,37.5,True,25.0
boundary_temperature_2026-07-20T16:35:00+03:00,CRISP_CLASS_MAX,24,Acceptable,37.5,True,25.0
boundary_temperature_2026-07-20T16:35:00+03:00,CRISP_CLASS_MAX,25,Favorable,12.5,False,0.0
boundary_temperature_2026-07-20T16:35:00+03:00,CRISP_CLASS_MAX,26,Favorable,12.5,False,0.0
boundary_temperature_2026-07-20T16:35:00+03:00,CRISP_CLASS_MAX,27,Favorable,12.5,False,0.0
boundary_temperature_2026-07-20T16:35:00+03:00,CRISP_CLASS_MAX,28,Acceptable,37.5,True,25.0
boundary_temperature_2026-07-20T16:35:00+03:00,CRISP_CLASS_MAX,29,Acceptable,37.5,True,25.0
boundary_temperature_2026-07-20T16:35:00+03:00,FUZZY_COMPONENT_MAX,0,Favorable,12.444029850746269,True,12.586299367360798
boundary_temperature_2026-07-20T16:35:00+03:00,FUZZY_COMPONENT_MAX,1,Acceptable,33.61484433585289,False,8.58451511774582
boundary_temperature_2026-07-20T16:35:00+03:00,FUZZY_COMPONENT_MAX,2,Acceptable,33.719587224055054,False,8.689258005947988
boundary_temperature_2026-07-20T16:35:00+03:00,FUZZY_COMPONENT_MAX,3,Acceptable,27.066307588972585,False,2.035978370865518
boundary_temperature_2026-07-20T16:35:00+03:00,FUZZY_COMPONENT_MAX,4,Acceptable,37.46985808272632,False,12.439528864619252
boundary_temperature_2026-07-20T16:35:00+03:00,FUZZY_COMPONENT_MAX,5,Favorable,12.444029850746269,True,12.586299367360798
boundary_temperature_2026-07-20T16:35:00+03:00,FUZZY_COMPONENT_MAX,6,Acceptable,42.60996918884886,False,17.57963997074179
boundary_temperature_2026-07-20T16:35:00+03:00,FUZZY_COMPONENT_MAX,7,Acceptable,36.484195777581604,False,11.453866559474537
boundary_temperature_2026-07-20T16:35:00+03:00,FUZZY_COMPONENT_MAX,8,Acceptable,43.45276712512589,False,18.42243790701882
boundary_temperature_2026-07-20T16:35:00+03:00,FUZZY_COMPONENT_MAX,9,Favorable,12.444029850746269,True,12.586299367360798
boundary_temperature_2026-07-20T16:35:00+03:00,FUZZY_COMPONENT_MAX,10,Favorable,12.444029850746269,True,12.586299367360798
boundary_temperature_2026-07-20T16:35:00+03:00,FUZZY_COMPONENT_MAX,11,Acceptable,43.41092962344089,False,18.380600405333826
boundary_temperature_2026-07-20T16:35:00+03:00,FUZZY_COMPONENT_MAX,12,Acceptable,41.27128504019085,False,16.24095582208378
boundary_temperature_2026-07-20T16:35:00+03:00,FUZZY_COMPONENT_MAX,13,Acceptable,39.25801664786467,False,14.227687429757605
boundary_temperature_2026-07-20T16:35:00+03:00,FUZZY_COMPONENT_MAX,14,Acceptable,36.63711026997259,False,11.606781051865521
boundary_temperature_2026-07-20T16:35:00+03:00,FUZZY_COMPONENT_MAX,15,Acceptable,39.78243912505054,False,14.75210990694347
boundary_temperature_2026-07-20T16:35:00+03:00,FUZZY_COMPONENT_MAX,16,Favorable,14.18185743453625,True,10.848471783570817
boundary_temperature_2026-07-20T16:35:00+03:00,FUZZY_COMPONENT_MAX,17,Acceptable,43.92321634720474,False,18.892887129097677
boundary_temperature_2026-07-20T16:35:00+03:00,FUZZY_COMPONENT_MAX,18,Acceptable,43.8866211584924,False,18.856291940385336
boundary_temperature_2026-07-20T16:35:00+03:00,FUZZY_COMPONENT_MAX,19,Acceptable,32.922441472363865,False,7.892112254256798
boundary_temperature_2026-07-20T16:35:00+03:00,FUZZY_COMPONENT_MAX,20,Favorable,18.89899211533582,True,6.131337102771248
boundary_temperature_2026-07-20T16:35:00+03:00,FUZZY_COMPONENT_MAX,21,Favorable,18.454849602541728,True,6.575479615565339
boundary_temperature_2026-07-20T16:35:00+03:00,FUZZY_COMPONENT_MAX,22,Acceptable,38.626523415314026,False,13.596194197206959
boundary_temperature_2026-07-20T16:35:00+03:00,FUZZY_COMPONENT_MAX,23,Acceptable,45.18940249736441,False,20.159073279257345
boundary_temperature_2026-07-20T16:35:00+03:00,FUZZY_COMPONENT_MAX,24,Acceptable,38.67432631929393,False,13.643997101186866
boundary_temperature_2026-07-20T16:35:00+03:00,FUZZY_COMPONENT_MAX,25,Favorable,20.1449120128718,True,4.885417205235267
boundary_temperature_2026-07-20T16:35:00+03:00,FUZZY_COMPONENT_MAX,26,Favorable,12.444029850746269,True,12.586299367360798
boundary_temperature_2026-07-20T16:35:00+03:00,FUZZY_COMPONENT_MAX,27,Favorable,24.735411534457942,True,0.29491768364912474
boundary_temperature_2026-07-20T16:35:00+03:00,FUZZY_COMPONENT_MAX,28,Acceptable,43.63685709954926,False,18.606527881442194
boundary_temperature_2026-07-20T16:35:00+03:00,FUZZY_COMPONENT_MAX,29,Acceptable,46.33898355171925,False,21.308654333612186
boundary_temperature_2026-07-20T16:35:00+03:00,PROPOSED_HFIS,0,Favorable,12.444029850746269,True,12.586299367360798
boundary_temperature_2026-07-20T16:35:00+03:00,PROPOSED_HFIS,1,Acceptable,33.61484433585289,False,8.58451511774582
boundary_temperature_2026-07-20T16:35:00+03:00,PROPOSED_HFIS,2,Acceptable,33.719587224055054,False,8.689258005947988
boundary_temperature_2026-07-20T16:35:00+03:00,PROPOSED_HFIS,3,Acceptable,27.066307588972585,False,2.035978370865518
boundary_temperature_2026-07-20T16:35:00+03:00,PROPOSED_HFIS,4,Acceptable,37.46985808272632,False,12.439528864619252
boundary_temperature_2026-07-20T16:35:00+03:00,PROPOSED_HFIS,5,Favorable,12.444029850746269,True,12.586299367360798
boundary_temperature_2026-07-20T16:35:00+03:00,PROPOSED_HFIS,6,Acceptable,42.60996918884886,False,17.57963997074179
boundary_temperature_2026-07-20T16:35:00+03:00,PROPOSED_HFIS,7,Acceptable,36.484195777581604,False,11.453866559474537
boundary_temperature_2026-07-20T16:35:00+03:00,PROPOSED_HFIS,8,Acceptable,43.45276712512589,False,18.42243790701882
boundary_temperature_2026-07-20T16:35:00+03:00,PROPOSED_HFIS,9,Favorable,12.444029850746269,True,12.586299367360798
boundary_temperature_2026-07-20T16:35:00+03:00,PROPOSED_HFIS,10,Favorable,12.444029850746269,True,12.586299367360798
boundary_temperature_2026-07-20T16:35:00+03:00,PROPOSED_HFIS,11,Acceptable,43.41092962344089,False,18.380600405333826
boundary_temperature_2026-07-20T16:35:00+03:00,PROPOSED_HFIS,12,Acceptable,41.27128504019085,False,16.24095582208378
boundary_temperature_2026-07-20T16:35:00+03:00,PROPOSED_HFIS,13,Acceptable,39.25801664786467,False,14.227687429757605
boundary_temperature_2026-07-20T16:35:00+03:00,PROPOSED_HFIS,14,Acceptable,36.63711026997259,False,11.606781051865521
boundary_temperature_2026-07-20T16:35:00+03:00,PROPOSED_HFIS,15,Acceptable,39.78243912505054,False,14.75210990694347
boundary_temperature_2026-07-20T16:35:00+03:00,PROPOSED_HFIS,16,Favorable,14.18185743453625,True,10.848471783570817
boundary_temperature_2026-07-20T16:35:00+03:00,PROPOSED_HFIS,17,Acceptable,43.92321634720474,False,18.892887129097677
boundary_temperature_2026-07-20T16:35:00+03:00,PROPOSED_HFIS,18,Acceptable,43.8866211584924,False,18.856291940385336
boundary_temperature_2026-07-20T16:35:00+03:00,PROPOSED_HFIS,19,Acceptable,32.922441472363865,False,7.892112254256798
boundary_temperature_2026-07-20T16:35:00+03:00,PROPOSED_HFIS,20,Favorable,18.89899211533582,True,6.131337102771248
boundary_temperature_2026-07-20T16:35:00+03:00,PROPOSED_HFIS,21,Favorable,18.454849602541728,True,6.575479615565339
boundary_temperature_2026-07-20T16:35:00+03:00,PROPOSED_HFIS,22,Acceptable,38.626523415314026,False,13.596194197206959
boundary_temperature_2026-07-20T16:35:00+03:00,PROPOSED_HFIS,23,Acceptable,45.18940249736441,False,20.159073279257345
boundary_temperature_2026-07-20T16:35:00+03:00,PROPOSED_HFIS,24,Acceptable,38.67432631929393,False,13.643997101186866
boundary_temperature_2026-07-20T16:35:00+03:00,PROPOSED_HFIS,25,Favorable,20.1449120128718,True,4.885417205235267
boundary_temperature_2026-07-20T16:35:00+03:00,PROPOSED_HFIS,26,Favorable,12.444029850746269,True,12.586299367360798
boundary_temperature_2026-07-20T16:35:00+03:00,PROPOSED_HFIS,27,Favorable,24.735411534457942,True,0.29491768364912474
boundary_temperature_2026-07-20T16:35:00+03:00,PROPOSED_HFIS,28,Acceptable,43.63685709954926,False,18.606527881442194
boundary_temperature_2026-07-20T16:35:00+03:00,PROPOSED_HFIS,29,Acceptable,46.33898355171925,False,21.308654333612186
boundary_temperature_2026-07-20T16:35:00+03:00,WEIGHTED_MEAN,0,Favorable,12.444029850746269,False,4.195433122453601
boundary_temperature_2026-07-20T16:35:00+03:00,WEIGHTED_MEAN,1,Favorable,19.500968012448475,False,2.8615050392486054
boundary_temperature_2026-07-20T16:35:00+03:00,WEIGHTED_MEAN,2,Favorable,19.535882308515863,False,2.8964193353159935
boundary_temperature_2026-07-20T16:35:00+03:00,WEIGHTED_MEAN,3,Favorable,17.31812243015504,False,0.6786594569551703
boundary_temperature_2026-07-20T16:35:00+03:00,WEIGHTED_MEAN,4,Favorable,20.78597259473962,False,4.1465096215397494
boundary_temperature_2026-07-20T16:35:00+03:00,WEIGHTED_MEAN,5,Favorable,12.444029850746269,False,4.195433122453601
boundary_temperature_2026-07-20T16:35:00+03:00,WEIGHTED_MEAN,6,Favorable,22.499342963447134,False,5.859879990247265
boundary_temperature_2026-07-20T16:35:00+03:00,WEIGHTED_MEAN,7,Favorable,20.457418493024715,False,3.817955519824846
boundary_temperature_2026-07-20T16:35:00+03:00,WEIGHTED_MEAN,8,Favorable,22.78027560887281,False,6.1408126356729404
boundary_temperature_2026-07-20T16:35:00+03:00,WEIGHTED_MEAN,9,Favorable,12.444029850746269,False,4.195433122453601
boundary_temperature_2026-07-20T16:35:00+03:00,WEIGHTED_MEAN,10,Favorable,12.444029850746269,False,4.195433122453601
boundary_temperature_2026-07-20T16:35:00+03:00,WEIGHTED_MEAN,11,Favorable,22.76632977497781,False,6.12686680177794
boundary_temperature_2026-07-20T16:35:00+03:00,WEIGHTED_MEAN,12,Favorable,22.05311491389446,False,5.413651940694592
boundary_temperature_2026-07-20T16:35:00+03:00,WEIGHTED_MEAN,13,Favorable,21.382025449785733,False,4.742562476585864
boundary_temperature_2026-07-20T16:35:00+03:00,WEIGHTED_MEAN,14,Favorable,20.508389990488375,False,3.868927017288506
boundary_temperature_2026-07-20T16:35:00+03:00,WEIGHTED_MEAN,15,Favorable,21.55683294218103,False,4.917369968981159
boundary_temperature_2026-07-20T16:35:00+03:00,WEIGHTED_MEAN,16,Favorable,13.023305712009595,False,3.616157261190274
boundary_temperature_2026-07-20T16:35:00+03:00,WEIGHTED_MEAN,17,Favorable,22.937092016232427,False,6.297629043032558
boundary_temperature_2026-07-20T16:35:00+03:00,WEIGHTED_MEAN,18,Favorable,22.92489361999498,False,6.28543064679511
boundary_temperature_2026-07-20T16:35:00+03:00,WEIGHTED_MEAN,19,Favorable,19.270167057952133,False,2.6307040847522636
boundary_temperature_2026-07-20T16:35:00+03:00,WEIGHTED_MEAN,20,Favorable,14.595683938942784,False,2.043779034257085
boundary_temperature_2026-07-20T16:35:00+03:00,WEIGHTED_MEAN,21,Favorable,14.447636434678088,False,2.1918265385217808
boundary_temperature_2026-07-20T16:35:00+03:00,WEIGHTED_MEAN,22,Favorable,21.171527705602188,False,4.532064732402318
boundary_temperature_2026-07-20T16:35:00+03:00,WEIGHTED_MEAN,23,Favorable,23.35915406628565,False,6.719691093085782
boundary_temperature_2026-07-20T16:35:00+03:00,WEIGHTED_MEAN,24,Favorable,21.187462006928822,False,4.547999033728953
boundary_temperature_2026-07-20T16:35:00+03:00,WEIGHTED_MEAN,25,Favorable,15.010990571454778,False,1.628472401745091
boundary_temperature_2026-07-20T16:35:00+03:00,WEIGHTED_MEAN,26,Favorable,12.444029850746269,False,4.195433122453601
boundary_temperature_2026-07-20T16:35:00+03:00,WEIGHTED_MEAN,27,Favorable,16.54115707865016,False,0.09830589454971062
boundary_temperature_2026-07-20T16:35:00+03:00,WEIGHTED_MEAN,28,Favorable,22.8416389336806,False,6.20217596048073
boundary_temperature_2026-07-20T16:35:00+03:00,WEIGHTED_MEAN,29,Favorable,23.742347751070596,False,7.102884777870727
boundary_temperature_2026-07-21T02:20:00+03:00,CRISP_CLASS_MAX,0,Favorable,12.5,False,0.0
boundary_temperature_2026-07-21T02:20:00+03:00,CRISP_CLASS_MAX,1,Acceptable,37.5,True,25.0
boundary_temperature_2026-07-21T02:20:00+03:00,CRISP_CLASS_MAX,2,Acceptable,37.5,True,25.0
boundary_temperature_2026-07-21T02:20:00+03:00,CRISP_CLASS_MAX,3,Acceptable,37.5,True,25.0
boundary_temperature_2026-07-21T02:20:00+03:00,CRISP_CLASS_MAX,4,Favorable,12.5,False,0.0
boundary_temperature_2026-07-21T02:20:00+03:00,CRISP_CLASS_MAX,5,Favorable,12.5,False,0.0
boundary_temperature_2026-07-21T02:20:00+03:00,CRISP_CLASS_MAX,6,Acceptable,37.5,True,25.0
boundary_temperature_2026-07-21T02:20:00+03:00,CRISP_CLASS_MAX,7,Acceptable,37.5,True,25.0
boundary_temperature_2026-07-21T02:20:00+03:00,CRISP_CLASS_MAX,8,Acceptable,37.5,True,25.0
boundary_temperature_2026-07-21T02:20:00+03:00,CRISP_CLASS_MAX,9,Acceptable,37.5,True,25.0
boundary_temperature_2026-07-21T02:20:00+03:00,CRISP_CLASS_MAX,10,Acceptable,37.5,True,25.0
boundary_temperature_2026-07-21T02:20:00+03:00,CRISP_CLASS_MAX,11,Acceptable,37.5,True,25.0
boundary_temperature_2026-07-21T02:20:00+03:00,CRISP_CLASS_MAX,12,Favorable,12.5,False,0.0
boundary_temperature_2026-07-21T02:20:00+03:00,CRISP_CLASS_MAX,13,Favorable,12.5,False,0.0
boundary_temperature_2026-07-21T02:20:00+03:00,CRISP_CLASS_MAX,14,Favorable,12.5,False,0.0
boundary_temperature_2026-07-21T02:20:00+03:00,CRISP_CLASS_MAX,15,Favorable,12.5,False,0.0
boundary_temperature_2026-07-21T02:20:00+03:00,CRISP_CLASS_MAX,16,Favorable,12.5,False,0.0
boundary_temperature_2026-07-21T02:20:00+03:00,CRISP_CLASS_MAX,17,Acceptable,37.5,True,25.0
boundary_temperature_2026-07-21T02:20:00+03:00,CRISP_CLASS_MAX,18,Acceptable,37.5,True,25.0
boundary_temperature_2026-07-21T02:20:00+03:00,CRISP_CLASS_MAX,19,Acceptable,37.5,True,25.0
boundary_temperature_2026-07-21T02:20:00+03:00,CRISP_CLASS_MAX,20,Acceptable,37.5,True,25.0
boundary_temperature_2026-07-21T02:20:00+03:00,CRISP_CLASS_MAX,21,Acceptable,37.5,True,25.0
boundary_temperature_2026-07-21T02:20:00+03:00,CRISP_CLASS_MAX,22,Acceptable,37.5,True,25.0
boundary_temperature_2026-07-21T02:20:00+03:00,CRISP_CLASS_MAX,23,Favorable,12.5,False,0.0
boundary_temperature_2026-07-21T02:20:00+03:00,CRISP_CLASS_MAX,24,Acceptable,37.5,True,25.0
boundary_temperature_2026-07-21T02:20:00+03:00,CRISP_CLASS_MAX,25,Favorable,12.5,False,0.0
boundary_temperature_2026-07-21T02:20:00+03:00,CRISP_CLASS_MAX,26,Acceptable,37.5,True,25.0
boundary_temperature_2026-07-21T02:20:00+03:00,CRISP_CLASS_MAX,27,Acceptable,37.5,True,25.0
boundary_temperature_2026-07-21T02:20:00+03:00,CRISP_CLASS_MAX,28,Acceptable,37.5,True,25.0
boundary_temperature_2026-07-21T02:20:00+03:00,CRISP_CLASS_MAX,29,Acceptable,37.5,True,25.0
boundary_temperature_2026-07-21T02:20:00+03:00,FUZZY_COMPONENT_MAX,0,Favorable,12.444029850746269,True,12.669426939377718
boundary_temperature_2026-07-21T02:20:00+03:00,FUZZY_COMPONENT_MAX,1,Acceptable,35.087627195293,False,9.974170405169016
boundary_temperature_2026-07-21T02:20:00+03:00,FUZZY_COMPONENT_MAX,2,Acceptable,43.00329736153842,False,17.889840571414435
boundary_temperature_2026-07-21T02:20:00+03:00,FUZZY_COMPONENT_MAX,3,Acceptable,25.288438173256047,False,0.17498138313206013
boundary_temperature_2026-07-21T02:20:00+03:00,FUZZY_COMPONENT_MAX,4,Favorable,12.929687889105791,True,12.183768901018196
boundary_temperature_2026-07-21T02:20:00+03:00,FUZZY_COMPONENT_MAX,5,Favorable,23.530264504622902,True,1.5831922855010845
boundary_temperature_2026-07-21T02:20:00+03:00,FUZZY_COMPONENT_MAX,6,Acceptable,31.040447539157903,False,5.926990749033916
boundary_temperature_2026-07-21T02:20:00+03:00,FUZZY_COMPONENT_MAX,7,Acceptable,45.49626063196227,False,20.382803841838285
boundary_temperature_2026-07-21T02:20:00+03:00,FUZZY_COMPONENT_MAX,8,Acceptable,26.809251904795136,False,1.6957951146711494
boundary_temperature_2026-07-21T02:20:00+03:00,FUZZY_COMPONENT_MAX,9,Acceptable,31.229431129204055,False,6.1159743390800685
boundary_temperature_2026-07-21T02:20:00+03:00,FUZZY_COMPONENT_MAX,10,Acceptable,45.95992775601455,False,20.846470965890564
boundary_temperature_2026-07-21T02:20:00+03:00,FUZZY_COMPONENT_MAX,11,Acceptable,29.94200585260805,False,4.828549062484065
boundary_temperature_2026-07-21T02:20:00+03:00,FUZZY_COMPONENT_MAX,12,Favorable,12.444029850746269,True,12.669426939377718
boundary_temperature_2026-07-21T02:20:00+03:00,FUZZY_COMPONENT_MAX,13,Favorable,17.650428586284956,True,7.4630282038390305
boundary_temperature_2026-07-21T02:20:00+03:00,FUZZY_COMPONENT_MAX,14,Favorable,19.740271812812626,True,5.373184977311361
boundary_temperature_2026-07-21T02:20:00+03:00,FUZZY_COMPONENT_MAX,15,Favorable,15.347238463017678,True,9.766218327106309
boundary_temperature_2026-07-21T02:20:00+03:00,FUZZY_COMPONENT_MAX,16,Favorable,16.537278944236938,True,8.576177845887049
boundary_temperature_2026-07-21T02:20:00+03:00,FUZZY_COMPONENT_MAX,17,Acceptable,47.800775087758005,False,22.687318297634018
boundary_temperature_2026-07-21T02:20:00+03:00,FUZZY_COMPONENT_MAX,18,Acceptable,39.4712956833374,False,14.357838893213415
boundary_temperature_2026-07-21T02:20:00+03:00,FUZZY_COMPONENT_MAX,19,Acceptable,46.8486092511479,False,21.73515246102391
boundary_temperature_2026-07-21T02:20:00+03:00,FUZZY_COMPONENT_MAX,20,Acceptable,39.271096575009295,False,14.157639784885308
boundary_temperature_2026-07-21T02:20:00+03:00,FUZZY_COMPONENT_MAX,21,Acceptable,41.68015210264872,False,16.566695312524732
boundary_temperature_2026-07-21T02:20:00+03:00,FUZZY_COMPONENT_MAX,22,Acceptable,25.543085045771026,False,0.42962825564703877
boundary_temperature_2026-07-21T02:20:00+03:00,FUZZY_COMPONENT_MAX,23,Favorable,13.776681606491094,True,11.336775183632893
boundary_temperature_2026-07-21T02:20:00+03:00,FUZZY_COMPONENT_MAX,24,Acceptable,46.35918294144845,False,21.245726151324465
boundary_temperature_2026-07-21T02:20:00+03:00,FUZZY_COMPONENT_MAX,25,Favorable,12.444029850746269,True,12.669426939377718
boundary_temperature_2026-07-21T02:20:00+03:00,FUZZY_COMPONENT_MAX,26,Acceptable,37.46081483761905,False,12.34735804749506
boundary_temperature_2026-07-21T02:20:00+03:00,FUZZY_COMPONENT_MAX,27,Acceptable,28.296446416805658,False,3.182989626681671
boundary_temperature_2026-07-21T02:20:00+03:00,FUZZY_COMPONENT_MAX,28,Acceptable,33.69618018506076,False,8.582723394936774
boundary_temperature_2026-07-21T02:20:00+03:00,FUZZY_COMPONENT_MAX,29,Acceptable,29.38263301083062,False,4.269176220706633
boundary_temperature_2026-07-21T02:20:00+03:00,PROPOSED_HFIS,0,Favorable,12.444029850746269,True,12.669426939377718
boundary_temperature_2026-07-21T02:20:00+03:00,PROPOSED_HFIS,1,Acceptable,33.56199339309304,False,8.448536602969053
boundary_temperature_2026-07-21T02:20:00+03:00,PROPOSED_HFIS,2,Acceptable,43.00329736153842,False,17.889840571414435
boundary_temperature_2026-07-21T02:20:00+03:00,PROPOSED_HFIS,3,Acceptable,25.288438173256047,False,0.17498138313206013
boundary_temperature_2026-07-21T02:20:00+03:00,PROPOSED_HFIS,4,Favorable,12.929687889105791,True,12.183768901018196
boundary_temperature_2026-07-21T02:20:00+03:00,PROPOSED_HFIS,5,Favorable,23.530264504622902,True,1.5831922855010845
boundary_temperature_2026-07-21T02:20:00+03:00,PROPOSED_HFIS,6,Acceptable,31.040447539157903,False,5.926990749033916
boundary_temperature_2026-07-21T02:20:00+03:00,PROPOSED_HFIS,7,Acceptable,45.49626063196227,False,20.382803841838285
boundary_temperature_2026-07-21T02:20:00+03:00,PROPOSED_HFIS,8,Acceptable,26.809251904795136,False,1.6957951146711494
boundary_temperature_2026-07-21T02:20:00+03:00,PROPOSED_HFIS,9,Acceptable,31.229431129204055,False,6.1159743390800685
boundary_temperature_2026-07-21T02:20:00+03:00,PROPOSED_HFIS,10,Acceptable,45.95992775601455,False,20.846470965890564
boundary_temperature_2026-07-21T02:20:00+03:00,PROPOSED_HFIS,11,Acceptable,29.089515316741213,False,3.9760585266172264
boundary_temperature_2026-07-21T02:20:00+03:00,PROPOSED_HFIS,12,Favorable,12.444029850746269,True,12.669426939377718
boundary_temperature_2026-07-21T02:20:00+03:00,PROPOSED_HFIS,13,Favorable,17.650428586284956,True,7.4630282038390305
boundary_temperature_2026-07-21T02:20:00+03:00,PROPOSED_HFIS,14,Favorable,19.740271812812626,True,5.373184977311361
boundary_temperature_2026-07-21T02:20:00+03:00,PROPOSED_HFIS,15,Favorable,15.347238463017678,True,9.766218327106309
boundary_temperature_2026-07-21T02:20:00+03:00,PROPOSED_HFIS,16,Favorable,16.537278944236938,True,8.576177845887049
boundary_temperature_2026-07-21T02:20:00+03:00,PROPOSED_HFIS,17,Acceptable,47.800775087758005,False,22.687318297634018
boundary_temperature_2026-07-21T02:20:00+03:00,PROPOSED_HFIS,18,Acceptable,39.83713825518841,False,14.72368146506442
boundary_temperature_2026-07-21T02:20:00+03:00,PROPOSED_HFIS,19,Acceptable,46.8486092511479,False,21.73515246102391
boundary_temperature_2026-07-21T02:20:00+03:00,PROPOSED_HFIS,20,Acceptable,39.434072391724584,False,14.320615601600597
boundary_temperature_2026-07-21T02:20:00+03:00,PROPOSED_HFIS,21,Acceptable,41.68015210264872,False,16.566695312524732
boundary_temperature_2026-07-21T02:20:00+03:00,PROPOSED_HFIS,22,Acceptable,25.543085045771026,False,0.42962825564703877
boundary_temperature_2026-07-21T02:20:00+03:00,PROPOSED_HFIS,23,Favorable,13.776681606491094,True,11.336775183632893
boundary_temperature_2026-07-21T02:20:00+03:00,PROPOSED_HFIS,24,Acceptable,46.35918294144845,False,21.245726151324465
boundary_temperature_2026-07-21T02:20:00+03:00,PROPOSED_HFIS,25,Favorable,12.444029850746269,True,12.669426939377718
boundary_temperature_2026-07-21T02:20:00+03:00,PROPOSED_HFIS,26,Acceptable,37.46081483761905,False,12.34735804749506
boundary_temperature_2026-07-21T02:20:00+03:00,PROPOSED_HFIS,27,Acceptable,27.093713118308386,False,1.9802563281843995
boundary_temperature_2026-07-21T02:20:00+03:00,PROPOSED_HFIS,28,Acceptable,33.69618018506076,False,8.582723394936774
boundary_temperature_2026-07-21T02:20:00+03:00,PROPOSED_HFIS,29,Acceptable,29.38263301083062,False,4.269176220706633
boundary_temperature_2026-07-21T02:20:00+03:00,WEIGHTED_MEAN,0,Favorable,12.444029850746269,False,4.2231423131259085
boundary_temperature_2026-07-21T02:20:00+03:00,WEIGHTED_MEAN,1,Favorable,24.239866340400965,False,7.572694176528788
boundary_temperature_2026-07-21T02:20:00+03:00,WEIGHTED_MEAN,2,Favorable,22.630452354343657,False,5.96328019047148
boundary_temperature_2026-07-21T02:20:00+03:00,WEIGHTED_MEAN,3,Favorable,16.72549929158286,False,0.05832712771068316
boundary_temperature_2026-07-21T02:20:00+03:00,WEIGHTED_MEAN,4,Favorable,12.605915863532777,False,4.0612563003394
boundary_temperature_2026-07-21T02:20:00+03:00,WEIGHTED_MEAN,5,Favorable,17.10658543435499,False,0.4394132704828131
boundary_temperature_2026-07-21T02:20:00+03:00,WEIGHTED_MEAN,6,Favorable,18.64283574688348,False,1.975663583011304
boundary_temperature_2026-07-21T02:20:00+03:00,WEIGHTED_MEAN,7,Favorable,23.461440111151603,False,6.794267947279426
boundary_temperature_2026-07-21T02:20:00+03:00,WEIGHTED_MEAN,8,Favorable,17.23243720209589,False,0.5652650382237141
boundary_temperature_2026-07-21T02:20:00+03:00,WEIGHTED_MEAN,9,Favorable,18.705830276898865,False,2.0386581130266883
boundary_temperature_2026-07-21T02:20:00+03:00,WEIGHTED_MEAN,10,Favorable,23.61599581916903,False,6.948823655296852
boundary_temperature_2026-07-21T02:20:00+03:00,WEIGHTED_MEAN,11,Favorable,21.793827218266756,False,5.126655054394579
boundary_temperature_2026-07-21T02:20:00+03:00,WEIGHTED_MEAN,12,Favorable,12.444029850746269,False,4.2231423131259085
boundary_temperature_2026-07-21T02:20:00+03:00,WEIGHTED_MEAN,13,Favorable,14.179496095925833,False,2.487676067946344
boundary_temperature_2026-07-21T02:20:00+03:00,WEIGHTED_MEAN,14,Favorable,16.724571868131537,False,0.05739970425936036
boundary_temperature_2026-07-21T02:20:00+03:00,WEIGHTED_MEAN,15,Favorable,13.411766054836738,False,3.255406109035439
boundary_temperature_2026-07-21T02:20:00+03:00,WEIGHTED_MEAN,16,Favorable,13.808446215243158,False,2.8587259486290186
boundary_temperature_2026-07-21T02:20:00+03:00,WEIGHTED_MEAN,17,Favorable,24.229611596416845,False,7.562439432544668
boundary_temperature_2026-07-21T02:20:00+03:00,WEIGHTED_MEAN,18,Favorable,23.55293146332386,False,6.885759299451681
boundary_temperature_2026-07-21T02:20:00+03:00,WEIGHTED_MEAN,19,Acceptable,25.300415478610557,True,8.63324331473838
boundary_temperature_2026-07-21T02:20:00+03:00,WEIGHTED_MEAN,20,Favorable,22.767131705420326,False,6.099959541548149
boundary_temperature_2026-07-21T02:20:00+03:00,WEIGHTED_MEAN,21,Favorable,22.189403934713752,False,5.522231770841575
boundary_temperature_2026-07-21T02:20:00+03:00,WEIGHTED_MEAN,22,Favorable,16.810381582421186,False,0.14320941854900937
boundary_temperature_2026-07-21T02:20:00+03:00,WEIGHTED_MEAN,23,Favorable,12.88824710266121,False,3.778925061210966
boundary_temperature_2026-07-21T02:20:00+03:00,WEIGHTED_MEAN,24,Acceptable,25.993318571611013,True,9.326146407738836
boundary_temperature_2026-07-21T02:20:00+03:00,WEIGHTED_MEAN,25,Favorable,12.444029850746269,False,4.2231423131259085
boundary_temperature_2026-07-21T02:20:00+03:00,WEIGHTED_MEAN,26,Favorable,20.78295817970386,False,4.115786015831684
boundary_temperature_2026-07-21T02:20:00+03:00,WEIGHTED_MEAN,27,Favorable,22.03922465782325,False,5.372052493951074
boundary_temperature_2026-07-21T02:20:00+03:00,WEIGHTED_MEAN,28,Favorable,19.52807996218443,False,2.8609077983122546
boundary_temperature_2026-07-21T02:20:00+03:00,WEIGHTED_MEAN,29,Favorable,18.090230904107717,False,1.4230587402355397
boundary_temperature_2026-07-27T10:25:00+03:00,CRISP_CLASS_MAX,0,Favorable,12.5,False,0.0
boundary_temperature_2026-07-27T10:25:00+03:00,CRISP_CLASS_MAX,1,Acceptable,37.5,True,25.0
boundary_temperature_2026-07-27T10:25:00+03:00,CRISP_CLASS_MAX,2,Favorable,12.5,False,0.0
boundary_temperature_2026-07-27T10:25:00+03:00,CRISP_CLASS_MAX,3,Acceptable,37.5,True,25.0
boundary_temperature_2026-07-27T10:25:00+03:00,CRISP_CLASS_MAX,4,Acceptable,37.5,True,25.0
boundary_temperature_2026-07-27T10:25:00+03:00,CRISP_CLASS_MAX,5,Favorable,12.5,False,0.0
boundary_temperature_2026-07-27T10:25:00+03:00,CRISP_CLASS_MAX,6,Favorable,12.5,False,0.0
boundary_temperature_2026-07-27T10:25:00+03:00,CRISP_CLASS_MAX,7,Acceptable,37.5,True,25.0
boundary_temperature_2026-07-27T10:25:00+03:00,CRISP_CLASS_MAX,8,Favorable,12.5,False,0.0
boundary_temperature_2026-07-27T10:25:00+03:00,CRISP_CLASS_MAX,9,Favorable,12.5,False,0.0
boundary_temperature_2026-07-27T10:25:00+03:00,CRISP_CLASS_MAX,10,Favorable,12.5,False,0.0
boundary_temperature_2026-07-27T10:25:00+03:00,CRISP_CLASS_MAX,11,Acceptable,37.5,True,25.0
boundary_temperature_2026-07-27T10:25:00+03:00,CRISP_CLASS_MAX,12,Acceptable,37.5,True,25.0
boundary_temperature_2026-07-27T10:25:00+03:00,CRISP_CLASS_MAX,13,Favorable,12.5,False,0.0
boundary_temperature_2026-07-27T10:25:00+03:00,CRISP_CLASS_MAX,14,Acceptable,37.5,True,25.0
boundary_temperature_2026-07-27T10:25:00+03:00,CRISP_CLASS_MAX,15,Favorable,12.5,False,0.0
boundary_temperature_2026-07-27T10:25:00+03:00,CRISP_CLASS_MAX,16,Favorable,12.5,False,0.0
boundary_temperature_2026-07-27T10:25:00+03:00,CRISP_CLASS_MAX,17,Acceptable,37.5,True,25.0
boundary_temperature_2026-07-27T10:25:00+03:00,CRISP_CLASS_MAX,18,Favorable,12.5,False,0.0
boundary_temperature_2026-07-27T10:25:00+03:00,CRISP_CLASS_MAX,19,Favorable,12.5,False,0.0
boundary_temperature_2026-07-27T10:25:00+03:00,CRISP_CLASS_MAX,20,Favorable,12.5,False,0.0
boundary_temperature_2026-07-27T10:25:00+03:00,CRISP_CLASS_MAX,21,Acceptable,37.5,True,25.0
boundary_temperature_2026-07-27T10:25:00+03:00,CRISP_CLASS_MAX,22,Favorable,12.5,False,0.0
boundary_temperature_2026-07-27T10:25:00+03:00,CRISP_CLASS_MAX,23,Acceptable,37.5,True,25.0
boundary_temperature_2026-07-27T10:25:00+03:00,CRISP_CLASS_MAX,24,Acceptable,37.5,True,25.0
boundary_temperature_2026-07-27T10:25:00+03:00,CRISP_CLASS_MAX,25,Favorable,12.5,False,0.0
boundary_temperature_2026-07-27T10:25:00+03:00,CRISP_CLASS_MAX,26,Acceptable,37.5,True,25.0
boundary_temperature_2026-07-27T10:25:00+03:00,CRISP_CLASS_MAX,27,Favorable,12.5,False,0.0
boundary_temperature_2026-07-27T10:25:00+03:00,CRISP_CLASS_MAX,28,Acceptable,37.5,True,25.0
boundary_temperature_2026-07-27T10:25:00+03:00,CRISP_CLASS_MAX,29,Favorable,12.5,False,0.0
boundary_temperature_2026-07-27T10:25:00+03:00,FUZZY_COMPONENT_MAX,0,Favorable,12.575554691074684,True,12.512963827443711
boundary_temperature_2026-07-27T10:25:00+03:00,FUZZY_COMPONENT_MAX,1,Acceptable,28.154166917879742,False,3.065648399361347
boundary_temperature_2026-07-27T10:25:00+03:00,FUZZY_COMPONENT_MAX,2,Favorable,20.43746577347022,True,4.651052745048176
boundary_temperature_2026-07-27T10:25:00+03:00,FUZZY_COMPONENT_MAX,3,Acceptable,40.92018830700387,False,15.831669788485474
boundary_temperature_2026-07-27T10:25:00+03:00,FUZZY_COMPONENT_MAX,4,Acceptable,37.49922299390068,False,12.410704475382285
boundary_temperature_2026-07-27T10:25:00+03:00,FUZZY_COMPONENT_MAX,5,Favorable,12.444029850746269,True,12.644488667772126
boundary_temperature_2026-07-27T10:25:00+03:00,FUZZY_COMPONENT_MAX,6,Favorable,12.444029850746269,True,12.644488667772126
boundary_temperature_2026-07-27T10:25:00+03:00,FUZZY_COMPONENT_MAX,7,Acceptable,30.120937712798394,False,5.032419194279999
boundary_temperature_2026-07-27T10:25:00+03:00,FUZZY_COMPONENT_MAX,8,Favorable,12.444029850746269,True,12.644488667772126
boundary_temperature_2026-07-27T10:25:00+03:00,FUZZY_COMPONENT_MAX,9,Favorable,16.61516160803002,True,8.473356910488373
boundary_temperature_2026-07-27T10:25:00+03:00,FUZZY_COMPONENT_MAX,10,Favorable,15.718513157699359,True,9.370005360819036
boundary_temperature_2026-07-27T10:25:00+03:00,FUZZY_COMPONENT_MAX,11,Acceptable,39.63655852536681,False,14.548040006848414
boundary_temperature_2026-07-27T10:25:00+03:00,FUZZY_COMPONENT_MAX,12,Acceptable,34.51421064814482,False,9.425692129626423
boundary_temperature_2026-07-27T10:25:00+03:00,FUZZY_COMPONENT_MAX,13,Favorable,16.08923445441213,True,8.999284064106266
boundary_temperature_2026-07-27T10:25:00+03:00,FUZZY_COMPONENT_MAX,14,Acceptable,40.7740320665272,False,15.685513548008803
boundary_temperature_2026-07-27T10:25:00+03:00,FUZZY_COMPONENT_MAX,15,Favorable,17.594277492325276,True,7.494241026193119
boundary_temperature_2026-07-27T10:25:00+03:00,FUZZY_COMPONENT_MAX,16,Favorable,12.444029850746269,True,12.644488667772126
boundary_temperature_2026-07-27T10:25:00+03:00,FUZZY_COMPONENT_MAX,17,Acceptable,40.89055233316614,False,15.802033814647746
boundary_temperature_2026-07-27T10:25:00+03:00,FUZZY_COMPONENT_MAX,18,Favorable,16.756154132965424,True,8.332364385552971
boundary_temperature_2026-07-27T10:25:00+03:00,FUZZY_COMPONENT_MAX,19,Favorable,12.444029850746269,True,12.644488667772126
boundary_temperature_2026-07-27T10:25:00+03:00,FUZZY_COMPONENT_MAX,20,Favorable,18.7041007629989,True,6.384417755519497
boundary_temperature_2026-07-27T10:25:00+03:00,FUZZY_COMPONENT_MAX,21,Acceptable,33.488226862379754,False,8.39970834386136
boundary_temperature_2026-07-27T10:25:00+03:00,FUZZY_COMPONENT_MAX,22,Favorable,12.444029850746269,True,12.644488667772126
boundary_temperature_2026-07-27T10:25:00+03:00,FUZZY_COMPONENT_MAX,23,Acceptable,34.550199341316294,False,9.461680822797899
boundary_temperature_2026-07-27T10:25:00+03:00,FUZZY_COMPONENT_MAX,24,Acceptable,37.58202557183467,False,12.493507053316275
boundary_temperature_2026-07-27T10:25:00+03:00,FUZZY_COMPONENT_MAX,25,Favorable,22.025906601185056,True,3.0626119173333386
boundary_temperature_2026-07-27T10:25:00+03:00,FUZZY_COMPONENT_MAX,26,Acceptable,27.849441179324817,False,2.760922660806422
boundary_temperature_2026-07-27T10:25:00+03:00,FUZZY_COMPONENT_MAX,27,Favorable,12.444029850746269,True,12.644488667772126
boundary_temperature_2026-07-27T10:25:00+03:00,FUZZY_COMPONENT_MAX,28,Acceptable,45.398994272795235,False,20.31047575427684
boundary_temperature_2026-07-27T10:25:00+03:00,FUZZY_COMPONENT_MAX,29,Favorable,12.444029850746269,True,12.644488667772126
boundary_temperature_2026-07-27T10:25:00+03:00,PROPOSED_HFIS,0,Favorable,12.575554691074684,True,12.512963827443711
boundary_temperature_2026-07-27T10:25:00+03:00,PROPOSED_HFIS,1,Acceptable,28.154166917879742,False,3.065648399361347
boundary_temperature_2026-07-27T10:25:00+03:00,PROPOSED_HFIS,2,Favorable,20.43746577347022,True,4.651052745048176
boundary_temperature_2026-07-27T10:25:00+03:00,PROPOSED_HFIS,3,Acceptable,40.92018830700387,False,15.831669788485474
boundary_temperature_2026-07-27T10:25:00+03:00,PROPOSED_HFIS,4,Acceptable,37.49922299390068,False,12.410704475382285
boundary_temperature_2026-07-27T10:25:00+03:00,PROPOSED_HFIS,5,Favorable,12.444029850746269,True,12.644488667772126
boundary_temperature_2026-07-27T10:25:00+03:00,PROPOSED_HFIS,6,Favorable,12.444029850746269,True,12.644488667772126
boundary_temperature_2026-07-27T10:25:00+03:00,PROPOSED_HFIS,7,Acceptable,30.120937712798394,False,5.032419194279999
boundary_temperature_2026-07-27T10:25:00+03:00,PROPOSED_HFIS,8,Favorable,12.444029850746269,True,12.644488667772126
boundary_temperature_2026-07-27T10:25:00+03:00,PROPOSED_HFIS,9,Favorable,16.61516160803002,True,8.473356910488373
boundary_temperature_2026-07-27T10:25:00+03:00,PROPOSED_HFIS,10,Favorable,15.718513157699359,True,9.370005360819036
boundary_temperature_2026-07-27T10:25:00+03:00,PROPOSED_HFIS,11,Acceptable,39.63655852536681,False,14.548040006848414
boundary_temperature_2026-07-27T10:25:00+03:00,PROPOSED_HFIS,12,Acceptable,34.51421064814482,False,9.425692129626423
boundary_temperature_2026-07-27T10:25:00+03:00,PROPOSED_HFIS,13,Favorable,16.08923445441213,True,8.999284064106266
boundary_temperature_2026-07-27T10:25:00+03:00,PROPOSED_HFIS,14,Acceptable,40.7740320665272,False,15.685513548008803
boundary_temperature_2026-07-27T10:25:00+03:00,PROPOSED_HFIS,15,Favorable,17.594277492325276,True,7.494241026193119
boundary_temperature_2026-07-27T10:25:00+03:00,PROPOSED_HFIS,16,Favorable,12.444029850746269,True,12.644488667772126
boundary_temperature_2026-07-27T10:25:00+03:00,PROPOSED_HFIS,17,Acceptable,40.89055233316614,False,15.802033814647746
boundary_temperature_2026-07-27T10:25:00+03:00,PROPOSED_HFIS,18,Favorable,16.756154132965424,True,8.332364385552971
boundary_temperature_2026-07-27T10:25:00+03:00,PROPOSED_HFIS,19,Favorable,12.444029850746269,True,12.644488667772126
boundary_temperature_2026-07-27T10:25:00+03:00,PROPOSED_HFIS,20,Favorable,18.7041007629989,True,6.384417755519497
boundary_temperature_2026-07-27T10:25:00+03:00,PROPOSED_HFIS,21,Acceptable,33.488226862379754,False,8.39970834386136
boundary_temperature_2026-07-27T10:25:00+03:00,PROPOSED_HFIS,22,Favorable,12.444029850746269,True,12.644488667772126
boundary_temperature_2026-07-27T10:25:00+03:00,PROPOSED_HFIS,23,Acceptable,34.550199341316294,False,9.461680822797899
boundary_temperature_2026-07-27T10:25:00+03:00,PROPOSED_HFIS,24,Acceptable,37.58202557183467,False,12.493507053316275
boundary_temperature_2026-07-27T10:25:00+03:00,PROPOSED_HFIS,25,Favorable,22.025906601185056,True,3.0626119173333386
boundary_temperature_2026-07-27T10:25:00+03:00,PROPOSED_HFIS,26,Acceptable,27.849441179324817,False,2.760922660806422
boundary_temperature_2026-07-27T10:25:00+03:00,PROPOSED_HFIS,27,Favorable,12.444029850746269,True,12.644488667772126
boundary_temperature_2026-07-27T10:25:00+03:00,PROPOSED_HFIS,28,Acceptable,45.398994272795235,False,20.31047575427684
boundary_temperature_2026-07-27T10:25:00+03:00,PROPOSED_HFIS,29,Favorable,12.444029850746269,True,12.644488667772126
boundary_temperature_2026-07-27T10:25:00+03:00,WEIGHTED_MEAN,0,Favorable,12.487871464189075,False,4.170987942481238
boundary_temperature_2026-07-27T10:25:00+03:00,WEIGHTED_MEAN,1,Favorable,17.680742206457428,False,1.0218827997871145
boundary_temperature_2026-07-27T10:25:00+03:00,WEIGHTED_MEAN,2,Favorable,15.108508491654254,False,1.5503509150160593
boundary_temperature_2026-07-27T10:25:00+03:00,WEIGHTED_MEAN,3,Favorable,21.936082669498802,False,5.277223262828489
boundary_temperature_2026-07-27T10:25:00+03:00,WEIGHTED_MEAN,4,Favorable,20.795760898464405,False,4.136901491794092
boundary_temperature_2026-07-27T10:25:00+03:00,WEIGHTED_MEAN,5,Favorable,12.444029850746269,False,4.2148295559240445
boundary_temperature_2026-07-27T10:25:00+03:00,WEIGHTED_MEAN,6,Favorable,12.444029850746269,False,4.2148295559240445
boundary_temperature_2026-07-27T10:25:00+03:00,WEIGHTED_MEAN,7,Favorable,18.33633247143031,False,1.6774730647599974
boundary_temperature_2026-07-27T10:25:00+03:00,WEIGHTED_MEAN,8,Favorable,12.444029850746269,False,4.2148295559240445
boundary_temperature_2026-07-27T10:25:00+03:00,WEIGHTED_MEAN,9,Favorable,13.834407103174186,False,2.824452303496127
boundary_temperature_2026-07-27T10:25:00+03:00,WEIGHTED_MEAN,10,Favorable,13.5355242863973,False,3.1233351202730137
boundary_temperature_2026-07-27T10:25:00+03:00,WEIGHTED_MEAN,11,Favorable,21.508206075619782,False,4.849346668949469
boundary_temperature_2026-07-27T10:25:00+03:00,WEIGHTED_MEAN,12,Favorable,19.800756783212453,False,3.14189737654214
boundary_temperature_2026-07-27T10:25:00+03:00,WEIGHTED_MEAN,13,Favorable,13.659098051968222,False,2.999761354702091
boundary_temperature_2026-07-27T10:25:00+03:00,WEIGHTED_MEAN,14,Favorable,21.887363922673245,False,5.228504516002932
boundary_temperature_2026-07-27T10:25:00+03:00,WEIGHTED_MEAN,15,Favorable,14.160779064605938,False,2.498080342064375
boundary_temperature_2026-07-27T10:25:00+03:00,WEIGHTED_MEAN,16,Favorable,12.444029850746269,False,4.2148295559240445
boundary_temperature_2026-07-27T10:25:00+03:00,WEIGHTED_MEAN,17,Favorable,21.926204011552894,False,5.267344604882581
boundary_temperature_2026-07-27T10:25:00+03:00,WEIGHTED_MEAN,18,Favorable,13.881404611485985,False,2.777454795184328
boundary_temperature_2026-07-27T10:25:00+03:00,WEIGHTED_MEAN,19,Favorable,12.444029850746269,False,4.2148295559240445
boundary_temperature_2026-07-27T10:25:00+03:00,WEIGHTED_MEAN,20,Favorable,14.530720154830478,False,2.128139251839835
boundary_temperature_2026-07-27T10:25:00+03:00,WEIGHTED_MEAN,21,Favorable,19.45876218795743,False,2.7999027812871162
boundary_temperature_2026-07-27T10:25:00+03:00,WEIGHTED_MEAN,22,Favorable,12.444029850746269,False,4.2148295559240445
boundary_temperature_2026-07-27T10:25:00+03:00,WEIGHTED_MEAN,23,Favorable,19.81275301426961,False,3.153893607599297
boundary_temperature_2026-07-27T10:25:00+03:00,WEIGHTED_MEAN,24,Favorable,20.823361757775736,False,4.164502351105423
boundary_temperature_2026-07-27T10:25:00+03:00,WEIGHTED_MEAN,25,Favorable,15.637988767559198,False,1.0208706391111146
boundary_temperature_2026-07-27T10:25:00+03:00,WEIGHTED_MEAN,26,Favorable,17.57916696027245,False,0.9203075536021359
boundary_temperature_2026-07-27T10:25:00+03:00,WEIGHTED_MEAN,27,Favorable,12.444029850746269,False,4.2148295559240445
boundary_temperature_2026-07-27T10:25:00+03:00,WEIGHTED_MEAN,28,Favorable,23.42901799142926,False,6.770158584758946
boundary_temperature_2026-07-27T10:25:00+03:00,WEIGHTED_MEAN,29,Favorable,12.444029850746269,False,4.2148295559240445
random_2026-07-15T13:05:00+03:00,CRISP_CLASS_MAX,0,Acceptable,37.5,False,0.0
random_2026-07-15T13:05:00+03:00,CRISP_CLASS_MAX,1,Acceptable,37.5,False,0.0
random_2026-07-15T13:05:00+03:00,CRISP_CLASS_MAX,2,Degraded,62.5,True,25.0
random_2026-07-15T13:05:00+03:00,CRISP_CLASS_MAX,3,Acceptable,37.5,False,0.0
random_2026-07-15T13:05:00+03:00,CRISP_CLASS_MAX,4,Degraded,62.5,True,25.0
random_2026-07-15T13:05:00+03:00,CRISP_CLASS_MAX,5,Degraded,62.5,True,25.0
random_2026-07-15T13:05:00+03:00,CRISP_CLASS_MAX,6,Degraded,62.5,True,25.0
random_2026-07-15T13:05:00+03:00,CRISP_CLASS_MAX,7,Acceptable,37.5,False,0.0
random_2026-07-15T13:05:00+03:00,CRISP_CLASS_MAX,8,Acceptable,37.5,False,0.0
random_2026-07-15T13:05:00+03:00,CRISP_CLASS_MAX,9,Degraded,62.5,True,25.0
random_2026-07-15T13:05:00+03:00,CRISP_CLASS_MAX,10,Acceptable,37.5,False,0.0
random_2026-07-15T13:05:00+03:00,CRISP_CLASS_MAX,11,Degraded,62.5,True,25.0
random_2026-07-15T13:05:00+03:00,CRISP_CLASS_MAX,12,Degraded,62.5,True,25.0
random_2026-07-15T13:05:00+03:00,CRISP_CLASS_MAX,13,Acceptable,37.5,False,0.0
random_2026-07-15T13:05:00+03:00,CRISP_CLASS_MAX,14,Degraded,62.5,True,25.0
random_2026-07-15T13:05:00+03:00,CRISP_CLASS_MAX,15,Degraded,62.5,True,25.0
random_2026-07-15T13:05:00+03:00,CRISP_CLASS_MAX,16,Acceptable,37.5,False,0.0
random_2026-07-15T13:05:00+03:00,CRISP_CLASS_MAX,17,Degraded,62.5,True,25.0
random_2026-07-15T13:05:00+03:00,CRISP_CLASS_MAX,18,Acceptable,37.5,False,0.0
random_2026-07-15T13:05:00+03:00,CRISP_CLASS_MAX,19,Degraded,62.5,True,25.0
random_2026-07-15T13:05:00+03:00,CRISP_CLASS_MAX,20,Acceptable,37.5,False,0.0
random_2026-07-15T13:05:00+03:00,CRISP_CLASS_MAX,21,Acceptable,37.5,False,0.0
random_2026-07-15T13:05:00+03:00,CRISP_CLASS_MAX,22,Acceptable,37.5,False,0.0
random_2026-07-15T13:05:00+03:00,CRISP_CLASS_MAX,23,Degraded,62.5,True,25.0
random_2026-07-15T13:05:00+03:00,CRISP_CLASS_MAX,24,Acceptable,37.5,False,0.0
random_2026-07-15T13:05:00+03:00,CRISP_CLASS_MAX,25,Acceptable,37.5,False,0.0
random_2026-07-15T13:05:00+03:00,CRISP_CLASS_MAX,26,Acceptable,37.5,False,0.0
random_2026-07-15T13:05:00+03:00,CRISP_CLASS_MAX,27,Degraded,62.5,True,25.0
random_2026-07-15T13:05:00+03:00,CRISP_CLASS_MAX,28,Acceptable,37.5,False,0.0
random_2026-07-15T13:05:00+03:00,CRISP_CLASS_MAX,29,Acceptable,37.5,False,0.0
random_2026-07-15T13:05:00+03:00,FUZZY_COMPONENT_MAX,0,Acceptable,37.5,False,10.488579053748907
random_2026-07-15T13:05:00+03:00,FUZZY_COMPONENT_MAX,1,Acceptable,44.08287808169392,False,3.905700972054987
random_2026-07-15T13:05:00+03:00,FUZZY_COMPONENT_MAX,2,Degraded,61.46480757948456,True,13.47622852573565
random_2026-07-15T13:05:00+03:00,FUZZY_COMPONENT_MAX,3,Acceptable,30.179412666904604,False,17.809166386844304
random_2026-07-15T13:05:00+03:00,FUZZY_COMPONENT_MAX,4,Degraded,62.5,True,14.511420946251093
random_2026-07-15T13:05:00+03:00,FUZZY_COMPONENT_MAX,5,Degraded,62.5,True,14.511420946251093
random_2026-07-15T13:05:00+03:00,FUZZY_COMPONENT_MAX,6,Degraded,56.926136942224694,True,8.937557888475787
random_2026-07-15T13:05:00+03:00,FUZZY_COMPONENT_MAX,7,Acceptable,37.5,False,10.488579053748907
random_2026-07-15T13:05:00+03:00,FUZZY_COMPONENT_MAX,8,Acceptable,29.8747018267352,False,18.113877227013706
random_2026-07-15T13:05:00+03:00,FUZZY_COMPONENT_MAX,9,Degraded,58.17926139331465,True,10.19068233956574
random_2026-07-15T13:05:00+03:00,FUZZY_COMPONENT_MAX,10,Acceptable,44.61920186342272,False,3.3693771903261904
random_2026-07-15T13:05:00+03:00,FUZZY_COMPONENT_MAX,11,Degraded,62.5,True,14.511420946251093
random_2026-07-15T13:05:00+03:00,FUZZY_COMPONENT_MAX,12,Degraded,62.49999999999999,True,14.511420946251086
random_2026-07-15T13:05:00+03:00,FUZZY_COMPONENT_MAX,13,Acceptable,37.5,False,10.488579053748907
random_2026-07-15T13:05:00+03:00,FUZZY_COMPONENT_MAX,14,Degraded,61.94837609967451,True,13.959797045925605
random_2026-07-15T13:05:00+03:00,FUZZY_COMPONENT_MAX,15,Degraded,62.49999999999999,True,14.511420946251086
random_2026-07-15T13:05:00+03:00,FUZZY_COMPONENT_MAX,16,Acceptable,35.42443150029917,False,12.564147553449736
random_2026-07-15T13:05:00+03:00,FUZZY_COMPONENT_MAX,17,Degraded,53.03418288287379,True,5.045603829124886
random_2026-07-15T13:05:00+03:00,FUZZY_COMPONENT_MAX,18,Acceptable,37.5,False,10.488579053748907
random_2026-07-15T13:05:00+03:00,FUZZY_COMPONENT_MAX,19,Degraded,58.77964791274009,True,10.791068858991181
random_2026-07-15T13:05:00+03:00,FUZZY_COMPONENT_MAX,20,Acceptable,37.49999999999999,False,10.488579053748914
random_2026-07-15T13:05:00+03:00,FUZZY_COMPONENT_MAX,21,Acceptable,37.50000000000001,False,10.4885790537489
random_2026-07-15T13:05:00+03:00,FUZZY_COMPONENT_MAX,22,Acceptable,49.907340609777826,False,1.9187615560289188
random_2026-07-15T13:05:00+03:00,FUZZY_COMPONENT_MAX,23,Degraded,62.50000000000001,True,14.5114209462511
random_2026-07-15T13:05:00+03:00,FUZZY_COMPONENT_MAX,24,Acceptable,37.5,False,10.488579053748907
random_2026-07-15T13:05:00+03:00,FUZZY_COMPONENT_MAX,25,Acceptable,28.25117722113814,False,19.737401832610768
random_2026-07-15T13:05:00+03:00,FUZZY_COMPONENT_MAX,26,Acceptable,37.5,False,10.488579053748907
random_2026-07-15T13:05:00+03:00,FUZZY_COMPONENT_MAX,27,Degraded,53.35856230519189,True,5.3699832514429815
random_2026-07-15T13:05:00+03:00,FUZZY_COMPONENT_MAX,28,Acceptable,47.110411843387595,False,0.8781672103613118
random_2026-07-15T13:05:00+03:00,FUZZY_COMPONENT_MAX,29,Acceptable,39.49229041666885,False,8.496288637080056
random_2026-07-15T13:05:00+03:00,PROPOSED_HFIS,0,Acceptable,37.5,False,10.488579053748907
random_2026-07-15T13:05:00+03:00,PROPOSED_HFIS,1,Acceptable,44.981026126361854,False,3.007552927387053
random_2026-07-15T13:05:00+03:00,PROPOSED_HFIS,2,Degraded,61.37902496296222,True,13.390445909213312
random_2026-07-15T13:05:00+03:00,PROPOSED_HFIS,3,Acceptable,30.179412666904604,False,17.809166386844304
random_2026-07-15T13:05:00+03:00,PROPOSED_HFIS,4,Degraded,62.499999999999986,True,14.511420946251079
random_2026-07-15T13:05:00+03:00,PROPOSED_HFIS,5,Degraded,62.49999999999998,True,14.511420946251071
random_2026-07-15T13:05:00+03:00,PROPOSED_HFIS,6,Degraded,56.926136942224694,True,8.937557888475787
random_2026-07-15T13:05:00+03:00,PROPOSED_HFIS,7,Acceptable,37.5,False,10.488579053748907
random_2026-07-15T13:05:00+03:00,PROPOSED_HFIS,8,Acceptable,29.8747018267352,False,18.113877227013706
random_2026-07-15T13:05:00+03:00,PROPOSED_HFIS,9,Degraded,58.17926139331465,True,10.19068233956574
random_2026-07-15T13:05:00+03:00,PROPOSED_HFIS,10,Acceptable,46.15320091702528,False,1.8353781367236266
random_2026-07-15T13:05:00+03:00,PROPOSED_HFIS,11,Degraded,62.5,True,14.511420946251093
random_2026-07-15T13:05:00+03:00,PROPOSED_HFIS,12,Degraded,62.49999999999999,True,14.511420946251086
random_2026-07-15T13:05:00+03:00,PROPOSED_HFIS,13,Acceptable,37.5,False,10.488579053748907
random_2026-07-15T13:05:00+03:00,PROPOSED_HFIS,14,Degraded,61.94837609967451,True,13.959797045925605
random_2026-07-15T13:05:00+03:00,PROPOSED_HFIS,15,Degraded,62.49999999999999,True,14.511420946251086
random_2026-07-15T13:05:00+03:00,PROPOSED_HFIS,16,Acceptable,35.42443150029917,False,12.564147553449736
random_2026-07-15T13:05:00+03:00,PROPOSED_HFIS,17,Degraded,52.198217347458694,True,4.209638293709787
random_2026-07-15T13:05:00+03:00,PROPOSED_HFIS,18,Acceptable,37.5,False,10.488579053748907
random_2026-07-15T13:05:00+03:00,PROPOSED_HFIS,19,Degraded,58.77964791274009,True,10.791068858991181
random_2026-07-15T13:05:00+03:00,PROPOSED_HFIS,20,Acceptable,37.49999999999999,False,10.488579053748914
random_2026-07-15T13:05:00+03:00,PROPOSED_HFIS,21,Acceptable,37.50000000000001,False,10.4885790537489
random_2026-07-15T13:05:00+03:00,PROPOSED_HFIS,22,Acceptable,49.907340609777826,False,1.9187615560289188
random_2026-07-15T13:05:00+03:00,PROPOSED_HFIS,23,Degraded,62.499999999999986,True,14.511420946251079
random_2026-07-15T13:05:00+03:00,PROPOSED_HFIS,24,Acceptable,37.5,False,10.488579053748907
random_2026-07-15T13:05:00+03:00,PROPOSED_HFIS,25,Acceptable,28.25117722113814,False,19.737401832610768
random_2026-07-15T13:05:00+03:00,PROPOSED_HFIS,26,Acceptable,37.5,False,10.488579053748907
random_2026-07-15T13:05:00+03:00,PROPOSED_HFIS,27,Degraded,53.35856230519189,True,5.3699832514429815
random_2026-07-15T13:05:00+03:00,PROPOSED_HFIS,28,Acceptable,47.110411843387595,False,0.8781672103613118
random_2026-07-15T13:05:00+03:00,PROPOSED_HFIS,29,Acceptable,40.02744056766174,False,7.961138486087165
random_2026-07-15T13:05:00+03:00,WEIGHTED_MEAN,0,Favorable,20.796019900497512,False,3.496193017916301
random_2026-07-15T13:05:00+03:00,WEIGHTED_MEAN,1,Acceptable,26.283666259355147,True,1.9914533409413337
random_2026-07-15T13:05:00+03:00,WEIGHTED_MEAN,2,Acceptable,29.852645535550995,True,5.560432617137181
random_2026-07-15T13:05:00+03:00,WEIGHTED_MEAN,3,Favorable,18.355824122799046,False,5.936388795614768
random_2026-07-15T13:05:00+03:00,WEIGHTED_MEAN,4,Acceptable,29.71889903848161,True,5.426686120067796
random_2026-07-15T13:05:00+03:00,WEIGHTED_MEAN,5,Acceptable,30.280140584892262,True,5.987927666478448
random_2026-07-15T13:05:00+03:00,WEIGHTED_MEAN,6,Acceptable,27.271398881239076,True,2.9791859628252624
random_2026-07-15T13:05:00+03:00,WEIGHTED_MEAN,7,Acceptable,27.04158237871772,True,2.7493694603039067
random_2026-07-15T13:05:00+03:00,WEIGHTED_MEAN,8,Favorable,18.254253842742582,False,6.037959075671232
random_2026-07-15T13:05:00+03:00,WEIGHTED_MEAN,9,Acceptable,27.689107031602394,True,3.39689411318858
random_2026-07-15T13:05:00+03:00,WEIGHTED_MEAN,10,Acceptable,27.704121455930487,True,3.4119085375166733
random_2026-07-15T13:05:00+03:00,WEIGHTED_MEAN,11,Acceptable,29.129353233830845,True,4.837140315417031
random_2026-07-15T13:05:00+03:00,WEIGHTED_MEAN,12,Acceptable,29.95955903205253,True,5.667346113638715
random_2026-07-15T13:05:00+03:00,WEIGHTED_MEAN,13,Acceptable,25.787304214624232,True,1.4950912962104184
random_2026-07-15T13:05:00+03:00,WEIGHTED_MEAN,14,Acceptable,28.94547860038902,True,4.653265681975206
random_2026-07-15T13:05:00+03:00,WEIGHTED_MEAN,15,Acceptable,29.12935323383084,True,4.837140315417027
random_2026-07-15T13:05:00+03:00,WEIGHTED_MEAN,16,Acceptable,26.34127969374454,True,2.0490667753307257
random_2026-07-15T13:05:00+03:00,WEIGHTED_MEAN,17,Acceptable,29.888493459240024,True,5.596280540826211
random_2026-07-15T13:05:00+03:00,WEIGHTED_MEAN,18,Favorable,20.796019900497512,False,3.496193017916301
random_2026-07-15T13:05:00+03:00,WEIGHTED_MEAN,19,Acceptable,29.015398247659878,True,4.723185329246064
random_2026-07-15T13:05:00+03:00,WEIGHTED_MEAN,20,Favorable,20.79601990049751,False,3.4961930179163048
random_2026-07-15T13:05:00+03:00,WEIGHTED_MEAN,21,Favorable,20.796019900497516,False,3.4961930179162977
random_2026-07-15T13:05:00+03:00,WEIGHTED_MEAN,22,Favorable,24.931800103756785,False,0.6395871853429718
random_2026-07-15T13:05:00+03:00,WEIGHTED_MEAN,23,Acceptable,34.07226084335866,True,9.78004792494485
random_2026-07-15T13:05:00+03:00,WEIGHTED_MEAN,24,Favorable,20.796019900497512,False,3.496193017916301
random_2026-07-15T13:05:00+03:00,WEIGHTED_MEAN,25,Favorable,18.601623561468298,False,5.690589356945516
random_2026-07-15T13:05:00+03:00,WEIGHTED_MEAN,26,Favorable,23.494034794436544,False,0.7981781239772694
random_2026-07-15T13:05:00+03:00,WEIGHTED_MEAN,27,Acceptable,26.082207335561474,True,1.7899944171476605
random_2026-07-15T13:05:00+03:00,WEIGHTED_MEAN,28,Acceptable,26.144102675931183,True,1.8518897575173696
random_2026-07-15T13:05:00+03:00,WEIGHTED_MEAN,29,Acceptable,27.341033485142272,True,3.048820566728459
random_2026-07-17T14:10:00+03:00,CRISP_CLASS_MAX,0,Critical,87.5,False,0.0
random_2026-07-17T14:10:00+03:00,CRISP_CLASS_MAX,1,Degraded,62.5,True,25.0
random_2026-07-17T14:10:00+03:00,CRISP_CLASS_MAX,2,Critical,87.5,False,0.0
random_2026-07-17T14:10:00+03:00,CRISP_CLASS_MAX,3,Critical,87.5,False,0.0
random_2026-07-17T14:10:00+03:00,CRISP_CLASS_MAX,4,Critical,87.5,False,0.0
random_2026-07-17T14:10:00+03:00,CRISP_CLASS_MAX,5,Critical,87.5,False,0.0
random_2026-07-17T14:10:00+03:00,CRISP_CLASS_MAX,6,Critical,87.5,False,0.0
random_2026-07-17T14:10:00+03:00,CRISP_CLASS_MAX,7,Critical,87.5,False,0.0
random_2026-07-17T14:10:00+03:00,CRISP_CLASS_MAX,8,Critical,87.5,False,0.0
random_2026-07-17T14:10:00+03:00,CRISP_CLASS_MAX,9,Degraded,62.5,True,25.0
random_2026-07-17T14:10:00+03:00,CRISP_CLASS_MAX,10,Critical,87.5,False,0.0
random_2026-07-17T14:10:00+03:00,CRISP_CLASS_MAX,11,Critical,87.5,False,0.0
random_2026-07-17T14:10:00+03:00,CRISP_CLASS_MAX,12,Critical,87.5,False,0.0
random_2026-07-17T14:10:00+03:00,CRISP_CLASS_MAX,13,Critical,87.5,False,0.0
random_2026-07-17T14:10:00+03:00,CRISP_CLASS_MAX,14,Critical,87.5,False,0.0
random_2026-07-17T14:10:00+03:00,CRISP_CLASS_MAX,15,Critical,87.5,False,0.0
random_2026-07-17T14:10:00+03:00,CRISP_CLASS_MAX,16,Critical,87.5,False,0.0
random_2026-07-17T14:10:00+03:00,CRISP_CLASS_MAX,17,Critical,87.5,False,0.0
random_2026-07-17T14:10:00+03:00,CRISP_CLASS_MAX,18,Critical,87.5,False,0.0
random_2026-07-17T14:10:00+03:00,CRISP_CLASS_MAX,19,Critical,87.5,False,0.0
random_2026-07-17T14:10:00+03:00,CRISP_CLASS_MAX,20,Critical,87.5,False,0.0
random_2026-07-17T14:10:00+03:00,CRISP_CLASS_MAX,21,Degraded,62.5,True,25.0
random_2026-07-17T14:10:00+03:00,CRISP_CLASS_MAX,22,Critical,87.5,False,0.0
random_2026-07-17T14:10:00+03:00,CRISP_CLASS_MAX,23,Degraded,62.5,True,25.0
random_2026-07-17T14:10:00+03:00,CRISP_CLASS_MAX,24,Critical,87.5,False,0.0
random_2026-07-17T14:10:00+03:00,CRISP_CLASS_MAX,25,Critical,87.5,False,0.0
random_2026-07-17T14:10:00+03:00,CRISP_CLASS_MAX,26,Critical,87.5,False,0.0
random_2026-07-17T14:10:00+03:00,CRISP_CLASS_MAX,27,Critical,87.5,False,0.0
random_2026-07-17T14:10:00+03:00,CRISP_CLASS_MAX,28,Critical,87.5,False,0.0
random_2026-07-17T14:10:00+03:00,CRISP_CLASS_MAX,29,Critical,87.5,False,0.0
random_2026-07-17T14:10:00+03:00,FUZZY_COMPONENT_MAX,0,Critical,87.55597014925372,False,0.0
random_2026-07-17T14:10:00+03:00,FUZZY_COMPONENT_MAX,1,Degraded,69.76351156513333,True,17.792458584120396
random_2026-07-17T14:10:00+03:00,FUZZY_COMPONENT_MAX,2,Critical,79.28901141450119,False,8.266958734752535
random_2026-07-17T14:10:00+03:00,FUZZY_COMPONENT_MAX,3,Critical,87.55597014925372,False,0.0
random_2026-07-17T14:10:00+03:00,FUZZY_COMPONENT_MAX,4,Critical,87.55597014925372,False,0.0
random_2026-07-17T14:10:00+03:00,FUZZY_COMPONENT_MAX,5,Critical,79.7047793571442,False,7.85119079210952
random_2026-07-17T14:10:00+03:00,FUZZY_COMPONENT_MAX,6,Critical,76.31445521249385,False,11.24151493675987
random_2026-07-17T14:10:00+03:00,FUZZY_COMPONENT_MAX,7,Critical,87.55597014925372,False,0.0
random_2026-07-17T14:10:00+03:00,FUZZY_COMPONENT_MAX,8,Critical,87.55597014925372,False,0.0
random_2026-07-17T14:10:00+03:00,FUZZY_COMPONENT_MAX,9,Degraded,73.1413758767066,True,14.41459427254712
random_2026-07-17T14:10:00+03:00,FUZZY_COMPONENT_MAX,10,Critical,87.55597014925372,False,0.0
random_2026-07-17T14:10:00+03:00,FUZZY_COMPONENT_MAX,11,Critical,87.55597014925372,False,0.0
random_2026-07-17T14:10:00+03:00,FUZZY_COMPONENT_MAX,12,Critical,87.55597014925372,False,0.0
random_2026-07-17T14:10:00+03:00,FUZZY_COMPONENT_MAX,13,Critical,79.67852803847701,False,7.8774421107767125
random_2026-07-17T14:10:00+03:00,FUZZY_COMPONENT_MAX,14,Critical,87.55597014925372,False,0.0
random_2026-07-17T14:10:00+03:00,FUZZY_COMPONENT_MAX,15,Critical,87.55597014925372,False,0.0
random_2026-07-17T14:10:00+03:00,FUZZY_COMPONENT_MAX,16,Critical,87.55597014925372,False,0.0
random_2026-07-17T14:10:00+03:00,FUZZY_COMPONENT_MAX,17,Critical,87.55597014925372,False,0.0
random_2026-07-17T14:10:00+03:00,FUZZY_COMPONENT_MAX,18,Critical,87.55597014925372,False,0.0
random_2026-07-17T14:10:00+03:00,FUZZY_COMPONENT_MAX,19,Critical,82.90449380420135,False,4.651476345052373
random_2026-07-17T14:10:00+03:00,FUZZY_COMPONENT_MAX,20,Critical,87.55597014925372,False,0.0
random_2026-07-17T14:10:00+03:00,FUZZY_COMPONENT_MAX,21,Degraded,72.28905731253843,True,15.266912836715292
random_2026-07-17T14:10:00+03:00,FUZZY_COMPONENT_MAX,22,Critical,80.81558481272153,False,6.740385336532199
random_2026-07-17T14:10:00+03:00,FUZZY_COMPONENT_MAX,23,Degraded,73.91862353015954,True,13.637346619094188
random_2026-07-17T14:10:00+03:00,FUZZY_COMPONENT_MAX,24,Critical,87.55597014925372,False,0.0
random_2026-07-17T14:10:00+03:00,FUZZY_COMPONENT_MAX,25,Critical,87.55597014925372,False,0.0
random_2026-07-17T14:10:00+03:00,FUZZY_COMPONENT_MAX,26,Critical,87.55597014925372,False,0.0
random_2026-07-17T14:10:00+03:00,FUZZY_COMPONENT_MAX,27,Critical,87.55597014925372,False,0.0
random_2026-07-17T14:10:00+03:00,FUZZY_COMPONENT_MAX,28,Critical,87.00381805331183,False,0.5521520959418922
random_2026-07-17T14:10:00+03:00,FUZZY_COMPONENT_MAX,29,Critical,87.55597014925372,False,0.0
random_2026-07-17T14:10:00+03:00,PROPOSED_HFIS,0,Critical,87.55597014925372,False,0.0
random_2026-07-17T14:10:00+03:00,PROPOSED_HFIS,1,Degraded,69.76351156513333,True,17.792458584120396
random_2026-07-17T14:10:00+03:00,PROPOSED_HFIS,2,Critical,78.93900177401522,False,8.6169683752385
random_2026-07-17T14:10:00+03:00,PROPOSED_HFIS,3,Critical,87.31866708019717,False,0.2373030690565514
random_2026-07-17T14:10:00+03:00,PROPOSED_HFIS,4,Critical,87.55597014925372,False,0.0
random_2026-07-17T14:10:00+03:00,PROPOSED_HFIS,5,Critical,78.97120038902413,False,8.584769760229591
random_2026-07-17T14:10:00+03:00,PROPOSED_HFIS,6,Critical,76.31445521249385,False,11.24151493675987
random_2026-07-17T14:10:00+03:00,PROPOSED_HFIS,7,Critical,87.55597014925372,False,0.0
random_2026-07-17T14:10:00+03:00,PROPOSED_HFIS,8,Critical,87.55597014925372,False,0.0
random_2026-07-17T14:10:00+03:00,PROPOSED_HFIS,9,Degraded,73.25568522031506,True,14.300284928938666
random_2026-07-17T14:10:00+03:00,PROPOSED_HFIS,10,Critical,87.55597014925372,False,0.0
random_2026-07-17T14:10:00+03:00,PROPOSED_HFIS,11,Critical,87.55597014925372,False,0.0
random_2026-07-17T14:10:00+03:00,PROPOSED_HFIS,12,Critical,87.33975118194883,False,0.2162189673048971
random_2026-07-17T14:10:00+03:00,PROPOSED_HFIS,13,Critical,79.67852803847701,False,7.8774421107767125
random_2026-07-17T14:10:00+03:00,PROPOSED_HFIS,14,Critical,87.38591003699828,False,0.1700601122554417
random_2026-07-17T14:10:00+03:00,PROPOSED_HFIS,15,Critical,87.55597014925372,False,0.0
random_2026-07-17T14:10:00+03:00,PROPOSED_HFIS,16,Critical,87.55597014925372,False,0.0
random_2026-07-17T14:10:00+03:00,PROPOSED_HFIS,17,Critical,87.55597014925372,False,0.0
random_2026-07-17T14:10:00+03:00,PROPOSED_HFIS,18,Critical,87.54038603479904,False,0.015584114454682663
random_2026-07-17T14:10:00+03:00,PROPOSED_HFIS,19,Critical,82.90449380420135,False,4.651476345052373
random_2026-07-17T14:10:00+03:00,PROPOSED_HFIS,20,Critical,87.5277470929315,False,0.028223056322218554
random_2026-07-17T14:10:00+03:00,PROPOSED_HFIS,21,Degraded,72.28905731253843,True,15.266912836715292
random_2026-07-17T14:10:00+03:00,PROPOSED_HFIS,22,Critical,80.81558481272153,False,6.740385336532199
random_2026-07-17T14:10:00+03:00,PROPOSED_HFIS,23,Degraded,73.91862353015954,True,13.637346619094188
random_2026-07-17T14:10:00+03:00,PROPOSED_HFIS,24,Critical,87.55597014925372,False,0.0
random_2026-07-17T14:10:00+03:00,PROPOSED_HFIS,25,Critical,87.55597014925372,False,0.0
random_2026-07-17T14:10:00+03:00,PROPOSED_HFIS,26,Critical,87.55597014925372,False,0.0
random_2026-07-17T14:10:00+03:00,PROPOSED_HFIS,27,Critical,87.55597014925372,False,0.0
random_2026-07-17T14:10:00+03:00,PROPOSED_HFIS,28,Critical,87.00381805331183,False,0.5521520959418922
random_2026-07-17T14:10:00+03:00,PROPOSED_HFIS,29,Critical,87.55597014925372,False,0.0
random_2026-07-17T14:10:00+03:00,WEIGHTED_MEAN,0,Acceptable,37.481343283582085,False,0.0
random_2026-07-17T14:10:00+03:00,WEIGHTED_MEAN,1,Acceptable,31.550523755541956,False,5.930819528040129
random_2026-07-17T14:10:00+03:00,WEIGHTED_MEAN,2,Acceptable,37.8228126449907,False,0.3414693614086133
random_2026-07-17T14:10:00+03:00,WEIGHTED_MEAN,3,Acceptable,41.62245567256668,False,4.141112388984595
random_2026-07-17T14:10:00+03:00,WEIGHTED_MEAN,4,Acceptable,37.481343283582085,False,0.0
random_2026-07-17T14:10:00+03:00,WEIGHTED_MEAN,5,Acceptable,40.01809119902784,False,2.5367479154457584
random_2026-07-17T14:10:00+03:00,WEIGHTED_MEAN,6,Acceptable,33.734171637995466,False,3.7471716455866186
random_2026-07-17T14:10:00+03:00,WEIGHTED_MEAN,7,Acceptable,37.481343283582085,False,0.0
random_2026-07-17T14:10:00+03:00,WEIGHTED_MEAN,8,Acceptable,37.481343283582085,False,0.0
random_2026-07-17T14:10:00+03:00,WEIGHTED_MEAN,9,Acceptable,36.45291879057828,False,1.0284244930038042
random_2026-07-17T14:10:00+03:00,WEIGHTED_MEAN,10,Acceptable,37.481343283582085,False,0.0
random_2026-07-17T14:10:00+03:00,WEIGHTED_MEAN,11,Acceptable,37.481343283582085,False,0.0
random_2026-07-17T14:10:00+03:00,WEIGHTED_MEAN,12,Acceptable,41.2996509155689,False,3.818307631986812
random_2026-07-17T14:10:00+03:00,WEIGHTED_MEAN,13,Acceptable,35.45403589840718,False,2.0273073851749075
random_2026-07-17T14:10:00+03:00,WEIGHTED_MEAN,14,Acceptable,40.4916936075631,False,3.010350323981015
random_2026-07-17T14:10:00+03:00,WEIGHTED_MEAN,15,Acceptable,37.481343283582085,False,0.0
random_2026-07-17T14:10:00+03:00,WEIGHTED_MEAN,16,Acceptable,37.481343283582085,False,0.0
random_2026-07-17T14:10:00+03:00,WEIGHTED_MEAN,17,Acceptable,37.481343283582085,False,0.0
random_2026-07-17T14:10:00+03:00,WEIGHTED_MEAN,18,Acceptable,37.78818457412506,False,0.3068412905429767
random_2026-07-17T14:10:00+03:00,WEIGHTED_MEAN,19,Acceptable,35.93085116856463,False,1.5504921150174553
random_2026-07-17T14:10:00+03:00,WEIGHTED_MEAN,20,Acceptable,38.02173353413171,False,0.5403902505496276
random_2026-07-17T14:10:00+03:00,WEIGHTED_MEAN,21,Acceptable,32.392372338010325,False,5.088970945571759
random_2026-07-17T14:10:00+03:00,WEIGHTED_MEAN,22,Acceptable,35.23454817140469,False,2.246795112177395
random_2026-07-17T14:10:00+03:00,WEIGHTED_MEAN,23,Acceptable,32.93556107721736,False,4.545782206364727
random_2026-07-17T14:10:00+03:00,WEIGHTED_MEAN,24,Acceptable,37.481343283582085,False,0.0
random_2026-07-17T14:10:00+03:00,WEIGHTED_MEAN,25,Acceptable,37.481343283582085,False,0.0
random_2026-07-17T14:10:00+03:00,WEIGHTED_MEAN,26,Acceptable,37.481343283582085,False,0.0
random_2026-07-17T14:10:00+03:00,WEIGHTED_MEAN,27,Acceptable,37.481343283582085,False,0.0
random_2026-07-17T14:10:00+03:00,WEIGHTED_MEAN,28,Acceptable,37.29729258493479,False,0.1840506986472974
random_2026-07-17T14:10:00+03:00,WEIGHTED_MEAN,29,Acceptable,37.481343283582085,False,0.0
random_2026-07-18T15:05:00+03:00,CRISP_CLASS_MAX,0,Critical,87.5,False,0.0
random_2026-07-18T15:05:00+03:00,CRISP_CLASS_MAX,1,Critical,87.5,False,0.0
random_2026-07-18T15:05:00+03:00,CRISP_CLASS_MAX,2,Critical,87.5,False,0.0
random_2026-07-18T15:05:00+03:00,CRISP_CLASS_MAX,3,Critical,87.5,False,0.0
random_2026-07-18T15:05:00+03:00,CRISP_CLASS_MAX,4,Critical,87.5,False,0.0
random_2026-07-18T15:05:00+03:00,CRISP_CLASS_MAX,5,Critical,87.5,False,0.0
random_2026-07-18T15:05:00+03:00,CRISP_CLASS_MAX,6,Critical,87.5,False,0.0
random_2026-07-18T15:05:00+03:00,CRISP_CLASS_MAX,7,Critical,87.5,False,0.0
random_2026-07-18T15:05:00+03:00,CRISP_CLASS_MAX,8,Critical,87.5,False,0.0
random_2026-07-18T15:05:00+03:00,CRISP_CLASS_MAX,9,Critical,87.5,False,0.0
random_2026-07-18T15:05:00+03:00,CRISP_CLASS_MAX,10,Critical,87.5,False,0.0
random_2026-07-18T15:05:00+03:00,CRISP_CLASS_MAX,11,Critical,87.5,False,0.0
random_2026-07-18T15:05:00+03:00,CRISP_CLASS_MAX,12,Critical,87.5,False,0.0
random_2026-07-18T15:05:00+03:00,CRISP_CLASS_MAX,13,Critical,87.5,False,0.0
random_2026-07-18T15:05:00+03:00,CRISP_CLASS_MAX,14,Critical,87.5,False,0.0
random_2026-07-18T15:05:00+03:00,CRISP_CLASS_MAX,15,Critical,87.5,False,0.0
random_2026-07-18T15:05:00+03:00,CRISP_CLASS_MAX,16,Critical,87.5,False,0.0
random_2026-07-18T15:05:00+03:00,CRISP_CLASS_MAX,17,Critical,87.5,False,0.0
random_2026-07-18T15:05:00+03:00,CRISP_CLASS_MAX,18,Critical,87.5,False,0.0
random_2026-07-18T15:05:00+03:00,CRISP_CLASS_MAX,19,Critical,87.5,False,0.0
random_2026-07-18T15:05:00+03:00,CRISP_CLASS_MAX,20,Critical,87.5,False,0.0
random_2026-07-18T15:05:00+03:00,CRISP_CLASS_MAX,21,Critical,87.5,False,0.0
random_2026-07-18T15:05:00+03:00,CRISP_CLASS_MAX,22,Critical,87.5,False,0.0
random_2026-07-18T15:05:00+03:00,CRISP_CLASS_MAX,23,Critical,87.5,False,0.0
random_2026-07-18T15:05:00+03:00,CRISP_CLASS_MAX,24,Critical,87.5,False,0.0
random_2026-07-18T15:05:00+03:00,CRISP_CLASS_MAX,25,Critical,87.5,False,0.0
random_2026-07-18T15:05:00+03:00,CRISP_CLASS_MAX,26,Critical,87.5,False,0.0
random_2026-07-18T15:05:00+03:00,CRISP_CLASS_MAX,27,Critical,87.5,False,0.0
random_2026-07-18T15:05:00+03:00,CRISP_CLASS_MAX,28,Critical,87.5,False,0.0
random_2026-07-18T15:05:00+03:00,CRISP_CLASS_MAX,29,Critical,87.5,False,0.0
random_2026-07-18T15:05:00+03:00,FUZZY_COMPONENT_MAX,0,Critical,87.33266816632718,False,0.22330198292654302
random_2026-07-18T15:05:00+03:00,FUZZY_COMPONENT_MAX,1,Critical,87.55597014925372,False,0.0
random_2026-07-18T15:05:00+03:00,FUZZY_COMPONENT_MAX,2,Critical,87.55597014925372,False,0.0
random_2026-07-18T15:05:00+03:00,FUZZY_COMPONENT_MAX,3,Critical,87.55597014925372,False,0.0
random_2026-07-18T15:05:00+03:00,FUZZY_COMPONENT_MAX,4,Critical,87.43895495302388,False,0.11701519622984335
random_2026-07-18T15:05:00+03:00,FUZZY_COMPONENT_MAX,5,Critical,86.48564673078867,False,1.0703234184650512
random_2026-07-18T15:05:00+03:00,FUZZY_COMPONENT_MAX,6,Critical,87.55597014925372,False,0.0
random_2026-07-18T15:05:00+03:00,FUZZY_COMPONENT_MAX,7,Critical,87.55597014925372,False,0.0
random_2026-07-18T15:05:00+03:00,FUZZY_COMPONENT_MAX,8,Critical,87.55597014925372,False,0.0
random_2026-07-18T15:05:00+03:00,FUZZY_COMPONENT_MAX,9,Critical,87.55597014925372,False,0.0
random_2026-07-18T15:05:00+03:00,FUZZY_COMPONENT_MAX,10,Critical,87.5465913744046,False,0.009378774849125193
random_2026-07-18T15:05:00+03:00,FUZZY_COMPONENT_MAX,11,Critical,87.55597014925372,False,0.0
random_2026-07-18T15:05:00+03:00,FUZZY_COMPONENT_MAX,12,Critical,87.55597014925372,False,0.0
random_2026-07-18T15:05:00+03:00,FUZZY_COMPONENT_MAX,13,Critical,87.32676010344113,False,0.22921004581259297
random_2026-07-18T15:05:00+03:00,FUZZY_COMPONENT_MAX,14,Critical,87.55597014925372,False,0.0
random_2026-07-18T15:05:00+03:00,FUZZY_COMPONENT_MAX,15,Critical,87.55597014925372,False,0.0
random_2026-07-18T15:05:00+03:00,FUZZY_COMPONENT_MAX,16,Critical,87.32361123021583,False,0.23235891903789252
random_2026-07-18T15:05:00+03:00,FUZZY_COMPONENT_MAX,17,Critical,87.55597014925372,False,0.0
random_2026-07-18T15:05:00+03:00,FUZZY_COMPONENT_MAX,18,Critical,87.53451318734825,False,0.021456961905471417
random_2026-07-18T15:05:00+03:00,FUZZY_COMPONENT_MAX,19,Critical,87.55597014925372,False,0.0
random_2026-07-18T15:05:00+03:00,FUZZY_COMPONENT_MAX,20,Critical,87.4128679105076,False,0.14310223874612404
random_2026-07-18T15:05:00+03:00,FUZZY_COMPONENT_MAX,21,Critical,87.55597014925372,False,0.0
random_2026-07-18T15:05:00+03:00,FUZZY_COMPONENT_MAX,22,Critical,87.55597014925372,False,0.0
random_2026-07-18T15:05:00+03:00,FUZZY_COMPONENT_MAX,23,Critical,87.3259162303415,False,0.23005391891221905
random_2026-07-18T15:05:00+03:00,FUZZY_COMPONENT_MAX,24,Critical,87.55597014925372,False,0.0
random_2026-07-18T15:05:00+03:00,FUZZY_COMPONENT_MAX,25,Critical,87.55597014925372,False,0.0
random_2026-07-18T15:05:00+03:00,FUZZY_COMPONENT_MAX,26,Critical,87.44744202593826,False,0.10852812331546602
random_2026-07-18T15:05:00+03:00,FUZZY_COMPONENT_MAX,27,Critical,87.55597014925372,False,0.0
random_2026-07-18T15:05:00+03:00,FUZZY_COMPONENT_MAX,28,Critical,87.53468460905444,False,0.021285540199286856
random_2026-07-18T15:05:00+03:00,FUZZY_COMPONENT_MAX,29,Critical,87.55597014925372,False,0.0
random_2026-07-18T15:05:00+03:00,PROPOSED_HFIS,0,Critical,87.33266816632718,False,0.22330198292654302
random_2026-07-18T15:05:00+03:00,PROPOSED_HFIS,1,Critical,87.4420365719551,False,0.1139335772986243
random_2026-07-18T15:05:00+03:00,PROPOSED_HFIS,2,Critical,87.55597014925372,False,0.0
random_2026-07-18T15:05:00+03:00,PROPOSED_HFIS,3,Critical,87.55597014925372,False,0.0
random_2026-07-18T15:05:00+03:00,PROPOSED_HFIS,4,Critical,87.30285621427089,False,0.2531139349828351
random_2026-07-18T15:05:00+03:00,PROPOSED_HFIS,5,Critical,86.46757003070812,False,1.0884001185456071
random_2026-07-18T15:05:00+03:00,PROPOSED_HFIS,6,Critical,87.36598949241454,False,0.18998065683918242
random_2026-07-18T15:05:00+03:00,PROPOSED_HFIS,7,Critical,87.55597014925372,False,0.0
random_2026-07-18T15:05:00+03:00,PROPOSED_HFIS,8,Critical,87.55597014925372,False,0.0
random_2026-07-18T15:05:00+03:00,PROPOSED_HFIS,9,Critical,87.55597014925372,False,0.0
random_2026-07-18T15:05:00+03:00,PROPOSED_HFIS,10,Critical,87.5465913744046,False,0.009378774849125193
random_2026-07-18T15:05:00+03:00,PROPOSED_HFIS,11,Critical,87.55597014925372,False,0.0
random_2026-07-18T15:05:00+03:00,PROPOSED_HFIS,12,Critical,87.41149366231376,False,0.14447648693996484
random_2026-07-18T15:05:00+03:00,PROPOSED_HFIS,13,Critical,87.32676010344113,False,0.22921004581259297
random_2026-07-18T15:05:00+03:00,PROPOSED_HFIS,14,Critical,87.32566199697224,False,0.23030815228148072
random_2026-07-18T15:05:00+03:00,PROPOSED_HFIS,15,Critical,87.55597014925372,False,0.0
random_2026-07-18T15:05:00+03:00,PROPOSED_HFIS,16,Critical,87.32361123021583,False,0.23235891903789252
random_2026-07-18T15:05:00+03:00,PROPOSED_HFIS,17,Critical,87.55597014925372,False,0.0
random_2026-07-18T15:05:00+03:00,PROPOSED_HFIS,18,Critical,87.53451318734825,False,0.021456961905471417
random_2026-07-18T15:05:00+03:00,PROPOSED_HFIS,19,Critical,87.37406097660674,False,0.18190917264698214
random_2026-07-18T15:05:00+03:00,PROPOSED_HFIS,20,Critical,87.3718754760064,False,0.18409467324732987
random_2026-07-18T15:05:00+03:00,PROPOSED_HFIS,21,Critical,87.55597014925372,False,0.0
random_2026-07-18T15:05:00+03:00,PROPOSED_HFIS,22,Critical,87.55597014925372,False,0.0
random_2026-07-18T15:05:00+03:00,PROPOSED_HFIS,23,Critical,87.3259162303415,False,0.23005391891221905
random_2026-07-18T15:05:00+03:00,PROPOSED_HFIS,24,Critical,87.3525819187204,False,0.20338823053332078
random_2026-07-18T15:05:00+03:00,PROPOSED_HFIS,25,Critical,87.55597014925372,False,0.0
random_2026-07-18T15:05:00+03:00,PROPOSED_HFIS,26,Critical,87.44744202593826,False,0.10852812331546602
random_2026-07-18T15:05:00+03:00,PROPOSED_HFIS,27,Critical,87.55597014925372,False,0.0
random_2026-07-18T15:05:00+03:00,PROPOSED_HFIS,28,Critical,87.40676721171592,False,0.1492029375378081
random_2026-07-18T15:05:00+03:00,PROPOSED_HFIS,29,Critical,87.55597014925372,False,0.0
random_2026-07-18T15:05:00+03:00,WEIGHTED_MEAN,0,Acceptable,37.40690928927324,False,0.07443399430884767
random_2026-07-18T15:05:00+03:00,WEIGHTED_MEAN,1,Acceptable,39.51417824811765,False,2.0328349645355672
random_2026-07-18T15:05:00+03:00,WEIGHTED_MEAN,2,Acceptable,37.481343283582085,False,0.0
random_2026-07-18T15:05:00+03:00,WEIGHTED_MEAN,3,Acceptable,37.481343283582085,False,0.0
random_2026-07-18T15:05:00+03:00,WEIGHTED_MEAN,4,Acceptable,42.11021885552508,False,4.628875571942999
random_2026-07-18T15:05:00+03:00,WEIGHTED_MEAN,5,Acceptable,43.7010476239983,False,6.2197043404162144
random_2026-07-18T15:05:00+03:00,WEIGHTED_MEAN,6,Acceptable,42.62638242433922,False,5.1450391407571345
random_2026-07-18T15:05:00+03:00,WEIGHTED_MEAN,7,Acceptable,37.481343283582085,False,0.0
random_2026-07-18T15:05:00+03:00,WEIGHTED_MEAN,8,Acceptable,37.481343283582085,False,0.0
random_2026-07-18T15:05:00+03:00,WEIGHTED_MEAN,9,Acceptable,37.481343283582085,False,0.0
random_2026-07-18T15:05:00+03:00,WEIGHTED_MEAN,10,Acceptable,37.478217025299045,False,0.0031262582830393626
random_2026-07-18T15:05:00+03:00,WEIGHTED_MEAN,11,Acceptable,37.481343283582085,False,0.0
random_2026-07-18T15:05:00+03:00,WEIGHTED_MEAN,12,Acceptable,43.36640478433015,False,5.8850615007480656
random_2026-07-18T15:05:00+03:00,WEIGHTED_MEAN,13,Acceptable,37.518794558371745,False,0.03745127478966026
random_2026-07-18T15:05:00+03:00,WEIGHTED_MEAN,14,Acceptable,41.93644338080667,False,4.455100097224587
random_2026-07-18T15:05:00+03:00,WEIGHTED_MEAN,15,Acceptable,37.481343283582085,False,0.0
random_2026-07-18T15:05:00+03:00,WEIGHTED_MEAN,16,Acceptable,40.657632731978595,False,3.17628944839651
random_2026-07-18T15:05:00+03:00,WEIGHTED_MEAN,17,Acceptable,37.481343283582085,False,0.0
random_2026-07-18T15:05:00+03:00,WEIGHTED_MEAN,18,Acceptable,37.47419096294693,False,0.007152320635157139
random_2026-07-18T15:05:00+03:00,WEIGHTED_MEAN,19,Acceptable,42.78076285484304,False,5.299419571260955
random_2026-07-18T15:05:00+03:00,WEIGHTED_MEAN,20,Acceptable,42.69788201875044,False,5.216538735168356
random_2026-07-18T15:05:00+03:00,WEIGHTED_MEAN,21,Acceptable,37.481343283582085,False,0.0
random_2026-07-18T15:05:00+03:00,WEIGHTED_MEAN,22,Acceptable,37.481343283582085,False,0.0
random_2026-07-18T15:05:00+03:00,WEIGHTED_MEAN,23,Acceptable,37.40465864394468,False,0.07668463963740635
random_2026-07-18T15:05:00+03:00,WEIGHTED_MEAN,24,Acceptable,42.374200707804434,False,4.892857424222349
random_2026-07-18T15:05:00+03:00,WEIGHTED_MEAN,25,Acceptable,37.481343283582085,False,0.0
random_2026-07-18T15:05:00+03:00,WEIGHTED_MEAN,26,Acceptable,37.445167242476934,False,0.0361760411051506
random_2026-07-18T15:05:00+03:00,WEIGHTED_MEAN,27,Acceptable,37.481343283582085,False,0.0
random_2026-07-18T15:05:00+03:00,WEIGHTED_MEAN,28,Acceptable,43.27821826994934,False,5.796874986367257
random_2026-07-18T15:05:00+03:00,WEIGHTED_MEAN,29,Acceptable,37.481343283582085,False,0.0
random_2026-07-19T12:15:00+03:00,CRISP_CLASS_MAX,0,Degraded,62.5,True,25.0
random_2026-07-19T12:15:00+03:00,CRISP_CLASS_MAX,1,Degraded,62.5,True,25.0
random_2026-07-19T12:15:00+03:00,CRISP_CLASS_MAX,2,Critical,87.5,False,0.0
random_2026-07-19T12:15:00+03:00,CRISP_CLASS_MAX,3,Degraded,62.5,True,25.0
random_2026-07-19T12:15:00+03:00,CRISP_CLASS_MAX,4,Critical,87.5,False,0.0
random_2026-07-19T12:15:00+03:00,CRISP_CLASS_MAX,5,Critical,87.5,False,0.0
random_2026-07-19T12:15:00+03:00,CRISP_CLASS_MAX,6,Critical,87.5,False,0.0
random_2026-07-19T12:15:00+03:00,CRISP_CLASS_MAX,7,Degraded,62.5,True,25.0
random_2026-07-19T12:15:00+03:00,CRISP_CLASS_MAX,8,Critical,87.5,False,0.0
random_2026-07-19T12:15:00+03:00,CRISP_CLASS_MAX,9,Degraded,62.5,True,25.0
random_2026-07-19T12:15:00+03:00,CRISP_CLASS_MAX,10,Critical,87.5,False,0.0
random_2026-07-19T12:15:00+03:00,CRISP_CLASS_MAX,11,Degraded,62.5,True,25.0
random_2026-07-19T12:15:00+03:00,CRISP_CLASS_MAX,12,Critical,87.5,False,0.0
random_2026-07-19T12:15:00+03:00,CRISP_CLASS_MAX,13,Degraded,62.5,True,25.0
random_2026-07-19T12:15:00+03:00,CRISP_CLASS_MAX,14,Critical,87.5,False,0.0
random_2026-07-19T12:15:00+03:00,CRISP_CLASS_MAX,15,Degraded,62.5,True,25.0
random_2026-07-19T12:15:00+03:00,CRISP_CLASS_MAX,16,Degraded,62.5,True,25.0
random_2026-07-19T12:15:00+03:00,CRISP_CLASS_MAX,17,Degraded,62.5,True,25.0
random_2026-07-19T12:15:00+03:00,CRISP_CLASS_MAX,18,Degraded,62.5,True,25.0
random_2026-07-19T12:15:00+03:00,CRISP_CLASS_MAX,19,Critical,87.5,False,0.0
random_2026-07-19T12:15:00+03:00,CRISP_CLASS_MAX,20,Degraded,62.5,True,25.0
random_2026-07-19T12:15:00+03:00,CRISP_CLASS_MAX,21,Critical,87.5,False,0.0
random_2026-07-19T12:15:00+03:00,CRISP_CLASS_MAX,22,Critical,87.5,False,0.0
random_2026-07-19T12:15:00+03:00,CRISP_CLASS_MAX,23,Critical,87.5,False,0.0
random_2026-07-19T12:15:00+03:00,CRISP_CLASS_MAX,24,Degraded,62.5,True,25.0
random_2026-07-19T12:15:00+03:00,CRISP_CLASS_MAX,25,Critical,87.5,False,0.0
random_2026-07-19T12:15:00+03:00,CRISP_CLASS_MAX,26,Critical,87.5,False,0.0
random_2026-07-19T12:15:00+03:00,CRISP_CLASS_MAX,27,Critical,87.5,False,0.0
random_2026-07-19T12:15:00+03:00,CRISP_CLASS_MAX,28,Degraded,62.5,True,25.0
random_2026-07-19T12:15:00+03:00,CRISP_CLASS_MAX,29,Critical,87.5,False,0.0
random_2026-07-19T12:15:00+03:00,FUZZY_COMPONENT_MAX,0,Degraded,63.06454264688761,True,14.390642538297264
random_2026-07-19T12:15:00+03:00,FUZZY_COMPONENT_MAX,1,Degraded,70.78129196355363,True,6.673893221631246
random_2026-07-19T12:15:00+03:00,FUZZY_COMPONENT_MAX,2,Critical,84.8757730967741,False,7.420587911589223
random_2026-07-19T12:15:00+03:00,FUZZY_COMPONENT_MAX,3,Degraded,62.5,True,14.955185185184874
random_2026-07-19T12:15:00+03:00,FUZZY_COMPONENT_MAX,4,Critical,85.79887724586148,False,8.343692060676602
random_2026-07-19T12:15:00+03:00,FUZZY_COMPONENT_MAX,5,Critical,87.55597014925372,False,10.10078496406885
random_2026-07-19T12:15:00+03:00,FUZZY_COMPONENT_MAX,6,Critical,84.97440954169645,False,7.519224356511572
random_2026-07-19T12:15:00+03:00,FUZZY_COMPONENT_MAX,7,Degraded,68.97324738950591,True,8.48193779567896
random_2026-07-19T12:15:00+03:00,FUZZY_COMPONENT_MAX,8,Critical,87.55597014925372,False,10.10078496406885
random_2026-07-19T12:15:00+03:00,FUZZY_COMPONENT_MAX,9,Degraded,62.5,True,14.955185185184874
random_2026-07-19T12:15:00+03:00,FUZZY_COMPONENT_MAX,10,Critical,76.57465260138734,False,0.8805325837975317
random_2026-07-19T12:15:00+03:00,FUZZY_COMPONENT_MAX,11,Degraded,62.5,True,14.955185185184874
random_2026-07-19T12:15:00+03:00,FUZZY_COMPONENT_MAX,12,Critical,85.51494046543809,False,8.059755280253214
random_2026-07-19T12:15:00+03:00,FUZZY_COMPONENT_MAX,13,Degraded,65.0740694578897,True,12.381115727295168
random_2026-07-19T12:15:00+03:00,FUZZY_COMPONENT_MAX,14,Critical,86.21950016649238,False,8.764314981307507
random_2026-07-19T12:15:00+03:00,FUZZY_COMPONENT_MAX,15,Degraded,69.27012346724928,True,8.185061717935596
random_2026-07-19T12:15:00+03:00,FUZZY_COMPONENT_MAX,16,Degraded,64.62323272181904,True,12.831952463365838
random_2026-07-19T12:15:00+03:00,FUZZY_COMPONENT_MAX,17,Degraded,62.5,True,14.955185185184874
random_2026-07-19T12:15:00+03:00,FUZZY_COMPONENT_MAX,18,Degraded,73.70049697812648,True,3.7546882070583933
random_2026-07-19T12:15:00+03:00,FUZZY_COMPONENT_MAX,19,Critical,87.55597014925372,False,10.10078496406885
random_2026-07-19T12:15:00+03:00,FUZZY_COMPONENT_MAX,20,Degraded,74.22388482755991,True,3.23130035762496
random_2026-07-19T12:15:00+03:00,FUZZY_COMPONENT_MAX,21,Critical,75.64384541280633,False,1.8113397723785454
random_2026-07-19T12:15:00+03:00,FUZZY_COMPONENT_MAX,22,Critical,77.39640751576455,False,0.05877766942032281
random_2026-07-19T12:15:00+03:00,FUZZY_COMPONENT_MAX,23,Critical,78.54440606256321,False,1.089220877378338
random_2026-07-19T12:15:00+03:00,FUZZY_COMPONENT_MAX,24,Degraded,68.24151792802124,True,9.213667257163635
random_2026-07-19T12:15:00+03:00,FUZZY_COMPONENT_MAX,25,Critical,82.48360963358705,False,5.028424448402177
random_2026-07-19T12:15:00+03:00,FUZZY_COMPONENT_MAX,26,Degraded,74.91437762992733,True,2.540807555257544
random_2026-07-19T12:15:00+03:00,FUZZY_COMPONENT_MAX,27,Critical,87.55597014925372,False,10.10078496406885
random_2026-07-19T12:15:00+03:00,FUZZY_COMPONENT_MAX,28,Degraded,62.5,True,14.955185185184874
random_2026-07-19T12:15:00+03:00,FUZZY_COMPONENT_MAX,29,Critical,87.55597014925372,False,10.10078496406885
random_2026-07-19T12:15:00+03:00,PROPOSED_HFIS,0,Degraded,63.06454264688761,True,14.390642538297264
random_2026-07-19T12:15:00+03:00,PROPOSED_HFIS,1,Degraded,70.78129196355363,True,6.673893221631246
random_2026-07-19T12:15:00+03:00,PROPOSED_HFIS,2,Critical,84.8757730967741,False,7.420587911589223
random_2026-07-19T12:15:00+03:00,PROPOSED_HFIS,3,Degraded,62.5,True,14.955185185184874
random_2026-07-19T12:15:00+03:00,PROPOSED_HFIS,4,Critical,85.79887724586148,False,8.343692060676602
random_2026-07-19T12:15:00+03:00,PROPOSED_HFIS,5,Critical,87.55597014925372,False,10.10078496406885
random_2026-07-19T12:15:00+03:00,PROPOSED_HFIS,6,Critical,84.97440954169645,False,7.519224356511572
random_2026-07-19T12:15:00+03:00,PROPOSED_HFIS,7,Degraded,68.97324738950591,True,8.48193779567896
random_2026-07-19T12:15:00+03:00,PROPOSED_HFIS,8,Critical,87.3522841599141,False,9.897098974729232
random_2026-07-19T12:15:00+03:00,PROPOSED_HFIS,9,Degraded,62.5,True,14.955185185184874
random_2026-07-19T12:15:00+03:00,PROPOSED_HFIS,10,Critical,76.57465260138734,False,0.8805325837975317
random_2026-07-19T12:15:00+03:00,PROPOSED_HFIS,11,Degraded,62.5,True,14.955185185184874
random_2026-07-19T12:15:00+03:00,PROPOSED_HFIS,12,Critical,85.51494046543809,False,8.059755280253214
random_2026-07-19T12:15:00+03:00,PROPOSED_HFIS,13,Degraded,65.72430804827788,True,11.730877136906997
random_2026-07-19T12:15:00+03:00,PROPOSED_HFIS,14,Critical,86.21950016649238,False,8.764314981307507
random_2026-07-19T12:15:00+03:00,PROPOSED_HFIS,15,Degraded,69.27012346724928,True,8.185061717935596
random_2026-07-19T12:15:00+03:00,PROPOSED_HFIS,16,Degraded,64.62323272181904,True,12.831952463365838
random_2026-07-19T12:15:00+03:00,PROPOSED_HFIS,17,Degraded,62.5,True,14.955185185184874
random_2026-07-19T12:15:00+03:00,PROPOSED_HFIS,18,Degraded,73.70049697812648,True,3.7546882070583933
random_2026-07-19T12:15:00+03:00,PROPOSED_HFIS,19,Critical,87.55597014925372,False,10.10078496406885
random_2026-07-19T12:15:00+03:00,PROPOSED_HFIS,20,Degraded,74.22388482755991,True,3.23130035762496
random_2026-07-19T12:15:00+03:00,PROPOSED_HFIS,21,Critical,75.64384541280633,False,1.8113397723785454
random_2026-07-19T12:15:00+03:00,PROPOSED_HFIS,22,Critical,77.39640751576455,False,0.05877766942032281
random_2026-07-19T12:15:00+03:00,PROPOSED_HFIS,23,Critical,78.54440606256321,False,1.089220877378338
random_2026-07-19T12:15:00+03:00,PROPOSED_HFIS,24,Degraded,68.24151792802124,True,9.213667257163635
random_2026-07-19T12:15:00+03:00,PROPOSED_HFIS,25,Critical,82.48360963358705,False,5.028424448402177
random_2026-07-19T12:15:00+03:00,PROPOSED_HFIS,26,Degraded,74.91437762992733,True,2.540807555257544
random_2026-07-19T12:15:00+03:00,PROPOSED_HFIS,27,Critical,87.33823531780514,False,9.88305013262027
random_2026-07-19T12:15:00+03:00,PROPOSED_HFIS,28,Degraded,62.5,True,14.955185185184874
random_2026-07-19T12:15:00+03:00,PROPOSED_HFIS,29,Critical,87.3871310242223,False,9.931945839037425
random_2026-07-19T12:15:00+03:00,WEIGHTED_MEAN,0,Acceptable,29.317534116126712,False,4.796880846099089
random_2026-07-19T12:15:00+03:00,WEIGHTED_MEAN,1,Acceptable,31.88978388834872,False,2.224631073877081
random_2026-07-19T12:15:00+03:00,WEIGHTED_MEAN,2,Acceptable,36.587944266088876,False,2.4735293038630743
random_2026-07-19T12:15:00+03:00,WEIGHTED_MEAN,3,Acceptable,29.129353233830845,False,4.985061728394957
random_2026-07-19T12:15:00+03:00,WEIGHTED_MEAN,4,Acceptable,36.895645649118,False,2.7812306868922008
random_2026-07-19T12:15:00+03:00,WEIGHTED_MEAN,5,Acceptable,37.481343283582085,False,3.3669283213562835
random_2026-07-19T12:15:00+03:00,WEIGHTED_MEAN,6,Acceptable,36.620823081062994,False,2.506408118837193
random_2026-07-19T12:15:00+03:00,WEIGHTED_MEAN,7,Acceptable,31.28710236366615,False,2.827312598559651
random_2026-07-19T12:15:00+03:00,WEIGHTED_MEAN,8,Acceptable,41.084113631840985,False,6.969698669615184
random_2026-07-19T12:15:00+03:00,WEIGHTED_MEAN,9,Acceptable,29.129353233830845,False,4.985061728394957
random_2026-07-19T12:15:00+03:00,WEIGHTED_MEAN,10,Acceptable,39.96358405714417,False,5.849169094918366
random_2026-07-19T12:15:00+03:00,WEIGHTED_MEAN,11,Acceptable,29.129353233830845,False,4.985061728394957
random_2026-07-19T12:15:00+03:00,WEIGHTED_MEAN,12,Acceptable,37.4633069719061,False,3.3488920096802985
random_2026-07-19T12:15:00+03:00,WEIGHTED_MEAN,13,Acceptable,35.74302132960974,False,1.628606367383938
random_2026-07-19T12:15:00+03:00,WEIGHTED_MEAN,14,Acceptable,37.03585328932831,False,2.921438327102507
random_2026-07-19T12:15:00+03:00,WEIGHTED_MEAN,15,Acceptable,31.627376754333085,False,2.4870382078927165
random_2026-07-19T12:15:00+03:00,WEIGHTED_MEAN,16,Acceptable,29.83709747443719,False,4.277317487788611
random_2026-07-19T12:15:00+03:00,WEIGHTED_MEAN,17,Acceptable,29.129353233830845,False,4.985061728394957
random_2026-07-19T12:15:00+03:00,WEIGHTED_MEAN,18,Acceptable,34.52116941363244,False,0.40675445140664124
random_2026-07-19T12:15:00+03:00,WEIGHTED_MEAN,19,Acceptable,37.481343283582085,False,3.3669283213562835
random_2026-07-19T12:15:00+03:00,WEIGHTED_MEAN,20,Acceptable,37.637705306015896,False,3.5232903437900944
random_2026-07-19T12:15:00+03:00,WEIGHTED_MEAN,21,Acceptable,33.51063503809962,False,0.6037799241261794
random_2026-07-19T12:15:00+03:00,WEIGHTED_MEAN,22,Acceptable,34.601649278770275,False,0.48723431654447324
random_2026-07-19T12:15:00+03:00,WEIGHTED_MEAN,23,Acceptable,34.47748858801858,False,0.36307362579277935
random_2026-07-19T12:15:00+03:00,WEIGHTED_MEAN,24,Acceptable,31.971895487457676,False,2.1425194747681253
random_2026-07-19T12:15:00+03:00,WEIGHTED_MEAN,25,Acceptable,35.79055644502653,False,1.6761414828007304
random_2026-07-19T12:15:00+03:00,WEIGHTED_MEAN,26,Acceptable,33.26747911047329,False,0.8469358517525123
random_2026-07-19T12:15:00+03:00,WEIGHTED_MEAN,27,Acceptable,41.32444300389462,False,7.210028041668821
random_2026-07-19T12:15:00+03:00,WEIGHTED_MEAN,28,Acceptable,29.129353233830845,False,4.985061728394957
random_2026-07-19T12:15:00+03:00,WEIGHTED_MEAN,29,Acceptable,42.9713356197031,False,8.856920657477296
random_2026-07-20T07:10:00+03:00,CRISP_CLASS_MAX,0,Acceptable,37.5,False,0.0
random_2026-07-20T07:10:00+03:00,CRISP_CLASS_MAX,1,Acceptable,37.5,False,0.0
random_2026-07-20T07:10:00+03:00,CRISP_CLASS_MAX,2,Acceptable,37.5,False,0.0
random_2026-07-20T07:10:00+03:00,CRISP_CLASS_MAX,3,Acceptable,37.5,False,0.0
random_2026-07-20T07:10:00+03:00,CRISP_CLASS_MAX,4,Acceptable,37.5,False,0.0
random_2026-07-20T07:10:00+03:00,CRISP_CLASS_MAX,5,Acceptable,37.5,False,0.0
random_2026-07-20T07:10:00+03:00,CRISP_CLASS_MAX,6,Acceptable,37.5,False,0.0
random_2026-07-20T07:10:00+03:00,CRISP_CLASS_MAX,7,Acceptable,37.5,False,0.0
random_2026-07-20T07:10:00+03:00,CRISP_CLASS_MAX,8,Acceptable,37.5,False,0.0
random_2026-07-20T07:10:00+03:00,CRISP_CLASS_MAX,9,Acceptable,37.5,False,0.0
random_2026-07-20T07:10:00+03:00,CRISP_CLASS_MAX,10,Acceptable,37.5,False,0.0
random_2026-07-20T07:10:00+03:00,CRISP_CLASS_MAX,11,Acceptable,37.5,False,0.0
random_2026-07-20T07:10:00+03:00,CRISP_CLASS_MAX,12,Acceptable,37.5,False,0.0
random_2026-07-20T07:10:00+03:00,CRISP_CLASS_MAX,13,Acceptable,37.5,False,0.0
random_2026-07-20T07:10:00+03:00,CRISP_CLASS_MAX,14,Acceptable,37.5,False,0.0
random_2026-07-20T07:10:00+03:00,CRISP_CLASS_MAX,15,Acceptable,37.5,False,0.0
random_2026-07-20T07:10:00+03:00,CRISP_CLASS_MAX,16,Acceptable,37.5,False,0.0
random_2026-07-20T07:10:00+03:00,CRISP_CLASS_MAX,17,Acceptable,37.5,False,0.0
random_2026-07-20T07:10:00+03:00,CRISP_CLASS_MAX,18,Acceptable,37.5,False,0.0
random_2026-07-20T07:10:00+03:00,CRISP_CLASS_MAX,19,Acceptable,37.5,False,0.0
random_2026-07-20T07:10:00+03:00,CRISP_CLASS_MAX,20,Acceptable,37.5,False,0.0
random_2026-07-20T07:10:00+03:00,CRISP_CLASS_MAX,21,Acceptable,37.5,False,0.0
random_2026-07-20T07:10:00+03:00,CRISP_CLASS_MAX,22,Acceptable,37.5,False,0.0
random_2026-07-20T07:10:00+03:00,CRISP_CLASS_MAX,23,Acceptable,37.5,False,0.0
random_2026-07-20T07:10:00+03:00,CRISP_CLASS_MAX,24,Acceptable,37.5,False,0.0
random_2026-07-20T07:10:00+03:00,CRISP_CLASS_MAX,25,Acceptable,37.5,False,0.0
random_2026-07-20T07:10:00+03:00,CRISP_CLASS_MAX,26,Acceptable,37.5,False,0.0
random_2026-07-20T07:10:00+03:00,CRISP_CLASS_MAX,27,Acceptable,37.5,False,0.0
random_2026-07-20T07:10:00+03:00,CRISP_CLASS_MAX,28,Acceptable,37.5,False,0.0
random_2026-07-20T07:10:00+03:00,CRISP_CLASS_MAX,29,Acceptable,37.5,False,0.0
random_2026-07-20T07:10:00+03:00,FUZZY_COMPONENT_MAX,0,Acceptable,37.5,False,0.0
random_2026-07-20T07:10:00+03:00,FUZZY_COMPONENT_MAX,1,Acceptable,46.909842685016315,False,9.409842685016315
random_2026-07-20T07:10:00+03:00,FUZZY_COMPONENT_MAX,2,Acceptable,37.5,False,0.0
random_2026-07-20T07:10:00+03:00,FUZZY_COMPONENT_MAX,3,Acceptable,37.5,False,0.0
random_2026-07-20T07:10:00+03:00,FUZZY_COMPONENT_MAX,4,Acceptable,42.240154014695925,False,4.740154014695925
random_2026-07-20T07:10:00+03:00,FUZZY_COMPONENT_MAX,5,Acceptable,37.5,False,0.0
random_2026-07-20T07:10:00+03:00,FUZZY_COMPONENT_MAX,6,Acceptable,37.5,False,0.0
random_2026-07-20T07:10:00+03:00,FUZZY_COMPONENT_MAX,7,Acceptable,37.5,False,0.0
random_2026-07-20T07:10:00+03:00,FUZZY_COMPONENT_MAX,8,Acceptable,37.5,False,0.0
random_2026-07-20T07:10:00+03:00,FUZZY_COMPONENT_MAX,9,Acceptable,37.5,False,0.0
random_2026-07-20T07:10:00+03:00,FUZZY_COMPONENT_MAX,10,Acceptable,42.46821724522165,False,4.968217245221652
random_2026-07-20T07:10:00+03:00,FUZZY_COMPONENT_MAX,11,Acceptable,37.5,False,0.0
random_2026-07-20T07:10:00+03:00,FUZZY_COMPONENT_MAX,12,Acceptable,37.5,False,0.0
random_2026-07-20T07:10:00+03:00,FUZZY_COMPONENT_MAX,13,Acceptable,37.5,False,0.0
random_2026-07-20T07:10:00+03:00,FUZZY_COMPONENT_MAX,14,Acceptable,37.5,False,0.0
random_2026-07-20T07:10:00+03:00,FUZZY_COMPONENT_MAX,15,Acceptable,37.5,False,0.0
random_2026-07-20T07:10:00+03:00,FUZZY_COMPONENT_MAX,16,Acceptable,37.5,False,0.0
random_2026-07-20T07:10:00+03:00,FUZZY_COMPONENT_MAX,17,Acceptable,37.5,False,0.0
random_2026-07-20T07:10:00+03:00,FUZZY_COMPONENT_MAX,18,Acceptable,37.5,False,0.0
random_2026-07-20T07:10:00+03:00,FUZZY_COMPONENT_MAX,19,Acceptable,37.5,False,0.0
random_2026-07-20T07:10:00+03:00,FUZZY_COMPONENT_MAX,20,Acceptable,37.5,False,0.0
random_2026-07-20T07:10:00+03:00,FUZZY_COMPONENT_MAX,21,Acceptable,37.5,False,0.0
random_2026-07-20T07:10:00+03:00,FUZZY_COMPONENT_MAX,22,Acceptable,37.5,False,0.0
random_2026-07-20T07:10:00+03:00,FUZZY_COMPONENT_MAX,23,Acceptable,37.5,False,0.0
random_2026-07-20T07:10:00+03:00,FUZZY_COMPONENT_MAX,24,Acceptable,37.5,False,0.0
random_2026-07-20T07:10:00+03:00,FUZZY_COMPONENT_MAX,25,Acceptable,37.5,False,0.0
random_2026-07-20T07:10:00+03:00,FUZZY_COMPONENT_MAX,26,Acceptable,47.091485368153066,False,9.591485368153066
random_2026-07-20T07:10:00+03:00,FUZZY_COMPONENT_MAX,27,Acceptable,37.5,False,0.0
random_2026-07-20T07:10:00+03:00,FUZZY_COMPONENT_MAX,28,Acceptable,37.5,False,0.0
random_2026-07-20T07:10:00+03:00,FUZZY_COMPONENT_MAX,29,Acceptable,37.5,False,0.0
random_2026-07-20T07:10:00+03:00,PROPOSED_HFIS,0,Acceptable,37.5,False,0.0
random_2026-07-20T07:10:00+03:00,PROPOSED_HFIS,1,Acceptable,46.909842685016315,False,9.409842685016315
random_2026-07-20T07:10:00+03:00,PROPOSED_HFIS,2,Acceptable,37.5,False,0.0
random_2026-07-20T07:10:00+03:00,PROPOSED_HFIS,3,Acceptable,37.5,False,0.0
random_2026-07-20T07:10:00+03:00,PROPOSED_HFIS,4,Acceptable,42.240154014695925,False,4.740154014695925
random_2026-07-20T07:10:00+03:00,PROPOSED_HFIS,5,Acceptable,37.5,False,0.0
random_2026-07-20T07:10:00+03:00,PROPOSED_HFIS,6,Acceptable,37.5,False,0.0
random_2026-07-20T07:10:00+03:00,PROPOSED_HFIS,7,Acceptable,37.5,False,0.0
random_2026-07-20T07:10:00+03:00,PROPOSED_HFIS,8,Acceptable,37.5,False,0.0
random_2026-07-20T07:10:00+03:00,PROPOSED_HFIS,9,Acceptable,37.5,False,0.0
random_2026-07-20T07:10:00+03:00,PROPOSED_HFIS,10,Acceptable,42.46821724522165,False,4.968217245221652
random_2026-07-20T07:10:00+03:00,PROPOSED_HFIS,11,Acceptable,37.5,False,0.0
random_2026-07-20T07:10:00+03:00,PROPOSED_HFIS,12,Acceptable,37.5,False,0.0
random_2026-07-20T07:10:00+03:00,PROPOSED_HFIS,13,Acceptable,37.5,False,0.0
random_2026-07-20T07:10:00+03:00,PROPOSED_HFIS,14,Acceptable,37.5,False,0.0
random_2026-07-20T07:10:00+03:00,PROPOSED_HFIS,15,Acceptable,37.5,False,0.0
random_2026-07-20T07:10:00+03:00,PROPOSED_HFIS,16,Acceptable,37.5,False,0.0
random_2026-07-20T07:10:00+03:00,PROPOSED_HFIS,17,Acceptable,37.5,False,0.0
random_2026-07-20T07:10:00+03:00,PROPOSED_HFIS,18,Acceptable,37.5,False,0.0
random_2026-07-20T07:10:00+03:00,PROPOSED_HFIS,19,Acceptable,37.5,False,0.0
random_2026-07-20T07:10:00+03:00,PROPOSED_HFIS,20,Acceptable,37.5,False,0.0
random_2026-07-20T07:10:00+03:00,PROPOSED_HFIS,21,Acceptable,37.5,False,0.0
random_2026-07-20T07:10:00+03:00,PROPOSED_HFIS,22,Acceptable,37.5,False,0.0
random_2026-07-20T07:10:00+03:00,PROPOSED_HFIS,23,Acceptable,37.5,False,0.0
random_2026-07-20T07:10:00+03:00,PROPOSED_HFIS,24,Acceptable,37.5,False,0.0
random_2026-07-20T07:10:00+03:00,PROPOSED_HFIS,25,Acceptable,37.5,False,0.0
random_2026-07-20T07:10:00+03:00,PROPOSED_HFIS,26,Acceptable,47.091485368153066,False,9.591485368153066
random_2026-07-20T07:10:00+03:00,PROPOSED_HFIS,27,Acceptable,37.5,False,0.0
random_2026-07-20T07:10:00+03:00,PROPOSED_HFIS,28,Acceptable,37.5,False,0.0
random_2026-07-20T07:10:00+03:00,PROPOSED_HFIS,29,Acceptable,37.5,False,0.0
random_2026-07-20T07:10:00+03:00,WEIGHTED_MEAN,0,Favorable,20.796019900497512,False,0.0
random_2026-07-20T07:10:00+03:00,WEIGHTED_MEAN,1,Favorable,23.932634128836284,False,3.1366142283387717
random_2026-07-20T07:10:00+03:00,WEIGHTED_MEAN,2,Favorable,20.796019900497512,False,0.0
random_2026-07-20T07:10:00+03:00,WEIGHTED_MEAN,3,Favorable,20.796019900497512,False,0.0
random_2026-07-20T07:10:00+03:00,WEIGHTED_MEAN,4,Favorable,22.37607123872949,False,1.5800513382319785
random_2026-07-20T07:10:00+03:00,WEIGHTED_MEAN,5,Favorable,20.796019900497512,False,0.0
random_2026-07-20T07:10:00+03:00,WEIGHTED_MEAN,6,Favorable,20.796019900497512,False,0.0
random_2026-07-20T07:10:00+03:00,WEIGHTED_MEAN,7,Favorable,20.796019900497512,False,0.0
random_2026-07-20T07:10:00+03:00,WEIGHTED_MEAN,8,Favorable,20.796019900497512,False,0.0
random_2026-07-20T07:10:00+03:00,WEIGHTED_MEAN,9,Favorable,20.796019900497512,False,0.0
random_2026-07-20T07:10:00+03:00,WEIGHTED_MEAN,10,Favorable,22.452092315571395,False,1.6560724150738828
random_2026-07-20T07:10:00+03:00,WEIGHTED_MEAN,11,Favorable,20.796019900497512,False,0.0
random_2026-07-20T07:10:00+03:00,WEIGHTED_MEAN,12,Favorable,20.796019900497512,False,0.0
random_2026-07-20T07:10:00+03:00,WEIGHTED_MEAN,13,Favorable,20.796019900497512,False,0.0
random_2026-07-20T07:10:00+03:00,WEIGHTED_MEAN,14,Favorable,20.796019900497512,False,0.0
random_2026-07-20T07:10:00+03:00,WEIGHTED_MEAN,15,Favorable,20.796019900497512,False,0.0
random_2026-07-20T07:10:00+03:00,WEIGHTED_MEAN,16,Favorable,20.796019900497512,False,0.0
random_2026-07-20T07:10:00+03:00,WEIGHTED_MEAN,17,Favorable,20.796019900497512,False,0.0
random_2026-07-20T07:10:00+03:00,WEIGHTED_MEAN,18,Favorable,20.796019900497512,False,0.0
random_2026-07-20T07:10:00+03:00,WEIGHTED_MEAN,19,Favorable,20.796019900497512,False,0.0
random_2026-07-20T07:10:00+03:00,WEIGHTED_MEAN,20,Favorable,20.796019900497512,False,0.0
random_2026-07-20T07:10:00+03:00,WEIGHTED_MEAN,21,Favorable,20.796019900497512,False,0.0
random_2026-07-20T07:10:00+03:00,WEIGHTED_MEAN,22,Favorable,20.796019900497512,False,0.0
random_2026-07-20T07:10:00+03:00,WEIGHTED_MEAN,23,Favorable,20.796019900497512,False,0.0
random_2026-07-20T07:10:00+03:00,WEIGHTED_MEAN,24,Favorable,20.796019900497512,False,0.0
random_2026-07-20T07:10:00+03:00,WEIGHTED_MEAN,25,Favorable,20.796019900497512,False,0.0
random_2026-07-20T07:10:00+03:00,WEIGHTED_MEAN,26,Favorable,23.99318168988187,False,3.1971617893843565
random_2026-07-20T07:10:00+03:00,WEIGHTED_MEAN,27,Favorable,20.796019900497512,False,0.0
random_2026-07-20T07:10:00+03:00,WEIGHTED_MEAN,28,Favorable,20.796019900497512,False,0.0
random_2026-07-20T07:10:00+03:00,WEIGHTED_MEAN,29,Favorable,20.796019900497512,False,0.0
random_2026-07-22T17:45:00+03:00,CRISP_CLASS_MAX,0,Favorable,12.5,True,25.0
random_2026-07-22T17:45:00+03:00,CRISP_CLASS_MAX,1,Favorable,12.5,True,25.0
random_2026-07-22T17:45:00+03:00,CRISP_CLASS_MAX,2,Acceptable,37.5,False,0.0
random_2026-07-22T17:45:00+03:00,CRISP_CLASS_MAX,3,Acceptable,37.5,False,0.0
random_2026-07-22T17:45:00+03:00,CRISP_CLASS_MAX,4,Favorable,12.5,True,25.0
random_2026-07-22T17:45:00+03:00,CRISP_CLASS_MAX,5,Acceptable,37.5,False,0.0
random_2026-07-22T17:45:00+03:00,CRISP_CLASS_MAX,6,Acceptable,37.5,False,0.0
random_2026-07-22T17:45:00+03:00,CRISP_CLASS_MAX,7,Acceptable,37.5,False,0.0
random_2026-07-22T17:45:00+03:00,CRISP_CLASS_MAX,8,Favorable,12.5,True,25.0
random_2026-07-22T17:45:00+03:00,CRISP_CLASS_MAX,9,Acceptable,37.5,False,0.0
random_2026-07-22T17:45:00+03:00,CRISP_CLASS_MAX,10,Acceptable,37.5,False,0.0
random_2026-07-22T17:45:00+03:00,CRISP_CLASS_MAX,11,Acceptable,37.5,False,0.0
random_2026-07-22T17:45:00+03:00,CRISP_CLASS_MAX,12,Acceptable,37.5,False,0.0
random_2026-07-22T17:45:00+03:00,CRISP_CLASS_MAX,13,Acceptable,37.5,False,0.0
random_2026-07-22T17:45:00+03:00,CRISP_CLASS_MAX,14,Favorable,12.5,True,25.0
random_2026-07-22T17:45:00+03:00,CRISP_CLASS_MAX,15,Acceptable,37.5,False,0.0
random_2026-07-22T17:45:00+03:00,CRISP_CLASS_MAX,16,Favorable,12.5,True,25.0
random_2026-07-22T17:45:00+03:00,CRISP_CLASS_MAX,17,Acceptable,37.5,False,0.0
random_2026-07-22T17:45:00+03:00,CRISP_CLASS_MAX,18,Favorable,12.5,True,25.0
random_2026-07-22T17:45:00+03:00,CRISP_CLASS_MAX,19,Acceptable,37.5,False,0.0
random_2026-07-22T17:45:00+03:00,CRISP_CLASS_MAX,20,Favorable,12.5,True,25.0
random_2026-07-22T17:45:00+03:00,CRISP_CLASS_MAX,21,Acceptable,37.5,False,0.0
random_2026-07-22T17:45:00+03:00,CRISP_CLASS_MAX,22,Acceptable,37.5,False,0.0
random_2026-07-22T17:45:00+03:00,CRISP_CLASS_MAX,23,Acceptable,37.5,False,0.0
random_2026-07-22T17:45:00+03:00,CRISP_CLASS_MAX,24,Acceptable,37.5,False,0.0
random_2026-07-22T17:45:00+03:00,CRISP_CLASS_MAX,25,Acceptable,37.5,False,0.0
random_2026-07-22T17:45:00+03:00,CRISP_CLASS_MAX,26,Favorable,12.5,True,25.0
random_2026-07-22T17:45:00+03:00,CRISP_CLASS_MAX,27,Acceptable,37.5,False,0.0
random_2026-07-22T17:45:00+03:00,CRISP_CLASS_MAX,28,Acceptable,37.5,False,0.0
random_2026-07-22T17:45:00+03:00,CRISP_CLASS_MAX,29,Acceptable,37.5,False,0.0
random_2026-07-22T17:45:00+03:00,FUZZY_COMPONENT_MAX,0,Favorable,21.22131919166264,True,7.946843029755737
random_2026-07-22T17:45:00+03:00,FUZZY_COMPONENT_MAX,1,Favorable,16.566634709799356,True,12.601527511619022
random_2026-07-22T17:45:00+03:00,FUZZY_COMPONENT_MAX,2,Acceptable,32.5484063572053,False,3.380244135786924
random_2026-07-22T17:45:00+03:00,FUZZY_COMPONENT_MAX,3,Acceptable,37.5,False,8.331837778581622
random_2026-07-22T17:45:00+03:00,FUZZY_COMPONENT_MAX,4,Favorable,24.947669892920963,True,4.220492328497414
random_2026-07-22T17:45:00+03:00,FUZZY_COMPONENT_MAX,5,Acceptable,37.5,False,8.331837778581622
random_2026-07-22T17:45:00+03:00,FUZZY_COMPONENT_MAX,6,Acceptable,28.56401248321571,False,0.6041497382026684
random_2026-07-22T17:45:00+03:00,FUZZY_COMPONENT_MAX,7,Acceptable,37.5,False,8.331837778581622
random_2026-07-22T17:45:00+03:00,FUZZY_COMPONENT_MAX,8,Favorable,17.664487919791902,True,11.503674301626475
random_2026-07-22T17:45:00+03:00,FUZZY_COMPONENT_MAX,9,Acceptable,37.5,False,8.331837778581622
random_2026-07-22T17:45:00+03:00,FUZZY_COMPONENT_MAX,10,Acceptable,37.5,False,8.331837778581622
random_2026-07-22T17:45:00+03:00,FUZZY_COMPONENT_MAX,11,Acceptable,31.082934180653062,False,1.9147719592346846
random_2026-07-22T17:45:00+03:00,FUZZY_COMPONENT_MAX,12,Acceptable,37.5,False,8.331837778581622
random_2026-07-22T17:45:00+03:00,FUZZY_COMPONENT_MAX,13,Acceptable,37.5,False,8.331837778581622
random_2026-07-22T17:45:00+03:00,FUZZY_COMPONENT_MAX,14,Favorable,12.444029850746269,True,16.72413237067211
random_2026-07-22T17:45:00+03:00,FUZZY_COMPONENT_MAX,15,Acceptable,34.953915366140826,False,5.785753144722449
random_2026-07-22T17:45:00+03:00,FUZZY_COMPONENT_MAX,16,Favorable,22.498309820598678,True,6.6698524008197
random_2026-07-22T17:45:00+03:00,FUZZY_COMPONENT_MAX,17,Acceptable,26.56635553802563,False,2.6018066833927485
random_2026-07-22T17:45:00+03:00,FUZZY_COMPONENT_MAX,18,Favorable,23.572933718333353,True,5.595228503085025
random_2026-07-22T17:45:00+03:00,FUZZY_COMPONENT_MAX,19,Acceptable,37.5,False,8.331837778581622
random_2026-07-22T17:45:00+03:00,FUZZY_COMPONENT_MAX,20,Favorable,23.126007545605248,True,6.04215467581313
random_2026-07-22T17:45:00+03:00,FUZZY_COMPONENT_MAX,21,Acceptable,28.35988694439118,False,0.8082752770271959
random_2026-07-22T17:45:00+03:00,FUZZY_COMPONENT_MAX,22,Acceptable,31.184831086303973,False,2.0166688648855953
random_2026-07-22T17:45:00+03:00,FUZZY_COMPONENT_MAX,23,Acceptable,32.78336996144225,False,3.6152077400238696
random_2026-07-22T17:45:00+03:00,FUZZY_COMPONENT_MAX,24,Acceptable,33.656762531619364,False,4.488600310200987
random_2026-07-22T17:45:00+03:00,FUZZY_COMPONENT_MAX,25,Acceptable,37.5,False,8.331837778581622
random_2026-07-22T17:45:00+03:00,FUZZY_COMPONENT_MAX,26,Favorable,12.444029850746269,True,16.72413237067211
random_2026-07-22T17:45:00+03:00,FUZZY_COMPONENT_MAX,27,Acceptable,39.375168719495136,False,10.207006498076758
random_2026-07-22T17:45:00+03:00,FUZZY_COMPONENT_MAX,28,Acceptable,37.5,False,8.331837778581622
random_2026-07-22T17:45:00+03:00,FUZZY_COMPONENT_MAX,29,Acceptable,25.38425991447463,False,3.783902306943748
random_2026-07-22T17:45:00+03:00,PROPOSED_HFIS,0,Favorable,21.22131919166264,True,7.946843029755737
random_2026-07-22T17:45:00+03:00,PROPOSED_HFIS,1,Favorable,16.566634709799356,True,12.601527511619022
random_2026-07-22T17:45:00+03:00,PROPOSED_HFIS,2,Acceptable,32.5484063572053,False,3.380244135786924
random_2026-07-22T17:45:00+03:00,PROPOSED_HFIS,3,Acceptable,37.5,False,8.331837778581622
random_2026-07-22T17:45:00+03:00,PROPOSED_HFIS,4,Favorable,24.947669892920963,True,4.220492328497414
random_2026-07-22T17:45:00+03:00,PROPOSED_HFIS,5,Acceptable,37.5,False,8.331837778581622
random_2026-07-22T17:45:00+03:00,PROPOSED_HFIS,6,Acceptable,28.56401248321571,False,0.6041497382026684
random_2026-07-22T17:45:00+03:00,PROPOSED_HFIS,7,Acceptable,37.5,False,8.331837778581622
random_2026-07-22T17:45:00+03:00,PROPOSED_HFIS,8,Favorable,17.664487919791902,True,11.503674301626475
random_2026-07-22T17:45:00+03:00,PROPOSED_HFIS,9,Acceptable,37.5,False,8.331837778581622
random_2026-07-22T17:45:00+03:00,PROPOSED_HFIS,10,Acceptable,37.5,False,8.331837778581622
random_2026-07-22T17:45:00+03:00,PROPOSED_HFIS,11,Acceptable,31.082934180653062,False,1.9147719592346846
random_2026-07-22T17:45:00+03:00,PROPOSED_HFIS,12,Acceptable,37.5,False,8.331837778581622
random_2026-07-22T17:45:00+03:00,PROPOSED_HFIS,13,Acceptable,37.5,False,8.331837778581622
random_2026-07-22T17:45:00+03:00,PROPOSED_HFIS,14,Favorable,12.444029850746269,True,16.72413237067211
random_2026-07-22T17:45:00+03:00,PROPOSED_HFIS,15,Acceptable,34.953915366140826,False,5.785753144722449
random_2026-07-22T17:45:00+03:00,PROPOSED_HFIS,16,Favorable,22.498309820598678,True,6.6698524008197
random_2026-07-22T17:45:00+03:00,PROPOSED_HFIS,17,Acceptable,26.56635553802563,False,2.6018066833927485
random_2026-07-22T17:45:00+03:00,PROPOSED_HFIS,18,Favorable,23.572933718333353,True,5.595228503085025
random_2026-07-22T17:45:00+03:00,PROPOSED_HFIS,19,Acceptable,37.5,False,8.331837778581622
random_2026-07-22T17:45:00+03:00,PROPOSED_HFIS,20,Favorable,23.126007545605248,True,6.04215467581313
random_2026-07-22T17:45:00+03:00,PROPOSED_HFIS,21,Acceptable,28.35988694439118,False,0.8082752770271959
random_2026-07-22T17:45:00+03:00,PROPOSED_HFIS,22,Acceptable,31.184831086303973,False,2.0166688648855953
random_2026-07-22T17:45:00+03:00,PROPOSED_HFIS,23,Acceptable,32.78336996144225,False,3.6152077400238696
random_2026-07-22T17:45:00+03:00,PROPOSED_HFIS,24,Acceptable,33.656762531619364,False,4.488600310200987
random_2026-07-22T17:45:00+03:00,PROPOSED_HFIS,25,Acceptable,37.5,False,8.331837778581622
random_2026-07-22T17:45:00+03:00,PROPOSED_HFIS,26,Favorable,12.444029850746269,True,16.72413237067211
random_2026-07-22T17:45:00+03:00,PROPOSED_HFIS,27,Acceptable,39.375168719495136,False,10.207006498076758
random_2026-07-22T17:45:00+03:00,PROPOSED_HFIS,28,Acceptable,37.5,False,8.331837778581622
random_2026-07-22T17:45:00+03:00,PROPOSED_HFIS,29,Acceptable,25.38425991447463,False,3.783902306943748
random_2026-07-22T17:45:00+03:00,WEIGHTED_MEAN,0,Favorable,15.369792964385061,False,2.6489476765852427
random_2026-07-22T17:45:00+03:00,WEIGHTED_MEAN,1,Favorable,13.818231470430632,False,4.2005091705396715
random_2026-07-22T17:45:00+03:00,WEIGHTED_MEAN,2,Favorable,19.145488686232614,False,1.1267480452623104
random_2026-07-22T17:45:00+03:00,WEIGHTED_MEAN,3,Favorable,20.796019900497512,False,2.7772792595272087
random_2026-07-22T17:45:00+03:00,WEIGHTED_MEAN,4,Favorable,16.6119098648045,False,1.4068307761658048
random_2026-07-22T17:45:00+03:00,WEIGHTED_MEAN,5,Favorable,20.796019900497512,False,2.7772792595272087
random_2026-07-22T17:45:00+03:00,WEIGHTED_MEAN,6,Favorable,17.817357394902746,False,0.2013832460675573
random_2026-07-22T17:45:00+03:00,WEIGHTED_MEAN,7,Favorable,20.796019900497512,False,2.7772792595272087
random_2026-07-22T17:45:00+03:00,WEIGHTED_MEAN,8,Favorable,14.184182540428147,False,3.834558100542157
random_2026-07-22T17:45:00+03:00,WEIGHTED_MEAN,9,Favorable,20.796019900497512,False,2.7772792595272087
random_2026-07-22T17:45:00+03:00,WEIGHTED_MEAN,10,Favorable,20.796019900497512,False,2.7772792595272087
random_2026-07-22T17:45:00+03:00,WEIGHTED_MEAN,11,Favorable,18.6569979607152,False,0.6382573197448949
random_2026-07-22T17:45:00+03:00,WEIGHTED_MEAN,12,Favorable,20.796019900497512,False,2.7772792595272087
random_2026-07-22T17:45:00+03:00,WEIGHTED_MEAN,13,Favorable,20.796019900497512,False,2.7772792595272087
random_2026-07-22T17:45:00+03:00,WEIGHTED_MEAN,14,Favorable,12.444029850746269,False,5.574710790224035
random_2026-07-22T17:45:00+03:00,WEIGHTED_MEAN,15,Favorable,19.947325022544454,False,1.9285843815741508
random_2026-07-22T17:45:00+03:00,WEIGHTED_MEAN,16,Favorable,15.795456507363738,False,2.2232841336065654
random_2026-07-22T17:45:00+03:00,WEIGHTED_MEAN,17,Favorable,17.151471746506058,False,0.8672688944642459
random_2026-07-22T17:45:00+03:00,WEIGHTED_MEAN,18,Favorable,16.153664473275295,False,1.8650761676950083
random_2026-07-22T17:45:00+03:00,WEIGHTED_MEAN,19,Favorable,20.796019900497512,False,2.7772792595272087
random_2026-07-22T17:45:00+03:00,WEIGHTED_MEAN,20,Favorable,16.00468908236593,False,2.0140515586043755
random_2026-07-22T17:45:00+03:00,WEIGHTED_MEAN,21,Favorable,17.749315548627905,False,0.26942509234239864
random_2026-07-22T17:45:00+03:00,WEIGHTED_MEAN,22,Favorable,18.69096359593217,False,0.6722229549618675
random_2026-07-22T17:45:00+03:00,WEIGHTED_MEAN,23,Favorable,19.22380988764493,False,1.2050692466746256
random_2026-07-22T17:45:00+03:00,WEIGHTED_MEAN,24,Favorable,19.514940744370634,False,1.49620010340033
random_2026-07-22T17:45:00+03:00,WEIGHTED_MEAN,25,Favorable,20.796019900497512,False,2.7772792595272087
random_2026-07-22T17:45:00+03:00,WEIGHTED_MEAN,26,Favorable,12.444029850746269,False,5.574710790224035
random_2026-07-22T17:45:00+03:00,WEIGHTED_MEAN,27,Favorable,21.421076140329223,False,3.4023354993589194
random_2026-07-22T17:45:00+03:00,WEIGHTED_MEAN,28,Favorable,20.796019900497512,False,2.7772792595272087
random_2026-07-22T17:45:00+03:00,WEIGHTED_MEAN,29,Favorable,16.757439871989053,False,1.2613007689812505
random_2026-07-23T20:05:00+03:00,CRISP_CLASS_MAX,0,Degraded,62.5,True,25.0
random_2026-07-23T20:05:00+03:00,CRISP_CLASS_MAX,1,Favorable,12.5,True,25.0
random_2026-07-23T20:05:00+03:00,CRISP_CLASS_MAX,2,Acceptable,37.5,False,0.0
random_2026-07-23T20:05:00+03:00,CRISP_CLASS_MAX,3,Degraded,62.5,True,25.0
random_2026-07-23T20:05:00+03:00,CRISP_CLASS_MAX,4,Acceptable,37.5,False,0.0
random_2026-07-23T20:05:00+03:00,CRISP_CLASS_MAX,5,Acceptable,37.5,False,0.0
random_2026-07-23T20:05:00+03:00,CRISP_CLASS_MAX,6,Degraded,62.5,True,25.0
random_2026-07-23T20:05:00+03:00,CRISP_CLASS_MAX,7,Acceptable,37.5,False,0.0
random_2026-07-23T20:05:00+03:00,CRISP_CLASS_MAX,8,Acceptable,37.5,False,0.0
random_2026-07-23T20:05:00+03:00,CRISP_CLASS_MAX,9,Favorable,12.5,True,25.0
random_2026-07-23T20:05:00+03:00,CRISP_CLASS_MAX,10,Acceptable,37.5,False,0.0
random_2026-07-23T20:05:00+03:00,CRISP_CLASS_MAX,11,Favorable,12.5,True,25.0
random_2026-07-23T20:05:00+03:00,CRISP_CLASS_MAX,12,Degraded,62.5,True,25.0
random_2026-07-23T20:05:00+03:00,CRISP_CLASS_MAX,13,Degraded,62.5,True,25.0
random_2026-07-23T20:05:00+03:00,CRISP_CLASS_MAX,14,Degraded,62.5,True,25.0
random_2026-07-23T20:05:00+03:00,CRISP_CLASS_MAX,15,Acceptable,37.5,False,0.0
random_2026-07-23T20:05:00+03:00,CRISP_CLASS_MAX,16,Degraded,62.5,True,25.0
random_2026-07-23T20:05:00+03:00,CRISP_CLASS_MAX,17,Acceptable,37.5,False,0.0
random_2026-07-23T20:05:00+03:00,CRISP_CLASS_MAX,18,Acceptable,37.5,False,0.0
random_2026-07-23T20:05:00+03:00,CRISP_CLASS_MAX,19,Degraded,62.5,True,25.0
random_2026-07-23T20:05:00+03:00,CRISP_CLASS_MAX,20,Degraded,62.5,True,25.0
random_2026-07-23T20:05:00+03:00,CRISP_CLASS_MAX,21,Favorable,12.5,True,25.0
random_2026-07-23T20:05:00+03:00,CRISP_CLASS_MAX,22,Acceptable,37.5,False,0.0
random_2026-07-23T20:05:00+03:00,CRISP_CLASS_MAX,23,Favorable,12.5,True,25.0
random_2026-07-23T20:05:00+03:00,CRISP_CLASS_MAX,24,Acceptable,37.5,False,0.0
random_2026-07-23T20:05:00+03:00,CRISP_CLASS_MAX,25,Degraded,62.5,True,25.0
random_2026-07-23T20:05:00+03:00,CRISP_CLASS_MAX,26,Favorable,12.5,True,25.0
random_2026-07-23T20:05:00+03:00,CRISP_CLASS_MAX,27,Favorable,12.5,True,25.0
random_2026-07-23T20:05:00+03:00,CRISP_CLASS_MAX,28,Favorable,12.5,True,25.0
random_2026-07-23T20:05:00+03:00,CRISP_CLASS_MAX,29,Degraded,62.5,True,25.0
random_2026-07-23T20:05:00+03:00,FUZZY_COMPONENT_MAX,0,Degraded,54.85062175184728,True,18.124681596841626
random_2026-07-23T20:05:00+03:00,FUZZY_COMPONENT_MAX,1,Favorable,20.55640820878383,True,16.169531946221824
random_2026-07-23T20:05:00+03:00,FUZZY_COMPONENT_MAX,2,Acceptable,48.40170594968273,False,11.675765794677076
random_2026-07-23T20:05:00+03:00,FUZZY_COMPONENT_MAX,3,Degraded,58.84862708743903,True,22.122686932433375
random_2026-07-23T20:05:00+03:00,FUZZY_COMPONENT_MAX,4,Acceptable,36.98573808993893,False,0.25979793493327463
random_2026-07-23T20:05:00+03:00,FUZZY_COMPONENT_MAX,5,Acceptable,27.446357010424226,False,9.279583144581427
random_2026-07-23T20:05:00+03:00,FUZZY_COMPONENT_MAX,6,Degraded,52.93103402303826,True,16.205093868032606
random_2026-07-23T20:05:00+03:00,FUZZY_COMPONENT_MAX,7,Acceptable,40.469634457671674,False,3.7436943026660217
random_2026-07-23T20:05:00+03:00,FUZZY_COMPONENT_MAX,8,Acceptable,40.2367122285588,False,3.5107720735531487
random_2026-07-23T20:05:00+03:00,FUZZY_COMPONENT_MAX,9,Favorable,15.618461648544871,True,21.10747850646078
random_2026-07-23T20:05:00+03:00,FUZZY_COMPONENT_MAX,10,Acceptable,40.25621319209768,False,3.53027303709203
random_2026-07-23T20:05:00+03:00,FUZZY_COMPONENT_MAX,11,Favorable,13.799433289396985,True,22.926506865608665
random_2026-07-23T20:05:00+03:00,FUZZY_COMPONENT_MAX,12,Degraded,50.241431062444946,True,13.515490907439293
random_2026-07-23T20:05:00+03:00,FUZZY_COMPONENT_MAX,13,Degraded,59.98055689376132,True,23.254616738755665
random_2026-07-23T20:05:00+03:00,FUZZY_COMPONENT_MAX,14,Degraded,56.23608473443192,True,19.510144579426267
random_2026-07-23T20:05:00+03:00,FUZZY_COMPONENT_MAX,15,Acceptable,25.275012889275416,False,11.450927265730236
random_2026-07-23T20:05:00+03:00,FUZZY_COMPONENT_MAX,16,Degraded,61.57342026824067,True,24.847480113235015
random_2026-07-23T20:05:00+03:00,FUZZY_COMPONENT_MAX,17,Acceptable,32.90044720802051,False,3.8254929469851433
random_2026-07-23T20:05:00+03:00,FUZZY_COMPONENT_MAX,18,Acceptable,35.764303528508584,False,0.9616366264970679
random_2026-07-23T20:05:00+03:00,FUZZY_COMPONENT_MAX,19,Degraded,50.27222514350379,True,13.546284988498137
random_2026-07-23T20:05:00+03:00,FUZZY_COMPONENT_MAX,20,Degraded,53.31863133735518,True,16.592691182349526
random_2026-07-23T20:05:00+03:00,FUZZY_COMPONENT_MAX,21,Favorable,16.945726081031776,True,19.780214073973877
random_2026-07-23T20:05:00+03:00,FUZZY_COMPONENT_MAX,22,Acceptable,46.348260814185984,False,9.622320659180332
random_2026-07-23T20:05:00+03:00,FUZZY_COMPONENT_MAX,23,Favorable,20.7686464437639,True,15.957293711241753
random_2026-07-23T20:05:00+03:00,FUZZY_COMPONENT_MAX,24,Acceptable,48.26126214301607,False,11.535321988010416
random_2026-07-23T20:05:00+03:00,FUZZY_COMPONENT_MAX,25,Degraded,58.306637102480984,True,21.58069694747533
random_2026-07-23T20:05:00+03:00,FUZZY_COMPONENT_MAX,26,Favorable,14.373232644039126,True,22.352707510966525
random_2026-07-23T20:05:00+03:00,FUZZY_COMPONENT_MAX,27,Favorable,20.665770554037493,True,16.06016960096816
random_2026-07-23T20:05:00+03:00,FUZZY_COMPONENT_MAX,28,Favorable,13.577537533245225,True,23.148402621760425
random_2026-07-23T20:05:00+03:00,FUZZY_COMPONENT_MAX,29,Degraded,50.7415511094464,True,14.015610954440746
random_2026-07-23T20:05:00+03:00,PROPOSED_HFIS,0,Degraded,54.85062175184728,True,18.124681596841626
random_2026-07-23T20:05:00+03:00,PROPOSED_HFIS,1,Favorable,20.55640820878383,True,16.169531946221824
random_2026-07-23T20:05:00+03:00,PROPOSED_HFIS,2,Acceptable,48.40170594968273,False,11.675765794677076
random_2026-07-23T20:05:00+03:00,PROPOSED_HFIS,3,Degraded,58.84862708743903,True,22.122686932433375
random_2026-07-23T20:05:00+03:00,PROPOSED_HFIS,4,Acceptable,36.98573808993893,False,0.25979793493327463
random_2026-07-23T20:05:00+03:00,PROPOSED_HFIS,5,Acceptable,27.446357010424226,False,9.279583144581427
random_2026-07-23T20:05:00+03:00,PROPOSED_HFIS,6,Degraded,52.93103402303826,True,16.205093868032606
random_2026-07-23T20:05:00+03:00,PROPOSED_HFIS,7,Acceptable,40.469634457671674,False,3.7436943026660217
random_2026-07-23T20:05:00+03:00,PROPOSED_HFIS,8,Acceptable,40.2367122285588,False,3.5107720735531487
random_2026-07-23T20:05:00+03:00,PROPOSED_HFIS,9,Favorable,15.618461648544871,True,21.10747850646078
random_2026-07-23T20:05:00+03:00,PROPOSED_HFIS,10,Acceptable,40.25621319209768,False,3.53027303709203
random_2026-07-23T20:05:00+03:00,PROPOSED_HFIS,11,Favorable,13.799433289396985,True,22.926506865608665
random_2026-07-23T20:05:00+03:00,PROPOSED_HFIS,12,Degraded,50.241431062444946,True,13.515490907439293
random_2026-07-23T20:05:00+03:00,PROPOSED_HFIS,13,Degraded,59.98055689376132,True,23.254616738755665
random_2026-07-23T20:05:00+03:00,PROPOSED_HFIS,14,Degraded,56.23608473443192,True,19.510144579426267
random_2026-07-23T20:05:00+03:00,PROPOSED_HFIS,15,Acceptable,25.275012889275416,False,11.450927265730236
random_2026-07-23T20:05:00+03:00,PROPOSED_HFIS,16,Degraded,61.57342026824067,True,24.847480113235015
random_2026-07-23T20:05:00+03:00,PROPOSED_HFIS,17,Acceptable,32.90044720802051,False,3.8254929469851433
random_2026-07-23T20:05:00+03:00,PROPOSED_HFIS,18,Acceptable,35.764303528508584,False,0.9616366264970679
random_2026-07-23T20:05:00+03:00,PROPOSED_HFIS,19,Degraded,50.27222514350379,True,13.546284988498137
random_2026-07-23T20:05:00+03:00,PROPOSED_HFIS,20,Degraded,53.31863133735518,True,16.592691182349526
random_2026-07-23T20:05:00+03:00,PROPOSED_HFIS,21,Favorable,16.945726081031776,True,19.780214073973877
random_2026-07-23T20:05:00+03:00,PROPOSED_HFIS,22,Acceptable,46.348260814185984,False,9.622320659180332
random_2026-07-23T20:05:00+03:00,PROPOSED_HFIS,23,Favorable,20.7686464437639,True,15.957293711241753
random_2026-07-23T20:05:00+03:00,PROPOSED_HFIS,24,Acceptable,48.26126214301607,False,11.535321988010416
random_2026-07-23T20:05:00+03:00,PROPOSED_HFIS,25,Degraded,58.306637102480984,True,21.58069694747533
random_2026-07-23T20:05:00+03:00,PROPOSED_HFIS,26,Favorable,14.373232644039126,True,22.352707510966525
random_2026-07-23T20:05:00+03:00,PROPOSED_HFIS,27,Favorable,20.665770554037493,True,16.06016960096816
random_2026-07-23T20:05:00+03:00,PROPOSED_HFIS,28,Favorable,13.577537533245225,True,23.148402621760425
random_2026-07-23T20:05:00+03:00,PROPOSED_HFIS,29,Degraded,50.7415511094464,True,14.015610954440746
random_2026-07-23T20:05:00+03:00,WEIGHTED_MEAN,0,Acceptable,26.579560484446603,True,6.041560532280538
random_2026-07-23T20:05:00+03:00,WEIGHTED_MEAN,1,Favorable,15.148155970092121,False,5.389843982073943
random_2026-07-23T20:05:00+03:00,WEIGHTED_MEAN,2,Favorable,24.429921883725086,False,3.891921931559022
random_2026-07-23T20:05:00+03:00,WEIGHTED_MEAN,3,Acceptable,27.912228929643856,True,7.374228977477792
random_2026-07-23T20:05:00+03:00,WEIGHTED_MEAN,4,Favorable,20.624599263810488,False,0.0865993116444237
random_2026-07-23T20:05:00+03:00,WEIGHTED_MEAN,5,Favorable,17.44480557063892,False,3.0931943815271445
random_2026-07-23T20:05:00+03:00,WEIGHTED_MEAN,6,Acceptable,25.939697908176935,True,5.401697956010871
random_2026-07-23T20:05:00+03:00,WEIGHTED_MEAN,7,Favorable,21.785898053054737,False,1.2478981008886727
random_2026-07-23T20:05:00+03:00,WEIGHTED_MEAN,8,Favorable,21.708257310017114,False,1.1702573578510496
random_2026-07-23T20:05:00+03:00,WEIGHTED_MEAN,9,Favorable,13.502173783345803,False,7.035826168820261
random_2026-07-23T20:05:00+03:00,WEIGHTED_MEAN,10,Favorable,21.714757631196743,False,1.176757679030679
random_2026-07-23T20:05:00+03:00,WEIGHTED_MEAN,11,Favorable,12.895830996963175,False,7.642168955202889
random_2026-07-23T20:05:00+03:00,WEIGHTED_MEAN,12,Acceptable,25.043163587979162,True,4.505163635813098
random_2026-07-23T20:05:00+03:00,WEIGHTED_MEAN,13,Acceptable,28.28953886508462,True,7.751538912918555
random_2026-07-23T20:05:00+03:00,WEIGHTED_MEAN,14,Acceptable,27.041381478641483,True,6.503381526475419
random_2026-07-23T20:05:00+03:00,WEIGHTED_MEAN,15,Favorable,16.721024196922652,False,3.816975755243412
random_2026-07-23T20:05:00+03:00,WEIGHTED_MEAN,16,Acceptable,28.820493323244403,True,8.282493371078338
random_2026-07-23T20:05:00+03:00,WEIGHTED_MEAN,17,Favorable,19.26283563650435,False,1.2751643156617156
random_2026-07-23T20:05:00+03:00,WEIGHTED_MEAN,18,Favorable,20.217454410000375,False,0.3205455421656893
random_2026-07-23T20:05:00+03:00,WEIGHTED_MEAN,19,Acceptable,25.053428281665443,True,4.515428329499379
random_2026-07-23T20:05:00+03:00,WEIGHTED_MEAN,20,Acceptable,26.068897012949236,True,5.530897060783172
random_2026-07-23T20:05:00+03:00,WEIGHTED_MEAN,21,Favorable,13.944595260841439,False,6.593404691324626
random_2026-07-23T20:05:00+03:00,WEIGHTED_MEAN,22,Favorable,23.74544017189284,False,3.2074402197267773
random_2026-07-23T20:05:00+03:00,WEIGHTED_MEAN,23,Favorable,15.218902048418812,False,5.319097903747252
random_2026-07-23T20:05:00+03:00,WEIGHTED_MEAN,24,Favorable,24.38310728150287,False,3.8451073293368054
random_2026-07-23T20:05:00+03:00,WEIGHTED_MEAN,25,Acceptable,27.731565601324508,True,7.193565649158444
random_2026-07-23T20:05:00+03:00,WEIGHTED_MEAN,26,Favorable,13.087097448510555,False,7.450902503655509
random_2026-07-23T20:05:00+03:00,WEIGHTED_MEAN,27,Favorable,15.184610085176677,False,5.353389866989387
random_2026-07-23T20:05:00+03:00,WEIGHTED_MEAN,28,Favorable,12.821865744912587,False,7.716134207253477
random_2026-07-23T20:05:00+03:00,WEIGHTED_MEAN,29,Acceptable,25.20987027031298,True,4.671870318146915
random_2026-07-24T01:40:00+03:00,CRISP_CLASS_MAX,0,Favorable,12.5,False,0.0
random_2026-07-24T01:40:00+03:00,CRISP_CLASS_MAX,1,Favorable,12.5,False,0.0
random_2026-07-24T01:40:00+03:00,CRISP_CLASS_MAX,2,Favorable,12.5,False,0.0
random_2026-07-24T01:40:00+03:00,CRISP_CLASS_MAX,3,Favorable,12.5,False,0.0
random_2026-07-24T01:40:00+03:00,CRISP_CLASS_MAX,4,Favorable,12.5,False,0.0
random_2026-07-24T01:40:00+03:00,CRISP_CLASS_MAX,5,Favorable,12.5,False,0.0
random_2026-07-24T01:40:00+03:00,CRISP_CLASS_MAX,6,Favorable,12.5,False,0.0
random_2026-07-24T01:40:00+03:00,CRISP_CLASS_MAX,7,Favorable,12.5,False,0.0
random_2026-07-24T01:40:00+03:00,CRISP_CLASS_MAX,8,Favorable,12.5,False,0.0
random_2026-07-24T01:40:00+03:00,CRISP_CLASS_MAX,9,Favorable,12.5,False,0.0
random_2026-07-24T01:40:00+03:00,CRISP_CLASS_MAX,10,Favorable,12.5,False,0.0
random_2026-07-24T01:40:00+03:00,CRISP_CLASS_MAX,11,Favorable,12.5,False,0.0
random_2026-07-24T01:40:00+03:00,CRISP_CLASS_MAX,12,Favorable,12.5,False,0.0
random_2026-07-24T01:40:00+03:00,CRISP_CLASS_MAX,13,Favorable,12.5,False,0.0
random_2026-07-24T01:40:00+03:00,CRISP_CLASS_MAX,14,Favorable,12.5,False,0.0
random_2026-07-24T01:40:00+03:00,CRISP_CLASS_MAX,15,Favorable,12.5,False,0.0
random_2026-07-24T01:40:00+03:00,CRISP_CLASS_MAX,16,Favorable,12.5,False,0.0
random_2026-07-24T01:40:00+03:00,CRISP_CLASS_MAX,17,Favorable,12.5,False,0.0
random_2026-07-24T01:40:00+03:00,CRISP_CLASS_MAX,18,Favorable,12.5,False,0.0
random_2026-07-24T01:40:00+03:00,CRISP_CLASS_MAX,19,Favorable,12.5,False,0.0
random_2026-07-24T01:40:00+03:00,CRISP_CLASS_MAX,20,Favorable,12.5,False,0.0
random_2026-07-24T01:40:00+03:00,CRISP_CLASS_MAX,21,Favorable,12.5,False,0.0
random_2026-07-24T01:40:00+03:00,CRISP_CLASS_MAX,22,Favorable,12.5,False,0.0
random_2026-07-24T01:40:00+03:00,CRISP_CLASS_MAX,23,Favorable,12.5,False,0.0
random_2026-07-24T01:40:00+03:00,CRISP_CLASS_MAX,24,Favorable,12.5,False,0.0
random_2026-07-24T01:40:00+03:00,CRISP_CLASS_MAX,25,Favorable,12.5,False,0.0
random_2026-07-24T01:40:00+03:00,CRISP_CLASS_MAX,26,Favorable,12.5,False,0.0
random_2026-07-24T01:40:00+03:00,CRISP_CLASS_MAX,27,Favorable,12.5,False,0.0
random_2026-07-24T01:40:00+03:00,CRISP_CLASS_MAX,28,Favorable,12.5,False,0.0
random_2026-07-24T01:40:00+03:00,CRISP_CLASS_MAX,29,Favorable,12.5,False,0.0
random_2026-07-24T01:40:00+03:00,FUZZY_COMPONENT_MAX,0,Favorable,12.444029850746269,False,0.0
random_2026-07-24T01:40:00+03:00,FUZZY_COMPONENT_MAX,1,Favorable,12.444029850746269,False,0.0
random_2026-07-24T01:40:00+03:00,FUZZY_COMPONENT_MAX,2,Favorable,12.444029850746269,False,0.0
random_2026-07-24T01:40:00+03:00,FUZZY_COMPONENT_MAX,3,Favorable,12.444029850746269,False,0.0
random_2026-07-24T01:40:00+03:00,FUZZY_COMPONENT_MAX,4,Favorable,12.444029850746269,False,0.0
random_2026-07-24T01:40:00+03:00,FUZZY_COMPONENT_MAX,5,Favorable,12.444029850746269,False,0.0
random_2026-07-24T01:40:00+03:00,FUZZY_COMPONENT_MAX,6,Favorable,12.444029850746269,False,0.0
random_2026-07-24T01:40:00+03:00,FUZZY_COMPONENT_MAX,7,Favorable,12.444029850746269,False,0.0
random_2026-07-24T01:40:00+03:00,FUZZY_COMPONENT_MAX,8,Favorable,12.444029850746269,False,0.0
random_2026-07-24T01:40:00+03:00,FUZZY_COMPONENT_MAX,9,Favorable,12.444029850746269,False,0.0
random_2026-07-24T01:40:00+03:00,FUZZY_COMPONENT_MAX,10,Favorable,12.444029850746269,False,0.0
random_2026-07-24T01:40:00+03:00,FUZZY_COMPONENT_MAX,11,Favorable,12.444029850746269,False,0.0
random_2026-07-24T01:40:00+03:00,FUZZY_COMPONENT_MAX,12,Favorable,12.444029850746269,False,0.0
random_2026-07-24T01:40:00+03:00,FUZZY_COMPONENT_MAX,13,Favorable,12.444029850746269,False,0.0
random_2026-07-24T01:40:00+03:00,FUZZY_COMPONENT_MAX,14,Favorable,12.444029850746269,False,0.0
random_2026-07-24T01:40:00+03:00,FUZZY_COMPONENT_MAX,15,Favorable,12.444029850746269,False,0.0
random_2026-07-24T01:40:00+03:00,FUZZY_COMPONENT_MAX,16,Favorable,12.444029850746269,False,0.0
random_2026-07-24T01:40:00+03:00,FUZZY_COMPONENT_MAX,17,Favorable,12.444029850746269,False,0.0
random_2026-07-24T01:40:00+03:00,FUZZY_COMPONENT_MAX,18,Favorable,12.444029850746269,False,0.0
random_2026-07-24T01:40:00+03:00,FUZZY_COMPONENT_MAX,19,Favorable,12.444029850746269,False,0.0
random_2026-07-24T01:40:00+03:00,FUZZY_COMPONENT_MAX,20,Favorable,12.444029850746269,False,0.0
random_2026-07-24T01:40:00+03:00,FUZZY_COMPONENT_MAX,21,Favorable,12.444029850746269,False,0.0
random_2026-07-24T01:40:00+03:00,FUZZY_COMPONENT_MAX,22,Favorable,12.444029850746269,False,0.0
random_2026-07-24T01:40:00+03:00,FUZZY_COMPONENT_MAX,23,Favorable,12.444029850746269,False,0.0
random_2026-07-24T01:40:00+03:00,FUZZY_COMPONENT_MAX,24,Favorable,12.444029850746269,False,0.0
random_2026-07-24T01:40:00+03:00,FUZZY_COMPONENT_MAX,25,Favorable,12.444029850746269,False,0.0
random_2026-07-24T01:40:00+03:00,FUZZY_COMPONENT_MAX,26,Favorable,12.444029850746269,False,0.0
random_2026-07-24T01:40:00+03:00,FUZZY_COMPONENT_MAX,27,Favorable,12.444029850746269,False,0.0
random_2026-07-24T01:40:00+03:00,FUZZY_COMPONENT_MAX,28,Favorable,12.444029850746269,False,0.0
random_2026-07-24T01:40:00+03:00,FUZZY_COMPONENT_MAX,29,Favorable,12.444029850746269,False,0.0
random_2026-07-24T01:40:00+03:00,PROPOSED_HFIS,0,Favorable,12.444029850746269,False,0.0
random_2026-07-24T01:40:00+03:00,PROPOSED_HFIS,1,Favorable,12.444029850746269,False,0.0
random_2026-07-24T01:40:00+03:00,PROPOSED_HFIS,2,Favorable,12.444029850746269,False,0.0
random_2026-07-24T01:40:00+03:00,PROPOSED_HFIS,3,Favorable,12.444029850746269,False,0.0
random_2026-07-24T01:40:00+03:00,PROPOSED_HFIS,4,Favorable,12.444029850746269,False,0.0
random_2026-07-24T01:40:00+03:00,PROPOSED_HFIS,5,Favorable,12.444029850746269,False,0.0
random_2026-07-24T01:40:00+03:00,PROPOSED_HFIS,6,Favorable,12.444029850746269,False,0.0
random_2026-07-24T01:40:00+03:00,PROPOSED_HFIS,7,Favorable,12.444029850746269,False,0.0
random_2026-07-24T01:40:00+03:00,PROPOSED_HFIS,8,Favorable,12.444029850746269,False,0.0
random_2026-07-24T01:40:00+03:00,PROPOSED_HFIS,9,Favorable,12.444029850746269,False,0.0
random_2026-07-24T01:40:00+03:00,PROPOSED_HFIS,10,Favorable,12.444029850746269,False,0.0
random_2026-07-24T01:40:00+03:00,PROPOSED_HFIS,11,Favorable,12.444029850746269,False,0.0
random_2026-07-24T01:40:00+03:00,PROPOSED_HFIS,12,Favorable,12.444029850746269,False,0.0
random_2026-07-24T01:40:00+03:00,PROPOSED_HFIS,13,Favorable,12.444029850746269,False,0.0
random_2026-07-24T01:40:00+03:00,PROPOSED_HFIS,14,Favorable,12.444029850746269,False,0.0
random_2026-07-24T01:40:00+03:00,PROPOSED_HFIS,15,Favorable,12.444029850746269,False,0.0
random_2026-07-24T01:40:00+03:00,PROPOSED_HFIS,16,Favorable,12.444029850746269,False,0.0
random_2026-07-24T01:40:00+03:00,PROPOSED_HFIS,17,Favorable,12.444029850746269,False,0.0
random_2026-07-24T01:40:00+03:00,PROPOSED_HFIS,18,Favorable,12.444029850746269,False,0.0
random_2026-07-24T01:40:00+03:00,PROPOSED_HFIS,19,Favorable,12.444029850746269,False,0.0
random_2026-07-24T01:40:00+03:00,PROPOSED_HFIS,20,Favorable,12.444029850746269,False,0.0
random_2026-07-24T01:40:00+03:00,PROPOSED_HFIS,21,Favorable,12.444029850746269,False,0.0
random_2026-07-24T01:40:00+03:00,PROPOSED_HFIS,22,Favorable,12.444029850746269,False,0.0
random_2026-07-24T01:40:00+03:00,PROPOSED_HFIS,23,Favorable,12.444029850746269,False,0.0
random_2026-07-24T01:40:00+03:00,PROPOSED_HFIS,24,Favorable,12.444029850746269,False,0.0
random_2026-07-24T01:40:00+03:00,PROPOSED_HFIS,25,Favorable,12.444029850746269,False,0.0
random_2026-07-24T01:40:00+03:00,PROPOSED_HFIS,26,Favorable,12.444029850746269,False,0.0
random_2026-07-24T01:40:00+03:00,PROPOSED_HFIS,27,Favorable,12.444029850746269,False,0.0
random_2026-07-24T01:40:00+03:00,PROPOSED_HFIS,28,Favorable,12.444029850746269,False,0.0
random_2026-07-24T01:40:00+03:00,PROPOSED_HFIS,29,Favorable,12.444029850746269,False,0.0
random_2026-07-24T01:40:00+03:00,WEIGHTED_MEAN,0,Favorable,12.444029850746269,False,0.0
random_2026-07-24T01:40:00+03:00,WEIGHTED_MEAN,1,Favorable,12.444029850746269,False,0.0
random_2026-07-24T01:40:00+03:00,WEIGHTED_MEAN,2,Favorable,12.444029850746269,False,0.0
random_2026-07-24T01:40:00+03:00,WEIGHTED_MEAN,3,Favorable,12.444029850746269,False,0.0
random_2026-07-24T01:40:00+03:00,WEIGHTED_MEAN,4,Favorable,12.444029850746269,False,0.0
random_2026-07-24T01:40:00+03:00,WEIGHTED_MEAN,5,Favorable,12.444029850746269,False,0.0
random_2026-07-24T01:40:00+03:00,WEIGHTED_MEAN,6,Favorable,12.444029850746269,False,0.0
random_2026-07-24T01:40:00+03:00,WEIGHTED_MEAN,7,Favorable,12.444029850746269,False,0.0
random_2026-07-24T01:40:00+03:00,WEIGHTED_MEAN,8,Favorable,12.444029850746269,False,0.0
random_2026-07-24T01:40:00+03:00,WEIGHTED_MEAN,9,Favorable,12.444029850746269,False,0.0
random_2026-07-24T01:40:00+03:00,WEIGHTED_MEAN,10,Favorable,12.444029850746269,False,0.0
random_2026-07-24T01:40:00+03:00,WEIGHTED_MEAN,11,Favorable,12.444029850746269,False,0.0
random_2026-07-24T01:40:00+03:00,WEIGHTED_MEAN,12,Favorable,12.444029850746269,False,0.0
random_2026-07-24T01:40:00+03:00,WEIGHTED_MEAN,13,Favorable,12.444029850746269,False,0.0
random_2026-07-24T01:40:00+03:00,WEIGHTED_MEAN,14,Favorable,12.444029850746269,False,0.0
random_2026-07-24T01:40:00+03:00,WEIGHTED_MEAN,15,Favorable,12.444029850746269,False,0.0
random_2026-07-24T01:40:00+03:00,WEIGHTED_MEAN,16,Favorable,12.444029850746269,False,0.0
random_2026-07-24T01:40:00+03:00,WEIGHTED_MEAN,17,Favorable,12.444029850746269,False,0.0
random_2026-07-24T01:40:00+03:00,WEIGHTED_MEAN,18,Favorable,12.444029850746269,False,0.0
random_2026-07-24T01:40:00+03:00,WEIGHTED_MEAN,19,Favorable,12.444029850746269,False,0.0
random_2026-07-24T01:40:00+03:00,WEIGHTED_MEAN,20,Favorable,12.444029850746269,False,0.0
random_2026-07-24T01:40:00+03:00,WEIGHTED_MEAN,21,Favorable,12.444029850746269,False,0.0
random_2026-07-24T01:40:00+03:00,WEIGHTED_MEAN,22,Favorable,12.444029850746269,False,0.0
random_2026-07-24T01:40:00+03:00,WEIGHTED_MEAN,23,Favorable,12.444029850746269,False,0.0
random_2026-07-24T01:40:00+03:00,WEIGHTED_MEAN,24,Favorable,12.444029850746269,False,0.0
random_2026-07-24T01:40:00+03:00,WEIGHTED_MEAN,25,Favorable,12.444029850746269,False,0.0
random_2026-07-24T01:40:00+03:00,WEIGHTED_MEAN,26,Favorable,12.444029850746269,False,0.0
random_2026-07-24T01:40:00+03:00,WEIGHTED_MEAN,27,Favorable,12.444029850746269,False,0.0
random_2026-07-24T01:40:00+03:00,WEIGHTED_MEAN,28,Favorable,12.444029850746269,False,0.0
random_2026-07-24T01:40:00+03:00,WEIGHTED_MEAN,29,Favorable,12.444029850746269,False,0.0
random_2026-07-26T04:35:00+03:00,CRISP_CLASS_MAX,0,Acceptable,37.5,True,25.0
random_2026-07-26T04:35:00+03:00,CRISP_CLASS_MAX,1,Acceptable,37.5,True,25.0
random_2026-07-26T04:35:00+03:00,CRISP_CLASS_MAX,2,Acceptable,37.5,True,25.0
random_2026-07-26T04:35:00+03:00,CRISP_CLASS_MAX,3,Favorable,12.5,False,0.0
random_2026-07-26T04:35:00+03:00,CRISP_CLASS_MAX,4,Favorable,12.5,False,0.0
random_2026-07-26T04:35:00+03:00,CRISP_CLASS_MAX,5,Favorable,12.5,False,0.0
random_2026-07-26T04:35:00+03:00,CRISP_CLASS_MAX,6,Favorable,12.5,False,0.0
random_2026-07-26T04:35:00+03:00,CRISP_CLASS_MAX,7,Favorable,12.5,False,0.0
random_2026-07-26T04:35:00+03:00,CRISP_CLASS_MAX,8,Favorable,12.5,False,0.0
random_2026-07-26T04:35:00+03:00,CRISP_CLASS_MAX,9,Favorable,12.5,False,0.0
random_2026-07-26T04:35:00+03:00,CRISP_CLASS_MAX,10,Acceptable,37.5,True,25.0
random_2026-07-26T04:35:00+03:00,CRISP_CLASS_MAX,11,Acceptable,37.5,True,25.0
random_2026-07-26T04:35:00+03:00,CRISP_CLASS_MAX,12,Favorable,12.5,False,0.0
random_2026-07-26T04:35:00+03:00,CRISP_CLASS_MAX,13,Favorable,12.5,False,0.0
random_2026-07-26T04:35:00+03:00,CRISP_CLASS_MAX,14,Favorable,12.5,False,0.0
random_2026-07-26T04:35:00+03:00,CRISP_CLASS_MAX,15,Favorable,12.5,False,0.0
random_2026-07-26T04:35:00+03:00,CRISP_CLASS_MAX,16,Acceptable,37.5,True,25.0
random_2026-07-26T04:35:00+03:00,CRISP_CLASS_MAX,17,Favorable,12.5,False,0.0
random_2026-07-26T04:35:00+03:00,CRISP_CLASS_MAX,18,Favorable,12.5,False,0.0
random_2026-07-26T04:35:00+03:00,CRISP_CLASS_MAX,19,Acceptable,37.5,True,25.0
random_2026-07-26T04:35:00+03:00,CRISP_CLASS_MAX,20,Favorable,12.5,False,0.0
random_2026-07-26T04:35:00+03:00,CRISP_CLASS_MAX,21,Favorable,12.5,False,0.0
random_2026-07-26T04:35:00+03:00,CRISP_CLASS_MAX,22,Favorable,12.5,False,0.0
random_2026-07-26T04:35:00+03:00,CRISP_CLASS_MAX,23,Favorable,12.5,False,0.0
random_2026-07-26T04:35:00+03:00,CRISP_CLASS_MAX,24,Favorable,12.5,False,0.0
random_2026-07-26T04:35:00+03:00,CRISP_CLASS_MAX,25,Favorable,12.5,False,0.0
random_2026-07-26T04:35:00+03:00,CRISP_CLASS_MAX,26,Favorable,12.5,False,0.0
random_2026-07-26T04:35:00+03:00,CRISP_CLASS_MAX,27,Favorable,12.5,False,0.0
random_2026-07-26T04:35:00+03:00,CRISP_CLASS_MAX,28,Favorable,12.5,False,0.0
random_2026-07-26T04:35:00+03:00,CRISP_CLASS_MAX,29,Favorable,12.5,False,0.0
random_2026-07-26T04:35:00+03:00,FUZZY_COMPONENT_MAX,0,Acceptable,28.035029081751407,True,15.590999231005139
random_2026-07-26T04:35:00+03:00,FUZZY_COMPONENT_MAX,1,Acceptable,25.893292111771316,True,13.449262261025048
random_2026-07-26T04:35:00+03:00,FUZZY_COMPONENT_MAX,2,Acceptable,28.507203548201698,True,16.06317369745543
random_2026-07-26T04:35:00+03:00,FUZZY_COMPONENT_MAX,3,Favorable,15.537527103544182,False,3.0934972527979134
random_2026-07-26T04:35:00+03:00,FUZZY_COMPONENT_MAX,4,Favorable,17.970444352941403,False,5.526414502195134
random_2026-07-26T04:35:00+03:00,FUZZY_COMPONENT_MAX,5,Favorable,21.92154593968875,False,9.477516088942483
random_2026-07-26T04:35:00+03:00,FUZZY_COMPONENT_MAX,6,Favorable,12.444029850746269,False,0.0
random_2026-07-26T04:35:00+03:00,FUZZY_COMPONENT_MAX,7,Favorable,24.589659947749134,False,12.145630097002865
random_2026-07-26T04:35:00+03:00,FUZZY_COMPONENT_MAX,8,Favorable,15.258509905795364,False,2.8144800550490956
random_2026-07-26T04:35:00+03:00,FUZZY_COMPONENT_MAX,9,Favorable,12.444029850746269,False,0.0
random_2026-07-26T04:35:00+03:00,FUZZY_COMPONENT_MAX,10,Acceptable,27.149923281752855,True,14.705893431006587
random_2026-07-26T04:35:00+03:00,FUZZY_COMPONENT_MAX,11,Acceptable,27.269945947804327,True,14.825916097058059
random_2026-07-26T04:35:00+03:00,FUZZY_COMPONENT_MAX,12,Favorable,18.957477157853244,False,6.513447307106976
random_2026-07-26T04:35:00+03:00,FUZZY_COMPONENT_MAX,13,Favorable,12.444029850746269,False,0.0
random_2026-07-26T04:35:00+03:00,FUZZY_COMPONENT_MAX,14,Favorable,12.444029850746269,False,0.0
random_2026-07-26T04:35:00+03:00,FUZZY_COMPONENT_MAX,15,Favorable,12.444029850746269,False,0.0
random_2026-07-26T04:35:00+03:00,FUZZY_COMPONENT_MAX,16,Acceptable,25.725365984785732,True,13.281336134039464
random_2026-07-26T04:35:00+03:00,FUZZY_COMPONENT_MAX,17,Favorable,12.444029850746269,False,0.0
random_2026-07-26T04:35:00+03:00,FUZZY_COMPONENT_MAX,18,Favorable,12.444029850746269,False,0.0
random_2026-07-26T04:35:00+03:00,FUZZY_COMPONENT_MAX,19,Acceptable,28.43631473383463,True,15.992284883088363
random_2026-07-26T04:35:00+03:00,FUZZY_COMPONENT_MAX,20,Favorable,12.444029850746269,False,0.0
random_2026-07-26T04:35:00+03:00,FUZZY_COMPONENT_MAX,21,Favorable,12.444029850746269,False,0.0
random_2026-07-26T04:35:00+03:00,FUZZY_COMPONENT_MAX,22,Favorable,12.444029850746269,False,0.0
random_2026-07-26T04:35:00+03:00,FUZZY_COMPONENT_MAX,23,Favorable,18.517308499204542,False,6.073278648458274
random_2026-07-26T04:35:00+03:00,FUZZY_COMPONENT_MAX,24,Favorable,12.444029850746269,False,0.0
random_2026-07-26T04:35:00+03:00,FUZZY_COMPONENT_MAX,25,Acceptable,25.178190540481367,True,12.734160689735099
random_2026-07-26T04:35:00+03:00,FUZZY_COMPONENT_MAX,26,Favorable,12.444029850746269,False,0.0
random_2026-07-26T04:35:00+03:00,FUZZY_COMPONENT_MAX,27,Favorable,17.86676573740343,False,5.422735886657161
random_2026-07-26T04:35:00+03:00,FUZZY_COMPONENT_MAX,28,Favorable,12.444029850746269,False,0.0
random_2026-07-26T04:35:00+03:00,FUZZY_COMPONENT_MAX,29,Favorable,24.202658419331257,False,11.758628568584989
random_2026-07-26T04:35:00+03:00,PROPOSED_HFIS,0,Acceptable,28.035029081751407,True,15.590999231005139
random_2026-07-26T04:35:00+03:00,PROPOSED_HFIS,1,Acceptable,25.893292111771316,True,13.449262261025048
random_2026-07-26T04:35:00+03:00,PROPOSED_HFIS,2,Acceptable,28.507203548201698,True,16.06317369745543
random_2026-07-26T04:35:00+03:00,PROPOSED_HFIS,3,Favorable,15.537527103544182,False,3.0934972527979134
random_2026-07-26T04:35:00+03:00,PROPOSED_HFIS,4,Favorable,17.970444352941403,False,5.526414502195134
random_2026-07-26T04:35:00+03:00,PROPOSED_HFIS,5,Favorable,21.92154593968875,False,9.477516088942483
random_2026-07-26T04:35:00+03:00,PROPOSED_HFIS,6,Favorable,12.444029850746269,False,0.0
random_2026-07-26T04:35:00+03:00,PROPOSED_HFIS,7,Favorable,24.589659947749134,False,12.145630097002865
random_2026-07-26T04:35:00+03:00,PROPOSED_HFIS,8,Favorable,15.258509905795364,False,2.8144800550490956
random_2026-07-26T04:35:00+03:00,PROPOSED_HFIS,9,Favorable,12.444029850746269,False,0.0
random_2026-07-26T04:35:00+03:00,PROPOSED_HFIS,10,Acceptable,27.149923281752855,True,14.705893431006587
random_2026-07-26T04:35:00+03:00,PROPOSED_HFIS,11,Acceptable,27.269945947804327,True,14.825916097058059
random_2026-07-26T04:35:00+03:00,PROPOSED_HFIS,12,Favorable,18.957477157853244,False,6.513447307106976
random_2026-07-26T04:35:00+03:00,PROPOSED_HFIS,13,Favorable,12.444029850746269,False,0.0
random_2026-07-26T04:35:00+03:00,PROPOSED_HFIS,14,Favorable,12.444029850746269,False,0.0
random_2026-07-26T04:35:00+03:00,PROPOSED_HFIS,15,Favorable,12.444029850746269,False,0.0
random_2026-07-26T04:35:00+03:00,PROPOSED_HFIS,16,Acceptable,25.725365984785732,True,13.281336134039464
random_2026-07-26T04:35:00+03:00,PROPOSED_HFIS,17,Favorable,12.444029850746269,False,0.0
random_2026-07-26T04:35:00+03:00,PROPOSED_HFIS,18,Favorable,12.444029850746269,False,0.0
random_2026-07-26T04:35:00+03:00,PROPOSED_HFIS,19,Acceptable,28.43631473383463,True,15.992284883088363
random_2026-07-26T04:35:00+03:00,PROPOSED_HFIS,20,Favorable,12.444029850746269,False,0.0
random_2026-07-26T04:35:00+03:00,PROPOSED_HFIS,21,Favorable,12.444029850746269,False,0.0
random_2026-07-26T04:35:00+03:00,PROPOSED_HFIS,22,Favorable,12.444029850746269,False,0.0
random_2026-07-26T04:35:00+03:00,PROPOSED_HFIS,23,Favorable,18.517308499204542,False,6.073278648458274
random_2026-07-26T04:35:00+03:00,PROPOSED_HFIS,24,Favorable,12.444029850746269,False,0.0
random_2026-07-26T04:35:00+03:00,PROPOSED_HFIS,25,Acceptable,25.178190540481367,True,12.734160689735099
random_2026-07-26T04:35:00+03:00,PROPOSED_HFIS,26,Favorable,12.444029850746269,False,0.0
random_2026-07-26T04:35:00+03:00,PROPOSED_HFIS,27,Favorable,17.86676573740343,False,5.422735886657161
random_2026-07-26T04:35:00+03:00,PROPOSED_HFIS,28,Favorable,12.444029850746269,False,0.0
random_2026-07-26T04:35:00+03:00,PROPOSED_HFIS,29,Favorable,24.202658419331257,False,11.758628568584989
random_2026-07-26T04:35:00+03:00,WEIGHTED_MEAN,0,Favorable,17.641029594414647,False,5.196999743668378
random_2026-07-26T04:35:00+03:00,WEIGHTED_MEAN,1,Favorable,16.92711727108795,False,4.483087420341683
random_2026-07-26T04:35:00+03:00,WEIGHTED_MEAN,2,Favorable,17.798421083231414,False,5.3543912324851455
random_2026-07-26T04:35:00+03:00,WEIGHTED_MEAN,3,Favorable,14.373083919430613,False,1.9290540686843443
random_2026-07-26T04:35:00+03:00,WEIGHTED_MEAN,4,Favorable,14.286168018144645,False,1.8421381673983763
random_2026-07-26T04:35:00+03:00,WEIGHTED_MEAN,5,Favorable,15.603201880393764,False,3.159172029647495
random_2026-07-26T04:35:00+03:00,WEIGHTED_MEAN,6,Favorable,12.444029850746269,False,0.0
random_2026-07-26T04:35:00+03:00,WEIGHTED_MEAN,7,Favorable,16.49257321641389,False,4.048543365667623
random_2026-07-26T04:35:00+03:00,WEIGHTED_MEAN,8,Favorable,13.382189869095967,False,0.9381600183496985
random_2026-07-26T04:35:00+03:00,WEIGHTED_MEAN,9,Favorable,12.444029850746269,False,0.0
random_2026-07-26T04:35:00+03:00,WEIGHTED_MEAN,10,Favorable,17.345994327748464,False,4.9019644770021955
random_2026-07-26T04:35:00+03:00,WEIGHTED_MEAN,11,Favorable,17.386001883098956,False,4.9419720323526874
random_2026-07-26T04:35:00+03:00,WEIGHTED_MEAN,12,Favorable,14.615178953115262,False,2.171149102368993
random_2026-07-26T04:35:00+03:00,WEIGHTED_MEAN,13,Favorable,12.444029850746269,False,0.0
random_2026-07-26T04:35:00+03:00,WEIGHTED_MEAN,14,Favorable,12.444029850746269,False,0.0
random_2026-07-26T04:35:00+03:00,WEIGHTED_MEAN,15,Favorable,12.444029850746269,False,0.0
random_2026-07-26T04:35:00+03:00,WEIGHTED_MEAN,16,Favorable,16.87114189542609,False,4.42711204467982
random_2026-07-26T04:35:00+03:00,WEIGHTED_MEAN,17,Favorable,12.444029850746269,False,0.0
random_2026-07-26T04:35:00+03:00,WEIGHTED_MEAN,18,Favorable,12.444029850746269,False,0.0
random_2026-07-26T04:35:00+03:00,WEIGHTED_MEAN,19,Favorable,17.774791478442392,False,5.330761627696123
random_2026-07-26T04:35:00+03:00,WEIGHTED_MEAN,20,Favorable,12.444029850746269,False,0.0
random_2026-07-26T04:35:00+03:00,WEIGHTED_MEAN,21,Favorable,12.444029850746269,False,0.0
random_2026-07-26T04:35:00+03:00,WEIGHTED_MEAN,22,Favorable,12.444029850746269,False,0.0
random_2026-07-26T04:35:00+03:00,WEIGHTED_MEAN,23,Favorable,14.577035362612248,False,2.1330055118659796
random_2026-07-26T04:35:00+03:00,WEIGHTED_MEAN,24,Favorable,12.444029850746269,False,0.0
random_2026-07-26T04:35:00+03:00,WEIGHTED_MEAN,25,Favorable,16.688750080657968,False,4.2447202299116995
random_2026-07-26T04:35:00+03:00,WEIGHTED_MEAN,26,Favorable,12.444029850746269,False,0.0
random_2026-07-26T04:35:00+03:00,WEIGHTED_MEAN,27,Favorable,15.367371242779742,False,2.923341392033473
random_2026-07-26T04:35:00+03:00,WEIGHTED_MEAN,28,Favorable,12.444029850746269,False,0.0
random_2026-07-26T04:35:00+03:00,WEIGHTED_MEAN,29,Favorable,16.363572706941266,False,3.9195428561949974
random_2026-07-29T02:00:00+03:00,CRISP_CLASS_MAX,0,Favorable,12.5,False,0.0
random_2026-07-29T02:00:00+03:00,CRISP_CLASS_MAX,1,Acceptable,37.5,True,25.0
random_2026-07-29T02:00:00+03:00,CRISP_CLASS_MAX,2,Favorable,12.5,False,0.0
random_2026-07-29T02:00:00+03:00,CRISP_CLASS_MAX,3,Favorable,12.5,False,0.0
random_2026-07-29T02:00:00+03:00,CRISP_CLASS_MAX,4,Favorable,12.5,False,0.0
random_2026-07-29T02:00:00+03:00,CRISP_CLASS_MAX,5,Favorable,12.5,False,0.0
random_2026-07-29T02:00:00+03:00,CRISP_CLASS_MAX,6,Acceptable,37.5,True,25.0
random_2026-07-29T02:00:00+03:00,CRISP_CLASS_MAX,7,Acceptable,37.5,True,25.0
random_2026-07-29T02:00:00+03:00,CRISP_CLASS_MAX,8,Favorable,12.5,False,0.0
random_2026-07-29T02:00:00+03:00,CRISP_CLASS_MAX,9,Favorable,12.5,False,0.0
random_2026-07-29T02:00:00+03:00,CRISP_CLASS_MAX,10,Favorable,12.5,False,0.0
random_2026-07-29T02:00:00+03:00,CRISP_CLASS_MAX,11,Favorable,12.5,False,0.0
random_2026-07-29T02:00:00+03:00,CRISP_CLASS_MAX,12,Favorable,12.5,False,0.0
random_2026-07-29T02:00:00+03:00,CRISP_CLASS_MAX,13,Favorable,12.5,False,0.0
random_2026-07-29T02:00:00+03:00,CRISP_CLASS_MAX,14,Favorable,12.5,False,0.0
random_2026-07-29T02:00:00+03:00,CRISP_CLASS_MAX,15,Favorable,12.5,False,0.0
random_2026-07-29T02:00:00+03:00,CRISP_CLASS_MAX,16,Favorable,12.5,False,0.0
random_2026-07-29T02:00:00+03:00,CRISP_CLASS_MAX,17,Favorable,12.5,False,0.0
random_2026-07-29T02:00:00+03:00,CRISP_CLASS_MAX,18,Acceptable,37.5,True,25.0
random_2026-07-29T02:00:00+03:00,CRISP_CLASS_MAX,19,Acceptable,37.5,True,25.0
random_2026-07-29T02:00:00+03:00,CRISP_CLASS_MAX,20,Favorable,12.5,False,0.0
random_2026-07-29T02:00:00+03:00,CRISP_CLASS_MAX,21,Acceptable,37.5,True,25.0
random_2026-07-29T02:00:00+03:00,CRISP_CLASS_MAX,22,Favorable,12.5,False,0.0
random_2026-07-29T02:00:00+03:00,CRISP_CLASS_MAX,23,Acceptable,37.5,True,25.0
random_2026-07-29T02:00:00+03:00,CRISP_CLASS_MAX,24,Favorable,12.5,False,0.0
random_2026-07-29T02:00:00+03:00,CRISP_CLASS_MAX,25,Favorable,12.5,False,0.0
random_2026-07-29T02:00:00+03:00,CRISP_CLASS_MAX,26,Favorable,12.5,False,0.0
random_2026-07-29T02:00:00+03:00,CRISP_CLASS_MAX,27,Favorable,12.5,False,0.0
random_2026-07-29T02:00:00+03:00,CRISP_CLASS_MAX,28,Favorable,12.5,False,0.0
random_2026-07-29T02:00:00+03:00,CRISP_CLASS_MAX,29,Favorable,12.5,False,0.0
random_2026-07-29T02:00:00+03:00,FUZZY_COMPONENT_MAX,0,Favorable,12.73044105733087,False,0.2864112065846012
random_2026-07-29T02:00:00+03:00,FUZZY_COMPONENT_MAX,1,Acceptable,29.427976929486363,True,16.983947078740094
random_2026-07-29T02:00:00+03:00,FUZZY_COMPONENT_MAX,2,Favorable,12.444029850746269,False,0.0
random_2026-07-29T02:00:00+03:00,FUZZY_COMPONENT_MAX,3,Favorable,16.220136673165214,False,3.776106822418946
random_2026-07-29T02:00:00+03:00,FUZZY_COMPONENT_MAX,4,Favorable,15.04739592381541,False,2.6033660730691413
random_2026-07-29T02:00:00+03:00,FUZZY_COMPONENT_MAX,5,Favorable,15.569018434229747,False,3.1249885834834785
random_2026-07-29T02:00:00+03:00,FUZZY_COMPONENT_MAX,6,Acceptable,31.687774280122383,True,19.243744429376115
random_2026-07-29T02:00:00+03:00,FUZZY_COMPONENT_MAX,7,Acceptable,31.583297241479027,True,19.13926739073276
random_2026-07-29T02:00:00+03:00,FUZZY_COMPONENT_MAX,8,Favorable,14.200082533462087,False,1.7560526827158185
random_2026-07-29T02:00:00+03:00,FUZZY_COMPONENT_MAX,9,Favorable,23.887372299688888,False,11.44334244894262
random_2026-07-29T02:00:00+03:00,FUZZY_COMPONENT_MAX,10,Favorable,12.444029850746269,False,0.0
random_2026-07-29T02:00:00+03:00,FUZZY_COMPONENT_MAX,11,Favorable,12.444029850746269,False,0.0
random_2026-07-29T02:00:00+03:00,FUZZY_COMPONENT_MAX,12,Favorable,12.444029850746269,False,0.0
random_2026-07-29T02:00:00+03:00,FUZZY_COMPONENT_MAX,13,Favorable,23.417887293069455,False,10.973857442323187
random_2026-07-29T02:00:00+03:00,FUZZY_COMPONENT_MAX,14,Favorable,12.444029850746269,False,0.0
random_2026-07-29T02:00:00+03:00,FUZZY_COMPONENT_MAX,15,Favorable,12.444029850746269,False,0.0
random_2026-07-29T02:00:00+03:00,FUZZY_COMPONENT_MAX,16,Favorable,14.242946469777609,False,1.7989166190313401
random_2026-07-29T02:00:00+03:00,FUZZY_COMPONENT_MAX,17,Favorable,13.78784536128642,False,1.3438155105401517
random_2026-07-29T02:00:00+03:00,FUZZY_COMPONENT_MAX,18,Acceptable,26.708997712580146,True,14.264967861833878
random_2026-07-29T02:00:00+03:00,FUZZY_COMPONENT_MAX,19,Acceptable,32.382412293346675,True,19.938382442600407
random_2026-07-29T02:00:00+03:00,FUZZY_COMPONENT_MAX,20,Favorable,12.444029850746269,False,0.0
random_2026-07-29T02:00:00+03:00,FUZZY_COMPONENT_MAX,21,Acceptable,33.31456639129882,True,20.87053654055255
random_2026-07-29T02:00:00+03:00,FUZZY_COMPONENT_MAX,22,Favorable,12.444029850746269,False,0.0
random_2026-07-29T02:00:00+03:00,FUZZY_COMPONENT_MAX,23,Acceptable,27.52896875550747,True,15.084938904761202
random_2026-07-29T02:00:00+03:00,FUZZY_COMPONENT_MAX,24,Favorable,12.444029850746269,False,0.0
random_2026-07-29T02:00:00+03:00,FUZZY_COMPONENT_MAX,25,Favorable,12.444029850746269,False,0.0
random_2026-07-29T02:00:00+03:00,FUZZY_COMPONENT_MAX,26,Favorable,13.985055352543046,False,1.5410255017967778
random_2026-07-29T02:00:00+03:00,FUZZY_COMPONENT_MAX,27,Favorable,12.444029850746269,False,0.0
random_2026-07-29T02:00:00+03:00,FUZZY_COMPONENT_MAX,28,Favorable,17.369102573400795,False,4.925072722654527
random_2026-07-29T02:00:00+03:00,FUZZY_COMPONENT_MAX,29,Favorable,22.89796677697659,False,10.453936926230323
random_2026-07-29T02:00:00+03:00,PROPOSED_HFIS,0,Favorable,12.73044105733087,False,0.2864112065846012
random_2026-07-29T02:00:00+03:00,PROPOSED_HFIS,1,Acceptable,29.427976929486363,True,16.983947078740094
random_2026-07-29T02:00:00+03:00,PROPOSED_HFIS,2,Favorable,12.444029850746269,False,0.0
random_2026-07-29T02:00:00+03:00,PROPOSED_HFIS,3,Favorable,16.220136673165214,False,3.776106822418946
random_2026-07-29T02:00:00+03:00,PROPOSED_HFIS,4,Favorable,15.04739592381541,False,2.6033660730691413
random_2026-07-29T02:00:00+03:00,PROPOSED_HFIS,5,Favorable,15.569018434229747,False,3.1249885834834785
random_2026-07-29T02:00:00+03:00,PROPOSED_HFIS,6,Acceptable,31.687774280122383,True,19.243744429376115
random_2026-07-29T02:00:00+03:00,PROPOSED_HFIS,7,Acceptable,31.583297241479027,True,19.13926739073276
random_2026-07-29T02:00:00+03:00,PROPOSED_HFIS,8,Favorable,14.200082533462087,False,1.7560526827158185
random_2026-07-29T02:00:00+03:00,PROPOSED_HFIS,9,Favorable,23.887372299688888,False,11.44334244894262
random_2026-07-29T02:00:00+03:00,PROPOSED_HFIS,10,Favorable,12.444029850746269,False,0.0
random_2026-07-29T02:00:00+03:00,PROPOSED_HFIS,11,Favorable,12.444029850746269,False,0.0
random_2026-07-29T02:00:00+03:00,PROPOSED_HFIS,12,Favorable,12.444029850746269,False,0.0
random_2026-07-29T02:00:00+03:00,PROPOSED_HFIS,13,Favorable,23.417887293069455,False,10.973857442323187
random_2026-07-29T02:00:00+03:00,PROPOSED_HFIS,14,Favorable,12.444029850746269,False,0.0
random_2026-07-29T02:00:00+03:00,PROPOSED_HFIS,15,Favorable,12.444029850746269,False,0.0
random_2026-07-29T02:00:00+03:00,PROPOSED_HFIS,16,Favorable,14.242946469777609,False,1.7989166190313401
random_2026-07-29T02:00:00+03:00,PROPOSED_HFIS,17,Favorable,13.78784536128642,False,1.3438155105401517
random_2026-07-29T02:00:00+03:00,PROPOSED_HFIS,18,Acceptable,26.708997712580146,True,14.264967861833878
random_2026-07-29T02:00:00+03:00,PROPOSED_HFIS,19,Acceptable,32.382412293346675,True,19.938382442600407
random_2026-07-29T02:00:00+03:00,PROPOSED_HFIS,20,Favorable,12.444029850746269,False,0.0
random_2026-07-29T02:00:00+03:00,PROPOSED_HFIS,21,Acceptable,33.31456639129882,True,20.87053654055255
random_2026-07-29T02:00:00+03:00,PROPOSED_HFIS,22,Favorable,12.444029850746269,False,0.0
random_2026-07-29T02:00:00+03:00,PROPOSED_HFIS,23,Acceptable,27.52896875550747,True,15.084938904761202
random_2026-07-29T02:00:00+03:00,PROPOSED_HFIS,24,Favorable,12.444029850746269,False,0.0
random_2026-07-29T02:00:00+03:00,PROPOSED_HFIS,25,Favorable,12.444029850746269,False,0.0
random_2026-07-29T02:00:00+03:00,PROPOSED_HFIS,26,Favorable,13.985055352543046,False,1.5410255017967778
random_2026-07-29T02:00:00+03:00,PROPOSED_HFIS,27,Favorable,12.444029850746269,False,0.0
random_2026-07-29T02:00:00+03:00,PROPOSED_HFIS,28,Favorable,17.369102573400795,False,4.925072722654527
random_2026-07-29T02:00:00+03:00,PROPOSED_HFIS,29,Favorable,22.89796677697659,False,10.453936926230323
random_2026-07-29T02:00:00+03:00,WEIGHTED_MEAN,0,Favorable,12.539500252941137,False,0.09547040219486824
random_2026-07-29T02:00:00+03:00,WEIGHTED_MEAN,1,Favorable,18.105345543659634,False,5.661315692913366
random_2026-07-29T02:00:00+03:00,WEIGHTED_MEAN,2,Favorable,12.444029850746269,False,0.0
random_2026-07-29T02:00:00+03:00,WEIGHTED_MEAN,3,Favorable,13.702732124885918,False,1.2587022741396492
random_2026-07-29T02:00:00+03:00,WEIGHTED_MEAN,4,Favorable,13.311818541769314,False,0.8677886910230459
random_2026-07-29T02:00:00+03:00,WEIGHTED_MEAN,5,Favorable,13.485692711907427,False,1.041662861161159
random_2026-07-29T02:00:00+03:00,WEIGHTED_MEAN,6,Favorable,18.858611327204972,False,6.414581476458704
random_2026-07-29T02:00:00+03:00,WEIGHTED_MEAN,7,Favorable,18.82378564765719,False,6.379755796910921
random_2026-07-29T02:00:00+03:00,WEIGHTED_MEAN,8,Favorable,13.029380744984875,False,0.5853508942386068
random_2026-07-29T02:00:00+03:00,WEIGHTED_MEAN,9,Favorable,16.258477333727143,False,3.8144474829808743
random_2026-07-29T02:00:00+03:00,WEIGHTED_MEAN,10,Favorable,12.444029850746269,False,0.0
random_2026-07-29T02:00:00+03:00,WEIGHTED_MEAN,11,Favorable,12.444029850746269,False,0.0
random_2026-07-29T02:00:00+03:00,WEIGHTED_MEAN,12,Favorable,12.444029850746269,False,0.0
random_2026-07-29T02:00:00+03:00,WEIGHTED_MEAN,13,Favorable,16.101982331520663,False,3.6579524807743944
random_2026-07-29T02:00:00+03:00,WEIGHTED_MEAN,14,Favorable,12.444029850746269,False,0.0
random_2026-07-29T02:00:00+03:00,WEIGHTED_MEAN,15,Favorable,12.444029850746269,False,0.0
random_2026-07-29T02:00:00+03:00,WEIGHTED_MEAN,16,Favorable,13.043668723756715,False,0.5996388730104467
random_2026-07-29T02:00:00+03:00,WEIGHTED_MEAN,17,Favorable,12.891968354259653,False,0.4479385035133845
random_2026-07-29T02:00:00+03:00,WEIGHTED_MEAN,18,Favorable,17.199019138024227,False,4.754989287277958
random_2026-07-29T02:00:00+03:00,WEIGHTED_MEAN,19,Favorable,19.09015733161307,False,6.646127480866802
random_2026-07-29T02:00:00+03:00,WEIGHTED_MEAN,20,Favorable,12.444029850746269,False,0.0
random_2026-07-29T02:00:00+03:00,WEIGHTED_MEAN,21,Favorable,19.400875364263786,False,6.956845513517518
random_2026-07-29T02:00:00+03:00,WEIGHTED_MEAN,22,Favorable,12.444029850746269,False,0.0
random_2026-07-29T02:00:00+03:00,WEIGHTED_MEAN,23,Favorable,17.472342819,False,5.028312968253733
random_2026-07-29T02:00:00+03:00,WEIGHTED_MEAN,24,Favorable,12.444029850746269,False,0.0
random_2026-07-29T02:00:00+03:00,WEIGHTED_MEAN,25,Favorable,12.444029850746269,False,0.0
random_2026-07-29T02:00:00+03:00,WEIGHTED_MEAN,26,Favorable,12.95770501801186,False,0.5136751672655908
random_2026-07-29T02:00:00+03:00,WEIGHTED_MEAN,27,Favorable,12.444029850746269,False,0.0
random_2026-07-29T02:00:00+03:00,WEIGHTED_MEAN,28,Favorable,14.085720758297777,False,1.6416909075515083
random_2026-07-29T02:00:00+03:00,WEIGHTED_MEAN,29,Favorable,15.928675492823041,False,3.4846456420767726
